contrast	gene	mean_diff	pvalue	qvalue	tool	runtime_s	peak_rss_mb
PR2-PR1	KLK14	0.4916099999999999	1.46749034499e-05	0.0215574331680115	atman	0.103	
PR2-PR1	FEN1	0.3506874999999999	1.12879325746e-05	0.0215574331680115	atman	0.103	
PR2-PR1	CA6	0.4897299999999999	6.29702027963e-05	0.0616688186052066	atman	0.103	
PR2-PR1	DNER	0.51463	0.0001036366874869	0.0649910792629031	atman	0.103	
PR2-PR1	MMP7	0.5106333333333333	0.0001106042873773	0.0649910792629031	atman	0.103	
PR2-PR1	MAPRE3	0.4994777777777778	0.000229117221522	0.0990781174362627	atman	0.103	
PR2-PR1	NCR3LG1	0.3186	0.0002360608652327	0.0990781174362627	atman	0.103	
PR2-PR1	MIA	0.3031888888888889	0.0003892124923334	0.1429382878094703	atman	0.103	
PR2-PR1	CEACAM5	0.82865	0.0004477407558514	0.1461624822990496	atman	0.103	
PR2-PR1	RNF149	0.2075222222222222	0.0006493838895222	0.1907889867416495	atman	0.103	
PR2-PR1	CADPS	0.5663999999999999	0.0008940460678747	0.2275155400725977	atman	0.103	
PR2-PR1	C1QTNF1	-0.1727899999999999	0.000929267011869	0.2275155400725977	atman	0.103	
PR2-PR1	PALM2	0.4133800000000001	0.001986766209171	0.4490091632726556	atman	0.103	
PR2-PR1	LYPD3	0.3537222222222221	0.002557208642117	0.53664849932428	atman	0.103	
PR2-PR1	PSAPL1	0.43136	0.0031035634210254	0.5698918331858016	atman	0.103	
PR2-PR1	TADA3	0.36147	0.0030746619963768	0.5698918331858016	atman	0.103	
PR2-PR1	EDEM2	0.7041	0.0033159248959315	0.5730698437792336	atman	0.103	
PR2-PR1	PSCA	0.3536399999999999	0.0039051018957727	0.5736594684890178	atman	0.103	
PR2-PR1	CRISP2	0.30444	0.0037274981678383	0.5736594684890178	atman	0.103	
PR2-PR1	SH3BP1	0.3004099999999999	0.0037221566451219	0.5736594684890178	atman	0.103	
PR2-PR1	SCGB2A2	0.8819444444444444	0.0049925931948073	0.6051646855990032	atman	0.103	
PR2-PR1	EPN1	0.4400499999999999	0.0052616486533005	0.6051646855990032	atman	0.103	
PR2-PR1	CEACAM6	0.43743	0.0053554396955664	0.6051646855990032	atman	0.103	
PR2-PR1	RABEPK	0.4251	0.0049493445915469	0.6051646855990032	atman	0.103	
PR2-PR1	TNN	0.2299699999999999	0.0049783503220883	0.6051646855990032	atman	0.103	
PR2-PR1	CCL22	-0.1622199999999999	0.0047143966207616	0.6051646855990032	atman	0.103	
PR2-PR1	IL33	-1.0184777777777776	0.0075226497652234	0.6392540208559647	atman	0.103	
PR2-PR1	GNGT1	0.6470428571428571	0.0082344267913407	0.6392540208559647	atman	0.103	
PR2-PR1	HDAC9	0.6049875	0.0077467939054558	0.6392540208559647	atman	0.103	
PR2-PR1	ESR1	0.4416999999999999	0.0079579736565853	0.6392540208559647	atman	0.103	
PR2-PR1	SPINT3	0.3367100000000002	0.0084856728432207	0.6392540208559647	atman	0.103	
PR2-PR1	DUOX2	0.3338333333333333	0.0071137150734308	0.6392540208559647	atman	0.103	
PR2-PR1	S100A3	0.29428	0.0069641539128229	0.6392540208559647	atman	0.103	
PR2-PR1	PALM	0.27266	0.0063460019171606	0.6392540208559647	atman	0.103	
PR2-PR1	FCRL5	-0.26605	0.006884307968489	0.6392540208559647	atman	0.103	
PR2-PR1	LY6D	0.25558	0.0079076638921169	0.6392540208559647	atman	0.103	
PR2-PR1	FCER2	-0.23665	0.0084431763580636	0.6392540208559647	atman	0.103	
PR2-PR1	CD99L2	-0.12645	0.0068366636174437	0.6392540208559647	atman	0.103	
PR2-PR1	C1QA	-0.11752	0.0075781714536988	0.6392540208559647	atman	0.103	
PR2-PR1	FOXO3	-0.773225	0.0090005578832077	0.6610909765216092	atman	0.103	
PR2-PR1	XRCC4	0.31185	0.0092305212606835	0.6614456454606914	atman	0.103	
PR2-PR1	VSIG10L	0.9121777777777778	0.0097185995776865	0.6683278792240702	atman	0.103	
PR2-PR1	CREBZF	0.6104666666666667	0.0106667597218201	0.6683278792240702	atman	0.103	
PR2-PR1	IL36A	0.547611111111111	0.0104569887414394	0.6683278792240702	atman	0.103	
PR2-PR1	PRKAG3	0.3912571428571428	0.0105238512598913	0.6683278792240702	atman	0.103	
PR2-PR1	MUCL3	-0.2327888888888888	0.010691426250351	0.6683278792240702	atman	0.103	
PR2-PR1	CLMP	0.0789199999999999	0.0106625924590253	0.6683278792240702	atman	0.103	
PR2-PR1	IL17D	-0.2291333333333333	0.0115040217510304	0.7041419980109912	atman	0.103	
PR2-PR1	ATP6AP2	0.4013375	0.0125714959054672	0.7341669236631853	atman	0.103	
PR2-PR1	ATP1B2	0.3898444444444444	0.0128927015322604	0.7341669236631853	atman	0.103	
PR2-PR1	PAMR1	-0.17916	0.012893352469212	0.7341669236631853	atman	0.103	
PR2-PR1	NOMO1	-0.1495099999999999	0.0129941048435962	0.7341669236631853	atman	0.103	
PR2-PR1	ADIPOQ	0.27075	0.0137770524044869	0.7637166031015569	atman	0.103	
PR2-PR1	MORF4L2	-0.3096666666666666	0.0149203176310448	0.8117758000001806	atman	0.103	
PR2-PR1	AFAP1	-0.5690555555555555	0.0161542341088329	0.8307676297895593	atman	0.103	
PR2-PR1	TNFSF9	0.4678111111111111	0.0164049613229209	0.8307676297895593	atman	0.103	
PR2-PR1	WFDC12	0.3702199999999999	0.0163114472198633	0.8307676297895593	atman	0.103	
PR2-PR1	TSPAN7	0.3280749999999999	0.016965982909249	0.8307676297895593	atman	0.103	
PR2-PR1	OBP2B	0.2019666666666666	0.0167927426504181	0.8307676297895593	atman	0.103	
PR2-PR1	NECTIN4	0.1259555555555555	0.0165463427702166	0.8307676297895593	atman	0.103	
PR2-PR1	CLNS1A	0.3877857142857142	0.0175883553273206	0.8471243926502945	atman	0.103	
PR2-PR1	UHRF2	0.4441666666666666	0.0193120834248674	0.8636638751909406	atman	0.103	
PR2-PR1	RABGAP1L	-0.4379999999999999	0.0199894974516623	0.8636638751909406	atman	0.103	
PR2-PR1	VPS28	0.3347624999999999	0.0194859255855703	0.8636638751909406	atman	0.103	
PR2-PR1	CPM	-0.1502399999999999	0.0182675656149771	0.8636638751909406	atman	0.103	
PR2-PR1	FASLG	-0.14225	0.0194357409910166	0.8636638751909406	atman	0.103	
PR2-PR1	LTBR	0.12918	0.0196781529950431	0.8636638751909406	atman	0.103	
PR2-PR1	PLA2G7	-0.1237599999999999	0.0198228958704158	0.8636638751909406	atman	0.103	
PR2-PR1	ABRAXAS2	0.4372333333333333	0.0205932968289064	0.8676465249033395	atman	0.103	
PR2-PR1	CLEC14A	-0.13754	0.0206723133911619	0.8676465249033395	atman	0.103	
PR2-PR1	SLC44A4	0.3141999999999999	0.0213525469944702	0.8835744094331471	atman	0.103	
PR2-PR1	NDUFA5	-0.3619777777777778	0.0225390907893408	0.9011226008929124	atman	0.103	
PR2-PR1	SART1	0.3295222222222222	0.0228901897555815	0.9011226008929124	atman	0.103	
PR2-PR1	RNF43	0.306975	0.0228669148512739	0.9011226008929124	atman	0.103	
PR2-PR1	LRRC37A2	0.30394	0.0230034700704453	0.9011226008929124	atman	0.103	
PR2-PR1	RASGRF1	0.9415888888888888	0.024200615398807	0.916817163542856	atman	0.103	
PR2-PR1	CSH1	-0.6148666666666667	0.0261614933976024	0.916817163542856	atman	0.103	
PR2-PR1	GPR37	0.4974444444444444	0.0268067147947639	0.916817163542856	atman	0.103	
PR2-PR1	TYRP1	0.4269333333333333	0.0248196486527318	0.916817163542856	atman	0.103	
PR2-PR1	BPIFA2	-0.4175444444444444	0.0282160952416163	0.916817163542856	atman	0.103	
PR2-PR1	ENTPD2	0.349425	0.0249483151640916	0.916817163542856	atman	0.103	
PR2-PR1	RBM17	0.3392333333333333	0.0280908418033696	0.916817163542856	atman	0.103	
PR2-PR1	MMP15	0.26583	0.0269718554493758	0.916817163542856	atman	0.103	
PR2-PR1	LECT2	0.2167099999999999	0.0283712747722773	0.916817163542856	atman	0.103	
PR2-PR1	SNX18	0.20303	0.0257197200182495	0.916817163542856	atman	0.103	
PR2-PR1	IL7R	-0.2021799999999999	0.0273000925699298	0.916817163542856	atman	0.103	
PR2-PR1	CD302	0.18974	0.0262399857940893	0.916817163542856	atman	0.103	
PR2-PR1	IL1RAP	-0.10683	0.0256634108799269	0.916817163542856	atman	0.103	
PR2-PR1	IGFBP6	0.0899899999999999	0.0262629317716442	0.916817163542856	atman	0.103	
PR2-PR1	CD109	-0.08561	0.0258603212216235	0.916817163542856	atman	0.103	
PR2-PR1	SERPINA1	0.05708	0.0283969917911504	0.916817163542856	atman	0.103	
PR2-PR1	PRDX3	-0.7231777777777777	0.0316643459586634	0.9169480698552052	atman	0.103	
PR2-PR1	RICTOR	0.5240777777777779	0.0306140564560635	0.9169480698552052	atman	0.103	
PR2-PR1	GSTA3	-0.4984124999999999	0.0328882398251348	0.9169480698552052	atman	0.103	
PR2-PR1	CPLX2	0.4930555555555556	0.0299397933383962	0.9169480698552052	atman	0.103	
PR2-PR1	LCP1	0.39153	0.0335833157924396	0.9169480698552052	atman	0.103	
PR2-PR1	LTO1	-0.3892666666666666	0.0334590264720904	0.9169480698552052	atman	0.103	
PR2-PR1	CPE	-0.2834	0.033657202077391	0.9169480698552052	atman	0.103	
PR2-PR1	PTPN9	-0.2503666666666667	0.0336506622900056	0.9169480698552052	atman	0.103	
PR2-PR1	DUSP13	0.22832	0.0298094366091097	0.9169480698552052	atman	0.103	
PR2-PR1	COL4A1	0.2135	0.0320328087375478	0.9169480698552052	atman	0.103	
PR2-PR1	WARS	-0.18631	0.0336915665864965	0.9169480698552052	atman	0.103	
PR2-PR1	FSTL3	0.1678799999999999	0.031651516693939	0.9169480698552052	atman	0.103	
PR2-PR1	AFM	0.16415	0.0324957045437916	0.9169480698552052	atman	0.103	
PR2-PR1	NCAN	-0.1396899999999999	0.0329648039312793	0.9169480698552052	atman	0.103	
PR2-PR1	EDA2R	0.13631	0.0329296181491209	0.9169480698552052	atman	0.103	
PR2-PR1	FCN2	-0.13046	0.0337067364003955	0.9169480698552052	atman	0.103	
PR2-PR1	CD160	-0.1069099999999999	0.0324650182829866	0.9169480698552052	atman	0.103	
PR2-PR1	DCTN6	-0.5928125	0.0344411521277003	0.9283312380842544	atman	0.103	
PR2-PR1	BOLA1	0.735375	0.0414925441379414	0.930074841250774	atman	0.103	
PR2-PR1	GPR15L	0.6300899999999998	0.0413772837240109	0.930074841250774	atman	0.103	
PR2-PR1	MAPK13	0.6191222222222221	0.0362292513599884	0.930074841250774	atman	0.103	
PR2-PR1	ATP1B4	0.5529333333333333	0.0391263299585904	0.930074841250774	atman	0.103	
PR2-PR1	BCL2L15	0.5383888888888888	0.0424641466505941	0.930074841250774	atman	0.103	
PR2-PR1	ABHD14B	-0.5365111111111112	0.0426832000843726	0.930074841250774	atman	0.103	
PR2-PR1	ECHS1	-0.5114777777777778	0.0433338430233158	0.930074841250774	atman	0.103	
PR2-PR1	DEFB103A_DEFB103B	-0.4992888888888889	0.0363678935071054	0.930074841250774	atman	0.103	
PR2-PR1	GLIPR1	0.3754799999999999	0.0392120402729407	0.930074841250774	atman	0.103	
PR2-PR1	KLK15	0.3521999999999999	0.0398137120897854	0.930074841250774	atman	0.103	
PR2-PR1	B3GAT3	-0.3257111111111111	0.0362958730678169	0.930074841250774	atman	0.103	
PR2-PR1	RELB	0.3161888888888888	0.0436862927476537	0.930074841250774	atman	0.103	
PR2-PR1	FOSB	-0.3151374999999999	0.0381337342370071	0.930074841250774	atman	0.103	
PR2-PR1	CD28	0.296375	0.0434226240677761	0.930074841250774	atman	0.103	
PR2-PR1	CCL28	0.2553125	0.0401941901426516	0.930074841250774	atman	0.103	
PR2-PR1	PON2	0.2386	0.0402800148345461	0.930074841250774	atman	0.103	
PR2-PR1	TSC1	0.2108444444444444	0.0386966038326124	0.930074841250774	atman	0.103	
PR2-PR1	CCL19	-0.20417	0.042310238684514	0.930074841250774	atman	0.103	
PR2-PR1	KLK8	0.1653333333333333	0.0356919437505054	0.930074841250774	atman	0.103	
PR2-PR1	LY96	-0.1629555555555555	0.0423611257218019	0.930074841250774	atman	0.103	
PR2-PR1	AHNAK	0.1582333333333333	0.0418830004498491	0.930074841250774	atman	0.103	
PR2-PR1	GALNT7	-0.1563699999999999	0.0394798732889059	0.930074841250774	atman	0.103	
PR2-PR1	TNC	-0.13822	0.0377984957924222	0.930074841250774	atman	0.103	
PR2-PR1	NCAM1	-0.1205699999999999	0.0409652793142774	0.930074841250774	atman	0.103	
PR2-PR1	TNFRSF11B	-0.1071299999999999	0.0350966799547967	0.930074841250774	atman	0.103	
PR2-PR1	ITGAV	-0.10515	0.0431854133615809	0.930074841250774	atman	0.103	
PR2-PR1	EPHB4	0.1028	0.043158723459312	0.930074841250774	atman	0.103	
PR2-PR1	SPINT1	0.0977099999999999	0.0410618979084118	0.930074841250774	atman	0.103	
PR2-PR1	NPTX1	-0.0662999999999999	0.0388650082093191	0.930074841250774	atman	0.103	
PR2-PR1	TPSG1	0.5581555555555556	0.0473153786994735	0.9309663360528256	atman	0.103	
PR2-PR1	IFNL1	0.5428624999999999	0.0458629182979424	0.9309663360528256	atman	0.103	
PR2-PR1	HK2	-0.5134	0.0475306162041946	0.9309663360528256	atman	0.103	
PR2-PR1	SLURP1	0.32269	0.0448435626799335	0.9309663360528256	atman	0.103	
PR2-PR1	DENND2B	0.3033777777777778	0.0463996266752098	0.9309663360528256	atman	0.103	
PR2-PR1	PCDH9	0.28276	0.0465780929114547	0.9309663360528256	atman	0.103	
PR2-PR1	HPGDS	-0.25665	0.0466004209485046	0.9309663360528256	atman	0.103	
PR2-PR1	REN	0.2314555555555555	0.0441147664999241	0.9309663360528256	atman	0.103	
PR2-PR1	CD74	-0.1877999999999999	0.0471575929825109	0.9309663360528256	atman	0.103	
PR2-PR1	NRP1	-0.12663	0.0462137974194794	0.9309663360528256	atman	0.103	
PR2-PR1	SIGLEC7	-0.1213555555555555	0.0456586374748246	0.9309663360528256	atman	0.103	
PR2-PR1	CD99	-0.0758	0.0463642293828472	0.9309663360528256	atman	0.103	
PR2-PR1	NTF3	-0.2411499999999999	0.0490020329621982	0.95343028372807	atman	0.103	
PR2-PR1	ITGA5	-0.20585	0.0493517354353614	0.9539170967703412	atman	0.103	
PR2-PR1	PPM1B	0.3987888888888888	0.0498893752582276	0.9580064346972086	atman	0.103	
PR2-PR1	NIT1	-0.6709111111111111	0.0505316091761782	0.9617734165328417	atman	0.103	
PR2-PR1	SEPTIN7	0.4044624999999999	0.0507402585304936	0.9617734165328417	atman	0.103	
PR2-PR1	CDON	-0.15427	0.051550968668232	0.970876576585037	atman	0.103	
PR2-PR1	IL1B	-1.0636666666666663	0.0564758217684235	0.9760611257664664	atman	0.103	
PR2-PR1	LRP2BP	0.6264428571428571	0.0565339954927943	0.9760611257664664	atman	0.103	
PR2-PR1	NLGN2	0.522425	0.0529405162395557	0.9760611257664664	atman	0.103	
PR2-PR1	CEACAM20	0.4466	0.059282096590951	0.9760611257664664	atman	0.103	
PR2-PR1	NFKB2	0.3898625	0.0560664599166877	0.9760611257664664	atman	0.103	
PR2-PR1	PLAT	-0.3812	0.0583556463929675	0.9760611257664664	atman	0.103	
PR2-PR1	ITGA6	0.3453125	0.0525243288685164	0.9760611257664664	atman	0.103	
PR2-PR1	SNU13	0.3175888888888888	0.0534527322464717	0.9760611257664664	atman	0.103	
PR2-PR1	CCL20	-0.31402	0.0526640514289271	0.9760611257664664	atman	0.103	
PR2-PR1	ENTR1	-0.2856777777777777	0.0550256842755814	0.9760611257664664	atman	0.103	
PR2-PR1	GADD45GIP1	-0.2725444444444444	0.0571767229384569	0.9760611257664664	atman	0.103	
PR2-PR1	EPPK1	-0.2660111111111111	0.055573011763623	0.9760611257664664	atman	0.103	
PR2-PR1	CLPS	-0.24488	0.0584350434635521	0.9760611257664664	atman	0.103	
PR2-PR1	THPO	-0.2422555555555555	0.0560729738214174	0.9760611257664664	atman	0.103	
PR2-PR1	FURIN	-0.2382666666666666	0.0594721971523695	0.9760611257664664	atman	0.103	
PR2-PR1	SBSN	0.23184	0.0595303088533045	0.9760611257664664	atman	0.103	
PR2-PR1	LRRN1	-0.1961777777777777	0.057353713859227	0.9760611257664664	atman	0.103	
PR2-PR1	CD200	-0.1625875	0.0559389515209602	0.9760611257664664	atman	0.103	
PR2-PR1	BPIFB1	-0.14879	0.0558292082858735	0.9760611257664664	atman	0.103	
PR2-PR1	IL17RA	-0.145	0.0564219958565705	0.9760611257664664	atman	0.103	
PR2-PR1	CD276	0.13966	0.0566297163223652	0.9760611257664664	atman	0.103	
PR2-PR1	TFPI	-0.12018	0.0588352360608936	0.9760611257664664	atman	0.103	
PR2-PR1	COL6A3	0.1053	0.0597995243832416	0.9760611257664664	atman	0.103	
PR2-PR1	FGFBP1	0.0916111111111111	0.0576174931330428	0.9760611257664664	atman	0.103	
PR2-PR1	LEG1	0.3400444444444445	0.0602912536962731	0.9772738414375324	atman	0.103	
PR2-PR1	TGFBI	-0.0925899999999999	0.060539087522679	0.9772738414375324	atman	0.103	
PR2-PR1	ENAH	-0.5255555555555556	0.0612564272057865	0.977530463919272	atman	0.103	
PR2-PR1	GATD3	-0.4423888888888888	0.0613018048493212	0.977530463919272	atman	0.103	
PR2-PR1	SFTPD	-0.2458999999999999	0.0615531435755838	0.977530463919272	atman	0.103	
PR2-PR1	PDCD5	-0.58012	0.0655352867217373	0.987398319940843	atman	0.103	
PR2-PR1	SLC4A1	-0.4922699999999999	0.0654381176056064	0.987398319940843	atman	0.103	
PR2-PR1	DCUN1D1	0.484275	0.0636244172906501	0.987398319940843	atman	0.103	
PR2-PR1	NAGA	0.4741444444444444	0.0651379494579951	0.987398319940843	atman	0.103	
PR2-PR1	TBR1	-0.4243571428571428	0.0655024099100969	0.987398319940843	atman	0.103	
PR2-PR1	CFC1	-0.2858875	0.0633085494495373	0.987398319940843	atman	0.103	
PR2-PR1	SNED1	0.2820333333333333	0.065492729592645	0.987398319940843	atman	0.103	
PR2-PR1	PSIP1	0.271925	0.0636249650048479	0.987398319940843	atman	0.103	
PR2-PR1	WNT9A	0.2229333333333333	0.0651383294140006	0.987398319940843	atman	0.103	
PR2-PR1	CEP290	0.2091375	0.0627969258289544	0.987398319940843	atman	0.103	
PR2-PR1	AGBL2	1.82405	0.2024167952780176	0.9898101864326512	atman	0.103	
PR2-PR1	GH1	-1.7586888888888887	0.1254773366621779	0.9898101864326512	atman	0.103	
PR2-PR1	RLN2	1.497588888888889	0.1526415633481574	0.9898101864326512	atman	0.103	
PR2-PR1	TNNI3	1.452788888888889	0.2049290726443096	0.9898101864326512	atman	0.103	
PR2-PR1	COL4A4	1.3479875	0.2311235058000065	0.9898101864326512	atman	0.103	
PR2-PR1	ANKRA2	-1.0913555555555556	0.3453188216938543	0.9898101864326512	atman	0.103	
PR2-PR1	MUC16	1.0681600000000002	0.4531097420105716	0.9898101864326512	atman	0.103	
PR2-PR1	VIM	-1.0676111111111113	0.1796101779068735	0.9898101864326512	atman	0.103	
PR2-PR1	NEFL	0.9626625	0.0795118888737329	0.9898101864326512	atman	0.103	
PR2-PR1	GCG	0.8568625	0.0883525413170278	0.9898101864326512	atman	0.103	
PR2-PR1	ITGAL	0.8252555555555557	0.5179981708295196	0.9898101864326512	atman	0.103	
PR2-PR1	DCDC2C	0.8137666666666664	0.2709826779866813	0.9898101864326512	atman	0.103	
PR2-PR1	PSMD1	-0.8107666666666666	0.1479613530738071	0.9898101864326512	atman	0.103	
PR2-PR1	TBCB	-0.783088888888889	0.1733065731320637	0.9898101864326512	atman	0.103	
PR2-PR1	DAND5	-0.7745222222222226	0.5714729261373752	0.9898101864326512	atman	0.103	
PR2-PR1	FGF9	0.7697333333333334	0.2223342024577792	0.9898101864326512	atman	0.103	
PR2-PR1	MINK1	-0.7619899999999997	0.3008000568857281	0.9898101864326512	atman	0.103	
PR2-PR1	EIF4G1	-0.74749	0.2271845973676196	0.9898101864326512	atman	0.103	
PR2-PR1	APRT	-0.7419111111111112	0.1489440643940016	0.9898101864326512	atman	0.103	
PR2-PR1	VPS37A	-0.7327700000000001	0.0882834177966882	0.9898101864326512	atman	0.103	
PR2-PR1	CRYZL1	-0.7320333333333332	0.1039463327303	0.9898101864326512	atman	0.103	
PR2-PR1	GABARAP	0.7302000000000001	0.1505250525764339	0.9898101864326512	atman	0.103	
PR2-PR1	RHOC	-0.7220555555555553	0.2482246989449645	0.9898101864326512	atman	0.103	
PR2-PR1	SLAMF1	-0.7147111111111112	0.3740623179039013	0.9898101864326512	atman	0.103	
PR2-PR1	PPME1	-0.70033	0.1608290356671893	0.9898101864326512	atman	0.103	
PR2-PR1	IL6	-0.690211111111111	0.0996904890551428	0.9898101864326512	atman	0.103	
PR2-PR1	RBPMS2	-0.6883777777777778	0.0727632515271807	0.9898101864326512	atman	0.103	
PR2-PR1	S100A12	0.6877300000000002	0.1927939220277994	0.9898101864326512	atman	0.103	
PR2-PR1	PIK3AP1	-0.6867	0.1289676967362751	0.9898101864326512	atman	0.103	
PR2-PR1	AHSP	-0.6863000000000001	0.1752467371476975	0.9898101864326512	atman	0.103	
PR2-PR1	ATP5IF1	-0.6818799999999999	0.1880265207194162	0.9898101864326512	atman	0.103	
PR2-PR1	CA2	-0.6797700000000001	0.2049239382782133	0.9898101864326512	atman	0.103	
PR2-PR1	BOLA2_BOLA2B	-0.6785777777777777	0.0888213964807183	0.9898101864326512	atman	0.103	
PR2-PR1	RLN1	0.6785555555555554	0.2885696323604718	0.9898101864326512	atman	0.103	
PR2-PR1	NFE2	-0.6734111111111112	0.0678711612656992	0.9898101864326512	atman	0.103	
PR2-PR1	IL1A	-0.6728000000000001	0.4979314479526873	0.9898101864326512	atman	0.103	
PR2-PR1	MAGEA3	-0.6714499999999999	0.2582446195353831	0.9898101864326512	atman	0.103	
PR2-PR1	SAG	-0.6525125	0.4188464178802533	0.9898101864326512	atman	0.103	
PR2-PR1	CNP	-0.6488	0.0761228385064403	0.9898101864326512	atman	0.103	
PR2-PR1	IFNG	-0.6461111111111112	0.0837683924508292	0.9898101864326512	atman	0.103	
PR2-PR1	CA1	-0.6396499999999999	0.2191068318584292	0.9898101864326512	atman	0.103	
PR2-PR1	APOA2	-0.6356222222222222	0.081888988893779	0.9898101864326512	atman	0.103	
PR2-PR1	FRMD4B	-0.6194111111111111	0.3071917029735629	0.9898101864326512	atman	0.103	
PR2-PR1	KRT6C	0.6165666666666666	0.0754131446711618	0.9898101864326512	atman	0.103	
PR2-PR1	TMED4	0.6108777777777777	0.0741069526485849	0.9898101864326512	atman	0.103	
PR2-PR1	PMVK	-0.60945	0.3047514496337054	0.9898101864326512	atman	0.103	
PR2-PR1	CINP	0.6064499999999999	0.1302661423418218	0.9898101864326512	atman	0.103	
PR2-PR1	CASP1	-0.6045875	0.1042922265856522	0.9898101864326512	atman	0.103	
PR2-PR1	DNAJC6	-0.5991777777777778	0.1099638201451034	0.9898101864326512	atman	0.103	
PR2-PR1	TP53	0.5962500000000001	0.2125905233559268	0.9898101864326512	atman	0.103	
PR2-PR1	SRC	-0.5912333333333333	0.2845775506718193	0.9898101864326512	atman	0.103	
PR2-PR1	EBAG9	-0.5880666666666667	0.1353814945301841	0.9898101864326512	atman	0.103	
PR2-PR1	SULT1A1	-0.58603	0.3312288276004693	0.9898101864326512	atman	0.103	
PR2-PR1	DDI2	-0.5798444444444445	0.2038468203034371	0.9898101864326512	atman	0.103	
PR2-PR1	CRADD	-0.5786222222222224	0.2288657408161079	0.9898101864326512	atman	0.103	
PR2-PR1	GBP2	-0.5784444444444444	0.3059728889006279	0.9898101864326512	atman	0.103	
PR2-PR1	CEP170	-0.5768222222222222	0.0735279594689748	0.9898101864326512	atman	0.103	
PR2-PR1	YARS1	-0.57655	0.4567776218175132	0.9898101864326512	atman	0.103	
PR2-PR1	MITD1	-0.5742555555555555	0.1885564780592892	0.9898101864326512	atman	0.103	
PR2-PR1	DNAJA1	0.5734	0.0752525434541637	0.9898101864326512	atman	0.103	
PR2-PR1	CHRM1	-0.5721142857142858	0.1879722583210337	0.9898101864326512	atman	0.103	
PR2-PR1	RANBP1	-0.5641444444444446	0.0932559110551205	0.9898101864326512	atman	0.103	
PR2-PR1	SH3GL3	0.56365	0.3074307931969153	0.9898101864326512	atman	0.103	
PR2-PR1	BIN2	-0.5580200000000002	0.2196050980224471	0.9898101864326512	atman	0.103	
PR2-PR1	SNCA	-0.5551666666666666	0.5522895503824512	0.9898101864326512	atman	0.103	
PR2-PR1	DMD	-0.5539555555555555	0.1223903955351179	0.9898101864326512	atman	0.103	
PR2-PR1	TJAP1	-0.5486444444444445	0.1954158393063048	0.9898101864326512	atman	0.103	
PR2-PR1	CORO6	-0.5417624999999999	0.3834417180978697	0.9898101864326512	atman	0.103	
PR2-PR1	CLASP1	0.5384444444444444	0.3203586576126958	0.9898101864326512	atman	0.103	
PR2-PR1	CCL27	0.5347666666666666	0.3516961213512193	0.9898101864326512	atman	0.103	
PR2-PR1	AKT1S1	-0.5324125000000001	0.0749400856123512	0.9898101864326512	atman	0.103	
PR2-PR1	TGM2	-0.5315222222222222	0.1946000269190766	0.9898101864326512	atman	0.103	
PR2-PR1	RILP	-0.5300099999999999	0.2457923046550929	0.9898101864326512	atman	0.103	
PR2-PR1	CRKL	-0.52873	0.327676033289761	0.9898101864326512	atman	0.103	
PR2-PR1	RBM19	0.5282333333333333	0.1479400827362813	0.9898101864326512	atman	0.103	
PR2-PR1	MRI1	-0.5241428571428571	0.1994590215836398	0.9898101864326512	atman	0.103	
PR2-PR1	YTHDF3	0.5240777777777778	0.2573654282435957	0.9898101864326512	atman	0.103	
PR2-PR1	SIRT2	-0.5228999999999999	0.2047868726238828	0.9898101864326512	atman	0.103	
PR2-PR1	TMED1	0.5205625	0.1491907727849966	0.9898101864326512	atman	0.103	
PR2-PR1	COPB2	0.5184	0.360999176159358	0.9898101864326512	atman	0.103	
PR2-PR1	CALCB	0.51743	0.133305201424045	0.9898101864326512	atman	0.103	
PR2-PR1	KIAA1549	-0.51555	0.7193226934906383	0.9898101864326512	atman	0.103	
PR2-PR1	CRH	-0.512675	0.2109449275006494	0.9898101864326512	atman	0.103	
PR2-PR1	SNAP29	-0.5113444444444446	0.1838772576566951	0.9898101864326512	atman	0.103	
PR2-PR1	LIF	-0.5108625	0.0671471882841192	0.9898101864326512	atman	0.103	
PR2-PR1	C9orf40	-0.5092099999999999	0.3793200949245805	0.9898101864326512	atman	0.103	
PR2-PR1	STAMBP	-0.5074111111111111	0.1820055363269561	0.9898101864326512	atman	0.103	
PR2-PR1	CHMP1A	-0.5045111111111111	0.2282623307079578	0.9898101864326512	atman	0.103	
PR2-PR1	MECR	-0.5016666666666666	0.117201270828209	0.9898101864326512	atman	0.103	
PR2-PR1	PFDN2	0.501	0.4349046313483575	0.9898101864326512	atman	0.103	
PR2-PR1	EIF4EBP1	-0.4984222222222221	0.2934131961562025	0.9898101864326512	atman	0.103	
PR2-PR1	CC2D1A	-0.4974666666666667	0.2777154950142466	0.9898101864326512	atman	0.103	
PR2-PR1	MIF	-0.49711	0.3180908667422732	0.9898101864326512	atman	0.103	
PR2-PR1	NSFL1C	-0.49487	0.2151489260804453	0.9898101864326512	atman	0.103	
PR2-PR1	GRSF1	-0.4944555555555556	0.0861851865413068	0.9898101864326512	atman	0.103	
PR2-PR1	C2CD2L	0.4934125	0.2167294875582248	0.9898101864326512	atman	0.103	
PR2-PR1	EIF2S2	-0.4929444444444445	0.1416418035236908	0.9898101864326512	atman	0.103	
PR2-PR1	PPT1	0.4926285714285714	0.2320517504954402	0.9898101864326512	atman	0.103	
PR2-PR1	CEP350	-0.4917777777777778	0.2399302157120311	0.9898101864326512	atman	0.103	
PR2-PR1	IL4	0.4912888888888889	0.5365831854261167	0.9898101864326512	atman	0.103	
PR2-PR1	HSPB1	-0.4905111111111111	0.3861929997176139	0.9898101864326512	atman	0.103	
PR2-PR1	ARHGEF5	-0.4865125	0.2663872204189093	0.9898101864326512	atman	0.103	
PR2-PR1	VAV3	-0.4862125	0.4751052278071666	0.9898101864326512	atman	0.103	
PR2-PR1	VMO1	0.48564	0.1291328235455791	0.9898101864326512	atman	0.103	
PR2-PR1	IL6	-0.4842125	0.5314445195083768	0.9898101864326512	atman	0.103	
PR2-PR1	HMBS	-0.48419	0.2909392655071472	0.9898101864326512	atman	0.103	
PR2-PR1	BCL7B	0.48301	0.1735997579343242	0.9898101864326512	atman	0.103	
PR2-PR1	ACADM	0.4776375	0.0684984733470017	0.9898101864326512	atman	0.103	
PR2-PR1	NEB	-0.4769444444444445	0.1446984182034174	0.9898101864326512	atman	0.103	
PR2-PR1	MAP4K5	-0.4761333333333334	0.2513860554439193	0.9898101864326512	atman	0.103	
PR2-PR1	DNAJB1	-0.4749299999999999	0.3040359155023133	0.9898101864326512	atman	0.103	
PR2-PR1	S100A4	-0.4734111111111112	0.1486898138378445	0.9898101864326512	atman	0.103	
PR2-PR1	AARSD1	-0.4732599999999999	0.2218815819684638	0.9898101864326512	atman	0.103	
PR2-PR1	BCAT2	0.472775	0.187267403944622	0.9898101864326512	atman	0.103	
PR2-PR1	PPBP	0.4703399999999999	0.4300053988363741	0.9898101864326512	atman	0.103	
PR2-PR1	ZCCHC8	0.4699666666666667	0.1996563293648572	0.9898101864326512	atman	0.103	
PR2-PR1	GMPR	-0.4683300000000001	0.2292509269948055	0.9898101864326512	atman	0.103	
PR2-PR1	CALY	0.4649222222222222	0.0760693470202575	0.9898101864326512	atman	0.103	
PR2-PR1	EREG	0.4629444444444444	0.2058203225398274	0.9898101864326512	atman	0.103	
PR2-PR1	DBNL	-0.4621700000000001	0.3445534108082884	0.9898101864326512	atman	0.103	
PR2-PR1	IL6	-0.4619555555555555	0.1490986049929843	0.9898101864326512	atman	0.103	
PR2-PR1	CCS	-0.4604444444444444	0.1752958049186928	0.9898101864326512	atman	0.103	
PR2-PR1	KLB	-0.4564625	0.0682501967119131	0.9898101864326512	atman	0.103	
PR2-PR1	FUT1	-0.4559125	0.1607555625924699	0.9898101864326512	atman	0.103	
PR2-PR1	PRTFDC1	-0.454575	0.3879545102128561	0.9898101864326512	atman	0.103	
PR2-PR1	OLR1	0.454311111111111	0.427771285668312	0.9898101864326512	atman	0.103	
PR2-PR1	ERBIN	-0.4541699999999999	0.3175471542627486	0.9898101864326512	atman	0.103	
PR2-PR1	STAT5B	-0.4536899999999999	0.3050648652505305	0.9898101864326512	atman	0.103	
PR2-PR1	DOK1	-0.4525799999999998	0.4749213446986591	0.9898101864326512	atman	0.103	
PR2-PR1	PARK7	-0.45162	0.2475699143891874	0.9898101864326512	atman	0.103	
PR2-PR1	PDLIM7	-0.4495399999999999	0.406350694876032	0.9898101864326512	atman	0.103	
PR2-PR1	PKLR	-0.4486499999999999	0.2932694986486943	0.9898101864326512	atman	0.103	
PR2-PR1	RNF168	0.4485666666666667	0.169827410909314	0.9898101864326512	atman	0.103	
PR2-PR1	RRAS	-0.4477857142857143	0.3149601198410128	0.9898101864326512	atman	0.103	
PR2-PR1	TBCC	-0.446611111111111	0.1863373613994192	0.9898101864326512	atman	0.103	
PR2-PR1	EIF4B	-0.4463777777777778	0.3061962068195774	0.9898101864326512	atman	0.103	
PR2-PR1	NT5C3A	-0.4441749999999999	0.4539173956231006	0.9898101864326512	atman	0.103	
PR2-PR1	TRIM58	-0.4420299999999999	0.2782686174581759	0.9898101864326512	atman	0.103	
PR2-PR1	SMC3	-0.4419444444444445	0.1790893398342279	0.9898101864326512	atman	0.103	
PR2-PR1	PACS2	-0.4414555555555556	0.3252888571236112	0.9898101864326512	atman	0.103	
PR2-PR1	TACC3	-0.43978	0.3448566532373323	0.9898101864326512	atman	0.103	
PR2-PR1	OSM	0.4388874999999999	0.54781038517421	0.9898101864326512	atman	0.103	
PR2-PR1	CABP2	0.4343142857142858	0.4509247722982719	0.9898101864326512	atman	0.103	
PR2-PR1	CALCOCO1	-0.43376	0.3957171587416073	0.9898101864326512	atman	0.103	
PR2-PR1	ANKRD54	-0.4326625	0.2520277437765548	0.9898101864326512	atman	0.103	
PR2-PR1	PAEP	0.4325555555555554	0.3763546781384355	0.9898101864326512	atman	0.103	
PR2-PR1	STOML2	0.4324444444444444	0.1547710293661233	0.9898101864326512	atman	0.103	
PR2-PR1	CARHSP1	-0.4324375	0.4247406438470491	0.9898101864326512	atman	0.103	
PR2-PR1	AZU1	0.4323799999999999	0.4881190962998474	0.9898101864326512	atman	0.103	
PR2-PR1	SERPINE2	0.4322699999999999	0.3906009398593002	0.9898101864326512	atman	0.103	
PR2-PR1	SNX9	-0.4317555555555555	0.1441396442074762	0.9898101864326512	atman	0.103	
PR2-PR1	MTSS1	-0.4307399999999999	0.3320532913580922	0.9898101864326512	atman	0.103	
PR2-PR1	CIAPIN1	-0.4288888888888889	0.2228711783609522	0.9898101864326512	atman	0.103	
PR2-PR1	LONP1	-0.4264777777777778	0.1824647847303051	0.9898101864326512	atman	0.103	
PR2-PR1	TTF2	0.426342857142857	0.4138476196032128	0.9898101864326512	atman	0.103	
PR2-PR1	TRIM25	-0.4236199999999999	0.4296766933465243	0.9898101864326512	atman	0.103	
PR2-PR1	LRRC38	-0.4211999999999999	0.3044474318688599	0.9898101864326512	atman	0.103	
PR2-PR1	CCDC134	0.41905	0.2140997354066383	0.9898101864326512	atman	0.103	
PR2-PR1	MGLL	-0.41742	0.3020536357669172	0.9898101864326512	atman	0.103	
PR2-PR1	SLMAP	-0.4174	0.4713430374623315	0.9898101864326512	atman	0.103	
PR2-PR1	HARS1	-0.4159299999999999	0.2802880660422859	0.9898101864326512	atman	0.103	
PR2-PR1	CDC25A	-0.4147666666666667	0.1224331095930986	0.9898101864326512	atman	0.103	
PR2-PR1	ZNF174	0.4147222222222222	0.2559043921584765	0.9898101864326512	atman	0.103	
PR2-PR1	BRD1	0.4139624999999999	0.0893498293797123	0.9898101864326512	atman	0.103	
PR2-PR1	MAX	-0.412775	0.3151307307063038	0.9898101864326512	atman	0.103	
PR2-PR1	CASP3	-0.40994	0.3455235381592809	0.9898101864326512	atman	0.103	
PR2-PR1	GTPBP2	-0.4096285714285715	0.2580238336199485	0.9898101864326512	atman	0.103	
PR2-PR1	ALDH1A1	-0.40796	0.1319476048831953	0.9898101864326512	atman	0.103	
PR2-PR1	PPP1R9B	-0.40791	0.3145984380634168	0.9898101864326512	atman	0.103	
PR2-PR1	GH2	-0.4062250000000001	0.1234428298824723	0.9898101864326512	atman	0.103	
PR2-PR1	IL2	-0.4060333333333333	0.1430043255431687	0.9898101864326512	atman	0.103	
PR2-PR1	ARHGAP25	-0.40255	0.101368544698625	0.9898101864326512	atman	0.103	
PR2-PR1	NFU1	-0.4018499999999999	0.4346603232798598	0.9898101864326512	atman	0.103	
PR2-PR1	ASS1	0.3994888888888888	0.223358052018552	0.9898101864326512	atman	0.103	
PR2-PR1	FAM13A	-0.39806	0.3096006652037646	0.9898101864326512	atman	0.103	
PR2-PR1	YJU2	0.39749	0.1254808906883429	0.9898101864326512	atman	0.103	
PR2-PR1	CEND1	0.396725	0.0974302934731317	0.9898101864326512	atman	0.103	
PR2-PR1	DENR	-0.3963777777777778	0.2383234622825925	0.9898101864326512	atman	0.103	
PR2-PR1	SMNDC1	0.3958199999999999	0.1411691377001604	0.9898101864326512	atman	0.103	
PR2-PR1	ASAH1	0.39542	0.2170759179870864	0.9898101864326512	atman	0.103	
PR2-PR1	FXN	-0.3952299999999999	0.305799852937755	0.9898101864326512	atman	0.103	
PR2-PR1	RWDD1	-0.39504	0.2222856928543091	0.9898101864326512	atman	0.103	
PR2-PR1	PRR4	0.3930333333333333	0.1672627478772446	0.9898101864326512	atman	0.103	
PR2-PR1	COL24A1	-0.3925599999999999	0.6277397326647138	0.9898101864326512	atman	0.103	
PR2-PR1	ACOT13	-0.39207	0.3824461530067782	0.9898101864326512	atman	0.103	
PR2-PR1	PRDX5	-0.3904199999999999	0.2329250092108308	0.9898101864326512	atman	0.103	
PR2-PR1	JUN	-0.3899000000000001	0.1588188435759892	0.9898101864326512	atman	0.103	
PR2-PR1	KRT8	-0.3891749999999999	0.3062992737752323	0.9898101864326512	atman	0.103	
PR2-PR1	SPINK8	0.3887555555555555	0.2083869036446217	0.9898101864326512	atman	0.103	
PR2-PR1	DNPH1	-0.3886699999999999	0.2856067495824126	0.9898101864326512	atman	0.103	
PR2-PR1	NAP1L4	-0.3878699999999999	0.3583565417062075	0.9898101864326512	atman	0.103	
PR2-PR1	TIMM8A	-0.3868499999999999	0.1063568461050581	0.9898101864326512	atman	0.103	
PR2-PR1	FKBP5	-0.3862333333333334	0.3349803127226853	0.9898101864326512	atman	0.103	
PR2-PR1	METAP2	-0.3841	0.2659785197469495	0.9898101864326512	atman	0.103	
PR2-PR1	RAB37	-0.3829666666666667	0.0902735836196044	0.9898101864326512	atman	0.103	
PR2-PR1	CXCL12	-0.3816666666666666	0.1010323706288969	0.9898101864326512	atman	0.103	
PR2-PR1	PTPN6	-0.38036	0.3633290068107699	0.9898101864326512	atman	0.103	
PR2-PR1	ATP1B3	0.3782	0.0751482101572258	0.9898101864326512	atman	0.103	
PR2-PR1	NUDC	-0.37804	0.2676536063178336	0.9898101864326512	atman	0.103	
PR2-PR1	MYOM3	0.3754666666666666	0.2826437138371109	0.9898101864326512	atman	0.103	
PR2-PR1	ANKMY2	-0.3753444444444444	0.3769385185362015	0.9898101864326512	atman	0.103	
PR2-PR1	TLR2	0.375025	0.0869511807135667	0.9898101864326512	atman	0.103	
PR2-PR1	COL2A1	0.3746777777777776	0.3848521379098137	0.9898101864326512	atman	0.103	
PR2-PR1	CDKN1A	-0.3745099999999999	0.3412797425946077	0.9898101864326512	atman	0.103	
PR2-PR1	SH3GLB2	-0.37364	0.3581348853766291	0.9898101864326512	atman	0.103	
PR2-PR1	PSMG3	-0.3734	0.3567451330618501	0.9898101864326512	atman	0.103	
PR2-PR1	F9	-0.37302	0.1801634525101128	0.9898101864326512	atman	0.103	
PR2-PR1	PTPN1	-0.3710555555555556	0.3335387048700782	0.9898101864326512	atman	0.103	
PR2-PR1	FRMD7	-0.3667285714285713	0.3170555136073809	0.9898101864326512	atman	0.103	
PR2-PR1	TLR4	0.3665555555555555	0.1487711965417233	0.9898101864326512	atman	0.103	
PR2-PR1	SIRT5	0.366225	0.1932472954014206	0.9898101864326512	atman	0.103	
PR2-PR1	VTA1	-0.36611	0.3051765144146645	0.9898101864326512	atman	0.103	
PR2-PR1	MMP8	0.3643899999999999	0.522728707438274	0.9898101864326512	atman	0.103	
PR2-PR1	YOD1	-0.3641666666666666	0.589550492210499	0.9898101864326512	atman	0.103	
PR2-PR1	RILPL2	-0.3633299999999999	0.4921886903097707	0.9898101864326512	atman	0.103	
PR2-PR1	STK24	-0.3618	0.2944355058949754	0.9898101864326512	atman	0.103	
PR2-PR1	TANK	0.3617666666666667	0.3458187395567238	0.9898101864326512	atman	0.103	
PR2-PR1	DARS1	-0.3613333333333334	0.4166085170718747	0.9898101864326512	atman	0.103	
PR2-PR1	RNASE3	0.3612555555555555	0.6260370823803236	0.9898101864326512	atman	0.103	
PR2-PR1	CELSR2	0.3600777777777778	0.1036347944632478	0.9898101864326512	atman	0.103	
PR2-PR1	FYB1	-0.3598499999999999	0.3357286279049118	0.9898101864326512	atman	0.103	
PR2-PR1	GCC1	-0.35957	0.4834843969279339	0.9898101864326512	atman	0.103	
PR2-PR1	AMIGO1	-0.3593285714285715	0.1403240230824383	0.9898101864326512	atman	0.103	
PR2-PR1	EHD3	-0.3581777777777779	0.3565036344583632	0.9898101864326512	atman	0.103	
PR2-PR1	SOD1	-0.3580900000000001	0.190260681167802	0.9898101864326512	atman	0.103	
PR2-PR1	PTGES2	-0.3567	0.5795310311477468	0.9898101864326512	atman	0.103	
PR2-PR1	ADAMTS1	0.3563555555555555	0.3277544654743387	0.9898101864326512	atman	0.103	
PR2-PR1	FGA	-0.35584	0.3944392384221795	0.9898101864326512	atman	0.103	
PR2-PR1	MYL6B	0.3552285714285715	0.4969216130074674	0.9898101864326512	atman	0.103	
PR2-PR1	DCTN1	-0.3550199999999999	0.3177332557732999	0.9898101864326512	atman	0.103	
PR2-PR1	TRPV3	0.3548777777777778	0.5049012741565293	0.9898101864326512	atman	0.103	
PR2-PR1	JPT2	-0.3547899999999999	0.1657322035029023	0.9898101864326512	atman	0.103	
PR2-PR1	CEACAM19	0.35411	0.2247692097728149	0.9898101864326512	atman	0.103	
PR2-PR1	ID4	0.353925	0.0965698010786639	0.9898101864326512	atman	0.103	
PR2-PR1	DAB2	-0.3530099999999999	0.3927537308008839	0.9898101864326512	atman	0.103	
PR2-PR1	STAU1	0.3528888888888888	0.2501790097228542	0.9898101864326512	atman	0.103	
PR2-PR1	IL31	0.3524222222222222	0.1094957359902151	0.9898101864326512	atman	0.103	
PR2-PR1	METAP1D	-0.3519124999999999	0.4522724744147668	0.9898101864326512	atman	0.103	
PR2-PR1	MYO9B	-0.3512222222222222	0.4155384196215719	0.9898101864326512	atman	0.103	
PR2-PR1	NMI	-0.35099	0.3155198304102662	0.9898101864326512	atman	0.103	
PR2-PR1	CST1	0.3507333333333333	0.2400924050558237	0.9898101864326512	atman	0.103	
PR2-PR1	CASC3	-0.3503857142857143	0.0698504491389251	0.9898101864326512	atman	0.103	
PR2-PR1	PRKD2	0.3501555555555555	0.0883718353768456	0.9898101864326512	atman	0.103	
PR2-PR1	CEACAM18	0.3497249999999999	0.0665154476242675	0.9898101864326512	atman	0.103	
PR2-PR1	IL12RB2	-0.3495444444444444	0.2650174798103037	0.9898101864326512	atman	0.103	
PR2-PR1	PRAME	0.3482666666666667	0.2770815610875812	0.9898101864326512	atman	0.103	
PR2-PR1	KRT17	0.3479666666666666	0.2163910817858856	0.9898101864326512	atman	0.103	
PR2-PR1	LHPP	-0.34697	0.2549049383930475	0.9898101864326512	atman	0.103	
PR2-PR1	CLGN	0.3455999999999999	0.3390917100134361	0.9898101864326512	atman	0.103	
PR2-PR1	PPP1R12A	-0.3454444444444444	0.3509674234137492	0.9898101864326512	atman	0.103	
PR2-PR1	ENO1	-0.34516	0.3248691890042035	0.9898101864326512	atman	0.103	
PR2-PR1	CRELD1	0.3448555555555555	0.0716498174904571	0.9898101864326512	atman	0.103	
PR2-PR1	COL9A2	0.3447	0.1002934084065882	0.9898101864326512	atman	0.103	
PR2-PR1	STK4	-0.3436333333333333	0.3688888637901277	0.9898101864326512	atman	0.103	
PR2-PR1	RALB	-0.3415333333333333	0.275307117290984	0.9898101864326512	atman	0.103	
PR2-PR1	MAPK9	-0.341325	0.2775085955436172	0.9898101864326512	atman	0.103	
PR2-PR1	BID	0.340925	0.5345988203279353	0.9898101864326512	atman	0.103	
PR2-PR1	CD36	0.3408444444444444	0.2396612351122098	0.9898101864326512	atman	0.103	
PR2-PR1	RAB6B	-0.3404125	0.2389091938997047	0.9898101864326512	atman	0.103	
PR2-PR1	BLVRB	-0.34	0.1929296277203613	0.9898101864326512	atman	0.103	
PR2-PR1	PEPD	0.3396111111111111	0.1439676300488721	0.9898101864326512	atman	0.103	
PR2-PR1	KIAA1549L	0.3395125	0.2883049448709716	0.9898101864326512	atman	0.103	
PR2-PR1	L3HYPDH	-0.33942	0.2353806206656123	0.9898101864326512	atman	0.103	
PR2-PR1	PGM2	0.3394142857142856	0.3315252259891816	0.9898101864326512	atman	0.103	
PR2-PR1	TRIM26	0.3378	0.2528950456194019	0.9898101864326512	atman	0.103	
PR2-PR1	TPPP2	0.3372625	0.1451622129649115	0.9898101864326512	atman	0.103	
PR2-PR1	MFAP3	-0.3371888888888888	0.3952499082300555	0.9898101864326512	atman	0.103	
PR2-PR1	SPINK6	0.33676	0.2026477614146178	0.9898101864326512	atman	0.103	
PR2-PR1	PEBP1	-0.33648	0.3136123319570987	0.9898101864326512	atman	0.103	
PR2-PR1	ANXA11	-0.336075	0.2863013359196205	0.9898101864326512	atman	0.103	
PR2-PR1	CXCL13	0.33607	0.0730595686046111	0.9898101864326512	atman	0.103	
PR2-PR1	MAP1LC3A	0.335825	0.181232881268416	0.9898101864326512	atman	0.103	
PR2-PR1	F2R	-0.3356599999999999	0.3328172464792407	0.9898101864326512	atman	0.103	
PR2-PR1	LAT2	-0.33489	0.4399178258646885	0.9898101864326512	atman	0.103	
PR2-PR1	IRAK4	-0.3345	0.4807617416855561	0.9898101864326512	atman	0.103	
PR2-PR1	TGFBR1	0.3342777777777778	0.0810280091913904	0.9898101864326512	atman	0.103	
PR2-PR1	TMPRSS11B	0.3339375	0.0713486690537161	0.9898101864326512	atman	0.103	
PR2-PR1	SLC34A3	0.3337222222222221	0.1195512661439266	0.9898101864326512	atman	0.103	
PR2-PR1	IGBP1	-0.3333666666666667	0.600860571668647	0.9898101864326512	atman	0.103	
PR2-PR1	HNF1A	0.3331428571428571	0.1749011434783867	0.9898101864326512	atman	0.103	
PR2-PR1	MSRA	-0.3326888888888888	0.2000485789403607	0.9898101864326512	atman	0.103	
PR2-PR1	AGR3	-0.3323249999999999	0.207835279168032	0.9898101864326512	atman	0.103	
PR2-PR1	CALCOCO2	-0.3301888888888889	0.1396074323156833	0.9898101864326512	atman	0.103	
PR2-PR1	TPBGL	-0.3295571428571428	0.1422281125471081	0.9898101864326512	atman	0.103	
PR2-PR1	CKB	0.32848	0.1743143245899818	0.9898101864326512	atman	0.103	
PR2-PR1	CHM	-0.3278571428571428	0.1959145254717782	0.9898101864326512	atman	0.103	
PR2-PR1	TEX101	0.3273285714285714	0.2035903944422843	0.9898101864326512	atman	0.103	
PR2-PR1	RYR1	-0.3270777777777778	0.2344282005800688	0.9898101864326512	atman	0.103	
PR2-PR1	RAB11FIP3	-0.3253799999999998	0.5652875096240857	0.9898101864326512	atman	0.103	
PR2-PR1	SCRIB	-0.3242	0.15472902250108	0.9898101864326512	atman	0.103	
PR2-PR1	MTDH	-0.3239888888888889	0.4750593708105484	0.9898101864326512	atman	0.103	
PR2-PR1	TSPAN15	0.3237888888888889	0.0860088047981955	0.9898101864326512	atman	0.103	
PR2-PR1	SNAP23	-0.3237333333333333	0.5252070917635141	0.9898101864326512	atman	0.103	
PR2-PR1	ADGRV1	0.3236374999999999	0.2232007988954127	0.9898101864326512	atman	0.103	
PR2-PR1	TXLNA	-0.323611111111111	0.2707842711166859	0.9898101864326512	atman	0.103	
PR2-PR1	SMAD3	0.32337	0.2376423500545688	0.9898101864326512	atman	0.103	
PR2-PR1	RGS10	0.3229999999999999	0.1325385642324295	0.9898101864326512	atman	0.103	
PR2-PR1	GRIK2	0.3223	0.1909290150214562	0.9898101864326512	atman	0.103	
PR2-PR1	TXNL1	0.3216	0.278781646058249	0.9898101864326512	atman	0.103	
PR2-PR1	TGFA	0.3209125	0.4272984577423948	0.9898101864326512	atman	0.103	
PR2-PR1	NFX1	-0.3196333333333333	0.5743741840285965	0.9898101864326512	atman	0.103	
PR2-PR1	EPHA4	0.3191111111111111	0.1569713690259104	0.9898101864326512	atman	0.103	
PR2-PR1	CDC123	0.3190222222222221	0.3157440466929533	0.9898101864326512	atman	0.103	
PR2-PR1	LYN	-0.31901	0.2012289451081321	0.9898101864326512	atman	0.103	
PR2-PR1	ACOX1	-0.3188666666666667	0.1191161534138862	0.9898101864326512	atman	0.103	
PR2-PR1	CTSH	0.3187999999999999	0.3548295101447671	0.9898101864326512	atman	0.103	
PR2-PR1	SV2A	-0.3182285714285713	0.2837905858726754	0.9898101864326512	atman	0.103	
PR2-PR1	HSD17B3	0.318211111111111	0.2775729270861462	0.9898101864326512	atman	0.103	
PR2-PR1	RBP7	0.3181999999999999	0.3031363719587761	0.9898101864326512	atman	0.103	
PR2-PR1	AIDA	-0.3179571428571428	0.3120404047062526	0.9898101864326512	atman	0.103	
PR2-PR1	DOK2	-0.3165333333333333	0.5217138322133372	0.9898101864326512	atman	0.103	
PR2-PR1	LMOD1	0.3157888888888889	0.2411427702160407	0.9898101864326512	atman	0.103	
PR2-PR1	IL2RG	0.31531	0.0845728375159586	0.9898101864326512	atman	0.103	
PR2-PR1	HPSE	0.3152899999999999	0.570585785103348	0.9898101864326512	atman	0.103	
PR2-PR1	GNE	-0.3152875000000001	0.456855380885047	0.9898101864326512	atman	0.103	
PR2-PR1	DTX2	0.3152714285714286	0.3275476325618871	0.9898101864326512	atman	0.103	
PR2-PR1	RAPGEF2	0.3150249999999999	0.4569314436470362	0.9898101864326512	atman	0.103	
PR2-PR1	NPTN	0.313275	0.2953778883905735	0.9898101864326512	atman	0.103	
PR2-PR1	IL7	0.3119249999999999	0.4144229319210386	0.9898101864326512	atman	0.103	
PR2-PR1	TPM3	0.3117888888888889	0.4453137660339323	0.9898101864326512	atman	0.103	
PR2-PR1	GFAP	-0.3114875	0.3316882016798843	0.9898101864326512	atman	0.103	
PR2-PR1	PPY	0.3100333333333334	0.1115472481371766	0.9898101864326512	atman	0.103	
PR2-PR1	KLK7	0.3097333333333333	0.0789825328870286	0.9898101864326512	atman	0.103	
PR2-PR1	KYAT1	-0.3093888888888888	0.3961494596690591	0.9898101864326512	atman	0.103	
PR2-PR1	CREB3	0.3086888888888889	0.2550314296644831	0.9898101864326512	atman	0.103	
PR2-PR1	NOS1	-0.3083625	0.5918356855137166	0.9898101864326512	atman	0.103	
PR2-PR1	PALM3	0.3077555555555555	0.2929817752666435	0.9898101864326512	atman	0.103	
PR2-PR1	OGT	0.3072375	0.2366990472143182	0.9898101864326512	atman	0.103	
PR2-PR1	PLA2G4A	-0.30713	0.2789277592323218	0.9898101864326512	atman	0.103	
PR2-PR1	LRTM1	0.3067999999999999	0.417370634200475	0.9898101864326512	atman	0.103	
PR2-PR1	MN1	0.3065714285714285	0.4677322798344283	0.9898101864326512	atman	0.103	
PR2-PR1	SLAMF7	0.305625	0.1988936060024548	0.9898101864326512	atman	0.103	
PR2-PR1	RALY	0.3053899999999999	0.2280825062630374	0.9898101864326512	atman	0.103	
PR2-PR1	IMPACT	-0.3047499999999999	0.3849701946411779	0.9898101864326512	atman	0.103	
PR2-PR1	COCH	0.30355	0.1512405468374045	0.9898101864326512	atman	0.103	
PR2-PR1	IVD	0.3031125	0.3331055550852411	0.9898101864326512	atman	0.103	
PR2-PR1	IGF2BP3	0.3030888888888889	0.1230285035458376	0.9898101864326512	atman	0.103	
PR2-PR1	SLC9A3R2	-0.30189	0.2076395017574972	0.9898101864326512	atman	0.103	
PR2-PR1	ATG16L1	-0.3018899999999999	0.4122696660095897	0.9898101864326512	atman	0.103	
PR2-PR1	PRKRA	-0.301625	0.3812890790168601	0.9898101864326512	atman	0.103	
PR2-PR1	TNFRSF17	0.3012666666666667	0.1223665348794353	0.9898101864326512	atman	0.103	
PR2-PR1	SMTN	-0.30062	0.5343310406441424	0.9898101864326512	atman	0.103	
PR2-PR1	ATXN2	0.3003125000000001	0.3173313270705995	0.9898101864326512	atman	0.103	
PR2-PR1	SERPINB9	-0.2990888888888888	0.1256167696006975	0.9898101864326512	atman	0.103	
PR2-PR1	NMT1	-0.2989333333333333	0.1785998216820341	0.9898101864326512	atman	0.103	
PR2-PR1	SHMT1	-0.29849	0.3338912735504382	0.9898101864326512	atman	0.103	
PR2-PR1	ADAM9	0.29847	0.1658489759034662	0.9898101864326512	atman	0.103	
PR2-PR1	PRDX2	-0.298411111111111	0.2930469795591242	0.9898101864326512	atman	0.103	
PR2-PR1	WWP2	-0.2981333333333333	0.2202260660845134	0.9898101864326512	atman	0.103	
PR2-PR1	GABARAPL1	0.297925	0.0731155022122704	0.9898101864326512	atman	0.103	
PR2-PR1	POLR2A	0.2968555555555555	0.3158409898780421	0.9898101864326512	atman	0.103	
PR2-PR1	TIE1	-0.29581	0.0933408978911756	0.9898101864326512	atman	0.103	
PR2-PR1	PCDHB15	0.29555	0.1332915003786574	0.9898101864326512	atman	0.103	
PR2-PR1	HS1BP3	-0.2955	0.0796649561756335	0.9898101864326512	atman	0.103	
PR2-PR1	PLPBP	-0.2953333333333333	0.4285870361894366	0.9898101864326512	atman	0.103	
PR2-PR1	SCP2	0.295125	0.1006227868583002	0.9898101864326512	atman	0.103	
PR2-PR1	ANK2	0.2944444444444444	0.1047359484014411	0.9898101864326512	atman	0.103	
PR2-PR1	FGF6	0.2943555555555556	0.1156278443528204	0.9898101864326512	atman	0.103	
PR2-PR1	ALDH5A1	-0.2941	0.1440682329017091	0.9898101864326512	atman	0.103	
PR2-PR1	SUSD5	0.2929555555555556	0.1603580165237657	0.9898101864326512	atman	0.103	
PR2-PR1	EGLN1	0.2915249999999999	0.2574538080757778	0.9898101864326512	atman	0.103	
PR2-PR1	UROS	-0.2908285714285714	0.4181570783458483	0.9898101864326512	atman	0.103	
PR2-PR1	UBE2B	-0.29042	0.1104609279383515	0.9898101864326512	atman	0.103	
PR2-PR1	ATG4A	-0.2903125	0.5356413065754977	0.9898101864326512	atman	0.103	
PR2-PR1	TNF	-0.2899777777777778	0.1582481874135231	0.9898101864326512	atman	0.103	
PR2-PR1	KLRC1	0.2895625	0.1267922578773253	0.9898101864326512	atman	0.103	
PR2-PR1	DEFB4A_DEFB4B	0.2890100000000001	0.6325740846512846	0.9898101864326512	atman	0.103	
PR2-PR1	CAMSAP1	-0.2884555555555556	0.5424554745782237	0.9898101864326512	atman	0.103	
PR2-PR1	PRDX1	-0.2884444444444444	0.1475424527112685	0.9898101864326512	atman	0.103	
PR2-PR1	HDAC8	0.2883666666666666	0.2342214504720725	0.9898101864326512	atman	0.103	
PR2-PR1	HS6ST2	0.2881666666666667	0.0961540135031275	0.9898101864326512	atman	0.103	
PR2-PR1	GAD1	0.2872444444444444	0.1017435249805753	0.9898101864326512	atman	0.103	
PR2-PR1	SCT	0.2871857142857142	0.189411023614396	0.9898101864326512	atman	0.103	
PR2-PR1	ATXN3	-0.28692	0.4685637221608496	0.9898101864326512	atman	0.103	
PR2-PR1	SWAP70	0.28667	0.1759073600860679	0.9898101864326512	atman	0.103	
PR2-PR1	MPI	-0.28662	0.1667933833543293	0.9898101864326512	atman	0.103	
PR2-PR1	LPL	-0.2864	0.1175062818221008	0.9898101864326512	atman	0.103	
PR2-PR1	DNAJA2	-0.2859899999999999	0.4840823063224291	0.9898101864326512	atman	0.103	
PR2-PR1	CASP4	0.2859875	0.3539860850689134	0.9898101864326512	atman	0.103	
PR2-PR1	CPA4	0.2857555555555555	0.078673868884564	0.9898101864326512	atman	0.103	
PR2-PR1	CD82	-0.2857499999999999	0.3714196227823132	0.9898101864326512	atman	0.103	
PR2-PR1	CRHR1	-0.2849555555555556	0.1809865742334762	0.9898101864326512	atman	0.103	
PR2-PR1	GOLGA3	-0.2849222222222221	0.2041825808373971	0.9898101864326512	atman	0.103	
PR2-PR1	PPP2R5A	-0.2848099999999999	0.5160661777410787	0.9898101864326512	atman	0.103	
PR2-PR1	CBS	0.2841222222222221	0.3917946746172025	0.9898101864326512	atman	0.103	
PR2-PR1	GHRL	-0.2839222222222223	0.0798842359500173	0.9898101864326512	atman	0.103	
PR2-PR1	ST13	-0.2835333333333332	0.5715986244984208	0.9898101864326512	atman	0.103	
PR2-PR1	SH3BGRL2	-0.2833125	0.2852688581237588	0.9898101864326512	atman	0.103	
PR2-PR1	BCL2L1	-0.28163	0.4229553865589774	0.9898101864326512	atman	0.103	
PR2-PR1	MAP1LC3B2	0.2812555555555555	0.4376868549189474	0.9898101864326512	atman	0.103	
PR2-PR1	HCG22	0.2809444444444444	0.1224320081241128	0.9898101864326512	atman	0.103	
PR2-PR1	ESPL1	0.2809	0.2628864223702623	0.9898101864326512	atman	0.103	
PR2-PR1	SNRPB2	0.28076	0.186301590075421	0.9898101864326512	atman	0.103	
PR2-PR1	EPB41L5	-0.2803428571428571	0.5603485534199251	0.9898101864326512	atman	0.103	
PR2-PR1	CD2AP	-0.2801666666666666	0.427393534090835	0.9898101864326512	atman	0.103	
PR2-PR1	MTIF3	-0.2798899999999999	0.4753391172733843	0.9898101864326512	atman	0.103	
PR2-PR1	BAP18	0.2786799999999999	0.310911795041084	0.9898101864326512	atman	0.103	
PR2-PR1	TEF	0.2786333333333333	0.2292593223112815	0.9898101864326512	atman	0.103	
PR2-PR1	SPRING1	0.2778444444444444	0.142837083808299	0.9898101864326512	atman	0.103	
PR2-PR1	BAX	-0.2776875	0.4312898751262	0.9898101864326512	atman	0.103	
PR2-PR1	TNFSF14	0.2776555555555555	0.54704840958402	0.9898101864326512	atman	0.103	
PR2-PR1	UBXN1	-0.2774	0.481267358430494	0.9898101864326512	atman	0.103	
PR2-PR1	PSME2	-0.2773333333333332	0.3771197637247958	0.9898101864326512	atman	0.103	
PR2-PR1	MESD	-0.27729	0.4336254227972596	0.9898101864326512	atman	0.103	
PR2-PR1	MTR	0.2772666666666666	0.4490596619882492	0.9898101864326512	atman	0.103	
PR2-PR1	JCHAIN	-0.2771111111111111	0.5042231119363627	0.9898101864326512	atman	0.103	
PR2-PR1	ELOA	0.2761099999999999	0.106848374719279	0.9898101864326512	atman	0.103	
PR2-PR1	CLIP2	-0.2759625	0.6301236591959856	0.9898101864326512	atman	0.103	
PR2-PR1	PF4	0.2758799999999999	0.6854919360164631	0.9898101864326512	atman	0.103	
PR2-PR1	HIP1R	0.27564	0.1042946892610845	0.9898101864326512	atman	0.103	
PR2-PR1	RPA2	0.2754999999999999	0.3356408510675268	0.9898101864326512	atman	0.103	
PR2-PR1	TRIAP1	-0.27496	0.3471372865507476	0.9898101864326512	atman	0.103	
PR2-PR1	SH2B3	-0.274175	0.416704033860384	0.9898101864326512	atman	0.103	
PR2-PR1	RAB44	0.2736	0.3375870818818143	0.9898101864326512	atman	0.103	
PR2-PR1	PSAP	0.27325	0.1521480828547452	0.9898101864326512	atman	0.103	
PR2-PR1	ILKAP	0.2729125	0.4371111696268901	0.9898101864326512	atman	0.103	
PR2-PR1	SOX9	0.2727428571428571	0.5760362399545833	0.9898101864326512	atman	0.103	
PR2-PR1	CYB5A	0.2727333333333333	0.2134307892817928	0.9898101864326512	atman	0.103	
PR2-PR1	PFDN6	-0.2724	0.3425583980105671	0.9898101864326512	atman	0.103	
PR2-PR1	FRZB	-0.2724	0.1475095351739523	0.9898101864326512	atman	0.103	
PR2-PR1	STX1B	0.2719999999999999	0.3658608662200828	0.9898101864326512	atman	0.103	
PR2-PR1	PKN3	-0.2718375	0.5348034757680917	0.9898101864326512	atman	0.103	
PR2-PR1	KAZN	-0.27183	0.4982556085446177	0.9898101864326512	atman	0.103	
PR2-PR1	INPP1	-0.2715999999999999	0.148529105153147	0.9898101864326512	atman	0.103	
PR2-PR1	CDC42BPB	-0.27075	0.5613414563311165	0.9898101864326512	atman	0.103	
PR2-PR1	KCNH2	0.2702714285714284	0.2356254521906846	0.9898101864326512	atman	0.103	
PR2-PR1	YES1	-0.27007	0.5447037848112615	0.9898101864326512	atman	0.103	
PR2-PR1	CDC26	-0.26985	0.1540274240322303	0.9898101864326512	atman	0.103	
PR2-PR1	PDXDC1	0.2696333333333334	0.2177041649648408	0.9898101864326512	atman	0.103	
PR2-PR1	CEP152	0.2696333333333333	0.3425430814354233	0.9898101864326512	atman	0.103	
PR2-PR1	ATXN10	0.2695125	0.2651649476370228	0.9898101864326512	atman	0.103	
PR2-PR1	PPIE	0.2693375	0.2342694880670555	0.9898101864326512	atman	0.103	
PR2-PR1	PINLYP	0.2692666666666666	0.1172966901977967	0.9898101864326512	atman	0.103	
PR2-PR1	CBLN1	0.2684375	0.2438914107701948	0.9898101864326512	atman	0.103	
PR2-PR1	CASQ2	0.2682888888888889	0.1453058821680566	0.9898101864326512	atman	0.103	
PR2-PR1	CDKN2D	-0.26753	0.5385378898557467	0.9898101864326512	atman	0.103	
PR2-PR1	BAG4	0.2673555555555555	0.193737035539558	0.9898101864326512	atman	0.103	
PR2-PR1	EIF5A	-0.2669222222222222	0.2021339559295889	0.9898101864326512	atman	0.103	
PR2-PR1	HLA-E	-0.2664749999999999	0.139044145668828	0.9898101864326512	atman	0.103	
PR2-PR1	REST	0.2662333333333333	0.2036629735973401	0.9898101864326512	atman	0.103	
PR2-PR1	RBKS	-0.2659777777777777	0.4576626642872075	0.9898101864326512	atman	0.103	
PR2-PR1	DNAJA4	-0.2658499999999999	0.5294690806736901	0.9898101864326512	atman	0.103	
PR2-PR1	CD248	0.2656	0.0833156052020336	0.9898101864326512	atman	0.103	
PR2-PR1	GLI2	0.2655	0.0797166772484383	0.9898101864326512	atman	0.103	
PR2-PR1	EVI5	-0.2652777777777777	0.5385698442795208	0.9898101864326512	atman	0.103	
PR2-PR1	SAT2	0.2648	0.1363648704115363	0.9898101864326512	atman	0.103	
PR2-PR1	APEX1	0.26347	0.5646181097862424	0.9898101864326512	atman	0.103	
PR2-PR1	IMPA1	-0.2632444444444444	0.327045522094687	0.9898101864326512	atman	0.103	
PR2-PR1	PRKAR1A	-0.2620222222222222	0.5791639065583918	0.9898101864326512	atman	0.103	
PR2-PR1	ACSL1	0.2619	0.1071590847796604	0.9898101864326512	atman	0.103	
PR2-PR1	KRT19	0.2615625	0.2611148977209208	0.9898101864326512	atman	0.103	
PR2-PR1	DCUN1D2	0.2608444444444444	0.3282635150156399	0.9898101864326512	atman	0.103	
PR2-PR1	TRIM5	-0.2608	0.3870683980971765	0.9898101864326512	atman	0.103	
PR2-PR1	MANF	-0.26065	0.6395215460634149	0.9898101864326512	atman	0.103	
PR2-PR1	MYLPF	-0.2604571428571428	0.7649385249161169	0.9898101864326512	atman	0.103	
PR2-PR1	GPKOW	-0.2602624999999999	0.136948887069447	0.9898101864326512	atman	0.103	
PR2-PR1	SERPINA12	0.2594888888888887	0.3133027856656893	0.9898101864326512	atman	0.103	
PR2-PR1	DBI	-0.25914	0.3719051516370193	0.9898101864326512	atman	0.103	
PR2-PR1	MRPL28	0.2590222222222222	0.3142259663352096	0.9898101864326512	atman	0.103	
PR2-PR1	OXCT1	-0.2576444444444444	0.2284304763401228	0.9898101864326512	atman	0.103	
PR2-PR1	EPHA10	0.2572875	0.3335524993328065	0.9898101864326512	atman	0.103	
PR2-PR1	PRL	-0.25644	0.2321894723105453	0.9898101864326512	atman	0.103	
PR2-PR1	USP47	0.2563222222222222	0.3022854208124212	0.9898101864326512	atman	0.103	
PR2-PR1	TBC1D5	-0.2562124999999999	0.5714385052782707	0.9898101864326512	atman	0.103	
PR2-PR1	ZP4	0.256	0.1044191194900365	0.9898101864326512	atman	0.103	
PR2-PR1	CCDC28A	0.2550571428571428	0.5622477314128065	0.9898101864326512	atman	0.103	
PR2-PR1	IFNL2	0.2548625	0.2255092629340227	0.9898101864326512	atman	0.103	
PR2-PR1	MMP9	0.2547099999999999	0.6051727565330269	0.9898101864326512	atman	0.103	
PR2-PR1	SEL1L	0.2544555555555556	0.4254472294465801	0.9898101864326512	atman	0.103	
PR2-PR1	BSND	0.254111111111111	0.2208979693472306	0.9898101864326512	atman	0.103	
PR2-PR1	FABP5	-0.25397	0.3860525610541938	0.9898101864326512	atman	0.103	
PR2-PR1	TXNRD1	-0.25396	0.1833275810871724	0.9898101864326512	atman	0.103	
PR2-PR1	PLA2G10	-0.2537333333333333	0.1512835662923954	0.9898101864326512	atman	0.103	
PR2-PR1	NFKB1	0.2535333333333334	0.4656850366183924	0.9898101864326512	atman	0.103	
PR2-PR1	GIMAP8	0.2532888888888889	0.1337814031948798	0.9898101864326512	atman	0.103	
PR2-PR1	HIF1A	-0.2530333333333333	0.2508945270455678	0.9898101864326512	atman	0.103	
PR2-PR1	NUDT15	0.2529555555555555	0.5044423684740549	0.9898101864326512	atman	0.103	
PR2-PR1	ITPR1	0.2526	0.0966900199089824	0.9898101864326512	atman	0.103	
PR2-PR1	SKAP2	-0.2525799999999999	0.5608179706664387	0.9898101864326512	atman	0.103	
PR2-PR1	TAGLN3	-0.252111111111111	0.4401038867194025	0.9898101864326512	atman	0.103	
PR2-PR1	DNAJC9	-0.2518499999999999	0.4987983136405285	0.9898101864326512	atman	0.103	
PR2-PR1	MAGED1	-0.251025	0.0872960213882154	0.9898101864326512	atman	0.103	
PR2-PR1	PFDN4	-0.2508555555555555	0.2648997549924972	0.9898101864326512	atman	0.103	
PR2-PR1	MAPT	-0.2507874999999999	0.4261303342699774	0.9898101864326512	atman	0.103	
PR2-PR1	IL20RB	0.2499888888888889	0.1879444943893113	0.9898101864326512	atman	0.103	
PR2-PR1	NCLN	-0.2492888888888888	0.1459600274392822	0.9898101864326512	atman	0.103	
PR2-PR1	LELP1	0.249225	0.3958637100508269	0.9898101864326512	atman	0.103	
PR2-PR1	LSM1	-0.2491124999999999	0.4454264420378746	0.9898101864326512	atman	0.103	
PR2-PR1	TRAF3IP2	0.2489888888888889	0.0864579880092302	0.9898101864326512	atman	0.103	
PR2-PR1	CXCL10	-0.24856	0.0819651580324152	0.9898101864326512	atman	0.103	
PR2-PR1	HMOX2	-0.2485375	0.2006963357348388	0.9898101864326512	atman	0.103	
PR2-PR1	CA3	-0.24789	0.6538590642803608	0.9898101864326512	atman	0.103	
PR2-PR1	MMP13	-0.2478125	0.3496161409244038	0.9898101864326512	atman	0.103	
PR2-PR1	PXDNL	0.24779	0.1309617523999471	0.9898101864326512	atman	0.103	
PR2-PR1	DDX58	-0.2468125	0.3016701671348836	0.9898101864326512	atman	0.103	
PR2-PR1	DFFA	-0.2464699999999999	0.275961069756792	0.9898101864326512	atman	0.103	
PR2-PR1	FBLN2	0.24618	0.1302667775606936	0.9898101864326512	atman	0.103	
PR2-PR1	CEP43	-0.2458111111111111	0.2605241163213758	0.9898101864326512	atman	0.103	
PR2-PR1	GTF2IRD1	-0.245625	0.4745766413991732	0.9898101864326512	atman	0.103	
PR2-PR1	DTYMK	-0.2453900000000001	0.6123918941747681	0.9898101864326512	atman	0.103	
PR2-PR1	GLO1	-0.2453888888888889	0.5328107189398104	0.9898101864326512	atman	0.103	
PR2-PR1	PSMD9	-0.24481	0.5071850320134275	0.9898101864326512	atman	0.103	
PR2-PR1	ODAM	-0.2448	0.2004606603230221	0.9898101864326512	atman	0.103	
PR2-PR1	C1GALT1C1	0.2445222222222222	0.301256502821412	0.9898101864326512	atman	0.103	
PR2-PR1	SLC9A3R1	0.2444888888888889	0.496958361928139	0.9898101864326512	atman	0.103	
PR2-PR1	OSBPL2	0.24444	0.0955046748876484	0.9898101864326512	atman	0.103	
PR2-PR1	ECI2	0.2443444444444444	0.3319371964788655	0.9898101864326512	atman	0.103	
PR2-PR1	CASP8	-0.24397	0.3373519984049686	0.9898101864326512	atman	0.103	
PR2-PR1	TST	-0.243725	0.4989563548887294	0.9898101864326512	atman	0.103	
PR2-PR1	DKK1	0.2435699999999999	0.4677252509409322	0.9898101864326512	atman	0.103	
PR2-PR1	AKR1B10	-0.2431285714285714	0.2742677583297062	0.9898101864326512	atman	0.103	
PR2-PR1	APP	0.2431199999999999	0.5117215142561744	0.9898101864326512	atman	0.103	
PR2-PR1	BCL2	0.2429599999999999	0.3014270726150223	0.9898101864326512	atman	0.103	
PR2-PR1	DNMBP	-0.2425666666666667	0.4248695812584113	0.9898101864326512	atman	0.103	
PR2-PR1	NXPH1	-0.2419249999999999	0.6287260513312007	0.9898101864326512	atman	0.103	
PR2-PR1	ASRGL1	-0.2418666666666666	0.5333116734042047	0.9898101864326512	atman	0.103	
PR2-PR1	MYH9	-0.2416900000000001	0.6686120566928899	0.9898101864326512	atman	0.103	
PR2-PR1	SCAMP3	-0.24146	0.530812782632091	0.9898101864326512	atman	0.103	
PR2-PR1	TSNAX	0.2408222222222222	0.4771264423978292	0.9898101864326512	atman	0.103	
PR2-PR1	SEC31A	-0.2407111111111111	0.3300024623766557	0.9898101864326512	atman	0.103	
PR2-PR1	SLC39A14	0.2403124999999999	0.2869447505306894	0.9898101864326512	atman	0.103	
PR2-PR1	AOC1	0.2400999999999999	0.0754651719834336	0.9898101864326512	atman	0.103	
PR2-PR1	CSDE1	-0.2397222222222222	0.623224444049207	0.9898101864326512	atman	0.103	
PR2-PR1	NUMB	-0.2395444444444444	0.3990123360136475	0.9898101864326512	atman	0.103	
PR2-PR1	CA5A	-0.2390333333333333	0.3918713041979347	0.9898101864326512	atman	0.103	
PR2-PR1	MTHFSD	0.238925	0.5936873760684813	0.9898101864326512	atman	0.103	
PR2-PR1	AIFM1	-0.23862	0.5338348600047258	0.9898101864326512	atman	0.103	
PR2-PR1	BDNF	0.2385500000000001	0.7027859963960816	0.9898101864326512	atman	0.103	
PR2-PR1	FGF3	-0.2385444444444444	0.172996227710569	0.9898101864326512	atman	0.103	
PR2-PR1	ENO2	-0.23845	0.3931507589993144	0.9898101864326512	atman	0.103	
PR2-PR1	IDI2	0.23845	0.5663693644303047	0.9898101864326512	atman	0.103	
PR2-PR1	CENPF	-0.2383375	0.4747511228708883	0.9898101864326512	atman	0.103	
PR2-PR1	NUBP1	-0.2380300000000001	0.4678078455953192	0.9898101864326512	atman	0.103	
PR2-PR1	MAD1L1	-0.2379777777777777	0.1940471120147784	0.9898101864326512	atman	0.103	
PR2-PR1	GLRX	-0.237811111111111	0.5900048522415513	0.9898101864326512	atman	0.103	
PR2-PR1	RNASEH2A	0.2366222222222222	0.1309026726110103	0.9898101864326512	atman	0.103	
PR2-PR1	ARHGEF10	-0.2359555555555555	0.5610612171609246	0.9898101864326512	atman	0.103	
PR2-PR1	ADAM12	0.2357888888888888	0.1981536850949337	0.9898101864326512	atman	0.103	
PR2-PR1	MCFD2	0.2354777777777778	0.1133743091665298	0.9898101864326512	atman	0.103	
PR2-PR1	TRAF2	-0.2348499999999999	0.6115650289725911	0.9898101864326512	atman	0.103	
PR2-PR1	TPT1	-0.2347555555555555	0.0951202958827015	0.9898101864326512	atman	0.103	
PR2-PR1	MICALL2	-0.2346285714285714	0.6307547521718206	0.9898101864326512	atman	0.103	
PR2-PR1	EFCAB2	0.234475	0.1143865340154524	0.9898101864326512	atman	0.103	
PR2-PR1	CDC37	-0.2339555555555555	0.5735589678459909	0.9898101864326512	atman	0.103	
PR2-PR1	SLA2	-0.2335444444444445	0.556000598456083	0.9898101864326512	atman	0.103	
PR2-PR1	HTRA2	-0.2327777777777777	0.2712578109759562	0.9898101864326512	atman	0.103	
PR2-PR1	ZNRD2	-0.2327299999999999	0.2638898169039967	0.9898101864326512	atman	0.103	
PR2-PR1	DIABLO	-0.2326333333333333	0.629189615572697	0.9898101864326512	atman	0.103	
PR2-PR1	PDLIM5	-0.2322222222222221	0.6833449499894688	0.9898101864326512	atman	0.103	
PR2-PR1	GLOD4	-0.23218	0.3810672679821314	0.9898101864326512	atman	0.103	
PR2-PR1	IL13RA2	-0.232075	0.593699325650038	0.9898101864326512	atman	0.103	
PR2-PR1	FHIP2A	0.2320444444444444	0.1176559543632902	0.9898101864326512	atman	0.103	
PR2-PR1	IL5	0.2317888888888888	0.8226186710267891	0.9898101864326512	atman	0.103	
PR2-PR1	KIRREL2	0.2317749999999999	0.232899304372284	0.9898101864326512	atman	0.103	
PR2-PR1	PTPRC	0.2316899999999999	0.0988045047529291	0.9898101864326512	atman	0.103	
PR2-PR1	CHAD	0.2313222222222222	0.2533584950403111	0.9898101864326512	atman	0.103	
PR2-PR1	DGKA	-0.231288888888889	0.3952185495521056	0.9898101864326512	atman	0.103	
PR2-PR1	CD3D	0.2312	0.2410958163088374	0.9898101864326512	atman	0.103	
PR2-PR1	PPCDC	-0.23118	0.3268210388742014	0.9898101864326512	atman	0.103	
PR2-PR1	EIF2AK2	-0.2309599999999999	0.6086464593224028	0.9898101864326512	atman	0.103	
PR2-PR1	HEPH	0.2307199999999999	0.200008240181442	0.9898101864326512	atman	0.103	
PR2-PR1	NDUFS6	-0.2304625	0.70550899193497	0.9898101864326512	atman	0.103	
PR2-PR1	CRX	-0.2299	0.2852110923718336	0.9898101864326512	atman	0.103	
PR2-PR1	INHBB	0.2297888888888889	0.2306654117310365	0.9898101864326512	atman	0.103	
PR2-PR1	EPO	0.2296875	0.4062193063728787	0.9898101864326512	atman	0.103	
PR2-PR1	HAGH	-0.2296799999999999	0.2947404284557284	0.9898101864326512	atman	0.103	
PR2-PR1	ECSCR	0.2295874999999999	0.3099626167834648	0.9898101864326512	atman	0.103	
PR2-PR1	CA13	-0.2295333333333333	0.595035114055662	0.9898101864326512	atman	0.103	
PR2-PR1	TDO2	-0.2294428571428571	0.3073626599916665	0.9898101864326512	atman	0.103	
PR2-PR1	STAM	-0.2285599999999999	0.2176601477682638	0.9898101864326512	atman	0.103	
PR2-PR1	TOP1	0.22834	0.1115787011180415	0.9898101864326512	atman	0.103	
PR2-PR1	KLF4	0.2280249999999999	0.4187383309313732	0.9898101864326512	atman	0.103	
PR2-PR1	PAIP2B	-0.228011111111111	0.3959523658504182	0.9898101864326512	atman	0.103	
PR2-PR1	NOTCH2	0.2278	0.1767541617558952	0.9898101864326512	atman	0.103	
PR2-PR1	FIS1	-0.22715	0.5109329487504126	0.9898101864326512	atman	0.103	
PR2-PR1	CGA	-0.22649	0.1905715394600835	0.9898101864326512	atman	0.103	
PR2-PR1	HBEGF	0.22633	0.4861373086341403	0.9898101864326512	atman	0.103	
PR2-PR1	TSHB	-0.2256777777777778	0.2109388409593418	0.9898101864326512	atman	0.103	
PR2-PR1	PCSK7	-0.22549	0.2081321061112402	0.9898101864326512	atman	0.103	
PR2-PR1	ARHGEF12	-0.2254750000000001	0.6030211475765095	0.9898101864326512	atman	0.103	
PR2-PR1	INPPL1	-0.22525	0.4278250779693531	0.9898101864326512	atman	0.103	
PR2-PR1	FDX1	-0.2252333333333333	0.3417591923724556	0.9898101864326512	atman	0.103	
PR2-PR1	MORN4	0.2250444444444444	0.3130578058361852	0.9898101864326512	atman	0.103	
PR2-PR1	SOWAHA	0.2248428571428571	0.2168821346164806	0.9898101864326512	atman	0.103	
PR2-PR1	ACRV1	0.2239111111111111	0.3115792995430348	0.9898101864326512	atman	0.103	
PR2-PR1	OPTC	-0.22388	0.1984423908534855	0.9898101864326512	atman	0.103	
PR2-PR1	CD40LG	0.22356	0.6664733213853484	0.9898101864326512	atman	0.103	
PR2-PR1	IMPG1	0.223425	0.3257313654848364	0.9898101864326512	atman	0.103	
PR2-PR1	TEX33	0.2230999999999999	0.2767370403537315	0.9898101864326512	atman	0.103	
PR2-PR1	CORO1A	-0.2228199999999999	0.5775610511877651	0.9898101864326512	atman	0.103	
PR2-PR1	CD226	0.2224888888888889	0.5828761811641641	0.9898101864326512	atman	0.103	
PR2-PR1	ARMCX2	0.2222124999999999	0.5590855309296483	0.9898101864326512	atman	0.103	
PR2-PR1	GABRA4	-0.222125	0.3384362222094133	0.9898101864326512	atman	0.103	
PR2-PR1	DUT	-0.22212	0.4629539856337694	0.9898101864326512	atman	0.103	
PR2-PR1	SCN3A	0.2212142857142857	0.4715227246008537	0.9898101864326512	atman	0.103	
PR2-PR1	DDX4	0.2210666666666666	0.4215444867017444	0.9898101864326512	atman	0.103	
PR2-PR1	PSMC3	-0.2210333333333333	0.174258915787647	0.9898101864326512	atman	0.103	
PR2-PR1	SCRG1	0.22063	0.1072045431691364	0.9898101864326512	atman	0.103	
PR2-PR1	SORD	-0.2202199999999999	0.3062479346121161	0.9898101864326512	atman	0.103	
PR2-PR1	FGF12	0.2201	0.0973188226708741	0.9898101864326512	atman	0.103	
PR2-PR1	TIGIT	0.2200749999999999	0.2220857508291702	0.9898101864326512	atman	0.103	
PR2-PR1	TPMT	-0.2197999999999999	0.4480535713614046	0.9898101864326512	atman	0.103	
PR2-PR1	FAM172A	-0.2194222222222222	0.1517481414641834	0.9898101864326512	atman	0.103	
PR2-PR1	SNAPIN	-0.2193333333333333	0.4004122851216691	0.9898101864326512	atman	0.103	
PR2-PR1	PAPPA	-0.2192888888888888	0.5039792651056754	0.9898101864326512	atman	0.103	
PR2-PR1	ADGRF5	0.21915	0.2483731671898335	0.9898101864326512	atman	0.103	
PR2-PR1	VSTM2B	0.2190375	0.2250112219357967	0.9898101864326512	atman	0.103	
PR2-PR1	RAD51	0.217725	0.2755612385885695	0.9898101864326512	atman	0.103	
PR2-PR1	CEACAM16	0.2175599999999999	0.2140966975873046	0.9898101864326512	atman	0.103	
PR2-PR1	GBA	-0.2173714285714286	0.6393060918094058	0.9898101864326512	atman	0.103	
PR2-PR1	RPGR	-0.2169	0.3750498024900315	0.9898101864326512	atman	0.103	
PR2-PR1	SLITRK1	0.2166333333333333	0.2297588015876921	0.9898101864326512	atman	0.103	
PR2-PR1	CEP85	0.2165249999999998	0.666473095886831	0.9898101864326512	atman	0.103	
PR2-PR1	TARS1	-0.2165099999999999	0.3636898265543944	0.9898101864326512	atman	0.103	
PR2-PR1	HTR1A	0.2164625	0.1230047565775538	0.9898101864326512	atman	0.103	
PR2-PR1	DEFA1_DEFA1B	-0.2163199999999999	0.2425526601644358	0.9898101864326512	atman	0.103	
PR2-PR1	MAP2K6	-0.2162875	0.6645069116983766	0.9898101864326512	atman	0.103	
PR2-PR1	HPCAL1	-0.21521	0.5076187456492243	0.9898101864326512	atman	0.103	
PR2-PR1	GPR101	0.2150874999999999	0.250751896037114	0.9898101864326512	atman	0.103	
PR2-PR1	DYNLT1	0.2150142857142857	0.2159346357153784	0.9898101864326512	atman	0.103	
PR2-PR1	PTPRH	0.21478	0.2020291916188985	0.9898101864326512	atman	0.103	
PR2-PR1	STIP1	-0.21427	0.4780013587753897	0.9898101864326512	atman	0.103	
PR2-PR1	IPCEF1	-0.2142555555555555	0.5508477491294796	0.9898101864326512	atman	0.103	
PR2-PR1	GBP4	0.2142124999999999	0.388519859558166	0.9898101864326512	atman	0.103	
PR2-PR1	GPR158	0.2138888888888889	0.2136139821363936	0.9898101864326512	atman	0.103	
PR2-PR1	BRK1	0.2133749999999999	0.4070608549529275	0.9898101864326512	atman	0.103	
PR2-PR1	HEPACAM2	0.2130399999999999	0.0765674177150808	0.9898101864326512	atman	0.103	
PR2-PR1	BRME1	0.2128499999999999	0.1893102728881048	0.9898101864326512	atman	0.103	
PR2-PR1	WAS	-0.2127222222222222	0.6754100720225062	0.9898101864326512	atman	0.103	
PR2-PR1	SUMF2	0.2126900000000001	0.11699191769554	0.9898101864326512	atman	0.103	
PR2-PR1	MGMT	-0.2124	0.7123167406782089	0.9898101864326512	atman	0.103	
PR2-PR1	ITPRIP	0.212125	0.248185739523945	0.9898101864326512	atman	0.103	
PR2-PR1	NOS3	0.212025	0.2038547021750718	0.9898101864326512	atman	0.103	
PR2-PR1	PRKAR2A	-0.21169	0.6124644030441107	0.9898101864326512	atman	0.103	
PR2-PR1	AMFR	0.2115999999999999	0.3271319262283469	0.9898101864326512	atman	0.103	
PR2-PR1	CACNA1C	0.2113499999999999	0.2978132891406435	0.9898101864326512	atman	0.103	
PR2-PR1	DDX25	0.2112142857142857	0.1910290990737835	0.9898101864326512	atman	0.103	
PR2-PR1	SCPEP1	0.2104666666666667	0.6410341379988178	0.9898101864326512	atman	0.103	
PR2-PR1	DGKZ	-0.2103777777777778	0.3764267993458068	0.9898101864326512	atman	0.103	
PR2-PR1	NT5C1A	0.2100899999999999	0.2851585558413014	0.9898101864326512	atman	0.103	
PR2-PR1	GIT1	-0.2092666666666666	0.5805515812725681	0.9898101864326512	atman	0.103	
PR2-PR1	SNX2	0.20911	0.1338778565919613	0.9898101864326512	atman	0.103	
PR2-PR1	CSF3	-0.2090777777777778	0.3633566833439707	0.9898101864326512	atman	0.103	
PR2-PR1	ARAF	0.208975	0.5963084622821595	0.9898101864326512	atman	0.103	
PR2-PR1	COL3A1	0.2089399999999999	0.2173120500642951	0.9898101864326512	atman	0.103	
PR2-PR1	TCL1B	-0.2088111111111111	0.4036946903194089	0.9898101864326512	atman	0.103	
PR2-PR1	PADI4	0.2087125	0.5939204712130091	0.9898101864326512	atman	0.103	
PR2-PR1	SDK2	0.2084111111111111	0.2143841852617489	0.9898101864326512	atman	0.103	
PR2-PR1	SPRY2	-0.2083666666666666	0.3713090276017861	0.9898101864326512	atman	0.103	
PR2-PR1	TOMM20	-0.2081099999999999	0.4805791730325004	0.9898101864326512	atman	0.103	
PR2-PR1	SERPINA7	0.20788	0.2097108303273855	0.9898101864326512	atman	0.103	
PR2-PR1	KDM3A	-0.2078444444444444	0.3182143470992957	0.9898101864326512	atman	0.103	
PR2-PR1	PROCR	0.2078222222222222	0.354005804421392	0.9898101864326512	atman	0.103	
PR2-PR1	QDPR	-0.2076777777777777	0.5036933200245841	0.9898101864326512	atman	0.103	
PR2-PR1	ARG1	-0.20761	0.5813461116971379	0.9898101864326512	atman	0.103	
PR2-PR1	NECAP2	-0.2075777777777778	0.1491039916356098	0.9898101864326512	atman	0.103	
PR2-PR1	IGDCC3	0.2075624999999999	0.3769177036362892	0.9898101864326512	atman	0.103	
PR2-PR1	IL34	-0.2071249999999999	0.22358776400988	0.9898101864326512	atman	0.103	
PR2-PR1	TPRKB	0.2070222222222222	0.4367418577875659	0.9898101864326512	atman	0.103	
PR2-PR1	EPHX2	0.2069888888888889	0.3269517042555945	0.9898101864326512	atman	0.103	
PR2-PR1	ARTN	-0.2066888888888888	0.5142238580773779	0.9898101864326512	atman	0.103	
PR2-PR1	CPXM1	0.2066222222222222	0.5980461819928751	0.9898101864326512	atman	0.103	
PR2-PR1	BECN1	-0.2065777777777777	0.3958804763335379	0.9898101864326512	atman	0.103	
PR2-PR1	S100P	0.2057444444444444	0.3094990159457407	0.9898101864326512	atman	0.103	
PR2-PR1	AP2B1	-0.2054857142857143	0.4864333543992529	0.9898101864326512	atman	0.103	
PR2-PR1	DNLZ	-0.2051000000000001	0.7605904252317537	0.9898101864326512	atman	0.103	
PR2-PR1	BHLHE40	0.2044749999999999	0.5727010739253502	0.9898101864326512	atman	0.103	
PR2-PR1	RPE	0.2044375	0.1692455789380631	0.9898101864326512	atman	0.103	
PR2-PR1	CAT	-0.2040222222222222	0.5715029069949193	0.9898101864326512	atman	0.103	
PR2-PR1	PSMG4	-0.2038888888888889	0.5390803754690059	0.9898101864326512	atman	0.103	
PR2-PR1	NFATC3	-0.2037	0.4639840604901541	0.9898101864326512	atman	0.103	
PR2-PR1	FGF16	-0.2031777777777778	0.4369264773444132	0.9898101864326512	atman	0.103	
PR2-PR1	AMN	-0.2031222222222222	0.4209253245144144	0.9898101864326512	atman	0.103	
PR2-PR1	APOC1	0.2029599999999999	0.2858658555052986	0.9898101864326512	atman	0.103	
PR2-PR1	CTAG1A_CTAG1B	0.20295	0.4725992392445974	0.9898101864326512	atman	0.103	
PR2-PR1	NEDD4L	-0.2026555555555555	0.3376061591484691	0.9898101864326512	atman	0.103	
PR2-PR1	SELENOP	-0.2017	0.1903701324890356	0.9898101864326512	atman	0.103	
PR2-PR1	CPPED1	-0.20137	0.4182447495021222	0.9898101864326512	atman	0.103	
PR2-PR1	ANGPT1	0.20134	0.6623603266325644	0.9898101864326512	atman	0.103	
PR2-PR1	MOCS2	0.2012666666666667	0.5060694317409506	0.9898101864326512	atman	0.103	
PR2-PR1	DCTPP1	-0.2010111111111111	0.2635518134454839	0.9898101864326512	atman	0.103	
PR2-PR1	EFCAB14	0.20099	0.1093765051180162	0.9898101864326512	atman	0.103	
PR2-PR1	EIF1AX	0.2007899999999999	0.1868354886843699	0.9898101864326512	atman	0.103	
PR2-PR1	ARNTL	0.2003444444444444	0.1368891905805058	0.9898101864326512	atman	0.103	
PR2-PR1	PPP1R14A	-0.2000444444444444	0.4431502644435083	0.9898101864326512	atman	0.103	
PR2-PR1	ECE1	-0.1998	0.3907347475731375	0.9898101864326512	atman	0.103	
PR2-PR1	CLPP	-0.1997222222222222	0.6230100453476086	0.9898101864326512	atman	0.103	
PR2-PR1	INPP5J	-0.198711111111111	0.4437462051004095	0.9898101864326512	atman	0.103	
PR2-PR1	RGL2	0.1985	0.7589084980181431	0.9898101864326512	atman	0.103	
PR2-PR1	ATOX1	-0.1983777777777778	0.5497927924180543	0.9898101864326512	atman	0.103	
PR2-PR1	ENPP7	-0.1982799999999999	0.0997022109594563	0.9898101864326512	atman	0.103	
PR2-PR1	REPS1	0.1976555555555555	0.2093908650431362	0.9898101864326512	atman	0.103	
PR2-PR1	KIAA0319	0.19762	0.0918314878022357	0.9898101864326512	atman	0.103	
PR2-PR1	GRK5	-0.1975222222222222	0.3407151518097069	0.9898101864326512	atman	0.103	
PR2-PR1	DCC	-0.1972714285714285	0.3880765781111162	0.9898101864326512	atman	0.103	
PR2-PR1	MEGF11	0.1971111111111111	0.2081536629325779	0.9898101864326512	atman	0.103	
PR2-PR1	SCRN1	-0.197025	0.6204541922233886	0.9898101864326512	atman	0.103	
PR2-PR1	GOT1	-0.1968899999999999	0.6221764042217746	0.9898101864326512	atman	0.103	
PR2-PR1	MINDY1	-0.1966900000000001	0.6665509579946112	0.9898101864326512	atman	0.103	
PR2-PR1	DPP10	-0.1966625	0.3004464853943493	0.9898101864326512	atman	0.103	
PR2-PR1	IL15	-0.196575	0.0890297811635765	0.9898101864326512	atman	0.103	
PR2-PR1	BMPER	0.1964777777777777	0.123792765403087	0.9898101864326512	atman	0.103	
PR2-PR1	PARP1	-0.1964749999999999	0.1241939954045006	0.9898101864326512	atman	0.103	
PR2-PR1	TNF	-0.195975	0.0685830290563405	0.9898101864326512	atman	0.103	
PR2-PR1	GZMH	0.1959444444444445	0.1927722661968021	0.9898101864326512	atman	0.103	
PR2-PR1	TBC1D17	-0.1951625	0.2985771507804964	0.9898101864326512	atman	0.103	
PR2-PR1	ELAC1	-0.1951444444444444	0.5875777368059381	0.9898101864326512	atman	0.103	
PR2-PR1	LTB	-0.19477	0.1657846315024391	0.9898101864326512	atman	0.103	
PR2-PR1	IL17A	-0.1947	0.2829320834349076	0.9898101864326512	atman	0.103	
PR2-PR1	CD33	-0.1943222222222222	0.0843742925808581	0.9898101864326512	atman	0.103	
PR2-PR1	EXOSC10	0.1942444444444444	0.2308676353349787	0.9898101864326512	atman	0.103	
PR2-PR1	TRIM40	0.1942285714285714	0.5043657339868126	0.9898101864326512	atman	0.103	
PR2-PR1	LILRA3	0.1938199999999999	0.1562927984587752	0.9898101864326512	atman	0.103	
PR2-PR1	SLIT2	-0.1936875	0.4573170801803465	0.9898101864326512	atman	0.103	
PR2-PR1	HRG	0.19366	0.3070684048067131	0.9898101864326512	atman	0.103	
PR2-PR1	GBP6	0.1935333333333332	0.4110577115803568	0.9898101864326512	atman	0.103	
PR2-PR1	GPA33	-0.19346	0.2838912165674021	0.9898101864326512	atman	0.103	
PR2-PR1	PREB	-0.1934444444444444	0.333432123930679	0.9898101864326512	atman	0.103	
PR2-PR1	LRCH4	0.1933222222222222	0.6307496894899711	0.9898101864326512	atman	0.103	
PR2-PR1	S100A11	0.1931222222222222	0.3874690953378106	0.9898101864326512	atman	0.103	
PR2-PR1	LAMP1	0.19308	0.0911693794982915	0.9898101864326512	atman	0.103	
PR2-PR1	TCTN3	0.19275	0.1467050480076219	0.9898101864326512	atman	0.103	
PR2-PR1	CXCL9	-0.1925599999999999	0.0907686932519882	0.9898101864326512	atman	0.103	
PR2-PR1	MLLT1	-0.1925111111111112	0.6929942791349841	0.9898101864326512	atman	0.103	
PR2-PR1	GAMT	0.1924666666666666	0.3491938959795653	0.9898101864326512	atman	0.103	
PR2-PR1	ADGRD1	0.1921888888888889	0.1309674444419268	0.9898101864326512	atman	0.103	
PR2-PR1	IL2RB	-0.1918111111111111	0.4539084260084536	0.9898101864326512	atman	0.103	
PR2-PR1	FBN2	0.1910714285714285	0.4482041618896961	0.9898101864326512	atman	0.103	
PR2-PR1	CKMT1A_CKMT1B	-0.1909799999999999	0.1815734706505811	0.9898101864326512	atman	0.103	
PR2-PR1	MED21	-0.1909666666666666	0.477776541306222	0.9898101864326512	atman	0.103	
PR2-PR1	VSIG2	0.1908399999999999	0.1182630359903538	0.9898101864326512	atman	0.103	
PR2-PR1	IL17F	-0.1904666666666666	0.3174435014645107	0.9898101864326512	atman	0.103	
PR2-PR1	CEP112	0.1903666666666666	0.2652804013254797	0.9898101864326512	atman	0.103	
PR2-PR1	PSME1	-0.1903666666666666	0.4110375174556426	0.9898101864326512	atman	0.103	
PR2-PR1	UROD	-0.1902333333333333	0.7147515287305031	0.9898101864326512	atman	0.103	
PR2-PR1	SNX15	-0.1902	0.401438252836396	0.9898101864326512	atman	0.103	
PR2-PR1	AMBN	-0.1900666666666667	0.0727183154260999	0.9898101864326512	atman	0.103	
PR2-PR1	VSTM1	0.1899374999999999	0.2342657699042889	0.9898101864326512	atman	0.103	
PR2-PR1	ATP5PO	-0.1898125	0.4143094871213693	0.9898101864326512	atman	0.103	
PR2-PR1	PECR	0.1896333333333333	0.097720111156129	0.9898101864326512	atman	0.103	
PR2-PR1	CELA2A	0.1896	0.0715090357980057	0.9898101864326512	atman	0.103	
PR2-PR1	MPIG6B	-0.18908	0.6102184328087867	0.9898101864326512	atman	0.103	
PR2-PR1	FCER1A	0.1890222222222222	0.3262404873869577	0.9898101864326512	atman	0.103	
PR2-PR1	CTRL	0.18901	0.3415326741278559	0.9898101864326512	atman	0.103	
PR2-PR1	CSNK2A1	-0.1886999999999999	0.4182823644073554	0.9898101864326512	atman	0.103	
PR2-PR1	NPHS1	0.1884555555555555	0.1340226317215342	0.9898101864326512	atman	0.103	
PR2-PR1	RUVBL1	0.1877499999999999	0.2000439736712402	0.9898101864326512	atman	0.103	
PR2-PR1	CLEC11A	-0.1875099999999999	0.1421312867486666	0.9898101864326512	atman	0.103	
PR2-PR1	SIGLEC5	-0.18705	0.1812326436613895	0.9898101864326512	atman	0.103	
PR2-PR1	ERCC1	0.1865111111111111	0.56962909826342	0.9898101864326512	atman	0.103	
PR2-PR1	PTX3	-0.1864875	0.3402714672696092	0.9898101864326512	atman	0.103	
PR2-PR1	HBQ1	-0.18632	0.4793629568694855	0.9898101864326512	atman	0.103	
PR2-PR1	DMP1	0.1863111111111111	0.1479439734082444	0.9898101864326512	atman	0.103	
PR2-PR1	FARSA	-0.1862142857142857	0.5906027851253985	0.9898101864326512	atman	0.103	
PR2-PR1	PCDH7	0.18619	0.080985272376699	0.9898101864326512	atman	0.103	
PR2-PR1	TXNDC5	-0.18596	0.3944418610219833	0.9898101864326512	atman	0.103	
PR2-PR1	UPK3BL1	0.1856875	0.4044926491775424	0.9898101864326512	atman	0.103	
PR2-PR1	CLSTN3	0.1856799999999999	0.2018095623821412	0.9898101864326512	atman	0.103	
PR2-PR1	BNIP2	-0.1856199999999999	0.155060786281826	0.9898101864326512	atman	0.103	
PR2-PR1	TF	0.18552	0.1395272453737748	0.9898101864326512	atman	0.103	
PR2-PR1	ZNF75D	0.1854749999999999	0.6292721014885287	0.9898101864326512	atman	0.103	
PR2-PR1	CDK1	0.1848666666666666	0.546015693574458	0.9898101864326512	atman	0.103	
PR2-PR1	CYP24A1	-0.1846777777777778	0.3856700117480054	0.9898101864326512	atman	0.103	
PR2-PR1	FLI1	0.1844625	0.4582807241330648	0.9898101864326512	atman	0.103	
PR2-PR1	CNPY2	0.1837888888888889	0.121707263346056	0.9898101864326512	atman	0.103	
PR2-PR1	GMPR2	-0.1832333333333333	0.7236327621408218	0.9898101864326512	atman	0.103	
PR2-PR1	IFNW1	0.1831888888888888	0.2175662735432104	0.9898101864326512	atman	0.103	
PR2-PR1	KCNIP4	0.1826875	0.4947112883834719	0.9898101864326512	atman	0.103	
PR2-PR1	FGL1	-0.1826111111111111	0.6457943407415025	0.9898101864326512	atman	0.103	
PR2-PR1	KIFBP	-0.18253	0.6947891518481	0.9898101864326512	atman	0.103	
PR2-PR1	HCLS1	-0.18237	0.5591642242943449	0.9898101864326512	atman	0.103	
PR2-PR1	NPC2	0.1823199999999999	0.3163819443013449	0.9898101864326512	atman	0.103	
PR2-PR1	GIMAP7	0.1822	0.1761364933829758	0.9898101864326512	atman	0.103	
PR2-PR1	MUC13	0.1821249999999999	0.5393913136843702	0.9898101864326512	atman	0.103	
PR2-PR1	PTPRZ1	0.18203	0.3364956738619518	0.9898101864326512	atman	0.103	
PR2-PR1	GDNF	0.1817249999999999	0.3672539842100939	0.9898101864326512	atman	0.103	
PR2-PR1	SDCCAG8	-0.1816599999999999	0.692850403100981	0.9898101864326512	atman	0.103	
PR2-PR1	UNG	0.1816499999999999	0.511430311225427	0.9898101864326512	atman	0.103	
PR2-PR1	CAPS	0.1815	0.2884167516201565	0.9898101864326512	atman	0.103	
PR2-PR1	NUDT5	-0.1815	0.4306495796402796	0.9898101864326512	atman	0.103	
PR2-PR1	SESTD1	-0.18145	0.6094843259606924	0.9898101864326512	atman	0.103	
PR2-PR1	ARNT	0.1812777777777777	0.0780724559262029	0.9898101864326512	atman	0.103	
PR2-PR1	SCRIB	0.1812333333333333	0.6749379051148665	0.9898101864326512	atman	0.103	
PR2-PR1	RBM25	0.1811888888888889	0.6223912384005583	0.9898101864326512	atman	0.103	
PR2-PR1	FAM3D	0.18101	0.0989493563823402	0.9898101864326512	atman	0.103	
PR2-PR1	TSC22D1	-0.1809777777777778	0.307726903041118	0.9898101864326512	atman	0.103	
PR2-PR1	DDX1	0.18096	0.5623908884627546	0.9898101864326512	atman	0.103	
PR2-PR1	CHGB	-0.1808799999999999	0.1921175968796697	0.9898101864326512	atman	0.103	
PR2-PR1	CTRC	-0.18058	0.2126380150073448	0.9898101864326512	atman	0.103	
PR2-PR1	DLGAP5	0.1802444444444444	0.1335045189286141	0.9898101864326512	atman	0.103	
PR2-PR1	KEL	-0.1802249999999999	0.2418771236298034	0.9898101864326512	atman	0.103	
PR2-PR1	AMPD3	-0.18	0.6700470652593375	0.9898101864326512	atman	0.103	
PR2-PR1	MORF4L1	0.1797875	0.4795429528790795	0.9898101864326512	atman	0.103	
PR2-PR1	DECR1	-0.1797375	0.7485500617261032	0.9898101864326512	atman	0.103	
PR2-PR1	FABP6	0.1797333333333333	0.3497381594665745	0.9898101864326512	atman	0.103	
PR2-PR1	OPLAH	-0.1797111111111111	0.3060629489054971	0.9898101864326512	atman	0.103	
PR2-PR1	SCIN	0.1794625	0.6662079173492521	0.9898101864326512	atman	0.103	
PR2-PR1	IFI30	0.1791299999999999	0.3601753896632913	0.9898101864326512	atman	0.103	
PR2-PR1	DLL4	0.1788666666666666	0.5639559096590925	0.9898101864326512	atman	0.103	
PR2-PR1	LUZP2	0.17836	0.1192316297716618	0.9898101864326512	atman	0.103	
PR2-PR1	TNFRSF12A	-0.1783111111111111	0.4703479352493738	0.9898101864326512	atman	0.103	
PR2-PR1	IL13	-0.1780666666666667	0.3246477684842044	0.9898101864326512	atman	0.103	
PR2-PR1	ATF4	0.1780555555555555	0.2685202757213079	0.9898101864326512	atman	0.103	
PR2-PR1	VSNL1	0.17804	0.1296562045744693	0.9898101864326512	atman	0.103	
PR2-PR1	MAEA	-0.1776375	0.3017768620459204	0.9898101864326512	atman	0.103	
PR2-PR1	NDRG1	0.1775375	0.3202996675047858	0.9898101864326512	atman	0.103	
PR2-PR1	SLC27A4	0.1774124999999999	0.4095765654393806	0.9898101864326512	atman	0.103	
PR2-PR1	DYNLT3	0.17736	0.4016889024266392	0.9898101864326512	atman	0.103	
PR2-PR1	DAPP1	-0.177225	0.4113704794409178	0.9898101864326512	atman	0.103	
PR2-PR1	ITGAX	-0.1771499999999999	0.7952957066307103	0.9898101864326512	atman	0.103	
PR2-PR1	CRNN	-0.17703	0.1362210407426465	0.9898101864326512	atman	0.103	
PR2-PR1	C3	0.17691	0.5850563719645439	0.9898101864326512	atman	0.103	
PR2-PR1	RAB10	-0.17678	0.4171102468090095	0.9898101864326512	atman	0.103	
PR2-PR1	SRPK2	-0.1767	0.2875402129862421	0.9898101864326512	atman	0.103	
PR2-PR1	GNPDA1	-0.1764777777777778	0.18199470772758	0.9898101864326512	atman	0.103	
PR2-PR1	CEACAM8	-0.1762222222222222	0.1205742155359816	0.9898101864326512	atman	0.103	
PR2-PR1	IQGAP2	-0.17611	0.6426312715746014	0.9898101864326512	atman	0.103	
PR2-PR1	ACYP1	-0.175611111111111	0.7024231713441478	0.9898101864326512	atman	0.103	
PR2-PR1	CILP	-0.17534	0.4032835665377743	0.9898101864326512	atman	0.103	
PR2-PR1	SCN3B	0.1751875	0.4000676557479661	0.9898101864326512	atman	0.103	
PR2-PR1	NACC1	-0.17496	0.4402505117850466	0.9898101864326512	atman	0.103	
PR2-PR1	WFDC1	0.1748799999999999	0.176996678439729	0.9898101864326512	atman	0.103	
PR2-PR1	ALPP	-0.17474	0.214051596691545	0.9898101864326512	atman	0.103	
PR2-PR1	MAMDC2	0.1745799999999999	0.2569550115804784	0.9898101864326512	atman	0.103	
PR2-PR1	ABCA2	-0.1744555555555555	0.150626904410819	0.9898101864326512	atman	0.103	
PR2-PR1	CNST	-0.1743333333333334	0.6955373255297352	0.9898101864326512	atman	0.103	
PR2-PR1	IDO1	0.1742099999999999	0.2002782568740284	0.9898101864326512	atman	0.103	
PR2-PR1	IL6	-0.1741899999999999	0.5959290247887277	0.9898101864326512	atman	0.103	
PR2-PR1	PDP1	0.1741125	0.2410690916337237	0.9898101864326512	atman	0.103	
PR2-PR1	NDST1	0.17389	0.2126726619520145	0.9898101864326512	atman	0.103	
PR2-PR1	ATP5F1D	-0.1732555555555555	0.5127705248505283	0.9898101864326512	atman	0.103	
PR2-PR1	IFIT3	0.1732375	0.1895341937768113	0.9898101864326512	atman	0.103	
PR2-PR1	NGFR	0.17302	0.453721513441133	0.9898101864326512	atman	0.103	
PR2-PR1	FLRT2	-0.1724	0.2018498840430869	0.9898101864326512	atman	0.103	
PR2-PR1	BACH1	-0.1722999999999999	0.6073402179049752	0.9898101864326512	atman	0.103	
PR2-PR1	DCTN2	-0.17225	0.7559037592004201	0.9898101864326512	atman	0.103	
PR2-PR1	GCNT1	-0.17216	0.2607786815012038	0.9898101864326512	atman	0.103	
PR2-PR1	SYT1	0.17214	0.2615217654341109	0.9898101864326512	atman	0.103	
PR2-PR1	CASP7	-0.17205	0.5605523415313534	0.9898101864326512	atman	0.103	
PR2-PR1	MYL4	-0.1716222222222222	0.3575042187337969	0.9898101864326512	atman	0.103	
PR2-PR1	KIF22	-0.1714999999999999	0.6570648464482294	0.9898101864326512	atman	0.103	
PR2-PR1	MDH1	-0.1713555555555555	0.5333707668656551	0.9898101864326512	atman	0.103	
PR2-PR1	TGFB1	0.17133	0.3869728272961423	0.9898101864326512	atman	0.103	
PR2-PR1	CDH4	0.1712874999999999	0.4780198999967671	0.9898101864326512	atman	0.103	
PR2-PR1	FZD10	0.1712285714285714	0.3348244690869029	0.9898101864326512	atman	0.103	
PR2-PR1	ANGPTL2	-0.17122	0.1471571653555736	0.9898101864326512	atman	0.103	
PR2-PR1	MMUT	-0.1710555555555555	0.5266147693304517	0.9898101864326512	atman	0.103	
PR2-PR1	TDGF1	0.171	0.6531133124647506	0.9898101864326512	atman	0.103	
PR2-PR1	MFAP3L	0.1707714285714285	0.5816611875596891	0.9898101864326512	atman	0.103	
PR2-PR1	BRAP	-0.1707199999999999	0.6558420729004024	0.9898101864326512	atman	0.103	
PR2-PR1	CRYM	0.1707125	0.4663042861007676	0.9898101864326512	atman	0.103	
PR2-PR1	MRC1	0.1705555555555555	0.2467066304642351	0.9898101864326512	atman	0.103	
PR2-PR1	PDE4D	0.1705444444444445	0.2832546717987152	0.9898101864326512	atman	0.103	
PR2-PR1	MVK	-0.1703666666666666	0.4593890311345872	0.9898101864326512	atman	0.103	
PR2-PR1	PPP1R14D	-0.1700777777777777	0.587685659820983	0.9898101864326512	atman	0.103	
PR2-PR1	WASF3	-0.1700249999999999	0.4336943633598538	0.9898101864326512	atman	0.103	
PR2-PR1	TAB2	-0.1699125	0.6688726425928411	0.9898101864326512	atman	0.103	
PR2-PR1	PIBF1	-0.1699111111111111	0.5719243559041933	0.9898101864326512	atman	0.103	
PR2-PR1	SORT1	0.1698444444444444	0.3969640124924298	0.9898101864326512	atman	0.103	
PR2-PR1	CMC1	-0.16982	0.5654566801680856	0.9898101864326512	atman	0.103	
PR2-PR1	KIR3DL2	-0.1697888888888889	0.3458055132595192	0.9898101864326512	atman	0.103	
PR2-PR1	BANK1	-0.1697874999999999	0.6901138320915652	0.9898101864326512	atman	0.103	
PR2-PR1	BRD2	0.1697374999999999	0.4608690408754483	0.9898101864326512	atman	0.103	
PR2-PR1	GSTM4	0.1696888888888889	0.6211281996706823	0.9898101864326512	atman	0.103	
PR2-PR1	GATA3	0.169311111111111	0.5499358312155145	0.9898101864326512	atman	0.103	
PR2-PR1	MAG	0.1689428571428571	0.4216567951991861	0.9898101864326512	atman	0.103	
PR2-PR1	ZNF830	0.16885	0.1347054904574109	0.9898101864326512	atman	0.103	
PR2-PR1	RARRES1	0.1687625	0.2401692400446351	0.9898101864326512	atman	0.103	
PR2-PR1	TP73	0.1685428571428571	0.5039105490277709	0.9898101864326512	atman	0.103	
PR2-PR1	ACP1	-0.1683222222222222	0.4374898561613456	0.9898101864326512	atman	0.103	
PR2-PR1	CD70	-0.1682874999999999	0.1875896694636782	0.9898101864326512	atman	0.103	
PR2-PR1	CEACAM3	-0.1672624999999999	0.4557254879460908	0.9898101864326512	atman	0.103	
PR2-PR1	NUB1	-0.1672249999999999	0.6659033066843885	0.9898101864326512	atman	0.103	
PR2-PR1	SNAP25	-0.1670375	0.4481957579204283	0.9898101864326512	atman	0.103	
PR2-PR1	TG	0.167	0.4838246331925515	0.9898101864326512	atman	0.103	
PR2-PR1	ACADSB	0.1669299999999999	0.4701820216555803	0.9898101864326512	atman	0.103	
PR2-PR1	TWF2	-0.1665399999999999	0.6546548177923475	0.9898101864326512	atman	0.103	
PR2-PR1	DGCR6	0.166275	0.4795970594439769	0.9898101864326512	atman	0.103	
PR2-PR1	GOPC	-0.1659999999999999	0.5740773337856093	0.9898101864326512	atman	0.103	
PR2-PR1	KCNC4	0.1659	0.4022439827328807	0.9898101864326512	atman	0.103	
PR2-PR1	YAP1	0.16577	0.1095834402830571	0.9898101864326512	atman	0.103	
PR2-PR1	LILRB4	-0.1651666666666667	0.3489294815599966	0.9898101864326512	atman	0.103	
PR2-PR1	EDF1	0.1647444444444444	0.4281368650793904	0.9898101864326512	atman	0.103	
PR2-PR1	CDH22	0.1643125	0.4319687771281337	0.9898101864326512	atman	0.103	
PR2-PR1	NCK2	-0.16429	0.4434160343554558	0.9898101864326512	atman	0.103	
PR2-PR1	DDC	-0.1642888888888888	0.0998858099737702	0.9898101864326512	atman	0.103	
PR2-PR1	HEG1	0.1642666666666666	0.2986663396518167	0.9898101864326512	atman	0.103	
PR2-PR1	SDC1	0.1641444444444444	0.1939098809587491	0.9898101864326512	atman	0.103	
PR2-PR1	GPD1	-0.1635199999999999	0.5621521748876577	0.9898101864326512	atman	0.103	
PR2-PR1	AXIN1	-0.16315	0.6910854682713363	0.9898101864326512	atman	0.103	
PR2-PR1	GGA1	0.162925	0.590622554981326	0.9898101864326512	atman	0.103	
PR2-PR1	PNPT1	-0.1626555555555555	0.1505330066401311	0.9898101864326512	atman	0.103	
PR2-PR1	YY1	0.1621	0.3974473910598022	0.9898101864326512	atman	0.103	
PR2-PR1	HRAS	0.1620125	0.3521450592148729	0.9898101864326512	atman	0.103	
PR2-PR1	IL18RAP	-0.1618777777777778	0.1614480242727887	0.9898101864326512	atman	0.103	
PR2-PR1	VASP	0.1612555555555556	0.5835374275321241	0.9898101864326512	atman	0.103	
PR2-PR1	CWC15	0.16122	0.2394482991261575	0.9898101864326512	atman	0.103	
PR2-PR1	TRIM24	-0.1610249999999999	0.4791194275062396	0.9898101864326512	atman	0.103	
PR2-PR1	CEP20	0.1607249999999999	0.6130074133454722	0.9898101864326512	atman	0.103	
PR2-PR1	EGFL7	-0.1602625	0.4064924127082934	0.9898101864326512	atman	0.103	
PR2-PR1	NINJ1	0.1601875	0.1943456069480218	0.9898101864326512	atman	0.103	
PR2-PR1	TPK1	0.16001	0.359666156860789	0.9898101864326512	atman	0.103	
PR2-PR1	RRP15	0.1594875	0.8272315113433064	0.9898101864326512	atman	0.103	
PR2-PR1	ITGA2	0.1593666666666666	0.1987784641206031	0.9898101864326512	atman	0.103	
PR2-PR1	OFD1	-0.1593	0.267154318804822	0.9898101864326512	atman	0.103	
PR2-PR1	PAG1	-0.1592333333333334	0.5660000394802385	0.9898101864326512	atman	0.103	
PR2-PR1	DNAJB14	0.15914	0.4709094661951967	0.9898101864326512	atman	0.103	
PR2-PR1	MXRA8	0.1591	0.2124880254694079	0.9898101864326512	atman	0.103	
PR2-PR1	FCRL3	-0.1589	0.5904241309240066	0.9898101864326512	atman	0.103	
PR2-PR1	LYPD1	-0.15885	0.3817567696791784	0.9898101864326512	atman	0.103	
PR2-PR1	GASK1A	0.1588444444444444	0.6842580734299122	0.9898101864326512	atman	0.103	
PR2-PR1	LHB	-0.1587749999999999	0.4997418281122807	0.9898101864326512	atman	0.103	
PR2-PR1	GP1BB	0.1586333333333333	0.694533811356876	0.9898101864326512	atman	0.103	
PR2-PR1	AP3B1	-0.15853	0.6069678028015808	0.9898101864326512	atman	0.103	
PR2-PR1	LGALS7_LGALS7B	-0.15848	0.3448021485815169	0.9898101864326512	atman	0.103	
PR2-PR1	KLK12	-0.1583999999999999	0.4625485189599305	0.9898101864326512	atman	0.103	
PR2-PR1	TAP1	0.1583875	0.2722348084720833	0.9898101864326512	atman	0.103	
PR2-PR1	COMT	-0.1579444444444444	0.69681266628011	0.9898101864326512	atman	0.103	
PR2-PR1	CD69	-0.1576333333333334	0.69192802720571	0.9898101864326512	atman	0.103	
PR2-PR1	TIMP2	0.15763	0.2212754439535786	0.9898101864326512	atman	0.103	
PR2-PR1	GRAP2	-0.1575333333333333	0.668007621435446	0.9898101864326512	atman	0.103	
PR2-PR1	GADD45B	0.1573	0.2492410353012415	0.9898101864326512	atman	0.103	
PR2-PR1	GM2A	0.1573	0.3517425601501669	0.9898101864326512	atman	0.103	
PR2-PR1	SORCS2	0.157125	0.2657983095091532	0.9898101864326512	atman	0.103	
PR2-PR1	STAT2	0.1571111111111111	0.3128981192001925	0.9898101864326512	atman	0.103	
PR2-PR1	BRSK2	0.1570888888888889	0.6136518852192325	0.9898101864326512	atman	0.103	
PR2-PR1	DRG2	-0.15706	0.4137238658687627	0.9898101864326512	atman	0.103	
PR2-PR1	ITPA	-0.1568	0.6727039115952436	0.9898101864326512	atman	0.103	
PR2-PR1	PECAM1	-0.15677	0.2381561838722992	0.9898101864326512	atman	0.103	
PR2-PR1	STK11	-0.1567444444444444	0.5719965797340743	0.9898101864326512	atman	0.103	
PR2-PR1	PCDH17	0.1565111111111111	0.1304483933003766	0.9898101864326512	atman	0.103	
PR2-PR1	AGXT	0.1565111111111111	0.3334544049018026	0.9898101864326512	atman	0.103	
PR2-PR1	COX6B1	-0.1563	0.5692221663136083	0.9898101864326512	atman	0.103	
PR2-PR1	FCRLB	-0.156275	0.2274188663463139	0.9898101864326512	atman	0.103	
PR2-PR1	CYB5R2	0.1562599999999999	0.3334601679782361	0.9898101864326512	atman	0.103	
PR2-PR1	MED18	0.1552625	0.6606791608792055	0.9898101864326512	atman	0.103	
PR2-PR1	MELTF	0.1551999999999999	0.3723499674480921	0.9898101864326512	atman	0.103	
PR2-PR1	SYTL4	-0.1550299999999999	0.5847036202929168	0.9898101864326512	atman	0.103	
PR2-PR1	CLEC6A	-0.155025	0.4159957324377985	0.9898101864326512	atman	0.103	
PR2-PR1	CANT1	0.1546888888888888	0.1760820460996088	0.9898101864326512	atman	0.103	
PR2-PR1	STX4	-0.15465	0.6110959736220294	0.9898101864326512	atman	0.103	
PR2-PR1	NPTX2	0.15454	0.1502786840145684	0.9898101864326512	atman	0.103	
PR2-PR1	NAGPA	0.1536777777777777	0.3496193213744503	0.9898101864326512	atman	0.103	
PR2-PR1	SEPTIN8	0.1535	0.2935940674113597	0.9898101864326512	atman	0.103	
PR2-PR1	SERPINI2	0.15348	0.1077310258261428	0.9898101864326512	atman	0.103	
PR2-PR1	CEBPA	0.1534333333333333	0.4323112628254746	0.9898101864326512	atman	0.103	
PR2-PR1	PPP3R1	-0.1534	0.4995226698663426	0.9898101864326512	atman	0.103	
PR2-PR1	PDIA3	0.1530444444444444	0.274528156564958	0.9898101864326512	atman	0.103	
PR2-PR1	HGS	-0.1529499999999999	0.6064206105799141	0.9898101864326512	atman	0.103	
PR2-PR1	C8B	0.15292	0.2825269295577954	0.9898101864326512	atman	0.103	
PR2-PR1	EHBP1	-0.15289	0.7102575359616954	0.9898101864326512	atman	0.103	
PR2-PR1	NRGN	-0.1528555555555555	0.5072614440411076	0.9898101864326512	atman	0.103	
PR2-PR1	PTK7	0.1525875	0.7210019037150428	0.9898101864326512	atman	0.103	
PR2-PR1	ZBP1	0.1525666666666666	0.142949893993566	0.9898101864326512	atman	0.103	
PR2-PR1	NFATC1	-0.1525625	0.6333055370297627	0.9898101864326512	atman	0.103	
PR2-PR1	MCEMP1	-0.1524555555555556	0.6501748608952904	0.9898101864326512	atman	0.103	
PR2-PR1	CD80	-0.15238	0.5141677472130111	0.9898101864326512	atman	0.103	
PR2-PR1	TFF3	-0.15223	0.4899485605543756	0.9898101864326512	atman	0.103	
PR2-PR1	PPIB	-0.15208	0.7016843324354949	0.9898101864326512	atman	0.103	
PR2-PR1	PLAUR	0.15206	0.3373104504141917	0.9898101864326512	atman	0.103	
PR2-PR1	MYDGF	0.15204	0.6733151238508739	0.9898101864326512	atman	0.103	
PR2-PR1	DOCK9	0.152025	0.6486586024460315	0.9898101864326512	atman	0.103	
PR2-PR1	MARS1	0.1514999999999999	0.7322685558204629	0.9898101864326512	atman	0.103	
PR2-PR1	SERPINA4	0.15144	0.3019886500980662	0.9898101864326512	atman	0.103	
PR2-PR1	IL24	-0.1512888888888888	0.7165907736808736	0.9898101864326512	atman	0.103	
PR2-PR1	FXYD5	0.1511888888888889	0.4036461449985751	0.9898101864326512	atman	0.103	
PR2-PR1	CA8	0.1511222222222222	0.2962355399417289	0.9898101864326512	atman	0.103	
PR2-PR1	SMOC1	-0.15104	0.1840769729139859	0.9898101864326512	atman	0.103	
PR2-PR1	PTRHD1	-0.1509777777777776	0.7659784600419581	0.9898101864326512	atman	0.103	
PR2-PR1	PGLYRP2	0.15087	0.2141603457852832	0.9898101864326512	atman	0.103	
PR2-PR1	IGFBP1	0.15065	0.6947906568284763	0.9898101864326512	atman	0.103	
PR2-PR1	AKR1C4	-0.1505444444444444	0.5666326299075757	0.9898101864326512	atman	0.103	
PR2-PR1	ARSB	0.1504599999999999	0.6967498457524408	0.9898101864326512	atman	0.103	
PR2-PR1	MPO	0.1502699999999999	0.6748033457254827	0.9898101864326512	atman	0.103	
PR2-PR1	HADH	-0.1502	0.4988164069181915	0.9898101864326512	atman	0.103	
PR2-PR1	TREML1	0.1499666666666667	0.7310443600601089	0.9898101864326512	atman	0.103	
PR2-PR1	TOP1MT	0.1498888888888889	0.7053200472657049	0.9898101864326512	atman	0.103	
PR2-PR1	CRYGD	-0.14965	0.6150021421154561	0.9898101864326512	atman	0.103	
PR2-PR1	PKD1	0.1492699999999999	0.1502061568001336	0.9898101864326512	atman	0.103	
PR2-PR1	GZMB	-0.14925	0.2535988519662706	0.9898101864326512	atman	0.103	
PR2-PR1	SOD3	0.1488444444444444	0.3436941612262745	0.9898101864326512	atman	0.103	
PR2-PR1	F11R	-0.14864	0.5812280033326225	0.9898101864326512	atman	0.103	
PR2-PR1	GRPEL1	-0.14856	0.4469079760076675	0.9898101864326512	atman	0.103	
PR2-PR1	C7	0.14845	0.230823753632563	0.9898101864326512	atman	0.103	
PR2-PR1	HLA-A	0.1484333333333333	0.2114229372878235	0.9898101864326512	atman	0.103	
PR2-PR1	PRDX6	-0.14836	0.661835465147447	0.9898101864326512	atman	0.103	
PR2-PR1	TNF	-0.1482	0.296170740594067	0.9898101864326512	atman	0.103	
PR2-PR1	SRP14	0.1481199999999999	0.524219768065346	0.9898101864326512	atman	0.103	
PR2-PR1	TET2	-0.1480624999999999	0.3942818773584671	0.9898101864326512	atman	0.103	
PR2-PR1	HBZ	-0.14797	0.6233580385904247	0.9898101864326512	atman	0.103	
PR2-PR1	CD6	-0.14777	0.094733937868835	0.9898101864326512	atman	0.103	
PR2-PR1	ACAA1	-0.1477	0.595385045951023	0.9898101864326512	atman	0.103	
PR2-PR1	KLK11	0.1476888888888889	0.0938096160386041	0.9898101864326512	atman	0.103	
PR2-PR1	SHH	0.1475888888888888	0.5716163423621836	0.9898101864326512	atman	0.103	
PR2-PR1	RAB3GAP1	-0.1475375	0.4659702730629198	0.9898101864326512	atman	0.103	
PR2-PR1	DCLRE1C	0.1474	0.336486401614597	0.9898101864326512	atman	0.103	
PR2-PR1	GALNT5	-0.14697	0.1542013331145404	0.9898101864326512	atman	0.103	
PR2-PR1	GLRX5	-0.1469333333333334	0.7130609151163174	0.9898101864326512	atman	0.103	
PR2-PR1	CCL11	-0.14686	0.2726215002588281	0.9898101864326512	atman	0.103	
PR2-PR1	FAM171A2	-0.1466555555555556	0.2108284016809301	0.9898101864326512	atman	0.103	
PR2-PR1	CCL17	0.14652	0.6389634142112239	0.9898101864326512	atman	0.103	
PR2-PR1	PLIN3	-0.1464	0.4090372621113491	0.9898101864326512	atman	0.103	
PR2-PR1	IL18	-0.14637	0.1275834948470615	0.9898101864326512	atman	0.103	
PR2-PR1	TAFA5	0.14608	0.3670373984526038	0.9898101864326512	atman	0.103	
PR2-PR1	MYBPC1	-0.1460500000000001	0.8459040633481518	0.9898101864326512	atman	0.103	
PR2-PR1	CHCHD10	-0.14556	0.708241780120058	0.9898101864326512	atman	0.103	
PR2-PR1	F12	0.1453999999999999	0.2529995105269282	0.9898101864326512	atman	0.103	
PR2-PR1	SAP18	0.1453124999999999	0.3915915593927819	0.9898101864326512	atman	0.103	
PR2-PR1	NHLRC3	0.145	0.3503310463952291	0.9898101864326512	atman	0.103	
PR2-PR1	TGFB2	0.14496	0.5441838302385533	0.9898101864326512	atman	0.103	
PR2-PR1	TIMP4	0.14486	0.0912440838846464	0.9898101864326512	atman	0.103	
PR2-PR1	WFDC2	-0.1448333333333333	0.1985080508784744	0.9898101864326512	atman	0.103	
PR2-PR1	CLIC5	0.1448142857142857	0.5568630602889553	0.9898101864326512	atman	0.103	
PR2-PR1	CD7	0.1447555555555555	0.4000913376487736	0.9898101864326512	atman	0.103	
PR2-PR1	RABEP1	-0.1447555555555555	0.7551011937256566	0.9898101864326512	atman	0.103	
PR2-PR1	BGLAP	0.14449	0.260686644688793	0.9898101864326512	atman	0.103	
PR2-PR1	NEK7	0.14425	0.2200281403648882	0.9898101864326512	atman	0.103	
PR2-PR1	LBP	-0.14415	0.2996275466154983	0.9898101864326512	atman	0.103	
PR2-PR1	SEMA6C	0.1435	0.4457419152557089	0.9898101864326512	atman	0.103	
PR2-PR1	VGF	0.1432666666666666	0.3704413920237064	0.9898101864326512	atman	0.103	
PR2-PR1	SULT2A1	-0.143225	0.4248020806127695	0.9898101864326512	atman	0.103	
PR2-PR1	ATRAID	0.143	0.3032922690394324	0.9898101864326512	atman	0.103	
PR2-PR1	FCAMR	0.1429099999999999	0.2965070918377193	0.9898101864326512	atman	0.103	
PR2-PR1	TIMP3	0.1428699999999999	0.6976443507383681	0.9898101864326512	atman	0.103	
PR2-PR1	RAB27B	-0.1425899999999999	0.7774012750607207	0.9898101864326512	atman	0.103	
PR2-PR1	HLA-DRA	0.1420874999999999	0.3465007279173653	0.9898101864326512	atman	0.103	
PR2-PR1	CD300A	0.1419666666666666	0.4320821852162222	0.9898101864326512	atman	0.103	
PR2-PR1	POMC	-0.1419555555555555	0.5723487328020525	0.9898101864326512	atman	0.103	
PR2-PR1	PDGFC	0.14185	0.3984365704424766	0.9898101864326512	atman	0.103	
PR2-PR1	ANXA10	-0.141775	0.5235292583022022	0.9898101864326512	atman	0.103	
PR2-PR1	EEF1D	-0.1416899999999998	0.7834713295927402	0.9898101864326512	atman	0.103	
PR2-PR1	SSC4D	-0.141611111111111	0.3388678517867891	0.9898101864326512	atman	0.103	
PR2-PR1	ARG2	0.14158	0.4733262197927337	0.9898101864326512	atman	0.103	
PR2-PR1	AHCY	0.1413222222222222	0.484871249068495	0.9898101864326512	atman	0.103	
PR2-PR1	FGF23	-0.1413199999999999	0.4483598493756429	0.9898101864326512	atman	0.103	
PR2-PR1	COMMD1	-0.1412222222222222	0.3117739593107373	0.9898101864326512	atman	0.103	
PR2-PR1	ADAMTS15	-0.14105	0.3755843376457362	0.9898101864326512	atman	0.103	
PR2-PR1	EGF	0.14099	0.7749609447400165	0.9898101864326512	atman	0.103	
PR2-PR1	MKI67	0.1408111111111111	0.6220635130844034	0.9898101864326512	atman	0.103	
PR2-PR1	REG3G	0.14068	0.3430006179650275	0.9898101864326512	atman	0.103	
PR2-PR1	TPPP3	0.1406749999999999	0.4735092419108415	0.9898101864326512	atman	0.103	
PR2-PR1	POF1B	-0.1406666666666666	0.5504728945261195	0.9898101864326512	atman	0.103	
PR2-PR1	PDGFB	0.1405099999999999	0.7743093751022005	0.9898101864326512	atman	0.103	
PR2-PR1	CNGB3	-0.140475	0.5226839050146932	0.9898101864326512	atman	0.103	
PR2-PR1	TERF1	0.1404666666666666	0.4630908730967333	0.9898101864326512	atman	0.103	
PR2-PR1	SERPINA9	-0.14038	0.2163895625822787	0.9898101864326512	atman	0.103	
PR2-PR1	DIPK1C	-0.1401714285714286	0.6405671193546674	0.9898101864326512	atman	0.103	
PR2-PR1	NPM1	-0.1401444444444444	0.4834514558265985	0.9898101864326512	atman	0.103	
PR2-PR1	ESYT2	-0.1400199999999999	0.7168229781735671	0.9898101864326512	atman	0.103	
PR2-PR1	CTSL	0.1398777777777777	0.0911957446394498	0.9898101864326512	atman	0.103	
PR2-PR1	IL22RA1	-0.1397888888888889	0.292719926336892	0.9898101864326512	atman	0.103	
PR2-PR1	PCDH12	-0.1397888888888888	0.3097252250457445	0.9898101864326512	atman	0.103	
PR2-PR1	FUCA1	-0.13964	0.1225231761310736	0.9898101864326512	atman	0.103	
PR2-PR1	VIPR1	-0.1395888888888888	0.4430085212333638	0.9898101864326512	atman	0.103	
PR2-PR1	MLN	0.1395749999999999	0.5578235255413593	0.9898101864326512	atman	0.103	
PR2-PR1	GGACT	-0.13919	0.6138476303661018	0.9898101864326512	atman	0.103	
PR2-PR1	CCL23	0.1391099999999999	0.1423005017874037	0.9898101864326512	atman	0.103	
PR2-PR1	ITIH5	-0.13906	0.6651711776476479	0.9898101864326512	atman	0.103	
PR2-PR1	UXS1	0.138875	0.3666907620258541	0.9898101864326512	atman	0.103	
PR2-PR1	ELAVL4	-0.1388125	0.7089490957137174	0.9898101864326512	atman	0.103	
PR2-PR1	ATP6V1G2	-0.1387444444444444	0.8001436870674039	0.9898101864326512	atman	0.103	
PR2-PR1	BMP10	0.1387333333333333	0.2864187654716494	0.9898101864326512	atman	0.103	
PR2-PR1	NRTN	-0.1387222222222222	0.6420824666782556	0.9898101864326512	atman	0.103	
PR2-PR1	MYH7B	0.1386555555555555	0.6665456906062235	0.9898101864326512	atman	0.103	
PR2-PR1	ITM2A	-0.1386124999999998	0.3695857700762848	0.9898101864326512	atman	0.103	
PR2-PR1	FGD3	0.1385222222222222	0.712601997273629	0.9898101864326512	atman	0.103	
PR2-PR1	CTSE	-0.1385222222222222	0.4794577438454999	0.9898101864326512	atman	0.103	
PR2-PR1	SIGLEC1	-0.13834	0.2068044466554313	0.9898101864326512	atman	0.103	
PR2-PR1	IL12A_IL12B	-0.13828	0.3961165091677019	0.9898101864326512	atman	0.103	
PR2-PR1	CYTH3	-0.1380222222222222	0.6643967553654802	0.9898101864326512	atman	0.103	
PR2-PR1	VPS53	-0.13784	0.6284738771275278	0.9898101864326512	atman	0.103	
PR2-PR1	FCN1	-0.1377111111111111	0.6545539087366956	0.9898101864326512	atman	0.103	
PR2-PR1	PRTN3	0.1377	0.6740358353189106	0.9898101864326512	atman	0.103	
PR2-PR1	MYO6	0.1376777777777777	0.5072490625323065	0.9898101864326512	atman	0.103	
PR2-PR1	UBQLN3	0.1374111111111111	0.3796890645424107	0.9898101864326512	atman	0.103	
PR2-PR1	PLB1	0.1372799999999999	0.2813202455922896	0.9898101864326512	atman	0.103	
PR2-PR1	CBX2	0.1372666666666666	0.5053099065772593	0.9898101864326512	atman	0.103	
PR2-PR1	CCL7	0.13725	0.5876152845015223	0.9898101864326512	atman	0.103	
PR2-PR1	SHBG	0.1371888888888888	0.3296253190688043	0.9898101864326512	atman	0.103	
PR2-PR1	NUDT16	0.1368599999999999	0.6635187827325526	0.9898101864326512	atman	0.103	
PR2-PR1	PI3	0.1364699999999999	0.3728085917864128	0.9898101864326512	atman	0.103	
PR2-PR1	MYOM2	0.1364666666666666	0.8139920220328851	0.9898101864326512	atman	0.103	
PR2-PR1	MSLN	0.13586	0.1591190871162882	0.9898101864326512	atman	0.103	
PR2-PR1	TARM1	0.1358428571428571	0.7062182565123019	0.9898101864326512	atman	0.103	
PR2-PR1	AKR1B1	-0.1358375	0.715704402218255	0.9898101864326512	atman	0.103	
PR2-PR1	WASHC3	-0.13549	0.7160771946309286	0.9898101864326512	atman	0.103	
PR2-PR1	CGN	0.1354285714285714	0.6415004127551613	0.9898101864326512	atman	0.103	
PR2-PR1	CDAN1	0.1352799999999999	0.2292110635784769	0.9898101864326512	atman	0.103	
PR2-PR1	PSPN	-0.1352375	0.1988577336148635	0.9898101864326512	atman	0.103	
PR2-PR1	RFC4	0.13523	0.124639528992271	0.9898101864326512	atman	0.103	
PR2-PR1	GIPC3	-0.13519	0.7715352450126092	0.9898101864326512	atman	0.103	
PR2-PR1	LILRA6	0.13482	0.3261340943931325	0.9898101864326512	atman	0.103	
PR2-PR1	IKZF2	-0.1347	0.2773237828883488	0.9898101864326512	atman	0.103	
PR2-PR1	IL11	-0.1345666666666666	0.3362379919742038	0.9898101864326512	atman	0.103	
PR2-PR1	BAG3	-0.1344888888888888	0.1890801562677824	0.9898101864326512	atman	0.103	
PR2-PR1	CXCL8	0.13386	0.6077095153189651	0.9898101864326512	atman	0.103	
PR2-PR1	NTproBNP	0.1333222222222222	0.6243681254429152	0.9898101864326512	atman	0.103	
PR2-PR1	SERPINA5	0.1333099999999999	0.3824122786190294	0.9898101864326512	atman	0.103	
PR2-PR1	AHSA1	-0.1332	0.6621993637858856	0.9898101864326512	atman	0.103	
PR2-PR1	ADH1B	0.1330333333333333	0.6931923500426971	0.9898101864326512	atman	0.103	
PR2-PR1	ADA2	-0.133	0.2106132474750115	0.9898101864326512	atman	0.103	
PR2-PR1	NPY	0.13297	0.578827140477371	0.9898101864326512	atman	0.103	
PR2-PR1	PALLD	-0.1328888888888889	0.1564831872460927	0.9898101864326512	atman	0.103	
PR2-PR1	TK1	0.13275	0.3858155643605836	0.9898101864326512	atman	0.103	
PR2-PR1	POSTN	0.13255	0.1695247488789451	0.9898101864326512	atman	0.103	
PR2-PR1	CCT5	0.1323875	0.5925735242354486	0.9898101864326512	atman	0.103	
PR2-PR1	LEFTY2	0.13212	0.5988543838044951	0.9898101864326512	atman	0.103	
PR2-PR1	FOS	-0.1320444444444444	0.4326813358543362	0.9898101864326512	atman	0.103	
PR2-PR1	TNFRSF13C	0.1320333333333333	0.3465356386388205	0.9898101864326512	atman	0.103	
PR2-PR1	KIF20B	0.1319624999999999	0.8383625406967987	0.9898101864326512	atman	0.103	
PR2-PR1	PNLIPRP1	0.13194	0.4322478321862624	0.9898101864326512	atman	0.103	
PR2-PR1	CDHR1	0.131775	0.4411286590599892	0.9898101864326512	atman	0.103	
PR2-PR1	CDH17	-0.131711111111111	0.7085686024040183	0.9898101864326512	atman	0.103	
PR2-PR1	OGFR	-0.1313599999999999	0.3166112831665528	0.9898101864326512	atman	0.103	
PR2-PR1	PLCB1	0.131311111111111	0.3064835333537195	0.9898101864326512	atman	0.103	
PR2-PR1	SHISA5	0.1313	0.2565724756341041	0.9898101864326512	atman	0.103	
PR2-PR1	SYNGAP1	0.1312625	0.4954882747320039	0.9898101864326512	atman	0.103	
PR2-PR1	MANSC4	-0.1312222222222222	0.4794703796040651	0.9898101864326512	atman	0.103	
PR2-PR1	FAM3C	-0.1311222222222222	0.3590468748043645	0.9898101864326512	atman	0.103	
PR2-PR1	NDUFB7	-0.13085	0.544247259705299	0.9898101864326512	atman	0.103	
PR2-PR1	BNIP3L	0.1306999999999999	0.5476258059271075	0.9898101864326512	atman	0.103	
PR2-PR1	SLIRP	0.1304888888888889	0.5445072353317013	0.9898101864326512	atman	0.103	
PR2-PR1	XIAP	0.1303444444444444	0.675544196782176	0.9898101864326512	atman	0.103	
PR2-PR1	SMPD3	0.1299444444444444	0.3944135321794322	0.9898101864326512	atman	0.103	
PR2-PR1	IFNLR1	-0.1297624999999999	0.2016792465610892	0.9898101864326512	atman	0.103	
PR2-PR1	B2M	0.12974	0.3811956251191908	0.9898101864326512	atman	0.103	
PR2-PR1	EFNB2	-0.1296714285714285	0.7586598410106407	0.9898101864326512	atman	0.103	
PR2-PR1	TIMP1	0.1296	0.3036486864274978	0.9898101864326512	atman	0.103	
PR2-PR1	DTNB	0.12949	0.7797465175304534	0.9898101864326512	atman	0.103	
PR2-PR1	MPHOSPH8	0.1292222222222222	0.6243253442162078	0.9898101864326512	atman	0.103	
PR2-PR1	H2AP	-0.1289888888888889	0.6219150038564161	0.9898101864326512	atman	0.103	
PR2-PR1	CSNK1D	0.1287666666666667	0.5788909074783972	0.9898101864326512	atman	0.103	
PR2-PR1	EIF4E	-0.1285999999999999	0.8014277778880874	0.9898101864326512	atman	0.103	
PR2-PR1	BCR	-0.1283875	0.5010847229266002	0.9898101864326512	atman	0.103	
PR2-PR1	IFNAR1	0.12837	0.1475547995745816	0.9898101864326512	atman	0.103	
PR2-PR1	PDGFA	0.1279200000000001	0.7747816268336782	0.9898101864326512	atman	0.103	
PR2-PR1	CFH	0.12786	0.4095336438397317	0.9898101864326512	atman	0.103	
PR2-PR1	ARID4B	0.12785	0.581064198856148	0.9898101864326512	atman	0.103	
PR2-PR1	ATP6V1D	-0.1277299999999999	0.2561397049798217	0.9898101864326512	atman	0.103	
PR2-PR1	EPGN	0.12772	0.2613720175767446	0.9898101864326512	atman	0.103	
PR2-PR1	RANBP2	0.1276125	0.506327809093766	0.9898101864326512	atman	0.103	
PR2-PR1	CDHR5	0.1276111111111111	0.2749508042313031	0.9898101864326512	atman	0.103	
PR2-PR1	NFAT5	-0.1276111111111111	0.7949589433222823	0.9898101864326512	atman	0.103	
PR2-PR1	F10	0.1275444444444444	0.2395801673222004	0.9898101864326512	atman	0.103	
PR2-PR1	PLCB2	0.1274599999999999	0.8376664412565775	0.9898101864326512	atman	0.103	
PR2-PR1	OMP	-0.1274	0.5899807311272065	0.9898101864326512	atman	0.103	
PR2-PR1	GNPDA2	0.1273777777777777	0.4405559945942292	0.9898101864326512	atman	0.103	
PR2-PR1	NME1	0.1273444444444444	0.2628980212304546	0.9898101864326512	atman	0.103	
PR2-PR1	SFRP4	0.1270222222222222	0.3292876730678467	0.9898101864326512	atman	0.103	
PR2-PR1	EVPL	0.126825	0.6519755305714972	0.9898101864326512	atman	0.103	
PR2-PR1	LTA4H	-0.1266400000000001	0.5638320409124993	0.9898101864326512	atman	0.103	
PR2-PR1	GIGYF2	-0.1265555555555556	0.7848463335514206	0.9898101864326512	atman	0.103	
PR2-PR1	ADD1	-0.1263444444444444	0.7333280450810793	0.9898101864326512	atman	0.103	
PR2-PR1	LPP	-0.1263333333333333	0.7019854246896604	0.9898101864326512	atman	0.103	
PR2-PR1	FGR	0.1263125	0.5464581558312651	0.9898101864326512	atman	0.103	
PR2-PR1	VEGFA	0.12631	0.5585241131661607	0.9898101864326512	atman	0.103	
PR2-PR1	IFIT1	0.1262875	0.4740630497681781	0.9898101864326512	atman	0.103	
PR2-PR1	GP2	0.1261222222222222	0.4816967452288487	0.9898101864326512	atman	0.103	
PR2-PR1	UGDH	0.1260888888888889	0.4819407398914468	0.9898101864326512	atman	0.103	
PR2-PR1	COMMD9	0.12606	0.4285205943426344	0.9898101864326512	atman	0.103	
PR2-PR1	MAN1A2	0.1259888888888889	0.2294800043426856	0.9898101864326512	atman	0.103	
PR2-PR1	LAMTOR5	0.12571	0.4520293410297147	0.9898101864326512	atman	0.103	
PR2-PR1	SPARCL1	-0.12557	0.0753475206910518	0.9898101864326512	atman	0.103	
PR2-PR1	IL20	-0.1255666666666667	0.641934966890221	0.9898101864326512	atman	0.103	
PR2-PR1	VAMP5	-0.1255222222222222	0.5413871763152525	0.9898101864326512	atman	0.103	
PR2-PR1	OTOA	0.125375	0.4915847524462666	0.9898101864326512	atman	0.103	
PR2-PR1	SEPTIN9	-0.1253599999999999	0.1797127973382757	0.9898101864326512	atman	0.103	
PR2-PR1	CXCL5	0.1252666666666667	0.7933512942648311	0.9898101864326512	atman	0.103	
PR2-PR1	ZHX2	0.12509	0.1887118858077903	0.9898101864326512	atman	0.103	
PR2-PR1	APOF	0.1248888888888888	0.4947635848844984	0.9898101864326512	atman	0.103	
PR2-PR1	TNFSF11	-0.1247624999999999	0.5052750836297857	0.9898101864326512	atman	0.103	
PR2-PR1	PPIF	-0.1246	0.3430258589600783	0.9898101864326512	atman	0.103	
PR2-PR1	GIPR	0.1245333333333333	0.5390466074650617	0.9898101864326512	atman	0.103	
PR2-PR1	ACAN	0.1244777777777777	0.1593787803245836	0.9898101864326512	atman	0.103	
PR2-PR1	USP8	0.1243222222222222	0.7891584086841186	0.9898101864326512	atman	0.103	
PR2-PR1	CDK5RAP3	-0.1241555555555555	0.469892310338655	0.9898101864326512	atman	0.103	
PR2-PR1	BHMT2	0.124111111111111	0.6266030661910356	0.9898101864326512	atman	0.103	
PR2-PR1	NFIC	0.1240111111111111	0.4420703329756574	0.9898101864326512	atman	0.103	
PR2-PR1	GID8	0.1236888888888888	0.4991846161710749	0.9898101864326512	atman	0.103	
PR2-PR1	ZFYVE19	-0.1235499999999999	0.7216299380569242	0.9898101864326512	atman	0.103	
PR2-PR1	GCLM	0.1234999999999999	0.6562757427974644	0.9898101864326512	atman	0.103	
PR2-PR1	CHAC2	-0.1234625	0.7281593020872701	0.9898101864326512	atman	0.103	
PR2-PR1	SPACA5_SPACA5B	-0.1234333333333333	0.5220438305821387	0.9898101864326512	atman	0.103	
PR2-PR1	CRYBB1	0.12339	0.6938877059524686	0.9898101864326512	atman	0.103	
PR2-PR1	ISLR2	-0.1233374999999999	0.6493383870369758	0.9898101864326512	atman	0.103	
PR2-PR1	PIGR	-0.1232799999999999	0.1048800521215977	0.9898101864326512	atman	0.103	
PR2-PR1	REEP4	0.1232444444444443	0.6285637376113506	0.9898101864326512	atman	0.103	
PR2-PR1	CXCL11	-0.12301	0.4854108786977791	0.9898101864326512	atman	0.103	
PR2-PR1	PLXDC2	-0.1229699999999999	0.4122371938989531	0.9898101864326512	atman	0.103	
PR2-PR1	DTD1	-0.1227666666666666	0.8425741283606194	0.9898101864326512	atman	0.103	
PR2-PR1	GPI	-0.1224111111111111	0.7816755679682512	0.9898101864326512	atman	0.103	
PR2-PR1	CIT	-0.1221142857142856	0.5296850879473454	0.9898101864326512	atman	0.103	
PR2-PR1	APOL1	0.122111111111111	0.6141101375171902	0.9898101864326512	atman	0.103	
PR2-PR1	TDRKH	-0.121975	0.7644171009413421	0.9898101864326512	atman	0.103	
PR2-PR1	CFD	0.1218999999999999	0.1486256408091184	0.9898101864326512	atman	0.103	
PR2-PR1	CERT	0.1218875	0.7385052578441749	0.9898101864326512	atman	0.103	
PR2-PR1	SEMA3G	0.1217777777777777	0.3772369248634577	0.9898101864326512	atman	0.103	
PR2-PR1	ARL13B	0.1217444444444444	0.7139460343133455	0.9898101864326512	atman	0.103	
PR2-PR1	SSC5D	-0.12134	0.193056155586063	0.9898101864326512	atman	0.103	
PR2-PR1	ARHGAP1	-0.1212499999999999	0.6219460285990095	0.9898101864326512	atman	0.103	
PR2-PR1	CD86	0.12124	0.1194901551468061	0.9898101864326512	atman	0.103	
PR2-PR1	APOB	0.1211111111111111	0.2411382243893969	0.9898101864326512	atman	0.103	
PR2-PR1	VWF	-0.12095	0.3217079323753116	0.9898101864326512	atman	0.103	
PR2-PR1	PNMA1	-0.1209333333333333	0.6094339166105902	0.9898101864326512	atman	0.103	
PR2-PR1	SUSD4	0.1209199999999999	0.6126203730999034	0.9898101864326512	atman	0.103	
PR2-PR1	CTRB1	-0.12079	0.1356534198620058	0.9898101864326512	atman	0.103	
PR2-PR1	DKKL1	0.12078	0.1732375842453293	0.9898101864326512	atman	0.103	
PR2-PR1	TIA1	-0.1206888888888888	0.5630285145978446	0.9898101864326512	atman	0.103	
PR2-PR1	S100A13	0.1206888888888888	0.3003640349403214	0.9898101864326512	atman	0.103	
PR2-PR1	SPINK2	0.1206666666666666	0.4058781037638104	0.9898101864326512	atman	0.103	
PR2-PR1	KYNU	-0.1206599999999999	0.3328073040427481	0.9898101864326512	atman	0.103	
PR2-PR1	CCL21	-0.12064	0.1286389072852776	0.9898101864326512	atman	0.103	
PR2-PR1	CLEC3B	0.1204899999999999	0.3976989595864828	0.9898101864326512	atman	0.103	
PR2-PR1	WDR46	0.1204499999999999	0.3311514777533113	0.9898101864326512	atman	0.103	
PR2-PR1	SCGN	-0.1204222222222221	0.2636545517751048	0.9898101864326512	atman	0.103	
PR2-PR1	S100A14	0.1204111111111111	0.552817844932626	0.9898101864326512	atman	0.103	
PR2-PR1	MYOM1	-0.1203999999999999	0.6595437701067997	0.9898101864326512	atman	0.103	
PR2-PR1	STXBP1	-0.1203888888888889	0.6567953843090395	0.9898101864326512	atman	0.103	
PR2-PR1	CPTP	-0.1203444444444444	0.5927773574704271	0.9898101864326512	atman	0.103	
PR2-PR1	PLAU	-0.1202599999999999	0.1299588642237206	0.9898101864326512	atman	0.103	
PR2-PR1	HHEX	-0.12023	0.7404060932261189	0.9898101864326512	atman	0.103	
PR2-PR1	IL21R	0.1201666666666667	0.6964464456217008	0.9898101864326512	atman	0.103	
PR2-PR1	RAB39B	0.1201444444444444	0.5195613782747186	0.9898101864326512	atman	0.103	
PR2-PR1	RIDA	-0.1201111111111111	0.6544128043578081	0.9898101864326512	atman	0.103	
PR2-PR1	ZPR1	0.1200624999999999	0.6745635216631427	0.9898101864326512	atman	0.103	
PR2-PR1	SIGLEC8	0.1199444444444444	0.2069418919173065	0.9898101864326512	atman	0.103	
PR2-PR1	TNIP1	-0.1193899999999999	0.7587550839964399	0.9898101864326512	atman	0.103	
PR2-PR1	AKT2	-0.1193444444444444	0.7808589470757346	0.9898101864326512	atman	0.103	
PR2-PR1	BTNL10	0.1192777777777777	0.635163142015303	0.9898101864326512	atman	0.103	
PR2-PR1	PSMA1	-0.11915	0.405455031206638	0.9898101864326512	atman	0.103	
PR2-PR1	VNN2	0.1190999999999999	0.5952840691001895	0.9898101864326512	atman	0.103	
PR2-PR1	MAP3K5	0.1190124999999998	0.8400447597642342	0.9898101864326512	atman	0.103	
PR2-PR1	AMDHD2	-0.11887	0.1426814808246284	0.9898101864326512	atman	0.103	
PR2-PR1	C1QTNF9	0.1188666666666667	0.4764413333713804	0.9898101864326512	atman	0.103	
PR2-PR1	LSP1	-0.1185124999999999	0.7694945114014478	0.9898101864326512	atman	0.103	
PR2-PR1	PIKFYVE	-0.1185111111111111	0.7266530354164926	0.9898101864326512	atman	0.103	
PR2-PR1	ACTN4	0.1184555555555555	0.3985921196312421	0.9898101864326512	atman	0.103	
PR2-PR1	PNMA2	0.1182374999999999	0.5006453858851398	0.9898101864326512	atman	0.103	
PR2-PR1	LRFN2	0.1182285714285714	0.6307549985258811	0.9898101864326512	atman	0.103	
PR2-PR1	SERPINB1	-0.1180099999999999	0.7105934471917033	0.9898101864326512	atman	0.103	
PR2-PR1	LILRA2	-0.1178799999999999	0.1074684174324129	0.9898101864326512	atman	0.103	
PR2-PR1	PCARE	-0.1178125	0.4215367991287488	0.9898101864326512	atman	0.103	
PR2-PR1	TIMM10	0.1177999999999999	0.293266786280812	0.9898101864326512	atman	0.103	
PR2-PR1	NADK	-0.1176999999999999	0.7122587327758634	0.9898101864326512	atman	0.103	
PR2-PR1	GET3	0.1174799999999999	0.7004712440903305	0.9898101864326512	atman	0.103	
PR2-PR1	TNFRSF14	0.11732	0.3111777755959237	0.9898101864326512	atman	0.103	
PR2-PR1	COL15A1	0.1173	0.3315441546214575	0.9898101864326512	atman	0.103	
PR2-PR1	NAA10	-0.1171333333333332	0.7711303035005197	0.9898101864326512	atman	0.103	
PR2-PR1	SETMAR	-0.1171222222222222	0.3871200326369275	0.9898101864326512	atman	0.103	
PR2-PR1	BIRC2	-0.116675	0.6560208429903933	0.9898101864326512	atman	0.103	
PR2-PR1	MRPL46	-0.1165749999999999	0.5696899854093211	0.9898101864326512	atman	0.103	
PR2-PR1	PDIA4	-0.1165499999999999	0.7036741246227951	0.9898101864326512	atman	0.103	
PR2-PR1	CLSTN1	0.116475	0.7487338912660031	0.9898101864326512	atman	0.103	
PR2-PR1	UPB1	0.11629	0.6793936428075962	0.9898101864326512	atman	0.103	
PR2-PR1	SOX2	0.1162555555555555	0.4973181105477118	0.9898101864326512	atman	0.103	
PR2-PR1	NCF2	0.1162249999999999	0.8602859078868625	0.9898101864326512	atman	0.103	
PR2-PR1	COL9A1	0.1160499999999999	0.299834939428738	0.9898101864326512	atman	0.103	
PR2-PR1	DTX3	-0.1159699999999999	0.1438901936642025	0.9898101864326512	atman	0.103	
PR2-PR1	DNAJB2	-0.1158444444444443	0.8164629264414849	0.9898101864326512	atman	0.103	
PR2-PR1	TJP3	-0.1157624999999999	0.6706869798319972	0.9898101864326512	atman	0.103	
PR2-PR1	HSBP1	-0.1157555555555555	0.6304325339389525	0.9898101864326512	atman	0.103	
PR2-PR1	CLEC12A	0.1157333333333333	0.4019936778116664	0.9898101864326512	atman	0.103	
PR2-PR1	PDCD1LG2	-0.11567	0.1853035687832154	0.9898101864326512	atman	0.103	
PR2-PR1	CD84	0.1154374999999999	0.6112940501320101	0.9898101864326512	atman	0.103	
PR2-PR1	FMR1	0.115425	0.4148651016018565	0.9898101864326512	atman	0.103	
PR2-PR1	PLXNA4	0.1153625000000001	0.7204791446869876	0.9898101864326512	atman	0.103	
PR2-PR1	FOXO1	-0.1152125	0.4887670749671735	0.9898101864326512	atman	0.103	
PR2-PR1	CBLIF	0.1151888888888888	0.2269597246606463	0.9898101864326512	atman	0.103	
PR2-PR1	CCER2	0.1150888888888889	0.1447795799705487	0.9898101864326512	atman	0.103	
PR2-PR1	LMOD2	0.1150875	0.7672094399609248	0.9898101864326512	atman	0.103	
PR2-PR1	TTR	0.1149999999999999	0.3845371086281233	0.9898101864326512	atman	0.103	
PR2-PR1	CYTL1	0.11473	0.2450601388019029	0.9898101864326512	atman	0.103	
PR2-PR1	ADA	-0.1146099999999999	0.1881034806013048	0.9898101864326512	atman	0.103	
PR2-PR1	GLP1R	0.1145749999999999	0.7735608090382455	0.9898101864326512	atman	0.103	
PR2-PR1	PROS1	0.11448	0.3394994351099785	0.9898101864326512	atman	0.103	
PR2-PR1	PCNA	-0.1144555555555555	0.6149019205028239	0.9898101864326512	atman	0.103	
PR2-PR1	PPL	0.1140222222222222	0.2666057461743571	0.9898101864326512	atman	0.103	
PR2-PR1	REG1B	-0.11393	0.3891231621000803	0.9898101864326512	atman	0.103	
PR2-PR1	DRAXIN	-0.1138444444444444	0.3135991189863845	0.9898101864326512	atman	0.103	
PR2-PR1	YWHAQ	-0.1138333333333333	0.7727608382263909	0.9898101864326512	atman	0.103	
PR2-PR1	CETN2	-0.1137875	0.755761224139887	0.9898101864326512	atman	0.103	
PR2-PR1	CA11	0.1137749999999999	0.4081395237408651	0.9898101864326512	atman	0.103	
PR2-PR1	SERPINE1	0.1137599999999999	0.787067784731144	0.9898101864326512	atman	0.103	
PR2-PR1	CPA2	0.1137499999999999	0.5199164095882216	0.9898101864326512	atman	0.103	
PR2-PR1	SERPINI1	0.1134222222222222	0.5044955382876883	0.9898101864326512	atman	0.103	
PR2-PR1	CCN1	-0.1134199999999999	0.2782936152137572	0.9898101864326512	atman	0.103	
PR2-PR1	F11	0.11337	0.3484887195055621	0.9898101864326512	atman	0.103	
PR2-PR1	FUOM	0.1132777777777777	0.5342673798394117	0.9898101864326512	atman	0.103	
PR2-PR1	NFASC	-0.11302	0.2391826165288137	0.9898101864326512	atman	0.103	
PR2-PR1	C4BPB	0.1130111111111111	0.2239486169651958	0.9898101864326512	atman	0.103	
PR2-PR1	F7	-0.11291	0.1235082063247914	0.9898101864326512	atman	0.103	
PR2-PR1	RRM2	-0.1128999999999999	0.352800478396202	0.9898101864326512	atman	0.103	
PR2-PR1	CPVL	-0.11289	0.4373355116229305	0.9898101864326512	atman	0.103	
PR2-PR1	CD207	0.11272	0.37788730424072	0.9898101864326512	atman	0.103	
PR2-PR1	PMS1	0.1126571428571428	0.8028305455006768	0.9898101864326512	atman	0.103	
PR2-PR1	ITGB5	-0.1125444444444444	0.4805861665486381	0.9898101864326512	atman	0.103	
PR2-PR1	ITGBL1	0.11254	0.5586058150182995	0.9898101864326512	atman	0.103	
PR2-PR1	STXBP3	-0.112475	0.2721868554814524	0.9898101864326512	atman	0.103	
PR2-PR1	CD244	-0.1123	0.1540194912271895	0.9898101864326512	atman	0.103	
PR2-PR1	LMOD1	0.11224	0.6472453264316784	0.9898101864326512	atman	0.103	
PR2-PR1	FGFR4	0.1121888888888889	0.5775466867511767	0.9898101864326512	atman	0.103	
PR2-PR1	C5	0.11198	0.1633899954067801	0.9898101864326512	atman	0.103	
PR2-PR1	CDH6	0.1118666666666666	0.3392093543499177	0.9898101864326512	atman	0.103	
PR2-PR1	NRN1	-0.1118666666666666	0.2963010205636083	0.9898101864326512	atman	0.103	
PR2-PR1	SKAP1	-0.1116333333333333	0.4337647890123084	0.9898101864326512	atman	0.103	
PR2-PR1	HNRNPUL1	0.1115222222222222	0.6122661558436684	0.9898101864326512	atman	0.103	
PR2-PR1	INSR	0.1114444444444444	0.3463357625479093	0.9898101864326512	atman	0.103	
PR2-PR1	ARHGAP30	-0.1113124999999999	0.2953103885936392	0.9898101864326512	atman	0.103	
PR2-PR1	DDX39A	-0.1113111111111111	0.3934110030918822	0.9898101864326512	atman	0.103	
PR2-PR1	HIP1	0.1112333333333333	0.3233274908723529	0.9898101864326512	atman	0.103	
PR2-PR1	EDDM3B	0.1111899999999999	0.4851258544950223	0.9898101864326512	atman	0.103	
PR2-PR1	RCOR1	0.1111222222222222	0.4290319793869237	0.9898101864326512	atman	0.103	
PR2-PR1	PRG2	0.1110799999999999	0.3976844835156365	0.9898101864326512	atman	0.103	
PR2-PR1	LMOD1	0.1108555555555556	0.613324192140217	0.9898101864326512	atman	0.103	
PR2-PR1	PRR5	0.1107999999999999	0.7252382910740525	0.9898101864326512	atman	0.103	
PR2-PR1	THRAP3	0.1106222222222222	0.4147767818120993	0.9898101864326512	atman	0.103	
PR2-PR1	PGA4	0.1103777777777777	0.4644512410976018	0.9898101864326512	atman	0.103	
PR2-PR1	CSF3R	-0.1100777777777777	0.4415044625357569	0.9898101864326512	atman	0.103	
PR2-PR1	DDHD2	-0.1100222222222222	0.7531042608550529	0.9898101864326512	atman	0.103	
PR2-PR1	FGFBP2	0.10993	0.4413083217730724	0.9898101864326512	atman	0.103	
PR2-PR1	PAGR1	-0.1097222222222222	0.5756096698974669	0.9898101864326512	atman	0.103	
PR2-PR1	DOC2B	0.1096999999999999	0.5688648390631055	0.9898101864326512	atman	0.103	
PR2-PR1	CTNNA1	0.1095749999999999	0.1958001628133461	0.9898101864326512	atman	0.103	
PR2-PR1	SMARCA2	0.1094624999999998	0.6245957078285638	0.9898101864326512	atman	0.103	
PR2-PR1	CTSO	-0.1093599999999999	0.2258473027758227	0.9898101864326512	atman	0.103	
PR2-PR1	CA12	0.10935	0.13149137855667	0.9898101864326512	atman	0.103	
PR2-PR1	RAC3	-0.1092285714285714	0.6244783897234143	0.9898101864326512	atman	0.103	
PR2-PR1	SLC16A1	0.1092124999999999	0.6888017988004531	0.9898101864326512	atman	0.103	
PR2-PR1	CPQ	0.10897	0.4317001632997768	0.9898101864326512	atman	0.103	
PR2-PR1	FGF5	-0.1089333333333333	0.4560145979904377	0.9898101864326512	atman	0.103	
PR2-PR1	KIAA2013	-0.10851	0.3609980763367852	0.9898101864326512	atman	0.103	
PR2-PR1	NARS1	-0.1083666666666667	0.5029351690032504	0.9898101864326512	atman	0.103	
PR2-PR1	LPCAT2	0.10807	0.5744437474509172	0.9898101864326512	atman	0.103	
PR2-PR1	ERN1	-0.10794	0.3332404692831927	0.9898101864326512	atman	0.103	
PR2-PR1	SSBP1	0.1077333333333333	0.5612625695665803	0.9898101864326512	atman	0.103	
PR2-PR1	LAG3	0.1077299999999999	0.3324372220026532	0.9898101864326512	atman	0.103	
PR2-PR1	PTGR1	0.1076399999999999	0.6104504136550948	0.9898101864326512	atman	0.103	
PR2-PR1	MMP12	-0.10741	0.1478870087128492	0.9898101864326512	atman	0.103	
PR2-PR1	NMNAT1	-0.1073888888888889	0.7982437894809067	0.9898101864326512	atman	0.103	
PR2-PR1	CCL24	-0.1073399999999999	0.1097408129843806	0.9898101864326512	atman	0.103	
PR2-PR1	SCLY	-0.1072399999999999	0.501767729654609	0.9898101864326512	atman	0.103	
PR2-PR1	AGRP	0.10722	0.6260412130001982	0.9898101864326512	atman	0.103	
PR2-PR1	RGS8	0.1071555555555555	0.6185869732026334	0.9898101864326512	atman	0.103	
PR2-PR1	KLRD1	-0.1071299999999999	0.1899708671268234	0.9898101864326512	atman	0.103	
PR2-PR1	CD34	-0.1070899999999999	0.2556736867981175	0.9898101864326512	atman	0.103	
PR2-PR1	CLEC5A	0.1069555555555555	0.4160169669018643	0.9898101864326512	atman	0.103	
PR2-PR1	FABP9	-0.1068749999999999	0.3480427540486697	0.9898101864326512	atman	0.103	
PR2-PR1	SSNA1	-0.10684	0.6071661094188623	0.9898101864326512	atman	0.103	
PR2-PR1	GC	0.10671	0.2514607727017046	0.9898101864326512	atman	0.103	
PR2-PR1	TP53BP1	-0.1066222222222222	0.6148675083813446	0.9898101864326512	atman	0.103	
PR2-PR1	EPHA2	0.10655	0.2877659206413012	0.9898101864326512	atman	0.103	
PR2-PR1	ERVV-1	0.1064	0.6979524511411448	0.9898101864326512	atman	0.103	
PR2-PR1	FUT8	0.1062666666666666	0.7533570632502551	0.9898101864326512	atman	0.103	
PR2-PR1	ZBTB16	0.1062249999999999	0.7332987676844811	0.9898101864326512	atman	0.103	
PR2-PR1	CASP10	-0.10615	0.8539205839231776	0.9898101864326512	atman	0.103	
PR2-PR1	SIL1	0.1061111111111111	0.2865218817852366	0.9898101864326512	atman	0.103	
PR2-PR1	CD40	-0.10605	0.616317359943962	0.9898101864326512	atman	0.103	
PR2-PR1	PRRT3	0.1059777777777777	0.1821298293046633	0.9898101864326512	atman	0.103	
PR2-PR1	FLT1	-0.10566	0.237727208527134	0.9898101864326512	atman	0.103	
PR2-PR1	LAMB1	0.1056555555555555	0.2784832206576682	0.9898101864326512	atman	0.103	
PR2-PR1	BATF	0.1053714285714285	0.130206669253891	0.9898101864326512	atman	0.103	
PR2-PR1	GNLY	-0.1051	0.2265267550323657	0.9898101864326512	atman	0.103	
PR2-PR1	SCARA5	-0.10504	0.2778234842864377	0.9898101864326512	atman	0.103	
PR2-PR1	GFRA3	0.1049777777777777	0.130416792946781	0.9898101864326512	atman	0.103	
PR2-PR1	DDT	0.10486	0.611475510555576	0.9898101864326512	atman	0.103	
PR2-PR1	SOD2	-0.10481	0.2956845230280587	0.9898101864326512	atman	0.103	
PR2-PR1	TFPI2	-0.1048	0.281623192813246	0.9898101864326512	atman	0.103	
PR2-PR1	ECHDC3	-0.10472	0.566440313732151	0.9898101864326512	atman	0.103	
PR2-PR1	GHR	0.1046888888888888	0.3069780680448	0.9898101864326512	atman	0.103	
PR2-PR1	CCDC80	0.1046333333333333	0.080790438224807	0.9898101864326512	atman	0.103	
PR2-PR1	LBR	-0.1043599999999999	0.7249550822561917	0.9898101864326512	atman	0.103	
PR2-PR1	FCRL2	-0.10419	0.1154749172437124	0.9898101864326512	atman	0.103	
PR2-PR1	OLFM4	0.1041222222222222	0.6335714096519163	0.9898101864326512	atman	0.103	
PR2-PR1	CCN4	0.10381	0.4404747369561783	0.9898101864326512	atman	0.103	
PR2-PR1	APOD	0.10368	0.4651247126871325	0.9898101864326512	atman	0.103	
PR2-PR1	ACP5	-0.10341	0.1247868269491558	0.9898101864326512	atman	0.103	
PR2-PR1	SLC1A4	-0.1034	0.5851204178919702	0.9898101864326512	atman	0.103	
PR2-PR1	TCOF1	0.10323	0.4655831923989117	0.9898101864326512	atman	0.103	
PR2-PR1	GFRAL	0.1030699999999999	0.4353943568114868	0.9898101864326512	atman	0.103	
PR2-PR1	RNF41	-0.103025	0.8075931929502946	0.9898101864326512	atman	0.103	
PR2-PR1	PSTPIP2	-0.1029222222222223	0.8210718142635638	0.9898101864326512	atman	0.103	
PR2-PR1	ACRBP	0.1028099999999999	0.544424809096419	0.9898101864326512	atman	0.103	
PR2-PR1	DCBLD2	0.1026777777777778	0.4351445107770726	0.9898101864326512	atman	0.103	
PR2-PR1	IGFL4	-0.1026555555555556	0.6109578110793832	0.9898101864326512	atman	0.103	
PR2-PR1	IL1R1	-0.1026499999999999	0.0985008157465465	0.9898101864326512	atman	0.103	
PR2-PR1	LACRT	0.1025099999999999	0.5359811108612862	0.9898101864326512	atman	0.103	
PR2-PR1	BEX3	0.102488888888889	0.8424209683582189	0.9898101864326512	atman	0.103	
PR2-PR1	TNFRSF1B	-0.10231	0.2226757640761616	0.9898101864326512	atman	0.103	
PR2-PR1	TBCA	-0.1022444444444443	0.8701962976664086	0.9898101864326512	atman	0.103	
PR2-PR1	TNFSF8	0.10219	0.593828342070972	0.9898101864326512	atman	0.103	
PR2-PR1	CCL14	0.1021199999999999	0.5068027345794655	0.9898101864326512	atman	0.103	
PR2-PR1	STX5	0.1019333333333333	0.3549783979271339	0.9898101864326512	atman	0.103	
PR2-PR1	ACY1	-0.1018333333333332	0.6067632832024301	0.9898101864326512	atman	0.103	
PR2-PR1	OGN	-0.1018	0.1374914618437124	0.9898101864326512	atman	0.103	
PR2-PR1	CDA	0.10168	0.5599491375086476	0.9898101864326512	atman	0.103	
PR2-PR1	SPART	0.1014555555555555	0.8235608529684533	0.9898101864326512	atman	0.103	
PR2-PR1	GAGE2A	0.1012666666666666	0.6521947611749557	0.9898101864326512	atman	0.103	
PR2-PR1	ADGRE2	-0.1011799999999999	0.3426922798606941	0.9898101864326512	atman	0.103	
PR2-PR1	CXCL6	-0.10112	0.7465396486062228	0.9898101864326512	atman	0.103	
PR2-PR1	STEAP4	0.1010374999999999	0.6670932552704258	0.9898101864326512	atman	0.103	
PR2-PR1	ENPP6	-0.101011111111111	0.4936782118041045	0.9898101864326512	atman	0.103	
PR2-PR1	PARD3	-0.1009999999999999	0.72844270143851	0.9898101864326512	atman	0.103	
PR2-PR1	PTEN	0.1009	0.7035130354676686	0.9898101864326512	atman	0.103	
PR2-PR1	VEGFC	0.1008555555555555	0.7574379255522574	0.9898101864326512	atman	0.103	
PR2-PR1	TBL1X	-0.1008375	0.8305089099267158	0.9898101864326512	atman	0.103	
PR2-PR1	MAPKAPK2	0.1007749999999999	0.7925798967707587	0.9898101864326512	atman	0.103	
PR2-PR1	HSPB6	0.1007699999999999	0.7350254893285835	0.9898101864326512	atman	0.103	
PR2-PR1	CDH23	0.10075	0.1843286820423122	0.9898101864326512	atman	0.103	
PR2-PR1	ASAH2	-0.1006333333333333	0.5197084565871541	0.9898101864326512	atman	0.103	
PR2-PR1	ITIH4	0.10044	0.4717256606956552	0.9898101864326512	atman	0.103	
PR2-PR1	INSL4	-0.1003699999999999	0.4915093081927193	0.9898101864326512	atman	0.103	
PR2-PR1	SAT1	0.1003111111111111	0.7071161507755028	0.9898101864326512	atman	0.103	
PR2-PR1	MZB1	-0.10023	0.1222533420751565	0.9898101864326512	atman	0.103	
PR2-PR1	LMNB2	0.10017	0.393361248420542	0.9898101864326512	atman	0.103	
PR2-PR1	PON1	0.1001222222222222	0.4960528770169536	0.9898101864326512	atman	0.103	
PR2-PR1	CEP164	0.1000333333333333	0.5603360110321391	0.9898101864326512	atman	0.103	
PR2-PR1	FGF2	-0.099775	0.6362419634949827	0.9898101864326512	atman	0.103	
PR2-PR1	RIPK4	-0.0997444444444444	0.6472586969852729	0.9898101864326512	atman	0.103	
PR2-PR1	DPP7	0.0996666666666666	0.676083559013565	0.9898101864326512	atman	0.103	
PR2-PR1	CD300LG	-0.09965	0.2185540305951474	0.9898101864326512	atman	0.103	
PR2-PR1	BOC	-0.0996333333333333	0.3913279431082737	0.9898101864326512	atman	0.103	
PR2-PR1	TCL1A	-0.0996333333333333	0.560624329700613	0.9898101864326512	atman	0.103	
PR2-PR1	RAD23B	0.0996	0.2735153412680979	0.9898101864326512	atman	0.103	
PR2-PR1	METAP1	-0.0994874999999999	0.5830412962793448	0.9898101864326512	atman	0.103	
PR2-PR1	FCGR2B	0.0994874999999999	0.8577256509521982	0.9898101864326512	atman	0.103	
PR2-PR1	RBFOX3	-0.0993111111111111	0.6831485196015281	0.9898101864326512	atman	0.103	
PR2-PR1	SEMA4D	0.0991499999999999	0.5409649280482762	0.9898101864326512	atman	0.103	
PR2-PR1	PTPRN2	-0.0989888888888888	0.3209922690109292	0.9898101864326512	atman	0.103	
PR2-PR1	PLA2G15	-0.0988111111111111	0.1784410279590238	0.9898101864326512	atman	0.103	
PR2-PR1	AMIGO2	0.0988	0.2742938830481658	0.9898101864326512	atman	0.103	
PR2-PR1	MICB_MICA	0.09855	0.4401235459036923	0.9898101864326512	atman	0.103	
PR2-PR1	FABP2	-0.0984666666666666	0.3668318044991134	0.9898101864326512	atman	0.103	
PR2-PR1	ABL1	-0.09827	0.736238242782461	0.9898101864326512	atman	0.103	
PR2-PR1	STAB2	0.09827	0.5173695993314045	0.9898101864326512	atman	0.103	
PR2-PR1	CTSF	-0.0982666666666666	0.5475651607432299	0.9898101864326512	atman	0.103	
PR2-PR1	S100A16	0.0982499999999999	0.5774883294999342	0.9898101864326512	atman	0.103	
PR2-PR1	TLR3	-0.09822	0.1976479127714248	0.9898101864326512	atman	0.103	
PR2-PR1	CASP9	0.0981888888888888	0.4730751713435666	0.9898101864326512	atman	0.103	
PR2-PR1	MYL3	0.0981555555555554	0.8583652027458748	0.9898101864326512	atman	0.103	
PR2-PR1	ADAMTS8	-0.0981222222222222	0.3412651956970229	0.9898101864326512	atman	0.103	
PR2-PR1	TGFBR3	-0.09812	0.1372438909793436	0.9898101864326512	atman	0.103	
PR2-PR1	GYS1	-0.0980111111111111	0.68083671336246	0.9898101864326512	atman	0.103	
PR2-PR1	PMM2	-0.0977555555555555	0.807458237193357	0.9898101864326512	atman	0.103	
PR2-PR1	SUMF1	0.0976555555555555	0.5973284274676369	0.9898101864326512	atman	0.103	
PR2-PR1	CD83	-0.0974375	0.485471244257502	0.9898101864326512	atman	0.103	
PR2-PR1	CTHRC1	0.09739	0.4337586779126354	0.9898101864326512	atman	0.103	
PR2-PR1	CAMLG	-0.0973857142857143	0.728900619029641	0.9898101864326512	atman	0.103	
PR2-PR1	TPR	0.0973333333333333	0.4448311110749567	0.9898101864326512	atman	0.103	
PR2-PR1	SPON2	0.0973111111111111	0.3106151739507679	0.9898101864326512	atman	0.103	
PR2-PR1	KIF1C	0.097311111111111	0.6539349524409777	0.9898101864326512	atman	0.103	
PR2-PR1	ENSA	0.09719	0.6911465605331133	0.9898101864326512	atman	0.103	
PR2-PR1	CACNB3	-0.0970888888888889	0.846567971679667	0.9898101864326512	atman	0.103	
PR2-PR1	BST1	-0.0968699999999999	0.139806239587849	0.9898101864326512	atman	0.103	
PR2-PR1	ADAM22	0.0964	0.3641948442590033	0.9898101864326512	atman	0.103	
PR2-PR1	RNASE4	0.0964	0.5502724871744131	0.9898101864326512	atman	0.103	
PR2-PR1	LRP2	0.096342857142857	0.746145682614477	0.9898101864326512	atman	0.103	
PR2-PR1	MZT1	0.0962499999999999	0.6479209825493659	0.9898101864326512	atman	0.103	
PR2-PR1	JAM2	0.09599	0.1492148994578312	0.9898101864326512	atman	0.103	
PR2-PR1	VCAM1	-0.09557	0.1151755204881561	0.9898101864326512	atman	0.103	
PR2-PR1	GFER	-0.0954625	0.7900960807447273	0.9898101864326512	atman	0.103	
PR2-PR1	SERPINB5	-0.0953333333333332	0.8408991581015206	0.9898101864326512	atman	0.103	
PR2-PR1	ATP1B1	0.0952333333333333	0.6099705739932284	0.9898101864326512	atman	0.103	
PR2-PR1	FKBP7	-0.0950749999999999	0.6289799381218919	0.9898101864326512	atman	0.103	
PR2-PR1	KLK4	-0.0949899999999999	0.1660986047613679	0.9898101864326512	atman	0.103	
PR2-PR1	CBLN4	-0.0949099999999999	0.2820537579492725	0.9898101864326512	atman	0.103	
PR2-PR1	VWC2	0.0946444444444444	0.4110566952983143	0.9898101864326512	atman	0.103	
PR2-PR1	SIGLEC15	-0.094575	0.5875833811006821	0.9898101864326512	atman	0.103	
PR2-PR1	IL10	-0.0945333333333333	0.7900944934013419	0.9898101864326512	atman	0.103	
PR2-PR1	SPON1	-0.0944999999999999	0.1238141342947594	0.9898101864326512	atman	0.103	
PR2-PR1	FCAR	-0.0944375	0.3689498867581653	0.9898101864326512	atman	0.103	
PR2-PR1	NPPC	0.0944	0.4418523632514508	0.9898101864326512	atman	0.103	
PR2-PR1	MYBPC2	0.0942888888888889	0.9099806787888012	0.9898101864326512	atman	0.103	
PR2-PR1	MYCBP2	-0.0942777777777778	0.645587235087085	0.9898101864326512	atman	0.103	
PR2-PR1	ADH4	-0.0939888888888889	0.825139337587486	0.9898101864326512	atman	0.103	
PR2-PR1	TBC1D23	-0.09391	0.8211059002844256	0.9898101864326512	atman	0.103	
PR2-PR1	UBAC1	-0.0938799999999999	0.7030966639830933	0.9898101864326512	atman	0.103	
PR2-PR1	CCL25	-0.09382	0.529429349225444	0.9898101864326512	atman	0.103	
PR2-PR1	ESAM	0.09374	0.4208710578289583	0.9898101864326512	atman	0.103	
PR2-PR1	SARG	0.09373	0.8157324565253061	0.9898101864326512	atman	0.103	
PR2-PR1	SERPINC1	0.09361	0.2881957787497442	0.9898101864326512	atman	0.103	
PR2-PR1	GOLM2	0.0935899999999999	0.2053833449702242	0.9898101864326512	atman	0.103	
PR2-PR1	C1QTNF5	0.0935777777777777	0.4633332720037664	0.9898101864326512	atman	0.103	
PR2-PR1	CMIP	-0.09356	0.805200249122944	0.9898101864326512	atman	0.103	
PR2-PR1	CLEC4G	-0.0935374999999999	0.4637919777531429	0.9898101864326512	atman	0.103	
PR2-PR1	HMGCL	-0.0932222222222222	0.62826300192023	0.9898101864326512	atman	0.103	
PR2-PR1	ST8SIA1	0.0931333333333332	0.7176011237922693	0.9898101864326512	atman	0.103	
PR2-PR1	PON3	-0.0930499999999999	0.0796542863623137	0.9898101864326512	atman	0.103	
PR2-PR1	SUSD1	-0.0929888888888889	0.7238497249758924	0.9898101864326512	atman	0.103	
PR2-PR1	CCN2	0.0928499999999999	0.6793045178966539	0.9898101864326512	atman	0.103	
PR2-PR1	C1RL	0.09277	0.3232877772650655	0.9898101864326512	atman	0.103	
PR2-PR1	PTGDS	-0.09237	0.1570828848851067	0.9898101864326512	atman	0.103	
PR2-PR1	TARBP2	0.0922875	0.8665214600533071	0.9898101864326512	atman	0.103	
PR2-PR1	NOTCH3	-0.09228	0.1363302766275327	0.9898101864326512	atman	0.103	
PR2-PR1	IGFBP3	-0.09215	0.2089254185925311	0.9898101864326512	atman	0.103	
PR2-PR1	HGFAC	0.0920111111111111	0.5328799322557771	0.9898101864326512	atman	0.103	
PR2-PR1	SPESP1	0.0918699999999999	0.239783088839165	0.9898101864326512	atman	0.103	
PR2-PR1	SLC39A5	0.0918	0.7320008313939825	0.9898101864326512	atman	0.103	
PR2-PR1	FABP1	-0.0918	0.761326676853264	0.9898101864326512	atman	0.103	
PR2-PR1	NAA80	0.0915285714285714	0.7649794450390042	0.9898101864326512	atman	0.103	
PR2-PR1	GLYR1	0.09139	0.6491907217616208	0.9898101864326512	atman	0.103	
PR2-PR1	F13B	0.09132	0.5141994179918754	0.9898101864326512	atman	0.103	
PR2-PR1	PCYT2	-0.09128	0.7526807479432316	0.9898101864326512	atman	0.103	
PR2-PR1	PLG	0.09127	0.5596527742233444	0.9898101864326512	atman	0.103	
PR2-PR1	TNFAIP2	0.0912099999999999	0.6620731635353487	0.9898101864326512	atman	0.103	
PR2-PR1	CUZD1	-0.0911285714285714	0.6788648689868877	0.9898101864326512	atman	0.103	
PR2-PR1	SMAD5	0.09112	0.235342796327832	0.9898101864326512	atman	0.103	
PR2-PR1	TXN	0.0910666666666666	0.7260735810345678	0.9898101864326512	atman	0.103	
PR2-PR1	PRSS27	0.0909888888888888	0.3411836908563663	0.9898101864326512	atman	0.103	
PR2-PR1	PXN	-0.090975	0.6264287356390401	0.9898101864326512	atman	0.103	
PR2-PR1	KIR2DS4	-0.09093	0.4336720685007995	0.9898101864326512	atman	0.103	
PR2-PR1	PAFAH2	-0.0907625	0.7633127331746643	0.9898101864326512	atman	0.103	
PR2-PR1	GIP	-0.0906888888888888	0.5743002970283719	0.9898101864326512	atman	0.103	
PR2-PR1	ARF6	0.0905799999999999	0.8496674995461317	0.9898101864326512	atman	0.103	
PR2-PR1	IL32	-0.0904875	0.4671387233572701	0.9898101864326512	atman	0.103	
PR2-PR1	ENO3	-0.0903666666666666	0.8990211755852022	0.9898101864326512	atman	0.103	
PR2-PR1	SUGP1	0.0902	0.6014498846481282	0.9898101864326512	atman	0.103	
PR2-PR1	RGMA	-0.09018	0.1301292118852459	0.9898101864326512	atman	0.103	
PR2-PR1	CR2	-0.09018	0.1779191105600419	0.9898101864326512	atman	0.103	
PR2-PR1	CES3	-0.09005	0.6537755065816944	0.9898101864326512	atman	0.103	
PR2-PR1	PTP4A3	-0.0899555555555556	0.7908585332042211	0.9898101864326512	atman	0.103	
PR2-PR1	IL6R	-0.0899499999999999	0.1828766200416964	0.9898101864326512	atman	0.103	
PR2-PR1	MASP1	-0.0896888888888889	0.3196000097770279	0.9898101864326512	atman	0.103	
PR2-PR1	LPA	0.08968	0.645597411567904	0.9898101864326512	atman	0.103	
PR2-PR1	TRAF3	-0.0896777777777777	0.6589378762051998	0.9898101864326512	atman	0.103	
PR2-PR1	DAPK2	0.0896	0.7677736811826237	0.9898101864326512	atman	0.103	
PR2-PR1	DHODH	0.0895555555555555	0.6838865457042509	0.9898101864326512	atman	0.103	
PR2-PR1	SIAE	0.0895444444444444	0.7879799946929631	0.9898101864326512	atman	0.103	
PR2-PR1	IMMT	-0.0895299999999999	0.6423943446886267	0.9898101864326512	atman	0.103	
PR2-PR1	EPHB6	0.0895111111111111	0.3363203824187755	0.9898101864326512	atman	0.103	
PR2-PR1	MARCO	-0.0894333333333333	0.1086958658304806	0.9898101864326512	atman	0.103	
PR2-PR1	CIRBP	-0.08939	0.8071430327947486	0.9898101864326512	atman	0.103	
PR2-PR1	FNTA	0.08939	0.4134960385909174	0.9898101864326512	atman	0.103	
PR2-PR1	CEBPB	0.0893888888888888	0.6099614168339744	0.9898101864326512	atman	0.103	
PR2-PR1	ATF2	0.0893499999999999	0.6894904993255933	0.9898101864326512	atman	0.103	
PR2-PR1	ERI1	0.0892499999999999	0.7003081283987089	0.9898101864326512	atman	0.103	
PR2-PR1	UNC79	-0.0890666666666666	0.7424713026917626	0.9898101864326512	atman	0.103	
PR2-PR1	CTSC	-0.08906	0.6071144762957335	0.9898101864326512	atman	0.103	
PR2-PR1	KLRF1	0.0890222222222222	0.2747815634661448	0.9898101864326512	atman	0.103	
PR2-PR1	IL4R	-0.0889875	0.2171995893618041	0.9898101864326512	atman	0.103	
PR2-PR1	RBP1	-0.0888571428571429	0.5517081542810793	0.9898101864326512	atman	0.103	
PR2-PR1	TOR1AIP1	0.0887777777777778	0.7515945669845869	0.9898101864326512	atman	0.103	
PR2-PR1	NECTIN2	0.0887444444444444	0.365277060771449	0.9898101864326512	atman	0.103	
PR2-PR1	CA7	-0.088725	0.8029666836619702	0.9898101864326512	atman	0.103	
PR2-PR1	CD163	-0.08868	0.2436467086368692	0.9898101864326512	atman	0.103	
PR2-PR1	GP5	0.0886666666666667	0.7936719572596527	0.9898101864326512	atman	0.103	
PR2-PR1	CCN5	-0.08863	0.4312116819498259	0.9898101864326512	atman	0.103	
PR2-PR1	DNAJB8	0.0886111111111111	0.6374812834582384	0.9898101864326512	atman	0.103	
PR2-PR1	CGB3_CGB5_CGB8	0.0882555555555555	0.6544298338545738	0.9898101864326512	atman	0.103	
PR2-PR1	CEACAM21	0.08825	0.7230232389544498	0.9898101864326512	atman	0.103	
PR2-PR1	DEFB104A_DEFB104B	-0.08825	0.5459884889758413	0.9898101864326512	atman	0.103	
PR2-PR1	PDCD1	-0.08809	0.27343518042461	0.9898101864326512	atman	0.103	
PR2-PR1	DCTD	0.0880222222222221	0.846286799555277	0.9898101864326512	atman	0.103	
PR2-PR1	ARID3A	0.0878499999999999	0.7553779100428133	0.9898101864326512	atman	0.103	
PR2-PR1	TMSB10	-0.08759	0.675577809367693	0.9898101864326512	atman	0.103	
PR2-PR1	HMMR	-0.0874555555555555	0.7710722030148316	0.9898101864326512	atman	0.103	
PR2-PR1	SHD	0.0872111111111111	0.5594303174004545	0.9898101864326512	atman	0.103	
PR2-PR1	HAO1	0.087	0.7254876691516459	0.9898101864326512	atman	0.103	
PR2-PR1	SPARC	-0.0869888888888889	0.8458271880296993	0.9898101864326512	atman	0.103	
PR2-PR1	HS6ST1	-0.0869699999999999	0.4124573725267013	0.9898101864326512	atman	0.103	
PR2-PR1	IFNGR2	-0.0869222222222222	0.0806342127454198	0.9898101864326512	atman	0.103	
PR2-PR1	CPOX	-0.0867444444444444	0.5063280649057975	0.9898101864326512	atman	0.103	
PR2-PR1	PCSK9	-0.08666	0.4883962029327122	0.9898101864326512	atman	0.103	
PR2-PR1	CHRDL1	-0.08666	0.2828066521574959	0.9898101864326512	atman	0.103	
PR2-PR1	GDF2	-0.0862555555555555	0.234399358683103	0.9898101864326512	atman	0.103	
PR2-PR1	AGT	0.0861888888888889	0.2764172431868854	0.9898101864326512	atman	0.103	
PR2-PR1	ARL2BP	-0.0861111111111111	0.5833245064614179	0.9898101864326512	atman	0.103	
PR2-PR1	ANPEP	-0.08584	0.3296891673122428	0.9898101864326512	atman	0.103	
PR2-PR1	HSD17B14	-0.08582	0.4754266280995467	0.9898101864326512	atman	0.103	
PR2-PR1	CTSB	-0.08562	0.6346605512870103	0.9898101864326512	atman	0.103	
PR2-PR1	SLITRK6	0.0855444444444444	0.590433962696195	0.9898101864326512	atman	0.103	
PR2-PR1	CRTAC1	-0.0855399999999999	0.1449306951646352	0.9898101864326512	atman	0.103	
PR2-PR1	CFP	0.08551	0.4085057212989347	0.9898101864326512	atman	0.103	
PR2-PR1	APOA1	0.08538	0.4923425946365545	0.9898101864326512	atman	0.103	
PR2-PR1	AAMDC	-0.0852444444444444	0.6994056506421378	0.9898101864326512	atman	0.103	
PR2-PR1	CEACAM1	0.0852333333333333	0.1318271283216847	0.9898101864326512	atman	0.103	
PR2-PR1	ICA1	-0.0852222222222222	0.7620166099838173	0.9898101864326512	atman	0.103	
PR2-PR1	IL12RB1	0.0850666666666666	0.803399529791992	0.9898101864326512	atman	0.103	
PR2-PR1	SRPX	0.0850499999999999	0.5437092026496129	0.9898101864326512	atman	0.103	
PR2-PR1	BABAM1	0.0848111111111111	0.5201352921865143	0.9898101864326512	atman	0.103	
PR2-PR1	DNM3	-0.0847888888888889	0.6756269107842676	0.9898101864326512	atman	0.103	
PR2-PR1	GGT1	-0.0847599999999999	0.3551978809213554	0.9898101864326512	atman	0.103	
PR2-PR1	PCBD1	0.0846888888888888	0.710858061486292	0.9898101864326512	atman	0.103	
PR2-PR1	FH	0.08465	0.6976743370134171	0.9898101864326512	atman	0.103	
PR2-PR1	MTUS1	-0.0846	0.7329998211378095	0.9898101864326512	atman	0.103	
PR2-PR1	BCAN	-0.0844999999999999	0.4394149992879295	0.9898101864326512	atman	0.103	
PR2-PR1	IGSF9	-0.0844099999999999	0.4451512830384576	0.9898101864326512	atman	0.103	
PR2-PR1	B4GAT1	-0.0843899999999999	0.1571350554180401	0.9898101864326512	atman	0.103	
PR2-PR1	CDH5	-0.0842699999999999	0.1947258000789142	0.9898101864326512	atman	0.103	
PR2-PR1	SDHB	-0.08417	0.5013059244276714	0.9898101864326512	atman	0.103	
PR2-PR1	SPRR1B	0.0840375	0.623119911668875	0.9898101864326512	atman	0.103	
PR2-PR1	IL36G	0.0839111111111111	0.6623060664320812	0.9898101864326512	atman	0.103	
PR2-PR1	APPL2	-0.0838111111111111	0.8603237044814649	0.9898101864326512	atman	0.103	
PR2-PR1	NAGK	-0.0838111111111111	0.6118946998009729	0.9898101864326512	atman	0.103	
PR2-PR1	COL18A1	-0.0837099999999999	0.0997028564086557	0.9898101864326512	atman	0.103	
PR2-PR1	PTPRK	0.08363	0.3421505702610639	0.9898101864326512	atman	0.103	
PR2-PR1	NOS2	-0.0835666666666666	0.7399399782076559	0.9898101864326512	atman	0.103	
PR2-PR1	PPP1R12B	0.0835249999999999	0.618938282064112	0.9898101864326512	atman	0.103	
PR2-PR1	PLIN1	0.0834999999999999	0.5200368010774836	0.9898101864326512	atman	0.103	
PR2-PR1	GUCY2C	-0.0834874999999999	0.7139968964959347	0.9898101864326512	atman	0.103	
PR2-PR1	IRAK1	-0.0832777777777778	0.7399652649473911	0.9898101864326512	atman	0.103	
PR2-PR1	NRCAM	0.0832777777777777	0.4934261272289122	0.9898101864326512	atman	0.103	
PR2-PR1	ENDOU	0.08323	0.3962158212405877	0.9898101864326512	atman	0.103	
PR2-PR1	MPRIP	0.08319	0.7585680035986768	0.9898101864326512	atman	0.103	
PR2-PR1	TFRC	-0.08312	0.3891716506578049	0.9898101864326512	atman	0.103	
PR2-PR1	AZI2	0.0831111111111111	0.8295045368808793	0.9898101864326512	atman	0.103	
PR2-PR1	IL3	0.083111111111111	0.8339893318654967	0.9898101864326512	atman	0.103	
PR2-PR1	BPIFB2	0.08307	0.5643081811588346	0.9898101864326512	atman	0.103	
PR2-PR1	GSTT2B	-0.08295	0.6710037009207281	0.9898101864326512	atman	0.103	
PR2-PR1	PRSS53	0.08289	0.2217897211319726	0.9898101864326512	atman	0.103	
PR2-PR1	IL3RA	0.0827555555555555	0.8595207570633383	0.9898101864326512	atman	0.103	
PR2-PR1	ITIH3	-0.08256	0.2171307520142278	0.9898101864326512	atman	0.103	
PR2-PR1	DCXR	-0.0824666666666666	0.7565002615405465	0.9898101864326512	atman	0.103	
PR2-PR1	LILRB5	-0.0824	0.1208119304376267	0.9898101864326512	atman	0.103	
PR2-PR1	CES2	-0.0823799999999999	0.6413692830095861	0.9898101864326512	atman	0.103	
PR2-PR1	LETM1	0.0820444444444444	0.8091317958692379	0.9898101864326512	atman	0.103	
PR2-PR1	PRG3	0.08199	0.5258365319964289	0.9898101864326512	atman	0.103	
PR2-PR1	GLA	0.0819555555555555	0.6630263813425135	0.9898101864326512	atman	0.103	
PR2-PR1	EDNRB	0.0819333333333333	0.7857147763756203	0.9898101864326512	atman	0.103	
PR2-PR1	CSF1R	0.0818555555555556	0.618976461391008	0.9898101864326512	atman	0.103	
PR2-PR1	PLXDC1	-0.0818	0.5644042401022467	0.9898101864326512	atman	0.103	
PR2-PR1	PDE5A	0.0817999999999999	0.8646903628994191	0.9898101864326512	atman	0.103	
PR2-PR1	PDGFRA	-0.0817888888888888	0.4481356652814621	0.9898101864326512	atman	0.103	
PR2-PR1	KRT14	-0.0816625	0.5345458903926066	0.9898101864326512	atman	0.103	
PR2-PR1	IDO1	0.0816444444444444	0.6091348970679504	0.9898101864326512	atman	0.103	
PR2-PR1	THBS2	0.08162	0.1365776480855984	0.9898101864326512	atman	0.103	
PR2-PR1	CD38	-0.0815999999999999	0.244631771000426	0.9898101864326512	atman	0.103	
PR2-PR1	GAST	0.0814699999999999	0.7322079771216323	0.9898101864326512	atman	0.103	
PR2-PR1	STC2	-0.08134	0.1139213366108382	0.9898101864326512	atman	0.103	
PR2-PR1	ANXA2	-0.081311111111111	0.4749915686484316	0.9898101864326512	atman	0.103	
PR2-PR1	TREH	-0.0813099999999999	0.5870535634011769	0.9898101864326512	atman	0.103	
PR2-PR1	SIT1	-0.0811555555555555	0.6481733235719342	0.9898101864326512	atman	0.103	
PR2-PR1	SERPING1	0.0811499999999999	0.4616915075451238	0.9898101864326512	atman	0.103	
PR2-PR1	ACE2	0.0810444444444444	0.4720076667417372	0.9898101864326512	atman	0.103	
PR2-PR1	LGALS8	-0.0809799999999999	0.7108833554819414	0.9898101864326512	atman	0.103	
PR2-PR1	EDAR	0.0807749999999999	0.8033639136711554	0.9898101864326512	atman	0.103	
PR2-PR1	NELL2	-0.08073	0.3421966999110757	0.9898101864326512	atman	0.103	
PR2-PR1	NOP56	0.0806777777777777	0.7306257584779325	0.9898101864326512	atman	0.103	
PR2-PR1	NECTIN1	-0.0806777777777777	0.7263759504665797	0.9898101864326512	atman	0.103	
PR2-PR1	APOH	-0.08063	0.3404199929517633	0.9898101864326512	atman	0.103	
PR2-PR1	CDKL5	-0.080625	0.6396009954469739	0.9898101864326512	atman	0.103	
PR2-PR1	EGFLAM	0.0805499999999999	0.280489994979336	0.9898101864326512	atman	0.103	
PR2-PR1	TCN1	0.0805222222222222	0.4806141207800389	0.9898101864326512	atman	0.103	
PR2-PR1	PLEKHO1	-0.0805199999999999	0.7828662778606639	0.9898101864326512	atman	0.103	
PR2-PR1	CNTN4	-0.08051	0.2817722911873859	0.9898101864326512	atman	0.103	
PR2-PR1	GDF15	0.08049	0.1735316353991864	0.9898101864326512	atman	0.103	
PR2-PR1	CCND2	0.0804	0.8573476739185306	0.9898101864326512	atman	0.103	
PR2-PR1	PTPRM	-0.0801375	0.5652325550230151	0.9898101864326512	atman	0.103	
PR2-PR1	FZD8	-0.0801374999999999	0.825712108951572	0.9898101864326512	atman	0.103	
PR2-PR1	MOG	-0.08009	0.3290655969963187	0.9898101864326512	atman	0.103	
PR2-PR1	MAP2K1	-0.08007	0.8573418076735089	0.9898101864326512	atman	0.103	
PR2-PR1	BLOC1S2	0.0799624999999999	0.8586297990966538	0.9898101864326512	atman	0.103	
PR2-PR1	MAN2B2	0.0799	0.5372477839054817	0.9898101864326512	atman	0.103	
PR2-PR1	OTUD6B	-0.07974	0.7475385658884139	0.9898101864326512	atman	0.103	
PR2-PR1	CLSPN	-0.0797124999999999	0.3527570928917038	0.9898101864326512	atman	0.103	
PR2-PR1	ECM1	-0.07968	0.6669346867495562	0.9898101864326512	atman	0.103	
PR2-PR1	TNFSF10	-0.07965	0.517068947026962	0.9898101864326512	atman	0.103	
PR2-PR1	SGSH	-0.0795499999999999	0.5952517153019814	0.9898101864326512	atman	0.103	
PR2-PR1	GGH	-0.07946	0.4040026105437073	0.9898101864326512	atman	0.103	
PR2-PR1	FADD	0.0794555555555555	0.7383098173281029	0.9898101864326512	atman	0.103	
PR2-PR1	IL18BP	-0.07937	0.1818247253358853	0.9898101864326512	atman	0.103	
PR2-PR1	LYAR	0.079275	0.6952789449584449	0.9898101864326512	atman	0.103	
PR2-PR1	SFTPA1	0.0792625	0.6633555691754398	0.9898101864326512	atman	0.103	
PR2-PR1	CNTN3	-0.07922	0.21272929877609	0.9898101864326512	atman	0.103	
PR2-PR1	AK1	0.0791444444444444	0.8690025377114841	0.9898101864326512	atman	0.103	
PR2-PR1	CD3G	0.0790111111111111	0.6916354678447929	0.9898101864326512	atman	0.103	
PR2-PR1	EFNA4	0.0789555555555555	0.3900042351330248	0.9898101864326512	atman	0.103	
PR2-PR1	IGSF3	0.07877	0.2081921068586072	0.9898101864326512	atman	0.103	
PR2-PR1	PRC1	-0.0786	0.7448936508342263	0.9898101864326512	atman	0.103	
PR2-PR1	ARFIP1	0.0783999999999999	0.7142564305663084	0.9898101864326512	atman	0.103	
PR2-PR1	KRT18	0.07839	0.8044260850416354	0.9898101864326512	atman	0.103	
PR2-PR1	CCL13	-0.07835	0.7407094479635936	0.9898101864326512	atman	0.103	
PR2-PR1	LGALS3BP	0.07831	0.4344091543214745	0.9898101864326512	atman	0.103	
PR2-PR1	ASPN	-0.07831	0.4276342361476564	0.9898101864326512	atman	0.103	
PR2-PR1	EPS8L2	-0.07814	0.3792478732858519	0.9898101864326512	atman	0.103	
PR2-PR1	PILRA	-0.07805	0.221265010472373	0.9898101864326512	atman	0.103	
PR2-PR1	ITGB7	-0.0779699999999999	0.3191398564950038	0.9898101864326512	atman	0.103	
PR2-PR1	DSG2	0.07788	0.2277702167840272	0.9898101864326512	atman	0.103	
PR2-PR1	MFAP4	0.0776777777777777	0.5985100497001454	0.9898101864326512	atman	0.103	
PR2-PR1	CLEC1B	0.07767	0.8482295001753881	0.9898101864326512	atman	0.103	
PR2-PR1	PTPRR	0.07763	0.4678913392399626	0.9898101864326512	atman	0.103	
PR2-PR1	AOC3	-0.0775799999999999	0.2329386580629058	0.9898101864326512	atman	0.103	
PR2-PR1	FST	0.0774899999999999	0.4769624110127375	0.9898101864326512	atman	0.103	
PR2-PR1	SLK	-0.0774499999999999	0.6557854726307353	0.9898101864326512	atman	0.103	
PR2-PR1	C2orf69	0.0772999999999999	0.6780033056822554	0.9898101864326512	atman	0.103	
PR2-PR1	REG1A	-0.0772699999999999	0.3107050507242188	0.9898101864326512	atman	0.103	
PR2-PR1	PKD2	0.0772555555555555	0.8246898969806153	0.9898101864326512	atman	0.103	
PR2-PR1	FNDC1	0.07712	0.5177271596187678	0.9898101864326512	atman	0.103	
PR2-PR1	MEP1B	0.0771111111111111	0.264672340970483	0.9898101864326512	atman	0.103	
PR2-PR1	IL18R1	-0.0770899999999999	0.3624309535412764	0.9898101864326512	atman	0.103	
PR2-PR1	DKK4	-0.0770444444444444	0.4913761781541241	0.9898101864326512	atman	0.103	
PR2-PR1	NUDT2	0.0770399999999999	0.662423236333163	0.9898101864326512	atman	0.103	
PR2-PR1	SMAD2	0.0770199999999999	0.5964597162189529	0.9898101864326512	atman	0.103	
PR2-PR1	INSL5	0.0769199999999999	0.8219386516474376	0.9898101864326512	atman	0.103	
PR2-PR1	LRPAP1	-0.07679	0.2584412834796143	0.9898101864326512	atman	0.103	
PR2-PR1	GSN	0.0767333333333333	0.6285890518260535	0.9898101864326512	atman	0.103	
PR2-PR1	SMPD1	-0.0764499999999999	0.4302498156487249	0.9898101864326512	atman	0.103	
PR2-PR1	BTD	0.07643	0.4185196591505105	0.9898101864326512	atman	0.103	
PR2-PR1	MTHFD2	0.07635	0.5439060686077324	0.9898101864326512	atman	0.103	
PR2-PR1	HDGFL2	-0.07634	0.757670680437684	0.9898101864326512	atman	0.103	
PR2-PR1	LAMA1	0.0761444444444444	0.6539173726833716	0.9898101864326512	atman	0.103	
PR2-PR1	SELL	0.07603	0.3794964828875533	0.9898101864326512	atman	0.103	
PR2-PR1	PDRG1	0.0759857142857142	0.6438091905113925	0.9898101864326512	atman	0.103	
PR2-PR1	REXO2	0.0759666666666666	0.40836111483598	0.9898101864326512	atman	0.103	
PR2-PR1	ADGRE5	-0.07579	0.2518713829022334	0.9898101864326512	atman	0.103	
PR2-PR1	IGLON5	-0.0757444444444444	0.7201527377554211	0.9898101864326512	atman	0.103	
PR2-PR1	CXADR	-0.0755374999999999	0.6362070131671573	0.9898101864326512	atman	0.103	
PR2-PR1	FSTL1	0.0754888888888888	0.4081333648819205	0.9898101864326512	atman	0.103	
PR2-PR1	RAB33A	-0.0754333333333333	0.7962110388867796	0.9898101864326512	atman	0.103	
PR2-PR1	UBE2L6	0.0753399999999999	0.8064402181997901	0.9898101864326512	atman	0.103	
PR2-PR1	AKAP12	0.0752999999999999	0.3939656331658949	0.9898101864326512	atman	0.103	
PR2-PR1	FAM171B	0.0752999999999999	0.6225803611110121	0.9898101864326512	atman	0.103	
PR2-PR1	GJA8	-0.0752666666666666	0.8202988179657924	0.9898101864326512	atman	0.103	
PR2-PR1	GP6	-0.0752299999999999	0.8140378531304897	0.9898101864326512	atman	0.103	
PR2-PR1	DSG4	0.0751899999999999	0.4234601850636759	0.9898101864326512	atman	0.103	
PR2-PR1	TGFBR2	0.0751888888888889	0.1824460157145537	0.9898101864326512	atman	0.103	
PR2-PR1	ACE	0.0751444444444444	0.5664020348111678	0.9898101864326512	atman	0.103	
PR2-PR1	LGMN	-0.07506	0.4253314056049448	0.9898101864326512	atman	0.103	
PR2-PR1	KIT	0.0749799999999999	0.2055641794629705	0.9898101864326512	atman	0.103	
PR2-PR1	EBI3_IL27	-0.07484	0.2798167573043679	0.9898101864326512	atman	0.103	
PR2-PR1	DHRS4L2	-0.0748	0.5408349440812421	0.9898101864326512	atman	0.103	
PR2-PR1	NEO1	0.0747111111111111	0.5803587904671312	0.9898101864326512	atman	0.103	
PR2-PR1	TYRO3	-0.0745666666666666	0.1926809439416215	0.9898101864326512	atman	0.103	
PR2-PR1	CCL15	-0.0745399999999999	0.4083113186258433	0.9898101864326512	atman	0.103	
PR2-PR1	TMEM25	0.0743666666666666	0.7151998640047159	0.9898101864326512	atman	0.103	
PR2-PR1	ACHE	0.0741888888888888	0.7102713877821054	0.9898101864326512	atman	0.103	
PR2-PR1	DSC2	-0.07402	0.1659994227904928	0.9898101864326512	atman	0.103	
PR2-PR1	MFGE8	0.07402	0.4111831441626283	0.9898101864326512	atman	0.103	
PR2-PR1	CSPG4	0.07398	0.5148739312212871	0.9898101864326512	atman	0.103	
PR2-PR1	COL28A1	0.0736714285714285	0.7448946103369556	0.9898101864326512	atman	0.103	
PR2-PR1	P4HB	-0.0736666666666666	0.4146642292938227	0.9898101864326512	atman	0.103	
PR2-PR1	SPTBN2	-0.0734124999999999	0.7443725611241188	0.9898101864326512	atman	0.103	
PR2-PR1	GALNT10	0.0734	0.5117815225653408	0.9898101864326512	atman	0.103	
PR2-PR1	NBL1	0.0732777777777777	0.3250830976938679	0.9898101864326512	atman	0.103	
PR2-PR1	CD209	-0.07324	0.2488903875769477	0.9898101864326512	atman	0.103	
PR2-PR1	VSIG10	-0.0730499999999999	0.6265437572561419	0.9898101864326512	atman	0.103	
PR2-PR1	OXT	-0.07304	0.7052498956172959	0.9898101864326512	atman	0.103	
PR2-PR1	PTTG1	0.0729749999999999	0.7831693176246544	0.9898101864326512	atman	0.103	
PR2-PR1	PSRC1	-0.0729625	0.6449427969227672	0.9898101864326512	atman	0.103	
PR2-PR1	PRUNE2	-0.0727874999999999	0.6748420446318701	0.9898101864326512	atman	0.103	
PR2-PR1	NGF	0.0727777777777777	0.3303592432357256	0.9898101864326512	atman	0.103	
PR2-PR1	MST1	0.072711111111111	0.6432605488541356	0.9898101864326512	atman	0.103	
PR2-PR1	THOP1	-0.0725888888888889	0.4820306740569942	0.9898101864326512	atman	0.103	
PR2-PR1	CNTNAP2	0.072525	0.7065487282033964	0.9898101864326512	atman	0.103	
PR2-PR1	TNFAIP8L2	0.0725222222222222	0.7733739895559641	0.9898101864326512	atman	0.103	
PR2-PR1	AMY2B	-0.07249	0.4717499846918445	0.9898101864326512	atman	0.103	
PR2-PR1	SERPINB6	-0.07237	0.7558444489738485	0.9898101864326512	atman	0.103	
PR2-PR1	ACY3	-0.0723666666666666	0.513432461874407	0.9898101864326512	atman	0.103	
PR2-PR1	GAL	0.0721899999999999	0.2352850057051094	0.9898101864326512	atman	0.103	
PR2-PR1	SYAP1	-0.0721222222222222	0.4389730965604965	0.9898101864326512	atman	0.103	
PR2-PR1	MAMDC4	-0.0721	0.7416071006230236	0.9898101864326512	atman	0.103	
PR2-PR1	TNFSF13	0.07203	0.3971132824193819	0.9898101864326512	atman	0.103	
PR2-PR1	STX3	-0.0720099999999999	0.6162974676622648	0.9898101864326512	atman	0.103	
PR2-PR1	SELPLG	-0.0719375	0.3079319832834222	0.9898101864326512	atman	0.103	
PR2-PR1	OTUD7B	0.0719333333333333	0.7277535727732038	0.9898101864326512	atman	0.103	
PR2-PR1	ADAM23	-0.0718399999999999	0.118793599928247	0.9898101864326512	atman	0.103	
PR2-PR1	DAAM1	-0.0718111111111111	0.875967210005232	0.9898101864326512	atman	0.103	
PR2-PR1	B3GNT7	-0.0718111111111111	0.4735844554024266	0.9898101864326512	atman	0.103	
PR2-PR1	CX3CL1	0.0717111111111111	0.699645365402334	0.9898101864326512	atman	0.103	
PR2-PR1	PNLIPRP2	-0.0715799999999998	0.6179950539384138	0.9898101864326512	atman	0.103	
PR2-PR1	DNAJC21	0.0713999999999999	0.5415978678120019	0.9898101864326512	atman	0.103	
PR2-PR1	SERPINA3	0.0713799999999999	0.1262285075456986	0.9898101864326512	atman	0.103	
PR2-PR1	TNFRSF10B	0.0713666666666666	0.3641580981273455	0.9898101864326512	atman	0.103	
PR2-PR1	TP53I3	0.0713555555555555	0.8231493997794466	0.9898101864326512	atman	0.103	
PR2-PR1	MORC3	0.07131	0.5414569336805881	0.9898101864326512	atman	0.103	
PR2-PR1	EVI2B	0.0712777777777777	0.5840800116267817	0.9898101864326512	atman	0.103	
PR2-PR1	AMY2A	-0.07103	0.538377486457069	0.9898101864326512	atman	0.103	
PR2-PR1	MBL2	0.071	0.6534477310405353	0.9898101864326512	atman	0.103	
PR2-PR1	MSR1	-0.07096	0.4791377555478107	0.9898101864326512	atman	0.103	
PR2-PR1	EFHD1	0.0709	0.62049780324881	0.9898101864326512	atman	0.103	
PR2-PR1	CFB	0.0708199999999999	0.7099461008843786	0.9898101864326512	atman	0.103	
PR2-PR1	KHDC3L	-0.070811111111111	0.8490032540149022	0.9898101864326512	atman	0.103	
PR2-PR1	CHRDL2	0.0706888888888888	0.4042698531576412	0.9898101864326512	atman	0.103	
PR2-PR1	TOM1L2	0.0706555555555555	0.9044309592108072	0.9898101864326512	atman	0.103	
PR2-PR1	ULBP2	0.0704666666666666	0.4317021542369859	0.9898101864326512	atman	0.103	
PR2-PR1	MDK	-0.0704	0.4802686212160438	0.9898101864326512	atman	0.103	
PR2-PR1	BAG6	0.0703444444444444	0.6771884575819886	0.9898101864326512	atman	0.103	
PR2-PR1	VSIR	0.0701888888888889	0.7904864715700102	0.9898101864326512	atman	0.103	
PR2-PR1	ENTPD6	0.0701777777777778	0.3281174939995659	0.9898101864326512	atman	0.103	
PR2-PR1	DDA1	-0.0699555555555555	0.693082875944119	0.9898101864326512	atman	0.103	
PR2-PR1	MNAT1	0.0698625	0.7503383906078744	0.9898101864326512	atman	0.103	
PR2-PR1	LCAT	0.0698555555555555	0.7009067537703322	0.9898101864326512	atman	0.103	
PR2-PR1	CEMIP2	-0.0697888888888888	0.7295249988630101	0.9898101864326512	atman	0.103	
PR2-PR1	TNPO1	-0.0697375	0.7408895156695121	0.9898101864326512	atman	0.103	
PR2-PR1	NUCB2	-0.0697	0.6512934181945285	0.9898101864326512	atman	0.103	
PR2-PR1	SPRR3	0.0696099999999999	0.6738148556468375	0.9898101864326512	atman	0.103	
PR2-PR1	IL1RN	0.0696099999999999	0.6963081660396795	0.9898101864326512	atman	0.103	
PR2-PR1	TAX1BP1	-0.0696	0.8405857188183665	0.9898101864326512	atman	0.103	
PR2-PR1	ABO	-0.0695888888888888	0.6226468918528814	0.9898101864326512	atman	0.103	
PR2-PR1	SAMD9L	0.0695874999999999	0.8361103144392512	0.9898101864326512	atman	0.103	
PR2-PR1	CCL26	0.0695499999999999	0.6981604930288159	0.9898101864326512	atman	0.103	
PR2-PR1	NLGN1	-0.0694714285714285	0.8649258426663431	0.9898101864326512	atman	0.103	
PR2-PR1	VSIG4	0.06947	0.4107114211136222	0.9898101864326512	atman	0.103	
PR2-PR1	DEFB118	-0.0692874999999999	0.8375819015643116	0.9898101864326512	atman	0.103	
PR2-PR1	C1QL2	-0.0690888888888889	0.6424567429066717	0.9898101864326512	atman	0.103	
PR2-PR1	SEMA7A	-0.0690699999999999	0.3330398751960666	0.9898101864326512	atman	0.103	
PR2-PR1	ATP2B4	0.0690444444444444	0.7737715497452546	0.9898101864326512	atman	0.103	
PR2-PR1	FES	-0.0688874999999999	0.6915955273212306	0.9898101864326512	atman	0.103	
PR2-PR1	TIGAR	0.0688374999999999	0.7771503749839583	0.9898101864326512	atman	0.103	
PR2-PR1	IDS	-0.06877	0.1250690200850872	0.9898101864326512	atman	0.103	
PR2-PR1	FMNL1	0.0686	0.8084865557935266	0.9898101864326512	atman	0.103	
PR2-PR1	EGFR	-0.06851	0.1261928746441167	0.9898101864326512	atman	0.103	
PR2-PR1	DBH	0.0684777777777777	0.606945556558292	0.9898101864326512	atman	0.103	
PR2-PR1	CTSZ	-0.06845	0.4418103633410295	0.9898101864326512	atman	0.103	
PR2-PR1	SCARB2	0.0683888888888889	0.4148023344346749	0.9898101864326512	atman	0.103	
PR2-PR1	IGDCC4	0.0680599999999999	0.6038828157102865	0.9898101864326512	atman	0.103	
PR2-PR1	PBXIP1	-0.06803	0.4369407835652863	0.9898101864326512	atman	0.103	
PR2-PR1	PTH	-0.0678285714285714	0.9048512765505978	0.9898101864326512	atman	0.103	
PR2-PR1	CRYBB2	0.06782	0.3752877900797031	0.9898101864326512	atman	0.103	
PR2-PR1	DUSP3	0.067775	0.7619511341813481	0.9898101864326512	atman	0.103	
PR2-PR1	HSDL2	0.0677444444444444	0.7235030322637623	0.9898101864326512	atman	0.103	
PR2-PR1	SDC4	0.0677222222222221	0.8919720581261714	0.9898101864326512	atman	0.103	
PR2-PR1	SMPDL3B	-0.0677199999999999	0.6175803751373041	0.9898101864326512	atman	0.103	
PR2-PR1	VIT	0.06771	0.6035926509549201	0.9898101864326512	atman	0.103	
PR2-PR1	AP1G2	0.06751	0.7667086627992785	0.9898101864326512	atman	0.103	
PR2-PR1	CCL8	-0.06748	0.7447985061880007	0.9898101864326512	atman	0.103	
PR2-PR1	BMP6	0.0674	0.50452902042856	0.9898101864326512	atman	0.103	
PR2-PR1	IZUMO1	-0.0673444444444444	0.675919183584573	0.9898101864326512	atman	0.103	
PR2-PR1	NPR1	-0.0672555555555555	0.7137081977531969	0.9898101864326512	atman	0.103	
PR2-PR1	DPP4	-0.06708	0.3030854024559071	0.9898101864326512	atman	0.103	
PR2-PR1	CLC	-0.0670777777777777	0.7462647326163088	0.9898101864326512	atman	0.103	
PR2-PR1	CLEC4M	0.067	0.5602159935258708	0.9898101864326512	atman	0.103	
PR2-PR1	FAP	-0.0668999999999999	0.2188919525895674	0.9898101864326512	atman	0.103	
PR2-PR1	ANXA4	-0.066811111111111	0.7295596729178568	0.9898101864326512	atman	0.103	
PR2-PR1	CSF1	-0.0666499999999999	0.3960260955733505	0.9898101864326512	atman	0.103	
PR2-PR1	LAIR1	-0.06657	0.242869233332251	0.9898101864326512	atman	0.103	
PR2-PR1	DPT	-0.06654	0.0699837702797405	0.9898101864326512	atman	0.103	
PR2-PR1	ATRN	0.0664	0.2506809744841471	0.9898101864326512	atman	0.103	
PR2-PR1	NRP2	-0.0663999999999999	0.4578726495808327	0.9898101864326512	atman	0.103	
PR2-PR1	IDO1	0.0663777777777777	0.4930682998237619	0.9898101864326512	atman	0.103	
PR2-PR1	GPIHBP1	0.0663	0.8449671851732976	0.9898101864326512	atman	0.103	
PR2-PR1	INSL3	0.0661300000000001	0.6041323867764665	0.9898101864326512	atman	0.103	
PR2-PR1	LTA	0.0660875	0.5625716586986149	0.9898101864326512	atman	0.103	
PR2-PR1	STC1	-0.06607	0.6351593129014144	0.9898101864326512	atman	0.103	
PR2-PR1	EZR	-0.06602	0.5869784100205109	0.9898101864326512	atman	0.103	
PR2-PR1	CD55	0.0657399999999999	0.2097258720547985	0.9898101864326512	atman	0.103	
PR2-PR1	PILRB	0.0657	0.3294255460311888	0.9898101864326512	atman	0.103	
PR2-PR1	NEXN	-0.0655555555555555	0.8860497337252236	0.9898101864326512	atman	0.103	
PR2-PR1	RNASE1	0.0654666666666666	0.6073804814900887	0.9898101864326512	atman	0.103	
PR2-PR1	ERP44	0.06505	0.5426078200338018	0.9898101864326512	atman	0.103	
PR2-PR1	UNC5D	-0.0650444444444445	0.7722187713854658	0.9898101864326512	atman	0.103	
PR2-PR1	EFEMP1	-0.06499	0.3082445008830616	0.9898101864326512	atman	0.103	
PR2-PR1	CD27	0.0649777777777778	0.6000771110994241	0.9898101864326512	atman	0.103	
PR2-PR1	PHYKPL	-0.0649444444444444	0.7136196189468063	0.9898101864326512	atman	0.103	
PR2-PR1	MRPL24	-0.0648777777777777	0.7097802859075935	0.9898101864326512	atman	0.103	
PR2-PR1	GCHFR	0.0648	0.7980921937289909	0.9898101864326512	atman	0.103	
PR2-PR1	IST1	-0.06467	0.8550914972620314	0.9898101864326512	atman	0.103	
PR2-PR1	DPEP1	-0.0646666666666666	0.527300872775899	0.9898101864326512	atman	0.103	
PR2-PR1	NTRK2	0.0646222222222222	0.5323261582064422	0.9898101864326512	atman	0.103	
PR2-PR1	APOM	-0.06451	0.4132281844842957	0.9898101864326512	atman	0.103	
PR2-PR1	TSLP	0.0644222222222222	0.8145020419815348	0.9898101864326512	atman	0.103	
PR2-PR1	C1QTNF6	0.0643777777777778	0.6950330720892701	0.9898101864326512	atman	0.103	
PR2-PR1	TCP11	-0.0643	0.7991803436147287	0.9898101864326512	atman	0.103	
PR2-PR1	SPINK1	-0.06425	0.4538511366951798	0.9898101864326512	atman	0.103	
PR2-PR1	COL1A1	0.06419	0.389329128068673	0.9898101864326512	atman	0.103	
PR2-PR1	CALB1	-0.06419	0.676198408000338	0.9898101864326512	atman	0.103	
PR2-PR1	WASL	-0.0641444444444444	0.886556550175756	0.9898101864326512	atman	0.103	
PR2-PR1	PHLDB2	-0.0640666666666665	0.7809962092198881	0.9898101864326512	atman	0.103	
PR2-PR1	ERMAP	0.0639666666666666	0.74665950350351	0.9898101864326512	atman	0.103	
PR2-PR1	CHMP6	-0.0639599999999999	0.7862615972405576	0.9898101864326512	atman	0.103	
PR2-PR1	OMG	0.0639299999999999	0.6800775705994657	0.9898101864326512	atman	0.103	
PR2-PR1	SPOCK1	-0.0639111111111111	0.4471781444060307	0.9898101864326512	atman	0.103	
PR2-PR1	KLK1	0.0638222222222222	0.5994729337086042	0.9898101864326512	atman	0.103	
PR2-PR1	GSR	0.0637	0.631679105501707	0.9898101864326512	atman	0.103	
PR2-PR1	KLK6	0.0635555555555555	0.4614584382945863	0.9898101864326512	atman	0.103	
PR2-PR1	SERPINA11	0.06354	0.3858109093887731	0.9898101864326512	atman	0.103	
PR2-PR1	CHP1	0.0634125	0.849575368191213	0.9898101864326512	atman	0.103	
PR2-PR1	LGALS1	0.0632111111111111	0.7130523668798947	0.9898101864326512	atman	0.103	
PR2-PR1	FGF21	-0.0631899999999999	0.8514367965854941	0.9898101864326512	atman	0.103	
PR2-PR1	FSHB	0.0631666666666666	0.4672933226116651	0.9898101864326512	atman	0.103	
PR2-PR1	THY1	0.06315	0.3145298011624358	0.9898101864326512	atman	0.103	
PR2-PR1	BRD3	-0.0629888888888888	0.7757818048771026	0.9898101864326512	atman	0.103	
PR2-PR1	LRRC25	0.06297	0.557992682830617	0.9898101864326512	atman	0.103	
PR2-PR1	STX8	0.062725	0.8683953590505049	0.9898101864326512	atman	0.103	
PR2-PR1	VAT1	0.06257	0.1903464345083265	0.9898101864326512	atman	0.103	
PR2-PR1	BGN	0.06255	0.8416838621389098	0.9898101864326512	atman	0.103	
PR2-PR1	DPY30	0.0624899999999999	0.8015806107926702	0.9898101864326512	atman	0.103	
PR2-PR1	CCL2	-0.0624333333333333	0.759404037482982	0.9898101864326512	atman	0.103	
PR2-PR1	TREM2	-0.06232	0.2476464401206193	0.9898101864326512	atman	0.103	
PR2-PR1	VTCN1	-0.062175	0.7869171537585404	0.9898101864326512	atman	0.103	
PR2-PR1	NUDT10	0.0619777777777777	0.5822752668364934	0.9898101864326512	atman	0.103	
PR2-PR1	HGF	0.06186	0.8039891800012051	0.9898101864326512	atman	0.103	
PR2-PR1	APOE	0.06183	0.5776290164065103	0.9898101864326512	atman	0.103	
PR2-PR1	ENPEP	-0.0617888888888888	0.7242770433564281	0.9898101864326512	atman	0.103	
PR2-PR1	PRCP	-0.06173	0.349194400813219	0.9898101864326512	atman	0.103	
PR2-PR1	FCRL6	-0.0616499999999999	0.5780076288973981	0.9898101864326512	atman	0.103	
PR2-PR1	DDAH1	0.06113	0.6650419835909533	0.9898101864326512	atman	0.103	
PR2-PR1	SAFB2	0.0610777777777777	0.5842962519487702	0.9898101864326512	atman	0.103	
PR2-PR1	FGFBP3	0.06097	0.5911974559038591	0.9898101864326512	atman	0.103	
PR2-PR1	RRM2B	-0.0609125	0.5526929126291726	0.9898101864326512	atman	0.103	
PR2-PR1	CLINT1	-0.0608444444444444	0.7731221086944515	0.9898101864326512	atman	0.103	
PR2-PR1	XPNPEP2	-0.0607666666666666	0.1611447712240772	0.9898101864326512	atman	0.103	
PR2-PR1	KDR	0.0607555555555555	0.2640389521359767	0.9898101864326512	atman	0.103	
PR2-PR1	A1BG	0.06072	0.4352968649974331	0.9898101864326512	atman	0.103	
PR2-PR1	CCNE1	0.0606555555555555	0.7138574363332157	0.9898101864326512	atman	0.103	
PR2-PR1	PPP1R2	0.0602999999999999	0.8566573741304739	0.9898101864326512	atman	0.103	
PR2-PR1	ANGPTL3	0.0602699999999999	0.5812777670543223	0.9898101864326512	atman	0.103	
PR2-PR1	RANGAP1	-0.0602124999999999	0.6340128820679287	0.9898101864326512	atman	0.103	
PR2-PR1	CACYBP	0.0600444444444444	0.9114146125019352	0.9898101864326512	atman	0.103	
PR2-PR1	THAP12	0.0599555555555554	0.882205820681996	0.9898101864326512	atman	0.103	
PR2-PR1	GHRHR	-0.0598999999999999	0.7299355134401644	0.9898101864326512	atman	0.103	
PR2-PR1	ITGA11	0.0598625	0.5147681937478927	0.9898101864326512	atman	0.103	
PR2-PR1	SCGB3A2	0.0597	0.6219962510173245	0.9898101864326512	atman	0.103	
PR2-PR1	SERPINH1	-0.059675	0.8842379133860563	0.9898101864326512	atman	0.103	
PR2-PR1	ING1	-0.0596499999999999	0.7831393942664298	0.9898101864326512	atman	0.103	
PR2-PR1	AGRN	0.05962	0.4458237210308193	0.9898101864326512	atman	0.103	
PR2-PR1	NENF	-0.0596099999999999	0.6783224859150887	0.9898101864326512	atman	0.103	
PR2-PR1	BLOC1S3	0.0590699999999999	0.7018391660076984	0.9898101864326512	atman	0.103	
PR2-PR1	TNFRSF19	0.0590199999999999	0.3270647918599145	0.9898101864326512	atman	0.103	
PR2-PR1	CETN3	-0.0589599999999999	0.8193034215874482	0.9898101864326512	atman	0.103	
PR2-PR1	DKK3	0.0589399999999999	0.4197405563133749	0.9898101864326512	atman	0.103	
PR2-PR1	DYNC1H1	0.0589199999999999	0.7106069915018418	0.9898101864326512	atman	0.103	
PR2-PR1	PTPRB	0.05887	0.5782758454252448	0.9898101864326512	atman	0.103	
PR2-PR1	DIPK2B	0.0588666666666666	0.6749756312694883	0.9898101864326512	atman	0.103	
PR2-PR1	FKBPL	-0.05881	0.7367398347157197	0.9898101864326512	atman	0.103	
PR2-PR1	CRISP3	0.0587888888888888	0.6210137009599732	0.9898101864326512	atman	0.103	
PR2-PR1	STX6	0.0587874999999999	0.8884096212209822	0.9898101864326512	atman	0.103	
PR2-PR1	MRPS16	-0.0587555555555555	0.6946741691395302	0.9898101864326512	atman	0.103	
PR2-PR1	HMOX1	0.058611111111111	0.4254161355457948	0.9898101864326512	atman	0.103	
PR2-PR1	ARHGAP45	-0.058611111111111	0.9023760329594306	0.9898101864326512	atman	0.103	
PR2-PR1	COPE	0.0584624999999999	0.7237750792591768	0.9898101864326512	atman	0.103	
PR2-PR1	EIF5	0.0582888888888888	0.8821529380353021	0.9898101864326512	atman	0.103	
PR2-PR1	CSTB	-0.0582299999999999	0.6766315048296585	0.9898101864326512	atman	0.103	
PR2-PR1	TNFRSF13B	-0.05819	0.3564994979454257	0.9898101864326512	atman	0.103	
PR2-PR1	FLT3	-0.0581875	0.6737015023221349	0.9898101864326512	atman	0.103	
PR2-PR1	CSF2RA	0.0580444444444444	0.682040419602777	0.9898101864326512	atman	0.103	
PR2-PR1	ADGRE1	0.05793	0.7357952303027806	0.9898101864326512	atman	0.103	
PR2-PR1	CD93	-0.0579299999999999	0.4022499927810299	0.9898101864326512	atman	0.103	
PR2-PR1	TPD52L2	0.0578222222222222	0.8920928552405187	0.9898101864326512	atman	0.103	
PR2-PR1	ADCYAP1R1	0.0576999999999999	0.6566099055572325	0.9898101864326512	atman	0.103	
PR2-PR1	APLP1	-0.0576999999999999	0.7742101213641757	0.9898101864326512	atman	0.103	
PR2-PR1	ANGPT2	-0.05766	0.4427161481416677	0.9898101864326512	atman	0.103	
PR2-PR1	MYOC	-0.0576399999999999	0.7257399447639972	0.9898101864326512	atman	0.103	
PR2-PR1	IL13RA1	-0.0574222222222222	0.2769354128770387	0.9898101864326512	atman	0.103	
PR2-PR1	OSTN	0.0572571428571428	0.7880348476332331	0.9898101864326512	atman	0.103	
PR2-PR1	CD63	0.0571111111111111	0.8514676801963164	0.9898101864326512	atman	0.103	
PR2-PR1	USP28	-0.0570199999999999	0.7529755910203795	0.9898101864326512	atman	0.103	
PR2-PR1	ROR1	0.0568777777777777	0.6160721502568536	0.9898101864326512	atman	0.103	
PR2-PR1	WASF1	-0.0568222222222221	0.9101767564919164	0.9898101864326512	atman	0.103	
PR2-PR1	MENT	0.0568111111111111	0.6098827086528167	0.9898101864326512	atman	0.103	
PR2-PR1	ATP6V1F	0.0567125	0.7649010988829539	0.9898101864326512	atman	0.103	
PR2-PR1	RAP1A	-0.0566888888888888	0.8576286088652367	0.9898101864326512	atman	0.103	
PR2-PR1	MANEAL	0.0566	0.8564810952343174	0.9898101864326512	atman	0.103	
PR2-PR1	JAM3	-0.0565444444444444	0.6913435093626239	0.9898101864326512	atman	0.103	
PR2-PR1	ACP6	-0.0565199999999999	0.5642582450784417	0.9898101864326512	atman	0.103	
PR2-PR1	CFI	0.0563899999999999	0.4094763782152992	0.9898101864326512	atman	0.103	
PR2-PR1	PODXL2	-0.0563111111111111	0.4212660231546823	0.9898101864326512	atman	0.103	
PR2-PR1	VPS4B	0.05621	0.8377463936772367	0.9898101864326512	atman	0.103	
PR2-PR1	HSPA1A	0.0562099999999999	0.8800443185253504	0.9898101864326512	atman	0.103	
PR2-PR1	HEBP1	0.0561777777777777	0.8073992543454651	0.9898101864326512	atman	0.103	
PR2-PR1	SELE	-0.05606	0.3529725488384718	0.9898101864326512	atman	0.103	
PR2-PR1	LAIR2	-0.0560555555555555	0.6047006992651474	0.9898101864326512	atman	0.103	
PR2-PR1	ACVRL1	0.0560444444444444	0.5535419455682509	0.9898101864326512	atman	0.103	
PR2-PR1	MSLNL	0.0560285714285714	0.836390610892598	0.9898101864326512	atman	0.103	
PR2-PR1	PRKCQ	-0.0560111111111111	0.7493444766824635	0.9898101864326512	atman	0.103	
PR2-PR1	TMPRSS5	0.0559222222222222	0.3984186538419614	0.9898101864326512	atman	0.103	
PR2-PR1	MUC2	-0.05589	0.466201304494322	0.9898101864326512	atman	0.103	
PR2-PR1	CD5L	0.05587	0.698210851041488	0.9898101864326512	atman	0.103	
PR2-PR1	CD164L2	0.0558	0.8194732608156172	0.9898101864326512	atman	0.103	
PR2-PR1	KIRREL1	-0.0556624999999999	0.843203800414259	0.9898101864326512	atman	0.103	
PR2-PR1	CD200R1	-0.0555875	0.3425412299143349	0.9898101864326512	atman	0.103	
PR2-PR1	ITGB1	-0.05556	0.33124053774727	0.9898101864326512	atman	0.103	
PR2-PR1	GSTP1	-0.0555375	0.7924637945205657	0.9898101864326512	atman	0.103	
PR2-PR1	ADAMTS13	-0.05538	0.4233251638417001	0.9898101864326512	atman	0.103	
PR2-PR1	LAT	-0.0552399999999999	0.8774418585779622	0.9898101864326512	atman	0.103	
PR2-PR1	C2	-0.05515	0.3559780038362063	0.9898101864326512	atman	0.103	
PR2-PR1	SIGLEC10	-0.0550125	0.43942027370849	0.9898101864326512	atman	0.103	
PR2-PR1	CLEC4C	0.0548374999999999	0.8170574175436593	0.9898101864326512	atman	0.103	
PR2-PR1	VWA5A	0.0547444444444444	0.7543226816369755	0.9898101864326512	atman	0.103	
PR2-PR1	CD8A	-0.0545499999999999	0.4474116297343566	0.9898101864326512	atman	0.103	
PR2-PR1	ART3	0.0545299999999999	0.4035196357673125	0.9898101864326512	atman	0.103	
PR2-PR1	LRRFIP1	0.05436	0.7462447193704502	0.9898101864326512	atman	0.103	
PR2-PR1	SEZ6	0.0543142857142857	0.8540800996800204	0.9898101864326512	atman	0.103	
PR2-PR1	NMRK2	0.0543	0.7596349151653548	0.9898101864326512	atman	0.103	
PR2-PR1	TPSD1	0.0543	0.7136667155983436	0.9898101864326512	atman	0.103	
PR2-PR1	LAMP3	-0.0541699999999999	0.5009313913556042	0.9898101864326512	atman	0.103	
PR2-PR1	CTLA4	-0.0541599999999999	0.8646981249704404	0.9898101864326512	atman	0.103	
PR2-PR1	CDH2	-0.0541444444444444	0.3753430000512721	0.9898101864326512	atman	0.103	
PR2-PR1	TLR1	-0.0540333333333333	0.7389132308727051	0.9898101864326512	atman	0.103	
PR2-PR1	GBP1	0.05401	0.7735606729991213	0.9898101864326512	atman	0.103	
PR2-PR1	SCN2B	0.054	0.7668442730234633	0.9898101864326512	atman	0.103	
PR2-PR1	NCR1	-0.0538625	0.4768647251297064	0.9898101864326512	atman	0.103	
PR2-PR1	ICOSLG	0.05384	0.5609175449236539	0.9898101864326512	atman	0.103	
PR2-PR1	PITHD1	0.0537333333333333	0.8668663017672371	0.9898101864326512	atman	0.103	
PR2-PR1	CDSN	0.05357	0.4123022521942339	0.9898101864326512	atman	0.103	
PR2-PR1	GALNT2	0.05357	0.4360690349570395	0.9898101864326512	atman	0.103	
PR2-PR1	CR1	0.0535333333333333	0.7694302479579878	0.9898101864326512	atman	0.103	
PR2-PR1	EIF4G3	-0.0535222222222221	0.910620002751009	0.9898101864326512	atman	0.103	
PR2-PR1	PTN	-0.0534111111111111	0.7348770553935968	0.9898101864326512	atman	0.103	
PR2-PR1	COLEC12	0.0533899999999999	0.1752039570647929	0.9898101864326512	atman	0.103	
PR2-PR1	CD2	0.0532888888888889	0.8374200920856072	0.9898101864326512	atman	0.103	
PR2-PR1	PAK4	-0.0531124999999999	0.4027302203816367	0.9898101864326512	atman	0.103	
PR2-PR1	BMP4	-0.0530555555555555	0.6588629204384844	0.9898101864326512	atman	0.103	
PR2-PR1	MSTN	-0.053	0.7968598681933572	0.9898101864326512	atman	0.103	
PR2-PR1	HNRNPK	0.052911111111111	0.8420571177043608	0.9898101864326512	atman	0.103	
PR2-PR1	BTN1A1	0.05284	0.7619535219193372	0.9898101864326512	atman	0.103	
PR2-PR1	NELL1	0.0528222222222222	0.5706234372362473	0.9898101864326512	atman	0.103	
PR2-PR1	XG	0.05282	0.413689668594043	0.9898101864326512	atman	0.103	
PR2-PR1	PTH1R	-0.0526375	0.4450197228958894	0.9898101864326512	atman	0.103	
PR2-PR1	DSCAM	-0.0525777777777777	0.6722927677590322	0.9898101864326512	atman	0.103	
PR2-PR1	FUS	-0.0524624999999999	0.6509515358438476	0.9898101864326512	atman	0.103	
PR2-PR1	TFF1	-0.05214	0.4776162735667904	0.9898101864326512	atman	0.103	
PR2-PR1	SLC51B	0.0521	0.7101087810488935	0.9898101864326512	atman	0.103	
PR2-PR1	MEGF9	-0.0519999999999999	0.4195767073890244	0.9898101864326512	atman	0.103	
PR2-PR1	REG3A	-0.05168	0.3461390044633787	0.9898101864326512	atman	0.103	
PR2-PR1	EPHA1	-0.0516799999999999	0.6171840146254013	0.9898101864326512	atman	0.103	
PR2-PR1	KIR2DL3	-0.05165	0.601227832169295	0.9898101864326512	atman	0.103	
PR2-PR1	IGLC2	0.05161	0.0947981718217381	0.9898101864326512	atman	0.103	
PR2-PR1	SERPINA6	0.05155	0.6945698875164448	0.9898101864326512	atman	0.103	
PR2-PR1	MMP3	0.0515299999999999	0.6387939786298735	0.9898101864326512	atman	0.103	
PR2-PR1	BST2	-0.05139	0.4143914329421712	0.9898101864326512	atman	0.103	
PR2-PR1	CDNF	0.05132	0.598873737159938	0.9898101864326512	atman	0.103	
PR2-PR1	SCGB1A1	0.05103	0.4019719057815578	0.9898101864326512	atman	0.103	
PR2-PR1	FGFR2	0.0509666666666666	0.440438894113536	0.9898101864326512	atman	0.103	
PR2-PR1	WIF1	0.05095	0.5503586881725375	0.9898101864326512	atman	0.103	
PR2-PR1	CRHBP	0.0509	0.4573183357148289	0.9898101864326512	atman	0.103	
PR2-PR1	ELN	0.0508399999999999	0.7872825503455394	0.9898101864326512	atman	0.103	
PR2-PR1	TMPRSS11D	0.0508399999999999	0.4791217189001853	0.9898101864326512	atman	0.103	
PR2-PR1	BTC	-0.0507874999999999	0.8343702477332504	0.9898101864326512	atman	0.103	
PR2-PR1	HEXIM1	-0.0507374999999999	0.9077874589396728	0.9898101864326512	atman	0.103	
PR2-PR1	RCC1	0.0507	0.6656753114280081	0.9898101864326512	atman	0.103	
PR2-PR1	TNFRSF11A	0.0506999999999999	0.7402858884536556	0.9898101864326512	atman	0.103	
PR2-PR1	M6PR	0.0506777777777777	0.6763978140334124	0.9898101864326512	atman	0.103	
PR2-PR1	FCGR2A	-0.05064	0.2920436983667969	0.9898101864326512	atman	0.103	
PR2-PR1	TDP1	0.0506399999999999	0.8465640490759663	0.9898101864326512	atman	0.103	
PR2-PR1	GUCA2A	-0.05056	0.4598556978114283	0.9898101864326512	atman	0.103	
PR2-PR1	NTRK3	-0.05044	0.3436905852383787	0.9898101864326512	atman	0.103	
PR2-PR1	ACTA2	0.0504	0.6998278039836248	0.9898101864326512	atman	0.103	
PR2-PR1	NID2	0.0503199999999999	0.854636706667657	0.9898101864326512	atman	0.103	
PR2-PR1	PYDC1	0.0502	0.538462466621759	0.9898101864326512	atman	0.103	
PR2-PR1	ADAMTSL4	-0.0501888888888888	0.6320998055430442	0.9898101864326512	atman	0.103	
PR2-PR1	LRTM2	0.0500888888888888	0.6672231652138372	0.9898101864326512	atman	0.103	
PR2-PR1	LACTB2	-0.0500222222222222	0.8560977331541386	0.9898101864326512	atman	0.103	
PR2-PR1	IL17C	0.0498888888888889	0.7544211500403859	0.9898101864326512	atman	0.103	
PR2-PR1	TALDO1	0.0497	0.8293455171508075	0.9898101864326512	atman	0.103	
PR2-PR1	ITGB1BP1	0.0496624999999999	0.8741196049161466	0.9898101864326512	atman	0.103	
PR2-PR1	LILRA4	-0.0495555555555555	0.9081719243134064	0.9898101864326512	atman	0.103	
PR2-PR1	ADM	0.04954	0.4409007542634997	0.9898101864326512	atman	0.103	
PR2-PR1	GUK1	-0.0495333333333333	0.8475638024581644	0.9898101864326512	atman	0.103	
PR2-PR1	CD164	-0.0495	0.5862344984363941	0.9898101864326512	atman	0.103	
PR2-PR1	CRTAM	0.0494444444444444	0.4714925423587202	0.9898101864326512	atman	0.103	
PR2-PR1	BCAM	-0.04929	0.4402016519487812	0.9898101864326512	atman	0.103	
PR2-PR1	SSH3	0.0492222222222222	0.6941564335637138	0.9898101864326512	atman	0.103	
PR2-PR1	GFRA2	0.0492199999999999	0.6265461991904446	0.9898101864326512	atman	0.103	
PR2-PR1	SLITRK2	0.0492199999999999	0.5930870690981003	0.9898101864326512	atman	0.103	
PR2-PR1	LEP	-0.0491888888888888	0.8036960703848535	0.9898101864326512	atman	0.103	
PR2-PR1	PDE1C	0.0491555555555555	0.7750058911354718	0.9898101864326512	atman	0.103	
PR2-PR1	FOLR1	0.0490444444444444	0.3827535027874384	0.9898101864326512	atman	0.103	
PR2-PR1	RARRES2	-0.04899	0.6930785536623993	0.9898101864326512	atman	0.103	
PR2-PR1	NRXN3	0.0488714285714285	0.802316488611251	0.9898101864326512	atman	0.103	
PR2-PR1	ICAM4	-0.04885	0.6653559738037114	0.9898101864326512	atman	0.103	
PR2-PR1	PZP	-0.04882	0.3759518191113706	0.9898101864326512	atman	0.103	
PR2-PR1	GALNT3	-0.0486	0.7642428690364049	0.9898101864326512	atman	0.103	
PR2-PR1	PRELP	-0.0485	0.3870004005481928	0.9898101864326512	atman	0.103	
PR2-PR1	RP2	-0.0484799999999999	0.7934077387100911	0.9898101864326512	atman	0.103	
PR2-PR1	CDCP1	0.0484666666666666	0.6066691802627353	0.9898101864326512	atman	0.103	
PR2-PR1	PI16	0.0484555555555555	0.4659981961310393	0.9898101864326512	atman	0.103	
PR2-PR1	GMFG	0.04819	0.9063549929644256	0.9898101864326512	atman	0.103	
PR2-PR1	PDCL2	0.0481888888888888	0.7887295184933238	0.9898101864326512	atman	0.103	
PR2-PR1	LARP1	0.04805	0.8396936655531655	0.9898101864326512	atman	0.103	
PR2-PR1	HMGCS1	0.0479444444444444	0.8026009348181855	0.9898101864326512	atman	0.103	
PR2-PR1	IGF2R	-0.04793	0.517551267028759	0.9898101864326512	atman	0.103	
PR2-PR1	KLRB1	-0.04788	0.4825901399096799	0.9898101864326512	atman	0.103	
PR2-PR1	COL5A1	0.0478444444444444	0.7437156164467287	0.9898101864326512	atman	0.103	
PR2-PR1	PTS	0.04775	0.8632719932296644	0.9898101864326512	atman	0.103	
PR2-PR1	GFRA1	0.04769	0.4904239212535008	0.9898101864326512	atman	0.103	
PR2-PR1	CAPG	0.04758	0.7237414045826176	0.9898101864326512	atman	0.103	
PR2-PR1	ICAM5	0.0475555555555555	0.5777617872037595	0.9898101864326512	atman	0.103	
PR2-PR1	IL17RB	-0.0474874999999999	0.7526209629936651	0.9898101864326512	atman	0.103	
PR2-PR1	TNFRSF8	-0.04739	0.2412366353646862	0.9898101864326512	atman	0.103	
PR2-PR1	CLEC4D	0.0472375	0.9004194586015766	0.9898101864326512	atman	0.103	
PR2-PR1	LRRC59	-0.04718	0.8871882241730757	0.9898101864326512	atman	0.103	
PR2-PR1	ITGB1BP2	0.0471444444444444	0.904796309069538	0.9898101864326512	atman	0.103	
PR2-PR1	SELP	-0.0470199999999999	0.7755845619552506	0.9898101864326512	atman	0.103	
PR2-PR1	MFAP5	0.0469599999999999	0.5029388453835781	0.9898101864326512	atman	0.103	
PR2-PR1	PRAP1	0.04686	0.7782979874521156	0.9898101864326512	atman	0.103	
PR2-PR1	THBS4	-0.04683	0.5806099659466699	0.9898101864326512	atman	0.103	
PR2-PR1	ERC2	-0.0468142857142857	0.8934841859590281	0.9898101864326512	atman	0.103	
PR2-PR1	ISM2	0.04674	0.6344720412502407	0.9898101864326512	atman	0.103	
PR2-PR1	THBD	0.0466999999999999	0.5851528102078885	0.9898101864326512	atman	0.103	
PR2-PR1	VASH1	-0.0465874999999999	0.616089960457195	0.9898101864326512	atman	0.103	
PR2-PR1	ANG	-0.04653	0.5773036576595301	0.9898101864326512	atman	0.103	
PR2-PR1	CDC27	-0.046475	0.8713553931748161	0.9898101864326512	atman	0.103	
PR2-PR1	SIRPB1	0.04625	0.5557239576630455	0.9898101864326512	atman	0.103	
PR2-PR1	CHGA	-0.0461599999999999	0.8207828088685138	0.9898101864326512	atman	0.103	
PR2-PR1	MEP1A	0.04602	0.5413609698730819	0.9898101864326512	atman	0.103	
PR2-PR1	LMOD1	0.0459777777777777	0.8085559354754712	0.9898101864326512	atman	0.103	
PR2-PR1	CKAP4	0.04592	0.4191372892995022	0.9898101864326512	atman	0.103	
PR2-PR1	IL19	-0.0458444444444444	0.7059847262758236	0.9898101864326512	atman	0.103	
PR2-PR1	TNFRSF10A	0.0458222222222222	0.5541583207513838	0.9898101864326512	atman	0.103	
PR2-PR1	TNXB	-0.0457999999999999	0.440893397531422	0.9898101864326512	atman	0.103	
PR2-PR1	HMCN2	0.0457888888888889	0.7796239397277198	0.9898101864326512	atman	0.103	
PR2-PR1	IDUA	0.04565	0.6616707799911525	0.9898101864326512	atman	0.103	
PR2-PR1	CALB2	0.0456375	0.7429564546755105	0.9898101864326512	atman	0.103	
PR2-PR1	SMPDL3A	-0.0456199999999999	0.6558771103559675	0.9898101864326512	atman	0.103	
PR2-PR1	ITGAM	-0.04557	0.6940656082653038	0.9898101864326512	atman	0.103	
PR2-PR1	FOLR2	-0.04553	0.5689268209371854	0.9898101864326512	atman	0.103	
PR2-PR1	ENPP2	-0.0453599999999999	0.5351245939515596	0.9898101864326512	atman	0.103	
PR2-PR1	FUT3_FUT5	-0.0453	0.5974294990481979	0.9898101864326512	atman	0.103	
PR2-PR1	CD300LF	-0.04529	0.4602128285783957	0.9898101864326512	atman	0.103	
PR2-PR1	TOP2B	0.0452777777777778	0.8885381035688171	0.9898101864326512	atman	0.103	
PR2-PR1	CLEC1A	0.0449888888888888	0.6897954387629586	0.9898101864326512	atman	0.103	
PR2-PR1	SMS	-0.044775	0.793093352487509	0.9898101864326512	atman	0.103	
PR2-PR1	IKBKG	-0.0446999999999999	0.8953937574949407	0.9898101864326512	atman	0.103	
PR2-PR1	CTF1	-0.0445111111111111	0.8868506887257905	0.9898101864326512	atman	0.103	
PR2-PR1	KIR3DL1	0.0444375	0.8633946187585564	0.9898101864326512	atman	0.103	
PR2-PR1	ZNRF4	-0.0442199999999999	0.6745263837643649	0.9898101864326512	atman	0.103	
PR2-PR1	GRN	-0.0441999999999999	0.4557397820473885	0.9898101864326512	atman	0.103	
PR2-PR1	ANXA3	-0.0441899999999999	0.8872792468044979	0.9898101864326512	atman	0.103	
PR2-PR1	FKBP1B	-0.0441399999999999	0.7228188296230473	0.9898101864326512	atman	0.103	
PR2-PR1	DAG1	-0.044	0.8237924609167111	0.9898101864326512	atman	0.103	
PR2-PR1	LEO1	-0.0438555555555555	0.5970667088882922	0.9898101864326512	atman	0.103	
PR2-PR1	RASSF2	0.04385	0.7137594129612914	0.9898101864326512	atman	0.103	
PR2-PR1	TSPAN1	0.0437666666666666	0.6224737897417001	0.9898101864326512	atman	0.103	
PR2-PR1	CD300C	-0.0437199999999999	0.5249157329492529	0.9898101864326512	atman	0.103	
PR2-PR1	USO1	0.0436199999999999	0.898893282620091	0.9898101864326512	atman	0.103	
PR2-PR1	AMOT	0.043611111111111	0.8115355135528848	0.9898101864326512	atman	0.103	
PR2-PR1	COMP	-0.04333	0.5239921477903873	0.9898101864326512	atman	0.103	
PR2-PR1	ADGRB3	0.0433111111111111	0.5787093797773788	0.9898101864326512	atman	0.103	
PR2-PR1	PRTG	-0.0432399999999999	0.463025470270066	0.9898101864326512	atman	0.103	
PR2-PR1	CLEC7A	-0.0432299999999999	0.3846750120895541	0.9898101864326512	atman	0.103	
PR2-PR1	PPM1F	0.0431699999999999	0.8543476128874412	0.9898101864326512	atman	0.103	
PR2-PR1	ENOX2	0.0430888888888888	0.8909958510125975	0.9898101864326512	atman	0.103	
PR2-PR1	VCAN	-0.04305	0.5610377217332991	0.9898101864326512	atman	0.103	
PR2-PR1	PPP1CC	0.04301	0.7913339569545661	0.9898101864326512	atman	0.103	
PR2-PR1	IL16	0.043	0.7479429840313729	0.9898101864326512	atman	0.103	
PR2-PR1	PBLD	-0.0429625	0.8752551892652571	0.9898101864326512	atman	0.103	
PR2-PR1	CDH15	-0.0427499999999999	0.6855510997353047	0.9898101864326512	atman	0.103	
PR2-PR1	CCL3	-0.0427374999999999	0.8442871566711032	0.9898101864326512	atman	0.103	
PR2-PR1	FKBP14	0.0426888888888889	0.8853375015809068	0.9898101864326512	atman	0.103	
PR2-PR1	ART5	0.042625	0.8523268000236077	0.9898101864326512	atman	0.103	
PR2-PR1	AMBP	0.04237	0.3703165979688267	0.9898101864326512	atman	0.103	
PR2-PR1	ADRA2A	-0.0423555555555555	0.7192484608556868	0.9898101864326512	atman	0.103	
PR2-PR1	VWC2L	-0.0423555555555555	0.6870958028712799	0.9898101864326512	atman	0.103	
PR2-PR1	PSMD5	0.0423285714285714	0.8851120411172029	0.9898101864326512	atman	0.103	
PR2-PR1	DLK1	-0.0423	0.4496828220528912	0.9898101864326512	atman	0.103	
PR2-PR1	PDZK1	-0.0422777777777777	0.8934672087151969	0.9898101864326512	atman	0.103	
PR2-PR1	LTBP3	0.0422375	0.8017201754463008	0.9898101864326512	atman	0.103	
PR2-PR1	PRND	0.04219	0.6831974868340049	0.9898101864326512	atman	0.103	
PR2-PR1	LAMA4	-0.0419799999999999	0.5311677045293612	0.9898101864326512	atman	0.103	
PR2-PR1	HJV	0.0418888888888888	0.8233352087167145	0.9898101864326512	atman	0.103	
PR2-PR1	KAZALD1	0.0416799999999999	0.6858770916867027	0.9898101864326512	atman	0.103	
PR2-PR1	IL25	-0.0415111111111111	0.826973835416208	0.9898101864326512	atman	0.103	
PR2-PR1	MSMB	0.04145	0.7789540326814364	0.9898101864326512	atman	0.103	
PR2-PR1	SAA4	0.04144	0.4263036850241994	0.9898101864326512	atman	0.103	
PR2-PR1	BCHE	0.0413111111111111	0.7922132384747531	0.9898101864326512	atman	0.103	
PR2-PR1	DPP6	-0.0412199999999999	0.7699902046809077	0.9898101864326512	atman	0.103	
PR2-PR1	TYMP	-0.0410555555555555	0.8608106003204581	0.9898101864326512	atman	0.103	
PR2-PR1	C1R	0.0408499999999999	0.7105033661111486	0.9898101864326512	atman	0.103	
PR2-PR1	CTSD	-0.0408399999999999	0.411369295353057	0.9898101864326512	atman	0.103	
PR2-PR1	CGREF1	-0.0405888888888888	0.5910216196113609	0.9898101864326512	atman	0.103	
PR2-PR1	LRP11	0.0405666666666666	0.6493560383237227	0.9898101864326512	atman	0.103	
PR2-PR1	IL6ST	-0.0403888888888888	0.6183221323076167	0.9898101864326512	atman	0.103	
PR2-PR1	VNN1	0.0403777777777778	0.7334784495955708	0.9898101864326512	atman	0.103	
PR2-PR1	DBN1	-0.0403333333333333	0.8784995980584938	0.9898101864326512	atman	0.103	
PR2-PR1	OSCAR	-0.04009	0.5435050324371695	0.9898101864326512	atman	0.103	
PR2-PR1	TMCO5A	-0.0399428571428571	0.9004362771345926	0.9898101864326512	atman	0.103	
PR2-PR1	NT5C	-0.0398	0.911688560731888	0.9898101864326512	atman	0.103	
PR2-PR1	SUOX	0.0398	0.8718386627284376	0.9898101864326512	atman	0.103	
PR2-PR1	BAMBI	0.0397875	0.8395906098499011	0.9898101864326512	atman	0.103	
PR2-PR1	CD3E	0.0397125	0.8445195729537969	0.9898101864326512	atman	0.103	
PR2-PR1	MYL1	-0.0396888888888888	0.8689185805439061	0.9898101864326512	atman	0.103	
PR2-PR1	NPHS2	-0.0396333333333333	0.8499558970052674	0.9898101864326512	atman	0.103	
PR2-PR1	ADGRG1	0.0396	0.7620048898389518	0.9898101864326512	atman	0.103	
PR2-PR1	RASA1	0.0396	0.8530487942088822	0.9898101864326512	atman	0.103	
PR2-PR1	DDR1	-0.03958	0.5259145466263857	0.9898101864326512	atman	0.103	
PR2-PR1	SCN4B	0.0395	0.7693185862696519	0.9898101864326512	atman	0.103	
PR2-PR1	PYY	0.0394444444444444	0.8997546377644858	0.9898101864326512	atman	0.103	
PR2-PR1	EDN1	0.0394111111111111	0.5222972119407157	0.9898101864326512	atman	0.103	
PR2-PR1	MMP10	-0.0393599999999999	0.7316415186051772	0.9898101864326512	atman	0.103	
PR2-PR1	CCL4	-0.0393499999999999	0.8551381188879739	0.9898101864326512	atman	0.103	
PR2-PR1	COX5B	-0.0393	0.9068336632589672	0.9898101864326512	atman	0.103	
PR2-PR1	EDIL3	0.0392777777777777	0.7137325322946304	0.9898101864326512	atman	0.103	
PR2-PR1	IGSF21	-0.0392444444444444	0.6405084956855627	0.9898101864326512	atman	0.103	
PR2-PR1	IGFBP4	-0.03918	0.5911206959161728	0.9898101864326512	atman	0.103	
PR2-PR1	NPTXR	0.0391777777777777	0.7752751602004071	0.9898101864326512	atman	0.103	
PR2-PR1	GKN1	-0.0391625	0.7177618679932651	0.9898101864326512	atman	0.103	
PR2-PR1	RPS10	0.0391333333333333	0.8495766355588219	0.9898101864326512	atman	0.103	
PR2-PR1	SPINK4	-0.0390999999999999	0.8347655102111193	0.9898101864326512	atman	0.103	
PR2-PR1	KRT5	-0.0390374999999999	0.8388651645326561	0.9898101864326512	atman	0.103	
PR2-PR1	TRDMT1	-0.0389624999999999	0.8739848346622692	0.9898101864326512	atman	0.103	
PR2-PR1	LEPR	0.0389444444444444	0.7671382072174397	0.9898101864326512	atman	0.103	
PR2-PR1	GFOD2	-0.0388874999999999	0.8420073016860496	0.9898101864326512	atman	0.103	
PR2-PR1	AIF1	-0.0388	0.8840737465921604	0.9898101864326512	atman	0.103	
PR2-PR1	ENOPH1	0.03871	0.7582976278594968	0.9898101864326512	atman	0.103	
PR2-PR1	CHL1	-0.0386499999999999	0.5557170721617488	0.9898101864326512	atman	0.103	
PR2-PR1	AFP	-0.0385666666666667	0.6938578571009519	0.9898101864326512	atman	0.103	
PR2-PR1	AKR7L	-0.0384666666666666	0.8640580045225155	0.9898101864326512	atman	0.103	
PR2-PR1	CA4	-0.0384599999999999	0.5409853050824207	0.9898101864326512	atman	0.103	
PR2-PR1	QSOX1	0.0384199999999999	0.7065278129376376	0.9898101864326512	atman	0.103	
PR2-PR1	ITGB2	-0.03827	0.4399942387937887	0.9898101864326512	atman	0.103	
PR2-PR1	HNMT	-0.0382666666666666	0.7420404197114141	0.9898101864326512	atman	0.103	
PR2-PR1	UBE2Z	-0.037911111111111	0.905552308589098	0.9898101864326512	atman	0.103	
PR2-PR1	CXCL16	-0.03784	0.3488153982530626	0.9898101864326512	atman	0.103	
PR2-PR1	CRIM1	0.0378199999999999	0.6220213335568909	0.9898101864326512	atman	0.103	
PR2-PR1	ADAMTS4	0.0376666666666666	0.8961850360086832	0.9898101864326512	atman	0.103	
PR2-PR1	CRIP2	-0.0373555555555555	0.797463145871204	0.9898101864326512	atman	0.103	
PR2-PR1	AGER	0.0373099999999999	0.4758754029807095	0.9898101864326512	atman	0.103	
PR2-PR1	NTF4	0.0372625	0.7221444134052761	0.9898101864326512	atman	0.103	
PR2-PR1	GPNMB	0.0372111111111111	0.7462101421516143	0.9898101864326512	atman	0.103	
PR2-PR1	PLSCR3	0.037	0.8811063796043097	0.9898101864326512	atman	0.103	
PR2-PR1	ORM1	0.0365	0.4372860143149346	0.9898101864326512	atman	0.103	
PR2-PR1	EXTL1	0.0364333333333333	0.8217530352954805	0.9898101864326512	atman	0.103	
PR2-PR1	IFNGR1	-0.03636	0.4183014650428958	0.9898101864326512	atman	0.103	
PR2-PR1	FCGR3B	-0.03634	0.6271444087614235	0.9898101864326512	atman	0.103	
PR2-PR1	LYZL2	0.0361999999999999	0.7983543524769474	0.9898101864326512	atman	0.103	
PR2-PR1	PER3	-0.0361888888888888	0.905543142729708	0.9898101864326512	atman	0.103	
PR2-PR1	ADAMTSL5	0.03617	0.8333226898861954	0.9898101864326512	atman	0.103	
PR2-PR1	C1S	0.0361399999999999	0.8081211751914958	0.9898101864326512	atman	0.103	
PR2-PR1	PCDH1	-0.03612	0.4976514727856309	0.9898101864326512	atman	0.103	
PR2-PR1	CDH3	0.03609	0.4413239578499879	0.9898101864326512	atman	0.103	
PR2-PR1	TP53INP1	-0.0360777777777777	0.7056569053731188	0.9898101864326512	atman	0.103	
PR2-PR1	GPC5	0.0360111111111111	0.8343684096891888	0.9898101864326512	atman	0.103	
PR2-PR1	TSPAN8	-0.03601	0.7724607712488107	0.9898101864326512	atman	0.103	
PR2-PR1	ARSA	0.03599	0.8769498058730392	0.9898101864326512	atman	0.103	
PR2-PR1	CLSTN2	0.0359599999999999	0.7163779797697036	0.9898101864326512	atman	0.103	
PR2-PR1	OCLN	-0.0359333333333333	0.7827281852877201	0.9898101864326512	atman	0.103	
PR2-PR1	PEAR1	-0.0358999999999999	0.5521920913576253	0.9898101864326512	atman	0.103	
PR2-PR1	SKIV2L	0.0358999999999999	0.7940790649877465	0.9898101864326512	atman	0.103	
PR2-PR1	SCN2A	0.03575	0.8815769591840603	0.9898101864326512	atman	0.103	
PR2-PR1	BSG	-0.0357199999999999	0.2269280886525946	0.9898101864326512	atman	0.103	
PR2-PR1	DXO	-0.0354299999999999	0.8715852831376618	0.9898101864326512	atman	0.103	
PR2-PR1	BTN3A2	-0.0354	0.8303165327009874	0.9898101864326512	atman	0.103	
PR2-PR1	ALDH2	-0.03537	0.724153482974911	0.9898101864326512	atman	0.103	
PR2-PR1	GPHA2	0.0353	0.6884326978577238	0.9898101864326512	atman	0.103	
PR2-PR1	APOBR	-0.0352555555555555	0.7598541248309845	0.9898101864326512	atman	0.103	
PR2-PR1	HSP90B1	0.0352375	0.8651456877024435	0.9898101864326512	atman	0.103	
PR2-PR1	SCG2	0.03513	0.7226513863639721	0.9898101864326512	atman	0.103	
PR2-PR1	TNFAIP8	0.0348444444444444	0.9019229170303662	0.9898101864326512	atman	0.103	
PR2-PR1	SPINT2	0.03453	0.6741293762297089	0.9898101864326512	atman	0.103	
PR2-PR1	PRSS8	-0.0345099999999999	0.6219847509461833	0.9898101864326512	atman	0.103	
PR2-PR1	PENK	0.0343777777777777	0.8165154815515714	0.9898101864326512	atman	0.103	
PR2-PR1	RAB2B	0.0343	0.8955580363648237	0.9898101864326512	atman	0.103	
PR2-PR1	CFHR2	0.0342899999999999	0.7352255506133321	0.9898101864326512	atman	0.103	
PR2-PR1	MDM1	0.0339	0.8686323351600422	0.9898101864326512	atman	0.103	
PR2-PR1	SCGB3A1	0.0339	0.7406063635209708	0.9898101864326512	atman	0.103	
PR2-PR1	APBB1IP	-0.03386	0.8667060631900776	0.9898101864326512	atman	0.103	
PR2-PR1	KLK3	-0.0338	0.6921576884295548	0.9898101864326512	atman	0.103	
PR2-PR1	LILRB1	-0.0338	0.4950635970644463	0.9898101864326512	atman	0.103	
PR2-PR1	VSTM2L	-0.0337777777777777	0.8779447824070354	0.9898101864326512	atman	0.103	
PR2-PR1	RNF4	-0.033775	0.9020234207471312	0.9898101864326512	atman	0.103	
PR2-PR1	CPB1	-0.03369	0.7963266503980722	0.9898101864326512	atman	0.103	
PR2-PR1	APCS	0.0336799999999999	0.8101233432462038	0.9898101864326512	atman	0.103	
PR2-PR1	HSPG2	-0.0335599999999999	0.4143293858415608	0.9898101864326512	atman	0.103	
PR2-PR1	TNFRSF9	-0.0333444444444444	0.6614899868663735	0.9898101864326512	atman	0.103	
PR2-PR1	TGOLN2	-0.0333333333333333	0.6549607423554873	0.9898101864326512	atman	0.103	
PR2-PR1	FKBP4	-0.0333222222222222	0.9082509562222736	0.9898101864326512	atman	0.103	
PR2-PR1	WFIKKN1	0.0332666666666666	0.840741942453807	0.9898101864326512	atman	0.103	
PR2-PR1	FN1	0.03307	0.7315292420340747	0.9898101864326512	atman	0.103	
PR2-PR1	SIRT1	0.0330444444444444	0.8830175745143711	0.9898101864326512	atman	0.103	
PR2-PR1	CTBS	0.0329888888888888	0.8014185962250089	0.9898101864326512	atman	0.103	
PR2-PR1	CTSV	0.0328699999999999	0.7574255056663559	0.9898101864326512	atman	0.103	
PR2-PR1	CLEC2L	-0.0328	0.8378791417049074	0.9898101864326512	atman	0.103	
PR2-PR1	BLMH	-0.0325199999999999	0.6890254117055421	0.9898101864326512	atman	0.103	
PR2-PR1	SPAG1	0.0324777777777777	0.8912011351892564	0.9898101864326512	atman	0.103	
PR2-PR1	IL1R2	-0.03247	0.5458657978618082	0.9898101864326512	atman	0.103	
PR2-PR1	CLEC4A	-0.032225	0.7712857203766212	0.9898101864326512	atman	0.103	
PR2-PR1	TNFRSF10C	0.0322099999999999	0.6014116754446581	0.9898101864326512	atman	0.103	
PR2-PR1	SCRIB	0.0321599999999999	0.890914138594026	0.9898101864326512	atman	0.103	
PR2-PR1	LILRA5	0.0318999999999999	0.6672016520548758	0.9898101864326512	atman	0.103	
PR2-PR1	SFRP1	0.0317444444444444	0.8676997113413032	0.9898101864326512	atman	0.103	
PR2-PR1	FGF19	-0.03174	0.8351132695038304	0.9898101864326512	atman	0.103	
PR2-PR1	IL10RB	0.03154	0.4333779788225538	0.9898101864326512	atman	0.103	
PR2-PR1	CD48	0.03149	0.5187441105282682	0.9898101864326512	atman	0.103	
PR2-PR1	VWA1	-0.0314899999999999	0.8637764232379546	0.9898101864326512	atman	0.103	
PR2-PR1	MRPL52	-0.0314444444444444	0.7116537071787721	0.9898101864326512	atman	0.103	
PR2-PR1	CXCL14	-0.0313555555555555	0.8662416599877099	0.9898101864326512	atman	0.103	
PR2-PR1	NBN	-0.0313111111111111	0.8496163684426028	0.9898101864326512	atman	0.103	
PR2-PR1	RTN4R	0.03124	0.6867450674320024	0.9898101864326512	atman	0.103	
PR2-PR1	SPP1	-0.03115	0.631991042676606	0.9898101864326512	atman	0.103	
PR2-PR1	RNF5	0.0310555555555555	0.8674343482571794	0.9898101864326512	atman	0.103	
PR2-PR1	LYPD8	0.0309999999999999	0.870055042479204	0.9898101864326512	atman	0.103	
PR2-PR1	PRSS22	0.0309777777777777	0.8422208516084866	0.9898101864326512	atman	0.103	
PR2-PR1	LY9	-0.03074	0.4580450531382716	0.9898101864326512	atman	0.103	
PR2-PR1	ENPP5	-0.03065	0.6432499676928805	0.9898101864326512	atman	0.103	
PR2-PR1	AREG	0.0306199999999999	0.8369034057353881	0.9898101864326512	atman	0.103	
PR2-PR1	CHCHD6	0.03052	0.7993417144173942	0.9898101864326512	atman	0.103	
PR2-PR1	NID1	0.03038	0.8546938164099247	0.9898101864326512	atman	0.103	
PR2-PR1	GP1BA	-0.03037	0.7278678100639058	0.9898101864326512	atman	0.103	
PR2-PR1	CTSS	-0.0302699999999999	0.5320978661443321	0.9898101864326512	atman	0.103	
PR2-PR1	TNFSF12	-0.03017	0.8733039316509394	0.9898101864326512	atman	0.103	
PR2-PR1	CRTAP	-0.0300571428571428	0.7659383871662166	0.9898101864326512	atman	0.103	
PR2-PR1	TNFRSF6B	0.0300222222222221	0.789374118998202	0.9898101864326512	atman	0.103	
PR2-PR1	CST5	0.0299444444444444	0.7818098036998813	0.9898101864326512	atman	0.103	
PR2-PR1	ROBO2	-0.02989	0.4624519466654102	0.9898101864326512	atman	0.103	
PR2-PR1	GNAS	-0.0298222222222222	0.8414604752623434	0.9898101864326512	atman	0.103	
PR2-PR1	RBP5	-0.02978	0.8774080182920425	0.9898101864326512	atman	0.103	
PR2-PR1	MCAM	0.02978	0.5698597754279817	0.9898101864326512	atman	0.103	
PR2-PR1	HTR1B	-0.0297249999999999	0.911858764649343	0.9898101864326512	atman	0.103	
PR2-PR1	SERPINF1	0.02971	0.392479856846033	0.9898101864326512	atman	0.103	
PR2-PR1	NCAM2	-0.0295999999999999	0.4785008838691191	0.9898101864326512	atman	0.103	
PR2-PR1	SCARF2	0.0295899999999999	0.443477786153156	0.9898101864326512	atman	0.103	
PR2-PR1	SHPK	0.0295875	0.8813883373170381	0.9898101864326512	atman	0.103	
PR2-PR1	AHSG	0.0292888888888888	0.8445839601117267	0.9898101864326512	atman	0.103	
PR2-PR1	BCL2L11	-0.0292499999999999	0.8805840891917565	0.9898101864326512	atman	0.103	
PR2-PR1	DHPS	-0.0292199999999999	0.8308725417946308	0.9898101864326512	atman	0.103	
PR2-PR1	SLC13A1	0.02921	0.895686869038602	0.9898101864326512	atman	0.103	
PR2-PR1	SATB1	0.0290555555555555	0.8469826376883818	0.9898101864326512	atman	0.103	
PR2-PR1	ITGB6	0.0289444444444444	0.7717655265842129	0.9898101864326512	atman	0.103	
PR2-PR1	RBPMS	-0.0289444444444444	0.8925099035267716	0.9898101864326512	atman	0.103	
PR2-PR1	FDX2	0.0288888888888889	0.875296395810228	0.9898101864326512	atman	0.103	
PR2-PR1	MERTK	-0.02839	0.7685922107136136	0.9898101864326512	atman	0.103	
PR2-PR1	ASGR2	0.0283777777777777	0.8700353950512181	0.9898101864326512	atman	0.103	
PR2-PR1	ADAM8	0.0283399999999999	0.7267138770320287	0.9898101864326512	atman	0.103	
PR2-PR1	KLK10	0.0282555555555555	0.6568392794206563	0.9898101864326512	atman	0.103	
PR2-PR1	CA14	0.02819	0.7260786128586001	0.9898101864326512	atman	0.103	
PR2-PR1	LGALS3	-0.02814	0.6473239127461801	0.9898101864326512	atman	0.103	
PR2-PR1	SCARB1	-0.0280999999999999	0.8965955029311066	0.9898101864326512	atman	0.103	
PR2-PR1	FGF20	-0.0280222222222222	0.8226589887920341	0.9898101864326512	atman	0.103	
PR2-PR1	RTBDN	0.0279999999999999	0.8546185191047497	0.9898101864326512	atman	0.103	
PR2-PR1	IL22	0.02794	0.8565422715908673	0.9898101864326512	atman	0.103	
PR2-PR1	CD300E	-0.0279	0.7548811960068007	0.9898101864326512	atman	0.103	
PR2-PR1	VCPKMT	0.0278888888888889	0.8263189208617359	0.9898101864326512	atman	0.103	
PR2-PR1	LYVE1	0.0278499999999999	0.7945816554105298	0.9898101864326512	atman	0.103	
PR2-PR1	ANGPTL4	0.0277299999999999	0.8107802900182217	0.9898101864326512	atman	0.103	
PR2-PR1	PDCD6	-0.0276666666666666	0.6293913046680852	0.9898101864326512	atman	0.103	
PR2-PR1	PODXL	-0.0273999999999999	0.5585745711452068	0.9898101864326512	atman	0.103	
PR2-PR1	SLAMF8	-0.0273875	0.8616690653189734	0.9898101864326512	atman	0.103	
PR2-PR1	SCG3	-0.0273	0.6620272104070408	0.9898101864326512	atman	0.103	
PR2-PR1	ROBO1	-0.0271599999999999	0.5704865672905182	0.9898101864326512	atman	0.103	
PR2-PR1	ESM1	-0.02713	0.789877542491922	0.9898101864326512	atman	0.103	
PR2-PR1	TNF	0.0268666666666666	0.800769434048048	0.9898101864326512	atman	0.103	
PR2-PR1	CACNB1	0.0268624999999999	0.8913837065216588	0.9898101864326512	atman	0.103	
PR2-PR1	PGLYRP1	0.02677	0.8306579681587656	0.9898101864326512	atman	0.103	
PR2-PR1	FAM20A	0.02675	0.8228586480298385	0.9898101864326512	atman	0.103	
PR2-PR1	PAXX	0.0266777777777777	0.9099949506841276	0.9898101864326512	atman	0.103	
PR2-PR1	ISM1	0.02665	0.8185775852897019	0.9898101864326512	atman	0.103	
PR2-PR1	CES1	-0.0266299999999999	0.8588823347817214	0.9898101864326512	atman	0.103	
PR2-PR1	LRP1	-0.02648	0.5332566183938705	0.9898101864326512	atman	0.103	
PR2-PR1	SERPINB8	0.0264399999999999	0.8557117763522479	0.9898101864326512	atman	0.103	
PR2-PR1	CNTNAP4	0.0264	0.9068126873231166	0.9898101864326512	atman	0.103	
PR2-PR1	ENG	-0.0263699999999999	0.5737390809151279	0.9898101864326512	atman	0.103	
PR2-PR1	ASGR1	-0.0263111111111111	0.7867004139536986	0.9898101864326512	atman	0.103	
PR2-PR1	VEGFD	-0.0261899999999999	0.7984634603729273	0.9898101864326512	atman	0.103	
PR2-PR1	TIMD4	0.02616	0.578796299266009	0.9898101864326512	atman	0.103	
PR2-PR1	PLXNB2	-0.0257699999999999	0.617431320413323	0.9898101864326512	atman	0.103	
PR2-PR1	SEPTIN3	-0.0257444444444444	0.8890164422816489	0.9898101864326512	atman	0.103	
PR2-PR1	SLC12A2	0.0255555555555555	0.7823857858473797	0.9898101864326512	atman	0.103	
PR2-PR1	CCAR2	0.0255399999999999	0.7901539118475851	0.9898101864326512	atman	0.103	
PR2-PR1	NAPRT	-0.0255	0.825862643133664	0.9898101864326512	atman	0.103	
PR2-PR1	CD22	-0.0254299999999999	0.6159142980806447	0.9898101864326512	atman	0.103	
PR2-PR1	TNFRSF21	-0.02535	0.6028036122242006	0.9898101864326512	atman	0.103	
PR2-PR1	CPB2	-0.0252899999999999	0.8552506130360589	0.9898101864326512	atman	0.103	
PR2-PR1	MATN2	-0.0252899999999999	0.6584963957491667	0.9898101864326512	atman	0.103	
PR2-PR1	FOLH1	-0.0251666666666666	0.884753268831852	0.9898101864326512	atman	0.103	
PR2-PR1	FLT3LG	-0.02507	0.6066297077772782	0.9898101864326512	atman	0.103	
PR2-PR1	HSD11B1	-0.0250499999999999	0.8878224800083443	0.9898101864326512	atman	0.103	
PR2-PR1	PGR	-0.0250333333333333	0.8463349653092802	0.9898101864326512	atman	0.103	
PR2-PR1	CA9	-0.0250199999999999	0.6804700818757876	0.9898101864326512	atman	0.103	
PR2-PR1	C1QBP	0.0248444444444444	0.8668586684478337	0.9898101864326512	atman	0.103	
PR2-PR1	RSPO1	-0.0248333333333333	0.8604917500922893	0.9898101864326512	atman	0.103	
PR2-PR1	CXCL17	-0.02472	0.6831748046298494	0.9898101864326512	atman	0.103	
PR2-PR1	BTN2A1	0.0246	0.5764542104062143	0.9898101864326512	atman	0.103	
PR2-PR1	FOLR3	0.0245666666666665	0.6255818575437062	0.9898101864326512	atman	0.103	
PR2-PR1	VASN	-0.0244999999999999	0.5936196419586177	0.9898101864326512	atman	0.103	
PR2-PR1	MCTS1	-0.02448	0.8234131571014678	0.9898101864326512	atman	0.103	
PR2-PR1	CFHR4	0.02448	0.7088001337951795	0.9898101864326512	atman	0.103	
PR2-PR1	NGRN	-0.02448	0.8226423990149168	0.9898101864326512	atman	0.103	
PR2-PR1	RGMB	-0.0243999999999999	0.7557153131634531	0.9898101864326512	atman	0.103	
PR2-PR1	THSD1	-0.0242222222222222	0.7797509725204448	0.9898101864326512	atman	0.103	
PR2-PR1	ERBB3	-0.0242	0.6819480056989295	0.9898101864326512	atman	0.103	
PR2-PR1	TFF2	-0.0241999999999999	0.8505330100109172	0.9898101864326512	atman	0.103	
PR2-PR1	CRELD2	0.0241699999999999	0.822653186389773	0.9898101864326512	atman	0.103	
PR2-PR1	F2	0.0240399999999999	0.7634824906128541	0.9898101864326512	atman	0.103	
PR2-PR1	IGSF8	0.0240111111111111	0.7745575596412055	0.9898101864326512	atman	0.103	
PR2-PR1	CSF2RB	0.0238666666666666	0.8711338236259758	0.9898101864326512	atman	0.103	
PR2-PR1	LY75	-0.0237875	0.8176109358504156	0.9898101864326512	atman	0.103	
PR2-PR1	IL2RA	-0.0237699999999999	0.4443224810691464	0.9898101864326512	atman	0.103	
PR2-PR1	PTPRF	-0.02361	0.736575039149902	0.9898101864326512	atman	0.103	
PR2-PR1	CD4	0.0235749999999999	0.8294390581677935	0.9898101864326512	atman	0.103	
PR2-PR1	CD46	0.02352	0.6632188734494586	0.9898101864326512	atman	0.103	
PR2-PR1	PAM	-0.0234399999999999	0.7289865533964186	0.9898101864326512	atman	0.103	
PR2-PR1	NUP50	-0.0233777777777777	0.8698127123927588	0.9898101864326512	atman	0.103	
PR2-PR1	FAM3B	0.0232399999999999	0.773401603054241	0.9898101864326512	atman	0.103	
PR2-PR1	IL1RL1	-0.0231499999999999	0.7879272293570541	0.9898101864326512	atman	0.103	
PR2-PR1	CELA3A	-0.02285	0.8391256526333923	0.9898101864326512	atman	0.103	
PR2-PR1	MME	-0.02283	0.9070827113363789	0.9898101864326512	atman	0.103	
PR2-PR1	CD101	0.0227899999999999	0.7026790170775554	0.9898101864326512	atman	0.103	
PR2-PR1	CSPG5	0.0226374999999999	0.8885770794974044	0.9898101864326512	atman	0.103	
PR2-PR1	ERBB4	-0.0226333333333333	0.7022682731167698	0.9898101864326512	atman	0.103	
PR2-PR1	ANXA5	0.0225374999999999	0.8662311771052487	0.9898101864326512	atman	0.103	
PR2-PR1	CNTN2	-0.0225	0.7413809148809851	0.9898101864326512	atman	0.103	
PR2-PR1	GIPC2	0.0223299999999999	0.8510283538699781	0.9898101864326512	atman	0.103	
PR2-PR1	NAAA	-0.022211111111111	0.8734114303977734	0.9898101864326512	atman	0.103	
PR2-PR1	IL10RA	-0.0221111111111111	0.8944873758961014	0.9898101864326512	atman	0.103	
PR2-PR1	DCN	0.0220333333333333	0.7813546403919251	0.9898101864326512	atman	0.103	
PR2-PR1	NXPH3	-0.0220222222222222	0.8627304798903643	0.9898101864326512	atman	0.103	
PR2-PR1	PVR	0.02191	0.8162038899106485	0.9898101864326512	atman	0.103	
PR2-PR1	IGFBPL1	-0.0215777777777777	0.7809340634350748	0.9898101864326512	atman	0.103	
PR2-PR1	WFIKKN2	-0.0214499999999999	0.6731792710540618	0.9898101864326512	atman	0.103	
PR2-PR1	LAYN	0.0212777777777777	0.8257653258853044	0.9898101864326512	atman	0.103	
PR2-PR1	CACNA1H	0.0212555555555555	0.8217974316102976	0.9898101864326512	atman	0.103	
PR2-PR1	GPRC5C	-0.0212499999999999	0.9046451625200094	0.9898101864326512	atman	0.103	
PR2-PR1	PMCH	-0.0212	0.8713505042006435	0.9898101864326512	atman	0.103	
PR2-PR1	OSMR	-0.0211599999999999	0.6158894237217543	0.9898101864326512	atman	0.103	
PR2-PR1	SEZ6L	0.0209999999999999	0.8081975732822995	0.9898101864326512	atman	0.103	
PR2-PR1	CD79B	0.02096	0.7437030510972891	0.9898101864326512	atman	0.103	
PR2-PR1	RSPO3	-0.02083	0.747645865028262	0.9898101864326512	atman	0.103	
PR2-PR1	AHNAK2	0.0208	0.8012937743964601	0.9898101864326512	atman	0.103	
PR2-PR1	LIFR	-0.0207249999999999	0.8298536544248307	0.9898101864326512	atman	0.103	
PR2-PR1	CD177	0.02056	0.8700134273268219	0.9898101864326512	atman	0.103	
PR2-PR1	AXL	0.0203699999999999	0.7411115873933187	0.9898101864326512	atman	0.103	
PR2-PR1	ANGPTL7	0.02002	0.8631611806181487	0.9898101864326512	atman	0.103	
PR2-PR1	ANP32C	-0.0199888888888888	0.8807657800077933	0.9898101864326512	atman	0.103	
PR2-PR1	SCARF1	0.0196799999999999	0.9045355184367884	0.9898101864326512	atman	0.103	
PR2-PR1	GART	0.0194888888888888	0.8801113399787228	0.9898101864326512	atman	0.103	
PR2-PR1	CD59	0.01917	0.6269777149154017	0.9898101864326512	atman	0.103	
PR2-PR1	PGF	0.01908	0.7739992492005872	0.9898101864326512	atman	0.103	
PR2-PR1	F3	0.01902	0.7155911292822299	0.9898101864326512	atman	0.103	
PR2-PR1	CALCA	-0.0188888888888888	0.8376083820203428	0.9898101864326512	atman	0.103	
PR2-PR1	BCAT1	0.01845	0.8965342080201841	0.9898101864326512	atman	0.103	
PR2-PR1	PLA2G2A	0.0183	0.8804713821869274	0.9898101864326512	atman	0.103	
PR2-PR1	CD72	0.0182999999999999	0.8555310492204693	0.9898101864326512	atman	0.103	
PR2-PR1	FETUB	-0.01824	0.7706205654120568	0.9898101864326512	atman	0.103	
PR2-PR1	REG4	-0.01808	0.8686490509791112	0.9898101864326512	atman	0.103	
PR2-PR1	CHEK2	-0.0180777777777777	0.9093843326785752	0.9898101864326512	atman	0.103	
PR2-PR1	MEGF10	-0.01799	0.7123740421306946	0.9898101864326512	atman	0.103	
PR2-PR1	MDGA1	-0.0179888888888888	0.8902531769337556	0.9898101864326512	atman	0.103	
PR2-PR1	L1CAM	-0.0179777777777777	0.8194454620183858	0.9898101864326512	atman	0.103	
PR2-PR1	B4GALT1	-0.01793	0.7151624322016894	0.9898101864326512	atman	0.103	
PR2-PR1	NFYA	-0.0178444444444444	0.9099225537711876	0.9898101864326512	atman	0.103	
PR2-PR1	CNDP1	-0.0177499999999999	0.8790697566862029	0.9898101864326512	atman	0.103	
PR2-PR1	CST3	-0.01766	0.8486572680011715	0.9898101864326512	atman	0.103	
PR2-PR1	CST6	0.01765	0.8020417627585275	0.9898101864326512	atman	0.103	
PR2-PR1	ICAM3	-0.0175199999999999	0.7161695909908494	0.9898101864326512	atman	0.103	
PR2-PR1	INHBC	0.01738	0.8370680430592832	0.9898101864326512	atman	0.103	
PR2-PR1	RNASET2	-0.0172799999999999	0.8784638462088807	0.9898101864326512	atman	0.103	
PR2-PR1	LCN15	0.0171777777777777	0.8657999142198991	0.9898101864326512	atman	0.103	
PR2-PR1	TREML2	-0.0169799999999999	0.8614596151688518	0.9898101864326512	atman	0.103	
PR2-PR1	CCN3	0.0167999999999999	0.7903161791688393	0.9898101864326512	atman	0.103	
PR2-PR1	TPSAB1	-0.01672	0.6810370047910494	0.9898101864326512	atman	0.103	
PR2-PR1	LSM8	-0.0164999999999999	0.8975525321758795	0.9898101864326512	atman	0.103	
PR2-PR1	RELT	-0.0163299999999999	0.8707353022671016	0.9898101864326512	atman	0.103	
PR2-PR1	IL5RA	-0.0163249999999999	0.8702587651917661	0.9898101864326512	atman	0.103	
PR2-PR1	PLXNB3	-0.0162333333333333	0.9006826297045145	0.9898101864326512	atman	0.103	
PR2-PR1	SOST	-0.0162222222222222	0.9060215506231546	0.9898101864326512	atman	0.103	
PR2-PR1	LGALS4	-0.0162	0.9073922295170108	0.9898101864326512	atman	0.103	
PR2-PR1	POLR2F	0.01617	0.8605183753909471	0.9898101864326512	atman	0.103	
PR2-PR1	AIF1L	-0.016011111111111	0.8991198705230761	0.9898101864326512	atman	0.103	
PR2-PR1	SIGLEC9	0.0159499999999999	0.723162444068518	0.9898101864326512	atman	0.103	
PR2-PR1	ITIH1	0.0157199999999999	0.8312467812637572	0.9898101864326512	atman	0.103	
PR2-PR1	RECK	0.0156333333333333	0.878208031475286	0.9898101864326512	atman	0.103	
PR2-PR1	SUSD2	-0.01539	0.8074170738596274	0.9898101864326512	atman	0.103	
PR2-PR1	TXNDC15	0.0153888888888889	0.7973377774218702	0.9898101864326512	atman	0.103	
PR2-PR1	PM20D1	-0.0152666666666667	0.8591560348717728	0.9898101864326512	atman	0.103	
PR2-PR1	RET	0.0152599999999999	0.8481308699285424	0.9898101864326512	atman	0.103	
PR2-PR1	ST6GAL1	-0.0152199999999999	0.8885412176719039	0.9898101864326512	atman	0.103	
PR2-PR1	HAVCR1	-0.0151599999999999	0.8884903524004062	0.9898101864326512	atman	0.103	
PR2-PR1	MATN3	-0.0149666666666666	0.8366065578082886	0.9898101864326512	atman	0.103	
PR2-PR1	CLTA	0.0149666666666666	0.9067848107110784	0.9898101864326512	atman	0.103	
PR2-PR1	LRIG1	-0.0148999999999999	0.7741541880784504	0.9898101864326512	atman	0.103	
PR2-PR1	QPCT	-0.01489	0.7712378543001357	0.9898101864326512	atman	0.103	
PR2-PR1	NME3	0.0147999999999999	0.7527925853113682	0.9898101864326512	atman	0.103	
PR2-PR1	XCL1	0.0147099999999999	0.8710613041052515	0.9898101864326512	atman	0.103	
PR2-PR1	ICAM1	-0.01466	0.8087631044667243	0.9898101864326512	atman	0.103	
PR2-PR1	KLK13	-0.01456	0.8405987600613489	0.9898101864326512	atman	0.103	
PR2-PR1	DLL1	-0.0141444444444444	0.840031579311413	0.9898101864326512	atman	0.103	
PR2-PR1	ERBB2	0.0140888888888888	0.8548130202299835	0.9898101864326512	atman	0.103	
PR2-PR1	PLTP	-0.01388	0.8083415636548086	0.9898101864326512	atman	0.103	
PR2-PR1	LRG1	0.0138799999999999	0.8479700294778669	0.9898101864326512	atman	0.103	
PR2-PR1	ROBO4	-0.0136	0.8272501967688695	0.9898101864326512	atman	0.103	
PR2-PR1	FLT4	-0.0135666666666666	0.825734974795673	0.9898101864326512	atman	0.103	
PR2-PR1	NOTCH1	-0.0133599999999999	0.8204935810302714	0.9898101864326512	atman	0.103	
PR2-PR1	SEZ6L2	0.01321	0.88736522598218	0.9898101864326512	atman	0.103	
PR2-PR1	PDGFRB	-0.01321	0.8361435867496712	0.9898101864326512	atman	0.103	
PR2-PR1	CD5	-0.0131699999999999	0.8475500681203756	0.9898101864326512	atman	0.103	
PR2-PR1	RETN	-0.0131499999999999	0.8843962136437105	0.9898101864326512	atman	0.103	
PR2-PR1	TNFRSF4	-0.0130599999999999	0.8536854900544106	0.9898101864326512	atman	0.103	
PR2-PR1	TXK	0.0128499999999999	0.890129608252487	0.9898101864326512	atman	0.103	
PR2-PR1	LDLR	0.0127799999999999	0.907845970382293	0.9898101864326512	atman	0.103	
PR2-PR1	SERPINF2	0.0127499999999999	0.7531296748045775	0.9898101864326512	atman	0.103	
PR2-PR1	ANXA1	-0.0127000000000001	0.8959588609782261	0.9898101864326512	atman	0.103	
PR2-PR1	EFNA1	-0.0127	0.8900901624290201	0.9898101864326512	atman	0.103	
PR2-PR1	GAS6	-0.0126499999999999	0.7988739549262833	0.9898101864326512	atman	0.103	
PR2-PR1	TCN2	-0.01257	0.8531255056673117	0.9898101864326512	atman	0.103	
PR2-PR1	PRSS2	0.0125399999999999	0.8480507571423597	0.9898101864326512	atman	0.103	
PR2-PR1	GAS2	0.0125	0.9107048065974572	0.9898101864326512	atman	0.103	
PR2-PR1	CDH1	0.01245	0.8485723448828206	0.9898101864326512	atman	0.103	
PR2-PR1	KITLG	0.0119111111111111	0.8325168448954694	0.9898101864326512	atman	0.103	
PR2-PR1	FOXJ3	0.0116666666666666	0.8777681008350253	0.9898101864326512	atman	0.103	
PR2-PR1	CNTN5	-0.0115	0.8186574564045321	0.9898101864326512	atman	0.103	
PR2-PR1	ADAM15	0.0112555555555555	0.8347798732428209	0.9898101864326512	atman	0.103	
PR2-PR1	FCRL1	0.0111888888888888	0.8224201372236957	0.9898101864326512	atman	0.103	
PR2-PR1	CD14	-0.01108	0.9081701171632984	0.9898101864326512	atman	0.103	
PR2-PR1	NPDC1	-0.0109999999999999	0.8581066961105279	0.9898101864326512	atman	0.103	
PR2-PR1	LTBP2	-0.01093	0.8541551073751115	0.9898101864326512	atman	0.103	
PR2-PR1	MILR1	0.0109	0.8976203251643353	0.9898101864326512	atman	0.103	
PR2-PR1	TNR	0.0107888888888888	0.8941124431081577	0.9898101864326512	atman	0.103	
PR2-PR1	HYAL1	-0.01075	0.8589063666528598	0.9898101864326512	atman	0.103	
PR2-PR1	HAVCR2	0.0107199999999999	0.7468464882652821	0.9898101864326512	atman	0.103	
PR2-PR1	CRLF1	-0.01045	0.7731822702154068	0.9898101864326512	atman	0.103	
PR2-PR1	SIRPA	0.01044	0.8168425428144066	0.9898101864326512	atman	0.103	
PR2-PR1	CNTN1	-0.01039	0.8786804009390252	0.9898101864326512	atman	0.103	
PR2-PR1	PTPRS	-0.01025	0.8110085267815417	0.9898101864326512	atman	0.103	
PR2-PR1	CHI3L1	-0.01024	0.9107874428233133	0.9898101864326512	atman	0.103	
PR2-PR1	ENTPD5	-0.0100555555555555	0.8971883134773491	0.9898101864326512	atman	0.103	
PR2-PR1	PROC	-0.00998	0.9086624341097572	0.9898101864326512	atman	0.103	
PR2-PR1	GZMA	-0.00956	0.8899419735592584	0.9898101864326512	atman	0.103	
PR2-PR1	KLKB1	0.0091799999999999	0.9119864447492128	0.9898101864326512	atman	0.103	
PR2-PR1	CCL16	-0.0087199999999999	0.8983753103347407	0.9898101864326512	atman	0.103	
PR2-PR1	TINAGL1	0.0085	0.9056991103345262	0.9898101864326512	atman	0.103	
PR2-PR1	MAP2	-0.00849	0.9056820216619532	0.9898101864326512	atman	0.103	
PR2-PR1	NCS1	-0.0084699999999999	0.884141284490521	0.9898101864326512	atman	0.103	
PR2-PR1	PIK3IP1	0.0081199999999999	0.864564663224386	0.9898101864326512	atman	0.103	
PR2-PR1	TEK	-0.0078444444444444	0.8818225628942749	0.9898101864326512	atman	0.103	
PR2-PR1	LGALS9	-0.0077899999999999	0.8987328025983703	0.9898101864326512	atman	0.103	
PR2-PR1	CD58	-0.00761	0.8915433040244234	0.9898101864326512	atman	0.103	
PR2-PR1	LAMP2	-0.00756	0.8958910026457931	0.9898101864326512	atman	0.103	
PR2-PR1	DSG3	-0.0074199999999999	0.8921925753877225	0.9898101864326512	atman	0.103	
PR2-PR1	SIGLEC6	0.00599	0.9087496038080172	0.9898101864326512	atman	0.103	
PR2-PR1	TNFSF13B	0.0055299999999999	0.905776177851192	0.9898101864326512	atman	0.103	
PR2-PR1	MEPE	0.0051399999999999	0.9087741084383134	0.9898101864326512	atman	0.103	
PR2-PR1	LILRB2	-0.0049999999999999	0.902743743207136	0.9898101864326512	atman	0.103	
PR2-PR1	RGCC	0.0438888888888889	0.912940628234732	0.990180058242225	atman	0.103	
PR2-PR1	ARHGEF1	0.0260399999999999	0.9130012858332835	0.990180058242225	atman	0.103	
PR2-PR1	ALCAM	-0.0053	0.9134755003647252	0.9903287896943036	atman	0.103	
PR2-PR1	KLHL41	-0.0999444444444443	0.9139575827977636	0.9904859381260896	atman	0.103	
PR2-PR1	SLC28A1	0.0169555555555555	0.9146818813883908	0.9905401280940258	atman	0.103	
PR2-PR1	S100G	-0.0155666666666666	0.91452783103386	0.9905401280940258	atman	0.103	
PR2-PR1	GLB1	0.0275555555555555	0.9151420479819046	0.990673300284022	atman	0.103	
PR2-PR1	TTN	0.0836666666666667	0.9185539599355907	0.9906935130730228	atman	0.103	
PR2-PR1	FABP3	0.07235	0.922481210042858	0.9906935130730228	atman	0.103	
PR2-PR1	MAVS	-0.0573	0.9223068679104118	0.9906935130730228	atman	0.103	
PR2-PR1	FBP1	-0.0555666666666667	0.9225791190496224	0.9906935130730228	atman	0.103	
PR2-PR1	AK2	-0.0523199999999999	0.916007863438496	0.9906935130730228	atman	0.103	
PR2-PR1	LDLRAP1	-0.0512222222222222	0.9216891359902656	0.9906935130730228	atman	0.103	
PR2-PR1	BCL7A	-0.0481333333333332	0.9212217503961532	0.9906935130730228	atman	0.103	
PR2-PR1	DNAJB6	-0.0433333333333333	0.919254387988663	0.9906935130730228	atman	0.103	
PR2-PR1	RTN4IP1	-0.0390888888888888	0.9172719718079708	0.9906935130730228	atman	0.103	
PR2-PR1	IGHMBP2	-0.0349444444444444	0.9214149308140084	0.9906935130730228	atman	0.103	
PR2-PR1	GSAP	0.0291624999999999	0.9175145098873988	0.9906935130730228	atman	0.103	
PR2-PR1	ARHGAP5	-0.0267555555555555	0.9189557212043672	0.9906935130730228	atman	0.103	
PR2-PR1	EP300	-0.0245888888888888	0.9222367447639672	0.9906935130730228	atman	0.103	
PR2-PR1	NAMPT	-0.0230249999999999	0.921769235160627	0.9906935130730228	atman	0.103	
PR2-PR1	CASP2	-0.0211874999999999	0.918269353594816	0.9906935130730228	atman	0.103	
PR2-PR1	KLRK1	0.01953	0.9173888351040966	0.9906935130730228	atman	0.103	
PR2-PR1	SH2D1A	0.0167624999999999	0.9155791707076532	0.9906935130730228	atman	0.103	
PR2-PR1	LCN2	0.0153899999999999	0.9202579916326146	0.9906935130730228	atman	0.103	
PR2-PR1	GRP	0.0138222222222222	0.9216558976649448	0.9906935130730228	atman	0.103	
PR2-PR1	CPA1	0.01028	0.9209678072096226	0.9906935130730228	atman	0.103	
PR2-PR1	ZP3	0.0097444444444444	0.9214100994637768	0.9906935130730228	atman	0.103	
PR2-PR1	SPINK5	0.0071599999999999	0.9204099083050972	0.9906935130730228	atman	0.103	
PR2-PR1	CAPN3	-0.0310699999999999	0.923263318015459	0.9908769280795048	atman	0.103	
PR2-PR1	C7orf50	-0.0054299999999999	0.923424448291928	0.9908769280795048	atman	0.103	
PR2-PR1	IL9	0.0392624999999999	0.9243965015860393	0.9915578392332176	atman	0.103	
PR2-PR1	HDGF	0.03734	0.9268763048978188	0.9918138607325128	atman	0.103	
PR2-PR1	FHIT	-0.0357624999999998	0.9267258416544132	0.9918138607325128	atman	0.103	
PR2-PR1	CXCL3	-0.03151	0.9259477694188591	0.9918138607325128	atman	0.103	
PR2-PR1	ALMS1	0.0247125	0.92683804453034	0.9918138607325128	atman	0.103	
PR2-PR1	CNPY4	0.0176299999999999	0.9266689708750018	0.9918138607325128	atman	0.103	
PR2-PR1	SERPIND1	-0.01256	0.9269982510454322	0.9918138607325128	atman	0.103	
PR2-PR1	GGT5	-0.0066666666666666	0.9267775247049984	0.9918138607325128	atman	0.103	
PR2-PR1	PFKFB2	-0.02667	0.9278254150650778	0.9923374843324348	atman	0.103	
PR2-PR1	PHACTR2	0.0489555555555556	0.928341642140348	0.9925282913421916	atman	0.103	
PR2-PR1	AGR2	0.0587250000000001	0.9287053349283256	0.9925559381663952	atman	0.103	
PR2-PR1	SUGT1	-0.0459875	0.9310667324069002	0.9937260657131372	atman	0.103	
PR2-PR1	GAD2	0.0251666666666666	0.9314913495486656	0.9937260657131372	atman	0.103	
PR2-PR1	MMP1	-0.0246999999999999	0.9311668181323404	0.9937260657131372	atman	0.103	
PR2-PR1	PHOSPHO1	0.0194444444444444	0.931210891399974	0.9937260657131372	atman	0.103	
PR2-PR1	ADGRG2	-0.0070222222222222	0.9303104416374532	0.9937260657131372	atman	0.103	
PR2-PR1	UPK3A	-0.1097999999999999	0.9415696280175092	0.994346371754364	atman	0.103	
PR2-PR1	ACTN2	-0.0588555555555556	0.9390688568454388	0.994346371754364	atman	0.103	
PR2-PR1	MNDA	0.0494333333333333	0.9473966934219656	0.994346371754364	atman	0.103	
PR2-PR1	PRKG1	0.0412555555555556	0.9414236391670392	0.994346371754364	atman	0.103	
PR2-PR1	MB	-0.03589	0.9487993772234548	0.994346371754364	atman	0.103	
PR2-PR1	TMOD4	-0.0355666666666666	0.9409792864505568	0.994346371754364	atman	0.103	
PR2-PR1	CRACR2A	-0.0334499999999999	0.9538584275002776	0.994346371754364	atman	0.103	
PR2-PR1	TMEM106A	0.03317	0.9377478646266216	0.994346371754364	atman	0.103	
PR2-PR1	C19orf12	-0.0286374999999999	0.9514614884418768	0.994346371754364	atman	0.103	
PR2-PR1	ASPSCR1	-0.0258888888888888	0.9468614284871232	0.994346371754364	atman	0.103	
PR2-PR1	THTPA	-0.0253699999999999	0.9465078219184416	0.994346371754364	atman	0.103	
PR2-PR1	DLG4	-0.0252	0.9409552947489308	0.994346371754364	atman	0.103	
PR2-PR1	PGD	0.02427	0.953338712574469	0.994346371754364	atman	0.103	
PR2-PR1	GRHPR	-0.0241399999999999	0.9412603493618784	0.994346371754364	atman	0.103	
PR2-PR1	JMJD1C	-0.0235777777777777	0.9485237854806304	0.994346371754364	atman	0.103	
PR2-PR1	DDX53	-0.0235714285714285	0.937992550946538	0.994346371754364	atman	0.103	
PR2-PR1	PRKAB1	0.0231222222222222	0.9366917934954676	0.994346371754364	atman	0.103	
PR2-PR1	VAMP8	-0.0225888888888889	0.9507399993020034	0.994346371754364	atman	0.103	
PR2-PR1	LMNB1	-0.0209199999999999	0.9481340113830912	0.994346371754364	atman	0.103	
PR2-PR1	TRIM21	0.0208374999999999	0.9519977743201742	0.994346371754364	atman	0.103	
PR2-PR1	BLNK	0.0205777777777778	0.9379881401839912	0.994346371754364	atman	0.103	
PR2-PR1	RAB6A	-0.0205374999999999	0.93849806427984	0.994346371754364	atman	0.103	
PR2-PR1	VTI1A	-0.0203888888888888	0.9524537665965356	0.994346371754364	atman	0.103	
PR2-PR1	INPP5D	-0.0186666666666666	0.9533812597624892	0.994346371754364	atman	0.103	
PR2-PR1	PDAP1	-0.01863	0.9452578201359207	0.994346371754364	atman	0.103	
PR2-PR1	DNPEP	-0.0179499999999999	0.9452736875209762	0.994346371754364	atman	0.103	
PR2-PR1	CXCL8	-0.01776	0.9479693966199872	0.994346371754364	atman	0.103	
PR2-PR1	AKT3	0.0176999999999999	0.9460679702859918	0.994346371754364	atman	0.103	
PR2-PR1	KIR2DL2	0.0175599999999999	0.9409842713370932	0.994346371754364	atman	0.103	
PR2-PR1	KCTD5	0.0174799999999999	0.933006154488584	0.994346371754364	atman	0.103	
PR2-PR1	CNTF	0.0174499999999999	0.94509653796471	0.994346371754364	atman	0.103	
PR2-PR1	NFKBIE	-0.0169499999999999	0.9377217437767582	0.994346371754364	atman	0.103	
PR2-PR1	TUBB3	-0.0164375	0.9500825710586572	0.994346371754364	atman	0.103	
PR2-PR1	IDO1	-0.0164222222222222	0.9425772516577462	0.994346371754364	atman	0.103	
PR2-PR1	MRPL58	-0.0163333333333333	0.9423906890780468	0.994346371754364	atman	0.103	
PR2-PR1	SSB	0.015325	0.9369401724227506	0.994346371754364	atman	0.103	
PR2-PR1	SF3B4	0.0147799999999999	0.9426931963400214	0.994346371754364	atman	0.103	
PR2-PR1	LXN	-0.0142111111111111	0.9438296388133574	0.994346371754364	atman	0.103	
PR2-PR1	PBK	-0.0142111111111111	0.9505054123620456	0.994346371754364	atman	0.103	
PR2-PR1	TSPYL1	-0.0139	0.9468247659747092	0.994346371754364	atman	0.103	
PR2-PR1	CFHR5	0.0131333333333333	0.9481378716992412	0.994346371754364	atman	0.103	
PR2-PR1	LYPLA2	-0.01295	0.9431380982326756	0.994346371754364	atman	0.103	
PR2-PR1	LRIG3	-0.0128777777777777	0.9472693613132832	0.994346371754364	atman	0.103	
PR2-PR1	PPM1A	0.0122249999999999	0.9427979231235776	0.994346371754364	atman	0.103	
PR2-PR1	LIPF	0.0099222222222222	0.937373871265852	0.994346371754364	atman	0.103	
PR2-PR1	CCDC50	0.0093444444444444	0.9383271296901424	0.994346371754364	atman	0.103	
PR2-PR1	TMED10	-0.0093333333333333	0.935551771114731	0.994346371754364	atman	0.103	
PR2-PR1	AMY1A_AMY1B_AMY1C	-0.0091555555555555	0.9422014736674796	0.994346371754364	atman	0.103	
PR2-PR1	CD274	-0.0088888888888888	0.940051723608113	0.994346371754364	atman	0.103	
PR2-PR1	RNASE10	-0.0078222222222222	0.9436897812054283	0.994346371754364	atman	0.103	
PR2-PR1	RNASE6	0.0074888888888888	0.9469331519713756	0.994346371754364	atman	0.103	
PR2-PR1	ADAMTSL2	-0.00713	0.9511978571560944	0.994346371754364	atman	0.103	
PR2-PR1	PAFAH1B3	0.006911111111111	0.9510085473607348	0.994346371754364	atman	0.103	
PR2-PR1	CPXM2	-0.0067299999999999	0.9450980036908878	0.994346371754364	atman	0.103	
PR2-PR1	CLEC10A	-0.0061	0.9388515090647508	0.994346371754364	atman	0.103	
PR2-PR1	SMOC2	-0.0060099999999999	0.9424897911846168	0.994346371754364	atman	0.103	
PR2-PR1	CHIT1	0.00594	0.9391388127944088	0.994346371754364	atman	0.103	
PR2-PR1	FAS	0.0054299999999999	0.9416771300079692	0.994346371754364	atman	0.103	
PR2-PR1	HS3ST3B1	-0.00514	0.952231432254696	0.994346371754364	atman	0.103	
PR2-PR1	TNFRSF1A	-0.00502	0.951646114624416	0.994346371754364	atman	0.103	
PR2-PR1	SNX5	-0.0049	0.9528703450466756	0.994346371754364	atman	0.103	
PR2-PR1	UMOD	-0.0046399999999999	0.933861098432624	0.994346371754364	atman	0.103	
PR2-PR1	CCL18	0.00439	0.9540716208221758	0.994346371754364	atman	0.103	
PR2-PR1	NT5E	0.0040222222222222	0.9517669275138436	0.994346371754364	atman	0.103	
PR2-PR1	ICAM2	0.00269	0.9536811165151012	0.994346371754364	atman	0.103	
PR2-PR1	NPPB	0.0845000000000003	0.9548604432086484	0.9948155965060316	atman	0.103	
PR2-PR1	DNM1	0.02149	0.9553881691373872	0.9950125632490762	atman	0.103	
PR2-PR1	DUSP29	0.0199571428571428	0.973211043051698	0.9952701721682232	atman	0.103	
PR2-PR1	UFD1	-0.0169499999999999	0.9698454060341272	0.9952701721682232	atman	0.103	
PR2-PR1	EIF2AK3	0.0168777777777777	0.9648217128025331	0.9952701721682232	atman	0.103	
PR2-PR1	HSPA2	-0.01668	0.958629354540342	0.9952701721682232	atman	0.103	
PR2-PR1	TMEM132A	-0.0156444444444444	0.96103180889267	0.9952701721682232	atman	0.103	
PR2-PR1	SCRIB	-0.0153777777777778	0.958769327478728	0.9952701721682232	atman	0.103	
PR2-PR1	PDIA5	-0.0151555555555555	0.9662473481508034	0.9952701721682232	atman	0.103	
PR2-PR1	MTPN	-0.0150777777777777	0.960401980018608	0.9952701721682232	atman	0.103	
PR2-PR1	RNF31	0.013211111111111	0.958809489094658	0.9952701721682232	atman	0.103	
PR2-PR1	IL15RA	0.0130333333333333	0.9662953568212136	0.9952701721682232	atman	0.103	
PR2-PR1	PHLDB1	0.013	0.9676136159834704	0.9952701721682232	atman	0.103	
PR2-PR1	KHK	-0.0125	0.9605038153410996	0.9952701721682232	atman	0.103	
PR2-PR1	OPHN1	-0.0123599999999999	0.96730522335818	0.9952701721682232	atman	0.103	
PR2-PR1	SPRED2	0.0122555555555555	0.9632416868229996	0.9952701721682232	atman	0.103	
PR2-PR1	GGCT	-0.01173	0.9649205117786176	0.9952701721682232	atman	0.103	
PR2-PR1	STX16	-0.01125	0.9731427702761712	0.9952701721682232	atman	0.103	
PR2-PR1	SFTPA2	0.0105	0.9562999896446084	0.9952701721682232	atman	0.103	
PR2-PR1	STX7	0.0103444444444444	0.972208775214786	0.9952701721682232	atman	0.103	
PR2-PR1	NPL	0.0091899999999999	0.9592545546900196	0.9952701721682232	atman	0.103	
PR2-PR1	RBP2	-0.0088799999999999	0.9618840483172906	0.9952701721682232	atman	0.103	
PR2-PR1	VEGFB	-0.0086111111111111	0.9711434451520722	0.9952701721682232	atman	0.103	
PR2-PR1	SORBS1	-0.0084333333333333	0.9626725290975616	0.9952701721682232	atman	0.103	
PR2-PR1	DEFB116	-0.0082874999999999	0.964002753165452	0.9952701721682232	atman	0.103	
PR2-PR1	BRDT	0.0079888888888888	0.9695703538661332	0.9952701721682232	atman	0.103	
PR2-PR1	SEMA4C	-0.0075499999999999	0.958245319259946	0.9952701721682232	atman	0.103	
PR2-PR1	SLAMF6	0.0075374999999999	0.9666095449527148	0.9952701721682232	atman	0.103	
PR2-PR1	IL1RL2	0.0075	0.962174961053344	0.9952701721682232	atman	0.103	
PR2-PR1	MYH4	-0.0074777777777777	0.9696472083964058	0.9952701721682232	atman	0.103	
PR2-PR1	TXNDC9	-0.00719	0.9649921561012428	0.9952701721682232	atman	0.103	
PR2-PR1	LAP3	0.0071444444444444	0.9732505053738983	0.9952701721682232	atman	0.103	
PR2-PR1	AMOTL2	0.00708	0.961802990209295	0.9952701721682232	atman	0.103	
PR2-PR1	GRIN2B	0.0069375	0.9732509205715812	0.9952701721682232	atman	0.103	
PR2-PR1	NEDD9	0.0066333333333332	0.9727986516457316	0.9952701721682232	atman	0.103	
PR2-PR1	OGA	-0.00662	0.9690626417069024	0.9952701721682232	atman	0.103	
PR2-PR1	MCEE	-0.0065999999999999	0.9718751862847336	0.9952701721682232	atman	0.103	
PR2-PR1	PSG1	-0.0064555555555555	0.9683673406096212	0.9952701721682232	atman	0.103	
PR2-PR1	TMPRSS15	-0.0054699999999999	0.964996519989548	0.9952701721682232	atman	0.103	
PR2-PR1	IFT20	-0.0052285714285714	0.9636202897336896	0.9952701721682232	atman	0.103	
PR2-PR1	DPEP2	-0.0050299999999999	0.9649038202385664	0.9952701721682232	atman	0.103	
PR2-PR1	ANGPTL1	0.0049111111111111	0.956778828175222	0.9952701721682232	atman	0.103	
PR2-PR1	HDDC2	-0.00472	0.9583197051774116	0.9952701721682232	atman	0.103	
PR2-PR1	COQ7	0.0045666666666666	0.9709664031056876	0.9952701721682232	atman	0.103	
PR2-PR1	TPP1	-0.0041199999999999	0.9730879522542188	0.9952701721682232	atman	0.103	
PR2-PR1	IL12B	-0.0037799999999999	0.9668342368546908	0.9952701721682232	atman	0.103	
PR2-PR1	LPO	-0.0036222222222222	0.9720133727400088	0.9952701721682232	atman	0.103	
PR2-PR1	HRC	0.0034444444444444	0.9700161331826118	0.9952701721682232	atman	0.103	
PR2-PR1	PLA2G1B	0.0030399999999999	0.9590435003164708	0.9952701721682232	atman	0.103	
PR2-PR1	SEMA3F	0.0023333333333333	0.9730909352362084	0.9952701721682232	atman	0.103	
PR2-PR1	MANSC1	-0.0023	0.9685153116470469	0.9952701721682232	atman	0.103	
PR2-PR1	CD1C	0.0022	0.9680307783756156	0.9952701721682232	atman	0.103	
PR2-PR1	GPC1	-0.00211	0.9692360097748384	0.9952701721682232	atman	0.103	
PR2-PR1	HYOU1	-0.00203	0.9694393101202844	0.9952701721682232	atman	0.103	
PR2-PR1	CXCL1	-0.0113099999999999	0.9743345004828255	0.9960315805214132	atman	0.103	
PR2-PR1	GSTA1	0.0132222222222222	0.9772703263273824	0.9962287569275192	atman	0.103	
PR2-PR1	TMED8	-0.01247	0.9751654834961752	0.9962287569275192	atman	0.103	
PR2-PR1	SMAD1	0.0117125	0.9775791375840835	0.9962287569275192	atman	0.103	
PR2-PR1	C9	0.0105777777777777	0.9758860725030284	0.9962287569275192	atman	0.103	
PR2-PR1	CXCL8	0.0093222222222222	0.9758714821868524	0.9962287569275192	atman	0.103	
PR2-PR1	CSF2	-0.0076222222222222	0.9763664831055494	0.9962287569275192	atman	0.103	
PR2-PR1	IL20RA	0.0069222222222222	0.9769721721851656	0.9962287569275192	atman	0.103	
PR2-PR1	IL31RA	-0.006411111111111	0.9764228333534716	0.9962287569275192	atman	0.103	
PR2-PR1	NXPE4	-0.0037777777777777	0.976764441692494	0.9962287569275192	atman	0.103	
PR2-PR1	CSRP3	0.0188666666666666	0.9820194180813976	0.996366439459726	atman	0.103	
PR2-PR1	CENPJ	0.010125	0.9845847792789252	0.996366439459726	atman	0.103	
PR2-PR1	ALPI	0.0096777777777778	0.985003667839643	0.996366439459726	atman	0.103	
PR2-PR1	PDIA2	0.0088222222222222	0.9863476831643552	0.996366439459726	atman	0.103	
PR2-PR1	MTSS2	0.00826	0.9844319282095916	0.996366439459726	atman	0.103	
PR2-PR1	PDZD2	-0.0073444444444444	0.9801706659489808	0.996366439459726	atman	0.103	
PR2-PR1	PCBP2	-0.0071333333333333	0.9797837737857812	0.996366439459726	atman	0.103	
PR2-PR1	IRAG2	-0.0067999999999999	0.9898092003824092	0.996366439459726	atman	0.103	
PR2-PR1	LZTFL1	0.0067333333333333	0.9820939791076724	0.996366439459726	atman	0.103	
PR2-PR1	LATS1	0.0054444444444444	0.98959804310709	0.996366439459726	atman	0.103	
PR2-PR1	FGF7	0.0054	0.981111358850056	0.996366439459726	atman	0.103	
PR2-PR1	FTCD	0.0052499999999999	0.9864911663504864	0.996366439459726	atman	0.103	
PR2-PR1	LYSMD3	-0.0051428571428571	0.986655540305676	0.996366439459726	atman	0.103	
PR2-PR1	PADI2	0.0050222222222222	0.9847409363404248	0.996366439459726	atman	0.103	
PR2-PR1	CAMKK1	-0.004825	0.9847212881236144	0.996366439459726	atman	0.103	
PR2-PR1	RTKN2	-0.0043222222222222	0.9862825875959922	0.996366439459726	atman	0.103	
PR2-PR1	PNLIP	-0.0039888888888889	0.983452988434968	0.996366439459726	atman	0.103	
PR2-PR1	CCL5	-0.00377	0.9925329779024656	0.996366439459726	atman	0.103	
PR2-PR1	CST7	-0.00376	0.985921064754959	0.996366439459726	atman	0.103	
PR2-PR1	BAIAP2	-0.0037499999999999	0.9925858561864632	0.996366439459726	atman	0.103	
PR2-PR1	BTLA	0.0036777777777777	0.992369482454938	0.996366439459726	atman	0.103	
PR2-PR1	SHC1	-0.0035555555555555	0.9843672369513672	0.996366439459726	atman	0.103	
PR2-PR1	AP3S2	-0.0033399999999999	0.9829272903120156	0.996366439459726	atman	0.103	
PR2-PR1	SPTLC1	-0.0032999999999999	0.9852410008524348	0.996366439459726	atman	0.103	
PR2-PR1	CREG1	-0.0032222222222222	0.9819374024647792	0.996366439459726	atman	0.103	
PR2-PR1	GAPDH	-0.0030666666666666	0.9925132938504988	0.996366439459726	atman	0.103	
PR2-PR1	USP25	-0.0027999999999999	0.9929751309523752	0.996366439459726	atman	0.103	
PR2-PR1	RPL14	0.0027666666666666	0.987670975491756	0.996366439459726	atman	0.103	
PR2-PR1	GLT8D2	-0.0027375	0.9893995763426404	0.996366439459726	atman	0.103	
PR2-PR1	PGLYRP4	-0.0024444444444444	0.9918370561112188	0.996366439459726	atman	0.103	
PR2-PR1	CLU	0.00224	0.9890497162577232	0.996366439459726	atman	0.103	
PR2-PR1	ST3GAL1	0.00173	0.9847050313050912	0.996366439459726	atman	0.103	
PR2-PR1	FABP4	-0.00162	0.987692163289894	0.996366439459726	atman	0.103	
PR2-PR1	APOA4	-0.00157	0.9894408345455984	0.996366439459726	atman	0.103	
PR2-PR1	EPCAM	-0.00156	0.9922761735715052	0.996366439459726	atman	0.103	
PR2-PR1	ELOB	0.0014888888888889	0.9899870916389726	0.996366439459726	atman	0.103	
PR2-PR1	ADAMTS16	0.0014888888888889	0.9870760774817466	0.996366439459726	atman	0.103	
PR2-PR1	GUSB	0.0014499999999999	0.9921411869312832	0.996366439459726	atman	0.103	
PR2-PR1	ZBTB17	-0.0014222222222222	0.9898930789808018	0.996366439459726	atman	0.103	
PR2-PR1	CLUL1	-0.0013888888888888	0.987085584372466	0.996366439459726	atman	0.103	
PR2-PR1	IGF1R	0.0012599999999999	0.9873861520984656	0.996366439459726	atman	0.103	
PR2-PR1	SNCG	-0.0012333333333333	0.99272439718635	0.996366439459726	atman	0.103	
PR2-PR1	MET	0.0010099999999999	0.9858284057129318	0.996366439459726	atman	0.103	
PR2-PR1	OMD	0.0009799999999999	0.9816814562357992	0.996366439459726	atman	0.103	
PR2-PR1	IGFBP7	0.0008499999999999	0.991015758541345	0.996366439459726	atman	0.103	
PR2-PR1	TFAP2A	0.0030999999999999	0.9948880594696728	0.9970866059385488	atman	0.103	
PR2-PR1	ERP29	-0.0030666666666666	0.9950503501061352	0.9970866059385488	atman	0.103	
PR2-PR1	ATP6V1G1	0.0022999999999999	0.994674729918887	0.9970866059385488	atman	0.103	
PR2-PR1	PQBP1	0.0014874999999999	0.9948695438935724	0.9970866059385488	atman	0.103	
PR2-PR1	CDHR2	0.0006099999999999	0.9958210649345798	0.9975186801151704	atman	0.103	
PR2-PR1	NIT2	0.00205	0.9963413108239654	0.997699649352696	atman	0.103	
PR2-PR1	PROK1	0.0005499999999999	0.9975121165336704	0.99853172005994	atman	0.103	
PR2-PR1	ATXN2L	0.0004777777777778	0.9983291989073866	0.9990092596695852	atman	0.103	
PR2-PR1	CXCL8	0.0001333333333333	0.9996369119338652	0.9996369119338652	atman	0.103	
PR2-PR1	GORASP2	6.99999999999e-05	0.9995660823484234	0.9996369119338652	atman	0.103	
PT1-PR1	CALCA	0.7087111111111111	3.25103483e-07	0.000955154033122	atman	0.103	
PT1-PR1	FGFBP3	0.43273	7.833723381e-07	0.0011507739646821	atman	0.103	
PT1-PR1	ANGPTL4	0.5679399999999999	6.3099933023e-06	0.0056403393363249	atman	0.103	
PT1-PR1	CRIM1	0.36297	7.6791549847e-06	0.0056403393363249	atman	0.103	
PT1-PR1	MYOC	-0.79078	1.38868350656e-05	0.0068221415408626	atman	0.103	
PT1-PR1	OBP2B	0.7474222222222223	1.39322155361e-05	0.0068221415408626	atman	0.103	
PT1-PR1	TIMP4	0.4735699999999999	2.09680295824e-05	0.0088005815590139	atman	0.103	
PT1-PR1	CXCL17	0.4407	2.42601565501e-05	0.0089095424930258	atman	0.103	
PT1-PR1	PRL	2.0359499999999997	2.74552628993e-05	0.0089626180442637	atman	0.103	
PT1-PR1	MMP3	-0.40985	3.65809925675e-05	0.0107474956163422	atman	0.103	
PT1-PR1	PRND	0.1714	4.61650619074e-05	0.0123302683531032	atman	0.103	
PT1-PR1	CCL13	0.47925	9.34946126618e-05	0.0215862438631924	atman	0.103	
PT1-PR1	ESM1	0.26952	9.55143533769e-05	0.0215862438631924	atman	0.103	
PT1-PR1	MZT1	0.49092	0.0001173736221853	0.0229895801320342	atman	0.103	
PT1-PR1	MATN2	0.32145	0.000110418827923	0.0229895801320342	atman	0.103	
PT1-PR1	RBM17	0.64093	0.0001300000143871	0.0238712526418352	atman	0.103	
PT1-PR1	CST6	0.27103	0.0001651060191296	0.0285342049531156	atman	0.103	
PT1-PR1	EDN1	0.7370222222222221	0.0001910685846511	0.0310738527794384	atman	0.103	
PT1-PR1	HS6ST1	0.5679399999999999	0.0002009541194041	0.0310738527794384	atman	0.103	
PT1-PR1	CELSR2	0.1956624999999999	0.0002381713468275	0.0349873708489709	atman	0.103	
PT1-PR1	ITGB5	0.4542	0.0003464577430336	0.035099753414927	atman	0.103	
PT1-PR1	TNC	0.37021	0.0003367657876649	0.035099753414927	atman	0.103	
PT1-PR1	SMOC1	0.3354199999999999	0.000281027006324	0.035099753414927	atman	0.103	
PT1-PR1	KLK10	0.32477	0.0003017588492111	0.035099753414927	atman	0.103	
PT1-PR1	LAMA4	0.29139	0.0002922213866525	0.035099753414927	atman	0.103	
PT1-PR1	PTPRH	0.28773	0.0003399783569022	0.035099753414927	atman	0.103	
PT1-PR1	FRZB	0.2558555555555555	0.0002909850894539	0.035099753414927	atman	0.103	
PT1-PR1	GDF15	0.24853	0.0002898397469102	0.035099753414927	atman	0.103	
PT1-PR1	CTRB1	-0.1770399999999999	0.0003253301114671	0.035099753414927	atman	0.103	
PT1-PR1	SUMF2	0.5166700000000001	0.0003972397484284	0.037648076802668	atman	0.103	
PT1-PR1	CXCL13	0.38083	0.0003968951955395	0.037648076802668	atman	0.103	
PT1-PR1	FST	0.44652	0.0004370110923541	0.0401230809167669	atman	0.103	
PT1-PR1	SPOCK1	0.3218	0.0005882124521314	0.0487169200697867	atman	0.103	
PT1-PR1	FLT3LG	-0.25764	0.0005659505050523	0.0487169200697867	atman	0.103	
PT1-PR1	AGER	0.21736	0.0005806343943111	0.0487169200697867	atman	0.103	
PT1-PR1	SCGB3A2	0.1562699999999999	0.0005969397966345	0.0487169200697867	atman	0.103	
PT1-PR1	AREG	0.1945899999999999	0.0006507907473523	0.0516763031275964	atman	0.103	
PT1-PR1	CD8A	0.25347	0.0006956110493034	0.0535158991647083	atman	0.103	
PT1-PR1	SPP1	0.22632	0.0007103880420094	0.0535158991647083	atman	0.103	
PT1-PR1	STXBP1	0.7979499999999999	0.0007514299528399	0.0551925300360938	atman	0.103	
PT1-PR1	SLC9A3R2	-0.47824	0.0009563095661027	0.0685277440295063	atman	0.103	
PT1-PR1	TNFSF11	-0.6617375	0.0010349885700269	0.0691090095167981	atman	0.103	
PT1-PR1	PLAT	0.45516	0.0009935344777824	0.0691090095167981	atman	0.103	
PT1-PR1	TNFSF13	0.16219	0.0010227169252134	0.0691090095167981	atman	0.103	
PT1-PR1	HEPACAM2	0.2055499999999999	0.0010929915673063	0.0713602049943572	atman	0.103	
PT1-PR1	MB	-0.39685	0.0011793276621814	0.0753231450323703	atman	0.103	
PT1-PR1	CALCB	0.42955	0.0012104541241491	0.0756662599308527	atman	0.103	
PT1-PR1	AHNAK2	-0.3166666666666666	0.0013422502374418	0.0812516746221067	atman	0.103	
PT1-PR1	SPINK5	-0.15252	0.0013551164249432	0.0812516746221067	atman	0.103	
PT1-PR1	NDUFB7	0.6769300000000001	0.0015546994536752	0.0895628822529	atman	0.103	
PT1-PR1	SPON1	0.2869699999999999	0.001543995915503	0.0895628822529	atman	0.103	
PT1-PR1	KAZALD1	0.1721	0.0015931610144424	0.0900135973159956	atman	0.103	
PT1-PR1	PTN	0.45199	0.0016461538630998	0.0912528311280635	atman	0.103	
PT1-PR1	AGRN	0.33364	0.0017007193450684	0.0922304769539108	atman	0.103	
PT1-PR1	TPP1	0.26891	0.0017265746196273	0.0922304769539108	atman	0.103	
PT1-PR1	GDF2	0.26639	0.0017630386094558	0.0924965613318068	atman	0.103	
PT1-PR1	CLEC1B	1.0501900000000002	0.0018501932458674	0.0937218578682505	atman	0.103	
PT1-PR1	DNM1	0.93002	0.0018436008208215	0.0937218578682505	atman	0.103	
PT1-PR1	ADAM9	0.41963	0.0019485445829392	0.0938495735192707	atman	0.103	
PT1-PR1	ADGRG1	0.37724	0.0019312101027666	0.0938495735192707	atman	0.103	
PT1-PR1	NCR3LG1	0.27297	0.0019394123600875	0.0938495735192707	atman	0.103	
PT1-PR1	RGS10	0.4982699999999999	0.0019841933191282	0.0940251608322385	atman	0.103	
PT1-PR1	ASGR1	0.2447888888888889	0.0022082269037491	0.1013714163002326	atman	0.103	
PT1-PR1	BSG	-0.0596299999999999	0.0021882745334469	0.1013714163002326	atman	0.103	
PT1-PR1	SOST	0.45418	0.0022456002402277	0.1015011308582963	atman	0.103	
PT1-PR1	CTF1	0.59035	0.00242748690781	0.1021856611147825	atman	0.103	
PT1-PR1	ALPI	-0.4241499999999999	0.0023185020983753	0.1021856611147825	atman	0.103	
PT1-PR1	MDK	0.3617999999999999	0.0024694288424607	0.1021856611147825	atman	0.103	
PT1-PR1	IGSF9	0.29958	0.0024626796509574	0.1021856611147825	atman	0.103	
PT1-PR1	THBS4	-0.2261899999999999	0.002341829356883	0.1021856611147825	atman	0.103	
PT1-PR1	TNFSF12	0.22409	0.0024149905710373	0.1021856611147825	atman	0.103	
PT1-PR1	WIF1	0.2783	0.002523755118051	0.1029832296782489	atman	0.103	
PT1-PR1	GZMA	0.19648	0.0026094468389676	0.1050212988066721	atman	0.103	
PT1-PR1	UNC79	0.57047	0.0027550192371215	0.1093817097116622	atman	0.103	
PT1-PR1	FCRL1	0.22326	0.0029513869651758	0.1156156653824877	atman	0.103	
PT1-PR1	PPP1R12A	0.92762	0.0031717581686878	0.1226134934158546	atman	0.103	
PT1-PR1	SNAP23	1.1754	0.0034922264658554	0.126713392787382	atman	0.103	
PT1-PR1	DOK2	1.1440899999999998	0.003579718039943	0.126713392787382	atman	0.103	
PT1-PR1	CA3	-0.41229	0.0035401467701485	0.126713392787382	atman	0.103	
PT1-PR1	INSL3	0.32675	0.0034149877828908	0.126713392787382	atman	0.103	
PT1-PR1	CTSO	0.22244	0.0033816742547423	0.126713392787382	atman	0.103	
PT1-PR1	PRSS8	0.16772	0.0035776234578992	0.126713392787382	atman	0.103	
PT1-PR1	CD79B	0.15672	0.0033796093642983	0.126713392787382	atman	0.103	
PT1-PR1	PRKD2	0.50862	0.0037668728762065	0.1317508632177969	atman	0.103	
PT1-PR1	DIABLO	1.15157	0.0039375796340785	0.1324557241474963	atman	0.103	
PT1-PR1	CA13	1.04545	0.0041979858237102	0.1324557241474963	atman	0.103	
PT1-PR1	AK2	1.01263	0.0052297018383626	0.1324557241474963	atman	0.103	
PT1-PR1	WASF1	0.99367	0.0051861974577702	0.1324557241474963	atman	0.103	
PT1-PR1	SNAP29	0.98561	0.0051053170617652	0.1324557241474963	atman	0.103	
PT1-PR1	GRAP2	0.93939	0.0040499783070906	0.1324557241474963	atman	0.103	
PT1-PR1	CXCL5	0.90416	0.0047086789129904	0.1324557241474963	atman	0.103	
PT1-PR1	CNST	0.8293100000000001	0.0047423906700945	0.1324557241474963	atman	0.103	
PT1-PR1	PPIB	0.8086800000000001	0.0039015053099458	0.1324557241474963	atman	0.103	
PT1-PR1	STK4	0.69458	0.0042957004298493	0.1324557241474963	atman	0.103	
PT1-PR1	PLEKHO1	0.6450199999999999	0.0050154843020642	0.1324557241474963	atman	0.103	
PT1-PR1	LDLRAP1	0.60456	0.0051966368185003	0.1324557241474963	atman	0.103	
PT1-PR1	CNPY4	0.53396	0.0042888305552624	0.1324557241474963	atman	0.103	
PT1-PR1	SF3B4	0.53276	0.0041807233410835	0.1324557241474963	atman	0.103	
PT1-PR1	ECI2	0.5312800000000001	0.0048792584894725	0.1324557241474963	atman	0.103	
PT1-PR1	RICTOR	0.5269375000000001	0.0051615832011147	0.1324557241474963	atman	0.103	
PT1-PR1	COX5B	0.5071599999999999	0.00499660008898	0.1324557241474963	atman	0.103	
PT1-PR1	GSTT2B	0.49481	0.0051223160130573	0.1324557241474963	atman	0.103	
PT1-PR1	NUCB2	0.36043	0.0051639750226808	0.1324557241474963	atman	0.103	
PT1-PR1	KLK7	0.2774749999999999	0.0044696495179876	0.1324557241474963	atman	0.103	
PT1-PR1	TNN	0.24564	0.0051552179852762	0.1324557241474963	atman	0.103	
PT1-PR1	EPGN	0.24476	0.004521439200851	0.1324557241474963	atman	0.103	
PT1-PR1	PCDH17	0.2405499999999999	0.0049243160325815	0.1324557241474963	atman	0.103	
PT1-PR1	VCAN	0.2346299999999999	0.0044513035259465	0.1324557241474963	atman	0.103	
PT1-PR1	P4HB	0.2245799999999999	0.0048655736193523	0.1324557241474963	atman	0.103	
PT1-PR1	IL1RN	0.21699	0.0047232022710808	0.1324557241474963	atman	0.103	
PT1-PR1	TNFRSF11B	0.21423	0.0044740233400299	0.1324557241474963	atman	0.103	
PT1-PR1	FSTL3	0.1971099999999999	0.004821627945966	0.1324557241474963	atman	0.103	
PT1-PR1	TFPI2	0.1731999999999999	0.0048629028946562	0.1324557241474963	atman	0.103	
PT1-PR1	LRRC37A2	0.1712499999999999	0.0048807475343308	0.1324557241474963	atman	0.103	
PT1-PR1	GNLY	0.15179	0.0048468499041327	0.1324557241474963	atman	0.103	
PT1-PR1	SPINK2	0.1294	0.0038652595967829	0.1324557241474963	atman	0.103	
PT1-PR1	RSPO1	0.3665333333333334	0.0053957872017926	0.1343459559226007	atman	0.103	
PT1-PR1	MATN3	0.1928222222222222	0.0053560393571536	0.1343459559226007	atman	0.103	
PT1-PR1	SRC	1.39607	0.0055201239236879	0.1362867570402957	atman	0.103	
PT1-PR1	CD69	0.8801800000000002	0.0057103979174637	0.1398095756792375	atman	0.103	
PT1-PR1	ENTPD2	0.2209699999999999	0.005913398082086	0.1435831699600721	atman	0.103	
PT1-PR1	TIMP3	1.06767	0.0061925780033362	0.1470856944478668	atman	0.103	
PT1-PR1	MCEMP1	0.8868499999999998	0.0063580269553706	0.1470856944478668	atman	0.103	
PT1-PR1	SLC39A5	0.52445	0.006197576574197	0.1470856944478668	atman	0.103	
PT1-PR1	CD40	0.46768	0.0062401232552307	0.1470856944478668	atman	0.103	
PT1-PR1	LY6D	0.20232	0.0062849312552959	0.1470856944478668	atman	0.103	
PT1-PR1	IGFBP7	0.19314	0.0063220207685328	0.1470856944478668	atman	0.103	
PT1-PR1	PLXNA4	1.0764375000000002	0.0066113130293785	0.1517502943774548	atman	0.103	
PT1-PR1	REN	0.3389099999999999	0.0067254627939148	0.1519954591424753	atman	0.103	
PT1-PR1	SCARF1	0.31882	0.0066811452007509	0.1519954591424753	atman	0.103	
PT1-PR1	CRELD2	0.33329	0.0068309468205387	0.1532009294560523	atman	0.103	
PT1-PR1	CIRBP	1.0091499999999998	0.0070532924633526	0.1533386924208596	atman	0.103	
PT1-PR1	SARG	0.97935	0.0071912385788774	0.1533386924208596	atman	0.103	
PT1-PR1	SFRP1	0.8644888888888889	0.0070978396451519	0.1533386924208596	atman	0.103	
PT1-PR1	ZBTB16	0.51617	0.00722257999368	0.1533386924208596	atman	0.103	
PT1-PR1	VSIR	0.44974	0.0069759387446324	0.1533386924208596	atman	0.103	
PT1-PR1	SIAE	0.38485	0.0071422895250248	0.1533386924208596	atman	0.103	
PT1-PR1	AHNAK	-0.2917555555555555	0.0072546215951325	0.1533386924208596	atman	0.103	
PT1-PR1	CDAN1	0.24584	0.0069515308918164	0.1533386924208596	atman	0.103	
PT1-PR1	FNTA	0.34936	0.0073366448486198	0.1539647326088936	atman	0.103	
PT1-PR1	FLT1	0.22141	0.0075523469359195	0.1573673425371038	atman	0.103	
PT1-PR1	GH1	3.4831900000000005	0.0083212222676627	0.1580847658673264	atman	0.103	
PT1-PR1	PDLIM7	1.34055	0.0085545368010977	0.1580847658673264	atman	0.103	
PT1-PR1	CLIP2	1.19785	0.0081671016575219	0.1580847658673264	atman	0.103	
PT1-PR1	PHACTR2	1.16146	0.0085720428871538	0.1580847658673264	atman	0.103	
PT1-PR1	ERBIN	1.0265400000000002	0.0086091091010116	0.1580847658673264	atman	0.103	
PT1-PR1	HSPB1	0.88763	0.0083306553366324	0.1580847658673264	atman	0.103	
PT1-PR1	ESYT2	0.88202	0.0084621103148583	0.1580847658673264	atman	0.103	
PT1-PR1	FYB1	0.71293	0.007890553235303	0.1580847658673264	atman	0.103	
PT1-PR1	SUSD1	0.5584399999999999	0.008223927559589	0.1580847658673264	atman	0.103	
PT1-PR1	IL6	0.5085	0.0085998968330802	0.1580847658673264	atman	0.103	
PT1-PR1	FABP1	0.4770600000000001	0.0082661725992312	0.1580847658673264	atman	0.103	
PT1-PR1	DAG1	0.4388599999999999	0.0082418512182849	0.1580847658673264	atman	0.103	
PT1-PR1	GZMH	0.3716	0.0079503448823485	0.1580847658673264	atman	0.103	
PT1-PR1	CD4	0.3289875	0.0080454775365692	0.1580847658673264	atman	0.103	
PT1-PR1	TNFRSF14	0.19657	0.0084844578445064	0.1580847658673264	atman	0.103	
PT1-PR1	TFF2	0.18616	0.0081686110477976	0.1580847658673264	atman	0.103	
PT1-PR1	SERPINB8	-0.17297	0.0082162638280558	0.1580847658673264	atman	0.103	
PT1-PR1	THBD	0.12742	0.0077875586266482	0.1580847658673264	atman	0.103	
PT1-PR1	KDR	0.1251799999999999	0.0084015486689348	0.1580847658673264	atman	0.103	
PT1-PR1	DOK1	1.43348	0.0092280020640014	0.1605821816285616	atman	0.103	
PT1-PR1	GIPC3	1.0768400000000002	0.0092904768489712	0.1605821816285616	atman	0.103	
PT1-PR1	LAT2	1.07673	0.0092613441515356	0.1605821816285616	atman	0.103	
PT1-PR1	ATP5IF1	0.97469	0.0099490906781807	0.1605821816285616	atman	0.103	
PT1-PR1	BANK1	0.9280125	0.0099482638027517	0.1605821816285616	atman	0.103	
PT1-PR1	CXCL3	0.8455499999999999	0.0100022257447334	0.1605821816285616	atman	0.103	
PT1-PR1	WASHC3	0.7656499999999999	0.0096461107316512	0.1605821816285616	atman	0.103	
PT1-PR1	AZI2	0.73792	0.0098749606766821	0.1605821816285616	atman	0.103	
PT1-PR1	CMC1	0.6112	0.0095385984306697	0.1605821816285616	atman	0.103	
PT1-PR1	SYTL4	0.55135	0.0097935771107904	0.1605821816285616	atman	0.103	
PT1-PR1	OTUD7B	0.5201399999999999	0.0094826203447679	0.1605821816285616	atman	0.103	
PT1-PR1	CETN3	0.50093	0.0092043981711089	0.1605821816285616	atman	0.103	
PT1-PR1	LGALS8	0.4790299999999999	0.0092134110673691	0.1605821816285616	atman	0.103	
PT1-PR1	CCL17	0.4518799999999999	0.0090248809060216	0.1605821816285616	atman	0.103	
PT1-PR1	IMMT	0.36522	0.0093707553097504	0.1605821816285616	atman	0.103	
PT1-PR1	PLXNB3	0.3434199999999999	0.0097731811514258	0.1605821816285616	atman	0.103	
PT1-PR1	PROK1	0.3011249999999999	0.0092450573505402	0.1605821816285616	atman	0.103	
PT1-PR1	CDHR5	0.28309	0.0093080686244866	0.1605821816285616	atman	0.103	
PT1-PR1	CTSL	0.19923	0.0095435258264049	0.1605821816285616	atman	0.103	
PT1-PR1	KLRF1	0.1853749999999999	0.0091288255327404	0.1605821816285616	atman	0.103	
PT1-PR1	SMPDL3A	0.1314499999999999	0.0098305011461707	0.1605821816285616	atman	0.103	
PT1-PR1	COLEC12	0.1301399999999999	0.0094592115698317	0.1605821816285616	atman	0.103	
PT1-PR1	FCER2	0.12994	0.0096248882434339	0.1605821816285616	atman	0.103	
PT1-PR1	VAV3	1.2892625	0.0105845029600231	0.1607836095052691	atman	0.103	
PT1-PR1	SKAP2	1.0774400000000002	0.0106861021957973	0.1607836095052691	atman	0.103	
PT1-PR1	KIFBP	0.8562799999999999	0.0111092827534273	0.1607836095052691	atman	0.103	
PT1-PR1	MPIG6B	0.8502600000000001	0.0109404822946344	0.1607836095052691	atman	0.103	
PT1-PR1	IL36A	0.8016625	0.0110632314035956	0.1607836095052691	atman	0.103	
PT1-PR1	IRAK1	0.7180300000000001	0.0106073455470785	0.1607836095052691	atman	0.103	
PT1-PR1	MESD	0.7159800000000001	0.0104473789341617	0.1607836095052691	atman	0.103	
PT1-PR1	CTSH	0.6227499999999998	0.0110697310067546	0.1607836095052691	atman	0.103	
PT1-PR1	FKBP14	0.6048799999999999	0.0105374142217402	0.1607836095052691	atman	0.103	
PT1-PR1	ANXA3	0.5950300000000001	0.0104901658142844	0.1607836095052691	atman	0.103	
PT1-PR1	MSRA	0.50078	0.0101721110848005	0.1607836095052691	atman	0.103	
PT1-PR1	SDC1	0.41807	0.0104344947780652	0.1607836095052691	atman	0.103	
PT1-PR1	DKK1	0.3985599999999999	0.0101229241433407	0.1607836095052691	atman	0.103	
PT1-PR1	KLK15	0.36362	0.0103604203268206	0.1607836095052691	atman	0.103	
PT1-PR1	GSAP	0.2878799999999999	0.0108031277747457	0.1607836095052691	atman	0.103	
PT1-PR1	GCNT1	-0.25199	0.0106524004540053	0.1607836095052691	atman	0.103	
PT1-PR1	LGMN	0.22047	0.011044310808848	0.1607836095052691	atman	0.103	
PT1-PR1	ST3GAL1	0.18684	0.0110332040602563	0.1607836095052691	atman	0.103	
PT1-PR1	LDLR	0.1813499999999999	0.011078501291766	0.1607836095052691	atman	0.103	
PT1-PR1	KLK13	0.1787799999999999	0.0103051422449014	0.1607836095052691	atman	0.103	
PT1-PR1	CCL4	0.19371	0.0111763140527958	0.1609608367015401	atman	0.103	
PT1-PR1	COL1A1	0.1139399999999999	0.0112808424358101	0.1616737320800502	atman	0.103	
PT1-PR1	PDLIM5	1.0693899999999998	0.0115853181787044	0.162295532324001	atman	0.103	
PT1-PR1	METAP1D	0.7146625	0.0116167577791745	0.162295532324001	atman	0.103	
PT1-PR1	DLG4	0.6954100000000001	0.0116962476702051	0.162295532324001	atman	0.103	
PT1-PR1	PFDN6	-0.6874666666666667	0.0115876535467549	0.162295532324001	atman	0.103	
PT1-PR1	CDKN1A	0.68458	0.0114307183523425	0.162295532324001	atman	0.103	
PT1-PR1	AXIN1	0.64095	0.0117463227611656	0.162295532324001	atman	0.103	
PT1-PR1	SMAD5	0.2330699999999999	0.011775802709667	0.162295532324001	atman	0.103	
PT1-PR1	ACAN	0.23047	0.01182139003313	0.162295532324001	atman	0.103	
PT1-PR1	TMPRSS11D	0.1757299999999999	0.0116102768230326	0.162295532324001	atman	0.103	
PT1-PR1	ASRGL1	0.9680444444444444	0.0118783800975614	0.1623194452401657	atman	0.103	
PT1-PR1	PSCA	0.30195	0.011990320965189	0.1630905694246546	atman	0.103	
PT1-PR1	GPNMB	0.27493	0.0123542234169953	0.1672659373231901	atman	0.103	
PT1-PR1	CDKN2D	1.01731	0.0125337784190024	0.1673829136137696	atman	0.103	
PT1-PR1	ANGPTL7	-0.1772699999999999	0.0124882949109306	0.1673829136137696	atman	0.103	
PT1-PR1	MAP2	0.1473799999999999	0.0124333772515421	0.1673829136137696	atman	0.103	
PT1-PR1	SMTN	1.11943	0.0128412254145509	0.1707127613934414	atman	0.103	
PT1-PR1	VPS4B	0.7347100000000001	0.0130074090575929	0.1714674690087932	atman	0.103	
PT1-PR1	PLSCR3	0.5799000000000001	0.0130147193971956	0.1714674690087932	atman	0.103	
PT1-PR1	ARF6	1.0690000000000002	0.0131899808026603	0.1730007303491786	atman	0.103	
PT1-PR1	ANXA4	0.40361	0.0133553696070345	0.1743914484687443	atman	0.103	
PT1-PR1	UNG	0.5962500000000001	0.0134705420943885	0.1746771036635344	atman	0.103	
PT1-PR1	ALDH1A1	-0.3961099999999999	0.013496154707836	0.1746771036635344	atman	0.103	
PT1-PR1	MGLL	0.8390099999999998	0.0137595278816418	0.1768637472479861	atman	0.103	
PT1-PR1	LTO1	-0.5115800000000001	0.0138290316077296	0.1768637472479861	atman	0.103	
PT1-PR1	DRG2	0.29409	0.0138456983890526	0.1768637472479861	atman	0.103	
PT1-PR1	DYNLT3	0.4186899999999999	0.0140040096929516	0.1779510277249217	atman	0.103	
PT1-PR1	MZB1	0.1885599999999999	0.0140519531763723	0.1779510277249217	atman	0.103	
PT1-PR1	SFTPD	0.20964	0.0141149118941814	0.1779811637128975	atman	0.103	
PT1-PR1	YES1	0.97803	0.0143473902657507	0.18013945555887	atman	0.103	
PT1-PR1	TBC1D23	0.89968	0.0145154666348319	0.1807052583607468	atman	0.103	
PT1-PR1	EFCAB14	0.16997	0.0144761701469693	0.1807052583607468	atman	0.103	
PT1-PR1	TRIM25	1.04641	0.015330408734296	0.1817075709625725	atman	0.103	
PT1-PR1	IRAG2	1.02428	0.0150870389876947	0.1817075709625725	atman	0.103	
PT1-PR1	TACC3	0.9592500000000002	0.0151389866692885	0.1817075709625725	atman	0.103	
PT1-PR1	STX6	0.7102100000000002	0.015119051443692	0.1817075709625725	atman	0.103	
PT1-PR1	HHEX	0.65339	0.0152382732296671	0.1817075709625725	atman	0.103	
PT1-PR1	RAB2B	0.59595	0.014998974861027	0.1817075709625725	atman	0.103	
PT1-PR1	TSC1	0.5206375	0.0151515015748695	0.1817075709625725	atman	0.103	
PT1-PR1	RNF43	0.4155999999999999	0.0152605420912523	0.1817075709625725	atman	0.103	
PT1-PR1	CEACAM6	0.40166	0.0149996891011736	0.1817075709625725	atman	0.103	
PT1-PR1	GIP	-0.3733333333333333	0.0153381475829537	0.1817075709625725	atman	0.103	
PT1-PR1	ISM2	0.21495	0.0153180164863742	0.1817075709625725	atman	0.103	
PT1-PR1	CCL15	-0.1912499999999999	0.0150179604686118	0.1817075709625725	atman	0.103	
PT1-PR1	HPSE	0.9804399999999998	0.0160444247719051	0.1860244144517902	atman	0.103	
PT1-PR1	ITGB1BP2	0.74264	0.016024278001709	0.1860244144517902	atman	0.103	
PT1-PR1	IGHMBP2	0.6418100000000001	0.0159196635100895	0.1860244144517902	atman	0.103	
PT1-PR1	PTPRN2	-0.3843444444444445	0.0159695235899295	0.1860244144517902	atman	0.103	
PT1-PR1	SORT1	0.24534	0.0161001709241623	0.1860244144517902	atman	0.103	
PT1-PR1	CTSF	-0.2322099999999999	0.0161457541474494	0.1860244144517902	atman	0.103	
PT1-PR1	FGFR4	0.20145	0.0161158053811609	0.1860244144517902	atman	0.103	
PT1-PR1	STX4	0.74455	0.0163221639185742	0.1873223343467619	atman	0.103	
PT1-PR1	MGMT	1.3209875	0.0169607852660411	0.1879239673091708	atman	0.103	
PT1-PR1	SULT1A1	1.14083	0.0170939326621164	0.1879239673091708	atman	0.103	
PT1-PR1	GMFG	0.9192700000000004	0.0166077219752298	0.1879239673091708	atman	0.103	
PT1-PR1	TBC1D5	0.8660625	0.0164881575688478	0.1879239673091708	atman	0.103	
PT1-PR1	BIN2	0.8168399999999998	0.0169341226658095	0.1879239673091708	atman	0.103	
PT1-PR1	AP1G2	0.6889000000000001	0.0169353486556822	0.1879239673091708	atman	0.103	
PT1-PR1	OPHN1	0.63809	0.0167917950177369	0.1879239673091708	atman	0.103	
PT1-PR1	INPPL1	0.62438	0.0171312903940596	0.1879239673091708	atman	0.103	
PT1-PR1	LYN	0.5224499999999999	0.0171696839662578	0.1879239673091708	atman	0.103	
PT1-PR1	PPP1CC	0.4175199999999999	0.0167491885300079	0.1879239673091708	atman	0.103	
PT1-PR1	TINAGL1	0.23137	0.0168589389730653	0.1879239673091708	atman	0.103	
PT1-PR1	BMP6	0.15423	0.0165123655871575	0.1879239673091708	atman	0.103	
PT1-PR1	IL10RB	0.13165	0.0172061086474359	0.1879239673091708	atman	0.103	
PT1-PR1	DNAJB14	0.6103600000000001	0.0174679909979562	0.1900776205629462	atman	0.103	
PT1-PR1	TWF2	0.65131	0.0175987193974156	0.190092049961791	atman	0.103	
PT1-PR1	CD101	0.0868799999999999	0.0175616029891982	0.190092049961791	atman	0.103	
PT1-PR1	PMM2	0.7713	0.0178912802884432	0.1912539910850555	atman	0.103	
PT1-PR1	ACADSB	0.58951	0.0179015818748775	0.1912539910850555	atman	0.103	
PT1-PR1	TNF	0.2291899999999999	0.0178924489923237	0.1912539910850555	atman	0.103	
PT1-PR1	ZNF174	0.5199374999999999	0.017982351438764	0.1913244378412772	atman	0.103	
PT1-PR1	CHAD	0.1242	0.0180384170463014	0.1913244378412772	atman	0.103	
PT1-PR1	F2R	0.44348	0.0181561794507902	0.1918807741957621	atman	0.103	
PT1-PR1	SDCCAG8	0.8289100000000001	0.0183625847279191	0.1933665732280522	atman	0.103	
PT1-PR1	GFER	0.44726	0.0184645427672234	0.1937458094646515	atman	0.103	
PT1-PR1	TDRKH	0.6339666666666667	0.0187922250254308	0.1946595803972093	atman	0.103	
PT1-PR1	GP6	0.5575	0.0186857910393793	0.1946595803972093	atman	0.103	
PT1-PR1	FADD	0.49677	0.0188166510663061	0.1946595803972093	atman	0.103	
PT1-PR1	CHGB	-0.28943	0.0187431559543276	0.1946595803972093	atman	0.103	
PT1-PR1	EDEM2	0.47287	0.0189365643289838	0.1952127228019455	atman	0.103	
PT1-PR1	EGF	0.77071	0.0190379619280349	0.1955717907152683	atman	0.103	
PT1-PR1	DBNL	1.10858	0.0192555263662119	0.1955734599454307	atman	0.103	
PT1-PR1	CDC42BPB	0.8727599999999999	0.0193993054066818	0.1955734599454307	atman	0.103	
PT1-PR1	DAB2	0.7625	0.0191967720725128	0.1955734599454307	atman	0.103	
PT1-PR1	BCL2L15	0.6425124999999998	0.019379171971684	0.1955734599454307	atman	0.103	
PT1-PR1	SCIN	0.6403749999999999	0.0195040924996634	0.1955734599454307	atman	0.103	
PT1-PR1	PLA2G2A	0.18871	0.0191414143285597	0.1955734599454307	atman	0.103	
PT1-PR1	CD244	0.1347999999999999	0.019468412500522	0.1955734599454307	atman	0.103	
PT1-PR1	STX8	0.8412000000000001	0.0198150180645446	0.1969277351035456	atman	0.103	
PT1-PR1	FLI1	0.476	0.0198402347143122	0.1969277351035456	atman	0.103	
PT1-PR1	PLA2G4A	0.46618	0.0197455935751196	0.1969277351035456	atman	0.103	
PT1-PR1	TJAP1	0.7586299999999999	0.0202589891748707	0.1994656181256507	atman	0.103	
PT1-PR1	EPN1	0.6069374999999999	0.0202995983048228	0.1994656181256507	atman	0.103	
PT1-PR1	PTX3	0.2298499999999999	0.0202088049291289	0.1994656181256507	atman	0.103	
PT1-PR1	LAT	0.8151099999999998	0.0205089160501479	0.2008506511844487	atman	0.103	
PT1-PR1	EP300	0.38925	0.020635169304608	0.2014157057041146	atman	0.103	
PT1-PR1	CORO1A	0.85351	0.0208414074850573	0.2020859907296981	atman	0.103	
PT1-PR1	CXCL11	0.23473	0.0208103248986097	0.2020859907296981	atman	0.103	
PT1-PR1	CDH2	0.30648	0.0210033825275171	0.2023211077568696	atman	0.103	
PT1-PR1	CAPG	-0.18003	0.0209394193386736	0.2023211077568696	atman	0.103	
PT1-PR1	MANF	1.31913	0.0213910500400995	0.2024061039996268	atman	0.103	
PT1-PR1	RAB27B	1.10704	0.0219767008767464	0.2024061039996268	atman	0.103	
PT1-PR1	PTPN6	0.8625299999999999	0.021900180943732	0.2024061039996268	atman	0.103	
PT1-PR1	TRDMT1	0.4967999999999999	0.0212575171659037	0.2024061039996268	atman	0.103	
PT1-PR1	IL2RG	0.4159	0.0218966738433161	0.2024061039996268	atman	0.103	
PT1-PR1	CSH1	-0.36799	0.0219230583774643	0.2024061039996268	atman	0.103	
PT1-PR1	CRIP2	-0.2436888888888889	0.0217106433730887	0.2024061039996268	atman	0.103	
PT1-PR1	PALM2	0.21902	0.0214086837409599	0.2024061039996268	atman	0.103	
PT1-PR1	SPON2	0.21269	0.0215955214053058	0.2024061039996268	atman	0.103	
PT1-PR1	HNMT	-0.1931888888888888	0.021318917653081	0.2024061039996268	atman	0.103	
PT1-PR1	NRP2	0.1914499999999999	0.0216442748602798	0.2024061039996268	atman	0.103	
PT1-PR1	NELL1	0.17079	0.0211664975348473	0.2024061039996268	atman	0.103	
PT1-PR1	SIRPB1	0.13204	0.021477617660381	0.2024061039996268	atman	0.103	
PT1-PR1	MEP1B	0.0598799999999999	0.021912651117	0.2024061039996268	atman	0.103	
PT1-PR1	MAP2K6	1.2332749999999997	0.0226788924473404	0.2025245775388639	atman	0.103	
PT1-PR1	MAP3K5	1.0617899999999998	0.0226290756865368	0.2025245775388639	atman	0.103	
PT1-PR1	MINK1	0.98063	0.0226187675974396	0.2025245775388639	atman	0.103	
PT1-PR1	NT5C3A	0.9801	0.0222201124862095	0.2025245775388639	atman	0.103	
PT1-PR1	CAMSAP1	0.91874	0.0221087425930879	0.2025245775388639	atman	0.103	
PT1-PR1	DNAJA2	0.78891	0.0223291287648692	0.2025245775388639	atman	0.103	
PT1-PR1	FMR1	0.35629	0.0226374526034509	0.2025245775388639	atman	0.103	
PT1-PR1	ICAM1	0.13765	0.0224423093904133	0.2025245775388639	atman	0.103	
PT1-PR1	COL18A1	0.11349	0.0222767781150305	0.2025245775388639	atman	0.103	
PT1-PR1	SCGB1A1	0.1111899999999999	0.0225644819878256	0.2025245775388639	atman	0.103	
PT1-PR1	MAVS	0.92848	0.0233656583726014	0.2044984311175195	atman	0.103	
PT1-PR1	ENAH	-0.69872	0.0234343233882992	0.2044984311175195	atman	0.103	
PT1-PR1	APOA2	-0.63258	0.0231874713535602	0.2044984311175195	atman	0.103	
PT1-PR1	PCBP2	0.45018	0.0234554350809832	0.2044984311175195	atman	0.103	
PT1-PR1	ART5	0.3795874999999999	0.0232283860712172	0.2044984311175195	atman	0.103	
PT1-PR1	CUZD1	-0.3270444444444444	0.0232980749180464	0.2044984311175195	atman	0.103	
PT1-PR1	NTRK2	0.3127099999999999	0.023127845773964	0.2044984311175195	atman	0.103	
PT1-PR1	CALB1	-0.19038	0.0234567635420708	0.2044984311175195	atman	0.103	
PT1-PR1	ENOPH1	0.24067	0.0236972559485391	0.2059196052756301	atman	0.103	
PT1-PR1	ACY1	0.21714	0.0238300428161042	0.2059196052756301	atman	0.103	
PT1-PR1	PLA2G7	0.08667	0.0238016447520414	0.2059196052756301	atman	0.103	
PT1-PR1	CHL1	0.11343	0.0239117577512117	0.2060197779268628	atman	0.103	
PT1-PR1	MIA	0.1422199999999999	0.0241242029041728	0.2072424214399408	atman	0.103	
PT1-PR1	PMVK	1.0817666666666663	0.0243101654580866	0.2078612842620479	atman	0.103	
PT1-PR1	SCAMP3	0.82168	0.0244084898129361	0.2078612842620479	atman	0.103	
PT1-PR1	PDZD2	0.6350199999999999	0.0243940749388036	0.2078612842620479	atman	0.103	
PT1-PR1	ENDOU	0.27581	0.0248077971828859	0.2106511795471645	atman	0.103	
PT1-PR1	UMOD	0.094	0.0249317777835949	0.2110938418680167	atman	0.103	
PT1-PR1	IL6ST	0.20162	0.0252382125668411	0.2130743348315494	atman	0.103	
PT1-PR1	TEX101	0.4508777777777777	0.0254770480701458	0.2138913377989909	atman	0.103	
PT1-PR1	CSF3R	0.3286874999999999	0.0254805882333719	0.2138913377989909	atman	0.103	
PT1-PR1	CRKL	1.10695	0.0256409218034503	0.2146240121325843	atman	0.103	
PT1-PR1	AP3B1	0.9927300000000002	0.0266323612733252	0.2148275537819098	atman	0.103	
PT1-PR1	EVI5	0.6962875000000001	0.0264653061306912	0.2148275537819098	atman	0.103	
PT1-PR1	ABL1	0.59978	0.0265999283070583	0.2148275537819098	atman	0.103	
PT1-PR1	PKD2	0.5319100000000001	0.0259723306588943	0.2148275537819098	atman	0.103	
PT1-PR1	LELP1	0.5293875	0.0266889234616736	0.2148275537819098	atman	0.103	
PT1-PR1	LACTB2	0.5114	0.0260528946229796	0.2148275537819098	atman	0.103	
PT1-PR1	GP1BB	0.47578	0.0262034583367205	0.2148275537819098	atman	0.103	
PT1-PR1	TMED10	-0.3918399999999999	0.0263945339461495	0.2148275537819098	atman	0.103	
PT1-PR1	TARS1	0.39089	0.0261522953620678	0.2148275537819098	atman	0.103	
PT1-PR1	PSIP1	0.312425	0.0264968495452906	0.2148275537819098	atman	0.103	
PT1-PR1	ISM1	-0.202875	0.0265367523108124	0.2148275537819098	atman	0.103	
PT1-PR1	CDH23	0.14779	0.0264371293768168	0.2148275537819098	atman	0.103	
PT1-PR1	PLAU	0.1222999999999999	0.0262522153925974	0.2148275537819098	atman	0.103	
PT1-PR1	DSG2	0.08373	0.0260017592101848	0.2148275537819098	atman	0.103	
PT1-PR1	AIFM1	0.72529	0.0269639405651587	0.2153770906506402	atman	0.103	
PT1-PR1	HDGFL2	0.4593699999999999	0.0269461840151028	0.2153770906506402	atman	0.103	
PT1-PR1	BAG6	0.36472	0.0271970390168099	0.2153770906506402	atman	0.103	
PT1-PR1	FABP2	0.30865	0.0270250067313422	0.2153770906506402	atman	0.103	
PT1-PR1	VEGFA	0.18487	0.027148044401325	0.2153770906506402	atman	0.103	
PT1-PR1	CD48	0.1031699999999999	0.0271704014486651	0.2153770906506402	atman	0.103	
PT1-PR1	MTIF3	0.62472	0.0277483454338436	0.2170669050523261	atman	0.103	
PT1-PR1	RAB33A	0.5769799999999999	0.0276914824965397	0.2170669050523261	atman	0.103	
PT1-PR1	F11R	0.43974	0.0278537179049445	0.2170669050523261	atman	0.103	
PT1-PR1	OPTC	-0.26212	0.0275464986134008	0.2170669050523261	atman	0.103	
PT1-PR1	ERMAP	0.20375	0.0276074117167728	0.2170669050523261	atman	0.103	
PT1-PR1	GALNT7	-0.09859	0.0277799019378308	0.2170669050523261	atman	0.103	
PT1-PR1	RHOC	1.0311666666666666	0.0288715444022207	0.2180096336292816	atman	0.103	
PT1-PR1	RAB11FIP3	1.02515	0.0285514705321765	0.2180096336292816	atman	0.103	
PT1-PR1	VAMP8	0.908075	0.0289858176734347	0.2180096336292816	atman	0.103	
PT1-PR1	ARHGEF12	0.9027375	0.0291619421430591	0.2180096336292816	atman	0.103	
PT1-PR1	RILPL2	0.87813	0.0286348623167431	0.2180096336292816	atman	0.103	
PT1-PR1	EDAR	0.5702375	0.028076489258588	0.2180096336292816	atman	0.103	
PT1-PR1	VPS53	0.5613300000000001	0.0290365313092586	0.2180096336292816	atman	0.103	
PT1-PR1	HPCAL1	0.54898	0.0282242280038225	0.2180096336292816	atman	0.103	
PT1-PR1	IL31	0.5059125	0.0285822440278251	0.2180096336292816	atman	0.103	
PT1-PR1	ARAF	0.4585999999999999	0.0281916576577283	0.2180096336292816	atman	0.103	
PT1-PR1	TYMP	0.42309	0.0289792397377546	0.2180096336292816	atman	0.103	
PT1-PR1	CD63	0.4229	0.0287925237215653	0.2180096336292816	atman	0.103	
PT1-PR1	HTRA2	0.3921200000000001	0.0289213027240407	0.2180096336292816	atman	0.103	
PT1-PR1	ITGBL1	0.3778	0.0287392533946535	0.2180096336292816	atman	0.103	
PT1-PR1	CRYBB2	0.15319	0.0291100461634865	0.2180096336292816	atman	0.103	
PT1-PR1	FOLR3	0.14941	0.0284946837509001	0.2180096336292816	atman	0.103	
PT1-PR1	GCC1	0.86808	0.0292745944289534	0.2182963411986425	atman	0.103	
PT1-PR1	LEPR	0.2868	0.0294708278883932	0.2192032717369606	atman	0.103	
PT1-PR1	TNIP1	0.79123	0.0296456512125113	0.2196885320696807	atman	0.103	
PT1-PR1	LGALS7_LGALS7B	0.2425399999999999	0.0296856185267744	0.2196885320696807	atman	0.103	
PT1-PR1	ERP44	0.2116	0.0298847315221533	0.220325138021301	atman	0.103	
PT1-PR1	CCL24	0.1781	0.0299216235774333	0.220325138021301	atman	0.103	
PT1-PR1	EIF4G1	1.0022100000000005	0.0304584920728119	0.2219128145992317	atman	0.103	
PT1-PR1	CD40LG	0.63658	0.0304846129772666	0.2219128145992317	atman	0.103	
PT1-PR1	CCL5	0.6197100000000001	0.0303344060699011	0.2219128145992317	atman	0.103	
PT1-PR1	CEACAM19	0.52098	0.0305149003056806	0.2219128145992317	atman	0.103	
PT1-PR1	MORN4	0.40746	0.0304304128421371	0.2219128145992317	atman	0.103	
PT1-PR1	KAZN	0.70486	0.0306192024824059	0.2221215231933544	atman	0.103	
PT1-PR1	CLPP	0.5252333333333332	0.0307443027654803	0.222479708189609	atman	0.103	
PT1-PR1	ERBB3	0.1236699999999999	0.0310627702743122	0.2242319878769764	atman	0.103	
PT1-PR1	EHBP1	0.78413	0.0319021963846033	0.2243492205380759	atman	0.103	
PT1-PR1	PRKAR1A	0.7039799999999998	0.0319008385172805	0.2243492205380759	atman	0.103	
PT1-PR1	TMED8	0.6711099999999999	0.0314163509881797	0.2243492205380759	atman	0.103	
PT1-PR1	RNASEH2A	0.2338299999999999	0.0314885299663907	0.2243492205380759	atman	0.103	
PT1-PR1	VSIG2	0.21776	0.0313307225751484	0.2243492205380759	atman	0.103	
PT1-PR1	CHRDL1	0.16834	0.0317389353862087	0.2243492205380759	atman	0.103	
PT1-PR1	CA12	-0.15656	0.0317695950963865	0.2243492205380759	atman	0.103	
PT1-PR1	SEMA3F	0.15581	0.0319189837252946	0.2243492205380759	atman	0.103	
PT1-PR1	FGFBP1	0.15031	0.0316302895058766	0.2243492205380759	atman	0.103	
PT1-PR1	DNER	0.1404699999999999	0.0314391196317775	0.2243492205380759	atman	0.103	
PT1-PR1	IL12B	0.08787	0.0314510740773856	0.2243492205380759	atman	0.103	
PT1-PR1	MOG	-0.28724	0.032074410159548	0.2249036206414132	atman	0.103	
PT1-PR1	ADAMTS1	0.5588124999999999	0.032230189211617	0.2249223180611183	atman	0.103	
PT1-PR1	ARHGAP30	-0.2784999999999999	0.0321730628505192	0.2249223180611183	atman	0.103	
PT1-PR1	STX7	0.724025	0.0325848336062404	0.2255142924447836	atman	0.103	
PT1-PR1	NCK2	0.37248	0.0326220470691058	0.2255142924447836	atman	0.103	
PT1-PR1	GRSF1	0.2907999999999999	0.0324544758857241	0.2255142924447836	atman	0.103	
PT1-PR1	SPINT2	0.1833999999999999	0.0326131591730973	0.2255142924447836	atman	0.103	
PT1-PR1	NCR1	-0.189225	0.032863032417159	0.2266469231023785	atman	0.103	
PT1-PR1	CLUL1	0.16275	0.0332145596328681	0.2285348388790785	atman	0.103	
PT1-PR1	CABP2	0.8860222222222222	0.0334072524827544	0.2293236163418985	atman	0.103	
PT1-PR1	NPDC1	0.28502	0.0335887013838513	0.2300317125075883	atman	0.103	
PT1-PR1	VTI1A	0.396	0.0339889167104132	0.2319586342349689	atman	0.103	
PT1-PR1	SELP	0.23116	0.0340383063751421	0.2319586342349689	atman	0.103	
PT1-PR1	SFRP4	-0.162625	0.0341069196696754	0.2319586342349689	atman	0.103	
PT1-PR1	SCRIB	0.45596	0.0343375692736549	0.2319707558413246	atman	0.103	
PT1-PR1	AP3S2	0.2876	0.0342976730188557	0.2319707558413246	atman	0.103	
PT1-PR1	VEGFC	0.28522	0.0343559009236253	0.2319707558413246	atman	0.103	
PT1-PR1	NME3	0.1019099999999999	0.0344245233311155	0.2319707558413246	atman	0.103	
PT1-PR1	VPS28	0.49105	0.0348193255061111	0.23355976789259	atman	0.103	
PT1-PR1	NRCAM	0.27889	0.0347837689982695	0.23355976789259	atman	0.103	
PT1-PR1	HARS1	0.67362	0.0353500821276369	0.2336276016637972	atman	0.103	
PT1-PR1	UFD1	0.59431	0.0352683782965548	0.2336276016637972	atman	0.103	
PT1-PR1	SERPINB1	0.5637800000000002	0.0350051371825035	0.2336276016637972	atman	0.103	
PT1-PR1	NUDC	0.5024	0.0354655923560427	0.2336276016637972	atman	0.103	
PT1-PR1	NACC1	0.3019	0.0351600584656688	0.2336276016637972	atman	0.103	
PT1-PR1	MRC1	0.24164	0.0352452123345419	0.2336276016637972	atman	0.103	
PT1-PR1	CCL23	0.17117	0.0351990211592692	0.2336276016637972	atman	0.103	
PT1-PR1	CSF1	0.11328	0.0354095493332251	0.2336276016637972	atman	0.103	
PT1-PR1	ATG16L1	0.56477	0.0355543656917123	0.2336884259558184	atman	0.103	
PT1-PR1	NUDT16	0.54005	0.0356476152888054	0.2337783341931036	atman	0.103	
PT1-PR1	MYDGF	0.74916	0.0357750418671023	0.2340914766270527	atman	0.103	
PT1-PR1	TNFAIP2	0.3354799999999999	0.0360440708258154	0.2353277335249903	atman	0.103	
PT1-PR1	FKBP5	0.8219333333333333	0.036569335354962	0.2382277323123695	atman	0.103	
PT1-PR1	CASP4	0.542225	0.0371323622969719	0.2403130125506639	atman	0.103	
PT1-PR1	DPP6	-0.2881399999999999	0.0371348222253238	0.2403130125506639	atman	0.103	
PT1-PR1	IGSF8	0.1874999999999999	0.0369877309774024	0.2403130125506639	atman	0.103	
PT1-PR1	ACOT13	0.61664	0.0376747402429138	0.2406328037134985	atman	0.103	
PT1-PR1	CRYBB1	0.59975	0.0379213710413035	0.2406328037134985	atman	0.103	
PT1-PR1	SLA2	0.54191	0.0377052678425149	0.2406328037134985	atman	0.103	
PT1-PR1	MAPKAPK2	0.5367375	0.0378482402922326	0.2406328037134985	atman	0.103	
PT1-PR1	ARL13B	0.48468	0.0375421768370096	0.2406328037134985	atman	0.103	
PT1-PR1	CLEC12A	0.263925	0.0373545457129045	0.2406328037134985	atman	0.103	
PT1-PR1	GAL	0.17625	0.0376450271718342	0.2406328037134985	atman	0.103	
PT1-PR1	CELA3A	-0.15525	0.03787824197955	0.2406328037134985	atman	0.103	
PT1-PR1	CES1	0.12682	0.0373524721166216	0.2406328037134985	atman	0.103	
PT1-PR1	TIMM10	0.2713	0.03800707627578	0.2406568752117279	atman	0.103	
PT1-PR1	FKBP1B	0.14781	0.0383023715204431	0.2417561543995084	atman	0.103	
PT1-PR1	DMP1	0.1171666666666667	0.0384275439430124	0.2417561543995084	atman	0.103	
PT1-PR1	CCN3	-0.0999	0.0383905419292271	0.2417561543995084	atman	0.103	
PT1-PR1	IL12A_IL12B	0.21145	0.0387143193059209	0.2430398934205037	atman	0.103	
PT1-PR1	TRIM5	0.5964	0.038861712347505	0.2434450125308523	atman	0.103	
PT1-PR1	FAM172A	0.4297111111111111	0.0392808963299513	0.2445470687011052	atman	0.103	
PT1-PR1	F12	0.2569599999999999	0.0392873439165832	0.2445470687011052	atman	0.103	
PT1-PR1	MMP10	0.13974	0.039231516258825	0.2445470687011052	atman	0.103	
PT1-PR1	LBR	0.49091	0.0393851912424918	0.2446378263645688	atman	0.103	
PT1-PR1	EEF1D	0.97719	0.0396356470365351	0.2450616551807741	atman	0.103	
PT1-PR1	NEXN	0.7330800000000001	0.0401207134587993	0.2450616551807741	atman	0.103	
PT1-PR1	EHD3	0.6392444444444444	0.0401161165246455	0.2450616551807741	atman	0.103	
PT1-PR1	EIF2AK3	0.6363	0.0400496058915953	0.2450616551807741	atman	0.103	
PT1-PR1	FCAMR	0.26735	0.0398530396899494	0.2450616551807741	atman	0.103	
PT1-PR1	APOM	0.13984	0.0397846840962559	0.2450616551807741	atman	0.103	
PT1-PR1	LRPAP1	0.12481	0.0400109463439271	0.2450616551807741	atman	0.103	
PT1-PR1	PGF	0.1176499999999999	0.0398244013126298	0.2450616551807741	atman	0.103	
PT1-PR1	CEP170	0.6970666666666667	0.0402288199452551	0.2452121846455595	atman	0.103	
PT1-PR1	PPP1R14A	0.5256500000000001	0.0403149519752576	0.2452284242304495	atman	0.103	
PT1-PR1	PPIE	0.3136625	0.0405062581475268	0.2458830298294088	atman	0.103	
PT1-PR1	MITD1	0.7789888888888891	0.0406723634594761	0.2463822759668883	atman	0.103	
PT1-PR1	CHMP6	0.43773	0.040769791920896	0.246464297661713	atman	0.103	
PT1-PR1	GIT1	0.87355	0.0408981049410428	0.2466333628181513	atman	0.103	
PT1-PR1	KRT6C	0.56405	0.0412174884764167	0.2466333628181513	atman	0.103	
PT1-PR1	HTR1A	0.4812875	0.0411622523306771	0.2466333628181513	atman	0.103	
PT1-PR1	DSG3	-0.1520699999999999	0.0410913649855453	0.2466333628181513	atman	0.103	
PT1-PR1	TNFRSF17	0.1457625	0.0410908412812098	0.2466333628181513	atman	0.103	
PT1-PR1	MINDY1	0.9121	0.0413929987706052	0.2466909277241587	atman	0.103	
PT1-PR1	DECR1	0.8550750000000001	0.0416088578434761	0.2466909277241587	atman	0.103	
PT1-PR1	SCRIB	0.8257625000000002	0.041730902341357	0.2466909277241587	atman	0.103	
PT1-PR1	LEO1	0.3442699999999999	0.0417016442890321	0.2466909277241587	atman	0.103	
PT1-PR1	FAM20A	0.2620999999999999	0.0415991001092841	0.2466909277241587	atman	0.103	
PT1-PR1	F9	0.10488	0.0414352131753632	0.2466909277241587	atman	0.103	
PT1-PR1	CASP3	0.6972499999999999	0.0418449234791895	0.24685823074111	atman	0.103	
PT1-PR1	IL6	0.4890333333333334	0.0420406474828052	0.24685823074111	atman	0.103	
PT1-PR1	PAG1	0.28463	0.0420178148289078	0.24685823074111	atman	0.103	
PT1-PR1	KIF1C	0.25082	0.0420952939418979	0.24685823074111	atman	0.103	
PT1-PR1	NPC2	0.33773	0.0422259555574375	0.2471311900951227	atman	0.103	
PT1-PR1	EIF2AK2	0.7905500000000001	0.0427503864626397	0.2472453453292038	atman	0.103	
PT1-PR1	CACNB3	0.71821	0.04240630205111	0.2472453453292038	atman	0.103	
PT1-PR1	CD36	0.3940499999999999	0.0427116178819828	0.2472453453292038	atman	0.103	
PT1-PR1	SCRIB	0.3752	0.042563782770445	0.2472453453292038	atman	0.103	
PT1-PR1	NAGK	0.2522555555555555	0.0426768061914095	0.2472453453292038	atman	0.103	
PT1-PR1	WFIKKN1	0.1164888888888888	0.042495971327835	0.2472453453292038	atman	0.103	
PT1-PR1	IST1	0.8305400000000001	0.0431600512278333	0.2476645127097158	atman	0.103	
PT1-PR1	AKR7L	-0.536725	0.0429147424619404	0.2476645127097158	atman	0.103	
PT1-PR1	TRIAP1	0.41454	0.0429986263474806	0.2476645127097158	atman	0.103	
PT1-PR1	NTF3	0.1235125	0.0431588509726843	0.2476645127097158	atman	0.103	
PT1-PR1	TARBP2	0.9616111111111112	0.0448851728368813	0.247880898110446	atman	0.103	
PT1-PR1	PLCB2	0.8578799999999998	0.0446895244744041	0.247880898110446	atman	0.103	
PT1-PR1	CRACR2A	0.8072299999999999	0.0444808317172968	0.247880898110446	atman	0.103	
PT1-PR1	EIF4G3	0.74995	0.0440123223827297	0.247880898110446	atman	0.103	
PT1-PR1	BRAP	0.62601	0.0436349534987017	0.247880898110446	atman	0.103	
PT1-PR1	VMO1	0.57386	0.0439847119690093	0.247880898110446	atman	0.103	
PT1-PR1	BLVRB	-0.53075	0.0438520626678036	0.247880898110446	atman	0.103	
PT1-PR1	ARHGEF1	0.5267299999999999	0.04449121296651	0.247880898110446	atman	0.103	
PT1-PR1	GOPC	0.5147	0.0445792709403378	0.247880898110446	atman	0.103	
PT1-PR1	GP5	0.51325	0.0438572925889853	0.247880898110446	atman	0.103	
PT1-PR1	GYS1	0.4669600000000001	0.0438250357212639	0.247880898110446	atman	0.103	
PT1-PR1	TADA3	0.3650699999999999	0.0446758939470812	0.247880898110446	atman	0.103	
PT1-PR1	FEN1	0.23896	0.0441115745038702	0.247880898110446	atman	0.103	
PT1-PR1	EFNA1	0.20829	0.0437019352571177	0.247880898110446	atman	0.103	
PT1-PR1	C7	0.1951	0.0442482528701722	0.247880898110446	atman	0.103	
PT1-PR1	CLSTN3	0.18941	0.0448440854267708	0.247880898110446	atman	0.103	
PT1-PR1	PSPN	0.159325	0.0447523796023883	0.247880898110446	atman	0.103	
PT1-PR1	CDH6	0.15083	0.0437050885467968	0.247880898110446	atman	0.103	
PT1-PR1	ADAMTS16	-0.11829	0.0447423454179378	0.247880898110446	atman	0.103	
PT1-PR1	CD38	0.11424	0.044353333437874	0.247880898110446	atman	0.103	
PT1-PR1	PTPRR	-0.2824	0.0450261040683639	0.2481926712061036	atman	0.103	
PT1-PR1	RP2	0.31976	0.045247660221056	0.2489468646619153	atman	0.103	
PT1-PR1	PPP1R9B	0.5701599999999999	0.0459052008651363	0.2512398195379668	atman	0.103	
PT1-PR1	LRRC59	0.53766	0.0459209608890021	0.2512398195379668	atman	0.103	
PT1-PR1	CHCHD6	0.1902999999999999	0.045810988552184	0.2512398195379668	atman	0.103	
PT1-PR1	MOCS2	0.3359625	0.0461269865873674	0.2518979304715346	atman	0.103	
PT1-PR1	MTSS1	0.6521000000000001	0.0463773096771964	0.2524872122798024	atman	0.103	
PT1-PR1	CEACAM18	0.4177125	0.0464470003260846	0.2524872122798024	atman	0.103	
PT1-PR1	COL4A1	0.14754	0.0464927099534966	0.2524872122798024	atman	0.103	
PT1-PR1	REEP4	0.51437	0.0468480163232609	0.2530665268752383	atman	0.103	
PT1-PR1	PDP1	0.27898	0.0469439268710023	0.2530665268752383	atman	0.103	
PT1-PR1	IGFBPL1	0.19156	0.0469334429092413	0.2530665268752383	atman	0.103	
PT1-PR1	HMOX1	0.17973	0.0468820433919321	0.2530665268752383	atman	0.103	
PT1-PR1	GP2	0.26354	0.0470484333054761	0.2531653792151812	atman	0.103	
PT1-PR1	ELAC1	0.5837200000000001	0.0473622042990078	0.2539236427563595	atman	0.103	
PT1-PR1	MMP7	0.07393	0.0473217981018225	0.2539236427563595	atman	0.103	
PT1-PR1	GZMB	0.3438625	0.0475808774745973	0.2546313625143299	atman	0.103	
PT1-PR1	SLC13A1	0.2917099999999999	0.0479244626975481	0.2550762163141239	atman	0.103	
PT1-PR1	ELOA	0.20335	0.0478878058313021	0.2550762163141239	atman	0.103	
PT1-PR1	CA4	0.1024699999999999	0.0479225920484009	0.2550762163141239	atman	0.103	
PT1-PR1	KITLG	0.1390699999999999	0.0480166574669262	0.2551047733052973	atman	0.103	
PT1-PR1	CD248	0.2763	0.0483614215725476	0.2560105523966576	atman	0.103	
PT1-PR1	SHISA5	0.25848	0.0483231511942989	0.2560105523966576	atman	0.103	
PT1-PR1	HLA-A	0.11354	0.0486816052589524	0.257242007645328	atman	0.103	
PT1-PR1	USP8	0.63851	0.0497237006256137	0.2581595471999859	atman	0.103	
PT1-PR1	IKBKG	0.606725	0.049707314131014	0.2581595471999859	atman	0.103	
PT1-PR1	SHMT1	0.59409	0.0492112051773985	0.2581595471999859	atman	0.103	
PT1-PR1	TRIM21	0.580875	0.049117598128844	0.2581595471999859	atman	0.103	
PT1-PR1	SERPINE2	0.5524100000000001	0.0496713482152719	0.2581595471999859	atman	0.103	
PT1-PR1	DNMBP	0.5503555555555555	0.0495533775894356	0.2581595471999859	atman	0.103	
PT1-PR1	GLIPR1	0.37851	0.0494205412392436	0.2581595471999859	atman	0.103	
PT1-PR1	RTBDN	-0.27205	0.0493041709655222	0.2581595471999859	atman	0.103	
PT1-PR1	CFD	0.17827	0.0497339359139523	0.2581595471999859	atman	0.103	
PT1-PR1	NCAM2	0.09032	0.0489896255392714	0.2581595471999859	atman	0.103	
PT1-PR1	HMBS	-0.91456	0.0501599469347462	0.259911682705969	atman	0.103	
PT1-PR1	FIS1	0.45083	0.0503042981662755	0.2602007535431648	atman	0.103	
PT1-PR1	YARS1	1.28924	0.050593718315913	0.2603228448549083	atman	0.103	
PT1-PR1	PRKG1	0.9195875	0.0505119955615875	0.2603228448549083	atman	0.103	
PT1-PR1	SERPINB6	0.38837	0.0504873412534336	0.2603228448549083	atman	0.103	
PT1-PR1	DPP7	0.19665	0.0508411194238545	0.2606827379882801	atman	0.103	
PT1-PR1	ROBO1	0.1051799999999999	0.0508250882278074	0.2606827379882801	atman	0.103	
PT1-PR1	EPS8L2	-0.1243	0.0511363753988138	0.2617398448113505	atman	0.103	
PT1-PR1	SH2B3	0.37469	0.0514283325785445	0.2627764193317631	atman	0.103	
PT1-PR1	DTNB	0.44417	0.0516366648269261	0.262829699335581	atman	0.103	
PT1-PR1	PPP1R2	0.3905	0.0516191727618424	0.262829699335581	atman	0.103	
PT1-PR1	MCFD2	0.27691	0.0517071362205465	0.262829699335581	atman	0.103	
PT1-PR1	PDE5A	0.6868624999999999	0.0519654997085223	0.263686767087459	atman	0.103	
PT1-PR1	ASAH1	0.3809599999999999	0.0523502768205663	0.2651812298255586	atman	0.103	
PT1-PR1	CLEC5A	0.18972	0.0526535630040703	0.2658009761270766	atman	0.103	
PT1-PR1	TREML2	0.13486	0.0525777751855336	0.2658009761270766	atman	0.103	
PT1-PR1	BCAN	-0.2206	0.0529140562435683	0.2666577997317391	atman	0.103	
PT1-PR1	ANKMY2	0.6822625000000002	0.0532827122671073	0.2671409703767259	atman	0.103	
PT1-PR1	BOLA1	0.4971	0.0532342692894638	0.2671409703767259	atman	0.103	
PT1-PR1	AMOTL2	0.21834	0.0531478913104823	0.2671409703767259	atman	0.103	
PT1-PR1	SAMD9L	0.6325375000000001	0.053677346279269	0.2673348220248901	atman	0.103	
PT1-PR1	GIGYF2	0.5873600000000001	0.0537497049818147	0.2673348220248901	atman	0.103	
PT1-PR1	VASP	0.45284	0.0538799427957215	0.2673348220248901	atman	0.103	
PT1-PR1	NOS3	0.3488444444444445	0.0539491414817487	0.2673348220248901	atman	0.103	
PT1-PR1	ATP1B2	0.3272800000000001	0.0539654444307942	0.2673348220248901	atman	0.103	
PT1-PR1	PRR4	0.305975	0.0540493139151752	0.2673348220248901	atman	0.103	
PT1-PR1	C1QTNF9	0.1276125	0.0534618568238007	0.2673348220248901	atman	0.103	
PT1-PR1	BOC	-0.12422	0.0535338232779596	0.2673348220248901	atman	0.103	
PT1-PR1	CEACAM1	0.1571	0.0541651385111359	0.267457440244903	atman	0.103	
PT1-PR1	HEG1	0.11945	0.0543526156964497	0.2679328605975997	atman	0.103	
PT1-PR1	APPL2	0.7705875	0.0549906130504713	0.2698293843932463	atman	0.103	
PT1-PR1	CDC37	0.54053	0.0551047075003225	0.2698293843932463	atman	0.103	
PT1-PR1	MYL4	-0.4419222222222222	0.0549390285330524	0.2698293843932463	atman	0.103	
PT1-PR1	TYRO3	0.17592	0.0550788871782419	0.2698293843932463	atman	0.103	
PT1-PR1	PSAPL1	0.16768	0.0553763209503124	0.2707082045790647	atman	0.103	
PT1-PR1	PDGFB	0.7386800000000001	0.0555401517595246	0.2710580828396734	atman	0.103	
PT1-PR1	DCTD	0.6977499999999999	0.0558780665689511	0.2711620494100073	atman	0.103	
PT1-PR1	FAM13A	0.59806	0.055886554308437	0.2711620494100073	atman	0.103	
PT1-PR1	S100A14	0.2190299999999999	0.0559306337448823	0.2711620494100073	atman	0.103	
PT1-PR1	CRHBP	0.14738	0.0558193873345589	0.2711620494100073	atman	0.103	
PT1-PR1	CTSV	0.18953	0.0563234890730777	0.2726168219056051	atman	0.103	
PT1-PR1	RCOR1	0.23424	0.0565382132452403	0.2732060370304541	atman	0.103	
PT1-PR1	HSPB6	-0.1087199999999999	0.0566672462990056	0.2733799172848581	atman	0.103	
PT1-PR1	SYNGAP1	0.1594875	0.0568489540064225	0.2734583208227725	atman	0.103	
PT1-PR1	PLXNB2	0.08438	0.0568696507905766	0.2734583208227725	atman	0.103	
PT1-PR1	DGKA	0.636175	0.0570774861466145	0.2739001726866112	atman	0.103	
PT1-PR1	CSDE1	0.5544100000000001	0.0571479938246741	0.2739001726866112	atman	0.103	
PT1-PR1	REG3A	0.1424899999999999	0.0572629944855955	0.2740043612356348	atman	0.103	
PT1-PR1	RBPMS2	0.7775888888888889	0.0576394399839907	0.2740939770659071	atman	0.103	
PT1-PR1	KHDC3L	-0.3748299999999999	0.0577481864546618	0.2740939770659071	atman	0.103	
PT1-PR1	TSC22D1	0.3163	0.0575117821151687	0.2740939770659071	atman	0.103	
PT1-PR1	TNR	0.1604333333333333	0.0575364935494329	0.2740939770659071	atman	0.103	
PT1-PR1	OMD	0.08916	0.0576746274819313	0.2740939770659071	atman	0.103	
PT1-PR1	SUGP1	0.2016399999999999	0.0580323251492955	0.2749983407881135	atman	0.103	
PT1-PR1	HS6ST2	0.2416124999999999	0.0581406085453557	0.2750678066123271	atman	0.103	
PT1-PR1	ERP29	0.716175	0.0584239014031189	0.275079202439685	atman	0.103	
PT1-PR1	PRDX5	0.5818099999999999	0.0583251328767848	0.275079202439685	atman	0.103	
PT1-PR1	NOS2	-0.43428	0.0583845494925971	0.275079202439685	atman	0.103	
PT1-PR1	CTSS	0.13266	0.0585432857432062	0.2752002776216637	atman	0.103	
PT1-PR1	COCH	0.3854	0.058896953758512	0.2764205273841985	atman	0.103	
PT1-PR1	FXN	0.62615	0.0590824173555333	0.2768487116276825	atman	0.103	
PT1-PR1	CASP2	0.4501125000000001	0.0593281659418281	0.2772284023946699	atman	0.103	
PT1-PR1	STAM	0.4191	0.0595408856062071	0.2772284023946699	atman	0.103	
PT1-PR1	PRSS22	0.2644999999999999	0.0594567614811436	0.2772284023946699	atman	0.103	
PT1-PR1	ULBP2	0.0954111111111111	0.0594864914359996	0.2772284023946699	atman	0.103	
PT1-PR1	CCL8	0.11534	0.0596934786960883	0.2774991145713726	atman	0.103	
PT1-PR1	AHSP	-0.95373	0.0599107638414435	0.278069232489986	atman	0.103	
PT1-PR1	F11	0.2079899999999999	0.0604223488229975	0.2800013577949004	atman	0.103	
PT1-PR1	CCN2	0.2729499999999999	0.0605345648340978	0.2800796086339832	atman	0.103	
PT1-PR1	PTPN1	0.7137555555555556	0.0609196445771913	0.2809660564288594	atman	0.103	
PT1-PR1	HCLS1	0.6089699999999999	0.0608601085681403	0.2809660564288594	atman	0.103	
PT1-PR1	COL5A1	0.1134375	0.0610130510556883	0.2809660564288594	atman	0.103	
PT1-PR1	HSD17B3	0.4957300000000001	0.061360379853524	0.2812526398296328	atman	0.103	
PT1-PR1	LHB	0.42843	0.0614000840762041	0.2812526398296328	atman	0.103	
PT1-PR1	ADAMTSL2	0.26359	0.0614478713647277	0.2812526398296328	atman	0.103	
PT1-PR1	CNTN2	-0.23569	0.0614582010791777	0.2812526398296328	atman	0.103	
PT1-PR1	USO1	0.8718999999999999	0.0619451176717789	0.2814084060297926	atman	0.103	
PT1-PR1	DBN1	0.4934249999999999	0.0620029952894471	0.2814084060297926	atman	0.103	
PT1-PR1	CEP290	0.370075	0.0616683175681103	0.2814084060297926	atman	0.103	
PT1-PR1	EPHX2	0.35343	0.0619562409666347	0.2814084060297926	atman	0.103	
PT1-PR1	DTX2	0.3403333333333333	0.0620905676254197	0.2814084060297926	atman	0.103	
PT1-PR1	DKK4	0.2416666666666666	0.0621627146063088	0.2814084060297926	atman	0.103	
PT1-PR1	CD46	0.1199	0.0620180849700957	0.2814084060297926	atman	0.103	
PT1-PR1	DDI2	-1.058925	0.0624595406901253	0.2823171239193667	atman	0.103	
PT1-PR1	GPKOW	-0.2670444444444444	0.0628987784377046	0.2838657619815303	atman	0.103	
PT1-PR1	PRKAR2A	0.60583	0.0629982139955898	0.2838784550905565	atman	0.103	
PT1-PR1	ANXA10	-0.4432333333333333	0.0631733844827451	0.2842318585150156	atman	0.103	
PT1-PR1	DTD1	0.8508125	0.0634333645956326	0.2849651761192182	atman	0.103	
PT1-PR1	MTHFSD	0.7475375000000001	0.0645227851626164	0.2858293238383514	atman	0.103	
PT1-PR1	MICALL2	0.7275111111111112	0.0639287824140744	0.2858293238383514	atman	0.103	
PT1-PR1	IQGAP2	0.5282	0.06442707121458	0.2858293238383514	atman	0.103	
PT1-PR1	CD3G	0.3058	0.0645216801411006	0.2858293238383514	atman	0.103	
PT1-PR1	TGFA	0.2461374999999999	0.0645985946319487	0.2858293238383514	atman	0.103	
PT1-PR1	APCS	0.2287899999999999	0.0641224287041759	0.2858293238383514	atman	0.103	
PT1-PR1	CD302	0.16838	0.0643660596459547	0.2858293238383514	atman	0.103	
PT1-PR1	ALDH2	-0.14026	0.0640790579736525	0.2858293238383514	atman	0.103	
PT1-PR1	ALCAM	0.10343	0.0644548679689731	0.2858293238383514	atman	0.103	
PT1-PR1	SELPLG	-0.0835875	0.0639830111091266	0.2858293238383514	atman	0.103	
PT1-PR1	CACYBP	0.7114750000000001	0.0651803711408336	0.287969820168074	atman	0.103	
PT1-PR1	CPXM1	0.23202	0.0657732648401003	0.2894447492527313	atman	0.103	
PT1-PR1	LAIR2	0.1967222222222222	0.0656382190634286	0.2894447492527313	atman	0.103	
PT1-PR1	CD74	0.14737	0.0658129053420677	0.2894447492527313	atman	0.103	
PT1-PR1	ENPP7	0.11371	0.0659082836113265	0.2894447492527313	atman	0.103	
PT1-PR1	VNN2	0.1339599999999999	0.0660115083472745	0.2894653903347651	atman	0.103	
PT1-PR1	CA1	-0.93479	0.0662088566878094	0.289898093813389	atman	0.103	
PT1-PR1	NT5C	0.56821	0.0666484110600951	0.2905237858969725	atman	0.103	
PT1-PR1	SERPINH1	0.485475	0.0665850378493178	0.2905237858969725	atman	0.103	
PT1-PR1	OPLAH	0.2821222222222223	0.0665803171475771	0.2905237858969725	atman	0.103	
PT1-PR1	MARS1	0.594825	0.0672206029886568	0.292061334237048	atman	0.103	
PT1-PR1	TAX1BP1	0.5424899999999999	0.0671823848847006	0.292061334237048	atman	0.103	
PT1-PR1	PLAUR	0.08571	0.0672993612248065	0.292061334237048	atman	0.103	
PT1-PR1	TGFB1	0.1923799999999999	0.067691715602175	0.2928987635334171	atman	0.103	
PT1-PR1	GUCY2C	0.1281749999999999	0.0676782031928966	0.2928987635334171	atman	0.103	
PT1-PR1	CALCOCO1	0.7430199999999998	0.0683350623927738	0.2950878347014748	atman	0.103	
PT1-PR1	UBE2L6	0.5431	0.0683985076350253	0.2950878347014748	atman	0.103	
PT1-PR1	FGD3	0.58951	0.0686211094003184	0.2954450789565138	atman	0.103	
PT1-PR1	PLA2G1B	0.12223	0.0686824332632058	0.2954450789565138	atman	0.103	
PT1-PR1	TPD52L2	0.6320625	0.069643414831376	0.2970382751514862	atman	0.103	
PT1-PR1	NFE2	0.6185333333333333	0.0696843948313785	0.2970382751514862	atman	0.103	
PT1-PR1	CIAPIN1	0.55456	0.0697605207129086	0.2970382751514862	atman	0.103	
PT1-PR1	SLIT2	0.4537666666666666	0.0693733703223118	0.2970382751514862	atman	0.103	
PT1-PR1	ENO2	0.4354799999999999	0.0692037489657801	0.2970382751514862	atman	0.103	
PT1-PR1	SUOX	0.28956	0.0696704639784098	0.2970382751514862	atman	0.103	
PT1-PR1	EPCAM	0.07883	0.0692723776716905	0.2970382751514862	atman	0.103	
PT1-PR1	MAP4K5	0.5201555555555556	0.0701052916876174	0.2978125574274224	atman	0.103	
PT1-PR1	OTUD6B	0.35688	0.0702358833567353	0.2978125574274224	atman	0.103	
PT1-PR1	HGF	0.14427	0.0702464609588848	0.2978125574274224	atman	0.103	
PT1-PR1	IL36G	-0.3269499999999999	0.0704669863505842	0.2983170113804272	atman	0.103	
PT1-PR1	USP25	0.54364	0.0707399611662882	0.2986336245665357	atman	0.103	
PT1-PR1	PROC	0.12979	0.0708467107974388	0.2986336245665357	atman	0.103	
PT1-PR1	ENPP5	0.0863799999999999	0.0708135143793837	0.2986336245665357	atman	0.103	
PT1-PR1	TAB2	0.53435	0.0712400862918851	0.2998615666555281	atman	0.103	
PT1-PR1	DUT	0.4123799999999999	0.0719167894722268	0.301414447174611	atman	0.103	
PT1-PR1	AMFR	0.3481111111111111	0.0718953484002542	0.301414447174611	atman	0.103	
PT1-PR1	TNFSF13B	0.07926	0.07185076234295	0.301414447174611	atman	0.103	
PT1-PR1	POLR2A	0.5851125	0.0720539914897062	0.301559297716178	atman	0.103	
PT1-PR1	FBLN2	0.30373	0.0725472265263413	0.302331562460129	atman	0.103	
PT1-PR1	FGFR2	0.12654	0.0725075551811893	0.302331562460129	atman	0.103	
PT1-PR1	COMP	-0.09859	0.0725337684372822	0.302331562460129	atman	0.103	
PT1-PR1	TBL1X	0.50846	0.0731314767945738	0.3026201110175466	atman	0.103	
PT1-PR1	NRGN	0.39583	0.0729424245935983	0.3026201110175466	atman	0.103	
PT1-PR1	IMPA1	0.3359333333333333	0.0729057626055729	0.3026201110175466	atman	0.103	
PT1-PR1	CANT1	0.19722	0.0727985361653782	0.3026201110175466	atman	0.103	
PT1-PR1	CEACAM16	0.10786	0.0731126619351645	0.3026201110175466	atman	0.103	
PT1-PR1	DKKL1	0.14438	0.0732800163652804	0.3028082814081491	atman	0.103	
PT1-PR1	PKLR	-0.7066700000000001	0.0743302556013196	0.3041153980954946	atman	0.103	
PT1-PR1	SPART	0.6330125000000002	0.0739335280875992	0.3041153980954946	atman	0.103	
PT1-PR1	DAAM1	0.5714624999999998	0.0741493017938392	0.3041153980954946	atman	0.103	
PT1-PR1	CEP350	-0.5567499999999999	0.0737876987308971	0.3041153980954946	atman	0.103	
PT1-PR1	CCDC50	0.2130999999999999	0.0738929970027624	0.3041153980954946	atman	0.103	
PT1-PR1	TPSAB1	-0.0809899999999999	0.074424428601314	0.3041153980954946	atman	0.103	
PT1-PR1	EPHB4	0.0772399999999999	0.0742656060616377	0.3041153980954946	atman	0.103	
PT1-PR1	IGLC2	0.05592	0.0741592095447616	0.3041153980954946	atman	0.103	
PT1-PR1	TCTN3	0.2380399999999999	0.0747272394120672	0.3049286519342412	atman	0.103	
PT1-PR1	GNPDA1	-0.2319777777777777	0.0752344768447075	0.3065191131319525	atman	0.103	
PT1-PR1	ICAM4	0.1364999999999999	0.0754299927823014	0.3065191131319525	atman	0.103	
PT1-PR1	TNFRSF10C	0.1035199999999999	0.075392582601877	0.3065191131319525	atman	0.103	
PT1-PR1	SART1	0.27666	0.0755577730870413	0.3066142780797342	atman	0.103	
PT1-PR1	TPT1	-0.3989299999999999	0.0758721289640043	0.3074652619258547	atman	0.103	
PT1-PR1	SOD3	0.24821	0.0763428485303532	0.3077862783334006	atman	0.103	
PT1-PR1	DEFB118	-0.2342249999999999	0.0763703869656395	0.3077862783334006	atman	0.103	
PT1-PR1	LGALS3BP	0.1175099999999999	0.0762135929636689	0.3077862783334006	atman	0.103	
PT1-PR1	MEGF10	0.10206	0.0761515405602286	0.3077862783334006	atman	0.103	
PT1-PR1	HBQ1	-0.48352	0.0771244781294147	0.308607838802471	atman	0.103	
PT1-PR1	CCT5	0.48199	0.0767113115595381	0.308607838802471	atman	0.103	
PT1-PR1	OXCT1	0.3128333333333333	0.0772044797548727	0.308607838802471	atman	0.103	
PT1-PR1	VSTM2B	0.2447375	0.0770046764285952	0.308607838802471	atman	0.103	
PT1-PR1	IL1RL2	0.2049	0.0771680219080721	0.308607838802471	atman	0.103	
PT1-PR1	CST1	0.1327874999999999	0.0770373342201475	0.308607838802471	atman	0.103	
PT1-PR1	LYSMD3	0.3296	0.0774867605217908	0.3091884518909609	atman	0.103	
PT1-PR1	PLA2G10	-0.1831888888888888	0.0775602072987196	0.3091884518909609	atman	0.103	
PT1-PR1	ICAM3	0.07658	0.0778030037533001	0.3097360772726232	atman	0.103	
PT1-PR1	RTN4IP1	0.46295	0.0780785985295438	0.3098625660310689	atman	0.103	
PT1-PR1	GIMAP7	0.1281124999999999	0.0779701800969934	0.3098625660310689	atman	0.103	
PT1-PR1	TREM2	0.08986	0.0781511781582784	0.3098625660310689	atman	0.103	
PT1-PR1	MED18	0.4861199999999999	0.0783514915398586	0.3102381160971761	atman	0.103	
PT1-PR1	SLC16A1	0.3171555555555555	0.0786742706909273	0.3110969142529537	atman	0.103	
PT1-PR1	AMPD3	-0.58108	0.080000375054507	0.312732167576426	atman	0.103	
PT1-PR1	CYB5A	-0.39896	0.0794192598427923	0.312732167576426	atman	0.103	
PT1-PR1	IL2	-0.35216	0.0797258860380343	0.312732167576426	atman	0.103	
PT1-PR1	RALY	0.31587	0.0798153413459801	0.312732167576426	atman	0.103	
PT1-PR1	LILRA5	0.1331	0.079897176465983	0.312732167576426	atman	0.103	
PT1-PR1	XG	0.1100599999999999	0.0797558704407217	0.312732167576426	atman	0.103	
PT1-PR1	CD33	-0.0998	0.0800458100808279	0.312732167576426	atman	0.103	
PT1-PR1	LAIR1	0.0878199999999999	0.0794804517829819	0.312732167576426	atman	0.103	
PT1-PR1	PGLYRP1	0.07113	0.0792284171780337	0.312732167576426	atman	0.103	
PT1-PR1	RGCC	0.5136000000000001	0.0802587389761784	0.3131476429110387	atman	0.103	
PT1-PR1	COL15A1	0.2430799999999999	0.0803865655044917	0.313230410414054	atman	0.103	
PT1-PR1	IL1RL1	0.0841499999999999	0.0807749656800591	0.3143269525404156	atman	0.103	
PT1-PR1	PPP3R1	0.2977555555555555	0.0809566302728204	0.3146171689702994	atman	0.103	
PT1-PR1	HEXIM1	0.7195999999999999	0.0820000000001406	0.3148740765901586	atman	0.103	
PT1-PR1	BLOC1S2	0.6633249999999999	0.0818071595882001	0.3148740765901586	atman	0.103	
PT1-PR1	XIAP	0.6532250000000001	0.0819410767429651	0.3148740765901586	atman	0.103	
PT1-PR1	MAP2K1	0.5256900000000001	0.081323073048249	0.3148740765901586	atman	0.103	
PT1-PR1	AKT1S1	-0.4795222222222222	0.0818987664968584	0.3148740765901586	atman	0.103	
PT1-PR1	MORF4L1	0.3675874999999999	0.0816803258774647	0.3148740765901586	atman	0.103	
PT1-PR1	COL28A1	0.3373777777777778	0.0820944665309943	0.3148740765901586	atman	0.103	
PT1-PR1	BCL2L11	0.2080375	0.0816323524588051	0.3148740765901586	atman	0.103	
PT1-PR1	MFAP4	-0.1870374999999999	0.0817229323775841	0.3148740765901586	atman	0.103	
PT1-PR1	PDCD6	0.14821	0.0813358444920704	0.3148740765901586	atman	0.103	
PT1-PR1	CCL2	-0.1963444444444444	0.0822260978929725	0.3149677648103693	atman	0.103	
PT1-PR1	BMPER	0.11515	0.0826580126250278	0.3162099493389735	atman	0.103	
PT1-PR1	SLAMF7	0.298475	0.0829746494463288	0.3167716917376624	atman	0.103	
PT1-PR1	EGFLAM	0.15373	0.0830204910272294	0.3167716917376624	atman	0.103	
PT1-PR1	OGA	0.34317	0.0832656388548434	0.3168861681281051	atman	0.103	
PT1-PR1	FABP6	0.21985	0.0832662089158942	0.3168861681281051	atman	0.103	
PT1-PR1	TBCB	0.8964444444444444	0.0835748403441829	0.3176492638178648	atman	0.103	
PT1-PR1	STAT2	0.4359749999999999	0.083983865847167	0.3183801262696472	atman	0.103	
PT1-PR1	SDC4	0.41892	0.0839461762421203	0.3183801262696472	atman	0.103	
PT1-PR1	BLOC1S3	0.24275	0.0842325765947022	0.3189114820041692	atman	0.103	
PT1-PR1	CXCL16	0.06583	0.0844239974927381	0.3192248450883713	atman	0.103	
PT1-PR1	GRN	0.07259	0.0849101426912748	0.3206503846104954	atman	0.103	
PT1-PR1	SIGLEC5	0.1789	0.085134925800524	0.3210865365878558	atman	0.103	
PT1-PR1	ARHGEF10	0.46738	0.0856542914928424	0.3213950298926833	atman	0.103	
PT1-PR1	POMC	0.4453444444444444	0.0854068823453122	0.3213950298926833	atman	0.103	
PT1-PR1	SPESP1	0.22871	0.0854878743661078	0.3213950298926833	atman	0.103	
PT1-PR1	NT5E	0.10881	0.0855594775038619	0.3213950298926833	atman	0.103	
PT1-PR1	B4GALT1	0.11495	0.085954938691197	0.3221117472892054	atman	0.103	
PT1-PR1	F7	0.08069	0.086107773563294	0.3222734251324303	atman	0.103	
PT1-PR1	MLN	-0.3437875	0.0864718988323505	0.3230514571943113	atman	0.103	
PT1-PR1	ACP1	-0.2349625	0.0865355673287688	0.3230514571943113	atman	0.103	
PT1-PR1	CEACAM8	0.2312999999999999	0.0867033102383103	0.3232669105078119	atman	0.103	
PT1-PR1	C1QTNF5	0.1675375	0.0872458333720276	0.3248773871318341	atman	0.103	
PT1-PR1	ANG	0.10538	0.0874192782655778	0.3251111892965413	atman	0.103	
PT1-PR1	DDX4	-0.36145	0.0876179230908911	0.3254380000518813	atman	0.103	
PT1-PR1	TMEM106A	0.3669699999999999	0.087865249650531	0.3255335478855738	atman	0.103	
PT1-PR1	NXPE4	-0.30846	0.0878344375562276	0.3255335478855738	atman	0.103	
PT1-PR1	TCN2	0.08492	0.0880807266623373	0.3259208752316714	atman	0.103	
PT1-PR1	ADGRG2	0.16555	0.0883576761718096	0.3265344057770777	atman	0.103	
PT1-PR1	NAA10	0.6159	0.0884715305022911	0.3265444178589591	atman	0.103	
PT1-PR1	TGFBI	0.0986099999999999	0.0892768546986793	0.3291033865805768	atman	0.103	
PT1-PR1	AKT2	0.67547	0.0894445533580219	0.3291862656180271	atman	0.103	
PT1-PR1	IL18	0.1592399999999999	0.0895234262181088	0.3291862656180271	atman	0.103	
PT1-PR1	NAA80	0.5985555555555555	0.0905399627808263	0.3296238050186713	atman	0.103	
PT1-PR1	SCRIB	0.50559	0.0899850209918116	0.3296238050186713	atman	0.103	
PT1-PR1	ING1	-0.2468444444444444	0.0902957775916586	0.3296238050186713	atman	0.103	
PT1-PR1	XRCC4	0.2373444444444444	0.0902714977942824	0.3296238050186713	atman	0.103	
PT1-PR1	GFRAL	0.23012	0.0904358623579049	0.3296238050186713	atman	0.103	
PT1-PR1	CAPN3	0.15384	0.0901325050425885	0.3296238050186713	atman	0.103	
PT1-PR1	CFI	0.1439	0.0899122120345241	0.3296238050186713	atman	0.103	
PT1-PR1	ENG	0.06232	0.0903590233816304	0.3296238050186713	atman	0.103	
PT1-PR1	COL9A1	-0.1482875	0.0906845225367263	0.3297414940753737	atman	0.103	
PT1-PR1	AFM	0.14669	0.0908714658330565	0.3300128141131273	atman	0.103	
PT1-PR1	NFATC1	0.5300374999999999	0.0914585132683079	0.3310437955218944	atman	0.103	
PT1-PR1	AKR1B1	0.44061	0.0916060605035058	0.3310437955218944	atman	0.103	
PT1-PR1	ICAM5	0.17283	0.0914295789883454	0.3310437955218944	atman	0.103	
PT1-PR1	ICAM2	0.0801099999999999	0.0915387122881918	0.3310437955218944	atman	0.103	
PT1-PR1	C9orf40	-0.8977199999999999	0.0927658270736764	0.3316495208313242	atman	0.103	
PT1-PR1	CMIP	0.61322	0.0927725493118463	0.3316495208313242	atman	0.103	
PT1-PR1	ENO1	0.6115999999999999	0.0927896208724807	0.3316495208313242	atman	0.103	
PT1-PR1	MYO9B	0.5050699999999999	0.0922943292551485	0.3316495208313242	atman	0.103	
PT1-PR1	PDGFA	0.41894	0.0926741476373378	0.3316495208313242	atman	0.103	
PT1-PR1	ADIPOQ	0.2189899999999999	0.0922666637812077	0.3316495208313242	atman	0.103	
PT1-PR1	PLIN1	0.2181555555555555	0.0919039468156657	0.3316495208313242	atman	0.103	
PT1-PR1	MYL3	-0.1738444444444444	0.0921444946875864	0.3316495208313242	atman	0.103	
PT1-PR1	MYBPC1	0.1641499999999999	0.0926136021659553	0.3316495208313242	atman	0.103	
PT1-PR1	DOC2B	0.3876999999999999	0.0929710586279339	0.331894253036294	atman	0.103	
PT1-PR1	TFPI	0.09978	0.0931157216883991	0.3320072698064521	atman	0.103	
PT1-PR1	PCBD1	-0.0576	0.0940813565348797	0.3350436672720928	atman	0.103	
PT1-PR1	IL3RA	-0.20747	0.0942379975609104	0.3351952019781536	atman	0.103	
PT1-PR1	EIF5A	-0.3725599999999999	0.0944941089110134	0.3352943139861803	atman	0.103	
PT1-PR1	B3GAT3	-0.23599	0.0944348595867132	0.3352943139861803	atman	0.103	
PT1-PR1	TNFRSF11A	0.1065	0.0948043396890137	0.3359893244949604	atman	0.103	
PT1-PR1	BNIP3L	0.4863375	0.0954781884082205	0.3368162926393862	atman	0.103	
PT1-PR1	CCER2	-0.2194444444444444	0.0955483660824936	0.3368162926393862	atman	0.103	
PT1-PR1	SH2D1A	0.1541624999999999	0.0953268261489337	0.3368162926393862	atman	0.103	
PT1-PR1	REG4	0.14139	0.0956108876995398	0.3368162926393862	atman	0.103	
PT1-PR1	CD27	0.13976	0.0952280761102906	0.3368162926393862	atman	0.103	
PT1-PR1	TRIM58	0.57289	0.0960898312476876	0.3372902320259335	atman	0.103	
PT1-PR1	STX16	0.50485	0.0960248413554674	0.3372902320259335	atman	0.103	
PT1-PR1	ACSL1	0.2026599999999999	0.0959814685496882	0.3372902320259335	atman	0.103	
PT1-PR1	REXO2	-0.22071	0.0963186127176978	0.337689837905246	atman	0.103	
PT1-PR1	DPT	0.09487	0.0966607291832652	0.3384853663175607	atman	0.103	
PT1-PR1	MYH9	0.8202700000000002	0.0972969215813397	0.3402088006228758	atman	0.103	
PT1-PR1	SPRY2	0.29705	0.097452101513072	0.3402088006228758	atman	0.103	
PT1-PR1	OLFM4	0.23305	0.0975002757401162	0.3402088006228758	atman	0.103	
PT1-PR1	SELL	0.1480599999999999	0.0977630006907361	0.3407208731072157	atman	0.103	
PT1-PR1	PSAP	0.23535	0.0984332016151954	0.342650173395076	atman	0.103	
PT1-PR1	CALB2	0.2211777777777777	0.0990702807381613	0.344459745335761	atman	0.103	
PT1-PR1	NFAT5	0.7613749999999999	0.0992412174643164	0.3446462138417988	atman	0.103	
PT1-PR1	SUGT1	0.7434099999999999	0.099913483431103	0.3464405951839334	atman	0.103	
PT1-PR1	MAN1A2	0.1130777777777777	0.0999937456487323	0.3464405951839334	atman	0.103	
PT1-PR1	PPBP	0.6119900000000003	0.1005566903714993	0.3479806316978389	atman	0.103	
PT1-PR1	LGALS9	0.0889799999999999	0.1007499588950073	0.3482392696865078	atman	0.103	
PT1-PR1	CEP152	0.30263	0.1013617143707672	0.3491494819778782	atman	0.103	
PT1-PR1	CCL22	0.18488	0.1013058119236398	0.3491494819778782	atman	0.103	
PT1-PR1	GP1BA	0.11674	0.1013698121603574	0.3491494819778782	atman	0.103	
PT1-PR1	CD209	0.0486499999999999	0.1017384796166795	0.3500089614915745	atman	0.103	
PT1-PR1	EFCAB2	0.3141375	0.101951130175329	0.35023773215875	atman	0.103	
PT1-PR1	AGXT	0.12161	0.1020433964356331	0.35023773215875	atman	0.103	
PT1-PR1	NRP1	0.14743	0.1051414577532319	0.3604499450163306	atman	0.103	
PT1-PR1	CD28	0.29182	0.1055457352804027	0.3609934461627745	atman	0.103	
PT1-PR1	TNFRSF10A	0.0769777777777777	0.1054452386564526	0.3609934461627745	atman	0.103	
PT1-PR1	SLC27A4	0.4616333333333332	0.1059483414510364	0.361779265704067	atman	0.103	
PT1-PR1	VWF	-0.10075	0.1060217657492177	0.361779265704067	atman	0.103	
PT1-PR1	CPB2	0.1969	0.1062283600278912	0.3619042594781583	atman	0.103	
PT1-PR1	CTSE	-0.169475	0.1063047569535911	0.3619042594781583	atman	0.103	
PT1-PR1	TXNDC9	0.2347999999999999	0.1066783940170397	0.3627559278033133	atman	0.103	
PT1-PR1	BCAT2	0.4726375	0.1069160433971956	0.3631437404635384	atman	0.103	
PT1-PR1	SH3GL3	0.5759750000000001	0.107222619248237	0.3632335129990919	atman	0.103	
PT1-PR1	COMT	0.5100100000000001	0.1072485749224383	0.3632335129990919	atman	0.103	
PT1-PR1	PLIN3	0.2313899999999999	0.1073133727989148	0.3632335129990919	atman	0.103	
PT1-PR1	SPTLC1	0.1805699999999999	0.1076880376212379	0.3640822261578791	atman	0.103	
PT1-PR1	RPE	0.376175	0.1080304385002166	0.3648200325444098	atman	0.103	
PT1-PR1	NIT2	0.7062299999999999	0.1085939701527998	0.3661403459054302	atman	0.103	
PT1-PR1	RBM19	0.36312	0.1086706540604272	0.3661403459054302	atman	0.103	
PT1-PR1	RNASE4	0.2724499999999999	0.1091973845434313	0.367493603423369	atman	0.103	
PT1-PR1	GLRX5	0.3867625	0.1098184229255943	0.3691607855324897	atman	0.103	
PT1-PR1	DNAJB6	0.530875	0.1105374343371274	0.3707294316010052	atman	0.103	
PT1-PR1	HAVCR1	0.0692	0.1104893946781087	0.3707294316010052	atman	0.103	
PT1-PR1	PFKFB2	0.38862	0.111079818777988	0.3715236113337901	atman	0.103	
PT1-PR1	DMD	0.3698666666666666	0.1110094243686514	0.3715236113337901	atman	0.103	
PT1-PR1	NOTCH1	0.0635999999999999	0.1111535923629685	0.3715236113337901	atman	0.103	
PT1-PR1	DDX25	0.2681	0.1118519379375184	0.3726594973268097	atman	0.103	
PT1-PR1	TSHB	-0.2222099999999999	0.1119604597978918	0.3726594973268097	atman	0.103	
PT1-PR1	EPHA1	0.15096	0.1116416928606711	0.3726594973268097	atman	0.103	
PT1-PR1	ANGPT2	0.12352	0.1121276363638188	0.3726594973268097	atman	0.103	
PT1-PR1	HMCN2	-0.0940624999999999	0.1120997540872128	0.3726594973268097	atman	0.103	
PT1-PR1	CCL11	-0.1044799999999999	0.1126334833061575	0.373749454663433	atman	0.103	
PT1-PR1	PAMR1	0.06484	0.1127100125363518	0.373749454663433	atman	0.103	
PT1-PR1	TF	0.1806699999999999	0.1129878257892396	0.3742482888035918	atman	0.103	
PT1-PR1	GRHPR	0.48301	0.113125909133791	0.3742836948593222	atman	0.103	
PT1-PR1	DARS1	0.6599444444444444	0.1133022771773091	0.3744455459470576	atman	0.103	
PT1-PR1	CASP9	0.5135625	0.1138947110914896	0.3759805181874118	atman	0.103	
PT1-PR1	DCTN2	0.6487	0.1148410444397858	0.3760346551265175	atman	0.103	
PT1-PR1	CHMP1A	0.5769555555555557	0.1157251682217217	0.3760346551265175	atman	0.103	
PT1-PR1	ATXN10	0.4714777777777778	0.116086940844027	0.3760346551265175	atman	0.103	
PT1-PR1	BRK1	-0.4188888888888889	0.1153833297629429	0.3760346551265175	atman	0.103	
PT1-PR1	ANGPT1	0.4057799999999999	0.1146750145427659	0.3760346551265175	atman	0.103	
PT1-PR1	BCL7B	0.40523	0.1149605524664958	0.3760346551265175	atman	0.103	
PT1-PR1	MNAT1	0.3859375	0.1142387272861555	0.3760346551265175	atman	0.103	
PT1-PR1	AHCY	0.2930899999999999	0.1151648044647666	0.3760346551265175	atman	0.103	
PT1-PR1	LILRA3	0.24496	0.1153692884443151	0.3760346551265175	atman	0.103	
PT1-PR1	CD5L	0.22178	0.1147140640514079	0.3760346551265175	atman	0.103	
PT1-PR1	PTGR1	0.21771	0.1150159381960478	0.3760346551265175	atman	0.103	
PT1-PR1	CACNA1H	-0.19639	0.1158805550728432	0.3760346551265175	atman	0.103	
PT1-PR1	BTN1A1	0.1692699999999999	0.1155411988276913	0.3760346551265175	atman	0.103	
PT1-PR1	NEB	-0.1256	0.1156660198655101	0.3760346551265175	atman	0.103	
PT1-PR1	TEK	0.08813	0.115989966223833	0.3760346551265175	atman	0.103	
PT1-PR1	MET	0.08802	0.1141974698515331	0.3760346551265175	atman	0.103	
PT1-PR1	PLTP	0.0840099999999999	0.1160601472507516	0.3760346551265175	atman	0.103	
PT1-PR1	MUC13	0.3852555555555555	0.1181474995462807	0.3773014713771445	atman	0.103	
PT1-PR1	LPA	0.36406	0.118116334028435	0.3773014713771445	atman	0.103	
PT1-PR1	TOMM20	0.3287	0.1177689962289392	0.3773014713771445	atman	0.103	
PT1-PR1	SERPINB9	0.2894111111111111	0.1178964865877116	0.3773014713771445	atman	0.103	
PT1-PR1	FOSB	-0.2724	0.1180730466995101	0.3773014713771445	atman	0.103	
PT1-PR1	TERF1	0.223625	0.117096410980847	0.3773014713771445	atman	0.103	
PT1-PR1	ABRAXAS2	0.20031	0.1174386925008759	0.3773014713771445	atman	0.103	
PT1-PR1	APOA1	0.1951699999999999	0.117274412868483	0.3773014713771445	atman	0.103	
PT1-PR1	ZNRD2	0.1889399999999999	0.117799137768878	0.3773014713771445	atman	0.103	
PT1-PR1	MORC3	0.1237699999999999	0.1176146733398084	0.3773014713771445	atman	0.103	
PT1-PR1	CD14	0.1217099999999999	0.1168605466174714	0.3773014713771445	atman	0.103	
PT1-PR1	MSR1	0.09431	0.1168590260737982	0.3773014713771445	atman	0.103	
PT1-PR1	TNFRSF1B	-0.0926	0.1172255897196818	0.3773014713771445	atman	0.103	
PT1-PR1	PODXL2	0.06567	0.1185764836799401	0.3782602704144018	atman	0.103	
PT1-PR1	MTSS2	0.54161	0.1192778556107498	0.3797418713267157	atman	0.103	
PT1-PR1	CRYGD	0.4470599999999999	0.1192994374521982	0.3797418713267157	atman	0.103	
PT1-PR1	NUMB	0.3668875	0.1195103689612633	0.3800015844244498	atman	0.103	
PT1-PR1	IL6	0.5076800000000001	0.1196828633553912	0.3801386513925832	atman	0.103	
PT1-PR1	ADAM8	0.08922	0.1199828178564865	0.3806798259852673	atman	0.103	
PT1-PR1	ANXA11	0.417725	0.1202817431850986	0.3808057774545472	atman	0.103	
PT1-PR1	ADAMTS15	0.12355	0.1202277715842636	0.3808057774545472	atman	0.103	
PT1-PR1	HBEGF	0.22703	0.1205160806259892	0.3811369697299855	atman	0.103	
PT1-PR1	SLK	0.30935	0.1209188250040522	0.3811797294655639	atman	0.103	
PT1-PR1	DBH	0.19909	0.1209149340000865	0.3811797294655639	atman	0.103	
PT1-PR1	S100A11	0.16892	0.1207907390440752	0.3811797294655639	atman	0.103	
PT1-PR1	PYY	-0.34637	0.1211132705322823	0.3813834821263083	atman	0.103	
PT1-PR1	C2orf69	0.3542555555555555	0.1212897862185566	0.3815303981907061	atman	0.103	
PT1-PR1	TRAF2	0.6594125000000001	0.1216312352749942	0.3821952612170406	atman	0.103	
PT1-PR1	BRSK2	0.52011	0.1219976658524857	0.3824897283597288	atman	0.103	
PT1-PR1	KHK	0.2103888888888888	0.1220250207856985	0.3824897283597288	atman	0.103	
PT1-PR1	AMY1A_AMY1B_AMY1C	0.12678	0.1221155089181162	0.3824897283597288	atman	0.103	
PT1-PR1	DDHD2	0.4495599999999999	0.1234704113587925	0.3851915047279255	atman	0.103	
PT1-PR1	TRIM24	0.3366625	0.1231981191242617	0.3851915047279255	atman	0.103	
PT1-PR1	HIF1A	0.1796875	0.1232914793100838	0.3851915047279255	atman	0.103	
PT1-PR1	VCAM1	0.0798	0.1235025178535418	0.3851915047279255	atman	0.103	
PT1-PR1	MMUT	0.4627	0.124373381634212	0.386676185440545	atman	0.103	
PT1-PR1	CFP	0.14751	0.1242598462129824	0.386676185440545	atman	0.103	
PT1-PR1	HSPG2	0.08107	0.124126116789899	0.386676185440545	atman	0.103	
PT1-PR1	DXO	0.2478899999999999	0.1247373820122104	0.3870268886678613	atman	0.103	
PT1-PR1	THBS2	-0.0615699999999999	0.1247496472322888	0.3870268886678613	atman	0.103	
PT1-PR1	ARHGAP45	0.5333375000000001	0.1251875019047794	0.3879756124432933	atman	0.103	
PT1-PR1	RSPO3	0.12017	0.1254758002701961	0.3884593268638948	atman	0.103	
PT1-PR1	GGT5	0.0906777777777777	0.1256190219364972	0.3884933541572934	atman	0.103	
PT1-PR1	NFU1	0.5129399999999998	0.1266278311782616	0.3912014384876262	atman	0.103	
PT1-PR1	CD3D	0.1876624999999999	0.127053630035568	0.3918586817277383	atman	0.103	
PT1-PR1	PENK	-0.1645999999999999	0.1271073259654644	0.3918586817277383	atman	0.103	
PT1-PR1	TTR	0.17861	0.1273356240546443	0.3921510099292926	atman	0.103	
PT1-PR1	SORBS1	0.1335599999999999	0.1276163307454956	0.392298797734521	atman	0.103	
PT1-PR1	PEAR1	0.10242	0.127650663932676	0.392298797734521	atman	0.103	
PT1-PR1	MYOM2	0.34587	0.1284300274821315	0.3938699590214012	atman	0.103	
PT1-PR1	NELL2	0.10871	0.1283836951373191	0.3938699590214012	atman	0.103	
PT1-PR1	BID	0.8519375	0.1289919509212624	0.3947691164652803	atman	0.103	
PT1-PR1	MEGF9	0.06111	0.1289865351737917	0.3947691164652803	atman	0.103	
PT1-PR1	CRYZL1	0.577677777777778	0.1293256262827617	0.3952824917893385	atman	0.103	
PT1-PR1	RAPGEF2	0.5543125	0.1295633218492624	0.3952824917893385	atman	0.103	
PT1-PR1	TNFRSF13B	0.1013899999999999	0.1295006768808837	0.3952824917893385	atman	0.103	
PT1-PR1	DNAJB8	0.2582099999999999	0.1298995837455097	0.3958972790916052	atman	0.103	
PT1-PR1	ACE	0.13483	0.1308769540678627	0.3978364162294138	atman	0.103	
PT1-PR1	FGF23	-0.11059	0.1308066363717461	0.3978364162294138	atman	0.103	
PT1-PR1	CR2	0.08106	0.1309420743682243	0.3978364162294138	atman	0.103	
PT1-PR1	KLRK1	0.13362	0.1311012333447596	0.3979084954203552	atman	0.103	
PT1-PR1	BRD1	0.3075624999999999	0.1315932731873756	0.398441771181234	atman	0.103	
PT1-PR1	PTPRB	0.1817	0.131683784825384	0.398441771181234	atman	0.103	
PT1-PR1	KIT	0.0749399999999999	0.1315327343303542	0.398441771181234	atman	0.103	
PT1-PR1	FUT3_FUT5	0.08118	0.1321446944238007	0.3994250125690602	atman	0.103	
PT1-PR1	ADAMTS13	0.0808999999999999	0.1323706693513415	0.3996968412684907	atman	0.103	
PT1-PR1	NOTCH2	0.24579	0.1327850957463336	0.400536561912452	atman	0.103	
PT1-PR1	NT5C1A	0.2057899999999999	0.1330597245359772	0.4009533032684114	atman	0.103	
PT1-PR1	PPP2R5A	0.3830699999999999	0.1334235708637696	0.4012329863301714	atman	0.103	
PT1-PR1	KLF4	-0.3657249999999999	0.1339719399557175	0.4012329863301714	atman	0.103	
PT1-PR1	DENND2B	-0.2519799999999999	0.1339144650656138	0.4012329863301714	atman	0.103	
PT1-PR1	RIPK4	-0.22194	0.1336478094641817	0.4012329863301714	atman	0.103	
PT1-PR1	RRM2	0.1721099999999999	0.1338862428220528	0.4012329863301714	atman	0.103	
PT1-PR1	FCGR3B	0.08329	0.133810109935988	0.4012329863301714	atman	0.103	
PT1-PR1	MAX	0.3538555555555555	0.1348662264684659	0.4026273903403381	atman	0.103	
PT1-PR1	FGL1	0.23898	0.1346931408469778	0.4026273903403381	atman	0.103	
PT1-PR1	PLB1	0.2333899999999999	0.1347123640106002	0.4026273903403381	atman	0.103	
PT1-PR1	HLA-E	0.116525	0.1349856975783638	0.4026273903403381	atman	0.103	
PT1-PR1	BTN2A1	0.06438	0.1352573328461486	0.4030284420912622	atman	0.103	
PT1-PR1	LTBP3	0.13135	0.1356512082522156	0.4033838561184307	atman	0.103	
PT1-PR1	CPE	0.12823	0.1355836799021759	0.4033838561184307	atman	0.103	
PT1-PR1	TARM1	-0.4142555555555556	0.136224990752128	0.4041251000726499	atman	0.103	
PT1-PR1	PTPN9	-0.3269874999999999	0.1363673964717424	0.4041251000726499	atman	0.103	
PT1-PR1	CD84	0.192375	0.1366646453523883	0.4041251000726499	atman	0.103	
PT1-PR1	IFI30	0.1336099999999999	0.1367732648800896	0.4041251000726499	atman	0.103	
PT1-PR1	CTSC	0.1227999999999999	0.1368633337550329	0.4041251000726499	atman	0.103	
PT1-PR1	COL6A3	0.09921	0.1367581578675512	0.4041251000726499	atman	0.103	
PT1-PR1	CDH5	0.0613899999999999	0.1360498258054618	0.4041251000726499	atman	0.103	
PT1-PR1	MPRIP	0.3720499999999999	0.1378427773914377	0.404616488588769	atman	0.103	
PT1-PR1	CEP20	0.2803599999999999	0.1371838561942286	0.404616488588769	atman	0.103	
PT1-PR1	PPY	-0.26215	0.137459887708937	0.404616488588769	atman	0.103	
PT1-PR1	PI3	0.24859	0.137815126598382	0.404616488588769	atman	0.103	
PT1-PR1	IDUA	0.09891	0.1375895549310071	0.404616488588769	atman	0.103	
PT1-PR1	LCN2	0.07944	0.1378560602713947	0.404616488588769	atman	0.103	
PT1-PR1	C1QTNF6	0.24706	0.1383775032581722	0.4053370932926321	atman	0.103	
PT1-PR1	ADGRD1	0.0645624999999999	0.1382930069155574	0.4053370932926321	atman	0.103	
PT1-PR1	HRC	-0.0888	0.1386504899882359	0.4057322107424673	atman	0.103	
PT1-PR1	DCDC2C	0.8363399999999999	0.1416211203785677	0.4059140661406706	atman	0.103	
PT1-PR1	IRAK4	0.5420375	0.1414945151469042	0.4059140661406706	atman	0.103	
PT1-PR1	EBAG9	0.4986333333333334	0.1390721552109899	0.4059140661406706	atman	0.103	
PT1-PR1	ITM2A	-0.37875	0.1414458251572743	0.4059140661406706	atman	0.103	
PT1-PR1	RALB	0.36995	0.1408714197455041	0.4059140661406706	atman	0.103	
PT1-PR1	GAPDH	0.3118625	0.1398651520156792	0.4059140661406706	atman	0.103	
PT1-PR1	BGLAP	0.2299399999999999	0.1414376650906286	0.4059140661406706	atman	0.103	
PT1-PR1	PTPRZ1	0.2231999999999999	0.1408613877421114	0.4059140661406706	atman	0.103	
PT1-PR1	HK2	-0.21567	0.1389263940708986	0.4059140661406706	atman	0.103	
PT1-PR1	EPHA4	0.211725	0.1396699969412589	0.4059140661406706	atman	0.103	
PT1-PR1	PRG3	0.19926	0.14008304713508	0.4059140661406706	atman	0.103	
PT1-PR1	SHBG	0.1962399999999999	0.1414784096520576	0.4059140661406706	atman	0.103	
PT1-PR1	ADH1B	0.1903124999999999	0.1402362209593239	0.4059140661406706	atman	0.103	
PT1-PR1	THPO	-0.1872599999999999	0.1415599617689673	0.4059140661406706	atman	0.103	
PT1-PR1	RBP5	0.1767399999999999	0.140401591760384	0.4059140661406706	atman	0.103	
PT1-PR1	SERPING1	0.1561699999999999	0.1414812557310754	0.4059140661406706	atman	0.103	
PT1-PR1	DNM3	0.13601	0.1394122100566859	0.4059140661406706	atman	0.103	
PT1-PR1	SERPINC1	0.1212399999999999	0.140311618536582	0.4059140661406706	atman	0.103	
PT1-PR1	SMOC2	0.1133099999999999	0.1409949185456751	0.4059140661406706	atman	0.103	
PT1-PR1	GC	0.11193	0.139616491262466	0.4059140661406706	atman	0.103	
PT1-PR1	TNFRSF10B	0.0871111111111111	0.1407592103582782	0.4059140661406706	atman	0.103	
PT1-PR1	CD177	0.07317	0.1417521551600844	0.4059140661406706	atman	0.103	
PT1-PR1	ADGRF5	0.2433	0.1422676766148654	0.4065869324911227	atman	0.103	
PT1-PR1	FGR	0.2360666666666666	0.1423286323278449	0.4065869324911227	atman	0.103	
PT1-PR1	MANSC1	0.10268	0.1424022986839228	0.4065869324911227	atman	0.103	
PT1-PR1	PSTPIP2	0.5885625	0.1428547824008781	0.4074828647512426	atman	0.103	
PT1-PR1	RELT	0.0686199999999999	0.1430455732754876	0.4076313232622527	atman	0.103	
PT1-PR1	RBP1	-0.1847	0.1431971733026222	0.4076679216696746	atman	0.103	
PT1-PR1	CNP	0.511511111111111	0.1434553216718557	0.4080074879689371	atman	0.103	
PT1-PR1	IKZF2	-0.22901	0.143752241950263	0.4084565636845965	atman	0.103	
PT1-PR1	IL17D	-0.16179	0.144162157196813	0.4092255244871852	atman	0.103	
PT1-PR1	BRD3	-0.37253	0.1446999966701736	0.4103557820627125	atman	0.103	
PT1-PR1	TP53	0.5994300000000001	0.144948825638475	0.4106650431300284	atman	0.103	
PT1-PR1	CST7	0.153	0.1455280350898016	0.4119088314969529	atman	0.103	
PT1-PR1	DNAJA4	-0.5185099999999999	0.1457980608444358	0.4122759410596269	atman	0.103	
PT1-PR1	CNTNAP4	0.2693444444444444	0.1460408192996598	0.412565314521539	atman	0.103	
PT1-PR1	TPK1	0.25788	0.1469116723179948	0.4134353383814835	atman	0.103	
PT1-PR1	NUP50	-0.1145099999999999	0.1466856322720837	0.4134353383814835	atman	0.103	
PT1-PR1	DRAXIN	0.1103222222222222	0.1468429382197009	0.4134353383814835	atman	0.103	
PT1-PR1	DPP4	0.08131	0.1465865765180294	0.4134353383814835	atman	0.103	
PT1-PR1	SRPX	0.21297	0.1473366202346873	0.4142344404301543	atman	0.103	
PT1-PR1	TBCC	0.4298444444444444	0.1478800146305534	0.4149679875688309	atman	0.103	
PT1-PR1	RNF41	0.3426500000000001	0.1478720176492198	0.4149679875688309	atman	0.103	
PT1-PR1	DBI	0.3444399999999999	0.1492216892507383	0.4183333234910965	atman	0.103	
PT1-PR1	ARG1	-0.55273	0.1499347347780344	0.418567527442974	atman	0.103	
PT1-PR1	C4BPB	0.1352199999999999	0.1500175651454907	0.418567527442974	atman	0.103	
PT1-PR1	TNFSF10	-0.07943	0.1496995596795394	0.418567527442974	atman	0.103	
PT1-PR1	LEG1	0.0664375	0.1497889679378974	0.418567527442974	atman	0.103	
PT1-PR1	VEGFD	0.0532999999999999	0.1495532192673998	0.418567527442974	atman	0.103	
PT1-PR1	SLMAP	0.5494799999999999	0.1511652948344688	0.4213696738364985	atman	0.103	
PT1-PR1	PRTFDC1	0.5828000000000001	0.1516563504817221	0.4214768127980317	atman	0.103	
PT1-PR1	GTPBP2	0.5057555555555555	0.1519117759479435	0.4214768127980317	atman	0.103	
PT1-PR1	MECR	0.4040222222222222	0.1516625262214725	0.4214768127980317	atman	0.103	
PT1-PR1	SH3BP1	0.15491	0.1518340799564859	0.4214768127980317	atman	0.103	
PT1-PR1	QSOX1	0.12013	0.1519210159132455	0.4214768127980317	atman	0.103	
PT1-PR1	FCGR2B	0.6510800000000001	0.152704008536046	0.4216712795060666	atman	0.103	
PT1-PR1	LCP1	0.27893	0.152566604745167	0.4216712795060666	atman	0.103	
PT1-PR1	MMP8	0.2736599999999999	0.1522466547160177	0.4216712795060666	atman	0.103	
PT1-PR1	RLN2	0.2545749999999999	0.1524852226811546	0.4216712795060666	atman	0.103	
PT1-PR1	TIMP1	0.0864	0.1527087274998144	0.4216712795060666	atman	0.103	
PT1-PR1	UXS1	0.20464	0.1533201949677352	0.4226774518811643	atman	0.103	
PT1-PR1	SEMA4D	0.15108	0.1535047110814167	0.4226774518811643	atman	0.103	
PT1-PR1	PTPRS	0.09201	0.1533808393907652	0.4226774518811643	atman	0.103	
PT1-PR1	NAMPT	0.43015	0.1537771597992079	0.4230311755525027	atman	0.103	
PT1-PR1	VPS37A	0.3798	0.1540486680320874	0.4233630483907403	atman	0.103	
PT1-PR1	FCRL3	0.3073599999999999	0.1543300969457055	0.4233630483907403	atman	0.103	
PT1-PR1	HDAC8	0.243775	0.1542213077062519	0.4233630483907403	atman	0.103	
PT1-PR1	TPPP3	0.2691222222222222	0.1559038777068786	0.4268831246065325	atman	0.103	
PT1-PR1	CFH	0.21083	0.1558331143178764	0.4268831246065325	atman	0.103	
PT1-PR1	CYB5R2	0.0958899999999999	0.1562046385086515	0.4273084059016929	atman	0.103	
PT1-PR1	QDPR	0.22158	0.1563919922897048	0.4274229519508397	atman	0.103	
PT1-PR1	KRT8	-0.6939749999999999	0.1579773163427831	0.4279367017677358	atman	0.103	
PT1-PR1	NFKB1	0.44627	0.158320534198636	0.4279367017677358	atman	0.103	
PT1-PR1	SCT	-0.3876666666666667	0.1581437112371786	0.4279367017677358	atman	0.103	
PT1-PR1	GGACT	0.30571	0.1567993200623365	0.4279367017677358	atman	0.103	
PT1-PR1	CALCOCO2	0.305611111111111	0.1584852088851203	0.4279367017677358	atman	0.103	
PT1-PR1	SMNDC1	0.26017	0.1578175809467699	0.4279367017677358	atman	0.103	
PT1-PR1	BCHE	0.19654	0.1584158940091529	0.4279367017677358	atman	0.103	
PT1-PR1	MPI	0.19221	0.1576437240824386	0.4279367017677358	atman	0.103	
PT1-PR1	SERPINA4	0.1870899999999999	0.1586191518805528	0.4279367017677358	atman	0.103	
PT1-PR1	IL13	-0.15277	0.1583298696140933	0.4279367017677358	atman	0.103	
PT1-PR1	TGFBR3	-0.10402	0.1569130020616587	0.4279367017677358	atman	0.103	
PT1-PR1	CD300LF	0.0831899999999999	0.158224750244301	0.4279367017677358	atman	0.103	
PT1-PR1	LAYN	-0.0694	0.157388544314087	0.4279367017677358	atman	0.103	
PT1-PR1	HYOU1	0.0555499999999999	0.1573332353364103	0.4279367017677358	atman	0.103	
PT1-PR1	PIKFYVE	0.4216750000000001	0.1591351289913494	0.4289348706207198	atman	0.103	
PT1-PR1	MAN2B2	0.20566	0.1594184907345295	0.4293047898973856	atman	0.103	
PT1-PR1	CDC27	0.31238	0.1599240439040021	0.430099912054971	atman	0.103	
PT1-PR1	CFB	0.2308799999999999	0.1600065363771556	0.430099912054971	atman	0.103	
PT1-PR1	BCL2	0.18673	0.160213340974535	0.4302621533667128	atman	0.103	
PT1-PR1	LEP	0.29419	0.1605431775339569	0.4303032712367902	atman	0.103	
PT1-PR1	AFAP1	-0.211825	0.1605734701744414	0.4303032712367902	atman	0.103	
PT1-PR1	CEP112	-0.13237	0.160668035584329	0.4303032712367902	atman	0.103	
PT1-PR1	CTAG1A_CTAG1B	-0.5277000000000001	0.161102558313573	0.4304231445036452	atman	0.103	
PT1-PR1	COMMD1	0.3459666666666667	0.1611523005289346	0.4304231445036452	atman	0.103	
PT1-PR1	FKBP7	-0.2723777777777778	0.1608894139268086	0.4304231445036452	atman	0.103	
PT1-PR1	HTR1B	-0.3792875	0.1625890035457826	0.4338660239941048	atman	0.103	
PT1-PR1	SCARB1	-0.2840444444444444	0.1631429645595645	0.4349492104137937	atman	0.103	
PT1-PR1	CLASP1	0.5609400000000001	0.1633765547724488	0.4351770788045827	atman	0.103	
PT1-PR1	GRPEL1	0.15603	0.1636014182673593	0.4353813105702007	atman	0.103	
PT1-PR1	TFAP2A	-0.2906125	0.1641581533855107	0.4360729246352898	atman	0.103	
PT1-PR1	RGMB	0.0857699999999999	0.1640473291262569	0.4360729246352898	atman	0.103	
PT1-PR1	UROS	-0.4495666666666666	0.1645060347124187	0.4362408070590612	atman	0.103	
PT1-PR1	METAP2	0.4378	0.1645183166172361	0.4362408070590612	atman	0.103	
PT1-PR1	TGM2	-0.4522599999999999	0.1648570421033039	0.4367448058606917	atman	0.103	
PT1-PR1	CC2D1A	0.5717444444444444	0.1663535974018783	0.437945223267669	atman	0.103	
PT1-PR1	FBN2	0.4963777777777777	0.1660581278470503	0.437945223267669	atman	0.103	
PT1-PR1	MRPL24	-0.4065500000000001	0.1662016264679888	0.437945223267669	atman	0.103	
PT1-PR1	APEX1	0.31151	0.166271173472484	0.437945223267669	atman	0.103	
PT1-PR1	SOX2	0.19871	0.1659580972000278	0.437945223267669	atman	0.103	
PT1-PR1	ATRAID	0.1160399999999999	0.1660355113085265	0.437945223267669	atman	0.103	
PT1-PR1	C1QA	0.03762	0.1654694701080301	0.437945223267669	atman	0.103	
PT1-PR1	GSTA3	-0.31337	0.1672350611456667	0.4392511516345002	atman	0.103	
PT1-PR1	CLIC5	0.1767222222222222	0.1672981751800564	0.4392511516345002	atman	0.103	
PT1-PR1	SSC4D	0.0841099999999999	0.167209529712252	0.4392511516345002	atman	0.103	
PT1-PR1	ATOX1	0.3687	0.1675528521636553	0.4395270354078744	atman	0.103	
PT1-PR1	CD164	0.23197	0.1684224390708362	0.4414140285371247	atman	0.103	
PT1-PR1	CEP85	0.46731	0.1693063817204749	0.4433352491040601	atman	0.103	
PT1-PR1	NHLRC3	0.087	0.1696483742619456	0.4438351946407804	atman	0.103	
PT1-PR1	COPB2	0.51994	0.1698797096198776	0.4439796539566261	atman	0.103	
PT1-PR1	TNFAIP8L2	0.2748	0.1701569402161882	0.4439796539566261	atman	0.103	
PT1-PR1	FOLR1	0.12104	0.1701055529086734	0.4439796539566261	atman	0.103	
PT1-PR1	L3HYPDH	0.36011	0.1704787228557633	0.4444245676577043	atman	0.103	
PT1-PR1	ITGB1BP1	0.3816799999999999	0.1706973187774849	0.4444547508246231	atman	0.103	
PT1-PR1	NMRK2	-0.1123099999999999	0.1707928569370318	0.4444547508246231	atman	0.103	
PT1-PR1	NPPC	-0.1160625	0.1710641774767243	0.4447668614394832	atman	0.103	
PT1-PR1	SLC4A1	-0.4270899999999999	0.1716513007080231	0.4458987811495774	atman	0.103	
PT1-PR1	RET	0.0473399999999999	0.1719455115404153	0.4462684742983572	atman	0.103	
PT1-PR1	NPHS2	0.1892124999999999	0.1721525293869885	0.4464114133618467	atman	0.103	
PT1-PR1	SPRED2	0.3675625	0.1728202345643823	0.447656583174977	atman	0.103	
PT1-PR1	FGF19	-0.21029	0.1729378388706397	0.447656583174977	atman	0.103	
PT1-PR1	XPNPEP2	0.07342	0.1732377425577143	0.447656583174977	atman	0.103	
PT1-PR1	CD99	0.0529899999999999	0.1732421834819431	0.447656583174977	atman	0.103	
PT1-PR1	PPM1F	0.32427	0.1734219025915671	0.4477271966731319	atman	0.103	
PT1-PR1	LMOD1	-0.602375	0.1736691391556069	0.4477889452645226	atman	0.103	
PT1-PR1	TPPP2	0.5332875	0.1738631969126285	0.4477889452645226	atman	0.103	
PT1-PR1	MAGED1	-0.3761199999999999	0.1740328867657226	0.4477889452645226	atman	0.103	
PT1-PR1	PDGFC	0.20741	0.1745127101184065	0.4477889452645226	atman	0.103	
PT1-PR1	LAMTOR5	0.17936	0.1744058711176352	0.4477889452645226	atman	0.103	
PT1-PR1	ITGB6	0.15314	0.1741826938216573	0.4477889452645226	atman	0.103	
PT1-PR1	ADAM15	0.1061299999999999	0.174289224570878	0.4477889452645226	atman	0.103	
PT1-PR1	B2M	0.16596	0.1747379448015755	0.4479756385925209	atman	0.103	
PT1-PR1	GOLM2	0.09556	0.1751493257746363	0.4486388135360781	atman	0.103	
PT1-PR1	PSMD9	-0.45583	0.175452199814371	0.4490231385493223	atman	0.103	
PT1-PR1	ADAMTSL4	0.1311333333333333	0.1760317622795164	0.4501142885789551	atman	0.103	
PT1-PR1	PCDHB15	0.13334	0.1764195895142548	0.4507136991242441	atman	0.103	
PT1-PR1	GTF2IRD1	0.1163124999999999	0.1773744056383175	0.4523663227130008	atman	0.103	
PT1-PR1	OGN	0.07008	0.1772695835546431	0.4523663227130008	atman	0.103	
PT1-PR1	KRT5	0.2540333333333333	0.1780680020472451	0.4537413616780627	atman	0.103	
PT1-PR1	HRG	0.21698	0.1782547620228636	0.4538236488935644	atman	0.103	
PT1-PR1	BCR	0.17515	0.1784833129940999	0.4540120983347753	atman	0.103	
PT1-PR1	CENPJ	0.5151000000000001	0.1799619335277742	0.4559792907938993	atman	0.103	
PT1-PR1	LRP2BP	0.4727666666666666	0.1796949264310408	0.4559792907938993	atman	0.103	
PT1-PR1	JPT2	0.3276300000000001	0.1802969238487806	0.4559792907938993	atman	0.103	
PT1-PR1	LONP1	0.3239666666666667	0.1794327169104002	0.4559792907938993	atman	0.103	
PT1-PR1	PXN	-0.2326	0.1804813542784586	0.4559792907938993	atman	0.103	
PT1-PR1	VNN1	0.18537	0.1804982692965639	0.4559792907938993	atman	0.103	
PT1-PR1	FCRL6	-0.1254249999999999	0.1800779732067372	0.4559792907938993	atman	0.103	
PT1-PR1	MCAM	0.11265	0.1800990653015937	0.4559792907938993	atman	0.103	
PT1-PR1	HPGDS	-0.17128	0.1808539104155042	0.45648521374635	atman	0.103	
PT1-PR1	CXCL12	0.2728900000000001	0.1810679525574943	0.4566331713424191	atman	0.103	
PT1-PR1	MMP13	-0.2122444444444444	0.1815570523194318	0.4574739448666302	atman	0.103	
PT1-PR1	FUS	-0.14267	0.182460302753769	0.4593559292978349	atman	0.103	
PT1-PR1	GPHA2	0.06305	0.1828113847547907	0.4598457606246363	atman	0.103	
PT1-PR1	ITIH3	0.1747299999999999	0.1830098168787182	0.459951105209302	atman	0.103	
PT1-PR1	PHLDB1	0.39444	0.1833318443291953	0.460366631315535	atman	0.103	
PT1-PR1	DDX1	0.4050899999999999	0.1847398894257179	0.4620039827509227	atman	0.103	
PT1-PR1	FABP5	0.3431100000000001	0.1847701428632859	0.4620039827509227	atman	0.103	
PT1-PR1	EDF1	0.30294	0.1846665951702224	0.4620039827509227	atman	0.103	
PT1-PR1	VSNL1	0.12671	0.1846284102817601	0.4620039827509227	atman	0.103	
PT1-PR1	IL18BP	0.0832099999999999	0.1847253990879362	0.4620039827509227	atman	0.103	
PT1-PR1	PNMA1	0.2944	0.1855533173642909	0.4627806845639106	atman	0.103	
PT1-PR1	TXLNA	0.2767888888888888	0.1853533880304825	0.4627806845639106	atman	0.103	
PT1-PR1	KLK3	0.11417	0.1854826895909496	0.4627806845639106	atman	0.103	
PT1-PR1	OMG	-0.36876	0.18594119012171	0.4633547214398508	atman	0.103	
PT1-PR1	IGFBP4	0.05978	0.1862400084226854	0.4637060548693642	atman	0.103	
PT1-PR1	DPEP2	0.10805	0.1864815753296178	0.4639143677547986	atman	0.103	
PT1-PR1	TRAF3IP2	0.19758	0.1869513632172637	0.4646895982506943	atman	0.103	
PT1-PR1	NPTX2	0.15579	0.1873474238536938	0.4652804152849979	atman	0.103	
PT1-PR1	SNX15	-0.308625	0.1878097045846418	0.4659758328800086	atman	0.103	
PT1-PR1	TXN	0.21545	0.1879446432821001	0.4659758328800086	atman	0.103	
PT1-PR1	PDIA2	0.4085500000000001	0.1882627551945639	0.4663709736607325	atman	0.103	
PT1-PR1	LAMP1	0.13372	0.1885446529331447	0.4664063865873961	atman	0.103	
PT1-PR1	CAPS	0.0566099999999999	0.1885945497841479	0.4664063865873961	atman	0.103	
PT1-PR1	DCBLD2	0.0962999999999999	0.1889766356435229	0.4667829942431534	atman	0.103	
PT1-PR1	GUSB	0.0771599999999999	0.1890645892271452	0.4667829942431534	atman	0.103	
PT1-PR1	LATS1	0.6214875	0.1894699649542643	0.4669004637235742	atman	0.103	
PT1-PR1	DNAJC6	0.4306888888888889	0.1895781188531351	0.4669004637235742	atman	0.103	
PT1-PR1	APOBR	-0.1539666666666666	0.1895889221314581	0.4669004637235742	atman	0.103	
PT1-PR1	BDNF	0.48618	0.1902747010953629	0.467579522710467	atman	0.103	
PT1-PR1	DDAH1	0.11979	0.1903421065901016	0.467579522710467	atman	0.103	
PT1-PR1	MUC2	-0.10634	0.1902513546597486	0.467579522710467	atman	0.103	
PT1-PR1	CARHSP1	-0.6335999999999999	0.1908574784717882	0.4678993083835776	atman	0.103	
PT1-PR1	ANXA2	0.2090777777777777	0.1906707998275003	0.4678993083835776	atman	0.103	
PT1-PR1	KCNIP4	0.1723777777777778	0.1909500581184171	0.4678993083835776	atman	0.103	
PT1-PR1	RABEP1	0.4583249999999998	0.1922707420576559	0.4686880630811272	atman	0.103	
PT1-PR1	PLPBP	0.44777	0.1925481593393194	0.4686880630811272	atman	0.103	
PT1-PR1	PREB	-0.1898099999999999	0.1922664451784788	0.4686880630811272	atman	0.103	
PT1-PR1	HGFAC	0.1851099999999999	0.1919367093655417	0.4686880630811272	atman	0.103	
PT1-PR1	MTPN	0.15491	0.1917802813651943	0.4686880630811272	atman	0.103	
PT1-PR1	NAAA	0.1121777777777777	0.1925471235265343	0.4686880630811272	atman	0.103	
PT1-PR1	CRTAM	0.0880777777777777	0.1914525907785882	0.4686880630811272	atman	0.103	
PT1-PR1	CD207	-0.06106	0.192465542662521	0.4686880630811272	atman	0.103	
PT1-PR1	AIF1L	-0.1585888888888889	0.1927265884739024	0.4687340371989448	atman	0.103	
PT1-PR1	SNAPIN	0.27998	0.1928892974608724	0.4687417336145932	atman	0.103	
PT1-PR1	F13B	0.19163	0.1935919998451767	0.4700605748306853	atman	0.103	
PT1-PR1	RWDD1	0.39546	0.1939158668212148	0.4703485514281824	atman	0.103	
PT1-PR1	CGA	0.2096599999999999	0.1941908757257948	0.4703485514281824	atman	0.103	
PT1-PR1	ITGAV	-0.04597	0.1940691934519116	0.4703485514281824	atman	0.103	
PT1-PR1	TTN	-0.22754	0.1954895956245836	0.4731041449300056	atman	0.103	
PT1-PR1	CTSD	0.03195	0.196250516367618	0.4745547465745364	atman	0.103	
PT1-PR1	HMGCL	0.2278222222222222	0.1966739922891509	0.4747971974901606	atman	0.103	
PT1-PR1	APP	0.19207	0.1965815512531878	0.4747971974901606	atman	0.103	
PT1-PR1	RPA2	0.399475	0.1971326824701871	0.4755138104248028	atman	0.103	
PT1-PR1	CLSPN	-0.1412666666666666	0.1977572639308853	0.4766290741828886	atman	0.103	
PT1-PR1	OCLN	0.14	0.1981216502679226	0.4768077784068218	atman	0.103	
PT1-PR1	LILRB1	0.06858	0.1981559895965723	0.4768077784068218	atman	0.103	
PT1-PR1	IL33	-0.36268	0.1991528992616034	0.4770658002185651	atman	0.103	
PT1-PR1	SFTPA1	0.2982599999999999	0.1986198004686028	0.4770658002185651	atman	0.103	
PT1-PR1	CXCL1	0.2431299999999999	0.1989420634781624	0.4770658002185651	atman	0.103	
PT1-PR1	PKD1	0.15338	0.1990714012008183	0.4770658002185651	atman	0.103	
PT1-PR1	SNX2	0.1377799999999999	0.1985697784524616	0.4770658002185651	atman	0.103	
PT1-PR1	NCAM1	0.07889	0.1993998647611974	0.4770658002185651	atman	0.103	
PT1-PR1	IL1R2	0.0641499999999999	0.1992714225652658	0.4770658002185651	atman	0.103	
PT1-PR1	ITGB2	0.0503499999999999	0.1999999459572126	0.4781121572191136	atman	0.103	
PT1-PR1	SRPK2	0.2717874999999999	0.2010447975323539	0.4789275200524986	atman	0.103	
PT1-PR1	SERPINA6	0.20177	0.2005113933759399	0.4789275200524986	atman	0.103	
PT1-PR1	IL9	0.1871	0.2007685022922751	0.4789275200524986	atman	0.103	
PT1-PR1	CRLF1	0.0793099999999999	0.201156078878415	0.4789275200524986	atman	0.103	
PT1-PR1	TIE1	0.05081	0.2008824902722015	0.4789275200524986	atman	0.103	
PT1-PR1	EFHD1	-0.16115	0.2014572017534304	0.4792560799607924	atman	0.103	
PT1-PR1	IDS	-0.0359999999999999	0.2025923541845427	0.4815666153674647	atman	0.103	
PT1-PR1	AFP	0.0941111111111111	0.2029718906720106	0.4820787508442741	atman	0.103	
PT1-PR1	FCN2	0.0599799999999999	0.203451442781283	0.4828274142903146	atman	0.103	
PT1-PR1	TOP1MT	0.28448	0.2039706002945029	0.4832004598407335	atman	0.103	
PT1-PR1	MFAP3L	0.2620555555555555	0.2041020322199966	0.4832004598407335	atman	0.103	
PT1-PR1	IL5RA	0.1102	0.203876699171112	0.4832004598407335	atman	0.103	
PT1-PR1	LETM1	0.29303	0.204356545211459	0.4834134700734837	atman	0.103	
PT1-PR1	PON1	0.1753399999999999	0.2047326947107102	0.4835246439389603	atman	0.103	
PT1-PR1	EFNA4	0.0968222222222222	0.2047121414853459	0.4835246439389603	atman	0.103	
PT1-PR1	GAGE2A	-0.1995	0.2054142594591443	0.4847446540489688	atman	0.103	
PT1-PR1	BTLA	-1.5358600000000002	0.2080663902585335	0.4851579798250568	atman	0.103	
PT1-PR1	MIF	0.54728	0.2074701803821876	0.4851579798250568	atman	0.103	
PT1-PR1	C1GALT1C1	0.4115000000000002	0.2071146200905698	0.4851579798250568	atman	0.103	
PT1-PR1	C3	0.36633	0.2079425852935719	0.4851579798250568	atman	0.103	
PT1-PR1	MRPL58	0.30166	0.2065340831356445	0.4851579798250568	atman	0.103	
PT1-PR1	C2CD2L	0.2906666666666667	0.2078928122278918	0.4851579798250568	atman	0.103	
PT1-PR1	TALDO1	0.2534299999999999	0.2062088391509497	0.4851579798250568	atman	0.103	
PT1-PR1	RAD23B	0.1792199999999999	0.2065882613788754	0.4851579798250568	atman	0.103	
PT1-PR1	IGDCC4	0.17057	0.2077267174398867	0.4851579798250568	atman	0.103	
PT1-PR1	OSBPL2	0.15133	0.2074841153035227	0.4851579798250568	atman	0.103	
PT1-PR1	LAMA1	0.15092	0.2068948959896981	0.4851579798250568	atman	0.103	
PT1-PR1	PGLYRP2	0.14256	0.2080264715669004	0.4851579798250568	atman	0.103	
PT1-PR1	CRISP3	0.1217399999999999	0.2058750321908649	0.4851579798250568	atman	0.103	
PT1-PR1	GGT1	0.07751	0.2071718155052564	0.4851579798250568	atman	0.103	
PT1-PR1	ANGPTL1	0.05957	0.2059566479355454	0.4851579798250568	atman	0.103	
PT1-PR1	SCARF2	0.1135	0.2082993021196553	0.4853158997839392	atman	0.103	
PT1-PR1	BAIAP2	0.33734	0.2084856910868935	0.4853652618171895	atman	0.103	
PT1-PR1	SYAP1	0.178475	0.2087276168503007	0.4855437357927027	atman	0.103	
PT1-PR1	PHOSPHO1	-0.1485777777777778	0.2090716686181188	0.4859593056962288	atman	0.103	
PT1-PR1	ERBB2	0.08177	0.2099775426829384	0.4876790675118365	atman	0.103	
PT1-PR1	ECHDC3	0.1431499999999999	0.2101641274729315	0.4877268613866294	atman	0.103	
PT1-PR1	CLEC4M	0.16682	0.2104573453986105	0.488021847498909	atman	0.103	
PT1-PR1	FAP	0.04525	0.2111164280799995	0.4891640896680115	atman	0.103	
PT1-PR1	YTHDF3	0.6230300000000001	0.211426666431979	0.4891980637984324	atman	0.103	
PT1-PR1	OMP	-0.2844375	0.2114641051817594	0.4891980637984324	atman	0.103	
PT1-PR1	CCDC134	0.33065	0.212009724167844	0.4900744056688637	atman	0.103	
PT1-PR1	TIGIT	0.1880375	0.2121792173758145	0.490080613718666	atman	0.103	
PT1-PR1	PDCD1	-0.07611	0.2124617543928828	0.4903477096671562	atman	0.103	
PT1-PR1	CDON	0.07488	0.2127540813655586	0.4906369631491453	atman	0.103	
PT1-PR1	CD86	0.1194099999999999	0.214000099352267	0.4931233661936945	atman	0.103	
PT1-PR1	FGF2	0.3183124999999999	0.2144306790983838	0.4937283191152443	atman	0.103	
PT1-PR1	SHC1	0.31915	0.2149109660978165	0.4944466862923923	atman	0.103	
PT1-PR1	ARHGAP1	0.18872	0.2152976684050358	0.4949487869906066	atman	0.103	
PT1-PR1	DCTN6	-0.2189888888888888	0.2155439449002858	0.4949730606401324	atman	0.103	
PT1-PR1	S100A12	0.1350599999999999	0.2156465053071425	0.4949730606401324	atman	0.103	
PT1-PR1	PRSS2	-0.1153699999999999	0.2158136455684172	0.4949730606401324	atman	0.103	
PT1-PR1	TEX33	0.26675	0.2161391790161788	0.4953330015206969	atman	0.103	
PT1-PR1	HSPA1A	0.3088	0.2166644261152228	0.4957633052387264	atman	0.103	
PT1-PR1	PCDH9	0.13648	0.21655746689453	0.4957633052387264	atman	0.103	
PT1-PR1	ENTR1	0.2151111111111111	0.2173227395572454	0.4961699303001338	atman	0.103	
PT1-PR1	MST1	0.1971599999999999	0.2173487747774922	0.4961699303001338	atman	0.103	
PT1-PR1	PECAM1	0.15635	0.2173065568470784	0.4961699303001338	atman	0.103	
PT1-PR1	DPP10	-0.1943125	0.2178692142967344	0.4969718568352529	atman	0.103	
PT1-PR1	ARHGAP25	-0.25914	0.2190197435234731	0.4992086939270473	atman	0.103	
PT1-PR1	ATP5PO	-0.2825555555555555	0.2193136235821593	0.4994910279723907	atman	0.103	
PT1-PR1	TPSG1	0.3814499999999999	0.2201321510073373	0.5005027952366367	atman	0.103	
PT1-PR1	CETN2	0.3556444444444445	0.2202689292855586	0.5005027952366367	atman	0.103	
PT1-PR1	LTA	0.090475	0.2200754574115171	0.5005027952366367	atman	0.103	
PT1-PR1	ANGPTL3	0.0494799999999999	0.2207228258826326	0.5011465706670591	atman	0.103	
PT1-PR1	ZBTB17	-0.15325	0.2209302330061013	0.501230134804576	atman	0.103	
PT1-PR1	REG3G	-0.18549	0.2213841040710567	0.5018722976549109	atman	0.103	
PT1-PR1	PPL	-0.1057125	0.2221255048150781	0.5031647903983805	atman	0.103	
PT1-PR1	FN1	0.12201	0.2233788816199795	0.5056141403694144	atman	0.103	
PT1-PR1	PI16	0.0648699999999999	0.2237879096909485	0.5061500220723686	atman	0.103	
PT1-PR1	UPK3A	-0.7346000000000001	0.2254034737818109	0.5088539848446151	atman	0.103	
PT1-PR1	TNPO1	0.2919124999999999	0.2256762226863626	0.5088539848446151	atman	0.103	
PT1-PR1	HADH	-0.25523	0.2256543460598865	0.5088539848446151	atman	0.103	
PT1-PR1	ARSA	0.14148	0.2254926327968529	0.5088539848446151	atman	0.103	
PT1-PR1	STAU1	-0.2723099999999999	0.2258888813790576	0.5089428937819565	atman	0.103	
PT1-PR1	PIBF1	0.3458799999999999	0.2264186807358668	0.5097456582390626	atman	0.103	
PT1-PR1	LRRC25	0.07313	0.2274596060745533	0.5116970311233059	atman	0.103	
PT1-PR1	COX6B1	0.18486	0.2277079191772899	0.5118637081429822	atman	0.103	
PT1-PR1	PRDX2	-0.3310499999999999	0.2288846582120831	0.5121577500587207	atman	0.103	
PT1-PR1	GNGT1	0.2745555555555555	0.228801103935748	0.5121577500587207	atman	0.103	
PT1-PR1	NFKB2	0.2172125	0.2286019650070239	0.5121577500587207	atman	0.103	
PT1-PR1	PBXIP1	-0.13283	0.2283917113998126	0.5121577500587207	atman	0.103	
PT1-PR1	WFIKKN2	0.075	0.2281837517513343	0.5121577500587207	atman	0.103	
PT1-PR1	ROR1	0.0709	0.2283307797221687	0.5121577500587207	atman	0.103	
PT1-PR1	FUT8	0.180611111111111	0.2298995865501456	0.51344918722235	atman	0.103	
PT1-PR1	RARRES2	0.1264	0.2299860893072201	0.51344918722235	atman	0.103	
PT1-PR1	CD59	0.0721499999999999	0.2296775661342471	0.51344918722235	atman	0.103	
PT1-PR1	SIGLEC7	0.13268	0.2304206743088044	0.5140288087465964	atman	0.103	
PT1-PR1	CPXM2	0.09627	0.2307474734435652	0.5143672814697988	atman	0.103	
PT1-PR1	CDHR2	0.0650599999999999	0.2313564449867895	0.5153337644967306	atman	0.103	
PT1-PR1	DHPS	0.13302	0.2319176272333547	0.5154114892674706	atman	0.103	
PT1-PR1	CCL20	0.1087499999999999	0.2317759957664766	0.5154114892674706	atman	0.103	
PT1-PR1	IL1R1	0.0536199999999999	0.231709326891361	0.5154114892674706	atman	0.103	
PT1-PR1	TREML1	0.24575	0.2322140615611438	0.5156802062484056	atman	0.103	
PT1-PR1	OGT	0.38955	0.2326177825210287	0.515797015129647	atman	0.103	
PT1-PR1	MAMDC4	0.087	0.2324460261491703	0.515797015129647	atman	0.103	
PT1-PR1	MYLPF	-0.2394777777777778	0.2330393766663545	0.5163421482999621	atman	0.103	
PT1-PR1	TFF1	0.0767899999999999	0.2360693229144266	0.5226613946666054	atman	0.103	
PT1-PR1	CD83	-0.1653	0.2363599208033542	0.5229107284038063	atman	0.103	
PT1-PR1	ALPP	-0.0622699999999999	0.236762568931643	0.5234073946735646	atman	0.103	
PT1-PR1	MEPE	0.05474	0.237611318547247	0.5248887623246705	atman	0.103	
PT1-PR1	XCL1	0.09238	0.2383697024144266	0.5261684340297412	atman	0.103	
PT1-PR1	PLG	0.16579	0.2391341477853878	0.526361010995418	atman	0.103	
PT1-PR1	PGA4	0.1620499999999999	0.2391735703467947	0.526361010995418	atman	0.103	
PT1-PR1	PON2	0.14032	0.2388709504342228	0.526361010995418	atman	0.103	
PT1-PR1	BLMH	0.0659	0.2387931142520198	0.526361010995418	atman	0.103	
PT1-PR1	CD300A	0.0694875	0.2393927665522954	0.526449062972039	atman	0.103	
PT1-PR1	CCDC80	-0.09166	0.2397336103403788	0.5268042985639739	atman	0.103	
PT1-PR1	CHEK2	-0.15526	0.2405806007966124	0.528113372487969	atman	0.103	
PT1-PR1	IFIT3	0.1504625	0.2408625558923303	0.528113372487969	atman	0.103	
PT1-PR1	MMP15	0.1417799999999999	0.2409795016546541	0.528113372487969	atman	0.103	
PT1-PR1	NECTIN4	-0.08254	0.2410483432628885	0.528113372487969	atman	0.103	
PT1-PR1	CALY	-0.29184	0.2417109633205387	0.5283511686112629	atman	0.103	
PT1-PR1	PEPD	0.24094	0.2415340143175202	0.5283511686112629	atman	0.103	
PT1-PR1	EPO	0.179	0.2420560493365418	0.5283511686112629	atman	0.103	
PT1-PR1	ADAMTS8	0.06561	0.2415164321576448	0.5283511686112629	atman	0.103	
PT1-PR1	OSMR	0.0488899999999999	0.2419965983044256	0.5283511686112629	atman	0.103	
PT1-PR1	SESTD1	0.3104999999999999	0.2428330776807277	0.529260817675058	atman	0.103	
PT1-PR1	KLK14	0.09744	0.2428244086442037	0.529260817675058	atman	0.103	
PT1-PR1	RABEPK	0.29652	0.2433197271723974	0.5293749179715949	atman	0.103	
PT1-PR1	VGF	-0.23966	0.2430921531655929	0.5293749179715949	atman	0.103	
PT1-PR1	S100G	0.22126	0.2434259748739362	0.5293749179715949	atman	0.103	
PT1-PR1	GCG	-0.5294500000000001	0.2439033553668594	0.5300207530087523	atman	0.103	
PT1-PR1	CCL14	0.06724	0.2441041696194292	0.5300650778580067	atman	0.103	
PT1-PR1	RNASE6	0.1362	0.245640841160764	0.5326146061478411	atman	0.103	
PT1-PR1	STC2	-0.03832	0.2455281993745746	0.5326146061478411	atman	0.103	
PT1-PR1	CCL27	0.5570700000000001	0.2459507094743624	0.5328932038611187	atman	0.103	
PT1-PR1	DTYMK	0.50978	0.2471326103371642	0.5337442985489016	atman	0.103	
PT1-PR1	FHIT	0.4921111111111111	0.246987608979337	0.5337442985489016	atman	0.103	
PT1-PR1	TOM1L2	0.4899099999999999	0.2472244734190334	0.5337442985489016	atman	0.103	
PT1-PR1	CEACAM5	0.2836299999999999	0.247618681101648	0.5337442985489016	atman	0.103	
PT1-PR1	CFHR5	0.2067199999999999	0.247796876521682	0.5337442985489016	atman	0.103	
PT1-PR1	TLR4	0.1786375	0.246769620949603	0.5337442985489016	atman	0.103	
PT1-PR1	CR1	0.17833	0.2476844710671377	0.5337442985489016	atman	0.103	
PT1-PR1	C1QTNF1	0.0687	0.2474408503993239	0.5337442985489016	atman	0.103	
PT1-PR1	FRMD4B	0.3735499999999999	0.2481462038608484	0.5341051625957308	atman	0.103	
PT1-PR1	PF4	0.38054	0.2483792606851034	0.5342154230547832	atman	0.103	
PT1-PR1	FURIN	0.1387999999999999	0.248565759859515	0.534225459010428	atman	0.103	
PT1-PR1	CPM	0.0801	0.2487774792255468	0.5342896447110063	atman	0.103	
PT1-PR1	C1R	0.11204	0.2510908227143924	0.5388640154381921	atman	0.103	
PT1-PR1	GRP	0.3170333333333334	0.2521115517134724	0.5406596634556073	atman	0.103	
PT1-PR1	NUDT5	0.26355	0.2524617718413933	0.541015817410659	atman	0.103	
PT1-PR1	AMN	0.25039	0.2534212957454427	0.5418862932315216	atman	0.103	
PT1-PR1	APOL1	0.16537	0.2531243629742528	0.5418862932315216	atman	0.103	
PT1-PR1	ITIH1	-0.06224	0.2534109866776552	0.5418862932315216	atman	0.103	
PT1-PR1	DEFB4A_DEFB4B	0.4814	0.2544367024000187	0.5436618412009127	atman	0.103	
PT1-PR1	HNRNPK	0.1301899999999999	0.2546318531970302	0.5436834191081938	atman	0.103	
PT1-PR1	ITGA6	0.1419374999999998	0.2556217794067521	0.545251195873549	atman	0.103	
PT1-PR1	CTRL	0.12094	0.2557372865601601	0.545251195873549	atman	0.103	
PT1-PR1	ADA2	0.09289	0.2564080399957018	0.5458890010922985	atman	0.103	
PT1-PR1	CD22	0.04406	0.2563712382727676	0.5458890010922985	atman	0.103	
PT1-PR1	IL6	0.4571125	0.2577197807715123	0.5469219668213468	atman	0.103	
PT1-PR1	TFF3	-0.2481399999999999	0.2580040188612142	0.5469219668213468	atman	0.103	
PT1-PR1	FGF3	-0.244775	0.2575860534804763	0.5469219668213468	atman	0.103	
PT1-PR1	OLR1	0.1748399999999999	0.2572231941621576	0.5469219668213468	atman	0.103	
PT1-PR1	PILRB	0.0670799999999999	0.2580101586161969	0.5469219668213468	atman	0.103	
PT1-PR1	RNASET2	0.04624	0.2579240858370912	0.5469219668213468	atman	0.103	
PT1-PR1	ZFYVE19	0.3572	0.2589911794375457	0.5478660419465804	atman	0.103	
PT1-PR1	GM2A	0.19914	0.2590149531190606	0.5478660419465804	atman	0.103	
PT1-PR1	IGFBP3	0.0644699999999999	0.2586562177275919	0.5478660419465804	atman	0.103	
PT1-PR1	CRADD	0.4932777777777778	0.2594757194921142	0.5484458013437638	atman	0.103	
PT1-PR1	LRP1	0.0659	0.2606879559961084	0.5506119444403784	atman	0.103	
PT1-PR1	NCLN	-0.21151	0.2611926325211009	0.5511945610863715	atman	0.103	
PT1-PR1	SMPD1	0.1231999999999999	0.2613390141570169	0.5511945610863715	atman	0.103	
PT1-PR1	RBP2	0.15503	0.261921573403544	0.5517909239287312	atman	0.103	
PT1-PR1	BMP10	0.090325	0.2619973924031926	0.5517909239287312	atman	0.103	
PT1-PR1	SLC34A3	0.25417	0.2627445290828061	0.5529680705195447	atman	0.103	
PT1-PR1	CTBS	0.15787	0.2634243328312018	0.5536056436753012	atman	0.103	
PT1-PR1	CLEC3B	0.1558	0.2633901539016148	0.5536056436753012	atman	0.103	
PT1-PR1	CLSTN1	0.4461666666666666	0.2641468597280867	0.5539419678142439	atman	0.103	
PT1-PR1	CDK5RAP3	0.20894	0.2638907829836616	0.5539419678142439	atman	0.103	
PT1-PR1	CNTN5	0.0651899999999999	0.2641499989475002	0.5539419678142439	atman	0.103	
PT1-PR1	AKR1B10	-0.3452111111111111	0.2645129124034537	0.554071307249579	atman	0.103	
PT1-PR1	KIAA0319	0.08101	0.2645888509432128	0.554071307249579	atman	0.103	
PT1-PR1	ENSA	0.36634	0.2652254131333738	0.5547837750973358	atman	0.103	
PT1-PR1	APOF	0.1684099999999999	0.2653067406438927	0.5547837750973358	atman	0.103	
PT1-PR1	SCARB2	0.0593888888888888	0.265523668088325	0.5548424870864147	atman	0.103	
PT1-PR1	IMPG1	0.19455	0.2657442384166977	0.5548427053900193	atman	0.103	
PT1-PR1	COL3A1	0.16879	0.265901473515707	0.5548427053900193	atman	0.103	
PT1-PR1	IPCEF1	0.2075222222222222	0.2663747331500263	0.5549961595954459	atman	0.103	
PT1-PR1	DENR	0.1723375	0.2669502824471987	0.5549961595954459	atman	0.103	
PT1-PR1	CSF1R	0.1639	0.2669573240743474	0.5549961595954459	atman	0.103	
PT1-PR1	CLPS	-0.0988499999999999	0.2670393427071884	0.5549961595954459	atman	0.103	
PT1-PR1	NID1	0.09041	0.2671084307923623	0.5549961595954459	atman	0.103	
PT1-PR1	PTPRF	0.07619	0.2667043349063398	0.5549961595954459	atman	0.103	
PT1-PR1	SSC5D	0.06253	0.2676631593344836	0.555755732950327	atman	0.103	
PT1-PR1	AGT	0.1134	0.2684270856557234	0.5569482893054486	atman	0.103	
PT1-PR1	NUB1	0.4079	0.2686815015149126	0.5570827462602775	atman	0.103	
PT1-PR1	RBKS	-0.2469444444444444	0.2689867303096398	0.5573222945343594	atman	0.103	
PT1-PR1	APRT	0.5045444444444444	0.2700949540258157	0.5588302640336948	atman	0.103	
PT1-PR1	KLKB1	0.0951199999999999	0.2700025652620366	0.5588302640336948	atman	0.103	
PT1-PR1	HEBP1	0.1650599999999999	0.2705292155680441	0.55933485949255	atman	0.103	
PT1-PR1	BATF	0.2172333333333332	0.2725648621298866	0.5630435581098899	atman	0.103	
PT1-PR1	MICB_MICA	-0.1564	0.2728978988252155	0.5630435581098899	atman	0.103	
PT1-PR1	AKT3	0.12983	0.2727422496317007	0.5630435581098899	atman	0.103	
PT1-PR1	PSMG4	-0.352975	0.2736809613335733	0.5639966495022014	atman	0.103	
PT1-PR1	ZCCHC8	0.17791	0.273935745010089	0.5639966495022014	atman	0.103	
PT1-PR1	NAGPA	0.0554625	0.2738325407006818	0.5639966495022014	atman	0.103	
PT1-PR1	DHODH	-0.3712	0.2755552835067631	0.5640127274393067	atman	0.103	
PT1-PR1	THTPA	0.35841	0.2747494768790999	0.5640127274393067	atman	0.103	
PT1-PR1	SMAD1	0.2634599999999999	0.2750106051041077	0.5640127274393067	atman	0.103	
PT1-PR1	ENPP6	-0.1821777777777777	0.2757794739900161	0.5640127274393067	atman	0.103	
PT1-PR1	PAEP	0.1676	0.2743837981072292	0.5640127274393067	atman	0.103	
PT1-PR1	CASQ2	0.1674199999999999	0.2755235883818021	0.5640127274393067	atman	0.103	
PT1-PR1	PMCH	-0.11015	0.2745279552991033	0.5640127274393067	atman	0.103	
PT1-PR1	B4GAT1	0.07995	0.2758632707046575	0.5640127274393067	atman	0.103	
PT1-PR1	POLR2F	-0.07246	0.2757605963425336	0.5640127274393067	atman	0.103	
PT1-PR1	FETUB	0.0590499999999999	0.2752900941471516	0.5640127274393067	atman	0.103	
PT1-PR1	SCGB2A2	0.18241	0.277006204458609	0.5655700586006138	atman	0.103	
PT1-PR1	SCPEP1	0.1624	0.2772024793685785	0.5655700586006138	atman	0.103	
PT1-PR1	TXNRD1	0.122	0.2770333457148073	0.5655700586006138	atman	0.103	
PT1-PR1	SERPIND1	0.12596	0.2775224946950883	0.5658300412312071	atman	0.103	
PT1-PR1	KIRREL2	0.1860666666666666	0.2785203855761451	0.5674707994609669	atman	0.103	
PT1-PR1	LUZP2	0.11635	0.2794211096257817	0.5689114484272673	atman	0.103	
PT1-PR1	FABP4	-0.08692	0.2800309189557941	0.569564737465743	atman	0.103	
PT1-PR1	ACVRL1	0.0833	0.2801296955881547	0.569564737465743	atman	0.103	
PT1-PR1	KIR3DL2	-0.15102	0.2806541213603251	0.5702363821276868	atman	0.103	
PT1-PR1	HBZ	-0.3386	0.2811392124005043	0.5704330152159405	atman	0.103	
PT1-PR1	HAVCR2	-0.05266	0.2810359719820843	0.5704330152159405	atman	0.103	
PT1-PR1	NDUFS6	0.45854	0.2813833717736917	0.5705344004631514	atman	0.103	
PT1-PR1	RNF168	0.3376875	0.2816718293951914	0.5707254032848775	atman	0.103	
PT1-PR1	GAMT	0.25466	0.2823025719466514	0.5711282798350019	atman	0.103	
PT1-PR1	FGA	0.17451	0.2821677974627268	0.5711282798350019	atman	0.103	
PT1-PR1	LIFR	-0.08745	0.2824538429544785	0.5711282798350019	atman	0.103	
PT1-PR1	SNX5	0.1064777777777777	0.2833824762403063	0.5726119086616369	atman	0.103	
PT1-PR1	BAX	-0.291511111111111	0.2837462976694254	0.5729530051909084	atman	0.103	
PT1-PR1	EGLN1	0.127975	0.2840206425169729	0.573113082221749	atman	0.103	
PT1-PR1	SPARC	0.19907	0.285093501628523	0.5744888256410154	atman	0.103	
PT1-PR1	ACE2	0.0580199999999999	0.2849335546624045	0.5744888256410154	atman	0.103	
PT1-PR1	LYPLA2	-0.32305	0.2860107050568778	0.5759420503475717	atman	0.103	
PT1-PR1	TTF2	0.4407333333333333	0.2868411162391431	0.5766024160394976	atman	0.103	
PT1-PR1	IDO1	-0.1194	0.286772589356046	0.5766024160394976	atman	0.103	
PT1-PR1	ESAM	0.06624	0.2869274105683272	0.5766024160394976	atman	0.103	
PT1-PR1	PTEN	0.2465444444444444	0.2884824697289456	0.5785402703506091	atman	0.103	
PT1-PR1	CLEC4D	-0.17345	0.2884147015551415	0.5785402703506091	atman	0.103	
PT1-PR1	VWA1	-0.0827099999999999	0.288442122987977	0.5785402703506091	atman	0.103	
PT1-PR1	GIPR	-0.3043999999999999	0.2887204454671259	0.578622557150352	atman	0.103	
PT1-PR1	DEFB104A_DEFB104B	-0.1808875	0.2893754540378448	0.5795399345352339	atman	0.103	
PT1-PR1	DNAJA1	0.31133	0.2920223246087219	0.5797037768246115	atman	0.103	
PT1-PR1	SCN2B	-0.2991222222222222	0.2919430801197702	0.5797037768246115	atman	0.103	
PT1-PR1	PDAP1	0.29362	0.2906668805662593	0.5797037768246115	atman	0.103	
PT1-PR1	FDX1	0.2822999999999999	0.2908718354695496	0.5797037768246115	atman	0.103	
PT1-PR1	AMIGO1	-0.2745	0.2918455047352957	0.5797037768246115	atman	0.103	
PT1-PR1	ECHS1	0.2178888888888888	0.2911296405107366	0.5797037768246115	atman	0.103	
PT1-PR1	ELOB	0.2112	0.2915139139610989	0.5797037768246115	atman	0.103	
PT1-PR1	ACRV1	0.1835124999999999	0.2899387716247967	0.5797037768246115	atman	0.103	
PT1-PR1	HEPH	0.1679099999999999	0.291413635085314	0.5797037768246115	atman	0.103	
PT1-PR1	HIP1R	0.13455	0.2906244352966145	0.5797037768246115	atman	0.103	
PT1-PR1	CKB	0.12875	0.2920098975704772	0.5797037768246115	atman	0.103	
PT1-PR1	CXCL6	0.11428	0.2919982916051062	0.5797037768246115	atman	0.103	
PT1-PR1	SIGLEC9	0.0521899999999999	0.2912880771464787	0.5797037768246115	atman	0.103	
PT1-PR1	SUMF1	0.1898125	0.2924399422484465	0.5801408172356083	atman	0.103	
PT1-PR1	DEFA1_DEFA1B	-0.21744	0.2927802428240054	0.5804239901598703	atman	0.103	
PT1-PR1	ANGPTL2	0.08002	0.2934578988501126	0.5813751226039319	atman	0.103	
PT1-PR1	DCTN1	0.30126	0.2954079471325088	0.5826324126828418	atman	0.103	
PT1-PR1	CD274	0.1631777777777777	0.2951901707264222	0.5826324126828418	atman	0.103	
PT1-PR1	CXCL14	0.16223	0.2962064721409088	0.5826324126828418	atman	0.103	
PT1-PR1	STK11	0.15827	0.2947789629820883	0.5826324126828418	atman	0.103	
PT1-PR1	RCC1	0.15012	0.2949680882136654	0.5826324126828418	atman	0.103	
PT1-PR1	PTPRC	0.14526	0.2944051439172903	0.5826324126828418	atman	0.103	
PT1-PR1	PECR	0.1426777777777778	0.2962739361974695	0.5826324126828418	atman	0.103	
PT1-PR1	HIP1	-0.1097	0.2959415409673949	0.5826324126828418	atman	0.103	
PT1-PR1	FLRT2	-0.1048888888888888	0.2960045223976424	0.5826324126828418	atman	0.103	
PT1-PR1	VAMP5	0.0987499999999999	0.2961334603579271	0.5826324126828418	atman	0.103	
PT1-PR1	LMOD1	0.09293	0.294815976934295	0.5826324126828418	atman	0.103	
PT1-PR1	GSTA1	0.17422	0.2970906932213837	0.5832965096164565	atman	0.103	
PT1-PR1	SCN3A	0.1738777777777777	0.2968930553276223	0.5832965096164565	atman	0.103	
PT1-PR1	SELENOP	-0.11853	0.297207241285172	0.5832965096164565	atman	0.103	
PT1-PR1	PRCP	0.0534399999999999	0.2974282783618998	0.5833406420742734	atman	0.103	
PT1-PR1	GAST	-0.18727	0.2979181629123852	0.5839116495240747	atman	0.103	
PT1-PR1	TNFRSF6B	-0.0695	0.2984403909904087	0.5845452458198807	atman	0.103	
PT1-PR1	PRKAG3	0.3767333333333333	0.2987216071208891	0.5847062503139056	atman	0.103	
PT1-PR1	IDO1	-0.1474874999999999	0.299053405050236	0.584965981383218	atman	0.103	
PT1-PR1	SLC12A2	0.28506	0.2995847901454984	0.5854127491991956	atman	0.103	
PT1-PR1	TGFBR2	0.04372	0.2996803181741287	0.5854127491991956	atman	0.103	
PT1-PR1	GPI	0.27258	0.3002733162419146	0.5861813974210932	atman	0.103	
PT1-PR1	MMP12	0.0405499999999999	0.3005479697624151	0.586327978195203	atman	0.103	
PT1-PR1	GSR	0.12942	0.3012160169570657	0.587241312421937	atman	0.103	
PT1-PR1	CIT	-0.2416777777777777	0.3018084058040715	0.5880060319975877	atman	0.103	
PT1-PR1	TBR1	-0.2086444444444444	0.3020127779166262	0.5880142753605353	atman	0.103	
PT1-PR1	ANP32C	-0.1103666666666667	0.3025551857607482	0.588680222360979	atman	0.103	
PT1-PR1	APOC1	0.2107999999999999	0.3033918577528034	0.5892237650859382	atman	0.103	
PT1-PR1	CTNNA1	0.1533124999999999	0.3040378583629279	0.5892237650859382	atman	0.103	
PT1-PR1	ARSB	0.14428	0.3034042202530593	0.5892237650859382	atman	0.103	
PT1-PR1	ATP6V1D	-0.1166299999999999	0.3038069248572599	0.5892237650859382	atman	0.103	
PT1-PR1	LRP11	0.1137199999999999	0.3039988879538704	0.5892237650859382	atman	0.103	
PT1-PR1	CWC15	0.0699899999999999	0.3036322092938279	0.5892237650859382	atman	0.103	
PT1-PR1	IL17F	-0.2146199999999999	0.3046041547447766	0.5899321072117032	atman	0.103	
PT1-PR1	EREG	0.2160666666666666	0.3057156375008936	0.5909161466958062	atman	0.103	
PT1-PR1	TSPYL1	0.20555	0.3054478629335504	0.5909161466958062	atman	0.103	
PT1-PR1	CCN1	0.07871	0.3056566695541356	0.5909161466958062	atman	0.103	
PT1-PR1	PIK3IP1	-0.04819	0.3061871380058467	0.5914384033275331	atman	0.103	
PT1-PR1	OSCAR	0.0665699999999999	0.3068428143746362	0.5923154984446001	atman	0.103	
PT1-PR1	SLC44A4	0.2325888888888888	0.3077667531914712	0.5928387215699688	atman	0.103	
PT1-PR1	TSPAN15	-0.2172	0.3075355741590488	0.5928387215699688	atman	0.103	
PT1-PR1	IL7R	-0.07142	0.3079209969760967	0.5928387215699688	atman	0.103	
PT1-PR1	TP53INP1	-0.0680799999999999	0.307491849977386	0.5928387215699688	atman	0.103	
PT1-PR1	ATXN2	0.1891125	0.309262532082901	0.5949669145886314	atman	0.103	
PT1-PR1	TAP1	0.14105	0.3094313973762521	0.5949669145886314	atman	0.103	
PT1-PR1	PDIA4	0.26944	0.310081574106952	0.5951760483874303	atman	0.103	
PT1-PR1	CPQ	0.1354	0.3101478999595493	0.5951760483874303	atman	0.103	
PT1-PR1	LMOD1	0.11925	0.3097497693421387	0.5951760483874303	atman	0.103	
PT1-PR1	VIT	0.14556	0.3110184565859222	0.5961996475264938	atman	0.103	
PT1-PR1	C2	0.0764199999999999	0.3110871544105225	0.5961996475264938	atman	0.103	
PT1-PR1	CCL18	0.0636699999999999	0.3123214429828294	0.5981749670688088	atman	0.103	
PT1-PR1	NAP1L4	0.38486	0.3126174078140207	0.5983517551515263	atman	0.103	
PT1-PR1	TMED1	0.3487125	0.3130469199842769	0.5984213487152399	atman	0.103	
PT1-PR1	CYP24A1	-0.32498	0.3132416107419598	0.5984213487152399	atman	0.103	
PT1-PR1	GPR37	0.1646399999999999	0.3134685009097189	0.5984213487152399	atman	0.103	
PT1-PR1	TBC1D17	-0.1574777777777777	0.3133006312108017	0.5984213487152399	atman	0.103	
PT1-PR1	FCGR2A	0.0608099999999999	0.313958003504019	0.5989666326589661	atman	0.103	
PT1-PR1	MNDA	-0.31657	0.31493376274328	0.5998131769617217	atman	0.103	
PT1-PR1	SEZ6	-0.3124	0.3153181740429467	0.5998131769617217	atman	0.103	
PT1-PR1	LILRA6	0.1422699999999999	0.3154225181776242	0.5998131769617217	atman	0.103	
PT1-PR1	VIPR1	-0.1230555555555555	0.3153663600760501	0.5998131769617217	atman	0.103	
PT1-PR1	RTN4R	0.05344	0.3152779554457676	0.5998131769617217	atman	0.103	
PT1-PR1	FGF9	0.6318299999999999	0.3162029674666755	0.60090835602658	atman	0.103	
PT1-PR1	CASP1	-0.5594555555555556	0.3183028328898918	0.6043733302914638	atman	0.103	
PT1-PR1	LILRB4	-0.0918299999999999	0.3184376838976126	0.6043733302914638	atman	0.103	
PT1-PR1	KIAA1549	0.8354999999999999	0.3186625431598642	0.6044096525524086	atman	0.103	
PT1-PR1	FOS	-0.2552299999999999	0.3189957697852215	0.6045935860013536	atman	0.103	
PT1-PR1	OXT	0.0743999999999999	0.3191710864152823	0.6045935860013536	atman	0.103	
PT1-PR1	GUCA2A	-0.04636	0.3193814774813495	0.6046023072424	atman	0.103	
PT1-PR1	CCL7	0.1160125	0.3199605813954562	0.6053085564326146	atman	0.103	
PT1-PR1	LARP1	0.2060499999999999	0.3204978089942227	0.6059347251126296	atman	0.103	
PT1-PR1	ITGAX	0.397675	0.320959749952606	0.6061362548123523	atman	0.103	
PT1-PR1	PHYKPL	0.108175	0.3210170226303677	0.6061362548123523	atman	0.103	
PT1-PR1	TNFSF14	0.1944444444444444	0.3224926879508136	0.6085314818236933	atman	0.103	
PT1-PR1	LRRFIP1	0.2192599999999999	0.3231459227771946	0.6093727349931951	atman	0.103	
PT1-PR1	CNTF	-0.5311374999999999	0.323606898247657	0.6095350281760392	atman	0.103	
PT1-PR1	IL1B	-0.5104	0.323646917615596	0.6095350281760392	atman	0.103	
PT1-PR1	PROS1	0.09981	0.3245790972722242	0.6108990312529115	atman	0.103	
PT1-PR1	B3GNT7	0.1074	0.325172060488295	0.6113044930198906	atman	0.103	
PT1-PR1	KLK1	0.0779100000000001	0.3252369214041448	0.6113044930198906	atman	0.103	
PT1-PR1	CREG1	0.0495599999999999	0.325418729436048	0.6113044930198906	atman	0.103	
PT1-PR1	CD93	0.0644999999999999	0.3260395321261264	0.6120645402227859	atman	0.103	
PT1-PR1	CD1C	0.0447199999999999	0.3262399829778362	0.6120645402227859	atman	0.103	
PT1-PR1	CA2	-0.5418500000000002	0.3267061918770775	0.6121573926880445	atman	0.103	
PT1-PR1	GLOD4	0.24488	0.3265422108954232	0.6121573926880445	atman	0.103	
PT1-PR1	APOB	-0.1599	0.3269829818462733	0.6122855326095289	atman	0.103	
PT1-PR1	LYVE1	0.11803	0.3274845735662979	0.6126357038150287	atman	0.103	
PT1-PR1	BTD	0.08439	0.3275870288268925	0.6126357038150287	atman	0.103	
PT1-PR1	ERC2	0.4268555555555555	0.3284699827971067	0.613116143238818	atman	0.103	
PT1-PR1	ACY3	0.0583099999999999	0.3282059631955871	0.613116143238818	atman	0.103	
PT1-PR1	PDGFRB	0.03976	0.3283747252787845	0.613116143238818	atman	0.103	
PT1-PR1	FDX2	0.24078	0.3295220870102888	0.6146894550071292	atman	0.103	
PT1-PR1	KCNH2	-0.2288777777777777	0.3300956450999444	0.6149784434392116	atman	0.103	
PT1-PR1	AOC3	0.06161	0.3299996734040396	0.6149784434392116	atman	0.103	
PT1-PR1	F3	-0.0697499999999999	0.3305202394801125	0.6153792544946582	atman	0.103	
PT1-PR1	SATB1	0.08776	0.3308392970273184	0.6155831885156817	atman	0.103	
PT1-PR1	NDST1	0.17303	0.3315052817503128	0.6160814582788938	atman	0.103	
PT1-PR1	PARP1	-0.1710375	0.3319392718880856	0.6160814582788938	atman	0.103	
PT1-PR1	GALNT3	0.15021	0.3316204781351581	0.6160814582788938	atman	0.103	
PT1-PR1	S100A3	0.1017799999999999	0.3319458640079948	0.6160814582788938	atman	0.103	
PT1-PR1	BHLHE40	-0.5201125	0.3322526164044743	0.6162614816896121	atman	0.103	
PT1-PR1	AHSA1	0.18133	0.3326901932964952	0.6162949482377698	atman	0.103	
PT1-PR1	PROCR	-0.11533	0.3325935005720726	0.6162949482377698	atman	0.103	
PT1-PR1	FOXJ3	-0.1210999999999999	0.3338712904346153	0.617898299256942	atman	0.103	
PT1-PR1	TSPAN8	-0.05433	0.3339763441865295	0.617898299256942	atman	0.103	
PT1-PR1	LRRN1	-0.0737299999999999	0.3342402954527115	0.6179974751668134	atman	0.103	
PT1-PR1	MANEAL	-0.18265	0.334938184833645	0.6188983566297164	atman	0.103	
PT1-PR1	MYL1	-0.14129	0.3352683803074046	0.619119108323793	atman	0.103	
PT1-PR1	MED21	-0.22729	0.3362060666702136	0.619770910630084	atman	0.103	
PT1-PR1	CSPG4	0.1256199999999999	0.335898411065368	0.619770910630084	atman	0.103	
PT1-PR1	RARRES1	0.12132	0.3364651471936637	0.619770910630084	atman	0.103	
PT1-PR1	CDH1	0.0578599999999999	0.3363613328228858	0.619770910630084	atman	0.103	
PT1-PR1	IDO1	0.15675	0.3368425595286552	0.620077343292725	atman	0.103	
PT1-PR1	PRG2	0.13948	0.3370851018614402	0.6201352719279345	atman	0.103	
PT1-PR1	KIR2DS4	0.17048	0.3375055556514923	0.6205202268486135	atman	0.103	
PT1-PR1	KLRC1	0.1971124999999999	0.3385052068722354	0.6219689166920748	atman	0.103	
PT1-PR1	MPO	0.1309199999999999	0.3389723806770159	0.6224380340181705	atman	0.103	
PT1-PR1	FOXO3	-0.77087	0.3407730658425294	0.6226313852272086	atman	0.103	
PT1-PR1	KYAT1	0.2150299999999999	0.3398913921102919	0.6226313852272086	atman	0.103	
PT1-PR1	PRDX1	0.1623888888888889	0.3404515566377535	0.6226313852272086	atman	0.103	
PT1-PR1	LSM1	0.1586999999999999	0.3401785936430652	0.6226313852272086	atman	0.103	
PT1-PR1	SLC28A1	0.15021	0.3405646724048332	0.6226313852272086	atman	0.103	
PT1-PR1	AHSG	0.14513	0.339695271339687	0.6226313852272086	atman	0.103	
PT1-PR1	BTN3A2	0.095825	0.3400918066213041	0.6226313852272086	atman	0.103	
PT1-PR1	SELE	0.04068	0.3402786521226366	0.6226313852272086	atman	0.103	
PT1-PR1	PNLIPRP2	-0.0997399999999999	0.3411283874849875	0.6228932271167764	atman	0.103	
PT1-PR1	C8B	0.1636699999999999	0.3422025649209201	0.6244665439364369	atman	0.103	
PT1-PR1	SEPTIN7	0.2941125	0.3434705263255475	0.6247929926113869	atman	0.103	
PT1-PR1	KIRREL1	-0.2824	0.3433556180427128	0.6247929926113869	atman	0.103	
PT1-PR1	LAP3	0.2140399999999999	0.3439492885329676	0.6247929926113869	atman	0.103	
PT1-PR1	ADAMTSL5	0.18113	0.3444420711251483	0.6247929926113869	atman	0.103	
PT1-PR1	CREBZF	0.17839	0.3446334023596027	0.6247929926113869	atman	0.103	
PT1-PR1	PRDX3	0.16465	0.3430060293205494	0.6247929926113869	atman	0.103	
PT1-PR1	NPM1	0.1346777777777777	0.3447183359329036	0.6247929926113869	atman	0.103	
PT1-PR1	KCTD5	0.10795	0.344633267138104	0.6247929926113869	atman	0.103	
PT1-PR1	INSR	0.0924375	0.343766312104079	0.6247929926113869	atman	0.103	
PT1-PR1	FUOM	0.079325	0.3447207083128176	0.6247929926113869	atman	0.103	
PT1-PR1	LRIG1	0.0548999999999999	0.3435858570910071	0.6247929926113869	atman	0.103	
PT1-PR1	DNLZ	0.2470874999999999	0.3451026677329372	0.6248565909387827	atman	0.103	
PT1-PR1	IGFL4	0.1379375	0.3451811596642764	0.6248565909387827	atman	0.103	
PT1-PR1	PRSS27	0.0742799999999999	0.3455891374207303	0.6252099050136118	atman	0.103	
PT1-PR1	VTA1	0.32115	0.3461421108486933	0.6254400502296807	atman	0.103	
PT1-PR1	IFNLR1	0.0784625	0.3459888500266885	0.6254400502296807	atman	0.103	
PT1-PR1	SNX9	0.2310299999999999	0.3469123349274698	0.6264389857826779	atman	0.103	
PT1-PR1	NECTIN2	0.08451	0.3471213985208303	0.6264389857826779	atman	0.103	
PT1-PR1	IL6R	0.0623499999999999	0.3483634956096986	0.628294628668689	atman	0.103	
PT1-PR1	VAT1	0.0693799999999999	0.3489124686538658	0.6288986704939005	atman	0.103	
PT1-PR1	ITPR1	0.1544666666666667	0.3494353857327439	0.6294550357343971	atman	0.103	
PT1-PR1	BAG4	0.1697874999999999	0.34987334376701	0.6294720661282766	atman	0.103	
PT1-PR1	RBP7	0.0984099999999999	0.3497718928522104	0.6294720661282766	atman	0.103	
PT1-PR1	GFOD2	0.0994400000000001	0.3505704044615647	0.6299546472832277	atman	0.103	
PT1-PR1	AMY2A	0.05839	0.3505451656088563	0.6299546472832277	atman	0.103	
PT1-PR1	TNFSF9	0.1759875	0.3518835577105361	0.6315417792019274	atman	0.103	
PT1-PR1	TIMD4	0.0505799999999999	0.3517151687232358	0.6315417792019274	atman	0.103	
PT1-PR1	IL20	-0.18325	0.3524183432250638	0.6319856820797879	atman	0.103	
PT1-PR1	A1BG	0.06771	0.3527762146395004	0.6319856820797879	atman	0.103	
PT1-PR1	ATRN	0.04225	0.3527627707457876	0.6319856820797879	atman	0.103	
PT1-PR1	GABARAPL1	0.2011499999999999	0.3535449368211212	0.6325472943952023	atman	0.103	
PT1-PR1	THOP1	0.0767599999999999	0.3537356040474191	0.6325472943952023	atman	0.103	
PT1-PR1	GGH	0.04727	0.3535669720784895	0.6325472943952023	atman	0.103	
PT1-PR1	CPA2	-0.12913	0.3539533259053993	0.6325516250061212	atman	0.103	
PT1-PR1	ATXN3	0.3158899999999999	0.3546088772919753	0.6325688412166506	atman	0.103	
PT1-PR1	FUT1	0.18555	0.3545519181349654	0.6325688412166506	atman	0.103	
PT1-PR1	SERPINF2	0.05083	0.3545883259507214	0.6325688412166506	atman	0.103	
PT1-PR1	SIRT2	0.37312	0.3555525531925134	0.6328501639491518	atman	0.103	
PT1-PR1	FARSA	0.3010555555555556	0.355177788703735	0.6328501639491518	atman	0.103	
PT1-PR1	SCRG1	0.14355	0.3556255966693515	0.6328501639491518	atman	0.103	
PT1-PR1	SEMA4C	0.09228	0.3556281894758508	0.6328501639491518	atman	0.103	
PT1-PR1	ILKAP	0.2707333333333334	0.3567158172851532	0.634017586923037	atman	0.103	
PT1-PR1	FH	-0.197425	0.3565476947111361	0.634017586923037	atman	0.103	
PT1-PR1	GNPDA2	0.0858875	0.3574470468003923	0.634933146009403	atman	0.103	
PT1-PR1	NFATC3	-0.09884	0.3578134355147053	0.6351999235904557	atman	0.103	
PT1-PR1	ARHGAP5	-0.20362	0.3596852137336381	0.6377451452876763	atman	0.103	
PT1-PR1	ATP1B1	0.1983200000000001	0.3598546263182098	0.6377451452876763	atman	0.103	
PT1-PR1	TOP2B	0.192625	0.3598983835558091	0.6377451452876763	atman	0.103	
PT1-PR1	PDCD1LG2	-0.08467	0.3603269135116007	0.6381196334521296	atman	0.103	
PT1-PR1	NPTXR	-0.13587	0.3605730575136914	0.6381708692621839	atman	0.103	
PT1-PR1	CDH22	0.1504875	0.3609229590215308	0.6384055711049111	atman	0.103	
PT1-PR1	FGFBP2	0.1394	0.3615461382046356	0.6391230770428518	atman	0.103	
PT1-PR1	CHI3L1	0.0602199999999999	0.3619747306907972	0.6394959463436934	atman	0.103	
PT1-PR1	BGN	-0.2350399999999999	0.3638778917074454	0.6405902076508441	atman	0.103	
PT1-PR1	STIP1	0.23326	0.3642882581723765	0.6405902076508441	atman	0.103	
PT1-PR1	REPS1	-0.2216999999999999	0.3643437812411463	0.6405902076508441	atman	0.103	
PT1-PR1	TP73	-0.1956555555555555	0.3639018925585451	0.6405902076508441	atman	0.103	
PT1-PR1	CORO6	-0.1737125	0.3644493560346928	0.6405902076508441	atman	0.103	
PT1-PR1	ARL2BP	0.11987	0.3644855896512227	0.6405902076508441	atman	0.103	
PT1-PR1	KRT18	0.0784	0.3633227498408002	0.6405902076508441	atman	0.103	
PT1-PR1	MARCO	0.06404	0.364556442202931	0.6405902076508441	atman	0.103	
PT1-PR1	NFASC	-0.04528	0.3632779849184091	0.6405902076508441	atman	0.103	
PT1-PR1	GBP4	0.2261777777777777	0.3668687884964234	0.642258017569023	atman	0.103	
PT1-PR1	TMEM132A	0.1693999999999999	0.3661859542276087	0.642258017569023	atman	0.103	
PT1-PR1	HJV	0.15699	0.3670117835546107	0.642258017569023	atman	0.103	
PT1-PR1	PSMD5	-0.1462444444444444	0.3670358105848841	0.642258017569023	atman	0.103	
PT1-PR1	BRD2	0.1297499999999999	0.3657366108347895	0.642258017569023	atman	0.103	
PT1-PR1	CLNS1A	0.1284222222222222	0.3670337331513646	0.642258017569023	atman	0.103	
PT1-PR1	CEACAM21	0.10005	0.3669387669035227	0.642258017569023	atman	0.103	
PT1-PR1	MTUS1	0.25735	0.3675931541034218	0.6423376268951522	atman	0.103	
PT1-PR1	ITPA	0.252	0.3678082130690121	0.6423376268951522	atman	0.103	
PT1-PR1	RABGAP1L	-0.2173099999999999	0.3678004402659351	0.6423376268951522	atman	0.103	
PT1-PR1	LAG3	0.0788199999999999	0.3680289639361334	0.6423376268951522	atman	0.103	
PT1-PR1	ART3	0.0365399999999999	0.3681744600719661	0.6423376268951522	atman	0.103	
PT1-PR1	GGCT	0.2370299999999999	0.3684784767944657	0.6424865073128431	atman	0.103	
PT1-PR1	PDE1C	-0.1649899999999999	0.3705780179222466	0.6451445017097144	atman	0.103	
PT1-PR1	SERPINA5	0.0888599999999999	0.3705259175521733	0.6451445017097144	atman	0.103	
PT1-PR1	PTPRM	-0.0443374999999999	0.3706616469999992	0.6451445017097144	atman	0.103	
PT1-PR1	IL19	0.07943	0.3710874928155023	0.6455032882723184	atman	0.103	
PT1-PR1	ANKRA2	-0.31866	0.3714292263204677	0.6456455478404601	atman	0.103	
PT1-PR1	LACRT	0.1267499999999999	0.3716087887672628	0.6456455478404601	atman	0.103	
PT1-PR1	SIT1	-0.13178	0.3721045841025554	0.6457432180114044	atman	0.103	
PT1-PR1	HSD11B1	0.0811	0.3719256800852617	0.6457432180114044	atman	0.103	
PT1-PR1	BNIP2	0.1159699999999999	0.3726655572642752	0.6463349511466591	atman	0.103	
PT1-PR1	CNDP1	0.04189	0.3729648387289725	0.646472387130219	atman	0.103	
PT1-PR1	CCL19	0.07641	0.3733398478782361	0.6467408449683123	atman	0.103	
PT1-PR1	MDH1	0.11421	0.3745892307440082	0.6482885363089184	atman	0.103	
PT1-PR1	DLL1	0.07456	0.3748952427463758	0.6482885363089184	atman	0.103	
PT1-PR1	EFEMP1	0.05217	0.3748514400687508	0.6482885363089184	atman	0.103	
PT1-PR1	IFNW1	0.0836799999999999	0.3752901642730992	0.6485897074319799	atman	0.103	
PT1-PR1	SMC3	-0.1928999999999999	0.3759708289326107	0.6489158478007896	atman	0.103	
PT1-PR1	ZP3	0.1165555555555553	0.37584142784415	0.6489158478007896	atman	0.103	
PT1-PR1	GFRA1	-0.04416	0.3761414869995727	0.6489158478007896	atman	0.103	
PT1-PR1	CSNK2A1	-0.21294	0.3773361510372526	0.6502132620219637	atman	0.103	
PT1-PR1	SMAD2	0.0934999999999999	0.3772970561599775	0.6502132620219637	atman	0.103	
PT1-PR1	DPY30	0.15903	0.3776649200185424	0.6503983206415461	atman	0.103	
PT1-PR1	PTRHD1	0.3888125	0.3787079618555808	0.6510497319670547	atman	0.103	
PT1-PR1	WDR46	0.1841	0.3785358994341332	0.6510497319670547	atman	0.103	
PT1-PR1	CYTL1	0.12422	0.3782685370041401	0.6510497319670547	atman	0.103	
PT1-PR1	FKBPL	0.14821	0.3791356462886766	0.6514038180094338	atman	0.103	
PT1-PR1	SBSN	-0.11956	0.3799244050601331	0.6523774997467394	atman	0.103	
PT1-PR1	PIK3AP1	-0.38285	0.381243514759324	0.6528565515007596	atman	0.103	
PT1-PR1	SMAD3	0.3303299999999999	0.3815366572249163	0.6528565515007596	atman	0.103	
PT1-PR1	PGR	0.1044624999999999	0.3812254270353779	0.6528565515007596	atman	0.103	
PT1-PR1	LYPD3	0.05591	0.3812565750165226	0.6528565515007596	atman	0.103	
PT1-PR1	CD300E	0.05077	0.3809386220962616	0.6528565515007596	atman	0.103	
PT1-PR1	SIGLEC6	0.03935	0.3813380144904001	0.6528565515007596	atman	0.103	
PT1-PR1	LCAT	0.17619	0.3817925722984188	0.6529141894137103	atman	0.103	
PT1-PR1	YWHAQ	0.248075	0.3835902242166642	0.6551169953113508	atman	0.103	
PT1-PR1	PNMA2	0.1606125	0.3837496082133542	0.6551169953113508	atman	0.103	
PT1-PR1	ROBO2	0.06502	0.3833780547423639	0.6551169953113508	atman	0.103	
PT1-PR1	CAT	-0.27547	0.3845103398134104	0.6555758334229168	atman	0.103	
PT1-PR1	FKBP4	-0.2343333333333332	0.3851703785362692	0.6555758334229168	atman	0.103	
PT1-PR1	KLK6	-0.1362999999999999	0.3853572036492094	0.6555758334229168	atman	0.103	
PT1-PR1	PNLIPRP1	0.1133499999999999	0.3843433024670695	0.6555758334229168	atman	0.103	
PT1-PR1	PAK4	-0.1104	0.3853387704015598	0.6555758334229168	atman	0.103	
PT1-PR1	CKAP4	0.02919	0.3847654724645299	0.6555758334229168	atman	0.103	
PT1-PR1	CSF3	0.1845199999999999	0.3858020694145221	0.6559528240392744	atman	0.103	
PT1-PR1	LYPD1	-0.1096555555555555	0.3868082444123262	0.6572831822344791	atman	0.103	
PT1-PR1	NARS1	0.1847499999999999	0.3889986880606664	0.6606232055041837	atman	0.103	
PT1-PR1	IL10	-0.1959699999999999	0.3892564716764295	0.6606790951966205	atman	0.103	
PT1-PR1	CLEC14A	-0.04336	0.3900586728125623	0.6616584184314712	atman	0.103	
PT1-PR1	PM20D1	0.1566199999999999	0.3910601109037235	0.6622101474554118	atman	0.103	
PT1-PR1	CA11	0.09523	0.3909729494797698	0.6622101474554118	atman	0.103	
PT1-PR1	CDCP1	0.0617777777777777	0.3909170290817745	0.6622101474554118	atman	0.103	
PT1-PR1	PPT1	0.2015333333333333	0.3919611245183128	0.663353562116822	atman	0.103	
PT1-PR1	GORASP2	0.11918	0.3925869233203927	0.6640301558522244	atman	0.103	
PT1-PR1	STAB2	0.12854	0.3930167600694112	0.6643747071829288	atman	0.103	
PT1-PR1	ZBP1	0.1232874999999999	0.3949824648591327	0.6673136755354409	atman	0.103	
PT1-PR1	PARD3	0.2482999999999999	0.3954474545743873	0.6677152997353736	atman	0.103	
PT1-PR1	VSTM2L	0.10882	0.3963609691925449	0.6683498324845235	atman	0.103	
PT1-PR1	CELA2A	0.09358	0.3965057038871764	0.6683498324845235	atman	0.103	
PT1-PR1	CD58	0.04442	0.3964462410939291	0.6683498324845235	atman	0.103	
PT1-PR1	PPP1R14D	0.11276	0.3970092100468747	0.6684315525029902	atman	0.103	
PT1-PR1	REG1A	0.04829	0.3968199817987514	0.6684315525029902	atman	0.103	
PT1-PR1	AMY2B	0.05452	0.3974173809832204	0.6687355471527501	atman	0.103	
PT1-PR1	SEL1L	-0.0731333333333333	0.3978497842206823	0.6690799462165795	atman	0.103	
PT1-PR1	CD200	-0.0962625	0.3981411280920728	0.6691868617474314	atman	0.103	
PT1-PR1	SOWAHA	0.1041777777777777	0.3983736401878712	0.6691948284002092	atman	0.103	
PT1-PR1	CDC123	0.23915	0.3986231046216828	0.6692312465020024	atman	0.103	
PT1-PR1	DCN	-0.04407	0.3990913433501541	0.6693964718965115	atman	0.103	
PT1-PR1	CD109	0.0368799999999999	0.3991772017572117	0.6693964718965115	atman	0.103	
PT1-PR1	SHD	0.2117599999999999	0.3998346012335632	0.6697343548598681	atman	0.103	
PT1-PR1	CXCL9	0.0964799999999999	0.3996454419025039	0.6697343548598681	atman	0.103	
PT1-PR1	IL12RB2	-0.2283374999999999	0.4001241982246819	0.6697965699121267	atman	0.103	
PT1-PR1	YJU2	0.20664	0.4003276980141914	0.6697965699121267	atman	0.103	
PT1-PR1	CNTNAP2	-0.1968125	0.4007958556931554	0.6698072874265902	atman	0.103	
PT1-PR1	MYCBP2	0.1779099999999999	0.4010180458078189	0.6698072874265902	atman	0.103	
PT1-PR1	TREH	0.09726	0.400858826722378	0.6698072874265902	atman	0.103	
PT1-PR1	PTTG1	0.2583749999999999	0.4017743196326333	0.6703083197505263	atman	0.103	
PT1-PR1	TPBGL	-0.2321888888888889	0.4015862318595169	0.6703083197505263	atman	0.103	
PT1-PR1	PTH	0.3344222222222222	0.4020722783102337	0.6704247183175179	atman	0.103	
PT1-PR1	AIF1	0.2459799999999999	0.4028060215857931	0.6710616027888815	atman	0.103	
PT1-PR1	CLEC4G	0.0760125	0.4029110508235489	0.6710616027888815	atman	0.103	
PT1-PR1	IL25	-0.1555899999999999	0.4034930932972997	0.6712699366406947	atman	0.103	
PT1-PR1	IL32	-0.072475	0.4034407322198912	0.6712699366406947	atman	0.103	
PT1-PR1	CD7	0.1463999999999999	0.4041999085353738	0.6717470226381966	atman	0.103	
PT1-PR1	ANXA1	-0.107825	0.4042983772004778	0.6717470226381966	atman	0.103	
PT1-PR1	IL18R1	0.03043	0.4044657872862389	0.6717470226381966	atman	0.103	
PT1-PR1	EGFR	0.03197	0.404708629061796	0.6717705944539869	atman	0.103	
PT1-PR1	INSL4	-0.1248899999999999	0.4054200583438974	0.6725715027749128	atman	0.103	
PT1-PR1	ACADM	0.2671499999999999	0.4060123745944199	0.672633355444394	atman	0.103	
PT1-PR1	CEACAM3	-0.22923	0.4061441703738444	0.672633355444394	atman	0.103	
PT1-PR1	AGRP	0.16644	0.4058216779790442	0.672633355444394	atman	0.103	
PT1-PR1	C1S	0.12818	0.4064159441327333	0.6727042500630819	atman	0.103	
PT1-PR1	FBP1	0.3316599999999999	0.4081061540858939	0.6743621376289968	atman	0.103	
PT1-PR1	PTPRK	0.0825499999999999	0.4079348728217684	0.6743621376289968	atman	0.103	
PT1-PR1	RNASE1	0.07866	0.4080191064944989	0.6743621376289968	atman	0.103	
PT1-PR1	MBL2	0.1127899999999999	0.4084502967761019	0.6745514176099985	atman	0.103	
PT1-PR1	SH3BGRL2	-0.2983625	0.4095880151920577	0.6749128371476532	atman	0.103	
PT1-PR1	NUDT15	0.1919399999999999	0.4091388472719399	0.6749128371476532	atman	0.103	
PT1-PR1	SSH3	-0.07288	0.4089170456105098	0.6749128371476532	atman	0.103	
PT1-PR1	PRSS53	0.06552	0.4095784721179449	0.6749128371476532	atman	0.103	
PT1-PR1	GET3	0.1442599999999999	0.4104341428394122	0.6755493062533295	atman	0.103	
PT1-PR1	CD300C	0.06217	0.4103791084052091	0.6755493062533295	atman	0.103	
PT1-PR1	IMPACT	0.2739199999999999	0.4114840691406822	0.676396345129705	atman	0.103	
PT1-PR1	UGDH	0.14653	0.411639436722911	0.676396345129705	atman	0.103	
PT1-PR1	LAMP3	0.04251	0.4112012936536366	0.676396345129705	atman	0.103	
PT1-PR1	HSP90B1	0.1490111111111111	0.4126165712082472	0.6773535287776695	atman	0.103	
PT1-PR1	AP2B1	0.1466222222222222	0.4129727515792201	0.6773535287776695	atman	0.103	
PT1-PR1	DUSP13	0.1042599999999999	0.413144153699654	0.6773535287776695	atman	0.103	
PT1-PR1	CPB1	-0.09127	0.4128954367032307	0.6773535287776695	atman	0.103	
PT1-PR1	EIF2S2	0.246011111111111	0.4140793194315195	0.6777986689937695	atman	0.103	
PT1-PR1	SKAP1	0.1679333333333333	0.4141077640720954	0.6777986689937695	atman	0.103	
PT1-PR1	AMBN	-0.099	0.4136568966501786	0.6777986689937695	atman	0.103	
PT1-PR1	AMDHD2	-0.10099	0.4143553494867582	0.6778262899733273	atman	0.103	
PT1-PR1	LILRA2	0.0362999999999999	0.4153445575217231	0.6790663939893281	atman	0.103	
PT1-PR1	CGN	0.2018777777777777	0.4166883228459908	0.6808844785992886	atman	0.103	
PT1-PR1	SLAMF1	-0.6211899999999997	0.417106963715975	0.6809058977962866	atman	0.103	
PT1-PR1	MYBPC2	-0.0964777777777777	0.4171649475947296	0.6809058977962866	atman	0.103	
PT1-PR1	TMED4	0.30513	0.4184479804728522	0.6823265080132088	atman	0.103	
PT1-PR1	TIMP2	0.0734399999999999	0.4184997846970055	0.6823265080132088	atman	0.103	
PT1-PR1	GID8	0.1337	0.4188128720461441	0.6824582462959353	atman	0.103	
PT1-PR1	IFNG	-0.38405	0.4193058366975015	0.6827097922419272	atman	0.103	
PT1-PR1	MRPL28	0.15586	0.419431986043798	0.6827097922419272	atman	0.103	
PT1-PR1	MME	-0.0788	0.4198138079470987	0.6829529168043058	atman	0.103	
PT1-PR1	RYR1	-0.1782	0.4208366807158115	0.683773413945289	atman	0.103	
PT1-PR1	MAPRE3	0.14509	0.4208128392848855	0.683773413945289	atman	0.103	
PT1-PR1	STXBP3	-0.0520099999999999	0.4210163736647474	0.683773413945289	atman	0.103	
PT1-PR1	CHP1	-0.3014249999999999	0.4215864247457026	0.6839430789082684	atman	0.103	
PT1-PR1	NAPRT	-0.11662	0.4215489200408973	0.6839430789082684	atman	0.103	
PT1-PR1	RPS10	-0.14992	0.4220521304649565	0.6843207280938423	atman	0.103	
PT1-PR1	TRIM26	-0.38574	0.4230962618454557	0.6846620519596632	atman	0.103	
PT1-PR1	RANBP2	-0.1802125	0.4226217610784109	0.6846620519596632	atman	0.103	
PT1-PR1	WWP2	0.162	0.4238938980648834	0.6846620519596632	atman	0.103	
PT1-PR1	PRKRA	-0.13995	0.4229730461081924	0.6846620519596632	atman	0.103	
PT1-PR1	APOD	0.10737	0.4234685708734225	0.6846620519596632	atman	0.103	
PT1-PR1	DNPEP	0.08328	0.4234836678235343	0.6846620519596632	atman	0.103	
PT1-PR1	SUSD5	0.0369375	0.4238661480918657	0.6846620519596632	atman	0.103	
PT1-PR1	BCL7A	0.32977	0.427051906438689	0.6853124768051392	atman	0.103	
PT1-PR1	DEFB103A_DEFB103B	-0.2865374999999999	0.4258629984935085	0.6853124768051392	atman	0.103	
PT1-PR1	IGLON5	-0.23789	0.4266333534365039	0.6853124768051392	atman	0.103	
PT1-PR1	SERPINB5	0.2163499999999999	0.4262366399800814	0.6853124768051392	atman	0.103	
PT1-PR1	GJA8	0.2021799999999999	0.4256305539321845	0.6853124768051392	atman	0.103	
PT1-PR1	CASP8	0.19983	0.4259858324095709	0.6853124768051392	atman	0.103	
PT1-PR1	CD82	-0.1883499999999999	0.4251220523251415	0.6853124768051392	atman	0.103	
PT1-PR1	TEF	0.17131	0.4271912483046596	0.6853124768051392	atman	0.103	
PT1-PR1	CNTN4	0.05614	0.4257457705335681	0.6853124768051392	atman	0.103	
PT1-PR1	JAM2	0.04783	0.425100693910232	0.6853124768051392	atman	0.103	
PT1-PR1	TXNDC15	0.04656	0.4273289508192699	0.6853124768051392	atman	0.103	
PT1-PR1	IFNGR1	-0.03051	0.4249021378277258	0.6853124768051392	atman	0.103	
PT1-PR1	KLRD1	0.02983	0.4264979919556477	0.6853124768051392	atman	0.103	
PT1-PR1	SOX9	-0.388411111111111	0.4322676704785579	0.6857963720367243	atman	0.103	
PT1-PR1	NFX1	0.2766999999999999	0.4282640426920872	0.6857963720367243	atman	0.103	
PT1-PR1	NIT1	0.2620777777777778	0.4295700537317475	0.6857963720367243	atman	0.103	
PT1-PR1	CEP164	0.23027	0.4338116071359166	0.6857963720367243	atman	0.103	
PT1-PR1	PGD	0.21846	0.4339331026604052	0.6857963720367243	atman	0.103	
PT1-PR1	PARK7	0.21067	0.4303787938671273	0.6857963720367243	atman	0.103	
PT1-PR1	CNGB3	-0.1800375	0.4278812423160774	0.6857963720367243	atman	0.103	
PT1-PR1	HMMR	0.1660999999999999	0.4323705290690944	0.6857963720367243	atman	0.103	
PT1-PR1	FXYD5	0.16372	0.4292956913342429	0.6857963720367243	atman	0.103	
PT1-PR1	IL20RB	0.1507624999999999	0.4334912005022426	0.6857963720367243	atman	0.103	
PT1-PR1	KIR2DL2	0.14989	0.4286904937659108	0.6857963720367243	atman	0.103	
PT1-PR1	PAGR1	-0.1393333333333333	0.4304584881393209	0.6857963720367243	atman	0.103	
PT1-PR1	MVK	0.13723	0.4293962511861662	0.6857963720367243	atman	0.103	
PT1-PR1	MYO6	0.13487	0.4290187187427456	0.6857963720367243	atman	0.103	
PT1-PR1	RUVBL1	0.1329	0.4324779599874944	0.6857963720367243	atman	0.103	
PT1-PR1	DDX39A	-0.1308625	0.4334683929816421	0.6857963720367243	atman	0.103	
PT1-PR1	CPVL	0.0978499999999999	0.4312383683571279	0.6857963720367243	atman	0.103	
PT1-PR1	CXCL8	0.0912799999999999	0.4326213776175769	0.6857963720367243	atman	0.103	
PT1-PR1	NMT1	0.08875	0.4315401645035428	0.6857963720367243	atman	0.103	
PT1-PR1	ITIH4	0.0814199999999999	0.4333075396032835	0.6857963720367243	atman	0.103	
PT1-PR1	SERPINA7	0.08022	0.433848606017023	0.6857963720367243	atman	0.103	
PT1-PR1	C5	0.0598399999999999	0.4316753500800785	0.6857963720367243	atman	0.103	
PT1-PR1	ITGB1	0.05502	0.4333925713647228	0.6857963720367243	atman	0.103	
PT1-PR1	MSLN	-0.05125	0.4320730512520256	0.6857963720367243	atman	0.103	
PT1-PR1	LGALS3	0.04735	0.4332053697284386	0.6857963720367243	atman	0.103	
PT1-PR1	CD6	-0.0466499999999999	0.4330019090653267	0.6857963720367243	atman	0.103	
PT1-PR1	CLEC11A	0.03963	0.4295477313823783	0.6857963720367243	atman	0.103	
PT1-PR1	GPR101	0.1996875	0.4341910440820018	0.6858351008133986	atman	0.103	
PT1-PR1	LGALS4	-0.04095	0.4346378623555935	0.6861719718434894	atman	0.103	
PT1-PR1	EIF1AX	-0.12305	0.4357862646019708	0.6873135120828402	atman	0.103	
PT1-PR1	LCN15	0.0668	0.4358288199490576	0.6873135120828402	atman	0.103	
PT1-PR1	COMMD9	-0.1616099999999999	0.4364185006421348	0.6878028604448454	atman	0.103	
PT1-PR1	GPA33	-0.1036099999999999	0.4366073297241786	0.6878028604448454	atman	0.103	
PT1-PR1	LEFTY2	0.07544	0.4371920828946283	0.6883549515243398	atman	0.103	
PT1-PR1	SIRT5	0.2008555555555556	0.438091815040547	0.6894021170804109	atman	0.103	
PT1-PR1	ZNF830	0.0676499999999999	0.4407317670502246	0.6931851882192506	atman	0.103	
PT1-PR1	NXPH1	-0.2698888888888889	0.4424087711845255	0.6947070923250326	atman	0.103	
PT1-PR1	TNFRSF9	0.0474888888888888	0.4422545218177285	0.6947070923250326	atman	0.103	
PT1-PR1	BPIFB1	0.0371299999999999	0.4420451940831555	0.6947070923250326	atman	0.103	
PT1-PR1	CRH	0.1530299999999999	0.4441324578285748	0.6970412185365132	atman	0.103	
PT1-PR1	ACTA2	-0.0663	0.4444982949491884	0.6972429207478461	atman	0.103	
PT1-PR1	FGF21	0.1442800000000001	0.4448341843926926	0.6973974566412652	atman	0.103	
PT1-PR1	CCDC28A	-0.2527444444444444	0.4467167814677268	0.6985613691177459	atman	0.103	
PT1-PR1	MKI67	0.2326625	0.447003190585896	0.6985613691177459	atman	0.103	
PT1-PR1	ELAVL4	0.2285249999999999	0.44682928732462	0.6985613691177459	atman	0.103	
PT1-PR1	TXK	-0.1056249999999999	0.4463874261294203	0.6985613691177459	atman	0.103	
PT1-PR1	BAP18	0.1041899999999999	0.4464008489960354	0.6985613691177459	atman	0.103	
PT1-PR1	ECM1	0.08213	0.4462898103756885	0.6985613691177459	atman	0.103	
PT1-PR1	GPIHBP1	0.1788399999999999	0.4482215738637076	0.6992097789408499	atman	0.103	
PT1-PR1	ARID3A	0.15915	0.447883146173536	0.6992097789408499	atman	0.103	
PT1-PR1	NUDT2	0.11073	0.4480706893292567	0.6992097789408499	atman	0.103	
PT1-PR1	GSN	0.10028	0.4484237553412824	0.6992097789408499	atman	0.103	
PT1-PR1	VASH1	-0.0704875	0.4486080440107223	0.6992097789408499	atman	0.103	
PT1-PR1	RBFOX3	-0.0862199999999999	0.4489673697481546	0.6993987976246439	atman	0.103	
PT1-PR1	SEC31A	0.1500444444444444	0.4497300790696195	0.7002156715985914	atman	0.103	
PT1-PR1	CES3	0.1268699999999999	0.4503622567533658	0.700828554206244	atman	0.103	
PT1-PR1	DDT	0.0941599999999999	0.4510735297424724	0.7011926086684571	atman	0.103	
PT1-PR1	DSG4	0.06359	0.4510507895689073	0.7011926086684571	atman	0.103	
PT1-PR1	IL2RB	-0.20712	0.451603286324356	0.701644873199872	atman	0.103	
PT1-PR1	TLR2	0.15735	0.4520997106062836	0.7016740357957005	atman	0.103	
PT1-PR1	SCP2	0.10028	0.4519026763369229	0.7016740357957005	atman	0.103	
PT1-PR1	IFNGR2	-0.0450777777777777	0.4527888897840468	0.702372628397851	atman	0.103	
PT1-PR1	SPINK1	0.03971	0.4530493555082677	0.7024058081706019	atman	0.103	
PT1-PR1	SH3GLB2	-0.3064699999999999	0.4535392948224466	0.7024240633570628	atman	0.103	
PT1-PR1	TLR3	0.0216899999999999	0.4534613292417624	0.7024240633570628	atman	0.103	
PT1-PR1	CEACAM20	-0.2481874999999999	0.45680978841767	0.7047524970652931	atman	0.103	
PT1-PR1	POF1B	-0.1689625	0.456736579718509	0.7047524970652931	atman	0.103	
PT1-PR1	ATP2B4	-0.15819	0.4568327890095829	0.7047524970652931	atman	0.103	
PT1-PR1	TNFSF8	0.1279	0.4568193712007864	0.7047524970652931	atman	0.103	
PT1-PR1	CILP	0.11398	0.4569617109970671	0.7047524970652931	atman	0.103	
PT1-PR1	CXCL8	0.1119899999999999	0.4568488363430998	0.7047524970652931	atman	0.103	
PT1-PR1	SLITRK6	-0.0726699999999999	0.4554887035045982	0.7047524970652931	atman	0.103	
PT1-PR1	ACP6	0.07051	0.456836020933304	0.7047524970652931	atman	0.103	
PT1-PR1	EDNRB	0.1617125	0.457440603121219	0.7051209296800323	atman	0.103	
PT1-PR1	JCHAIN	-0.2547799999999999	0.4579238374708061	0.7051259090614405	atman	0.103	
PT1-PR1	IL7	0.1365874999999999	0.4577182022905885	0.7051259090614405	atman	0.103	
PT1-PR1	HNF1A	0.1437333333333333	0.4582801523016919	0.7053049174763598	atman	0.103	
PT1-PR1	SERPINA9	0.04667	0.4586743143334302	0.7053714014902638	atman	0.103	
PT1-PR1	IL15	0.024375	0.4588035222082689	0.7053714014902638	atman	0.103	
PT1-PR1	OSTN	0.1483	0.4590887871458293	0.705440824599606	atman	0.103	
PT1-PR1	IL3	-0.2676	0.4593414529264963	0.7054601090946399	atman	0.103	
PT1-PR1	FLT3	-0.1071299999999999	0.4597345876746859	0.7056949940377363	atman	0.103	
PT1-PR1	PRTN3	0.03576	0.4603911656535744	0.7063338092377032	atman	0.103	
PT1-PR1	GBP2	-0.3312199999999999	0.4607354096800731	0.706493023820488	atman	0.103	
PT1-PR1	MTHFD2	0.07282	0.4612564552708658	0.7065544658945796	atman	0.103	
PT1-PR1	TNFRSF1A	0.0307599999999999	0.4610724865574431	0.7065544658945796	atman	0.103	
PT1-PR1	LILRB2	0.02106	0.4616233397356759	0.706747979230545	atman	0.103	
PT1-PR1	GMPR2	0.298825	0.4622014059210473	0.7067480266166462	atman	0.103	
PT1-PR1	TXNDC5	0.17247	0.4625548770928784	0.7067480266166462	atman	0.103	
PT1-PR1	RLN1	0.1402699999999999	0.462351745728117	0.7067480266166462	atman	0.103	
PT1-PR1	PTGDS	-0.06557	0.462585587196668	0.7067480266166462	atman	0.103	
PT1-PR1	NEO1	-0.04532	0.4634597689424748	0.7077155931148603	atman	0.103	
PT1-PR1	GABARAP	0.35508	0.4651346323849903	0.7091673845080962	atman	0.103	
PT1-PR1	MPHOSPH8	0.20423	0.4650636632035647	0.7091673845080962	atman	0.103	
PT1-PR1	PRTG	-0.05103	0.464810821243484	0.7091673845080962	atman	0.103	
PT1-PR1	CX3CL1	0.0803111111111111	0.4655670408427093	0.7094584885870746	atman	0.103	
PT1-PR1	CSTB	-0.0873699999999999	0.4661956080092395	0.7094598524813656	atman	0.103	
PT1-PR1	CDH15	-0.06987	0.4662923673048049	0.7094598524813656	atman	0.103	
PT1-PR1	LAMP2	0.0451499999999999	0.4662828428792311	0.7094598524813656	atman	0.103	
PT1-PR1	IL17RA	0.0345499999999999	0.4667360480402716	0.7097673442765621	atman	0.103	
PT1-PR1	CINP	0.1882375	0.4687925765498391	0.7117894521464739	atman	0.103	
PT1-PR1	SERPINE1	0.175	0.4686275455998308	0.7117894521464739	atman	0.103	
PT1-PR1	FABP9	0.05195	0.4687341699389655	0.7117894521464739	atman	0.103	
PT1-PR1	ALMS1	0.1616625	0.4694138778323102	0.7121296448043075	atman	0.103	
PT1-PR1	NPHS1	-0.1052125	0.4695014029904505	0.7121296448043075	atman	0.103	
PT1-PR1	ATF2	0.1562222222222222	0.4703015345663943	0.7129751850134503	atman	0.103	
PT1-PR1	TGOLN2	-0.07745	0.4707708702570037	0.7133186265162852	atman	0.103	
PT1-PR1	USP47	0.2572399999999999	0.471732398168101	0.7141483421203949	atman	0.103	
PT1-PR1	ESR1	0.0835	0.4718046058732765	0.7141483421203949	atman	0.103	
PT1-PR1	VSIG10L	-0.15404	0.4731982128403673	0.7158889543383107	atman	0.103	
PT1-PR1	CPOX	-0.13635	0.4737883967184197	0.716412923087348	atman	0.103	
PT1-PR1	PPCDC	0.14091	0.4743778285512747	0.7165666119710259	atman	0.103	
PT1-PR1	ADGRE5	-0.0481199999999999	0.4743330073833651	0.7165666119710259	atman	0.103	
PT1-PR1	PCNA	-0.09256	0.4750280953486703	0.7171801357319596	atman	0.103	
PT1-PR1	IL16	-0.04783	0.4753594192169585	0.717311748155842	atman	0.103	
PT1-PR1	LYZL2	0.07247	0.4758098229747323	0.7176228233571682	atman	0.103	
PT1-PR1	CNTN1	0.04736	0.4769969871380426	0.7190442012373367	atman	0.103	
PT1-PR1	LTBR	0.03819	0.4775167520451782	0.7194585730814018	atman	0.103	
PT1-PR1	ZHX2	0.05155	0.4813126667506688	0.7248060558244311	atman	0.103	
PT1-PR1	KDM3A	0.1721749999999999	0.4824555355448852	0.7261548992986028	atman	0.103	
PT1-PR1	TCOF1	0.13731	0.4828892962396895	0.7264356130835679	atman	0.103	
PT1-PR1	KLK8	-0.0567099999999999	0.4840123242971974	0.7277524098184064	atman	0.103	
PT1-PR1	PRKAB1	0.1700799999999999	0.4847124924277859	0.7278712198992003	atman	0.103	
PT1-PR1	WNT9A	-0.08803	0.4853300611921489	0.7278712198992003	atman	0.103	
PT1-PR1	IFT20	0.0821333333333333	0.484381109501973	0.7278712198992003	atman	0.103	
PT1-PR1	USP28	0.07851	0.4849098853125735	0.7278712198992003	atman	0.103	
PT1-PR1	MILR1	0.0766499999999999	0.4852165349400434	0.7278712198992003	atman	0.103	
PT1-PR1	CDSN	0.04464	0.4855879232012903	0.7278863869211178	atman	0.103	
PT1-PR1	TPSD1	0.12658	0.486438071241801	0.728788910407145	atman	0.103	
PT1-PR1	RTKN2	-0.17356	0.4875556704361286	0.7299464008374967	atman	0.103	
PT1-PR1	TFRC	-0.0435799999999999	0.4877075510020443	0.7299464008374967	atman	0.103	
PT1-PR1	LPP	-0.1867599999999999	0.4887445868495921	0.7311260672933307	atman	0.103	
PT1-PR1	VIM	-0.47077	0.489113638186851	0.7313057857470576	atman	0.103	
PT1-PR1	SPINK4	0.0834375	0.4897116431906394	0.7318274708515252	atman	0.103	
PT1-PR1	CDA	0.11638	0.490636360911203	0.7324676564515328	atman	0.103	
PT1-PR1	TIGAR	0.1137444444444444	0.4909292196804036	0.7324676564515328	atman	0.103	
PT1-PR1	DYNC1H1	0.10794	0.4911372645369365	0.7324676564515328	atman	0.103	
PT1-PR1	CCNE1	0.08015	0.4907990996304008	0.7324676564515328	atman	0.103	
PT1-PR1	CBLN1	-0.205975	0.4914476083842092	0.7325586369522104	atman	0.103	
PT1-PR1	ERI1	0.1489374999999999	0.4920994756166501	0.7331583465323114	atman	0.103	
PT1-PR1	ERVV-1	0.1833199999999999	0.4928567516427091	0.7335426222524212	atman	0.103	
PT1-PR1	APOH	0.04878	0.4928372000010181	0.7335426222524212	atman	0.103	
PT1-PR1	YOD1	-0.3414099999999999	0.4937880624386237	0.7345566214909754	atman	0.103	
PT1-PR1	NLGN2	0.1400125	0.4946705536549585	0.7352533703143326	atman	0.103	
PT1-PR1	CEP43	-0.13986	0.4947569479616867	0.7352533703143326	atman	0.103	
PT1-PR1	EIF4EBP1	-0.2341299999999999	0.4952135928638572	0.7355303496819817	atman	0.103	
PT1-PR1	SMPD3	-0.085375	0.4954440306401095	0.7355303496819817	atman	0.103	
PT1-PR1	GGA1	0.1788666666666666	0.4965225888538995	0.7363873629746376	atman	0.103	
PT1-PR1	SLC39A14	0.1402444444444444	0.4964926203316431	0.7363873629746376	atman	0.103	
PT1-PR1	GATA3	-0.16692	0.4970089288355956	0.7367367471841474	atman	0.103	
PT1-PR1	MAPT	0.2075222222222222	0.4977737659317482	0.7371266755582039	atman	0.103	
PT1-PR1	IL18RAP	-0.0544777777777776	0.4976561176471294	0.7371266755582039	atman	0.103	
PT1-PR1	HCG22	0.12135	0.4990089542956448	0.7376858293634059	atman	0.103	
PT1-PR1	IL10RA	-0.10761	0.498783816048947	0.7376858293634059	atman	0.103	
PT1-PR1	ERN1	0.0922399999999999	0.4994067782858455	0.7376858293634059	atman	0.103	
PT1-PR1	ICOSLG	0.0424499999999999	0.4992679463699956	0.7376858293634059	atman	0.103	
PT1-PR1	CTRC	0.04063	0.4989216991425484	0.7376858293634059	atman	0.103	
PT1-PR1	ACP5	0.0378	0.5000443902445213	0.7378856948962348	atman	0.103	
PT1-PR1	CLMP	0.03211	0.5000175927026707	0.7378856948962348	atman	0.103	
PT1-PR1	COL9A2	-0.2329875	0.500831514371173	0.7386761994088887	atman	0.103	
PT1-PR1	TK1	0.1513749999999999	0.5022390875175164	0.7396383153516107	atman	0.103	
PT1-PR1	GRIN2B	0.1084374999999999	0.5018321016302032	0.7396383153516107	atman	0.103	
PT1-PR1	VSIG10	-0.08684	0.5020536396641522	0.7396383153516107	atman	0.103	
PT1-PR1	ENTPD6	0.04135	0.5028691161273526	0.7401951218347504	atman	0.103	
PT1-PR1	PKN3	0.1349124999999999	0.5042746274834788	0.7411894298834747	atman	0.103	
PT1-PR1	GART	0.07746	0.5038112990933254	0.7411894298834747	atman	0.103	
PT1-PR1	SEPTIN9	0.0521099999999999	0.5043014534843655	0.7411894298834747	atman	0.103	
PT1-PR1	STAMBP	0.2275444444444444	0.5053857957138099	0.7413585573943823	atman	0.103	
PT1-PR1	GLP1R	-0.178325	0.5050017327346237	0.7413585573943823	atman	0.103	
PT1-PR1	TGFBR1	-0.13505	0.505425864690588	0.7413585573943823	atman	0.103	
PT1-PR1	SLIRP	-0.10188	0.5048553791755079	0.7413585573943823	atman	0.103	
PT1-PR1	BAMBI	0.13779	0.5101821005619711	0.7475657010454957	atman	0.103	
PT1-PR1	TNF	-0.07813	0.5099137347148652	0.7475657010454957	atman	0.103	
PT1-PR1	BCAM	0.03451	0.5104209653836842	0.7475657010454957	atman	0.103	
PT1-PR1	SAFB2	-0.0552799999999999	0.5110077080278648	0.7480521406008305	atman	0.103	
PT1-PR1	IGF2BP3	0.1147499999999999	0.5119483924923547	0.7486568275552513	atman	0.103	
PT1-PR1	CD163	0.0506999999999999	0.5121055418268332	0.7486568275552513	atman	0.103	
PT1-PR1	ENPP2	-0.03258	0.5121852360061454	0.7486568275552513	atman	0.103	
PT1-PR1	SPACA5_SPACA5B	-0.13143	0.5134427062021101	0.7496558826679998	atman	0.103	
PT1-PR1	TCL1A	0.1221888888888888	0.513653801912145	0.7496558826679998	atman	0.103	
PT1-PR1	DDC	0.06068	0.5138893627274852	0.7496558826679998	atman	0.103	
PT1-PR1	SERPINA1	0.01885	0.5135388198663033	0.7496558826679998	atman	0.103	
PT1-PR1	WAS	0.31338	0.5147957369341964	0.7500365578313959	atman	0.103	
PT1-PR1	MAD1L1	-0.1139111111111111	0.5149161801041271	0.7500365578313959	atman	0.103	
PT1-PR1	MRPS16	-0.1060374999999999	0.5146149063943048	0.7500365578313959	atman	0.103	
PT1-PR1	NGF	0.0451222222222222	0.5158629670354178	0.7510433087958659	atman	0.103	
PT1-PR1	NXPH3	0.0784499999999999	0.5163857447727991	0.7514320545529884	atman	0.103	
PT1-PR1	LTB	-0.10085	0.5178185689083827	0.7524149812210599	atman	0.103	
PT1-PR1	NFIC	0.09022	0.5178228495412727	0.7524149812210599	atman	0.103	
PT1-PR1	CFHR2	0.0862	0.5178295071575845	0.7524149812210599	atman	0.103	
PT1-PR1	IGSF21	-0.0476666666666666	0.5187470275039099	0.7526860022034773	atman	0.103	
PT1-PR1	SUSD2	0.04448	0.5187845998849698	0.7526860022034773	atman	0.103	
PT1-PR1	TNXB	0.0286399999999999	0.5186898891306613	0.7526860022034773	atman	0.103	
PT1-PR1	SLC9A3R1	0.1839875	0.5200431697658854	0.7539644719220813	atman	0.103	
PT1-PR1	ATP5F1D	0.08282	0.5201790281096184	0.7539644719220813	atman	0.103	
PT1-PR1	SERPINA3	0.04131	0.5210429215314714	0.7548442324750803	atman	0.103	
PT1-PR1	CA7	-0.1534375	0.521658240036287	0.7549910882889711	atman	0.103	
PT1-PR1	MAP1LC3A	0.1329624999999999	0.5214473130131103	0.7549910882889711	atman	0.103	
PT1-PR1	PPP1R12B	0.1899375	0.5223315680892939	0.755221529058241	atman	0.103	
PT1-PR1	NEDD9	0.1421624999999999	0.5220983500286067	0.755221529058241	atman	0.103	
PT1-PR1	PMS1	0.1531222222222222	0.5235389457287329	0.7565948954997626	atman	0.103	
PT1-PR1	VCPKMT	0.05666	0.5239655195057451	0.7568390837305207	atman	0.103	
PT1-PR1	KIAA1549L	-0.29495	0.5244028515359391	0.7570985640356703	atman	0.103	
PT1-PR1	ITPRIP	-0.1692374999999999	0.5253784035781628	0.7581344546722212	atman	0.103	
PT1-PR1	GPR15L	0.1383	0.5265002587238072	0.7593803437066988	atman	0.103	
PT1-PR1	GRIK2	-0.12229	0.5267662168477285	0.7593911408727313	atman	0.103	
PT1-PR1	DEFB116	0.1373625	0.527535044034954	0.7601265126898945	atman	0.103	
PT1-PR1	SLAMF6	0.14028	0.5286378401084721	0.7613421442346525	atman	0.103	
PT1-PR1	NPTN	0.12122	0.5291959104745723	0.7617724571162633	atman	0.103	
PT1-PR1	CD276	0.03458	0.5316630460083664	0.7649490838259454	atman	0.103	
PT1-PR1	TCL1B	-0.14334	0.531992991359185	0.7650491476325431	atman	0.103	
PT1-PR1	SPINT3	0.11749	0.5333302452831332	0.7662221323432007	atman	0.103	
PT1-PR1	IDO1	-0.07125	0.5331836505568766	0.7662221323432007	atman	0.103	
PT1-PR1	SAA4	0.03556	0.5342267863082986	0.7671350430956897	atman	0.103	
PT1-PR1	RASSF2	0.0871000000000001	0.5356280507188722	0.7683961001035383	atman	0.103	
PT1-PR1	CSF2RA	0.0483777777777777	0.5355144393022004	0.7683961001035383	atman	0.103	
PT1-PR1	ST6GAL1	0.0362	0.5361588102617421	0.7687821300873587	atman	0.103	
PT1-PR1	PAPPA	0.14942	0.5365430682093546	0.7689578216580897	atman	0.103	
PT1-PR1	CAMLG	0.1520666666666666	0.5374936012351663	0.7696658445396923	atman	0.103	
PT1-PR1	BST2	0.0546899999999999	0.5375610323333726	0.7696658445396923	atman	0.103	
PT1-PR1	HNRNPUL1	0.0850499999999999	0.5378400691768672	0.7696902694796084	atman	0.103	
PT1-PR1	TP53BP1	0.0606249999999999	0.5381830952084481	0.7698061994753752	atman	0.103	
PT1-PR1	CLSTN2	-0.0287099999999999	0.538956539642333	0.7705373788171165	atman	0.103	
PT1-PR1	DGKZ	0.11087	0.5396914136632232	0.7712127302249755	atman	0.103	
PT1-PR1	SPINK8	0.12447	0.5410315190215003	0.7727518730603635	atman	0.103	
PT1-PR1	ABHD14B	0.1234666666666666	0.541872866909298	0.7735774941591437	atman	0.103	
PT1-PR1	GMPR	0.2239399999999999	0.5423136889312086	0.7737909665218179	atman	0.103	
PT1-PR1	HSBP1	0.0499555555555555	0.5425491460295933	0.7737909665218179	atman	0.103	
PT1-PR1	PPM1B	0.0721874999999999	0.5431876244874965	0.7743256869210405	atman	0.103	
PT1-PR1	CCL26	0.1177375	0.5438697833138111	0.7749221257885437	atman	0.103	
PT1-PR1	EVPL	0.1224249999999999	0.5445416159572831	0.7755032805053309	atman	0.103	
PT1-PR1	TPM3	0.12006	0.5448477155742106	0.7755632695528251	atman	0.103	
PT1-PR1	LRRC38	-0.2128444444444444	0.5474963617326138	0.7789560826975397	atman	0.103	
PT1-PR1	ADD1	-0.24085	0.5488960965590435	0.7805695700341093	atman	0.103	
PT1-PR1	DIPK1C	0.1080555555555555	0.550361107204008	0.781896002401052	atman	0.103	
PT1-PR1	ZNRF4	-0.09879	0.5500997266333245	0.781896002401052	atman	0.103	
PT1-PR1	F10	0.0695399999999999	0.5506301592796432	0.7819001488465885	atman	0.103	
PT1-PR1	LRTM1	0.1548666666666666	0.5511333640384244	0.7822366297318314	atman	0.103	
PT1-PR1	COL24A1	0.22736	0.5523517401524876	0.7824539115564167	atman	0.103	
PT1-PR1	NME1	0.1416749999999999	0.552218368701384	0.7824539115564167	atman	0.103	
PT1-PR1	UBAC1	-0.13033	0.5520599340770422	0.7824539115564167	atman	0.103	
PT1-PR1	SEMA7A	0.0385199999999999	0.5521914952979918	0.7824539115564167	atman	0.103	
PT1-PR1	DAPK2	-0.2371125	0.5529932432705036	0.782767404729817	atman	0.103	
PT1-PR1	ENO3	-0.0847555555555555	0.5531438687881309	0.782767404729817	atman	0.103	
PT1-PR1	FCAR	-0.0675125	0.5533723279863274	0.782767404729817	atman	0.103	
PT1-PR1	STX3	0.0663999999999999	0.5542192963803521	0.7832167855079465	atman	0.103	
PT1-PR1	IGSF3	-0.0323899999999999	0.5542231780364264	0.7832167855079465	atman	0.103	
PT1-PR1	APBB1IP	-0.0959	0.5545695512469511	0.7833294911363183	atman	0.103	
PT1-PR1	TET2	-0.188825	0.5550883868293883	0.7836855744857006	atman	0.103	
PT1-PR1	ATP1B3	0.07954	0.55539741999093	0.7837452545309088	atman	0.103	
PT1-PR1	SULT2A1	-0.1125749999999999	0.5567582960908715	0.7852884656336919	atman	0.103	
PT1-PR1	RILP	0.2399299999999999	0.5576378759830418	0.7861516696920234	atman	0.103	
PT1-PR1	EDA2R	0.04477	0.5581486022665896	0.7864942894288922	atman	0.103	
PT1-PR1	NEK7	0.0409374999999999	0.5584576262460592	0.7865524956428197	atman	0.103	
PT1-PR1	BLNK	-0.2199999999999999	0.5593992506887822	0.7865539697497551	atman	0.103	
PT1-PR1	PEBP1	0.17068	0.5594803417691041	0.7865539697497551	atman	0.103	
PT1-PR1	FNDC1	0.0636399999999999	0.5595295428104112	0.7865539697497551	atman	0.103	
PT1-PR1	ASAH2	0.0262777777777777	0.5588282428561648	0.7865539697497551	atman	0.103	
PT1-PR1	ZPR1	-0.2049999999999999	0.5598090618055078	0.7865705516903787	atman	0.103	
PT1-PR1	GPR158	0.06822	0.5603870784121847	0.7866526864624037	atman	0.103	
PT1-PR1	ADM	0.0417499999999999	0.5604030200019778	0.7866526864624037	atman	0.103	
PT1-PR1	ARFIP1	0.1256	0.5610780653904057	0.7866843661093367	atman	0.103	
PT1-PR1	CA8	-0.0674875	0.5608256174561204	0.7866843661093367	atman	0.103	
PT1-PR1	LAMB1	0.0464777777777777	0.5612288738479134	0.7866843661093367	atman	0.103	
PT1-PR1	ARMCX2	0.1948875	0.5619261785364453	0.7870407314470905	atman	0.103	
PT1-PR1	NFKBIE	0.08417	0.5620188749407746	0.7870407314470905	atman	0.103	
PT1-PR1	BTC	-0.1589899999999999	0.5637716515309177	0.787998119838154	atman	0.103	
PT1-PR1	CFC1	-0.13872	0.563648186477324	0.787998119838154	atman	0.103	
PT1-PR1	CASP7	0.13506	0.5637753736895166	0.787998119838154	atman	0.103	
PT1-PR1	SLC51B	-0.02528	0.5634682225860315	0.787998119838154	atman	0.103	
PT1-PR1	NSFL1C	0.20348	0.5660540981916846	0.7904310553646242	atman	0.103	
PT1-PR1	F2	0.04364	0.5660066072451753	0.7904310553646242	atman	0.103	
PT1-PR1	SEZ6L2	0.03231	0.5669819709839568	0.791350608432715	atman	0.103	
PT1-PR1	WASL	0.13725	0.5673881814716066	0.7915415371147105	atman	0.103	
PT1-PR1	CHRM1	-0.2261888888888888	0.5679529546195128	0.7919533842772323	atman	0.103	
PT1-PR1	PADI2	0.17523	0.5692112110080458	0.7924826018280086	atman	0.103	
PT1-PR1	ATP6V1G2	0.1742999999999999	0.5696811623760225	0.7924826018280086	atman	0.103	
PT1-PR1	PGLYRP4	-0.07021	0.5686042703539291	0.7924826018280086	atman	0.103	
PT1-PR1	PSG1	-0.0518333333333333	0.569513859367881	0.7924826018280086	atman	0.103	
PT1-PR1	MYOM3	0.0316249999999999	0.5691912187582362	0.7924826018280086	atman	0.103	
PT1-PR1	GABRA4	-0.2267874999999999	0.5712870527496583	0.7941004669960431	atman	0.103	
PT1-PR1	DOCK9	0.129125	0.5713847471850357	0.7941004669960431	atman	0.103	
PT1-PR1	TMPRSS5	0.0300666666666666	0.5720004033401991	0.7945802293208062	atman	0.103	
PT1-PR1	CDC26	0.1232599999999999	0.5728449448115092	0.7953773383063393	atman	0.103	
PT1-PR1	FMNL1	0.1569222222222222	0.57473991111913	0.7976314874199357	atman	0.103	
PT1-PR1	NECAP2	-0.06682	0.5761108594049296	0.7991566123379051	atman	0.103	
PT1-PR1	MMP1	0.0970799999999999	0.5765355777608079	0.7993683470794023	atman	0.103	
PT1-PR1	IL1A	-0.44633	0.5772590296799183	0.7999938816979245	atman	0.103	
PT1-PR1	MSTN	0.04362	0.5780365997636328	0.8006937907145464	atman	0.103	
PT1-PR1	KLK11	0.0478299999999999	0.5783355301626725	0.800730342892522	atman	0.103	
PT1-PR1	CD34	-0.04436	0.578853683576265	0.8010702413316375	atman	0.103	
PT1-PR1	DSCAM	0.0726999999999999	0.5795359849899961	0.8015077731918167	atman	0.103	
PT1-PR1	GALNT10	0.04467	0.5797154588266202	0.8015077731918167	atman	0.103	
PT1-PR1	PALLD	0.1797875	0.5808086251074069	0.8015104464845287	atman	0.103	
PT1-PR1	DFFA	0.1055899999999999	0.5803105479490358	0.8015104464845287	atman	0.103	
PT1-PR1	EPB41L5	-0.0975888888888888	0.5805633815986677	0.8015104464845287	atman	0.103	
PT1-PR1	IFNAR1	0.0382699999999999	0.5804600421652404	0.8015104464845287	atman	0.103	
PT1-PR1	CEND1	0.108875	0.5812551917490734	0.8017501189477829	atman	0.103	
PT1-PR1	GADD45GIP1	0.0838888888888889	0.5819970053257864	0.8023966220775036	atman	0.103	
PT1-PR1	CDH4	-0.1166625	0.582941022080196	0.8033211645739287	atman	0.103	
PT1-PR1	SERPINA12	-0.0393500000000001	0.5833727793820733	0.8035392526134699	atman	0.103	
PT1-PR1	SUSD4	-0.13191	0.5838945576998378	0.8035409746860251	atman	0.103	
PT1-PR1	TNFRSF8	0.0322199999999999	0.5839210282350795	0.8035409746860251	atman	0.103	
PT1-PR1	SAG	-0.6093875000000002	0.584230661661238	0.8035906760115719	atman	0.103	
PT1-PR1	RAB39B	0.10329	0.5855781498626724	0.805067199015691	atman	0.103	
PT1-PR1	MCEE	0.10981	0.5870155560619106	0.8062887815380521	atman	0.103	
PT1-PR1	BAG3	-0.0682111111111111	0.5869025469995914	0.8062887815380521	atman	0.103	
PT1-PR1	HAGH	-0.04298	0.5873836872025089	0.8064174172901735	atman	0.103	
PT1-PR1	HDGF	0.19083	0.5890421944899022	0.8079392938428258	atman	0.103	
PT1-PR1	GPRC5C	0.05614	0.5888441865765439	0.8079392938428258	atman	0.103	
PT1-PR1	EPHA2	0.05188	0.5895553568747263	0.8082658135781361	atman	0.103	
PT1-PR1	ACTN4	-0.0997199999999999	0.5907762713785165	0.8092461618313108	atman	0.103	
PT1-PR1	CLTA	0.08189	0.5908213128414437	0.8092461618313108	atman	0.103	
PT1-PR1	VWA5A	0.0707899999999999	0.5921579398009187	0.8106989874814069	atman	0.103	
PT1-PR1	NPPB	-0.4912399999999999	0.5940178620730803	0.8115082360526054	atman	0.103	
PT1-PR1	SPAG1	0.142	0.594130093856077	0.8115082360526054	atman	0.103	
PT1-PR1	NAGA	0.1357625	0.5933516847037432	0.8115082360526054	atman	0.103	
PT1-PR1	PCYT2	0.12098	0.5935485375532294	0.8115082360526054	atman	0.103	
PT1-PR1	LGALS1	0.07342	0.5940355189220097	0.8115082360526054	atman	0.103	
PT1-PR1	RGMA	0.04228	0.5948570868517138	0.8121236622538731	atman	0.103	
PT1-PR1	LMNB1	-0.09736	0.5954722243124686	0.8122086327901731	atman	0.103	
PT1-PR1	DKK3	-0.03479	0.5952035859207643	0.8122086327901731	atman	0.103	
PT1-PR1	LRFN2	-0.1279666666666666	0.5969179675875023	0.8130062618566851	atman	0.103	
PT1-PR1	ABO	0.0941499999999999	0.5964326219372906	0.8130062618566851	atman	0.103	
PT1-PR1	RAB44	0.06785	0.5971638914522555	0.8130062618566851	atman	0.103	
PT1-PR1	SNX18	0.05385	0.5969876090087545	0.8130062618566851	atman	0.103	
PT1-PR1	SGSH	0.0786399999999999	0.5987955054420508	0.8148500208377699	atman	0.103	
PT1-PR1	EXOSC10	0.0909399999999999	0.5992206030440508	0.8150509869182505	atman	0.103	
PT1-PR1	SSNA1	0.08502	0.5999841666154868	0.8157119303638595	atman	0.103	
PT1-PR1	SV2A	0.1431111111111111	0.600708239888383	0.816318597961179	atman	0.103	
PT1-PR1	HSD17B14	0.0409699999999999	0.6012470513390651	0.8166730637236123	atman	0.103	
PT1-PR1	GCLM	0.0828699999999999	0.6015720611872595	0.8167369296525732	atman	0.103	
PT1-PR1	GHRL	0.0819199999999999	0.6019117066815678	0.8168205977969728	atman	0.103	
PT1-PR1	CRX	-0.03927	0.6022743305512197	0.81693535695267	atman	0.103	
PT1-PR1	IL4	0.4221999999999999	0.6027597895944008	0.8172165490670741	atman	0.103	
PT1-PR1	CD226	0.1954375	0.6043919640683817	0.8182965854529518	atman	0.103	
PT1-PR1	TG	0.07438	0.6042744831889539	0.8182965854529518	atman	0.103	
PT1-PR1	GLA	-0.0439125	0.6040100458659121	0.8182965854529518	atman	0.103	
PT1-PR1	HRAS	-0.085925	0.6066372048930209	0.8205801602098044	atman	0.103	
PT1-PR1	PCDH7	0.0329999999999999	0.6064359644351338	0.8205801602098044	atman	0.103	
PT1-PR1	LIPF	0.0482333333333333	0.6077099613343295	0.8216529527842891	atman	0.103	
PT1-PR1	CCND2	0.2429625	0.6084300067300998	0.821873457004367	atman	0.103	
PT1-PR1	CA6	0.02345	0.6084325285856018	0.821873457004367	atman	0.103	
PT1-PR1	AZU1	0.11593	0.6088482436081208	0.8220570495039794	atman	0.103	
PT1-PR1	GOT1	0.0768300000000001	0.6095807526689474	0.8226680070470223	atman	0.103	
PT1-PR1	SNRPB2	0.08906	0.6109181156973753	0.8234016843296172	atman	0.103	
PT1-PR1	SLITRK1	0.0757249999999999	0.6109651708095867	0.8234016843296172	atman	0.103	
PT1-PR1	CCN4	0.0318099999999999	0.6106962956565236	0.8234016843296172	atman	0.103	
PT1-PR1	CPA1	-0.05206	0.611576741428022	0.8238479900575555	atman	0.103	
PT1-PR1	CD164L2	-0.1269999999999999	0.6121945971150757	0.823924748659685	atman	0.103	
PT1-PR1	IL34	0.0991222222222222	0.6119208773741429	0.823924748659685	atman	0.103	
PT1-PR1	ARHGEF5	0.201225	0.6138371822983619	0.8255129178886152	atman	0.103	
PT1-PR1	MAG	0.0907666666666666	0.6139365982255358	0.8255129178886152	atman	0.103	
PT1-PR1	SPRR3	-0.07891	0.6147844499356085	0.8262748005081508	atman	0.103	
PT1-PR1	PFDN2	0.333088888888889	0.616221907177438	0.8270717054761594	atman	0.103	
PT1-PR1	RGL2	-0.2911499999999999	0.615805006480719	0.8270717054761594	atman	0.103	
PT1-PR1	MDGA1	0.0362333333333333	0.6161042439011726	0.8270717054761594	atman	0.103	
PT1-PR1	PLCB1	-0.1030125	0.6166728552344214	0.827188043332369	atman	0.103	
PT1-PR1	ASS1	0.07732	0.6168716824170253	0.827188043332369	atman	0.103	
PT1-PR1	MAPK9	-0.092875	0.6188445399769626	0.8286988415917577	atman	0.103	
PT1-PR1	PDXDC1	-0.0928599999999999	0.6188440466196294	0.8286988415917577	atman	0.103	
PT1-PR1	AKAP12	0.0321249999999999	0.6183030508179983	0.8286988415917577	atman	0.103	
PT1-PR1	EIF4E	0.21515	0.6193406984014282	0.8287375502460337	atman	0.103	
PT1-PR1	RNASE3	-0.1546899999999999	0.6197196725291136	0.8287375502460337	atman	0.103	
PT1-PR1	CD2AP	0.1266599999999999	0.6195177761827977	0.8287375502460337	atman	0.103	
PT1-PR1	PFDN4	-0.1010399999999999	0.6203637062539142	0.8292213689599636	atman	0.103	
PT1-PR1	TMSB10	-0.0819099999999999	0.6211887450473903	0.8295693331587422	atman	0.103	
PT1-PR1	ABCA2	-0.0789	0.6211421636479733	0.8295693331587422	atman	0.103	
PT1-PR1	KLRB1	-0.02688	0.6215115625030414	0.8296233396792074	atman	0.103	
PT1-PR1	RNF5	0.0711888888888889	0.6221016916762536	0.830033955560778	atman	0.103	
PT1-PR1	CLINT1	-0.12425	0.6238383084248502	0.831973195711398	atman	0.103	
PT1-PR1	NMI	0.15701	0.624368196344667	0.8323020693560035	atman	0.103	
PT1-PR1	RAB6B	0.1885888888888888	0.6270616165633771	0.8341654051655633	atman	0.103	
PT1-PR1	LIF	-0.1702333333333333	0.6271856296837064	0.8341654051655633	atman	0.103	
PT1-PR1	JMJD1C	0.15876	0.6269616034598735	0.8341654051655633	atman	0.103	
PT1-PR1	DHRS4L2	0.05047	0.6269771232670458	0.8341654051655633	atman	0.103	
PT1-PR1	VWC2L	-0.02992	0.6260766286704014	0.8341654051655633	atman	0.103	
PT1-PR1	HDAC9	-0.1416124999999999	0.6281539282510127	0.8346975310725804	atman	0.103	
PT1-PR1	TNFRSF19	0.02586	0.6279473379811782	0.8346975310725804	atman	0.103	
PT1-PR1	UPK3BL1	0.134	0.6286881370851791	0.8349519806418774	atman	0.103	
PT1-PR1	UHRF2	0.12226	0.6291979867736952	0.8349519806418774	atman	0.103	
PT1-PR1	ARID4B	-0.1109777777777777	0.6290752436618003	0.8349519806418774	atman	0.103	
PT1-PR1	SHH	0.1134375	0.6306759107798401	0.8357755500914461	atman	0.103	
PT1-PR1	LXN	-0.0892444444444444	0.631240961760694	0.8357755500914461	atman	0.103	
PT1-PR1	SEMA6C	-0.0829625	0.6308605870005941	0.8357755500914461	atman	0.103	
PT1-PR1	RAB37	0.0699399999999999	0.6311117455496107	0.8357755500914461	atman	0.103	
PT1-PR1	AAMDC	0.0625333333333333	0.6305129155958022	0.8357755500914461	atman	0.103	
PT1-PR1	H2AP	-0.1466799999999999	0.6319390985203652	0.8363230051589338	atman	0.103	
PT1-PR1	SMARCA2	0.1471111111111111	0.6323739100973356	0.8363611456684932	atman	0.103	
PT1-PR1	APLP1	0.0554699999999999	0.632821928802267	0.8363611456684932	atman	0.103	
PT1-PR1	CLC	0.0518699999999999	0.6326280040611565	0.8363611456684932	atman	0.103	
PT1-PR1	GHR	-0.0229749999999999	0.633950289417645	0.8374756970814033	atman	0.103	
PT1-PR1	INPP5D	-0.1043777777777778	0.6358702577117188	0.8390037126258327	atman	0.103	
PT1-PR1	GAS2	-0.0837749999999999	0.635963671891671	0.8390037126258327	atman	0.103	
PT1-PR1	NINJ1	-0.05799	0.6354120804017431	0.8390037126258327	atman	0.103	
PT1-PR1	CTLA4	0.1124399999999999	0.6398618793899069	0.8406522906676724	atman	0.103	
PT1-PR1	FCN1	0.1025099999999999	0.6400745998038064	0.8406522906676724	atman	0.103	
PT1-PR1	BSND	0.09808	0.6393622062042059	0.8406522906676724	atman	0.103	
PT1-PR1	RBPMS	0.0866999999999999	0.6393870801704178	0.8406522906676724	atman	0.103	
PT1-PR1	PBK	-0.08064	0.639041142508703	0.8406522906676724	atman	0.103	
PT1-PR1	BPIFA2	0.0596444444444444	0.6397410487123767	0.8406522906676724	atman	0.103	
PT1-PR1	ITGAM	0.0444	0.6393957812086519	0.8406522906676724	atman	0.103	
PT1-PR1	RAC3	-0.0401555555555555	0.6383543941075036	0.8406522906676724	atman	0.103	
PT1-PR1	ITGA5	0.03112	0.6393127520502546	0.8406522906676724	atman	0.103	
PT1-PR1	CTSB	0.02506	0.6379540543415949	0.8406522906676724	atman	0.103	
PT1-PR1	FCRLB	-0.0507399999999999	0.64079860139029	0.8412271183577623	atman	0.103	
PT1-PR1	ST8SIA1	0.0923499999999999	0.6423822598598647	0.8429294682752491	atman	0.103	
PT1-PR1	VTCN1	0.06837	0.6426954842458064	0.8429639878188299	atman	0.103	
PT1-PR1	ACHE	-0.0469749999999999	0.6441798322550212	0.8445338452321518	atman	0.103	
PT1-PR1	PER3	0.1403499999999999	0.6458306359891193	0.8448131827854107	atman	0.103	
PT1-PR1	IVD	-0.1375777777777777	0.6456785304546799	0.8448131827854107	atman	0.103	
PT1-PR1	GLO1	0.1245700000000001	0.6457368876654526	0.8448131827854107	atman	0.103	
PT1-PR1	SOD2	0.0312099999999999	0.6453778595268351	0.8448131827854107	atman	0.103	
PT1-PR1	CD200R1	-0.0223999999999999	0.6449731444568163	0.8448131827854107	atman	0.103	
PT1-PR1	S100A4	0.13928	0.6471833975195092	0.8451496270822559	atman	0.103	
PT1-PR1	OTOA	0.1049375	0.6472384822787869	0.8451496270822559	atman	0.103	
PT1-PR1	SMPDL3B	-0.06332	0.6466244719362235	0.8451496270822559	atman	0.103	
PT1-PR1	OGFR	0.05626	0.647155877951666	0.8451496270822559	atman	0.103	
PT1-PR1	MEP1A	-0.0413599999999999	0.6476496232706195	0.8453107921675166	atman	0.103	
PT1-PR1	CGB3_CGB5_CGB8	-0.19954	0.6481243031154686	0.8455547080609443	atman	0.103	
PT1-PR1	PALM3	0.073	0.6490801065024008	0.8464258113200415	atman	0.103	
PT1-PR1	MRPL46	-0.0930777777777777	0.6502846929278516	0.8472445356195247	atman	0.103	
PT1-PR1	PCSK9	-0.03668	0.6500271215458642	0.8472445356195247	atman	0.103	
PT1-PR1	CDC25A	-0.1190399999999999	0.6515369884530449	0.8484998546431941	atman	0.103	
PT1-PR1	RAP1A	-0.1606125	0.6522254452105307	0.8490200966010365	atman	0.103	
PT1-PR1	TSNAX	0.0613299999999999	0.6529968782062419	0.8492717256175026	atman	0.103	
PT1-PR1	SIRPA	-0.0250099999999999	0.652804024633914	0.8492717256175026	atman	0.103	
PT1-PR1	NGFR	-0.09302	0.6541834313816766	0.8504384607961796	atman	0.103	
PT1-PR1	GNAS	-0.05343	0.6550561563338642	0.8508320689485201	atman	0.103	
PT1-PR1	CBLIF	0.0423499999999999	0.6553549938837648	0.8508320689485201	atman	0.103	
PT1-PR1	CDH3	-0.0258699999999999	0.6552327661676893	0.8508320689485201	atman	0.103	
PT1-PR1	MANSC4	-0.1160499999999999	0.6560447606984066	0.851338593910318	atman	0.103	
PT1-PR1	S100A16	-0.1150555555555555	0.6563246818267088	0.851338593910318	atman	0.103	
PT1-PR1	AK1	0.1641	0.65790057380878	0.8515030334141831	atman	0.103	
PT1-PR1	PADI4	-0.143411111111111	0.6568799226741691	0.8515030334141831	atman	0.103	
PT1-PR1	FGF12	-0.1101374999999999	0.6574933045976046	0.8515030334141831	atman	0.103	
PT1-PR1	WFDC1	0.08284	0.6577583088133392	0.8515030334141831	atman	0.103	
PT1-PR1	DPEP1	0.0276333333333333	0.6574763374077479	0.8515030334141831	atman	0.103	
PT1-PR1	IGFBP1	0.17085	0.6585880458690061	0.8517935536635753	atman	0.103	
PT1-PR1	ITGA2	0.0477375	0.658704885610498	0.8517935536635753	atman	0.103	
PT1-PR1	CRYM	0.1312874999999999	0.6591057701951539	0.8519369788092223	atman	0.103	
PT1-PR1	NCAN	0.04471	0.6597788026283702	0.8520571965372096	atman	0.103	
PT1-PR1	PZP	-0.01786	0.6596165279887654	0.8520571965372096	atman	0.103	
PT1-PR1	LY75	-0.0391875	0.6606215128593484	0.8527706523641325	atman	0.103	
PT1-PR1	VSIG4	-0.03031	0.6610867215251959	0.8529963934304021	atman	0.103	
PT1-PR1	TBCA	0.2215	0.6638162487963994	0.8534118446762324	atman	0.103	
PT1-PR1	NRTN	0.13871	0.6652634901289991	0.8534118446762324	atman	0.103	
PT1-PR1	MSLNL	0.1331888888888889	0.6655612718876114	0.8534118446762324	atman	0.103	
PT1-PR1	RNF4	-0.1158874999999999	0.6650122875561151	0.8534118446762324	atman	0.103	
PT1-PR1	ARTN	-0.08297	0.6617001295568938	0.8534118446762324	atman	0.103	
PT1-PR1	RGS8	-0.08238	0.6657658093934393	0.8534118446762324	atman	0.103	
PT1-PR1	PRAP1	-0.06757	0.6653322081228292	0.8534118446762324	atman	0.103	
PT1-PR1	HS1BP3	-0.0600777777777777	0.6644388761141651	0.8534118446762324	atman	0.103	
PT1-PR1	INHBB	-0.0540625	0.6636586746018258	0.8534118446762324	atman	0.103	
PT1-PR1	ADCYAP1R1	-0.0482799999999999	0.6629894086623189	0.8534118446762324	atman	0.103	
PT1-PR1	APOE	0.0454	0.6642853977026046	0.8534118446762324	atman	0.103	
PT1-PR1	SORCS2	-0.0408599999999999	0.6620193701510386	0.8534118446762324	atman	0.103	
PT1-PR1	GPC5	0.0403666666666666	0.6641780502072743	0.8534118446762324	atman	0.103	
PT1-PR1	INHBC	0.03952	0.6654096547591366	0.8534118446762324	atman	0.103	
PT1-PR1	CRTAC1	-0.02216	0.663299570293024	0.8534118446762324	atman	0.103	
PT1-PR1	TNNI3	-0.3310399999999999	0.6668723274702173	0.8534560473999538	atman	0.103	
PT1-PR1	LMOD1	0.0548777777777777	0.6669622480702158	0.8534560473999538	atman	0.103	
PT1-PR1	ARNTL	-0.0351699999999999	0.6662747710151131	0.8534560473999538	atman	0.103	
PT1-PR1	WFDC2	0.03092	0.6668126544414301	0.8534560473999538	atman	0.103	
PT1-PR1	ATP6V1G1	0.1514777777777778	0.6680229144511916	0.8544411504821945	atman	0.103	
PT1-PR1	DGCR6	0.117475	0.6698661334342402	0.8560533710438442	atman	0.103	
PT1-PR1	TPMT	0.08038	0.6698025071938238	0.8560533710438442	atman	0.103	
PT1-PR1	PQBP1	-0.09332	0.6707166259486226	0.856767585668284	atman	0.103	
PT1-PR1	TST	0.1089222222222222	0.6720527006169674	0.8577284250272156	atman	0.103	
PT1-PR1	ROBO4	-0.0479777777777778	0.6717927577387868	0.8577284250272156	atman	0.103	
PT1-PR1	IZUMO1	0.0574599999999999	0.673200228224974	0.8588199177268666	atman	0.103	
PT1-PR1	MDM1	0.0841999999999999	0.6739140345937005	0.8590990020931384	atman	0.103	
PT1-PR1	CST5	0.0475333333333333	0.6740038120574146	0.8590990020931384	atman	0.103	
PT1-PR1	LILRA4	-0.14166	0.6748409522647936	0.8596990868565002	atman	0.103	
PT1-PR1	PGM2	-0.0985777777777777	0.6750598343696208	0.8596990868565002	atman	0.103	
PT1-PR1	SAP18	-0.1147624999999999	0.6758411011238046	0.8603211243941672	atman	0.103	
PT1-PR1	BECN1	-0.1100555555555556	0.6762960935721678	0.8605274676981503	atman	0.103	
PT1-PR1	RELB	0.117675	0.6779953183939145	0.8620430951040879	atman	0.103	
PT1-PR1	IL11	0.0951199999999999	0.6780740615335423	0.8620430951040879	atman	0.103	
PT1-PR1	EPHA10	0.1305222222222221	0.6787061403586105	0.8621005794957188	atman	0.103	
PT1-PR1	ASPN	0.0540899999999999	0.6784366435073828	0.8621005794957188	atman	0.103	
PT1-PR1	STX1B	0.0978444444444444	0.6790434792509372	0.8621563275882685	atman	0.103	
PT1-PR1	TNFRSF13C	0.0493099999999999	0.6800323289148258	0.8626662272675986	atman	0.103	
PT1-PR1	COQ7	-0.0436333333333333	0.679781981806973	0.8626662272675986	atman	0.103	
PT1-PR1	CHM	-0.0695777777777777	0.6808428535065321	0.8633216675020248	atman	0.103	
PT1-PR1	OSM	0.1190624999999999	0.6817323960111294	0.8640766952030622	atman	0.103	
PT1-PR1	NGRN	0.0339799999999999	0.6837466791853004	0.8662560342589101	atman	0.103	
PT1-PR1	CPPED1	0.10403	0.6842370648583893	0.8665036623077361	atman	0.103	
PT1-PR1	CDHR1	0.0729222222222222	0.6849860707623281	0.8670784471778199	atman	0.103	
PT1-PR1	LTA4H	0.0610299999999998	0.6858849576361474	0.8678423796447033	atman	0.103	
PT1-PR1	GNE	0.0487199999999999	0.6874113318495396	0.8693992651631284	atman	0.103	
PT1-PR1	NTproBNP	0.1201099999999999	0.6891247993422915	0.870442244397099	atman	0.103	
PT1-PR1	PDCD5	-0.11568	0.6889781042990304	0.870442244397099	atman	0.103	
PT1-PR1	SCRN1	-0.0970999999999999	0.6887480818444005	0.870442244397099	atman	0.103	
PT1-PR1	AGBL2	0.5790124999999998	0.6894636983584261	0.870496066083823	atman	0.103	
PT1-PR1	GBA	0.1087222222222222	0.6900290290517657	0.8707607464532211	atman	0.103	
PT1-PR1	MELTF	0.07405	0.6906995404748462	0.8707607464532211	atman	0.103	
PT1-PR1	DCXR	0.0391899999999999	0.6908588495515515	0.8707607464532211	atman	0.103	
PT1-PR1	PPIF	-0.03657	0.6902882597265727	0.8707607464532211	atman	0.103	
PT1-PR1	GOLGA3	0.10049	0.6932453624253736	0.8708243453580182	atman	0.103	
PT1-PR1	TPR	0.08267	0.6930558248419936	0.8708243453580182	atman	0.103	
PT1-PR1	PHLDB2	-0.0813499999999999	0.6932805118422072	0.8708243453580182	atman	0.103	
PT1-PR1	DDX58	-0.06547	0.6922260675276686	0.8708243453580182	atman	0.103	
PT1-PR1	NDUFA5	0.0583499999999999	0.6929241101557184	0.8708243453580182	atman	0.103	
PT1-PR1	GKN1	0.0444888888888889	0.6923856489104923	0.8708243453580182	atman	0.103	
PT1-PR1	CD5	0.03429	0.6927430711160616	0.8708243453580182	atman	0.103	
PT1-PR1	FAM3B	-0.03168	0.6929309519893558	0.8708243453580182	atman	0.103	
PT1-PR1	LRTM2	0.05849	0.6940443469452384	0.8714112356090216	atman	0.103	
PT1-PR1	WARS	0.0316999999999999	0.6957551863357319	0.8731861330433064	atman	0.103	
PT1-PR1	NPY	0.1011999999999999	0.697074684591658	0.8737224502262335	atman	0.103	
PT1-PR1	TNFAIP8	0.07848	0.696724304709617	0.8737224502262335	atman	0.103	
PT1-PR1	VEGFB	0.0625499999999999	0.6968624302293218	0.8737224502262335	atman	0.103	
PT1-PR1	ACOX1	-0.1093299999999999	0.698474496968644	0.8743928126718284	atman	0.103	
PT1-PR1	RAB3GAP1	-0.0716874999999999	0.6980239834476702	0.8743928126718284	atman	0.103	
PT1-PR1	KLB	-0.0604333333333333	0.6987378041919885	0.8743928126718284	atman	0.103	
PT1-PR1	SERPINI2	0.01952	0.6987999741842932	0.8743928126718284	atman	0.103	
PT1-PR1	BACH1	0.1248125	0.7010265545454726	0.8753149244600927	atman	0.103	
PT1-PR1	CRHR1	-0.0926999999999999	0.7006167655438653	0.8753149244600927	atman	0.103	
PT1-PR1	PXDNL	0.0703199999999999	0.7007271200822702	0.8753149244600927	atman	0.103	
PT1-PR1	COL2A1	-0.0346333333333333	0.7007499484981934	0.8753149244600927	atman	0.103	
PT1-PR1	SCGB3A1	-0.022425	0.7002057314997812	0.8753149244600927	atman	0.103	
PT1-PR1	ERBB4	0.0247499999999999	0.7021248211779603	0.8763138167463241	atman	0.103	
PT1-PR1	PODXL	-0.02684	0.7027254373527128	0.8766910127143397	atman	0.103	
PT1-PR1	DAND5	0.4581874999999999	0.7065058488713298	0.8777618404745446	atman	0.103	
PT1-PR1	CDK1	-0.1627199999999999	0.7044147887665921	0.8777618404745446	atman	0.103	
PT1-PR1	ESPL1	0.14129	0.7047033013567368	0.8777618404745446	atman	0.103	
PT1-PR1	VSTM1	0.0803555555555555	0.7056024515952029	0.8777618404745446	atman	0.103	
PT1-PR1	RAD51	0.075075	0.7050222543063382	0.8777618404745446	atman	0.103	
PT1-PR1	SCG2	0.0522	0.7062755319063299	0.8777618404745446	atman	0.103	
PT1-PR1	AMOT	0.040875	0.706024240760448	0.8777618404745446	atman	0.103	
PT1-PR1	ARG2	0.03999	0.7067905646386761	0.8777618404745446	atman	0.103	
PT1-PR1	BMP4	-0.0340444444444443	0.7062145725049653	0.8777618404745446	atman	0.103	
PT1-PR1	CDNF	-0.02054	0.7050962322736058	0.8777618404745446	atman	0.103	
PT1-PR1	GPC1	0.0183499999999999	0.7068701547184386	0.8777618404745446	atman	0.103	
PT1-PR1	ENTPD5	0.0208	0.7072480084524	0.8778600121813059	atman	0.103	
PT1-PR1	GFAP	-0.07879	0.7077951829263671	0.8781681788165822	atman	0.103	
PT1-PR1	ADAM23	-0.01243	0.7087353216657355	0.8789634339611359	atman	0.103	
PT1-PR1	FAM3D	0.0274799999999999	0.7090719344266536	0.8790098495128726	atman	0.103	
PT1-PR1	PITHD1	-0.0511699999999999	0.7094326794684425	0.8790861291768385	atman	0.103	
PT1-PR1	EGFL7	0.0514699999999999	0.7099075587721497	0.879303713184054	atman	0.103	
PT1-PR1	IL17A	-0.0455	0.710732004738253	0.8795228110402316	atman	0.103	
PT1-PR1	ACTN2	0.0296	0.7109825310485194	0.8795228110402316	atman	0.103	
PT1-PR1	BST1	-0.0197799999999999	0.7105044165976844	0.8795228110402316	atman	0.103	
PT1-PR1	BOLA2_BOLA2B	-0.1690555555555555	0.7122667466846271	0.8796330121560532	atman	0.103	
PT1-PR1	TCP11	-0.1366375	0.7128860566470858	0.8796330121560532	atman	0.103	
PT1-PR1	MRI1	-0.1246222222222222	0.7137662018311881	0.8796330121560532	atman	0.103	
PT1-PR1	ATP6V1F	-0.1074333333333333	0.7136193690374926	0.8796330121560532	atman	0.103	
PT1-PR1	PRDX6	0.0701999999999999	0.7130003599665022	0.8796330121560532	atman	0.103	
PT1-PR1	TYRP1	0.047875	0.7127753353910291	0.8796330121560532	atman	0.103	
PT1-PR1	TNFRSF21	0.02639	0.7117336631126951	0.8796330121560532	atman	0.103	
PT1-PR1	QPCT	0.0205199999999999	0.7136724981448683	0.8796330121560532	atman	0.103	
PT1-PR1	ITGB7	-0.0199599999999999	0.7127759292761733	0.8796330121560532	atman	0.103	
PT1-PR1	RRP15	-0.27015	0.7143471857071739	0.8799798874665312	atman	0.103	
PT1-PR1	CLU	0.0489	0.7147845754426281	0.8801496574394138	atman	0.103	
PT1-PR1	FGF6	-0.1003625	0.7159480926890973	0.8808440101844924	atman	0.103	
PT1-PR1	ICA1	0.08308	0.7158091101563644	0.8808440101844924	atman	0.103	
PT1-PR1	EBI3_IL27	0.02031	0.7168531115501429	0.8815882970842694	atman	0.103	
PT1-PR1	RANBP1	-0.1054888888888889	0.7171900870985357	0.8816336719228025	atman	0.103	
PT1-PR1	HAO1	-0.03024	0.7188624043328993	0.8833198427143698	atman	0.103	
PT1-PR1	PLXDC2	-0.06595	0.7201229192014436	0.8844988029322078	atman	0.103	
PT1-PR1	TSPAN7	0.0932624999999999	0.7218645397291812	0.8862333638067312	atman	0.103	
PT1-PR1	STX5	0.0750249999999999	0.7221703897674976	0.8862333638067312	atman	0.103	
PT1-PR1	CEBPA	0.0740375	0.7224701310395931	0.8862333638067312	atman	0.103	
PT1-PR1	NRXN3	-0.0570222222222222	0.7227417085367351	0.8862333638067312	atman	0.103	
PT1-PR1	SWAP70	0.0473399999999999	0.7232781701306812	0.886521178074235	atman	0.103	
PT1-PR1	TRIM40	0.1183666666666666	0.7242533757697289	0.8866068408381098	atman	0.103	
PT1-PR1	TNFRSF12A	0.03932	0.7242331821922354	0.8866068408381098	atman	0.103	
PT1-PR1	PCDH1	-0.00554	0.7242391969473252	0.8866068408381098	atman	0.103	
PT1-PR1	GAD2	0.0993875	0.7257418924482089	0.8880590087517024	atman	0.103	
PT1-PR1	PSMG3	-0.1507874999999999	0.7284998287749795	0.8882760281987468	atman	0.103	
PT1-PR1	ADAMTS4	-0.1303374999999999	0.7289459660678794	0.8882760281987468	atman	0.103	
PT1-PR1	CSRP3	0.10838	0.7290257120086161	0.8882760281987468	atman	0.103	
PT1-PR1	FHIP2A	-0.0749499999999999	0.7263003679718902	0.8882760281987468	atman	0.103	
PT1-PR1	CADPS	0.0586777777777777	0.7296260957777458	0.8882760281987468	atman	0.103	
PT1-PR1	TDO2	0.0527888888888888	0.7285774530957572	0.8882760281987468	atman	0.103	
PT1-PR1	MSMB	-0.05164	0.7295965039798888	0.8882760281987468	atman	0.103	
PT1-PR1	NMNAT1	0.048511111111111	0.7295080131237202	0.8882760281987468	atman	0.103	
PT1-PR1	MAMDC2	0.0455399999999999	0.7295238410535361	0.8882760281987468	atman	0.103	
PT1-PR1	BCAT1	-0.04441	0.7273999954760433	0.8882760281987468	atman	0.103	
PT1-PR1	KIR2DL3	-0.04401	0.7281934284694622	0.8882760281987468	atman	0.103	
PT1-PR1	PRELP	0.02753	0.7281491973587786	0.8882760281987468	atman	0.103	
PT1-PR1	IGFBP6	-0.01647	0.729849670548596	0.8882760281987468	atman	0.103	
PT1-PR1	ACAA1	-0.12065	0.7302526033475139	0.8883949555376502	atman	0.103	
PT1-PR1	PSMC3	-0.0795	0.731139801474519	0.8883949555376502	atman	0.103	
PT1-PR1	EFNB2	-0.0645888888888889	0.7309905271107415	0.8883949555376502	atman	0.103	
PT1-PR1	CRTAP	-0.0460222222222222	0.7311569103097475	0.8883949555376502	atman	0.103	
PT1-PR1	SMS	-0.0759874999999999	0.731736165570009	0.8887312337514206	atman	0.103	
PT1-PR1	DNAJC9	-0.12977	0.7327006368425768	0.8891674808110246	atman	0.103	
PT1-PR1	SSBP1	0.0635	0.7325298067916681	0.8891674808110246	atman	0.103	
PT1-PR1	OFD1	-0.0566249999999999	0.7339279851615732	0.8899097403406186	atman	0.103	
PT1-PR1	ID4	0.0504	0.7345238666868619	0.8899097403406186	atman	0.103	
PT1-PR1	C1QBP	0.0407399999999999	0.7336895045765486	0.8899097403406186	atman	0.103	
PT1-PR1	FLT4	0.0246699999999999	0.7342277763295102	0.8899097403406186	atman	0.103	
PT1-PR1	FUCA1	0.01653	0.734875853371493	0.8899691909338197	atman	0.103	
PT1-PR1	CYTH3	-0.10312	0.7355801132134461	0.8901046283234534	atman	0.103	
PT1-PR1	ECE1	-0.0907777777777777	0.735593613876564	0.8901046283234534	atman	0.103	
PT1-PR1	STOML2	-0.1672499999999999	0.7363675900444249	0.8906743431661261	atman	0.103	
PT1-PR1	PDIA3	0.0399999999999999	0.7367936109198974	0.8908228925443039	atman	0.103	
PT1-PR1	BRME1	-0.0938749999999999	0.7380466605839588	0.8912376032863424	atman	0.103	
PT1-PR1	UBQLN3	-0.0739499999999999	0.7375498719308309	0.8912376032863424	atman	0.103	
PT1-PR1	HDDC2	0.0358099999999999	0.7377634362633205	0.8912376032863424	atman	0.103	
PT1-PR1	MFAP3	-0.0882299999999999	0.7383878967654649	0.8912833363586424	atman	0.103	
PT1-PR1	NID2	0.03432	0.7387231317298888	0.8913217909742971	atman	0.103	
PT1-PR1	SPINK6	-0.05195	0.7393421584090465	0.8913418004616522	atman	0.103	
PT1-PR1	SCLY	0.0188	0.7393464832284025	0.8913418004616522	atman	0.103	
PT1-PR1	TAGLN3	-0.10629	0.7420788113502728	0.8913745191791198	atman	0.103	
PT1-PR1	LRCH4	0.08591	0.7417122713716133	0.8913745191791198	atman	0.103	
PT1-PR1	ENPEP	0.0804999999999999	0.7419602501207516	0.8913745191791198	atman	0.103	
PT1-PR1	ENOX2	0.07008	0.741671090316401	0.8913745191791198	atman	0.103	
PT1-PR1	IL24	-0.0678399999999999	0.7412260023010855	0.8913745191791198	atman	0.103	
PT1-PR1	TRAF3	-0.0470625	0.7398819906426057	0.8913745191791198	atman	0.103	
PT1-PR1	DNAJC21	0.03927	0.7402324632385486	0.8913745191791198	atman	0.103	
PT1-PR1	LTBP2	0.0213299999999999	0.741165932806636	0.8913745191791198	atman	0.103	
PT1-PR1	CFHR4	0.01806	0.7421041776419766	0.8913745191791198	atman	0.103	
PT1-PR1	TIMM8A	0.05583	0.7430385357682803	0.892021833911982	atman	0.103	
PT1-PR1	TMPRSS15	0.03025	0.7435230009462139	0.892021833911982	atman	0.103	
PT1-PR1	IL17RB	0.0223624999999999	0.743553938478708	0.892021833911982	atman	0.103	
PT1-PR1	SERPINI1	0.028375	0.745218142264608	0.8932888216945811	atman	0.103	
PT1-PR1	NTRK3	-0.02697	0.7451988011425463	0.8932888216945811	atman	0.103	
PT1-PR1	CDH17	-0.0945599999999999	0.7489213289545189	0.8937681928979396	atman	0.103	
PT1-PR1	ERCC1	0.08297	0.7481823824922138	0.8937681928979396	atman	0.103	
PT1-PR1	SOD1	-0.08004	0.7470676762763231	0.8937681928979396	atman	0.103	
PT1-PR1	LSP1	-0.0759249999999999	0.7475847686125354	0.8937681928979396	atman	0.103	
PT1-PR1	PRR5	0.066625	0.7467017729384755	0.8937681928979396	atman	0.103	
PT1-PR1	NOP56	0.05248	0.74738369496243	0.8937681928979396	atman	0.103	
PT1-PR1	C1QL2	0.0456124999999999	0.7476421436119296	0.8937681928979396	atman	0.103	
PT1-PR1	GLYR1	0.04159	0.7489643604202612	0.8937681928979396	atman	0.103	
PT1-PR1	THRAP3	0.0308899999999999	0.7482047772001574	0.8937681928979396	atman	0.103	
PT1-PR1	MFGE8	-0.0270399999999999	0.7489399723801926	0.8937681928979396	atman	0.103	
PT1-PR1	EPHB6	-0.0189666666666666	0.7479568891320825	0.8937681928979396	atman	0.103	
PT1-PR1	CLGN	0.099211111111111	0.7501223222114513	0.8947865946639235	atman	0.103	
PT1-PR1	IL21R	0.080725	0.7507547464387343	0.8948143793253555	atman	0.103	
PT1-PR1	ADAM12	0.0669749999999999	0.750499831462264	0.8948143793253555	atman	0.103	
PT1-PR1	SEMA3G	-0.0302875	0.7518310515258722	0.8957338318665906	atman	0.103	
PT1-PR1	GSTM4	-0.06269	0.7523284379405728	0.8959630930966368	atman	0.103	
PT1-PR1	MAPK13	-0.0931099999999999	0.7528361131069461	0.8962044166564861	atman	0.103	
PT1-PR1	RPGR	-0.0839777777777777	0.754125304880394	0.8970100999795196	atman	0.103	
PT1-PR1	CXCL8	-0.0315099999999999	0.7544465011897952	0.8970100999795196	atman	0.103	
PT1-PR1	PVR	0.0306899999999999	0.7543232017371355	0.8970100999795196	atman	0.103	
PT1-PR1	C1RL	0.02289	0.7547341617254502	0.8970100999795196	atman	0.103	
PT1-PR1	ADGRE2	-0.02498	0.755730634883196	0.8974683125654123	atman	0.103	
PT1-PR1	CCL16	-0.0204099999999999	0.7556303709725605	0.8974683125654123	atman	0.103	
PT1-PR1	PPME1	0.1479	0.7585104216582164	0.8994774256760435	atman	0.103	
PT1-PR1	LYPD8	-0.06916	0.7592593654447202	0.8994774256760435	atman	0.103	
PT1-PR1	FGF16	-0.0653374999999999	0.7586612418231469	0.8994774256760435	atman	0.103	
PT1-PR1	CHGA	0.0529099999999999	0.7586663161548175	0.8994774256760435	atman	0.103	
PT1-PR1	IL31RA	-0.0472875	0.759160175476389	0.8994774256760435	atman	0.103	
PT1-PR1	BPIFB2	0.0340899999999999	0.7579093886471842	0.8994774256760435	atman	0.103	
PT1-PR1	IL22RA1	-0.05074	0.7595929272868376	0.8995098832602696	atman	0.103	
PT1-PR1	HSDL2	-0.0224666666666666	0.7606705366327859	0.9004230606878022	atman	0.103	
PT1-PR1	NADK	-0.0360599999999999	0.7621416280449416	0.9018010886814491	atman	0.103	
PT1-PR1	SORD	0.0380099999999999	0.7637158091058682	0.9032999384674076	atman	0.103	
PT1-PR1	MXRA8	-0.0182999999999999	0.7641255693654592	0.9034208944851988	atman	0.103	
PT1-PR1	TP53I3	0.0676249999999999	0.7650956784342395	0.9042039836041014	atman	0.103	
PT1-PR1	SPRING1	-0.05843	0.7658361858369371	0.9043515731466724	atman	0.103	
PT1-PR1	CGREF1	0.02352	0.7658172779563435	0.9043515731466724	atman	0.103	
PT1-PR1	CASP10	-0.2906444444444445	0.7702540635631636	0.9044109840540876	atman	0.103	
PT1-PR1	IGBP1	0.14204	0.7661980909357275	0.9044109840540876	atman	0.103	
PT1-PR1	ZNF75D	-0.1229875	0.7698399066341479	0.9044109840540876	atman	0.103	
PT1-PR1	STAT5B	-0.09348	0.7687399288792278	0.9044109840540876	atman	0.103	
PT1-PR1	CBX2	-0.08427	0.7702498791619559	0.9044109840540876	atman	0.103	
PT1-PR1	PAFAH2	0.0679	0.7684898704808572	0.9044109840540876	atman	0.103	
PT1-PR1	SNED1	0.0668222222222222	0.7680452575767855	0.9044109840540876	atman	0.103	
PT1-PR1	DCC	-0.0583777777777777	0.7699349570260481	0.9044109840540876	atman	0.103	
PT1-PR1	GLI2	0.058275	0.770881598662208	0.9044109840540876	atman	0.103	
PT1-PR1	CLEC2L	0.0433555555555555	0.7675056042700661	0.9044109840540876	atman	0.103	
PT1-PR1	CXCL10	-0.03854	0.7693789308467909	0.9044109840540876	atman	0.103	
PT1-PR1	CLEC1A	0.0315599999999999	0.7697516722292539	0.9044109840540876	atman	0.103	
PT1-PR1	FOLR2	0.02817	0.7711196443347481	0.9044109840540876	atman	0.103	
PT1-PR1	RFC4	0.02672	0.770912924933697	0.9044109840540876	atman	0.103	
PT1-PR1	DTX3	0.0232299999999999	0.7681197118887733	0.9044109840540876	atman	0.103	
PT1-PR1	CRISP2	0.0224199999999999	0.7707741221221016	0.9044109840540876	atman	0.103	
PT1-PR1	SERPINF1	0.01704	0.7693919136332692	0.9044109840540876	atman	0.103	
PT1-PR1	RRAS	0.0924444444444444	0.7721805230725611	0.9048339757407796	atman	0.103	
PT1-PR1	LYAR	-0.0405799999999999	0.7725531010891156	0.9048339757407796	atman	0.103	
PT1-PR1	MCTS1	-0.02392	0.7727122005219933	0.9048339757407796	atman	0.103	
PT1-PR1	CD72	-0.0205875	0.7726392489412961	0.9048339757407796	atman	0.103	
PT1-PR1	RAB6A	0.08235	0.7737978562233763	0.90507554582413	atman	0.103	
PT1-PR1	CHIT1	0.0111199999999999	0.7735147115803591	0.90507554582413	atman	0.103	
PT1-PR1	KYNU	0.00933	0.7738426722635174	0.90507554582413	atman	0.103	
PT1-PR1	PCSK7	-0.03641	0.7745537337545727	0.9055467050421546	atman	0.103	
PT1-PR1	INPP1	-0.0494399999999999	0.7751189049345151	0.905566967463548	atman	0.103	
PT1-PR1	FAM3C	0.02914	0.7751875163957873	0.905566967463548	atman	0.103	
PT1-PR1	SPTBN2	-0.0458875	0.7755604782341345	0.9056425616263464	atman	0.103	
PT1-PR1	PLXDC1	0.03291	0.7759226218744439	0.9057054680441464	atman	0.103	
PT1-PR1	DNAJB1	0.11897	0.7774983724298077	0.90579550587321	atman	0.103	
PT1-PR1	CD2	0.05231	0.7768504715042348	0.90579550587321	atman	0.103	
PT1-PR1	SNU13	0.0441299999999999	0.777431032899083	0.90579550587321	atman	0.103	
PT1-PR1	NCS1	0.0201799999999999	0.7764750593573486	0.90579550587321	atman	0.103	
PT1-PR1	FASLG	-0.0116899999999999	0.7775412749531094	0.90579550587321	atman	0.103	
PT1-PR1	TNFRSF4	0.00876	0.7782605399356233	0.9062740651331198	atman	0.103	
PT1-PR1	SNCA	-0.2552249999999999	0.7797240940884267	0.9076186166528516	atman	0.103	
PT1-PR1	AOC1	-0.0450099999999999	0.7800605049976781	0.9076505994784864	atman	0.103	
PT1-PR1	UROD	0.1119375	0.7824613153653579	0.9091161222172508	atman	0.103	
PT1-PR1	IDI2	0.0770111111111111	0.7842422600787646	0.9091161222172508	atman	0.103	
PT1-PR1	ADGRV1	0.0486499999999999	0.7847237869104657	0.9091161222172508	atman	0.103	
PT1-PR1	PDCL2	0.04792	0.7843820717689449	0.9091161222172508	atman	0.103	
PT1-PR1	CLEC6A	-0.0408899999999999	0.7843005710734381	0.9091161222172508	atman	0.103	
PT1-PR1	CA5A	0.0330899999999999	0.7822975578382567	0.9091161222172508	atman	0.103	
PT1-PR1	SEPTIN8	0.0281499999999999	0.7825914936497202	0.9091161222172508	atman	0.103	
PT1-PR1	HYAL1	0.0251	0.7837653408002967	0.9091161222172508	atman	0.103	
PT1-PR1	WFDC12	0.0243899999999999	0.7840112471945191	0.9091161222172508	atman	0.103	
PT1-PR1	CA9	-0.0230299999999999	0.7818880397045855	0.9091161222172508	atman	0.103	
PT1-PR1	PLA2G15	-0.0211799999999999	0.7845774007631103	0.9091161222172508	atman	0.103	
PT1-PR1	AGR2	0.1583444444444444	0.7866321555794484	0.910967786004107	atman	0.103	
PT1-PR1	SSB	0.0745555555555555	0.7872106377334167	0.911028028575233	atman	0.103	
PT1-PR1	NRN1	-0.0336399999999999	0.7873043446400669	0.911028028575233	atman	0.103	
PT1-PR1	SKIV2L	-0.04446	0.7880238223496003	0.9115015708909944	atman	0.103	
PT1-PR1	MYH4	-0.0692899999999999	0.7888754276305536	0.9117959496082912	atman	0.103	
PT1-PR1	PRAME	-0.0625	0.7888990142628578	0.9117959496082912	atman	0.103	
PT1-PR1	KCNC4	-0.0672625	0.7900243989365845	0.9125468278239512	atman	0.103	
PT1-PR1	CCL25	-0.02622	0.7904804890442327	0.9125468278239512	atman	0.103	
PT1-PR1	YAP1	-0.01111	0.7901879142508272	0.9125468278239512	atman	0.103	
PT1-PR1	AKR1C4	0.0762099999999999	0.7910653093354936	0.9128632674107148	atman	0.103	
PT1-PR1	ANXA5	0.0422333333333333	0.791826063055574	0.9130239298497946	atman	0.103	
PT1-PR1	LSM8	0.0398125	0.7916247834841128	0.9130239298497946	atman	0.103	
PT1-PR1	IFIT1	-0.0783875	0.7924413847971201	0.913374966078438	atman	0.103	
PT1-PR1	ELN	0.06434	0.7934800884861763	0.9134970611177062	atman	0.103	
PT1-PR1	RANGAP1	0.04401	0.7934706795185931	0.9134970611177062	atman	0.103	
PT1-PR1	PDGFRA	0.02845	0.7930492810046119	0.9134970611177062	atman	0.103	
PT1-PR1	SIRT1	-0.078575	0.7953372662301506	0.9145600345143572	atman	0.103	
PT1-PR1	RASA1	0.0407888888888889	0.7947540482978954	0.9145600345143572	atman	0.103	
PT1-PR1	DIPK2B	-0.024925	0.7952130768046222	0.9145600345143572	atman	0.103	
PT1-PR1	PTP4A3	-0.0536499999999999	0.7971007544095599	0.9162292709136488	atman	0.103	
PT1-PR1	ECSCR	0.053525	0.7974304943289301	0.9162498210161896	atman	0.103	
PT1-PR1	CCL28	-0.0368124999999999	0.7984490565618112	0.9170615043700552	atman	0.103	
PT1-PR1	KIF22	-0.2057400000000001	0.8021177792274428	0.9170689209537668	atman	0.103	
PT1-PR1	DCUN1D2	0.0882999999999999	0.8027029508219783	0.9170689209537668	atman	0.103	
PT1-PR1	NOS1	-0.0688555555555555	0.8027765190760283	0.9170689209537668	atman	0.103	
PT1-PR1	KIR3DL1	0.0602199999999999	0.7992149005171194	0.9170689209537668	atman	0.103	
PT1-PR1	TANK	-0.05724	0.8027444866045315	0.9170689209537668	atman	0.103	
PT1-PR1	METAP1	0.0432111111111111	0.7998546411411676	0.9170689209537668	atman	0.103	
PT1-PR1	MMP9	-0.0359799999999999	0.800728088378712	0.9170689209537668	atman	0.103	
PT1-PR1	LECT2	0.0355199999999999	0.8006293586433508	0.9170689209537668	atman	0.103	
PT1-PR1	EDIL3	-0.0351299999999999	0.8004250366347914	0.9170689209537668	atman	0.103	
PT1-PR1	CTHRC1	-0.0319999999999999	0.8008364768086378	0.9170689209537668	atman	0.103	
PT1-PR1	FAM171A2	0.0312199999999998	0.8004084856526912	0.9170689209537668	atman	0.103	
PT1-PR1	NBL1	0.01678	0.8024925196513999	0.9170689209537668	atman	0.103	
PT1-PR1	FAS	-0.01057	0.8021122124336157	0.9170689209537668	atman	0.103	
PT1-PR1	PIGR	-0.0096699999999999	0.8028254815156868	0.9170689209537668	atman	0.103	
PT1-PR1	JAM3	0.0287375	0.8040153428462975	0.9177144822387032	atman	0.103	
PT1-PR1	PAM	0.01156	0.8038528279907593	0.9177144822387032	atman	0.103	
PT1-PR1	YY1	-0.0906	0.8050488943255463	0.9185373403994	atman	0.103	
PT1-PR1	DYNLT1	0.0450111111111111	0.805842748241731	0.9187295282631764	atman	0.103	
PT1-PR1	CHCHD10	-0.04246	0.805686157148096	0.9187295282631764	atman	0.103	
PT1-PR1	KIF20B	-0.1158124999999999	0.8084243981468258	0.918996491917309	atman	0.103	
PT1-PR1	MTDH	0.094275	0.8082912533380457	0.918996491917309	atman	0.103	
PT1-PR1	TGFB2	-0.09417	0.8082433533409832	0.918996491917309	atman	0.103	
PT1-PR1	MTR	-0.0931599999999999	0.8077131722941044	0.918996491917309	atman	0.103	
PT1-PR1	KRT17	0.0586599999999999	0.8090135877817333	0.918996491917309	atman	0.103	
PT1-PR1	IFNL2	0.0525124999999999	0.8102625394200564	0.918996491917309	atman	0.103	
PT1-PR1	KRT19	0.0435125	0.8074447693145794	0.918996491917309	atman	0.103	
PT1-PR1	PNPT1	0.0421999999999999	0.8085229026199063	0.918996491917309	atman	0.103	
PT1-PR1	GCHFR	-0.0398874999999999	0.8101013992320603	0.918996491917309	atman	0.103	
PT1-PR1	MAEA	-0.03652	0.8105643485510186	0.918996491917309	atman	0.103	
PT1-PR1	SNAP25	-0.035975	0.8093505108648065	0.918996491917309	atman	0.103	
PT1-PR1	SCGN	0.0284599999999999	0.8107688587643516	0.918996491917309	atman	0.103	
PT1-PR1	CCAR2	-0.0234199999999999	0.8101380855418818	0.918996491917309	atman	0.103	
PT1-PR1	INSL5	-0.02291	0.8082078214137969	0.918996491917309	atman	0.103	
PT1-PR1	SCG3	-0.0192399999999999	0.8098867115095345	0.918996491917309	atman	0.103	
PT1-PR1	CREB3	-0.0672199999999999	0.8126093630779041	0.9203725168553902	atman	0.103	
PT1-PR1	PRC1	0.03816	0.812554867513652	0.9203725168553902	atman	0.103	
PT1-PR1	SDK2	0.0309999999999999	0.8140221201482365	0.9216173367998146	atman	0.103	
PT1-PR1	ITGAL	0.3690500000000002	0.8158923279001185	0.9219347890305948	atman	0.103	
PT1-PR1	ACYP1	-0.0965625	0.8171266816322902	0.9219347890305948	atman	0.103	
PT1-PR1	IL12RB1	-0.0823299999999999	0.8164541861678543	0.9219347890305948	atman	0.103	
PT1-PR1	TXNL1	0.043175	0.8168502371083268	0.9219347890305948	atman	0.103	
PT1-PR1	GPD1	-0.0400999999999999	0.8148854330595372	0.9219347890305948	atman	0.103	
PT1-PR1	HMOX2	-0.0267222222222222	0.8164223886172255	0.9219347890305948	atman	0.103	
PT1-PR1	CKMT1A_CKMT1B	-0.0250799999999999	0.8151758655588219	0.9219347890305948	atman	0.103	
PT1-PR1	CST3	0.0163099999999999	0.8169055986225233	0.9219347890305948	atman	0.103	
PT1-PR1	LPO	-0.0153999999999999	0.816520571224453	0.9219347890305948	atman	0.103	
PT1-PR1	LRP2	0.0638888888888888	0.8180564220900792	0.922629469520404	atman	0.103	
PT1-PR1	CACNB1	0.0490999999999999	0.8194315132796719	0.9238257045340276	atman	0.103	
PT1-PR1	SFTPA2	-0.0338299999999999	0.8198313057453186	0.9239218934713256	atman	0.103	
PT1-PR1	LMNB2	0.0276399999999999	0.8216186232949125	0.9255811024694988	atman	0.103	
PT1-PR1	ST13	-0.0936999999999999	0.827523518450934	0.9258422409472196	atman	0.103	
PT1-PR1	MYH7B	0.08471	0.8281168265268031	0.9258422409472196	atman	0.103	
PT1-PR1	ITIH5	-0.0825899999999999	0.8260012633861362	0.9258422409472196	atman	0.103	
PT1-PR1	AARSD1	0.08013	0.8274841523335223	0.9258422409472196	atman	0.103	
PT1-PR1	UBXN1	-0.06875	0.8272137112988824	0.9258422409472196	atman	0.103	
PT1-PR1	ATP6AP2	-0.06223	0.8274445237923522	0.9258422409472196	atman	0.103	
PT1-PR1	SHPK	0.04145	0.8226632563724268	0.9258422409472196	atman	0.103	
PT1-PR1	TNF	-0.0367699999999999	0.8259618077441422	0.9258422409472196	atman	0.103	
PT1-PR1	DUOX2	-0.0345499999999999	0.8240249861261262	0.9258422409472196	atman	0.103	
PT1-PR1	NCF2	0.0323624999999999	0.8233218773108613	0.9258422409472196	atman	0.103	
PT1-PR1	CXADR	-0.0320999999999999	0.8287832177301524	0.9258422409472196	atman	0.103	
PT1-PR1	SCN4B	0.0291555555555555	0.8251897878431467	0.9258422409472196	atman	0.103	
PT1-PR1	NFYA	0.0265999999999999	0.8275750754605349	0.9258422409472196	atman	0.103	
PT1-PR1	M6PR	0.0223555555555555	0.823374569523867	0.9258422409472196	atman	0.103	
PT1-PR1	EPPK1	-0.0213111111111111	0.827982328978357	0.9258422409472196	atman	0.103	
PT1-PR1	IL4R	0.0177374999999999	0.8256622063006527	0.9258422409472196	atman	0.103	
PT1-PR1	IL22	0.0168899999999999	0.8240468209039489	0.9258422409472196	atman	0.103	
PT1-PR1	TCN1	0.01686	0.8279947840116026	0.9258422409472196	atman	0.103	
PT1-PR1	SEZ6L	0.0165499999999999	0.8287081821526745	0.9258422409472196	atman	0.103	
PT1-PR1	MERTK	0.01358	0.8243331213779352	0.9258422409472196	atman	0.103	
PT1-PR1	CPA4	0.0113375	0.8272357255858851	0.9258422409472196	atman	0.103	
PT1-PR1	RETN	0.00868	0.8282284899812837	0.9258422409472196	atman	0.103	
PT1-PR1	DDX53	0.0563777777777778	0.8291921462576755	0.9259469881053024	atman	0.103	
PT1-PR1	MN1	0.0642555555555555	0.8296932184934653	0.9261545121329032	atman	0.103	
PT1-PR1	JUN	-0.0384299999999999	0.8308360029326218	0.9267259592316032	atman	0.103	
PT1-PR1	GFRA2	0.0164999999999999	0.830754332091296	0.9267259592316032	atman	0.103	
PT1-PR1	NPR1	-0.0413999999999999	0.8312178094414062	0.9267999712101904	atman	0.103	
PT1-PR1	EXTL1	-0.0457199999999999	0.8323108293646397	0.9276666224102094	atman	0.103	
PT1-PR1	CACNA1C	0.0416499999999999	0.8333537062322736	0.9277730916674573	atman	0.103	
PT1-PR1	SYT1	-0.0277599999999999	0.8332080684387233	0.9277730916674573	atman	0.103	
PT1-PR1	SDHB	-0.0216899999999999	0.8332752399621126	0.9277730916674573	atman	0.103	
PT1-PR1	RNF149	-0.0292111111111111	0.8339886254217599	0.9277768199504468	atman	0.103	
PT1-PR1	CHRDL2	-0.0205599999999999	0.833965812106948	0.9277768199504468	atman	0.103	
PT1-PR1	CD80	0.04335	0.8349603800300458	0.927953562529242	atman	0.103	
PT1-PR1	PAIP2B	-0.0420499999999999	0.8354389098766175	0.927953562529242	atman	0.103	
PT1-PR1	PPM1A	-0.0228699999999999	0.8357267278598959	0.927953562529242	atman	0.103	
PT1-PR1	SIGLEC10	-0.011575	0.8348410576598511	0.927953562529242	atman	0.103	
PT1-PR1	IGF1R	-0.0100799999999999	0.835540057317137	0.927953562529242	atman	0.103	
PT1-PR1	IL13RA2	0.1175	0.8363814862121011	0.928208587992318	atman	0.103	
PT1-PR1	SAT2	0.0400624999999999	0.836904203400834	0.928208587992318	atman	0.103	
PT1-PR1	NUDT10	0.0217777777777777	0.8366796011242217	0.928208587992318	atman	0.103	
PT1-PR1	MAGEA3	-0.189175	0.8373576894282955	0.9283610911472951	atman	0.103	
PT1-PR1	PSME2	-0.0658666666666666	0.8393706762851165	0.9284924568666642	atman	0.103	
PT1-PR1	MYOM1	0.0511125	0.8396031107253235	0.9284924568666642	atman	0.103	
PT1-PR1	HGS	0.05009	0.8383061741628921	0.9284924568666642	atman	0.103	
PT1-PR1	COPE	-0.0316888888888889	0.8393499741725883	0.9284924568666642	atman	0.103	
PT1-PR1	ACRBP	0.03039	0.840219928714621	0.9284924568666642	atman	0.103	
PT1-PR1	FZD10	-0.0303444444444444	0.8406364653728138	0.9284924568666642	atman	0.103	
PT1-PR1	POSTN	-0.02614	0.840415526141884	0.9284924568666642	atman	0.103	
PT1-PR1	C7orf50	-0.0145899999999999	0.8385524890543388	0.9284924568666642	atman	0.103	
PT1-PR1	DSC2	0.0131899999999999	0.8399506916492745	0.9284924568666642	atman	0.103	
PT1-PR1	AMBP	0.00474	0.8387745209256119	0.9284924568666642	atman	0.103	
PT1-PR1	TNF	0.0270444444444444	0.8409962154099495	0.9285407293778396	atman	0.103	
PT1-PR1	GIPC2	0.0231799999999999	0.8416943012944613	0.928962380617253	atman	0.103	
PT1-PR1	TMPRSS11B	0.075875	0.84428647186318	0.9293818768674352	atman	0.103	
PT1-PR1	LHPP	-0.0574	0.842538948147439	0.9293818768674352	atman	0.103	
PT1-PR1	TPRKB	-0.05734	0.8441991181368533	0.9293818768674352	atman	0.103	
PT1-PR1	FGF5	0.0275699999999999	0.8430591204648781	0.9293818768674352	atman	0.103	
PT1-PR1	MFAP5	0.0173299999999999	0.8433283944306704	0.9293818768674352	atman	0.103	
PT1-PR1	DLK1	0.00835	0.8442887097886944	0.9293818768674352	atman	0.103	
PT1-PR1	PON3	0.00499	0.8434135648929704	0.9293818768674352	atman	0.103	
PT1-PR1	IL5	-0.2370499999999999	0.845961169370002	0.9305256142302756	atman	0.103	
PT1-PR1	CCS	-0.0605	0.8458816307476615	0.9305256142302756	atman	0.103	
PT1-PR1	BTNL10	0.04905	0.8476863074612273	0.9320742407638796	atman	0.103	
PT1-PR1	FRMD7	0.0510333333333333	0.8482012822585825	0.9322915702490518	atman	0.103	
PT1-PR1	DAPP1	0.0340249999999999	0.849972394585129	0.933109704034074	atman	0.103	
PT1-PR1	DCTPP1	0.01882	0.8502160237233547	0.933109704034074	atman	0.103	
PT1-PR1	FTCD	-0.01834	0.8494802945887292	0.933109704034074	atman	0.103	
PT1-PR1	VWC2	-0.0164666666666666	0.8495879401364315	0.933109704034074	atman	0.103	
PT1-PR1	RAB10	-0.03332	0.8518361819602505	0.9345132721820394	atman	0.103	
PT1-PR1	SETMAR	0.0111777777777777	0.8521310606452293	0.9345132721820394	atman	0.103	
PT1-PR1	GASK1A	-0.04505	0.8536795486394237	0.9350388878801952	atman	0.103	
PT1-PR1	FOXO1	-0.0303374999999999	0.8529303078134784	0.9350388878801952	atman	0.103	
PT1-PR1	REG1B	-0.01021	0.8538833683398788	0.9350388878801952	atman	0.103	
PT1-PR1	IL2RA	0.00964	0.853289380141729	0.9350388878801952	atman	0.103	
PT1-PR1	LPL	0.0114899999999999	0.854217056873865	0.935055779841809	atman	0.103	
PT1-PR1	ASPSCR1	-0.0615899999999999	0.8561455948871148	0.9368177868820646	atman	0.103	
PT1-PR1	LRG1	-0.01547	0.8581952409275369	0.9387109522878272	atman	0.103	
PT1-PR1	PILRA	-0.0092799999999999	0.8591237101974938	0.9393767996130392	atman	0.103	
PT1-PR1	ZP4	-0.02933	0.8594950466769573	0.9394332020598588	atman	0.103	
PT1-PR1	DUSP3	0.0539444444444445	0.8599576690694413	0.9395893014972178	atman	0.103	
PT1-PR1	CBLN4	0.0088	0.8604385103374557	0.939765183409459	atman	0.103	
PT1-PR1	BEX3	0.07499	0.8608176236424532	0.9398298692907944	atman	0.103	
PT1-PR1	GLT8D2	0.0393	0.861651483325921	0.9398840363485746	atman	0.103	
PT1-PR1	PSMA1	-0.03276	0.8613399781586153	0.9398840363485746	atman	0.103	
PT1-PR1	CEBPB	0.0316799999999999	0.8618929882925359	0.9398840363485746	atman	0.103	
PT1-PR1	HLA-DRA	0.0288124999999999	0.8621468611162044	0.9398840363485746	atman	0.103	
PT1-PR1	TOR1AIP1	-0.0266444444444444	0.863680991020894	0.940858269046862	atman	0.103	
PT1-PR1	GLB1	0.0138111111111111	0.8635297161589022	0.940858269046862	atman	0.103	
PT1-PR1	PNLIP	-0.0223	0.8649086770234085	0.9414974779899126	atman	0.103	
PT1-PR1	CRELD1	0.0136374999999999	0.8646853107773369	0.9414974779899126	atman	0.103	
PT1-PR1	CD3E	0.0298125	0.8662505998622554	0.9415628051776938	atman	0.103	
PT1-PR1	EZR	-0.0141399999999999	0.8656864847736907	0.9415628051776938	atman	0.103	
PT1-PR1	CD99L2	0.0084099999999999	0.8660273735383077	0.9415628051776938	atman	0.103	
PT1-PR1	FCRL2	0.0065899999999999	0.8654998781249494	0.9415628051776938	atman	0.103	
PT1-PR1	HMGCS1	0.03274	0.8669110254220231	0.9415839529352694	atman	0.103	
PT1-PR1	TSPAN1	0.0140899999999999	0.8667106820681467	0.9415839529352694	atman	0.103	
PT1-PR1	PSMD1	-0.10114	0.8703975824871497	0.94217339477462	atman	0.103	
PT1-PR1	LRIG3	-0.0388249999999999	0.869725849267204	0.94217339477462	atman	0.103	
PT1-PR1	FGF7	-0.0357999999999999	0.8697306713928032	0.94217339477462	atman	0.103	
PT1-PR1	AGR3	0.03315	0.8704336787691491	0.94217339477462	atman	0.103	
PT1-PR1	THSD1	0.032325	0.8710861264346166	0.94217339477462	atman	0.103	
PT1-PR1	PDRG1	0.0248999999999999	0.8682846382329863	0.94217339477462	atman	0.103	
PT1-PR1	PAXX	-0.0230375	0.8695394202958449	0.94217339477462	atman	0.103	
PT1-PR1	GATD3	0.0221777777777777	0.8713355413018391	0.94217339477462	atman	0.103	
PT1-PR1	KIAA2013	0.0201799999999999	0.8690767589970874	0.94217339477462	atman	0.103	
PT1-PR1	TAFA5	-0.0108299999999999	0.8716226300195431	0.94217339477462	atman	0.103	
PT1-PR1	CLEC7A	0.01005	0.8680502619469348	0.94217339477462	atman	0.103	
PT1-PR1	CD55	-0.0100199999999999	0.8696423794031305	0.94217339477462	atman	0.103	
PT1-PR1	ORM1	0.00705	0.8711873887837256	0.94217339477462	atman	0.103	
PT1-PR1	WASF3	-0.1993777777777777	0.875907902793176	0.943116175586593	atman	0.103	
PT1-PR1	ATG4A	0.05084	0.8744483945026831	0.943116175586593	atman	0.103	
PT1-PR1	NLGN1	0.0412111111111111	0.8746831879562926	0.943116175586593	atman	0.103	
PT1-PR1	IL15RA	-0.03777	0.8750621095400692	0.943116175586593	atman	0.103	
PT1-PR1	CSF2	0.0365599999999999	0.8742052279746026	0.943116175586593	atman	0.103	
PT1-PR1	PSME1	0.0336888888888889	0.8759032893316308	0.943116175586593	atman	0.103	
PT1-PR1	GRK5	-0.0276	0.8731393153980918	0.943116175586593	atman	0.103	
PT1-PR1	PRUNE2	-0.0235374999999999	0.8760258826330198	0.943116175586593	atman	0.103	
PT1-PR1	DLGAP5	0.02025	0.8755284278591793	0.943116175586593	atman	0.103	
PT1-PR1	MUCL3	-0.0178999999999999	0.8741484456306723	0.943116175586593	atman	0.103	
PT1-PR1	IGF2R	0.00743	0.8728918425826975	0.943116175586593	atman	0.103	
PT1-PR1	DNPH1	-0.0572299999999999	0.8778927177146101	0.9440881422567806	atman	0.103	
PT1-PR1	CERT	-0.0278888888888888	0.8774008880846211	0.9440881422567806	atman	0.103	
PT1-PR1	AXL	0.0095899999999999	0.8777767322833618	0.9440881422567806	atman	0.103	
PT1-PR1	RBM25	-0.04455	0.8794941463589709	0.9454642524707856	atman	0.103	
PT1-PR1	UBE2B	0.02044	0.880484278180808	0.945919966784378	atman	0.103	
PT1-PR1	CES2	0.01703	0.8805619840555732	0.945919966784378	atman	0.103	
PT1-PR1	SNCG	-0.0193111111111111	0.880911542554649	0.9459496023485228	atman	0.103	
PT1-PR1	COL4A4	0.2850125000000001	0.8816876016659836	0.9463622057091792	atman	0.103	
PT1-PR1	MEGF11	0.02444	0.8819399997385067	0.9463622057091792	atman	0.103	
PT1-PR1	LBP	-0.0205599999999999	0.8829284150020249	0.9470769197794632	atman	0.103	
PT1-PR1	CLEC10A	-0.0085222222222222	0.8835066281407633	0.9473512676925412	atman	0.103	
PT1-PR1	LMOD2	-0.0694249999999999	0.8849956209880061	0.9486016543096542	atman	0.103	
PT1-PR1	DUSP29	0.0282666666666667	0.8854528026771442	0.9487455631894418	atman	0.103	
PT1-PR1	FABP3	-0.0427399999999999	0.8864307846832462	0.9487554263750008	atman	0.103	
PT1-PR1	L1CAM	0.00767	0.8862730405117563	0.9487554263750008	atman	0.103	
PT1-PR1	NPTX1	-0.00507	0.8862475165682708	0.9487554263750008	atman	0.103	
PT1-PR1	VASN	0.01058	0.8879556025378792	0.950041354791074	atman	0.103	
PT1-PR1	BCL2L1	0.0505199999999999	0.8888204916552256	0.9506205331208784	atman	0.103	
PT1-PR1	GAS6	0.00836	0.8896698490350308	0.9511826843031006	atman	0.103	
PT1-PR1	SCARA5	0.0119499999999999	0.8911373785319534	0.9522092043529696	atman	0.103	
PT1-PR1	LILRB5	0.0043499999999999	0.891278186511459	0.9522092043529696	atman	0.103	
PT1-PR1	PTS	-0.0284555555555555	0.8916046366439936	0.9522117129989288	atman	0.103	
PT1-PR1	EDDM3B	-0.0154	0.8923145672524644	0.9526236186728708	atman	0.103	
PT1-PR1	CTSZ	-0.00863	0.892989479161201	0.9529978531694908	atman	0.103	
PT1-PR1	KLHL41	-0.0267299999999999	0.8934175258922941	0.9531084571792156	atman	0.103	
PT1-PR1	BABAM1	0.0206374999999999	0.8938125020753813	0.9531837136469948	atman	0.103	
PT1-PR1	CCN5	-0.01328	0.8944784126153942	0.9535477417503728	atman	0.103	
PT1-PR1	PYDC1	0.0087555555555555	0.8954889716790824	0.9542787808462618	atman	0.103	
PT1-PR1	TJP3	0.0289374999999999	0.8961057547264071	0.9545898141356722	atman	0.103	
PT1-PR1	TUBB3	-0.0353124999999999	0.896458549252505	0.9546195062355416	atman	0.103	
PT1-PR1	PBLD	0.0268	0.8978314197312116	0.9554135319669064	atman	0.103	
PT1-PR1	ADH4	0.0092399999999999	0.8978545819471164	0.9554135319669064	atman	0.103	
PT1-PR1	ISLR2	-0.0181888888888888	0.898474885538983	0.9557274488463188	atman	0.103	
PT1-PR1	ALDH5A1	-0.0213799999999999	0.899507422215412	0.9557876334426332	atman	0.103	
PT1-PR1	ADAM22	-0.0121555555555555	0.8994111291193305	0.9557876334426332	atman	0.103	
PT1-PR1	IL13RA1	0.0048299999999999	0.8990076871968462	0.9557876334426332	atman	0.103	
PT1-PR1	MLLT1	0.03139	0.9015210239955984	0.9558530380725616	atman	0.103	
PT1-PR1	C9	-0.02288	0.900783613727226	0.9558530380725616	atman	0.103	
PT1-PR1	LPCAT2	0.01429	0.8999760202055722	0.9558530380725616	atman	0.103	
PT1-PR1	PCDH12	0.0092399999999999	0.9010989097276308	0.9558530380725616	atman	0.103	
PT1-PR1	ADA	0.00747	0.9013625449609366	0.9558530380725616	atman	0.103	
PT1-PR1	FCRL5	-0.0069399999999999	0.9004043497403003	0.9558530380725616	atman	0.103	
PT1-PR1	PTK7	0.0440222222222222	0.9035851148522704	0.9576959117734382	atman	0.103	
PT1-PR1	GUK1	-0.0558299999999999	0.904824270484639	0.9580805560399106	atman	0.103	
PT1-PR1	PSRC1	-0.01841	0.9044943282154334	0.9580805560399106	atman	0.103	
PT1-PR1	THY1	-0.0099499999999999	0.9049263250547148	0.9580805560399106	atman	0.103	
PT1-PR1	PRRT3	0.0106333333333333	0.905544347011198	0.9583895142359148	atman	0.103	
PT1-PR1	AIDA	-0.0410222222222222	0.9066487322211124	0.9584424708657572	atman	0.103	
PT1-PR1	IGDCC3	0.0392874999999999	0.9075147954498426	0.9584424708657572	atman	0.103	
PT1-PR1	IFNL1	-0.0334222222222222	0.907504640553219	0.9584424708657572	atman	0.103	
PT1-PR1	DLL4	0.0282111111111111	0.9067248083514072	0.9584424708657572	atman	0.103	
PT1-PR1	PINLYP	-0.0184624999999999	0.9067331176974508	0.9584424708657572	atman	0.103	
PT1-PR1	FCER1A	0.0183199999999999	0.9079221279125904	0.9584424708657572	atman	0.103	
PT1-PR1	ODAM	-0.0175333333333333	0.9082041657216706	0.9584424708657572	atman	0.103	
PT1-PR1	EVI2B	0.01306	0.9078493249948804	0.9584424708657572	atman	0.103	
PT1-PR1	DCLRE1C	0.0285899999999999	0.908774307008568	0.9586997895839042	atman	0.103	
PT1-PR1	DCUN1D1	0.0404374999999999	0.9107227960765498	0.9604104719572518	atman	0.103	
PT1-PR1	STK24	0.0239666666666666	0.91164570443384	0.9605484970537588	atman	0.103	
PT1-PR1	CPLX2	0.02283	0.9121614386589474	0.9605484970537588	atman	0.103	
PT1-PR1	RPL14	-0.0217555555555555	0.9119002717202628	0.9605484970537588	atman	0.103	
PT1-PR1	SLC1A4	-0.020911111111111	0.9115767465705288	0.9605484970537588	atman	0.103	
PT1-PR1	RNASE10	-0.0125222222222222	0.913224723693939	0.9613236253001766	atman	0.103	
PT1-PR1	UNC5D	0.02425	0.9142846299835456	0.9619715151992978	atman	0.103	
PT1-PR1	CNTN3	-0.0064099999999999	0.914495044912062	0.9619715151992978	atman	0.103	
PT1-PR1	CEMIP2	0.0177499999999999	0.9157735107176684	0.9622827519629864	atman	0.103	
PT1-PR1	PTH1R	0.01015	0.9154804057919924	0.9622827519629864	atman	0.103	
PT1-PR1	LY9	0.0038	0.9151927925468883	0.9622827519629864	atman	0.103	
PT1-PR1	NOTCH3	-0.0068799999999999	0.9168047448106224	0.963021930730643	atman	0.103	
PT1-PR1	PRKCQ	-0.02152	0.91761726053542	0.963530919032546	atman	0.103	
PT1-PR1	SLAMF8	0.0182399999999999	0.9192437809581516	0.9638608952373484	atman	0.103	
PT1-PR1	UPB1	0.0122399999999999	0.9191149486107352	0.9638608952373484	atman	0.103	
PT1-PR1	FOLH1	0.0102874999999999	0.9182904956373968	0.9638608952373484	atman	0.103	
PT1-PR1	TOP1	0.0056999999999999	0.9186891526353334	0.9638608952373484	atman	0.103	
PT1-PR1	MUC16	0.1130999999999999	0.9201025116461254	0.9644171170946544	atman	0.103	
PT1-PR1	SPARCL1	-0.0051999999999999	0.9206343791719328	0.9646304586330736	atman	0.103	
PT1-PR1	GBP1	-0.0126199999999999	0.922135203646078	0.9658585484178888	atman	0.103	
PT1-PR1	PACS2	0.0571399999999999	0.9228406988192244	0.9662530196474988	atman	0.103	
PT1-PR1	BIRC2	0.02358	0.9238937557543064	0.9666666148170056	atman	0.103	
PT1-PR1	APOA4	-0.0114699999999999	0.9237199900285622	0.9666666148170056	atman	0.103	
PT1-PR1	THAP12	0.0370899999999999	0.9242378985458624	0.9666824300205568	atman	0.103	
PT1-PR1	AMIGO2	-0.00551	0.924645825619256	0.966764923725756	atman	0.103	
PT1-PR1	S100A13	-0.0096	0.9253720898808052	0.9671800782887962	atman	0.103	
PT1-PR1	CENPF	-0.04365	0.926028761014269	0.9672511726289366	atman	0.103	
PT1-PR1	UBE2Z	0.0186499999999999	0.9260985529629676	0.9672511726289366	atman	0.103	
PT1-PR1	CRNN	0.00695	0.9266714554343988	0.967505592063349	atman	0.103	
PT1-PR1	DDR1	-0.00742	0.927066315674928	0.9675740090418964	atman	0.103	
PT1-PR1	SCN2A	0.02815	0.9291176038672742	0.9691852771791896	atman	0.103	
PT1-PR1	NENF	-0.0211099999999999	0.9292698862538384	0.9691852771791896	atman	0.103	
PT1-PR1	LZTFL1	0.0239124999999999	0.9311858637469876	0.9704945256078928	atman	0.103	
PT1-PR1	PALM	-0.0074299999999999	0.9310379818112492	0.9704945256078928	atman	0.103	
PT1-PR1	IL20RA	0.01835	0.9319085568251476	0.9705591421312598	atman	0.103	
PT1-PR1	KEL	-0.0159	0.9317102447822796	0.9705591421312598	atman	0.103	
PT1-PR1	CHAC2	0.0267	0.9335832499721076	0.9719587485535268	atman	0.103	
PT1-PR1	SIGLEC8	-0.0044	0.9339329270989224	0.9719783704628532	atman	0.103	
PT1-PR1	NPL	0.0154499999999999	0.9352665374980942	0.972677198998018	atman	0.103	
PT1-PR1	NTF4	0.0095199999999999	0.9351375192572262	0.972677198998018	atman	0.103	
PT1-PR1	MYL6B	0.0243444444444445	0.936201577425266	0.9733051077407754	atman	0.103	
PT1-PR1	NEFL	0.0344444444444444	0.9374035173512698	0.9736752521360468	atman	0.103	
PT1-PR1	ATF4	-0.0161499999999999	0.9378832415061308	0.9736752521360468	atman	0.103	
PT1-PR1	GIMAP8	-0.0139799999999999	0.937728978302343	0.9736752521360468	atman	0.103	
PT1-PR1	ATXN2L	0.0113399999999999	0.9377827303364834	0.9736752521360468	atman	0.103	
PT1-PR1	TLR1	0.0180749999999999	0.9392647241066516	0.974754556180631	atman	0.103	
PT1-PR1	GALNT2	-0.0034799999999999	0.9395864203892264	0.974754556180631	atman	0.103	
PT1-PR1	NDRG1	-0.0247444444444444	0.9430318610481518	0.9748462983536844	atman	0.103	
PT1-PR1	KLK12	-0.0152299999999999	0.9417376385681288	0.9748462983536844	atman	0.103	
PT1-PR1	NECTIN1	-0.0139749999999999	0.9402950886359588	0.9748462983536844	atman	0.103	
PT1-PR1	PDZK1	0.0128624999999999	0.9427386782500708	0.9748462983536844	atman	0.103	
PT1-PR1	CD70	0.0110875	0.9411504218415372	0.9748462983536844	atman	0.103	
PT1-PR1	CPTP	-0.0093499999999999	0.9423474140199462	0.9748462983536844	atman	0.103	
PT1-PR1	ITGA11	-0.0069124999999999	0.9433247196118192	0.9748462983536844	atman	0.103	
PT1-PR1	FSHB	0.006311111111111	0.9409652462752144	0.9748462983536844	atman	0.103	
PT1-PR1	FAM171B	0.0062	0.941719955101954	0.9748462983536844	atman	0.103	
PT1-PR1	GALNT5	-0.00605	0.9411286871018764	0.9748462983536844	atman	0.103	
PT1-PR1	STC1	-0.00471	0.9432138406434284	0.9748462983536844	atman	0.103	
PT1-PR1	S100P	0.01604	0.9442833355456446	0.975493825539066	atman	0.103	
PT1-PR1	TDGF1	-0.0218222222222222	0.945259800041696	0.9758711404665182	atman	0.103	
PT1-PR1	CNPY2	0.01571	0.9458448947490044	0.9758711404665182	atman	0.103	
PT1-PR1	MAP1LC3B2	0.0141799999999999	0.945514180979994	0.9758711404665182	atman	0.103	
PT1-PR1	GFRA3	-0.0031777777777777	0.9459771981104984	0.9758711404665182	atman	0.103	
PT1-PR1	EIF4B	0.0312	0.9469160653730108	0.9761541754617212	atman	0.103	
PT1-PR1	PDE4D	-0.0124999999999999	0.9468093087018784	0.9761541754617212	atman	0.103	
PT1-PR1	SEPTIN3	0.00761	0.9476327289934514	0.9765503184085444	atman	0.103	
PT1-PR1	ANKRD54	0.02172	0.9493498443523184	0.977634014268178	atman	0.103	
PT1-PR1	FZD8	0.0151125	0.9492882738130332	0.977634014268178	atman	0.103	
PT1-PR1	MRPL52	-0.00789	0.9511130996079884	0.9791066176062614	atman	0.103	
PT1-PR1	RASGRF1	-0.0272999999999999	0.952126698014084	0.979806738621849	atman	0.103	
PT1-PR1	PDIA5	-0.01475	0.9531820139213788	0.9805492846292054	atman	0.103	
PT1-PR1	CD300LG	-0.0034199999999999	0.9546314127323988	0.9816965665410526	atman	0.103	
PT1-PR1	SPRR1B	0.0133124999999999	0.955339597251498	0.9819644190701046	atman	0.103	
PT1-PR1	NOMO1	0.00252	0.955560338366722	0.9819644190701046	atman	0.103	
PT1-PR1	HS3ST3B1	0.00569	0.9564442119240696	0.9825290540674534	atman	0.103	
PT1-PR1	CLEC4A	-0.0039375	0.956945849645256	0.982667932839329	atman	0.103	
PT1-PR1	MASP1	-0.0026222222222222	0.9572483402948126	0.982667932839329	atman	0.103	
PT1-PR1	CCL3	0.0090875	0.9586593563763948	0.9837726821634116	atman	0.103	
PT1-PR1	CLEC4C	-0.003425	0.9592346108538848	0.9840193040114222	atman	0.103	
PT1-PR1	RRM2B	0.0092899999999999	0.959666387080635	0.9841186196310318	atman	0.103	
PT1-PR1	DNAJB2	0.0227875	0.9610978023156598	0.9841356341591918	atman	0.103	
PT1-PR1	TMOD4	-0.01859	0.960713142079126	0.9841356341591918	atman	0.103	
PT1-PR1	SAT1	0.0128699999999999	0.9613516570911728	0.9841356341591918	atman	0.103	
PT1-PR1	CSPG5	0.0119374999999999	0.9650424649464368	0.9841356341591918	atman	0.103	
PT1-PR1	NEDD4L	0.0118624999999999	0.961914244976035	0.9841356341591918	atman	0.103	
PT1-PR1	PTGES2	-0.0104874999999999	0.9635002278900872	0.9841356341591918	atman	0.103	
PT1-PR1	STEAP4	0.0098624999999999	0.963289050444848	0.9841356341591918	atman	0.103	
PT1-PR1	TDP1	0.0093899999999999	0.9647610955939414	0.9841356341591918	atman	0.103	
PT1-PR1	CSNK1D	0.009275	0.963515956758461	0.9841356341591918	atman	0.103	
PT1-PR1	BRDT	-0.0082699999999999	0.9642416921017376	0.9841356341591918	atman	0.103	
PT1-PR1	PCARE	-0.0079749999999999	0.9639326520468688	0.9841356341591918	atman	0.103	
PT1-PR1	NBN	0.0073899999999999	0.9618893317468956	0.9841356341591918	atman	0.103	
PT1-PR1	TSLP	-0.0064999999999999	0.962884897505408	0.9841356341591918	atman	0.103	
PT1-PR1	GHRHR	0.0062777777777777	0.9644036349599584	0.9841356341591918	atman	0.103	
PT1-PR1	SLURP1	-0.00515	0.9634334813237068	0.9841356341591918	atman	0.103	
PT1-PR1	CA14	0.0028399999999999	0.961196608649704	0.9841356341591918	atman	0.103	
PT1-PR1	EIF5	-0.0149299999999999	0.9662431823468722	0.9844602464838916	atman	0.103	
PT1-PR1	ARNT	-0.00616	0.9663660145879998	0.9844602464838916	atman	0.103	
PT1-PR1	GAD1	-0.0055599999999999	0.9659169578156228	0.9844602464838916	atman	0.103	
PT1-PR1	GDNF	0.0122333333333333	0.9671860745243728	0.9849541375918917	atman	0.103	
PT1-PR1	GADD45B	-0.0082375	0.9683303853633768	0.9854333601335952	atman	0.103	
PT1-PR1	CBS	0.0082333333333332	0.968998290478542	0.9854333601335952	atman	0.103	
PT1-PR1	GBP6	-0.00532	0.9687312331661784	0.9854333601335952	atman	0.103	
PT1-PR1	SLITRK2	0.00193	0.968803640044298	0.9854333601335952	atman	0.103	
PT1-PR1	SRP14	-0.00739	0.9695372606939664	0.985640301702032	atman	0.103	
PT1-PR1	CASC3	-0.0072888888888888	0.972607425420565	0.987053753328366	atman	0.103	
PT1-PR1	IL17C	-0.0063799999999999	0.971301975832175	0.987053753328366	atman	0.103	
PT1-PR1	TMEM25	0.0060299999999999	0.9725873126627188	0.987053753328366	atman	0.103	
PT1-PR1	RIDA	0.004775	0.9724873157383572	0.987053753328366	atman	0.103	
PT1-PR1	IL1RAP	0.0019699999999999	0.9719352683892196	0.987053753328366	atman	0.103	
PT1-PR1	CAMKK1	0.0079699999999999	0.9736048007517608	0.9877247598786856	atman	0.103	
PT1-PR1	RECK	0.0028555555555555	0.974046275635253	0.987831535318044	atman	0.103	
PT1-PR1	TRPV3	-0.00876	0.9744801115673534	0.987930492679394	atman	0.103	
PT1-PR1	CCL21	-0.00318	0.9757024664975056	0.9888285086476962	atman	0.103	
PT1-PR1	CXCL8	-0.0040111111111111	0.9772895306639616	0.9900953934795584	atman	0.103	
PT1-PR1	MORF4L2	-0.00244	0.978390504075485	0.9905276709075724	atman	0.103	
PT1-PR1	MENT	0.0011999999999999	0.9783691302103183	0.9905276709075724	atman	0.103	
PT1-PR1	INPP5J	0.00693	0.979884611444453	0.9909796279575088	atman	0.103	
PT1-PR1	GH2	-0.00598	0.980138367336176	0.9909796279575088	atman	0.103	
PT1-PR1	NUBP1	0.0051199999999999	0.9796630211340436	0.9909796279575088	atman	0.103	
PT1-PR1	SERPINA11	0.0015299999999999	0.9801861126087544	0.9909796279575088	atman	0.103	
PT1-PR1	KRT14	-0.0059111111111111	0.9816424380689523	0.9919097202490104	atman	0.103	
PT1-PR1	C19orf12	0.0042888888888888	0.9821189163391324	0.9919097202490104	atman	0.103	
PT1-PR1	ADGRE1	-0.0020899999999999	0.9818498619905244	0.9919097202490104	atman	0.103	
PT1-PR1	CD160	0.00081	0.982554076140592	0.9920082047082678	atman	0.103	
PT1-PR1	LY96	0.0017555555555555	0.9829460326648656	0.9920630175092324	atman	0.103	
PT1-PR1	TMCO5A	-0.0069	0.9838596334193204	0.9922373647433071	atman	0.103	
PT1-PR1	DDA1	-0.00536	0.9841319540034028	0.9922373647433071	atman	0.103	
PT1-PR1	CSF2RB	0.0017624999999999	0.9834894720462836	0.9922373647433071	atman	0.103	
PT1-PR1	ADGRB3	-0.0011333333333333	0.984806118163308	0.992576458032178	atman	0.103	
PT1-PR1	SIGLEC1	0.0009	0.9867681384426636	0.9942128912018332	atman	0.103	
PT1-PR1	GLRX	-0.0055099999999999	0.9881492164863416	0.9945811572582636	atman	0.103	
PT1-PR1	ASGR2	-0.00224	0.9875390232696288	0.9945811572582636	atman	0.103	
PT1-PR1	FSTL1	0.0014444444444444	0.9880707148771316	0.9945811572582636	atman	0.103	
PT1-PR1	ADRA2A	0.00233	0.9895839044182076	0.9953432082097547	atman	0.103	
PT1-PR1	FES	0.0021699999999999	0.9893659232820756	0.9953432082097547	atman	0.103	
PT1-PR1	CDKL5	-0.0016125	0.9907787354083556	0.9962039440895784	atman	0.103	
PT1-PR1	RNF31	0.0023875	0.9911538056706272	0.9962401235238806	atman	0.103	
PT1-PR1	SCN3B	-0.0025249999999999	0.993354792212724	0.9967161633850072	atman	0.103	
PT1-PR1	GSTP1	0.0020111111111111	0.9950199139578711	0.9967161633850072	atman	0.103	
PT1-PR1	REST	-0.0018199999999999	0.9924239123603064	0.9967161633850072	atman	0.103	
PT1-PR1	BHMT2	0.0018099999999999	0.994696507435088	0.9967161633850072	atman	0.103	
PT1-PR1	FGF20	-0.0013	0.994425594479578	0.9967161633850072	atman	0.103	
PT1-PR1	HSPA2	-0.00118	0.993824899198593	0.9967161633850072	atman	0.103	
PT1-PR1	SIGLEC15	-0.0010444444444445	0.992478347205744	0.9967161633850072	atman	0.103	
PT1-PR1	PAFAH1B3	-0.0007199999999999	0.9946473819778764	0.9967161633850072	atman	0.103	
PT1-PR1	KLK4	-0.0005099999999999	0.9932424794127755	0.9967161633850072	atman	0.103	
PT1-PR1	ANPEP	0.0003499999999999	0.9940406672134317	0.9967161633850072	atman	0.103	
PT1-PR1	TIA1	0.0009499999999999	0.997268530717902	0.9986281333501008	atman	0.103	
PT1-PR1	ATP1B4	0.0014699999999999	0.9979499364355672	0.9989699874779202	atman	0.103	
PT1-PR1	SIL1	-0.0002222222222222	0.9987085375301664	0.9993888566974212	atman	0.103	
PT1-PR1	SPINT1	6e-05	0.9990567803268212	0.9993969426626492	atman	0.103	
PT1-PR1	ANK2	-7e-05	0.9996241698076512	0.9996241698076512	atman	0.103	
PT2-PR2	EDN1	0.78592	1.0812961666e-06	0.0031768481374858	atman	0.103	
PT2-PR2	PTPRR	-0.68052	2.36504014141e-05	0.0148524455637744	atman	0.103	
PT2-PR2	CXCL17	0.60269	3.44063770385e-05	0.0148524455637744	atman	0.103	
PT2-PR2	MOG	-0.5178499999999999	2.08836077681e-05	0.0148524455637744	atman	0.103	
PT2-PR2	TIMP4	0.4527699999999999	2.97337131871e-05	0.0148524455637744	atman	0.103	
PT2-PR2	CTSV	0.34042	2.487697608e-05	0.0148524455637744	atman	0.103	
PT2-PR2	SPP1	0.2402	3.53870384433e-05	0.0148524455637744	atman	0.103	
PT2-PR2	PTPRN2	-0.6070888888888888	5.07116890966e-05	0.0186238678207446	atman	0.103	
PT2-PR2	CD8A	0.2988	7.5199265211e-05	0.0232144244405168	atman	0.103	
PT2-PR2	TCN2	0.18367	7.90143786266e-05	0.0232144244405168	atman	0.103	
PT2-PR2	SMOC1	0.6239299999999999	0.0001131115706245	0.0276934828745765	atman	0.103	
PT2-PR2	IL18	0.25458	0.0001117510909403	0.0276934828745765	atman	0.103	
PT2-PR2	MB	-0.62273	0.0001570360986273	0.0311023383751127	atman	0.103	
PT2-PR2	NPTXR	-0.4553999999999999	0.0001439797954707	0.0311023383751127	atman	0.103	
PT2-PR2	GDF15	0.30771	0.0001587934226094	0.0311023383751127	atman	0.103	
PT2-PR2	TNC	0.5945400000000001	0.0001737712898983	0.0319087531075886	atman	0.103	
PT2-PR2	PRL	2.4385199999999996	0.000210717955178	0.0358778091860978	atman	0.103	
PT2-PR2	VAV3	1.7657555555555555	0.0002297888427118	0.0358778091860978	atman	0.103	
PT2-PR2	DAG1	0.52958	0.0002356547878397	0.0358778091860978	atman	0.103	
PT2-PR2	PECAM1	0.33699	0.0002571281680661	0.0358778091860978	atman	0.103	
PT2-PR2	HMCN2	-0.1986	0.0002686561613662	0.0358778091860978	atman	0.103	
PT2-PR2	PLA2G7	0.1906999999999999	0.0002683125426472	0.0358778091860978	atman	0.103	
PT2-PR2	STAM	0.9480499999999996	0.0002849913339655	0.0363662247798656	atman	0.103	
PT2-PR2	FGFBP3	0.44866	0.0002970692289709	0.0363662247798656	atman	0.103	
PT2-PR2	USP8	0.7990111111111111	0.0003583587341458	0.0385455156287215	atman	0.103	
PT2-PR2	GZMB	0.57135	0.0003909395121957	0.0385455156287215	atman	0.103	
PT2-PR2	TXNRD1	0.39865	0.0003648702644993	0.0385455156287215	atman	0.103	
PT2-PR2	C1QTNF1	0.2989	0.0003653038634348	0.0385455156287215	atman	0.103	
PT2-PR2	PAMR1	0.26653	0.0003935893358957	0.0385455156287215	atman	0.103	
PT2-PR2	SOD2	0.24948	0.000373789961324	0.0385455156287215	atman	0.103	
PT2-PR2	TFPI	0.21468	0.0004187362830889	0.0396853935392064	atman	0.103	
PT2-PR2	MSRA	0.9390444444444443	0.0004521105019452	0.0403234044323988	atman	0.103	
PT2-PR2	ITPA	0.9242875000000002	0.0004529177489003	0.0403234044323988	atman	0.103	
PT2-PR2	MATN2	0.409	0.0004702263257969	0.0406330866232787	atman	0.103	
PT2-PR2	MYOC	-0.6511199999999999	0.0004844606856462	0.0406670141265318	atman	0.103	
PT2-PR2	NTF3	0.5877749999999999	0.0005175850198386	0.0421855487442997	atman	0.103	
PT2-PR2	SPON1	0.35155	0.0005312679726137	0.0421855487442997	atman	0.103	
PT2-PR2	SFRP1	0.9442111111111112	0.0006772300915713	0.0509117293570662	atman	0.103	
PT2-PR2	SUMF2	0.45914	0.0006971846378713	0.0509117293570662	atman	0.103	
PT2-PR2	FLT3LG	-0.30151	0.0007104768222054	0.0509117293570662	atman	0.103	
PT2-PR2	BLMH	0.17914	0.0006893633565703	0.0509117293570662	atman	0.103	
PT2-PR2	GYS1	0.9963333333333334	0.0008729218622043	0.0545371694466871	atman	0.103	
PT2-PR2	IMPA1	0.7854777777777778	0.0008033370282507	0.0545371694466871	atman	0.103	
PT2-PR2	CHMP6	0.5338900000000001	0.0008811265839119	0.0545371694466871	atman	0.103	
PT2-PR2	CNTN2	-0.34053	0.0008830612688863	0.0545371694466871	atman	0.103	
PT2-PR2	KLK6	-0.3168	0.0008026035851678	0.0545371694466871	atman	0.103	
PT2-PR2	RNASE4	0.2153444444444444	0.0008910088949765	0.0545371694466871	atman	0.103	
PT2-PR2	COL18A1	0.17851	0.0008867785147315	0.0545371694466871	atman	0.103	
PT2-PR2	PMM2	1.3663374999999998	0.0009514644105959	0.057049029353689	atman	0.103	
PT2-PR2	SCT	-0.84815	0.001016205636815	0.0585414149208349	atman	0.103	
PT2-PR2	PEAR1	0.13959	0.0010106471704154	0.0585414149208349	atman	0.103	
PT2-PR2	SRPK2	0.696025	0.0010434779223673	0.058956502613756	atman	0.103	
PT2-PR2	PPIB	1.11634	0.0011019044027877	0.0605374902239391	atman	0.103	
PT2-PR2	IGFBP7	0.3284699999999999	0.0011126700041159	0.0605374902239391	atman	0.103	
PT2-PR2	NFX1	1.2797625	0.0011350786134129	0.0606338357492252	atman	0.103	
PT2-PR2	ANKMY2	1.27394	0.0011750224458952	0.0616467133221493	atman	0.103	
PT2-PR2	IL1RL1	0.1779899999999999	0.001232759330531	0.0635411739140374	atman	0.103	
PT2-PR2	PKD2	0.93025	0.0012557896489167	0.0636122411813324	atman	0.103	
PT2-PR2	RAB33A	0.9810499999999998	0.0013545901573455	0.0674539980047647	atman	0.103	
PT2-PR2	NDUFB7	1.01215	0.0014064213312903	0.0683030511515955	atman	0.103	
PT2-PR2	CRELD2	0.34021	0.0014181368687022	0.0683030511515955	atman	0.103	
PT2-PR2	FKBP5	1.3866666666666665	0.0018431860348731	0.0719896417458088	atman	0.103	
PT2-PR2	CSDE1	1.255125	0.0019760773104329	0.0719896417458088	atman	0.103	
PT2-PR2	OMG	-1.1851333333333334	0.0016794180845502	0.0719896417458088	atman	0.103	
PT2-PR2	NFATC1	1.177825	0.0019502718030519	0.0719896417458088	atman	0.103	
PT2-PR2	MYO9B	0.9700111111111112	0.0018881629967373	0.0719896417458088	atman	0.103	
PT2-PR2	MYDGF	0.8096800000000002	0.0016454404406613	0.0719896417458088	atman	0.103	
PT2-PR2	F11R	0.75198	0.0017224551947205	0.0719896417458088	atman	0.103	
PT2-PR2	LGALS8	0.7084300000000001	0.001791770685612	0.0719896417458088	atman	0.103	
PT2-PR2	NRGN	0.6764222222222221	0.0019720084133358	0.0719896417458088	atman	0.103	
PT2-PR2	CALCA	0.5984111111111112	0.0015832982462455	0.0719896417458088	atman	0.103	
PT2-PR2	REPS1	-0.5651200000000001	0.001533670560821	0.0719896417458088	atman	0.103	
PT2-PR2	PXDNL	-0.49567	0.0016790466461593	0.0719896417458088	atman	0.103	
PT2-PR2	SPTLC1	0.4899199999999999	0.0018985224352603	0.0719896417458088	atman	0.103	
PT2-PR2	SYAP1	0.3917999999999999	0.0019728948913433	0.0719896417458088	atman	0.103	
PT2-PR2	LUZP2	-0.37941	0.001730021244185	0.0719896417458088	atman	0.103	
PT2-PR2	MMP3	-0.34922	0.0019334103928954	0.0719896417458088	atman	0.103	
PT2-PR2	FCER2	0.33213	0.0020092411923609	0.0719896417458088	atman	0.103	
PT2-PR2	LRRFIP1	0.3301299999999999	0.0019496585876892	0.0719896417458088	atman	0.103	
PT2-PR2	RSPO3	0.20893	0.0017863310044763	0.0719896417458088	atman	0.103	
PT2-PR2	WARS	0.2063799999999999	0.0017465358090966	0.0719896417458088	atman	0.103	
PT2-PR2	SCG2	-0.19807	0.0020023705697693	0.0719896417458088	atman	0.103	
PT2-PR2	PPP1R12A	1.3876666666666664	0.0020557213105916	0.0727519727864695	atman	0.103	
PT2-PR2	LONP1	0.7726299999999998	0.0021615545431807	0.0727519727864695	atman	0.103	
PT2-PR2	HS6ST1	0.7113100000000001	0.0021377803664379	0.0727519727864695	atman	0.103	
PT2-PR2	ANGPT2	0.26056	0.0021790924456124	0.0727519727864695	atman	0.103	
PT2-PR2	PDCD6	0.2464555555555555	0.0020938372881751	0.0727519727864695	atman	0.103	
PT2-PR2	PLAU	0.24036	0.0021131272146792	0.0727519727864695	atman	0.103	
PT2-PR2	SERPINB6	0.58694	0.002301138106898	0.075963413011982	atman	0.103	
PT2-PR2	CTRC	0.1766299999999999	0.0023385939118554	0.0763420990336804	atman	0.103	
PT2-PR2	EBAG9	1.3497666666666666	0.0023740240892684	0.0766470634535244	atman	0.103	
PT2-PR2	GH1	4.6051666666666655	0.002456770481056	0.0783329525622673	atman	0.103	
PT2-PR2	RTBDN	-0.5124777777777777	0.0024795658911813	0.0783329525622673	atman	0.103	
PT2-PR2	LZTFL1	0.3808699999999999	0.0025938431336154	0.0803967849042785	atman	0.103	
PT2-PR2	SIGLEC5	0.3436	0.0025996237460539	0.0803967849042785	atman	0.103	
PT2-PR2	MAP4K5	1.2505888888888892	0.0026313227202616	0.080529439084675	atman	0.103	
PT2-PR2	TOMM20	0.67159	0.0026677564776478	0.0808027683642198	atman	0.103	
PT2-PR2	ANGPTL2	0.26542	0.0027165073944692	0.0814397829076603	atman	0.103	
PT2-PR2	CST6	0.31964	0.0027696781648991	0.0821950954391282	atman	0.103	
PT2-PR2	GFER	0.5683875	0.0028360021323301	0.0833217426478598	atman	0.103	
PT2-PR2	TFF1	0.24847	0.0029196019953123	0.084095986884586	atman	0.103	
PT2-PR2	SCG3	-0.13665	0.0029013003840165	0.084095986884586	atman	0.103	
PT2-PR2	CACNB3	1.0212666666666668	0.0029569868738652	0.0843458974312243	atman	0.103	
PT2-PR2	SNAP29	1.4459444444444445	0.0030599782066349	0.0864443843374373	atman	0.103	
PT2-PR2	MANF	1.7705899999999997	0.0032238131913358	0.0875750218189784	atman	0.103	
PT2-PR2	SKAP2	1.36551	0.0032090308782455	0.0875750218189784	atman	0.103	
PT2-PR2	SYTL4	1.0105	0.0031566606791484	0.0875750218189784	atman	0.103	
PT2-PR2	CNTNAP2	-0.7225125000000001	0.003249039271024	0.0875750218189784	atman	0.103	
PT2-PR2	VSIG4	0.11052	0.0032119196889641	0.0875750218189784	atman	0.103	
PT2-PR2	ERP29	1.1600100000000002	0.0033210254496893	0.0879024573980845	atman	0.103	
PT2-PR2	MESD	1.1543100000000002	0.0033048958682646	0.0879024573980845	atman	0.103	
PT2-PR2	DPT	0.12316	0.0033737596925869	0.0885009462216101	atman	0.103	
PT2-PR2	SRC	1.9542555555555556	0.0037523143552933	0.0892673509613903	atman	0.103	
PT2-PR2	DBNL	1.60371	0.0034986601260795	0.0892673509613903	atman	0.103	
PT2-PR2	PACS2	1.284775	0.0035345762376806	0.0892673509613903	atman	0.103	
PT2-PR2	GP1BB	1.088375	0.0037337248737916	0.0892673509613903	atman	0.103	
PT2-PR2	CIAPIN1	1.0797555555555556	0.0037979642172136	0.0892673509613903	atman	0.103	
PT2-PR2	CEND1	-0.7505555555555556	0.0036595224961248	0.0892673509613903	atman	0.103	
PT2-PR2	JPT2	0.73313	0.0034841712506419	0.0892673509613903	atman	0.103	
PT2-PR2	STX7	0.6557100000000001	0.0036982367654092	0.0892673509613903	atman	0.103	
PT2-PR2	NUCB2	0.51386	0.003580049568995	0.0892673509613903	atman	0.103	
PT2-PR2	PPCDC	0.4857299999999999	0.0036659493050985	0.0892673509613903	atman	0.103	
PT2-PR2	PENK	-0.2617	0.003691318959806	0.0892673509613903	atman	0.103	
PT2-PR2	LRRN1	0.1952333333333333	0.0037950424568529	0.0892673509613903	atman	0.103	
PT2-PR2	CFHR2	0.16446	0.0036472502265161	0.0892673509613903	atman	0.103	
PT2-PR2	ARHGEF12	1.6155750000000002	0.0039812066857187	0.0892884369667309	atman	0.103	
PT2-PR2	CIRBP	1.34146	0.0038675432201138	0.0892884369667309	atman	0.103	
PT2-PR2	TDRKH	0.8416888888888889	0.0038731490568613	0.0892884369667309	atman	0.103	
PT2-PR2	NCK2	0.63267	0.0039517717752597	0.0892884369667309	atman	0.103	
PT2-PR2	SPOCK1	0.3262222222222222	0.0039025753340544	0.0892884369667309	atman	0.103	
PT2-PR2	SMAD5	0.2633888888888889	0.0039504681631155	0.0892884369667309	atman	0.103	
PT2-PR2	CEP170	1.2586400000000002	0.0041079206404475	0.0894518506647814	atman	0.103	
PT2-PR2	CD40	0.6711400000000001	0.004107495776275	0.0894518506647814	atman	0.103	
PT2-PR2	FGF2	0.5476875	0.0041102790468841	0.0894518506647814	atman	0.103	
PT2-PR2	CD99	0.1511799999999999	0.0040250335607316	0.0894518506647814	atman	0.103	
PT2-PR2	PRDX1	0.5259333333333333	0.004195742326446	0.0906403746698416	atman	0.103	
PT2-PR2	DNMBP	0.9647333333333332	0.0042538232913806	0.0906558805677403	atman	0.103	
PT2-PR2	AP1G2	0.7722999999999999	0.0042581727428006	0.0906558805677403	atman	0.103	
PT2-PR2	FAM172A	0.74543	0.0043560327578504	0.0914144588754617	atman	0.103	
PT2-PR2	FABP5	0.6556999999999998	0.0043395226819402	0.0914144588754617	atman	0.103	
PT2-PR2	BANK1	1.5351875	0.00446603844092	0.0928197157763282	atman	0.103	
PT2-PR2	ESYT2	1.2144600000000003	0.0044861809531104	0.0928197157763282	atman	0.103	
PT2-PR2	YES1	1.4981999999999998	0.0045326747599307	0.0931258632494873	atman	0.103	
PT2-PR2	DARS1	1.2215888888888886	0.0047020633791732	0.0938758395766122	atman	0.103	
PT2-PR2	AP3B1	1.09083	0.0046098359792217	0.0938758395766122	atman	0.103	
PT2-PR2	DUT	1.0872999999999995	0.0047350730084345	0.0938758395766122	atman	0.103	
PT2-PR2	PLEKHO1	0.911	0.0047913950814248	0.0938758395766122	atman	0.103	
PT2-PR2	FIS1	0.75336	0.0047928440900244	0.0938758395766122	atman	0.103	
PT2-PR2	TINAGL1	0.2132777777777778	0.0046779376180923	0.0938758395766122	atman	0.103	
PT2-PR2	PALM	-0.20901	0.0046784252982576	0.0938758395766122	atman	0.103	
PT2-PR2	RAB37	0.6327222222222223	0.0048434415767486	0.0942386182283943	atman	0.103	
PT2-PR2	WASF1	1.1192555555555554	0.0049073485390946	0.0946625972696171	atman	0.103	
PT2-PR2	CA5A	0.3885888888888889	0.00492967235611	0.0946625972696171	atman	0.103	
PT2-PR2	MGMT	2.0453750000000004	0.0062880752914582	0.0949550061731046	atman	0.103	
PT2-PR2	RHOC	2.0137888888888886	0.0064109216513648	0.0949550061731046	atman	0.103	
PT2-PR2	PDLIM7	1.7923900000000004	0.0058952556899543	0.0949550061731046	atman	0.103	
PT2-PR2	CRKL	1.70561	0.0062725216026227	0.0949550061731046	atman	0.103	
PT2-PR2	RBPMS2	1.53252	0.0062412361742112	0.0949550061731046	atman	0.103	
PT2-PR2	BIN2	1.50995	0.0055842218845267	0.0949550061731046	atman	0.103	
PT2-PR2	IRAK4	1.4122	0.0060781799958247	0.0949550061731046	atman	0.103	
PT2-PR2	EIF2AK2	1.4083099999999995	0.0054492755274424	0.0949550061731046	atman	0.103	
PT2-PR2	HARS1	1.2447	0.0056647896377661	0.0949550061731046	atman	0.103	
PT2-PR2	CORO1A	1.20061	0.005573946449888	0.0949550061731046	atman	0.103	
PT2-PR2	CRADD	1.1825777777777775	0.0053402998041296	0.0949550061731046	atman	0.103	
PT2-PR2	DNAJA2	1.0905999999999998	0.0064600096975828	0.0949550061731046	atman	0.103	
PT2-PR2	CLEC1B	1.03413	0.0060068510361077	0.0949550061731046	atman	0.103	
PT2-PR2	CRACR2A	1.0317625	0.0061510034184191	0.0949550061731046	atman	0.103	
PT2-PR2	VAMP8	1.02385	0.0064569241210468	0.0949550061731046	atman	0.103	
PT2-PR2	WASHC3	0.99052	0.005117523199867	0.0949550061731046	atman	0.103	
PT2-PR2	CMC1	0.94455	0.005397040023906	0.0949550061731046	atman	0.103	
PT2-PR2	SUGT1	0.8903749999999999	0.0062272529789282	0.0949550061731046	atman	0.103	
PT2-PR2	HPCAL1	0.86843	0.0058342174034795	0.0949550061731046	atman	0.103	
PT2-PR2	DNAJB6	0.7940000000000002	0.0062736490851122	0.0949550061731046	atman	0.103	
PT2-PR2	CALCOCO2	0.78971	0.0059677841241918	0.0949550061731046	atman	0.103	
PT2-PR2	PIKFYVE	0.77135	0.0059946757180275	0.0949550061731046	atman	0.103	
PT2-PR2	PDIA4	0.7022	0.0064602688805246	0.0949550061731046	atman	0.103	
PT2-PR2	PPP1R14A	0.6273333333333334	0.0061116283432736	0.0949550061731046	atman	0.103	
PT2-PR2	STIP1	0.62128	0.0062700454864674	0.0949550061731046	atman	0.103	
PT2-PR2	PPY	-0.6026	0.0051605273982084	0.0949550061731046	atman	0.103	
PT2-PR2	PPP3R1	0.5612222222222223	0.0052804483657074	0.0949550061731046	atman	0.103	
PT2-PR2	SHC1	-0.5533222222222222	0.0052737380122322	0.0949550061731046	atman	0.103	
PT2-PR2	ANGPTL4	0.46986	0.0055308055215346	0.0949550061731046	atman	0.103	
PT2-PR2	VSIR	0.4656	0.0051153277152624	0.0949550061731046	atman	0.103	
PT2-PR2	BLOC1S3	0.4313099999999999	0.0060741566856556	0.0949550061731046	atman	0.103	
PT2-PR2	CEACAM8	0.4298888888888888	0.0060659273022358	0.0949550061731046	atman	0.103	
PT2-PR2	MORF4L2	0.3984333333333333	0.0054249680147557	0.0949550061731046	atman	0.103	
PT2-PR2	TSC1	0.3896400000000001	0.0064168567429498	0.0949550061731046	atman	0.103	
PT2-PR2	SYT1	-0.3885599999999999	0.0059045770505363	0.0949550061731046	atman	0.103	
PT2-PR2	KEL	0.3785888888888888	0.0056278145735313	0.0949550061731046	atman	0.103	
PT2-PR2	SELP	0.36921	0.0063373173329446	0.0949550061731046	atman	0.103	
PT2-PR2	CA3	-0.35764	0.0060692266198252	0.0949550061731046	atman	0.103	
PT2-PR2	OBP2B	0.3523333333333333	0.0057923204449386	0.0949550061731046	atman	0.103	
PT2-PR2	DPP6	-0.3490555555555555	0.0054541810248225	0.0949550061731046	atman	0.103	
PT2-PR2	MTUS1	0.3276888888888888	0.0064639214549424	0.0949550061731046	atman	0.103	
PT2-PR2	CRIM1	0.30378	0.0061202117607979	0.0949550061731046	atman	0.103	
PT2-PR2	CTSO	0.27364	0.006149633990506	0.0949550061731046	atman	0.103	
PT2-PR2	VCAN	0.2529599999999999	0.0058619605275358	0.0949550061731046	atman	0.103	
PT2-PR2	AHNAK	-0.2292199999999999	0.0060221835598843	0.0949550061731046	atman	0.103	
PT2-PR2	LDLR	0.19987	0.005527556659177	0.0949550061731046	atman	0.103	
PT2-PR2	CD244	0.18145	0.0061679757733781	0.0949550061731046	atman	0.103	
PT2-PR2	SEPTIN7	0.3362222222222222	0.0065332174769949	0.0954954873005534	atman	0.103	
PT2-PR2	MINDY1	1.24631	0.0065709247763203	0.095571173231828	atman	0.103	
PT2-PR2	RWDD1	0.96645	0.0066203732792924	0.0958160428303506	atman	0.103	
PT2-PR2	HSPA1A	0.7138899999999999	0.0066832318644536	0.0962516432243371	atman	0.103	
PT2-PR2	YOD1	0.7320375	0.0067699952066335	0.0970255898394606	atman	0.103	
PT2-PR2	APRT	1.493377777777778	0.0068307870680333	0.0974216136207856	atman	0.103	
PT2-PR2	TJAP1	1.4521111111111111	0.0071282999848174	0.0977290057572256	atman	0.103	
PT2-PR2	DAB2	1.2955799999999995	0.0069538604606977	0.0977290057572256	atman	0.103	
PT2-PR2	CC2D1A	1.2631333333333332	0.0071598256113887	0.0977290057572256	atman	0.103	
PT2-PR2	DAAM1	0.95921	0.0070606256662646	0.0977290057572256	atman	0.103	
PT2-PR2	L3HYPDH	0.73832	0.007249936372109	0.0977290057572256	atman	0.103	
PT2-PR2	ATOX1	0.7295888888888888	0.0069283603509846	0.0977290057572256	atman	0.103	
PT2-PR2	STX6	0.67765	0.0071853214972668	0.0977290057572256	atman	0.103	
PT2-PR2	FABP1	0.6496999999999999	0.0070735076543468	0.0977290057572256	atman	0.103	
PT2-PR2	ITGB5	0.5912777777777778	0.0071692909739318	0.0977290057572256	atman	0.103	
PT2-PR2	TXNDC9	0.47958	0.0071910682738922	0.0977290057572256	atman	0.103	
PT2-PR2	PLAT	0.42901	0.0069142133204458	0.0977290057572256	atman	0.103	
PT2-PR2	TGFBR1	-0.36673	0.0072606064490208	0.0977290057572256	atman	0.103	
PT2-PR2	ENG	0.08033	0.0072847693195481	0.0977290057572256	atman	0.103	
PT2-PR2	MDK	0.4939666666666667	0.0073550013809535	0.0982227002601891	atman	0.103	
PT2-PR2	UBXN1	0.7176400000000001	0.0073892058353595	0.0982329716936029	atman	0.103	
PT2-PR2	PDZD2	0.9998375	0.0074815282399482	0.0982580840770098	atman	0.103	
PT2-PR2	CACNB1	-0.9728	0.0074914264238428	0.0982580840770098	atman	0.103	
PT2-PR2	APOE	0.14733	0.0074310944404711	0.0982580840770098	atman	0.103	
PT2-PR2	TBCB	1.9032	0.0076452198995036	0.0985181744788383	atman	0.103	
PT2-PR2	GIT1	1.19515	0.0076100683417106	0.0985181744788383	atman	0.103	
PT2-PR2	TRIAP1	0.66162	0.0076715713989017	0.0985181744788383	atman	0.103	
PT2-PR2	GNLY	0.29005	0.0076789182966827	0.0985181744788383	atman	0.103	
PT2-PR2	SCGB3A2	0.15852	0.0075580460127844	0.0985181744788383	atman	0.103	
PT2-PR2	TACC3	1.6280555555555556	0.0078375576303981	0.098631131539345	atman	0.103	
PT2-PR2	SMTN	1.4147500000000002	0.0078427951358273	0.098631131539345	atman	0.103	
PT2-PR2	HDGFL2	0.7151499999999998	0.0078317990259821	0.098631131539345	atman	0.103	
PT2-PR2	GZMH	0.4636444444444444	0.0079029062311486	0.098631131539345	atman	0.103	
PT2-PR2	S100A3	-0.32946	0.0078924074988526	0.098631131539345	atman	0.103	
PT2-PR2	AHNAK2	-0.26118	0.0078097446872249	0.098631131539345	atman	0.103	
PT2-PR2	CCL23	0.19032	0.0079227185307302	0.098631131539345	atman	0.103	
PT2-PR2	CLIP2	1.8398	0.0080460676417231	0.0989094005497175	atman	0.103	
PT2-PR2	PRDX5	0.98021	0.0080375120212894	0.0989094005497175	atman	0.103	
PT2-PR2	DAPP1	0.8769124999999999	0.0080340552078583	0.0989094005497175	atman	0.103	
PT2-PR2	WWP2	0.5566666666666666	0.0081279088829475	0.0994991512420831	atman	0.103	
PT2-PR2	METAP1	0.4462777777777778	0.0081622910427539	0.0995054401809583	atman	0.103	
PT2-PR2	DOK1	1.94323	0.0092014358272871	0.0996843613556441	atman	0.103	
PT2-PR2	MAP2K6	1.7134999999999998	0.0093591242679222	0.0996843613556441	atman	0.103	
PT2-PR2	ERBIN	1.5836333333333337	0.0086944456004556	0.0996843613556441	atman	0.103	
PT2-PR2	MITD1	1.4698	0.0088146483435027	0.0996843613556441	atman	0.103	
PT2-PR2	SCAMP3	1.2436555555555553	0.0093984234498003	0.0996843613556441	atman	0.103	
PT2-PR2	DNAJC6	1.1871699999999998	0.0089634226907433	0.0996843613556441	atman	0.103	
PT2-PR2	DCTN2	1.176	0.008458275072396	0.0996843613556441	atman	0.103	
PT2-PR2	MIF	1.1717300000000002	0.0087196191752643	0.0996843613556441	atman	0.103	
PT2-PR2	SARG	1.1580400000000002	0.0091653606663857	0.0996843613556441	atman	0.103	
PT2-PR2	SIRT2	1.109722222222222	0.0087878688764717	0.0996843613556441	atman	0.103	
PT2-PR2	DLG4	0.96634	0.0088448166250225	0.0996843613556441	atman	0.103	
PT2-PR2	STAMBP	0.9358888888888888	0.0093071944470026	0.0996843613556441	atman	0.103	
PT2-PR2	SHMT1	0.8969600000000002	0.0093393617252075	0.0996843613556441	atman	0.103	
PT2-PR2	HCLS1	0.8880899999999998	0.0084343702264122	0.0996843613556441	atman	0.103	
PT2-PR2	SERPINB1	0.8772800000000001	0.0093495611168079	0.0996843613556441	atman	0.103	
PT2-PR2	PLA2G4A	0.86542	0.0086539769308511	0.0996843613556441	atman	0.103	
PT2-PR2	ABL1	0.8521666666666666	0.0089389200815357	0.0996843613556441	atman	0.103	
PT2-PR2	ARHGEF1	0.763	0.0092865986389911	0.0996843613556441	atman	0.103	
PT2-PR2	BCR	0.7155875	0.0092297531253138	0.0996843613556441	atman	0.103	
PT2-PR2	GLRX5	0.69744	0.0091481606112144	0.0996843613556441	atman	0.103	
PT2-PR2	DBI	0.6746599999999999	0.0089744083271099	0.0996843613556441	atman	0.103	
PT2-PR2	GAD1	-0.5745444444444445	0.0088189861457634	0.0996843613556441	atman	0.103	
PT2-PR2	ZBTB16	0.5665125000000001	0.0082657770099465	0.0996843613556441	atman	0.103	
PT2-PR2	PEBP1	0.55032	0.0093682035099553	0.0996843613556441	atman	0.103	
PT2-PR2	RAB10	0.5114699999999999	0.0087153198019704	0.0996843613556441	atman	0.103	
PT2-PR2	CPPED1	0.38018	0.0090761800395815	0.0996843613556441	atman	0.103	
PT2-PR2	BAG6	0.3428555555555556	0.0091059092222101	0.0996843613556441	atman	0.103	
PT2-PR2	ALDH5A1	0.3212	0.0088590388310574	0.0996843613556441	atman	0.103	
PT2-PR2	DCXR	0.3164666666666667	0.0084371948966435	0.0996843613556441	atman	0.103	
PT2-PR2	PLA2G2A	0.31416	0.0092555348957061	0.0996843613556441	atman	0.103	
PT2-PR2	KLK10	0.3019333333333333	0.00854764039581	0.0996843613556441	atman	0.103	
PT2-PR2	DGKZ	0.2520888888888888	0.0083682812246663	0.0996843613556441	atman	0.103	
PT2-PR2	CCL19	0.24788	0.0088640726196487	0.0996843613556441	atman	0.103	
PT2-PR2	CTSS	0.22549	0.0087144057057495	0.0996843613556441	atman	0.103	
PT2-PR2	CXCL9	0.1602599999999999	0.0090862523796741	0.0996843613556441	atman	0.103	
PT2-PR2	STX3	0.1502499999999999	0.0092351766087999	0.0996843613556441	atman	0.103	
PT2-PR2	TXLNA	0.9047666666666668	0.0095086621508284	0.1001306430076488	atman	0.103	
PT2-PR2	PARK7	0.7616300000000001	0.0095081564307462	0.1001306430076488	atman	0.103	
PT2-PR2	CDKN1A	1.3327666666666669	0.0095560801763228	0.1002705841358443	atman	0.103	
PT2-PR2	MINK1	1.8336099999999995	0.0105315864843695	0.1004227168622853	atman	0.103	
PT2-PR2	DTD1	1.5940599999999998	0.0106187434629623	0.1004227168622853	atman	0.103	
PT2-PR2	CDC42BPB	1.33698	0.0101740280200852	0.1004227168622853	atman	0.103	
PT2-PR2	MGLL	1.2443	0.0096749773627904	0.1004227168622853	atman	0.103	
PT2-PR2	ARHGAP45	1.17442	0.0104618401370788	0.1004227168622853	atman	0.103	
PT2-PR2	PTPN1	1.161777777777778	0.0098397931767473	0.1004227168622853	atman	0.103	
PT2-PR2	EIF4G3	1.1055111111111111	0.0100500582625131	0.1004227168622853	atman	0.103	
PT2-PR2	TBCC	1.034333333333333	0.0098014663192418	0.1004227168622853	atman	0.103	
PT2-PR2	NUB1	1.0017874999999998	0.0104573078301895	0.1004227168622853	atman	0.103	
PT2-PR2	IGHMBP2	0.9951375	0.0105218969128684	0.1004227168622853	atman	0.103	
PT2-PR2	STX4	0.9732444444444444	0.0103631001546118	0.1004227168622853	atman	0.103	
PT2-PR2	VPS53	0.9176777777777778	0.0102997566332734	0.1004227168622853	atman	0.103	
PT2-PR2	METAP2	0.8743399999999999	0.010512524730508	0.1004227168622853	atman	0.103	
PT2-PR2	STXBP1	0.8399777777777779	0.0102007307728873	0.1004227168622853	atman	0.103	
PT2-PR2	SCRIB	0.8064499999999999	0.010515317704419	0.1004227168622853	atman	0.103	
PT2-PR2	ENO2	0.7554400000000001	0.0106396986828243	0.1004227168622853	atman	0.103	
PT2-PR2	NUMB	0.7436899999999997	0.0100640031532635	0.1004227168622853	atman	0.103	
PT2-PR2	CETN2	0.6864888888888889	0.0105984760203381	0.1004227168622853	atman	0.103	
PT2-PR2	ARL2BP	0.6652125000000001	0.0100798603846783	0.1004227168622853	atman	0.103	
PT2-PR2	PLSCR3	0.61156	0.0102500024542566	0.1004227168622853	atman	0.103	
PT2-PR2	ACADSB	0.5616000000000001	0.0100111838975891	0.1004227168622853	atman	0.103	
PT2-PR2	CASP8	0.4887499999999999	0.0106350059457538	0.1004227168622853	atman	0.103	
PT2-PR2	ECSCR	-0.4739111111111109	0.0100897326025144	0.1004227168622853	atman	0.103	
PT2-PR2	SOST	0.4651	0.010664359312809	0.1004227168622853	atman	0.103	
PT2-PR2	BCAN	-0.3661444444444444	0.0104439201885349	0.1004227168622853	atman	0.103	
PT2-PR2	SNAPIN	0.3564888888888889	0.0103851564415227	0.1004227168622853	atman	0.103	
PT2-PR2	PROK1	0.3395375	0.0106001194780476	0.1004227168622853	atman	0.103	
PT2-PR2	PCDHB15	-0.33128	0.0106404339468457	0.1004227168622853	atman	0.103	
PT2-PR2	AGRN	0.29219	0.0105125751414774	0.1004227168622853	atman	0.103	
PT2-PR2	CCL20	0.28042	0.0104236384028539	0.1004227168622853	atman	0.103	
PT2-PR2	AGER	0.2298999999999999	0.0101022840430218	0.1004227168622853	atman	0.103	
PT2-PR2	CLEC11A	0.21373	0.0101394324208643	0.1004227168622853	atman	0.103	
PT2-PR2	RYR1	0.49885	0.0107963615868342	0.1010181858029271	atman	0.103	
PT2-PR2	SMPDL3A	0.1519499999999999	0.0107899639358168	0.1010181858029271	atman	0.103	
PT2-PR2	EIF2S2	0.79887	0.010988120487912	0.1018394258469581	atman	0.103	
PT2-PR2	IRAK1	0.7096222222222224	0.0109250608906266	0.1018394258469581	atman	0.103	
PT2-PR2	ANG	0.19417	0.0109839483072595	0.1018394258469581	atman	0.103	
PT2-PR2	SULT1A1	1.78521	0.0113401416343845	0.1029182415231633	atman	0.103	
PT2-PR2	PRTFDC1	1.3317333333333332	0.011337151669279	0.1029182415231633	atman	0.103	
PT2-PR2	GRAP2	1.129555555555556	0.0113497311958832	0.1029182415231633	atman	0.103	
PT2-PR2	NOS3	0.4738111111111112	0.011334265709733	0.1029182415231633	atman	0.103	
PT2-PR2	AP3S2	0.4549399999999999	0.0113076058116341	0.1029182415231633	atman	0.103	
PT2-PR2	AMOTL2	0.2820399999999999	0.0111720023577284	0.1029182415231633	atman	0.103	
PT2-PR2	ITGA5	0.21501	0.0112761927941622	0.1029182415231633	atman	0.103	
PT2-PR2	CASP3	1.20715	0.011441342436381	0.1030659320246437	atman	0.103	
PT2-PR2	NEXN	1.1624222222222222	0.011471259282525	0.1030659320246437	atman	0.103	
PT2-PR2	LRRC59	0.82499	0.0114659390074971	0.1030659320246437	atman	0.103	
PT2-PR2	MAVS	1.1588999999999998	0.0116108734755684	0.1038091966627311	atman	0.103	
PT2-PR2	PLXNA4	1.0768625	0.0116367800275136	0.1038091966627311	atman	0.103	
PT2-PR2	TNFAIP2	0.42994	0.0116599846489793	0.1038091966627311	atman	0.103	
PT2-PR2	ATG16L1	1.04643	0.0117699695430772	0.1039821931474442	atman	0.103	
PT2-PR2	SH2B3	0.9301	0.0118051418204367	0.1039821931474442	atman	0.103	
PT2-PR2	VTI1A	0.7420500000000001	0.0117679042477132	0.1039821931474442	atman	0.103	
PT2-PR2	DDA1	0.3686	0.0118563766863151	0.1039821931474442	atman	0.103	
PT2-PR2	ST3GAL1	0.2499	0.0118425458773914	0.1039821931474442	atman	0.103	
PT2-PR2	DOK2	1.3861111111111113	0.0122636754315605	0.1042515883705517	atman	0.103	
PT2-PR2	CACYBP	1.19259	0.0124133958821226	0.1042515883705517	atman	0.103	
PT2-PR2	RAB27B	1.1521899999999998	0.0120733204429606	0.1042515883705517	atman	0.103	
PT2-PR2	TPD52L2	1.00549	0.0123504833584304	0.1042515883705517	atman	0.103	
PT2-PR2	BHLHE40	-0.935011111111111	0.0123976955145501	0.1042515883705517	atman	0.103	
PT2-PR2	S100A4	0.7529888888888888	0.0124140121846449	0.1042515883705517	atman	0.103	
PT2-PR2	EIF4B	0.6733999999999999	0.0120739609896673	0.1042515883705517	atman	0.103	
PT2-PR2	SNX9	0.6233777777777778	0.0124903196414003	0.1042515883705517	atman	0.103	
PT2-PR2	TRIM21	0.5859375	0.0120503564562699	0.1042515883705517	atman	0.103	
PT2-PR2	NUDT5	0.53945	0.0123182465373457	0.1042515883705517	atman	0.103	
PT2-PR2	OPLAH	0.51857	0.0123085350410578	0.1042515883705517	atman	0.103	
PT2-PR2	GLOD4	0.4824400000000001	0.0124747911031928	0.1042515883705517	atman	0.103	
PT2-PR2	SCARF1	0.33613	0.0123680723812389	0.1042515883705517	atman	0.103	
PT2-PR2	ISM2	0.29884	0.0124261504030132	0.1042515883705517	atman	0.103	
PT2-PR2	MYL4	-0.29691	0.0123007744531162	0.1042515883705517	atman	0.103	
PT2-PR2	LAMA4	0.27785	0.0121476417123793	0.1042515883705517	atman	0.103	
PT2-PR2	ADAM15	0.2262333333333333	0.012096840495557	0.1042515883705517	atman	0.103	
PT2-PR2	IKBKG	1.118125	0.0127046337955638	0.1054412827439734	atman	0.103	
PT2-PR2	GRP	0.33666	0.012696482749386	0.1054412827439734	atman	0.103	
PT2-PR2	YARS1	2.1246400000000003	0.0128223272361456	0.1056139026773493	atman	0.103	
PT2-PR2	LAT	0.7825999999999999	0.0127810104858636	0.1056139026773493	atman	0.103	
PT2-PR2	DXO	0.4714299999999999	0.0128332754444566	0.1056139026773493	atman	0.103	
PT2-PR2	LRPAP1	0.16674	0.0128758511354247	0.1056682978655809	atman	0.103	
PT2-PR2	DCTN1	0.90838	0.0130020033359596	0.1063286195902197	atman	0.103	
PT2-PR2	PRDX3	0.7822333333333332	0.0130286940273924	0.1063286195902197	atman	0.103	
PT2-PR2	VASP	0.5778444444444444	0.0131290688939555	0.1065558132885125	atman	0.103	
PT2-PR2	STK24	0.5758777777777779	0.0131235312522213	0.1065558132885125	atman	0.103	
PT2-PR2	FYB1	1.2053	0.0132242525147048	0.1070326553394016	atman	0.103	
PT2-PR2	TBC1D23	1.1916777777777776	0.0134207031041475	0.1076049914384988	atman	0.103	
PT2-PR2	KAZN	1.14209	0.0135147181214452	0.1076049914384988	atman	0.103	
PT2-PR2	FXN	1.08798	0.0134888000039234	0.1076049914384988	atman	0.103	
PT2-PR2	MARS1	0.96977	0.0135078457090536	0.1076049914384988	atman	0.103	
PT2-PR2	DENR	0.7572899999999999	0.0134437066301995	0.1076049914384988	atman	0.103	
PT2-PR2	DNAJB14	0.62945	0.0133845117847049	0.1076049914384988	atman	0.103	
PT2-PR2	HEXIM1	1.0685625	0.0136865749134293	0.1078047107122132	atman	0.103	
PT2-PR2	VTA1	0.85602	0.0136032855702576	0.1078047107122132	atman	0.103	
PT2-PR2	CETN3	0.74948	0.0136707454780946	0.1078047107122132	atman	0.103	
PT2-PR2	SLITRK1	-0.28329	0.0136278484249368	0.1078047107122132	atman	0.103	
PT2-PR2	SRPX	0.2091	0.0137448715139456	0.1079744184705142	atman	0.103	
PT2-PR2	TRIM25	1.5774400000000004	0.0138484713593662	0.108498156943515	atman	0.103	
PT2-PR2	TIMM8A	0.4779899999999999	0.0140255963622701	0.1093165437290127	atman	0.103	
PT2-PR2	MRPL46	0.4696111111111112	0.0140501424406336	0.1093165437290127	atman	0.103	
PT2-PR2	VGF	-0.3330333333333333	0.0140762804028189	0.1093165437290127	atman	0.103	
PT2-PR2	ADAMTSL2	0.2653999999999999	0.014101759725424	0.1093165437290127	atman	0.103	
PT2-PR2	CXCL16	0.08321	0.0141403947919935	0.1093275786812556	atman	0.103	
PT2-PR2	SPART	0.8690599999999999	0.0141796277351153	0.1093431661043805	atman	0.103	
PT2-PR2	HHEX	0.8875600000000002	0.0142654320052457	0.1097168566267331	atman	0.103	
PT2-PR2	MTSS1	1.05468	0.0144568077132578	0.1102932596769456	atman	0.103	
PT2-PR2	TWF2	0.9175	0.0144773128525421	0.1102932596769456	atman	0.103	
PT2-PR2	GPKOW	0.3278333333333333	0.014384901911342	0.1102932596769456	atman	0.103	
PT2-PR2	P4HB	0.3012555555555555	0.0144905371801569	0.1102932596769456	atman	0.103	
PT2-PR2	MAX	0.9430666666666668	0.0145636248792078	0.1103014726960139	atman	0.103	
PT2-PR2	CXCL3	0.9172899999999998	0.0145993314888885	0.1103014726960139	atman	0.103	
PT2-PR2	EGFL7	0.3526125	0.0146417884109752	0.1103014726960139	atman	0.103	
PT2-PR2	MRPL52	0.2362888888888888	0.0146096342220198	0.1103014726960139	atman	0.103	
PT2-PR2	UBE2L6	0.5668399999999999	0.0147988973180519	0.1110053574232656	atman	0.103	
PT2-PR2	CPB2	0.14533	0.0148107896902383	0.1110053574232656	atman	0.103	
PT2-PR2	NFE2	1.31582	0.0149904642544123	0.1120661169960899	atman	0.103	
PT2-PR2	MZT1	0.4812749999999999	0.0152039317270993	0.1130864592765008	atman	0.103	
PT2-PR2	SERPINA12	-0.1679777777777777	0.0151696837243584	0.1130864592765008	atman	0.103	
PT2-PR2	MYL3	-0.1857899999999999	0.0153158698101703	0.1136313775310109	atman	0.103	
PT2-PR2	NSFL1C	0.80085	0.0153603828543171	0.1136745713500853	atman	0.103	
PT2-PR2	FRMD4B	1.89105	0.0154834296064265	0.1137161618072673	atman	0.103	
PT2-PR2	PMVK	1.5840333333333332	0.0155595292874477	0.1137161618072673	atman	0.103	
PT2-PR2	NAA10	1.3034125	0.0154684975775329	0.1137161618072673	atman	0.103	
PT2-PR2	IL6	0.5529222222222222	0.0154629021411942	0.1137161618072673	atman	0.103	
PT2-PR2	CDH4	-0.4292666666666667	0.0155584012598202	0.1137161618072673	atman	0.103	
PT2-PR2	GP6	0.7110299999999998	0.0157473314590821	0.1139916817684631	atman	0.103	
PT2-PR2	RSPO1	0.3585333333333332	0.0157524243696378	0.1139916817684631	atman	0.103	
PT2-PR2	WIF1	0.32933	0.0156955788931969	0.1139916817684631	atman	0.103	
PT2-PR2	NRP2	0.21098	0.0156897859708418	0.1139916817684631	atman	0.103	
PT2-PR2	AK2	1.19498	0.0158126842069827	0.1141466000002836	atman	0.103	
PT2-PR2	PRKG1	1.38742	0.0160250473691712	0.1143054944669164	atman	0.103	
PT2-PR2	CDKN2D	1.3245111111111114	0.0161111274387066	0.1143054944669164	atman	0.103	
PT2-PR2	CRYZL1	1.3122300000000002	0.0161342505434436	0.1143054944669164	atman	0.103	
PT2-PR2	STK4	0.972777777777778	0.0161112868961963	0.1143054944669164	atman	0.103	
PT2-PR2	DMD	0.8755200000000001	0.0159458515036341	0.1143054944669164	atman	0.103	
PT2-PR2	RTN4IP1	0.6527333333333333	0.0161049057450424	0.1143054944669164	atman	0.103	
PT2-PR2	NUDT16	0.6319799999999999	0.0160913366559303	0.1143054944669164	atman	0.103	
PT2-PR2	FABP3	-0.6104500000000002	0.0161459428876005	0.1143054944669164	atman	0.103	
PT2-PR2	UBE2B	0.33479	0.0162138598315604	0.1145103850603955	atman	0.103	
PT2-PR2	NT5C3A	1.6059875	0.0163460361394749	0.1148915171717162	atman	0.103	
PT2-PR2	PTRHD1	0.81817	0.0163135868576764	0.1148915171717162	atman	0.103	
PT2-PR2	PRSS8	0.10333	0.0164472698589015	0.1153271571490519	atman	0.103	
PT2-PR2	NIT2	0.6784399999999999	0.0166774917337424	0.1163859161846444	atman	0.103	
PT2-PR2	RP2	0.5251444444444444	0.0166396032281612	0.1163859161846444	atman	0.103	
PT2-PR2	EIF4G1	1.72707	0.0167422884986283	0.1165055975901024	atman	0.103	
PT2-PR2	PTPN6	1.14758	0.0168918100389192	0.1165055975901024	atman	0.103	
PT2-PR2	GMFG	0.8941399999999999	0.0168929151032619	0.1165055975901024	atman	0.103	
PT2-PR2	SERPINB9	0.6101777777777778	0.0168871351559005	0.1165055975901024	atman	0.103	
PT2-PR2	TXNDC5	0.4352699999999999	0.0168565850392912	0.1165055975901024	atman	0.103	
PT2-PR2	LAT2	1.4287999999999998	0.0169611929312001	0.11670254058985	atman	0.103	
PT2-PR2	VPS37A	1.2496444444444446	0.0170480312326541	0.1170259714054626	atman	0.103	
PT2-PR2	BRAP	1.12121	0.0170966946433339	0.1170864542240447	atman	0.103	
PT2-PR2	DECR1	1.4773500000000004	0.0174768843257362	0.117165253236928	atman	0.103	
PT2-PR2	GCC1	1.3558499999999998	0.0173671517078022	0.117165253236928	atman	0.103	
PT2-PR2	CHMP1A	1.2304666666666664	0.0173963169967574	0.117165253236928	atman	0.103	
PT2-PR2	CNST	1.2053555555555555	0.0175444430314333	0.117165253236928	atman	0.103	
PT2-PR2	TNIP1	1.06883	0.017411388209122	0.117165253236928	atman	0.103	
PT2-PR2	BCL2L1	1.02554	0.0172252940442383	0.117165253236928	atman	0.103	
PT2-PR2	MPIG6B	0.95201	0.0175468725065515	0.117165253236928	atman	0.103	
PT2-PR2	SCRIB	0.75696	0.0172487358651807	0.117165253236928	atman	0.103	
PT2-PR2	PPP1CC	0.4509299999999999	0.0174834469478712	0.117165253236928	atman	0.103	
PT2-PR2	GADD45B	-0.3225	0.0175167509730906	0.117165253236928	atman	0.103	
PT2-PR2	MAP2	0.1995199999999999	0.0175132353311191	0.117165253236928	atman	0.103	
PT2-PR2	LGMN	0.2233899999999999	0.0176834842076962	0.117809697510684	atman	0.103	
PT2-PR2	CD69	1.0330333333333337	0.0178073745903917	0.1183666663949567	atman	0.103	
PT2-PR2	ARL13B	0.919975	0.0178628752172111	0.1184675561809627	atman	0.103	
PT2-PR2	TNFRSF11B	0.1905899999999999	0.0180003361778873	0.1191103326365607	atman	0.103	
PT2-PR2	MED18	0.6513749999999999	0.0181858910344223	0.1200677479980514	atman	0.103	
PT2-PR2	OXCT1	0.6687000000000001	0.0182739626191792	0.1203787044285843	atman	0.103	
PT2-PR2	GIPC3	1.27444	0.0185202261164254	0.1211858002896614	atman	0.103	
PT2-PR2	LHB	0.4283125	0.0185061531375843	0.1211858002896614	atman	0.103	
PT2-PR2	ING1	0.4103	0.0185143649762686	0.1211858002896614	atman	0.103	
PT2-PR2	ATP5IF1	1.56876	0.0190465342690038	0.121497137359027	atman	0.103	
PT2-PR2	RAB11FIP3	1.33932	0.0188666815039582	0.121497137359027	atman	0.103	
PT2-PR2	TBC1D5	1.3297	0.0190967711723921	0.121497137359027	atman	0.103	
PT2-PR2	MTIF3	1.22138	0.0191054041728626	0.121497137359027	atman	0.103	
PT2-PR2	TRAF2	1.2034499999999997	0.0190165684123215	0.121497137359027	atman	0.103	
PT2-PR2	EIF2AK3	1.11435	0.0188688152242613	0.121497137359027	atman	0.103	
PT2-PR2	EHD3	1.09493	0.0188191508703328	0.121497137359027	atman	0.103	
PT2-PR2	GMPR2	0.8690200000000001	0.018836297525731	0.121497137359027	atman	0.103	
PT2-PR2	RAB6B	0.6186666666666667	0.0191023863732984	0.121497137359027	atman	0.103	
PT2-PR2	COMMD1	0.54016	0.0187500986563755	0.121497137359027	atman	0.103	
PT2-PR2	TEX101	-0.51895	0.0190764889309147	0.121497137359027	atman	0.103	
PT2-PR2	NARS1	0.3964000000000001	0.0189018966132985	0.121497137359027	atman	0.103	
PT2-PR2	CSF1R	0.2340222222222222	0.0186696905433456	0.121497137359027	atman	0.103	
PT2-PR2	CRYGD	0.63502	0.019180269963372	0.1217097908258901	atman	0.103	
PT2-PR2	GSTP1	0.4047666666666668	0.019258118711448	0.1219404154617117	atman	0.103	
PT2-PR2	RALB	0.8506199999999998	0.0193488334456042	0.1222513390606134	atman	0.103	
PT2-PR2	EVI5	0.9619800000000002	0.0194698603729874	0.122307327406273	atman	0.103	
PT2-PR2	SESTD1	0.646688888888889	0.0194135557293382	0.122307327406273	atman	0.103	
PT2-PR2	DBN1	0.60413	0.0194825831266629	0.122307327406273	atman	0.103	
PT2-PR2	CDC27	0.4932875	0.0196809665079045	0.1232892955228645	atman	0.103	
PT2-PR2	MECR	0.99654	0.0200220042856629	0.1245778734150875	atman	0.103	
PT2-PR2	HDAC9	-0.3472555555555556	0.0200562743789436	0.1245778734150875	atman	0.103	
PT2-PR2	DYNLT3	0.22978	0.02001019822836	0.1245778734150875	atman	0.103	
PT2-PR2	SEMA7A	0.09946	0.0200372454808792	0.1245778734150875	atman	0.103	
PT2-PR2	RILPL2	1.34204	0.0202027549294272	0.1246968360980194	atman	0.103	
PT2-PR2	CA13	1.1860222222222223	0.0201949106881245	0.1246968360980194	atman	0.103	
PT2-PR2	STK11	0.6003666666666666	0.0201675340371509	0.1246968360980194	atman	0.103	
PT2-PR2	ANXA3	0.65251	0.0202569995515129	0.1247695276359434	atman	0.103	
PT2-PR2	ARHGEF10	0.8466222222222223	0.0203109209909402	0.1248399286012183	atman	0.103	
PT2-PR2	ATXN3	0.68019	0.0204906054613398	0.1256814172138131	atman	0.103	
PT2-PR2	HTRA2	0.5843777777777778	0.0205977608537812	0.1258133500798532	atman	0.103	
PT2-PR2	CELSR2	0.1542799999999999	0.0205695891103165	0.1258133500798532	atman	0.103	
PT2-PR2	CAMSAP1	1.276622222222222	0.0207803578778615	0.1261983283427151	atman	0.103	
PT2-PR2	PPME1	0.9784333333333336	0.0208258232162645	0.1261983283427151	atman	0.103	
PT2-PR2	ESM1	0.24394	0.0208326035555537	0.1261983283427151	atman	0.103	
PT2-PR2	IL1R1	0.1414099999999999	0.0207923040101027	0.1261983283427151	atman	0.103	
PT2-PR2	EEF1D	1.15792	0.0208968403007043	0.1263269893075503	atman	0.103	
PT2-PR2	MAP2K1	0.6537599999999999	0.0209541953243352	0.1264136054679611	atman	0.103	
PT2-PR2	SUSD1	0.6857777777777778	0.0210152757181891	0.1265222952049995	atman	0.103	
PT2-PR2	PRKAR2A	0.8426400000000001	0.0211920633996558	0.126807092195904	atman	0.103	
PT2-PR2	NMI	0.65152	0.0211874165289041	0.126807092195904	atman	0.103	
PT2-PR2	MPRIP	0.49214	0.0211745318979683	0.126807092195904	atman	0.103	
PT2-PR2	TAX1BP1	0.83554	0.0212495655224875	0.1268927307013587	atman	0.103	
PT2-PR2	DFFA	0.4091699999999999	0.0213017325510671	0.1269462276572724	atman	0.103	
PT2-PR2	COL1A1	0.1045	0.0214890271541621	0.1278031614958063	atman	0.103	
PT2-PR2	NFAT5	0.94801	0.0215641937471708	0.1279911135943193	atman	0.103	
PT2-PR2	CRH	0.830775	0.021671997112274	0.1280251055517082	atman	0.103	
PT2-PR2	YWHAQ	0.7668499999999998	0.0216334420692514	0.1280251055517082	atman	0.103	
PT2-PR2	ANXA2	0.4566099999999999	0.0217006475713923	0.1280251055517082	atman	0.103	
PT2-PR2	LBR	0.7525499999999999	0.021895911951784	0.1289182150588009	atman	0.103	
PT2-PR2	CALCOCO1	1.29435	0.022056360085543	0.1291705389637034	atman	0.103	
PT2-PR2	NUDC	0.8989100000000001	0.0219828611684944	0.1291705389637034	atman	0.103	
PT2-PR2	IQGAP2	0.885788888888889	0.0222446813225973	0.1291705389637034	atman	0.103	
PT2-PR2	SSBP1	-0.36671	0.0222029402138912	0.1291705389637034	atman	0.103	
PT2-PR2	ADA	0.09714	0.0222465257711483	0.1291705389637034	atman	0.103	
PT2-PR2	SCGB3A1	-0.0941899999999999	0.022234560462427	0.1291705389637034	atman	0.103	
PT2-PR2	PON3	0.07964	0.0222321856837255	0.1291705389637034	atman	0.103	
PT2-PR2	DCTD	1.08975	0.0226296491621986	0.1308339596493916	atman	0.103	
PT2-PR2	INPPL1	1.0770111111111111	0.0228463513223584	0.1308339596493916	atman	0.103	
PT2-PR2	GIGYF2	0.9265111111111112	0.0227887032086502	0.1308339596493916	atman	0.103	
PT2-PR2	DGKA	0.79321	0.0229337948330281	0.1308339596493916	atman	0.103	
PT2-PR2	MCEMP1	0.7021200000000001	0.0229020577977439	0.1308339596493916	atman	0.103	
PT2-PR2	RNF5	0.51509	0.022853947360709	0.1308339596493916	atman	0.103	
PT2-PR2	DTX2	-0.4816125	0.0226828804858176	0.1308339596493916	atman	0.103	
PT2-PR2	CRIP2	-0.2740666666666667	0.0228226784269778	0.1308339596493916	atman	0.103	
PT2-PR2	CCL24	0.2155399999999999	0.0226807255729761	0.1308339596493916	atman	0.103	
PT2-PR2	OPHN1	0.91376	0.0231568713464271	0.131850558170161	atman	0.103	
PT2-PR2	LRCH4	0.7422124999999999	0.0232645841524063	0.1319080044451234	atman	0.103	
PT2-PR2	GMPR	0.73575	0.0232441549975275	0.1319080044451234	atman	0.103	
PT2-PR2	FRZB	0.5154555555555554	0.0233016522488151	0.1319080044451234	atman	0.103	
PT2-PR2	APCS	0.11724	0.0234207205849097	0.13232707130474	atman	0.103	
PT2-PR2	SCRIB	0.63492	0.0236750239149148	0.1324899433562281	atman	0.103	
PT2-PR2	CNPY4	0.5533888888888889	0.0236199064107716	0.1324899433562281	atman	0.103	
PT2-PR2	CDC26	0.55289	0.0235837183939253	0.1324899433562281	atman	0.103	
PT2-PR2	TMEM25	-0.3863	0.0236348874798759	0.1324899433562281	atman	0.103	
PT2-PR2	LILRA2	0.14092	0.0236615911396718	0.1324899433562281	atman	0.103	
PT2-PR2	FAM13A	0.99664	0.0237955586884177	0.1329113144991851	atman	0.103	
PT2-PR2	NPHS1	-0.31646	0.0238478788367384	0.1329507932112667	atman	0.103	
PT2-PR2	CTSH	0.3996888888888888	0.023993190955962	0.1335075663420769	atman	0.103	
PT2-PR2	RNF41	0.643275	0.0241125615863559	0.1335910751103107	atman	0.103	
PT2-PR2	GDF2	0.2499333333333334	0.0241446088780037	0.1335910751103107	atman	0.103	
PT2-PR2	ADAMTS13	0.09044	0.024109554580985	0.1335910751103107	atman	0.103	
PT2-PR2	PON1	0.1630555555555555	0.0244820985638876	0.1352037698885372	atman	0.103	
PT2-PR2	CNP	1.1079199999999998	0.0246087664399632	0.1356483223276022	atman	0.103	
PT2-PR2	EHBP1	0.9744400000000002	0.0247355489101526	0.1358374629869689	atman	0.103	
PT2-PR2	CD74	0.15011	0.0247096691216461	0.1358374629869689	atman	0.103	
PT2-PR2	APPL2	1.31791	0.025114670951013	0.1363898396563333	atman	0.103	
PT2-PR2	GPR158	-0.4152111111111111	0.0250752864517767	0.1363898396563333	atman	0.103	
PT2-PR2	EXTL1	-0.3110374999999999	0.0249163848201907	0.1363898396563333	atman	0.103	
PT2-PR2	MDH1	0.2794111111111111	0.0249676329592987	0.1363898396563333	atman	0.103	
PT2-PR2	TGFBI	0.17783	0.0250846202491201	0.1363898396563333	atman	0.103	
PT2-PR2	REG3A	0.12911	0.0249792306151843	0.1363898396563333	atman	0.103	
PT2-PR2	LTBP2	0.09359	0.0252496459158009	0.1368698518461681	atman	0.103	
PT2-PR2	MTDH	0.8950199999999999	0.0254003997982656	0.1371808356751923	atman	0.103	
PT2-PR2	MAP1LC3A	-0.6457333333333333	0.025363412896596	0.1371808356751923	atman	0.103	
PT2-PR2	SDCCAG8	1.1302499999999998	0.0256792015735918	0.1384320994921335	atman	0.103	
PT2-PR2	CXCL14	0.2621555555555556	0.0257667706881166	0.1386143889407874	atman	0.103	
PT2-PR2	SPINT2	0.09923	0.0258073760213106	0.1386143889407874	atman	0.103	
PT2-PR2	TARS1	0.61852	0.0259414099870156	0.1390800411347664	atman	0.103	
PT2-PR2	IRAG2	1.1673666666666669	0.0260394550172562	0.1393514004384314	atman	0.103	
PT2-PR2	ACOT13	1.33834	0.0261004226513257	0.1394237122719909	atman	0.103	
PT2-PR2	COMT	0.7294999999999999	0.02635130509132	0.1405084108136082	atman	0.103	
PT2-PR2	SELENOP	0.2909	0.0265042901680445	0.140813028053734	atman	0.103	
PT2-PR2	F11	0.14353	0.0264884181932065	0.140813028053734	atman	0.103	
PT2-PR2	ESR1	-0.3767399999999999	0.02657006933324	0.1409076962112981	atman	0.103	
PT2-PR2	IST1	0.9362099999999998	0.0268363297525291	0.1412995283385853	atman	0.103	
PT2-PR2	OGA	0.45108	0.0268121727456991	0.1412995283385853	atman	0.103	
PT2-PR2	SLC12A2	0.3340875	0.0267054368386252	0.1412995283385853	atman	0.103	
PT2-PR2	IL7R	0.1233199999999999	0.0267730553559017	0.1412995283385853	atman	0.103	
PT2-PR2	CRYBB1	0.5021100000000001	0.026950297655921	0.1416457504706548	atman	0.103	
PT2-PR2	C1GALT1C1	-0.467225	0.0270000786697854	0.1416539841639817	atman	0.103	
PT2-PR2	STX8	0.869425	0.0270962528710887	0.1418533135794543	atman	0.103	
PT2-PR2	ANXA4	0.4961666666666667	0.0271346365662537	0.1418533135794543	atman	0.103	
PT2-PR2	USP47	0.4467	0.0273330153639672	0.1426365881693353	atman	0.103	
PT2-PR2	GOPC	1.0552125	0.0274026788526167	0.1427465788457232	atman	0.103	
PT2-PR2	NT5C	0.61492	0.0276227642709081	0.1433845961624172	atman	0.103	
PT2-PR2	SUOX	0.1795	0.0275931365224761	0.1433845961624172	atman	0.103	
PT2-PR2	PSTPIP2	1.1878700000000002	0.0276767208736157	0.1434112979306578	atman	0.103	
PT2-PR2	MYH9	1.31465	0.0281070693936897	0.1450768748732041	atman	0.103	
PT2-PR2	SAMD9L	0.8569	0.0281384686298595	0.1450768748732041	atman	0.103	
PT2-PR2	IFIT3	0.2231888888888889	0.0281462963504854	0.1450768748732041	atman	0.103	
PT2-PR2	STX16	0.6751499999999999	0.0285355049142979	0.1453630935068654	atman	0.103	
PT2-PR2	ZFYVE19	0.6493899999999999	0.0284187791714132	0.1453630935068654	atman	0.103	
PT2-PR2	TSPAN7	-0.4171888888888889	0.0285481637009739	0.1453630935068654	atman	0.103	
PT2-PR2	PLIN1	0.2451888888888889	0.0284203141028165	0.1453630935068654	atman	0.103	
PT2-PR2	THBS4	-0.16243	0.0283463765631268	0.1453630935068654	atman	0.103	
PT2-PR2	IL17RA	0.15656	0.0282735404487766	0.1453630935068654	atman	0.103	
PT2-PR2	PLXNB2	0.07024	0.0284969585875551	0.1453630935068654	atman	0.103	
PT2-PR2	MSLN	-0.1290555555555555	0.0287883329337426	0.1463323912791276	atman	0.103	
PT2-PR2	SKAP1	0.5218777777777779	0.0288570011620126	0.1464280991606098	atman	0.103	
PT2-PR2	ADGRG1	0.3430555555555555	0.0289547864585457	0.1466709700262197	atman	0.103	
PT2-PR2	AXIN1	1.0535125	0.0292218399314609	0.1475150613722206	atman	0.103	
PT2-PR2	BOLA1	-0.7324777777777778	0.0292012988340992	0.1475150613722206	atman	0.103	
PT2-PR2	TRIM58	1.03289	0.0295944803720751	0.1491399371066153	atman	0.103	
PT2-PR2	PPP1R9B	1.01526	0.0297333542719515	0.1493275125658011	atman	0.103	
PT2-PR2	CLPS	0.20327	0.0296868922204296	0.1493275125658011	atman	0.103	
PT2-PR2	ARF6	1.15184	0.0300073468513759	0.1496835665180778	atman	0.103	
PT2-PR2	GRHPR	0.52653	0.0299353461226119	0.1496835665180778	atman	0.103	
PT2-PR2	CASP7	0.51968	0.0300080397138011	0.1496835665180778	atman	0.103	
PT2-PR2	BPIFB1	0.12077	0.0299827135177119	0.1496835665180778	atman	0.103	
PT2-PR2	PLPBP	0.7333555555555555	0.0300748188459378	0.1497624029989245	atman	0.103	
PT2-PR2	CFHR5	0.1793777777777777	0.0301438048250595	0.1498519434450505	atman	0.103	
PT2-PR2	RABEP1	1.04857	0.0302602968356993	0.1499236966328576	atman	0.103	
PT2-PR2	INHBB	-0.21452	0.0302337765639628	0.1499236966328576	atman	0.103	
PT2-PR2	PDLIM5	1.0601333333333331	0.0305321963424973	0.1502572744627425	atman	0.103	
PT2-PR2	IMPACT	0.6872400000000001	0.0303880194018089	0.1502572744627425	atman	0.103	
PT2-PR2	RCOR1	0.1948888888888889	0.0304423371475015	0.1502572744627425	atman	0.103	
PT2-PR2	CCN1	0.1777555555555555	0.030523718440556	0.1502572744627425	atman	0.103	
PT2-PR2	PIBF1	0.5664222222222222	0.0306002073096443	0.1503401489560785	atman	0.103	
PT2-PR2	HYOU1	0.0925	0.0307260444002985	0.1507063747046364	atman	0.103	
PT2-PR2	TYMP	0.6536666666666667	0.0308447471570501	0.1510364452456886	atman	0.103	
PT2-PR2	SOD1	0.3508799999999999	0.0309323149749822	0.1512132136380997	atman	0.103	
PT2-PR2	GZMA	0.2944399999999999	0.0311329475777428	0.1519411959857285	atman	0.103	
PT2-PR2	NIT1	0.92304	0.0312873018329022	0.1524412815672751	atman	0.103	
PT2-PR2	DNM1	0.81609	0.0313595441762115	0.1525402993207112	atman	0.103	
PT2-PR2	LYN	0.7660888888888889	0.0317220422872466	0.1539133100035474	atman	0.103	
PT2-PR2	ARHGAP1	0.38995	0.0317465847046118	0.1539133100035474	atman	0.103	
PT2-PR2	SNAP23	1.4228333333333334	0.0322218272743726	0.1552943469056716	atman	0.103	
PT2-PR2	BCL7B	-0.53842	0.0322225782866687	0.1552943469056716	atman	0.103	
PT2-PR2	HMGCL	0.5185400000000001	0.0322110695410442	0.1552943469056716	atman	0.103	
PT2-PR2	MMP7	0.0973111111111112	0.0322428698476717	0.1552943469056716	atman	0.103	
PT2-PR2	MPI	0.6681	0.0323273704133715	0.1554465045408928	atman	0.103	
PT2-PR2	KIF1C	0.5005375000000001	0.0323886193408127	0.1554865418681499	atman	0.103	
PT2-PR2	NAGA	-0.45079	0.0324881243961934	0.1557098033866497	atman	0.103	
PT2-PR2	TMED8	0.95355	0.0326588882260072	0.1560192091187144	atman	0.103	
PT2-PR2	IL17D	0.2592444444444444	0.0326171589555315	0.1560192091187144	atman	0.103	
PT2-PR2	DTYMK	0.74156	0.0329690659025376	0.1564832239445164	atman	0.103	
PT2-PR2	XIAP	0.54076	0.0328244471420451	0.1564832239445164	atman	0.103	
PT2-PR2	FLT1	0.3336777777777778	0.0329593578719003	0.1564832239445164	atman	0.103	
PT2-PR2	EFEMP1	0.12815	0.0329454590065469	0.1564832239445164	atman	0.103	
PT2-PR2	CXCL12	0.4126222222222223	0.0331524309291162	0.1570997452737798	atman	0.103	
PT2-PR2	IGFBPL1	0.2227444444444444	0.0332486606366577	0.1573020369573277	atman	0.103	
PT2-PR2	DNAJB1	0.8561333333333334	0.0333098927273944	0.1573095136539732	atman	0.103	
PT2-PR2	TALDO1	0.2391	0.0333573270954477	0.1573095136539732	atman	0.103	
PT2-PR2	NFU1	1.2468599999999996	0.0338296135530438	0.1582264546186025	atman	0.103	
PT2-PR2	NAP1L4	0.86933	0.0337584254706893	0.1582264546186025	atman	0.103	
PT2-PR2	CPTP	0.5028874999999999	0.033860875787788	0.1582264546186025	atman	0.103	
PT2-PR2	CFC1	0.474025	0.0336584990800914	0.1582264546186025	atman	0.103	
PT2-PR2	RAB3GAP1	0.2758444444444444	0.0338748944707627	0.1582264546186025	atman	0.103	
PT2-PR2	MXRA8	-0.1474099999999999	0.0337662987752718	0.1582264546186025	atman	0.103	
PT2-PR2	HMGCS1	0.3607375	0.0339586593638627	0.1583659384302045	atman	0.103	
PT2-PR2	GGACT	0.48814	0.0341236367510005	0.1588831137471306	atman	0.103	
PT2-PR2	MATN3	0.1689666666666666	0.034470899625083	0.1597405411648172	atman	0.103	
PT2-PR2	CRELD1	-0.13373	0.0343828266787809	0.1597405411648172	atman	0.103	
PT2-PR2	PTPRF	0.11295	0.0344573154372287	0.1597405411648172	atman	0.103	
PT2-PR2	ELAC1	0.6882111111111111	0.0345788256318928	0.1597905739465846	atman	0.103	
PT2-PR2	KLB	0.4390444444444444	0.0345904714193423	0.1597905739465846	atman	0.103	
PT2-PR2	GP1BA	0.1726599999999999	0.0346668274177901	0.1598918978861341	atman	0.103	
PT2-PR2	PPP1R2	0.4932888888888888	0.0347993289642356	0.1600006705742165	atman	0.103	
PT2-PR2	ECE1	0.4675222222222223	0.03475563744609	0.1600006705742165	atman	0.103	
PT2-PR2	CCL22	0.22656	0.0350158173425962	0.1607444864883561	atman	0.103	
PT2-PR2	TREML2	0.2135	0.0350982674317885	0.1608716220196486	atman	0.103	
PT2-PR2	AIFM1	1.1847444444444446	0.035304219714096	0.1615635475389628	atman	0.103	
PT2-PR2	SLMAP	1.2593299999999998	0.0357534115015742	0.163111060546002	atman	0.103	
PT2-PR2	GPI	0.3986	0.035709342094881	0.163111060546002	atman	0.103	
PT2-PR2	EPHA4	-0.1585999999999999	0.035883895029827	0.1634525327095067	atman	0.103	
PT2-PR2	SUSD5	-0.1163999999999999	0.0359451010985956	0.1634778746558419	atman	0.103	
PT2-PR2	SSC4D	0.1095444444444445	0.0360423505342168	0.1636668096901533	atman	0.103	
PT2-PR2	GAL	0.1245299999999999	0.0366463732647521	0.1661528466849411	atman	0.103	
PT2-PR2	SERPINH1	1.0806111111111112	0.0368017701440248	0.1666003092190216	atman	0.103	
PT2-PR2	STAT2	0.39825	0.0368635044920111	0.1666230403038903	atman	0.103	
PT2-PR2	APOF	0.1119444444444444	0.0370035482660717	0.1669991164450366	atman	0.103	
PT2-PR2	GADD45GIP1	0.4884300000000001	0.0374820620925813	0.1688992307177974	atman	0.103	
PT2-PR2	METAP1D	1.0739875	0.0377551230392712	0.1691507739488844	atman	0.103	
PT2-PR2	RILP	0.89664	0.0376629810072195	0.1691507739488844	atman	0.103	
PT2-PR2	UROD	0.67269	0.0378258173970227	0.1691507739488844	atman	0.103	
PT2-PR2	CHP1	-0.6703	0.0379984720239154	0.1691507739488844	atman	0.103	
PT2-PR2	ENTR1	0.621	0.0379392603193118	0.1691507739488844	atman	0.103	
PT2-PR2	DDHD2	0.6132222222222221	0.0378577531807986	0.1691507739488844	atman	0.103	
PT2-PR2	KDM3A	0.21381	0.0379450199613156	0.1691507739488844	atman	0.103	
PT2-PR2	SEMA3F	0.1273333333333333	0.0376375989799881	0.1691507739488844	atman	0.103	
PT2-PR2	USP25	0.59561	0.0381817125525918	0.1697093365802039	atman	0.103	
PT2-PR2	DIABLO	1.235711111111111	0.0391918257835872	0.1705860505958213	atman	0.103	
PT2-PR2	ASRGL1	0.99034	0.0391324217099571	0.1705860505958213	atman	0.103	
PT2-PR2	ENO1	0.86033	0.038646618233177	0.1705860505958213	atman	0.103	
PT2-PR2	DNAJB2	0.53932	0.0386862693200282	0.1705860505958213	atman	0.103	
PT2-PR2	RGCC	0.4768666666666666	0.0387258834636625	0.1705860505958213	atman	0.103	
PT2-PR2	CEP43	0.4417222222222222	0.0386904817529583	0.1705860505958213	atman	0.103	
PT2-PR2	IL6	0.378611111111111	0.039168089527158	0.1705860505958213	atman	0.103	
PT2-PR2	NLGN2	-0.3670000000000001	0.0389973422432969	0.1705860505958213	atman	0.103	
PT2-PR2	CGA	0.32011	0.0390844640362626	0.1705860505958213	atman	0.103	
PT2-PR2	FKBP1B	0.25992	0.0391831964281768	0.1705860505958213	atman	0.103	
PT2-PR2	LRTM2	-0.244811111111111	0.039145390115155	0.1705860505958213	atman	0.103	
PT2-PR2	KLK13	0.1927444444444444	0.038783231611881	0.1705860505958213	atman	0.103	
PT2-PR2	SFTPD	0.1605444444444444	0.0391076267112673	0.1705860505958213	atman	0.103	
PT2-PR2	SFRP4	-0.09615	0.0387893390884843	0.1705860505958213	atman	0.103	
PT2-PR2	GOLGA3	0.4725666666666666	0.0393773717169156	0.1711401155389028	atman	0.103	
PT2-PR2	KHK	0.3740100000000001	0.0399094535797137	0.1731964174552423	atman	0.103	
PT2-PR2	NRP1	0.18895	0.0400008455808051	0.1733369975168224	atman	0.103	
PT2-PR2	CLPP	0.9258555555555557	0.0401156932312385	0.1734827701732105	atman	0.103	
PT2-PR2	MUC2	0.20587	0.0401525812517982	0.1734827701732105	atman	0.103	
PT2-PR2	ZNRD2	0.6307	0.0404963790805905	0.1742719548546545	atman	0.103	
PT2-PR2	ALPI	-0.53105	0.0404466267865954	0.1742719548546545	atman	0.103	
PT2-PR2	WFDC1	0.17462	0.0405264420099265	0.1742719548546545	atman	0.103	
PT2-PR2	IGSF8	0.1499555555555555	0.0406318206519531	0.1742719548546545	atman	0.103	
PT2-PR2	ICAM5	0.1385888888888889	0.0405819285139703	0.1742719548546545	atman	0.103	
PT2-PR2	GSTT2B	0.4802899999999999	0.0411126383865916	0.1757360926465028	atman	0.103	
PT2-PR2	NTproBNP	0.3866333333333333	0.0411526316340347	0.1757360926465028	atman	0.103	
PT2-PR2	TPMT	0.294775	0.0410936288782932	0.1757360926465028	atman	0.103	
PT2-PR2	ATG4A	0.4148875	0.0412377941554145	0.1758441788513901	atman	0.103	
PT2-PR2	CCL13	0.47098	0.0414288290071294	0.1764027530767336	atman	0.103	
PT2-PR2	TRDMT1	0.4944666666666666	0.0421586888908027	0.1789916589034371	atman	0.103	
PT2-PR2	CPXM2	0.19109	0.0421561362094982	0.1789916589034371	atman	0.103	
PT2-PR2	CD99L2	0.12835	0.0422934688264224	0.1793047783723366	atman	0.103	
PT2-PR2	PHACTR2	1.103933333333333	0.0423645532813254	0.1793473451592713	atman	0.103	
PT2-PR2	ACAA1	0.5528624999999999	0.0428461151323635	0.1811250161998334	atman	0.103	
PT2-PR2	F10	0.099711111111111	0.0430511020230344	0.1817300829650504	atman	0.103	
PT2-PR2	UNC79	0.6959222222222222	0.0432807986650038	0.1824375702694138	atman	0.103	
PT2-PR2	CHGB	-0.32149	0.0433715570048913	0.1824570491877898	atman	0.103	
PT2-PR2	FN1	0.1121399999999999	0.0434096247046511	0.1824570491877898	atman	0.103	
PT2-PR2	PLXNB3	0.2717333333333334	0.0435189173225618	0.182655112990981	atman	0.103	
PT2-PR2	JCHAIN	0.6440888888888888	0.0437024889777655	0.1831639266999644	atman	0.103	
PT2-PR2	SCGB2A2	0.2612375	0.0439434370607345	0.1839114217727039	atman	0.103	
PT2-PR2	NAGK	0.41727	0.0440358631726063	0.1840360825051456	atman	0.103	
PT2-PR2	PHYKPL	0.1910099999999999	0.0442192386592488	0.1845399477001037	atman	0.103	
PT2-PR2	ROBO1	0.09983	0.0443143813544901	0.1846746842829675	atman	0.103	
PT2-PR2	MUC16	-2.1612	0.0449682974439915	0.1871343596181971	atman	0.103	
PT2-PR2	IDO1	-0.35968	0.0452446751896133	0.1874343110380597	atman	0.103	
PT2-PR2	EPO	-0.3420499999999999	0.0452955618914303	0.1874343110380597	atman	0.103	
PT2-PR2	BLVRB	-0.2085199999999999	0.0452462418494477	0.1874343110380597	atman	0.103	
PT2-PR2	SH3BP1	-0.16297	0.045267215938517	0.1874343110380597	atman	0.103	
PT2-PR2	KIFBP	1.0387444444444442	0.0455155696049307	0.1875522349218605	atman	0.103	
PT2-PR2	DCUN1D1	-0.7168777777777778	0.0454165951250939	0.1875522349218605	atman	0.103	
PT2-PR2	PDRG1	-0.459075	0.0454710743086976	0.1875522349218605	atman	0.103	
PT2-PR2	LHPP	0.3275199999999999	0.0459165988731209	0.1886754790059151	atman	0.103	
PT2-PR2	EGFR	0.08902	0.0458791162344949	0.1886754790059151	atman	0.103	
PT2-PR2	EDAR	0.6623249999999999	0.0460107499407635	0.1887983007345858	atman	0.103	
PT2-PR2	MAP3K5	1.0986875	0.0461873914653039	0.1889952035168007	atman	0.103	
PT2-PR2	SSNA1	0.5288700000000001	0.0461432918028545	0.1889952035168007	atman	0.103	
PT2-PR2	CXCL13	0.33113	0.0462705683494581	0.1890722250496637	atman	0.103	
PT2-PR2	TBCA	0.8051400000000001	0.0464722938995165	0.1896327770510829	atman	0.103	
PT2-PR2	NCAM1	0.16642	0.0465472274184497	0.189675109785583	atman	0.103	
PT2-PR2	MAPK13	-1.0114444444444446	0.0467986659667842	0.1899095036055417	atman	0.103	
PT2-PR2	TRIM5	0.9191375	0.0466948420675328	0.1899095036055417	atman	0.103	
PT2-PR2	TFPI2	0.1179333333333333	0.0467890309101504	0.1899095036055417	atman	0.103	
PT2-PR2	MMP10	0.1475699999999999	0.0470985998391069	0.1908630156238567	atman	0.103	
PT2-PR2	PNMA1	0.43709	0.0472244981980205	0.1911096084101713	atman	0.103	
PT2-PR2	PDE5A	1.13959	0.0474253976398566	0.19139535476085	atman	0.103	
PT2-PR2	VCAM1	0.1223799999999999	0.0474006713652441	0.19139535476085	atman	0.103	
PT2-PR2	ANP32C	0.19912	0.047539996537647	0.1915946636867038	atman	0.103	
PT2-PR2	CALB2	0.2438666666666666	0.0480791232346551	0.1935020055663243	atman	0.103	
PT2-PR2	CES1	0.09069	0.0482923677748414	0.1940943591278854	atman	0.103	
PT2-PR2	CMIP	0.8879600000000002	0.0485208932127176	0.1945498980701626	atman	0.103	
PT2-PR2	STAT5B	0.8454111111111111	0.0486043652768888	0.1945498980701626	atman	0.103	
PT2-PR2	PAG1	0.4966222222222222	0.0485499306936159	0.1945498980701626	atman	0.103	
PT2-PR2	COPB2	0.5079999999999999	0.0487405308557247	0.1948294961280533	atman	0.103	
PT2-PR2	IL33	0.7653666666666665	0.0492420593526392	0.1960341062033253	atman	0.103	
PT2-PR2	CDC37	0.7195222222222222	0.0491933714959054	0.1960341062033253	atman	0.103	
PT2-PR2	ENAH	0.5239444444444445	0.0491238231460324	0.1960341062033253	atman	0.103	
PT2-PR2	FCN2	0.1305899999999999	0.0493098569873642	0.196038375952471	atman	0.103	
PT2-PR2	TBL1X	0.8856125000000001	0.0494893349451335	0.1964860352281112	atman	0.103	
PT2-PR2	SNCA	0.8167899999999999	0.0496863039476087	0.197001836704554	atman	0.103	
PT2-PR2	BOLA2_BOLA2B	0.6489999999999999	0.0501481863033268	0.1981120624515139	atman	0.103	
PT2-PR2	CCND2	0.6046777777777778	0.0503709021958069	0.1981120624515139	atman	0.103	
PT2-PR2	TOP2B	0.4264199999999999	0.050208165926916	0.1981120624515139	atman	0.103	
PT2-PR2	TNFAIP8L2	0.42094	0.0503441053007587	0.1981120624515139	atman	0.103	
PT2-PR2	CD4	0.2495	0.0503276298289043	0.1981120624515139	atman	0.103	
PT2-PR2	PBLD	0.239411111111111	0.0500478115181808	0.1981120624515139	atman	0.103	
PT2-PR2	HSPB1	1.2805333333333333	0.0508135342959554	0.1987885003482253	atman	0.103	
PT2-PR2	MLN	-0.5438874999999999	0.0507302354727845	0.1987885003482253	atman	0.103	
PT2-PR2	FEN1	-0.2481499999999999	0.0507610885179488	0.1987885003482253	atman	0.103	
PT2-PR2	MILR1	0.1995555555555555	0.0506120589448424	0.1987885003482253	atman	0.103	
PT2-PR2	CD5L	0.1036	0.0511537077605215	0.1998531827133141	atman	0.103	
PT2-PR2	GGCT	0.36226	0.0513326896338841	0.2002861117454869	atman	0.103	
PT2-PR2	CLEC14A	0.12718	0.0516549787068798	0.2012762963406008	atman	0.103	
PT2-PR2	ECHS1	0.6771499999999999	0.0518191487001864	0.2015660020784876	atman	0.103	
PT2-PR2	CA6	0.1026299999999999	0.0518665410385761	0.2015660020784876	atman	0.103	
PT2-PR2	DUSP13	-0.1840599999999999	0.0520237668886975	0.2019099433540204	atman	0.103	
PT2-PR2	VPS4B	0.7052600000000001	0.0524472717085517	0.2030172388402175	atman	0.103	
PT2-PR2	ADAMTS15	0.2952222222222222	0.0523974225198828	0.2030172388402175	atman	0.103	
PT2-PR2	F2R	0.7841700000000001	0.0528360488627379	0.20392113351232	atman	0.103	
PT2-PR2	GATD3	0.48968	0.0528890073983621	0.20392113351232	atman	0.103	
PT2-PR2	ELOB	-0.470825	0.0528312997119482	0.20392113351232	atman	0.103	
PT2-PR2	EPS8L2	-0.08668	0.0532548538545469	0.2050625958383473	atman	0.103	
PT2-PR2	BST2	0.14006	0.0533477424508628	0.2051513970165379	atman	0.103	
PT2-PR2	NECTIN4	-0.1525888888888888	0.0534588374561006	0.205309888164737	atman	0.103	
PT2-PR2	B4GAT1	0.12791	0.0536000902364444	0.2055836359199395	atman	0.103	
PT2-PR2	SUSD4	-0.34664	0.0536829060229224	0.205632826460686	atman	0.103	
PT2-PR2	OCLN	0.3633777777777778	0.0547192654733672	0.2077069792774586	atman	0.103	
PT2-PR2	CASQ2	-0.3395625	0.054627922690956	0.2077069792774586	atman	0.103	
PT2-PR2	IL12A_IL12B	0.3347888888888888	0.0546254476714787	0.2077069792774586	atman	0.103	
PT2-PR2	PRC1	-0.30821	0.0546919016039963	0.2077069792774586	atman	0.103	
PT2-PR2	BPIFA2	0.18496	0.0543440296190083	0.2077069792774586	atman	0.103	
PT2-PR2	LPA	0.1325899999999999	0.0547168992560556	0.2077069792774586	atman	0.103	
PT2-PR2	TIMD4	0.0959299999999999	0.0546349448310798	0.2077069792774586	atman	0.103	
PT2-PR2	AKR1B1	0.481725	0.0553487308490436	0.2096884906682393	atman	0.103	
PT2-PR2	CRHBP	0.15775	0.0553840261261244	0.2096884906682393	atman	0.103	
PT2-PR2	GTPBP2	0.86565	0.0555282014924978	0.2097426442910076	atman	0.103	
PT2-PR2	ITGB1BP2	0.7795888888888889	0.0555411086652157	0.2097426442910076	atman	0.103	
PT2-PR2	IGSF3	-0.2008444444444444	0.055681940804229	0.2100045469612644	atman	0.103	
PT2-PR2	MTSS2	0.6562699999999999	0.0559466343513888	0.2107323227235644	atman	0.103	
PT2-PR2	MAPRE3	-0.2985777777777778	0.0560999649596214	0.2110393048032878	atman	0.103	
PT2-PR2	DNAJB8	0.3509888888888889	0.0562397066003024	0.2112944475597039	atman	0.103	
PT2-PR2	M6PR	0.1790099999999999	0.0563399221209504	0.2114006273197347	atman	0.103	
PT2-PR2	SEC31A	0.4254300000000001	0.0569622746746651	0.213463218104804	atman	0.103	
PT2-PR2	ANXA11	0.748775	0.0579582090803088	0.2153635283313103	atman	0.103	
PT2-PR2	FHIT	0.7296222222222222	0.0575974520984361	0.2153635283313103	atman	0.103	
PT2-PR2	CCL5	0.64706	0.0578713050282075	0.2153635283313103	atman	0.103	
PT2-PR2	AARSD1	0.5528777777777777	0.0581290939301324	0.2153635283313103	atman	0.103	
PT2-PR2	FABP2	0.4301333333333332	0.0581152700537006	0.2153635283313103	atman	0.103	
PT2-PR2	PDCD5	0.3754099999999999	0.0580999696889898	0.2153635283313103	atman	0.103	
PT2-PR2	CEACAM18	-0.3388222222222222	0.0580706859231212	0.2153635283313103	atman	0.103	
PT2-PR2	BNIP2	0.33045	0.0579561187825405	0.2153635283313103	atman	0.103	
PT2-PR2	CD72	0.13831	0.0579954654586021	0.2153635283313103	atman	0.103	
PT2-PR2	ASPN	0.14049	0.0585102084347974	0.2165025092965176	atman	0.103	
PT2-PR2	IL24	0.3903111111111111	0.0592752141947514	0.2190573324580877	atman	0.103	
PT2-PR2	NELL1	0.1152333333333333	0.0595902785163264	0.2199450229660392	atman	0.103	
PT2-PR2	KRT14	0.1759333333333333	0.0597210538986927	0.2201511372074771	atman	0.103	
PT2-PR2	ABHD14B	0.496488888888889	0.059888059895004	0.2202425989252045	atman	0.103	
PT2-PR2	HTR1A	-0.3623666666666667	0.0598957918792506	0.2202425989252045	atman	0.103	
PT2-PR2	GRPEL1	0.2351666666666666	0.0599720548159599	0.2202473713116127	atman	0.103	
PT2-PR2	MICALL2	0.7802	0.060275713592693	0.2210862004186418	atman	0.103	
PT2-PR2	NFKB1	0.6791375000000001	0.0604788485968104	0.2215546847598865	atman	0.103	
PT2-PR2	AZI2	0.7225444444444444	0.0607938631239299	0.2224313447797089	atman	0.103	
PT2-PR2	ENTPD5	0.1320222222222222	0.0609668107877849	0.2227866792220302	atman	0.103	
PT2-PR2	GP2	0.2881111111111111	0.0611722218811092	0.2232596122816137	atman	0.103	
PT2-PR2	CREBZF	-0.3743222222222222	0.0617650617732605	0.2251436122702724	atman	0.103	
PT2-PR2	RAB2B	0.5529099999999999	0.0621143378660213	0.2261362139409799	atman	0.103	
PT2-PR2	DKK4	0.2753777777777778	0.0627076463854037	0.2278441590463716	atman	0.103	
PT2-PR2	CDH5	0.12328	0.0627385720451036	0.2278441590463716	atman	0.103	
PT2-PR2	PRKAR1A	0.8728666666666665	0.0630507913015621	0.2280773856210479	atman	0.103	
PT2-PR2	LILRA4	0.7077374999999999	0.0630941027050389	0.2280773856210479	atman	0.103	
PT2-PR2	FGF12	-0.22212	0.0629838497642121	0.2280773856210479	atman	0.103	
PT2-PR2	RPL14	0.19533	0.0631133133117467	0.2280773856210479	atman	0.103	
PT2-PR2	FARSA	0.7865	0.0633439927365278	0.2283492646133971	atman	0.103	
PT2-PR2	NTF4	0.209925	0.06327532355446	0.2283492646133971	atman	0.103	
PT2-PR2	CBLN1	-0.5059444444444444	0.0642645285303116	0.2305816853023678	atman	0.103	
PT2-PR2	PSME1	0.2401444444444444	0.0643556779945342	0.2305816853023678	atman	0.103	
PT2-PR2	KLK14	0.16907	0.0641540185395124	0.2305816853023678	atman	0.103	
PT2-PR2	SPON2	0.1416222222222222	0.0643095351782854	0.2305816853023678	atman	0.103	
PT2-PR2	COL4A1	0.1131666666666666	0.0641884083485522	0.2305816853023678	atman	0.103	
PT2-PR2	C1QTNF9	-0.0903200000000001	0.0645911825309413	0.2311435983872175	atman	0.103	
PT2-PR2	SPINK6	-0.36254	0.0650224819884883	0.2323768229427475	atman	0.103	
PT2-PR2	BCAM	0.12985	0.0650939840986661	0.2323768229427475	atman	0.103	
PT2-PR2	BAMBI	0.2317625	0.0656093446753747	0.2339323478837996	atman	0.103	
PT2-PR2	HPSE	0.7989900000000001	0.0660269536705875	0.2351359877384074	atman	0.103	
PT2-PR2	WAS	0.9768999999999998	0.0670237970656848	0.2358333844508542	atman	0.103	
PT2-PR2	PKN3	0.6601555555555555	0.0669776577849701	0.2358333844508542	atman	0.103	
PT2-PR2	CASP2	0.5120750000000001	0.0667320091215566	0.2358333844508542	atman	0.103	
PT2-PR2	MOCS2	0.44301	0.0668074915792329	0.2358333844508542	atman	0.103	
PT2-PR2	ACYP1	0.4301899999999999	0.0665949437914319	0.2358333844508542	atman	0.103	
PT2-PR2	SLA2	0.4214888888888889	0.0663721166365611	0.2358333844508542	atman	0.103	
PT2-PR2	GP5	0.37217	0.066848457518311	0.2358333844508542	atman	0.103	
PT2-PR2	SCARB1	-0.2345	0.0667146894718235	0.2358333844508542	atman	0.103	
PT2-PR2	SOD3	0.1470555555555555	0.0670254853697969	0.2358333844508542	atman	0.103	
PT2-PR2	ENPP7	0.11103	0.0666326372788252	0.2358333844508542	atman	0.103	
PT2-PR2	TAB2	0.6295333333333333	0.0678115847843894	0.2380559059944603	atman	0.103	
PT2-PR2	FST	0.38738	0.067819194457918	0.2380559059944603	atman	0.103	
PT2-PR2	RIDA	0.1301199999999999	0.0679309194313106	0.2381635337579842	atman	0.103	
PT2-PR2	NPM1	0.5451777777777779	0.0681008853787619	0.238474852494401	atman	0.103	
PT2-PR2	UFD1	0.84576	0.068664276370739	0.2388310528487898	atman	0.103	
PT2-PR2	IL6	0.4914333333333334	0.0686175269741393	0.2388310528487898	atman	0.103	
PT2-PR2	ANKRD54	0.3929749999999999	0.0686903470582802	0.2388310528487898	atman	0.103	
PT2-PR2	BMP6	0.2687	0.0684172222238528	0.2388310528487898	atman	0.103	
PT2-PR2	IL1RL2	0.2152888888888889	0.0683046534945046	0.2388310528487898	atman	0.103	
PT2-PR2	ACTA2	0.1680555555555555	0.068545053164309	0.2388310528487898	atman	0.103	
PT2-PR2	C1QA	0.10359	0.0688346283297562	0.2390498085494373	atman	0.103	
PT2-PR2	LAIR2	0.2542222222222221	0.0693173040323678	0.240441840905663	atman	0.103	
PT2-PR2	EPPK1	0.2818799999999999	0.0695550804641325	0.2409176815112741	atman	0.103	
PT2-PR2	BAG4	0.2407799999999999	0.069618485909827	0.2409176815112741	atman	0.103	
PT2-PR2	JMJD1C	-0.4693777777777778	0.0698469319974612	0.241269529143398	atman	0.103	
PT2-PR2	CHRDL1	0.1794499999999999	0.0698844007151231	0.241269529143398	atman	0.103	
PT2-PR2	PPP2R5A	0.8945599999999999	0.0703011555161154	0.2424234681999381	atman	0.103	
PT2-PR2	ECI2	0.42795	0.0705732906125511	0.2430765859550706	atman	0.103	
PT2-PR2	GCG	-0.9894750000000002	0.0709494334213738	0.243912093142318	atman	0.103	
PT2-PR2	ERN1	0.21481	0.0709819059348815	0.243912093142318	atman	0.103	
PT2-PR2	LBP	0.2081099999999999	0.071408719534217	0.2445207668898946	atman	0.103	
PT2-PR2	INSL4	-0.2040199999999999	0.0713471223168131	0.2445207668898946	atman	0.103	
PT2-PR2	CPA4	-0.12635	0.0713363112329887	0.2445207668898946	atman	0.103	
PT2-PR2	KCNH2	-0.4232499999999999	0.0716013838054214	0.2448950705708129	atman	0.103	
PT2-PR2	MUCL3	0.2586999999999999	0.0718796297284076	0.2455608745837927	atman	0.103	
PT2-PR2	CCS	0.4704222222222222	0.0722927229647949	0.2463990952094751	atman	0.103	
PT2-PR2	LPL	0.2562	0.0722481534133994	0.2463990952094751	atman	0.103	
PT2-PR2	ST13	0.5619099999999999	0.0724412657910062	0.2466192802942949	atman	0.103	
PT2-PR2	ASGR1	0.1709444444444444	0.0729283420173214	0.2479901259801973	atman	0.103	
PT2-PR2	OGFR	0.2070222222222222	0.073091406279071	0.2482572851420934	atman	0.103	
PT2-PR2	THTPA	0.42628	0.073287658383824	0.248636420706322	atman	0.103	
PT2-PR2	COL15A1	0.1575	0.073756968964828	0.2496520447219641	atman	0.103	
PT2-PR2	AHSG	0.1347	0.0736990700711863	0.2496520447219641	atman	0.103	
PT2-PR2	POMC	0.48868	0.0752083418181679	0.2542717011067634	atman	0.103	
PT2-PR2	AFM	-0.09814	0.0761000310626716	0.2569906796116427	atman	0.103	
PT2-PR2	GH2	0.5721625000000001	0.0762072049416491	0.2570571390569059	atman	0.103	
PT2-PR2	USO1	0.8412666666666667	0.0770891186880158	0.2590295134138894	atman	0.103	
PT2-PR2	PFKFB2	0.5655444444444444	0.0771445964047492	0.2590295134138894	atman	0.103	
PT2-PR2	PLIN3	0.3250555555555556	0.0769943019583239	0.2590295134138894	atman	0.103	
PT2-PR2	C2	0.12944	0.0770979962567222	0.2590295134138894	atman	0.103	
PT2-PR2	MMUT	0.7724999999999999	0.0774520573419013	0.2591625979848457	atman	0.103	
PT2-PR2	EIF1AX	-0.27164	0.0775370740737506	0.2591625979848457	atman	0.103	
PT2-PR2	TP53I3	0.24369	0.0774766846022585	0.2591625979848457	atman	0.103	
PT2-PR2	SH2D1A	0.2302374999999999	0.0774651093032876	0.2591625979848457	atman	0.103	
PT2-PR2	GAPDH	0.43254	0.0777370951540554	0.2595358926847897	atman	0.103	
PT2-PR2	CSF3R	0.2146199999999999	0.0778834550192104	0.2597293880209311	atman	0.103	
PT2-PR2	ACY1	0.100411111111111	0.0782097990708243	0.2605219837529274	atman	0.103	
PT2-PR2	CXCL11	0.23357	0.0784723430408433	0.2609637258317446	atman	0.103	
PT2-PR2	XCL1	0.17338	0.0785200590998169	0.2609637258317446	atman	0.103	
PT2-PR2	KIF22	0.8322125	0.0788215518688437	0.2616697394244779	atman	0.103	
PT2-PR2	EGFLAM	0.15111	0.0796190943896699	0.26401907372105	atman	0.103	
PT2-PR2	IL12RB2	0.46082	0.0799697311778269	0.2645845385140264	atman	0.103	
PT2-PR2	MZB1	0.23366	0.0799035478033647	0.2645845385140264	atman	0.103	
PT2-PR2	OMD	0.0833	0.0801331308452488	0.2648269273603387	atman	0.103	
PT2-PR2	SSC5D	0.13681	0.0803383774975263	0.2652069135817219	atman	0.103	
PT2-PR2	LRP2BP	-0.3829	0.0806952204145454	0.2660859232075585	atman	0.103	
PT2-PR2	CTAG1A_CTAG1B	-0.2766777777777778	0.0809515860804395	0.2666320178299678	atman	0.103	
PT2-PR2	IL4	-1.4696555555555555	0.0819612497490074	0.2696552651316728	atman	0.103	
PT2-PR2	MET	0.07542	0.0822445941522169	0.2702848071803282	atman	0.103	
PT2-PR2	LACTB2	0.5061333333333334	0.082473195082283	0.2707332370410586	atman	0.103	
PT2-PR2	KLK12	0.406525	0.0827954946518472	0.2711852433524271	atman	0.103	
PT2-PR2	AHCY	0.3120222222222221	0.0827669375166415	0.2711852433524271	atman	0.103	
PT2-PR2	SLC39A5	0.4418875	0.0831989667034414	0.2722033008627069	atman	0.103	
PT2-PR2	DNPH1	0.3809099999999999	0.0835227332793273	0.2726378119030758	atman	0.103	
PT2-PR2	LTB	0.25102	0.0834670214224406	0.2726378119030758	atman	0.103	
PT2-PR2	WFDC2	0.153411111111111	0.0836101662779684	0.2726378119030758	atman	0.103	
PT2-PR2	REEP4	0.3930888888888889	0.0841960063418183	0.2742437545812221	atman	0.103	
PT2-PR2	EIF4E	0.7212500000000001	0.0851668419462365	0.2767331270015072	atman	0.103	
PT2-PR2	AP2B1	0.365575	0.0852428454514513	0.2767331270015072	atman	0.103	
PT2-PR2	CTRL	-0.18136	0.0850884705616183	0.2767331270015072	atman	0.103	
PT2-PR2	ADAMTS16	0.222011111111111	0.0855696217155181	0.276942001027423	atman	0.103	
PT2-PR2	ITIH3	0.1870399999999999	0.0855899717266508	0.276942001027423	atman	0.103	
PT2-PR2	ERBB3	0.0893	0.0854828876948987	0.276942001027423	atman	0.103	
PT2-PR2	MST1	0.1504111111111111	0.085718375074937	0.2770523498021618	atman	0.103	
PT2-PR2	MVK	0.4650000000000001	0.0858985149623143	0.2771809426249942	atman	0.103	
PT2-PR2	MMP15	-0.15528	0.0859468477642511	0.2771809426249942	atman	0.103	
PT2-PR2	RAD51	-0.2556	0.0863719267533862	0.2782464043875534	atman	0.103	
PT2-PR2	SMC3	0.5900666666666666	0.0866841679280487	0.2784206957685982	atman	0.103	
PT2-PR2	PDAP1	0.4334799999999998	0.0869106834574819	0.2784206957685982	atman	0.103	
PT2-PR2	FCRL3	0.4153	0.086960879398467	0.2784206957685982	atman	0.103	
PT2-PR2	BECN1	0.40487	0.0870893871379652	0.2784206957685982	atman	0.103	
PT2-PR2	MED21	0.3336	0.0870137355673079	0.2784206957685982	atman	0.103	
PT2-PR2	CRISP3	0.1136333333333333	0.0866684303910518	0.2784206957685982	atman	0.103	
PT2-PR2	KLRD1	0.0894	0.0868931087046693	0.2784206957685982	atman	0.103	
PT2-PR2	PRKAB1	0.3106444444444444	0.0872373027295503	0.2785904298037161	atman	0.103	
PT2-PR2	LILRB4	0.3275444444444444	0.0876347250826941	0.2794368346363143	atman	0.103	
PT2-PR2	IL1RAP	0.08779	0.0876925668940373	0.2794368346363143	atman	0.103	
PT2-PR2	CXCL5	0.6356777777777778	0.0884059859912214	0.280493290326359	atman	0.103	
PT2-PR2	SPRED2	0.39699	0.0883870122010836	0.280493290326359	atman	0.103	
PT2-PR2	NFATC3	0.2974222222222222	0.0883322917200226	0.280493290326359	atman	0.103	
PT2-PR2	KLK3	0.14456	0.0882263206548861	0.280493290326359	atman	0.103	
PT2-PR2	GNPDA2	0.19144	0.088506545394926	0.2805094178751811	atman	0.103	
PT2-PR2	ANGPTL7	-0.18868	0.0890435725545786	0.2819073450057672	atman	0.103	
PT2-PR2	CTSF	-0.2118999999999999	0.0891559847548992	0.281959400656506	atman	0.103	
PT2-PR2	B3GNT7	0.16753	0.0896101056300726	0.2830908498291973	atman	0.103	
PT2-PR2	PTN	0.6320333333333333	0.0900518927955542	0.2835717695962898	atman	0.103	
PT2-PR2	IL1B	0.3999777777777779	0.0898791415333069	0.2835717695962898	atman	0.103	
PT2-PR2	HGFAC	0.1122777777777777	0.0900098010638972	0.2835717695962898	atman	0.103	
PT2-PR2	IL15	0.1985875	0.0901982556394358	0.2837285600306879	atman	0.103	
PT2-PR2	SF3B4	0.5632555555555556	0.091205927951516	0.2859797399376245	atman	0.103	
PT2-PR2	PGD	0.4075699999999999	0.0911796122577595	0.2859797399376245	atman	0.103	
PT2-PR2	B4GALT1	0.09884	0.0912003676214496	0.2859797399376245	atman	0.103	
PT2-PR2	CASC3	0.4262375	0.0913631962376491	0.286167452607903	atman	0.103	
PT2-PR2	SERPINA1	-0.05019	0.0917143103702855	0.2869612820744397	atman	0.103	
PT2-PR2	LDLRAP1	0.8406333333333333	0.092089180109578	0.2875993985215025	atman	0.103	
PT2-PR2	RANBP1	0.52796	0.0921140347204676	0.2875993985215025	atman	0.103	
PT2-PR2	PAXX	0.20595	0.0932697404061078	0.2908986171052491	atman	0.103	
PT2-PR2	CD2AP	0.562988888888889	0.0935553288442632	0.2914799110757638	atman	0.103	
PT2-PR2	MYCBP2	0.394411111111111	0.0937818063273914	0.2916940734351647	atman	0.103	
PT2-PR2	CPM	0.10413	0.0938226342396972	0.2916940734351647	atman	0.103	
PT2-PR2	EGF	0.7092599999999998	0.0943442481327276	0.293005709317076	atman	0.103	
PT2-PR2	TIMP3	0.8872700000000002	0.0948437749143022	0.2939356652934811	atman	0.103	
PT2-PR2	BNIP3L	0.34352	0.0948334564630044	0.2939356652934811	atman	0.103	
PT2-PR2	OTUD7B	0.4020888888888889	0.0949501268448529	0.2939551872183118	atman	0.103	
PT2-PR2	CD300C	0.09262	0.0951134045698884	0.2941507185540341	atman	0.103	
PT2-PR2	ADGRD1	-0.0957	0.0953723470016247	0.2943533942649386	atman	0.103	
PT2-PR2	SELE	0.0548699999999999	0.095379316317298	0.2943533942649386	atman	0.103	
PT2-PR2	ELAVL4	0.4668111111111112	0.0963066554503357	0.2964811196900702	atman	0.103	
PT2-PR2	TPR	0.4355625000000001	0.0963715007842127	0.2964811196900702	atman	0.103	
PT2-PR2	GSTA1	0.2171555555555555	0.0962043317080507	0.2964811196900702	atman	0.103	
PT2-PR2	COX6B1	0.27493	0.096706168884074	0.2971995022818091	atman	0.103	
PT2-PR2	SLIT2	0.4851333333333334	0.0970607057657997	0.2979773809194562	atman	0.103	
PT2-PR2	AKT2	0.4603666666666666	0.0977855689200313	0.299889354370618	atman	0.103	
PT2-PR2	BID	0.800025	0.0980937797056817	0.3005208808918593	atman	0.103	
PT2-PR2	SWAP70	-0.2319499999999999	0.0982876783536501	0.3008012489614834	atman	0.103	
PT2-PR2	GRN	0.10543	0.0985121137981976	0.3011743916119717	atman	0.103	
PT2-PR2	TIMP2	-0.20292	0.0990357227269087	0.3024604504902888	atman	0.103	
PT2-PR2	QDPR	0.3012333333333333	0.0991871807154471	0.3026084495763071	atman	0.103	
PT2-PR2	DHRS4L2	0.15408	0.0995880984307	0.3035164244703285	atman	0.103	
PT2-PR2	TERF1	-0.2281699999999999	0.0997564037788301	0.3037143153390703	atman	0.103	
PT2-PR2	TNFSF9	-0.29336	0.0999160904387332	0.3038855835496878	atman	0.103	
PT2-PR2	ATP6V1G1	0.43095	0.10043243844985	0.305140128402957	atman	0.103	
PT2-PR2	INSL5	-0.29335	0.1010127821972679	0.3065863162144351	atman	0.103	
PT2-PR2	BRME1	-0.2506	0.1014186868170174	0.3071731518155575	atman	0.103	
PT2-PR2	HBQ1	-0.24461	0.1013175898954095	0.3071731518155575	atman	0.103	
PT2-PR2	EPHA1	0.1303099999999999	0.1015197857089538	0.3071731518155575	atman	0.103	
PT2-PR2	ACP6	0.14807	0.1016947958376544	0.3073861215751323	atman	0.103	
PT2-PR2	GBA	0.81955	0.1018915067638845	0.3076641797248642	atman	0.103	
PT2-PR2	AMIGO1	-0.3233125	0.1021951608701734	0.3082642532202973	atman	0.103	
PT2-PR2	RBPMS	0.70712	0.1023556702526564	0.3084317530280048	atman	0.103	
PT2-PR2	APLP1	-0.3186222222222222	0.10248443084151	0.3085033379224964	atman	0.103	
PT2-PR2	KLK7	0.1792	0.1028415407802407	0.3092614604015838	atman	0.103	
PT2-PR2	ITGA2	-0.1117699999999999	0.1041603121027232	0.3129069498546021	atman	0.103	
PT2-PR2	BACH1	0.500725	0.1043439164958985	0.3131383316291624	atman	0.103	
PT2-PR2	TNR	0.1864777777777777	0.1047366524274227	0.313996209012008	atman	0.103	
PT2-PR2	AFAP1	0.5488299999999999	0.1049440332036018	0.3141240445682696	atman	0.103	
PT2-PR2	CHRDL2	-0.0625	0.1049931285793195	0.3141240445682696	atman	0.103	
PT2-PR2	OTUD6B	0.5599700000000001	0.1053530044466271	0.3148800885698783	atman	0.103	
PT2-PR2	CLINT1	-0.2719111111111111	0.1055786993336098	0.3149726972505072	atman	0.103	
PT2-PR2	KIRREL2	0.2181666666666666	0.1055984025839855	0.3149726972505072	atman	0.103	
PT2-PR2	DDX58	0.2074249999999999	0.1058106094063133	0.3152855683932543	atman	0.103	
PT2-PR2	CLNS1A	-0.3188875	0.1060938557481012	0.3158092686807715	atman	0.103	
PT2-PR2	PPM1F	0.31532	0.1067272703125705	0.3173731985610651	atman	0.103	
PT2-PR2	STX1B	-0.3088749999999999	0.1069747772746874	0.3176589732714592	atman	0.103	
PT2-PR2	IL22RA1	0.2024	0.1070396131854134	0.3176589732714592	atman	0.103	
PT2-PR2	SMAD1	0.4339625	0.1072608482125825	0.3178937428327977	atman	0.103	
PT2-PR2	DBH	0.1029444444444444	0.1073351235160433	0.3178937428327977	atman	0.103	
PT2-PR2	ITGBL1	0.2635599999999999	0.1075142484825075	0.3181035871516689	atman	0.103	
PT2-PR2	EFHD1	-0.2025555555555555	0.1077164548765823	0.3183812318183087	atman	0.103	
PT2-PR2	KIR3DL1	0.25415	0.1081220726846481	0.3189384031601367	atman	0.103	
PT2-PR2	HSPA2	-0.2205299999999999	0.1080153154673164	0.3189384031601367	atman	0.103	
PT2-PR2	IGFBP4	0.1684399999999999	0.1084633872916849	0.3189844162792495	atman	0.103	
PT2-PR2	THY1	-0.0931599999999999	0.108385074774532	0.3189844162792495	atman	0.103	
PT2-PR2	ADM	0.0746199999999999	0.1082613938386622	0.3189844162792495	atman	0.103	
PT2-PR2	CNTN4	0.12576	0.108579006022256	0.3190051196933882	atman	0.103	
PT2-PR2	RBP2	0.3756777777777778	0.109248181146544	0.3206505057028434	atman	0.103	
PT2-PR2	CDK1	-0.4296111111111111	0.1096878808618995	0.3216197544633341	atman	0.103	
PT2-PR2	CD46	0.12571	0.1101264509462893	0.3225837615954119	atman	0.103	
PT2-PR2	ID4	-0.2923222222222221	0.110585943613511	0.3232850769517367	atman	0.103	
PT2-PR2	SORD	0.2329099999999998	0.1104973131622417	0.3232850769517367	atman	0.103	
PT2-PR2	KLHL41	-0.1575666666666667	0.1108364599357552	0.3233739019774069	atman	0.103	
PT2-PR2	COL6A3	0.11709	0.1107615171623594	0.3233739019774069	atman	0.103	
PT2-PR2	ITGA6	-0.31145	0.1110784939342794	0.3234834357896393	atman	0.103	
PT2-PR2	TLR1	0.17549	0.1110942092279598	0.3234834357896393	atman	0.103	
PT2-PR2	TXN	0.2291777777777778	0.1112409409300954	0.3235142503081557	atman	0.103	
PT2-PR2	CDAN1	0.1651	0.1113250194219011	0.3235142503081557	atman	0.103	
PT2-PR2	LRRC37A2	-0.17128	0.1118707250066077	0.3247788439421083	atman	0.103	
PT2-PR2	LSM1	0.395375	0.1122170384601846	0.3254626446160141	atman	0.103	
PT2-PR2	CTSB	0.11655	0.1126149066037252	0.3259730005928518	atman	0.103	
PT2-PR2	SPINK2	0.05442	0.1125508771203429	0.3259730005928518	atman	0.103	
PT2-PR2	KAZALD1	0.1741222222222222	0.113180218403132	0.3272868914059075	atman	0.103	
PT2-PR2	COL28A1	0.295625	0.114079238763467	0.3295622453166825	atman	0.103	
PT2-PR2	IGDCC3	-0.4567666666666666	0.1143108031173592	0.329906816855404	atman	0.103	
PT2-PR2	AMY2A	0.08451	0.1153808080004596	0.3326681196323361	atman	0.103	
PT2-PR2	LYSMD3	0.3056875	0.1158431531800121	0.3333468991605051	atman	0.103	
PT2-PR2	BST1	0.0673099999999999	0.1158424418605206	0.3333468991605051	atman	0.103	
PT2-PR2	CTF1	0.6388111111111112	0.1160642173790149	0.3336562335220606	atman	0.103	
PT2-PR2	PRCP	0.08458	0.116271629973859	0.3339257564645141	atman	0.103	
PT2-PR2	INSL3	0.1233099999999998	0.1165544160617675	0.3344110101459697	atman	0.103	
PT2-PR2	INPP1	0.3894777777777778	0.1173598541250144	0.3362628928473178	atman	0.103	
PT2-PR2	GPD1	0.32337	0.1174287706131205	0.3362628928473178	atman	0.103	
PT2-PR2	LATS1	0.6587500000000001	0.1177526644809405	0.3366425015278673	atman	0.103	
PT2-PR2	CEP112	-0.2588125	0.1177905008749651	0.3366425015278673	atman	0.103	
PT2-PR2	ADA2	0.12964	0.118161098130763	0.3373734755181553	atman	0.103	
PT2-PR2	GTF2IRD1	-0.1687222222222222	0.1186091503906874	0.3383239649008152	atman	0.103	
PT2-PR2	IL36G	-0.4832299999999999	0.1188142623728083	0.3385803131438515	atman	0.103	
PT2-PR2	MSMB	-0.2635300000000001	0.1189452635561858	0.3386251786124748	atman	0.103	
PT2-PR2	CDC123	-0.5519333333333333	0.1194605471893965	0.3390530971187424	atman	0.103	
PT2-PR2	C2orf69	0.4534125	0.1195571846885694	0.3390530971187424	atman	0.103	
PT2-PR2	HK2	0.4292666666666667	0.1193954683027196	0.3390530971187424	atman	0.103	
PT2-PR2	C1QBP	0.1059888888888889	0.1193516201240021	0.3390530971187424	atman	0.103	
PT2-PR2	SCGB1A1	0.14755	0.1203700218659811	0.3410290494139368	atman	0.103	
PT2-PR2	DNM3	0.2834666666666667	0.1209727540120204	0.3417480300839577	atman	0.103	
PT2-PR2	GRIK2	-0.1974	0.1209027218230358	0.3417480300839577	atman	0.103	
PT2-PR2	PKD1	-0.11154	0.1207843223597795	0.3417480300839577	atman	0.103	
PT2-PR2	CENPF	0.5440999999999999	0.1220154674008318	0.3440320952242263	atman	0.103	
PT2-PR2	APOM	0.13124	0.1220104533381896	0.3440320952242263	atman	0.103	
PT2-PR2	OTOA	-0.3003111111111111	0.1223823138499808	0.3447066402265384	atman	0.103	
PT2-PR2	LYPD1	0.1678777777777778	0.1224893575209347	0.3447066402265384	atman	0.103	
PT2-PR2	NACC1	0.4643499999999999	0.122962808160814	0.3457078759583462	atman	0.103	
PT2-PR2	FAM20A	0.15677	0.1232847541084969	0.3461571439816305	atman	0.103	
PT2-PR2	FCGR2A	0.09868	0.1233582470213638	0.3461571439816305	atman	0.103	
PT2-PR2	FADD	0.3347	0.1238284412987595	0.3469483250610657	atman	0.103	
PT2-PR2	TNFSF12	0.26647	0.1238763761024703	0.3469483250610657	atman	0.103	
PT2-PR2	IL2RG	-0.2987	0.124285470160008	0.3477625822191462	atman	0.103	
PT2-PR2	MFAP3L	-0.1911375	0.1247219949840605	0.3483205525315303	atman	0.103	
PT2-PR2	KLK8	-0.1839888888888888	0.1246736682804852	0.3483205525315303	atman	0.103	
PT2-PR2	CEP85	0.407125	0.1253371216685781	0.3497060431740575	atman	0.103	
PT2-PR2	ODAM	0.287	0.1255381045409687	0.3497508345538959	atman	0.103	
PT2-PR2	ADAM23	0.06199	0.1255912629184343	0.3497508345538959	atman	0.103	
PT2-PR2	KRT8	-0.4426	0.126426549586784	0.3506177561960112	atman	0.103	
PT2-PR2	TTF2	0.4205624999999999	0.1261243471138755	0.3506177561960112	atman	0.103	
PT2-PR2	IFNL1	-0.4151111111111111	0.1267379363785445	0.3506177561960112	atman	0.103	
PT2-PR2	TAGLN3	0.3571333333333333	0.1265343488109895	0.3506177561960112	atman	0.103	
PT2-PR2	KIR3DL2	0.2259777777777778	0.1265315870310464	0.3506177561960112	atman	0.103	
PT2-PR2	EPCAM	0.12059	0.126579500489981	0.3506177561960112	atman	0.103	
PT2-PR2	PTPRS	0.05484	0.1267256577481958	0.3506177561960112	atman	0.103	
PT2-PR2	GBP2	0.8777555555555556	0.1273409372815512	0.3516237535086444	atman	0.103	
PT2-PR2	BGN	-0.3964125	0.1273052015765077	0.3516237535086444	atman	0.103	
PT2-PR2	RAD23B	0.1788624999999999	0.1276465067424648	0.3521365603843771	atman	0.103	
PT2-PR2	TXNL1	-0.4954777777777778	0.1278769381445341	0.3524413173251794	atman	0.103	
PT2-PR2	RGS10	0.495988888888889	0.1286870595075244	0.3540099071471038	atman	0.103	
PT2-PR2	CCER2	-0.11199	0.1285682704839079	0.3540099071471038	atman	0.103	
PT2-PR2	MAPKAPK2	0.4673333333333332	0.1301025246652538	0.3559042993170538	atman	0.103	
PT2-PR2	PPT1	-0.3863875	0.1298870930417057	0.3559042993170538	atman	0.103	
PT2-PR2	VAMP5	0.3278777777777777	0.129756986646838	0.3559042993170538	atman	0.103	
PT2-PR2	HMOX2	0.3248888888888888	0.1300010539491614	0.3559042993170538	atman	0.103	
PT2-PR2	TAP1	-0.3179333333333333	0.1296432729925467	0.3559042993170538	atman	0.103	
PT2-PR2	CD38	0.1589111111111111	0.129812720876989	0.3559042993170538	atman	0.103	
PT2-PR2	NDUFS6	0.433	0.1304989290265967	0.3564286379772568	atman	0.103	
PT2-PR2	GLO1	0.3273999999999999	0.1305368326969123	0.3564286379772568	atman	0.103	
PT2-PR2	HSBP1	0.3838500000000001	0.1307448382631801	0.3566651205359548	atman	0.103	
PT2-PR2	LGALS7_LGALS7B	0.21291	0.132277859187921	0.360512384317358	atman	0.103	
PT2-PR2	CDH6	-0.1050222222222222	0.1325197946245027	0.3608370311462362	atman	0.103	
PT2-PR2	NEFL	-0.5028444444444444	0.1329554972159108	0.361688195204024	atman	0.103	
PT2-PR2	CD300LG	0.07811	0.1334009129848787	0.3625641834871173	atman	0.103	
PT2-PR2	RPS10	0.34355	0.1337775973249912	0.3632519232355123	atman	0.103	
PT2-PR2	NPC2	0.17492	0.1345948592603649	0.3641249507430499	atman	0.103	
PT2-PR2	CLEC1A	0.1499666666666666	0.1343307228858443	0.3641249507430499	atman	0.103	
PT2-PR2	DPP4	0.1116899999999999	0.1345097158300652	0.3641249507430499	atman	0.103	
PT2-PR2	COMP	-0.0983099999999999	0.1345455634176435	0.3641249507430499	atman	0.103	
PT2-PR2	KLKB1	0.0811199999999999	0.1350202984715283	0.3649398683618676	atman	0.103	
PT2-PR2	NUDT2	0.2589222222222223	0.135625586172569	0.3661838775951335	atman	0.103	
PT2-PR2	STAB2	0.08984	0.1357298307355685	0.3661838775951335	atman	0.103	
PT2-PR2	CD63	0.3863555555555554	0.1362484295955275	0.3672457671116145	atman	0.103	
PT2-PR2	TCL1A	0.4569222222222222	0.1369519694372412	0.368803745377282	atman	0.103	
PT2-PR2	TPP1	0.23416	0.1371903128815763	0.3691072703718602	atman	0.103	
PT2-PR2	DNAJC9	0.3297899999999999	0.1374825661613259	0.3695551503952201	atman	0.103	
PT2-PR2	MFGE8	0.1233399999999999	0.1381934895922492	0.3711265744259855	atman	0.103	
PT2-PR2	HNF1A	-0.3521375	0.1385386134254138	0.3713744947480528	atman	0.103	
PT2-PR2	ELN	0.31142	0.1384995160285251	0.3713744947480528	atman	0.103	
PT2-PR2	ADAMTSL4	0.14924	0.1386736316855268	0.3713975659909551	atman	0.103	
PT2-PR2	FHIP2A	-0.1826249999999999	0.1390995486033175	0.3718603037275221	atman	0.103	
PT2-PR2	ANGPTL3	0.1045299999999999	0.1390210302762682	0.3718603037275221	atman	0.103	
PT2-PR2	PTGDS	-0.0945	0.1397284635770928	0.3732020236268169	atman	0.103	
PT2-PR2	MEGF9	0.05885	0.1405054564911878	0.3749364497466938	atman	0.103	
PT2-PR2	GSTM4	0.307525	0.1409538956977774	0.3757917836298275	atman	0.103	
PT2-PR2	IL6R	0.10061	0.1422408288361227	0.3788790164284031	atman	0.103	
PT2-PR2	MORC3	0.1404999999999999	0.1428013861465091	0.3800276019007644	atman	0.103	
PT2-PR2	CD200	0.091675	0.1431083843914544	0.3804999396761024	atman	0.103	
PT2-PR2	DNPEP	0.13976	0.1436185312860978	0.3815110713549325	atman	0.103	
PT2-PR2	BPIFB2	0.0959799999999999	0.1441746584394168	0.3822970636236521	atman	0.103	
PT2-PR2	XG	0.08625	0.1440628422893417	0.3822970636236521	atman	0.103	
PT2-PR2	FURIN	0.1420555555555555	0.1443604441090553	0.3824445309219157	atman	0.103	
PT2-PR2	CD6	0.07372	0.1450722098041685	0.3839839210852678	atman	0.103	
PT2-PR2	CNTF	-0.6503222222222222	0.1455438394177721	0.3841636099062149	atman	0.103	
PT2-PR2	NRTN	-0.4411444444444444	0.1456141274324827	0.3841636099062149	atman	0.103	
PT2-PR2	CD3E	-0.1635666666666666	0.1456631250631461	0.3841636099062149	atman	0.103	
PT2-PR2	SERPINA9	0.1486444444444444	0.1455795409227778	0.3841636099062149	atman	0.103	
PT2-PR2	HNRNPK	0.2472333333333333	0.14603805457411	0.3846496132492084	atman	0.103	
PT2-PR2	UHRF2	-0.2083999999999999	0.146109247238297	0.3846496132492084	atman	0.103	
PT2-PR2	CHAC2	0.282675	0.1463988690716635	0.384993723411842	atman	0.103	
PT2-PR2	FAM3C	0.1278111111111111	0.1472290486082237	0.384993723411842	atman	0.103	
PT2-PR2	FOLR2	0.12525	0.1466087664998274	0.384993723411842	atman	0.103	
PT2-PR2	CHL1	0.11362	0.1468744966219877	0.384993723411842	atman	0.103	
PT2-PR2	DKK3	-0.08476	0.1469392485237119	0.384993723411842	atman	0.103	
PT2-PR2	SEMA3G	-0.0708	0.1474193120620566	0.384993723411842	atman	0.103	
PT2-PR2	NPTX1	0.0674599999999999	0.1473817999769358	0.384993723411842	atman	0.103	
PT2-PR2	CRTAC1	0.0565399999999999	0.1467709946461277	0.384993723411842	atman	0.103	
PT2-PR2	GUCA2A	0.05174	0.1473556296123073	0.384993723411842	atman	0.103	
PT2-PR2	GAS6	0.0541699999999999	0.1482127950606457	0.386722195282573	atman	0.103	
PT2-PR2	GORASP2	0.19629	0.1485424731366942	0.3872384969614975	atman	0.103	
PT2-PR2	KIAA1549L	-0.725111111111111	0.1490056452982144	0.3875814175702584	atman	0.103	
PT2-PR2	FKBP14	0.4133888888888889	0.1488139896073388	0.3875814175702584	atman	0.103	
PT2-PR2	RAB44	-0.3651799999999999	0.149201696144303	0.3875814175702584	atman	0.103	
PT2-PR2	ADGRE1	-0.15054	0.1491169645394181	0.3875814175702584	atman	0.103	
PT2-PR2	IMMT	0.25739	0.1496699474489038	0.388454333573215	atman	0.103	
PT2-PR2	HSPG2	0.09772	0.1498845818950576	0.3886680508452597	atman	0.103	
PT2-PR2	BCHE	0.1042222222222222	0.1505936292961165	0.3901623305749474	atman	0.103	
PT2-PR2	ARID4B	0.2188555555555555	0.151344162540304	0.3914165048797651	atman	0.103	
PT2-PR2	PDIA3	0.1884499999999999	0.1513023049227302	0.3914165048797651	atman	0.103	
PT2-PR2	DDI2	-0.3977799999999999	0.151881754829841	0.3924613858311986	atman	0.103	
PT2-PR2	SCN3B	-0.2677777777777778	0.1523389328893853	0.3932319599843673	atman	0.103	
PT2-PR2	CD93	0.10006	0.1524476522880171	0.3932319599843673	atman	0.103	
PT2-PR2	ZHX2	0.0968999999999999	0.1525961695618451	0.3932697773444747	atman	0.103	
PT2-PR2	NCAN	0.0897199999999999	0.1531850558116749	0.3944414495834365	atman	0.103	
PT2-PR2	SNU13	-0.22125	0.1534873957156191	0.3945284064851171	atman	0.103	
PT2-PR2	F7	0.11046	0.1533640665992246	0.3945284064851171	atman	0.103	
PT2-PR2	ATP1B4	-0.7141555555555557	0.1538173784227905	0.395030994585803	atman	0.103	
PT2-PR2	PDCD1	0.0884	0.1539976617547962	0.395148585358595	atman	0.103	
PT2-PR2	OGN	0.12125	0.1543951840217834	0.3958229063315879	atman	0.103	
PT2-PR2	COQ7	-0.1075999999999999	0.1545678011567686	0.3959199649508161	atman	0.103	
PT2-PR2	CDH23	-0.10905	0.1547026586037305	0.3959202186217425	atman	0.103	
PT2-PR2	EPB41L5	0.4538874999999999	0.1552731739003956	0.3967238291796554	atman	0.103	
PT2-PR2	DDX39A	0.1662199999999999	0.1552867268742694	0.3967238291796554	atman	0.103	
PT2-PR2	TMPRSS11B	-0.4305777777777777	0.1555479230731964	0.3970458714066474	atman	0.103	
PT2-PR2	TNFRSF1B	0.0790599999999999	0.1564060838993872	0.3988898216114581	atman	0.103	
PT2-PR2	ZBP1	-0.2000699999999999	0.1567778564825594	0.3994911902391672	atman	0.103	
PT2-PR2	MAPT	-0.4943333333333333	0.1582116343047883	0.4027953046685166	atman	0.103	
PT2-PR2	SNED1	-0.23735	0.1588383304619127	0.4029939679594989	atman	0.103	
PT2-PR2	RARRES2	0.17708	0.1585598580485236	0.4029939679594989	atman	0.103	
PT2-PR2	PON2	-0.1556	0.1585690937595885	0.4029939679594989	atman	0.103	
PT2-PR2	PECR	0.13281	0.1587374593709067	0.4029939679594989	atman	0.103	
PT2-PR2	LEP	0.2163444444444444	0.1591947279954908	0.4035497073776981	atman	0.103	
PT2-PR2	AREG	0.2081111111111111	0.1601754780858346	0.4056858229449847	atman	0.103	
PT2-PR2	ATF2	0.1992777777777777	0.1616600754406536	0.4085945805812326	atman	0.103	
PT2-PR2	CD164	0.15167	0.1617411494948855	0.4085945805812326	atman	0.103	
PT2-PR2	TXK	0.1208666666666666	0.1615253667199545	0.4085945805812326	atman	0.103	
PT2-PR2	F9	0.3821599999999999	0.1622831569561653	0.4086328742414374	atman	0.103	
PT2-PR2	IDO1	-0.2110699999999999	0.1622355958024068	0.4086328742414374	atman	0.103	
PT2-PR2	DTX3	0.1395666666666666	0.1622500870486436	0.4086328742414374	atman	0.103	
PT2-PR2	CNTN5	0.0694399999999999	0.1623126495029807	0.4086328742414374	atman	0.103	
PT2-PR2	GLA	-0.17712	0.1624670376347512	0.4086417181644663	atman	0.103	
PT2-PR2	FGFR4	0.09653	0.1627334275876193	0.4086417181644663	atman	0.103	
PT2-PR2	LGALS3	0.06606	0.1626603940580104	0.4086417181644663	atman	0.103	
PT2-PR2	MCFD2	0.1719	0.1636734898396104	0.410651334883668	atman	0.103	
PT2-PR2	STXBP3	-0.120375	0.1642612389790958	0.4117743345738768	atman	0.103	
PT2-PR2	CNTN3	0.0743	0.1646171860342964	0.4123148274243502	atman	0.103	
PT2-PR2	PTH	0.5731374999999999	0.1653728654055337	0.4138547517559269	atman	0.103	
PT2-PR2	PROCR	-0.340225	0.1664646488881391	0.4162324582411514	atman	0.103	
PT2-PR2	HS1BP3	0.4019400000000001	0.1667870164467613	0.4166838897283884	atman	0.103	
PT2-PR2	JAM3	0.1888999999999999	0.1671324652419985	0.4167681325333464	atman	0.103	
PT2-PR2	POLR2A	0.16433	0.1671720022488347	0.4167681325333464	atman	0.103	
PT2-PR2	TREM2	0.08175	0.167246299610897	0.4167681325333464	atman	0.103	
PT2-PR2	DRG2	0.3935444444444445	0.168295657045949	0.4180446100079653	atman	0.103	
PT2-PR2	CD274	0.1933999999999999	0.1681076176270832	0.4180446100079653	atman	0.103	
PT2-PR2	HS3ST3B1	0.1900222222222222	0.1684789978761067	0.4180446100079653	atman	0.103	
PT2-PR2	CHI3L1	0.16084	0.1687910444569516	0.4180446100079653	atman	0.103	
PT2-PR2	FCRL5	0.10899	0.1688968523075067	0.4180446100079653	atman	0.103	
PT2-PR2	PLA2G1B	0.10556	0.1686282400762819	0.4180446100079653	atman	0.103	
PT2-PR2	VEGFD	0.1014999999999999	0.1683178354481875	0.4180446100079653	atman	0.103	
PT2-PR2	CPA1	-0.05279	0.1683387724446841	0.4180446100079653	atman	0.103	
PT2-PR2	CADPS	-0.3211125	0.1691125306255492	0.4182261068837236	atman	0.103	
PT2-PR2	GGH	0.10157	0.1694158675764479	0.4186239015471857	atman	0.103	
PT2-PR2	TMOD4	-1.708888888888889	0.169826067271368	0.4187794899368741	atman	0.103	
PT2-PR2	HLA-E	0.2987375	0.1701786595961563	0.4187794899368741	atman	0.103	
PT2-PR2	CA8	-0.27115	0.1701915285856459	0.4187794899368741	atman	0.103	
PT2-PR2	CDH17	-0.241	0.1697015241549886	0.4187794899368741	atman	0.103	
PT2-PR2	CFI	0.06216	0.1700885018485505	0.4187794899368741	atman	0.103	
PT2-PR2	SUGP1	0.25161	0.1705801325905391	0.4193844598753172	atman	0.103	
PT2-PR2	HMBS	-0.3907699999999999	0.1708713788226605	0.4197492566730575	atman	0.103	
PT2-PR2	NUDT10	0.16922	0.1714079959164021	0.4203645175312098	atman	0.103	
PT2-PR2	CA4	0.11111	0.1713972009601896	0.4203645175312098	atman	0.103	
PT2-PR2	C1S	0.09844	0.1716072630007987	0.4205022007475786	atman	0.103	
PT2-PR2	ACP5	0.06114	0.1723805126295603	0.4220449550880402	atman	0.103	
PT2-PR2	IL17F	0.1977777777777778	0.1728413302467846	0.4228208395212766	atman	0.103	
PT2-PR2	NOMO1	0.0901399999999999	0.1746039253684288	0.4267773150852278	atman	0.103	
PT2-PR2	TMPRSS5	-0.1006	0.1753692129415547	0.4282915607832815	atman	0.103	
PT2-PR2	SCRIB	0.4112444444444445	0.176615196098248	0.4306716812466017	atman	0.103	
PT2-PR2	CPLX2	-0.2609666666666667	0.1766369557189091	0.4306716812466017	atman	0.103	
PT2-PR2	EDF1	0.2682888888888889	0.1769401461406281	0.4310531918417624	atman	0.103	
PT2-PR2	SLC27A4	0.4156333333333333	0.1771823141545976	0.4312855335428399	atman	0.103	
PT2-PR2	CLEC6A	0.20155	0.1781167790096716	0.4330173453537129	atman	0.103	
PT2-PR2	CNDP1	0.10023	0.1781885536190057	0.4330173453537129	atman	0.103	
PT2-PR2	GHR	-0.0509	0.1785351771065495	0.4335011159826797	atman	0.103	
PT2-PR2	RCC1	-0.12633	0.1788702396090915	0.4339560396131387	atman	0.103	
PT2-PR2	SERPIND1	0.0604499999999999	0.1791452408549356	0.4342646185080865	atman	0.103	
PT2-PR2	AOC1	-0.2423666666666666	0.179795993437086	0.4347659495622706	atman	0.103	
PT2-PR2	ADAMTSL5	0.17172	0.1796486583291405	0.4347659495622706	atman	0.103	
PT2-PR2	RNASE6	0.1259111111111111	0.1796460502236736	0.4347659495622706	atman	0.103	
PT2-PR2	TIA1	0.2393888888888889	0.1810975664062624	0.4375531662019727	atman	0.103	
PT2-PR2	LAIR1	0.11453	0.181817341226818	0.438931264194241	atman	0.103	
PT2-PR2	ADGRV1	-0.4085333333333333	0.1832953962502259	0.4400239662438912	atman	0.103	
PT2-PR2	STEAP4	-0.3082777777777777	0.1825342726373768	0.4400239662438912	atman	0.103	
PT2-PR2	INPP5J	0.3067	0.1835716103851807	0.4400239662438912	atman	0.103	
PT2-PR2	CEP290	0.2441888888888889	0.1834950220473863	0.4400239662438912	atman	0.103	
PT2-PR2	CHGA	0.2361299999999999	0.1825806531750626	0.4400239662438912	atman	0.103	
PT2-PR2	AMOT	0.12314	0.1832779453236535	0.4400239662438912	atman	0.103	
PT2-PR2	IL18BP	0.10617	0.183334988339245	0.4400239662438912	atman	0.103	
PT2-PR2	INHBC	0.07841	0.1836178974183153	0.4400239662438912	atman	0.103	
PT2-PR2	BMPER	-0.06161	0.1832895449936575	0.4400239662438912	atman	0.103	
PT2-PR2	TNF	0.1604777777777777	0.1838566962722323	0.4402371423372605	atman	0.103	
PT2-PR2	CES2	-0.1831222222222222	0.1840971192668381	0.4404538570081193	atman	0.103	
PT2-PR2	RRAS	0.5635249999999999	0.1846689364952625	0.4414031620545226	atman	0.103	
PT2-PR2	GSAP	0.271675	0.185094858969085	0.4414031620545226	atman	0.103	
PT2-PR2	ACADM	-0.2379444444444444	0.184967467602501	0.4414031620545226	atman	0.103	
PT2-PR2	ARHGAP30	-0.1126888888888889	0.1850836337861521	0.4414031620545226	atman	0.103	
PT2-PR2	CCDC28A	-0.4610375	0.1862748506975744	0.4438568624083323	atman	0.103	
PT2-PR2	AOC3	0.08684	0.1867104936458519	0.4445343843853427	atman	0.103	
PT2-PR2	TNPO1	-0.3151555555555556	0.1870799327301069	0.4446122776456916	atman	0.103	
PT2-PR2	PCBP2	0.2216777777777777	0.1873485363258564	0.4446122776456916	atman	0.103	
PT2-PR2	ABO	0.2023777777777777	0.1870669029522398	0.4446122776456916	atman	0.103	
PT2-PR2	ITGB1	0.0556999999999999	0.1872974615837395	0.4446122776456916	atman	0.103	
PT2-PR2	GNE	0.4687125	0.1877464025583084	0.4451968770914529	atman	0.103	
PT2-PR2	CENPJ	0.5023111111111112	0.1885050106959833	0.4458607851829642	atman	0.103	
PT2-PR2	ABCA2	0.4404499999999999	0.1886334091158694	0.4458607851829642	atman	0.103	
PT2-PR2	CSNK1D	-0.24567	0.1883579484622255	0.4458607851829642	atman	0.103	
PT2-PR2	SCGN	0.2012444444444444	0.1882707824959331	0.4458607851829642	atman	0.103	
PT2-PR2	EFNA1	0.1224099999999999	0.1899284842830313	0.4485610022697315	atman	0.103	
PT2-PR2	ENOX2	0.3238875	0.1902229392252825	0.4488955786697832	atman	0.103	
PT2-PR2	PDXDC1	-0.3174777777777777	0.190495449294048	0.4491778732150185	atman	0.103	
PT2-PR2	ERC2	0.485825	0.1914544626570844	0.4507251590497143	atman	0.103	
PT2-PR2	NDST1	-0.23902	0.1914888476666134	0.4507251590497143	atman	0.103	
PT2-PR2	CPVL	0.1833499999999999	0.1916118868798819	0.4507251590497143	atman	0.103	
PT2-PR2	YAP1	-0.10469	0.1921638098104985	0.4516618185785957	atman	0.103	
PT2-PR2	SGSH	0.1186899999999999	0.1931793409330902	0.4533234054803665	atman	0.103	
PT2-PR2	HEPACAM2	-0.1064599999999999	0.1931034291746218	0.4533234054803665	atman	0.103	
PT2-PR2	ICA1	0.3391444444444444	0.193383176997139	0.4534395642598519	atman	0.103	
PT2-PR2	CILP	0.32418	0.1935700504331965	0.4535157959910139	atman	0.103	
PT2-PR2	ACHE	-0.0993199999999999	0.1941280342931945	0.4544606890465384	atman	0.103	
PT2-PR2	CTSD	0.11181	0.1947578454616318	0.4552096658442915	atman	0.103	
PT2-PR2	TNFRSF13B	0.0798799999999999	0.1947324562302665	0.4552096658442915	atman	0.103	
PT2-PR2	PDGFB	0.59631	0.1949296214341451	0.4552489886911912	atman	0.103	
PT2-PR2	ICAM1	0.10244	0.195314674075866	0.4555714129362072	atman	0.103	
PT2-PR2	KYNU	0.0660499999999999	0.1953778013273046	0.4555714129362072	atman	0.103	
PT2-PR2	UMOD	0.0615599999999999	0.195584813936462	0.4556924530890763	atman	0.103	
PT2-PR2	KCTD5	0.21223	0.1959016863297975	0.4560690605681023	atman	0.103	
PT2-PR2	CAMLG	0.3112125	0.1960745507714802	0.456110079308479	atman	0.103	
PT2-PR2	DAND5	-2.2119	0.1964857040034171	0.4563438722229562	atman	0.103	
PT2-PR2	CCL4	0.22839	0.1963899543597027	0.4563438722229562	atman	0.103	
PT2-PR2	KCNC4	-0.4290111111111112	0.1970596388009149	0.4573153387022812	atman	0.103	
PT2-PR2	GALNT7	0.1085999999999999	0.1972834328312256	0.4574733430608846	atman	0.103	
PT2-PR2	EIF4EBP1	0.2251444444444444	0.1977709281763657	0.4582421032982355	atman	0.103	
PT2-PR2	ZP4	-0.1734444444444444	0.1982196970186671	0.458919991994361	atman	0.103	
PT2-PR2	IPCEF1	0.4604888888888889	0.1990917883900509	0.4594907103613272	atman	0.103	
PT2-PR2	EPHA10	-0.4059777777777777	0.199014563754093	0.4594907103613272	atman	0.103	
PT2-PR2	RUVBL1	0.1810999999999999	0.199042520278031	0.4594907103613272	atman	0.103	
PT2-PR2	CTSC	0.16986	0.1988022605304715	0.4594907103613272	atman	0.103	
PT2-PR2	TFF2	0.10222	0.1994572524203275	0.4599728474183063	atman	0.103	
PT2-PR2	PSPN	0.1173875	0.1996911803777847	0.4601511278038679	atman	0.103	
PT2-PR2	PNPT1	0.2148333333333333	0.1999790673462971	0.4604533697989192	atman	0.103	
PT2-PR2	SUMF1	0.2226899999999999	0.2012200473830263	0.4625856801340621	atman	0.103	
PT2-PR2	GLIPR1	0.2202099999999999	0.2011681142278538	0.4625856801340621	atman	0.103	
PT2-PR2	SELL	0.0680699999999999	0.2016111918152656	0.4631225031690777	atman	0.103	
PT2-PR2	NPL	0.13801	0.2018193751263901	0.4632385344697923	atman	0.103	
PT2-PR2	FGFR2	-0.0994333333333333	0.2023980357666217	0.4642040820314868	atman	0.103	
PT2-PR2	NCS1	0.0667199999999999	0.2028690230973477	0.4649213649454039	atman	0.103	
PT2-PR2	TG	-0.20227	0.2033276995028909	0.465609338378405	atman	0.103	
PT2-PR2	LGALS9	0.06916	0.2035088055968432	0.4656611143641164	atman	0.103	
PT2-PR2	UPB1	-0.7746000000000002	0.2047361953950401	0.4659239200712795	atman	0.103	
PT2-PR2	SCIN	-0.5450333333333335	0.2048721627911138	0.4659239200712795	atman	0.103	
PT2-PR2	PCYT2	0.39239	0.2047719913665715	0.4659239200712795	atman	0.103	
PT2-PR2	MRI1	0.3354125	0.2056591564024468	0.4659239200712795	atman	0.103	
PT2-PR2	SDHB	0.2201399999999999	0.2055098652755651	0.4659239200712795	atman	0.103	
PT2-PR2	RPE	0.1974777777777777	0.2058438557700888	0.4659239200712795	atman	0.103	
PT2-PR2	RASA1	0.1636111111111111	0.205173776901165	0.4659239200712795	atman	0.103	
PT2-PR2	GPRC5C	0.1402999999999999	0.2056622423823277	0.4659239200712795	atman	0.103	
PT2-PR2	RNASE10	0.1205899999999999	0.2050230424588792	0.4659239200712795	atman	0.103	
PT2-PR2	LAYN	-0.1198666666666666	0.2048244114476678	0.4659239200712795	atman	0.103	
PT2-PR2	CCL15	-0.10436	0.2040204514415975	0.4659239200712795	atman	0.103	
PT2-PR2	REG4	0.0776799999999999	0.2052641445584253	0.4659239200712795	atman	0.103	
PT2-PR2	NAGPA	-0.0583099999999999	0.2043268978991987	0.4659239200712795	atman	0.103	
PT2-PR2	CRYBB2	-0.05645	0.2057921146434829	0.4659239200712795	atman	0.103	
PT2-PR2	REN	0.1376111111111111	0.2062840812411566	0.4665609166177968	atman	0.103	
PT2-PR2	MAPK9	0.3437125	0.2069086894446294	0.4672542118280718	atman	0.103	
PT2-PR2	LMOD1	-0.1436111111111111	0.20682763031727	0.4672542118280718	atman	0.103	
PT2-PR2	SNX2	-0.1313299999999999	0.2072333730440212	0.467627995394266	atman	0.103	
PT2-PR2	NPPC	-0.1809374999999999	0.2074150797863017	0.4676788214981998	atman	0.103	
PT2-PR2	BCAT1	0.10034	0.2076112764764404	0.4677622164783603	atman	0.103	
PT2-PR2	ERCC1	-0.2795777777777777	0.208317235680489	0.4686340263623864	atman	0.103	
PT2-PR2	NRXN3	-0.160575	0.2081929002751932	0.4686340263623864	atman	0.103	
PT2-PR2	MAGEA3	0.6137555555555556	0.2089515851714734	0.4692010924442443	atman	0.103	
PT2-PR2	ASPSCR1	0.2389333333333333	0.2087506816713062	0.4692010924442443	atman	0.103	
PT2-PR2	IGFBP3	0.08196	0.2090484104865608	0.4692010924442443	atman	0.103	
PT2-PR2	SCARA5	0.17175	0.2094741771782136	0.4697978111065584	atman	0.103	
PT2-PR2	ATXN2	0.2361555555555555	0.2098049806060484	0.4701808032193519	atman	0.103	
PT2-PR2	RGMB	0.11294	0.210700514711084	0.4718278294368636	atman	0.103	
PT2-PR2	HEPH	-0.1394099999999999	0.2110662867950621	0.4722869387691489	atman	0.103	
PT2-PR2	TPSAB1	-0.07379	0.2113576582351619	0.4725789953538096	atman	0.103	
PT2-PR2	FNTA	-0.28964	0.2118907752995484	0.4734107207833257	atman	0.103	
PT2-PR2	ATP6V1G2	0.7054625000000001	0.2123552760790275	0.4740879947721754	atman	0.103	
PT2-PR2	SOWAHA	-0.27425	0.2125901474086249	0.4742519765273651	atman	0.103	
PT2-PR2	ZCCHC8	-0.38815	0.2131245283091187	0.4750833567315561	atman	0.103	
PT2-PR2	SOX9	-0.2598874999999999	0.213593804877417	0.4757684599923058	atman	0.103	
PT2-PR2	PSME2	0.2569333333333333	0.2137818380721268	0.4758265456484155	atman	0.103	
PT2-PR2	FETUB	0.06887	0.2139922553799098	0.4759343272567563	atman	0.103	
PT2-PR2	IL10RB	0.06308	0.214222598400803	0.4760862285185774	atman	0.103	
PT2-PR2	CRX	0.0641222222222222	0.2153086057588515	0.4781380829323552	atman	0.103	
PT2-PR2	TNFSF11	-0.1623375	0.2157488297858458	0.4787538231954797	atman	0.103	
PT2-PR2	IGF2BP3	-0.3491875	0.216599749247031	0.4791943247648925	atman	0.103	
PT2-PR2	BRD3	0.2129875	0.21648517279709	0.4791943247648925	atman	0.103	
PT2-PR2	SERPINB8	-0.1853399999999999	0.2165349204104705	0.4791943247648925	atman	0.103	
PT2-PR2	DCN	0.0869666666666666	0.2161591048310391	0.4791943247648925	atman	0.103	
PT2-PR2	RANGAP1	0.107625	0.2169467809301317	0.4796009348177028	atman	0.103	
PT2-PR2	NDUFA5	0.21712	0.2176734440562757	0.4801735962446561	atman	0.103	
PT2-PR2	CALCB	0.1190599999999999	0.217632198805787	0.4801735962446561	atman	0.103	
PT2-PR2	SPINK1	0.08559	0.2176961300877746	0.4801735962446561	atman	0.103	
PT2-PR2	S100G	0.2178333333333334	0.2179721025962089	0.4804216334791161	atman	0.103	
PT2-PR2	PLXDC2	0.1525	0.2187324088522537	0.4817359949084869	atman	0.103	
PT2-PR2	FBN2	-0.6486500000000001	0.2197718764947167	0.4817956518442758	atman	0.103	
PT2-PR2	FGL1	0.4272555555555555	0.2190452711115473	0.4817956518442758	atman	0.103	
PT2-PR2	NAA80	0.384725	0.2195859669005011	0.4817956518442758	atman	0.103	
PT2-PR2	AMPD3	-0.36032	0.2197972446425173	0.4817956518442758	atman	0.103	
PT2-PR2	TREH	0.1558999999999999	0.2190947928826014	0.4817956518442758	atman	0.103	
PT2-PR2	TNFSF8	0.14012	0.2193356490662308	0.4817956518442758	atman	0.103	
PT2-PR2	NME3	0.0706099999999999	0.2199074095041435	0.4817956518442758	atman	0.103	
PT2-PR2	SPARCL1	0.08763	0.2201251317923871	0.4819132915097119	atman	0.103	
PT2-PR2	COL4A4	-0.8988222222222222	0.220633395101361	0.4819486355448318	atman	0.103	
PT2-PR2	MYOM2	-0.2779125	0.2203990271046749	0.4819486355448318	atman	0.103	
PT2-PR2	HLA-DRA	-0.127325	0.2205017452746047	0.4819486355448318	atman	0.103	
PT2-PR2	PINLYP	-0.18799	0.2216072355018503	0.483716239156342	atman	0.103	
PT2-PR2	NPHS2	-0.26424	0.2227366906223782	0.4858206362646973	atman	0.103	
PT2-PR2	ALCAM	0.05449	0.2230085275220235	0.4860527105784162	atman	0.103	
PT2-PR2	EVI2B	-0.2627777777777778	0.2242957285225555	0.4877726501845064	atman	0.103	
PT2-PR2	ENDOU	0.17174	0.2242409812086112	0.4877726501845064	atman	0.103	
PT2-PR2	GSR	0.1084999999999999	0.2241964918803911	0.4877726501845064	atman	0.103	
PT2-PR2	LRFN2	-0.1892375	0.2250189561984406	0.4889835009696882	atman	0.103	
PT2-PR2	SPRR3	-0.16112	0.2255751015757701	0.4898297475459073	atman	0.103	
PT2-PR2	LAMP2	0.0433599999999999	0.2259381440051435	0.4902557364011165	atman	0.103	
PT2-PR2	IL1R2	0.0484699999999999	0.2261146233937958	0.49027657825164	atman	0.103	
PT2-PR2	AMY2B	0.06573	0.2264713686083386	0.490687965318067	atman	0.103	
PT2-PR2	SLC16A1	0.2911777777777777	0.2274244833454712	0.4922825109224633	atman	0.103	
PT2-PR2	TNFRSF8	0.05128	0.2275424267640249	0.4922825109224633	atman	0.103	
PT2-PR2	MYL6B	0.489875	0.2284305070751771	0.492350693470201	atman	0.103	
PT2-PR2	ATP5F1D	0.2466375	0.2279641380524328	0.492350693470201	atman	0.103	
PT2-PR2	ACOX1	0.2183	0.2277607457286823	0.492350693470201	atman	0.103	
PT2-PR2	SORBS1	0.1638111111111111	0.2284000131108281	0.492350693470201	atman	0.103	
PT2-PR2	PPIF	0.1538199999999999	0.2285794233809919	0.492350693470201	atman	0.103	
PT2-PR2	PSCA	-0.12603	0.2283826949787877	0.492350693470201	atman	0.103	
PT2-PR2	PAPPA	0.4761444444444443	0.2290331169325992	0.4926056351010076	atman	0.103	
PT2-PR2	LILRB2	0.0591099999999999	0.2288763677791774	0.4926056351010076	atman	0.103	
PT2-PR2	AXL	0.0624	0.2296054202707353	0.4934752924326412	atman	0.103	
PT2-PR2	AIF1	0.22635	0.2315826293627281	0.4965044184070709	atman	0.103	
PT2-PR2	TOP1	-0.1236	0.23169079565558	0.4965044184070709	atman	0.103	
PT2-PR2	PRELP	0.06618	0.2314404287034048	0.4965044184070709	atman	0.103	
PT2-PR2	TNFSF13B	0.0529	0.2316793110858459	0.4965044184070709	atman	0.103	
PT2-PR2	RTKN2	0.37215	0.2322505341281977	0.4971029451831135	atman	0.103	
PT2-PR2	SPRR1B	-0.3292	0.2331447506242656	0.4971029451831135	atman	0.103	
PT2-PR2	LMOD1	-0.27804	0.2331306791417773	0.4971029451831135	atman	0.103	
PT2-PR2	NCLN	0.1825111111111111	0.2327164825032222	0.4971029451831135	atman	0.103	
PT2-PR2	DRAXIN	0.0877888888888888	0.2331254949202597	0.4971029451831135	atman	0.103	
PT2-PR2	DSG3	-0.08532	0.2331544787142037	0.4971029451831135	atman	0.103	
PT2-PR2	AMY1A_AMY1B_AMY1C	0.0706888888888888	0.2329157914582742	0.4971029451831135	atman	0.103	
PT2-PR2	COX5B	0.4785555555555556	0.2333538836874273	0.4971673025914877	atman	0.103	
PT2-PR2	BCAT2	-0.3717555555555556	0.2340084765956387	0.4977746918618224	atman	0.103	
PT2-PR2	ENPEP	0.3505374999999999	0.2340069897403225	0.4977746918618224	atman	0.103	
PT2-PR2	ENPP5	0.05851	0.234147251243376	0.4977746918618224	atman	0.103	
PT2-PR2	IGLON5	-0.2839555555555555	0.2348710778930227	0.4989524416845269	atman	0.103	
PT2-PR2	PSMD1	0.7770555555555555	0.2355571568875345	0.4996873118668422	atman	0.103	
PT2-PR2	CLTA	0.1503222222222222	0.2354076563708069	0.4996873118668422	atman	0.103	
PT2-PR2	MMP13	0.2448111111111111	0.2365777258664323	0.5014901577168674	atman	0.103	
PT2-PR2	RBP5	0.2387999999999999	0.2368371167122296	0.5016780453500581	atman	0.103	
PT2-PR2	DLL4	-0.3365599999999999	0.2372841516495512	0.5019012509333199	atman	0.103	
PT2-PR2	SEPTIN9	0.1446	0.2372383285483952	0.5019012509333199	atman	0.103	
PT2-PR2	KLRC1	-0.3215444444444444	0.2378801685292999	0.5024384868002036	atman	0.103	
PT2-PR2	NMT1	0.270211111111111	0.2377315204664165	0.5024384868002036	atman	0.103	
PT2-PR2	AHSP	-0.2473	0.2383719606612129	0.5031155319128187	atman	0.103	
PT2-PR2	CA9	0.09873	0.2385563310018201	0.5031432164273852	atman	0.103	
PT2-PR2	CALB1	-0.1761333333333333	0.2389183582218921	0.5035452915752647	atman	0.103	
PT2-PR2	ENPP2	0.0506399999999999	0.2391293442542084	0.5036286834543829	atman	0.103	
PT2-PR2	FCGR2B	0.5962000000000001	0.2397174372990509	0.5037619591627784	atman	0.103	
PT2-PR2	FGA	0.5113999999999999	0.2393651187920848	0.5037619591627784	atman	0.103	
PT2-PR2	FGF19	0.15758	0.2397764688174795	0.5037619591627784	atman	0.103	
PT2-PR2	PAM	0.05511	0.2398784822562039	0.5037619591627784	atman	0.103	
PT2-PR2	ADH1B	-0.16022	0.2407674394607124	0.5052676693825522	atman	0.103	
PT2-PR2	CHAD	0.06982	0.2417379930811436	0.5069423438061385	atman	0.103	
PT2-PR2	AMBP	-0.0581399999999999	0.24220424437534	0.5071960584281889	atman	0.103	
PT2-PR2	FCRL1	0.0535777777777777	0.2421983255895956	0.5071960584281889	atman	0.103	
PT2-PR2	FDX2	0.5224624999999999	0.2424337748158751	0.507315121373961	atman	0.103	
PT2-PR2	FGF6	-0.25038	0.2432147938453583	0.5085872343897957	atman	0.103	
PT2-PR2	CRYM	-0.2998111111111111	0.2443066511197675	0.5098648206851514	atman	0.103	
PT2-PR2	RNF43	-0.1706888888888889	0.2440227896166167	0.5098648206851514	atman	0.103	
PT2-PR2	MAMDC2	-0.04931	0.2443463810499295	0.5098648206851514	atman	0.103	
PT2-PR2	PPM1B	-0.1511399999999999	0.2447247372683818	0.5099299844641886	atman	0.103	
PT2-PR2	LYVE1	0.0683999999999999	0.2445963309992702	0.5099299844641886	atman	0.103	
PT2-PR2	MYOM3	-0.0680799999999999	0.2451340016654528	0.5104207632126864	atman	0.103	
PT2-PR2	BTNL10	0.1808	0.2465217460329314	0.5129468058390598	atman	0.103	
PT2-PR2	PFDN2	0.4876666666666667	0.2467826919282911	0.5131263615607357	atman	0.103	
PT2-PR2	STOML2	-0.6292777777777777	0.2469926920152791	0.5131998084447597	atman	0.103	
PT2-PR2	LILRB5	0.0650699999999999	0.2473704440809023	0.5136214591587923	atman	0.103	
PT2-PR2	DPY30	0.2626199999999999	0.2478032949806179	0.5137793837561453	atman	0.103	
PT2-PR2	GLYR1	-0.13786	0.248067349009815	0.5137793837561453	atman	0.103	
PT2-PR2	REG1A	0.0810799999999999	0.2478199902827855	0.5137793837561453	atman	0.103	
PT2-PR2	CD86	-0.06334	0.2481459991660892	0.5137793837561453	atman	0.103	
PT2-PR2	NOP56	0.1925624999999999	0.2484301679284979	0.513919703469465	atman	0.103	
PT2-PR2	USP28	0.0974199999999999	0.2485636142376139	0.513919703469465	atman	0.103	
PT2-PR2	RPGR	-0.357	0.2490495152915603	0.5145622193576683	atman	0.103	
PT2-PR2	TSPYL1	0.19568	0.249361347913104	0.5148444414397046	atman	0.103	
PT2-PR2	CD160	0.0865499999999999	0.2504247621939988	0.5166769321109329	atman	0.103	
PT2-PR2	HSPB6	-0.17207	0.2509916355346622	0.5174831054040965	atman	0.103	
PT2-PR2	RABGAP1L	0.2089666666666666	0.2518186896645282	0.5188242007253745	atman	0.103	
PT2-PR2	GJA8	-0.392511111111111	0.2524930352115675	0.5192018942087884	atman	0.103	
PT2-PR2	LEO1	0.2323	0.2522235394063659	0.5192018942087884	atman	0.103	
PT2-PR2	GPR37	-0.1834333333333333	0.2525321670607074	0.5192018942087884	atman	0.103	
PT2-PR2	RICTOR	-0.19932	0.2527419471237502	0.5192698186360686	atman	0.103	
PT2-PR2	FSTL3	0.09337	0.2529800527878931	0.5193958036972957	atman	0.103	
PT2-PR2	GPR15L	-0.2864199999999999	0.2534105321026221	0.5199163011993742	atman	0.103	
PT2-PR2	KLF4	-0.4769111111111111	0.2548305599358165	0.521589990281201	atman	0.103	
PT2-PR2	TGFB2	-0.32536	0.2549364281973467	0.521589990281201	atman	0.103	
PT2-PR2	KYAT1	0.2918777777777778	0.2547633295302456	0.521589990281201	atman	0.103	
PT2-PR2	SERPINC1	0.03691	0.2549333626330106	0.521589990281201	atman	0.103	
PT2-PR2	RBM25	-0.8290000000000001	0.2555718764697663	0.5225262164705452	atman	0.103	
PT2-PR2	CEP164	0.6877111111111112	0.2559492440126774	0.5229338518144967	atman	0.103	
PT2-PR2	CCL17	0.30917	0.2564538336519208	0.5236006694019065	atman	0.103	
PT2-PR2	RNF168	-0.28758	0.2570030427354206	0.5239937123918569	atman	0.103	
PT2-PR2	IL20RA	0.2277777777777777	0.2569025609780269	0.5239937123918569	atman	0.103	
PT2-PR2	IFNAR1	-0.0711	0.2577018745535617	0.5250541660460225	atman	0.103	
PT2-PR2	RRM2B	0.2669874999999999	0.2580051677994421	0.5253078191231886	atman	0.103	
PT2-PR2	GHRL	0.2016111111111111	0.2593043047217704	0.5261298669009403	atman	0.103	
PT2-PR2	GGT5	0.1457222222222222	0.2589795943768558	0.5261298669009403	atman	0.103	
PT2-PR2	RLN1	0.1221111111111111	0.2588060360967297	0.5261298669009403	atman	0.103	
PT2-PR2	VAT1	-0.0683888888888889	0.2590407906198564	0.5261298669009403	atman	0.103	
PT2-PR2	SUSD2	0.05687	0.2592941374724942	0.5261298669009403	atman	0.103	
PT2-PR2	NRCAM	-0.0934888888888889	0.2607352638784799	0.5286681885955652	atman	0.103	
PT2-PR2	OMP	0.1342999999999999	0.2614352419310726	0.5296908418865115	atman	0.103	
PT2-PR2	PGF	0.09734	0.2616833874498954	0.5296908418865115	atman	0.103	
PT2-PR2	CTBS	0.0678444444444444	0.2617804977601139	0.5296908418865115	atman	0.103	
PT2-PR2	IL6	0.58795	0.2620184274568333	0.5298073915128537	atman	0.103	
PT2-PR2	CST1	-0.19282	0.2631046090032898	0.5316377862803751	atman	0.103	
PT2-PR2	ECM1	0.2171	0.2639527463473583	0.5329849957172088	atman	0.103	
PT2-PR2	LILRB1	0.06087	0.2643811456120888	0.5334833831101078	atman	0.103	
PT2-PR2	CSTB	0.0683999999999999	0.2655654720129297	0.5353371397335237	atman	0.103	
PT2-PR2	OSMR	0.0637	0.2656642442925383	0.5353371397335237	atman	0.103	
PT2-PR2	PLXDC1	0.15975	0.2662165394354823	0.5357152005900322	atman	0.103	
PT2-PR2	CDH1	0.0853199999999999	0.26615190048854	0.5357152005900322	atman	0.103	
PT2-PR2	SNX18	-0.0830299999999999	0.2665271863716709	0.535973219411341	atman	0.103	
PT2-PR2	PGA4	0.1000555555555555	0.2673549969496411	0.5372701648687043	atman	0.103	
PT2-PR2	ENTPD2	0.1638249999999999	0.2684736708302457	0.5384558530499906	atman	0.103	
PT2-PR2	CST5	-0.1147222222222222	0.2685224307403011	0.5384558530499906	atman	0.103	
PT2-PR2	DPP10	-0.089075	0.2686781077506079	0.5384558530499906	atman	0.103	
PT2-PR2	CR2	0.07759	0.2685368019703553	0.5384558530499906	atman	0.103	
PT2-PR2	LMOD1	0.04267	0.2688749696592314	0.5384830680700898	atman	0.103	
PT2-PR2	PYY	-0.36155	0.2696822397336154	0.5397318939627807	atman	0.103	
PT2-PR2	CABP2	0.493025	0.2701914568495756	0.5403829136991511	atman	0.103	
PT2-PR2	TNFRSF17	-0.08413	0.270633205959423	0.5408982034753638	atman	0.103	
PT2-PR2	GAGE2A	-0.2709111111111111	0.2727804427686444	0.5448191304243898	atman	0.103	
PT2-PR2	DEFB4A_DEFB4B	0.5924333333333333	0.2732453591859665	0.545065369539254	atman	0.103	
PT2-PR2	TPPP2	0.2653777777777777	0.2734362904418914	0.545065369539254	atman	0.103	
PT2-PR2	IL2RA	0.0499499999999999	0.2734602977198299	0.545065369539254	atman	0.103	
PT2-PR2	MTHFD2	0.10747	0.2739805344589077	0.5453623375611591	atman	0.103	
PT2-PR2	KIT	0.05931	0.2738003805658024	0.5453623375611591	atman	0.103	
PT2-PR2	DCTN6	0.4151111111111111	0.2752991243031348	0.5476159967519365	atman	0.103	
PT2-PR2	CCL16	0.06145	0.2759395541557703	0.5481476741782645	atman	0.103	
PT2-PR2	PCBD1	-0.0365599999999999	0.2757994610238921	0.5481476741782645	atman	0.103	
PT2-PR2	POSTN	0.07785	0.2761732531598491	0.5482412282321869	atman	0.103	
PT2-PR2	PLCB2	0.6332800000000001	0.2769810826702423	0.5489028835649943	atman	0.103	
PT2-PR2	TCL1B	0.2934666666666667	0.2775008054302286	0.5489028835649943	atman	0.103	
PT2-PR2	PTK7	0.2021444444444444	0.2774991632166554	0.5489028835649943	atman	0.103	
PT2-PR2	ARNTL	-0.1761749999999999	0.2767772594143882	0.5489028835649943	atman	0.103	
PT2-PR2	F3	-0.08812	0.2776275306254532	0.5489028835649943	atman	0.103	
PT2-PR2	DCTPP1	0.0701444444444444	0.2774987954277774	0.5489028835649943	atman	0.103	
PT2-PR2	PTP4A3	0.24157	0.2779515333034672	0.5491739104543286	atman	0.103	
PT2-PR2	NAMPT	0.2283	0.2788246990163046	0.5505288748050423	atman	0.103	
PT2-PR2	CASP4	-0.4033666666666667	0.2799923873676975	0.5520144229378695	atman	0.103	
PT2-PR2	ACTN2	0.2349375	0.2800513189365738	0.5520144229378695	atman	0.103	
PT2-PR2	PROC	0.08558	0.2801407435671761	0.5520144229378695	atman	0.103	
PT2-PR2	RNASE1	0.1405555555555555	0.2806259644753481	0.552599922003065	atman	0.103	
PT2-PR2	EPN1	-0.2768555555555555	0.2809277355351756	0.5528236349647327	atman	0.103	
PT2-PR2	HDGF	0.2366499999999999	0.2812183965451227	0.5530252001670486	atman	0.103	
PT2-PR2	IFNL2	-0.1493555555555555	0.2817101652782059	0.5535061522716396	atman	0.103	
PT2-PR2	PDE4D	-0.145925	0.282020318541468	0.5535061522716396	atman	0.103	
PT2-PR2	KIAA2013	0.1003999999999999	0.2820281517871492	0.5535061522716396	atman	0.103	
PT2-PR2	CCN5	0.12602	0.2834761534371202	0.5552532745353177	atman	0.103	
PT2-PR2	CELA2A	-0.1216899999999999	0.2834853341739198	0.5552532745353177	atman	0.103	
PT2-PR2	CLUL1	0.0645666666666666	0.2833851312525648	0.5552532745353177	atman	0.103	
PT2-PR2	LILRA6	-0.1014799999999999	0.2854283664378421	0.55868656935002	atman	0.103	
PT2-PR2	FOXO1	0.1685249999999999	0.2862501493151881	0.5595495267385381	atman	0.103	
PT2-PR2	TNFRSF12A	-0.0849333333333333	0.2860938399467583	0.5595495267385381	atman	0.103	
PT2-PR2	SPTBN2	-0.2866777777777778	0.2877158185686523	0.5620406083475403	atman	0.103	
PT2-PR2	LTBP3	0.1639875	0.2881321051493444	0.5621063246539002	atman	0.103	
PT2-PR2	IFIT1	-0.1326555555555555	0.2880674266042018	0.5621063246539002	atman	0.103	
PT2-PR2	SIAE	0.2985333333333333	0.2892412360093652	0.5634095524563174	atman	0.103	
PT2-PR2	ARG2	-0.2757199999999999	0.2893754304481222	0.5634095524563174	atman	0.103	
PT2-PR2	NFKB2	-0.1139888888888888	0.2892628449234524	0.5634095524563174	atman	0.103	
PT2-PR2	S100A11	-0.1673888888888889	0.2897792970625574	0.5637934822156234	atman	0.103	
PT2-PR2	CD300LF	0.09533	0.2900691997793325	0.5637934822156234	atman	0.103	
PT2-PR2	NOTCH1	0.0483699999999999	0.290148313516005	0.5637934822156234	atman	0.103	
PT2-PR2	TEK	0.0456444444444444	0.2905383878555403	0.5641783103235806	atman	0.103	
PT2-PR2	ERP44	0.0784333333333333	0.2911013670801226	0.5648981614804492	atman	0.103	
PT2-PR2	CACNA1C	-0.2373999999999999	0.2912969542142329	0.5649045884365784	atman	0.103	
PT2-PR2	UPK3A	0.9756222222222222	0.2919786831887307	0.5658531472351523	atman	0.103	
PT2-PR2	JUN	0.1785333333333333	0.2922236466187349	0.5659545641172334	atman	0.103	
PT2-PR2	IL13RA2	-0.3523666666666665	0.2927552852001649	0.5660158836072984	atman	0.103	
PT2-PR2	TRAF3IP2	-0.1628	0.2928332685783164	0.5660158836072984	atman	0.103	
PT2-PR2	MBL2	-0.06636	0.2926913653778031	0.5660158836072984	atman	0.103	
PT2-PR2	PSMA1	0.179675	0.2942274465323455	0.5668909572387015	atman	0.103	
PT2-PR2	FGF5	0.1415111111111111	0.2940586264281917	0.5668909572387015	atman	0.103	
PT2-PR2	IGDCC4	0.12965	0.2936486181732898	0.5668909572387015	atman	0.103	
PT2-PR2	PODXL	-0.0842	0.2938436024929673	0.5668909572387015	atman	0.103	
PT2-PR2	SCLY	0.06386	0.2942507521405786	0.5668909572387015	atman	0.103	
PT2-PR2	YJU2	-0.26813	0.294704860861902	0.567393762262299	atman	0.103	
PT2-PR2	ARFIP1	0.2139444444444444	0.2951231976244988	0.5678270822663899	atman	0.103	
PT2-PR2	MELTF	-0.0731899999999999	0.2962334632439736	0.5695902585149178	atman	0.103	
PT2-PR2	TNXB	0.07346	0.2964828732644844	0.569696979497093	atman	0.103	
PT2-PR2	MEGF10	0.04708	0.2975131009692755	0.5713029350638769	atman	0.103	
PT2-PR2	TLR2	-0.3361888888888888	0.2993410781085397	0.5729407736044884	atman	0.103	
PT2-PR2	BCL2L15	-0.2680099999999999	0.2987702170253972	0.5729407736044884	atman	0.103	
PT2-PR2	PKLR	-0.21084	0.2992106737790831	0.5729407736044884	atman	0.103	
PT2-PR2	PAGR1	0.1783699999999999	0.2986880387033097	0.5729407736044884	atman	0.103	
PT2-PR2	CTRB1	-0.05048	0.2991629870725194	0.5729407736044884	atman	0.103	
PT2-PR2	SLC28A1	0.2246111111111111	0.2998067976597354	0.5734585752111345	atman	0.103	
PT2-PR2	BIRC2	0.283275	0.3004494174270564	0.5739333039902091	atman	0.103	
PT2-PR2	FGF20	-0.12196	0.3006410329615152	0.5739333039902091	atman	0.103	
PT2-PR2	MIA	0.0908444444444444	0.3005700422394337	0.5739333039902091	atman	0.103	
PT2-PR2	PRSS2	-0.0709799999999999	0.3009789859827005	0.5742053641669963	atman	0.103	
PT2-PR2	DENND2B	-0.168875	0.3011761867362192	0.5742087194231098	atman	0.103	
PT2-PR2	AKT3	0.1703374999999999	0.3019141878712883	0.5745246840875267	atman	0.103	
PT2-PR2	RNF31	0.1654399999999999	0.3018539144727008	0.5745246840875267	atman	0.103	
PT2-PR2	LECT2	-0.0886199999999999	0.3019759006866143	0.5745246840875267	atman	0.103	
PT2-PR2	PILRA	0.06921	0.3021241105906156	0.5745246840875267	atman	0.103	
PT2-PR2	IFT20	0.2030999999999999	0.3030145443905763	0.5754730002711785	atman	0.103	
PT2-PR2	EXOSC10	0.178225	0.3028255635600128	0.5754730002711785	atman	0.103	
PT2-PR2	TARBP2	0.569377777777778	0.3050068219898554	0.5756129252833521	atman	0.103	
PT2-PR2	ARG1	-0.30154	0.3035669827276508	0.5756129252833521	atman	0.103	
PT2-PR2	EVPL	-0.2873444444444444	0.3046811473219861	0.5756129252833521	atman	0.103	
PT2-PR2	COL9A2	-0.2851111111111111	0.3032850948268997	0.5756129252833521	atman	0.103	
PT2-PR2	ADD1	0.24276	0.3039203077415173	0.5756129252833521	atman	0.103	
PT2-PR2	PGLYRP4	-0.201475	0.3044339328584322	0.5756129252833521	atman	0.103	
PT2-PR2	GLT8D2	0.1375555555555555	0.3050474216018308	0.5756129252833521	atman	0.103	
PT2-PR2	BTN2A1	0.07094	0.3045666099853203	0.5756129252833521	atman	0.103	
PT2-PR2	HRG	0.06602	0.3045095060195357	0.5756129252833521	atman	0.103	
PT2-PR2	TPK1	0.04565	0.304194178909098	0.5756129252833521	atman	0.103	
PT2-PR2	RAPGEF2	0.2665	0.3055979297328721	0.5759119419853613	atman	0.103	
PT2-PR2	GFRAL	0.11499	0.3054523447146646	0.5759119419853613	atman	0.103	
PT2-PR2	NFKBIE	0.25435	0.3062986746312206	0.5768625038887988	atman	0.103	
PT2-PR2	FAM171A2	0.1121333333333333	0.3076292232526167	0.5786265415596594	atman	0.103	
PT2-PR2	F13B	0.0558	0.3076211652104115	0.5786265415596594	atman	0.103	
PT2-PR2	HBZ	-0.16996	0.3091268436331138	0.581071443758214	atman	0.103	
PT2-PR2	CD40LG	0.44003	0.3094522790753851	0.5813112505904612	atman	0.103	
PT2-PR2	UBE2Z	0.2620599999999999	0.3102231248500744	0.5820150324454142	atman	0.103	
PT2-PR2	PRKCQ	0.1422	0.3101645662353638	0.5820150324454142	atman	0.103	
PT2-PR2	FDX1	-0.2736125	0.3108491504482096	0.5828173605723291	atman	0.103	
PT2-PR2	CD14	0.08811	0.3112613959212207	0.5832181002656546	atman	0.103	
PT2-PR2	RAB39B	0.2167375	0.3123503430391636	0.5841408706868637	atman	0.103	
PT2-PR2	XRCC4	0.1309111111111111	0.3122611458852651	0.5841408706868637	atman	0.103	
PT2-PR2	HS6ST2	-0.1230699999999999	0.3121656178757681	0.5841408706868637	atman	0.103	
PT2-PR2	MNDA	0.5802777777777779	0.313152963612934	0.584897270880356	atman	0.103	
PT2-PR2	PALM2	-0.12524	0.3130211165314853	0.584897270880356	atman	0.103	
PT2-PR2	GABRA4	0.2528111111111111	0.3148726804424999	0.5877356640025825	atman	0.103	
PT2-PR2	PRG3	0.07264	0.3158843169680427	0.5892496020648316	atman	0.103	
PT2-PR2	CLEC3B	0.0580199999999999	0.3161137822233182	0.5893034848807798	atman	0.103	
PT2-PR2	CD59	0.05585	0.3168263690593633	0.5902573698772413	atman	0.103	
PT2-PR2	FOXO3	-0.6537875	0.3172666242461819	0.5902891451095835	atman	0.103	
PT2-PR2	CA1	-0.29784	0.3174064962265004	0.5902891451095835	atman	0.103	
PT2-PR2	GFRA1	-0.06636	0.3174461706171347	0.5902891451095835	atman	0.103	
PT2-PR2	DEFA1_DEFA1B	0.31311	0.3178204654289613	0.5906113392980952	atman	0.103	
PT2-PR2	CCT5	0.0822625	0.3180713320248483	0.5907039023318611	atman	0.103	
PT2-PR2	MDM1	0.2538125	0.3188529308134415	0.5914837560007573	atman	0.103	
PT2-PR2	VIPR1	0.16118	0.3188938970405717	0.5914837560007573	atman	0.103	
PT2-PR2	DOCK9	-0.2015666666666666	0.3198017340932371	0.5916734853689739	atman	0.103	
PT2-PR2	CCDC50	0.1271888888888889	0.3192158264735631	0.5916734853689739	atman	0.103	
PT2-PR2	FBLN2	0.09333	0.3197152609816962	0.5916734853689739	atman	0.103	
PT2-PR2	THBD	0.0840333333333333	0.3194915994688694	0.5916734853689739	atman	0.103	
PT2-PR2	SETMAR	0.0870444444444444	0.3219754305954145	0.5953202108806344	atman	0.103	
PT2-PR2	ACE	0.1085333333333333	0.3222116066814746	0.5953822015284104	atman	0.103	
PT2-PR2	ECHDC3	0.06244	0.3252387200712392	0.6005979632742305	atman	0.103	
PT2-PR2	CEACAM1	-0.0439111111111111	0.3257007761892101	0.6010734173642583	atman	0.103	
PT2-PR2	GNPDA1	0.12173	0.3259083407389374	0.6010789109171362	atman	0.103	
PT2-PR2	EBI3_IL27	0.0634399999999999	0.3269708761263306	0.6026602472140271	atman	0.103	
PT2-PR2	ST6GAL1	0.10505	0.3273049663505842	0.6028978000865308	atman	0.103	
PT2-PR2	KIAA1549	1.0295444444444444	0.3281161956328378	0.6037813068603134	atman	0.103	
PT2-PR2	SIRT5	-0.1967111111111111	0.3281956252743092	0.6037813068603134	atman	0.103	
PT2-PR2	ATRN	-0.0250399999999999	0.32886992972263	0.6046432124687654	atman	0.103	
PT2-PR2	CKMT1A_CKMT1B	0.07765	0.3291534199743644	0.6047859586520843	atman	0.103	
PT2-PR2	ATP6V1D	0.1520444444444444	0.3298867218432615	0.6055498693364212	atman	0.103	
PT2-PR2	QSOX1	0.0852	0.3299813957820321	0.6055498693364212	atman	0.103	
PT2-PR2	PRUNE2	-0.2617111111111111	0.3312534837587924	0.6069167648419692	atman	0.103	
PT2-PR2	CEACAM21	0.1920749999999999	0.3310732579221827	0.6069167648419692	atman	0.103	
PT2-PR2	CKB	-0.13091	0.3313459805331922	0.6069167648419692	atman	0.103	
PT2-PR2	IDO1	-0.1528199999999999	0.3321217289343754	0.607553591290749	atman	0.103	
PT2-PR2	ACY3	0.1242874999999999	0.3323051874492204	0.607553591290749	atman	0.103	
PT2-PR2	AGXT	0.0959888888888888	0.3323564556469831	0.607553591290749	atman	0.103	
PT2-PR2	CD58	0.04805	0.3325208219181499	0.607553591290749	atman	0.103	
PT2-PR2	NEB	0.3368249999999999	0.3338361683650102	0.6088414670122305	atman	0.103	
PT2-PR2	BHMT2	0.2802625	0.3338473803120161	0.6088414670122305	atman	0.103	
PT2-PR2	BMP10	-0.0787499999999999	0.3334461452699051	0.6088414670122305	atman	0.103	
PT2-PR2	ARNT	-0.1077111111111111	0.3347934163672477	0.6101880007983708	atman	0.103	
PT2-PR2	IL2	0.2981111111111111	0.3361642493264227	0.6123066116063423	atman	0.103	
PT2-PR2	GRSF1	0.2927666666666668	0.3366258092943845	0.6127018191016645	atman	0.103	
PT2-PR2	PTPRB	0.0857899999999999	0.33686613829361	0.6127018191016645	atman	0.103	
PT2-PR2	DNER	0.0586599999999999	0.3370068548905003	0.6127018191016645	atman	0.103	
PT2-PR2	CYTL1	0.07488	0.3388491250755923	0.6156702099394497	atman	0.103	
PT2-PR2	CLGN	0.3224625	0.3399130793129095	0.6159077670048198	atman	0.103	
PT2-PR2	SNX15	0.2324999999999999	0.3400280456371061	0.6159077670048198	atman	0.103	
PT2-PR2	LCP1	-0.10376	0.3399732564598072	0.6159077670048198	atman	0.103	
PT2-PR2	PTPRM	-0.0998375	0.3396791244386881	0.6159077670048198	atman	0.103	
PT2-PR2	PLTP	0.0645	0.3395151927427866	0.6159077670048198	atman	0.103	
PT2-PR2	PSIP1	0.22415	0.3408533860056106	0.6168935922582357	atman	0.103	
PT2-PR2	DSC2	0.0565899999999999	0.3409922375178267	0.6168935922582357	atman	0.103	
PT2-PR2	DHPS	-0.19982	0.3415624015195424	0.6175448219473327	atman	0.103	
PT2-PR2	SPRY2	0.2850555555555555	0.3430814121025867	0.6185319187346542	atman	0.103	
PT2-PR2	KRT6C	-0.2575624999999999	0.3427198471249015	0.6185319187346542	atman	0.103	
PT2-PR2	PCNA	0.1967333333333333	0.3431610032462513	0.6185319187346542	atman	0.103	
PT2-PR2	SORCS2	-0.1314	0.3431010000586694	0.6185319187346542	atman	0.103	
PT2-PR2	TSPAN1	-0.0855111111111111	0.3430740920047141	0.6185319187346542	atman	0.103	
PT2-PR2	IL25	-0.1563666666666666	0.3439975318635309	0.6196485136306039	atman	0.103	
PT2-PR2	ITM2A	0.1123624999999999	0.3442023057335417	0.6196485136306039	atman	0.103	
PT2-PR2	CD3D	-0.2218444444444444	0.3446067047838868	0.6199966311421061	atman	0.103	
PT2-PR2	ACSL1	-0.222875	0.3458499902979861	0.621472337306106	atman	0.103	
PT2-PR2	IL34	0.1788333333333333	0.3457249256232364	0.621472337306106	atman	0.103	
PT2-PR2	LGALS1	0.1179444444444444	0.3470050754158102	0.6231668163640895	atman	0.103	
PT2-PR2	SLC1A4	-0.1816	0.347232053702069	0.6231935087212453	atman	0.103	
PT2-PR2	CD109	0.06533	0.3477908686028612	0.623815367494021	atman	0.103	
PT2-PR2	NRN1	0.0855111111111111	0.3480131410222657	0.6238331960484544	atman	0.103	
PT2-PR2	CDA	-0.13128	0.3494461057750198	0.625887752149068	atman	0.103	
PT2-PR2	NTRK2	-0.0842666666666666	0.349585364627849	0.625887752149068	atman	0.103	
PT2-PR2	CCNE1	-0.1655299999999999	0.3518092951064673	0.6283378170351374	atman	0.103	
PT2-PR2	PDP1	0.0662125	0.3515360382705275	0.6283378170351374	atman	0.103	
PT2-PR2	GSN	0.0640333333333333	0.351718387163177	0.6283378170351374	atman	0.103	
PT2-PR2	ENPP6	-0.0614299999999999	0.351775624851145	0.6283378170351374	atman	0.103	
PT2-PR2	CASP1	0.3956555555555556	0.3523535957274046	0.62892762104928	atman	0.103	
PT2-PR2	CPB1	0.04585	0.3526220290870128	0.6290246031922547	atman	0.103	
PT2-PR2	IL1A	0.1952999999999999	0.3536548990459645	0.6297200566042689	atman	0.103	
PT2-PR2	IL1RN	0.1358200000000001	0.3534628523745802	0.6297200566042689	atman	0.103	
PT2-PR2	PSG1	-0.1273555555555555	0.3535721013744963	0.6297200566042689	atman	0.103	
PT2-PR2	MAD1L1	0.1733222222222222	0.3539204911632638	0.6298112677393515	atman	0.103	
PT2-PR2	MYL1	-0.1362	0.3550334136499664	0.630694169059143	atman	0.103	
PT2-PR2	HRC	-0.09196	0.3550606384015733	0.630694169059143	atman	0.103	
PT2-PR2	TIMM10	0.0847699999999999	0.3550249388573241	0.630694169059143	atman	0.103	
PT2-PR2	SLAMF1	0.6607444444444445	0.3559091449646205	0.6310648883505502	atman	0.103	
PT2-PR2	IGBP1	0.3769555555555556	0.3566912512567826	0.6310648883505502	atman	0.103	
PT2-PR2	CEP152	-0.2546444444444444	0.3565828430429358	0.6310648883505502	atman	0.103	
PT2-PR2	CDHR1	-0.1672888888888888	0.3567728997788508	0.6310648883505502	atman	0.103	
PT2-PR2	VWC2L	-0.1612	0.3564149994783436	0.6310648883505502	atman	0.103	
PT2-PR2	LPCAT2	-0.1434	0.3564815268499681	0.6310648883505502	atman	0.103	
PT2-PR2	SCRG1	-0.09808	0.3567601007920888	0.6310648883505502	atman	0.103	
PT2-PR2	FGF9	0.2918666666666667	0.357032625377339	0.631144316100254	atman	0.103	
PT2-PR2	VTCN1	0.24555	0.3574033607120788	0.6311507007126641	atman	0.103	
PT2-PR2	PLG	0.04836	0.3574658835894735	0.6311507007126641	atman	0.103	
PT2-PR2	TST	0.2295666666666667	0.3585273153524586	0.6319108833347521	atman	0.103	
PT2-PR2	PSMG3	0.132525	0.3582165102068231	0.6319108833347521	atman	0.103	
PT2-PR2	DIPK2B	0.0634799999999999	0.358541675465974	0.6319108833347521	atman	0.103	
PT2-PR2	CCN2	0.20855	0.360900140253386	0.6356862182640576	atman	0.103	
PT2-PR2	DPEP1	0.0700666666666666	0.3614084598243914	0.6358191945892586	atman	0.103	
PT2-PR2	ICAM3	0.04124	0.361270902614037	0.6358191945892586	atman	0.103	
PT2-PR2	FES	0.1227875	0.3617470621937144	0.63603403274993	atman	0.103	
PT2-PR2	COL5A1	0.15403	0.3621894697551711	0.6360506049854708	atman	0.103	
PT2-PR2	SHBG	0.0677	0.3620303695047866	0.6360506049854708	atman	0.103	
PT2-PR2	LELP1	-0.254	0.3628292994133131	0.6367935971782043	atman	0.103	
PT2-PR2	CD84	0.2283124999999999	0.3638274331118711	0.6381641781986134	atman	0.103	
PT2-PR2	ADAM22	-0.1155111111111111	0.3649214743483924	0.6381781497830815	atman	0.103	
PT2-PR2	GIMAP7	-0.08831	0.3647442819522035	0.6381781497830815	atman	0.103	
PT2-PR2	APOH	0.06637	0.3641769802433883	0.6381781497830815	atman	0.103	
PT2-PR2	TNFSF13	0.06251	0.3646490343378257	0.6381781497830815	atman	0.103	
PT2-PR2	TYRO3	0.0479777777777777	0.3646843432329998	0.6381781497830815	atman	0.103	
PT2-PR2	ADCYAP1R1	-0.1248874999999999	0.3651433186470174	0.6381862404431513	atman	0.103	
PT2-PR2	DEFB103A_DEFB103B	0.30584	0.3654958668351662	0.6384226258987624	atman	0.103	
PT2-PR2	BABAM1	-0.10299	0.3660105423111104	0.6389417547890923	atman	0.103	
PT2-PR2	PDGFA	0.3755699999999999	0.3664107587637089	0.6392605755628127	atman	0.103	
PT2-PR2	PCDH17	-0.0924555555555555	0.367065001248168	0.6400219428291499	atman	0.103	
PT2-PR2	THRAP3	-0.1513125	0.3673581660939555	0.6401531980925513	atman	0.103	
PT2-PR2	TRPV3	0.2781875	0.3676737890251913	0.6403234096953242	atman	0.103	
PT2-PR2	IL3	-1.0404777777777778	0.3684684778105995	0.6413272439618136	atman	0.103	
PT2-PR2	C9orf40	-0.29748	0.36878501674523	0.6414981522779667	atman	0.103	
PT2-PR2	CINP	-0.1999555555555555	0.3694629738007595	0.6421446769804667	atman	0.103	
PT2-PR2	VIT	0.13277	0.3695938219108132	0.6421446769804667	atman	0.103	
PT2-PR2	TANK	-0.3684444444444444	0.3701903362681165	0.6427092313848723	atman	0.103	
PT2-PR2	CD79B	0.0809299999999999	0.3703562725441078	0.6427092313848723	atman	0.103	
PT2-PR2	CGN	0.1591499999999999	0.3716637299257446	0.6441748793282037	atman	0.103	
PT2-PR2	NT5E	0.0673	0.3718586097143068	0.6441748793282037	atman	0.103	
PT2-PR2	FUCA1	0.0504599999999999	0.3716210939024313	0.6441748793282037	atman	0.103	
PT2-PR2	CCL18	0.0594399999999999	0.3724951548420043	0.6448973275932874	atman	0.103	
PT2-PR2	WASF3	-0.2906666666666667	0.3732884225111263	0.645130226669229	atman	0.103	
PT2-PR2	EDIL3	0.1152777777777777	0.3729177740714615	0.645130226669229	atman	0.103	
PT2-PR2	RECK	0.0616499999999999	0.3730780048631492	0.645130226669229	atman	0.103	
PT2-PR2	TLR4	-0.40447	0.3738193640049703	0.645369718601843	atman	0.103	
PT2-PR2	FAP	0.04179	0.3738663243908566	0.645369718601843	atman	0.103	
PT2-PR2	MTHFSD	0.1833555555555554	0.3744813106751028	0.6457502652080304	atman	0.103	
PT2-PR2	SEZ6L	-0.0832666666666666	0.3745263621220163	0.6457502652080304	atman	0.103	
PT2-PR2	RANBP2	-0.2126555555555555	0.375359326395269	0.6468068627268624	atman	0.103	
PT2-PR2	TPSG1	-0.18605	0.3763128877947994	0.648069908757984	atman	0.103	
PT2-PR2	PHLDB1	0.4184499999999999	0.3770469212490166	0.6489536348152378	atman	0.103	
PT2-PR2	ACRV1	-0.1352399999999999	0.3774150581711275	0.6492069326152065	atman	0.103	
PT2-PR2	PDIA2	0.3751222222222222	0.3783446516440718	0.6500931983361826	atman	0.103	
PT2-PR2	EIF5	0.3139875	0.3788226083385715	0.6500931983361826	atman	0.103	
PT2-PR2	MN1	-0.205825	0.3791976769292042	0.6500931983361826	atman	0.103	
PT2-PR2	GIP	-0.19202	0.3792387799851409	0.6500931983361826	atman	0.103	
PT2-PR2	ATP2B4	-0.1620124999999999	0.3792842950503907	0.6500931983361826	atman	0.103	
PT2-PR2	CRTAP	-0.1197375	0.378806674732405	0.6500931983361826	atman	0.103	
PT2-PR2	C1RL	-0.0530699999999999	0.3794791814658111	0.6500931983361826	atman	0.103	
PT2-PR2	PSMC3	0.2344666666666666	0.3798139438642542	0.650287509949405	atman	0.103	
PT2-PR2	OSM	-0.5797375	0.3801739053997242	0.6505247140736108	atman	0.103	
PT2-PR2	PSRC1	0.1778124999999999	0.3817191964763136	0.652788707361705	atman	0.103	
PT2-PR2	CALY	-0.19455	0.3825415607656728	0.6530546807260585	atman	0.103	
PT2-PR2	ADRA2A	-0.1133499999999999	0.3820991477328646	0.6530546807260585	atman	0.103	
PT2-PR2	DSG2	0.0573899999999999	0.3824632230736666	0.6530546807260585	atman	0.103	
PT2-PR2	RASSF2	-0.18705	0.382769253277881	0.653063917613481	atman	0.103	
PT2-PR2	GDNF	-0.1417333333333333	0.3831197268720228	0.6532825058328513	atman	0.103	
PT2-PR2	BTC	0.183575	0.3836663860354665	0.6534005170612226	atman	0.103	
PT2-PR2	SIGLEC15	0.1178555555555555	0.3837830344237356	0.6534005170612226	atman	0.103	
PT2-PR2	MSR1	0.08431	0.3838561240461777	0.6534005170612226	atman	0.103	
PT2-PR2	OLFM4	-0.4484699999999998	0.3842140769168289	0.6534097454391922	atman	0.103	
PT2-PR2	MMP12	0.05803	0.3843063444924861	0.6534097454391922	atman	0.103	
PT2-PR2	NMNAT1	0.2629444444444445	0.3849842515024184	0.6534279208053758	atman	0.103	
PT2-PR2	PMCH	-0.1916	0.3848437694094895	0.6534279208053758	atman	0.103	
PT2-PR2	CES3	0.1668555555555555	0.3849087977930749	0.6534279208053758	atman	0.103	
PT2-PR2	VEGFC	0.2863666666666667	0.3867555918516008	0.6550312634098732	atman	0.103	
PT2-PR2	FOLH1	-0.17148	0.386820708650827	0.6550312634098732	atman	0.103	
PT2-PR2	CAPG	-0.11629	0.3866925365404947	0.6550312634098732	atman	0.103	
PT2-PR2	SERPINI2	-0.06284	0.3867652627439533	0.6550312634098732	atman	0.103	
PT2-PR2	TNFAIP8	0.2108111111111111	0.3870967659973843	0.6551211396891216	atman	0.103	
PT2-PR2	PMS1	-0.5645749999999999	0.3882102338548208	0.6555250918880517	atman	0.103	
PT2-PR2	CSH1	0.192111111111111	0.3884510500262417	0.6555250918880517	atman	0.103	
PT2-PR2	LTA	0.0995625	0.3878765738161442	0.6555250918880517	atman	0.103	
PT2-PR2	CD209	0.0441199999999999	0.3883607261257853	0.6555250918880517	atman	0.103	
PT2-PR2	C7orf50	0.0377599999999999	0.3879645159382421	0.6555250918880517	atman	0.103	
PT2-PR2	APEX1	0.33278	0.390215763786474	0.6581250941473368	atman	0.103	
PT2-PR2	DCLRE1C	0.3539111111111111	0.3906885623673606	0.6585444614086664	atman	0.103	
PT2-PR2	CXCL6	0.25113	0.3914801543247219	0.6594813242484425	atman	0.103	
PT2-PR2	SPINT3	0.1589899999999999	0.391693298438915	0.6594813242484425	atman	0.103	
PT2-PR2	WASL	0.27452	0.3929361263278013	0.6611949250578923	atman	0.103	
PT2-PR2	FGF7	0.1939	0.394320507236823	0.6620078001495919	atman	0.103	
PT2-PR2	CDH3	-0.06977	0.3942862799496445	0.6620078001495919	atman	0.103	
PT2-PR2	CA14	-0.0621399999999999	0.3937399261338399	0.6620078001495919	atman	0.103	
PT2-PR2	CFD	0.05147	0.394217551370092	0.6620078001495919	atman	0.103	
PT2-PR2	MFAP3	0.3526777777777778	0.3946867492886867	0.6622442429526908	atman	0.103	
PT2-PR2	TNFRSF14	0.1016999999999999	0.3955528638002348	0.6633186722860102	atman	0.103	
PT2-PR2	PPP1R14D	0.1862888888888888	0.3958967232350368	0.6634306212092103	atman	0.103	
PT2-PR2	COCH	0.12713	0.3960712422059069	0.6634306212092103	atman	0.103	
PT2-PR2	YY1	-0.17519	0.3972397124819631	0.6646299973075214	atman	0.103	
PT2-PR2	ERI1	-0.1472333333333333	0.3970853175138362	0.6646299973075214	atman	0.103	
PT2-PR2	AGR3	-0.1603499999999999	0.3974667322456251	0.6646313371301347	atman	0.103	
PT2-PR2	BTN3A2	0.1427999999999999	0.3986775227403121	0.6662767700859141	atman	0.103	
PT2-PR2	CORO6	-0.2027	0.3990973640603448	0.6665992357073866	atman	0.103	
PT2-PR2	PXN	-0.1341444444444444	0.3998699269135468	0.6671310876047704	atman	0.103	
PT2-PR2	PTPN9	0.13399	0.3998226856225795	0.6671310876047704	atman	0.103	
PT2-PR2	SLC13A1	0.1399	0.4006868566169284	0.6671940737676898	atman	0.103	
PT2-PR2	CLEC4C	-0.1332625	0.4008160449965869	0.6671940737676898	atman	0.103	
PT2-PR2	DUSP3	0.1043111111111111	0.4006994340463508	0.6671940737676898	atman	0.103	
PT2-PR2	CFP	0.04525	0.4003049915325205	0.6671940737676898	atman	0.103	
PT2-PR2	SEPTIN3	0.1167555555555555	0.4053252810457977	0.6739364322085759	atman	0.103	
PT2-PR2	FTCD	-0.0691399999999999	0.4052037531309185	0.6739364322085759	atman	0.103	
PT2-PR2	PTGES2	0.26614	0.4059506744376688	0.6745945031096556	atman	0.103	
PT2-PR2	SH3GLB2	0.2122399999999999	0.4075090601115028	0.6761606494750071	atman	0.103	
PT2-PR2	IFNLR1	0.1127	0.4075835637237024	0.6761606494750071	atman	0.103	
PT2-PR2	KLK11	-0.0941666666666666	0.407544642668062	0.6761606494750071	atman	0.103	
PT2-PR2	CLEC5A	0.0922666666666666	0.4080669436419428	0.676580519424395	atman	0.103	
PT2-PR2	ASS1	-0.1833999999999999	0.4083212343904847	0.6766202970328506	atman	0.103	
PT2-PR2	XPNPEP2	0.0452444444444444	0.4086302775363599	0.6767507076673199	atman	0.103	
PT2-PR2	PPM1A	-0.2182625	0.4097162732372732	0.6779131380593545	atman	0.103	
PT2-PR2	IL32	-0.07995	0.4097936464238985	0.6779131380593545	atman	0.103	
PT2-PR2	TSNAX	0.2351124999999999	0.4128612209365374	0.6780591774201858	atman	0.103	
PT2-PR2	DNAJA1	-0.2282555555555555	0.411077418209018	0.6780591774201858	atman	0.103	
PT2-PR2	CA2	0.2202799999999999	0.4122103568244921	0.6780591774201858	atman	0.103	
PT2-PR2	FRMD7	0.2147499999999999	0.4120111898420773	0.6780591774201858	atman	0.103	
PT2-PR2	RBP7	-0.1999099999999999	0.412562201890684	0.6780591774201858	atman	0.103	
PT2-PR2	AGBL2	0.1431222222222221	0.4105622922951504	0.6780591774201858	atman	0.103	
PT2-PR2	CD27	0.1079333333333333	0.4118821518888107	0.6780591774201858	atman	0.103	
PT2-PR2	HDDC2	0.09307	0.4119766102735949	0.6780591774201858	atman	0.103	
PT2-PR2	TMPRSS11D	0.0784	0.4101690165504477	0.6780591774201858	atman	0.103	
PT2-PR2	ALDH2	0.07358	0.4120759638326778	0.6780591774201858	atman	0.103	
PT2-PR2	RELT	0.06448	0.4128821880206645	0.6780591774201858	atman	0.103	
PT2-PR2	SERPINA7	-0.05836	0.4124576532072717	0.6780591774201858	atman	0.103	
PT2-PR2	STC2	0.0433799999999999	0.4115727437942762	0.6780591774201858	atman	0.103	
PT2-PR2	MAEA	-0.1458499999999999	0.4137138025939011	0.6783071590037014	atman	0.103	
PT2-PR2	PYDC1	-0.07525	0.4139566834900057	0.6783071590037014	atman	0.103	
PT2-PR2	VWA1	-0.0732099999999999	0.4138076233108647	0.6783071590037014	atman	0.103	
PT2-PR2	CELA3A	-0.05636	0.4133295501961238	0.6783071590037014	atman	0.103	
PT2-PR2	CST7	0.15919	0.4147790869608474	0.6792758960373299	atman	0.103	
PT2-PR2	PCSK7	0.1288199999999999	0.4169525899960611	0.6813163011170342	atman	0.103	
PT2-PR2	GIPC2	0.09979	0.4165789541617501	0.6813163011170342	atman	0.103	
PT2-PR2	PTH1R	0.0908625	0.4168740994579061	0.6813163011170342	atman	0.103	
PT2-PR2	TTR	0.0407999999999999	0.4164701078594328	0.6813163011170342	atman	0.103	
PT2-PR2	C2CD2L	0.1855222222222222	0.4179678364745787	0.6822163908679512	atman	0.103	
PT2-PR2	GKN1	0.1229666666666666	0.4179365037277494	0.6822163908679512	atman	0.103	
PT2-PR2	PER3	-0.35001	0.4190087520430214	0.6827774340002203	atman	0.103	
PT2-PR2	VSTM1	-0.1434222222222222	0.4190070026973804	0.6827774340002203	atman	0.103	
PT2-PR2	HAO1	0.05225	0.4187693501686826	0.6827774340002203	atman	0.103	
PT2-PR2	CERT	0.2342444444444444	0.4195777740343849	0.6833256652511213	atman	0.103	
PT2-PR2	ZNF830	-0.1041799999999999	0.4203257298202365	0.6841645397295595	atman	0.103	
PT2-PR2	NBL1	-0.0572	0.420622775942312	0.6842689455805718	atman	0.103	
PT2-PR2	TLR3	0.06096	0.4211290863218875	0.6846318660271467	atman	0.103	
PT2-PR2	NPTX2	0.0552799999999999	0.4213119175551671	0.6846318660271467	atman	0.103	
PT2-PR2	TET2	-0.2210888888888888	0.4222275547870411	0.6856189979011665	atman	0.103	
PT2-PR2	CEACAM3	0.2168749999999999	0.4223861083053477	0.6856189979011665	atman	0.103	
PT2-PR2	KRT5	0.2036444444444444	0.4237990910008307	0.6867785638096914	atman	0.103	
PT2-PR2	NGFR	0.16862	0.4238172700485418	0.6867785638096914	atman	0.103	
PT2-PR2	SPINK8	0.1440125	0.4240355053610551	0.6867785638096914	atman	0.103	
PT2-PR2	FAM171B	-0.1248999999999999	0.4237519414624124	0.6867785638096914	atman	0.103	
PT2-PR2	CCL26	0.19845	0.424423083742707	0.6870275592485252	atman	0.103	
PT2-PR2	KLK4	0.03912	0.4247696767468729	0.6872099726224189	atman	0.103	
PT2-PR2	TUBB3	-0.2218222222222222	0.4252534491673709	0.6873715019479147	atman	0.103	
PT2-PR2	ADGRG2	0.0543777777777777	0.4253374372162386	0.6873715019479147	atman	0.103	
PT2-PR2	PARD3	-0.2727999999999999	0.4258081402688076	0.6873759978625038	atman	0.103	
PT2-PR2	PHOSPHO1	-0.0936111111111111	0.4256926530286691	0.6873759978625038	atman	0.103	
PT2-PR2	FCAMR	-0.0958399999999999	0.4264587058420128	0.6880481481404909	atman	0.103	
PT2-PR2	C1QTNF6	-0.2146666666666666	0.4271844687188726	0.6882218936927672	atman	0.103	
PT2-PR2	LACRT	-0.14188	0.4271106492835832	0.6882218936927672	atman	0.103	
PT2-PR2	TNF	0.1004666666666666	0.4275033886961539	0.6882218936927672	atman	0.103	
PT2-PR2	FCGR3B	0.06381	0.4273420228364379	0.6882218936927672	atman	0.103	
PT2-PR2	MNAT1	-0.1473888888888889	0.4285698604149561	0.689560925465028	atman	0.103	
PT2-PR2	OLR1	-0.4382222222222224	0.430215490318222	0.6913481714084097	atman	0.103	
PT2-PR2	CCL8	0.1428199999999999	0.4303865913907356	0.6913481714084097	atman	0.103	
PT2-PR2	ANGPTL1	0.0574666666666666	0.4302219240993392	0.6913481714084097	atman	0.103	
PT2-PR2	LAP3	0.2292777777777777	0.4311396624143728	0.6914139085199361	atman	0.103	
PT2-PR2	SOX2	-0.1243555555555555	0.4317267627428638	0.6914139085199361	atman	0.103	
PT2-PR2	ANXA5	-0.1015777777777777	0.4314835250873448	0.6914139085199361	atman	0.103	
PT2-PR2	DLL1	0.0497222222222222	0.4306786165693577	0.6914139085199361	atman	0.103	
PT2-PR2	KLK1	0.0417555555555555	0.4317385503211031	0.6914139085199361	atman	0.103	
PT2-PR2	PIK3IP1	0.04078	0.4318395242117367	0.6914139085199361	atman	0.103	
PT2-PR2	PM20D1	0.0938777777777778	0.4325777243367974	0.6921173677823089	atman	0.103	
PT2-PR2	SHISA5	0.0741099999999999	0.432750035607931	0.6921173677823089	atman	0.103	
PT2-PR2	SV2A	0.3230625	0.4332006887613455	0.6924611662572542	atman	0.103	
PT2-PR2	TEX33	-0.1804888888888888	0.4335388419928629	0.692624860127804	atman	0.103	
PT2-PR2	PCSK9	-0.04382	0.4351896466604004	0.694884337982748	atman	0.103	
PT2-PR2	HGS	0.1208375	0.4360640421961594	0.6959023117720351	atman	0.103	
PT2-PR2	FMNL1	0.1754888888888888	0.4365532167122441	0.696304750651777	atman	0.103	
PT2-PR2	IGFBP1	0.26328	0.4369848511157652	0.6966150258155823	atman	0.103	
PT2-PR2	THSD1	-0.14538	0.4379878343752263	0.6970792293577546	atman	0.103	
PT2-PR2	SLC4A1	0.1202899999999999	0.4376851780374915	0.6970792293577546	atman	0.103	
PT2-PR2	C4BPB	0.0531555555555555	0.4378334107967503	0.6970792293577546	atman	0.103	
PT2-PR2	LEFTY2	0.11732	0.4399330273384532	0.6987690261871071	atman	0.103	
PT2-PR2	NME1	0.09517	0.4400794278968711	0.6987690261871071	atman	0.103	
PT2-PR2	AKAP12	-0.07765	0.439346615246726	0.6987690261871071	atman	0.103	
PT2-PR2	ITGAM	0.07283	0.4398016487766596	0.6987690261871071	atman	0.103	
PT2-PR2	APOA1	0.04226	0.4402387567979358	0.6987690261871071	atman	0.103	
PT2-PR2	KITLG	0.0479777777777777	0.4407602803457056	0.699219062449073	atman	0.103	
PT2-PR2	GNGT1	-0.246125	0.4433887764511457	0.7014950054999818	atman	0.103	
PT2-PR2	RIPK4	-0.245575	0.4427566065952462	0.7014950054999818	atman	0.103	
PT2-PR2	ELOA	0.1671444444444444	0.4431661019173993	0.7014950054999818	atman	0.103	
PT2-PR2	SPAG1	0.1175888888888889	0.4426650557156937	0.7014950054999818	atman	0.103	
PT2-PR2	CRNN	0.04625	0.4431710644117315	0.7014950054999818	atman	0.103	
PT2-PR2	SEL1L	-0.19971	0.4437561028157279	0.7016982939034493	atman	0.103	
PT2-PR2	WFIKKN2	0.0416799999999999	0.4440515081934277	0.701787698263739	atman	0.103	
PT2-PR2	C8B	0.1117	0.445194374193957	0.7032156297751859	atman	0.103	
PT2-PR2	TCOF1	0.0689	0.4456810490075962	0.7036060838174731	atman	0.103	
PT2-PR2	GFAP	-0.2457499999999999	0.4463284188216754	0.70387165566188	atman	0.103	
PT2-PR2	BRD1	-0.1562888888888888	0.4460914654361616	0.70387165566188	atman	0.103	
PT2-PR2	PRTN3	-0.2157799999999999	0.4466145938115307	0.7039451054819084	atman	0.103	
PT2-PR2	SMPDL3B	-0.14787	0.4474272516136626	0.7044701314260132	atman	0.103	
PT2-PR2	PTS	0.1183555555555555	0.4473131905801537	0.7044701314260132	atman	0.103	
PT2-PR2	DOC2B	-0.2031374999999999	0.4482746554843133	0.7051189729663573	atman	0.103	
PT2-PR2	AMFR	-0.1521222222222221	0.4486611727843126	0.7051189729663573	atman	0.103	
PT2-PR2	PTPRC	-0.06659	0.4483508180155227	0.7051189729663573	atman	0.103	
PT2-PR2	NCR3LG1	0.0519799999999999	0.4487993463060205	0.7051189729663573	atman	0.103	
PT2-PR2	CYB5R2	0.09182	0.4494092320095451	0.7056997988476983	atman	0.103	
PT2-PR2	ERMAP	0.11225	0.4500486832585082	0.705949296002935	atman	0.103	
PT2-PR2	CSF1	0.0472099999999999	0.4498832755551083	0.705949296002935	atman	0.103	
PT2-PR2	IL13	0.1071555555555555	0.4503973834589305	0.7061192703320908	atman	0.103	
PT2-PR2	INPP5D	0.19691	0.4507126866872823	0.7062367325265256	atman	0.103	
PT2-PR2	SMS	0.1326444444444444	0.4519732424521683	0.7078344276782892	atman	0.103	
PT2-PR2	NLGN1	-0.1260875	0.452494449993343	0.7082731454877154	atman	0.103	
PT2-PR2	CLSTN3	-0.1021399999999999	0.4528529647318868	0.7084568745379571	atman	0.103	
PT2-PR2	SERPINB5	-0.6621444444444445	0.4535301708448749	0.7089212952264097	atman	0.103	
PT2-PR2	PRKAG3	0.1705375	0.453873708754553	0.7089212952264097	atman	0.103	
PT2-PR2	CD80	0.14711	0.4536620101790891	0.7089212952264097	atman	0.103	
PT2-PR2	SLC9A3R1	0.17816	0.4549696304693214	0.7098782657030622	atman	0.103	
PT2-PR2	GUSB	0.08757	0.4549519776948019	0.7098782657030622	atman	0.103	
PT2-PR2	EDNRB	0.15942	0.456157818221039	0.7113543895612595	atman	0.103	
PT2-PR2	F2	0.05634	0.456629897102226	0.711387691959999	atman	0.103	
PT2-PR2	ZBTB17	0.0557111111111111	0.456663440107746	0.711387691959999	atman	0.103	
PT2-PR2	CD177	0.07604	0.4583062859783819	0.713568557607041	atman	0.103	
PT2-PR2	MORN4	0.1065555555555557	0.4585791030179837	0.7136151507769259	atman	0.103	
PT2-PR2	EDEM2	-0.1638625	0.4588645352445293	0.7136813152717983	atman	0.103	
PT2-PR2	TARM1	-0.2194875	0.4594398293617057	0.7141979992934874	atman	0.103	
PT2-PR2	KRT18	0.1930333333333333	0.4597479023833748	0.7142989620319171	atman	0.103	
PT2-PR2	TCP11	-0.1215	0.4607328639623511	0.7154509272311773	atman	0.103	
PT2-PR2	MEP1A	-0.0703399999999999	0.461990904410323	0.7165222419741704	atman	0.103	
PT2-PR2	IFNGR1	0.04228	0.4621544072638028	0.7165222419741704	atman	0.103	
PT2-PR2	MAMDC4	-0.03252	0.4620453687446022	0.7165222419741704	atman	0.103	
PT2-PR2	GABARAP	-0.1360999999999999	0.4626974760068436	0.7168067436885669	atman	0.103	
PT2-PR2	PRSS53	-0.05811	0.4628258654789692	0.7168067436885669	atman	0.103	
PT2-PR2	GCLM	0.1348375	0.464415916872952	0.7178813376604217	atman	0.103	
PT2-PR2	NOS2	-0.1316625	0.4641503171547168	0.7178813376604217	atman	0.103	
PT2-PR2	SLC39A14	0.0875555555555555	0.4643620650675897	0.7178813376604217	atman	0.103	
PT2-PR2	MASP1	0.0602111111111111	0.464497080630518	0.7178813376604217	atman	0.103	
PT2-PR2	TNF	0.1230875	0.4657072906858108	0.7187550254385132	atman	0.103	
PT2-PR2	SDK2	-0.08045	0.465796313286225	0.7187550254385132	atman	0.103	
PT2-PR2	ITIH1	0.0491	0.4655889332709133	0.7187550254385132	atman	0.103	
PT2-PR2	TGFBR3	-0.02362	0.4660469555361439	0.7187642810315963	atman	0.103	
PT2-PR2	AGR2	-0.3125222222222222	0.4668189149727586	0.7195771102780507	atman	0.103	
PT2-PR2	IFNGR2	-0.0511888888888888	0.4671609183164777	0.719726679608711	atman	0.103	
PT2-PR2	CR1	0.0558222222222222	0.4675121827256039	0.7198903526456103	atman	0.103	
PT2-PR2	OSTN	-0.2066374999999999	0.4682442989912663	0.7202754641843835	atman	0.103	
PT2-PR2	SLURP1	-0.12668	0.4683202182543176	0.7202754641843835	atman	0.103	
PT2-PR2	ROBO4	0.03132	0.4684977576774529	0.7202754641843835	atman	0.103	
PT2-PR2	MYH4	-0.101075	0.469606145794305	0.721601912313634	atman	0.103	
PT2-PR2	ITPRIP	-0.1392333333333334	0.4706652874355148	0.7228513405570007	atman	0.103	
PT2-PR2	PALLD	-0.2541699999999999	0.4721315835915582	0.723669127262868	atman	0.103	
PT2-PR2	CCL2	-0.1478777777777778	0.4721830214305371	0.723669127262868	atman	0.103	
PT2-PR2	TAFA5	-0.1465555555555555	0.4720761275148377	0.723669127262868	atman	0.103	
PT2-PR2	IL31	0.1068499999999999	0.471573644405761	0.723669127262868	atman	0.103	
PT2-PR2	IL12RB1	-0.1838555555555555	0.4735851717303896	0.7249284409133901	atman	0.103	
PT2-PR2	AAMDC	0.11708	0.4738235011353153	0.7249284409133901	atman	0.103	
PT2-PR2	SELPLG	-0.0914499999999999	0.4735037648034139	0.7249284409133901	atman	0.103	
PT2-PR2	SLAMF8	-0.0676375	0.4739916729049089	0.7249284409133901	atman	0.103	
PT2-PR2	TREML1	0.2396666666666666	0.4758742312661537	0.7259873160344543	atman	0.103	
PT2-PR2	EDDM3B	-0.12192	0.475345520865585	0.7259873160344543	atman	0.103	
PT2-PR2	EPHB6	-0.0769666666666666	0.4755644021122001	0.7259873160344543	atman	0.103	
PT2-PR2	SNX5	0.07422	0.4753379344993713	0.7259873160344543	atman	0.103	
PT2-PR2	PODXL2	0.0416555555555555	0.475919527121293	0.7259873160344543	atman	0.103	
PT2-PR2	HRAS	-0.0759222222222222	0.4763618370779126	0.7262849389387167	atman	0.103	
PT2-PR2	FGF23	0.1034	0.4766692193890791	0.7263766424092918	atman	0.103	
PT2-PR2	MERTK	-0.05691	0.4782174409424311	0.7276037501236989	atman	0.103	
PT2-PR2	THOP1	0.0362333333333333	0.4780763214051002	0.7276037501236989	atman	0.103	
PT2-PR2	FAS	-0.03163	0.4777590648724854	0.7276037501236989	atman	0.103	
PT2-PR2	LMOD2	-0.3017666666666667	0.4785320666668711	0.7277055962045896	atman	0.103	
PT2-PR2	IL15RA	0.1290888888888889	0.4794300444635841	0.7285774093116205	atman	0.103	
PT2-PR2	DNAJC21	0.09165	0.4796013307041096	0.7285774093116205	atman	0.103	
PT2-PR2	AZU1	-0.3617999999999999	0.4810821690694542	0.7294692445456431	atman	0.103	
PT2-PR2	IL11	0.1322222222222222	0.4815243513338929	0.7294692445456431	atman	0.103	
PT2-PR2	ADGRF5	0.08825	0.4804872916091942	0.7294692445456431	atman	0.103	
PT2-PR2	PNLIP	0.0665666666666666	0.4812075656492915	0.7294692445456431	atman	0.103	
PT2-PR2	ADIPOQ	-0.06572	0.4817001625657648	0.7294692445456431	atman	0.103	
PT2-PR2	PRRT3	-0.03893	0.4819264137723258	0.7294692445456431	atman	0.103	
PT2-PR2	DDR1	0.03832	0.4807679617524534	0.7294692445456431	atman	0.103	
PT2-PR2	CNTNAP4	-0.1044999999999999	0.4825465541123912	0.7300318104954714	atman	0.103	
PT2-PR2	ITGAX	0.6183666666666666	0.4828540491269026	0.730121048036459	atman	0.103	
PT2-PR2	COL2A1	-0.2369799999999999	0.4831464634823577	0.7301359216309792	atman	0.103	
PT2-PR2	DCDC2C	0.2231666666666666	0.4836094293716424	0.7301359216309792	atman	0.103	
PT2-PR2	SIGLEC10	-0.040975	0.4834879902207247	0.7301359216309792	atman	0.103	
PT2-PR2	ANKRA2	0.8767444444444443	0.4859663684160702	0.7318665630938184	atman	0.103	
PT2-PR2	ATXN10	-0.2385666666666666	0.4861529970316391	0.7318665630938184	atman	0.103	
PT2-PR2	APBB1IP	-0.1493999999999999	0.485465712152465	0.7318665630938184	atman	0.103	
PT2-PR2	IL5RA	0.109075	0.4861324130225648	0.7318665630938184	atman	0.103	
PT2-PR2	PI3	-0.10145	0.4862503509731564	0.7318665630938184	atman	0.103	
PT2-PR2	HEG1	0.0278899999999999	0.4852513274340762	0.7318665630938184	atman	0.103	
PT2-PR2	DDAH1	-0.0833777777777777	0.4867600327485157	0.732258564370271	atman	0.103	
PT2-PR2	KRT19	-0.231	0.4889972141787333	0.7342477257924049	atman	0.103	
PT2-PR2	TMED4	-0.2047249999999999	0.4884422650974389	0.7342477257924049	atman	0.103	
PT2-PR2	IGF1R	0.0551111111111111	0.4887042973888706	0.7342477257924049	atman	0.103	
PT2-PR2	CFH	0.0362299999999999	0.4890819603048797	0.7342477257924049	atman	0.103	
PT2-PR2	MTR	-0.3786750000000001	0.4900393259794069	0.7349284795604984	atman	0.103	
PT2-PR2	DEFB118	-0.2181	0.49028584749441	0.7349284795604984	atman	0.103	
PT2-PR2	IMPG1	-0.1163777777777777	0.4899555615663642	0.7349284795604984	atman	0.103	
PT2-PR2	SH3BGRL2	0.1911888888888889	0.4915445515502294	0.7364395168049843	atman	0.103	
PT2-PR2	MEP1B	-0.0639333333333333	0.4918161106004881	0.7364708118981825	atman	0.103	
PT2-PR2	LAMP3	0.0376399999999999	0.4941892527043605	0.7396474908025529	atman	0.103	
PT2-PR2	ITIH5	-0.24269	0.4946218132628326	0.7399179670907343	atman	0.103	
PT2-PR2	SMPD1	0.0434699999999999	0.4953188716033263	0.7405836360155587	atman	0.103	
PT2-PR2	NUBP1	0.2417499999999999	0.4956837700381649	0.7406007473266134	atman	0.103	
PT2-PR2	HIP1R	-0.06241	0.495834469023638	0.7406007473266134	atman	0.103	
PT2-PR2	PSMD9	-0.1146999999999999	0.4962753453536659	0.7407385990141435	atman	0.103	
PT2-PR2	MRPL24	-0.07675	0.4964310079846319	0.7407385990141435	atman	0.103	
PT2-PR2	RALY	-0.1448999999999999	0.4968531766170616	0.740992199442095	atman	0.103	
PT2-PR2	SEMA6C	0.10418	0.4979662860722671	0.7422754685339019	atman	0.103	
PT2-PR2	LRTM1	-0.166325	0.4987334159041676	0.7430419756219293	atman	0.103	
PT2-PR2	PRR5	-0.25673	0.5000910091825717	0.7443097188340403	atman	0.103	
PT2-PR2	RASGRF1	-0.2004111111111111	0.5000299549565368	0.7443097188340403	atman	0.103	
PT2-PR2	GPHA2	-0.0528699999999999	0.501067672309019	0.7453857322753913	atman	0.103	
PT2-PR2	ATF4	-0.2014666666666666	0.5033060615172156	0.7483366440979653	atman	0.103	
PT2-PR2	CDSN	0.09158	0.5043508574548274	0.7487533194554234	atman	0.103	
PT2-PR2	TBC1D17	0.0736	0.5040656950458628	0.7487533194554234	atman	0.103	
PT2-PR2	ICOSLG	-0.0684111111111111	0.5042741125586165	0.7487533194554234	atman	0.103	
PT2-PR2	PAIP2B	-0.1371333333333333	0.5058674866940596	0.7496235789607811	atman	0.103	
PT2-PR2	TK1	-0.1208888888888888	0.505957643662093	0.7496235789607811	atman	0.103	
PT2-PR2	ATP1B2	-0.1085124999999999	0.5057106619693905	0.7496235789607811	atman	0.103	
PT2-PR2	CTSL	0.0315888888888888	0.5056295511257716	0.7496235789607811	atman	0.103	
PT2-PR2	LYPD8	0.1780874999999999	0.5071135349044131	0.7506859676097962	atman	0.103	
PT2-PR2	ALDH1A1	0.04701	0.5071857201175785	0.7506859676097962	atman	0.103	
PT2-PR2	TBR1	0.1116124999999999	0.5080303486876259	0.7515574846144234	atman	0.103	
PT2-PR2	TPSD1	0.092311111111111	0.5093263753073072	0.753095566508741	atman	0.103	
PT2-PR2	BSG	0.0173299999999999	0.5096141645542165	0.7531420600906882	atman	0.103	
PT2-PR2	CD33	0.0829666666666666	0.510332850630308	0.7538249950486902	atman	0.103	
PT2-PR2	GPC5	0.1001	0.5110248086822495	0.7544677828685673	atman	0.103	
PT2-PR2	PFDN4	0.1153333333333333	0.5116566126857729	0.7550211592520345	atman	0.103	
PT2-PR2	PLA2G15	-0.0585444444444444	0.5130458650302603	0.7563114658599622	atman	0.103	
PT2-PR2	HLA-A	-0.0502222222222222	0.5129698133967371	0.7563114658599622	atman	0.103	
PT2-PR2	CCDC134	0.13735	0.5164550044700957	0.76031291194511	atman	0.103	
PT2-PR2	BCL2	-0.09631	0.5161488827454672	0.76031291194511	atman	0.103	
PT2-PR2	LILRA5	-0.0376444444444444	0.5165366141056635	0.76031291194511	atman	0.103	
PT2-PR2	CASP10	0.2979888888888888	0.5173710854796827	0.7611598643662032	atman	0.103	
PT2-PR2	PCDH9	-0.0499299999999999	0.5183870558832897	0.762272857950503	atman	0.103	
PT2-PR2	SLAMF6	0.181775	0.5191492282333794	0.7626302162748343	atman	0.103	
PT2-PR2	IGFL4	-0.1108199999999999	0.5189529991452515	0.7626302162748343	atman	0.103	
PT2-PR2	BDNF	0.3447999999999999	0.5222452346099207	0.7633751010311037	atman	0.103	
PT2-PR2	DCUN1D2	-0.2250333333333333	0.5210990282220531	0.7633751010311037	atman	0.103	
PT2-PR2	CREB3	0.1576222222222222	0.5222271165602894	0.7633751010311037	atman	0.103	
PT2-PR2	CGB3_CGB5_CGB8	-0.1258222222222222	0.520843695193518	0.7633751010311037	atman	0.103	
PT2-PR2	HIF1A	0.1220099999999999	0.5204538035808302	0.7633751010311037	atman	0.103	
PT2-PR2	LTA4H	0.1207500000000002	0.5218345991405289	0.7633751010311037	atman	0.103	
PT2-PR2	ART5	-0.1182222222222222	0.520487965464085	0.7633751010311037	atman	0.103	
PT2-PR2	RBM17	0.0653111111111111	0.5225072279935838	0.7633751010311037	atman	0.103	
PT2-PR2	S100A13	0.05601	0.5202072200822219	0.7633751010311037	atman	0.103	
PT2-PR2	CSPG4	-0.0464	0.5225144071387167	0.7633751010311037	atman	0.103	
PT2-PR2	EZR	0.04455	0.5223213189893312	0.7633751010311037	atman	0.103	
PT2-PR2	SLITRK6	0.1045777777777777	0.5229172702252334	0.7635839661638846	atman	0.103	
PT2-PR2	SERPINE2	0.27544	0.5240461587010374	0.7637062039963547	atman	0.103	
PT2-PR2	PQBP1	0.14855	0.5240046169640489	0.7637062039963547	atman	0.103	
PT2-PR2	CAMKK1	-0.1348749999999999	0.5241482891950253	0.7637062039963547	atman	0.103	
PT2-PR2	DCBLD2	0.0539444444444444	0.5243006853167622	0.7637062039963547	atman	0.103	
PT2-PR2	COLEC12	0.03637	0.5238294431206509	0.7637062039963547	atman	0.103	
PT2-PR2	NBN	0.1105222222222222	0.5248199993783316	0.764083824664786	atman	0.103	
PT2-PR2	LEPR	-0.0745111111111111	0.5251710705112069	0.7641833155022247	atman	0.103	
PT2-PR2	CPQ	-0.03798	0.5254085423126256	0.7641833155022247	atman	0.103	
PT2-PR2	ST8SIA1	0.1187899999999999	0.5257620789375077	0.7643191429581384	atman	0.103	
PT2-PR2	SEMA4D	0.0892999999999999	0.5262857202172435	0.7647020009882598	atman	0.103	
PT2-PR2	TMEM106A	0.2304	0.5266796467357124	0.7648960959513214	atman	0.103	
PT2-PR2	CLEC4D	-0.2585375	0.527166431227591	0.7652247899934101	atman	0.103	
PT2-PR2	REXO2	-0.1320375	0.5276021178266057	0.7654790232960828	atman	0.103	
PT2-PR2	PPBP	0.2746499999999999	0.5314961485596337	0.7677422973687577	atman	0.103	
PT2-PR2	ERVV-1	0.18805	0.531775212779245	0.7677422973687577	atman	0.103	
PT2-PR2	ITGB1BP1	0.1810375	0.5312546667236968	0.7677422973687577	atman	0.103	
PT2-PR2	PSMG4	-0.16041	0.5312635044700342	0.7677422973687577	atman	0.103	
PT2-PR2	CUZD1	-0.143675	0.5314202622983437	0.7677422973687577	atman	0.103	
PT2-PR2	FKBPL	0.13861	0.5314832339554139	0.7677422973687577	atman	0.103	
PT2-PR2	MORF4L1	-0.1010111111111111	0.5316347362912321	0.7677422973687577	atman	0.103	
PT2-PR2	RBKS	0.0673111111111111	0.5305369457609317	0.7677422973687577	atman	0.103	
PT2-PR2	HMOX1	0.0437888888888888	0.5315379318064326	0.7677422973687577	atman	0.103	
PT2-PR2	SIGLEC6	0.0297099999999999	0.530414753703031	0.7677422973687577	atman	0.103	
PT2-PR2	CGREF1	0.0418111111111111	0.5321231521482457	0.7678672991215844	atman	0.103	
PT2-PR2	ARHGEF5	0.3357333333333334	0.5332080334326565	0.7679910073726174	atman	0.103	
PT2-PR2	LCN2	0.10799	0.5333157673077757	0.7679910073726174	atman	0.103	
PT2-PR2	PLA2G10	0.0660222222222222	0.5335158768031014	0.7679910073726174	atman	0.103	
PT2-PR2	ZP3	0.03957	0.5326298645300658	0.7679910073726174	atman	0.103	
PT2-PR2	SERPINF1	0.0285599999999999	0.5329996088634221	0.7679910073726174	atman	0.103	
PT2-PR2	FLT4	0.0501	0.5341763469899417	0.7685651848464489	atman	0.103	
PT2-PR2	BATF	0.1568625	0.5347147127397074	0.7689632041259228	atman	0.103	
PT2-PR2	S100A16	0.1476222222222222	0.5370497057105081	0.7717574527790821	atman	0.103	
PT2-PR2	LRIG1	0.0444199999999999	0.5371831146811514	0.7717574527790821	atman	0.103	
PT2-PR2	NHLRC3	-0.0350799999999999	0.5375816797037847	0.7719525781865686	atman	0.103	
PT2-PR2	LRP1	-0.0418111111111111	0.5382605314922202	0.7725498004514622	atman	0.103	
PT2-PR2	LRRC38	0.2760499999999999	0.5392118985124525	0.7735373817527273	atman	0.103	
PT2-PR2	CCL11	0.0645599999999999	0.5402868335094726	0.7747011795270037	atman	0.103	
PT2-PR2	IKZF2	0.1557875	0.5427278252364038	0.7750655887238844	atman	0.103	
PT2-PR2	KIAA0319	-0.13027	0.5431247617361399	0.7750655887238844	atman	0.103	
PT2-PR2	COMMD9	-0.10206	0.5431790494154112	0.7750655887238844	atman	0.103	
PT2-PR2	PARP1	0.0987999999999999	0.5423001472664077	0.7750655887238844	atman	0.103	
PT2-PR2	NINJ1	0.0889249999999999	0.5424717176597595	0.7750655887238844	atman	0.103	
PT2-PR2	LAMP1	0.06997	0.5412305547665841	0.7750655887238844	atman	0.103	
PT2-PR2	TSPAN8	0.05547	0.5414051997098748	0.7750655887238844	atman	0.103	
PT2-PR2	TP53INP1	-0.0503111111111111	0.5431025841552628	0.7750655887238844	atman	0.103	
PT2-PR2	LRP11	-0.0425666666666666	0.5409921157943627	0.7750655887238844	atman	0.103	
PT2-PR2	LCAT	0.0370777777777777	0.5427806699779802	0.7750655887238844	atman	0.103	
PT2-PR2	FGF16	-0.2314099999999999	0.5462609562000409	0.7753329291246618	atman	0.103	
PT2-PR2	BAIAP2	0.2061624999999999	0.5466502074192419	0.7753329291246618	atman	0.103	
PT2-PR2	ZPR1	-0.1812333333333333	0.5466946048549763	0.7753329291246618	atman	0.103	
PT2-PR2	CPE	0.15021	0.5471557782005105	0.7753329291246618	atman	0.103	
PT2-PR2	PNMA2	-0.1081777777777777	0.546214018328776	0.7753329291246618	atman	0.103	
PT2-PR2	LAMTOR5	-0.07544	0.5446800317725145	0.7753329291246618	atman	0.103	
PT2-PR2	ACVRL1	0.0729666666666666	0.5466293068818775	0.7753329291246618	atman	0.103	
PT2-PR2	COL3A1	-0.0621799999999999	0.546621526060691	0.7753329291246618	atman	0.103	
PT2-PR2	ACE2	0.0579777777777777	0.5470933274462519	0.7753329291246618	atman	0.103	
PT2-PR2	NXPH3	-0.05658	0.543801644484381	0.7753329291246618	atman	0.103	
PT2-PR2	NCAM2	0.0551999999999999	0.5473248791710512	0.7753329291246618	atman	0.103	
PT2-PR2	LY96	0.0535999999999999	0.5446888120587539	0.7753329291246618	atman	0.103	
PT2-PR2	ANPEP	0.04679	0.5450425629511197	0.7753329291246618	atman	0.103	
PT2-PR2	CEACAM16	0.04097	0.5458700725069827	0.7753329291246618	atman	0.103	
PT2-PR2	CD22	0.03226	0.544102482060909	0.7753329291246618	atman	0.103	
PT2-PR2	DEFB104A_DEFB104B	-0.1075222222222221	0.5481589510538925	0.7757732486194955	atman	0.103	
PT2-PR2	SMAD2	-0.06297	0.5481638067168388	0.7757732486194955	atman	0.103	
PT2-PR2	CEACAM20	-0.1863777777777778	0.5491973701352337	0.7766336611095299	atman	0.103	
PT2-PR2	CXADR	0.08425	0.549335895220133	0.7766336611095299	atman	0.103	
PT2-PR2	IL4R	0.0668	0.549564799675532	0.7766336611095299	atman	0.103	
PT2-PR2	EPGN	0.0587299999999999	0.5503918699272545	0.7774285162722471	atman	0.103	
PT2-PR2	RAP1A	0.20847	0.5522291118702758	0.77964878936803	atman	0.103	
PT2-PR2	SLC44A4	-0.1226625	0.5526500016223908	0.7798062135541607	atman	0.103	
PT2-PR2	CD164L2	0.0979624999999999	0.5528714577376843	0.7798062135541607	atman	0.103	
PT2-PR2	LRIG3	0.08272	0.5532925586274553	0.780025689658092	atman	0.103	
PT2-PR2	HGF	0.1460299999999999	0.5539072219560122	0.7804572708661675	atman	0.103	
PT2-PR2	COPE	-0.0886333333333333	0.5541299751622959	0.7804572708661675	atman	0.103	
PT2-PR2	CXCL1	0.2023599999999999	0.5548223814006361	0.7810580529732003	atman	0.103	
PT2-PR2	CSF2	0.148	0.556189494875728	0.7826076321575138	atman	0.103	
PT2-PR2	PIK3AP1	0.1990499999999999	0.5566499211375269	0.7826765422633392	atman	0.103	
PT2-PR2	PRAME	0.1452444444444444	0.5567712638973379	0.7826765422633392	atman	0.103	
PT2-PR2	FABP4	-0.06575	0.5578397041644791	0.7838034676399999	atman	0.103	
PT2-PR2	SHPK	-0.0688888888888888	0.5586860411214332	0.783867998478878	atman	0.103	
PT2-PR2	CBLN4	0.0429099999999999	0.558276954846717	0.783867998478878	atman	0.103	
PT2-PR2	NGF	0.0248666666666666	0.5584905311848405	0.783867998478878	atman	0.103	
PT2-PR2	PBXIP1	0.0527	0.5594658507167498	0.7845874316972844	atman	0.103	
PT2-PR2	FSHB	-0.0604899999999999	0.5597956436941307	0.7846753822391966	atman	0.103	
PT2-PR2	CEACAM19	0.14891	0.5605786344949655	0.7850238456368963	atman	0.103	
PT2-PR2	APOB	-0.0761999999999999	0.5605681754348759	0.7850238456368963	atman	0.103	
PT2-PR2	SAG	0.5175777777777777	0.5610176415125545	0.7850574752927808	atman	0.103	
PT2-PR2	PITHD1	-0.2686666666666666	0.5611370653896663	0.7850574752927808	atman	0.103	
PT2-PR2	SIGLEC1	0.0396699999999999	0.562357203455464	0.7863900351033571	atman	0.103	
PT2-PR2	CLEC4A	-0.0786625	0.5638336552886973	0.788079580988674	atman	0.103	
PT2-PR2	LARP1	0.26259	0.5659341191883449	0.7889033483013848	atman	0.103	
PT2-PR2	PADI2	0.1398222222222222	0.5647924084098495	0.7889033483013848	atman	0.103	
PT2-PR2	GATA3	-0.1351222222222222	0.5658361664952138	0.7889033483013848	atman	0.103	
PT2-PR2	TSLP	-0.1137888888888888	0.5651553738085391	0.7889033483013848	atman	0.103	
PT2-PR2	SNCG	-0.0787444444444444	0.5660341246491896	0.7889033483013848	atman	0.103	
PT2-PR2	IGSF21	-0.03751	0.5653655744562776	0.7889033483013848	atman	0.103	
PT2-PR2	ANGPT1	0.23832	0.5687129632797245	0.7898355622306772	atman	0.103	
PT2-PR2	GID8	-0.1280333333333333	0.5686470701069735	0.7898355622306772	atman	0.103	
PT2-PR2	GRIN2B	-0.1190222222222222	0.5689866682354419	0.7898355622306772	atman	0.103	
PT2-PR2	IL21R	-0.10991	0.5687186704839957	0.7898355622306772	atman	0.103	
PT2-PR2	PDZK1	0.10425	0.5679533747141658	0.7898355622306772	atman	0.103	
PT2-PR2	GIPR	0.10283	0.568451747074912	0.7898355622306772	atman	0.103	
PT2-PR2	NCR1	-0.0696249999999999	0.569122493275134	0.7898355622306772	atman	0.103	
PT2-PR2	FOLR1	0.0358111111111111	0.5677792364459462	0.7898355622306772	atman	0.103	
PT2-PR2	SERPINF2	-0.0245699999999999	0.5687548405117959	0.7898355622306772	atman	0.103	
PT2-PR2	TNFRSF10B	-0.0673555555555555	0.5693955249072384	0.7898413844086245	atman	0.103	
PT2-PR2	GUK1	0.1644125	0.5714677368348056	0.7912215885111493	atman	0.103	
PT2-PR2	SIGLEC8	0.0626699999999999	0.5708180655381385	0.7912215885111493	atman	0.103	
PT2-PR2	NGRN	0.0398899999999999	0.5714190905134897	0.7912215885111493	atman	0.103	
PT2-PR2	SIGLEC9	0.02389	0.5712304337376666	0.7912215885111493	atman	0.103	
PT2-PR2	TEF	-0.1391125	0.5724250873725061	0.7914281913884343	atman	0.103	
PT2-PR2	BMP4	-0.0378444444444444	0.5721443497044643	0.7914281913884343	atman	0.103	
PT2-PR2	LEG1	-0.0332	0.5723189465197456	0.7914281913884343	atman	0.103	
PT2-PR2	KIR2DL3	0.083825	0.5734723342525669	0.7922747266565211	atman	0.103	
PT2-PR2	ART3	0.03946	0.5735766996590947	0.7922747266565211	atman	0.103	
PT2-PR2	AKR1B10	0.2076749999999999	0.5764658806803238	0.7928828940840413	atman	0.103	
PT2-PR2	SCRN1	0.1964624999999999	0.5766280166271212	0.7928828940840413	atman	0.103	
PT2-PR2	OGT	0.169811111111111	0.57508488992039	0.7928828940840413	atman	0.103	
PT2-PR2	TJP3	-0.1403444444444444	0.5767157061462207	0.7928828940840413	atman	0.103	
PT2-PR2	PBK	0.1267666666666666	0.575100301683876	0.7928828940840413	atman	0.103	
PT2-PR2	VPS28	-0.1151444444444444	0.5749393823482043	0.7928828940840413	atman	0.103	
PT2-PR2	NUDT15	0.0911249999999999	0.5763779589939082	0.7928828940840413	atman	0.103	
PT2-PR2	GBP4	0.0619444444444444	0.5765801704140339	0.7928828940840413	atman	0.103	
PT2-PR2	VASN	0.0475899999999999	0.576413118038805	0.7928828940840413	atman	0.103	
PT2-PR2	PGLYRP2	0.02705	0.5752508341243705	0.7928828940840413	atman	0.103	
PT2-PR2	MUC13	0.2027555555555555	0.5775807699067055	0.7929590196195798	atman	0.103	
PT2-PR2	ARID3A	0.1060777777777777	0.5770687514675616	0.7929590196195798	atman	0.103	
PT2-PR2	SCARF2	0.03412	0.5774775256852998	0.7929590196195798	atman	0.103	
PT2-PR2	SSB	0.1446	0.5786963281726907	0.7933783537897178	atman	0.103	
PT2-PR2	ALPP	-0.0541666666666665	0.57820952432234	0.7933783537897178	atman	0.103	
PT2-PR2	SIL1	-0.0335699999999999	0.5786902991206246	0.7933783537897178	atman	0.103	
PT2-PR2	SYNGAP1	-0.1097333333333333	0.5795516154566793	0.7938553680563735	atman	0.103	
PT2-PR2	MCTS1	0.05933	0.5796467762209532	0.7938553680563735	atman	0.103	
PT2-PR2	GCHFR	-0.04647	0.579854874012586	0.7938553680563735	atman	0.103	
PT2-PR2	CFB	0.05201	0.5809947719297273	0.7950454773775215	atman	0.103	
PT2-PR2	TOR1AIP1	0.1224199999999999	0.5828288529256918	0.7968130153074372	atman	0.103	
PT2-PR2	NECTIN2	0.0367888888888889	0.582578246335582	0.7968130153074372	atman	0.103	
PT2-PR2	SEZ6	-0.0824749999999999	0.584121074606931	0.7982082405558899	atman	0.103	
PT2-PR2	CLC	-0.0889888888888889	0.5848804343832048	0.7988743450571156	atman	0.103	
PT2-PR2	TNFRSF4	-0.03429	0.5856504180964488	0.7995543347432	atman	0.103	
PT2-PR2	LAMA1	-0.08205	0.5866952224940332	0.8006087151358428	atman	0.103	
PT2-PR2	FUT1	0.1563111111111111	0.5871258331018154	0.8008243721695143	atman	0.103	
PT2-PR2	LYPLA2	-0.1030777777777777	0.5879455470875277	0.8015703096719983	atman	0.103	
PT2-PR2	BLOC1S2	-0.2737666666666667	0.590454621536221	0.8016229101334497	atman	0.103	
PT2-PR2	CEP350	-0.2060444444444444	0.5891372449297425	0.8016229101334497	atman	0.103	
PT2-PR2	MPHOSPH8	0.1766888888888889	0.5911861435335597	0.8016229101334497	atman	0.103	
PT2-PR2	PRKRA	0.1669499999999999	0.5914194721452255	0.8016229101334497	atman	0.103	
PT2-PR2	ARHGAP5	0.1218333333333333	0.5893703230597147	0.8016229101334497	atman	0.103	
PT2-PR2	ESPL1	0.1178333333333333	0.5915082586603098	0.8016229101334497	atman	0.103	
PT2-PR2	SULT2A1	-0.1098249999999999	0.590371270811775	0.8016229101334497	atman	0.103	
PT2-PR2	DEFB116	-0.1051777777777777	0.5906952432647905	0.8016229101334497	atman	0.103	
PT2-PR2	TMPRSS15	-0.0658111111111111	0.5916470908456484	0.8016229101334497	atman	0.103	
PT2-PR2	ITPR1	0.06426	0.5888044054361803	0.8016229101334497	atman	0.103	
PT2-PR2	LIPF	0.0446099999999999	0.5894156096734968	0.8016229101334497	atman	0.103	
PT2-PR2	PCDH7	-0.0435	0.5918039796049872	0.8016229101334497	atman	0.103	
PT2-PR2	FAM3B	0.0319	0.5883006997022746	0.8016229101334497	atman	0.103	
PT2-PR2	PRND	0.0316099999999999	0.5909963240188649	0.8016229101334497	atman	0.103	
PT2-PR2	LXN	-0.0599222222222222	0.5929723746914011	0.8017270303006611	atman	0.103	
PT2-PR2	IL12B	0.0396999999999999	0.592703562714582	0.8017270303006611	atman	0.103	
PT2-PR2	DMP1	-0.03089	0.592846174707736	0.8017270303006611	atman	0.103	
PT2-PR2	FASLG	-0.01622	0.5925514065282296	0.8017270303006611	atman	0.103	
PT2-PR2	KRT17	-0.1385	0.5950109221273616	0.8036975489613205	atman	0.103	
PT2-PR2	TPM3	-0.1307249999999999	0.5955600589539116	0.8036975489613205	atman	0.103	
PT2-PR2	GIMAP8	-0.1032777777777777	0.5953121805808874	0.8036975489613205	atman	0.103	
PT2-PR2	TIGIT	-0.0998333333333333	0.5954085761625507	0.8036975489613205	atman	0.103	
PT2-PR2	ROBO2	0.0336	0.5957975703327965	0.8036975489613205	atman	0.103	
PT2-PR2	CLEC2L	-0.1087499999999999	0.5968245239818255	0.8047133783655821	atman	0.103	
PT2-PR2	VSIG10L	-0.1065625	0.5976552876763952	0.8050945599235438	atman	0.103	
PT2-PR2	ISM1	-0.06415	0.5975963032333014	0.8050945599235438	atman	0.103	
PT2-PR2	SKIV2L	0.1259	0.5979294595829547	0.805094753553951	atman	0.103	
PT2-PR2	SPACA5_SPACA5B	-0.0693222222222222	0.598790451379863	0.805479008460396	atman	0.103	
PT2-PR2	NFIC	-0.0536222222222222	0.5990373156861692	0.805479008460396	atman	0.103	
PT2-PR2	MANSC1	0.0318888888888889	0.5985798094454282	0.805479008460396	atman	0.103	
PT2-PR2	MMP9	-0.2348799999999999	0.599448467133028	0.8055872647917702	atman	0.103	
PT2-PR2	ACRBP	-0.0732499999999999	0.5996662178691632	0.8055872647917702	atman	0.103	
PT2-PR2	TNFRSF1A	0.04567	0.6004437755904795	0.806263168503121	atman	0.103	
PT2-PR2	PF4	0.2752799999999999	0.6009361275415399	0.8065556613600019	atman	0.103	
PT2-PR2	THAP12	0.1700444444444444	0.6020479523155717	0.8074984581398974	atman	0.103	
PT2-PR2	NPTN	-0.133725	0.6021882647326464	0.8074984581398974	atman	0.103	
PT2-PR2	DPP7	0.1220777777777777	0.6037147171337214	0.8080700860769354	atman	0.103	
PT2-PR2	KLRK1	0.1047299999999999	0.6032603002283552	0.8080700860769354	atman	0.103	
PT2-PR2	CCL3	0.0880374999999999	0.6034774038016328	0.8080700860769354	atman	0.103	
PT2-PR2	C5	-0.0239	0.6036234903667241	0.8080700860769354	atman	0.103	
PT2-PR2	HEBP1	-0.1412333333333333	0.6051111281206034	0.8081335597150096	atman	0.103	
PT2-PR2	SART1	0.1184625	0.6062309211585091	0.8081335597150096	atman	0.103	
PT2-PR2	TMSB10	0.10718	0.6054396539429032	0.8081335597150096	atman	0.103	
PT2-PR2	CEBPB	-0.0878222222222222	0.6050538457614059	0.8081335597150096	atman	0.103	
PT2-PR2	EPHX2	0.0830444444444444	0.6059806973532624	0.8081335597150096	atman	0.103	
PT2-PR2	CARHSP1	0.0687666666666666	0.6050352050455254	0.8081335597150096	atman	0.103	
PT2-PR2	CCL21	0.0600499999999999	0.6055321441073167	0.8081335597150096	atman	0.103	
PT2-PR2	CAT	0.0578111111111111	0.6062377010251467	0.8081335597150096	atman	0.103	
PT2-PR2	TNFSF10	-0.05094	0.6050920191199753	0.8081335597150096	atman	0.103	
PT2-PR2	PAK4	0.1009333333333333	0.6070923812664266	0.8089058576692796	atman	0.103	
PT2-PR2	COL24A1	0.33371	0.6092228907029362	0.8096620063234375	atman	0.103	
PT2-PR2	CCL27	0.1998777777777777	0.609098562371404	0.8096620063234375	atman	0.103	
PT2-PR2	FZD10	-0.1659749999999999	0.6095889577901443	0.8096620063234375	atman	0.103	
PT2-PR2	SFTPA2	0.074125	0.6086227857608908	0.8096620063234375	atman	0.103	
PT2-PR2	SLC51B	-0.0570875	0.6086204811183038	0.8096620063234375	atman	0.103	
PT2-PR2	CLEC4G	0.0490875	0.6091520205883942	0.8096620063234375	atman	0.103	
PT2-PR2	TFRC	0.0430199999999999	0.6094734297836915	0.8096620063234375	atman	0.103	
PT2-PR2	FGD3	0.1744888888888889	0.6112214069150481	0.8111901421379824	atman	0.103	
PT2-PR2	FUT3_FUT5	0.0212999999999999	0.6112916864171181	0.8111901421379824	atman	0.103	
PT2-PR2	GCNT1	-0.0625333333333333	0.6127584300560078	0.8123638630844247	atman	0.103	
PT2-PR2	FAM3D	0.05923	0.6126743556568541	0.8123638630844247	atman	0.103	
PT2-PR2	CYP24A1	0.0589749999999999	0.6130056788489344	0.8123638630844247	atman	0.103	
PT2-PR2	IL17A	0.0950666666666666	0.6136807997228182	0.81289187988532	atman	0.103	
PT2-PR2	CEP20	0.1367875	0.6145459669007878	0.8133045273668984	atman	0.103	
PT2-PR2	FGFBP1	0.0347	0.61440643253669	0.8133045273668984	atman	0.103	
PT2-PR2	SMARCA2	0.151388888888889	0.616039406209693	0.8145674935678141	atman	0.103	
PT2-PR2	VWC2	-0.0532555555555555	0.6160547892129622	0.8145674935678141	atman	0.103	
PT2-PR2	ADAM8	0.05518	0.6166583160583246	0.8149987101121716	atman	0.103	
PT2-PR2	CDHR2	-0.0679666666666667	0.6173255975982883	0.8152068256948477	atman	0.103	
PT2-PR2	SPESP1	0.06445	0.6181750288777361	0.8152068256948477	atman	0.103	
PT2-PR2	PRSS22	0.03987	0.6182031339850649	0.8152068256948477	atman	0.103	
PT2-PR2	ITGB2	0.02186	0.6179994052199276	0.8152068256948477	atman	0.103	
PT2-PR2	SPINT1	-0.0198799999999999	0.6176104012252897	0.8152068256948477	atman	0.103	
PT2-PR2	CASP9	0.10518	0.6187563592697458	0.8155702931962823	atman	0.103	
PT2-PR2	ANXA10	-0.0941333333333333	0.6190706467995124	0.8156186369044697	atman	0.103	
PT2-PR2	CD48	0.0309499999999999	0.6194725205421436	0.8157822794051178	atman	0.103	
PT2-PR2	SLK	0.1121888888888888	0.621301074859115	0.8159957791399552	atman	0.103	
PT2-PR2	PCARE	-0.0959444444444444	0.620545882585827	0.8159957791399552	atman	0.103	
PT2-PR2	TP53BP1	0.0770399999999999	0.6199732606746933	0.8159957791399552	atman	0.103	
PT2-PR2	OSCAR	0.0391	0.6208571909381186	0.8159957791399552	atman	0.103	
PT2-PR2	RTN4R	-0.03331	0.6211134861386747	0.8159957791399552	atman	0.103	
PT2-PR2	MENT	-0.0176	0.6202415694881354	0.8159957791399552	atman	0.103	
PT2-PR2	SEPTIN8	-0.04335	0.6216657733437922	0.8161099383753627	atman	0.103	
PT2-PR2	DIPK1C	-0.1474875	0.6221385943391389	0.8163298356494755	atman	0.103	
PT2-PR2	PADI4	0.0879555555555555	0.6237205015624416	0.8163298356494755	atman	0.103	
PT2-PR2	WFDC12	-0.08184	0.6241822209710552	0.8163298356494755	atman	0.103	
PT2-PR2	FKBP4	0.0719555555555555	0.6248896529529171	0.8163298356494755	atman	0.103	
PT2-PR2	ACP1	0.06663	0.6248780716416502	0.8163298356494755	atman	0.103	
PT2-PR2	PTPRZ1	0.0496999999999999	0.6247010749970727	0.8163298356494755	atman	0.103	
PT2-PR2	MRPS16	0.04576	0.6248420662535055	0.8163298356494755	atman	0.103	
PT2-PR2	EPHA2	0.0394111111111111	0.6247123900702816	0.8163298356494755	atman	0.103	
PT2-PR2	CCN3	-0.0372199999999999	0.6248183433606589	0.8163298356494755	atman	0.103	
PT2-PR2	CD5	0.03599	0.6224282507144498	0.8163298356494755	atman	0.103	
PT2-PR2	HAVCR1	0.02712	0.6246446204381808	0.8163298356494755	atman	0.103	
PT2-PR2	SAT1	0.1199875	0.6266492224537199	0.8182646291417907	atman	0.103	
PT2-PR2	BAX	0.1825888888888888	0.6271914796598748	0.8186088703868112	atman	0.103	
PT2-PR2	ARTN	0.1582222222222222	0.6286240864674872	0.8193866752624124	atman	0.103	
PT2-PR2	NFYA	0.08025	0.6284467741218465	0.8193866752624124	atman	0.103	
PT2-PR2	NEK7	-0.0538999999999999	0.6281861980987566	0.8193866752624124	atman	0.103	
PT2-PR2	SIRPA	-0.01963	0.629198308755174	0.8197714550433265	atman	0.103	
PT2-PR2	NAAA	0.0500666666666666	0.6298013708161116	0.8201934518872944	atman	0.103	
PT2-PR2	SAP18	0.1232555555555555	0.6317244804194304	0.8213779081903841	atman	0.103	
PT2-PR2	LIF	0.0919222222222222	0.6310081698538998	0.8213779081903841	atman	0.103	
PT2-PR2	DPEP2	0.0719111111111109	0.6318258117247213	0.8213779081903841	atman	0.103	
PT2-PR2	ADAM9	0.06676	0.6318291601464494	0.8213779081903841	atman	0.103	
PT2-PR2	DDC	0.0254111111111111	0.6325481317656456	0.8219488771019313	atman	0.103	
PT2-PR2	CLSTN1	0.1176777777777777	0.6329219450358381	0.8220710320580427	atman	0.103	
PT2-PR2	C1R	0.0174699999999999	0.6338107952709016	0.8224982846757548	atman	0.103	
PT2-PR2	SERPINA3	0.01231	0.6336184017984903	0.8224982846757548	atman	0.103	
PT2-PR2	AFP	0.0486888888888889	0.635015830588745	0.8231538518962527	atman	0.103	
PT2-PR2	HNRNPUL1	0.0427888888888888	0.6354366698777063	0.8231538518962527	atman	0.103	
PT2-PR2	HYAL1	0.0358499999999999	0.6354110362361634	0.8231538518962527	atman	0.103	
PT2-PR2	IGFBP6	-0.02657	0.6349404977581974	0.8231538518962527	atman	0.103	
PT2-PR2	LYZL2	0.0858	0.6363293014445519	0.8239468874588337	atman	0.103	
PT2-PR2	SRP14	0.1537222222222222	0.6377811516345062	0.8246641921380342	atman	0.103	
PT2-PR2	SCN2A	-0.1318555555555556	0.6374478056054897	0.8246641921380342	atman	0.103	
PT2-PR2	CHRM1	-0.1306124999999999	0.6382867164472055	0.8246641921380342	atman	0.103	
PT2-PR2	CLSPN	0.0629111111111111	0.6378989488268574	0.8246641921380342	atman	0.103	
PT2-PR2	CWC15	-0.05599	0.6380906565085456	0.8246641921380342	atman	0.103	
PT2-PR2	PGM2	-0.1001624999999999	0.641227555381801	0.8275812788105897	atman	0.103	
PT2-PR2	RPA2	0.0874399999999999	0.641188938543932	0.8275812788105897	atman	0.103	
PT2-PR2	RELB	-0.0623899999999999	0.6413895751707668	0.8275812788105897	atman	0.103	
PT2-PR2	F12	0.04032	0.6430809379428297	0.8293993835276707	atman	0.103	
PT2-PR2	DGCR6	-0.0953777777777777	0.643931306635593	0.8294038487046788	atman	0.103	
PT2-PR2	GGT1	0.03493	0.6439207768506037	0.8294038487046788	atman	0.103	
PT2-PR2	ICAM2	0.0306799999999999	0.6435426495907413	0.8294038487046788	atman	0.103	
PT2-PR2	KIF20B	-0.2594666666666666	0.6447381595402375	0.8299296308334445	atman	0.103	
PT2-PR2	GLB1	-0.0892444444444444	0.644904474878405	0.8299296308334445	atman	0.103	
PT2-PR2	SNRPB2	-0.0479099999999999	0.6452320227524371	0.8299876019468739	atman	0.103	
PT2-PR2	ACAN	-0.021	0.6459081611155786	0.830493731885151	atman	0.103	
PT2-PR2	S100A12	-0.1955444444444444	0.6472265232703958	0.8314729793927946	atman	0.103	
PT2-PR2	ADGRB3	-0.0443888888888888	0.6472357739521175	0.8314729793927946	atman	0.103	
PT2-PR2	LRP2	0.1068999999999999	0.6483182299203538	0.8321358495002182	atman	0.103	
PT2-PR2	AGT	0.0161222222222222	0.64810321444179	0.8321358495002182	atman	0.103	
PT2-PR2	MTPN	-0.124211111111111	0.6505352731044813	0.8333445459475451	atman	0.103	
PT2-PR2	GOT1	0.06572	0.6497683384505535	0.8333445459475451	atman	0.103	
PT2-PR2	VSIG10	-0.05437	0.6506781444532568	0.8333445459475451	atman	0.103	
PT2-PR2	KIR2DS4	0.05328	0.6500389746822066	0.8333445459475451	atman	0.103	
PT2-PR2	FUOM	-0.0201499999999999	0.6501457339304264	0.8333445459475451	atman	0.103	
PT2-PR2	ENO3	-0.04175	0.6534253765880849	0.8358961528639766	atman	0.103	
PT2-PR2	TNN	0.02787	0.6533641134645243	0.8358961528639766	atman	0.103	
PT2-PR2	C1QTNF5	-0.0260199999999999	0.6535239833657434	0.8358961528639766	atman	0.103	
PT2-PR2	AMN	0.0891888888888888	0.654446118092002	0.8360194872315904	atman	0.103	
PT2-PR2	CRHR1	-0.0855333333333333	0.6544740710117964	0.8360194872315904	atman	0.103	
PT2-PR2	GFRA3	-0.0476777777777777	0.6544398292864486	0.8360194872315904	atman	0.103	
PT2-PR2	GRK5	0.0970222222222222	0.6550764848097854	0.8364253421865057	atman	0.103	
PT2-PR2	CCL14	0.08171	0.6553897667839905	0.836461830934563	atman	0.103	
PT2-PR2	CTLA4	-0.12421	0.6560137918508473	0.8367123654075493	atman	0.103	
PT2-PR2	EDA2R	0.03781	0.656155646664055	0.8367123654075493	atman	0.103	
PT2-PR2	FLI1	0.101925	0.6570312173282624	0.8367393656308778	atman	0.103	
PT2-PR2	BLNK	0.08804	0.6568278410360531	0.8367393656308778	atman	0.103	
PT2-PR2	MANSC4	-0.0611625	0.6569104339627434	0.8367393656308778	atman	0.103	
PT2-PR2	IL3RA	-0.203811111111111	0.6573880298571919	0.8368310362740164	atman	0.103	
PT2-PR2	SERPINI1	-0.0665499999999999	0.6577582394660171	0.8369396741234986	atman	0.103	
PT2-PR2	HJV	-0.0952222222222222	0.6581230536447742	0.8370413556746089	atman	0.103	
PT2-PR2	SERPINA11	0.0269	0.6590070760677469	0.837803024442683	atman	0.103	
PT2-PR2	NDRG1	-0.0413333333333333	0.6596063184641137	0.8382021469063867	atman	0.103	
PT2-PR2	IL5	-0.1681888888888889	0.6615554180157797	0.8389014977916057	atman	0.103	
PT2-PR2	PALM3	0.0974	0.6609119405734845	0.8389014977916057	atman	0.103	
PT2-PR2	VSIG2	-0.09483	0.6607030801210567	0.8389014977916057	atman	0.103	
PT2-PR2	PDCL2	0.0865777777777777	0.6615843330099218	0.8389014977916057	atman	0.103	
PT2-PR2	NPDC1	-0.0442111111111111	0.6614341430765043	0.8389014977916057	atman	0.103	
PT2-PR2	CSPG5	-0.1365777777777778	0.6628717049828048	0.8398089992408281	atman	0.103	
PT2-PR2	EGLN1	-0.0963374999999999	0.6628597344997798	0.8398089992408281	atman	0.103	
PT2-PR2	UXS1	0.0617999999999999	0.6640225848896621	0.8400898433150942	atman	0.103	
PT2-PR2	C1QL2	0.0545999999999999	0.6638174234867558	0.8400898433150942	atman	0.103	
PT2-PR2	PDGFC	-0.0518125	0.6642371361541741	0.8400898433150942	atman	0.103	
PT2-PR2	FCAR	0.0371749999999999	0.6638430132088349	0.8400898433150942	atman	0.103	
PT2-PR2	UROS	-0.1410374999999999	0.6648243360159265	0.8404176714141491	atman	0.103	
PT2-PR2	NAPRT	-0.04826	0.6652156326478091	0.8404176714141491	atman	0.103	
PT2-PR2	CSF2RA	0.0358666666666666	0.6653544941148097	0.8404176714141491	atman	0.103	
PT2-PR2	CTNNA1	-0.0537111111111111	0.6658061543403924	0.8406267646979255	atman	0.103	
PT2-PR2	CD82	0.0768777777777777	0.6668221698187242	0.841186575752431	atman	0.103	
PT2-PR2	TNFRSF11A	0.06465	0.6667835008448386	0.841186575752431	atman	0.103	
PT2-PR2	TP53	0.1368375	0.6681111144197782	0.8418182513758243	atman	0.103	
PT2-PR2	ATP6V1F	0.0934222222222222	0.6677721351469035	0.8418182513758243	atman	0.103	
PT2-PR2	LCN15	0.0497555555555555	0.6681824922424855	0.8418182513758243	atman	0.103	
PT2-PR2	IFNW1	0.0588249999999999	0.6688389814961315	0.8419232766219514	atman	0.103	
PT2-PR2	CEMIP2	-0.0402999999999999	0.6688163142958055	0.8419232766219514	atman	0.103	
PT2-PR2	QPCT	0.02225	0.6695610559329932	0.8424712558163315	atman	0.103	
PT2-PR2	DKK1	0.13466	0.6707508828700273	0.8427335747764964	atman	0.103	
PT2-PR2	GBP6	-0.1273749999999999	0.6709168929211113	0.8427335747764964	atman	0.103	
PT2-PR2	TPPP3	-0.0589888888888888	0.670270029115164	0.8427335747764964	atman	0.103	
PT2-PR2	LAMB1	0.02622	0.6703815731823926	0.8427335747764964	atman	0.103	
PT2-PR2	IL10	-0.1290444444444444	0.6730624819016653	0.8432659569152515	atman	0.103	
PT2-PR2	GLI2	-0.0717799999999999	0.6728565497421406	0.8432659569152515	atman	0.103	
PT2-PR2	IDI2	-0.0663666666666666	0.6733498757396801	0.8432659569152515	atman	0.103	
PT2-PR2	CD83	0.0654	0.6731630079304525	0.8432659569152515	atman	0.103	
PT2-PR2	CCAR2	0.03617	0.6717858798528309	0.8432659569152515	atman	0.103	
PT2-PR2	MFAP5	0.0357799999999999	0.6722137573336027	0.8432659569152515	atman	0.103	
PT2-PR2	VNN1	0.0333999999999999	0.672890834475554	0.8432659569152515	atman	0.103	
PT2-PR2	AK1	-0.0800777777777777	0.6741779174741895	0.8439432132676477	atman	0.103	
PT2-PR2	GPA33	0.0704	0.674688952744678	0.8442232296268586	atman	0.103	
PT2-PR2	NEDD4L	0.07151	0.6760693231881418	0.8445117651049152	atman	0.103	
PT2-PR2	PNLIPRP1	0.0688599999999999	0.675478279335191	0.8445117651049152	atman	0.103	
PT2-PR2	ENTPD6	0.0380555555555555	0.6759186617109814	0.8445117651049152	atman	0.103	
PT2-PR2	CLEC4M	0.0275199999999999	0.6757615829661747	0.8445117651049152	atman	0.103	
PT2-PR2	TNNI3	-0.2306	0.6794695343669344	0.8448002584323068	atman	0.103	
PT2-PR2	GPIHBP1	0.1335999999999999	0.6795530740766207	0.8448002584323068	atman	0.103	
PT2-PR2	CYTH3	0.1261666666666667	0.6787703028607215	0.8448002584323068	atman	0.103	
PT2-PR2	MYLPF	-0.104125	0.6797507865670434	0.8448002584323068	atman	0.103	
PT2-PR2	VEGFB	-0.08922	0.6781843465120905	0.8448002584323068	atman	0.103	
PT2-PR2	PREB	0.0770222222222222	0.6768184680685634	0.8448002584323068	atman	0.103	
PT2-PR2	BRDT	0.06595	0.6783431178517694	0.8448002584323068	atman	0.103	
PT2-PR2	COL9A1	-0.0563749999999999	0.6783688993084254	0.8448002584323068	atman	0.103	
PT2-PR2	SFTPA1	-0.052375	0.6774701924397628	0.8448002584323068	atman	0.103	
PT2-PR2	PTGR1	0.04261	0.6777812901570173	0.8448002584323068	atman	0.103	
PT2-PR2	CNTN1	0.02197	0.6793168628600019	0.8448002584323068	atman	0.103	
PT2-PR2	IGLC2	0.0177899999999999	0.6783981286652954	0.8448002584323068	atman	0.103	
PT2-PR2	EREG	-0.1957444444444444	0.6838448133995993	0.8448632587024234	atman	0.103	
PT2-PR2	CSRP3	-0.1523874999999999	0.6829710769906137	0.8448632587024234	atman	0.103	
PT2-PR2	FCN1	0.1189666666666666	0.6804610688826169	0.8448632587024234	atman	0.103	
PT2-PR2	RBP1	-0.0928375	0.6820759664058123	0.8448632587024234	atman	0.103	
PT2-PR2	CBX2	0.0866624999999999	0.6835839746703034	0.8448632587024234	atman	0.103	
PT2-PR2	LPP	0.0783999999999999	0.680960712541373	0.8448632587024234	atman	0.103	
PT2-PR2	DYNLT1	-0.0763625	0.6801271639859185	0.8448632587024234	atman	0.103	
PT2-PR2	NT5C1A	0.06969	0.6825070745676358	0.8448632587024234	atman	0.103	
PT2-PR2	VASH1	-0.0668875	0.6834268813086413	0.8448632587024234	atman	0.103	
PT2-PR2	CCN4	-0.0586299999999999	0.6808461453996477	0.8448632587024234	atman	0.103	
PT2-PR2	CAPN3	0.0524399999999999	0.6813405226298102	0.8448632587024234	atman	0.103	
PT2-PR2	DSG4	-0.0435999999999999	0.6835353041518841	0.8448632587024234	atman	0.103	
PT2-PR2	CHCHD6	-0.0414	0.6841149395687764	0.8448632587024234	atman	0.103	
PT2-PR2	SEZ6L2	-0.0389777777777777	0.6831461332089597	0.8448632587024234	atman	0.103	
PT2-PR2	CRLF1	0.02066	0.6817878611282866	0.8448632587024234	atman	0.103	
PT2-PR2	ZNF75D	-0.1514666666666666	0.68674503949482	0.8460788959800094	atman	0.103	
PT2-PR2	CYB5A	-0.1359111111111111	0.6867077136127115	0.8460788959800094	atman	0.103	
PT2-PR2	B3GAT3	0.11115	0.6858504265613392	0.8460788959800094	atman	0.103	
PT2-PR2	GAST	-0.0846399999999999	0.6869176440844611	0.8460788959800094	atman	0.103	
PT2-PR2	TDO2	-0.0657999999999999	0.68740310575367	0.8460788959800094	atman	0.103	
PT2-PR2	FNDC1	0.05869	0.6859723183718776	0.8460788959800094	atman	0.103	
PT2-PR2	GM2A	0.03315	0.6865522558418733	0.8460788959800094	atman	0.103	
PT2-PR2	SLITRK2	0.0311299999999999	0.6872524011090344	0.8460788959800094	atman	0.103	
PT2-PR2	TIGAR	0.0919	0.6882222715155768	0.8466612775525664	atman	0.103	
PT2-PR2	DDT	-0.05121	0.6884526181324306	0.8466612775525664	atman	0.103	
PT2-PR2	CX3CL1	-0.0734333333333333	0.6891124913986282	0.8471182007235019	atman	0.103	
PT2-PR2	ADAMTS1	0.0759099999999999	0.6897059795453113	0.8474157467012674	atman	0.103	
PT2-PR2	CHIT1	-0.0363399999999999	0.6899314043939522	0.8474157467012674	atman	0.103	
PT2-PR2	FZD8	-0.1214888888888889	0.6909633688733636	0.8478107380488429	atman	0.103	
PT2-PR2	PHLDB2	0.0872777777777777	0.691118692180728	0.8478107380488429	atman	0.103	
PT2-PR2	BTN1A1	-0.04715	0.6907502182998582	0.8478107380488429	atman	0.103	
PT2-PR2	RNASEH2A	-0.0668444444444444	0.6931821899400501	0.8499871761451866	atman	0.103	
PT2-PR2	PNLIPRP2	-0.04183	0.6937922878662586	0.8503803678560984	atman	0.103	
PT2-PR2	PFDN6	0.1493249999999999	0.6947702719273308	0.8511527764695758	atman	0.103	
PT2-PR2	PTPRH	-0.05294	0.6950018756809095	0.8511527764695758	atman	0.103	
PT2-PR2	HBEGF	0.1239299999999999	0.695640910297785	0.8514328113524884	atman	0.103	
PT2-PR2	SERPING1	-0.0208599999999999	0.6958101361665503	0.8514328113524884	atman	0.103	
PT2-PR2	SEMA4C	0.0579555555555555	0.6969436183048565	0.8524647587758819	atman	0.103	
PT2-PR2	MAGED1	-0.1064	0.6985649406478192	0.8526424992269838	atman	0.103	
PT2-PR2	PRKD2	0.1029749999999999	0.6988283377036746	0.8526424992269838	atman	0.103	
PT2-PR2	IVD	-0.0837666666666666	0.6988092988574119	0.8526424992269838	atman	0.103	
PT2-PR2	ANXA1	-0.0476999999999999	0.6991204154655561	0.8526424992269838	atman	0.103	
PT2-PR2	OSBPL2	-0.03791	0.6983196223342043	0.8526424992269838	atman	0.103	
PT2-PR2	RNASET2	0.03653	0.6974972828225199	0.8526424992269838	atman	0.103	
PT2-PR2	ORM1	0.00991	0.6988917455069501	0.8526424992269838	atman	0.103	
PT2-PR2	AIDA	0.1147874999999999	0.7000145646678657	0.8526711405448547	atman	0.103	
PT2-PR2	TGM2	0.0870444444444444	0.6998254518424325	0.8526711405448547	atman	0.103	
PT2-PR2	TRAF3	-0.04678	0.6998202545337324	0.8526711405448547	atman	0.103	
PT2-PR2	TTN	-0.0680624999999999	0.7013429876544195	0.853725547313879	atman	0.103	
PT2-PR2	CD200R1	0.0248625	0.7014613584804983	0.853725547313879	atman	0.103	
PT2-PR2	TDGF1	-0.1763	0.7019311351385622	0.8538422506610444	atman	0.103	
PT2-PR2	DTNB	0.0530999999999999	0.7021384879499943	0.8538422506610444	atman	0.103	
PT2-PR2	ITGB7	0.0261799999999999	0.7025896207681046	0.8540373627706626	atman	0.103	
PT2-PR2	AKR1C4	0.1115555555555555	0.7037295076332732	0.8543768357104381	atman	0.103	
PT2-PR2	CPOX	0.04718	0.7036778517567301	0.8543768357104381	atman	0.103	
PT2-PR2	CD101	-0.0253	0.7037413010276583	0.8543768357104381	atman	0.103	
PT2-PR2	RAB6A	0.1334874999999999	0.7041504479863905	0.8545204527815015	atman	0.103	
PT2-PR2	C9	-0.1022666666666666	0.7049850950534795	0.8548271602423122	atman	0.103	
PT2-PR2	APOD	0.0236399999999999	0.7047003446692062	0.8548271602423122	atman	0.103	
PT2-PR2	LGALS4	-0.03414	0.7053010929849104	0.8548575128670243	atman	0.103	
PT2-PR2	SLC9A3R2	-0.08658	0.7078755043408607	0.8576240130942056	atman	0.103	
PT2-PR2	PROS1	-0.0169499999999999	0.7099186007516132	0.8597447852465949	atman	0.103	
PT2-PR2	DDX53	-0.1119125	0.7103731522332188	0.8599407998604025	atman	0.103	
PT2-PR2	MRPL28	-0.0604222222222222	0.7118452111261941	0.8606368318951155	atman	0.103	
PT2-PR2	PDE1C	0.0299222222222222	0.7119498759156477	0.8606368318951155	atman	0.103	
PT2-PR2	ADH4	0.0260777777777777	0.7120323548868619	0.8606368318951155	atman	0.103	
PT2-PR2	IL13RA1	0.0216555555555555	0.7121198564795868	0.8606368318951155	atman	0.103	
PT2-PR2	SDC4	0.171	0.7134425794363228	0.8611726780541974	atman	0.103	
PT2-PR2	TFF3	0.1017999999999999	0.7132226996518494	0.8611726780541974	atman	0.103	
PT2-PR2	NEO1	-0.0360111111111111	0.7132468716703533	0.8611726780541974	atman	0.103	
PT2-PR2	GALNT5	0.0445699999999999	0.7143153783683458	0.8618721074522381	atman	0.103	
PT2-PR2	LY75	-0.0554874999999999	0.7155636424226786	0.8630238019038711	atman	0.103	
PT2-PR2	TGFA	-0.1563874999999999	0.7168266959968317	0.8640232129911612	atman	0.103	
PT2-PR2	STX5	-0.0701199999999999	0.7169804606100922	0.8640232129911612	atman	0.103	
PT2-PR2	PI16	-0.0293111111111111	0.7176527489652571	0.8644787931365007	atman	0.103	
PT2-PR2	GGA1	0.0886666666666667	0.7192827224790097	0.8660871469849716	atman	0.103	
PT2-PR2	MYBPC1	0.03992	0.7195960190861792	0.8661094240373596	atman	0.103	
PT2-PR2	CDH2	-0.0263333333333333	0.7204017225621857	0.8667241035576174	atman	0.103	
PT2-PR2	BCL7A	-0.1636333333333333	0.7210900706970447	0.8670714491947281	atman	0.103	
PT2-PR2	HADH	-0.081875	0.7219075427813808	0.8670714491947281	atman	0.103	
PT2-PR2	HTR1B	0.0747222222222222	0.7217688613729245	0.8670714491947281	atman	0.103	
PT2-PR2	FGF3	-0.0672599999999999	0.7221660436281483	0.8670714491947281	atman	0.103	
PT2-PR2	POLR2F	-0.0273111111111111	0.7216677793968689	0.8670714491947281	atman	0.103	
PT2-PR2	PLCB1	-0.07704	0.7225776475080563	0.8670910610058911	atman	0.103	
PT2-PR2	PIGR	0.0454199999999999	0.722772637305455	0.8670910610058911	atman	0.103	
PT2-PR2	SCN2B	-0.0778	0.724474527660198	0.8687780254145558	atman	0.103	
PT2-PR2	REST	-0.0946111111111111	0.725065247135525	0.8691316589490707	atman	0.103	
PT2-PR2	UPK3BL1	0.0512999999999999	0.7273387251541619	0.8715012946586164	atman	0.103	
PT2-PR2	HSDL2	0.0700399999999999	0.7290004878986025	0.8727686605442376	atman	0.103	
PT2-PR2	IL20RB	-0.05796	0.7291975341124814	0.8727686605442376	atman	0.103	
PT2-PR2	ATP6AP2	0.034925	0.7299830188632135	0.8727686605442376	atman	0.103	
PT2-PR2	TGOLN2	0.0290222222222222	0.7301788181135929	0.8727686605442376	atman	0.103	
PT2-PR2	GALNT10	0.0260666666666666	0.7299133604142232	0.8727686605442376	atman	0.103	
PT2-PR2	SERPINA4	0.0127399999999999	0.729908153270292	0.8727686605442376	atman	0.103	
PT2-PR2	EFCAB2	-0.0576555555555555	0.730568886817184	0.8728797842492423	atman	0.103	
PT2-PR2	PRAP1	-0.03073	0.7311912055453391	0.8732681958911408	atman	0.103	
PT2-PR2	TIE1	0.08176	0.7316020833849255	0.8734038687464085	atman	0.103	
PT2-PR2	UGDH	0.063025	0.7328024444475916	0.873970737295003	atman	0.103	
PT2-PR2	FCRLB	0.0607624999999999	0.7324633625322574	0.873970737295003	atman	0.103	
PT2-PR2	DKKL1	-0.0339444444444444	0.7329693317545567	0.873970737295003	atman	0.103	
PT2-PR2	NID2	0.09199	0.7339138507509277	0.8745463365067246	atman	0.103	
PT2-PR2	PSAPL1	-0.05188	0.7340474015743985	0.8745463365067246	atman	0.103	
PT2-PR2	IL22	0.04842	0.7345233813101772	0.8745988882986531	atman	0.103	
PT2-PR2	IL17RB	0.0451999999999999	0.7346868809806248	0.8745988882986531	atman	0.103	
PT2-PR2	ADAM12	-0.05405	0.7352825418289668	0.8749534661375069	atman	0.103	
PT2-PR2	CD70	-0.0780374999999999	0.7364520078210344	0.8753515792388737	atman	0.103	
PT2-PR2	PAEP	-0.0237222222222222	0.7365109271199781	0.8753515792388737	atman	0.103	
PT2-PR2	TNFRSF21	0.0174399999999999	0.7359960366821352	0.8753515792388737	atman	0.103	
PT2-PR2	CHM	-0.0849249999999999	0.73699421446127	0.8755717760158558	atman	0.103	
PT2-PR2	PRTG	-0.01645	0.73801297678317	0.8764276983787201	atman	0.103	
PT2-PR2	NXPE4	0.0824125	0.7385780779057489	0.8764882668497871	atman	0.103	
PT2-PR2	SNAP25	-0.0713777777777777	0.7386606360517607	0.8764882668497871	atman	0.103	
PT2-PR2	CACNA1H	-0.079075	0.7393763238485862	0.8766293944580896	atman	0.103	
PT2-PR2	GFOD2	-0.0359124999999999	0.7393532066950887	0.8766293944580896	atman	0.103	
PT2-PR2	GAD2	-0.0574699999999999	0.7399427485415551	0.8769470735034646	atman	0.103	
PT2-PR2	TGFB1	0.05699	0.7404929711477055	0.8771774105545225	atman	0.103	
PT2-PR2	SCP2	-0.0393125	0.740734225863094	0.8771774105545225	atman	0.103	
PT2-PR2	B2M	0.0328799999999999	0.7414907925066554	0.877719560187169	atman	0.103	
PT2-PR2	GFRA2	0.0304888888888889	0.7428263322815454	0.8789463408148128	atman	0.103	
PT2-PR2	APOC1	-0.0216799999999999	0.7434361162221701	0.8793137316669628	atman	0.103	
PT2-PR2	TFAP2A	-0.1454777777777777	0.7443479589467958	0.8796735991045572	atman	0.103	
PT2-PR2	VWF	0.03827	0.7442443524497744	0.8796735991045572	atman	0.103	
PT2-PR2	GC	0.01605	0.7446386116313934	0.8796735991045572	atman	0.103	
PT2-PR2	ATP1B1	-0.1000375	0.7452497916037761	0.879941420090651	atman	0.103	
PT2-PR2	VSTM2B	0.0212666666666666	0.7454643276397652	0.879941420090651	atman	0.103	
PT2-PR2	DDX4	-0.07286	0.7465478556338394	0.880200139854938	atman	0.103	
PT2-PR2	CLIC5	-0.06225	0.7480802413947516	0.880200139854938	atman	0.103	
PT2-PR2	CEACAM5	-0.0599	0.7476953156749646	0.880200139854938	atman	0.103	
PT2-PR2	SAFB2	0.0498333333333333	0.7480451111029072	0.880200139854938	atman	0.103	
PT2-PR2	MYBPC2	-0.0275299999999999	0.7461422341547115	0.880200139854938	atman	0.103	
PT2-PR2	JAM2	-0.02205	0.7472982403762383	0.880200139854938	atman	0.103	
PT2-PR2	LRG1	0.0180999999999999	0.7474597850466322	0.880200139854938	atman	0.103	
PT2-PR2	MEPE	0.0146299999999999	0.7477809550124082	0.880200139854938	atman	0.103	
PT2-PR2	TIMP1	0.03771	0.7497715712525912	0.8818370201521669	atman	0.103	
PT2-PR2	OPTC	0.061811111111111	0.7507751464159413	0.8826640176750842	atman	0.103	
PT2-PR2	KLRF1	0.04096	0.7513362701916761	0.8829703847292578	atman	0.103	
PT2-PR2	SIRT1	-0.07501	0.752509513609039	0.8839955821604785	atman	0.103	
PT2-PR2	NID1	0.0489499999999999	0.7543177206691294	0.8857655728720633	atman	0.103	
PT2-PR2	PAFAH2	-0.0553222222222222	0.7573545008831601	0.8884760447337474	atman	0.103	
PT2-PR2	NPY	0.0533299999999999	0.7575331831375212	0.8884760447337474	atman	0.103	
PT2-PR2	HIP1	0.0474124999999999	0.7574585277582164	0.8884760447337474	atman	0.103	
PT2-PR2	WDR46	0.0323899999999999	0.7582137250242478	0.8889193631768715	atman	0.103	
PT2-PR2	VSNL1	-0.0146799999999999	0.758927113459031	0.8894008214370296	atman	0.103	
PT2-PR2	ITGAL	-0.3309000000000001	0.7602750349946659	0.8894141355095465	atman	0.103	
PT2-PR2	H2AP	-0.0807222222222222	0.7603196874427893	0.8894141355095465	atman	0.103	
PT2-PR2	CCL7	-0.0644625	0.7607548408902283	0.8894141355095465	atman	0.103	
PT2-PR2	TNFRSF13C	-0.0400111111111111	0.7603480744861706	0.8894141355095465	atman	0.103	
PT2-PR2	LY6D	0.0392599999999999	0.7605778613527892	0.8894141355095465	atman	0.103	
PT2-PR2	GOLM2	0.0193199999999999	0.7595900387233767	0.8894141355095465	atman	0.103	
PT2-PR2	APP	-0.0989399999999999	0.7626171671062765	0.8894677399596032	atman	0.103	
PT2-PR2	SIT1	0.0617666666666666	0.7625378162417589	0.8894677399596032	atman	0.103	
PT2-PR2	MEGF11	0.03745	0.7616923046540909	0.8894677399596032	atman	0.103	
PT2-PR2	IFI30	0.0355	0.7625551707024159	0.8894677399596032	atman	0.103	
PT2-PR2	CD163	0.02958	0.7623546801116361	0.8894677399596032	atman	0.103	
PT2-PR2	CA11	-0.0204875	0.7615852330496116	0.8894677399596032	atman	0.103	
PT2-PR2	RAC3	0.0809124999999999	0.7635651181216438	0.8895140035850078	atman	0.103	
PT2-PR2	CREG1	-0.0379999999999999	0.7634650830919041	0.8895140035850078	atman	0.103	
PT2-PR2	OXT	0.02496	0.7635524480021634	0.8895140035850078	atman	0.103	
PT2-PR2	GPNMB	-0.0273	0.7661986964840493	0.8922282085890356	atman	0.103	
PT2-PR2	PDIA5	0.0928777777777778	0.7672177352958163	0.8930608978998051	atman	0.103	
PT2-PR2	TYRP1	-0.0455499999999999	0.7680779308884478	0.8937081033466374	atman	0.103	
PT2-PR2	NXPH1	0.0958333333333332	0.7691488233375119	0.893892105603485	atman	0.103	
PT2-PR2	PPIE	0.0843555555555555	0.768688294372915	0.893892105603485	atman	0.103	
PT2-PR2	SSH3	0.0341333333333333	0.7689157661290669	0.893892105603485	atman	0.103	
PT2-PR2	RNF4	-0.1020222222222222	0.7697998427378876	0.8942949537223859	atman	0.103	
PT2-PR2	CXCL8	0.0774999999999999	0.7711452643661683	0.8955038682639535	atman	0.103	
PT2-PR2	NPPB	-0.3444999999999999	0.7716500305145759	0.8957359895898159	atman	0.103	
PT2-PR2	BTD	-0.01688	0.7721595110901895	0.8959733979395642	atman	0.103	
PT2-PR2	RBFOX3	-0.0366999999999999	0.7726568970987824	0.8961303102321065	atman	0.103	
PT2-PR2	IDUA	0.03049	0.7729047672321845	0.8961303102321065	atman	0.103	
PT2-PR2	POF1B	-0.0613899999999999	0.7735475180860707	0.8965217389100102	atman	0.103	
PT2-PR2	TPT1	-0.0696222222222222	0.7752244347429535	0.8973322312800036	atman	0.103	
PT2-PR2	ENOPH1	-0.0463299999999999	0.7754685279849998	0.8973322312800036	atman	0.103	
PT2-PR2	TCN1	-0.0269111111111111	0.7751685495311023	0.8973322312800036	atman	0.103	
PT2-PR2	DDX25	-0.0266249999999999	0.7748205342615198	0.8973322312800036	atman	0.103	
PT2-PR2	KLK15	-0.04657	0.7765832768159893	0.8975988358260605	atman	0.103	
PT2-PR2	FGR	-0.0447444444444444	0.7766154665316016	0.8975988358260605	atman	0.103	
PT2-PR2	APOBR	0.0241199999999999	0.776479092635403	0.8975988358260605	atman	0.103	
PT2-PR2	LSP1	-0.0873375	0.7773272760368926	0.8977392084166023	atman	0.103	
PT2-PR2	MYH7B	0.0583666666666666	0.7776536029340546	0.8977392084166023	atman	0.103	
PT2-PR2	MYOM1	0.0277888888888888	0.7775818789452038	0.8977392084166023	atman	0.103	
PT2-PR2	LPO	-0.0295111111111111	0.7780786183172239	0.8978770544446205	atman	0.103	
PT2-PR2	KDR	0.0157333333333333	0.778552823021673	0.898071532798459	atman	0.103	
PT2-PR2	IL20	0.0641999999999999	0.7794747443810937	0.8987648115920529	atman	0.103	
PT2-PR2	PCDH1	0.01503	0.7797656585255761	0.8987648115920529	atman	0.103	
PT2-PR2	IL2RB	0.0582555555555555	0.7801401232294289	0.898843796881593	atman	0.103	
PT2-PR2	SLIRP	0.0472111111111111	0.7806424313106635	0.8990699581304309	atman	0.103	
PT2-PR2	DDX1	0.0679	0.7832161638617554	0.9012005861394176	atman	0.103	
PT2-PR2	FGF21	-0.0649899999999998	0.7837193660946944	0.9012005861394176	atman	0.103	
PT2-PR2	LIFR	-0.0346874999999999	0.7833916060456967	0.9012005861394176	atman	0.103	
PT2-PR2	RGMA	0.0109899999999999	0.7834279635313943	0.9012005861394176	atman	0.103	
PT2-PR2	TPRKB	-0.0599777777777777	0.7841337437027782	0.9013243110323796	atman	0.103	
PT2-PR2	SHH	0.06044	0.7859730153901361	0.9023793353717154	atman	0.103	
PT2-PR2	FOLR3	0.0260222222222223	0.7857781882576482	0.9023793353717154	atman	0.103	
PT2-PR2	EPHB4	0.0183299999999999	0.785878849352466	0.9023793353717154	atman	0.103	
PT2-PR2	APOL1	0.0487888888888889	0.7863438590823457	0.9024524445249732	atman	0.103	
PT2-PR2	SAT2	0.0499111111111111	0.7868055782973888	0.9026297497218776	atman	0.103	
PT2-PR2	AKR7L	-0.03225	0.7882519945658646	0.9035834412932152	atman	0.103	
PT2-PR2	CRISP2	0.0156499999999999	0.7881831649157165	0.9035834412932152	atman	0.103	
PT2-PR2	SLAMF7	-0.074375	0.7890875415248451	0.9038359442495106	atman	0.103	
PT2-PR2	SDC1	-0.0317333333333333	0.7889408294854081	0.9038359442495106	atman	0.103	
PT2-PR2	CFHR4	-0.01368	0.7894019845102969	0.9038437375258191	atman	0.103	
PT2-PR2	GART	0.0260444444444444	0.7897659334422014	0.9039081856070073	atman	0.103	
PT2-PR2	VSTM2L	0.0804333333333333	0.79014788014068	0.9039931743977094	atman	0.103	
PT2-PR2	IL6ST	0.0222888888888888	0.7912047020295163	0.9048499083545032	atman	0.103	
PT2-PR2	LTO1	0.069811111111111	0.792037588089578	0.905449974244039	atman	0.103	
PT2-PR2	NECAP2	0.0576249999999999	0.7923524029233806	0.9054575495094874	atman	0.103	
PT2-PR2	LETM1	0.0395999999999999	0.7940053813390182	0.9069937054331396	atman	0.103	
PT2-PR2	SLC34A3	0.0689	0.7946592014430491	0.9073877706333768	atman	0.103	
PT2-PR2	UBQLN3	0.0343125	0.795409562559249	0.9078917229211628	atman	0.103	
PT2-PR2	MMP8	-0.1412299999999999	0.7960411223176467	0.908259734900678	atman	0.103	
PT2-PR2	CLEC12A	0.0458199999999999	0.7967513799887986	0.9083645923193988	atman	0.103	
PT2-PR2	CCDC80	-0.0245777777777777	0.7967113290092096	0.9083645923193988	atman	0.103	
PT2-PR2	ADAMTS4	-0.0769599999999999	0.7975479126702971	0.9086519109157284	atman	0.103	
PT2-PR2	BEX3	-0.0754888888888888	0.7983974263311531	0.9086519109157284	atman	0.103	
PT2-PR2	HCG22	-0.0630874999999999	0.7985497733098743	0.9086519109157284	atman	0.103	
PT2-PR2	DSCAM	-0.0329777777777777	0.7977676807913778	0.9086519109157284	atman	0.103	
PT2-PR2	CBLIF	-0.0188444444444444	0.7980059797024179	0.9086519109157284	atman	0.103	
PT2-PR2	CSNK2A1	-0.0639111111111111	0.7990319248057933	0.9088485462947816	atman	0.103	
PT2-PR2	CLASP1	0.047711111111111	0.7998742756640906	0.9094545750391246	atman	0.103	
PT2-PR2	TRIM40	-0.1430125	0.8005358581475686	0.9094677661433248	atman	0.103	
PT2-PR2	S100A14	-0.0485222222222222	0.8008188997540833	0.9094677661433248	atman	0.103	
PT2-PR2	ULBP2	-0.0255222222222222	0.8011240908029014	0.9094677661433248	atman	0.103	
PT2-PR2	ICAM4	-0.0249999999999999	0.800705295578839	0.9094677661433248	atman	0.103	
PT2-PR2	TF	0.01166	0.8016789189259377	0.9097461042118212	atman	0.103	
PT2-PR2	CD36	0.0580499999999999	0.8024314064936233	0.9099953335625782	atman	0.103	
PT2-PR2	PZP	-0.01471	0.8025180085979033	0.9099953335625782	atman	0.103	
PT2-PR2	BRK1	0.0526222222222222	0.8034667717437181	0.9103684440351114	atman	0.103	
PT2-PR2	NOTCH3	0.0147399999999999	0.8032458782183087	0.9103684440351114	atman	0.103	
PT2-PR2	ITGAV	0.00936	0.8052848207820047	0.9120766397291942	atman	0.103	
PT2-PR2	IFNG	0.1840777777777777	0.8070798559556542	0.9123443540640642	atman	0.103	
PT2-PR2	GSTA3	0.0807874999999999	0.8073843841274904	0.9123443540640642	atman	0.103	
PT2-PR2	SHD	-0.06175	0.8067453113943994	0.9123443540640642	atman	0.103	
PT2-PR2	ITGB6	0.0456	0.806419712679491	0.9123443540640642	atman	0.103	
PT2-PR2	TSHB	-0.0430222222222221	0.807134672293399	0.9123443540640642	atman	0.103	
PT2-PR2	FKBP7	-0.0207999999999999	0.807323622060057	0.9123443540640642	atman	0.103	
PT2-PR2	BAP18	0.05748	0.8079770377264721	0.9126630283892254	atman	0.103	
PT2-PR2	THPO	0.0270333333333333	0.8105491331263881	0.9152165077345612	atman	0.103	
PT2-PR2	CD7	0.03232	0.8114553990775535	0.9158878073337888	atman	0.103	
PT2-PR2	FCER1A	-0.0359888888888888	0.8118547858590277	0.915986697716522	atman	0.103	
PT2-PR2	CBS	0.0327999999999999	0.812899175784632	0.9164638309706428	atman	0.103	
PT2-PR2	RET	0.0160777777777777	0.8129015464634088	0.9164638309706428	atman	0.103	
PT2-PR2	CD34	0.0136499999999999	0.8135925769104442	0.9168910590574934	atman	0.103	
PT2-PR2	CD302	0.0207555555555555	0.8143048924492078	0.9173419378894834	atman	0.103	
PT2-PR2	TGFBR2	0.0142444444444444	0.814879413793173	0.9176373007759072	atman	0.103	
PT2-PR2	LY9	0.0111	0.8162795229909112	0.9188617772211866	atman	0.103	
PT2-PR2	FUS	0.022925	0.8169250574001188	0.9192362384686132	atman	0.103	
PT2-PR2	ARSB	0.0903666666666666	0.8185397137244546	0.9199960516153204	atman	0.103	
PT2-PR2	CD2	-0.0614	0.818074960694356	0.9199960516153204	atman	0.103	
PT2-PR2	KIRREL1	-0.0601888888888888	0.8183814059619381	0.9199960516153204	atman	0.103	
PT2-PR2	HDAC8	-0.0391	0.8203304910388627	0.9202417671995526	atman	0.103	
PT2-PR2	CSF3	0.0362777777777778	0.8191249301441588	0.9202417671995526	atman	0.103	
PT2-PR2	CD28	0.035025	0.8206376548886412	0.9202417671995526	atman	0.103	
PT2-PR2	ITIH4	-0.02006	0.8198182002834655	0.9202417671995526	atman	0.103	
PT2-PR2	PCDH12	0.0175444444444444	0.8200345217880294	0.9202417671995526	atman	0.103	
PT2-PR2	THBS2	-0.01279	0.8196022745345846	0.9202417671995526	atman	0.103	
PT2-PR2	FLT3	0.032125	0.8213605852055414	0.920349885329474	atman	0.103	
PT2-PR2	EFNA4	-0.0262	0.8212528877631675	0.920349885329474	atman	0.103	
PT2-PR2	TPBGL	0.0516875	0.8220285008915318	0.9207471351960808	atman	0.103	
PT2-PR2	DAPK2	-0.0680199999999999	0.8234504692697016	0.9214148326684808	atman	0.103	
PT2-PR2	RABEPK	-0.0506874999999999	0.8235654699072261	0.9214148326684808	atman	0.103	
PT2-PR2	NMRK2	-0.0427555555555555	0.8234100715655954	0.9214148326684808	atman	0.103	
PT2-PR2	MICB_MICA	-0.0347875	0.8246723292607034	0.9223019807262834	atman	0.103	
PT2-PR2	DLGAP5	-0.0238666666666666	0.8250527540228016	0.9223763285079876	atman	0.103	
PT2-PR2	GLP1R	-0.0726777777777777	0.825563482522049	0.9225962387408824	atman	0.103	
PT2-PR2	BRD2	-0.028711111111111	0.8266967211102902	0.9235113941528642	atman	0.103	
PT2-PR2	IL10RA	-0.0454111111111111	0.8298800753608779	0.924710538541158	atman	0.103	
PT2-PR2	CD207	0.0330222222222222	0.8295069873663823	0.924710538541158	atman	0.103	
PT2-PR2	FLRT2	0.0273555555555555	0.8294025871261397	0.924710538541158	atman	0.103	
PT2-PR2	PRDX6	-0.02571	0.829973345858759	0.924710538541158	atman	0.103	
PT2-PR2	RFC4	0.01797	0.8294603161543443	0.924710538541158	atman	0.103	
PT2-PR2	KLRB1	0.0136	0.829318185029408	0.924710538541158	atman	0.103	
PT2-PR2	SAA4	-0.01035	0.8289059976465736	0.924710538541158	atman	0.103	
PT2-PR2	CDNF	-0.0291	0.8305518214125229	0.9247403361769354	atman	0.103	
PT2-PR2	CD55	-0.0162699999999999	0.8306295939996367	0.9247403361769354	atman	0.103	
PT2-PR2	BSND	0.0310444444444444	0.8325663056271351	0.9261945497661958	atman	0.103	
PT2-PR2	IL18R1	0.0154499999999999	0.8322991445229326	0.9261945497661958	atman	0.103	
PT2-PR2	NTRK3	0.02099	0.8337311570044457	0.9263876383592042	atman	0.103	
PT2-PR2	GPC1	0.01598	0.8340011243907743	0.9263876383592042	atman	0.103	
PT2-PR2	CTSE	-0.01487	0.8333077822897856	0.9263876383592042	atman	0.103	
PT2-PR2	PDGFRB	0.0112099999999999	0.833702702426091	0.9263876383592042	atman	0.103	
PT2-PR2	CD226	-0.0690099999999999	0.8377015855519665	0.9276996197143562	atman	0.103	
PT2-PR2	SCPEP1	0.0598199999999999	0.8360990955132814	0.9276996197143562	atman	0.103	
PT2-PR2	TSC22D1	0.0370666666666666	0.8370027389870596	0.9276996197143562	atman	0.103	
PT2-PR2	WFIKKN1	0.0282111111111111	0.8375222301767922	0.9276996197143562	atman	0.103	
PT2-PR2	AMIGO2	0.0237444444444444	0.8377558520422452	0.9276996197143562	atman	0.103	
PT2-PR2	HSD17B14	0.0157899999999999	0.8355584683897712	0.9276996197143562	atman	0.103	
PT2-PR2	NOTCH2	0.01526	0.8380240948679039	0.9276996197143562	atman	0.103	
PT2-PR2	MFAP4	-0.01325	0.8377844963568697	0.9276996197143562	atman	0.103	
PT2-PR2	CD300A	0.01067	0.8376167120177351	0.9276996197143562	atman	0.103	
PT2-PR2	ASAH2	0.0260111111111111	0.8385766820153449	0.927961691812084	atman	0.103	
PT2-PR2	PLB1	0.02334	0.8397749130904215	0.928937761543546	atman	0.103	
PT2-PR2	CXCL8	0.0568777777777777	0.8415942255763491	0.9300496716560084	atman	0.103	
PT2-PR2	SMAD3	0.03535	0.8413055810426282	0.9300496716560084	atman	0.103	
PT2-PR2	SORT1	-0.0340333333333333	0.8417297743135896	0.9300496716560084	atman	0.103	
PT2-PR2	TSPAN15	-0.0309749999999999	0.8421082272191767	0.9301180344247898	atman	0.103	
PT2-PR2	PTTG1	-0.0749222222222222	0.8428899713284226	0.9301963097473104	atman	0.103	
PT2-PR2	SBSN	-0.0213399999999999	0.8431289220071776	0.9301963097473104	atman	0.103	
PT2-PR2	CST3	0.0141399999999999	0.8426957341209318	0.9301963097473104	atman	0.103	
PT2-PR2	LYAR	0.025775	0.8434826052245865	0.930237197503692	atman	0.103	
PT2-PR2	DHODH	0.0598375	0.8439654089471345	0.930420402058792	atman	0.103	
PT2-PR2	RBM19	-0.056	0.8448328842594253	0.930473879765194	atman	0.103	
PT2-PR2	NENF	-0.0332299999999999	0.8445268909204371	0.930473879765194	atman	0.103	
PT2-PR2	PGR	-0.0264699999999999	0.8451053274859333	0.930473879765194	atman	0.103	
PT2-PR2	ADAMTS8	-0.0096888888888888	0.845280730120253	0.930473879765194	atman	0.103	
PT2-PR2	CCL25	0.01469	0.8457455086267864	0.9306368181069284	atman	0.103	
PT2-PR2	C19orf12	0.0371333333333333	0.8463598876921758	0.9309394790383752	atman	0.103	
PT2-PR2	C7	0.01066	0.8466542845440908	0.9309394790383752	atman	0.103	
PT2-PR2	MAN2B2	0.0149399999999999	0.8484535260715826	0.9325688213985448	atman	0.103	
PT2-PR2	CXCL10	0.0228099999999999	0.8489338455920705	0.9327478079093132	atman	0.103	
PT2-PR2	A1BG	0.0071299999999999	0.8494118490940121	0.9329241168740964	atman	0.103	
PT2-PR2	LMNB1	0.05938	0.8505297201252962	0.9334539849563392	atman	0.103	
PT2-PR2	MMP1	0.05691	0.8503281653603869	0.9334539849563392	atman	0.103	
PT2-PR2	RGL2	-0.06	0.8532285133148876	0.9346701611182474	atman	0.103	
PT2-PR2	CA7	0.0486777777777777	0.8527613544012094	0.9346701611182474	atman	0.103	
PT2-PR2	RRM2	-0.0284124999999999	0.8526177919863107	0.9346701611182474	atman	0.103	
PT2-PR2	SIRPB1	-0.01351	0.8531057021422821	0.9346701611182474	atman	0.103	
PT2-PR2	NELL2	0.00641	0.8524189311130508	0.9346701611182474	atman	0.103	
PT2-PR2	ERBB2	0.0104111111111111	0.8540532530503484	0.9352249189198372	atman	0.103	
PT2-PR2	VMO1	-0.0245222222222222	0.8547645029373898	0.9353065585214344	atman	0.103	
PT2-PR2	IL17C	-0.0203888888888889	0.8547310004453088	0.9353065585214344	atman	0.103	
PT2-PR2	CDH22	-0.0495222222222222	0.8553333190413375	0.9355805254443222	atman	0.103	
PT2-PR2	CPA2	-0.01522	0.8563055944259825	0.9359471117647086	atman	0.103	
PT2-PR2	SCN4B	0.0143299999999999	0.8561320934572767	0.9359471117647086	atman	0.103	
PT2-PR2	SH3GL3	0.075611111111111	0.857533251825565	0.9363010296279696	atman	0.103	
PT2-PR2	STAU1	0.0326666666666666	0.8575854563406624	0.9363010296279696	atman	0.103	
PT2-PR2	PSMD5	0.03175	0.8574780894730027	0.9363010296279696	atman	0.103	
PT2-PR2	ABRAXAS2	0.0336999999999999	0.8580147011403036	0.9364216909176124	atman	0.103	
PT2-PR2	ARHGAP25	0.050775	0.8588914436755224	0.9366826508978044	atman	0.103	
PT2-PR2	UNG	-0.0429099999999999	0.8587064803191644	0.9366826508978044	atman	0.103	
PT2-PR2	PTX3	-0.0490375	0.8607472908029385	0.938010215274122	atman	0.103	
PT2-PR2	CNGB3	-0.0299222222222222	0.8606478778954165	0.938010215274122	atman	0.103	
PT2-PR2	MARCO	-0.0101222222222222	0.8617018164450982	0.9387022383076375	atman	0.103	
PT2-PR2	ACTN4	-0.0262	0.8621806881338174	0.9388757827046535	atman	0.103	
PT2-PR2	RNF149	0.01508	0.8629797829523733	0.9391632517215948	atman	0.103	
PT2-PR2	SPINK5	-0.0131299999999999	0.8630839957958836	0.9391632517215948	atman	0.103	
PT2-PR2	GALNT2	0.0116699999999999	0.8640630467094252	0.9398805002711188	atman	0.103	
PT2-PR2	PAFAH1B3	0.0130888888888888	0.8649380618852844	0.940484095417826	atman	0.103	
PT2-PR2	PTPRK	-0.01291	0.8654091052596027	0.9406481506669304	atman	0.103	
PT2-PR2	REG3G	0.02794	0.8660122636181466	0.9409556325851016	atman	0.103	
PT2-PR2	FUT8	-0.0479999999999999	0.8664888396185977	0.9411254014045988	atman	0.103	
PT2-PR2	GABARAPL1	0.0300222222222222	0.8673300458832309	0.9416909367350084	atman	0.103	
PT2-PR2	ZNF174	0.0415899999999999	0.87191561685496	0.9456074279954793	atman	0.103	
PT2-PR2	ASAH1	0.0392099999999999	0.873457339551508	0.9456074279954793	atman	0.103	
PT2-PR2	PPL	0.0194899999999999	0.8719911131470757	0.9456074279954793	atman	0.103	
PT2-PR2	ATRAID	0.01441	0.872301402189215	0.9456074279954793	atman	0.103	
PT2-PR2	CDHR5	-0.0141777777777777	0.8726181433677263	0.9456074279954793	atman	0.103	
PT2-PR2	CA12	-0.0112555555555555	0.8723411312950904	0.9456074279954793	atman	0.103	
PT2-PR2	ADGRE5	-0.0103	0.8735121033287034	0.9456074279954793	atman	0.103	
PT2-PR2	CLEC7A	-0.00933	0.8732807896453703	0.9456074279954793	atman	0.103	
PT2-PR2	MCAM	0.0128299999999999	0.8741542217465514	0.945953997602714	atman	0.103	
PT2-PR2	LMNB2	-0.01042	0.8747895164585948	0.9462929305432076	atman	0.103	
PT2-PR2	VIM	0.1618555555555556	0.8798817063241771	0.9479601526838818	atman	0.103	
PT2-PR2	SPARC	0.0835333333333332	0.8769510347637095	0.9479601526838818	atman	0.103	
PT2-PR2	SERPINE1	0.0680599999999999	0.8773507675442855	0.9479601526838818	atman	0.103	
PT2-PR2	TOM1L2	0.0563555555555555	0.8798720833981466	0.9479601526838818	atman	0.103	
PT2-PR2	FMR1	0.0343124999999999	0.8801197866448147	0.9479601526838818	atman	0.103	
PT2-PR2	CHEK2	-0.0331	0.8790058181004929	0.9479601526838818	atman	0.103	
PT2-PR2	SPRING1	0.0302444444444444	0.8805252745657977	0.9479601526838818	atman	0.103	
PT2-PR2	FH	-0.0259222222222222	0.8792317072405567	0.9479601526838818	atman	0.103	
PT2-PR2	FABP9	0.021325	0.8804291524265269	0.9479601526838818	atman	0.103	
PT2-PR2	CD248	-0.0167799999999999	0.8790094620990441	0.9479601526838818	atman	0.103	
PT2-PR2	CCL28	0.0167125	0.8799343170863658	0.9479601526838818	atman	0.103	
PT2-PR2	AIF1L	-0.01532	0.8774305031761851	0.9479601526838818	atman	0.103	
PT2-PR2	CTSZ	-0.01119	0.8799623060977733	0.9479601526838818	atman	0.103	
PT2-PR2	GBP1	0.01882	0.8810450703642863	0.9481723138206128	atman	0.103	
PT2-PR2	IL7	0.0600749999999999	0.8818016844553604	0.948585960588524	atman	0.103	
PT2-PR2	DYNC1H1	0.01843	0.8823980361771397	0.948585960588524	atman	0.103	
PT2-PR2	FGFBP2	0.0119799999999999	0.8821114825924243	0.948585960588524	atman	0.103	
PT2-PR2	MKI67	0.0385999999999999	0.8847428689326924	0.950758796241496	atman	0.103	
PT2-PR2	CXCL8	0.0399599999999999	0.8864798152362985	0.9516915218648048	atman	0.103	
PT2-PR2	BRSK2	0.0370777777777777	0.8861264937808797	0.9516915218648048	atman	0.103	
PT2-PR2	CANT1	-0.0146222222222222	0.8865826056310315	0.9516915218648048	atman	0.103	
PT2-PR2	ILKAP	0.0315222222222222	0.8894267469063477	0.9531730780145392	atman	0.103	
PT2-PR2	DUOX2	-0.0272666666666666	0.8890214625104003	0.9531730780145392	atman	0.103	
PT2-PR2	TRIM26	0.0245777777777777	0.8886534973256688	0.9531730780145392	atman	0.103	
PT2-PR2	UBAC1	-0.0212111111111111	0.889584948916224	0.9531730780145392	atman	0.103	
PT2-PR2	CEACAM6	-0.0162199999999999	0.8895229942855121	0.9531730780145392	atman	0.103	
PT2-PR2	PLAUR	-0.0219199999999999	0.891818426673068	0.9548697294334818	atman	0.103	
PT2-PR2	SIGLEC7	-0.0127777777777777	0.8915331053329087	0.9548697294334818	atman	0.103	
PT2-PR2	CLMP	-0.0083499999999999	0.8930938226731735	0.9558869402600304	atman	0.103	
PT2-PR2	AKT1S1	0.0304666666666666	0.8934711482376638	0.9559425468034436	atman	0.103	
PT2-PR2	GASK1A	-0.0540874999999999	0.8944925646860136	0.955990962185343	atman	0.103	
PT2-PR2	IL9	-0.0299444444444444	0.8942223538450769	0.955990962185343	atman	0.103	
PT2-PR2	DNAJA4	-0.02531	0.8939237166804026	0.955990962185343	atman	0.103	
PT2-PR2	IGF2R	-0.0073099999999999	0.8953056027654016	0.9561666786000048	atman	0.103	
PT2-PR2	IDS	0.00433	0.8953078736652871	0.9561666786000048	atman	0.103	
PT2-PR2	HPGDS	-0.0134874999999999	0.8956740579305118	0.9562101679505246	atman	0.103	
PT2-PR2	AHSA1	0.0448699999999999	0.8978546979894162	0.958190011875374	atman	0.103	
PT2-PR2	TCTN3	0.01374	0.8991631580110662	0.9589617350731852	atman	0.103	
PT2-PR2	INSR	-0.01113	0.8993025549566562	0.9589617350731852	atman	0.103	
PT2-PR2	AMDHD2	0.01106	0.899557025820864	0.9589617350731852	atman	0.103	
PT2-PR2	FOXJ3	-0.01785	0.9000056469646909	0.9590919806972296	atman	0.103	
PT2-PR2	CIT	-0.043725	0.9008817218863544	0.959329648025411	atman	0.103	
PT2-PR2	SATB1	0.0162777777777777	0.9007840821907208	0.959329648025411	atman	0.103	
PT2-PR2	TP73	0.0203124999999999	0.9015228330829328	0.9593447414669491	atman	0.103	
PT2-PR2	CLU	0.0138699999999999	0.9015489554765987	0.9593447414669491	atman	0.103	
PT2-PR2	FXYD5	0.0176555555555555	0.902743093464874	0.9602676352642286	atman	0.103	
PT2-PR2	VCPKMT	-0.0180555555555555	0.9041122173245076	0.9613759299672108	atman	0.103	
PT2-PR2	CEBPA	-0.0178799999999999	0.9053613769939042	0.9620864804119236	atman	0.103	
PT2-PR2	CAPS	-0.0115799999999999	0.9054353704353196	0.9620864804119236	atman	0.103	
PT2-PR2	SMOC2	0.0111399999999999	0.9061926317371608	0.9623263010155868	atman	0.103	
PT2-PR2	IL19	-0.0097555555555555	0.9063161589210784	0.9623263010155868	atman	0.103	
PT2-PR2	ATP1B3	-0.02125	0.9067342634177512	0.9624224226594484	atman	0.103	
PT2-PR2	EP300	0.0246799999999999	0.907705395448793	0.962757563837023	atman	0.103	
PT2-PR2	SERPINA5	-0.0117799999999999	0.907635631856949	0.962757563837023	atman	0.103	
PT2-PR2	FOS	-0.0106666666666666	0.9083228163817392	0.9630647544314508	atman	0.103	
PT2-PR2	APOA4	0.00786	0.9097988569375216	0.9642817610687008	atman	0.103	
PT2-PR2	IL31RA	0.0272699999999999	0.9104315105337192	0.9646043194908284	atman	0.103	
PT2-PR2	KIR2DL2	-0.02946	0.9116738349419224	0.9654868662558695	atman	0.103	
PT2-PR2	NADK	0.0276888888888888	0.9119528377067508	0.9654868662558695	atman	0.103	
PT2-PR2	HAGH	-0.02259	0.9125789746741152	0.9654868662558695	atman	0.103	
PT2-PR2	CDCP1	-0.0096666666666667	0.912280811062698	0.9654868662558695	atman	0.103	
PT2-PR2	STC1	0.01195	0.912976801477223	0.9655600585817428	atman	0.103	
PT2-PR2	TMEM132A	-0.03671	0.913680210094668	0.9659562638568314	atman	0.103	
PT2-PR2	SMNDC1	-0.03068	0.9155021103875574	0.9663571999286152	atman	0.103	
PT2-PR2	ARMCX2	0.0183999999999999	0.9156642497211388	0.9663571999286152	atman	0.103	
PT2-PR2	CNPY2	-0.0138333333333333	0.9153542304598576	0.9663571999286152	atman	0.103	
PT2-PR2	BAG3	0.0115666666666666	0.91570403151847	0.9663571999286152	atman	0.103	
PT2-PR2	NFASC	-0.00719	0.9154532191233308	0.9663571999286152	atman	0.103	
PT2-PR2	CDC25A	0.0216888888888888	0.9160737156813634	0.9664002070634994	atman	0.103	
PT2-PR2	RRP15	-0.0543888888888888	0.9178577352526532	0.9665469627857688	atman	0.103	
PT2-PR2	MDGA1	-0.0146444444444444	0.9176827217650908	0.9665469627857688	atman	0.103	
PT2-PR2	WNT9A	-0.0103111111111111	0.9177557233597068	0.9665469627857688	atman	0.103	
PT2-PR2	CRTAM	0.0087888888888888	0.9172769889614836	0.9665469627857688	atman	0.103	
PT2-PR2	DLK1	0.00543	0.9168490464835336	0.9665469627857688	atman	0.103	
PT2-PR2	LILRA3	0.009	0.9192423093342674	0.9676581529287273	atman	0.103	
PT2-PR2	SCN3A	-0.0220124999999999	0.9216189210326248	0.9695939683204317	atman	0.103	
PT2-PR2	PPP1R12B	-0.0168666666666666	0.922731359912841	0.9695939683204317	atman	0.103	
PT2-PR2	HSP90B1	-0.0156222222222222	0.9219159641354396	0.9695939683204317	atman	0.103	
PT2-PR2	LYPD3	-0.0066666666666666	0.922152854179536	0.9695939683204317	atman	0.103	
PT2-PR2	REG1B	-0.0061599999999999	0.9225772882849	0.9695939683204317	atman	0.103	
PT2-PR2	VNN2	-0.0232888888888888	0.9230921219415308	0.9696262618034384	atman	0.103	
PT2-PR2	CDH15	-0.01016	0.9237000174822758	0.9699180312233476	atman	0.103	
PT2-PR2	PGLYRP1	0.0122699999999999	0.9249361565160128	0.970869034599516	atman	0.103	
PT2-PR2	UNC5D	-0.01714	0.925611889938248	0.9708865467546106	atman	0.103	
PT2-PR2	TXNDC15	-0.0058111111111111	0.9256137567936228	0.9708865467546106	atman	0.103	
PT2-PR2	ZNRF4	-0.00906	0.9261346705443632	0.971086246273854	atman	0.103	
PT2-PR2	CD1C	0.0036444444444444	0.9269912120565866	0.9716375957981632	atman	0.103	
PT2-PR2	CD3G	0.0131999999999999	0.9273346888943664	0.9716509686061516	atman	0.103	
PT2-PR2	PTEN	-0.023411111111111	0.9279901358691364	0.9717830682769378	atman	0.103	
PT2-PR2	CLSTN2	0.00707	0.9281222905327052	0.9717830682769378	atman	0.103	
PT2-PR2	MAN1A2	0.0096799999999999	0.9285941647138888	0.9719307644921286	atman	0.103	
PT2-PR2	ATP5PO	-0.0230555555555555	0.9293372974170906	0.9720160127488118	atman	0.103	
PT2-PR2	IDO1	0.0217222222222221	0.929014946932343	0.9720160127488118	atman	0.103	
PT2-PR2	TNFSF14	0.0337333333333333	0.9306210066486856	0.9729880670325548	atman	0.103	
PT2-PR2	CDKL5	-0.0204222222222222	0.931260192135992	0.9729880670325548	atman	0.103	
PT2-PR2	ANK2	0.0165374999999999	0.9309686790242248	0.9729880670325548	atman	0.103	
PT2-PR2	MLLT1	0.0305888888888888	0.9331319113972693	0.9736348597939938	atman	0.103	
PT2-PR2	ALMS1	-0.0206777777777777	0.932954613904837	0.9736348597939938	atman	0.103	
PT2-PR2	AMBN	-0.0149555555555555	0.933047567366174	0.9736348597939938	atman	0.103	
PT2-PR2	TNF	0.0094333333333333	0.9332048213682392	0.9736348597939938	atman	0.103	
PT2-PR2	TADA3	-0.0301299999999999	0.9364137403341624	0.9738702899475288	atman	0.103	
PT2-PR2	TRIM24	0.0200444444444444	0.935215651738904	0.9738702899475288	atman	0.103	
PT2-PR2	C3	0.0177299999999999	0.9346632623855232	0.9738702899475288	atman	0.103	
PT2-PR2	GET3	-0.01657	0.9358989547541992	0.9738702899475288	atman	0.103	
PT2-PR2	ATXN2L	0.016411111111111	0.9344202140599344	0.9738702899475288	atman	0.103	
PT2-PR2	KHDC3L	-0.0142555555555555	0.9354661167053018	0.9738702899475288	atman	0.103	
PT2-PR2	TNFRSF6B	-0.0099333333333333	0.935845918878344	0.9738702899475288	atman	0.103	
PT2-PR2	FSTL1	-0.0064299999999999	0.9361465519514782	0.9738702899475288	atman	0.103	
PT2-PR2	PILRB	0.0055222222222222	0.9356098420781472	0.9738702899475288	atman	0.103	
PT2-PR2	MPO	0.02368	0.9382524543988708	0.9741843881381604	atman	0.103	
PT2-PR2	TMED1	0.022011111111111	0.938245187880546	0.9741843881381604	atman	0.103	
PT2-PR2	HSD17B3	0.021525	0.9412635109491814	0.9741843881381604	atman	0.103	
PT2-PR2	DUSP29	-0.0188375	0.9391172386507928	0.9741843881381604	atman	0.103	
PT2-PR2	MSLNL	-0.0156	0.9413578890143764	0.9741843881381604	atman	0.103	
PT2-PR2	FABP6	0.0151555555555555	0.9385036907156952	0.9741843881381604	atman	0.103	
PT2-PR2	DCC	0.0122875	0.9371102531222408	0.9741843881381604	atman	0.103	
PT2-PR2	FCRL6	-0.010975	0.9413004925571188	0.9741843881381604	atman	0.103	
PT2-PR2	SCARB2	-0.0072555555555555	0.940111404274377	0.9741843881381604	atman	0.103	
PT2-PR2	RETN	0.0069599999999999	0.9395977208493936	0.9741843881381604	atman	0.103	
PT2-PR2	LSM8	0.0067444444444444	0.9406256564973464	0.9741843881381604	atman	0.103	
PT2-PR2	PDCD1LG2	0.0064111111111111	0.9404450272798336	0.9741843881381604	atman	0.103	
PT2-PR2	MME	-0.0055	0.9392885764543992	0.9741843881381604	atman	0.103	
PT2-PR2	PRG2	0.00495	0.9392380543772232	0.9741843881381604	atman	0.103	
PT2-PR2	CHCHD10	-0.0116	0.9420237276719012	0.974530180246495	atman	0.103	
PT2-PR2	ISLR2	-0.019511111111111	0.9431168540725614	0.9753176055139688	atman	0.103	
PT2-PR2	SERPINA6	-0.00309	0.9437415246309544	0.9756201968211626	atman	0.103	
PT2-PR2	HNMT	-0.0113555555555555	0.944680368533548	0.9759039812769212	atman	0.103	
PT2-PR2	MRC1	0.0070777777777777	0.9445595180855018	0.9759039812769212	atman	0.103	
PT2-PR2	BCL2L11	-0.0181625	0.9456162083169052	0.976184265648302	atman	0.103	
PT2-PR2	RGS8	-0.0067333333333333	0.9455912969760196	0.976184265648302	atman	0.103	
PT2-PR2	MAP1LC3B2	-0.0139875	0.94672736477972	0.9767713011235242	atman	0.103	
PT2-PR2	CKAP4	0.00578	0.9468497840707272	0.9767713011235242	atman	0.103	
PT2-PR2	GUCY2C	-0.0167777777777777	0.9471880928026706	0.9767773312229716	atman	0.103	
PT2-PR2	TDP1	-0.0212499999999999	0.9477403918909086	0.9770039548685928	atman	0.103	
PT2-PR2	GALNT3	0.0094111111111111	0.949143659144008	0.9781073555121346	atman	0.103	
PT2-PR2	MANEAL	-0.0211666666666667	0.951331029574458	0.9789879386654142	atman	0.103	
PT2-PR2	TOP1MT	-0.0131777777777777	0.9507154968736536	0.9789879386654142	atman	0.103	
PT2-PR2	ARSA	-0.01173	0.9512950829575276	0.9789879386654142	atman	0.103	
PT2-PR2	ASGR2	0.0054555555555555	0.9509279013685256	0.9789879386654142	atman	0.103	
PT2-PR2	IL18RAP	-0.0058333333333333	0.9522392441133872	0.9793018336498786	atman	0.103	
PT2-PR2	LTBR	0.00291	0.9523027020890752	0.9793018336498786	atman	0.103	
PT2-PR2	TNFRSF9	0.0051777777777777	0.9530744328905578	0.979409822956439	atman	0.103	
PT2-PR2	ADGRE2	0.0049599999999999	0.953037282218452	0.979409822956439	atman	0.103	
PT2-PR2	GHRHR	0.0092555555555555	0.9551586748830232	0.9812084569252876	atman	0.103	
PT2-PR2	PVR	-0.00364	0.9557332360283528	0.9814555216537229	atman	0.103	
PT2-PR2	MCEE	0.0107	0.9564413708793618	0.9818395344666544	atman	0.103	
PT2-PR2	PDGFRA	0.0036333333333333	0.956887930811817	0.981954851807586	atman	0.103	
PT2-PR2	NPR1	-0.00745	0.9572254155205516	0.9819581951115156	atman	0.103	
PT2-PR2	FBP1	-0.0310222222222222	0.9579772696027464	0.9820120105327388	atman	0.103	
PT2-PR2	HMMR	0.0149222222222222	0.9588519373885482	0.9820120105327388	atman	0.103	
PT2-PR2	IZUMO1	0.0098111111111111	0.9592833458914092	0.9820120105327388	atman	0.103	
PT2-PR2	GLRX	-0.0081666666666666	0.9590695289494058	0.9820120105327388	atman	0.103	
PT2-PR2	SMPD3	-0.0076299999999999	0.9589593107111716	0.9820120105327388	atman	0.103	
PT2-PR2	HAVCR2	0.0027099999999999	0.9582309406636118	0.9820120105327388	atman	0.103	
PT2-PR2	CDON	-0.0042699999999999	0.9602412865794144	0.9825641205520478	atman	0.103	
PT2-PR2	L1CAM	-0.0030777777777777	0.9604915433034312	0.9825641205520478	atman	0.103	
PT2-PR2	RARRES1	-0.0067875	0.9609932093263992	0.9827351371392138	atman	0.103	
PT2-PR2	MSTN	0.0069111111111111	0.9617950161314016	0.9828839854363828	atman	0.103	
PT2-PR2	CD276	0.00282	0.9618078482401636	0.9828839854363828	atman	0.103	
PT2-PR2	NUP50	0.0040374999999999	0.9622369903783536	0.9829806250805296	atman	0.103	
PT2-PR2	ENSA	0.01252	0.963525089475836	0.9832708276762788	atman	0.103	
PT2-PR2	PRSS27	-0.0074222222222222	0.9635076926015916	0.9832708276762788	atman	0.103	
PT2-PR2	GAS2	-0.0070888888888888	0.9634213968196595	0.9832708276762788	atman	0.103	
PT2-PR2	CLEC10A	-0.0033777777777777	0.9659731463298092	0.985147322720206	atman	0.103	
PT2-PR2	LGALS3BP	-0.00208	0.9660345257851986	0.985147322720206	atman	0.103	
PT2-PR2	APOA2	-0.026711111111111	0.9689965785708128	0.9855505561952512	atman	0.103	
PT2-PR2	BTLA	0.0200999999999999	0.9676364880598656	0.9855505561952512	atman	0.103	
PT2-PR2	YTHDF3	-0.0171111111111111	0.9681472912403262	0.9855505561952512	atman	0.103	
PT2-PR2	NEDD9	-0.0094099999999999	0.9685461974217148	0.9855505561952512	atman	0.103	
PT2-PR2	FOSB	0.0083444444444444	0.967249567367834	0.9855505561952512	atman	0.103	
PT2-PR2	AGRP	0.0071699999999999	0.96898837654	0.9855505561952512	atman	0.103	
PT2-PR2	CD300E	0.0034599999999999	0.9667689313976462	0.9855505561952512	atman	0.103	
PT2-PR2	BOC	0.0032444444444444	0.9691135319428456	0.9855505561952512	atman	0.103	
PT2-PR2	TMED10	-0.0074499999999999	0.971532735945532	0.9873272840567184	atman	0.103	
PT2-PR2	S100P	-0.0059111111111111	0.9714559939962863	0.9873272840567184	atman	0.103	
PT2-PR2	NCF2	-0.0180249999999999	0.972917934332494	0.9877794065405152	atman	0.103	
PT2-PR2	LMOD1	-0.0079299999999999	0.9726243176423548	0.9877794065405152	atman	0.103	
PT2-PR2	MRPL58	-0.0051	0.9729862500096158	0.9877794065405152	atman	0.103	
PT2-PR2	EFNB2	0.0147875	0.974225565539624	0.9879089066979382	atman	0.103	
PT2-PR2	RNASE3	0.0147111111111111	0.974453359910434	0.9879089066979382	atman	0.103	
PT2-PR2	GNAS	-0.0034222222222222	0.973635247162768	0.9879089066979382	atman	0.103	
PT2-PR2	ITGA11	0.00335	0.9744588194726428	0.9879089066979382	atman	0.103	
PT2-PR2	PRR4	-0.00268	0.9753367516952358	0.988457873915351	atman	0.103	
PT2-PR2	HSD11B1	0.004225	0.9757830925860088	0.9885692158681704	atman	0.103	
PT2-PR2	TNFRSF10C	0.00199	0.9762436925424418	0.9886588209580196	atman	0.103	
PT2-PR2	FCRL2	0.0019	0.976544553580726	0.9886588209580196	atman	0.103	
PT2-PR2	CSF2RB	-0.0041799999999999	0.9772354166865388	0.9890174489235448	atman	0.103	
PT2-PR2	VEGFA	-0.00612	0.9785878152937006	0.9890752300323578	atman	0.103	
PT2-PR2	GPR101	0.0042777777777778	0.9780161126851435	0.9890752300323578	atman	0.103	
PT2-PR2	PEPD	-0.0023999999999999	0.9780386635962356	0.9890752300323578	atman	0.103	
PT2-PR2	ROR1	0.0019888888888889	0.9786391060939632	0.9890752300323578	atman	0.103	
PT2-PR2	TMCO5A	-0.0047124999999999	0.9800723597081532	0.9901831474630516	atman	0.103	
PT2-PR2	ARAF	-0.0070333333333333	0.9812786780926102	0.99038019795125	atman	0.103	
PT2-PR2	IL36A	0.00278	0.9806912219490802	0.99038019795125	atman	0.103	
PT2-PR2	TNFRSF10A	0.0026	0.9810633998204668	0.99038019795125	atman	0.103	
PT2-PR2	CDK5RAP3	0.003711111111111	0.983326832454576	0.9921065363157776	atman	0.103	
PT2-PR2	IL16	0.0025699999999999	0.9843801197007788	0.9928282841335008	atman	0.103	
PT2-PR2	CPXM1	-0.0071777777777777	0.9852463241608382	0.9933609129665556	atman	0.103	
PT2-PR2	NOS1	0.0048333333333333	0.9861311074986104	0.9936294736266512	atman	0.103	
PT2-PR2	TNFRSF19	0.00144	0.98618908954912	0.9936294736266512	atman	0.103	
PT2-PR2	CXCL8	-0.0042888888888888	0.9896166624851216	0.9938023440830316	atman	0.103	
PT2-PR2	MAG	0.0036249999999999	0.989013482146857	0.9938023440830316	atman	0.103	
PT2-PR2	MYO6	0.0033111111111111	0.98809193416435	0.9938023440830316	atman	0.103	
PT2-PR2	GAMT	0.0031624999999999	0.988606085084607	0.9938023440830316	atman	0.103	
PT2-PR2	NECTIN1	-0.00284	0.9894185038806542	0.9938023440830316	atman	0.103	
PT2-PR2	IGSF9	-0.0018999999999999	0.9893120602478204	0.9938023440830316	atman	0.103	
PT2-PR2	BGLAP	-0.00171	0.988334148050924	0.9938023440830316	atman	0.103	
PT2-PR2	CTHRC1	-0.00137	0.988656056347332	0.9938023440830316	atman	0.103	
PT2-PR2	LRRC25	-0.0013333333333333	0.9897432466939926	0.9938023440830316	atman	0.103	
PT2-PR2	LAG3	-0.0009111111111111	0.9870953617589424	0.9938023440830316	atman	0.103	
PT2-PR2	DNLZ	0.0098444444444445	0.9906101798420606	0.9943330059364448	atman	0.103	
PT2-PR2	RLN2	0.00162	0.9918598806448342	0.9952473802372004	atman	0.103	
PT2-PR2	EIF5A	-0.0020888888888889	0.9926501686564546	0.9957003057400696	atman	0.103	
PT2-PR2	VWA5A	0.0022222222222222	0.9931206815896494	0.995832273894331	atman	0.103	
PT2-PR2	KCNIP4	0.0011888888888888	0.9958524202146336	0.9981638582409196	atman	0.103	
PT2-PR2	OFD1	-0.0007	0.9964651450716872	0.9981638582409196	atman	0.103	
PT2-PR2	ERBB4	-0.0003111111111111	0.9963541665633504	0.9981638582409196	atman	0.103	
PT2-PR2	PSAP	0.0004599999999999	0.9971753260265586	0.9985286435303368	atman	0.103	
PT2-PR2	ESAM	-0.00032	0.997848909940459	0.9985286435303368	atman	0.103	
PT2-PR2	PRDX2	0.0002999999999999	0.9976711865587964	0.9985286435303368	atman	0.103	
PT2-PR2	SPINK4	-0.00015	0.9989082711963562	0.9992483829672776	atman	0.103	
PT2-PR2	EFCAB14	-6e-05	0.9995347960537716	0.9995347960537714	atman	0.103	
PT2-PT1	DNER	0.43282	3.761077761e-06	0.0110500464618499	atman	0.103	
PT2-PT1	MMP7	0.5292777777777777	1.78382844171e-05	0.0262044398087915	atman	0.103	
PT2-PT1	CA6	0.56891	7.41857818971e-05	0.0415482986748165	atman	0.103	
PT2-PT1	KLK14	0.56324	5.91993966472e-05	0.0415482986748165	atman	0.103	
PT2-PT1	NPDC1	-0.3950699999999999	9.8991862057e-05	0.0415482986748165	atman	0.103	
PT2-PT1	PTPRN2	-0.34796	5.2616080022e-05	0.0415482986748165	atman	0.103	
PT2-PT1	SBSN	0.3300599999999999	9.84677381252e-05	0.0415482986748165	atman	0.103	
PT2-PT1	SIGLEC8	0.1510799999999999	0.0001481332448234	0.0544019341614061	atman	0.103	
PT2-PT1	SCGB2A2	0.9100666666666668	0.0003461340646693	0.1129935424442746	atman	0.103	
PT2-PT1	PLAT	-0.4073499999999999	0.0003865362735766	0.113564357176821	atman	0.103	
PT2-PT1	NPTXR	-0.28801	0.0004748330751374	0.1268235977048812	atman	0.103	
PT2-PT1	MIA	0.25505	0.0007101077521978	0.1738580479964327	atman	0.103	
PT2-PT1	LILRB4	0.29046	0.0008679531022768	0.1961574011145637	atman	0.103	
PT2-PT1	TSC22D1	-0.48314	0.0010852662826936	0.227750881325287	atman	0.103	
PT2-PT1	CACNB1	-0.9512111111111112	0.0013794659307442	0.2431718382663142	atman	0.103	
PT2-PT1	VSIG10L	0.8790999999999999	0.0017106151846408	0.2431718382663142	atman	0.103	
PT2-PT1	C1GALT1C1	-0.7891444444444444	0.0017381240992486	0.2431718382663142	atman	0.103	
PT2-PT1	LUZP2	-0.3173999999999999	0.0015049812741558	0.2431718382663142	atman	0.103	
PT2-PT1	MOG	-0.3107000000000001	0.0016637802249162	0.2431718382663142	atman	0.103	
PT2-PT1	LYPD3	0.27844	0.001600664993512	0.2431718382663142	atman	0.103	
PT2-PT1	SCG2	-0.2151399999999999	0.0012931377336957	0.2431718382663142	atman	0.103	
PT2-PT1	AMIGO2	0.1462444444444444	0.0018902902212742	0.2524396668229033	atman	0.103	
PT2-PT1	FNTA	-0.54961	0.0021531068390725	0.2750359953563109	atman	0.103	
PT2-PT1	PTPRR	-0.32049	0.0023429447223526	0.2868154830946685	atman	0.103	
PT2-PT1	BRK1	0.5934699999999999	0.0024904904059019	0.2905148138037334	atman	0.103	
PT2-PT1	IL6ST	-0.2216399999999999	0.0025709275557852	0.2905148138037334	atman	0.103	
PT2-PT1	CALY	0.6762777777777776	0.0028858934729234	0.2991265795595037	atman	0.103	
PT2-PT1	RNF5	0.4598399999999999	0.00296099262077	0.2991265795595037	atman	0.103	
PT2-PT1	ADAMTS16	0.3222888888888889	0.0030543898525476	0.2991265795595037	atman	0.103	
PT2-PT1	MTPN	-0.2315555555555555	0.0029875480946257	0.2991265795595037	atman	0.103	
PT2-PT1	CDH2	-0.40399	0.0033373512525727	0.3162947735502799	atman	0.103	
PT2-PT1	SHC1	-0.8177499999999999	0.0036886903129298	0.3178788274457254	atman	0.103	
PT2-PT1	NTRK2	-0.33021	0.0037868478422737	0.3178788274457254	atman	0.103	
PT2-PT1	CRISP2	0.29767	0.0035155097130299	0.3178788274457254	atman	0.103	
PT2-PT1	LILRA5	-0.14889	0.0036630605943286	0.3178788274457254	atman	0.103	
PT2-PT1	OMG	-0.7184222222222222	0.0042572435357735	0.3474383752250709	atman	0.103	
PT2-PT1	ALDH2	0.17847	0.0049324272990025	0.3916613893099872	atman	0.103	
PT2-PT1	CNTNAP2	-0.5373874999999999	0.0059703270330673	0.421096884573178	atman	0.103	
PT2-PT1	SAT2	0.2763222222222222	0.0055138696139453	0.421096884573178	atman	0.103	
PT2-PT1	BCAN	-0.25131	0.0059350728624405	0.421096884573178	atman	0.103	
PT2-PT1	FGFR2	-0.17241	0.0055930293712282	0.421096884573178	atman	0.103	
PT2-PT1	CEACAM1	-0.11987	0.0060197648577513	0.421096884573178	atman	0.103	
PT2-PT1	ENAH	0.68186	0.0070848586548024	0.4336523901627007	atman	0.103	
PT2-PT1	MRPL46	0.40891	0.0070557411386797	0.4336523901627007	atman	0.103	
PT2-PT1	STAM	0.30039	0.0070543767499968	0.4336523901627007	atman	0.103	
PT2-PT1	CDON	-0.23342	0.006416880791755	0.4336523901627007	atman	0.103	
PT2-PT1	MFGE8	0.2244	0.0067273970741716	0.4336523901627007	atman	0.103	
PT2-PT1	NELL2	-0.18303	0.0067091841308861	0.4336523901627007	atman	0.103	
PT2-PT1	SCG3	-0.14471	0.0073765040118816	0.4422891589164934	atman	0.103	
PT2-PT1	CDHR5	-0.16438	0.0080984453244448	0.4758646472643772	atman	0.103	
PT2-PT1	APLP1	-0.46887	0.0094504521585783	0.5102238330788043	atman	0.103	
PT2-PT1	LEPR	-0.32802	0.0095515012999776	0.5102238330788043	atman	0.103	
PT2-PT1	SIGLEC7	-0.26905	0.0095193102354123	0.5102238330788043	atman	0.103	
PT2-PT1	ICAM4	-0.2197749999999999	0.0094433119581782	0.5102238330788043	atman	0.103	
PT2-PT1	COL6A3	0.12318	0.0090502122442306	0.5102238330788043	atman	0.103	
PT2-PT1	RPS10	0.4245888888888889	0.0100265795002347	0.5168086065208732	atman	0.103	
PT2-PT1	GPNMB	-0.27285	0.0099359150286879	0.5168086065208732	atman	0.103	
PT2-PT1	SSBP1	-0.3243999999999999	0.0104047503956574	0.5270544252145112	atman	0.103	
PT2-PT1	ARID4B	0.3649699999999999	0.0109316533769152	0.5443592817182549	atman	0.103	
PT2-PT1	DAND5	-2.991444444444444	0.0135097622268136	0.6300266892441037	atman	0.103	
PT2-PT1	GRSF1	-0.4582099999999999	0.0128958572904385	0.6300266892441037	atman	0.103	
PT2-PT1	CCER2	0.21241	0.013185689294733	0.6300266892441037	atman	0.103	
PT2-PT1	XPNPEP2	-0.10114	0.0133235053833098	0.6300266892441037	atman	0.103	
PT2-PT1	GHRL	-0.25521	0.0139465012624713	0.6402315735803241	atman	0.103	
PT2-PT1	CDK5RAP3	-0.28916	0.0147744461235808	0.6678049647858526	atman	0.103	
PT2-PT1	PXDNL	-0.3182	0.0174084839737689	0.6847710830904131	atman	0.103	
PT2-PT1	NINJ1	0.30709	0.0167299218578791	0.6847710830904131	atman	0.103	
PT2-PT1	WFDC1	0.26666	0.017593006619714	0.6847710830904131	atman	0.103	
PT2-PT1	OLFM4	-0.2552666666666667	0.0174082403059572	0.6847710830904131	atman	0.103	
PT2-PT1	LRTM2	-0.23972	0.0166948846719281	0.6847710830904131	atman	0.103	
PT2-PT1	ZBTB17	0.2059222222222222	0.0168807423620733	0.6847710830904131	atman	0.103	
PT2-PT1	MARCO	-0.17721	0.0166376771320648	0.6847710830904131	atman	0.103	
PT2-PT1	BCAT1	0.1631999999999999	0.017220701906417	0.6847710830904131	atman	0.103	
PT2-PT1	SMPD1	-0.1561799999999999	0.017364638104748	0.6847710830904131	atman	0.103	
PT2-PT1	FASLG	-0.14678	0.0177136154917874	0.6847710830904131	atman	0.103	
PT2-PT1	RGMA	-0.12147	0.0172639137776329	0.6847710830904131	atman	0.103	
PT2-PT1	MAPT	-0.77248	0.019569311563204	0.7089952253733611	atman	0.103	
PT2-PT1	CEACAM5	0.72866	0.019991869709919	0.7089952253733611	atman	0.103	
PT2-PT1	GBP2	0.7182499999999999	0.0187877668734344	0.7089952253733611	atman	0.103	
PT2-PT1	PARD3	-0.617011111111111	0.0192764879350717	0.7089952253733611	atman	0.103	
PT2-PT1	FARSA	0.5366	0.0203789875038478	0.7089952253733611	atman	0.103	
PT2-PT1	ELOB	-0.5349444444444444	0.0201338967938631	0.7089952253733611	atman	0.103	
PT2-PT1	WFDC12	0.26399	0.0195991524710501	0.7089952253733611	atman	0.103	
PT2-PT1	TYRO3	-0.2353299999999999	0.0192327434972618	0.7089952253733611	atman	0.103	
PT2-PT1	FCRL1	-0.16498	0.0205121150975955	0.7089952253733611	atman	0.103	
PT2-PT1	CASP4	-0.6076666666666666	0.0217260823819422	0.7336922992890397	atman	0.103	
PT2-PT1	STAU1	0.52113	0.0215027059598298	0.7336922992890397	atman	0.103	
PT2-PT1	GALNT2	0.0687199999999999	0.0224241336840136	0.7486602814049097	atman	0.103	
PT2-PT1	GZMH	0.3297777777777778	0.0232043331637241	0.7660037172474338	atman	0.103	
PT2-PT1	SLURP1	0.20116	0.0250106443578137	0.8164585902584088	atman	0.103	
PT2-PT1	PADI4	0.5012500000000001	0.0263536121856755	0.8217692069677754	atman	0.103	
PT2-PT1	SSNA1	0.3370099999999999	0.0264666707641652	0.8217692069677754	atman	0.103	
PT2-PT1	PDIA4	0.31621	0.0265718429754726	0.8217692069677754	atman	0.103	
PT2-PT1	DEFB116	-0.2684555555555555	0.0264134527693291	0.8217692069677754	atman	0.103	
PT2-PT1	OBP2B	-0.22738	0.0254757500695637	0.8217692069677754	atman	0.103	
PT2-PT1	NECTIN4	0.08552	0.0268555845068572	0.8218927841786092	atman	0.103	
PT2-PT1	NTF4	0.23837	0.0272492474457228	0.8253431855209672	atman	0.103	
PT2-PT1	TNNI3	1.3060888888888889	0.035821652604294	0.8368737157887016	atman	0.103	
PT2-PT1	DAPP1	0.67225	0.0307864682937926	0.8368737157887016	atman	0.103	
PT2-PT1	JMJD1C	-0.61018	0.0336582432597214	0.8368737157887016	atman	0.103	
PT2-PT1	WAS	0.5628500000000001	0.0350893461741965	0.8368737157887016	atman	0.103	
PT2-PT1	UNG	-0.45751	0.0355366363918567	0.8368737157887016	atman	0.103	
PT2-PT1	TRIM24	-0.4061444444444444	0.0348707909744205	0.8368737157887016	atman	0.103	
PT2-PT1	ARHGEF5	-0.3747555555555555	0.0347307496243631	0.8368737157887016	atman	0.103	
PT2-PT1	BAG4	0.3609333333333333	0.027999014468365	0.8368737157887016	atman	0.103	
PT2-PT1	SDC1	-0.3412699999999999	0.0302824719205723	0.8368737157887016	atman	0.103	
PT2-PT1	CSF3	-0.32522	0.0303483732458593	0.8368737157887016	atman	0.103	
PT2-PT1	SPTLC1	0.30605	0.0295486140500425	0.8368737157887016	atman	0.103	
PT2-PT1	METAP1	0.3001899999999999	0.0310569964268372	0.8368737157887016	atman	0.103	
PT2-PT1	MUC2	0.25632	0.0309803151508054	0.8368737157887016	atman	0.103	
PT2-PT1	CSF3R	-0.2243888888888888	0.0351940604802354	0.8368737157887016	atman	0.103	
PT2-PT1	VSIG4	0.2103	0.0337079212082924	0.8368737157887016	atman	0.103	
PT2-PT1	SELENOP	0.20773	0.0289080679745765	0.8368737157887016	atman	0.103	
PT2-PT1	ACAN	-0.18512	0.0292054127336436	0.8368737157887016	atman	0.103	
PT2-PT1	CD74	-0.1850599999999999	0.0333855366374948	0.8368737157887016	atman	0.103	
PT2-PT1	ADGRG2	-0.1474899999999999	0.0339043428590726	0.8368737157887016	atman	0.103	
PT2-PT1	CXCL17	0.13727	0.0358904316505706	0.8368737157887016	atman	0.103	
PT2-PT1	CALCA	-0.13642	0.029339876726431	0.8368737157887016	atman	0.103	
PT2-PT1	CSF1	-0.13272	0.0344096327680629	0.8368737157887016	atman	0.103	
PT2-PT1	PENK	-0.1284888888888889	0.0319272904806429	0.8368737157887016	atman	0.103	
PT2-PT1	CCL22	-0.12054	0.029895094540765	0.8368737157887016	atman	0.103	
PT2-PT1	CD163	-0.1097999999999999	0.034826831134894	0.8368737157887016	atman	0.103	
PT2-PT1	PIK3IP1	0.09709	0.035122295589526	0.8368737157887016	atman	0.103	
PT2-PT1	CR2	-0.09365	0.0291804549346417	0.8368737157887016	atman	0.103	
PT2-PT1	VAT1	-0.0866	0.0328183957541303	0.8368737157887016	atman	0.103	
PT2-PT1	C1QA	-0.05155	0.0316232373010687	0.8368737157887016	atman	0.103	
PT2-PT1	PLA2G15	-0.12955	0.0362287389653253	0.8381105124419349	atman	0.103	
PT2-PT1	ECE1	0.3902499999999999	0.0376247902409818	0.8414123384760958	atman	0.103	
PT2-PT1	FLI1	-0.21936	0.0379616067307755	0.8414123384760958	atman	0.103	
PT2-PT1	DDC	-0.19227	0.0376805799799968	0.8414123384760958	atman	0.103	
PT2-PT1	NMRK2	0.13171	0.0380898029330567	0.8414123384760958	atman	0.103	
PT2-PT1	ITIH1	0.12706	0.0379458680719062	0.8414123384760958	atman	0.103	
PT2-PT1	TIMD4	0.07151	0.036903100081143	0.8414123384760958	atman	0.103	
PT2-PT1	PRAME	0.48726	0.0387798551738622	0.8422855044736588	atman	0.103	
PT2-PT1	IGSF9	-0.38589	0.0388599536959377	0.8422855044736588	atman	0.103	
PT2-PT1	GPHA2	-0.0806199999999999	0.0389893902683518	0.8422855044736588	atman	0.103	
PT2-PT1	FRMD4B	0.7683000000000001	0.042510529943446	0.8870183540111473	atman	0.103	
PT2-PT1	SCIN	-0.7058444444444444	0.0425080242785467	0.8870183540111473	atman	0.103	
PT2-PT1	ART5	-0.3521666666666667	0.0431135804849518	0.8870183540111473	atman	0.103	
PT2-PT1	NRCAM	-0.26114	0.0431335320538066	0.8870183540111473	atman	0.103	
PT2-PT1	CDH17	-0.2296999999999999	0.0431734597085071	0.8870183540111473	atman	0.103	
PT2-PT1	CD207	0.2225333333333333	0.0428449761764917	0.8870183540111473	atman	0.103	
PT2-PT1	LRP1	-0.1351222222222222	0.0426605504358916	0.8870183540111473	atman	0.103	
PT2-PT1	TEX101	-0.56688	0.044203497075586	0.8956543062625636	atman	0.103	
PT2-PT1	CCL14	0.11659	0.0441335775858484	0.8956543062625636	atman	0.103	
PT2-PT1	STK11	0.3239222222222222	0.0445888512114114	0.8972742798570328	atman	0.103	
PT2-PT1	PFDN2	0.7441099999999999	0.0487539439078554	0.8974840318589288	atman	0.103	
PT2-PT1	BCL2L1	0.6933900000000001	0.0482889052567747	0.8974840318589288	atman	0.103	
PT2-PT1	LRCH4	0.6531888888888889	0.0464354435984859	0.8974840318589288	atman	0.103	
PT2-PT1	FDX1	-0.6249888888888889	0.0479003401954452	0.8974840318589288	atman	0.103	
PT2-PT1	GSTM4	0.5442666666666667	0.0495272786752634	0.8974840318589288	atman	0.103	
PT2-PT1	LMOD1	0.505211111111111	0.0493665576203248	0.8974840318589288	atman	0.103	
PT2-PT1	HSPA1A	0.4613	0.0466047934536038	0.8974840318589288	atman	0.103	
PT2-PT1	TK1	-0.4452111111111111	0.0477199141870248	0.8974840318589288	atman	0.103	
PT2-PT1	GPKOW	0.3555699999999999	0.0462804686214162	0.8974840318589288	atman	0.103	
PT2-PT1	SFTPD	-0.2995	0.0459687549292138	0.8974840318589288	atman	0.103	
PT2-PT1	ANP32C	0.26021	0.0473845836358051	0.8974840318589288	atman	0.103	
PT2-PT1	NTF3	0.236075	0.0453750096439575	0.8974840318589288	atman	0.103	
PT2-PT1	CLC	-0.2088399999999999	0.0494754733478453	0.8974840318589288	atman	0.103	
PT2-PT1	PDE1C	0.20373	0.0455544527430973	0.8974840318589288	atman	0.103	
PT2-PT1	SSH3	0.1927299999999999	0.0478877892073275	0.8974840318589288	atman	0.103	
PT2-PT1	ZHX2	0.17044	0.0500978152569313	0.8974840318589288	atman	0.103	
PT2-PT1	PBXIP1	0.1175	0.0487436204011677	0.8974840318589288	atman	0.103	
PT2-PT1	CTBS	-0.0686	0.0498363946581317	0.8974840318589288	atman	0.103	
PT2-PT1	S100A13	0.1719222222222222	0.0510879563622976	0.909675247226852	atman	0.103	
PT2-PT1	HTR1A	-0.4739333333333334	0.0533129033508599	0.921616656762061	atman	0.103	
PT2-PT1	STEAP4	-0.4311444444444443	0.05244837202825	0.921616656762061	atman	0.103	
PT2-PT1	IGDCC3	-0.3602222222222221	0.0533270359596835	0.921616656762061	atman	0.103	
PT2-PT1	FCRL5	-0.15012	0.0529131073545978	0.921616656762061	atman	0.103	
PT2-PT1	PTGDS	-0.1212999999999999	0.0526992477830001	0.921616656762061	atman	0.103	
PT2-PT1	CREB3	0.6807299999999998	0.0543012150684838	0.9275405225070088	atman	0.103	
PT2-PT1	THBS2	0.1304	0.054117600152133	0.9275405225070088	atman	0.103	
PT2-PT1	GP2	0.1965333333333333	0.0554315709608819	0.941375465220064	atman	0.103	
PT2-PT1	LILRA4	0.7109777777777777	0.0623599068928903	0.9502861830440976	atman	0.103	
PT2-PT1	RASGRF1	0.55451	0.0579793510523307	0.9502861830440976	atman	0.103	
PT2-PT1	NRTN	-0.54224	0.0590432614487377	0.9502861830440976	atman	0.103	
PT2-PT1	CA7	0.5006222222222223	0.0685717204912204	0.9502861830440976	atman	0.103	
PT2-PT1	TP73	0.43193	0.0658568755395179	0.9502861830440976	atman	0.103	
PT2-PT1	TYRP1	0.4017777777777777	0.068388061505155	0.9502861830440976	atman	0.103	
PT2-PT1	IL2RG	-0.39929	0.0676495513717525	0.9502861830440976	atman	0.103	
PT2-PT1	BRSK2	-0.3812	0.06009878265764	0.9502861830440976	atman	0.103	
PT2-PT1	SPINT3	0.37821	0.0625921212169764	0.9502861830440976	atman	0.103	
PT2-PT1	NPHS2	-0.3543777777777777	0.057358422657163	0.9502861830440976	atman	0.103	
PT2-PT1	ARHGAP5	0.34585	0.0678742178177989	0.9502861830440976	atman	0.103	
PT2-PT1	GPR158	-0.28399	0.0625772771381787	0.9502861830440976	atman	0.103	
PT2-PT1	CGN	0.26476	0.0687514002684994	0.9502861830440976	atman	0.103	
PT2-PT1	TNFSF11	0.25975	0.0632953182993776	0.9502861830440976	atman	0.103	
PT2-PT1	HIF1A	-0.2485333333333333	0.0664180725157186	0.9502861830440976	atman	0.103	
PT2-PT1	KIR3DL2	0.2385	0.0588186140810205	0.9502861830440976	atman	0.103	
PT2-PT1	POSTN	0.23654	0.0688941310375741	0.9502861830440976	atman	0.103	
PT2-PT1	RNF149	0.22632	0.0626991252527491	0.9502861830440976	atman	0.103	
PT2-PT1	FCAMR	-0.2202799999999999	0.0670725128735132	0.9502861830440976	atman	0.103	
PT2-PT1	SLITRK6	0.2153444444444444	0.0610314738430965	0.9502861830440976	atman	0.103	
PT2-PT1	PSAPL1	0.2118	0.0592125193599182	0.9502861830440976	atman	0.103	
PT2-PT1	ADAMTS8	-0.19819	0.0630793312004061	0.9502861830440976	atman	0.103	
PT2-PT1	GLRX	-0.1959	0.0643207106166963	0.9502861830440976	atman	0.103	
PT2-PT1	AHNAK	0.17553	0.0686784628428369	0.9502861830440976	atman	0.103	
PT2-PT1	RAB44	-0.1594299999999999	0.0574393892654965	0.9502861830440976	atman	0.103	
PT2-PT1	EPHA4	-0.1548777777777777	0.0605680021181207	0.9502861830440976	atman	0.103	
PT2-PT1	SERPINA6	-0.1533099999999999	0.0682010979901566	0.9502861830440976	atman	0.103	
PT2-PT1	TNFRSF11B	-0.13077	0.0604730237606774	0.9502861830440976	atman	0.103	
PT2-PT1	TIMP4	0.1240599999999999	0.0640013406338111	0.9502861830440976	atman	0.103	
PT2-PT1	CAPG	0.11132	0.0632247627540398	0.9502861830440976	atman	0.103	
PT2-PT1	LILRA6	-0.10893	0.0684672058800368	0.9502861830440976	atman	0.103	
PT2-PT1	PRSS8	-0.0989	0.0572673682846609	0.9502861830440976	atman	0.103	
PT2-PT1	CA9	0.0967399999999999	0.0607209218915889	0.9502861830440976	atman	0.103	
PT2-PT1	ASGR1	-0.0934499999999999	0.057741369440867	0.9502861830440976	atman	0.103	
PT2-PT1	NUCB2	0.08373	0.0664305706390602	0.9502861830440976	atman	0.103	
PT2-PT1	BLMH	0.0807199999999999	0.0654558940869509	0.9502861830440976	atman	0.103	
PT2-PT1	IGFBP6	0.07989	0.0671892783267273	0.9502861830440976	atman	0.103	
PT2-PT1	CD209	-0.07777	0.0574057980295499	0.9502861830440976	atman	0.103	
PT2-PT1	OSCAR	-0.06756	0.0638609055642376	0.9502861830440976	atman	0.103	
PT2-PT1	MCTS1	0.05877	0.0665214170050678	0.9502861830440976	atman	0.103	
PT2-PT1	IGFL4	-0.3309444444444444	0.0696071559010098	0.9556346917624624	atman	0.103	
PT2-PT1	FGF19	0.33613	0.0707985234972863	0.9593214092584008	atman	0.103	
PT2-PT1	FAM3B	0.1236888888888889	0.0706066183972304	0.9593214092584008	atman	0.103	
PT2-PT1	PKD1	-0.1156499999999999	0.0708552572529179	0.9593214092584008	atman	0.103	
PT2-PT1	TRIM26	0.7440800000000001	0.08343686287015	0.9625778198237602	atman	0.103	
PT2-PT1	TNPO1	-0.5612222222222222	0.0783144895014498	0.9625778198237602	atman	0.103	
PT2-PT1	FGF9	0.55442	0.0878795087839623	0.9625778198237602	atman	0.103	
PT2-PT1	CTAG1A_CTAG1B	0.5467888888888889	0.0770609371774024	0.9625778198237602	atman	0.103	
PT2-PT1	DDA1	0.4837111111111112	0.0889670344531619	0.9625778198237602	atman	0.103	
PT2-PT1	GH1	-0.4811199999999999	0.079184133645151	0.9625778198237602	atman	0.103	
PT2-PT1	ATP6V1G2	0.4661555555555556	0.0784323591325428	0.9625778198237602	atman	0.103	
PT2-PT1	DUT	0.4527999999999998	0.0715094676757164	0.9625778198237602	atman	0.103	
PT2-PT1	ING1	0.44521	0.0892641065173092	0.9625778198237602	atman	0.103	
PT2-PT1	PRC1	-0.42497	0.0842755801442298	0.9625778198237602	atman	0.103	
PT2-PT1	GYS1	0.4232444444444445	0.0730250957077003	0.9625778198237602	atman	0.103	
PT2-PT1	ATP6AP2	0.3763899999999999	0.0767314368281781	0.9625778198237602	atman	0.103	
PT2-PT1	SMC3	0.37055	0.0822541185815322	0.9625778198237602	atman	0.103	
PT2-PT1	DHPS	-0.3620599999999999	0.0837219761976151	0.9625778198237602	atman	0.103	
PT2-PT1	PSMD5	0.3449999999999999	0.0873145416254066	0.9625778198237602	atman	0.103	
PT2-PT1	HMGCS1	0.2924555555555554	0.0828024282520405	0.9625778198237602	atman	0.103	
PT2-PT1	BECN1	0.29058	0.0896466469379539	0.9625778198237602	atman	0.103	
PT2-PT1	CXCL13	0.28637	0.0889680395315666	0.9625778198237602	atman	0.103	
PT2-PT1	NOS3	0.26484	0.082774806525588	0.9625778198237602	atman	0.103	
PT2-PT1	ACTA2	0.2587444444444445	0.0852265503528282	0.9625778198237602	atman	0.103	
PT2-PT1	RBM17	-0.25297	0.0765093912774326	0.9625778198237602	atman	0.103	
PT2-PT1	ENOPH1	-0.24829	0.077316243729447	0.9625778198237602	atman	0.103	
PT2-PT1	BLOC1S3	0.2476299999999999	0.0815789277278067	0.9625778198237602	atman	0.103	
PT2-PT1	CA12	0.2326555555555555	0.0802120426911234	0.9625778198237602	atman	0.103	
PT2-PT1	CCDC134	0.22575	0.0893522298157782	0.9625778198237602	atman	0.103	
PT2-PT1	SOX2	-0.2217	0.086134757885868	0.9625778198237602	atman	0.103	
PT2-PT1	GRIK2	0.21465	0.078824779457983	0.9625778198237602	atman	0.103	
PT2-PT1	CHGB	-0.2129399999999999	0.085507778034084	0.9625778198237602	atman	0.103	
PT2-PT1	PPL	0.2017222222222222	0.0790766988180124	0.9625778198237602	atman	0.103	
PT2-PT1	TOP2B	0.1926555555555555	0.0881853413200146	0.9625778198237602	atman	0.103	
PT2-PT1	SYT1	-0.18866	0.080235715403881	0.9625778198237602	atman	0.103	
PT2-PT1	RTBDN	-0.1884222222222222	0.0893543251588329	0.9625778198237602	atman	0.103	
PT2-PT1	COL4A1	0.1859099999999999	0.08643748316649	0.9625778198237602	atman	0.103	
PT2-PT1	SLITRK1	-0.1842444444444444	0.0767922958730387	0.9625778198237602	atman	0.103	
PT2-PT1	PCDH17	-0.17424	0.0865724357495791	0.9625778198237602	atman	0.103	
PT2-PT1	PTPRM	-0.1717625	0.0744479885432547	0.9625778198237602	atman	0.103	
PT2-PT1	OMP	0.1613888888888889	0.0733304223022957	0.9625778198237602	atman	0.103	
PT2-PT1	LEG1	0.1600333333333333	0.0727210735836221	0.9625778198237602	atman	0.103	
PT2-PT1	CCL23	0.15826	0.0875363312596557	0.9625778198237602	atman	0.103	
PT2-PT1	IFIT3	0.1509444444444444	0.0806585145236267	0.9625778198237602	atman	0.103	
PT2-PT1	SPINK5	0.14655	0.0789181276079786	0.9625778198237602	atman	0.103	
PT2-PT1	CDH6	-0.14417	0.0765747685853692	0.9625778198237602	atman	0.103	
PT2-PT1	CELSR2	0.1281777777777777	0.0897707020529987	0.9625778198237602	atman	0.103	
PT2-PT1	SORT1	-0.12764	0.0821717425734387	0.9625778198237602	atman	0.103	
PT2-PT1	CNTN2	-0.12734	0.0811718713114004	0.9625778198237602	atman	0.103	
PT2-PT1	CPM	-0.12621	0.0739447131476316	0.9625778198237602	atman	0.103	
PT2-PT1	TFF1	0.11954	0.0754750597582243	0.9625778198237602	atman	0.103	
PT2-PT1	C1QTNF5	-0.1175111111111111	0.0878106084873662	0.9625778198237602	atman	0.103	
PT2-PT1	F10	0.1093599999999999	0.0815315682228416	0.9625778198237602	atman	0.103	
PT2-PT1	NEO1	0.10593	0.0789368855995906	0.9625778198237602	atman	0.103	
PT2-PT1	FUCA1	-0.10571	0.0807895230992359	0.9625778198237602	atman	0.103	
PT2-PT1	MERTK	-0.09888	0.0896347653789573	0.9625778198237602	atman	0.103	
PT2-PT1	CSTB	0.09754	0.0762610739211286	0.9625778198237602	atman	0.103	
PT2-PT1	IL18R1	-0.09207	0.0891320812149014	0.9625778198237602	atman	0.103	
PT2-PT1	CTSS	0.0625599999999999	0.0741327898705206	0.9625778198237602	atman	0.103	
PT2-PT1	FCGR3B	-0.05582	0.0747985572115705	0.9625778198237602	atman	0.103	
PT2-PT1	BSG	0.04124	0.0811330528760352	0.9625778198237602	atman	0.103	
PT2-PT1	FCN2	-0.05985	0.0903745227146701	0.9655285372207308	atman	0.103	
PT2-PT1	PACS2	0.6087222222222223	0.0969717052312626	0.9894697482354282	atman	0.103	
PT2-PT1	CDC123	-0.51518	0.0941979535405261	0.9894697482354282	atman	0.103	
PT2-PT1	REG3G	0.35411	0.097009198916544	0.9894697482354282	atman	0.103	
PT2-PT1	SRP14	0.3539	0.0948462446028266	0.9894697482354282	atman	0.103	
PT2-PT1	SPRING1	0.3503199999999999	0.0947997238546014	0.9894697482354282	atman	0.103	
PT2-PT1	DUOX2	0.3198777777777777	0.0969161560263123	0.9894697482354282	atman	0.103	
PT2-PT1	SEZ6	0.30083	0.0973304143090669	0.9894697482354282	atman	0.103	
PT2-PT1	FUS	0.27645	0.0933722945529083	0.9894697482354282	atman	0.103	
PT2-PT1	KEL	0.18578	0.0951273685338738	0.9894697482354282	atman	0.103	
PT2-PT1	CST5	-0.15383	0.0958424643741848	0.9894697482354282	atman	0.103	
PT2-PT1	DCTPP1	-0.13415	0.0969357667741759	0.9894697482354282	atman	0.103	
PT2-PT1	VNN1	-0.10468	0.0971565333246373	0.9894697482354282	atman	0.103	
PT2-PT1	LY6D	0.0925199999999999	0.0934450486421658	0.9894697482354282	atman	0.103	
PT2-PT1	TNFRSF13B	-0.0797	0.0965271604577777	0.9894697482354282	atman	0.103	
PT2-PT1	CD3G	-0.3252222222222222	0.0976885011183055	0.9896855733985572	atman	0.103	
PT2-PT1	DCN	0.1497555555555555	0.0981014878343371	0.990454196760421	atman	0.103	
PT2-PT1	AGBL2	1.8125666666666664	0.1623793374115913	0.9951604113195696	atman	0.103	
PT2-PT1	BTLA	1.69108	0.1244237039735136	0.9951604113195696	atman	0.103	
PT2-PT1	TMOD4	-1.65842	0.1158874931127635	0.9951604113195696	atman	0.103	
PT2-PT1	IL4	-1.1882500000000005	0.172027600971597	0.9951604113195696	atman	0.103	
PT2-PT1	MUC16	-1.0927444444444443	0.1721091747173089	0.9951604113195696	atman	0.103	
PT2-PT1	SERPINB5	-1.016411111111111	0.1610058451004739	0.9951604113195696	atman	0.103	
PT2-PT1	MNDA	0.95057	0.1816977151234715	0.9951604113195696	atman	0.103	
PT2-PT1	MAGEA3	0.8915333333333333	0.3879305334593708	0.9951604113195696	atman	0.103	
PT2-PT1	ITGAL	0.8607555555555553	0.5319627193487257	0.9951604113195696	atman	0.103	
PT2-PT1	FBN2	-0.82685	0.1107160330859349	0.9951604113195696	atman	0.103	
PT2-PT1	WASF3	0.7085600000000001	0.4540037378797268	0.9951604113195696	atman	0.103	
PT2-PT1	IL6	-0.7059777777777776	0.1032058392361461	0.9951604113195696	atman	0.103	
PT2-PT1	MYOM2	-0.7026000000000001	0.3177726349768637	0.9951604113195696	atman	0.103	
PT2-PT1	UPB1	-0.6705499999999999	0.3558566721260652	0.9951604113195696	atman	0.103	
PT2-PT1	PALLD	-0.6207777777777777	0.2346964717573709	0.9951604113195696	atman	0.103	
PT2-PT1	RLN1	0.61419	0.2177471054288504	0.9951604113195696	atman	0.103	
PT2-PT1	CYB5A	0.6065799999999999	0.1388945521929592	0.9951604113195696	atman	0.103	
PT2-PT1	JCHAIN	0.5925900000000001	0.1385465830166028	0.9951604113195696	atman	0.103	
PT2-PT1	CASP10	0.5885100000000002	0.569064718596576	0.9951604113195696	atman	0.103	
PT2-PT1	IL3	-0.5829799999999999	0.550784387646164	0.9951604113195696	atman	0.103	
PT2-PT1	SOX9	0.58107	0.3491172939580103	0.9951604113195696	atman	0.103	
PT2-PT1	TTF2	0.5810699999999998	0.1494825370841286	0.9951604113195696	atman	0.103	
PT2-PT1	RGL2	0.5810444444444445	0.1603970614964576	0.9951604113195696	atman	0.103	
PT2-PT1	RBM25	-0.5589000000000001	0.2738830060923178	0.9951604113195696	atman	0.103	
PT2-PT1	IL13RA2	-0.5491999999999999	0.2354867744003574	0.9951604113195696	atman	0.103	
PT2-PT1	DEFB4A_DEFB4B	0.5376111111111112	0.2069710414159002	0.9951604113195696	atman	0.103	
PT2-PT1	SERPINH1	0.5354777777777778	0.1967144637687032	0.9951604113195696	atman	0.103	
PT2-PT1	TRPV3	0.5204777777777777	0.410397145547801	0.9951604113195696	atman	0.103	
PT2-PT1	S100A12	0.5149222222222223	0.1305560132645247	0.9951604113195696	atman	0.103	
PT2-PT1	GBA	0.50563	0.1441766049915562	0.9951604113195696	atman	0.103	
PT2-PT1	PRTFDC1	0.50254	0.1090428913325691	0.9951604113195696	atman	0.103	
PT2-PT1	CORO6	-0.4995333333333332	0.3046722982931764	0.9951604113195696	atman	0.103	
PT2-PT1	IL6	-0.49755	0.2222401256016088	0.9951604113195696	atman	0.103	
PT2-PT1	GP1BB	0.4958222222222223	0.1152562857192425	0.9951604113195696	atman	0.103	
PT2-PT1	FABP3	-0.4953600000000001	0.3661560917508062	0.9951604113195696	atman	0.103	
PT2-PT1	DCUN1D1	-0.4952666666666666	0.1434421214429018	0.9951604113195696	atman	0.103	
PT2-PT1	FBP1	-0.4931900000000001	0.2179452322251318	0.9951604113195696	atman	0.103	
PT2-PT1	STAT5B	0.4771999999999999	0.2186808344302133	0.9951604113195696	atman	0.103	
PT2-PT1	DCLRE1C	0.4770099999999999	0.2075477937488428	0.9951604113195696	atman	0.103	
PT2-PT1	PER3	-0.4748555555555556	0.1680729803628919	0.9951604113195696	atman	0.103	
PT2-PT1	MED21	0.4738444444444444	0.1920912841166424	0.9951604113195696	atman	0.103	
PT2-PT1	CEP164	0.4712500000000001	0.3650701924544273	0.9951604113195696	atman	0.103	
PT2-PT1	RNASE3	0.4623399999999999	0.306147992396546	0.9951604113195696	atman	0.103	
PT2-PT1	BCL7B	-0.4606399999999999	0.1194012627042568	0.9951604113195696	atman	0.103	
PT2-PT1	PSMD1	0.4481000000000001	0.5903357560058844	0.9951604113195696	atman	0.103	
PT2-PT1	RLN2	0.4437777777777778	0.5195069050103709	0.9951604113195696	atman	0.103	
PT2-PT1	BLOC1S2	-0.4369222222222222	0.2179579116124674	0.9951604113195696	atman	0.103	
PT2-PT1	YOD1	0.4363555555555555	0.1706843656627668	0.9951604113195696	atman	0.103	
PT2-PT1	NGFR	0.4346599999999999	0.1167242169921454	0.9951604113195696	atman	0.103	
PT2-PT1	LMOD2	-0.4331	0.2061301848862351	0.9951604113195696	atman	0.103	
PT2-PT1	CSRP3	-0.4326222222222222	0.5235147651674701	0.9951604113195696	atman	0.103	
PT2-PT1	MYL6B	0.4283899999999999	0.1938280887746399	0.9951604113195696	atman	0.103	
PT2-PT1	TARM1	0.4263	0.1660625278659253	0.9951604113195696	atman	0.103	
PT2-PT1	RRP15	0.4260888888888889	0.5832098345459165	0.9951604113195696	atman	0.103	
PT2-PT1	BOLA1	-0.4245555555555554	0.2324025271381038	0.9951604113195696	atman	0.103	
PT2-PT1	LELP1	-0.4229222222222222	0.1429899419750482	0.9951604113195696	atman	0.103	
PT2-PT1	DOCK9	-0.4209777777777777	0.2738746876658673	0.9951604113195696	atman	0.103	
PT2-PT1	ACAA1	0.4140399999999998	0.2786569570472648	0.9951604113195696	atman	0.103	
PT2-PT1	SLAMF1	0.4123899999999999	0.6451326725244211	0.9951604113195696	atman	0.103	
PT2-PT1	GTF2IRD1	-0.4115222222222222	0.2137707454610098	0.9951604113195696	atman	0.103	
PT2-PT1	FGF16	-0.4093000000000001	0.3080442752415904	0.9951604113195696	atman	0.103	
PT2-PT1	VIM	-0.4038666666666667	0.7447467558647656	0.9951604113195696	atman	0.103	
PT2-PT1	LPP	0.3999555555555555	0.1881526063238743	0.9951604113195696	atman	0.103	
PT2-PT1	DCDC2C	0.3988	0.2281538424004945	0.9951604113195696	atman	0.103	
PT2-PT1	CASQ2	-0.3980222222222222	0.1145349722325481	0.9951604113195696	atman	0.103	
PT2-PT1	NFX1	0.3977222222222222	0.306398192307646	0.9951604113195696	atman	0.103	
PT2-PT1	NAA10	0.3962666666666667	0.2703089699649075	0.9951604113195696	atman	0.103	
PT2-PT1	CEND1	-0.3908888888888888	0.1218682734231166	0.9951604113195696	atman	0.103	
PT2-PT1	CASP9	-0.3907444444444444	0.4073674514465613	0.9951604113195696	atman	0.103	
PT2-PT1	C2CD2L	0.39032	0.2179294402967071	0.9951604113195696	atman	0.103	
PT2-PT1	FOXO3	-0.3892299999999999	0.4943073777816471	0.9951604113195696	atman	0.103	
PT2-PT1	C1QTNF6	-0.38686	0.2307287843672016	0.9951604113195696	atman	0.103	
PT2-PT1	EIF2AK2	0.3867999999999999	0.248425726406742	0.9951604113195696	atman	0.103	
PT2-PT1	RTKN2	0.3847	0.1745400605316454	0.9951604113195696	atman	0.103	
PT2-PT1	CSDE1	0.3846333333333334	0.3109638979118223	0.9951604113195696	atman	0.103	
PT2-PT1	ITPRIP	0.384211111111111	0.1496575294372513	0.9951604113195696	atman	0.103	
PT2-PT1	DENND2B	0.3808333333333333	0.1369550116380493	0.9951604113195696	atman	0.103	
PT2-PT1	GIPR	0.3802999999999999	0.1346885304637843	0.9951604113195696	atman	0.103	
PT2-PT1	RPGR	-0.3788399999999999	0.3580172205269467	0.9951604113195696	atman	0.103	
PT2-PT1	GSTP1	0.3759599999999999	0.1713301363546595	0.9951604113195696	atman	0.103	
PT2-PT1	IRAK4	0.375575	0.2523164083827627	0.9951604113195696	atman	0.103	
PT2-PT1	MCEMP1	-0.3718999999999999	0.2385808428652129	0.9951604113195696	atman	0.103	
PT2-PT1	PTX3	-0.3699875	0.1804192960689632	0.9951604113195696	atman	0.103	
PT2-PT1	RGS10	0.36956	0.252456670962482	0.9951604113195696	atman	0.103	
PT2-PT1	BCAT2	-0.3687	0.1936586820057377	0.9951604113195696	atman	0.103	
PT2-PT1	DOC2B	-0.36834	0.2020377682058585	0.9951604113195696	atman	0.103	
PT2-PT1	RAB10	0.36801	0.1161769178554079	0.9951604113195696	atman	0.103	
PT2-PT1	DTX2	-0.3654699999999999	0.1830892893248186	0.9951604113195696	atman	0.103	
PT2-PT1	IL9	-0.3649333333333333	0.2691717842611139	0.9951604113195696	atman	0.103	
PT2-PT1	EIF4G3	0.36221	0.2972730803260113	0.9951604113195696	atman	0.103	
PT2-PT1	TSNAX	0.3600555555555556	0.356361729142328	0.9951604113195696	atman	0.103	
PT2-PT1	DUSP29	-0.3594900000000001	0.3239659067390525	0.9951604113195696	atman	0.103	
PT2-PT1	EPHA10	-0.3566599999999999	0.2130007839657111	0.9951604113195696	atman	0.103	
PT2-PT1	CBX2	0.3552666666666667	0.1501560143293836	0.9951604113195696	atman	0.103	
PT2-PT1	PDRG1	-0.3527099999999999	0.127300068114192	0.9951604113195696	atman	0.103	
PT2-PT1	PTTG1	-0.3526555555555555	0.1412338395450132	0.9951604113195696	atman	0.103	
PT2-PT1	GJA8	-0.3514099999999999	0.4281248969506008	0.9951604113195696	atman	0.103	
PT2-PT1	BCR	0.3508624999999999	0.124678601701432	0.9951604113195696	atman	0.103	
PT2-PT1	HNF1A	-0.3502999999999999	0.2491438638528937	0.9951604113195696	atman	0.103	
PT2-PT1	PALM3	0.3498777777777778	0.1597381228427101	0.9951604113195696	atman	0.103	
PT2-PT1	SCN2B	0.34893	0.2690825522668929	0.9951604113195696	atman	0.103	
PT2-PT1	ARL13B	0.3488666666666666	0.2612156686078082	0.9951604113195696	atman	0.103	
PT2-PT1	CERT	0.34862	0.1029839593430397	0.9951604113195696	atman	0.103	
PT2-PT1	SAG	0.3471555555555555	0.7507357188190604	0.9951604113195696	atman	0.103	
PT2-PT1	CCL28	0.3454624999999999	0.1122459977696199	0.9951604113195696	atman	0.103	
PT2-PT1	ASPSCR1	0.3452499999999999	0.1073240170750031	0.9951604113195696	atman	0.103	
PT2-PT1	BAX	0.3451499999999999	0.39777357382209	0.9951604113195696	atman	0.103	
PT2-PT1	BCL7A	-0.3449299999999999	0.4456601340862389	0.9951604113195696	atman	0.103	
PT2-PT1	BRD3	0.3448444444444444	0.1647800222047015	0.9951604113195696	atman	0.103	
PT2-PT1	ARL2BP	0.3442555555555555	0.1587571863989312	0.9951604113195696	atman	0.103	
PT2-PT1	NXPE4	0.3434222222222221	0.1638539870440787	0.9951604113195696	atman	0.103	
PT2-PT1	MAP1LC3A	-0.3429222222222222	0.2655571018589389	0.9951604113195696	atman	0.103	
PT2-PT1	IL36A	-0.341911111111111	0.2133713120680169	0.9951604113195696	atman	0.103	
PT2-PT1	AMN	-0.34117	0.1583119035852531	0.9951604113195696	atman	0.103	
PT2-PT1	CHP1	-0.3404888888888889	0.4378851898330174	0.9951604113195696	atman	0.103	
PT2-PT1	BCL2L15	-0.3386111111111111	0.1789120856226476	0.9951604113195696	atman	0.103	
PT2-PT1	DAPK2	0.3378888888888889	0.216403006692639	0.9951604113195696	atman	0.103	
PT2-PT1	SEPTIN7	0.3356666666666666	0.1490159333831993	0.9951604113195696	atman	0.103	
PT2-PT1	KIAA1549	-0.3350777777777778	0.4432752483601174	0.9951604113195696	atman	0.103	
PT2-PT1	NFU1	0.33207	0.2713585150656663	0.9951604113195696	atman	0.103	
PT2-PT1	TXK	0.3319444444444444	0.109749607699022	0.9951604113195696	atman	0.103	
PT2-PT1	BHMT2	0.3316222222222222	0.2540751868178392	0.9951604113195696	atman	0.103	
PT2-PT1	ACOT13	0.32963	0.3042485254103977	0.9951604113195696	atman	0.103	
PT2-PT1	EIF5	0.3294222222222223	0.324403302837537	0.9951604113195696	atman	0.103	
PT2-PT1	CASP1	0.3288399999999999	0.4764754807020632	0.9951604113195696	atman	0.103	
PT2-PT1	TERF1	-0.3270333333333333	0.1460832186971719	0.9951604113195696	atman	0.103	
PT2-PT1	NFATC1	0.3269125000000001	0.2889552210551354	0.9951604113195696	atman	0.103	
PT2-PT1	GCG	0.32645	0.5919013701349132	0.9951604113195696	atman	0.103	
PT2-PT1	TSPAN15	0.3261222222222222	0.2940347425345693	0.9951604113195696	atman	0.103	
PT2-PT1	TRIM40	-0.32554	0.4348524485268947	0.9951604113195696	atman	0.103	
PT2-PT1	TMED10	0.3250666666666666	0.1767684438285228	0.9951604113195696	atman	0.103	
PT2-PT1	BRAP	0.3244799999999999	0.3147404691882345	0.9951604113195696	atman	0.103	
PT2-PT1	CDH22	-0.3226777777777778	0.3302910063576065	0.9951604113195696	atman	0.103	
PT2-PT1	TIGAR	0.3198600000000001	0.4042700752647501	0.9951604113195696	atman	0.103	
PT2-PT1	CCND2	0.3189111111111111	0.292626501904917	0.9951604113195696	atman	0.103	
PT2-PT1	KHDC3L	0.3184600000000001	0.1787148496982031	0.9951604113195696	atman	0.103	
PT2-PT1	IL6	-0.3178333333333332	0.3997948638019966	0.9951604113195696	atman	0.103	
PT2-PT1	MTIF3	0.31677	0.2890489826820652	0.9951604113195696	atman	0.103	
PT2-PT1	DEFA1_DEFA1B	0.31423	0.274041954958625	0.9951604113195696	atman	0.103	
PT2-PT1	EPN1	-0.3136222222222222	0.2918601707812773	0.9951604113195696	atman	0.103	
PT2-PT1	VAV3	0.3130555555555555	0.3248397997402859	0.9951604113195696	atman	0.103	
PT2-PT1	UROS	0.31142	0.4116410891346154	0.9951604113195696	atman	0.103	
PT2-PT1	NDUFS6	-0.3100599999999999	0.2031735564492618	0.9951604113195696	atman	0.103	
PT2-PT1	TPR	0.3088888888888889	0.1633405438831392	0.9951604113195696	atman	0.103	
PT2-PT1	AGR3	-0.30834	0.2016929865741952	0.9951604113195696	atman	0.103	
PT2-PT1	IL6	-0.30833	0.4028536681925143	0.9951604113195696	atman	0.103	
PT2-PT1	NFKB2	0.3082	0.1079362556230021	0.9951604113195696	atman	0.103	
PT2-PT1	DLL4	-0.30765	0.370277657804543	0.9951604113195696	atman	0.103	
PT2-PT1	CEACAM20	0.3067333333333333	0.2986079552779457	0.9951604113195696	atman	0.103	
PT2-PT1	ATXN10	-0.3059800000000001	0.3633388068442302	0.9951604113195696	atman	0.103	
PT2-PT1	SAP18	0.3057444444444444	0.3186734918921519	0.9951604113195696	atman	0.103	
PT2-PT1	DNLZ	-0.3049777777777777	0.3330699494801061	0.9951604113195696	atman	0.103	
PT2-PT1	NFKB1	0.3045333333333333	0.3346781349150762	0.9951604113195696	atman	0.103	
PT2-PT1	SYTL4	0.30412	0.2744168403687921	0.9951604113195696	atman	0.103	
PT2-PT1	PDIA3	0.3035	0.1744403930782376	0.9951604113195696	atman	0.103	
PT2-PT1	AMIGO1	-0.30333	0.2886591165304377	0.9951604113195696	atman	0.103	
PT2-PT1	MNAT1	-0.3030777777777777	0.1831802192517351	0.9951604113195696	atman	0.103	
PT2-PT1	GIGYF2	0.30271	0.2377697251992043	0.9951604113195696	atman	0.103	
PT2-PT1	SH2B3	0.30189	0.2655217080047856	0.9951604113195696	atman	0.103	
PT2-PT1	MDM1	0.30184	0.1598181494366892	0.9951604113195696	atman	0.103	
PT2-PT1	RYR1	0.3007333333333333	0.1626919561729978	0.9951604113195696	atman	0.103	
PT2-PT1	MRI1	0.30039	0.1089569710077122	0.9951604113195696	atman	0.103	
PT2-PT1	PKN3	0.2999666666666666	0.1293790043672622	0.9951604113195696	atman	0.103	
PT2-PT1	RNF168	-0.2992333333333333	0.2471904487227711	0.9951604113195696	atman	0.103	
PT2-PT1	ITIH5	-0.29916	0.4729212497721862	0.9951604113195696	atman	0.103	
PT2-PT1	MRPL58	-0.2989	0.1024441096263752	0.9951604113195696	atman	0.103	
PT2-PT1	SHD	-0.2985666666666666	0.2026924113046089	0.9951604113195696	atman	0.103	
PT2-PT1	ELN	0.2979199999999999	0.1827045351607577	0.9951604113195696	atman	0.103	
PT2-PT1	PTK7	0.2968699999999999	0.3019164279490181	0.9951604113195696	atman	0.103	
PT2-PT1	PMS1	-0.29669	0.4634757547233799	0.9951604113195696	atman	0.103	
PT2-PT1	MED18	0.2966500000000001	0.1009556451336659	0.9951604113195696	atman	0.103	
PT2-PT1	CAMLG	0.2943699999999999	0.1222359960833463	0.9951604113195696	atman	0.103	
PT2-PT1	CYP24A1	0.2942	0.3839783390191371	0.9951604113195696	atman	0.103	
PT2-PT1	AKR7L	0.2941333333333333	0.2542692081353197	0.9951604113195696	atman	0.103	
PT2-PT1	SLMAP	0.29245	0.2699708412038326	0.9951604113195696	atman	0.103	
PT2-PT1	GFAP	-0.29197	0.2443590044701766	0.9951604113195696	atman	0.103	
PT2-PT1	CETN2	0.29185	0.1191976572256339	0.9951604113195696	atman	0.103	
PT2-PT1	ITM2A	0.2914125	0.2775500642698945	0.9951604113195696	atman	0.103	
PT2-PT1	CTLA4	-0.29081	0.1525828259366244	0.9951604113195696	atman	0.103	
PT2-PT1	CAMKK1	-0.28918	0.1919663117128449	0.9951604113195696	atman	0.103	
PT2-PT1	IKBKG	0.2884874999999999	0.4317217486715301	0.9951604113195696	atman	0.103	
PT2-PT1	COL24A1	-0.2862099999999999	0.3249655121926671	0.9951604113195696	atman	0.103	
PT2-PT1	ATXN2	0.2857666666666666	0.199324054865539	0.9951604113195696	atman	0.103	
PT2-PT1	APEX1	0.28474	0.1823755677257419	0.9951604113195696	atman	0.103	
PT2-PT1	ESPL1	0.2846	0.3292783526129761	0.9951604113195696	atman	0.103	
PT2-PT1	MAX	0.28349	0.2201178048192265	0.9951604113195696	atman	0.103	
PT2-PT1	DNAJC6	0.28331	0.3583548917020134	0.9951604113195696	atman	0.103	
PT2-PT1	SLIRP	0.2832800000000001	0.3046214609245494	0.9951604113195696	atman	0.103	
PT2-PT1	NAA80	0.28247	0.3962156514348147	0.9951604113195696	atman	0.103	
PT2-PT1	LEP	-0.2819399999999999	0.1480264739579275	0.9951604113195696	atman	0.103	
PT2-PT1	DEFB103A_DEFB103B	0.2809666666666667	0.5113017422351525	0.9951604113195696	atman	0.103	
PT2-PT1	RPL14	0.28009	0.1256757630475962	0.9951604113195696	atman	0.103	
PT2-PT1	CCT5	-0.27857	0.1235004921865214	0.9951604113195696	atman	0.103	
PT2-PT1	IL24	0.2772800000000001	0.1232054270179348	0.9951604113195696	atman	0.103	
PT2-PT1	RBP2	0.2772111111111111	0.4308451043293337	0.9951604113195696	atman	0.103	
PT2-PT1	NPPB	-0.2765333333333333	0.7473109732691721	0.9951604113195696	atman	0.103	
PT2-PT1	DDX4	0.2761222222222222	0.1254876926350561	0.9951604113195696	atman	0.103	
PT2-PT1	ICA1	0.27276	0.2378297274496383	0.9951604113195696	atman	0.103	
PT2-PT1	FGF21	-0.27246	0.4299609428290085	0.9951604113195696	atman	0.103	
PT2-PT1	SARG	0.27242	0.4230306833898289	0.9951604113195696	atman	0.103	
PT2-PT1	CPLX2	0.2713599999999999	0.3000914868323143	0.9951604113195696	atman	0.103	
PT2-PT1	MYBPC1	-0.2702799999999999	0.6830486681836399	0.9951604113195696	atman	0.103	
PT2-PT1	TMED8	0.2699699999999999	0.3680618046423043	0.9951604113195696	atman	0.103	
PT2-PT1	TMEM132A	-0.26972	0.2918253514430837	0.9951604113195696	atman	0.103	
PT2-PT1	AHSA1	-0.2696600000000001	0.1946491973390562	0.9951604113195696	atman	0.103	
PT2-PT1	EIF2AK3	0.2694666666666667	0.2708109225251696	0.9951604113195696	atman	0.103	
PT2-PT1	SPINK8	0.2693333333333333	0.1230419053479237	0.9951604113195696	atman	0.103	
PT2-PT1	FZD8	-0.2693222222222222	0.2820366570238533	0.9951604113195696	atman	0.103	
PT2-PT1	FH	0.268688888888889	0.3803045510145502	0.9951604113195696	atman	0.103	
PT2-PT1	CRHR1	-0.2682111111111112	0.5773949891264574	0.9951604113195696	atman	0.103	
PT2-PT1	GAD1	-0.2680499999999999	0.1476916987179417	0.9951604113195696	atman	0.103	
PT2-PT1	SLA2	-0.2678899999999999	0.3598580063390315	0.9951604113195696	atman	0.103	
PT2-PT1	PBK	0.2675200000000001	0.2699429578265659	0.9951604113195696	atman	0.103	
PT2-PT1	TET2	-0.2672333333333333	0.2326018224620127	0.9951604113195696	atman	0.103	
PT2-PT1	CDK1	0.26663	0.6068337546040703	0.9951604113195696	atman	0.103	
PT2-PT1	MAPK13	-0.26537	0.4561196387540147	0.9951604113195696	atman	0.103	
PT2-PT1	BPIFA2	-0.2652	0.347421686848365	0.9951604113195696	atman	0.103	
PT2-PT1	MICB_MICA	0.2649125000000001	0.3131678488403242	0.9951604113195696	atman	0.103	
PT2-PT1	TIE1	-0.26486	0.1769924144714076	0.9951604113195696	atman	0.103	
PT2-PT1	BIRC2	0.26437	0.2932816501430995	0.9951604113195696	atman	0.103	
PT2-PT1	PFDN6	0.26366	0.3760333707375558	0.9951604113195696	atman	0.103	
PT2-PT1	GTPBP2	0.26365	0.4104625313100936	0.9951604113195696	atman	0.103	
PT2-PT1	BID	-0.26355	0.5269670395219843	0.9951604113195696	atman	0.103	
PT2-PT1	OPHN1	0.26331	0.4116553885501797	0.9951604113195696	atman	0.103	
PT2-PT1	RIPK4	-0.2624333333333333	0.4635952975451438	0.9951604113195696	atman	0.103	
PT2-PT1	ARHGEF1	0.2623099999999999	0.2879927574430219	0.9951604113195696	atman	0.103	
PT2-PT1	MB	-0.2617699999999999	0.6212129159998196	0.9951604113195696	atman	0.103	
PT2-PT1	DTNB	-0.26158	0.4628571811810147	0.9951604113195696	atman	0.103	
PT2-PT1	CPE	-0.2614199999999999	0.1704648888746518	0.9951604113195696	atman	0.103	
PT2-PT1	KLHL41	-0.2613500000000001	0.7145040077743774	0.9951604113195696	atman	0.103	
PT2-PT1	LRP2BP	-0.2613400000000001	0.403187827395572	0.9951604113195696	atman	0.103	
PT2-PT1	SPRR1B	-0.2597222222222222	0.2412072388391908	0.9951604113195696	atman	0.103	
PT2-PT1	KIR3DL1	0.25905	0.1662923374321696	0.9951604113195696	atman	0.103	
PT2-PT1	YARS1	0.2588500000000001	0.552781697262374	0.9951604113195696	atman	0.103	
PT2-PT1	EPB41L5	0.2577399999999999	0.3587162584282735	0.9951604113195696	atman	0.103	
PT2-PT1	NCF2	0.2575125	0.3390556232412509	0.9951604113195696	atman	0.103	
PT2-PT1	TBL1X	0.25741	0.319895708801722	0.9951604113195696	atman	0.103	
PT2-PT1	TNF	-0.25686	0.1297274472606833	0.9951604113195696	atman	0.103	
PT2-PT1	MYO9B	0.25666	0.3193686318757973	0.9951604113195696	atman	0.103	
PT2-PT1	ENSA	-0.2566299999999999	0.2924528478671491	0.9951604113195696	atman	0.103	
PT2-PT1	AMFR	-0.25534	0.1728962409230283	0.9951604113195696	atman	0.103	
PT2-PT1	THSD1	-0.2537888888888889	0.3475168060830671	0.9951604113195696	atman	0.103	
PT2-PT1	ATP6V1G1	0.25321	0.3620569076018025	0.9951604113195696	atman	0.103	
PT2-PT1	MYH9	0.2526899999999998	0.5643527894433038	0.9951604113195696	atman	0.103	
PT2-PT1	LYPD8	0.25254	0.1622940283817917	0.9951604113195696	atman	0.103	
PT2-PT1	COPB2	0.2523888888888888	0.3081322220371494	0.9951604113195696	atman	0.103	
PT2-PT1	DCTN1	0.2520999999999999	0.2134681794485322	0.9951604113195696	atman	0.103	
PT2-PT1	MN1	0.25151	0.5638295127240465	0.9951604113195696	atman	0.103	
PT2-PT1	GRIN2B	-0.2513222222222222	0.1349699306205809	0.9951604113195696	atman	0.103	
PT2-PT1	PSIP1	0.251225	0.3089397590195455	0.9951604113195696	atman	0.103	
PT2-PT1	NUB1	0.2504	0.4407535876482096	0.9951604113195696	atman	0.103	
PT2-PT1	ACSL1	-0.2500777777777777	0.2888517143350937	0.9951604113195696	atman	0.103	
PT2-PT1	COL9A2	0.2500555555555555	0.5657354298023163	0.9951604113195696	atman	0.103	
PT2-PT1	IL2	0.2492499999999999	0.1410242321704786	0.9951604113195696	atman	0.103	
PT2-PT1	HTR1B	0.2473444444444444	0.2403442758015312	0.9951604113195696	atman	0.103	
PT2-PT1	EXOSC10	0.2469444444444444	0.310039245527661	0.9951604113195696	atman	0.103	
PT2-PT1	ATP1B3	0.2467	0.1484967291967165	0.9951604113195696	atman	0.103	
PT2-PT1	HMGCL	0.24582	0.2947395953980927	0.9951604113195696	atman	0.103	
PT2-PT1	DLG4	0.2457299999999999	0.2889610586152713	0.9951604113195696	atman	0.103	
PT2-PT1	PRDX6	-0.24427	0.2745277384743441	0.9951604113195696	atman	0.103	
PT2-PT1	PRUNE2	-0.2431222222222222	0.3363470977921663	0.9951604113195696	atman	0.103	
PT2-PT1	IGFBP1	0.24308	0.4197621449889965	0.9951604113195696	atman	0.103	
PT2-PT1	CIRBP	0.24292	0.4731115457643158	0.9951604113195696	atman	0.103	
PT2-PT1	IFIT1	0.2420777777777777	0.2473074018149614	0.9951604113195696	atman	0.103	
PT2-PT1	WNT9A	0.24197	0.235397401005009	0.9951604113195696	atman	0.103	
PT2-PT1	RNF41	0.2417099999999999	0.2367870697511271	0.9951604113195696	atman	0.103	
PT2-PT1	KLK12	0.24125	0.307900024216527	0.9951604113195696	atman	0.103	
PT2-PT1	LRRC59	0.24015	0.2882735061001291	0.9951604113195696	atman	0.103	
PT2-PT1	GOLGA3	0.23998	0.3206976078544277	0.9951604113195696	atman	0.103	
PT2-PT1	CALCOCO2	0.2392099999999999	0.1991379450720771	0.9951604113195696	atman	0.103	
PT2-PT1	GABARAP	0.2390199999999999	0.3754514349294067	0.9951604113195696	atman	0.103	
PT2-PT1	ELOA	0.2388555555555555	0.1801615334461366	0.9951604113195696	atman	0.103	
PT2-PT1	CFC1	0.23878	0.3701063570164042	0.9951604113195696	atman	0.103	
PT2-PT1	NDST1	-0.2381599999999999	0.2119144985784156	0.9951604113195696	atman	0.103	
PT2-PT1	TMEM25	-0.2377299999999999	0.1831570886507174	0.9951604113195696	atman	0.103	
PT2-PT1	GLI2	0.2376222222222222	0.1790874567051237	0.9951604113195696	atman	0.103	
PT2-PT1	TXNDC9	0.23759	0.126271379446063	0.9951604113195696	atman	0.103	
PT2-PT1	CDKN1A	0.2375777777777778	0.4013940544764554	0.9951604113195696	atman	0.103	
PT2-PT1	S100A16	0.23745	0.2079137815736755	0.9951604113195696	atman	0.103	
PT2-PT1	RPE	0.2374	0.2913091130227652	0.9951604113195696	atman	0.103	
PT2-PT1	CDHR1	-0.2373	0.1209530225677941	0.9951604113195696	atman	0.103	
PT2-PT1	MTHFSD	-0.2372555555555557	0.4917004948458943	0.9951604113195696	atman	0.103	
PT2-PT1	ALPI	-0.2362555555555555	0.5619630848047485	0.9951604113195696	atman	0.103	
PT2-PT1	ACADM	0.2361666666666667	0.2581863225663039	0.9951604113195696	atman	0.103	
PT2-PT1	HSPA2	-0.2360299999999999	0.4957419090662094	0.9951604113195696	atman	0.103	
PT2-PT1	SEMA6C	0.2359111111111111	0.217810152712172	0.9951604113195696	atman	0.103	
PT2-PT1	PBLD	0.23579	0.2980723654926673	0.9951604113195696	atman	0.103	
PT2-PT1	CABP2	0.2354099999999999	0.4176780625306258	0.9951604113195696	atman	0.103	
PT2-PT1	CD164L2	0.23538	0.2020406204514324	0.9951604113195696	atman	0.103	
PT2-PT1	UFD1	0.2345	0.5014033824799595	0.9951604113195696	atman	0.103	
PT2-PT1	GIMAP8	0.23338	0.2080240423518287	0.9951604113195696	atman	0.103	
PT2-PT1	DHODH	0.2330555555555556	0.685081172954153	0.9951604113195696	atman	0.103	
PT2-PT1	EHD3	0.2329599999999999	0.4299342697597368	0.9951604113195696	atman	0.103	
PT2-PT1	RBPMS	0.2321555555555556	0.3836818769849972	0.9951604113195696	atman	0.103	
PT2-PT1	BCL2L11	-0.231975	0.3432587045832078	0.9951604113195696	atman	0.103	
PT2-PT1	BAP18	0.23197	0.1279620525975033	0.9951604113195696	atman	0.103	
PT2-PT1	PAEP	0.2319299999999999	0.5958155225867723	0.9951604113195696	atman	0.103	
PT2-PT1	TCL1B	0.2314	0.4086598391464213	0.9951604113195696	atman	0.103	
PT2-PT1	TDO2	-0.2311	0.2558093063628741	0.9951604113195696	atman	0.103	
PT2-PT1	MECR	0.2309	0.4147605516849517	0.9951604113195696	atman	0.103	
PT2-PT1	CEP43	0.2301555555555555	0.1259572014455194	0.9951604113195696	atman	0.103	
PT2-PT1	TPPP2	0.2296777777777777	0.4405934084005189	0.9951604113195696	atman	0.103	
PT2-PT1	TLR4	-0.2291666666666666	0.5453625649030074	0.9951604113195696	atman	0.103	
PT2-PT1	NUDT16	0.22879	0.2445652145502828	0.9951604113195696	atman	0.103	
PT2-PT1	CACNB3	0.2286599999999999	0.4088768843815396	0.9951604113195696	atman	0.103	
PT2-PT1	FKBP4	0.22778	0.1079444572867083	0.9951604113195696	atman	0.103	
PT2-PT1	CPA2	0.2276599999999999	0.1588970467395096	0.9951604113195696	atman	0.103	
PT2-PT1	DNAJA4	0.22735	0.2922221497349	0.9951604113195696	atman	0.103	
PT2-PT1	IL17F	0.22729	0.2782803217149197	0.9951604113195696	atman	0.103	
PT2-PT1	PGM2	0.2270699999999999	0.1518282767416499	0.9951604113195696	atman	0.103	
PT2-PT1	HS1BP3	0.22685	0.2100533539698164	0.9951604113195696	atman	0.103	
PT2-PT1	PPP2R5A	0.22668	0.3905468665953431	0.9951604113195696	atman	0.103	
PT2-PT1	LDLRAP1	0.2263799999999999	0.4288947188601311	0.9951604113195696	atman	0.103	
PT2-PT1	RCC1	-0.2257499999999999	0.1369766556056473	0.9951604113195696	atman	0.103	
PT2-PT1	TOM1L2	-0.22564	0.4876800000545263	0.9951604113195696	atman	0.103	
PT2-PT1	CDH4	-0.2255555555555556	0.3414691077461209	0.9951604113195696	atman	0.103	
PT2-PT1	KRT18	0.2253444444444444	0.3958142066609786	0.9951604113195696	atman	0.103	
PT2-PT1	ABRAXAS2	0.2250999999999999	0.238305875330425	0.9951604113195696	atman	0.103	
PT2-PT1	SESTD1	0.22495	0.3430635158424442	0.9951604113195696	atman	0.103	
PT2-PT1	ALMS1	-0.2247777777777778	0.4261993411570364	0.9951604113195696	atman	0.103	
PT2-PT1	MAEA	-0.22443	0.1967008596939674	0.9951604113195696	atman	0.103	
PT2-PT1	TAX1BP1	0.2234499999999999	0.2731337993346947	0.9951604113195696	atman	0.103	
PT2-PT1	CES2	-0.2231444444444444	0.2508840384028596	0.9951604113195696	atman	0.103	
PT2-PT1	INPP5D	0.22313	0.2486313815507486	0.9951604113195696	atman	0.103	
PT2-PT1	MORF4L1	-0.2228	0.1938548802601567	0.9951604113195696	atman	0.103	
PT2-PT1	ARHGEF10	0.22279	0.3134512382857179	0.9951604113195696	atman	0.103	
PT2-PT1	MYOM3	0.2227333333333334	0.4596600347609312	0.9951604113195696	atman	0.103	
PT2-PT1	CD70	-0.2226125	0.3631196752243537	0.9951604113195696	atman	0.103	
PT2-PT1	INPPL1	0.2221111111111111	0.5632641452759206	0.9951604113195696	atman	0.103	
PT2-PT1	IGF2BP3	-0.2219888888888889	0.3661784601315074	0.9951604113195696	atman	0.103	
PT2-PT1	TAP1	-0.2219888888888889	0.2847770108422565	0.9951604113195696	atman	0.103	
PT2-PT1	BANK1	0.2218750000000001	0.5084779190666542	0.9951604113195696	atman	0.103	
PT2-PT1	ATP6V1F	0.22161	0.1899927257474005	0.9951604113195696	atman	0.103	
PT2-PT1	REPS1	-0.2216	0.3447498083875375	0.9951604113195696	atman	0.103	
PT2-PT1	HSBP1	0.22149	0.2041109996612458	0.9951604113195696	atman	0.103	
PT2-PT1	GNGT1	0.22093	0.387464079275825	0.9951604113195696	atman	0.103	
PT2-PT1	CBS	0.22076	0.3320050406534554	0.9951604113195696	atman	0.103	
PT2-PT1	CPTP	0.2205111111111111	0.302874149380939	0.9951604113195696	atman	0.103	
PT2-PT1	HJV	-0.2204799999999999	0.1808048127918549	0.9951604113195696	atman	0.103	
PT2-PT1	RNF43	-0.2202444444444444	0.2600981800971413	0.9951604113195696	atman	0.103	
PT2-PT1	CXCL12	-0.22015	0.1952091840178307	0.9951604113195696	atman	0.103	
PT2-PT1	MAVS	0.21986	0.467405112890964	0.9951604113195696	atman	0.103	
PT2-PT1	NEXN	0.2193	0.2959303385665905	0.9951604113195696	atman	0.103	
PT2-PT1	PCBP2	-0.21886	0.3300961627721994	0.9951604113195696	atman	0.103	
PT2-PT1	PPM1B	0.2185444444444444	0.2758804052977277	0.9951604113195696	atman	0.103	
PT2-PT1	MVK	0.2178999999999999	0.4113816312314817	0.9951604113195696	atman	0.103	
PT2-PT1	BTC	0.2178699999999999	0.3839042234592722	0.9951604113195696	atman	0.103	
PT2-PT1	SV2A	0.21783	0.5197643949963919	0.9951604113195696	atman	0.103	
PT2-PT1	TXNL1	-0.2173666666666666	0.1765630011239469	0.9951604113195696	atman	0.103	
PT2-PT1	GLIPR1	0.21718	0.1626508890986873	0.9951604113195696	atman	0.103	
PT2-PT1	ARHGEF12	0.2167374999999999	0.5060406247069102	0.9951604113195696	atman	0.103	
PT2-PT1	SAT1	0.2155555555555555	0.3518731394213827	0.9951604113195696	atman	0.103	
PT2-PT1	RRM2B	0.2150399999999999	0.4300163759427184	0.9951604113195696	atman	0.103	
PT2-PT1	RAB3GAP1	0.2145777777777778	0.198420318474346	0.9951604113195696	atman	0.103	
PT2-PT1	MYH4	-0.2144888888888889	0.4571872666504863	0.9951604113195696	atman	0.103	
PT2-PT1	STK24	0.2141199999999999	0.3486202676157042	0.9951604113195696	atman	0.103	
PT2-PT1	PI3	-0.2135699999999999	0.2402155264823284	0.9951604113195696	atman	0.103	
PT2-PT1	KYAT1	-0.21352	0.1765197298246805	0.9951604113195696	atman	0.103	
PT2-PT1	PGD	0.21338	0.2075593021964714	0.9951604113195696	atman	0.103	
PT2-PT1	FAM3D	0.21276	0.1477216984552689	0.9951604113195696	atman	0.103	
PT2-PT1	HEXIM1	0.2126249999999999	0.4451898734611976	0.9951604113195696	atman	0.103	
PT2-PT1	CASP7	0.21257	0.2842848178713797	0.9951604113195696	atman	0.103	
PT2-PT1	MYDGF	0.21256	0.3377685066774003	0.9951604113195696	atman	0.103	
PT2-PT1	BLNK	0.2121888888888889	0.5840176743176477	0.9951604113195696	atman	0.103	
PT2-PT1	SPRY2	-0.2121499999999999	0.4352999726479027	0.9951604113195696	atman	0.103	
PT2-PT1	PKD2	0.2119444444444444	0.4070324682846165	0.9951604113195696	atman	0.103	
PT2-PT1	MANEAL	0.2112999999999999	0.4931898826855327	0.9951604113195696	atman	0.103	
PT2-PT1	SCRIB	0.2111199999999999	0.1966915323463931	0.9951604113195696	atman	0.103	
PT2-PT1	METAP1D	-0.2110125	0.4210050997643435	0.9951604113195696	atman	0.103	
PT2-PT1	IVD	0.2101799999999999	0.3726672139282092	0.9951604113195696	atman	0.103	
PT2-PT1	UBXN1	0.2100444444444445	0.3113272246629313	0.9951604113195696	atman	0.103	
PT2-PT1	NUDT15	0.2095333333333333	0.3656845457075386	0.9951604113195696	atman	0.103	
PT2-PT1	HAGH	-0.2092899999999999	0.1755779299488351	0.9951604113195696	atman	0.103	
PT2-PT1	ZNRD2	0.2090300000000001	0.2781053392446257	0.9951604113195696	atman	0.103	
PT2-PT1	TNFAIP8	0.2087899999999999	0.145645084107479	0.9951604113195696	atman	0.103	
PT2-PT1	KIR2DS4	-0.20813	0.1484100322846824	0.9951604113195696	atman	0.103	
PT2-PT1	GOT1	-0.2080000000000001	0.6304351544228584	0.9951604113195696	atman	0.103	
PT2-PT1	RBPMS2	0.2079099999999999	0.4587195168899896	0.9951604113195696	atman	0.103	
PT2-PT1	DNAJC9	0.20771	0.2923127209220473	0.9951604113195696	atman	0.103	
PT2-PT1	HEBP1	-0.2076333333333332	0.3195301610066119	0.9951604113195696	atman	0.103	
PT2-PT1	RTN4IP1	0.20759	0.419890867111651	0.9951604113195696	atman	0.103	
PT2-PT1	ACY1	-0.20727	0.2761456025397648	0.9951604113195696	atman	0.103	
PT2-PT1	CEP350	-0.20711	0.5208460497124348	0.9951604113195696	atman	0.103	
PT2-PT1	NTproBNP	0.20711	0.3725440552788184	0.9951604113195696	atman	0.103	
PT2-PT1	CALCB	0.2069399999999999	0.4430900565204512	0.9951604113195696	atman	0.103	
PT2-PT1	GOPC	0.2067	0.4712158074901429	0.9951604113195696	atman	0.103	
PT2-PT1	OTOA	-0.2066333333333333	0.2456212228108936	0.9951604113195696	atman	0.103	
PT2-PT1	ADAMTS1	-0.2066111111111111	0.3734275676814094	0.9951604113195696	atman	0.103	
PT2-PT1	ZNF75D	0.2065111111111111	0.540894516335114	0.9951604113195696	atman	0.103	
PT2-PT1	FUT1	-0.2064555555555555	0.2901890082409131	0.9951604113195696	atman	0.103	
PT2-PT1	RICTOR	-0.2056111111111111	0.3011580644741329	0.9951604113195696	atman	0.103	
PT2-PT1	GPR15L	0.20537	0.1408342369162425	0.9951604113195696	atman	0.103	
PT2-PT1	EDIL3	0.2053111111111111	0.290049836286812	0.9951604113195696	atman	0.103	
PT2-PT1	CAMSAP1	0.2050799999999999	0.4682906035396919	0.9951604113195696	atman	0.103	
PT2-PT1	KCNC4	-0.2048444444444445	0.5084833290731825	0.9951604113195696	atman	0.103	
PT2-PT1	NDUFB7	0.20437	0.2669090317292719	0.9951604113195696	atman	0.103	
PT2-PT1	CRH	0.20433	0.3380329461949936	0.9951604113195696	atman	0.103	
PT2-PT1	CEP85	0.2042799999999999	0.3663754656340316	0.9951604113195696	atman	0.103	
PT2-PT1	MPRIP	0.20328	0.4141053064073734	0.9951604113195696	atman	0.103	
PT2-PT1	SUMF1	0.2029222222222222	0.2266849950947773	0.9951604113195696	atman	0.103	
PT2-PT1	CYTH3	0.20269	0.450936695748557	0.9951604113195696	atman	0.103	
PT2-PT1	DNAJB1	0.2020222222222222	0.4731145149457871	0.9951604113195696	atman	0.103	
PT2-PT1	CHCHD6	-0.20118	0.1397196026498557	0.9951604113195696	atman	0.103	
PT2-PT1	ENPP7	-0.2009599999999999	0.2108017273963871	0.9951604113195696	atman	0.103	
PT2-PT1	CARHSP1	0.20055	0.3719751701221656	0.9951604113195696	atman	0.103	
PT2-PT1	LRRC38	0.20046	0.3352589471111831	0.9951604113195696	atman	0.103	
PT2-PT1	SLIT2	-0.20006	0.4669159747085514	0.9951604113195696	atman	0.103	
PT2-PT1	JUN	-0.20006	0.2752368819402562	0.9951604113195696	atman	0.103	
PT2-PT1	MICALL2	0.2000599999999999	0.4368986059012902	0.9951604113195696	atman	0.103	
PT2-PT1	GPD1	0.19995	0.5099441853558053	0.9951604113195696	atman	0.103	
PT2-PT1	TDRKH	0.1999199999999999	0.3703388513433516	0.9951604113195696	atman	0.103	
PT2-PT1	CACNA1C	-0.1998999999999999	0.3387087979033358	0.9951604113195696	atman	0.103	
PT2-PT1	EFCAB2	-0.1996222222222222	0.3103248471054538	0.9951604113195696	atman	0.103	
PT2-PT1	GPR37	0.1985333333333332	0.3759963134255784	0.9951604113195696	atman	0.103	
PT2-PT1	BSND	0.1985299999999999	0.1551073750186824	0.9951604113195696	atman	0.103	
PT2-PT1	ABHD14B	-0.1981599999999999	0.3292731385144847	0.9951604113195696	atman	0.103	
PT2-PT1	TFF3	0.19771	0.4080018230791431	0.9951604113195696	atman	0.103	
PT2-PT1	IMMT	-0.19736	0.2351785755603224	0.9951604113195696	atman	0.103	
PT2-PT1	PRKAB1	0.19729	0.2363871097961818	0.9951604113195696	atman	0.103	
PT2-PT1	IL13	0.1972699999999999	0.1822825419393199	0.9951604113195696	atman	0.103	
PT2-PT1	AHCY	0.19678	0.21806071887206	0.9951604113195696	atman	0.103	
PT2-PT1	CHM	-0.19659	0.1257250255291695	0.9951604113195696	atman	0.103	
PT2-PT1	WASL	0.1965888888888889	0.2967059557993259	0.9951604113195696	atman	0.103	
PT2-PT1	DCTN2	0.1965777777777777	0.5690003324885118	0.9951604113195696	atman	0.103	
PT2-PT1	PCARE	-0.1961555555555555	0.325331781834965	0.9951604113195696	atman	0.103	
PT2-PT1	SFTPA1	-0.1961399999999999	0.2664154642866629	0.9951604113195696	atman	0.103	
PT2-PT1	TPSG1	-0.1960666666666667	0.3331046838278717	0.9951604113195696	atman	0.103	
PT2-PT1	TIA1	0.1959444444444444	0.3632920650744047	0.9951604113195696	atman	0.103	
PT2-PT1	SERPINB1	0.19549	0.3908093990479664	0.9951604113195696	atman	0.103	
PT2-PT1	NECTIN1	-0.1951666666666666	0.1680681532342567	0.9951604113195696	atman	0.103	
PT2-PT1	BOLA2_BOLA2B	0.19502	0.49964413130048	0.9951604113195696	atman	0.103	
PT2-PT1	KRT6C	-0.1949222222222222	0.370081401308711	0.9951604113195696	atman	0.103	
PT2-PT1	SIRT5	-0.19456	0.3641406011304899	0.9951604113195696	atman	0.103	
PT2-PT1	CNTNAP4	-0.19423	0.1881860740095813	0.9951604113195696	atman	0.103	
PT2-PT1	AKT1S1	0.19421	0.3810082258370688	0.9951604113195696	atman	0.103	
PT2-PT1	IKZF2	0.1940599999999999	0.3552962477692245	0.9951604113195696	atman	0.103	
PT2-PT1	INSL5	-0.1935199999999999	0.5161458019387344	0.9951604113195696	atman	0.103	
PT2-PT1	CDC42BPB	0.1934699999999999	0.4734748315395902	0.9951604113195696	atman	0.103	
PT2-PT1	CA3	-0.19324	0.6874374105042222	0.9951604113195696	atman	0.103	
PT2-PT1	CEACAM18	-0.1929888888888888	0.3125101567987451	0.9951604113195696	atman	0.103	
PT2-PT1	IL20RA	0.19256	0.1621620467123024	0.9951604113195696	atman	0.103	
PT2-PT1	ESYT2	0.1924200000000001	0.4893225727076209	0.9951604113195696	atman	0.103	
PT2-PT1	PMM2	0.1918333333333332	0.4204934368862016	0.9951604113195696	atman	0.103	
PT2-PT1	MAMDC4	-0.1916199999999999	0.4733803070209617	0.9951604113195696	atman	0.103	
PT2-PT1	GPR101	0.1912333333333333	0.2924128539936137	0.9951604113195696	atman	0.103	
PT2-PT1	MFAP3	0.1911444444444444	0.3521368176535973	0.9951604113195696	atman	0.103	
PT2-PT1	MANF	0.1908100000000001	0.6119734918728548	0.9951604113195696	atman	0.103	
PT2-PT1	MTDH	0.1904111111111111	0.5200584798319312	0.9951604113195696	atman	0.103	
PT2-PT1	CETN3	0.1895899999999999	0.3041433586449558	0.9951604113195696	atman	0.103	
PT2-PT1	PECR	0.18931	0.1067112456927432	0.9951604113195696	atman	0.103	
PT2-PT1	CLSTN1	-0.1891699999999999	0.4546151409511134	0.9951604113195696	atman	0.103	
PT2-PT1	TEX33	-0.1891444444444444	0.496661284207232	0.9951604113195696	atman	0.103	
PT2-PT1	BMP6	0.1887555555555555	0.1966192585727015	0.9951604113195696	atman	0.103	
PT2-PT1	ANK2	0.1885222222222222	0.3747649485077109	0.9951604113195696	atman	0.103	
PT2-PT1	ITPR1	0.18835	0.2102777202999226	0.9951604113195696	atman	0.103	
PT2-PT1	OCLN	0.18816	0.1709030019353452	0.9951604113195696	atman	0.103	
PT2-PT1	DXO	0.1881099999999999	0.2586589260576259	0.9951604113195696	atman	0.103	
PT2-PT1	LGALS7_LGALS7B	-0.1881099999999999	0.1009638652158693	0.9951604113195696	atman	0.103	
PT2-PT1	CXCL10	-0.18721	0.1469625557898763	0.9951604113195696	atman	0.103	
PT2-PT1	BACH1	0.1870624999999999	0.4649357831374443	0.9951604113195696	atman	0.103	
PT2-PT1	MYCBP2	0.1861399999999999	0.4193243997765874	0.9951604113195696	atman	0.103	
PT2-PT1	AIFM1	0.1858555555555555	0.5819261267322298	0.9951604113195696	atman	0.103	
PT2-PT1	TYMP	0.1858	0.4901877699568331	0.9951604113195696	atman	0.103	
PT2-PT1	TNFAIP2	0.1856699999999999	0.2032498754089975	0.9951604113195696	atman	0.103	
PT2-PT1	COMMD9	0.1856099999999999	0.2621415159559284	0.9951604113195696	atman	0.103	
PT2-PT1	PLEKHO1	0.18546	0.3481474239658535	0.9951604113195696	atman	0.103	
PT2-PT1	ECHDC3	-0.1854299999999999	0.3734603440862043	0.9951604113195696	atman	0.103	
PT2-PT1	NEDD9	-0.1851999999999999	0.56305150283537	0.9951604113195696	atman	0.103	
PT2-PT1	SART1	0.1848777777777777	0.2091190015563986	0.9951604113195696	atman	0.103	
PT2-PT1	KIF1C	0.1842666666666666	0.3742865461403757	0.9951604113195696	atman	0.103	
PT2-PT1	ALPP	-0.1842333333333332	0.2337822470217085	0.9951604113195696	atman	0.103	
PT2-PT1	GAST	0.1841	0.1370353135239344	0.9951604113195696	atman	0.103	
PT2-PT1	THAP12	0.1840399999999999	0.6020320419354421	0.9951604113195696	atman	0.103	
PT2-PT1	NUDT2	0.1839	0.3222642922378569	0.9951604113195696	atman	0.103	
PT2-PT1	CTSV	0.18376	0.1159382354166016	0.9951604113195696	atman	0.103	
PT2-PT1	RRAS	0.18361	0.572034487675741	0.9951604113195696	atman	0.103	
PT2-PT1	GADD45GIP1	0.18291	0.420761171440426	0.9951604113195696	atman	0.103	
PT2-PT1	MRPL52	0.18237	0.2547129455776979	0.9951604113195696	atman	0.103	
PT2-PT1	SRPK2	0.1818374999999999	0.3781546182683934	0.9951604113195696	atman	0.103	
PT2-PT1	LAMA1	-0.1817777777777777	0.3004107153634989	0.9951604113195696	atman	0.103	
PT2-PT1	SMPD3	0.1815333333333333	0.1800639664998187	0.9951604113195696	atman	0.103	
PT2-PT1	CMIP	0.1811800000000001	0.5446587750721719	0.9951604113195696	atman	0.103	
PT2-PT1	SH3GL3	-0.1806222222222222	0.5444863148938366	0.9951604113195696	atman	0.103	
PT2-PT1	PCYT2	0.1801299999999999	0.4569673240813949	0.9951604113195696	atman	0.103	
PT2-PT1	DAB2	0.18007	0.5378262411384152	0.9951604113195696	atman	0.103	
PT2-PT1	ATG16L1	0.1797699999999999	0.4393629931249609	0.9951604113195696	atman	0.103	
PT2-PT1	HNRNPK	0.1797555555555555	0.2086412501825847	0.9951604113195696	atman	0.103	
PT2-PT1	NDUFA5	-0.1796222222222222	0.3478550878714483	0.9951604113195696	atman	0.103	
PT2-PT1	INSL4	-0.1795	0.1777231293347747	0.9951604113195696	atman	0.103	
PT2-PT1	HDGFL2	0.17944	0.1793831864528925	0.9951604113195696	atman	0.103	
PT2-PT1	FHIT	0.1792899999999999	0.6260951949143758	0.9951604113195696	atman	0.103	
PT2-PT1	COL4A4	-0.1789666666666666	0.8709978382998367	0.9951604113195696	atman	0.103	
PT2-PT1	ARAF	-0.1785888888888889	0.5837195857841684	0.9951604113195696	atman	0.103	
PT2-PT1	MLLT1	-0.17855	0.2753753556435057	0.9951604113195696	atman	0.103	
PT2-PT1	ARTN	0.17827	0.3312164722723834	0.9951604113195696	atman	0.103	
PT2-PT1	DNAJB14	0.17823	0.38497416665104	0.9951604113195696	atman	0.103	
PT2-PT1	AKR1B10	0.1779	0.3622790733590051	0.9951604113195696	atman	0.103	
PT2-PT1	TMED4	0.1775555555555556	0.676750787030876	0.9951604113195696	atman	0.103	
PT2-PT1	STX6	0.177	0.4592963311410716	0.9951604113195696	atman	0.103	
PT2-PT1	SCN3A	-0.17695	0.5443402108576636	0.9951604113195696	atman	0.103	
PT2-PT1	TXLNA	0.17681	0.4421104091219159	0.9951604113195696	atman	0.103	
PT2-PT1	ADD1	0.1767111111111111	0.5015236769066669	0.9951604113195696	atman	0.103	
PT2-PT1	BRME1	-0.1765222222222222	0.4476293351081559	0.9951604113195696	atman	0.103	
PT2-PT1	RWDD1	0.17595	0.3645551075460536	0.9951604113195696	atman	0.103	
PT2-PT1	PTPN9	0.1758333333333333	0.213138786443807	0.9951604113195696	atman	0.103	
PT2-PT1	SCRIB	0.17571	0.2546873446932651	0.9951604113195696	atman	0.103	
PT2-PT1	FLT3	0.17559	0.2995354776324928	0.9951604113195696	atman	0.103	
PT2-PT1	USP8	0.1752555555555555	0.4165832828653428	0.9951604113195696	atman	0.103	
PT2-PT1	VPS53	0.175111111111111	0.4664092294007682	0.9951604113195696	atman	0.103	
PT2-PT1	HS3ST3B1	0.1747222222222222	0.1996758295885823	0.9951604113195696	atman	0.103	
PT2-PT1	PITHD1	-0.17448	0.5266381527646846	0.9951604113195696	atman	0.103	
PT2-PT1	ENOX2	0.1743888888888889	0.160812679539263	0.9951604113195696	atman	0.103	
PT2-PT1	ARG2	-0.1741299999999999	0.4012126208021271	0.9951604113195696	atman	0.103	
PT2-PT1	PAGR1	0.17412	0.3242352512568043	0.9951604113195696	atman	0.103	
PT2-PT1	LEFTY2	0.174	0.3475440624150185	0.9951604113195696	atman	0.103	
PT2-PT1	ATF2	0.1738699999999999	0.2417877148938114	0.9951604113195696	atman	0.103	
PT2-PT1	STIP1	0.17375	0.2661338322352999	0.9951604113195696	atman	0.103	
PT2-PT1	AFAP1	0.1737333333333333	0.4868708045294421	0.9951604113195696	atman	0.103	
PT2-PT1	SOWAHA	-0.1736999999999999	0.3467845130434381	0.9951604113195696	atman	0.103	
PT2-PT1	HIP1	0.1735222222222222	0.4088209661511364	0.9951604113195696	atman	0.103	
PT2-PT1	ARF6	0.17342	0.5370422918188471	0.9951604113195696	atman	0.103	
PT2-PT1	S100P	0.1730333333333332	0.5801300346871947	0.9951604113195696	atman	0.103	
PT2-PT1	CHAC2	0.17296	0.5368905933972463	0.9951604113195696	atman	0.103	
PT2-PT1	FEN1	-0.1728099999999999	0.1994772229762378	0.9951604113195696	atman	0.103	
PT2-PT1	ZPR1	0.1727444444444444	0.557247164211879	0.9951604113195696	atman	0.103	
PT2-PT1	NFATC3	0.17261	0.2348368764970207	0.9951604113195696	atman	0.103	
PT2-PT1	PRKCQ	0.17251	0.1294305701530338	0.9951604113195696	atman	0.103	
PT2-PT1	PTS	0.17231	0.3191125385245019	0.9951604113195696	atman	0.103	
PT2-PT1	BGN	-0.17208	0.4607712948818019	0.9951604113195696	atman	0.103	
PT2-PT1	SMAD1	0.17198	0.5425889358789893	0.9951604113195696	atman	0.103	
PT2-PT1	ZBP1	-0.1719777777777777	0.350904612065267	0.9951604113195696	atman	0.103	
PT2-PT1	FMR1	-0.1719599999999999	0.4426176271033946	0.9951604113195696	atman	0.103	
PT2-PT1	HRAS	0.1719222222222222	0.2021020529503889	0.9951604113195696	atman	0.103	
PT2-PT1	ARFIP1	0.17185	0.2963061050218238	0.9951604113195696	atman	0.103	
PT2-PT1	C3	-0.17169	0.2401949564748702	0.9951604113195696	atman	0.103	
PT2-PT1	ISM1	0.1716749999999999	0.2648429015164306	0.9951604113195696	atman	0.103	
PT2-PT1	PPIE	-0.1714555555555555	0.3152517297086277	0.9951604113195696	atman	0.103	
PT2-PT1	CEACAM3	0.17143	0.558880407464218	0.9951604113195696	atman	0.103	
PT2-PT1	TRAF2	0.1714124999999999	0.5606383200430347	0.9951604113195696	atman	0.103	
PT2-PT1	SIRT2	0.1713333333333333	0.5810309257183086	0.9951604113195696	atman	0.103	
PT2-PT1	SPTBN2	-0.171311111111111	0.437469060339879	0.9951604113195696	atman	0.103	
PT2-PT1	SH3BGRL2	0.1710444444444444	0.6516694937249716	0.9951604113195696	atman	0.103	
PT2-PT1	IL17D	0.17069	0.2115216043641439	0.9951604113195696	atman	0.103	
PT2-PT1	GATA3	0.1706299999999999	0.3614794282924025	0.9951604113195696	atman	0.103	
PT2-PT1	PF4	0.17062	0.5121402963040893	0.9951604113195696	atman	0.103	
PT2-PT1	KIRREL2	0.17058	0.144321134024091	0.9951604113195696	atman	0.103	
PT2-PT1	MSMB	-0.17044	0.3195608189136187	0.9951604113195696	atman	0.103	
PT2-PT1	CLINT1	-0.17034	0.3227769287551809	0.9951604113195696	atman	0.103	
PT2-PT1	AZI2	0.17028	0.5547120988800711	0.9951604113195696	atman	0.103	
PT2-PT1	MAP4K5	0.17028	0.4763104739614987	0.9951604113195696	atman	0.103	
PT2-PT1	RRM2	-0.1702699999999999	0.3877827308820611	0.9951604113195696	atman	0.103	
PT2-PT1	AIF1	-0.1702499999999999	0.3955104336487007	0.9951604113195696	atman	0.103	
PT2-PT1	AGR2	-0.17016	0.7539283197439524	0.9951604113195696	atman	0.103	
PT2-PT1	OXCT1	0.1698499999999999	0.4856226134686368	0.9951604113195696	atman	0.103	
PT2-PT1	TOR1AIP1	0.1697699999999999	0.4224128786838688	0.9951604113195696	atman	0.103	
PT2-PT1	KLRC1	0.1696777777777777	0.492936345248586	0.9951604113195696	atman	0.103	
PT2-PT1	HAO1	0.16949	0.4442151280035511	0.9951604113195696	atman	0.103	
PT2-PT1	PCDHB15	-0.16907	0.245155776125427	0.9951604113195696	atman	0.103	
PT2-PT1	TRDMT1	0.1690333333333333	0.1742342352822103	0.9951604113195696	atman	0.103	
PT2-PT1	AIF1L	0.16898	0.1988343134092887	0.9951604113195696	atman	0.103	
PT2-PT1	FAM172A	0.1688799999999999	0.302903034656687	0.9951604113195696	atman	0.103	
PT2-PT1	VTA1	0.16876	0.5538902723235517	0.9951604113195696	atman	0.103	
PT2-PT1	CENPJ	0.1687444444444444	0.4062371071068407	0.9951604113195696	atman	0.103	
PT2-PT1	VWC2L	-0.16866	0.285099407803461	0.9951604113195696	atman	0.103	
PT2-PT1	ZFYVE19	0.1686399999999999	0.4453888612157606	0.9951604113195696	atman	0.103	
PT2-PT1	EP300	-0.1684222222222222	0.569411178528918	0.9951604113195696	atman	0.103	
PT2-PT1	VPS28	-0.1683333333333333	0.4613869573193501	0.9951604113195696	atman	0.103	
PT2-PT1	VEGFB	-0.1681888888888889	0.4736831693170118	0.9951604113195696	atman	0.103	
PT2-PT1	NEFL	0.16686	0.59693306365478	0.9951604113195696	atman	0.103	
PT2-PT1	C1QTNF9	-0.1666111111111111	0.121558177486331	0.9951604113195696	atman	0.103	
PT2-PT1	MGMT	0.1665499999999999	0.65033226758487	0.9951604113195696	atman	0.103	
PT2-PT1	DSCAM	-0.1661699999999999	0.2261163611620862	0.9951604113195696	atman	0.103	
PT2-PT1	LACRT	-0.16612	0.1579017813178171	0.9951604113195696	atman	0.103	
PT2-PT1	DPY30	0.16608	0.222924544930068	0.9951604113195696	atman	0.103	
PT2-PT1	CRACR2A	0.1656099999999999	0.5415830616498551	0.9951604113195696	atman	0.103	
PT2-PT1	PTEN	-0.16546	0.3194962289990317	0.9951604113195696	atman	0.103	
PT2-PT1	KAZN	0.1653999999999999	0.4925802049762122	0.9951604113195696	atman	0.103	
PT2-PT1	CD82	0.1653111111111111	0.5800054464704609	0.9951604113195696	atman	0.103	
PT2-PT1	LRRFIP1	0.16523	0.3686106170656014	0.9951604113195696	atman	0.103	
PT2-PT1	CINP	0.1648222222222221	0.422264351009606	0.9951604113195696	atman	0.103	
PT2-PT1	LONP1	0.1644699999999999	0.4597900265120691	0.9951604113195696	atman	0.103	
PT2-PT1	MPI	0.1643222222222222	0.4204099652107658	0.9951604113195696	atman	0.103	
PT2-PT1	AP3S2	0.1639999999999999	0.1439062790886711	0.9951604113195696	atman	0.103	
PT2-PT1	ATOX1	0.16395	0.3581676146623009	0.9951604113195696	atman	0.103	
PT2-PT1	APOE	0.16376	0.1294092962708657	0.9951604113195696	atman	0.103	
PT2-PT1	F11R	0.1635999999999999	0.3104742260370412	0.9951604113195696	atman	0.103	
PT2-PT1	BTN1A1	-0.16358	0.1936484321197724	0.9951604113195696	atman	0.103	
PT2-PT1	CMC1	0.1635299999999999	0.3758679775510929	0.9951604113195696	atman	0.103	
PT2-PT1	COL9A1	0.1635000000000001	0.1085501598069842	0.9951604113195696	atman	0.103	
PT2-PT1	SAFB2	0.1631699999999999	0.2102782316805549	0.9951604113195696	atman	0.103	
PT2-PT1	MPHOSPH8	0.1629666666666666	0.6335920769068655	0.9951604113195696	atman	0.103	
PT2-PT1	LETM1	-0.16296	0.4340987577050919	0.9951604113195696	atman	0.103	
PT2-PT1	TRAF3	-0.1628333333333333	0.1621162323901646	0.9951604113195696	atman	0.103	
PT2-PT1	NCLN	0.1624499999999999	0.3366475319935378	0.9951604113195696	atman	0.103	
PT2-PT1	KIAA1549L	-0.162	0.7296997044955851	0.9951604113195696	atman	0.103	
PT2-PT1	ACTN4	0.1619899999999999	0.4353351668303054	0.9951604113195696	atman	0.103	
PT2-PT1	KIR2DL2	-0.16179	0.5656722411945085	0.9951604113195696	atman	0.103	
PT2-PT1	SMARCA2	0.1617	0.5295373258832083	0.9951604113195696	atman	0.103	
PT2-PT1	LTO1	0.16153	0.5609218821459703	0.9951604113195696	atman	0.103	
PT2-PT1	PGR	-0.1615222222222222	0.2638010596130917	0.9951604113195696	atman	0.103	
PT2-PT1	LZTFL1	0.1610666666666666	0.4186686452551251	0.9951604113195696	atman	0.103	
PT2-PT1	MESD	0.16104	0.4774215475945955	0.9951604113195696	atman	0.103	
PT2-PT1	INPP1	0.161011111111111	0.5375542129533386	0.9951604113195696	atman	0.103	
PT2-PT1	LRIG3	0.1601555555555555	0.2665120204293603	0.9951604113195696	atman	0.103	
PT2-PT1	SMS	0.1599888888888889	0.2561164290957196	0.9951604113195696	atman	0.103	
PT2-PT1	CDC26	0.1597800000000001	0.2718538724000097	0.9951604113195696	atman	0.103	
PT2-PT1	HMOX2	0.1596099999999999	0.1970028683544391	0.9951604113195696	atman	0.103	
PT2-PT1	M6PR	0.15944	0.1134067757959902	0.9951604113195696	atman	0.103	
PT2-PT1	ITGA6	-0.1592499999999998	0.4621846858051732	0.9951604113195696	atman	0.103	
PT2-PT1	LRP11	-0.1588	0.1216490493388384	0.9951604113195696	atman	0.103	
PT2-PT1	SNX15	0.1582666666666666	0.5301065543798518	0.9951604113195696	atman	0.103	
PT2-PT1	TNIP1	0.15821	0.5329392860115332	0.9951604113195696	atman	0.103	
PT2-PT1	EGFL7	0.15813	0.2030233911288812	0.9951604113195696	atman	0.103	
PT2-PT1	ATG4A	0.15784	0.3862458691170229	0.9951604113195696	atman	0.103	
PT2-PT1	IL19	-0.1577899999999999	0.2255885611806749	0.9951604113195696	atman	0.103	
PT2-PT1	CTSF	-0.15771	0.1792457907914422	0.9951604113195696	atman	0.103	
PT2-PT1	SDHB	0.1576599999999999	0.2711124563289264	0.9951604113195696	atman	0.103	
PT2-PT1	BTNL10	0.15748	0.3330582829591195	0.9951604113195696	atman	0.103	
PT2-PT1	LBR	0.15728	0.3432265602411934	0.9951604113195696	atman	0.103	
PT2-PT1	CCL7	-0.157225	0.2662845660668753	0.9951604113195696	atman	0.103	
PT2-PT1	LTB	0.1571	0.175636601170005	0.9951604113195696	atman	0.103	
PT2-PT1	HMCN2	-0.1570222222222222	0.2216089350805847	0.9951604113195696	atman	0.103	
PT2-PT1	IL20RB	0.1567666666666666	0.234226186058774	0.9951604113195696	atman	0.103	
PT2-PT1	KHK	0.15658	0.5888248785482952	0.9951604113195696	atman	0.103	
PT2-PT1	ANXA11	-0.156575	0.5314196823559043	0.9951604113195696	atman	0.103	
PT2-PT1	DDX1	-0.1562299999999999	0.5472772712129685	0.9951604113195696	atman	0.103	
PT2-PT1	CDH23	-0.1560900000000001	0.1240988235291049	0.9951604113195696	atman	0.103	
PT2-PT1	PM20D1	-0.1557299999999999	0.1535467417685341	0.9951604113195696	atman	0.103	
PT2-PT1	IQGAP2	0.1556777777777777	0.5734148465123032	0.9951604113195696	atman	0.103	
PT2-PT1	NFE2	0.1556099999999999	0.5593263539882147	0.9951604113195696	atman	0.103	
PT2-PT1	PPIB	0.15558	0.5525260418437647	0.9951604113195696	atman	0.103	
PT2-PT1	MAPK9	0.15545	0.1402747386336253	0.9951604113195696	atman	0.103	
PT2-PT1	RALY	-0.15538	0.4271714341230148	0.9951604113195696	atman	0.103	
PT2-PT1	SERPINE2	0.1553	0.5491788694279989	0.9951604113195696	atman	0.103	
PT2-PT1	NECAP2	-0.1552888888888889	0.4495139406845534	0.9951604113195696	atman	0.103	
PT2-PT1	RAP1A	0.1551888888888888	0.6552415285004436	0.9951604113195696	atman	0.103	
PT2-PT1	SUMF2	0.15516	0.3549661119428333	0.9951604113195696	atman	0.103	
PT2-PT1	HARS1	0.15515	0.4160342634040339	0.9951604113195696	atman	0.103	
PT2-PT1	TNFRSF12A	-0.1551	0.6063898080233945	0.9951604113195696	atman	0.103	
PT2-PT1	PAIP2B	-0.15508	0.4592959380005288	0.9951604113195696	atman	0.103	
PT2-PT1	GP5	-0.1550111111111111	0.4397636498513573	0.9951604113195696	atman	0.103	
PT2-PT1	PSRC1	0.15499	0.2447108354083689	0.9951604113195696	atman	0.103	
PT2-PT1	FOLH1	-0.1549444444444444	0.2996275026822217	0.9951604113195696	atman	0.103	
PT2-PT1	STX16	0.1544799999999999	0.4390149400711953	0.9951604113195696	atman	0.103	
PT2-PT1	CRYM	-0.1544666666666666	0.5559851083903169	0.9951604113195696	atman	0.103	
PT2-PT1	ITPA	0.1542777777777778	0.4431753052405445	0.9951604113195696	atman	0.103	
PT2-PT1	CDC25A	-0.15415	0.5499666514598376	0.9951604113195696	atman	0.103	
PT2-PT1	BRD2	0.154	0.1222336954809413	0.9951604113195696	atman	0.103	
PT2-PT1	YES1	0.1532999999999999	0.6133349405171731	0.9951604113195696	atman	0.103	
PT2-PT1	ZBTB16	0.15323	0.4059255290009305	0.9951604113195696	atman	0.103	
PT2-PT1	TCL1A	0.15306	0.5048159159330494	0.9951604113195696	atman	0.103	
PT2-PT1	EIF2S2	0.15293	0.4900252979532669	0.9951604113195696	atman	0.103	
PT2-PT1	DDX39A	0.1525222222222222	0.4470058279490763	0.9951604113195696	atman	0.103	
PT2-PT1	EIF5A	0.1523899999999999	0.4683048533006488	0.9951604113195696	atman	0.103	
PT2-PT1	SMPDL3B	-0.15227	0.2552128587921447	0.9951604113195696	atman	0.103	
PT2-PT1	CYB5R2	0.15219	0.2040691760680932	0.9951604113195696	atman	0.103	
PT2-PT1	ARMCX2	-0.1519555555555556	0.5983552877822915	0.9951604113195696	atman	0.103	
PT2-PT1	APOB	0.15169	0.298315690296931	0.9951604113195696	atman	0.103	
PT2-PT1	UBQLN3	0.1514555555555555	0.3941684274858246	0.9951604113195696	atman	0.103	
PT2-PT1	AP1G2	0.15091	0.4811614862883462	0.9951604113195696	atman	0.103	
PT2-PT1	CEACAM16	0.15067	0.2746643972825227	0.9951604113195696	atman	0.103	
PT2-PT1	PCNA	0.15051	0.2145625235204264	0.9951604113195696	atman	0.103	
PT2-PT1	ECSCR	-0.1501555555555555	0.30918676362452	0.9951604113195696	atman	0.103	
PT2-PT1	XRCC4	0.15013	0.260463776450472	0.9951604113195696	atman	0.103	
PT2-PT1	S100A4	0.15011	0.3636230148286061	0.9951604113195696	atman	0.103	
PT2-PT1	PARP1	0.1496875	0.1591709898787798	0.9951604113195696	atman	0.103	
PT2-PT1	DDAH1	-0.1494444444444444	0.4269955476166258	0.9951604113195696	atman	0.103	
PT2-PT1	OTUD7B	0.1491499999999999	0.4914263320401637	0.9951604113195696	atman	0.103	
PT2-PT1	TAGLN3	0.14894	0.5534521845301015	0.9951604113195696	atman	0.103	
PT2-PT1	ABCA2	0.1488222222222222	0.6464313003996991	0.9951604113195696	atman	0.103	
PT2-PT1	PSMD9	0.1487555555555555	0.3927133581866719	0.9951604113195696	atman	0.103	
PT2-PT1	OSTN	-0.14875	0.4652302135276187	0.9951604113195696	atman	0.103	
PT2-PT1	FURIN	-0.1487	0.3097423581705003	0.9951604113195696	atman	0.103	
PT2-PT1	LGALS8	0.14842	0.4061000716986367	0.9951604113195696	atman	0.103	
PT2-PT1	ERC2	0.1483399999999999	0.6931985239981047	0.9951604113195696	atman	0.103	
PT2-PT1	TACC3	0.1482222222222222	0.6649991439798286	0.9951604113195696	atman	0.103	
PT2-PT1	ARHGAP1	0.14796	0.5284995692158756	0.9951604113195696	atman	0.103	
PT2-PT1	AP2B1	-0.1478799999999999	0.2503420786501995	0.9951604113195696	atman	0.103	
PT2-PT1	TFPI2	-0.14781	0.0994623422556715	0.9951604113195696	atman	0.103	
PT2-PT1	GABARAPL1	0.1477333333333333	0.4140262867654827	0.9951604113195696	atman	0.103	
PT2-PT1	ENTR1	0.14767	0.4862269476620857	0.9951604113195696	atman	0.103	
PT2-PT1	MAGED1	0.1475699999999999	0.5390671693758635	0.9951604113195696	atman	0.103	
PT2-PT1	IL15RA	0.14736	0.432445263989651	0.9951604113195696	atman	0.103	
PT2-PT1	CLUL1	-0.14733	0.1331359788717567	0.9951604113195696	atman	0.103	
PT2-PT1	NEDD4L	-0.1473222222222222	0.1520202839697693	0.9951604113195696	atman	0.103	
PT2-PT1	MYOM1	-0.1472444444444444	0.5217129191871983	0.9951604113195696	atman	0.103	
PT2-PT1	CNTF	0.147211111111111	0.8187672102809236	0.9951604113195696	atman	0.103	
PT2-PT1	SIRT1	-0.1471	0.3704713703269011	0.9951604113195696	atman	0.103	
PT2-PT1	ATP6V1D	0.1470999999999999	0.3078966267997112	0.9951604113195696	atman	0.103	
PT2-PT1	EBAG9	0.1470699999999999	0.6216579128134387	0.9951604113195696	atman	0.103	
PT2-PT1	EIF4E	0.1469555555555556	0.5866334784337262	0.9951604113195696	atman	0.103	
PT2-PT1	ECI2	-0.1469444444444444	0.7205234569556682	0.9951604113195696	atman	0.103	
PT2-PT1	RNF31	0.1468444444444443	0.2937505991928659	0.9951604113195696	atman	0.103	
PT2-PT1	KIRREL1	0.1467777777777777	0.5464920473225348	0.9951604113195696	atman	0.103	
PT2-PT1	DARS1	0.1467399999999999	0.4003230571206182	0.9951604113195696	atman	0.103	
PT2-PT1	CNST	0.14646	0.6061850773618027	0.9951604113195696	atman	0.103	
PT2-PT1	IDO1	-0.1461777777777778	0.5396752385907713	0.9951604113195696	atman	0.103	
PT2-PT1	PRL	0.1461299999999999	0.3242524755385947	0.9951604113195696	atman	0.103	
PT2-PT1	CDA	-0.14598	0.1354931951318836	0.9951604113195696	atman	0.103	
PT2-PT1	EDF1	0.14592	0.5423343407610903	0.9951604113195696	atman	0.103	
PT2-PT1	HDAC9	0.1457666666666666	0.4368754273950905	0.9951604113195696	atman	0.103	
PT2-PT1	TARBP2	-0.1457199999999999	0.7396352256879888	0.9951604113195696	atman	0.103	
PT2-PT1	PLCB1	0.1454666666666667	0.6503225147341265	0.9951604113195696	atman	0.103	
PT2-PT1	PHACTR2	0.14545	0.6602549023556077	0.9951604113195696	atman	0.103	
PT2-PT1	CRYZL1	0.1451999999999999	0.6403955148745375	0.9951604113195696	atman	0.103	
PT2-PT1	SH3GLB2	0.1450699999999999	0.541529669892955	0.9951604113195696	atman	0.103	
PT2-PT1	BPIFB2	0.14496	0.2797305273858588	0.9951604113195696	atman	0.103	
PT2-PT1	CDKL5	0.1444333333333333	0.3946452248114496	0.9951604113195696	atman	0.103	
PT2-PT1	POMC	-0.1441	0.4311427792733704	0.9951604113195696	atman	0.103	
PT2-PT1	S100A11	-0.14382	0.1396538002737615	0.9951604113195696	atman	0.103	
PT2-PT1	SNRPB2	0.14379	0.4036228419073482	0.9951604113195696	atman	0.103	
PT2-PT1	PLA2G2A	0.14375	0.2640190827850348	0.9951604113195696	atman	0.103	
PT2-PT1	NMI	0.14352	0.5485498398569431	0.9951604113195696	atman	0.103	
PT2-PT1	STXBP3	-0.14345	0.1632642439000586	0.9951604113195696	atman	0.103	
PT2-PT1	TBC1D23	0.1427000000000001	0.6193315686711196	0.9951604113195696	atman	0.103	
PT2-PT1	FOS	0.14264	0.5884903919679028	0.9951604113195696	atman	0.103	
PT2-PT1	CCL20	-0.14235	0.2279177533043204	0.9951604113195696	atman	0.103	
PT2-PT1	GSTA3	0.14233	0.7315512545644771	0.9951604113195696	atman	0.103	
PT2-PT1	ESR1	-0.1421333333333333	0.523085950798291	0.9951604113195696	atman	0.103	
PT2-PT1	ANXA2	0.14206	0.1906357634761319	0.9951604113195696	atman	0.103	
PT2-PT1	CRYBB2	-0.14182	0.0997105809405187	0.9951604113195696	atman	0.103	
PT2-PT1	LPA	-0.14179	0.4941098025533199	0.9951604113195696	atman	0.103	
PT2-PT1	COX5B	-0.1417777777777778	0.5955102512181192	0.9951604113195696	atman	0.103	
PT2-PT1	CD2AP	0.14126	0.5750582826395694	0.9951604113195696	atman	0.103	
PT2-PT1	HMMR	-0.14103	0.4392988536487117	0.9951604113195696	atman	0.103	
PT2-PT1	GADD45B	-0.1408888888888889	0.4033739620500594	0.9951604113195696	atman	0.103	
PT2-PT1	TP53	0.1407999999999999	0.6389248611329226	0.9951604113195696	atman	0.103	
PT2-PT1	FUT8	-0.14073	0.3590397561297895	0.9951604113195696	atman	0.103	
PT2-PT1	PFKFB2	0.1405777777777777	0.5276171141240085	0.9951604113195696	atman	0.103	
PT2-PT1	PHLDB2	0.14047	0.5337252593952415	0.9951604113195696	atman	0.103	
PT2-PT1	ATP5F1D	-0.1402777777777777	0.6197345383582411	0.9951604113195696	atman	0.103	
PT2-PT1	SUGP1	0.14017	0.3878366543814602	0.9951604113195696	atman	0.103	
PT2-PT1	CLEC1A	0.1401222222222222	0.2462855923904618	0.9951604113195696	atman	0.103	
PT2-PT1	IFNW1	0.14	0.1359593758356185	0.9951604113195696	atman	0.103	
PT2-PT1	OLR1	-0.13985	0.287936805996545	0.9951604113195696	atman	0.103	
PT2-PT1	RP2	0.1398	0.4308104362075613	0.9951604113195696	atman	0.103	
PT2-PT1	NPM1	0.13978	0.6122595824743993	0.9951604113195696	atman	0.103	
PT2-PT1	RAB33A	0.1397111111111111	0.4647010977091286	0.9951604113195696	atman	0.103	
PT2-PT1	RAB37	0.1397	0.5133941172067944	0.9951604113195696	atman	0.103	
PT2-PT1	GDF15	0.13967	0.1133985380220077	0.9951604113195696	atman	0.103	
PT2-PT1	FMNL1	0.13964	0.5756634811820576	0.9951604113195696	atman	0.103	
PT2-PT1	EPHX2	-0.1394666666666666	0.3833731245623948	0.9951604113195696	atman	0.103	
PT2-PT1	CHRM1	-0.1390399999999998	0.7150552775831391	0.9951604113195696	atman	0.103	
PT2-PT1	ACADSB	0.13902	0.3287673994514457	0.9951604113195696	atman	0.103	
PT2-PT1	VASP	0.13902	0.4649886632296818	0.9951604113195696	atman	0.103	
PT2-PT1	BTN3A2	-0.13895	0.2150602689668539	0.9951604113195696	atman	0.103	
PT2-PT1	MKI67	-0.1388777777777777	0.5154177830012179	0.9951604113195696	atman	0.103	
PT2-PT1	CHEK2	0.1386111111111111	0.5172054110126991	0.9951604113195696	atman	0.103	
PT2-PT1	DDHD2	0.1383799999999999	0.40103397603625	0.9951604113195696	atman	0.103	
PT2-PT1	NUDT10	0.1382199999999999	0.2433475836476917	0.9951604113195696	atman	0.103	
PT2-PT1	CACNA1H	0.1380777777777778	0.4304215468172545	0.9951604113195696	atman	0.103	
PT2-PT1	PRSS22	-0.1378444444444444	0.3736849951103997	0.9951604113195696	atman	0.103	
PT2-PT1	CRNN	-0.13773	0.1722096315236478	0.9951604113195696	atman	0.103	
PT2-PT1	IDI2	0.13769	0.5479975169256117	0.9951604113195696	atman	0.103	
PT2-PT1	MINDY1	0.1375199999999999	0.5528727811961374	0.9951604113195696	atman	0.103	
PT2-PT1	ELAVL4	0.1375111111111111	0.5992132248877162	0.9951604113195696	atman	0.103	
PT2-PT1	SMOC1	0.13747	0.1263035151441736	0.9951604113195696	atman	0.103	
PT2-PT1	INSL3	-0.13731	0.3059965568810376	0.9951604113195696	atman	0.103	
PT2-PT1	GFER	0.13712	0.490118767878194	0.9951604113195696	atman	0.103	
PT2-PT1	CHGA	0.13706	0.1716070817756281	0.9951604113195696	atman	0.103	
PT2-PT1	S100A3	-0.13696	0.3725562684002064	0.9951604113195696	atman	0.103	
PT2-PT1	SPARC	-0.13667	0.6248110433659035	0.9951604113195696	atman	0.103	
PT2-PT1	LHB	-0.1363599999999999	0.3700008038567153	0.9951604113195696	atman	0.103	
PT2-PT1	IGFBP7	0.1361799999999999	0.1309669460288733	0.9951604113195696	atman	0.103	
PT2-PT1	CC2D1A	0.13591	0.6183973092023518	0.9951604113195696	atman	0.103	
PT2-PT1	LRFN2	-0.1359	0.6403457770326835	0.9951604113195696	atman	0.103	
PT2-PT1	CLPP	0.1358400000000001	0.5388167325036479	0.9951604113195696	atman	0.103	
PT2-PT1	LMNB1	0.13582	0.6100007164199559	0.9951604113195696	atman	0.103	
PT2-PT1	PAK4	0.13582	0.5114332550572591	0.9951604113195696	atman	0.103	
PT2-PT1	SKAP1	0.13537	0.424624894233446	0.9951604113195696	atman	0.103	
PT2-PT1	DYNLT1	0.1353099999999999	0.312342394058009	0.9951604113195696	atman	0.103	
PT2-PT1	BIN2	0.13509	0.5621138428261547	0.9951604113195696	atman	0.103	
PT2-PT1	ASAH2	-0.13481	0.1163605763593833	0.9951604113195696	atman	0.103	
PT2-PT1	TOMM20	0.1347799999999999	0.4935740666030925	0.9951604113195696	atman	0.103	
PT2-PT1	CD3D	-0.1343777777777778	0.2159486516020361	0.9951604113195696	atman	0.103	
PT2-PT1	SMAD5	0.1342111111111111	0.1293218413244286	0.9951604113195696	atman	0.103	
PT2-PT1	CCDC80	0.13407	0.1349335914117653	0.9951604113195696	atman	0.103	
PT2-PT1	TFAP2A	0.1340333333333333	0.6838953351645531	0.9951604113195696	atman	0.103	
PT2-PT1	HPSE	0.13384	0.6243374372015169	0.9951604113195696	atman	0.103	
PT2-PT1	LRTM1	0.13366	0.4890999944602172	0.9951604113195696	atman	0.103	
PT2-PT1	REST	0.1334699999999999	0.4100660372345666	0.9951604113195696	atman	0.103	
PT2-PT1	ITGB6	-0.1333799999999999	0.2258862592320687	0.9951604113195696	atman	0.103	
PT2-PT1	TPBGL	0.1332799999999999	0.4779756016211203	0.9951604113195696	atman	0.103	
PT2-PT1	DNAJB8	0.1330888888888889	0.3993312866277116	0.9951604113195696	atman	0.103	
PT2-PT1	PPBP	0.1329999999999999	0.6375675720754628	0.9951604113195696	atman	0.103	
PT2-PT1	MAG	0.13283	0.6028407337009389	0.9951604113195696	atman	0.103	
PT2-PT1	RNASE1	0.13261	0.2160111385236665	0.9951604113195696	atman	0.103	
PT2-PT1	TJAP1	0.1325800000000001	0.5759321146762577	0.9951604113195696	atman	0.103	
PT2-PT1	FYB1	0.13252	0.6710425959569191	0.9951604113195696	atman	0.103	
PT2-PT1	CAPN3	-0.13247	0.6770575330254724	0.9951604113195696	atman	0.103	
PT2-PT1	ADAM12	0.1324444444444444	0.4695855297162039	0.9951604113195696	atman	0.103	
PT2-PT1	IMPA1	0.1323099999999999	0.3946129760544448	0.9951604113195696	atman	0.103	
PT2-PT1	NBN	0.13179	0.3047929284465784	0.9951604113195696	atman	0.103	
PT2-PT1	NPL	0.13175	0.2084609934405883	0.9951604113195696	atman	0.103	
PT2-PT1	PSPN	-0.1317	0.1504998845704994	0.9951604113195696	atman	0.103	
PT2-PT1	TLR2	-0.1313333333333333	0.6240556186403099	0.9951604113195696	atman	0.103	
PT2-PT1	ASRGL1	-0.1312799999999999	0.6618916651395008	0.9951604113195696	atman	0.103	
PT2-PT1	PHOSPHO1	0.13076	0.5698263472181351	0.9951604113195696	atman	0.103	
PT2-PT1	CST1	-0.1306999999999999	0.4118996130343797	0.9951604113195696	atman	0.103	
PT2-PT1	ISM2	0.13063	0.4219641398358502	0.9951604113195696	atman	0.103	
PT2-PT1	ATP1B4	-0.13052	0.7632854279107903	0.9951604113195696	atman	0.103	
PT2-PT1	SLC39A5	-0.1303875	0.3392834588346856	0.9951604113195696	atman	0.103	
PT2-PT1	TJP3	-0.1301222222222222	0.587902578435261	0.9951604113195696	atman	0.103	
PT2-PT1	AK2	0.1300299999999999	0.5358532644625478	0.9951604113195696	atman	0.103	
PT2-PT1	SCP2	0.13	0.3051979916651337	0.9951604113195696	atman	0.103	
PT2-PT1	CD164	-0.1297999999999999	0.4166577302682888	0.9951604113195696	atman	0.103	
PT2-PT1	ARSB	0.1295333333333333	0.4079624600869813	0.9951604113195696	atman	0.103	
PT2-PT1	EDA2R	0.12935	0.1170325176025495	0.9951604113195696	atman	0.103	
PT2-PT1	LAMP1	0.12933	0.2291250087590639	0.9951604113195696	atman	0.103	
PT2-PT1	LAMTOR5	-0.1290899999999999	0.5121779485875495	0.9951604113195696	atman	0.103	
PT2-PT1	FCRL3	-0.1290799999999999	0.6123134031505479	0.9951604113195696	atman	0.103	
PT2-PT1	UNC5D	-0.1288	0.4478280591885024	0.9951604113195696	atman	0.103	
PT2-PT1	CXCL9	-0.1287799999999999	0.1608401767130933	0.9951604113195696	atman	0.103	
PT2-PT1	ANKRA2	0.1282799999999999	0.4527150795998333	0.9951604113195696	atman	0.103	
PT2-PT1	CEACAM21	0.128275	0.1373376545095073	0.9951604113195696	atman	0.103	
PT2-PT1	GCC1	0.1282	0.6443582191648689	0.9951604113195696	atman	0.103	
PT2-PT1	CEP170	0.1281999999999999	0.5930566239442621	0.9951604113195696	atman	0.103	
PT2-PT1	CTHRC1	0.12802	0.1166469053892667	0.9951604113195696	atman	0.103	
PT2-PT1	ANXA5	-0.1278099999999999	0.4256126243825522	0.9951604113195696	atman	0.103	
PT2-PT1	RHOC	0.12779	0.6958753448380022	0.9951604113195696	atman	0.103	
PT2-PT1	THRAP3	-0.1275222222222222	0.4219173458940024	0.9951604113195696	atman	0.103	
PT2-PT1	GGT1	-0.12734	0.1196230107707596	0.9951604113195696	atman	0.103	
PT2-PT1	MIF	0.1273399999999999	0.6477868652589116	0.9951604113195696	atman	0.103	
PT2-PT1	AOC1	-0.1272	0.5556574069513016	0.9951604113195696	atman	0.103	
PT2-PT1	MZT1	0.1271499999999999	0.4251096579284095	0.9951604113195696	atman	0.103	
PT2-PT1	CEP152	-0.12688	0.6158055999026868	0.9951604113195696	atman	0.103	
PT2-PT1	RILP	0.1267000000000001	0.6401266851331371	0.9951604113195696	atman	0.103	
PT2-PT1	ANXA1	0.1265222222222222	0.3617101770456012	0.9951604113195696	atman	0.103	
PT2-PT1	RFC4	0.1264799999999999	0.3373428939282386	0.9951604113195696	atman	0.103	
PT2-PT1	C2orf69	0.12628	0.336067440518204	0.9951604113195696	atman	0.103	
PT2-PT1	SERPINB6	0.1262	0.4177285652154925	0.9951604113195696	atman	0.103	
PT2-PT1	NT5E	-0.12604	0.2844721621706951	0.9951604113195696	atman	0.103	
PT2-PT1	DRG2	-0.1260333333333333	0.5942478452240887	0.9951604113195696	atman	0.103	
PT2-PT1	PTPRH	-0.12589	0.3280249950206695	0.9951604113195696	atman	0.103	
PT2-PT1	MYBPC2	0.1257199999999999	0.8575713788004278	0.9951604113195696	atman	0.103	
PT2-PT1	CCL26	0.1257	0.4981789660387257	0.9951604113195696	atman	0.103	
PT2-PT1	LYAR	0.12558	0.3786828898710961	0.9951604113195696	atman	0.103	
PT2-PT1	ADH1B	-0.1251444444444444	0.6822920585948609	0.9951604113195696	atman	0.103	
PT2-PT1	BHLHE40	0.1251111111111111	0.7363192991931606	0.9951604113195696	atman	0.103	
PT2-PT1	NPHS1	-0.1249333333333333	0.4086084073085374	0.9951604113195696	atman	0.103	
PT2-PT1	COL2A1	0.12482	0.1937380748369452	0.9951604113195696	atman	0.103	
PT2-PT1	HSDL2	0.12465	0.3461304636785343	0.9951604113195696	atman	0.103	
PT2-PT1	DENR	0.1243555555555555	0.6008003391341576	0.9951604113195696	atman	0.103	
PT2-PT1	CORO1A	0.12428	0.6283787784370718	0.9951604113195696	atman	0.103	
PT2-PT1	LYPLA2	0.1241999999999999	0.4814207953635865	0.9951604113195696	atman	0.103	
PT2-PT1	ACRV1	-0.1241999999999999	0.5532116795552886	0.9951604113195696	atman	0.103	
PT2-PT1	CXCL11	-0.1241699999999999	0.5453477303399645	0.9951604113195696	atman	0.103	
PT2-PT1	NAGA	-0.1241444444444444	0.5377416484128521	0.9951604113195696	atman	0.103	
PT2-PT1	DNAJC21	0.12378	0.3211735599741319	0.9951604113195696	atman	0.103	
PT2-PT1	ARID3A	-0.1236888888888889	0.625538000964011	0.9951604113195696	atman	0.103	
PT2-PT1	PPP1R2	0.1236199999999999	0.3472683756893271	0.9951604113195696	atman	0.103	
PT2-PT1	CNPY2	0.1234222222222222	0.6401059218924896	0.9951604113195696	atman	0.103	
PT2-PT1	OTUD6B	0.1233499999999999	0.6494738660860353	0.9951604113195696	atman	0.103	
PT2-PT1	CASC3	0.12332	0.4383903659586583	0.9951604113195696	atman	0.103	
PT2-PT1	ARHGAP30	0.1233	0.1331330325437376	0.9951604113195696	atman	0.103	
PT2-PT1	FCER1A	0.12325	0.2901327749116271	0.9951604113195696	atman	0.103	
PT2-PT1	HBEGF	0.1232299999999999	0.475427822737049	0.9951604113195696	atman	0.103	
PT2-PT1	RANBP1	0.1230599999999999	0.5022150834838381	0.9951604113195696	atman	0.103	
PT2-PT1	MTSS2	0.12292	0.6959097962279575	0.9951604113195696	atman	0.103	
PT2-PT1	SLC13A1	-0.1226	0.5504474120320502	0.9951604113195696	atman	0.103	
PT2-PT1	ENTPD2	0.12248	0.4647696154218386	0.9951604113195696	atman	0.103	
PT2-PT1	OXT	-0.1224799999999999	0.4319564471413977	0.9951604113195696	atman	0.103	
PT2-PT1	TPRKB	0.12227	0.678791798539564	0.9951604113195696	atman	0.103	
PT2-PT1	RAD23B	0.12211	0.3400581643726745	0.9951604113195696	atman	0.103	
PT2-PT1	DECR1	0.1219624999999999	0.6249513036585013	0.9951604113195696	atman	0.103	
PT2-PT1	LYSMD3	0.12195	0.5019842704867326	0.9951604113195696	atman	0.103	
PT2-PT1	PMVK	0.12178	0.7124887663684947	0.9951604113195696	atman	0.103	
PT2-PT1	KCTD5	0.12176	0.1755739398628755	0.9951604113195696	atman	0.103	
PT2-PT1	RGS8	0.12176	0.5201430728456451	0.9951604113195696	atman	0.103	
PT2-PT1	VSIG2	-0.12175	0.3655797365683813	0.9951604113195696	atman	0.103	
PT2-PT1	KLF4	-0.1216555555555555	0.7427905184279346	0.9951604113195696	atman	0.103	
PT2-PT1	PDAP1	0.12123	0.6139583721320361	0.9951604113195696	atman	0.103	
PT2-PT1	TNF	0.12081	0.5455490500753839	0.9951604113195696	atman	0.103	
PT2-PT1	CLEC4G	-0.1206874999999999	0.3551167704794924	0.9951604113195696	atman	0.103	
PT2-PT1	ACTN2	-0.1206555555555555	0.8559359855000472	0.9951604113195696	atman	0.103	
PT2-PT1	SIT1	0.1205099999999999	0.54205571052522	0.9951604113195696	atman	0.103	
PT2-PT1	EDNRB	0.1202999999999999	0.3996928543938916	0.9951604113195696	atman	0.103	
PT2-PT1	MAP3K5	0.1198099999999999	0.7613256998349094	0.9951604113195696	atman	0.103	
PT2-PT1	SDCCAG8	0.1196799999999999	0.6103762304772176	0.9951604113195696	atman	0.103	
PT2-PT1	FOXO1	0.1195749999999999	0.4589701527976935	0.9951604113195696	atman	0.103	
PT2-PT1	STX1B	-0.11955	0.4915163196062537	0.9951604113195696	atman	0.103	
PT2-PT1	RGCC	0.1192599999999999	0.5756120668480482	0.9951604113195696	atman	0.103	
PT2-PT1	GIMAP7	-0.1191222222222222	0.1028737372290056	0.9951604113195696	atman	0.103	
PT2-PT1	SLC39A14	0.11894	0.496382813130853	0.9951604113195696	atman	0.103	
PT2-PT1	PAPPA	0.11892	0.8257776257603795	0.9951604113195696	atman	0.103	
PT2-PT1	AKR1C4	-0.1187333333333333	0.5841793847266314	0.9951604113195696	atman	0.103	
PT2-PT1	TIMP2	-0.11873	0.123326620454357	0.9951604113195696	atman	0.103	
PT2-PT1	ACP1	0.118711111111111	0.4488033080169344	0.9951604113195696	atman	0.103	
PT2-PT1	GNPDA1	0.11811	0.3459899291522852	0.9951604113195696	atman	0.103	
PT2-PT1	REN	0.11781	0.3148369060240896	0.9951604113195696	atman	0.103	
PT2-PT1	ABL1	0.1177888888888888	0.5911737954874461	0.9951604113195696	atman	0.103	
PT2-PT1	CALCOCO1	0.1175700000000001	0.6652534860143495	0.9951604113195696	atman	0.103	
PT2-PT1	ASS1	0.1175444444444444	0.7767064144471636	0.9951604113195696	atman	0.103	
PT2-PT1	LRP2	0.11753	0.6773519931007852	0.9951604113195696	atman	0.103	
PT2-PT1	LMOD1	-0.11739	0.4064015371845808	0.9951604113195696	atman	0.103	
PT2-PT1	ARSA	-0.1172199999999999	0.2025531797664528	0.9951604113195696	atman	0.103	
PT2-PT1	RUVBL1	0.1171499999999999	0.149460303117084	0.9951604113195696	atman	0.103	
PT2-PT1	AK1	-0.11694	0.5828395598901952	0.9951604113195696	atman	0.103	
PT2-PT1	SLC1A4	-0.1168499999999999	0.470987542157264	0.9951604113195696	atman	0.103	
PT2-PT1	SAMD9L	0.11675	0.6265413931432378	0.9951604113195696	atman	0.103	
PT2-PT1	TNFRSF6B	0.11647	0.2459903514243859	0.9951604113195696	atman	0.103	
PT2-PT1	VIPR1	0.11642	0.192589731256199	0.9951604113195696	atman	0.103	
PT2-PT1	CLIP2	0.1163874999999999	0.6774096329658132	0.9951604113195696	atman	0.103	
PT2-PT1	MYL1	-0.1162777777777777	0.5873526353249723	0.9951604113195696	atman	0.103	
PT2-PT1	IL36G	-0.1161444444444444	0.6246673602754185	0.9951604113195696	atman	0.103	
PT2-PT1	CGA	-0.1160399999999999	0.5384875357335441	0.9951604113195696	atman	0.103	
PT2-PT1	ANGPTL3	0.11532	0.2312157038701034	0.9951604113195696	atman	0.103	
PT2-PT1	GDF2	-0.11512	0.1637917378066362	0.9951604113195696	atman	0.103	
PT2-PT1	SPINK4	-0.1149125	0.1361266877077236	0.9951604113195696	atman	0.103	
PT2-PT1	B3GAT3	0.1147333333333333	0.7273898570182498	0.9951604113195696	atman	0.103	
PT2-PT1	CHCHD10	-0.1146999999999999	0.7610506670119421	0.9951604113195696	atman	0.103	
PT2-PT1	IGBP1	0.11449	0.6856854762062166	0.9951604113195696	atman	0.103	
PT2-PT1	SCAMP3	0.1144222222222222	0.6994646680828236	0.9951604113195696	atman	0.103	
PT2-PT1	DPP6	-0.1144111111111111	0.2555216592377665	0.9951604113195696	atman	0.103	
PT2-PT1	TNFSF8	0.11441	0.2270898260123952	0.9951604113195696	atman	0.103	
PT2-PT1	CX3CL1	-0.1143399999999999	0.2372424307851395	0.9951604113195696	atman	0.103	
PT2-PT1	CD3E	-0.1142333333333333	0.5298926380208135	0.9951604113195696	atman	0.103	
PT2-PT1	CD83	0.1141375	0.2017956023103337	0.9951604113195696	atman	0.103	
PT2-PT1	SLC28A1	0.11412	0.4751507997945883	0.9951604113195696	atman	0.103	
PT2-PT1	CCDC28A	0.1140899999999999	0.6006133618869383	0.9951604113195696	atman	0.103	
PT2-PT1	CRX	-0.114	0.5464420005252659	0.9951604113195696	atman	0.103	
PT2-PT1	ENPEP	0.1139777777777777	0.6989244931159975	0.9951604113195696	atman	0.103	
PT2-PT1	HHEX	0.1139399999999999	0.612575066937826	0.9951604113195696	atman	0.103	
PT2-PT1	CTSE	-0.1138666666666666	0.4350767661353725	0.9951604113195696	atman	0.103	
PT2-PT1	PRTN3	-0.11384	0.1148974886909748	0.9951604113195696	atman	0.103	
PT2-PT1	PPCDC	0.11364	0.3590422555470316	0.9951604113195696	atman	0.103	
PT2-PT1	STAMBP	0.11363	0.6360428967417402	0.9951604113195696	atman	0.103	
PT2-PT1	GGCT	0.1135	0.4987076517934694	0.9951604113195696	atman	0.103	
PT2-PT1	SOD2	0.11346	0.2458215878920862	0.9951604113195696	atman	0.103	
PT2-PT1	HNMT	0.11342	0.3725742754612366	0.9951604113195696	atman	0.103	
PT2-PT1	MFAP4	0.1133444444444444	0.2822686914891776	0.9951604113195696	atman	0.103	
PT2-PT1	CAPS	0.11331	0.1980784527438579	0.9951604113195696	atman	0.103	
PT2-PT1	CTRL	-0.11329	0.4327993745289205	0.9951604113195696	atman	0.103	
PT2-PT1	PPP3R1	0.1132399999999999	0.3407871938837643	0.9951604113195696	atman	0.103	
PT2-PT1	CLGN	0.1130699999999999	0.6533032971943757	0.9951604113195696	atman	0.103	
PT2-PT1	SSC4D	-0.1130299999999999	0.3047066028382339	0.9951604113195696	atman	0.103	
PT2-PT1	CTNNA1	-0.1129777777777777	0.3800698416636336	0.9951604113195696	atman	0.103	
PT2-PT1	GALNT3	-0.11294	0.447814322658592	0.9951604113195696	atman	0.103	
PT2-PT1	TP53BP1	-0.1129333333333333	0.307398785970971	0.9951604113195696	atman	0.103	
PT2-PT1	CFHR2	0.1125499999999999	0.3106879865018745	0.9951604113195696	atman	0.103	
PT2-PT1	MMP3	0.11216	0.2713130701215105	0.9951604113195696	atman	0.103	
PT2-PT1	CIAPIN1	0.11194	0.6140914678947575	0.9951604113195696	atman	0.103	
PT2-PT1	TCP11	0.1118222222222221	0.6630715077884557	0.9951604113195696	atman	0.103	
PT2-PT1	MMP13	0.1117499999999999	0.4559502668931572	0.9951604113195696	atman	0.103	
PT2-PT1	COMMD1	0.1116299999999999	0.6106373338129139	0.9951604113195696	atman	0.103	
PT2-PT1	GATD3	0.11144	0.6999463105729284	0.9951604113195696	atman	0.103	
PT2-PT1	FGF20	-0.1114111111111111	0.4226308407478014	0.9951604113195696	atman	0.103	
PT2-PT1	SHH	0.1111444444444444	0.7106504040922057	0.9951604113195696	atman	0.103	
PT2-PT1	CIT	0.11109	0.7292544641766852	0.9951604113195696	atman	0.103	
PT2-PT1	GAPDH	-0.1110111111111111	0.2661072713484047	0.9951604113195696	atman	0.103	
PT2-PT1	HSD17B14	-0.111	0.1608961412990717	0.9951604113195696	atman	0.103	
PT2-PT1	MTHFD2	0.1109999999999999	0.188487185508813	0.9951604113195696	atman	0.103	
PT2-PT1	C9	-0.1109	0.5904092791044075	0.9951604113195696	atman	0.103	
PT2-PT1	IL33	0.11085	0.702444754216037	0.9951604113195696	atman	0.103	
PT2-PT1	TNFSF14	0.11084	0.4554336731810515	0.9951604113195696	atman	0.103	
PT2-PT1	MAN2B2	-0.11082	0.1651304368002426	0.9951604113195696	atman	0.103	
PT2-PT1	RAB6B	0.1106899999999999	0.7024333714131135	0.9951604113195696	atman	0.103	
PT2-PT1	APRT	0.1106600000000001	0.6742669208510843	0.9951604113195696	atman	0.103	
PT2-PT1	IL11	-0.11032	0.634291591148259	0.9951604113195696	atman	0.103	
PT2-PT1	DNMBP	0.1101299999999999	0.5554051063175369	0.9951604113195696	atman	0.103	
PT2-PT1	REG1B	-0.10988	0.1539640134194568	0.9951604113195696	atman	0.103	
PT2-PT1	PCDH7	0.10969	0.1560429623304311	0.9951604113195696	atman	0.103	
PT2-PT1	TG	-0.10965	0.5233657934437663	0.9951604113195696	atman	0.103	
PT2-PT1	MMUT	0.1095999999999999	0.7207251624365754	0.9951604113195696	atman	0.103	
PT2-PT1	PRKD2	-0.1091999999999999	0.4588006323986073	0.9951604113195696	atman	0.103	
PT2-PT1	UNC79	0.1091799999999999	0.5444804610751448	0.9951604113195696	atman	0.103	
PT2-PT1	ERVV-1	-0.1091222222222222	0.7181881207370835	0.9951604113195696	atman	0.103	
PT2-PT1	OPLAH	0.10907	0.5077696643197305	0.9951604113195696	atman	0.103	
PT2-PT1	FABP9	-0.109	0.4808704380801845	0.9951604113195696	atman	0.103	
PT2-PT1	S100A14	-0.10899	0.5065843068854243	0.9951604113195696	atman	0.103	
PT2-PT1	FCRL2	-0.10888	0.1113017650872214	0.9951604113195696	atman	0.103	
PT2-PT1	MEGF11	0.1086666666666666	0.3034733513582872	0.9951604113195696	atman	0.103	
PT2-PT1	PLIN1	0.10859	0.4906416392174872	0.9951604113195696	atman	0.103	
PT2-PT1	CDHR2	-0.1085888888888889	0.3469594367543953	0.9951604113195696	atman	0.103	
PT2-PT1	IMPACT	0.10857	0.6338559235085603	0.9951604113195696	atman	0.103	
PT2-PT1	INPP5J	0.10844	0.6149363080726893	0.9951604113195696	atman	0.103	
PT2-PT1	NFKBIE	0.10839	0.613161121643897	0.9951604113195696	atman	0.103	
PT2-PT1	REXO2	0.1083222222222222	0.6083605780047265	0.9951604113195696	atman	0.103	
PT2-PT1	SMOC2	-0.1081799999999999	0.1668815671990062	0.9951604113195696	atman	0.103	
PT2-PT1	MBL2	-0.1081499999999999	0.1797969872569662	0.9951604113195696	atman	0.103	
PT2-PT1	TFF2	-0.10814	0.2708336531197113	0.9951604113195696	atman	0.103	
PT2-PT1	CFB	-0.1080499999999999	0.2907431726496032	0.9951604113195696	atman	0.103	
PT2-PT1	NID2	0.10799	0.2640996642848385	0.9951604113195696	atman	0.103	
PT2-PT1	CD276	0.1079	0.1550189859187398	0.9951604113195696	atman	0.103	
PT2-PT1	SLAMF7	-0.1075875	0.5094025688449695	0.9951604113195696	atman	0.103	
PT2-PT1	TRIM25	0.1074100000000002	0.738554593202932	0.9951604113195696	atman	0.103	
PT2-PT1	CLEC4A	-0.1073249999999999	0.2416731717566549	0.9951604113195696	atman	0.103	
PT2-PT1	PADI2	-0.1070699999999999	0.5415427096405134	0.9951604113195696	atman	0.103	
PT2-PT1	EGLN1	0.1069	0.3466180771208744	0.9951604113195696	atman	0.103	
PT2-PT1	ENO3	-0.10689	0.862874807941282	0.9951604113195696	atman	0.103	
PT2-PT1	KLK7	0.1068222222222222	0.2159514857197264	0.9951604113195696	atman	0.103	
PT2-PT1	MANSC4	-0.1066222222222222	0.6744868059404541	0.9951604113195696	atman	0.103	
PT2-PT1	DRAXIN	-0.10655	0.159163600972678	0.9951604113195696	atman	0.103	
PT2-PT1	PDZD2	0.1063666666666666	0.6919608152030698	0.9951604113195696	atman	0.103	
PT2-PT1	FDX2	0.1062999999999999	0.6809982991525942	0.9951604113195696	atman	0.103	
PT2-PT1	SYAP1	0.1062	0.3950766737547844	0.9951604113195696	atman	0.103	
PT2-PT1	CSNK2A1	-0.1061399999999999	0.5551251131614796	0.9951604113195696	atman	0.103	
PT2-PT1	ISLR2	-0.10609	0.5543228115475198	0.9951604113195696	atman	0.103	
PT2-PT1	PRKAG3	-0.10605	0.6702684955391136	0.9951604113195696	atman	0.103	
PT2-PT1	SLC27A4	0.10589	0.65343392412302	0.9951604113195696	atman	0.103	
PT2-PT1	CLSTN3	-0.1058699999999999	0.5085917764358883	0.9951604113195696	atman	0.103	
PT2-PT1	TRIM21	-0.1055875	0.5316066403048407	0.9951604113195696	atman	0.103	
PT2-PT1	SFRP4	0.1054888888888889	0.1300398088067322	0.9951604113195696	atman	0.103	
PT2-PT1	NAAA	-0.1054199999999999	0.3038873436884226	0.9951604113195696	atman	0.103	
PT2-PT1	ANXA10	0.10523	0.5045655483927072	0.9951604113195696	atman	0.103	
PT2-PT1	SCPEP1	0.10518	0.4983502503299495	0.9951604113195696	atman	0.103	
PT2-PT1	FUT3_FUT5	-0.1051799999999999	0.2361143288867637	0.9951604113195696	atman	0.103	
PT2-PT1	SMNDC1	0.1049699999999999	0.539528661016289	0.9951604113195696	atman	0.103	
PT2-PT1	CAT	0.10485	0.3133035518043603	0.9951604113195696	atman	0.103	
PT2-PT1	SLAMF6	0.10473	0.6720457646385596	0.9951604113195696	atman	0.103	
PT2-PT1	CSF2RB	0.1046	0.5363503431343233	0.9951604113195696	atman	0.103	
PT2-PT1	LARP1	0.10459	0.7215226551418765	0.9951604113195696	atman	0.103	
PT2-PT1	HPCAL1	0.10424	0.5130749778307209	0.9951604113195696	atman	0.103	
PT2-PT1	IL21R	-0.1041555555555555	0.524645866221845	0.9951604113195696	atman	0.103	
PT2-PT1	CSF1R	0.10393	0.2658267005514232	0.9951604113195696	atman	0.103	
PT2-PT1	EXTL1	-0.1039111111111111	0.4776478340852961	0.9951604113195696	atman	0.103	
PT2-PT1	IFNG	0.10381	0.9183821252919352	0.9951604113195696	atman	0.103	
PT2-PT1	SKIV2L	0.1036888888888889	0.6897272924947133	0.9951604113195696	atman	0.103	
PT2-PT1	ZP4	0.10364	0.4749649159929388	0.9951604113195696	atman	0.103	
PT2-PT1	ARHGAP45	0.1035777777777777	0.6912877765341423	0.9951604113195696	atman	0.103	
PT2-PT1	FOSB	0.10349	0.5386686593741257	0.9951604113195696	atman	0.103	
PT2-PT1	TOP1MT	-0.10344	0.5453683805046343	0.9951604113195696	atman	0.103	
PT2-PT1	CPB1	0.10343	0.2367104233204622	0.9951604113195696	atman	0.103	
PT2-PT1	TMEM106A	-0.1033999999999999	0.4897909257866573	0.9951604113195696	atman	0.103	
PT2-PT1	SEZ6L	-0.1033899999999999	0.1917438585650042	0.9951604113195696	atman	0.103	
PT2-PT1	CRELD1	0.1033444444444444	0.3443096131957945	0.9951604113195696	atman	0.103	
PT2-PT1	APOBR	0.1033099999999999	0.1228892857846308	0.9951604113195696	atman	0.103	
PT2-PT1	NARS1	0.1031599999999999	0.4004683092348728	0.9951604113195696	atman	0.103	
PT2-PT1	PPP1R14D	-0.1030399999999999	0.5478768910924603	0.9951604113195696	atman	0.103	
PT2-PT1	NME1	0.1029111111111111	0.6296508926547488	0.9951604113195696	atman	0.103	
PT2-PT1	GFOD2	-0.10291	0.3108468167083793	0.9951604113195696	atman	0.103	
PT2-PT1	CA5A	0.1027999999999999	0.6685089022078334	0.9951604113195696	atman	0.103	
PT2-PT1	IDO1	-0.1026899999999999	0.4756267319715002	0.9951604113195696	atman	0.103	
PT2-PT1	NSFL1C	0.1025	0.6805951971364157	0.9951604113195696	atman	0.103	
PT2-PT1	USP47	0.1019888888888889	0.6152263612207931	0.9951604113195696	atman	0.103	
PT2-PT1	WIF1	0.10198	0.2088596126980002	0.9951604113195696	atman	0.103	
PT2-PT1	LEO1	-0.10192	0.486463093393648	0.9951604113195696	atman	0.103	
PT2-PT1	BABAM1	-0.1019111111111111	0.5396388135922905	0.9951604113195696	atman	0.103	
PT2-PT1	KIF20B	-0.1017666666666666	0.7933908249401762	0.9951604113195696	atman	0.103	
PT2-PT1	ZCCHC8	-0.1015222222222222	0.4296830073449249	0.9951604113195696	atman	0.103	
PT2-PT1	TMSB10	0.1014999999999999	0.410840203613765	0.9951604113195696	atman	0.103	
PT2-PT1	OGA	0.10129	0.6089609272421577	0.9951604113195696	atman	0.103	
PT2-PT1	ARHGAP25	0.10106	0.6538792981094617	0.9951604113195696	atman	0.103	
PT2-PT1	APOA2	-0.1010299999999998	0.8832466055376365	0.9951604113195696	atman	0.103	
PT2-PT1	C8B	0.10095	0.6148611338669696	0.9951604113195696	atman	0.103	
PT2-PT1	STX8	-0.1009	0.7606637227437631	0.9951604113195696	atman	0.103	
PT2-PT1	CACYBP	0.1007666666666667	0.7196551888013092	0.9951604113195696	atman	0.103	
PT2-PT1	FGF7	0.1006	0.3573466178621705	0.9951604113195696	atman	0.103	
PT2-PT1	RILPL2	0.1005799999999999	0.7113166327681344	0.9951604113195696	atman	0.103	
PT2-PT1	ADRA2A	-0.1005111111111111	0.6480634386570117	0.9951604113195696	atman	0.103	
PT2-PT1	CDSN	0.1005099999999999	0.4339231934737881	0.9951604113195696	atman	0.103	
PT2-PT1	CDC27	0.1004799999999999	0.482833649386728	0.9951604113195696	atman	0.103	
PT2-PT1	SERPINI1	0.1003777777777777	0.34173159493878	0.9951604113195696	atman	0.103	
PT2-PT1	PCDH12	-0.10034	0.3816353599510453	0.9951604113195696	atman	0.103	
PT2-PT1	KCNH2	0.1003299999999999	0.6936530936957928	0.9951604113195696	atman	0.103	
PT2-PT1	MSLN	0.1003222222222222	0.2953887806987729	0.9951604113195696	atman	0.103	
PT2-PT1	PTRHD1	-0.1002555555555554	0.6695702316045871	0.9951604113195696	atman	0.103	
PT2-PT1	IL4R	-0.1001125	0.4647957723736851	0.9951604113195696	atman	0.103	
PT2-PT1	PNMA1	0.10009	0.5598112963285029	0.9951604113195696	atman	0.103	
PT2-PT1	CASP3	0.09996	0.7017061409272922	0.9951604113195696	atman	0.103	
PT2-PT1	SIGLEC10	-0.0999125	0.1586065291273339	0.9951604113195696	atman	0.103	
PT2-PT1	TWF2	0.0996499999999999	0.664037433819546	0.9951604113195696	atman	0.103	
PT2-PT1	SIGLEC1	-0.09957	0.1401651471017726	0.9951604113195696	atman	0.103	
PT2-PT1	RAPGEF2	0.0995222222222222	0.7534002373839739	0.9951604113195696	atman	0.103	
PT2-PT1	CXCL8	0.09937	0.6329755981354563	0.9951604113195696	atman	0.103	
PT2-PT1	PARK7	0.0993399999999999	0.5765187832308154	0.9951604113195696	atman	0.103	
PT2-PT1	MYH7B	0.09933	0.5736920107316079	0.9951604113195696	atman	0.103	
PT2-PT1	SIRPB1	-0.0993	0.2031241747295906	0.9951604113195696	atman	0.103	
PT2-PT1	UBE2L6	0.0990799999999999	0.4836872059705304	0.9951604113195696	atman	0.103	
PT2-PT1	TOP1	0.09904	0.1965684741077038	0.9951604113195696	atman	0.103	
PT2-PT1	HEPACAM2	-0.0989699999999999	0.3020685185786878	0.9951604113195696	atman	0.103	
PT2-PT1	GIPC2	0.09894	0.4116067344061225	0.9951604113195696	atman	0.103	
PT2-PT1	IL32	-0.0988125	0.3616141829203085	0.9951604113195696	atman	0.103	
PT2-PT1	COQ7	-0.09864	0.485221358330296	0.9951604113195696	atman	0.103	
PT2-PT1	GBP4	0.0986	0.421199774716156	0.9951604113195696	atman	0.103	
PT2-PT1	EFNA1	-0.0985799999999999	0.2711157614066295	0.9951604113195696	atman	0.103	
PT2-PT1	MYO6	0.09855	0.5797146572898182	0.9951604113195696	atman	0.103	
PT2-PT1	CEBPB	-0.0984222222222222	0.6115024122417303	0.9951604113195696	atman	0.103	
PT2-PT1	CSPG4	-0.0980399999999999	0.3922999236876403	0.9951604113195696	atman	0.103	
PT2-PT1	EVI2B	-0.09772	0.6353420407932193	0.9951604113195696	atman	0.103	
PT2-PT1	NCR3LG1	0.0976099999999999	0.3560334534398053	0.9951604113195696	atman	0.103	
PT2-PT1	PRND	-0.0976	0.1889440216309421	0.9951604113195696	atman	0.103	
PT2-PT1	UPK3A	0.0975222222222222	0.867465084661136	0.9951604113195696	atman	0.103	
PT2-PT1	GSTT2B	-0.09747	0.4860058990239053	0.9951604113195696	atman	0.103	
PT2-PT1	RAB27B	-0.0974400000000001	0.6723903035370675	0.9951604113195696	atman	0.103	
PT2-PT1	CD40	0.0974099999999999	0.5559437417100774	0.9951604113195696	atman	0.103	
PT2-PT1	SCT	-0.09719	0.4547984164250063	0.9951604113195696	atman	0.103	
PT2-PT1	BDNF	0.09717	0.7274732523342229	0.9951604113195696	atman	0.103	
PT2-PT1	PLCB2	-0.0971399999999999	0.7989601052202169	0.9951604113195696	atman	0.103	
PT2-PT1	HCLS1	0.0967499999999999	0.6903303567175771	0.9951604113195696	atman	0.103	
PT2-PT1	ADH4	-0.0967222222222221	0.8125662248355174	0.9951604113195696	atman	0.103	
PT2-PT1	PDXDC1	0.0966099999999999	0.4971648877025756	0.9951604113195696	atman	0.103	
PT2-PT1	NAP1L4	0.0965999999999999	0.6457001143174703	0.9951604113195696	atman	0.103	
PT2-PT1	DPP10	-0.0964749999999999	0.2781235576565759	0.9951604113195696	atman	0.103	
PT2-PT1	ENO1	-0.0964299999999999	0.7898525741929148	0.9951604113195696	atman	0.103	
PT2-PT1	GALNT5	-0.0963499999999999	0.3264139615097865	0.9951604113195696	atman	0.103	
PT2-PT1	PCDH9	0.0963499999999999	0.3774822964662143	0.9951604113195696	atman	0.103	
PT2-PT1	PLXNA4	-0.0963375	0.7543920074622117	0.9951604113195696	atman	0.103	
PT2-PT1	ADA2	-0.09625	0.1532406544645144	0.9951604113195696	atman	0.103	
PT2-PT1	DLGAP5	0.09613	0.4858774762130733	0.9951604113195696	atman	0.103	
PT2-PT1	THOP1	-0.09594	0.1595995469529296	0.9951604113195696	atman	0.103	
PT2-PT1	NCK2	0.0959	0.5043496993183865	0.9951604113195696	atman	0.103	
PT2-PT1	SERPING1	-0.09588	0.2454056527864796	0.9951604113195696	atman	0.103	
PT2-PT1	TRAF3IP2	-0.0957888888888888	0.660971684224472	0.9951604113195696	atman	0.103	
PT2-PT1	ST3GAL1	0.0957444444444444	0.3300857828522923	0.9951604113195696	atman	0.103	
PT2-PT1	F9	-0.0957399999999999	0.1722628056501784	0.9951604113195696	atman	0.103	
PT2-PT1	XCL1	0.09571	0.1484257061050629	0.9951604113195696	atman	0.103	
PT2-PT1	KLK6	-0.0956399999999999	0.1758384605272684	0.9951604113195696	atman	0.103	
PT2-PT1	VEGFC	0.09561	0.5718042048934211	0.9951604113195696	atman	0.103	
PT2-PT1	IL25	0.0955999999999999	0.4858083445123018	0.9951604113195696	atman	0.103	
PT2-PT1	CES3	-0.0955444444444444	0.451558475201844	0.9951604113195696	atman	0.103	
PT2-PT1	PLXDC2	0.09548	0.578643876677575	0.9951604113195696	atman	0.103	
PT2-PT1	IFT20	0.09543	0.5072140492536046	0.9951604113195696	atman	0.103	
PT2-PT1	DCC	-0.0953299999999999	0.5910417588563355	0.9951604113195696	atman	0.103	
PT2-PT1	PTPN6	-0.09531	0.7553326721635334	0.9951604113195696	atman	0.103	
PT2-PT1	MRPL24	0.0953	0.715956533890941	0.9951604113195696	atman	0.103	
PT2-PT1	COL5A1	0.0951555555555555	0.2791723139408728	0.9951604113195696	atman	0.103	
PT2-PT1	NCAN	-0.09468	0.1088410705732083	0.9951604113195696	atman	0.103	
PT2-PT1	CSPG5	-0.0946555555555555	0.6967740509537692	0.9951604113195696	atman	0.103	
PT2-PT1	YTHDF3	-0.09446	0.8071702257805093	0.9951604113195696	atman	0.103	
PT2-PT1	NUDT5	0.0943999999999999	0.531987933492913	0.9951604113195696	atman	0.103	
PT2-PT1	NAGK	0.0943799999999999	0.6442517068453235	0.9951604113195696	atman	0.103	
PT2-PT1	PYY	-0.0943666666666666	0.6757250520646687	0.9951604113195696	atman	0.103	
PT2-PT1	PSMA1	0.09435	0.507600148071452	0.9951604113195696	atman	0.103	
PT2-PT1	FKBP7	0.09427	0.516298569336322	0.9951604113195696	atman	0.103	
PT2-PT1	DNM3	0.09417	0.4044543851212188	0.9951604113195696	atman	0.103	
PT2-PT1	INHBB	-0.0941444444444444	0.5524257306209757	0.9951604113195696	atman	0.103	
PT2-PT1	NXPH3	-0.0941333333333333	0.432876569424184	0.9951604113195696	atman	0.103	
PT2-PT1	FABP2	0.0941299999999999	0.7768674357666632	0.9951604113195696	atman	0.103	
PT2-PT1	MYL3	0.0940799999999999	0.8580718654578052	0.9951604113195696	atman	0.103	
PT2-PT1	LTBR	0.0939	0.1337870828787664	0.9951604113195696	atman	0.103	
PT2-PT1	VAMP5	0.0938222222222222	0.4790258233483606	0.9951604113195696	atman	0.103	
PT2-PT1	SUSD4	-0.0938099999999999	0.640196556320447	0.9951604113195696	atman	0.103	
PT2-PT1	PCSK9	-0.0938	0.4432394468688569	0.9951604113195696	atman	0.103	
PT2-PT1	MILR1	0.09374	0.2249269015265942	0.9951604113195696	atman	0.103	
PT2-PT1	CNP	0.0937	0.729406138249503	0.9951604113195696	atman	0.103	
PT2-PT1	BNIP3L	-0.0934222222222222	0.7515387192448579	0.9951604113195696	atman	0.103	
PT2-PT1	IL16	0.0934	0.1447769830538403	0.9951604113195696	atman	0.103	
PT2-PT1	LPL	-0.09339	0.4532233877544316	0.9951604113195696	atman	0.103	
PT2-PT1	CLSPN	0.09311	0.4428029687198014	0.9951604113195696	atman	0.103	
PT2-PT1	GBP6	0.0928111111111111	0.6359678771494215	0.9951604113195696	atman	0.103	
PT2-PT1	IPCEF1	-0.09262	0.6992518603516786	0.9951604113195696	atman	0.103	
PT2-PT1	ALDH5A1	0.09258	0.353282283226024	0.9951604113195696	atman	0.103	
PT2-PT1	IL18RAP	-0.0925700000000001	0.2609166471337933	0.9951604113195696	atman	0.103	
PT2-PT1	LECT2	0.09257	0.4932881494736636	0.9951604113195696	atman	0.103	
PT2-PT1	GH2	-0.0924899999999999	0.7255697017163352	0.9951604113195696	atman	0.103	
PT2-PT1	DNM1	-0.0924399999999999	0.740323783564176	0.9951604113195696	atman	0.103	
PT2-PT1	QDPR	-0.0924099999999999	0.605203206981642	0.9951604113195696	atman	0.103	
PT2-PT1	ANKMY2	0.0922888888888888	0.6817196538722035	0.9951604113195696	atman	0.103	
PT2-PT1	FCN1	-0.0922399999999999	0.5380337367414292	0.9951604113195696	atman	0.103	
PT2-PT1	SCGB3A1	-0.0922222222222222	0.1400784100761023	0.9951604113195696	atman	0.103	
PT2-PT1	PLA2G4A	0.09211	0.6492692914414215	0.9951604113195696	atman	0.103	
PT2-PT1	TBCB	0.0918400000000001	0.796235969206645	0.9951604113195696	atman	0.103	
PT2-PT1	IFNGR2	-0.0913799999999999	0.3115624263913994	0.9951604113195696	atman	0.103	
PT2-PT1	CENPF	0.0913555555555555	0.8180064050554758	0.9951604113195696	atman	0.103	
PT2-PT1	TMPRSS15	-0.091211111111111	0.5344544047765774	0.9951604113195696	atman	0.103	
PT2-PT1	PTP4A3	0.0911333333333333	0.776111153866422	0.9951604113195696	atman	0.103	
PT2-PT1	SELP	0.09103	0.1996551975097116	0.9951604113195696	atman	0.103	
PT2-PT1	C9orf40	0.0910299999999999	0.6251319653038128	0.9951604113195696	atman	0.103	
PT2-PT1	MINK1	0.09099	0.7089567175455076	0.9951604113195696	atman	0.103	
PT2-PT1	SDK2	0.0906333333333333	0.448096718495355	0.9951604113195696	atman	0.103	
PT2-PT1	ADGRE1	-0.09052	0.5270952611064486	0.9951604113195696	atman	0.103	
PT2-PT1	KDM3A	-0.0903888888888889	0.3841296218651098	0.9951604113195696	atman	0.103	
PT2-PT1	CHI3L1	0.09038	0.3095524664747717	0.9951604113195696	atman	0.103	
PT2-PT1	MMP12	-0.08993	0.157507689810175	0.9951604113195696	atman	0.103	
PT2-PT1	PDGFRA	-0.08988	0.3357084030078836	0.9951604113195696	atman	0.103	
PT2-PT1	TAB2	0.0898555555555555	0.7944073833759049	0.9951604113195696	atman	0.103	
PT2-PT1	KITLG	-0.0897799999999999	0.1114020149234145	0.9951604113195696	atman	0.103	
PT2-PT1	TMPRSS5	-0.0897699999999999	0.1868083807192024	0.9951604113195696	atman	0.103	
PT2-PT1	SLC9A3R2	0.0897699999999999	0.5820879461772923	0.9951604113195696	atman	0.103	
PT2-PT1	CNGB3	0.0896222222222222	0.7134605589414478	0.9951604113195696	atman	0.103	
PT2-PT1	GASK1A	0.0894555555555555	0.8133182733594273	0.9951604113195696	atman	0.103	
PT2-PT1	CD101	-0.08939	0.1959035252048444	0.9951604113195696	atman	0.103	
PT2-PT1	TPPP3	-0.0893799999999999	0.6518731835912044	0.9951604113195696	atman	0.103	
PT2-PT1	WASHC3	0.0893799999999999	0.6642821312106624	0.9951604113195696	atman	0.103	
PT2-PT1	CDC37	-0.08919	0.7311191531877956	0.9951604113195696	atman	0.103	
PT2-PT1	PDCD5	-0.0890299999999999	0.6674483105883091	0.9951604113195696	atman	0.103	
PT2-PT1	SERPINA11	0.08891	0.2303154483049065	0.9951604113195696	atman	0.103	
PT2-PT1	TREML1	0.08888	0.6387338755895962	0.9951604113195696	atman	0.103	
PT2-PT1	UPK3BL1	0.0887	0.6850494607837991	0.9951604113195696	atman	0.103	
PT2-PT1	ATF4	0.0887	0.7522189036802676	0.9951604113195696	atman	0.103	
PT2-PT1	GZMA	0.0884	0.1962248228208607	0.9951604113195696	atman	0.103	
PT2-PT1	FOXJ3	0.0883444444444444	0.5935951462028835	0.9951604113195696	atman	0.103	
PT2-PT1	CKMT1A_CKMT1B	-0.0882499999999999	0.4672637537867552	0.9951604113195696	atman	0.103	
PT2-PT1	SSB	0.0882	0.766882103158748	0.9951604113195696	atman	0.103	
PT2-PT1	CPXM2	0.0880899999999999	0.1406088023841296	0.9951604113195696	atman	0.103	
PT2-PT1	GLYR1	-0.08806	0.3172256496607086	0.9951604113195696	atman	0.103	
PT2-PT1	MORC3	0.0880399999999999	0.1578011331568038	0.9951604113195696	atman	0.103	
PT2-PT1	REEP4	0.08794	0.7214466838264277	0.9951604113195696	atman	0.103	
PT2-PT1	AMOT	0.0879	0.666240291917811	0.9951604113195696	atman	0.103	
PT2-PT1	OPTC	0.0878888888888888	0.4750346124485085	0.9951604113195696	atman	0.103	
PT2-PT1	ATP5IF1	-0.0878100000000001	0.7873534223567067	0.9951604113195696	atman	0.103	
PT2-PT1	LAT	-0.0877499999999999	0.7155622624775066	0.9951604113195696	atman	0.103	
PT2-PT1	PLA2G10	0.08769	0.6779613218532374	0.9951604113195696	atman	0.103	
PT2-PT1	CLEC6A	0.0875699999999999	0.4885840593485147	0.9951604113195696	atman	0.103	
PT2-PT1	PLXNB3	-0.08745	0.3955086021697993	0.9951604113195696	atman	0.103	
PT2-PT1	PNLIPRP1	0.08745	0.4982211195363637	0.9951604113195696	atman	0.103	
PT2-PT1	SCGB1A1	0.08739	0.2351094853511766	0.9951604113195696	atman	0.103	
PT2-PT1	MPIG6B	-0.0873300000000001	0.7433327588663641	0.9951604113195696	atman	0.103	
PT2-PT1	BGLAP	-0.08716	0.2876374900770035	0.9951604113195696	atman	0.103	
PT2-PT1	MEP1B	-0.0869599999999999	0.3459182069247601	0.9951604113195696	atman	0.103	
PT2-PT1	CEP20	0.0867099999999999	0.6591751505410084	0.9951604113195696	atman	0.103	
PT2-PT1	CCL13	-0.08662	0.4036602373855265	0.9951604113195696	atman	0.103	
PT2-PT1	NIT1	0.08645	0.7158756186963382	0.9951604113195696	atman	0.103	
PT2-PT1	TGFB2	-0.08623	0.8775487658901178	0.9951604113195696	atman	0.103	
PT2-PT1	TCN2	0.08618	0.1093073491600191	0.9951604113195696	atman	0.103	
PT2-PT1	TNC	0.0861099999999999	0.2257757677442509	0.9951604113195696	atman	0.103	
PT2-PT1	IFNL1	0.08603	0.6539059223020942	0.9951604113195696	atman	0.103	
PT2-PT1	IFNLR1	-0.0859875	0.4170735296396946	0.9951604113195696	atman	0.103	
PT2-PT1	IL20	0.0859799999999999	0.5942157709569458	0.9951604113195696	atman	0.103	
PT2-PT1	EDN1	0.0859399999999999	0.3975229424678483	0.9951604113195696	atman	0.103	
PT2-PT1	UBE2Z	0.0858888888888889	0.6839172663071207	0.9951604113195696	atman	0.103	
PT2-PT1	HSP90B1	-0.08583	0.5372914937881572	0.9951604113195696	atman	0.103	
PT2-PT1	CPA4	0.0856888888888888	0.3235715934746452	0.9951604113195696	atman	0.103	
PT2-PT1	PLXDC1	0.0856299999999999	0.4465985093338054	0.9951604113195696	atman	0.103	
PT2-PT1	ZNF174	-0.0855222222222222	0.72837823575661	0.9951604113195696	atman	0.103	
PT2-PT1	GBP1	0.0854499999999999	0.5808059818628353	0.9951604113195696	atman	0.103	
PT2-PT1	APPL2	-0.085411111111111	0.7291397685710277	0.9951604113195696	atman	0.103	
PT2-PT1	AGXT	0.08536	0.6341978204281897	0.9951604113195696	atman	0.103	
PT2-PT1	ATP1B2	-0.0851555555555555	0.6886469998185942	0.9951604113195696	atman	0.103	
PT2-PT1	CCAR2	0.08513	0.4222626158785083	0.9951604113195696	atman	0.103	
PT2-PT1	NRP1	-0.08511	0.2279431619088563	0.9951604113195696	atman	0.103	
PT2-PT1	NPY	0.0851	0.7258958283514918	0.9951604113195696	atman	0.103	
PT2-PT1	TPD52L2	0.0850222222222222	0.7304833990083073	0.9951604113195696	atman	0.103	
PT2-PT1	PTGES2	-0.0847111111111111	0.8229540864424119	0.9951604113195696	atman	0.103	
PT2-PT1	BMP10	-0.0847111111111111	0.3764320383789892	0.9951604113195696	atman	0.103	
PT2-PT1	ACOX1	0.0846799999999999	0.58780065454933	0.9951604113195696	atman	0.103	
PT2-PT1	SLK	-0.0846444444444444	0.700735599771237	0.9951604113195696	atman	0.103	
PT2-PT1	RNASE10	0.08461	0.3070163243449406	0.9951604113195696	atman	0.103	
PT2-PT1	PDGFA	0.0845499999999999	0.7220820655486788	0.9951604113195696	atman	0.103	
PT2-PT1	LBP	0.08452	0.6971615595192595	0.9951604113195696	atman	0.103	
PT2-PT1	PDLIM5	-0.0843	0.7602508414508469	0.9951604113195696	atman	0.103	
PT2-PT1	GUK1	0.0842888888888888	0.8652663254532693	0.9951604113195696	atman	0.103	
PT2-PT1	SERPINA12	0.08422	0.7258747818531601	0.9951604113195696	atman	0.103	
PT2-PT1	POLR2F	0.0840555555555555	0.3208751346044067	0.9951604113195696	atman	0.103	
PT2-PT1	IL5	0.08404	0.9263516219975076	0.9951604113195696	atman	0.103	
PT2-PT1	TBCC	0.08374	0.7225729024506753	0.9951604113195696	atman	0.103	
PT2-PT1	PRAP1	0.0837	0.2539036244169461	0.9951604113195696	atman	0.103	
PT2-PT1	IL12RB2	0.0835888888888888	0.5964478206627515	0.9951604113195696	atman	0.103	
PT2-PT1	TNFRSF9	-0.08348	0.1060859940699854	0.9951604113195696	atman	0.103	
PT2-PT1	RAB39B	0.0832777777777777	0.6885551403860259	0.9951604113195696	atman	0.103	
PT2-PT1	DIABLO	-0.08317	0.7788625602976329	0.9951604113195696	atman	0.103	
PT2-PT1	HDGF	0.08316	0.6662448931956646	0.9951604113195696	atman	0.103	
PT2-PT1	F7	-0.0831399999999999	0.1509387893145277	0.9951604113195696	atman	0.103	
PT2-PT1	CLASP1	-0.08303	0.7041830605560795	0.9951604113195696	atman	0.103	
PT2-PT1	DDX25	-0.08281	0.555700231859829	0.9951604113195696	atman	0.103	
PT2-PT1	IGSF21	-0.08258	0.2388756893200287	0.9951604113195696	atman	0.103	
PT2-PT1	PNMA2	-0.0825222222222222	0.637310022013988	0.9951604113195696	atman	0.103	
PT2-PT1	ADM	0.08241	0.2238271044319231	0.9951604113195696	atman	0.103	
PT2-PT1	CA2	0.0823599999999999	0.6856211038172837	0.9951604113195696	atman	0.103	
PT2-PT1	LCAT	-0.08235	0.2609496059608291	0.9951604113195696	atman	0.103	
PT2-PT1	CREG1	-0.08213	0.2140407453822805	0.9951604113195696	atman	0.103	
PT2-PT1	MYOC	0.0820199999999999	0.6166310482630057	0.9951604113195696	atman	0.103	
PT2-PT1	SEPTIN8	0.0819999999999999	0.5571735703439726	0.9951604113195696	atman	0.103	
PT2-PT1	ARNT	0.08193	0.6043843895534058	0.9951604113195696	atman	0.103	
PT2-PT1	TNFRSF10B	-0.08192	0.3853733111810093	0.9951604113195696	atman	0.103	
PT2-PT1	REG4	-0.0817899999999999	0.2906371278732949	0.9951604113195696	atman	0.103	
PT2-PT1	IGF1R	0.0816444444444444	0.1430937377361913	0.9951604113195696	atman	0.103	
PT2-PT1	ENO2	0.08151	0.6598950617158903	0.9951604113195696	atman	0.103	
PT2-PT1	RBM19	0.0813333333333333	0.7657064675815322	0.9951604113195696	atman	0.103	
PT2-PT1	GLA	-0.0812444444444444	0.4814379599201852	0.9951604113195696	atman	0.103	
PT2-PT1	CR1	-0.08119	0.169055784894927	0.9951604113195696	atman	0.103	
PT2-PT1	SRPX	0.0811799999999999	0.3887777434751318	0.9951604113195696	atman	0.103	
PT2-PT1	GALNT10	0.0811222222222222	0.4300131059846339	0.9951604113195696	atman	0.103	
PT2-PT1	SDC4	-0.08108	0.6978700577936414	0.9951604113195696	atman	0.103	
PT2-PT1	IFI30	0.08102	0.4381069960937609	0.9951604113195696	atman	0.103	
PT2-PT1	GFRA2	0.0809888888888889	0.4277647422390624	0.9951604113195696	atman	0.103	
PT2-PT1	MSR1	-0.08096	0.2035237366042781	0.9951604113195696	atman	0.103	
PT2-PT1	TIMP1	0.08091	0.1428443914659136	0.9951604113195696	atman	0.103	
PT2-PT1	SPACA5_SPACA5B	-0.08084	0.6151035625921277	0.9951604113195696	atman	0.103	
PT2-PT1	FABP1	0.0808399999999999	0.867506314492374	0.9951604113195696	atman	0.103	
PT2-PT1	TUBB3	-0.0808	0.7736508400268218	0.9951604113195696	atman	0.103	
PT2-PT1	PODXL2	-0.08069	0.2345346678613267	0.9951604113195696	atman	0.103	
PT2-PT1	AFM	-0.08068	0.1563926632952994	0.9951604113195696	atman	0.103	
PT2-PT1	RAD51	-0.0806222222222222	0.6014015605324086	0.9951604113195696	atman	0.103	
PT2-PT1	PPP1R12A	0.0804499999999999	0.7895284622620689	0.9951604113195696	atman	0.103	
PT2-PT1	SCN2A	-0.0803888888888889	0.7503979857539815	0.9951604113195696	atman	0.103	
PT2-PT1	NRXN3	0.08032	0.585707507080895	0.9951604113195696	atman	0.103	
PT2-PT1	ANKRD54	0.0801699999999999	0.5073234827477835	0.9951604113195696	atman	0.103	
PT2-PT1	SLC34A3	0.0801399999999999	0.6464227595561778	0.9951604113195696	atman	0.103	
PT2-PT1	ACP5	-0.08007	0.1059388587408531	0.9951604113195696	atman	0.103	
PT2-PT1	LY96	-0.07984	0.3242458345296093	0.9951604113195696	atman	0.103	
PT2-PT1	MAMDC2	0.07973	0.5228264824177817	0.9951604113195696	atman	0.103	
PT2-PT1	GAMT	-0.0795888888888888	0.7190081828314301	0.9951604113195696	atman	0.103	
PT2-PT1	EGF	0.0795399999999999	0.7800107857612586	0.9951604113195696	atman	0.103	
PT2-PT1	CCN3	0.07948	0.2386056775316745	0.9951604113195696	atman	0.103	
PT2-PT1	SMAD2	-0.0794499999999999	0.3554982095775645	0.9951604113195696	atman	0.103	
PT2-PT1	ANGPT2	0.0793799999999999	0.4819366822958804	0.9951604113195696	atman	0.103	
PT2-PT1	CLEC2L	-0.0793499999999999	0.5378889152891091	0.9951604113195696	atman	0.103	
PT2-PT1	NDRG1	0.07934	0.7501421146602962	0.9951604113195696	atman	0.103	
PT2-PT1	PPME1	0.0792222222222223	0.7788989415406666	0.9951604113195696	atman	0.103	
PT2-PT1	KRT5	-0.0789699999999999	0.7460947279242891	0.9951604113195696	atman	0.103	
PT2-PT1	KIF22	0.0788999999999999	0.8051637868004682	0.9951604113195696	atman	0.103	
PT2-PT1	CRIP2	-0.0788899999999999	0.3544430668602705	0.9951604113195696	atman	0.103	
PT2-PT1	FKBP5	0.0788099999999999	0.7585281472610235	0.9951604113195696	atman	0.103	
PT2-PT1	HIP1R	0.07868	0.4747280983747819	0.9951604113195696	atman	0.103	
PT2-PT1	FAM20A	-0.07858	0.2949818237254717	0.9951604113195696	atman	0.103	
PT2-PT1	SLITRK2	0.0784199999999999	0.2145612103913996	0.9951604113195696	atman	0.103	
PT2-PT1	S100G	-0.07836	0.6727714368168087	0.9951604113195696	atman	0.103	
PT2-PT1	GP6	0.0783	0.7049472446772915	0.9951604113195696	atman	0.103	
PT2-PT1	GUCY2C	0.0782777777777777	0.8060280268472113	0.9951604113195696	atman	0.103	
PT2-PT1	SERPIND1	-0.07807	0.3000723249706232	0.9951604113195696	atman	0.103	
PT2-PT1	COPE	-0.07803	0.6855941887425134	0.9951604113195696	atman	0.103	
PT2-PT1	RALB	0.078011111111111	0.7014807822916445	0.9951604113195696	atman	0.103	
PT2-PT1	EGFLAM	0.07793	0.3294590121905556	0.9951604113195696	atman	0.103	
PT2-PT1	APCS	-0.07787	0.3122943203469339	0.9951604113195696	atman	0.103	
PT2-PT1	GAD2	-0.0778555555555555	0.6044205214480987	0.9951604113195696	atman	0.103	
PT2-PT1	CASP2	-0.0778375	0.7437886708348227	0.9951604113195696	atman	0.103	
PT2-PT1	PREB	0.07783	0.696820672124222	0.9951604113195696	atman	0.103	
PT2-PT1	SPINT1	0.07777	0.2350710693166919	0.9951604113195696	atman	0.103	
PT2-PT1	FAM3C	-0.07754	0.3567061036023164	0.9951604113195696	atman	0.103	
PT2-PT1	EVI5	-0.0774777777777777	0.7500633881099914	0.9951604113195696	atman	0.103	
PT2-PT1	NEB	-0.0774666666666667	0.7035049938230529	0.9951604113195696	atman	0.103	
PT2-PT1	VTI1A	0.0774555555555555	0.7029134180312582	0.9951604113195696	atman	0.103	
PT2-PT1	ATXN3	0.07738	0.6849689422171938	0.9951604113195696	atman	0.103	
PT2-PT1	PIBF1	0.07735	0.7056844186252924	0.9951604113195696	atman	0.103	
PT2-PT1	YJU2	-0.07728	0.6845839303754653	0.9951604113195696	atman	0.103	
PT2-PT1	CLEC4C	-0.0772625	0.2913125995817243	0.9951604113195696	atman	0.103	
PT2-PT1	GORASP2	0.0771799999999999	0.5347512223717938	0.9951604113195696	atman	0.103	
PT2-PT1	TRIM5	-0.0771624999999999	0.8037685833318475	0.9951604113195696	atman	0.103	
PT2-PT1	AMBN	-0.07704	0.6812389650768917	0.9951604113195696	atman	0.103	
PT2-PT1	IGSF3	-0.0769777777777778	0.2716705149570932	0.9951604113195696	atman	0.103	
PT2-PT1	FGFBP3	0.0769	0.2298640271593863	0.9951604113195696	atman	0.103	
PT2-PT1	CPB2	-0.07686	0.3325218326292281	0.9951604113195696	atman	0.103	
PT2-PT1	TXNDC5	0.0768399999999999	0.6740821518742297	0.9951604113195696	atman	0.103	
PT2-PT1	ENTPD5	0.0767888888888888	0.2242424584900397	0.9951604113195696	atman	0.103	
PT2-PT1	CGREF1	-0.0766499999999999	0.3322943095652126	0.9951604113195696	atman	0.103	
PT2-PT1	HEPH	-0.0765999999999999	0.3848305025931204	0.9951604113195696	atman	0.103	
PT2-PT1	MARS1	0.0765666666666666	0.6859895613771843	0.9951604113195696	atman	0.103	
PT2-PT1	PDCD1	0.0764199999999999	0.2939418604089825	0.9951604113195696	atman	0.103	
PT2-PT1	PPP1CC	0.0764199999999999	0.6293768055264668	0.9951604113195696	atman	0.103	
PT2-PT1	CD28	0.07616	0.6056345526173246	0.9951604113195696	atman	0.103	
PT2-PT1	MDGA1	-0.0760499999999999	0.1905116050351527	0.9951604113195696	atman	0.103	
PT2-PT1	CELA3A	0.0760399999999999	0.5910238530024481	0.9951604113195696	atman	0.103	
PT2-PT1	TPM3	0.0759555555555556	0.8496564130385604	0.9951604113195696	atman	0.103	
PT2-PT1	MORF4L2	0.0756999999999999	0.6771373533286611	0.9951604113195696	atman	0.103	
PT2-PT1	IL3RA	0.07569	0.5516547180618177	0.9951604113195696	atman	0.103	
PT2-PT1	PDE4D	0.075611111111111	0.7253889400721398	0.9951604113195696	atman	0.103	
PT2-PT1	MAP1LC3B2	0.0756	0.6663333106019635	0.9951604113195696	atman	0.103	
PT2-PT1	CHRDL1	-0.07555	0.1350201115998355	0.9951604113195696	atman	0.103	
PT2-PT1	GRPEL1	-0.0755444444444444	0.7213054476074752	0.9951604113195696	atman	0.103	
PT2-PT1	FIS1	0.07538	0.7366218995782239	0.9951604113195696	atman	0.103	
PT2-PT1	CD84	0.07525	0.5554396706234972	0.9951604113195696	atman	0.103	
PT2-PT1	CD300E	-0.0752099999999999	0.1839157311907333	0.9951604113195696	atman	0.103	
PT2-PT1	NFASC	-0.07493	0.2385898696297708	0.9951604113195696	atman	0.103	
PT2-PT1	IL1A	0.07483	0.7500868568371213	0.9951604113195696	atman	0.103	
PT2-PT1	CPPED1	0.0747799999999999	0.6121415983462122	0.9951604113195696	atman	0.103	
PT2-PT1	NCR1	0.074775	0.3525896650468128	0.9951604113195696	atman	0.103	
PT2-PT1	IGFBP3	-0.07466	0.1514693503062045	0.9951604113195696	atman	0.103	
PT2-PT1	JAM3	0.0745666666666666	0.513493877228314	0.9951604113195696	atman	0.103	
PT2-PT1	TGFA	-0.074525	0.4429399131346268	0.9951604113195696	atman	0.103	
PT2-PT1	PSCA	-0.07434	0.4430115442171582	0.9951604113195696	atman	0.103	
PT2-PT1	MSLNL	0.0742999999999999	0.7075977721686202	0.9951604113195696	atman	0.103	
PT2-PT1	IL10RA	0.07415	0.7702611554617149	0.9951604113195696	atman	0.103	
PT2-PT1	IL1B	-0.07403	0.7723398896360294	0.9951604113195696	atman	0.103	
PT2-PT1	NT5C1A	0.07399	0.7254030472045916	0.9951604113195696	atman	0.103	
PT2-PT1	HNRNPUL1	0.07399	0.4626914324284923	0.9951604113195696	atman	0.103	
PT2-PT1	CCNE1	-0.0739888888888888	0.5800671473275607	0.9951604113195696	atman	0.103	
PT2-PT1	KLK8	0.0738699999999999	0.1546141143424959	0.9951604113195696	atman	0.103	
PT2-PT1	TSPAN8	0.07379	0.5119279326182289	0.9951604113195696	atman	0.103	
PT2-PT1	GART	-0.0735599999999999	0.4627568147994187	0.9951604113195696	atman	0.103	
PT2-PT1	RABGAP1L	0.0735399999999999	0.6687818102852146	0.9951604113195696	atman	0.103	
PT2-PT1	TMPRSS11B	-0.0735222222222222	0.8499031100008212	0.9951604113195696	atman	0.103	
PT2-PT1	AXL	0.07318	0.2029491887346322	0.9951604113195696	atman	0.103	
PT2-PT1	CCL16	0.0731399999999999	0.4637144898009051	0.9951604113195696	atman	0.103	
PT2-PT1	APOM	-0.07311	0.3491122564156064	0.9951604113195696	atman	0.103	
PT2-PT1	C19orf12	-0.0731099999999999	0.8140484156264205	0.9951604113195696	atman	0.103	
PT2-PT1	MEGF10	-0.07297	0.1369225878894535	0.9951604113195696	atman	0.103	
PT2-PT1	SOD1	0.07283	0.5634974072642431	0.9951604113195696	atman	0.103	
PT2-PT1	PLB1	-0.0727699999999999	0.5809880183039065	0.9951604113195696	atman	0.103	
PT2-PT1	PSG1	-0.07276	0.5176195268289101	0.9951604113195696	atman	0.103	
PT2-PT1	FGF23	0.07267	0.367553842223292	0.9951604113195696	atman	0.103	
PT2-PT1	LACTB2	-0.07243	0.6897729310165754	0.9951604113195696	atman	0.103	
PT2-PT1	SPESP1	-0.07239	0.5578444309615431	0.9951604113195696	atman	0.103	
PT2-PT1	EPHA1	-0.07233	0.5395785557993946	0.9951604113195696	atman	0.103	
PT2-PT1	CLEC4M	-0.0723	0.3540567765418916	0.9951604113195696	atman	0.103	
PT2-PT1	YAP1	0.07219	0.4509310639879709	0.9951604113195696	atman	0.103	
PT2-PT1	CUZD1	0.0721799999999999	0.5659248481652288	0.9951604113195696	atman	0.103	
PT2-PT1	FNDC1	0.07217	0.5134755097123063	0.9951604113195696	atman	0.103	
PT2-PT1	FXYD5	0.07216	0.5362177103291117	0.9951604113195696	atman	0.103	
PT2-PT1	LGMN	-0.07214	0.1678974353768878	0.9951604113195696	atman	0.103	
PT2-PT1	EIF4B	0.0721299999999999	0.7343031288571489	0.9951604113195696	atman	0.103	
PT2-PT1	CLSTN2	0.07174	0.5181432472533696	0.9951604113195696	atman	0.103	
PT2-PT1	NENF	-0.0717299999999999	0.7852042412848195	0.9951604113195696	atman	0.103	
PT2-PT1	PNLIP	0.0715	0.5322244472090156	0.9951604113195696	atman	0.103	
PT2-PT1	KIFBP	-0.0713	0.7785363917628212	0.9951604113195696	atman	0.103	
PT2-PT1	ADGRE2	-0.07124	0.2917821228441704	0.9951604113195696	atman	0.103	
PT2-PT1	F12	-0.07124	0.4256302438477044	0.9951604113195696	atman	0.103	
PT2-PT1	CEBPA	0.0711777777777777	0.6961045053414354	0.9951604113195696	atman	0.103	
PT2-PT1	MTR	0.0711555555555555	0.8782831450935689	0.9951604113195696	atman	0.103	
PT2-PT1	SPINK2	-0.0711222222222222	0.2840600350721383	0.9951604113195696	atman	0.103	
PT2-PT1	SERPINI2	0.0711199999999999	0.3329736388643391	0.9951604113195696	atman	0.103	
PT2-PT1	PTN	0.0710999999999999	0.8329606896720558	0.9951604113195696	atman	0.103	
PT2-PT1	PALM	0.0710799999999999	0.301556822250012	0.9951604113195696	atman	0.103	
PT2-PT1	DBI	0.0710799999999999	0.6784743059011304	0.9951604113195696	atman	0.103	
PT2-PT1	CTSZ	-0.0710099999999999	0.3613101528666189	0.9951604113195696	atman	0.103	
PT2-PT1	AMOTL2	0.07078	0.4442272837601519	0.9951604113195696	atman	0.103	
PT2-PT1	GLP1R	0.0707222222222222	0.7411220672134937	0.9951604113195696	atman	0.103	
PT2-PT1	IL1RL1	0.07069	0.3706499662217357	0.9951604113195696	atman	0.103	
PT2-PT1	NOTCH3	-0.07066	0.3391690431166427	0.9951604113195696	atman	0.103	
PT2-PT1	PDIA5	0.0704599999999999	0.7585491938434101	0.9951604113195696	atman	0.103	
PT2-PT1	TREM2	-0.07043	0.221476494120377	0.9951604113195696	atman	0.103	
PT2-PT1	FAP	-0.07036	0.1527793443259937	0.9951604113195696	atman	0.103	
PT2-PT1	ANGPTL4	-0.0703499999999999	0.6637249644717345	0.9951604113195696	atman	0.103	
PT2-PT1	ITIH3	-0.0702499999999999	0.5471536772866725	0.9951604113195696	atman	0.103	
PT2-PT1	MCAM	-0.0700399999999999	0.3717765472860277	0.9951604113195696	atman	0.103	
PT2-PT1	CRKL	0.0699299999999998	0.824959330150465	0.9951604113195696	atman	0.103	
PT2-PT1	CCL24	-0.0699	0.2735679087580864	0.9951604113195696	atman	0.103	
PT2-PT1	IL17C	0.0698699999999999	0.7024794054766468	0.9951604113195696	atman	0.103	
PT2-PT1	COL28A1	0.06978	0.5521294409548432	0.9951604113195696	atman	0.103	
PT2-PT1	ST8SIA1	0.0694999999999999	0.693969115680195	0.9951604113195696	atman	0.103	
PT2-PT1	IGFBP4	0.06948	0.4681596427707333	0.9951604113195696	atman	0.103	
PT2-PT1	CD226	0.0694333333333333	0.8133402299143289	0.9951604113195696	atman	0.103	
PT2-PT1	SFRP1	0.0693999999999999	0.8028000107179798	0.9951604113195696	atman	0.103	
PT2-PT1	CD4	-0.06935	0.3982039873135257	0.9951604113195696	atman	0.103	
PT2-PT1	TNFRSF1B	0.06935	0.2343428424550309	0.9951604113195696	atman	0.103	
PT2-PT1	TNFRSF10C	-0.06932	0.1925585477820082	0.9951604113195696	atman	0.103	
PT2-PT1	FSTL1	0.0693	0.3285645645526924	0.9951604113195696	atman	0.103	
PT2-PT1	SERPINA7	0.0693	0.573362006359835	0.9951604113195696	atman	0.103	
PT2-PT1	PALM2	0.0691199999999999	0.6025179733744732	0.9951604113195696	atman	0.103	
PT2-PT1	CRLF1	-0.0691	0.3964581017792565	0.9951604113195696	atman	0.103	
PT2-PT1	PQBP1	0.06908	0.7481073294516429	0.9951604113195696	atman	0.103	
PT2-PT1	DEFB104A_DEFB104B	0.0690777777777778	0.6812278345822533	0.9951604113195696	atman	0.103	
PT2-PT1	FOLR3	-0.06906	0.155556340897415	0.9951604113195696	atman	0.103	
PT2-PT1	ADGRV1	-0.0689999999999999	0.8025956186441474	0.9951604113195696	atman	0.103	
PT2-PT1	TTN	-0.0689666666666667	0.9048747724362354	0.9951604113195696	atman	0.103	
PT2-PT1	FLT3LG	-0.06894	0.178790535526883	0.9951604113195696	atman	0.103	
PT2-PT1	CKB	0.06882	0.6627068719861646	0.9951604113195696	atman	0.103	
PT2-PT1	TIMM10	-0.06873	0.5087319795448593	0.9951604113195696	atman	0.103	
PT2-PT1	ATP2B4	0.0687222222222221	0.7780940798239624	0.9951604113195696	atman	0.103	
PT2-PT1	GAS2	0.0686888888888888	0.7279063591946315	0.9951604113195696	atman	0.103	
PT2-PT1	MAD1L1	0.06867	0.5691819525520272	0.9951604113195696	atman	0.103	
PT2-PT1	PLSCR3	0.0686599999999999	0.6993081815196429	0.9951604113195696	atman	0.103	
PT2-PT1	SNAP25	-0.0685888888888888	0.7218422555726234	0.9951604113195696	atman	0.103	
PT2-PT1	FADD	-0.06847	0.7052936306804218	0.9951604113195696	atman	0.103	
PT2-PT1	FKBPL	-0.0684099999999999	0.6995524058999314	0.9951604113195696	atman	0.103	
PT2-PT1	CXCL8	-0.0683299999999999	0.7054837811426646	0.9951604113195696	atman	0.103	
PT2-PT1	PIGR	-0.0681899999999999	0.6113451548279445	0.9951604113195696	atman	0.103	
PT2-PT1	SLAMF8	-0.06813	0.5574463301167771	0.9951604113195696	atman	0.103	
PT2-PT1	CD72	0.0681111111111111	0.2699266344818767	0.9951604113195696	atman	0.103	
PT2-PT1	RANGAP1	0.06799	0.6793685383120378	0.9951604113195696	atman	0.103	
PT2-PT1	FKBP1B	0.06797	0.5188940866631624	0.9951604113195696	atman	0.103	
PT2-PT1	RSPO3	0.06793	0.3905137094521334	0.9951604113195696	atman	0.103	
PT2-PT1	MSRA	0.06788	0.6925564880564044	0.9951604113195696	atman	0.103	
PT2-PT1	WWP2	0.0678399999999999	0.5912268351699539	0.9951604113195696	atman	0.103	
PT2-PT1	COMT	0.0677333333333332	0.76705150593317	0.9951604113195696	atman	0.103	
PT2-PT1	GID8	-0.0677	0.7279817031431615	0.9951604113195696	atman	0.103	
PT2-PT1	ERMAP	0.0676999999999999	0.601014593871277	0.9951604113195696	atman	0.103	
PT2-PT1	SFTPA2	0.0676399999999999	0.4507774100349591	0.9951604113195696	atman	0.103	
PT2-PT1	IL12RB1	-0.06759	0.8618909495222682	0.9951604113195696	atman	0.103	
PT2-PT1	LYPD1	0.06756	0.6683176858767148	0.9951604113195696	atman	0.103	
PT2-PT1	APOA1	-0.0675299999999999	0.4033476550999837	0.9951604113195696	atman	0.103	
PT2-PT1	PTGR1	-0.0674599999999999	0.6433406789575487	0.9951604113195696	atman	0.103	
PT2-PT1	PIKFYVE	0.0674222222222221	0.6734145441865631	0.9951604113195696	atman	0.103	
PT2-PT1	GABRA4	0.0672555555555555	0.8799097039173951	0.9951604113195696	atman	0.103	
PT2-PT1	AMY1A_AMY1B_AMY1C	-0.06725	0.2625779752439998	0.9951604113195696	atman	0.103	
PT2-PT1	AFP	-0.0672	0.3335442911255479	0.9951604113195696	atman	0.103	
PT2-PT1	PPM1A	-0.06708	0.6679973204742924	0.9951604113195696	atman	0.103	
PT2-PT1	RANBP2	0.0669666666666666	0.7062825650641684	0.9951604113195696	atman	0.103	
PT2-PT1	CRTAM	-0.06693	0.4146802547865538	0.9951604113195696	atman	0.103	
PT2-PT1	LTA4H	-0.0669199999999997	0.6495744408511324	0.9951604113195696	atman	0.103	
PT2-PT1	PODXL	-0.0669	0.554515932267329	0.9951604113195696	atman	0.103	
PT2-PT1	SCRIB	0.0668555555555555	0.778530927353787	0.9951604113195696	atman	0.103	
PT2-PT1	ADAM15	0.0668222222222222	0.3014656752583373	0.9951604113195696	atman	0.103	
PT2-PT1	ITGB2	-0.0667599999999999	0.1598550987371991	0.9951604113195696	atman	0.103	
PT2-PT1	FXN	0.0666	0.773931033090764	0.9951604113195696	atman	0.103	
PT2-PT1	EPHA2	0.0665222222222222	0.3075452945186567	0.9951604113195696	atman	0.103	
PT2-PT1	NGF	0.06651	0.28146863783389	0.9951604113195696	atman	0.103	
PT2-PT1	SULT2A1	-0.0664375	0.7209843307275896	0.9951604113195696	atman	0.103	
PT2-PT1	CLTA	0.0664333333333333	0.7873237178566876	0.9951604113195696	atman	0.103	
PT2-PT1	NOP56	0.0663666666666666	0.8230083643680957	0.9951604113195696	atman	0.103	
PT2-PT1	CST6	0.06626	0.1766831400983015	0.9951604113195696	atman	0.103	
PT2-PT1	COX6B1	-0.06623	0.7367501963068688	0.9951604113195696	atman	0.103	
PT2-PT1	SNX18	0.06615	0.6413458616715499	0.9951604113195696	atman	0.103	
PT2-PT1	DIPK2B	0.066111111111111	0.3427645815371316	0.9951604113195696	atman	0.103	
PT2-PT1	HAVCR2	0.06609	0.2738983887591666	0.9951604113195696	atman	0.103	
PT2-PT1	ULBP2	-0.0660399999999999	0.2488090729589158	0.9951604113195696	atman	0.103	
PT2-PT1	HS6ST2	-0.0660333333333333	0.3978799939154458	0.9951604113195696	atman	0.103	
PT2-PT1	PPIF	0.0657899999999999	0.6699513493638047	0.9951604113195696	atman	0.103	
PT2-PT1	CNPY4	0.0657333333333333	0.7411566295849581	0.9951604113195696	atman	0.103	
PT2-PT1	CD244	-0.0656499999999999	0.2621435059148773	0.9951604113195696	atman	0.103	
PT2-PT1	THPO	-0.0656444444444444	0.6422266406697275	0.9951604113195696	atman	0.103	
PT2-PT1	MFAP5	0.06541	0.1625976440453298	0.9951604113195696	atman	0.103	
PT2-PT1	CYTL1	0.0653899999999999	0.2566368645381007	0.9951604113195696	atman	0.103	
PT2-PT1	PROK1	-0.0653875	0.324002265432596	0.9951604113195696	atman	0.103	
PT2-PT1	BPIFB1	-0.0651499999999999	0.2240380886647446	0.9951604113195696	atman	0.103	
PT2-PT1	REG3A	-0.0650599999999999	0.2421338322102308	0.9951604113195696	atman	0.103	
PT2-PT1	SLC9A3R1	-0.0649222222222222	0.8198970122047617	0.9951604113195696	atman	0.103	
PT2-PT1	MMP1	-0.0648699999999999	0.7472075004769327	0.9951604113195696	atman	0.103	
PT2-PT1	NCAM2	-0.0647199999999999	0.2811351866230809	0.9951604113195696	atman	0.103	
PT2-PT1	VEGFA	-0.06468	0.4898487812114593	0.9951604113195696	atman	0.103	
PT2-PT1	FCRLB	-0.0646699999999999	0.596058531758922	0.9951604113195696	atman	0.103	
PT2-PT1	CA8	-0.0645111111111111	0.6655369829866933	0.9951604113195696	atman	0.103	
PT2-PT1	SEL1L	0.0644599999999999	0.4130252154099052	0.9951604113195696	atman	0.103	
PT2-PT1	CPQ	-0.06441	0.1415557640864064	0.9951604113195696	atman	0.103	
PT2-PT1	FSTL3	0.06414	0.4164832764230499	0.9951604113195696	atman	0.103	
PT2-PT1	ADGRF5	0.0641	0.3639858334426398	0.9951604113195696	atman	0.103	
PT2-PT1	KYNU	-0.06394	0.6358130814147953	0.9951604113195696	atman	0.103	
PT2-PT1	GPA33	0.0639333333333333	0.7210463721677036	0.9951604113195696	atman	0.103	
PT2-PT1	IZUMO1	-0.0639299999999999	0.5677970645072983	0.9951604113195696	atman	0.103	
PT2-PT1	ERBB2	-0.0638899999999999	0.3784509685640804	0.9951604113195696	atman	0.103	
PT2-PT1	NPTN	0.06375	0.7446913739646264	0.9951604113195696	atman	0.103	
PT2-PT1	BMP4	-0.0637	0.5401338345910696	0.9951604113195696	atman	0.103	
PT2-PT1	SCARB1	0.06369	0.73757078439824	0.9951604113195696	atman	0.103	
PT2-PT1	SNCG	-0.06365	0.5892180306434085	0.9951604113195696	atman	0.103	
PT2-PT1	HGF	0.06362	0.4989341066425556	0.9951604113195696	atman	0.103	
PT2-PT1	ITGA2	-0.0636111111111111	0.4997149967410021	0.9951604113195696	atman	0.103	
PT2-PT1	PINLYP	-0.0633444444444444	0.6630112351294561	0.9951604113195696	atman	0.103	
PT2-PT1	IRAK1	0.0633399999999999	0.7670015743460437	0.9951604113195696	atman	0.103	
PT2-PT1	RASA1	0.06329	0.520523755349759	0.9951604113195696	atman	0.103	
PT2-PT1	ACE2	0.0631777777777777	0.3841029979902606	0.9951604113195696	atman	0.103	
PT2-PT1	ITGB1BP2	0.0631666666666666	0.8337736690571882	0.9951604113195696	atman	0.103	
PT2-PT1	APOH	-0.06304	0.2482126979758894	0.9951604113195696	atman	0.103	
PT2-PT1	ROR1	-0.06291	0.4104883976380877	0.9951604113195696	atman	0.103	
PT2-PT1	GPRC5C	0.06291	0.525891054811932	0.9951604113195696	atman	0.103	
PT2-PT1	CES1	-0.06276	0.5785055443496696	0.9951604113195696	atman	0.103	
PT2-PT1	MYL4	-0.06273	0.6492110394979709	0.9951604113195696	atman	0.103	
PT2-PT1	AHNAK2	0.0627299999999999	0.4178063804795022	0.9951604113195696	atman	0.103	
PT2-PT1	DDX58	0.06269	0.6093617602442034	0.9951604113195696	atman	0.103	
PT2-PT1	IGF2R	-0.06267	0.3063475985313506	0.9951604113195696	atman	0.103	
PT2-PT1	SERPINF2	-0.06265	0.1115211941562213	0.9951604113195696	atman	0.103	
PT2-PT1	ZP3	-0.0626399999999998	0.4944001967805227	0.9951604113195696	atman	0.103	
PT2-PT1	LRRN1	0.06262	0.4213290370314302	0.9951604113195696	atman	0.103	
PT2-PT1	CLEC7A	-0.06261	0.1681417249064607	0.9951604113195696	atman	0.103	
PT2-PT1	GIPC3	0.0624099999999999	0.8302650762515968	0.9951604113195696	atman	0.103	
PT2-PT1	TBR1	0.06233	0.8231045288917191	0.9951604113195696	atman	0.103	
PT2-PT1	CD5L	-0.0623099999999999	0.152254365568373	0.9951604113195696	atman	0.103	
PT2-PT1	MATN2	0.0622599999999999	0.3648619745035371	0.9951604113195696	atman	0.103	
PT2-PT1	SCLY	-0.0621799999999999	0.7221985662861008	0.9951604113195696	atman	0.103	
PT2-PT1	HPGDS	-0.0621399999999999	0.5183186143800231	0.9951604113195696	atman	0.103	
PT2-PT1	LMNB2	0.0621099999999999	0.7079473190976273	0.9951604113195696	atman	0.103	
PT2-PT1	SCRIB	-0.0620299999999999	0.7921649940718218	0.9951604113195696	atman	0.103	
PT2-PT1	SCGB3A2	0.06195	0.5502022531590858	0.9951604113195696	atman	0.103	
PT2-PT1	NOMO1	-0.06189	0.2330225926917091	0.9951604113195696	atman	0.103	
PT2-PT1	TREML2	0.06166	0.3931674525679438	0.9951604113195696	atman	0.103	
PT2-PT1	CLEC1B	0.06161	0.8455174517858575	0.9951604113195696	atman	0.103	
PT2-PT1	SNAPIN	-0.06151	0.7635886153928029	0.9951604113195696	atman	0.103	
PT2-PT1	CD86	-0.0615099999999999	0.5422621279846993	0.9951604113195696	atman	0.103	
PT2-PT1	HMOX1	-0.06141	0.5447424363517297	0.9951604113195696	atman	0.103	
PT2-PT1	LAMB1	0.0613799999999999	0.4623704720200268	0.9951604113195696	atman	0.103	
PT2-PT1	LTBP2	0.06133	0.233164531264177	0.9951604113195696	atman	0.103	
PT2-PT1	ROBO2	-0.06131	0.3717926113194001	0.9951604113195696	atman	0.103	
PT2-PT1	AMY2B	-0.0612799999999999	0.3469032132326961	0.9951604113195696	atman	0.103	
PT2-PT1	CRHBP	0.06127	0.3645667359680273	0.9951604113195696	atman	0.103	
PT2-PT1	WFIKKN1	-0.0612499999999999	0.5416018323788361	0.9951604113195696	atman	0.103	
PT2-PT1	LY75	-0.0611249999999999	0.6308969202179553	0.9951604113195696	atman	0.103	
PT2-PT1	CBLN4	-0.0608	0.2785917762048049	0.9951604113195696	atman	0.103	
PT2-PT1	RCOR1	0.0606555555555555	0.5040021008668125	0.9951604113195696	atman	0.103	
PT2-PT1	CHAD	0.0605777777777777	0.4278993456099123	0.9951604113195696	atman	0.103	
PT2-PT1	IL15	-0.060525	0.5521598721800509	0.9951604113195696	atman	0.103	
PT2-PT1	CANT1	-0.0604499999999999	0.351127718283347	0.9951604113195696	atman	0.103	
PT2-PT1	AP3B1	-0.06043	0.8836605828367707	0.9951604113195696	atman	0.103	
PT2-PT1	SIL1	0.06038	0.4734611073425054	0.9951604113195696	atman	0.103	
PT2-PT1	PCSK7	-0.06026	0.5693005308086321	0.9951604113195696	atman	0.103	
PT2-PT1	STAT2	0.0601222222222222	0.7555620231592552	0.9951604113195696	atman	0.103	
PT2-PT1	PAXX	0.0600999999999999	0.5371841976123337	0.9951604113195696	atman	0.103	
PT2-PT1	PSMG4	-0.0600222222222221	0.815421332963598	0.9951604113195696	atman	0.103	
PT2-PT1	SNX2	-0.06	0.7540077339006488	0.9951604113195696	atman	0.103	
PT2-PT1	DUSP13	-0.0599999999999999	0.6745876591721434	0.9951604113195696	atman	0.103	
PT2-PT1	GRAP2	0.05994	0.8400135741263872	0.9951604113195696	atman	0.103	
PT2-PT1	DPEP2	-0.0598777777777778	0.6527649472306558	0.9951604113195696	atman	0.103	
PT2-PT1	LYN	-0.0597999999999999	0.8164123764539468	0.9951604113195696	atman	0.103	
PT2-PT1	NMNAT1	0.0596499999999999	0.7270707034796573	0.9951604113195696	atman	0.103	
PT2-PT1	STAB2	0.05957	0.2407672417421236	0.9951604113195696	atman	0.103	
PT2-PT1	CD55	0.05949	0.3802729954319828	0.9951604113195696	atman	0.103	
PT2-PT1	IL22	0.05947	0.694889992745181	0.9951604113195696	atman	0.103	
PT2-PT1	KIT	0.05935	0.2270271860024162	0.9951604113195696	atman	0.103	
PT2-PT1	DSG3	0.05933	0.3511342634261676	0.9951604113195696	atman	0.103	
PT2-PT1	LAMP3	-0.05904	0.3355605090752165	0.9951604113195696	atman	0.103	
PT2-PT1	TINAGL1	-0.05896	0.5048360685744886	0.9951604113195696	atman	0.103	
PT2-PT1	TLR3	-0.0589499999999999	0.3373506463229281	0.9951604113195696	atman	0.103	
PT2-PT1	FUOM	-0.0587999999999999	0.6588647536571646	0.9951604113195696	atman	0.103	
PT2-PT1	UGDH	-0.0586888888888888	0.7176312416950621	0.9951604113195696	atman	0.103	
PT2-PT1	FABP5	0.05862	0.729353003638433	0.9951604113195696	atman	0.103	
PT2-PT1	ERBB3	-0.05857	0.2292577511507527	0.9951604113195696	atman	0.103	
PT2-PT1	ENPP5	-0.0585199999999999	0.2250516682844394	0.9951604113195696	atman	0.103	
PT2-PT1	AKT3	0.0583999999999999	0.7325865211339251	0.9951604113195696	atman	0.103	
PT2-PT1	SULT1A1	0.0583499999999999	0.8718240337533638	0.9951604113195696	atman	0.103	
PT2-PT1	EPGN	-0.0583099999999999	0.4303530639766197	0.9951604113195696	atman	0.103	
PT2-PT1	CTSO	-0.05816	0.1117828053853036	0.9951604113195696	atman	0.103	
PT2-PT1	VTCN1	0.05813	0.7241662956124639	0.9951604113195696	atman	0.103	
PT2-PT1	PDP1	-0.05807	0.6086024581877718	0.9951604113195696	atman	0.103	
PT2-PT1	KLK15	-0.0579899999999999	0.7365291539986341	0.9951604113195696	atman	0.103	
PT2-PT1	BAMBI	0.05788	0.7104340900511863	0.9951604113195696	atman	0.103	
PT2-PT1	AXIN1	0.0576374999999999	0.8538171379409103	0.9951604113195696	atman	0.103	
PT2-PT1	SLC16A1	-0.05762	0.7733322694868829	0.9951604113195696	atman	0.103	
PT2-PT1	GGA1	0.0575399999999999	0.7848100546287569	0.9951604113195696	atman	0.103	
PT2-PT1	SEPTIN3	0.0575099999999999	0.6200469637278663	0.9951604113195696	atman	0.103	
PT2-PT1	ART3	0.05745	0.368878993957459	0.9951604113195696	atman	0.103	
PT2-PT1	CSNK1D	-0.0574444444444444	0.7271166552510842	0.9951604113195696	atman	0.103	
PT2-PT1	YWHAQ	0.0574444444444444	0.8083737894988778	0.9951604113195696	atman	0.103	
PT2-PT1	PAG1	0.0574222222222222	0.7879941369665149	0.9951604113195696	atman	0.103	
PT2-PT1	C1QTNF1	0.05741	0.2414717420657743	0.9951604113195696	atman	0.103	
PT2-PT1	CCL21	-0.05741	0.3077778416867955	0.9951604113195696	atman	0.103	
PT2-PT1	KDR	-0.0573599999999999	0.3264428120233624	0.9951604113195696	atman	0.103	
PT2-PT1	VMO1	-0.0572666666666666	0.4632994464263849	0.9951604113195696	atman	0.103	
PT2-PT1	HAVCR1	-0.05724	0.5891512684986764	0.9951604113195696	atman	0.103	
PT2-PT1	CLPS	0.0572399999999999	0.5479587406737534	0.9951604113195696	atman	0.103	
PT2-PT1	DOK1	0.05717	0.8665501619634006	0.9951604113195696	atman	0.103	
PT2-PT1	PSTPIP2	-0.0571666666666667	0.8372438624913796	0.9951604113195696	atman	0.103	
PT2-PT1	CD109	-0.05716	0.2471386996580871	0.9951604113195696	atman	0.103	
PT2-PT1	DFFA	0.0571099999999999	0.7314926432716691	0.9951604113195696	atman	0.103	
PT2-PT1	TSC1	-0.0570555555555555	0.679211221841006	0.9951604113195696	atman	0.103	
PT2-PT1	CADPS	0.05698	0.7011356161166593	0.9951604113195696	atman	0.103	
PT2-PT1	PRSS2	0.0569299999999999	0.3874045861303772	0.9951604113195696	atman	0.103	
PT2-PT1	SCN3B	-0.0568888888888889	0.7697601365358602	0.9951604113195696	atman	0.103	
PT2-PT1	IL31	0.0566888888888888	0.680751782491614	0.9951604113195696	atman	0.103	
PT2-PT1	ARNTL	0.0566444444444444	0.5969890751534117	0.9951604113195696	atman	0.103	
PT2-PT1	BRDT	0.0566	0.784867224383085	0.9951604113195696	atman	0.103	
PT2-PT1	TNF	-0.0566	0.637225020892981	0.9951604113195696	atman	0.103	
PT2-PT1	IL18BP	-0.05641	0.1553915346624563	0.9951604113195696	atman	0.103	
PT2-PT1	HS6ST1	0.0564	0.7138174337016221	0.9951604113195696	atman	0.103	
PT2-PT1	RABEPK	-0.0563599999999999	0.807621640423192	0.9951604113195696	atman	0.103	
PT2-PT1	INHBC	0.05627	0.6239475067699252	0.9951604113195696	atman	0.103	
PT2-PT1	PCBD1	0.0562333333333333	0.7713487334717248	0.9951604113195696	atman	0.103	
PT2-PT1	SEC31A	0.0561999999999999	0.6746070855697459	0.9951604113195696	atman	0.103	
PT2-PT1	TNFRSF4	-0.05611	0.3528148631975583	0.9951604113195696	atman	0.103	
PT2-PT1	CLEC12A	-0.0560222222222222	0.5726503992558509	0.9951604113195696	atman	0.103	
PT2-PT1	GZMB	0.0559999999999999	0.6974306788399152	0.9951604113195696	atman	0.103	
PT2-PT1	CALB2	0.0559	0.7058339950044075	0.9951604113195696	atman	0.103	
PT2-PT1	MMP9	0.05581	0.6819802181622094	0.9951604113195696	atman	0.103	
PT2-PT1	FAM171B	-0.0558	0.4586476379572137	0.9951604113195696	atman	0.103	
PT2-PT1	PON1	0.05578	0.4290473119640667	0.9951604113195696	atman	0.103	
PT2-PT1	TAFA5	0.0557666666666666	0.6285875639632721	0.9951604113195696	atman	0.103	
PT2-PT1	LAMA4	-0.05552	0.2146999646975842	0.9951604113195696	atman	0.103	
PT2-PT1	RTN4R	-0.05551	0.4882084924324428	0.9951604113195696	atman	0.103	
PT2-PT1	ICOSLG	-0.0554333333333333	0.4167458146870268	0.9951604113195696	atman	0.103	
PT2-PT1	KLK4	-0.05536	0.4013014609880732	0.9951604113195696	atman	0.103	
PT2-PT1	CD302	0.0553222222222222	0.5674733414642796	0.9951604113195696	atman	0.103	
PT2-PT1	TIGIT	0.0552999999999999	0.5894743119039325	0.9951604113195696	atman	0.103	
PT2-PT1	PDGFC	-0.05529	0.7666101919220512	0.9951604113195696	atman	0.103	
PT2-PT1	ECM1	0.0552899999999999	0.6234766704349028	0.9951604113195696	atman	0.103	
PT2-PT1	DGKA	-0.0552111111111111	0.7874515676988485	0.9951604113195696	atman	0.103	
PT2-PT1	OSBPL2	0.0552	0.5089597423504428	0.9951604113195696	atman	0.103	
PT2-PT1	MZB1	-0.0551299999999999	0.6291659217137382	0.9951604113195696	atman	0.103	
PT2-PT1	SLC4A1	0.0551099999999999	0.7274153386574194	0.9951604113195696	atman	0.103	
PT2-PT1	ASGR2	-0.05503	0.6060372946013028	0.9951604113195696	atman	0.103	
PT2-PT1	DIPK1C	-0.0549399999999999	0.8668432732528724	0.9951604113195696	atman	0.103	
PT2-PT1	VIT	0.05492	0.6334937402909477	0.9951604113195696	atman	0.103	
PT2-PT1	ITGB1	-0.05488	0.245644288295689	0.9951604113195696	atman	0.103	
PT2-PT1	CD79B	-0.05483	0.2967991232603433	0.9951604113195696	atman	0.103	
PT2-PT1	GLT8D2	0.05477	0.63846802640728	0.9951604113195696	atman	0.103	
PT2-PT1	WFIKKN2	-0.05477	0.3534414329633311	0.9951604113195696	atman	0.103	
PT2-PT1	SCARA5	0.0547599999999999	0.5503017444087017	0.9951604113195696	atman	0.103	
PT2-PT1	COL1A1	0.05475	0.4123687234945192	0.9951604113195696	atman	0.103	
PT2-PT1	HSPB1	-0.0546999999999999	0.8350948740555135	0.9951604113195696	atman	0.103	
PT2-PT1	CDAN1	0.05454	0.4012824605273852	0.9951604113195696	atman	0.103	
PT2-PT1	GPC5	0.0545099999999999	0.4906388732531044	0.9951604113195696	atman	0.103	
PT2-PT1	SLC51B	0.0545	0.7595511967437341	0.9951604113195696	atman	0.103	
PT2-PT1	ADAM9	-0.0544	0.637081467637109	0.9951604113195696	atman	0.103	
PT2-PT1	MEGF9	-0.0542599999999999	0.2373893731496288	0.9951604113195696	atman	0.103	
PT2-PT1	ALCAM	-0.05424	0.2685255640353086	0.9951604113195696	atman	0.103	
PT2-PT1	YY1	-0.0542111111111111	0.7992670058961764	0.9951604113195696	atman	0.103	
PT2-PT1	ERCC1	-0.05419	0.8273656466655164	0.9951604113195696	atman	0.103	
PT2-PT1	PROC	-0.05419	0.3246494651778469	0.9951604113195696	atman	0.103	
PT2-PT1	SPOCK1	-0.0540699999999999	0.3855507989711793	0.9951604113195696	atman	0.103	
PT2-PT1	CGB3_CGB5_CGB8	0.05405	0.8491887570420142	0.9951604113195696	atman	0.103	
PT2-PT1	NPTX2	0.05403	0.558828357083383	0.9951604113195696	atman	0.103	
PT2-PT1	C1R	-0.0537199999999999	0.3674040285778344	0.9951604113195696	atman	0.103	
PT2-PT1	CXCL8	0.05371	0.8016725682801034	0.9951604113195696	atman	0.103	
PT2-PT1	ASAH1	0.0536699999999999	0.6793965474335717	0.9951604113195696	atman	0.103	
PT2-PT1	PI16	-0.05363	0.334656003675406	0.9951604113195696	atman	0.103	
PT2-PT1	ST6GAL1	0.0536299999999999	0.4778632366261717	0.9951604113195696	atman	0.103	
PT2-PT1	SNU13	0.0535888888888888	0.7542229360120709	0.9951604113195696	atman	0.103	
PT2-PT1	IL5RA	-0.0535249999999999	0.6261812172774972	0.9951604113195696	atman	0.103	
PT2-PT1	MRC1	-0.05347	0.2118542355282717	0.9951604113195696	atman	0.103	
PT2-PT1	MAPKAPK2	0.0534444444444444	0.8211678941270573	0.9951604113195696	atman	0.103	
PT2-PT1	AKAP12	-0.0533111111111111	0.4657003193276154	0.9951604113195696	atman	0.103	
PT2-PT1	DKKL1	-0.0532444444444444	0.5621632500061857	0.9951604113195696	atman	0.103	
PT2-PT1	PPP1R14A	-0.0530999999999999	0.8307968490558288	0.9951604113195696	atman	0.103	
PT2-PT1	SHISA5	-0.05307	0.5542646106525992	0.9951604113195696	atman	0.103	
PT2-PT1	EDEM2	0.0530444444444444	0.7973710142065884	0.9951604113195696	atman	0.103	
PT2-PT1	VCAM1	-0.05299	0.1663262326041272	0.9951604113195696	atman	0.103	
PT2-PT1	VPS37A	0.0529333333333333	0.818674277808997	0.9951604113195696	atman	0.103	
PT2-PT1	CCL25	-0.0529099999999999	0.4968212975900155	0.9951604113195696	atman	0.103	
PT2-PT1	ICAM3	-0.05286	0.1690117375588453	0.9951604113195696	atman	0.103	
PT2-PT1	ESM1	-0.0527099999999999	0.3894480776556359	0.9951604113195696	atman	0.103	
PT2-PT1	PON2	-0.0526333333333333	0.6641953907204825	0.9951604113195696	atman	0.103	
PT2-PT1	HBQ1	0.05259	0.5921253068911947	0.9951604113195696	atman	0.103	
PT2-PT1	HDDC2	0.05254	0.4118258990929551	0.9951604113195696	atman	0.103	
PT2-PT1	TMCO5A	0.0524499999999999	0.7394791827321956	0.9951604113195696	atman	0.103	
PT2-PT1	METAP2	0.0524399999999999	0.798543235129868	0.9951604113195696	atman	0.103	
PT2-PT1	TMED1	0.0524222222222222	0.8110363112622889	0.9951604113195696	atman	0.103	
PT2-PT1	DEFB118	-0.0523777777777777	0.7504505222006486	0.9951604113195696	atman	0.103	
PT2-PT1	AOC3	-0.0523499999999999	0.2182751027762079	0.9951604113195696	atman	0.103	
PT2-PT1	TPK1	-0.0522199999999999	0.4336086213116807	0.9951604113195696	atman	0.103	
PT2-PT1	ITGAX	-0.0522	0.9007208850059604	0.9951604113195696	atman	0.103	
PT2-PT1	EIF1AX	0.0522	0.7146585253553657	0.9951604113195696	atman	0.103	
PT2-PT1	ENTPD6	0.0521999999999999	0.5797137577681784	0.9951604113195696	atman	0.103	
PT2-PT1	IL17A	-0.05217	0.7571120318799944	0.9951604113195696	atman	0.103	
PT2-PT1	CXCL1	-0.0520799999999999	0.8159904568189156	0.9951604113195696	atman	0.103	
PT2-PT1	AGRP	-0.05205	0.8178441020438969	0.9951604113195696	atman	0.103	
PT2-PT1	SATB1	-0.05201	0.5547157291189686	0.9951604113195696	atman	0.103	
PT2-PT1	FGD3	-0.0519899999999999	0.8705009687760721	0.9951604113195696	atman	0.103	
PT2-PT1	IL12B	-0.05195	0.2131302245428314	0.9951604113195696	atman	0.103	
PT2-PT1	SEMA3F	-0.05194	0.4628833791209752	0.9951604113195696	atman	0.103	
PT2-PT1	NHLRC3	-0.0517666666666666	0.4782686098868256	0.9951604113195696	atman	0.103	
PT2-PT1	PRKRA	0.0517399999999999	0.6975179220931635	0.9951604113195696	atman	0.103	
PT2-PT1	IL6R	-0.05169	0.3944502000479124	0.9951604113195696	atman	0.103	
PT2-PT1	LXN	0.0516299999999999	0.6588440944382654	0.9951604113195696	atman	0.103	
PT2-PT1	FOLR2	0.05155	0.3201320616970555	0.9951604113195696	atman	0.103	
PT2-PT1	DSG2	0.0515399999999999	0.4296897065487699	0.9951604113195696	atman	0.103	
PT2-PT1	CD1C	-0.05153	0.3075977811296939	0.9951604113195696	atman	0.103	
PT2-PT1	TNFSF9	0.0514111111111111	0.6559174574511213	0.9951604113195696	atman	0.103	
PT2-PT1	FAM171A2	-0.0513899999999999	0.6338021757681398	0.9951604113195696	atman	0.103	
PT2-PT1	BCHE	-0.05138	0.3753621467903616	0.9951604113195696	atman	0.103	
PT2-PT1	HK2	0.0513111111111111	0.8426282714120086	0.9951604113195696	atman	0.103	
PT2-PT1	NAMPT	-0.0511799999999999	0.8346998601076965	0.9951604113195696	atman	0.103	
PT2-PT1	TNFSF10	-0.05116	0.1398145720199732	0.9951604113195696	atman	0.103	
PT2-PT1	ADAMTS4	0.0510333333333333	0.8837537438780818	0.9951604113195696	atman	0.103	
PT2-PT1	IL18	-0.0510299999999999	0.4657556325735241	0.9951604113195696	atman	0.103	
PT2-PT1	FHIP2A	0.0510222222222221	0.830481959281439	0.9951604113195696	atman	0.103	
PT2-PT1	MME	0.0508999999999999	0.8093287954045456	0.9951604113195696	atman	0.103	
PT2-PT1	ITGA11	0.0507625	0.6165718732639123	0.9951604113195696	atman	0.103	
PT2-PT1	JPT2	0.0507099999999999	0.8544005189934478	0.9951604113195696	atman	0.103	
PT2-PT1	EFNA4	-0.0507	0.180290699926962	0.9951604113195696	atman	0.103	
PT2-PT1	CCN5	0.05067	0.5287729302275137	0.9951604113195696	atman	0.103	
PT2-PT1	OGN	-0.05063	0.6059903350967355	0.9951604113195696	atman	0.103	
PT2-PT1	PRDX1	0.05059	0.5672596359240907	0.9951604113195696	atman	0.103	
PT2-PT1	MMP8	-0.0504999999999999	0.6824311547501796	0.9951604113195696	atman	0.103	
PT2-PT1	ERP44	-0.0503555555555555	0.4160201827387317	0.9951604113195696	atman	0.103	
PT2-PT1	AKT2	0.05025	0.8531617730648808	0.9951604113195696	atman	0.103	
PT2-PT1	TCN1	0.0502	0.5589651146300771	0.9951604113195696	atman	0.103	
PT2-PT1	EFNB2	-0.05019	0.8494884299686027	0.9951604113195696	atman	0.103	
PT2-PT1	ROBO4	0.05011	0.5561291007626872	0.9951604113195696	atman	0.103	
PT2-PT1	SPART	-0.0501	0.8175084951993259	0.9951604113195696	atman	0.103	
PT2-PT1	IL17RB	-0.0499624999999999	0.4008621839568715	0.9951604113195696	atman	0.103	
PT2-PT1	PFDN4	-0.04989	0.8141666151909295	0.9951604113195696	atman	0.103	
PT2-PT1	SPRED2	-0.0498888888888888	0.8183491757076373	0.9951604113195696	atman	0.103	
PT2-PT1	ICAM1	-0.0498699999999999	0.2070966379566425	0.9951604113195696	atman	0.103	
PT2-PT1	DBN1	0.0498666666666666	0.805035914487366	0.9951604113195696	atman	0.103	
PT2-PT1	ADAMTS15	0.0498666666666666	0.6018060759647219	0.9951604113195696	atman	0.103	
PT2-PT1	AGER	0.0498499999999999	0.5708751144424573	0.9951604113195696	atman	0.103	
PT2-PT1	PNPT1	0.0498299999999999	0.7759494437837189	0.9951604113195696	atman	0.103	
PT2-PT1	ITGAV	-0.0498199999999999	0.2624192438458577	0.9951604113195696	atman	0.103	
PT2-PT1	SCARF2	-0.04979	0.4053771080691406	0.9951604113195696	atman	0.103	
PT2-PT1	SPINT2	-0.0496399999999999	0.4182673860569923	0.9951604113195696	atman	0.103	
PT2-PT1	PDCD1LG2	-0.0496222222222222	0.6468946139744414	0.9951604113195696	atman	0.103	
PT2-PT1	DNPH1	0.0494699999999999	0.7896537317094912	0.9951604113195696	atman	0.103	
PT2-PT1	TGFBR2	0.0494299999999999	0.210677259668254	0.9951604113195696	atman	0.103	
PT2-PT1	STC1	-0.0494099999999999	0.6539203396191677	0.9951604113195696	atman	0.103	
PT2-PT1	C1QL2	0.0493222222222222	0.7672523147680343	0.9951604113195696	atman	0.103	
PT2-PT1	RPA2	0.0492666666666666	0.7692876546008882	0.9951604113195696	atman	0.103	
PT2-PT1	USP25	0.04917	0.8015241002222893	0.9951604113195696	atman	0.103	
PT2-PT1	ECHS1	0.04914	0.8464710796905792	0.9951604113195696	atman	0.103	
PT2-PT1	CD34	-0.04908	0.3428761284893444	0.9951604113195696	atman	0.103	
PT2-PT1	HTRA2	-0.0490699999999999	0.7608630798985514	0.9951604113195696	atman	0.103	
PT2-PT1	CFHR5	-0.04906	0.3871306878157972	0.9951604113195696	atman	0.103	
PT2-PT1	MANSC1	-0.0489999999999999	0.2866985297591244	0.9951604113195696	atman	0.103	
PT2-PT1	MDK	0.04892	0.6604406958357609	0.9951604113195696	atman	0.103	
PT2-PT1	F11	0.04891	0.169579520830944	0.9951604113195696	atman	0.103	
PT2-PT1	DSG4	-0.0487777777777777	0.7526936565006537	0.9951604113195696	atman	0.103	
PT2-PT1	CREBZF	0.0487599999999999	0.797157322046707	0.9951604113195696	atman	0.103	
PT2-PT1	CD80	-0.04862	0.8295265827904368	0.9951604113195696	atman	0.103	
PT2-PT1	LGALS1	0.04856	0.5459607849148442	0.9951604113195696	atman	0.103	
PT2-PT1	CA13	-0.0484499999999999	0.8490657423171553	0.9951604113195696	atman	0.103	
PT2-PT1	GCNT1	0.0482444444444444	0.6873490901895727	0.9951604113195696	atman	0.103	
PT2-PT1	ITGB1BP1	-0.04824	0.8352666710425769	0.9951604113195696	atman	0.103	
PT2-PT1	IL1R2	-0.04815	0.2738984775876742	0.9951604113195696	atman	0.103	
PT2-PT1	LTBP3	0.0480999999999999	0.6439444121091489	0.9951604113195696	atman	0.103	
PT2-PT1	MAP2K1	0.0479999999999999	0.8601482487125272	0.9951604113195696	atman	0.103	
PT2-PT1	APP	-0.04789	0.7414998113045963	0.9951604113195696	atman	0.103	
PT2-PT1	TXN	0.0478499999999999	0.8040475723315803	0.9951604113195696	atman	0.103	
PT2-PT1	H2AP	-0.0475700000000001	0.8878397067527772	0.9951604113195696	atman	0.103	
PT2-PT1	KLRD1	-0.04756	0.3379573879083899	0.9951604113195696	atman	0.103	
PT2-PT1	GUCA2A	0.0475399999999999	0.4963275123405477	0.9951604113195696	atman	0.103	
PT2-PT1	ACY3	-0.0474666666666666	0.7528572573011094	0.9951604113195696	atman	0.103	
PT2-PT1	LRG1	0.0474499999999999	0.6092345618119683	0.9951604113195696	atman	0.103	
PT2-PT1	PTPRS	-0.0474199999999999	0.4508434831205461	0.9951604113195696	atman	0.103	
PT2-PT1	GLO1	-0.0472666666666668	0.7631488299195732	0.9951604113195696	atman	0.103	
PT2-PT1	PKLR	0.04718	0.8045605759281698	0.9951604113195696	atman	0.103	
PT2-PT1	SSC5D	-0.04706	0.5715570342357907	0.9951604113195696	atman	0.103	
PT2-PT1	CLNS1A	-0.04703	0.6853538670310271	0.9951604113195696	atman	0.103	
PT2-PT1	BAG6	0.0470222222222222	0.7531043382626235	0.9951604113195696	atman	0.103	
PT2-PT1	NRN1	-0.04695	0.7527997142443599	0.9951604113195696	atman	0.103	
PT2-PT1	C7orf50	0.04692	0.4355696162323166	0.9951604113195696	atman	0.103	
PT2-PT1	VGF	0.04688	0.6986055021545563	0.9951604113195696	atman	0.103	
PT2-PT1	NRP2	-0.04687	0.6443111837578472	0.9951604113195696	atman	0.103	
PT2-PT1	CFH	-0.0467399999999999	0.3591748055713539	0.9951604113195696	atman	0.103	
PT2-PT1	ICAM2	-0.0467399999999999	0.317836067144192	0.9951604113195696	atman	0.103	
PT2-PT1	DAG1	0.0467199999999999	0.6935290882754788	0.9951604113195696	atman	0.103	
PT2-PT1	AREG	0.0467111111111111	0.6658141827755388	0.9951604113195696	atman	0.103	
PT2-PT1	PGLYRP4	-0.0465666666666666	0.7818777727546347	0.9951604113195696	atman	0.103	
PT2-PT1	TMPRSS11D	-0.04649	0.6813763072099108	0.9951604113195696	atman	0.103	
PT2-PT1	GLB1	-0.0464	0.6247684098936046	0.9951604113195696	atman	0.103	
PT2-PT1	IL2RB	0.0463999999999999	0.8619227291308205	0.9951604113195696	atman	0.103	
PT2-PT1	TP53INP1	-0.0462444444444444	0.5958135157027766	0.9951604113195696	atman	0.103	
PT2-PT1	PDZK1	-0.046211111111111	0.6999301028876708	0.9951604113195696	atman	0.103	
PT2-PT1	DNAJB2	0.0461666666666666	0.8363952697237351	0.9951604113195696	atman	0.103	
PT2-PT1	CTSL	-0.0460899999999999	0.3340174981540593	0.9951604113195696	atman	0.103	
PT2-PT1	RECK	0.0460699999999999	0.4639913622620213	0.9951604113195696	atman	0.103	
PT2-PT1	BATF	0.04605	0.7738604201068431	0.9951604113195696	atman	0.103	
PT2-PT1	BCAM	0.0460499999999999	0.5087839646591139	0.9951604113195696	atman	0.103	
PT2-PT1	WASF1	0.0459777777777778	0.8583460558024796	0.9951604113195696	atman	0.103	
PT2-PT1	ADAMTS13	-0.0458399999999999	0.3563564243032646	0.9951604113195696	atman	0.103	
PT2-PT1	VSIR	0.04576	0.7340967718011071	0.9951604113195696	atman	0.103	
PT2-PT1	SNAP23	-0.04573	0.8909675478976586	0.9951604113195696	atman	0.103	
PT2-PT1	USO1	-0.0456777777777777	0.8850865824602228	0.9951604113195696	atman	0.103	
PT2-PT1	PZP	-0.04567	0.5768014842579392	0.9951604113195696	atman	0.103	
PT2-PT1	ADAMTSL4	-0.04563	0.6273029147232361	0.9951604113195696	atman	0.103	
PT2-PT1	EDAR	0.0456125	0.7457184214509309	0.9951604113195696	atman	0.103	
PT2-PT1	FTCD	-0.0455499999999999	0.8571401370896199	0.9951604113195696	atman	0.103	
PT2-PT1	CD7	-0.0455333333333333	0.7518749567669809	0.9951604113195696	atman	0.103	
PT2-PT1	ZNRF4	0.04551	0.7516701979824962	0.9951604113195696	atman	0.103	
PT2-PT1	SOST	-0.04549	0.7116173185517365	0.9951604113195696	atman	0.103	
PT2-PT1	GFRA3	0.04541	0.4988612086036976	0.9951604113195696	atman	0.103	
PT2-PT1	DDX53	-0.0453799999999999	0.8460363669764568	0.9951604113195696	atman	0.103	
PT2-PT1	AZU1	-0.0453499999999999	0.8397567414544351	0.9951604113195696	atman	0.103	
PT2-PT1	COCH	0.04528	0.5924068059166332	0.9951604113195696	atman	0.103	
PT2-PT1	DLK1	-0.0452199999999999	0.4290774602304128	0.9951604113195696	atman	0.103	
PT2-PT1	OFD1	-0.0450444444444444	0.8037431036240092	0.9951604113195696	atman	0.103	
PT2-PT1	PLPBP	0.04498	0.8359887418451577	0.9951604113195696	atman	0.103	
PT2-PT1	CASP8	0.0449499999999999	0.7998884635781875	0.9951604113195696	atman	0.103	
PT2-PT1	AMY2A	-0.04491	0.4683713577513946	0.9951604113195696	atman	0.103	
PT2-PT1	PRRT3	0.0448599999999999	0.5596435621115927	0.9951604113195696	atman	0.103	
PT2-PT1	EVPL	-0.0447444444444444	0.8799692929568246	0.9951604113195696	atman	0.103	
PT2-PT1	CD14	-0.04468	0.5686545079361465	0.9951604113195696	atman	0.103	
PT2-PT1	PRG3	-0.0446299999999999	0.5613490431161501	0.9951604113195696	atman	0.103	
PT2-PT1	CXCL5	-0.0445999999999999	0.8902171770824767	0.9951604113195696	atman	0.103	
PT2-PT1	CTRC	-0.04458	0.7219743479070135	0.9951604113195696	atman	0.103	
PT2-PT1	F13B	-0.0445099999999999	0.5870080047597717	0.9951604113195696	atman	0.103	
PT2-PT1	REG1A	-0.04448	0.4770542246174607	0.9951604113195696	atman	0.103	
PT2-PT1	FGFR4	-0.0444777777777777	0.719466729178516	0.9951604113195696	atman	0.103	
PT2-PT1	SELPLG	-0.0444374999999999	0.6426750455974508	0.9951604113195696	atman	0.103	
PT2-PT1	PLAUR	0.04443	0.4102810434996935	0.9951604113195696	atman	0.103	
PT2-PT1	GALNT7	0.0443666666666666	0.565237556163404	0.9951604113195696	atman	0.103	
PT2-PT1	SIAE	0.04417	0.7435205986137761	0.9951604113195696	atman	0.103	
PT2-PT1	DBH	-0.04402	0.2171277861399714	0.9951604113195696	atman	0.103	
PT2-PT1	LCN2	0.04394	0.3524072274601217	0.9951604113195696	atman	0.103	
PT2-PT1	EPHB4	0.04389	0.4776540868540053	0.9951604113195696	atman	0.103	
PT2-PT1	HCG22	0.0438333333333333	0.8537925440117822	0.9951604113195696	atman	0.103	
PT2-PT1	SERPINA9	-0.0437777777777777	0.6389057977932031	0.9951604113195696	atman	0.103	
PT2-PT1	PGA4	0.04371	0.5191874743189127	0.9951604113195696	atman	0.103	
PT2-PT1	MAP2	0.04365	0.5710174940839403	0.9951604113195696	atman	0.103	
PT2-PT1	ARG1	0.0435799999999999	0.8347317251783823	0.9951604113195696	atman	0.103	
PT2-PT1	GMPR	0.0434799999999999	0.8241580366321031	0.9951604113195696	atman	0.103	
PT2-PT1	GET3	-0.04335	0.8111205830573769	0.9951604113195696	atman	0.103	
PT2-PT1	GGACT	0.0432399999999999	0.7499737946052754	0.9951604113195696	atman	0.103	
PT2-PT1	PSME1	-0.04322	0.7017486058268712	0.9951604113195696	atman	0.103	
PT2-PT1	SEZ6L2	-0.0431666666666666	0.5168096436228506	0.9951604113195696	atman	0.103	
PT2-PT1	PEBP1	0.0431599999999999	0.8112982553483381	0.9951604113195696	atman	0.103	
PT2-PT1	RBFOX3	-0.04311	0.8531357036362968	0.9951604113195696	atman	0.103	
PT2-PT1	KLB	-0.04307	0.8109513755120714	0.9951604113195696	atman	0.103	
PT2-PT1	AKR1B1	0.0430599999999999	0.8665228322601923	0.9951604113195696	atman	0.103	
PT2-PT1	CD36	-0.0430555555555555	0.7433897163255476	0.9951604113195696	atman	0.103	
PT2-PT1	COMP	-0.0430499999999999	0.4008766090044862	0.9951604113195696	atman	0.103	
PT2-PT1	MPO	0.04303	0.6891240221165393	0.9951604113195696	atman	0.103	
PT2-PT1	NEK7	0.0429333333333333	0.7231657162905132	0.9951604113195696	atman	0.103	
PT2-PT1	NMT1	-0.04289	0.8088053607821979	0.9951604113195696	atman	0.103	
PT2-PT1	NAPRT	0.0428599999999999	0.6954930393711163	0.9951604113195696	atman	0.103	
PT2-PT1	HDAC8	0.0427888888888888	0.8432273250344098	0.9951604113195696	atman	0.103	
PT2-PT1	HRG	0.0427	0.482369632166999	0.9951604113195696	atman	0.103	
PT2-PT1	APOF	0.0425999999999999	0.3127829400283637	0.9951604113195696	atman	0.103	
PT2-PT1	THTPA	0.0424999999999999	0.8438562883895053	0.9951604113195696	atman	0.103	
PT2-PT1	SERPINA3	0.04238	0.2896881805387181	0.9951604113195696	atman	0.103	
PT2-PT1	MASP1	-0.0422699999999999	0.6269456006711014	0.9951604113195696	atman	0.103	
PT2-PT1	ANG	0.04226	0.5259367725183703	0.9951604113195696	atman	0.103	
PT2-PT1	GAGE2A	-0.04215	0.8555101885387131	0.9951604113195696	atman	0.103	
PT2-PT1	LILRA3	-0.0421399999999999	0.4077071389525357	0.9951604113195696	atman	0.103	
PT2-PT1	IRAG2	0.0421111111111111	0.8497649787285086	0.9951604113195696	atman	0.103	
PT2-PT1	CTSC	-0.042	0.7028335018508178	0.9951604113195696	atman	0.103	
PT2-PT1	SELE	-0.04187	0.4383493172372812	0.9951604113195696	atman	0.103	
PT2-PT1	MFAP3L	0.0417999999999999	0.8466339866715746	0.9951604113195696	atman	0.103	
PT2-PT1	PRR4	-0.0417777777777777	0.7668083999343038	0.9951604113195696	atman	0.103	
PT2-PT1	LYZL2	0.04177	0.7679569254785035	0.9951604113195696	atman	0.103	
PT2-PT1	PDGFRB	-0.04176	0.2726201517504636	0.9951604113195696	atman	0.103	
PT2-PT1	TBC1D17	0.0416599999999999	0.7139642281948362	0.9951604113195696	atman	0.103	
PT2-PT1	LSP1	-0.0415874999999999	0.8488466647513908	0.9951604113195696	atman	0.103	
PT2-PT1	CHIT1	-0.0415199999999999	0.318466883757565	0.9951604113195696	atman	0.103	
PT2-PT1	LILRB1	-0.04151	0.2766951914826556	0.9951604113195696	atman	0.103	
PT2-PT1	CPOX	0.0414555555555555	0.7069119054285915	0.9951604113195696	atman	0.103	
PT2-PT1	DOK2	0.04143	0.885907586944632	0.9951604113195696	atman	0.103	
PT2-PT1	ATRAID	0.0413699999999999	0.6347810314672779	0.9951604113195696	atman	0.103	
PT2-PT1	SERPINB9	-0.04132	0.735946153588833	0.9951604113195696	atman	0.103	
PT2-PT1	LGALS3BP	-0.0412799999999999	0.6841132938479599	0.9951604113195696	atman	0.103	
PT2-PT1	SERPINF1	0.04123	0.2232734672455147	0.9951604113195696	atman	0.103	
PT2-PT1	LIF	-0.04108	0.8948813508799343	0.9951604113195696	atman	0.103	
PT2-PT1	IST1	0.041	0.912145331317223	0.9951604113195696	atman	0.103	
PT2-PT1	FRMD7	-0.04099	0.8902830731479658	0.9951604113195696	atman	0.103	
PT2-PT1	LRRC25	0.0407888888888889	0.6511589313530743	0.9951604113195696	atman	0.103	
PT2-PT1	AMPD3	0.0407599999999999	0.8098350220618002	0.9951604113195696	atman	0.103	
PT2-PT1	PRSS53	-0.04074	0.5643545773836061	0.9951604113195696	atman	0.103	
PT2-PT1	CD48	-0.04073	0.3053211918607827	0.9951604113195696	atman	0.103	
PT2-PT1	CBLIF	0.0407	0.5040453488018897	0.9951604113195696	atman	0.103	
PT2-PT1	NADK	-0.04063	0.6162779255395436	0.9951604113195696	atman	0.103	
PT2-PT1	CNDP1	0.04059	0.6933663358379152	0.9951604113195696	atman	0.103	
PT2-PT1	VSIG10	-0.04058	0.7876781449092307	0.9951604113195696	atman	0.103	
PT2-PT1	DCTD	0.0405555555555555	0.8833354927994477	0.9951604113195696	atman	0.103	
PT2-PT1	EPS8L2	-0.04052	0.5345645205208118	0.9951604113195696	atman	0.103	
PT2-PT1	DDT	-0.04051	0.7267672008673469	0.9951604113195696	atman	0.103	
PT2-PT1	COLEC12	-0.04038	0.444335707206241	0.9951604113195696	atman	0.103	
PT2-PT1	SNCA	-0.0403111111111111	0.938056765694912	0.9951604113195696	atman	0.103	
PT2-PT1	POLR2A	-0.0402444444444444	0.780756146987643	0.9951604113195696	atman	0.103	
PT2-PT1	CXCL3	0.0402299999999999	0.8966793470435115	0.9951604113195696	atman	0.103	
PT2-PT1	EPCAM	0.0402	0.8085179420433237	0.9951604113195696	atman	0.103	
PT2-PT1	BCL2	-0.04008	0.7432239415063073	0.9951604113195696	atman	0.103	
PT2-PT1	CD200	-0.0400625	0.70946069208385	0.9951604113195696	atman	0.103	
PT2-PT1	CCL8	-0.0399999999999999	0.5962337321606344	0.9951604113195696	atman	0.103	
PT2-PT1	CDH1	0.03991	0.4687399481981935	0.9951604113195696	atman	0.103	
PT2-PT1	PLXNB2	-0.03991	0.3805815433982724	0.9951604113195696	atman	0.103	
PT2-PT1	IGSF8	-0.03987	0.5160112527074028	0.9951604113195696	atman	0.103	
PT2-PT1	LAIR1	-0.0398599999999999	0.4692586162199241	0.9951604113195696	atman	0.103	
PT2-PT1	RAB6A	-0.0398499999999999	0.9013620478759894	0.9951604113195696	atman	0.103	
PT2-PT1	GNPDA2	0.0398	0.5707880733575266	0.9951604113195696	atman	0.103	
PT2-PT1	CRISP3	0.03962	0.4617118212073694	0.9951604113195696	atman	0.103	
PT2-PT1	HMBS	0.0396	0.8727879636356266	0.9951604113195696	atman	0.103	
PT2-PT1	SGSH	-0.0395	0.5766453065169357	0.9951604113195696	atman	0.103	
PT2-PT1	CD274	-0.0394999999999999	0.7830680120530915	0.9951604113195696	atman	0.103	
PT2-PT1	ANPEP	-0.0394	0.5781190212273888	0.9951604113195696	atman	0.103	
PT2-PT1	ORM1	0.03936	0.4543909116076501	0.9951604113195696	atman	0.103	
PT2-PT1	ERBB4	-0.0392499999999999	0.4251419131154494	0.9951604113195696	atman	0.103	
PT2-PT1	EEF1D	0.0390399999999999	0.8818978258210783	0.9951604113195696	atman	0.103	
PT2-PT1	CTSD	0.0390199999999999	0.407969969052071	0.9951604113195696	atman	0.103	
PT2-PT1	TPP1	-0.0388699999999999	0.4108885033818399	0.9951604113195696	atman	0.103	
PT2-PT1	NFYA	0.0388555555555556	0.8313522800657625	0.9951604113195696	atman	0.103	
PT2-PT1	L3HYPDH	0.0387899999999999	0.8254520193507573	0.9951604113195696	atman	0.103	
PT2-PT1	TGOLN2	0.03862	0.6458125235958261	0.9951604113195696	atman	0.103	
PT2-PT1	TNR	0.0385999999999999	0.5785118540383392	0.9951604113195696	atman	0.103	
PT2-PT1	LRRC37A2	-0.03859	0.6411088016494764	0.9951604113195696	atman	0.103	
PT2-PT1	AARSD1	-0.0385666666666666	0.8533795640996948	0.9951604113195696	atman	0.103	
PT2-PT1	DNPEP	0.03853	0.8632810310222889	0.9951604113195696	atman	0.103	
PT2-PT1	EFHD1	0.03847	0.7815204365365556	0.9951604113195696	atman	0.103	
PT2-PT1	CHL1	-0.03846	0.2684050198194372	0.9951604113195696	atman	0.103	
PT2-PT1	IL13RA1	-0.03846	0.142476205824451	0.9951604113195696	atman	0.103	
PT2-PT1	CLMP	0.0384599999999999	0.3825098007175311	0.9951604113195696	atman	0.103	
PT2-PT1	LAT2	-0.0384333333333333	0.9115199624379184	0.9951604113195696	atman	0.103	
PT2-PT1	PSAP	0.0383599999999999	0.5714638411865804	0.9951604113195696	atman	0.103	
PT2-PT1	CRYGD	0.0383099999999999	0.8263430736830815	0.9951604113195696	atman	0.103	
PT2-PT1	KLRF1	-0.0382999999999999	0.7085842560698459	0.9951604113195696	atman	0.103	
PT2-PT1	DPT	-0.0382499999999999	0.3848559250053929	0.9951604113195696	atman	0.103	
PT2-PT1	STK4	-0.0382299999999999	0.8708505849328991	0.9951604113195696	atman	0.103	
PT2-PT1	USP28	-0.03811	0.7590106191476815	0.9951604113195696	atman	0.103	
PT2-PT1	NCS1	0.03807	0.5024573677114088	0.9951604113195696	atman	0.103	
PT2-PT1	FKBP14	-0.03803	0.8618934097095341	0.9951604113195696	atman	0.103	
PT2-PT1	ADGRE5	-0.0379699999999999	0.3857887904035619	0.9951604113195696	atman	0.103	
PT2-PT1	LHPP	0.0379499999999999	0.811588124223763	0.9951604113195696	atman	0.103	
PT2-PT1	ENPP2	0.0378599999999999	0.4417751864245236	0.9951604113195696	atman	0.103	
PT2-PT1	ATP5PO	-0.0376899999999999	0.9100612703080976	0.9951604113195696	atman	0.103	
PT2-PT1	GDNF	-0.0376799999999999	0.8705145748301328	0.9951604113195696	atman	0.103	
PT2-PT1	PROCR	0.0376444444444444	0.8825642865756267	0.9951604113195696	atman	0.103	
PT2-PT1	TIMP3	-0.0375299999999999	0.8451213022949373	0.9951604113195696	atman	0.103	
PT2-PT1	LSM1	-0.0374899999999999	0.8660369804401284	0.9951604113195696	atman	0.103	
PT2-PT1	LCN15	-0.03745	0.7749479350485702	0.9951604113195696	atman	0.103	
PT2-PT1	EHBP1	0.03742	0.8204329860773079	0.9951604113195696	atman	0.103	
PT2-PT1	HSPB6	0.0374199999999999	0.8733450714317796	0.9951604113195696	atman	0.103	
PT2-PT1	SEMA4D	0.03737	0.5208429304163689	0.9951604113195696	atman	0.103	
PT2-PT1	CD22	-0.03723	0.4092006410140636	0.9951604113195696	atman	0.103	
PT2-PT1	PPP1R9B	0.0371900000000001	0.8839139503797131	0.9951604113195696	atman	0.103	
PT2-PT1	UMOD	-0.03708	0.5288536623926334	0.9951604113195696	atman	0.103	
PT2-PT1	PTPRB	-0.03704	0.6270987058526059	0.9951604113195696	atman	0.103	
PT2-PT1	IL10RB	-0.03703	0.4813406055543296	0.9951604113195696	atman	0.103	
PT2-PT1	PHLDB1	0.03701	0.9104551296744924	0.9951604113195696	atman	0.103	
PT2-PT1	SCARF1	0.03699	0.7562838788587436	0.9951604113195696	atman	0.103	
PT2-PT1	FGF12	0.0369444444444444	0.8638358745461912	0.9951604113195696	atman	0.103	
PT2-PT1	PSMC3	0.03691	0.8944426292578587	0.9951604113195696	atman	0.103	
PT2-PT1	CA14	-0.0367899999999999	0.7050203026287196	0.9951604113195696	atman	0.103	
PT2-PT1	F2	0.03674	0.6212227192407134	0.9951604113195696	atman	0.103	
PT2-PT1	GGT5	0.03673	0.5580469867397251	0.9951604113195696	atman	0.103	
PT2-PT1	DPP4	-0.0367	0.4447476603163562	0.9951604113195696	atman	0.103	
PT2-PT1	VSNL1	0.0366499999999999	0.7872182590811538	0.9951604113195696	atman	0.103	
PT2-PT1	CTF1	0.036511111111111	0.9065435702803452	0.9951604113195696	atman	0.103	
PT2-PT1	ERBIN	0.0365	0.9194850426889742	0.9951604113195696	atman	0.103	
PT2-PT1	IL22RA1	0.0364499999999999	0.8744592076468538	0.9951604113195696	atman	0.103	
PT2-PT1	PRKG1	-0.0364444444444442	0.8940745027445136	0.9951604113195696	atman	0.103	
PT2-PT1	B4GAT1	-0.03643	0.6922788800326349	0.9951604113195696	atman	0.103	
PT2-PT1	IFNGR1	0.03643	0.2486176207483525	0.9951604113195696	atman	0.103	
PT2-PT1	FLRT2	-0.03639	0.6353986786473409	0.9951604113195696	atman	0.103	
PT2-PT1	ADAM22	-0.0362499999999999	0.6410294225764317	0.9951604113195696	atman	0.103	
PT2-PT1	TPSD1	0.03624	0.8629403136961511	0.9951604113195696	atman	0.103	
PT2-PT1	NUMB	0.0361999999999999	0.8959804438488426	0.9951604113195696	atman	0.103	
PT2-PT1	SPON2	0.0361299999999999	0.6894456062032079	0.9951604113195696	atman	0.103	
PT2-PT1	LATS1	0.0360555555555555	0.8936570816921252	0.9951604113195696	atman	0.103	
PT2-PT1	C7	-0.03599	0.4453905059401868	0.9951604113195696	atman	0.103	
PT2-PT1	HSD17B3	-0.0359444444444444	0.8861797908013067	0.9951604113195696	atman	0.103	
PT2-PT1	TST	0.03594	0.8603145644506818	0.9951604113195696	atman	0.103	
PT2-PT1	TGFB1	0.03594	0.6035358187224136	0.9951604113195696	atman	0.103	
PT2-PT1	OGT	-0.0359222222222222	0.8729992239274273	0.9951604113195696	atman	0.103	
PT2-PT1	NLGN1	-0.0359	0.8475086737024666	0.9951604113195696	atman	0.103	
PT2-PT1	FBLN2	0.03578	0.720680119566041	0.9951604113195696	atman	0.103	
PT2-PT1	CNTN1	-0.0357799999999999	0.4330435837889275	0.9951604113195696	atman	0.103	
PT2-PT1	CXCL6	0.03573	0.8741096387272997	0.9951604113195696	atman	0.103	
PT2-PT1	HSD11B1	-0.0357249999999999	0.8762867655631175	0.9951604113195696	atman	0.103	
PT2-PT1	TPMT	-0.0354999999999999	0.8051700119644354	0.9951604113195696	atman	0.103	
PT2-PT1	SKAP2	0.0354899999999999	0.8941672679752803	0.9951604113195696	atman	0.103	
PT2-PT1	NPPC	0.0354625	0.6648627977184514	0.9951604113195696	atman	0.103	
PT2-PT1	TALDO1	0.03537	0.7318200298177255	0.9951604113195696	atman	0.103	
PT2-PT1	RNF4	0.0353666666666666	0.9031813961531228	0.9951604113195696	atman	0.103	
PT2-PT1	PGLYRP2	0.0353599999999999	0.5779567555481211	0.9951604113195696	atman	0.103	
PT2-PT1	TIMM8A	0.0353099999999999	0.8635141381849774	0.9951604113195696	atman	0.103	
PT2-PT1	ELAC1	0.03529	0.8688987445657124	0.9951604113195696	atman	0.103	
PT2-PT1	CWC15	0.03524	0.7291816147588883	0.9951604113195696	atman	0.103	
PT2-PT1	ALDH1A1	0.03516	0.8291790698320405	0.9951604113195696	atman	0.103	
PT2-PT1	HADH	-0.0349888888888888	0.8657603946784023	0.9951604113195696	atman	0.103	
PT2-PT1	APBB1IP	-0.0349888888888888	0.8610844723442528	0.9951604113195696	atman	0.103	
PT2-PT1	MEPE	-0.03497	0.3444065622839511	0.9951604113195696	atman	0.103	
PT2-PT1	HYOU1	0.03492	0.5279565170214608	0.9951604113195696	atman	0.103	
PT2-PT1	CILP	0.03486	0.7711057365392209	0.9951604113195696	atman	0.103	
PT2-PT1	LRPAP1	-0.03486	0.5234103822428282	0.9951604113195696	atman	0.103	
PT2-PT1	ADGRG1	0.0348444444444444	0.7722029409074587	0.9951604113195696	atman	0.103	
PT2-PT1	TCOF1	0.03482	0.6748382310130869	0.9951604113195696	atman	0.103	
PT2-PT1	STX5	-0.0347666666666666	0.8207630715796626	0.9951604113195696	atman	0.103	
PT2-PT1	FCRL6	-0.0347624999999999	0.4853372685098085	0.9951604113195696	atman	0.103	
PT2-PT1	RBP1	0.03471	0.7832503202575989	0.9951604113195696	atman	0.103	
PT2-PT1	CEMIP2	-0.0346666666666666	0.7231705950277107	0.9951604113195696	atman	0.103	
PT2-PT1	TNFRSF19	0.0346	0.54164964552576	0.9951604113195696	atman	0.103	
PT2-PT1	L1CAM	-0.03456	0.5567871678132987	0.9951604113195696	atman	0.103	
PT2-PT1	CSF2RA	0.0345199999999999	0.7603299055772288	0.9951604113195696	atman	0.103	
PT2-PT1	FCER2	-0.0344599999999999	0.6374350680699528	0.9951604113195696	atman	0.103	
PT2-PT1	MAPRE3	-0.03445	0.8307630370134911	0.9951604113195696	atman	0.103	
PT2-PT1	TSHB	-0.03444	0.8971346836860754	0.9951604113195696	atman	0.103	
PT2-PT1	IDO1	0.03439	0.7959616636554645	0.9951604113195696	atman	0.103	
PT2-PT1	CCS	0.03437	0.7917188247141513	0.9951604113195696	atman	0.103	
PT2-PT1	RARRES1	-0.03431	0.7352807071962655	0.9951604113195696	atman	0.103	
PT2-PT1	TNFRSF21	-0.0343	0.5437138887229418	0.9951604113195696	atman	0.103	
PT2-PT1	PPM1F	0.0342199999999999	0.8574990187639349	0.9951604113195696	atman	0.103	
PT2-PT1	KIR2DL3	0.0341899999999999	0.7398516855198174	0.9951604113195696	atman	0.103	
PT2-PT1	LIPF	0.03414	0.6951775597008094	0.9951604113195696	atman	0.103	
PT2-PT1	RABEP1	-0.0340999999999999	0.8862410279209465	0.9951604113195696	atman	0.103	
PT2-PT1	PTH	0.0340899999999999	0.9148218535651936	0.9951604113195696	atman	0.103	
PT2-PT1	B4GALT1	-0.03404	0.6209736686124221	0.9951604113195696	atman	0.103	
PT2-PT1	PDE5A	-0.0339888888888889	0.9014296196571197	0.9951604113195696	atman	0.103	
PT2-PT1	BST2	0.03398	0.6679736322582499	0.9951604113195696	atman	0.103	
PT2-PT1	TGM2	-0.03396	0.8601057915865664	0.9951604113195696	atman	0.103	
PT2-PT1	PPT1	-0.0339099999999999	0.7977018832767211	0.9951604113195696	atman	0.103	
PT2-PT1	ANGPT1	0.03388	0.882479308897232	0.9951604113195696	atman	0.103	
PT2-PT1	DPEP1	-0.03385	0.5273662146885685	0.9951604113195696	atman	0.103	
PT2-PT1	PSMG3	0.0338375	0.8589631064008745	0.9951604113195696	atman	0.103	
PT2-PT1	TADA3	-0.0337299999999999	0.9296258285058336	0.9951604113195696	atman	0.103	
PT2-PT1	SUGT1	0.0336799999999999	0.8737117631550249	0.9951604113195696	atman	0.103	
PT2-PT1	MCEE	-0.0336699999999999	0.8278854998363874	0.9951604113195696	atman	0.103	
PT2-PT1	NLGN2	0.0336555555555555	0.9224650402847896	0.9951604113195696	atman	0.103	
PT2-PT1	GNE	0.03359	0.733221090249329	0.9951604113195696	atman	0.103	
PT2-PT1	GNAS	-0.03348	0.7596172046774528	0.9951604113195696	atman	0.103	
PT2-PT1	PLTP	-0.0333899999999999	0.472701881055189	0.9951604113195696	atman	0.103	
PT2-PT1	GAS6	0.03316	0.249099260774662	0.9951604113195696	atman	0.103	
PT2-PT1	GNLY	0.03316	0.6494959146714181	0.9951604113195696	atman	0.103	
PT2-PT1	CD300LF	-0.03315	0.579755815359474	0.9951604113195696	atman	0.103	
PT2-PT1	LILRB2	0.0330499999999999	0.4230259937117262	0.9951604113195696	atman	0.103	
PT2-PT1	NCAM1	-0.03304	0.563455323828058	0.9951604113195696	atman	0.103	
PT2-PT1	TEF	-0.0330222222222222	0.8780611514393977	0.9951604113195696	atman	0.103	
PT2-PT1	CLEC14A	0.0329999999999999	0.7306871676327096	0.9951604113195696	atman	0.103	
PT2-PT1	VWC2	0.03296	0.5847207020391454	0.9951604113195696	atman	0.103	
PT2-PT1	DBNL	0.0329599999999999	0.9139472936478484	0.9951604113195696	atman	0.103	
PT2-PT1	CLU	-0.03279	0.697701764756133	0.9951604113195696	atman	0.103	
PT2-PT1	SPARCL1	-0.03274	0.2990191429225977	0.9951604113195696	atman	0.103	
PT2-PT1	CCL19	-0.0326999999999999	0.7223493155126244	0.9951604113195696	atman	0.103	
PT2-PT1	IGLON5	-0.0326999999999999	0.9149733286945034	0.9951604113195696	atman	0.103	
PT2-PT1	SERPINA5	0.03267	0.5411165732168657	0.9951604113195696	atman	0.103	
PT2-PT1	KCNIP4	-0.0326399999999999	0.8785759314811932	0.9951604113195696	atman	0.103	
PT2-PT1	DTX3	-0.0325111111111111	0.745690098032435	0.9951604113195696	atman	0.103	
PT2-PT1	ROBO1	-0.03251	0.5429639973795044	0.9951604113195696	atman	0.103	
PT2-PT1	MATN3	-0.03243	0.4621089451468947	0.9951604113195696	atman	0.103	
PT2-PT1	FCGR2B	-0.0323500000000001	0.8726005683220222	0.9951604113195696	atman	0.103	
PT2-PT1	PPY	-0.0322499999999999	0.7737286579863825	0.9951604113195696	atman	0.103	
PT2-PT1	CHMP6	0.0321999999999999	0.7856674202224034	0.9951604113195696	atman	0.103	
PT2-PT1	PGLYRP1	-0.0320899999999999	0.1756522159368629	0.9951604113195696	atman	0.103	
PT2-PT1	RBP5	0.0320111111111111	0.8894366610222233	0.9951604113195696	atman	0.103	
PT2-PT1	IL12A_IL12B	-0.0319777777777778	0.8477161138612481	0.9951604113195696	atman	0.103	
PT2-PT1	PDIA2	0.0318499999999999	0.8803435199651477	0.9951604113195696	atman	0.103	
PT2-PT1	ITGB7	-0.03183	0.4914419317995366	0.9951604113195696	atman	0.103	
PT2-PT1	EPO	-0.031775	0.8011655922692054	0.9951604113195696	atman	0.103	
PT2-PT1	FCAR	0.03175	0.818835258729671	0.9951604113195696	atman	0.103	
PT2-PT1	COL15A1	0.03172	0.3126810793969918	0.9951604113195696	atman	0.103	
PT2-PT1	EBI3_IL27	-0.03171	0.4653990807032455	0.9951604113195696	atman	0.103	
PT2-PT1	TGFBR1	0.0315999999999999	0.6919407479552	0.9951604113195696	atman	0.103	
PT2-PT1	TCTN3	-0.0315499999999999	0.6575234847243698	0.9951604113195696	atman	0.103	
PT2-PT1	MMP10	-0.03153	0.7793472673251851	0.9951604113195696	atman	0.103	
PT2-PT1	CTSH	0.0314222222222221	0.8312401924489057	0.9951604113195696	atman	0.103	
PT2-PT1	LDLR	0.0313	0.7779486501088198	0.9951604113195696	atman	0.103	
PT2-PT1	WDR46	-0.03126	0.825863470306289	0.9951604113195696	atman	0.103	
PT2-PT1	MMP15	-0.0312299999999999	0.7990272346012415	0.9951604113195696	atman	0.103	
PT2-PT1	BTN2A1	0.03116	0.4856693117532917	0.9951604113195696	atman	0.103	
PT2-PT1	CRELD2	0.0310899999999999	0.7910513953471368	0.9951604113195696	atman	0.103	
PT2-PT1	UROD	-0.0310666666666665	0.8947820800839108	0.9951604113195696	atman	0.103	
PT2-PT1	EFCAB14	0.0309599999999999	0.7130062096469527	0.9951604113195696	atman	0.103	
PT2-PT1	FOLR1	-0.0307899999999999	0.6373056076228754	0.9951604113195696	atman	0.103	
PT2-PT1	THBD	-0.0307499999999999	0.701339141554167	0.9951604113195696	atman	0.103	
PT2-PT1	DSC2	-0.03062	0.3749516754680835	0.9951604113195696	atman	0.103	
PT2-PT1	DYNC1H1	-0.03059	0.7801033546396889	0.9951604113195696	atman	0.103	
PT2-PT1	PRCP	-0.0305899999999999	0.537457023615334	0.9951604113195696	atman	0.103	
PT2-PT1	ACHE	-0.0305555555555555	0.74340548519362	0.9951604113195696	atman	0.103	
PT2-PT1	FGF6	0.0305444444444444	0.8473559688967227	0.9951604113195696	atman	0.103	
PT2-PT1	SLC12A2	0.0304222222222222	0.9007724620211192	0.9951604113195696	atman	0.103	
PT2-PT1	MLN	0.0303375	0.9072812674707342	0.9951604113195696	atman	0.103	
PT2-PT1	SPON1	-0.02992	0.7007519152892172	0.9951604113195696	atman	0.103	
PT2-PT1	AAMDC	-0.02983	0.8530741370045147	0.9951604113195696	atman	0.103	
PT2-PT1	CA4	-0.02982	0.499802745059648	0.9951604113195696	atman	0.103	
PT2-PT1	MSTN	-0.0297222222222222	0.8609119841837951	0.9951604113195696	atman	0.103	
PT2-PT1	VASH1	-0.0296374999999999	0.8719982453693926	0.9951604113195696	atman	0.103	
PT2-PT1	MRPS16	-0.0296333333333333	0.8259112516797535	0.9951604113195696	atman	0.103	
PT2-PT1	NAGPA	-0.0295333333333333	0.7146767866514103	0.9951604113195696	atman	0.103	
PT2-PT1	APOC1	-0.0295199999999999	0.7808970724560127	0.9951604113195696	atman	0.103	
PT2-PT1	KRT19	-0.0294874999999999	0.8223493977174718	0.9951604113195696	atman	0.103	
PT2-PT1	CD46	0.02933	0.5858001643569362	0.9951604113195696	atman	0.103	
PT2-PT1	DMD	0.0292499999999999	0.9295881618068392	0.9951604113195696	atman	0.103	
PT2-PT1	BMPER	-0.0291222222222222	0.5907081219414199	0.9951604113195696	atman	0.103	
PT2-PT1	NFAT5	-0.0290555555555555	0.9148192703214466	0.9951604113195696	atman	0.103	
PT2-PT1	XG	0.0290099999999999	0.510019371149188	0.9951604113195696	atman	0.103	
PT2-PT1	KAZALD1	0.0288666666666666	0.7355061824159506	0.9951604113195696	atman	0.103	
PT2-PT1	BNIP2	0.0288599999999999	0.8595349086979291	0.9951604113195696	atman	0.103	
PT2-PT1	TXNDC15	-0.0288299999999999	0.3976679807628458	0.9951604113195696	atman	0.103	
PT2-PT1	DHRS4L2	0.02881	0.791615715937044	0.9951604113195696	atman	0.103	
PT2-PT1	STX4	0.0288	0.9025795306137998	0.9951604113195696	atman	0.103	
PT2-PT1	TSPAN7	-0.0287222222222222	0.9127419828631732	0.9951604113195696	atman	0.103	
PT2-PT1	NOTCH1	-0.02859	0.4570555164402408	0.9951604113195696	atman	0.103	
PT2-PT1	CCDC50	-0.02851	0.7614008073486644	0.9951604113195696	atman	0.103	
PT2-PT1	CCN2	0.0284499999999999	0.8460483994940173	0.9951604113195696	atman	0.103	
PT2-PT1	IDS	-0.0284399999999999	0.3039318439435958	0.9951604113195696	atman	0.103	
PT2-PT1	SMAD3	0.0283899999999999	0.91281909796913	0.9951604113195696	atman	0.103	
PT2-PT1	TNFRSF8	-0.0283299999999999	0.6432803845486135	0.9951604113195696	atman	0.103	
PT2-PT1	DDI2	-0.0283111111111111	0.8850355375516346	0.9951604113195696	atman	0.103	
PT2-PT1	KIAA2013	-0.0282899999999999	0.8009313089248273	0.9951604113195696	atman	0.103	
PT2-PT1	C5	0.02824	0.545536083454075	0.9951604113195696	atman	0.103	
PT2-PT1	MTSS1	-0.0281599999999999	0.9084399024166908	0.9951604113195696	atman	0.103	
PT2-PT1	CD69	0.02798	0.9068803154691	0.9951604113195696	atman	0.103	
PT2-PT1	TRIAP1	-0.0278799999999999	0.8828501974150438	0.9951604113195696	atman	0.103	
PT2-PT1	KLK10	0.0278099999999999	0.530516592312055	0.9951604113195696	atman	0.103	
PT2-PT1	EPPK1	0.0277499999999999	0.8427515895894633	0.9951604113195696	atman	0.103	
PT2-PT1	TNFSF13	-0.0276499999999999	0.4825907631082211	0.9951604113195696	atman	0.103	
PT2-PT1	LGALS9	-0.02761	0.4398576008528581	0.9951604113195696	atman	0.103	
PT2-PT1	CD248	-0.02748	0.8176620372278234	0.9951604113195696	atman	0.103	
PT2-PT1	CD6	-0.0274	0.716576808549394	0.9951604113195696	atman	0.103	
PT2-PT1	CDCP1	-0.0273999999999999	0.748282362329117	0.9951604113195696	atman	0.103	
PT2-PT1	CPVL	-0.02739	0.8284079291388182	0.9951604113195696	atman	0.103	
PT2-PT1	TNFRSF13C	0.0272399999999999	0.8711096899816346	0.9951604113195696	atman	0.103	
PT2-PT1	RIDA	-0.0271888888888889	0.9027327956061524	0.9951604113195696	atman	0.103	
PT2-PT1	ESAM	0.02718	0.6336050661271782	0.9951604113195696	atman	0.103	
PT2-PT1	RNASEH2A	-0.02716	0.6815873626155187	0.9951604113195696	atman	0.103	
PT2-PT1	IGDCC4	0.0271399999999999	0.7475729315228867	0.9951604113195696	atman	0.103	
PT2-PT1	CD40LG	0.02701	0.9093763734631866	0.9951604113195696	atman	0.103	
PT2-PT1	RNASET2	-0.02699	0.33614328072639	0.9951604113195696	atman	0.103	
PT2-PT1	GHRHR	-0.0269799999999999	0.9112378084703008	0.9951604113195696	atman	0.103	
PT2-PT1	VPS4B	0.02676	0.8997983679050225	0.9951604113195696	atman	0.103	
PT2-PT1	ADAMTSL5	0.02676	0.8372546950946775	0.9951604113195696	atman	0.103	
PT2-PT1	ODAM	0.02676	0.8574737186343839	0.9951604113195696	atman	0.103	
PT2-PT1	AHSG	0.0267399999999999	0.7616247700375229	0.9951604113195696	atman	0.103	
PT2-PT1	CALB1	-0.0267333333333333	0.8936637964194132	0.9951604113195696	atman	0.103	
PT2-PT1	TPT1	-0.02671	0.92226901775603	0.9951604113195696	atman	0.103	
PT2-PT1	TANK	0.02666	0.9453685187178076	0.9951604113195696	atman	0.103	
PT2-PT1	GCHFR	-0.0265888888888889	0.8676892947532524	0.9951604113195696	atman	0.103	
PT2-PT1	PEPD	0.0265299999999999	0.759908253723028	0.9951604113195696	atman	0.103	
PT2-PT1	CEP112	0.0265222222222222	0.8817843321824577	0.9951604113195696	atman	0.103	
PT2-PT1	SOD3	0.02644	0.6966906272266529	0.9951604113195696	atman	0.103	
PT2-PT1	HLA-E	-0.0263625	0.7413097789083352	0.9951604113195696	atman	0.103	
PT2-PT1	CHMP1A	0.0263099999999999	0.9189144892093128	0.9951604113195696	atman	0.103	
PT2-PT1	CCL27	0.02625	0.909357093720598	0.9951604113195696	atman	0.103	
PT2-PT1	TEK	-0.0262399999999999	0.3107919372823011	0.9951604113195696	atman	0.103	
PT2-PT1	APOL1	-0.0262299999999999	0.6366904504926834	0.9951604113195696	atman	0.103	
PT2-PT1	SPINK6	0.02617	0.8050851566504869	0.9951604113195696	atman	0.103	
PT2-PT1	VSTM1	0.0261699999999999	0.8881832972699379	0.9951604113195696	atman	0.103	
PT2-PT1	PLG	-0.0261599999999999	0.7025027035892428	0.9951604113195696	atman	0.103	
PT2-PT1	JAM2	0.0261099999999999	0.687155867255334	0.9951604113195696	atman	0.103	
PT2-PT1	FGF5	0.02606	0.8214303986275411	0.9951604113195696	atman	0.103	
PT2-PT1	MTUS1	0.0260444444444444	0.8893406338490168	0.9951604113195696	atman	0.103	
PT2-PT1	ILKAP	-0.02598	0.8972960939981736	0.9951604113195696	atman	0.103	
PT2-PT1	MENT	-0.0259555555555555	0.6493703582159862	0.9951604113195696	atman	0.103	
PT2-PT1	ANGPTL1	-0.0258999999999999	0.7594215789124363	0.9951604113195696	atman	0.103	
PT2-PT1	SNX5	-0.02587	0.8197018627097896	0.9951604113195696	atman	0.103	
PT2-PT1	CRYBB1	0.02575	0.8526683819147869	0.9951604113195696	atman	0.103	
PT2-PT1	NIT2	-0.02574	0.9015246014884156	0.9951604113195696	atman	0.103	
PT2-PT1	FGL1	-0.0257199999999999	0.886413586756849	0.9951604113195696	atman	0.103	
PT2-PT1	MUC13	0.0257	0.9021967048857018	0.9951604113195696	atman	0.103	
PT2-PT1	CELA2A	-0.0256699999999999	0.7677790733651149	0.9951604113195696	atman	0.103	
PT2-PT1	HEG1	-0.0256333333333333	0.7291268363110743	0.9951604113195696	atman	0.103	
PT2-PT1	GP1BA	0.02555	0.6693901361484347	0.9951604113195696	atman	0.103	
PT2-PT1	RSPO1	-0.0255	0.7976918867235536	0.9951604113195696	atman	0.103	
PT2-PT1	GFRA1	0.02549	0.6014263949085148	0.9951604113195696	atman	0.103	
PT2-PT1	SEPTIN9	-0.0254222222222222	0.7795990176463699	0.9951604113195696	atman	0.103	
PT2-PT1	AIDA	-0.02538	0.9299157472113426	0.9951604113195696	atman	0.103	
PT2-PT1	LRIG1	-0.02538	0.6407374542326036	0.9951604113195696	atman	0.103	
PT2-PT1	CFI	-0.0253499999999999	0.6715370503739084	0.9951604113195696	atman	0.103	
PT2-PT1	SORD	-0.02532	0.9133626783953716	0.9951604113195696	atman	0.103	
PT2-PT1	NECTIN2	0.02516	0.6671737954364447	0.9951604113195696	atman	0.103	
PT2-PT1	GGH	-0.0251599999999999	0.6637100469362736	0.9951604113195696	atman	0.103	
PT2-PT1	TNF	-0.0251333333333333	0.8638509014633904	0.9951604113195696	atman	0.103	
PT2-PT1	SMPDL3A	-0.02512	0.8368689059747902	0.9951604113195696	atman	0.103	
PT2-PT1	RNASE6	0.0251199999999999	0.7197257840964268	0.9951604113195696	atman	0.103	
PT2-PT1	PRKAR2A	0.0251199999999999	0.9069554781484056	0.9951604113195696	atman	0.103	
PT2-PT1	FES	0.02504	0.8278199708884935	0.9951604113195696	atman	0.103	
PT2-PT1	ADA	-0.0249399999999999	0.7200552549214543	0.9951604113195696	atman	0.103	
PT2-PT1	ATP1B1	-0.0249333333333333	0.920838165746837	0.9951604113195696	atman	0.103	
PT2-PT1	BTD	-0.0248399999999999	0.7233162320022106	0.9951604113195696	atman	0.103	
PT2-PT1	ATXN2L	0.02475	0.8856236653800464	0.9951604113195696	atman	0.103	
PT2-PT1	VCAN	-0.02472	0.6994911906680961	0.9951604113195696	atman	0.103	
PT2-PT1	SRC	-0.0246599999999998	0.9433534710633742	0.9951604113195696	atman	0.103	
PT2-PT1	PDCL2	0.0244499999999999	0.9115400094797528	0.9951604113195696	atman	0.103	
PT2-PT1	CCN1	-0.0243555555555555	0.8501955120837597	0.9951604113195696	atman	0.103	
PT2-PT1	C4BPB	0.02426	0.7279038410417507	0.9951604113195696	atman	0.103	
PT2-PT1	DNAJA1	-0.02423	0.8906758924157037	0.9951604113195696	atman	0.103	
PT2-PT1	LPO	0.0240899999999999	0.7476055661131291	0.9951604113195696	atman	0.103	
PT2-PT1	RNASE4	0.02401	0.5710785662135072	0.9951604113195696	atman	0.103	
PT2-PT1	CPXM1	-0.0239399999999999	0.8583856956403206	0.9951604113195696	atman	0.103	
PT2-PT1	UBE2B	0.02393	0.8794855115446794	0.9951604113195696	atman	0.103	
PT2-PT1	P4HB	-0.0239299999999999	0.7947422993880617	0.9951604113195696	atman	0.103	
PT2-PT1	PECAM1	0.02387	0.8128165280151789	0.9951604113195696	atman	0.103	
PT2-PT1	SEMA4C	-0.023611111111111	0.7838127268068558	0.9951604113195696	atman	0.103	
PT2-PT1	CCL5	0.0235799999999999	0.9328727641167492	0.9951604113195696	atman	0.103	
PT2-PT1	PRG2	-0.02345	0.7732161393457051	0.9951604113195696	atman	0.103	
PT2-PT1	LY9	-0.02344	0.5728876691123668	0.9951604113195696	atman	0.103	
PT2-PT1	CD177	0.02343	0.5893099251161402	0.9951604113195696	atman	0.103	
PT2-PT1	VSTM2B	0.0232888888888888	0.8670975210890504	0.9951604113195696	atman	0.103	
PT2-PT1	VCPKMT	-0.0232199999999999	0.8653769444291863	0.9951604113195696	atman	0.103	
PT2-PT1	FN1	0.0232	0.7581809045026664	0.9951604113195696	atman	0.103	
PT2-PT1	ID4	0.0231333333333333	0.8819636471612098	0.9951604113195696	atman	0.103	
PT2-PT1	GMFG	0.0230599999999999	0.9229311813869948	0.9951604113195696	atman	0.103	
PT2-PT1	IL17RA	-0.02299	0.6607788898462605	0.9951604113195696	atman	0.103	
PT2-PT1	SERPINA4	-0.02291	0.7602778017882219	0.9951604113195696	atman	0.103	
PT2-PT1	FGF3	0.0228555555555555	0.933450562131191	0.9951604113195696	atman	0.103	
PT2-PT1	TTR	-0.02281	0.7796347448197363	0.9951604113195696	atman	0.103	
PT2-PT1	GLRX5	-0.0227999999999999	0.9452697727801576	0.9951604113195696	atman	0.103	
PT2-PT1	IDUA	-0.02277	0.8747490226067691	0.9951604113195696	atman	0.103	
PT2-PT1	CLEC3B	0.02271	0.7569066847039778	0.9951604113195696	atman	0.103	
PT2-PT1	TXNRD1	0.02269	0.8276051265260607	0.9951604113195696	atman	0.103	
PT2-PT1	TREH	-0.0226699999999999	0.7408894380970161	0.9951604113195696	atman	0.103	
PT2-PT1	EIF4G1	-0.0226300000000001	0.9408854014093108	0.9951604113195696	atman	0.103	
PT2-PT1	PMCH	-0.0226222222222222	0.8844834674564979	0.9951604113195696	atman	0.103	
PT2-PT1	IL34	-0.0225599999999999	0.8266044571858442	0.9951604113195696	atman	0.103	
PT2-PT1	PAMR1	0.02253	0.7110309772185328	0.9951604113195696	atman	0.103	
PT2-PT1	PRDX2	0.0225299999999999	0.8802039416571255	0.9951604113195696	atman	0.103	
PT2-PT1	CKAP4	0.02251	0.591771226437956	0.9951604113195696	atman	0.103	
PT2-PT1	ACVRL1	0.0224599999999999	0.8214266152960941	0.9951604113195696	atman	0.103	
PT2-PT1	TNFRSF14	0.0224499999999999	0.6258749119864566	0.9951604113195696	atman	0.103	
PT2-PT1	CD99	0.02239	0.4363246315105755	0.9951604113195696	atman	0.103	
PT2-PT1	CDH5	-0.0223799999999999	0.673088059848356	0.9951604113195696	atman	0.103	
PT2-PT1	CD93	-0.0223699999999999	0.8042130289726277	0.9951604113195696	atman	0.103	
PT2-PT1	SNAP29	-0.0223599999999999	0.9386743043457216	0.9951604113195696	atman	0.103	
PT2-PT1	SIGLEC5	-0.0223499999999999	0.793254533004492	0.9951604113195696	atman	0.103	
PT2-PT1	CCL11	0.0221799999999999	0.8192677373620181	0.9951604113195696	atman	0.103	
PT2-PT1	FRZB	-0.02211	0.725536084028269	0.9951604113195696	atman	0.103	
PT2-PT1	COL3A1	-0.02203	0.8310822684576338	0.9951604113195696	atman	0.103	
PT2-PT1	VEGFD	0.02201	0.8002376342317925	0.9951604113195696	atman	0.103	
PT2-PT1	VWA1	-0.02199	0.8756362107870825	0.9951604113195696	atman	0.103	
PT2-PT1	ITGA5	-0.02196	0.717475176347675	0.9951604113195696	atman	0.103	
PT2-PT1	TSPAN1	-0.021911111111111	0.8744405791923708	0.9951604113195696	atman	0.103	
PT2-PT1	LYVE1	-0.0217799999999999	0.6943891905101585	0.9951604113195696	atman	0.103	
PT2-PT1	SPAG1	-0.0217499999999999	0.8978988340094616	0.9951604113195696	atman	0.103	
PT2-PT1	HGS	0.02172	0.8857068921497002	0.9951604113195696	atman	0.103	
PT2-PT1	LILRB5	-0.0216799999999999	0.5566292775641426	0.9951604113195696	atman	0.103	
PT2-PT1	ACE	0.0216599999999999	0.724170008002105	0.9951604113195696	atman	0.103	
PT2-PT1	STX7	-0.0215222222222222	0.8939942927311497	0.9951604113195696	atman	0.103	
PT2-PT1	KLK11	0.02141	0.7612710077440905	0.9951604113195696	atman	0.103	
PT2-PT1	CRIM1	-0.0213699999999999	0.7234885047346722	0.9951604113195696	atman	0.103	
PT2-PT1	PTPN1	-0.0212099999999999	0.9251737041129476	0.9951604113195696	atman	0.103	
PT2-PT1	CD160	-0.02117	0.6663553536697111	0.9951604113195696	atman	0.103	
PT2-PT1	LSM8	-0.0211666666666666	0.8769876618020631	0.9951604113195696	atman	0.103	
PT2-PT1	LTA	-0.0211499999999999	0.8670505026754805	0.9951604113195696	atman	0.103	
PT2-PT1	GPIHBP1	0.0210599999999999	0.9439339706485844	0.9951604113195696	atman	0.103	
PT2-PT1	ACP6	0.02104	0.8164912352067697	0.9951604113195696	atman	0.103	
PT2-PT1	IL1RAP	-0.0210099999999999	0.7258048060195259	0.9951604113195696	atman	0.103	
PT2-PT1	SCRG1	-0.021	0.8211831414716912	0.9951604113195696	atman	0.103	
PT2-PT1	OGFR	0.0209999999999999	0.8319989393801892	0.9951604113195696	atman	0.103	
PT2-PT1	TNFRSF17	-0.0209777777777777	0.7848663706861696	0.9951604113195696	atman	0.103	
PT2-PT1	NPR1	0.0209666666666666	0.902092109819976	0.9951604113195696	atman	0.103	
PT2-PT1	CD200R1	-0.0209625	0.6662827642363947	0.9951604113195696	atman	0.103	
PT2-PT1	NUP50	0.0209333333333333	0.8624159783556469	0.9951604113195696	atman	0.103	
PT2-PT1	ENDOU	-0.0208399999999999	0.8644680941566296	0.9951604113195696	atman	0.103	
PT2-PT1	TNFSF13B	-0.02083	0.3709104223456481	0.9951604113195696	atman	0.103	
PT2-PT1	HBZ	0.0206699999999999	0.8723516685277404	0.9951604113195696	atman	0.103	
PT2-PT1	CEACAM8	-0.0205111111111111	0.8256872056644351	0.9951604113195696	atman	0.103	
PT2-PT1	AMBP	-0.0205099999999999	0.5182215970919688	0.9951604113195696	atman	0.103	
PT2-PT1	GAL	0.02047	0.8051281949362241	0.9951604113195696	atman	0.103	
PT2-PT1	RELT	-0.0204699999999999	0.7369519435169465	0.9951604113195696	atman	0.103	
PT2-PT1	CXCL16	-0.02046	0.4909516338919963	0.9951604113195696	atman	0.103	
PT2-PT1	DKK1	-0.0203299999999999	0.8986928431417263	0.9951604113195696	atman	0.103	
PT2-PT1	MITD1	0.0202699999999998	0.9354228433504814	0.9951604113195696	atman	0.103	
PT2-PT1	MOCS2	0.0202555555555555	0.9001610796250898	0.9951604113195696	atman	0.103	
PT2-PT1	CD2	0.0201999999999999	0.9305712532750146	0.9951604113195696	atman	0.103	
PT2-PT1	GSR	0.02013	0.7143738962544399	0.9951604113195696	atman	0.103	
PT2-PT1	AHSP	0.0201299999999999	0.9337629572554356	0.9951604113195696	atman	0.103	
PT2-PT1	PAM	0.02011	0.6792750237866509	0.9951604113195696	atman	0.103	
PT2-PT1	THY1	-0.02006	0.6957979911017946	0.9951604113195696	atman	0.103	
PT2-PT1	EREG	0.0200099999999999	0.8839026449815779	0.9951604113195696	atman	0.103	
PT2-PT1	TDP1	0.0199999999999999	0.7621184915693457	0.9951604113195696	atman	0.103	
PT2-PT1	MDH1	0.0199699999999999	0.9018600429246956	0.9951604113195696	atman	0.103	
PT2-PT1	APOD	0.01995	0.8147862868506892	0.9951604113195696	atman	0.103	
PT2-PT1	RBP7	0.0198800000000001	0.8142410489217844	0.9951604113195696	atman	0.103	
PT2-PT1	PTPRC	0.0198399999999999	0.8113554236033711	0.9951604113195696	atman	0.103	
PT2-PT1	CST3	-0.01983	0.629255464480466	0.9951604113195696	atman	0.103	
PT2-PT1	ACYP1	0.0197666666666666	0.92277396585783	0.9951604113195696	atman	0.103	
PT2-PT1	PLA2G7	-0.01973	0.6727298120107266	0.9951604113195696	atman	0.103	
PT2-PT1	HLA-A	-0.01963	0.5992115115218897	0.9951604113195696	atman	0.103	
PT2-PT1	CEACAM6	0.01955	0.8762371709232788	0.9951604113195696	atman	0.103	
PT2-PT1	FABP4	0.0195499999999999	0.8770892718377699	0.9951604113195696	atman	0.103	
PT2-PT1	NPC2	0.01951	0.7720532316120496	0.9951604113195696	atman	0.103	
PT2-PT1	SNED1	-0.01944	0.9279578105813776	0.9951604113195696	atman	0.103	
PT2-PT1	GRHPR	0.0193799999999999	0.9175458455833716	0.9951604113195696	atman	0.103	
PT2-PT1	BAIAP2	-0.01921	0.9365399707703236	0.9951604113195696	atman	0.103	
PT2-PT1	IMPG1	-0.0191666666666666	0.8486055480925778	0.9951604113195696	atman	0.103	
PT2-PT1	WFDC2	0.01916	0.8034202492975286	0.9951604113195696	atman	0.103	
PT2-PT1	IFNAR1	0.019	0.768012418928016	0.9951604113195696	atman	0.103	
PT2-PT1	FGA	-0.01895	0.8288202427653941	0.9951604113195696	atman	0.103	
PT2-PT1	SLC44A4	0.0189399999999999	0.9088141545315176	0.9951604113195696	atman	0.103	
PT2-PT1	COL18A1	-0.01869	0.4405327210884189	0.9951604113195696	atman	0.103	
PT2-PT1	RAC3	0.01857	0.8847377529993743	0.9951604113195696	atman	0.103	
PT2-PT1	NGRN	-0.0185699999999999	0.8771824598746409	0.9951604113195696	atman	0.103	
PT2-PT1	NUDC	0.01847	0.9172431025830736	0.9951604113195696	atman	0.103	
PT2-PT1	PON3	-0.0183999999999999	0.6076484660924304	0.9951604113195696	atman	0.103	
PT2-PT1	SPINK1	-0.0183699999999999	0.7662948812903752	0.9951604113195696	atman	0.103	
PT2-PT1	FST	0.0183499999999999	0.9326759078944762	0.9951604113195696	atman	0.103	
PT2-PT1	DNAJB6	0.0183333333333333	0.9398845462814264	0.9951604113195696	atman	0.103	
PT2-PT1	PAFAH2	0.0183222222222222	0.926799936876706	0.9951604113195696	atman	0.103	
PT2-PT1	SEMA3G	0.0182444444444444	0.771848670888629	0.9951604113195696	atman	0.103	
PT2-PT1	AGRN	0.01817	0.7641624970771552	0.9951604113195696	atman	0.103	
PT2-PT1	CD300LG	-0.01812	0.763975453895086	0.9951604113195696	atman	0.103	
PT2-PT1	VWF	0.01807	0.810280600107101	0.9951604113195696	atman	0.103	
PT2-PT1	CLEC5A	-0.0180599999999999	0.8171800074029756	0.9951604113195696	atman	0.103	
PT2-PT1	LIFR	-0.0180374999999999	0.8346838255709657	0.9951604113195696	atman	0.103	
PT2-PT1	CSF2	0.018011111111111	0.9413100138136276	0.9951604113195696	atman	0.103	
PT2-PT1	TRIM58	0.01797	0.9438770721751116	0.9951604113195696	atman	0.103	
PT2-PT1	CEACAM19	-0.0179599999999999	0.937297165912328	0.9951604113195696	atman	0.103	
PT2-PT1	CXADR	-0.0177999999999999	0.8337891917892852	0.9951604113195696	atman	0.103	
PT2-PT1	BLVRB	-0.0177699999999999	0.8887559592291214	0.9951604113195696	atman	0.103	
PT2-PT1	GRP	0.01776	0.9180429557512664	0.9951604113195696	atman	0.103	
PT2-PT1	APOA4	0.0177599999999999	0.8752940911107556	0.9951604113195696	atman	0.103	
PT2-PT1	HLA-DRA	-0.0177249999999999	0.8709065086607759	0.9951604113195696	atman	0.103	
PT2-PT1	TGFBR3	-0.01772	0.7411892224623395	0.9951604113195696	atman	0.103	
PT2-PT1	FGFBP2	-0.01749	0.8302118300813572	0.9951604113195696	atman	0.103	
PT2-PT1	SH3BP1	-0.0174699999999999	0.8833510340210631	0.9951604113195696	atman	0.103	
PT2-PT1	FGF2	0.0174	0.9018489247519654	0.9951604113195696	atman	0.103	
PT2-PT1	C1QBP	-0.0173499999999999	0.8854300228896355	0.9951604113195696	atman	0.103	
PT2-PT1	GOLM2	0.0173499999999999	0.826420774719882	0.9951604113195696	atman	0.103	
PT2-PT1	SPP1	-0.01727	0.7923707080143652	0.9951604113195696	atman	0.103	
PT2-PT1	FGFBP1	-0.01724	0.7528149065059688	0.9951604113195696	atman	0.103	
PT2-PT1	GSN	0.01718	0.7926132350754691	0.9951604113195696	atman	0.103	
PT2-PT1	ITGAM	-0.0171399999999999	0.813385534216025	0.9951604113195696	atman	0.103	
PT2-PT1	MEP1A	0.01704	0.8918155955648435	0.9951604113195696	atman	0.103	
PT2-PT1	GRK5	0.0169777777777777	0.834287740676392	0.9951604113195696	atman	0.103	
PT2-PT1	CDH15	0.01696	0.8828212176324741	0.9951604113195696	atman	0.103	
PT2-PT1	THBS4	0.01693	0.8309629738076283	0.9951604113195696	atman	0.103	
PT2-PT1	HSPG2	-0.01691	0.7584213455052198	0.9951604113195696	atman	0.103	
PT2-PT1	SORCS2	-0.0169	0.8798039345157656	0.9951604113195696	atman	0.103	
PT2-PT1	DMP1	-0.01688	0.8556613236250266	0.9951604113195696	atman	0.103	
PT2-PT1	C1RL	0.01681	0.7964368336661538	0.9951604113195696	atman	0.103	
PT2-PT1	MAN1A2	-0.0167599999999999	0.7548784325466227	0.9951604113195696	atman	0.103	
PT2-PT1	CFP	-0.01675	0.7184735130650002	0.9951604113195696	atman	0.103	
PT2-PT1	IL2RA	0.01654	0.7704299750171084	0.9951604113195696	atman	0.103	
PT2-PT1	TF	0.01651	0.8507330933559829	0.9951604113195696	atman	0.103	
PT2-PT1	NME3	-0.0164999999999999	0.7506525439152512	0.9951604113195696	atman	0.103	
PT2-PT1	ANXA4	-0.0164899999999999	0.8868439056233233	0.9951604113195696	atman	0.103	
PT2-PT1	CD300A	-0.0164444444444444	0.8116814369874279	0.9951604113195696	atman	0.103	
PT2-PT1	IL10	-0.01638	0.9340167048056454	0.9951604113195696	atman	0.103	
PT2-PT1	PRSS27	-0.0163499999999999	0.8949197242739275	0.9951604113195696	atman	0.103	
PT2-PT1	CDNF	0.0161555555555555	0.9147557053704984	0.9951604113195696	atman	0.103	
PT2-PT1	PXN	-0.01595	0.858472956172637	0.9951604113195696	atman	0.103	
PT2-PT1	SIRPA	0.01582	0.7346410580601577	0.9951604113195696	atman	0.103	
PT2-PT1	CLEC4D	-0.0157874999999999	0.883040686062587	0.9951604113195696	atman	0.103	
PT2-PT1	NRGN	0.0157799999999999	0.9237030161625182	0.9951604113195696	atman	0.103	
PT2-PT1	LAIR2	0.0157799999999999	0.847089119560303	0.9951604113195696	atman	0.103	
PT2-PT1	ADCYAP1R1	-0.01563	0.9228643091446712	0.9951604113195696	atman	0.103	
PT2-PT1	FAS	-0.0156299999999999	0.7798273919335879	0.9951604113195696	atman	0.103	
PT2-PT1	PRKAR1A	0.0156	0.9357930031524369	0.9951604113195696	atman	0.103	
PT2-PT1	ENPP6	0.01555	0.788744874966314	0.9951604113195696	atman	0.103	
PT2-PT1	PCDH1	-0.01555	0.6021089478177437	0.9951604113195696	atman	0.103	
PT2-PT1	BOC	0.0153777777777777	0.8512118213838265	0.9951604113195696	atman	0.103	
PT2-PT1	SCGN	0.01536	0.8897468908197406	0.9951604113195696	atman	0.103	
PT2-PT1	DAAM1	0.0153333333333333	0.9433611836110144	0.9951604113195696	atman	0.103	
PT2-PT1	IFNL2	-0.0151111111111111	0.9196301497891992	0.9951604113195696	atman	0.103	
PT2-PT1	PRR5	-0.0151111111111111	0.9304086174145448	0.9951604113195696	atman	0.103	
PT2-PT1	RBKS	-0.0150899999999999	0.942816070866592	0.9951604113195696	atman	0.103	
PT2-PT1	ABO	0.01497	0.9241586319916688	0.9951604113195696	atman	0.103	
PT2-PT1	LMOD1	-0.01494	0.8942792329521883	0.9951604113195696	atman	0.103	
PT2-PT1	RETN	-0.0148699999999999	0.6953303892950009	0.9951604113195696	atman	0.103	
PT2-PT1	IL1R1	-0.0148599999999999	0.7933279375737872	0.9951604113195696	atman	0.103	
PT2-PT1	ERN1	0.01463	0.9210443211340996	0.9951604113195696	atman	0.103	
PT2-PT1	SCN4B	0.0146299999999999	0.8654978631005443	0.9951604113195696	atman	0.103	
PT2-PT1	VNN2	-0.014511111111111	0.8268422366757833	0.9951604113195696	atman	0.103	
PT2-PT1	DCBLD2	0.0143	0.9113030917418692	0.9951604113195696	atman	0.103	
PT2-PT1	ANGPTL2	0.0141799999999999	0.888021634066624	0.9951604113195696	atman	0.103	
PT2-PT1	SERPINB8	0.01407	0.7503701823361011	0.9951604113195696	atman	0.103	
PT2-PT1	ADIPOQ	-0.0139599999999999	0.9299781416256212	0.9951604113195696	atman	0.103	
PT2-PT1	GSAP	0.0139399999999999	0.8688945222997284	0.9951604113195696	atman	0.103	
PT2-PT1	UBAC1	0.0139222222222222	0.9227671842889292	0.9951604113195696	atman	0.103	
PT2-PT1	PNLIPRP2	-0.0136699999999998	0.9117975036720836	0.9951604113195696	atman	0.103	
PT2-PT1	KIAA0319	-0.01366	0.9447967479744775	0.9951604113195696	atman	0.103	
PT2-PT1	PLA2G1B	-0.01363	0.8049297640937652	0.9951604113195696	atman	0.103	
PT2-PT1	IGLC2	0.01348	0.7407027369106829	0.9951604113195696	atman	0.103	
PT2-PT1	TNFRSF10A	-0.01346	0.8998553032812757	0.9951604113195696	atman	0.103	
PT2-PT1	LPCAT2	-0.0134555555555555	0.9393477054100066	0.9951604113195696	atman	0.103	
PT2-PT1	CLEC11A	-0.0134099999999999	0.8535197471210494	0.9951604113195696	atman	0.103	
PT2-PT1	CCN4	0.01337	0.8915453534127207	0.9951604113195696	atman	0.103	
PT2-PT1	TGFBI	-0.0133699999999999	0.6957041195644564	0.9951604113195696	atman	0.103	
PT2-PT1	MST1	0.01336	0.7990228557164225	0.9951604113195696	atman	0.103	
PT2-PT1	CD300C	-0.01327	0.806856606031539	0.9951604113195696	atman	0.103	
PT2-PT1	LILRA2	-0.01326	0.814158134700492	0.9951604113195696	atman	0.103	
PT2-PT1	SUSD1	-0.0132444444444443	0.9366516447610524	0.9951604113195696	atman	0.103	
PT2-PT1	QPCT	-0.0131599999999999	0.7322140513579942	0.9951604113195696	atman	0.103	
PT2-PT1	PTPRF	0.0131499999999999	0.8535040599910082	0.9951604113195696	atman	0.103	
PT2-PT1	TP53I3	0.0128888888888888	0.9079714866173978	0.9951604113195696	atman	0.103	
PT2-PT1	PDCD6	0.01288	0.8539679055462117	0.9951604113195696	atman	0.103	
PT2-PT1	NFIC	-0.0128199999999999	0.9050543480749476	0.9951604113195696	atman	0.103	
PT2-PT1	FCGR2A	-0.0127699999999999	0.7305917635213715	0.9951604113195696	atman	0.103	
PT2-PT1	CCL3	-0.0127375	0.9357498839053328	0.9951604113195696	atman	0.103	
PT2-PT1	SPRR3	-0.0126	0.9232734110681486	0.9951604113195696	atman	0.103	
PT2-PT1	LMOD1	-0.0125899999999999	0.9329440271043148	0.9951604113195696	atman	0.103	
PT2-PT1	NACC1	-0.01251	0.9440607881799687	0.9951604113195696	atman	0.103	
PT2-PT1	VASN	0.0125099999999999	0.8313590825822059	0.9951604113195696	atman	0.103	
PT2-PT1	PVR	-0.0124199999999999	0.7960195123746117	0.9951604113195696	atman	0.103	
PT2-PT1	TSLP	0.0123777777777777	0.9433139013127878	0.9951604113195696	atman	0.103	
PT2-PT1	SIGLEC9	-0.0123499999999999	0.7609418179880354	0.9951604113195696	atman	0.103	
PT2-PT1	CCL15	0.0123499999999999	0.8882997117288589	0.9951604113195696	atman	0.103	
PT2-PT1	TNFSF12	0.0122099999999999	0.8830085150676346	0.9951604113195696	atman	0.103	
PT2-PT1	TNN	0.0121999999999999	0.8706211693092283	0.9951604113195696	atman	0.103	
PT2-PT1	GFRAL	-0.01206	0.9342773427510324	0.9951604113195696	atman	0.103	
PT2-PT1	SERPINA1	-0.01196	0.6784433590349495	0.9951604113195696	atman	0.103	
PT2-PT1	GUSB	0.0118599999999999	0.9074480852490514	0.9951604113195696	atman	0.103	
PT2-PT1	STX3	0.01184	0.8766994325116024	0.9951604113195696	atman	0.103	
PT2-PT1	PTPRK	-0.0118299999999999	0.9161305353986562	0.9951604113195696	atman	0.103	
PT2-PT1	PHYKPL	-0.0118222222222222	0.9183527677512222	0.9951604113195696	atman	0.103	
PT2-PT1	ICAM5	0.01177	0.8929294098432656	0.9951604113195696	atman	0.103	
PT2-PT1	ADGRB3	-0.0117699999999999	0.756545796082347	0.9951604113195696	atman	0.103	
PT2-PT1	DGKZ	-0.01164	0.9429353048841114	0.9951604113195696	atman	0.103	
PT2-PT1	WARS	-0.01163	0.808701326805215	0.9951604113195696	atman	0.103	
PT2-PT1	MET	-0.0115899999999999	0.7809831756565992	0.9951604113195696	atman	0.103	
PT2-PT1	IL1RN	-0.0115599999999999	0.8971132558413393	0.9951604113195696	atman	0.103	
PT2-PT1	DYNLT3	-0.01155	0.9382309107416282	0.9951604113195696	atman	0.103	
PT2-PT1	EIF4EBP1	-0.0115399999999999	0.9131060492658432	0.9951604113195696	atman	0.103	
PT2-PT1	CD5	-0.01147	0.8619329139767258	0.9951604113195696	atman	0.103	
PT2-PT1	EGFR	-0.0114599999999999	0.7970909015022083	0.9951604113195696	atman	0.103	
PT2-PT1	SUSD5	0.0114555555555555	0.9059158886982231	0.9951604113195696	atman	0.103	
PT2-PT1	CD38	-0.0114333333333333	0.909456200024378	0.9951604113195696	atman	0.103	
PT2-PT1	GRN	-0.01136	0.8126702430624821	0.9951604113195696	atman	0.103	
PT2-PT1	NID1	-0.01108	0.7969844035486835	0.9951604113195696	atman	0.103	
PT2-PT1	EFEMP1	0.01099	0.8119550912921047	0.9951604113195696	atman	0.103	
PT2-PT1	PAFAH1B3	-0.01093	0.9251246639483064	0.9951604113195696	atman	0.103	
PT2-PT1	CNTN4	-0.0108899999999999	0.8295935333903799	0.9951604113195696	atman	0.103	
PT2-PT1	GC	0.01083	0.8506180205256033	0.9951604113195696	atman	0.103	
PT2-PT1	SORBS1	-0.0108299999999999	0.9076010511963852	0.9951604113195696	atman	0.103	
PT2-PT1	CRTAP	0.01073	0.9362457272482908	0.9951604113195696	atman	0.103	
PT2-PT1	SH2D1A	-0.01065	0.8991070592629122	0.9951604113195696	atman	0.103	
PT2-PT1	GHR	-0.0106333333333333	0.8749541370706047	0.9951604113195696	atman	0.103	
PT2-PT1	LAG3	0.0102555555555555	0.9272557765882908	0.9951604113195696	atman	0.103	
PT2-PT1	EPHB6	0.01017	0.9104671532462894	0.9951604113195696	atman	0.103	
PT2-PT1	TNFRSF1A	0.00989	0.9007828410337716	0.9951604113195696	atman	0.103	
PT2-PT1	PRELP	-0.00985	0.7412033913830276	0.9951604113195696	atman	0.103	
PT2-PT1	MXRA8	-0.0097888888888888	0.9182692451971004	0.9951604113195696	atman	0.103	
PT2-PT1	BST1	-0.00978	0.7458852868771471	0.9951604113195696	atman	0.103	
PT2-PT1	RET	0.0097666666666666	0.8816438733827172	0.9951604113195696	atman	0.103	
PT2-PT1	CPA1	0.0095499999999999	0.9007008602194762	0.9951604113195696	atman	0.103	
PT2-PT1	TPSAB1	-0.0095199999999999	0.8022328780612331	0.9951604113195696	atman	0.103	
PT2-PT1	LGALS3	-0.00943	0.8565271574510307	0.9951604113195696	atman	0.103	
PT2-PT1	LGALS4	-0.00939	0.9319800791861956	0.9951604113195696	atman	0.103	
PT2-PT1	KLRK1	-0.00936	0.9206431488492046	0.9951604113195696	atman	0.103	
PT2-PT1	LAMP2	-0.00935	0.8196979689999297	0.9951604113195696	atman	0.103	
PT2-PT1	SERPINC1	0.00928	0.8008804671229663	0.9951604113195696	atman	0.103	
PT2-PT1	CD8A	-0.00922	0.9103101594873204	0.9951604113195696	atman	0.103	
PT2-PT1	DKK3	0.00897	0.8825636901916065	0.9951604113195696	atman	0.103	
PT2-PT1	TNFRSF11A	0.0088499999999999	0.8927181595637625	0.9951604113195696	atman	0.103	
PT2-PT1	LCP1	0.0088399999999999	0.9378126237123274	0.9951604113195696	atman	0.103	
PT2-PT1	PTH1R	-0.0088374999999999	0.9253115469550104	0.9951604113195696	atman	0.103	
PT2-PT1	CHRDL2	-0.0087899999999999	0.932503727411124	0.9951604113195696	atman	0.103	
PT2-PT1	GM2A	-0.00869	0.9099609312579526	0.9951604113195696	atman	0.103	
PT2-PT1	PRTG	-0.0086599999999999	0.9014501800278708	0.9951604113195696	atman	0.103	
PT2-PT1	ANGPTL7	0.00861	0.9038413867131992	0.9951604113195696	atman	0.103	
PT2-PT1	PTPRZ1	0.00853	0.9157002135411488	0.9951604113195696	atman	0.103	
PT2-PT1	SETMAR	-0.0085199999999999	0.9421301298878269	0.9951604113195696	atman	0.103	
PT2-PT1	FETUB	-0.0084199999999999	0.8195044773908999	0.9951604113195696	atman	0.103	
PT2-PT1	ENG	-0.00836	0.8139357266327625	0.9951604113195696	atman	0.103	
PT2-PT1	SEMA7A	-0.0081299999999999	0.8971564984977642	0.9951604113195696	atman	0.103	
PT2-PT1	ASPN	0.0080899999999999	0.9429566876730184	0.9951604113195696	atman	0.103	
PT2-PT1	MELTF	0.00796	0.9377002532017004	0.9951604113195696	atman	0.103	
PT2-PT1	CDH3	-0.0078099999999999	0.8897821504841392	0.9951604113195696	atman	0.103	
PT2-PT1	KLK1	-0.00775	0.9435233287963184	0.9951604113195696	atman	0.103	
PT2-PT1	PILRB	-0.00766	0.8812923398555288	0.9951604113195696	atman	0.103	
PT2-PT1	CA11	-0.0076	0.9426350247251	0.9951604113195696	atman	0.103	
PT2-PT1	PYDC1	0.0075	0.9244093171526622	0.9951604113195696	atman	0.103	
PT2-PT1	IL7R	-0.0074399999999999	0.9126110553126175	0.9951604113195696	atman	0.103	
PT2-PT1	KLRB1	-0.0073999999999999	0.8916269665963894	0.9951604113195696	atman	0.103	
PT2-PT1	LAYN	-0.0073399999999999	0.9312105169456212	0.9951604113195696	atman	0.103	
PT2-PT1	EZR	-0.0073299999999999	0.8967275358981395	0.9951604113195696	atman	0.103	
PT2-PT1	CFHR4	-0.00726	0.8848893123447978	0.9951604113195696	atman	0.103	
PT2-PT1	CNTN5	-0.00725	0.8995575931296438	0.9951604113195696	atman	0.103	
PT2-PT1	SHBG	0.00712	0.8794297691270963	0.9951604113195696	atman	0.103	
PT2-PT1	SCARB2	-0.00698	0.89141789569726	0.9951604113195696	atman	0.103	
PT2-PT1	B3GNT7	-0.0068899999999999	0.9118865404776746	0.9951604113195696	atman	0.103	
PT2-PT1	CRTAC1	-0.00684	0.8808116375691	0.9951604113195696	atman	0.103	
PT2-PT1	IGFBPL1	0.0068099999999999	0.942730626645327	0.9951604113195696	atman	0.103	
PT2-PT1	CD99L2	-0.00651	0.8974992791215026	0.9951604113195696	atman	0.103	
PT2-PT1	OSMR	-0.00635	0.7887381016081707	0.9951604113195696	atman	0.103	
PT2-PT1	CCL2	-0.0063099999999999	0.942835058861874	0.9951604113195696	atman	0.103	
PT2-PT1	NPTX1	0.00623	0.8115523080252385	0.9951604113195696	atman	0.103	
PT2-PT1	DDR1	0.0061599999999999	0.8709524809354425	0.9951604113195696	atman	0.103	
PT2-PT1	CTRB1	0.0057699999999999	0.9216793121163108	0.9951604113195696	atman	0.103	
PT2-PT1	ADAM8	-0.0056999999999999	0.9081023689207244	0.9951604113195696	atman	0.103	
PT2-PT1	TFPI	-0.00528	0.8962388014916127	0.9951604113195696	atman	0.103	
PT2-PT1	ADGRD1	-0.0050666666666666	0.9452008100753208	0.9951604113195696	atman	0.103	
PT2-PT1	AGT	-0.0050499999999999	0.9145713496088346	0.9951604113195696	atman	0.103	
PT2-PT1	CFD	-0.0049	0.9420451817573144	0.9951604113195696	atman	0.103	
PT2-PT1	OMD	-0.00488	0.9330328651910916	0.9951604113195696	atman	0.103	
PT2-PT1	KLKB1	-0.00482	0.9379100177064474	0.9951604113195696	atman	0.103	
PT2-PT1	GPC1	-0.0044799999999999	0.9394962952548576	0.9951604113195696	atman	0.103	
PT2-PT1	SAA4	-0.00447	0.9308611035756016	0.9951604113195696	atman	0.103	
PT2-PT1	NBL1	0.0041199999999999	0.9304351216607096	0.9951604113195696	atman	0.103	
PT2-PT1	DLL1	-0.00407	0.932976096589552	0.9951604113195696	atman	0.103	
PT2-PT1	CD58	-0.00398	0.922463114017546	0.9951604113195696	atman	0.103	
PT2-PT1	SELL	-0.00396	0.9004195268511994	0.9951604113195696	atman	0.103	
PT2-PT1	SIGLEC6	-0.00365	0.9312417499705168	0.9951604113195696	atman	0.103	
PT2-PT1	QSOX1	0.0034899999999999	0.943000174828362	0.9951604113195696	atman	0.103	
PT2-PT1	TFRC	0.0034799999999999	0.9337190548357508	0.9951604113195696	atman	0.103	
PT2-PT1	SUSD2	-0.003	0.943202524982658	0.9951604113195696	atman	0.103	
PT2-PT1	CD59	0.00287	0.9396174367219	0.9951604113195696	atman	0.103	
PT2-PT1	NXPH1	0.0224699999999999	0.9459273854482676	0.9952922322230938	atman	0.103	
PT2-PT1	SYNGAP1	-0.0149333333333333	0.9461712745401978	0.9952922322230938	atman	0.103	
PT2-PT1	GMPR2	-0.0142555555555555	0.947117473795656	0.99593097280302	atman	0.103	
PT2-PT1	ANXA3	0.01329	0.9475752075344932	0.9960557995478858	atman	0.103	
PT2-PT1	KRT8	0.0369111111111111	0.9550081929937526	0.9979191426699316	atman	0.103	
PT2-PT1	NOS1	0.02729	0.9581761244044176	0.9979191426699316	atman	0.103	
PT2-PT1	TDGF1	-0.0231699999999999	0.95378283184447	0.9979191426699316	atman	0.103	
PT2-PT1	STOML2	0.0224299999999999	0.9606621060634102	0.9979191426699316	atman	0.103	
PT2-PT1	GPI	-0.0163599999999999	0.9507146966646396	0.9979191426699316	atman	0.103	
PT2-PT1	DNAJA2	0.0156999999999999	0.9524794438737764	0.9979191426699316	atman	0.103	
PT2-PT1	TBCA	0.0152111111111111	0.9582849892695068	0.9979191426699316	atman	0.103	
PT2-PT1	NOS2	-0.0147888888888889	0.956838329866354	0.9979191426699316	atman	0.103	
PT2-PT1	LAP3	0.01414	0.9511267022695068	0.9979191426699316	atman	0.103	
PT2-PT1	CXCL8	0.01369	0.9551373442103248	0.9979191426699316	atman	0.103	
PT2-PT1	DTYMK	-0.01361	0.9564968861431336	0.9979191426699316	atman	0.103	
PT2-PT1	BEX3	0.0135199999999999	0.9694743788811238	0.9979191426699316	atman	0.103	
PT2-PT1	VSTM2L	-0.0131222222222222	0.9680113305707057	0.9979191426699316	atman	0.103	
PT2-PT1	DCXR	0.0124599999999999	0.9629266396178816	0.9979191426699316	atman	0.103	
PT2-PT1	FABP6	-0.0123222222222222	0.9526084598349928	0.9979191426699316	atman	0.103	
PT2-PT1	MGLL	-0.0121299999999998	0.9548960393863553	0.9979191426699316	atman	0.103	
PT2-PT1	TBC1D5	0.012025	0.9628335287164254	0.9979191426699316	atman	0.103	
PT2-PT1	IL7	-0.0113749999999999	0.9611236543746378	0.9979191426699316	atman	0.103	
PT2-PT1	RAB11FIP3	-0.01121	0.9686023315515172	0.9979191426699316	atman	0.103	
PT2-PT1	TARS1	0.01112	0.9498627704356032	0.9979191426699316	atman	0.103	
PT2-PT1	PRDX3	0.01087	0.9611534430608284	0.9979191426699316	atman	0.103	
PT2-PT1	MYLPF	-0.01079	0.9846532217745056	0.9979191426699316	atman	0.103	
PT2-PT1	PIK3AP1	0.0107124999999999	0.9691588117481515	0.9979191426699316	atman	0.103	
PT2-PT1	IGHMBP2	-0.0104333333333333	0.9795848739859184	0.9979191426699316	atman	0.103	
PT2-PT1	OSM	0.0104249999999999	0.9594690778807292	0.9979191426699316	atman	0.103	
PT2-PT1	DTD1	0.0102777777777778	0.9752743919869477	0.9979191426699316	atman	0.103	
PT2-PT1	MAP2K6	0.0100875000000001	0.9712712478627796	0.9979191426699316	atman	0.103	
PT2-PT1	MCFD2	-0.0094199999999999	0.957630169914333	0.9979191426699316	atman	0.103	
PT2-PT1	RASSF2	0.0094099999999999	0.9690272527858874	0.9979191426699316	atman	0.103	
PT2-PT1	MRPL28	-0.0093199999999999	0.9623344147165828	0.9979191426699316	atman	0.103	
PT2-PT1	GSTA1	0.00928	0.9786799145681636	0.9979191426699316	atman	0.103	
PT2-PT1	STXBP1	0.0091999999999999	0.9751156641118282	0.9979191426699316	atman	0.103	
PT2-PT1	NT5C3A	-0.0089624999999999	0.9792826667575844	0.9979191426699316	atman	0.103	
PT2-PT1	CBLN1	0.0089333333333333	0.9712744972946464	0.9979191426699316	atman	0.103	
PT2-PT1	RAB2B	-0.00874	0.9715983323144012	0.9979191426699316	atman	0.103	
PT2-PT1	DGCR6	-0.0086666666666666	0.9683546558678992	0.9979191426699316	atman	0.103	
PT2-PT1	BAG3	-0.0086299999999999	0.9574568140054138	0.9979191426699316	atman	0.103	
PT2-PT1	DCTN6	-0.00837	0.9826622601335608	0.9979191426699316	atman	0.103	
PT2-PT1	IDO1	0.00834	0.9606173246003422	0.9979191426699316	atman	0.103	
PT2-PT1	PRDX5	0.0079799999999999	0.9751097846676824	0.9979191426699316	atman	0.103	
PT2-PT1	DCUN1D2	-0.00792	0.9865433385848328	0.9979191426699316	atman	0.103	
PT2-PT1	GCLM	0.0078111111111111	0.9678102660980064	0.9979191426699316	atman	0.103	
PT2-PT1	SWAP70	0.00738	0.9662400093701468	0.9979191426699316	atman	0.103	
PT2-PT1	MUCL3	0.0071899999999999	0.9507908609350896	0.9979191426699316	atman	0.103	
PT2-PT1	NT5C	0.0069099999999999	0.967326638014006	0.9979191426699316	atman	0.103	
PT2-PT1	SERPINE1	0.00682	0.975589794135564	0.9979191426699316	atman	0.103	
PT2-PT1	AMDHD2	-0.0068199999999999	0.962587598083806	0.9979191426699316	atman	0.103	
PT2-PT1	SHPK	-0.0065999999999999	0.977419730435299	0.9979191426699316	atman	0.103	
PT2-PT1	GIP	0.00654	0.9762408100937164	0.9979191426699316	atman	0.103	
PT2-PT1	C1S	0.0064	0.9505624584769964	0.9979191426699316	atman	0.103	
PT2-PT1	CEP290	0.0062222222222222	0.9810440685281914	0.9979191426699316	atman	0.103	
PT2-PT1	VAMP8	0.006111111111111	0.9812138698011692	0.9979191426699316	atman	0.103	
PT2-PT1	ERI1	0.0060888888888888	0.981984609068712	0.9979191426699316	atman	0.103	
PT2-PT1	CTSB	0.00587	0.9759253141957608	0.9979191426699316	atman	0.103	
PT2-PT1	CD63	-0.00577	0.9746632777327796	0.9979191426699316	atman	0.103	
PT2-PT1	CLIC5	0.0057299999999999	0.9603369029678585	0.9979191426699316	atman	0.103	
PT2-PT1	HRC	-0.00563	0.9643544475838006	0.9979191426699316	atman	0.103	
PT2-PT1	GLOD4	0.00538	0.9656573896075618	0.9979191426699316	atman	0.103	
PT2-PT1	ADAMTSL2	-0.0053199999999999	0.9525691422211044	0.9979191426699316	atman	0.103	
PT2-PT1	SMTN	-0.0052999999999998	0.9835931815363524	0.9979191426699316	atman	0.103	
PT2-PT1	RELB	-0.0052888888888888	0.982447751384564	0.9979191426699316	atman	0.103	
PT2-PT1	KRT14	0.00527	0.9704350796502594	0.9979191426699316	atman	0.103	
PT2-PT1	SIGLEC15	-0.0052099999999999	0.9627801611745612	0.9979191426699316	atman	0.103	
PT2-PT1	FLT1	-0.0052	0.955499332087352	0.9979191426699316	atman	0.103	
PT2-PT1	SUOX	0.0052	0.9816166520246006	0.9979191426699316	atman	0.103	
PT2-PT1	CRADD	0.0051699999999999	0.9857738546893416	0.9979191426699316	atman	0.103	
PT2-PT1	F2R	0.0050299999999999	0.9687469468694304	0.9979191426699316	atman	0.103	
PT2-PT1	MORN4	0.00499	0.9817282074602698	0.9979191426699316	atman	0.103	
PT2-PT1	SF3B4	0.0048777777777777	0.9798672273840436	0.9979191426699316	atman	0.103	
PT2-PT1	KLK13	-0.0047444444444443	0.957636413243062	0.9979191426699316	atman	0.103	
PT2-PT1	GKN1	-0.0047399999999999	0.9596113004940032	0.9979191426699316	atman	0.103	
PT2-PT1	PLIN3	0.00472	0.9640530907424494	0.9979191426699316	atman	0.103	
PT2-PT1	CCL4	-0.0046699999999999	0.9660970474821268	0.9979191426699316	atman	0.103	
PT2-PT1	EDDM3B	0.0046699999999999	0.96801887616802	0.9979191426699316	atman	0.103	
PT2-PT1	CD33	0.00444	0.9680640157247518	0.9979191426699316	atman	0.103	
PT2-PT1	SHMT1	0.0043799999999999	0.9850816687062582	0.9979191426699316	atman	0.103	
PT2-PT1	BRD1	-0.004211111111111	0.9779435768761062	0.9979191426699316	atman	0.103	
PT2-PT1	ERP29	0.0040555555555555	0.9863876703033576	0.9979191426699316	atman	0.103	
PT2-PT1	SCRN1	-0.00405	0.9808482269828388	0.9979191426699316	atman	0.103	
PT2-PT1	KRT17	-0.0038555555555555	0.988960024312202	0.9979191426699316	atman	0.103	
PT2-PT1	DUSP3	0.0038199999999999	0.9776314729529328	0.9979191426699316	atman	0.103	
PT2-PT1	CCL17	0.00381	0.9844705645367168	0.9979191426699316	atman	0.103	
PT2-PT1	CLEC10A	-0.0036899999999999	0.9578133938980058	0.9979191426699316	atman	0.103	
PT2-PT1	VWA5A	0.0036	0.9850019355415034	0.9979191426699316	atman	0.103	
PT2-PT1	INSR	-0.0035555555555555	0.9637817380079334	0.9979191426699316	atman	0.103	
PT2-PT1	KLK3	-0.00341	0.9680427226251758	0.9979191426699316	atman	0.103	
PT2-PT1	B2M	-0.00334	0.9718026101990284	0.9979191426699316	atman	0.103	
PT2-PT1	TLR1	0.0032666666666666	0.9777212290714048	0.9979191426699316	atman	0.103	
PT2-PT1	FZD10	-0.0031599999999999	0.9863366238976884	0.9979191426699316	atman	0.103	
PT2-PT1	ZNF830	-0.00298	0.9675108083665008	0.9979191426699316	atman	0.103	
PT2-PT1	CD27	-0.00279	0.9726145764755804	0.9979191426699316	atman	0.103	
PT2-PT1	TSPYL1	-0.0027777777777777	0.9762539447040376	0.9979191426699316	atman	0.103	
PT2-PT1	RGMB	0.00277	0.9741154484360686	0.9979191426699316	atman	0.103	
PT2-PT1	DKK4	0.00276	0.979680533926029	0.9979191426699316	atman	0.103	
PT2-PT1	FGR	-0.00276	0.9897743437551788	0.9979191426699316	atman	0.103	
PT2-PT1	NOTCH2	-0.00273	0.9663136243306616	0.9979191426699316	atman	0.103	
PT2-PT1	CA1	-0.0026999999999999	0.9907569742432972	0.9979191426699316	atman	0.103	
PT2-PT1	UXS1	0.00265	0.9874525334163567	0.9979191426699316	atman	0.103	
PT2-PT1	ADAM23	0.00258	0.9625010549066606	0.9979191426699316	atman	0.103	
PT2-PT1	POF1B	-0.0025	0.9891318633999509	0.9979191426699316	atman	0.103	
PT2-PT1	NTRK3	-0.00248	0.9618233695625632	0.9979191426699316	atman	0.103	
PT2-PT1	SNX9	-0.0024699999999999	0.99043620330632	0.9979191426699316	atman	0.103	
PT2-PT1	CST7	0.0024299999999999	0.969104121262296	0.9979191426699316	atman	0.103	
PT2-PT1	ITGB5	-0.00241	0.9880607130987736	0.9979191426699316	atman	0.103	
PT2-PT1	IL1RL2	-0.0023899999999999	0.9732310399401398	0.9979191426699316	atman	0.103	
PT2-PT1	DPP7	0.0023799999999999	0.980935407437824	0.9979191426699316	atman	0.103	
PT2-PT1	PROS1	-0.00228	0.9629976589481122	0.9979191426699316	atman	0.103	
PT2-PT1	IL31RA	0.0022111111111111	0.9883060901356582	0.9979191426699316	atman	0.103	
PT2-PT1	PLAU	-0.0022	0.9715290706868264	0.9979191426699316	atman	0.103	
PT2-PT1	C2	-0.0021299999999999	0.9630501827507404	0.9979191426699316	atman	0.103	
PT2-PT1	TNFAIP8L2	-0.0020666666666666	0.9898153410902916	0.9979191426699316	atman	0.103	
PT2-PT1	ITGBL1	-0.0016999999999999	0.9878678440362094	0.9979191426699316	atman	0.103	
PT2-PT1	RARRES2	0.0016899999999999	0.990923321796118	0.9979191426699316	atman	0.103	
PT2-PT1	FLT4	-0.0016299999999999	0.9767795141813442	0.9979191426699316	atman	0.103	
PT2-PT1	CNTN3	0.00149	0.984900092018368	0.9979191426699316	atman	0.103	
PT2-PT1	PEAR1	0.00127	0.9812917852954864	0.9979191426699316	atman	0.103	
PT2-PT1	PGF	-0.0012299999999999	0.979289168603062	0.9979191426699316	atman	0.103	
PT2-PT1	NELL1	-0.00104	0.9879532562459468	0.9979191426699316	atman	0.103	
PT2-PT1	ITIH4	-0.0010399999999999	0.9787879220695176	0.9979191426699316	atman	0.103	
PT2-PT1	FSHB	-0.0010399999999999	0.9911259558580192	0.9979191426699316	atman	0.103	
PT2-PT1	TNXB	-0.0009799999999999	0.9879361645128992	0.9979191426699316	atman	0.103	
PT2-PT1	ATRN	-0.00089	0.981477536141889	0.9979191426699316	atman	0.103	
PT2-PT1	HGFAC	-0.0008499999999999	0.9886510022846786	0.9979191426699316	atman	0.103	
PT2-PT1	PSME2	-0.00143	0.9922575863822956	0.9983742427367068	atman	0.103	
PT2-PT1	ACRBP	-0.00083	0.992246009794469	0.9983742427367068	atman	0.103	
PT2-PT1	PDLIM7	0.0023	0.9942652158851506	0.9984804550089146	atman	0.103	
PT2-PT1	GIT1	-0.0018888888888889	0.9951107647994712	0.9984804550089146	atman	0.103	
PT2-PT1	PDGFB	-0.0018599999999999	0.9953722591008388	0.9984804550089146	atman	0.103	
PT2-PT1	NUBP1	-0.0013999999999999	0.9951069070098582	0.9984804550089146	atman	0.103	
PT2-PT1	PPP1R12B	-0.0010666666666666	0.9951794386009088	0.9984804550089146	atman	0.103	
PT2-PT1	CXCL14	-0.00093	0.99481281976436	0.9984804550089146	atman	0.103	
PT2-PT1	F3	0.0006499999999999	0.9946614449054638	0.9984804550089146	atman	0.103	
PT2-PT1	CSH1	-0.0005399999999999	0.995421801470766	0.9984804550089146	atman	0.103	
PT2-PT1	PILRA	0.00044	0.9933989980833824	0.9984804550089146	atman	0.103	
PT2-PT1	STC2	0.00036	0.996399250479429	0.999119794508042	atman	0.103	
PT2-PT1	CDKN2D	0.0010333333333334	0.997138776827682	0.9991395494835748	atman	0.103	
PT2-PT1	UHRF2	0.0007777777777777	0.9977122939160146	0.9991395494835748	atman	0.103	
PT2-PT1	FAM13A	0.00052	0.9981193253009844	0.9991395494835748	atman	0.103	
PT2-PT1	CCL18	0.0001599999999999	0.9979312282926768	0.9991395494835748	atman	0.103	
PT2-PT1	A1BG	0.00014	0.9978553594545134	0.9991395494835748	atman	0.103	
PT2-PT1	ST13	0.0002222222222221	0.9992060854360908	0.999886743532437	atman	0.103	
PT2-PT1	XIAP	-2.22222222222e-05	0.9999148500858714	1.0	atman	0.103	
PT2-PT1	HYAL1	-0.0	1.0	1.0	atman	0.103	
