pathway	collection	hits	set_size_universe	set_size_raw	foreground_size	universe_size	pvalue	fdr	hit_genes
GOBP_OSSIFICATION	go_bp	9	111	452	53	2920	1.303486e-04	5.304908e-01	AREG,CALCA,CRIM1,GDF2,KAZALD1,PTN,SMOC1,SPP1,TNC
GOBP_CELL_CELL_SIGNALING	go_bp	16	339	1319	53	2920	1.989465e-04	5.304908e-01	ADGRG1,AGER,AGRN,AREG,CCL13,CXCL13,DNM1,EDN1,FGFBP3,GDF15,PLAT,PTN,RGS10,SPP1,STXBP1,TNC
GOBP_OSTEOBLAST_DIFFERENTIATION	go_bp	6	62	261	53	2920	7.558386e-04	1.000000e+00	AREG,CRIM1,GDF2,SMOC1,SPP1,TNC
GOBP_G_PROTEIN_COUPLED_RECEPTOR_SIGNALING_PATHWAY	go_bp	10	175	1321	53	2920	9.451039e-04	1.000000e+00	ADGRG1,AGRN,AREG,CALCA,CALCB,CCL13,CELSR2,CXCL13,EDN1,RGS10
GOBP_BONE_REMODELING	go_bp	4	34	90	53	2920	2.998636e-03	1.000000e+00	CALCA,PTN,SPP1,TPP1
GOBP_NEURON_PROJECTION_REGENERATION	go_bp	4	34	61	53	2920	2.998636e-03	1.000000e+00	MATN2,PTN,SPP1,TNC
GOBP_CELL_MOTILITY	go_bp	18	519	1863	53	2920	3.186446e-03	1.000000e+00	ADAM9,ADGRG1,AGER,CALCA,CCL13,CELSR2,CXCL13,CXCL17,EDN1,GDF15,GDF2,ITGB5,LAMA4,MATN2,PLAT,PTN,SPOCK1,TNC
GOBP_GROWTH	go_bp	11	241	922	53	2920	3.235248e-03	1.000000e+00	AGRN,AREG,EDN1,FRZB,GDF15,GDF2,KAZALD1,PTN,SPOCK1,SPP1,TNC
GOBP_REGULATION_OF_GROWTH	go_bp	9	174	606	53	2920	3.494562e-03	1.000000e+00	AGRN,EDN1,FRZB,GDF15,GDF2,KAZALD1,SPOCK1,SPP1,TNC
GOBP_NEURON_MIGRATION	go_bp	4	36	184	53	2920	3.708018e-03	1.000000e+00	ADGRG1,CELSR2,MATN2,SPOCK1
GOBP_REPRODUCTIVE_PROCESS	go_bp	12	283	1549	53	2920	3.804868e-03	1.000000e+00	ADGRG1,AREG,CALCA,EDN1,FST,PLAT,PRL,PRND,PTN,SPP1,STXBP1,TNC
GOBP_NEURON_DEVELOPMENT	go_bp	12	285	1159	53	2920	4.033756e-03	1.000000e+00	AGER,AGRN,AREG,CELSR2,EDN1,HS6ST1,MATN2,PTN,SPOCK1,SPP1,STXBP1,TNC
GOBP_RESPONSE_TO_GROWTH_FACTOR	go_bp	11	250	785	53	2920	4.307702e-03	1.000000e+00	ADAM9,CALCA,CRIM1,CXCL13,EDN1,FGFBP3,FST,GDF15,GDF2,ITGB5,TNC
GOBP_G_PROTEIN_COUPLED_ACETYLCHOLINE_RECEPTOR_SIGNALING_PATHWAY	go_bp	2	6	21	53	2920	4.628400e-03	1.000000e+00	AGRN,RGS10
GOBP_NEGATIVE_REGULATION_OF_LONG_TERM_SYNAPTIC_POTENTIATION	go_bp	2	6	14	53	2920	4.628400e-03	1.000000e+00	AGER,PTN
GOBP_REGULATION_OF_CELL_GROWTH	go_bp	7	123	404	53	2920	6.084055e-03	1.000000e+00	EDN1,FRZB,GDF2,KAZALD1,SPOCK1,SPP1,TNC
GOBP_POSITIVE_REGULATION_OF_SYNCYTIUM_FORMATION_BY_PLASMA_MEMBRANE_FUSION	go_bp	2	7	23	53	2920	6.404630e-03	1.000000e+00	ADAM9,GDF15
GOBP_RESPONSE_TO_ENDOGENOUS_STIMULUS	go_bp	16	468	1735	53	2920	6.773195e-03	1.000000e+00	ADAM9,AGER,AREG,CALCA,CRIM1,CXCL13,EDN1,FGFBP3,FST,GDF15,GDF2,ITGB5,PRL,SPP1,TIMP4,TNC
GOBP_RESPONSE_TO_AXON_INJURY	go_bp	4	44	86	53	2920	7.678131e-03	1.000000e+00	MATN2,PTN,SPP1,TNC
GOBP_BODY_FLUID_SECRETION	go_bp	3	23	95	53	2920	7.738222e-03	1.000000e+00	CELSR2,EDN1,PRL
GOBP_GENERATION_OF_NEURONS	go_bp	13	350	1510	53	2920	7.965763e-03	1.000000e+00	ADGRG1,AGER,AGRN,AREG,CELSR2,EDN1,HS6ST1,MATN2,PTN,SPOCK1,SPP1,STXBP1,TNC
GOBP_SYNAPTIC_SIGNALING	go_bp	8	163	794	53	2920	8.162546e-03	1.000000e+00	AGER,AGRN,DNM1,EDN1,PLAT,PTN,RGS10,STXBP1
GOBP_POSITIVE_REGULATION_OF_LEUKOCYTE_CHEMOTAXIS	go_bp	4	45	93	53	2920	8.315425e-03	1.000000e+00	CXCL13,CXCL17,EDN1,PTN
GOBP_LONG_TERM_SYNAPTIC_DEPRESSION	go_bp	2	8	32	53	2920	8.440617e-03	1.000000e+00	AGER,STXBP1
GOBP_MULTI_MULTICELLULAR_ORGANISM_PROCESS	go_bp	5	71	216	53	2920	8.549803e-03	1.000000e+00	CALCA,EDN1,PRL,PTN,SPP1
GOBP_BONE_RESORPTION	go_bp	3	24	66	53	2920	8.731422e-03	1.000000e+00	CALCA,SPP1,TPP1
GOBP_MORPHOGENESIS_OF_AN_EPITHELIUM	go_bp	7	132	504	53	2920	8.902716e-03	1.000000e+00	AREG,EDN1,FRZB,FST,GDF2,ITGB5,TNC
GOBP_ANATOMICAL_STRUCTURE_FORMATION_INVOLVED_IN_MORPHOGENESIS	go_bp	13	359	1281	53	2920	9.833702e-03	1.000000e+00	ADAM9,ADGRG1,ANGPTL4,CLEC1B,CXCL13,CXCL17,EDN1,ESM1,GDF15,GDF2,HS6ST1,ITGB5,PRL
GOBP_REGULATION_OF_CELLULAR_RESPONSE_TO_GROWTH_FACTOR_STIMULUS	go_bp	6	103	374	53	2920	9.950563e-03	1.000000e+00	CRIM1,CXCL13,FGFBP3,FST,GDF15,GDF2
GOBP_POSITIVE_REGULATION_OF_CHEMOTAXIS	go_bp	5	74	142	53	2920	1.015319e-02	1.000000e+00	AGER,CXCL13,CXCL17,EDN1,PTN
GOBP_POSTSYNAPTIC_SIGNAL_TRANSDUCTION	go_bp	2	9	49	53	2920	1.072671e-02	1.000000e+00	AGRN,RGS10
GOBP_REGULATION_OF_SYNCYTIUM_FORMATION_BY_PLASMA_MEMBRANE_FUSION	go_bp	2	9	29	53	2920	1.072671e-02	1.000000e+00	ADAM9,GDF15
GOBP_RESPONSE_TO_PROSTAGLANDIN	go_bp	2	9	33	53	2920	1.072671e-02	1.000000e+00	EDN1,TNC
GOBP_POSITIVE_REGULATION_OF_LEUKOCYTE_MIGRATION	go_bp	5	75	150	53	2920	1.073080e-02	1.000000e+00	AGER,CXCL13,CXCL17,EDN1,PTN
GOBP_CELL_GROWTH	go_bp	7	139	484	53	2920	1.168851e-02	1.000000e+00	EDN1,FRZB,GDF2,KAZALD1,SPOCK1,SPP1,TNC
GOBP_ADENYLATE_CYCLASE_MODULATING_G_PROTEIN_COUPLED_RECEPTOR_SIGNALING_PATHWAY	go_bp	4	50	262	53	2920	1.202382e-02	1.000000e+00	ADGRG1,CALCA,CALCB,EDN1
GOBP_BRANCHING_MORPHOGENESIS_OF_AN_EPITHELIAL_TUBE	go_bp	4	50	158	53	2920	1.202382e-02	1.000000e+00	AREG,EDN1,GDF2,TNC
GOBP_DEVELOPMENTAL_PROCESS_INVOLVED_IN_REPRODUCTION	go_bp	8	175	1018	53	2920	1.232671e-02	1.000000e+00	ADGRG1,AREG,EDN1,FST,PTN,SPP1,STXBP1,TNC
GOBP_ENZYME_LINKED_RECEPTOR_PROTEIN_SIGNALING_PATHWAY	go_bp	12	329	1043	53	2920	1.262845e-02	1.000000e+00	ADAM9,AREG,CD8A,CRIM1,ESM1,FGFBP3,FST,GDF15,GDF2,ITGB5,PLAT,PTN
GOBP_REGULATION_OF_LEUKOCYTE_MIGRATION	go_bp	6	109	232	53	2920	1.296890e-02	1.000000e+00	AGER,CXCL13,CXCL17,EDN1,GDF15,PTN
GOBP_BRANCH_ELONGATION_OF_AN_EPITHELIUM	go_bp	2	10	20	53	2920	1.325350e-02	1.000000e+00	AREG,TNC
GOBP_DECIDUALIZATION	go_bp	2	10	25	53	2920	1.325350e-02	1.000000e+00	PTN,SPP1
GOBP_RESPONSE_TO_ACETYLCHOLINE	go_bp	2	10	47	53	2920	1.325350e-02	1.000000e+00	AGRN,RGS10
GOBP_RESPONSE_TO_TESTOSTERONE	go_bp	2	10	45	53	2920	1.325350e-02	1.000000e+00	EDN1,SPP1
GOBP_TUBE_MORPHOGENESIS	go_bp	11	295	966	53	2920	1.467035e-02	1.000000e+00	ADGRG1,ANGPTL4,AREG,CXCL13,CXCL17,EDN1,ESM1,GDF2,HS6ST1,PRL,TNC
GOBP_CELL_SURFACE_RECEPTOR_PROTEIN_SERINE_THREONINE_KINASE_SIGNALING_PATHWAY	go_bp	6	112	423	53	2920	1.469856e-02	1.000000e+00	ADAM9,CRIM1,FST,GDF15,GDF2,ITGB5
GOBP_ACROSOME_REACTION	go_bp	2	11	41	53	2920	1.601184e-02	1.000000e+00	PRND,STXBP1
GOBP_MATERNAL_PLACENTA_DEVELOPMENT	go_bp	2	11	35	53	2920	1.601184e-02	1.000000e+00	PTN,SPP1
GOBP_REGULATION_OF_TRANS_SYNAPTIC_SIGNALING	go_bp	6	115	498	53	2920	1.658424e-02	1.000000e+00	AGER,DNM1,EDN1,PLAT,PTN,STXBP1
GOBP_GLAND_DEVELOPMENT	go_bp	6	116	449	53	2920	1.724860e-02	1.000000e+00	AREG,EDN1,FRZB,PRL,PTN,TNC
GOBP_LEUKOCYTE_CHEMOTAXIS	go_bp	6	117	237	53	2920	1.793124e-02	1.000000e+00	CALCA,CCL13,CXCL13,CXCL17,EDN1,PTN
GOBP_LEUKOCYTE_MIGRATION	go_bp	8	188	399	53	2920	1.843293e-02	1.000000e+00	AGER,CALCA,CCL13,CXCL13,CXCL17,EDN1,GDF15,PTN
GOBP_AXIS_ELONGATION	go_bp	2	12	30	53	2920	1.899283e-02	1.000000e+00	AREG,TNC
GOBP_CELL_CELL_ADHESION_MEDIATED_BY_INTEGRIN	go_bp	2	12	18	53	2920	1.899283e-02	1.000000e+00	ADAM9,CXCL13
GOBP_POSITIVE_REGULATION_OF_AMYLOID_PRECURSOR_PROTEIN_CATABOLIC_PROCESS	go_bp	2	12	25	53	2920	1.899283e-02	1.000000e+00	AGER,SPON1
GOBP_POSITIVE_REGULATION_OF_CELL_ADHESION_MEDIATED_BY_INTEGRIN	go_bp	2	12	22	53	2920	1.899283e-02	1.000000e+00	ADAM9,CXCL13
GOBP_REGULATION_OF_SMOOTH_MUSCLE_CONTRACTION	go_bp	2	12	61	53	2920	1.899283e-02	1.000000e+00	CALCA,EDN1
GOBP_TISSUE_MORPHOGENESIS	go_bp	7	157	620	53	2920	2.170850e-02	1.000000e+00	AREG,EDN1,FRZB,FST,GDF2,ITGB5,TNC
GOBP_NEGATIVE_REGULATION_OF_OSTEOBLAST_DIFFERENTIATION	go_bp	2	13	68	53	2920	2.218778e-02	1.000000e+00	AREG,CRIM1
GOBP_NEUROMUSCULAR_JUNCTION_DEVELOPMENT	go_bp	2	13	53	53	2920	2.218778e-02	1.000000e+00	AGRN,TNC
GOBP_REGULATION_OF_LONG_TERM_SYNAPTIC_POTENTIATION	go_bp	2	13	47	53	2920	2.218778e-02	1.000000e+00	AGER,PTN
GOBP_MORPHOGENESIS_OF_A_BRANCHING_STRUCTURE	go_bp	4	60	207	53	2920	2.228908e-02	1.000000e+00	AREG,EDN1,GDF2,TNC
GOBP_REGULATION_OF_LEUKOCYTE_CHEMOTAXIS	go_bp	4	60	123	53	2920	2.228908e-02	1.000000e+00	CXCL13,CXCL17,EDN1,PTN
GOBP_POSITIVE_REGULATION_OF_CYTOSOLIC_CALCIUM_ION_CONCENTRATION	go_bp	3	35	168	53	2920	2.454751e-02	1.000000e+00	CALCA,CXCL13,EDN1
GOBP_REGULATION_OF_BMP_SIGNALING_PATHWAY	go_bp	3	35	122	53	2920	2.454751e-02	1.000000e+00	CRIM1,FST,GDF2
GOBP_NEUROGENESIS	go_bp	13	404	1745	53	2920	2.495893e-02	1.000000e+00	ADGRG1,AGER,AGRN,AREG,CELSR2,EDN1,HS6ST1,MATN2,PTN,SPOCK1,SPP1,STXBP1,TNC
GOBP_REGULATION_OF_CYTOSOLIC_CALCIUM_ION_CONCENTRATION	go_bp	2	14	59	53	2920	2.558825e-02	1.000000e+00	CALCA,CALCB
GOBP_MYELOID_LEUKOCYTE_MIGRATION	go_bp	6	127	239	53	2920	2.581209e-02	1.000000e+00	AGER,CALCA,CCL13,CXCL13,CXCL17,EDN1
GOBP_REGULATION_OF_EPITHELIAL_CELL_MIGRATION	go_bp	5	94	300	53	2920	2.634201e-02	1.000000e+00	ADAM9,CXCL13,EDN1,GDF2,PTN
GOBP_ADENYLATE_CYCLASE_ACTIVATING_G_PROTEIN_COUPLED_RECEPTOR_SIGNALING_PATHWAY	go_bp	3	36	171	53	2920	2.644201e-02	1.000000e+00	ADGRG1,CALCA,CALCB
GOBP_RESPONSE_TO_WOUNDING	go_bp	9	242	574	53	2920	2.780836e-02	1.000000e+00	AGER,EDN1,ITGB5,MATN2,PLAT,PTN,SPP1,STXBP1,TNC
GOBP_ODONTOGENESIS	go_bp	3	37	134	53	2920	2.841318e-02	1.000000e+00	EDN1,FST,TNC
GOBP_RESPONSE_TO_HYDROGEN_PEROXIDE	go_bp	3	37	98	53	2920	2.841318e-02	1.000000e+00	ADAM9,AREG,EDN1
GOBP_NEGATIVE_REGULATION_OF_DEVELOPMENTAL_PROCESS	go_bp	9	243	1007	53	2920	2.847466e-02	1.000000e+00	AREG,CRIM1,FRZB,FST,GDF15,GDF2,PRL,PTN,SPP1
GOBP_PATTERN_SPECIFICATION_PROCESS	go_bp	4	65	473	53	2920	2.896200e-02	1.000000e+00	ADGRG1,CELSR2,EDN1,FST
GOBP_AMYLOID_PRECURSOR_PROTEIN_CATABOLIC_PROCESS	go_bp	2	15	68	53	2920	2.918603e-02	1.000000e+00	AGER,SPON1
GOBP_BRANCHING_INVOLVED_IN_BLOOD_VESSEL_MORPHOGENESIS	go_bp	2	15	36	53	2920	2.918603e-02	1.000000e+00	EDN1,GDF2
GOBP_NON_CANONICAL_WNT_SIGNALING_PATHWAY	go_bp	2	15	71	53	2920	2.918603e-02	1.000000e+00	CELSR2,FRZB
GOBP_REGULATION_OF_AMYLOID_PRECURSOR_PROTEIN_CATABOLIC_PROCESS	go_bp	2	15	55	53	2920	2.918603e-02	1.000000e+00	AGER,SPON1
GOBP_HOMEOSTATIC_PROCESS	go_bp	13	413	1744	53	2920	2.942053e-02	1.000000e+00	ADGRG1,AGER,ANGPTL4,CALCA,CALCB,CCL13,EDN1,GDF15,GDF2,LAMA4,PRND,SPP1,TPP1
GOBP_REGULATION_OF_LOCOMOTION	go_bp	12	370	1170	53	2920	2.975009e-02	1.000000e+00	ADAM9,ADGRG1,AGER,CCL13,CXCL13,CXCL17,EDN1,GDF15,GDF2,LAMA4,PTN,TNC
GOBP_POSITIVE_REGULATION_OF_GTPASE_ACTIVITY	go_bp	4	66	209	53	2920	3.042509e-02	1.000000e+00	AGRN,CCL13,CXCL13,RGS10
GOBP_REGULATION_OF_OSTEOBLAST_DIFFERENTIATION	go_bp	3	38	156	53	2920	3.046084e-02	1.000000e+00	AREG,CRIM1,SMOC1
GOBP_BLOOD_VESSEL_MORPHOGENESIS	go_bp	9	246	723	53	2920	3.054208e-02	1.000000e+00	ADGRG1,ANGPTL4,CXCL13,CXCL17,EDN1,ESM1,GDF2,HS6ST1,PRL
GOBP_DEVELOPMENTAL_GROWTH	go_bp	7	170	659	53	2920	3.194065e-02	1.000000e+00	AGRN,AREG,EDN1,GDF15,PTN,SPP1,TNC
GOBP_NEGATIVE_REGULATION_OF_MULTICELLULAR_ORGANISMAL_PROCESS	go_bp	12	374	1248	53	2920	3.205740e-02	1.000000e+00	AGER,CALCA,CXCL13,EDN1,FRZB,GDF15,GDF2,LAMA4,PLAT,PRL,PTN,SPP1
GOBP_NEGATIVE_REGULATION_OF_EPITHELIAL_CELL_DIFFERENTIATION	go_bp	2	16	55	53	2920	3.297312e-02	1.000000e+00	FRZB,FST
GOBP_NEGATIVE_REGULATION_OF_SYNAPTIC_TRANSMISSION	go_bp	2	16	54	53	2920	3.297312e-02	1.000000e+00	AGER,STXBP1
GOBP_REGULATION_OF_CHEMOTAXIS	go_bp	5	100	211	53	2920	3.330223e-02	1.000000e+00	AGER,CXCL13,CXCL17,EDN1,PTN
GOBP_GRANULOCYTE_CHEMOTAXIS	go_bp	4	68	127	53	2920	3.348151e-02	1.000000e+00	CCL13,CXCL13,CXCL17,EDN1
GOBP_NEGATIVE_REGULATION_OF_GROWTH	go_bp	4	68	230	53	2920	3.348151e-02	1.000000e+00	FRZB,GDF15,GDF2,SPP1
GOBP_TISSUE_REMODELING	go_bp	4	68	190	53	2920	3.348151e-02	1.000000e+00	CALCA,PTN,SPP1,TPP1
GOBP_INORGANIC_ION_HOMEOSTASIS	go_bp	6	135	537	53	2920	3.358818e-02	1.000000e+00	CALCA,CALCB,CCL13,EDN1,GDF2,PRND
GOBP_REGULATION_OF_EPITHELIAL_CELL_DIFFERENTIATION	go_bp	3	40	171	53	2920	3.478464e-02	1.000000e+00	FRZB,FST,GDF2
GOBP_DEVELOPMENTAL_GROWTH_INVOLVED_IN_MORPHOGENESIS	go_bp	4	69	232	53	2920	3.507517e-02	1.000000e+00	AREG,EDN1,SPP1,TNC
GOBP_LOCOMOTION	go_bp	13	424	1355	53	2920	3.565387e-02	1.000000e+00	ADAM9,ADGRG1,AGER,CALCA,CCL13,CXCL13,CXCL17,EDN1,GDF15,GDF2,LAMA4,PTN,TNC
GOBP_GLIOGENESIS	go_bp	5	102	348	53	2920	3.585635e-02	1.000000e+00	ADGRG1,AGER,AREG,MATN2,PTN
GOBP_POSITIVE_REGULATION_OF_SECRETION	go_bp	5	102	313	53	2920	3.585635e-02	1.000000e+00	ADAM9,EDN1,PRL,SPP1,STXBP1
GOBP_REGULATION_OF_ENDOTHELIAL_CELL_MIGRATION	go_bp	4	70	236	53	2920	3.671262e-02	1.000000e+00	CXCL13,EDN1,GDF2,PTN
GOBP_ACTIVIN_RECEPTOR_SIGNALING_PATHWAY	go_bp	2	17	52	53	2920	3.694174e-02	1.000000e+00	FST,GDF2
GOBP_POSITIVE_REGULATION_OF_ORGANIC_ACID_TRANSPORT	go_bp	2	17	47	53	2920	3.694174e-02	1.000000e+00	EDN1,STXBP1
GOBP_REGULATION_OF_MEMBRANE_PROTEIN_ECTODOMAIN_PROTEOLYSIS	go_bp	2	17	27	53	2920	3.694174e-02	1.000000e+00	ADAM9,TIMP4
GOBP_RESPONSE_TO_VITAMIN_D	go_bp	2	17	38	53	2920	3.694174e-02	1.000000e+00	SPP1,TNC
GOBP_VASCULAR_ENDOTHELIAL_GROWTH_FACTOR_PRODUCTION	go_bp	2	17	65	53	2920	3.694174e-02	1.000000e+00	ADGRG1,CXCL17
GOBP_CELL_ADHESION_MEDIATED_BY_INTEGRIN	go_bp	3	41	89	53	2920	3.706009e-02	1.000000e+00	ADAM9,CXCL13,ITGB5
GOBP_SINGLE_FERTILIZATION	go_bp	3	41	170	53	2920	3.706009e-02	1.000000e+00	PLAT,PRND,STXBP1
GOBP_VASCULAR_PROCESS_IN_CIRCULATORY_SYSTEM	go_bp	4	72	274	53	2920	4.011933e-02	1.000000e+00	AGER,CALCA,EDN1,FGFBP3
GOBP_GLIAL_CELL_MIGRATION	go_bp	2	18	61	53	2920	4.108432e-02	1.000000e+00	ADGRG1,MATN2
GOBP_OOGENESIS	go_bp	2	18	114	53	2920	4.108432e-02	1.000000e+00	EDN1,PTN
GOBP_TUBE_DEVELOPMENT	go_bp	11	346	1182	53	2920	4.253447e-02	1.000000e+00	ADGRG1,ANGPTL4,AREG,CXCL13,CXCL17,EDN1,ESM1,GDF2,HS6ST1,PRL,TNC
GOBP_CELL_CHEMOTAXIS	go_bp	6	143	324	53	2920	4.276556e-02	1.000000e+00	CALCA,CCL13,CXCL13,CXCL17,EDN1,PTN
GOBP_POSITIVE_REGULATION_OF_MONONUCLEAR_CELL_MIGRATION	go_bp	3	44	92	53	2920	4.433530e-02	1.000000e+00	AGER,CXCL13,CXCL17
GOBP_RESPONSE_TO_FIBROBLAST_GROWTH_FACTOR	go_bp	3	44	124	53	2920	4.433530e-02	1.000000e+00	CXCL13,FGFBP3,TNC
GOBP_POSITIVE_REGULATION_OF_DEVELOPMENTAL_PROCESS	go_bp	12	393	1392	53	2920	4.484233e-02	1.000000e+00	ADAM9,AGER,AGRN,ANGPTL4,EDN1,FRZB,FST,GDF15,GDF2,PRL,PTN,TNFSF13
GOBP_AMYLOID_PRECURSOR_PROTEIN_METABOLIC_PROCESS	go_bp	2	19	96	53	2920	4.539349e-02	1.000000e+00	AGER,SPON1
GOBP_NEGATIVE_REGULATION_OF_ENDOTHELIAL_CELL_PROLIFERATION	go_bp	2	19	78	53	2920	4.539349e-02	1.000000e+00	GDF2,PRL
GOBP_REGULATION_OF_BONE_RESORPTION	go_bp	2	19	43	53	2920	4.539349e-02	1.000000e+00	CALCA,SPP1
GOBP_REGULATION_OF_NEURON_PROJECTION_REGENERATION	go_bp	2	19	34	53	2920	4.539349e-02	1.000000e+00	PTN,SPP1
GOBP_GLAND_MORPHOGENESIS	go_bp	3	45	127	53	2920	4.690815e-02	1.000000e+00	AREG,PTN,TNC
GOBP_CELL_PROJECTION_ORGANIZATION	go_bp	11	354	1644	53	2920	4.903450e-02	1.000000e+00	AGER,AGRN,AREG,CELSR2,EDN1,MATN2,PTN,SPOCK1,SPP1,STXBP1,TNC
GOBP_MONOATOMIC_ION_HOMEOSTASIS	go_bp	6	148	618	53	2920	4.924233e-02	1.000000e+00	CALCA,CALCB,CCL13,EDN1,GDF2,PRND
GOBP_NEGATIVE_REGULATION_OF_TRANSMEMBRANE_RECEPTOR_PROTEIN_SERINE_THREONINE_KINASE_SIGNALING_PATHWAY	go_bp	3	46	201	53	2920	4.955384e-02	1.000000e+00	CRIM1,FST,GDF15
GOBP_PLACENTA_DEVELOPMENT	go_bp	3	46	151	53	2920	4.955384e-02	1.000000e+00	HS6ST1,PTN,SPP1
GOBP_POSITIVE_REGULATION_OF_SYNAPTIC_TRANSMISSION	go_bp	3	46	180	53	2920	4.955384e-02	1.000000e+00	AGER,PTN,STXBP1
GOBP_RESPONSE_TO_CHEMOKINE	go_bp	3	46	100	53	2920	4.955384e-02	1.000000e+00	CCL13,CXCL13,EDN1
GOBP_MATERNAL_PROCESS_INVOLVED_IN_FEMALE_PREGNANCY	go_bp	2	20	59	53	2920	4.986210e-02	1.000000e+00	PTN,SPP1
GOBP_REGULATION_OF_SMAD_PROTEIN_SIGNAL_TRANSDUCTION	go_bp	2	20	78	53	2920	4.986210e-02	1.000000e+00	GDF15,GDF2
GOBP_SMOOTH_MUSCLE_CONTRACTION	go_bp	2	20	109	53	2920	4.986210e-02	1.000000e+00	CALCA,EDN1
GOBP_REGENERATION	go_bp	4	79	203	53	2920	5.343017e-02	1.000000e+00	MATN2,PTN,SPP1,TNC
GOBP_REGULATION_OF_TRANSMEMBRANE_RECEPTOR_PROTEIN_SERINE_THREONINE_KINASE_SIGNALING_PATHWAY	go_bp	4	79	323	53	2920	5.343017e-02	1.000000e+00	CRIM1,FST,GDF15,GDF2
GOBP_ACROSOMAL_VESICLE_EXOCYTOSIS	go_bp	1	3	9	53	2920	5.348768e-02	1.000000e+00	STXBP1
GOBP_BRANCH_ELONGATION_INVOLVED_IN_MAMMARY_GLAND_DUCT_BRANCHING	go_bp	1	3	5	53	2920	5.348768e-02	1.000000e+00	AREG
GOBP_B_CELL_CHEMOTAXIS	go_bp	1	3	8	53	2920	5.348768e-02	1.000000e+00	CXCL13
GOBP_CARBOHYDRATE_MEDIATED_SIGNALING	go_bp	1	3	11	53	2920	5.348768e-02	1.000000e+00	AGER
GOBP_CELLULAR_RESPONSE_TO_FOLLICLE_STIMULATING_HORMONE_STIMULUS	go_bp	1	3	10	53	2920	5.348768e-02	1.000000e+00	EDN1
GOBP_CELLULAR_RESPONSE_TO_GONADOTROPIN_STIMULUS	go_bp	1	3	18	53	2920	5.348768e-02	1.000000e+00	EDN1
GOBP_CLUSTERING_OF_VOLTAGE_GATED_SODIUM_CHANNELS	go_bp	1	3	6	53	2920	5.348768e-02	1.000000e+00	AGRN
GOBP_CONVERGENT_EXTENSION	go_bp	1	3	15	53	2920	5.348768e-02	1.000000e+00	FRZB
GOBP_DENDRITE_ARBORIZATION	go_bp	1	3	11	53	2920	5.348768e-02	1.000000e+00	PTN
GOBP_DENSE_CORE_GRANULE_EXOCYTOSIS	go_bp	1	3	10	53	2920	5.348768e-02	1.000000e+00	STXBP1
GOBP_DEVELOPMENT_OF_SECONDARY_FEMALE_SEXUAL_CHARACTERISTICS	go_bp	1	3	7	53	2920	5.348768e-02	1.000000e+00	AREG
GOBP_DICHOTOMOUS_SUBDIVISION_OF_AN_EPITHELIAL_TERMINAL_UNIT	go_bp	1	3	8	53	2920	5.348768e-02	1.000000e+00	AREG
GOBP_ENDOTHELIN_RECEPTOR_SIGNALING_PATHWAY	go_bp	1	3	12	53	2920	5.348768e-02	1.000000e+00	EDN1
GOBP_FOREBRAIN_REGIONALIZATION	go_bp	1	3	24	53	2920	5.348768e-02	1.000000e+00	ADGRG1
GOBP_GLOMERULAR_ENDOTHELIUM_DEVELOPMENT	go_bp	1	3	5	53	2920	5.348768e-02	1.000000e+00	EDN1
GOBP_MEMBRANE_PROTEIN_INTRACELLULAR_DOMAIN_PROTEOLYSIS	go_bp	1	3	14	53	2920	5.348768e-02	1.000000e+00	ADAM9
GOBP_MESENCHYMAL_EPITHELIAL_CELL_SIGNALING	go_bp	1	3	9	53	2920	5.348768e-02	1.000000e+00	TNC
GOBP_MITOCHONDRIAL_RESPIRATORY_CHAIN_COMPLEX_ASSEMBLY	go_bp	1	3	101	53	2920	5.348768e-02	1.000000e+00	NDUFB7
GOBP_MOTOR_NEURON_MIGRATION	go_bp	1	3	13	53	2920	5.348768e-02	1.000000e+00	CELSR2
GOBP_NEGATIVE_REGULATION_OF_ENDOTHELIAL_CELL_CHEMOTAXIS	go_bp	1	3	7	53	2920	5.348768e-02	1.000000e+00	CXCL13
GOBP_NEGATIVE_REGULATION_OF_FERTILIZATION	go_bp	1	3	7	53	2920	5.348768e-02	1.000000e+00	PLAT
GOBP_NEURAL_CREST_CELL_FATE_COMMITMENT	go_bp	1	3	6	53	2920	5.348768e-02	1.000000e+00	EDN1
GOBP_PARTURITION	go_bp	1	3	15	53	2920	5.348768e-02	1.000000e+00	EDN1
GOBP_POSITIVE_REGULATION_OF_CELL_SIZE	go_bp	1	3	11	53	2920	5.348768e-02	1.000000e+00	EDN1
GOBP_POSITIVE_REGULATION_OF_FATTY_ACID_OXIDATION	go_bp	1	3	15	53	2920	5.348768e-02	1.000000e+00	GDF15
GOBP_POSITIVE_REGULATION_OF_HEPATOCYTE_PROLIFERATION	go_bp	1	3	10	53	2920	5.348768e-02	1.000000e+00	PTN
GOBP_PROTEIN_LOCALIZATION_TO_CHROMOSOME_TELOMERIC_REGION	go_bp	1	3	31	53	2920	5.348768e-02	1.000000e+00	TPP1
GOBP_REDUCTION_OF_FOOD_INTAKE_IN_RESPONSE_TO_DIETARY_EXCESS	go_bp	1	3	6	53	2920	5.348768e-02	1.000000e+00	GDF15
GOBP_REGULATION_OF_CELL_CHEMOTAXIS_TO_FIBROBLAST_GROWTH_FACTOR	go_bp	1	3	10	53	2920	5.348768e-02	1.000000e+00	CXCL13
GOBP_REGULATION_OF_CELL_GROWTH_INVOLVED_IN_CARDIAC_MUSCLE_CELL_DEVELOPMENT	go_bp	1	3	21	53	2920	5.348768e-02	1.000000e+00	EDN1
GOBP_REGULATION_OF_MONOCYTE_EXTRAVASATION	go_bp	1	3	7	53	2920	5.348768e-02	1.000000e+00	AGER
GOBP_REGULATION_OF_NEUROMUSCULAR_JUNCTION_DEVELOPMENT	go_bp	1	3	8	53	2920	5.348768e-02	1.000000e+00	AGRN
GOBP_REGULATION_OF_SNARE_COMPLEX_ASSEMBLY	go_bp	1	3	14	53	2920	5.348768e-02	1.000000e+00	STXBP1
GOBP_REGULATION_OF_SYNAPTIC_VESICLE_PRIMING	go_bp	1	3	8	53	2920	5.348768e-02	1.000000e+00	STXBP1
GOBP_REGULATION_OF_SYSTEMIC_ARTERIAL_BLOOD_PRESSURE_BY_ENDOTHELIN	go_bp	1	3	6	53	2920	5.348768e-02	1.000000e+00	EDN1
GOBP_RENAL_SODIUM_ION_ABSORPTION	go_bp	1	3	13	53	2920	5.348768e-02	1.000000e+00	EDN1
GOBP_SENSORY_PERCEPTION_OF_SMELL	go_bp	1	3	456	53	2920	5.348768e-02	1.000000e+00	OBP2B
GOBP_STEM_CELL_FATE_COMMITMENT	go_bp	1	3	10	53	2920	5.348768e-02	1.000000e+00	EDN1
GOBP_SYNAPTIC_ASSEMBLY_AT_NEUROMUSCULAR_JUNCTION	go_bp	1	3	10	53	2920	5.348768e-02	1.000000e+00	AGRN
GOBP_SYNAPTIC_VESICLE_BUDDING	go_bp	1	3	12	53	2920	5.348768e-02	1.000000e+00	DNM1
GOBP_TELENCEPHALON_GLIAL_CELL_MIGRATION	go_bp	1	3	27	53	2920	5.348768e-02	1.000000e+00	ADGRG1
GOBP_TELENCEPHALON_REGIONALIZATION	go_bp	1	3	13	53	2920	5.348768e-02	1.000000e+00	ADGRG1
GOBP_TRANS_SYNAPTIC_SIGNALING_BY_BDNF	go_bp	1	3	5	53	2920	5.348768e-02	1.000000e+00	PLAT
GOBP_VASCULATURE_DEVELOPMENT	go_bp	9	273	848	53	2920	5.412873e-02	1.000000e+00	ADGRG1,ANGPTL4,CXCL13,CXCL17,EDN1,ESM1,GDF2,HS6ST1,PRL
GOBP_EMBRYO_IMPLANTATION	go_bp	2	21	61	53	2920	5.448318e-02	1.000000e+00	CALCA,SPP1
GOBP_KERATINOCYTE_PROLIFERATION	go_bp	2	21	61	53	2920	5.448318e-02	1.000000e+00	AREG,FST
GOBP_CELL_MORPHOGENESIS_INVOLVED_IN_NEURON_DIFFERENTIATION	go_bp	6	152	586	53	2920	5.484378e-02	1.000000e+00	CELSR2,EDN1,MATN2,PTN,SPP1,STXBP1
GOBP_REGULATION_OF_GTPASE_ACTIVITY	go_bp	4	80	276	53	2920	5.550753e-02	1.000000e+00	AGRN,CCL13,CXCL13,RGS10
GOBP_CELLULAR_HOMEOSTASIS	go_bp	7	193	836	53	2920	5.723405e-02	1.000000e+00	AGER,CALCA,CALCB,CCL13,EDN1,GDF2,PRND
GOBP_AXON_DEVELOPMENT	go_bp	6	154	520	53	2920	5.778601e-02	1.000000e+00	EDN1,MATN2,PTN,SPP1,STXBP1,TNC
GOBP_FERTILIZATION	go_bp	3	49	211	53	2920	5.792070e-02	1.000000e+00	PLAT,PRND,STXBP1
GOBP_EPITHELIUM_DEVELOPMENT	go_bp	9	277	1236	53	2920	5.843705e-02	1.000000e+00	ADAM9,AREG,EDN1,FRZB,FST,GDF2,ITGB5,TNC,TPP1
GOBP_RESPONSE_TO_HORMONE	go_bp	8	235	890	53	2920	5.862646e-02	1.000000e+00	ADAM9,AREG,EDN1,GDF15,PRL,SPP1,TIMP4,TNC
GOBP_EAR_MORPHOGENESIS	go_bp	2	22	127	53	2920	5.924995e-02	1.000000e+00	EDN1,FRZB
GOBP_MEMBRANE_PROTEIN_ECTODOMAIN_PROTEOLYSIS	go_bp	2	22	50	53	2920	5.924995e-02	1.000000e+00	ADAM9,TIMP4
GOBP_RECEPTOR_CLUSTERING	go_bp	2	22	61	53	2920	5.924995e-02	1.000000e+00	AGRN,PTN
GOBP_SYNCYTIUM_FORMATION	go_bp	2	22	67	53	2920	5.924995e-02	1.000000e+00	ADAM9,GDF15
GOBP_NEGATIVE_REGULATION_OF_CELL_DIFFERENTIATION	go_bp	6	156	721	53	2920	6.082312e-02	1.000000e+00	AREG,CRIM1,FRZB,FST,PTN,SPP1
GOBP_RESPONSE_TO_TRANSFORMING_GROWTH_FACTOR_BETA	go_bp	4	83	314	53	2920	6.200123e-02	1.000000e+00	ADAM9,EDN1,GDF15,ITGB5
GOBP_DENDRITE_DEVELOPMENT	go_bp	3	51	238	53	2920	6.384878e-02	1.000000e+00	CELSR2,MATN2,PTN
GOBP_INTEGRIN_MEDIATED_SIGNALING_PATHWAY	go_bp	3	51	113	53	2920	6.384878e-02	1.000000e+00	ADAM9,ITGB5,PTN
GOBP_RESPONSE_TO_BMP	go_bp	3	51	181	53	2920	6.384878e-02	1.000000e+00	CRIM1,FST,GDF2
GOBP_REGULATION_OF_BONE_REMODELING	go_bp	2	23	51	53	2920	6.415583e-02	1.000000e+00	CALCA,SPP1
GOBP_REGULATION_OF_CARTILAGE_DEVELOPMENT	go_bp	2	23	72	53	2920	6.415583e-02	1.000000e+00	FRZB,GDF2
GOBP_REGULATION_OF_PROTEIN_MATURATION	go_bp	2	23	69	53	2920	6.415583e-02	1.000000e+00	PLAT,SPON1
GOBP_GRANULOCYTE_MIGRATION	go_bp	4	84	153	53	2920	6.425250e-02	1.000000e+00	CCL13,CXCL13,CXCL17,EDN1
GOBP_TISSUE_MIGRATION	go_bp	5	121	386	53	2920	6.618435e-02	1.000000e+00	ADAM9,CXCL13,EDN1,GDF2,PTN
GOBP_TAXIS	go_bp	7	200	469	53	2920	6.689945e-02	1.000000e+00	AGER,CALCA,CCL13,CXCL13,CXCL17,EDN1,PTN
GOBP_EPITHELIAL_TUBE_MORPHOGENESIS	go_bp	4	86	335	53	2920	6.888394e-02	1.000000e+00	AREG,EDN1,GDF2,TNC
GOBP_LIPID_EXPORT_FROM_CELL	go_bp	2	24	50	53	2920	6.919441e-02	1.000000e+00	EDN1,SPP1
GOBP_REGULATION_OF_CELL_ADHESION_MEDIATED_BY_INTEGRIN	go_bp	2	24	49	53	2920	6.919441e-02	1.000000e+00	ADAM9,CXCL13
GOBP_REGULATION_OF_GRANULOCYTE_CHEMOTAXIS	go_bp	2	24	52	53	2920	6.919441e-02	1.000000e+00	CXCL17,EDN1
GOBP_CHEMICAL_HOMEOSTASIS	go_bp	8	244	1057	53	2920	7.013136e-02	1.000000e+00	AGER,ANGPTL4,CALCA,CALCB,CCL13,EDN1,GDF2,PRND
GOBP_AXONOGENESIS_INVOLVED_IN_INNERVATION	go_bp	1	4	9	53	2920	7.068520e-02	1.000000e+00	EDN1
GOBP_CARDIAC_NEURAL_CREST_CELL_DEVELOPMENT_INVOLVED_IN_OUTFLOW_TRACT_MORPHOGENESIS	go_bp	1	4	13	53	2920	7.068520e-02	1.000000e+00	EDN1
GOBP_CARDIAC_NEURAL_CREST_CELL_DIFFERENTIATION_INVOLVED_IN_HEART_DEVELOPMENT	go_bp	1	4	16	53	2920	7.068520e-02	1.000000e+00	EDN1
GOBP_CARDIAC_NEURAL_CREST_CELL_MIGRATION_INVOLVED_IN_OUTFLOW_TRACT_MORPHOGENESIS	go_bp	1	4	11	53	2920	7.068520e-02	1.000000e+00	EDN1
GOBP_CELLULAR_RESPONSE_TO_TESTOSTERONE_STIMULUS	go_bp	1	4	12	53	2920	7.068520e-02	1.000000e+00	SPP1
GOBP_CEREBRAL_CORTEX_RADIALLY_ORIENTED_CELL_MIGRATION	go_bp	1	4	36	53	2920	7.068520e-02	1.000000e+00	ADGRG1
GOBP_COCHLEA_MORPHOGENESIS	go_bp	1	4	24	53	2920	7.068520e-02	1.000000e+00	FRZB
GOBP_DETECTION_OF_TEMPERATURE_STIMULUS_INVOLVED_IN_SENSORY_PERCEPTION_OF_PAIN	go_bp	1	4	19	53	2920	7.068520e-02	1.000000e+00	CALCA
GOBP_EGG_ACTIVATION	go_bp	1	4	11	53	2920	7.068520e-02	1.000000e+00	PLAT
GOBP_EPITHELIAL_FLUID_TRANSPORT	go_bp	1	4	12	53	2920	7.068520e-02	1.000000e+00	EDN1
GOBP_GERMINAL_CENTER_FORMATION	go_bp	1	4	14	53	2920	7.068520e-02	1.000000e+00	CXCL13
GOBP_HEMATOPOIETIC_STEM_CELL_HOMEOSTASIS	go_bp	1	4	24	53	2920	7.068520e-02	1.000000e+00	ADGRG1
GOBP_HEPARAN_SULFATE_PROTEOGLYCAN_BIOSYNTHETIC_PROCESS_ENZYMATIC_MODIFICATION	go_bp	1	4	12	53	2920	7.068520e-02	1.000000e+00	HS6ST1
GOBP_HEPARAN_SULFATE_PROTEOGLYCAN_METABOLIC_PROCESS	go_bp	1	4	16	53	2920	7.068520e-02	1.000000e+00	HS6ST1
GOBP_LABYRINTHINE_LAYER_BLOOD_VESSEL_DEVELOPMENT	go_bp	1	4	20	53	2920	7.068520e-02	1.000000e+00	HS6ST1
GOBP_NEGATIVE_REGULATION_OF_AMIDE_METABOLIC_PROCESS	go_bp	1	4	34	53	2920	7.068520e-02	1.000000e+00	SPON1
GOBP_NEGATIVE_REGULATION_OF_AMYLOID_PRECURSOR_PROTEIN_CATABOLIC_PROCESS	go_bp	1	4	31	53	2920	7.068520e-02	1.000000e+00	SPON1
GOBP_NEGATIVE_REGULATION_OF_LIPOPROTEIN_LIPASE_ACTIVITY	go_bp	1	4	7	53	2920	7.068520e-02	1.000000e+00	ANGPTL4
GOBP_NEGATIVE_REGULATION_OF_MULTICELLULAR_ORGANISM_GROWTH	go_bp	1	4	12	53	2920	7.068520e-02	1.000000e+00	GDF15
GOBP_NEGATIVE_REGULATION_OF_NEUROBLAST_PROLIFERATION	go_bp	1	4	12	53	2920	7.068520e-02	1.000000e+00	PTN
GOBP_NEGATIVE_REGULATION_OF_NEURON_MIGRATION	go_bp	1	4	11	53	2920	7.068520e-02	1.000000e+00	ADGRG1
GOBP_NEGATIVE_REGULATION_OF_RESPONSE_TO_NUTRIENT_LEVELS	go_bp	1	4	12	53	2920	7.068520e-02	1.000000e+00	GDF15
GOBP_NEGATIVE_REGULATION_OF_SMOOTH_MUSCLE_CELL_APOPTOTIC_PROCESS	go_bp	1	4	17	53	2920	7.068520e-02	1.000000e+00	EDN1
GOBP_NEGATIVE_REGULATION_OF_SMOOTH_MUSCLE_CONTRACTION	go_bp	1	4	13	53	2920	7.068520e-02	1.000000e+00	CALCA
GOBP_NEUROMUSCULAR_SYNAPTIC_TRANSMISSION	go_bp	1	4	31	53	2920	7.068520e-02	1.000000e+00	STXBP1
GOBP_PERIPHERAL_NERVOUS_SYSTEM_AXON_REGENERATION	go_bp	1	4	10	53	2920	7.068520e-02	1.000000e+00	TNC
GOBP_POSITIVE_REGULATION_OF_ASPARTIC_TYPE_ENDOPEPTIDASE_ACTIVITY_INVOLVED_IN_AMYLOID_PRECURSOR_PROTEIN_CATABOLIC_PROCESS	go_bp	1	4	5	53	2920	7.068520e-02	1.000000e+00	AGER
GOBP_POSITIVE_REGULATION_OF_BICELLULAR_TIGHT_JUNCTION_ASSEMBLY	go_bp	1	4	9	53	2920	7.068520e-02	1.000000e+00	GDF2
GOBP_POSITIVE_REGULATION_OF_CALCIUM_ION_DEPENDENT_EXOCYTOSIS	go_bp	1	4	13	53	2920	7.068520e-02	1.000000e+00	STXBP1
GOBP_POSITIVE_REGULATION_OF_DENDRITE_DEVELOPMENT	go_bp	1	4	16	53	2920	7.068520e-02	1.000000e+00	PTN
GOBP_POSITIVE_REGULATION_OF_DENDRITIC_CELL_DIFFERENTIATION	go_bp	1	4	6	53	2920	7.068520e-02	1.000000e+00	AGER
GOBP_POSITIVE_REGULATION_OF_INTEGRIN_ACTIVATION	go_bp	1	4	11	53	2920	7.068520e-02	1.000000e+00	CXCL13
GOBP_REGULATION_OF_ASPARTIC_TYPE_ENDOPEPTIDASE_ACTIVITY_INVOLVED_IN_AMYLOID_PRECURSOR_PROTEIN_CATABOLIC_PROCESS	go_bp	1	4	6	53	2920	7.068520e-02	1.000000e+00	AGER
GOBP_REGULATION_OF_GLUTAMATE_SECRETION	go_bp	1	4	19	53	2920	7.068520e-02	1.000000e+00	STXBP1
GOBP_REGULATION_OF_RENAL_SODIUM_EXCRETION	go_bp	1	4	8	53	2920	7.068520e-02	1.000000e+00	EDN1
GOBP_REGULATION_OF_VESICLE_SIZE	go_bp	1	4	20	53	2920	7.068520e-02	1.000000e+00	DNM1
GOBP_RENAL_SODIUM_ION_TRANSPORT	go_bp	1	4	16	53	2920	7.068520e-02	1.000000e+00	EDN1
GOBP_RESPONSE_TO_OZONE	go_bp	1	4	5	53	2920	7.068520e-02	1.000000e+00	EDN1
GOBP_TRANS_SYNAPTIC_SIGNALING_MODULATING_SYNAPTIC_TRANSMISSION	go_bp	1	4	11	53	2920	7.068520e-02	1.000000e+00	PLAT
GOBP_SEXUAL_REPRODUCTION	go_bp	6	163	1099	53	2920	7.220342e-02	1.000000e+00	EDN1,FST,PLAT,PRND,PTN,STXBP1
GOBP_REGULATION_OF_SYNAPTIC_PLASTICITY	go_bp	3	54	221	53	2920	7.324846e-02	1.000000e+00	AGER,PTN,STXBP1
GOBP_STEM_CELL_DIFFERENTIATION	go_bp	3	54	249	53	2920	7.324846e-02	1.000000e+00	EDN1,FRZB,PTN
GOBP_REGULATION_OF_DEVELOPMENTAL_GROWTH	go_bp	4	88	316	53	2920	7.368578e-02	1.000000e+00	AGRN,EDN1,GDF15,SPP1
GOBP_RESPONSE_TO_STEROID_HORMONE	go_bp	4	88	341	53	2920	7.368578e-02	1.000000e+00	ADAM9,AREG,EDN1,SPP1
GOBP_CELL_MORPHOGENESIS	go_bp	8	247	981	53	2920	7.426073e-02	1.000000e+00	CCL13,CELSR2,CLEC1B,EDN1,MATN2,PTN,SPP1,STXBP1
GOBP_LONG_TERM_SYNAPTIC_POTENTIATION	go_bp	2	25	110	53	2920	7.435948e-02	1.000000e+00	AGER,PTN
GOBP_EPITHELIAL_CELL_DIFFERENTIATION	go_bp	6	166	753	53	2920	7.743856e-02	1.000000e+00	ADAM9,EDN1,FRZB,FST,GDF2,TPP1
GOBP_REGULATION_OF_MULTICELLULAR_ORGANISMAL_DEVELOPMENT	go_bp	12	429	1492	53	2920	7.829798e-02	1.000000e+00	AGER,AGRN,ANGPTL4,CXCL13,EDN1,FRZB,FST,GDF2,LAMA4,PRL,PTN,SPP1
GOBP_REGULATION_OF_HYDROLASE_ACTIVITY	go_bp	8	250	716	53	2920	7.853851e-02	1.000000e+00	AGER,AGRN,ANGPTL4,CCL13,CXCL13,RGS10,SPOCK1,TIMP4
GOBP_DENDRITE_MORPHOGENESIS	go_bp	2	26	143	53	2920	7.964497e-02	1.000000e+00	CELSR2,PTN
GOBP_FEEDING_BEHAVIOR	go_bp	2	26	109	53	2920	7.964497e-02	1.000000e+00	CALCA,GDF15
GOBP_MEMBRANE_PROTEIN_PROTEOLYSIS	go_bp	2	26	62	53	2920	7.964497e-02	1.000000e+00	ADAM9,TIMP4
GOBP_POSITIVE_REGULATION_OF_NON_CANONICAL_NF_KAPPAB_SIGNAL_TRANSDUCTION	go_bp	2	26	66	53	2920	7.964497e-02	1.000000e+00	AGER,EDN1
GOBP_REGULATION_OF_ORGANIC_ACID_TRANSPORT	go_bp	2	26	78	53	2920	7.964497e-02	1.000000e+00	EDN1,STXBP1
GOBP_ENDOTHELIAL_CELL_MIGRATION	go_bp	4	91	289	53	2920	8.120356e-02	1.000000e+00	CXCL13,EDN1,GDF2,PTN
GOBP_NEGATIVE_REGULATION_OF_CELL_GROWTH	go_bp	3	57	173	53	2920	8.323383e-02	1.000000e+00	FRZB,GDF2,SPP1
GOBP_RESPONSE_TO_CORTICOSTEROID	go_bp	3	57	158	53	2920	8.323383e-02	1.000000e+00	ADAM9,AREG,EDN1
GOBP_REGULATION_OF_RESPONSE_TO_WOUNDING	go_bp	4	92	179	53	2920	8.379233e-02	1.000000e+00	EDN1,PLAT,PTN,SPP1
GOBP_NEURAL_CREST_CELL_DIFFERENTIATION	go_bp	2	27	94	53	2920	8.504501e-02	1.000000e+00	EDN1,FRZB
GOBP_ODONTOGENESIS_OF_DENTIN_CONTAINING_TOOTH	go_bp	2	27	94	53	2920	8.504501e-02	1.000000e+00	FST,TNC
GOBP_POSITIVE_REGULATION_OF_CELL_POPULATION_PROLIFERATION	go_bp	10	344	1000	53	2920	8.637752e-02	1.000000e+00	ADGRG1,AGER,AREG,EDN1,ESM1,GDF2,PRL,PTN,TNC,TNFSF13
GOBP_CELLULAR_RESPONSE_TO_MINERALOCORTICOID_STIMULUS	go_bp	1	5	13	53	2920	8.757603e-02	1.000000e+00	EDN1
GOBP_COPPER_ION_HOMEOSTASIS	go_bp	1	5	21	53	2920	8.757603e-02	1.000000e+00	PRND
GOBP_DEVELOPMENT_OF_SECONDARY_SEXUAL_CHARACTERISTICS	go_bp	1	5	10	53	2920	8.757603e-02	1.000000e+00	AREG
GOBP_ESTROUS_CYCLE	go_bp	1	5	16	53	2920	8.757603e-02	1.000000e+00	PTN
GOBP_FLUID_TRANSPORT	go_bp	1	5	40	53	2920	8.757603e-02	1.000000e+00	EDN1
GOBP_GLUTAMATE_SECRETION	go_bp	1	5	28	53	2920	8.757603e-02	1.000000e+00	STXBP1
GOBP_HEPATOCYTE_GROWTH_FACTOR_RECEPTOR_SIGNALING_PATHWAY	go_bp	1	5	12	53	2920	8.757603e-02	1.000000e+00	ESM1
GOBP_HORMONE_CATABOLIC_PROCESS	go_bp	1	5	12	53	2920	8.757603e-02	1.000000e+00	SPP1
GOBP_L_GLUTAMATE_IMPORT	go_bp	1	5	40	53	2920	8.757603e-02	1.000000e+00	STXBP1
GOBP_MITOCHONDRIAL_ELECTRON_TRANSPORT_NADH_TO_UBIQUINONE	go_bp	1	5	51	53	2920	8.757603e-02	1.000000e+00	NDUFB7
GOBP_NEGATIVE_REGULATION_OF_ACTIVIN_RECEPTOR_SIGNALING_PATHWAY	go_bp	1	5	17	53	2920	8.757603e-02	1.000000e+00	FST
GOBP_NEGATIVE_REGULATION_OF_BLOOD_CIRCULATION	go_bp	1	5	25	53	2920	8.757603e-02	1.000000e+00	AGER
GOBP_NEGATIVE_REGULATION_OF_COLLATERAL_SPROUTING	go_bp	1	5	11	53	2920	8.757603e-02	1.000000e+00	SPP1
GOBP_NEGATIVE_REGULATION_OF_DNA_REPLICATION	go_bp	1	5	26	53	2920	8.757603e-02	1.000000e+00	GDF2
GOBP_NEGATIVE_REGULATION_OF_MEMBRANE_PROTEIN_ECTODOMAIN_PROTEOLYSIS	go_bp	1	5	8	53	2920	8.757603e-02	1.000000e+00	TIMP4
GOBP_NEGATIVE_REGULATION_OF_MUSCLE_CONTRACTION	go_bp	1	5	23	53	2920	8.757603e-02	1.000000e+00	CALCA
GOBP_NERVOUS_SYSTEM_PROCESS_INVOLVED_IN_REGULATION_OF_SYSTEMIC_ARTERIAL_BLOOD_PRESSURE	go_bp	1	5	13	53	2920	8.757603e-02	1.000000e+00	CALCA
GOBP_NEURAL_CREST_FORMATION	go_bp	1	5	15	53	2920	8.757603e-02	1.000000e+00	EDN1
GOBP_NEURONAL_ION_CHANNEL_CLUSTERING	go_bp	1	5	12	53	2920	8.757603e-02	1.000000e+00	AGRN
GOBP_PHARYNGEAL_ARCH_ARTERY_MORPHOGENESIS	go_bp	1	5	10	53	2920	8.757603e-02	1.000000e+00	EDN1
GOBP_PHASIC_SMOOTH_MUSCLE_CONTRACTION	go_bp	1	5	24	53	2920	8.757603e-02	1.000000e+00	EDN1
GOBP_PHYSIOLOGICAL_CARDIAC_MUSCLE_HYPERTROPHY	go_bp	1	5	31	53	2920	8.757603e-02	1.000000e+00	EDN1
GOBP_POSITIVE_REGULATION_OF_AMINO_ACID_TRANSPORT	go_bp	1	5	24	53	2920	8.757603e-02	1.000000e+00	STXBP1
GOBP_POSITIVE_REGULATION_OF_CELL_CELL_ADHESION_MEDIATED_BY_INTEGRIN	go_bp	1	5	6	53	2920	8.757603e-02	1.000000e+00	CXCL13
GOBP_POSITIVE_REGULATION_OF_ENDOTHELIAL_CELL_DIFFERENTIATION	go_bp	1	5	19	53	2920	8.757603e-02	1.000000e+00	GDF2
GOBP_POSITIVE_REGULATION_OF_MAST_CELL_DEGRANULATION	go_bp	1	5	14	53	2920	8.757603e-02	1.000000e+00	STXBP1
GOBP_POSITIVE_REGULATION_OF_MYOBLAST_FUSION	go_bp	1	5	15	53	2920	8.757603e-02	1.000000e+00	GDF15
GOBP_POSITIVE_REGULATION_OF_ODONTOGENESIS	go_bp	1	5	8	53	2920	8.757603e-02	1.000000e+00	EDN1
GOBP_POSITIVE_REGULATION_OF_STEM_CELL_DIFFERENTIATION	go_bp	1	5	21	53	2920	8.757603e-02	1.000000e+00	PTN
GOBP_POSITIVE_REGULATION_OF_URINE_VOLUME	go_bp	1	5	13	53	2920	8.757603e-02	1.000000e+00	EDN1
GOBP_REGULATION_OF_ASPARTIC_TYPE_PEPTIDASE_ACTIVITY	go_bp	1	5	7	53	2920	8.757603e-02	1.000000e+00	AGER
GOBP_REGULATION_OF_EXCRETION	go_bp	1	5	11	53	2920	8.757603e-02	1.000000e+00	EDN1
GOBP_REGULATION_OF_FERTILIZATION	go_bp	1	5	17	53	2920	8.757603e-02	1.000000e+00	PLAT
GOBP_REGULATION_OF_HEPATOCYTE_PROLIFERATION	go_bp	1	5	16	53	2920	8.757603e-02	1.000000e+00	PTN
GOBP_REGULATION_OF_LONG_TERM_SYNAPTIC_DEPRESSION	go_bp	1	5	14	53	2920	8.757603e-02	1.000000e+00	AGER
GOBP_REGULATION_OF_SPONTANEOUS_SYNAPTIC_TRANSMISSION	go_bp	1	5	6	53	2920	8.757603e-02	1.000000e+00	AGER
GOBP_REGULATION_OF_SYNAPTIC_VESICLE_MEMBRANE_ORGANIZATION	go_bp	1	5	12	53	2920	8.757603e-02	1.000000e+00	STXBP1
GOBP_RESPONSE_TO_FOLLICLE_STIMULATING_HORMONE	go_bp	1	5	16	53	2920	8.757603e-02	1.000000e+00	EDN1
GOBP_RESPONSE_TO_LAMINAR_FLUID_SHEAR_STRESS	go_bp	1	5	15	53	2920	8.757603e-02	1.000000e+00	ADAM9
GOBP_VASCULAR_ASSOCIATED_SMOOTH_MUSCLE_CONTRACTION	go_bp	1	5	25	53	2920	8.757603e-02	1.000000e+00	EDN1
GOBP_CELLULAR_RESPONSE_TO_OXYGEN_CONTAINING_COMPOUND	go_bp	9	300	1195	53	2920	8.757620e-02	1.000000e+00	ADAM9,AGER,AGRN,CXCL13,EDN1,GDF15,RGS10,SPP1,TNC
GOBP_CELL_PROJECTION_MORPHOGENESIS	go_bp	6	172	670	53	2920	8.855065e-02	1.000000e+00	CELSR2,EDN1,MATN2,PTN,SPP1,STXBP1
GOBP_ADAPTIVE_IMMUNE_RESPONSE_BASED_ON_SOMATIC_RECOMBINATION_OF_IMMUNE_RECEPTORS_BUILT_FROM_IMMUNOGLOBULIN_SUPERFAMILY_DOMAINS	go_bp	5	132	381	53	2920	8.881049e-02	1.000000e+00	AGER,CD8A,CXCL13,NCR3LG1,TNFSF13
GOBP_CALCIUM_ION_HOMEOSTASIS	go_bp	4	94	329	53	2920	8.909222e-02	1.000000e+00	CALCA,CALCB,CCL13,EDN1
GOBP_RESPONSE_TO_KETONE	go_bp	3	59	220	53	2920	9.020224e-02	1.000000e+00	EDN1,SPP1,TNC
GOBP_CELLULAR_RESPONSE_TO_KETONE	go_bp	2	28	108	53	2920	9.055388e-02	1.000000e+00	SPP1,TNC
GOBP_FEMALE_GAMETE_GENERATION	go_bp	2	28	167	53	2920	9.055388e-02	1.000000e+00	EDN1,PTN
GOBP_NEGATIVE_REGULATION_OF_DEVELOPMENTAL_GROWTH	go_bp	2	28	99	53	2920	9.055388e-02	1.000000e+00	GDF15,SPP1
GOBP_NEGATIVE_REGULATION_OF_EPITHELIAL_CELL_MIGRATION	go_bp	2	28	118	53	2920	9.055388e-02	1.000000e+00	CXCL13,GDF2
GOBP_RESPONSE_TO_ORGANIC_CYCLIC_COMPOUND	go_bp	7	216	907	53	2920	9.256805e-02	1.000000e+00	ADAM9,AREG,EDN1,FST,SPP1,STXBP1,TNC
GOBP_REGULATION_OF_BODY_FLUID_LEVELS	go_bp	5	135	375	53	2920	9.561354e-02	1.000000e+00	CELSR2,EDN1,PLAT,PRL,STXBP1
GOBP_REGULATION_OF_SYSTEMIC_ARTERIAL_BLOOD_PRESSURE	go_bp	2	29	94	53	2920	9.616605e-02	1.000000e+00	CALCA,EDN1
GOBP_SMAD_PROTEIN_SIGNAL_TRANSDUCTION	go_bp	2	29	96	53	2920	9.616605e-02	1.000000e+00	GDF15,GDF2
GOBP_CARTILAGE_DEVELOPMENT	go_bp	3	61	208	53	2920	9.740961e-02	1.000000e+00	EDN1,FRZB,GDF2
GOBP_NEGATIVE_REGULATION_OF_RESPONSE_TO_WOUNDING	go_bp	3	61	100	53	2920	9.740961e-02	1.000000e+00	EDN1,PLAT,SPP1
GOBP_PROTEIN_HOMOOLIGOMERIZATION	go_bp	2	30	199	53	2920	1.018761e-01	1.000000e+00	DNM1,PRND
GOBP_ANDROGEN_METABOLIC_PROCESS	go_bp	1	6	30	53	2920	1.041656e-01	1.000000e+00	SPP1
GOBP_CALCIUM_ION_REGULATED_EXOCYTOSIS_OF_NEUROTRANSMITTER	go_bp	1	6	21	53	2920	1.041656e-01	1.000000e+00	STXBP1
GOBP_CELL_MIGRATION_INVOLVED_IN_HEART_DEVELOPMENT	go_bp	1	6	21	53	2920	1.041656e-01	1.000000e+00	EDN1
GOBP_DETECTION_OF_STIMULUS_INVOLVED_IN_SENSORY_PERCEPTION_OF_PAIN	go_bp	1	6	28	53	2920	1.041656e-01	1.000000e+00	CALCA
GOBP_DETECTION_OF_TEMPERATURE_STIMULUS	go_bp	1	6	26	53	2920	1.041656e-01	1.000000e+00	CALCA
GOBP_EPITHELIAL_CELL_CELL_ADHESION	go_bp	1	6	17	53	2920	1.041656e-01	1.000000e+00	ITGB5
GOBP_HISTAMINE_SECRETION	go_bp	1	6	14	53	2920	1.041656e-01	1.000000e+00	EDN1
GOBP_HISTAMINE_TRANSPORT	go_bp	1	6	17	53	2920	1.041656e-01	1.000000e+00	EDN1
GOBP_LEUKOCYTE_CHEMOTAXIS_INVOLVED_IN_INFLAMMATORY_RESPONSE	go_bp	1	6	8	53	2920	1.041656e-01	1.000000e+00	PTN
GOBP_L_AMINO_ACID_TRANSPORT	go_bp	1	6	97	53	2920	1.041656e-01	1.000000e+00	STXBP1
GOBP_MONOCYTE_ACTIVATION	go_bp	1	6	12	53	2920	1.041656e-01	1.000000e+00	ADAM9
GOBP_MONOCYTE_EXTRAVASATION	go_bp	1	6	11	53	2920	1.041656e-01	1.000000e+00	AGER
GOBP_MRNA_CIS_SPLICING_VIA_SPLICEOSOME	go_bp	1	6	46	53	2920	1.041656e-01	1.000000e+00	RBM17
GOBP_NEGATIVE_REGULATION_OF_BONE_REMODELING	go_bp	1	6	18	53	2920	1.041656e-01	1.000000e+00	CALCA
GOBP_NEGATIVE_REGULATION_OF_LIPASE_ACTIVITY	go_bp	1	6	15	53	2920	1.041656e-01	1.000000e+00	ANGPTL4
GOBP_NEGATIVE_REGULATION_OF_SMAD_PROTEIN_SIGNAL_TRANSDUCTION	go_bp	1	6	38	53	2920	1.041656e-01	1.000000e+00	GDF15
GOBP_NEGATIVE_REGULATION_OF_SYSTEMIC_ARTERIAL_BLOOD_PRESSURE	go_bp	1	6	23	53	2920	1.041656e-01	1.000000e+00	CALCA
GOBP_POSITIVE_REGULATION_OF_ARTERY_MORPHOGENESIS	go_bp	1	6	6	53	2920	1.041656e-01	1.000000e+00	EDN1
GOBP_POSITIVE_REGULATION_OF_FIBROBLAST_GROWTH_FACTOR_RECEPTOR_SIGNALING_PATHWAY	go_bp	1	6	9	53	2920	1.041656e-01	1.000000e+00	FGFBP3
GOBP_POSITIVE_REGULATION_OF_HAIR_FOLLICLE_DEVELOPMENT	go_bp	1	6	12	53	2920	1.041656e-01	1.000000e+00	FST
GOBP_POSITIVE_REGULATION_OF_HEART_RATE	go_bp	1	6	25	53	2920	1.041656e-01	1.000000e+00	EDN1
GOBP_POSITIVE_REGULATION_OF_MONOCYTE_CHEMOTACTIC_PROTEIN_1_PRODUCTION	go_bp	1	6	15	53	2920	1.041656e-01	1.000000e+00	AGER
GOBP_REGULATION_OF_ACTIVIN_RECEPTOR_SIGNALING_PATHWAY	go_bp	1	6	27	53	2920	1.041656e-01	1.000000e+00	FST
GOBP_REGULATION_OF_ARTERY_MORPHOGENESIS	go_bp	1	6	13	53	2920	1.041656e-01	1.000000e+00	EDN1
GOBP_REGULATION_OF_BICELLULAR_TIGHT_JUNCTION_ASSEMBLY	go_bp	1	6	24	53	2920	1.041656e-01	1.000000e+00	GDF2
GOBP_REGULATION_OF_FATTY_ACID_OXIDATION	go_bp	1	6	34	53	2920	1.041656e-01	1.000000e+00	GDF15
GOBP_REGULATION_OF_INTEGRIN_ACTIVATION	go_bp	1	6	17	53	2920	1.041656e-01	1.000000e+00	CXCL13
GOBP_REGULATION_OF_RESPONSE_TO_FOOD	go_bp	1	6	16	53	2920	1.041656e-01	1.000000e+00	GDF15
GOBP_REGULATION_OF_T_CELL_CHEMOTAXIS	go_bp	1	6	15	53	2920	1.041656e-01	1.000000e+00	CXCL13
GOBP_RENAL_SODIUM_EXCRETION	go_bp	1	6	12	53	2920	1.041656e-01	1.000000e+00	EDN1
GOBP_RESPONSE_TO_GONADOTROPIN	go_bp	1	6	28	53	2920	1.041656e-01	1.000000e+00	EDN1
GOBP_RESPONSE_TO_MANGANESE_ION	go_bp	1	6	18	53	2920	1.041656e-01	1.000000e+00	ADAM9
GOBP_SECRETORY_GRANULE_LOCALIZATION	go_bp	1	6	23	53	2920	1.041656e-01	1.000000e+00	STXBP1
GOBP_SENSORY_PERCEPTION_OF_TEMPERATURE_STIMULUS	go_bp	1	6	29	53	2920	1.041656e-01	1.000000e+00	CALCA
GOBP_SNARE_COMPLEX_ASSEMBLY	go_bp	1	6	23	53	2920	1.041656e-01	1.000000e+00	STXBP1
GOBP_THYROID_GLAND_DEVELOPMENT	go_bp	1	6	31	53	2920	1.041656e-01	1.000000e+00	EDN1
GOBP_TRANSEPITHELIAL_TRANSPORT	go_bp	1	6	36	53	2920	1.041656e-01	1.000000e+00	EDN1
GOBP_MONONUCLEAR_CELL_MIGRATION	go_bp	4	100	226	53	2920	1.059446e-01	1.000000e+00	AGER,CALCA,CXCL13,CXCL17
GOBP_CELL_SURFACE_RECEPTOR_PROTEIN_TYROSINE_KINASE_SIGNALING_PATHWAY	go_bp	7	224	652	53	2920	1.072655e-01	1.000000e+00	AREG,CD8A,CRIM1,ESM1,FGFBP3,GDF15,PLAT
GOBP_ENDOCRINE_PROCESS	go_bp	2	31	92	53	2920	1.076788e-01	1.000000e+00	EDN1,SPP1
GOBP_RESPONSE_TO_CALCIUM_ION	go_bp	2	31	132	53	2920	1.076788e-01	1.000000e+00	ADAM9,EDN1
GOBP_RESPONSE_TO_ESTRADIOL	go_bp	2	31	118	53	2920	1.076788e-01	1.000000e+00	AREG,STXBP1
GOBP_REGULATION_OF_MONONUCLEAR_CELL_MIGRATION	go_bp	3	64	143	53	2920	1.086487e-01	1.000000e+00	AGER,CXCL13,CXCL17
GOBP_TRANSFORMING_GROWTH_FACTOR_BETA_RECEPTOR_SIGNALING_PATHWAY	go_bp	3	64	250	53	2920	1.086487e-01	1.000000e+00	ADAM9,GDF15,ITGB5
GOBP_REGULATION_OF_CATALYTIC_ACTIVITY	go_bp	11	410	1373	53	2920	1.141750e-01	1.000000e+00	ADAM9,AGER,AGRN,ANGPTL4,CALCA,CCL13,CXCL13,EDN1,RGS10,SPOCK1,TIMP4
GOBP_POSITIVE_REGULATION_OF_CATALYTIC_ACTIVITY	go_bp	8	272	846	53	2920	1.144540e-01	1.000000e+00	ADAM9,AGER,AGRN,CALCA,CCL13,CXCL13,EDN1,RGS10
GOBP_MONOCYTE_CHEMOTAXIS	go_bp	2	33	52	53	2920	1.195420e-01	1.000000e+00	CALCA,CXCL17
GOBP_REGULATION_OF_MUSCLE_CONTRACTION	go_bp	2	33	172	53	2920	1.195420e-01	1.000000e+00	CALCA,EDN1
GOBP_REGULATION_OF_NEURAL_PRECURSOR_CELL_PROLIFERATION	go_bp	2	33	103	53	2920	1.195420e-01	1.000000e+00	ADGRG1,PTN
GOBP_REGULATION_OF_OSSIFICATION	go_bp	2	33	123	53	2920	1.195420e-01	1.000000e+00	CALCA,PTN
GOBP_CELLULAR_RESPONSE_TO_FATTY_ACID	go_bp	1	7	34	53	2920	1.204590e-01	1.000000e+00	EDN1
GOBP_CEREBRAL_CORTEX_CELL_MIGRATION	go_bp	1	7	48	53	2920	1.204590e-01	1.000000e+00	ADGRG1
GOBP_HEPARAN_SULFATE_PROTEOGLYCAN_BIOSYNTHETIC_PROCESS	go_bp	1	7	33	53	2920	1.204590e-01	1.000000e+00	HS6ST1
GOBP_LYSOSOMAL_PROTEIN_CATABOLIC_PROCESS	go_bp	1	7	21	53	2920	1.204590e-01	1.000000e+00	TPP1
GOBP_NEGATIVE_REGULATION_OF_PLASMINOGEN_ACTIVATION	go_bp	1	7	8	53	2920	1.204590e-01	1.000000e+00	PLAT
GOBP_NEURON_PROJECTION_ARBORIZATION	go_bp	1	7	33	53	2920	1.204590e-01	1.000000e+00	PTN
GOBP_OOCYTE_MATURATION	go_bp	1	7	35	53	2920	1.204590e-01	1.000000e+00	EDN1
GOBP_POSITIVE_REGULATION_OF_HETEROTYPIC_CELL_CELL_ADHESION	go_bp	1	7	14	53	2920	1.204590e-01	1.000000e+00	AGER
GOBP_POSITIVE_REGULATION_OF_NEURON_PROJECTION_REGENERATION	go_bp	1	7	13	53	2920	1.204590e-01	1.000000e+00	PTN
GOBP_POSITIVE_REGULATION_OF_SIGNALING_RECEPTOR_ACTIVITY	go_bp	1	7	24	53	2920	1.204590e-01	1.000000e+00	EDN1
GOBP_POSITIVE_REGULATION_OF_SMOOTH_MUSCLE_CONTRACTION	go_bp	1	7	31	53	2920	1.204590e-01	1.000000e+00	EDN1
GOBP_POSITIVE_REGULATION_OF_STRIATED_MUSCLE_CELL_DIFFERENTIATION	go_bp	1	7	52	53	2920	1.204590e-01	1.000000e+00	EDN1
GOBP_PROTON_MOTIVE_FORCE_DRIVEN_ATP_SYNTHESIS	go_bp	1	7	76	53	2920	1.204590e-01	1.000000e+00	NDUFB7
GOBP_REGULATION_OF_KERATINOCYTE_MIGRATION	go_bp	1	7	14	53	2920	1.204590e-01	1.000000e+00	ADAM9
GOBP_REGULATION_OF_LIPOPROTEIN_LIPASE_ACTIVITY	go_bp	1	7	14	53	2920	1.204590e-01	1.000000e+00	ANGPTL4
GOBP_REGULATION_OF_MYOBLAST_FUSION	go_bp	1	7	20	53	2920	1.204590e-01	1.000000e+00	GDF15
GOBP_REGULATION_OF_SYNAPTIC_TRANSMISSION_GABAERGIC	go_bp	1	7	35	53	2920	1.204590e-01	1.000000e+00	STXBP1
GOBP_RESPONSE_TO_AUDITORY_STIMULUS	go_bp	1	7	33	53	2920	1.204590e-01	1.000000e+00	PTN
GOBP_RESPONSE_TO_LEPTIN	go_bp	1	7	21	53	2920	1.204590e-01	1.000000e+00	EDN1
GOBP_SPONTANEOUS_SYNAPTIC_TRANSMISSION	go_bp	1	7	14	53	2920	1.204590e-01	1.000000e+00	AGER
GOBP_VENTRICULAR_SYSTEM_DEVELOPMENT	go_bp	1	7	33	53	2920	1.204590e-01	1.000000e+00	CELSR2
GOBP_VESICLE_DOCKING_INVOLVED_IN_EXOCYTOSIS	go_bp	1	7	35	53	2920	1.204590e-01	1.000000e+00	STXBP1
GOBP_REGULATION_OF_NON_CANONICAL_NF_KAPPAB_SIGNAL_TRANSDUCTION	go_bp	2	34	109	53	2920	1.255928e-01	1.000000e+00	AGER,EDN1
GOBP_POSITIVE_REGULATION_OF_SIGNALING	go_bp	13	516	1828	53	2920	1.288936e-01	1.000000e+00	ADAM9,ADGRG1,AGER,CXCL17,EDN1,ESM1,FGFBP3,GDF15,GDF2,PRL,PTN,SPP1,STXBP1
GOBP_RESPONSE_TO_OXYGEN_LEVELS	go_bp	4	108	352	53	2920	1.305133e-01	1.000000e+00	AGER,ANGPTL4,EDN1,PLAT
GOBP_AMEBOIDAL_TYPE_CELL_MIGRATION	go_bp	5	149	502	53	2920	1.307688e-01	1.000000e+00	ADAM9,CXCL13,EDN1,GDF2,PTN
GOBP_REGULATION_OF_PROTEOLYSIS	go_bp	6	192	598	53	2920	1.316097e-01	1.000000e+00	ADAM9,AGER,PLAT,SPOCK1,SPON1,TIMP4
GOBP_RESPONSE_TO_MECHANICAL_STIMULUS	go_bp	3	70	220	53	2920	1.325503e-01	1.000000e+00	EDN1,PTN,TNC
GOBP_POSITIVE_REGULATION_OF_HYDROLASE_ACTIVITY	go_bp	5	150	456	53	2920	1.334851e-01	1.000000e+00	AGER,AGRN,CCL13,CXCL13,RGS10
GOBP_POSITIVE_REGULATION_OF_LOCOMOTION	go_bp	7	237	637	53	2920	1.337277e-01	1.000000e+00	ADAM9,AGER,CCL13,CXCL13,CXCL17,EDN1,PTN
GOBP_CLATHRIN_COAT_ASSEMBLY	go_bp	1	8	19	53	2920	1.364617e-01	1.000000e+00	DNM1
GOBP_EATING_BEHAVIOR	go_bp	1	8	39	53	2920	1.364617e-01	1.000000e+00	GDF15
GOBP_ERBB2_EGFR_SIGNALING_PATHWAY	go_bp	1	8	8	53	2920	1.364617e-01	1.000000e+00	AREG
GOBP_KERATINOCYTE_MIGRATION	go_bp	1	8	20	53	2920	1.364617e-01	1.000000e+00	ADAM9
GOBP_MAMMARY_GLAND_EPITHELIAL_CELL_PROLIFERATION	go_bp	1	8	26	53	2920	1.364617e-01	1.000000e+00	AREG
GOBP_MEMBRANE_FISSION	go_bp	1	8	44	53	2920	1.364617e-01	1.000000e+00	DNM1
GOBP_MICROTUBULE_NUCLEATION	go_bp	1	8	45	53	2920	1.364617e-01	1.000000e+00	MZT1
GOBP_NEGATIVE_REGULATION_OF_TISSUE_REMODELING	go_bp	1	8	21	53	2920	1.364617e-01	1.000000e+00	CALCA
GOBP_PHARYNGEAL_SYSTEM_DEVELOPMENT	go_bp	1	8	31	53	2920	1.364617e-01	1.000000e+00	EDN1
GOBP_PLATELET_MORPHOGENESIS	go_bp	1	8	27	53	2920	1.364617e-01	1.000000e+00	CLEC1B
GOBP_POSITIVE_REGULATION_OF_FATTY_ACID_METABOLIC_PROCESS	go_bp	1	8	40	53	2920	1.364617e-01	1.000000e+00	GDF15
GOBP_POSITIVE_REGULATION_OF_NEUROTRANSMITTER_SECRETION	go_bp	1	8	18	53	2920	1.364617e-01	1.000000e+00	STXBP1
GOBP_POSITIVE_REGULATION_OF_P38MAPK_CASCADE	go_bp	1	8	31	53	2920	1.364617e-01	1.000000e+00	AGER
GOBP_POSITIVE_REGULATION_OF_STEROID_HORMONE_SECRETION	go_bp	1	8	11	53	2920	1.364617e-01	1.000000e+00	SPP1
GOBP_POSITIVE_REGULATION_OF_SYNAPTIC_TRANSMISSION_GLUTAMATERGIC	go_bp	1	8	36	53	2920	1.364617e-01	1.000000e+00	STXBP1
GOBP_PROTEIN_CATABOLIC_PROCESS_IN_THE_VACUOLE	go_bp	1	8	25	53	2920	1.364617e-01	1.000000e+00	TPP1
GOBP_REGULATION_OF_APPETITE	go_bp	1	8	22	53	2920	1.364617e-01	1.000000e+00	GDF15
GOBP_REGULATION_OF_CELL_CELL_ADHESION_MEDIATED_BY_INTEGRIN	go_bp	1	8	11	53	2920	1.364617e-01	1.000000e+00	CXCL13
GOBP_REGULATION_OF_CHEMOKINE_MEDIATED_SIGNALING_PATHWAY	go_bp	1	8	12	53	2920	1.364617e-01	1.000000e+00	EDN1
GOBP_REGULATION_OF_COLLATERAL_SPROUTING	go_bp	1	8	20	53	2920	1.364617e-01	1.000000e+00	SPP1
GOBP_REGULATION_OF_DENDRITIC_CELL_DIFFERENTIATION	go_bp	1	8	15	53	2920	1.364617e-01	1.000000e+00	AGER
GOBP_REGULATION_OF_ODONTOGENESIS	go_bp	1	8	19	53	2920	1.364617e-01	1.000000e+00	EDN1
GOBP_RENAL_TUBULAR_SECRETION	go_bp	1	8	20	53	2920	1.364617e-01	1.000000e+00	EDN1
GOBP_RESPONSE_TO_DIETARY_EXCESS	go_bp	1	8	36	53	2920	1.364617e-01	1.000000e+00	GDF15
GOBP_RESPONSE_TO_PAIN	go_bp	1	8	36	53	2920	1.364617e-01	1.000000e+00	CALCA
GOBP_STEROID_CATABOLIC_PROCESS	go_bp	1	8	25	53	2920	1.364617e-01	1.000000e+00	SPP1
GOBP_SYNAPTIC_VESICLE_MATURATION	go_bp	1	8	25	53	2920	1.364617e-01	1.000000e+00	STXBP1
GOBP_NEGATIVE_REGULATION_OF_COAGULATION	go_bp	2	36	53	53	2920	1.379094e-01	1.000000e+00	EDN1,PLAT
GOBP_POSITIVE_REGULATION_OF_LIPID_TRANSPORT	go_bp	2	36	86	53	2920	1.379094e-01	1.000000e+00	EDN1,SPP1
GOBP_REGULATION_OF_TISSUE_REMODELING	go_bp	2	36	88	53	2920	1.379094e-01	1.000000e+00	CALCA,SPP1
GOBP_NEGATIVE_REGULATION_OF_LOCOMOTION	go_bp	4	111	415	53	2920	1.403014e-01	1.000000e+00	ADGRG1,CXCL13,GDF15,GDF2
GOBP_RESPONSE_TO_REACTIVE_OXYGEN_SPECIES	go_bp	3	72	205	53	2920	1.409036e-01	1.000000e+00	ADAM9,AREG,EDN1
GOBP_EPITHELIAL_CELL_PROLIFERATION	go_bp	5	153	494	53	2920	1.417892e-01	1.000000e+00	AREG,FST,GDF2,PRL,PTN
GOBP_POSITIVE_REGULATION_OF_HORMONE_SECRETION	go_bp	2	37	144	53	2920	1.441663e-01	1.000000e+00	EDN1,SPP1
GOBP_POSITIVE_REGULATION_OF_MAP_KINASE_ACTIVITY	go_bp	2	37	81	53	2920	1.441663e-01	1.000000e+00	ADAM9,EDN1
GOBP_REGULATION_OF_G_PROTEIN_COUPLED_RECEPTOR_SIGNALING_PATHWAY	go_bp	2	37	155	53	2920	1.441663e-01	1.000000e+00	EDN1,RGS10
GOBP_BEHAVIOR	go_bp	5	155	657	53	2920	1.474520e-01	1.000000e+00	AGER,CALCA,GDF15,OBP2B,PTN
GOBP_NEGATIVE_REGULATION_OF_CELLULAR_RESPONSE_TO_GROWTH_FACTOR_STIMULUS	go_bp	2	38	139	53	2920	1.504833e-01	1.000000e+00	CRIM1,CXCL13
GOBP_POSITIVE_REGULATION_OF_RESPONSE_TO_WOUNDING	go_bp	2	38	80	53	2920	1.504833e-01	1.000000e+00	PLAT,PTN
GOBP_ACIDIC_AMINO_ACID_TRANSPORT	go_bp	1	9	67	53	2920	1.521786e-01	1.000000e+00	STXBP1
GOBP_BRANCHING_INVOLVED_IN_MAMMARY_GLAND_DUCT_MORPHOGENESIS	go_bp	1	9	23	53	2920	1.521786e-01	1.000000e+00	AREG
GOBP_CELLULAR_RESPONSE_TO_VITAMIN_D	go_bp	1	9	22	53	2920	1.521786e-01	1.000000e+00	TNC
GOBP_CHRONIC_INFLAMMATORY_RESPONSE	go_bp	1	9	19	53	2920	1.521786e-01	1.000000e+00	CXCL13
GOBP_COCHLEA_DEVELOPMENT	go_bp	1	9	50	53	2920	1.521786e-01	1.000000e+00	FRZB
GOBP_EXCRETION	go_bp	1	9	30	53	2920	1.521786e-01	1.000000e+00	EDN1
GOBP_LACTATION	go_bp	1	9	43	53	2920	1.521786e-01	1.000000e+00	PRL
GOBP_MONOCYTE_CHEMOTACTIC_PROTEIN_1_PRODUCTION	go_bp	1	9	21	53	2920	1.521786e-01	1.000000e+00	AGER
GOBP_NEGATIVE_REGULATION_OF_MUSCLE_CELL_APOPTOTIC_PROCESS	go_bp	1	9	56	53	2920	1.521786e-01	1.000000e+00	EDN1
GOBP_NEGATIVE_REGULATION_OF_NEURAL_PRECURSOR_CELL_PROLIFERATION	go_bp	1	9	26	53	2920	1.521786e-01	1.000000e+00	PTN
GOBP_NEGATIVE_REGULATION_OF_NEURON_PROJECTION_REGENERATION	go_bp	1	9	16	53	2920	1.521786e-01	1.000000e+00	SPP1
GOBP_PLACENTA_BLOOD_VESSEL_DEVELOPMENT	go_bp	1	9	32	53	2920	1.521786e-01	1.000000e+00	HS6ST1
GOBP_POSITIVE_REGULATION_OF_AMINE_TRANSPORT	go_bp	1	9	41	53	2920	1.521786e-01	1.000000e+00	STXBP1
GOBP_POSITIVE_REGULATION_OF_FILOPODIUM_ASSEMBLY	go_bp	1	9	31	53	2920	1.521786e-01	1.000000e+00	AGRN
GOBP_POSITIVE_REGULATION_OF_ISOTYPE_SWITCHING	go_bp	1	9	29	53	2920	1.521786e-01	1.000000e+00	TNFSF13
GOBP_POSITIVE_REGULATION_OF_JUN_KINASE_ACTIVITY	go_bp	1	9	28	53	2920	1.521786e-01	1.000000e+00	EDN1
GOBP_POSITIVE_REGULATION_OF_KERATINOCYTE_PROLIFERATION	go_bp	1	9	16	53	2920	1.521786e-01	1.000000e+00	AREG
GOBP_POSITIVE_REGULATION_OF_LYMPHOCYTE_CHEMOTAXIS	go_bp	1	9	19	53	2920	1.521786e-01	1.000000e+00	CXCL13
GOBP_POSITIVE_REGULATION_OF_MACROPHAGE_CHEMOTAXIS	go_bp	1	9	19	53	2920	1.521786e-01	1.000000e+00	CXCL17
GOBP_POSITIVE_REGULATION_OF_MUSCLE_HYPERTROPHY	go_bp	1	9	37	53	2920	1.521786e-01	1.000000e+00	EDN1
GOBP_POSITIVE_REGULATION_OF_NEUROTRANSMITTER_TRANSPORT	go_bp	1	9	24	53	2920	1.521786e-01	1.000000e+00	STXBP1
GOBP_POSITIVE_REGULATION_OF_VASCULAR_PERMEABILITY	go_bp	1	9	17	53	2920	1.521786e-01	1.000000e+00	FGFBP3
GOBP_PROTEIN_KINASE_C_ACTIVATING_G_PROTEIN_COUPLED_RECEPTOR_SIGNALING_PATHWAY	go_bp	1	9	27	53	2920	1.521786e-01	1.000000e+00	EDN1
GOBP_PROTEOGLYCAN_BIOSYNTHETIC_PROCESS	go_bp	1	9	65	53	2920	1.521786e-01	1.000000e+00	HS6ST1
GOBP_REGULATION_OF_CALCIUM_ION_DEPENDENT_EXOCYTOSIS	go_bp	1	9	30	53	2920	1.521786e-01	1.000000e+00	STXBP1
GOBP_REGULATION_OF_HAIR_FOLLICLE_DEVELOPMENT	go_bp	1	9	20	53	2920	1.521786e-01	1.000000e+00	FST
GOBP_REGULATION_OF_RENAL_SYSTEM_PROCESS	go_bp	1	9	22	53	2920	1.521786e-01	1.000000e+00	EDN1
GOBP_RESPONSE_TO_AMPHETAMINE	go_bp	1	9	36	53	2920	1.521786e-01	1.000000e+00	EDN1
GOBP_RESPONSE_TO_MACROPHAGE_COLONY_STIMULATING_FACTOR	go_bp	1	9	17	53	2920	1.521786e-01	1.000000e+00	SPP1
GOBP_RESPONSE_TO_MUSCLE_STRETCH	go_bp	1	9	25	53	2920	1.521786e-01	1.000000e+00	EDN1
GOBP_RESPONSE_TO_SALT	go_bp	1	9	23	53	2920	1.521786e-01	1.000000e+00	EDN1
GOBP_SYNAPTIC_VESICLE_PRIMING	go_bp	1	9	19	53	2920	1.521786e-01	1.000000e+00	STXBP1
GOBP_SYNAPTIC_VESICLE_TRANSPORT	go_bp	1	9	42	53	2920	1.521786e-01	1.000000e+00	DNM1
GOBP_WNT_SIGNALING_PATHWAY_PLANAR_CELL_POLARITY_PATHWAY	go_bp	1	9	50	53	2920	1.521786e-01	1.000000e+00	CELSR2
GOBP_RESPONSE_TO_CYTOKINE	go_bp	9	338	965	53	2920	1.522972e-01	1.000000e+00	ADAM9,CALCA,CCL13,CXCL13,EDN1,PRL,SPP1,STXBP1,TIMP4
GOBP_ANTIMICROBIAL_HUMORAL_RESPONSE	go_bp	3	75	161	53	2920	1.537615e-01	1.000000e+00	CCL13,CXCL13,NCR3LG1
GOBP_CELLULAR_RESPONSE_TO_NITROGEN_COMPOUND	go_bp	5	158	654	53	2920	1.561303e-01	1.000000e+00	AGER,AGRN,EDN1,GDF15,RGS10
GOBP_CIRCULATORY_SYSTEM_DEVELOPMENT	go_bp	9	340	1240	53	2920	1.562588e-01	1.000000e+00	ADGRG1,ANGPTL4,CXCL13,CXCL17,EDN1,ESM1,GDF2,HS6ST1,PRL
GOBP_CELLULAR_RESPONSE_TO_TYPE_II_INTERFERON	go_bp	2	39	96	53	2920	1.568562e-01	1.000000e+00	EDN1,STXBP1
GOBP_HEPATICOBILIARY_SYSTEM_DEVELOPMENT	go_bp	2	39	147	53	2920	1.568562e-01	1.000000e+00	FRZB,PTN
GOBP_MAMMARY_GLAND_DEVELOPMENT	go_bp	2	39	137	53	2920	1.568562e-01	1.000000e+00	AREG,PRL
GOBP_RESPONSE_TO_VITAMIN	go_bp	2	39	92	53	2920	1.568562e-01	1.000000e+00	SPP1,TNC
GOBP_CELLULAR_RESPONSE_TO_LIPID	go_bp	5	159	616	53	2920	1.590710e-01	1.000000e+00	ADAM9,CXCL13,EDN1,SPP1,TNC
GOBP_NEGATIVE_REGULATION_OF_NEURON_PROJECTION_DEVELOPMENT	go_bp	2	40	129	53	2920	1.632810e-01	1.000000e+00	SPOCK1,SPP1
GOBP_NEUTROPHIL_CHEMOTAXIS	go_bp	2	40	85	53	2920	1.632810e-01	1.000000e+00	CXCL13,EDN1
GOBP_REGULATION_OF_TUBE_SIZE	go_bp	2	40	154	53	2920	1.632810e-01	1.000000e+00	CALCA,EDN1
GOBP_CONNECTIVE_TISSUE_DEVELOPMENT	go_bp	3	78	290	53	2920	1.669834e-01	1.000000e+00	EDN1,FRZB,GDF2
GOBP_NEGATIVE_REGULATION_OF_CELL_DEVELOPMENT	go_bp	3	78	271	53	2920	1.669834e-01	1.000000e+00	FRZB,PTN,SPP1
GOBP_ATP_SYNTHESIS_COUPLED_ELECTRON_TRANSPORT	go_bp	1	10	101	53	2920	1.676147e-01	1.000000e+00	NDUFB7
GOBP_CELLULAR_RESPONSE_TO_GROWTH_HORMONE_STIMULUS	go_bp	1	10	26	53	2920	1.676147e-01	1.000000e+00	GDF15
GOBP_CLATHRIN_DEPENDENT_ENDOCYTOSIS	go_bp	1	10	49	53	2920	1.676147e-01	1.000000e+00	DNM1
GOBP_GLOMERULAR_EPITHELIUM_DEVELOPMENT	go_bp	1	10	27	53	2920	1.676147e-01	1.000000e+00	EDN1
GOBP_INNERVATION	go_bp	1	10	27	53	2920	1.676147e-01	1.000000e+00	EDN1
GOBP_LIVER_MORPHOGENESIS	go_bp	1	10	25	53	2920	1.676147e-01	1.000000e+00	PTN
GOBP_MAMMARY_GLAND_ALVEOLUS_DEVELOPMENT	go_bp	1	10	20	53	2920	1.676147e-01	1.000000e+00	AREG
GOBP_NEGATIVE_REGULATION_OF_CARTILAGE_DEVELOPMENT	go_bp	1	10	31	53	2920	1.676147e-01	1.000000e+00	FRZB
GOBP_NEGATIVE_REGULATION_OF_FIBRINOLYSIS	go_bp	1	10	13	53	2920	1.676147e-01	1.000000e+00	PLAT
GOBP_POSITIVE_REGULATION_OF_BLOOD_CIRCULATION	go_bp	1	10	38	53	2920	1.676147e-01	1.000000e+00	EDN1
GOBP_POSITIVE_REGULATION_OF_BONE_RESORPTION	go_bp	1	10	19	53	2920	1.676147e-01	1.000000e+00	SPP1
GOBP_POSITIVE_REGULATION_OF_CATION_CHANNEL_ACTIVITY	go_bp	1	10	48	53	2920	1.676147e-01	1.000000e+00	EDN1
GOBP_POSITIVE_REGULATION_OF_HEART_GROWTH	go_bp	1	10	41	53	2920	1.676147e-01	1.000000e+00	EDN1
GOBP_POSITIVE_REGULATION_OF_LEUKOCYTE_DEGRANULATION	go_bp	1	10	24	53	2920	1.676147e-01	1.000000e+00	STXBP1
GOBP_POSITIVE_REGULATION_OF_MONOCYTE_CHEMOTAXIS	go_bp	1	10	20	53	2920	1.676147e-01	1.000000e+00	CXCL17
GOBP_POSITIVE_REGULATION_OF_OLIGODENDROCYTE_DIFFERENTIATION	go_bp	1	10	28	53	2920	1.676147e-01	1.000000e+00	PTN
GOBP_POSITIVE_REGULATION_OF_RHO_PROTEIN_SIGNAL_TRANSDUCTION	go_bp	1	10	38	53	2920	1.676147e-01	1.000000e+00	ADGRG1
GOBP_PROSTATE_GLAND_MORPHOGENESIS	go_bp	1	10	28	53	2920	1.676147e-01	1.000000e+00	TNC
GOBP_REGULATION_OF_FILOPODIUM_ASSEMBLY	go_bp	1	10	49	53	2920	1.676147e-01	1.000000e+00	AGRN
GOBP_REGULATION_OF_HAIR_CYCLE	go_bp	1	10	29	53	2920	1.676147e-01	1.000000e+00	FST
GOBP_REGULATION_OF_ICOSANOID_SECRETION	go_bp	1	10	21	53	2920	1.676147e-01	1.000000e+00	EDN1
GOBP_REGULATION_OF_ISOTYPE_SWITCHING	go_bp	1	10	38	53	2920	1.676147e-01	1.000000e+00	TNFSF13
GOBP_REGULATION_OF_NEURON_MIGRATION	go_bp	1	10	48	53	2920	1.676147e-01	1.000000e+00	ADGRG1
GOBP_REGULATION_OF_PROSTAGLANDIN_SECRETION	go_bp	1	10	14	53	2920	1.676147e-01	1.000000e+00	EDN1
GOBP_REGULATION_OF_STEM_CELL_POPULATION_MAINTENANCE	go_bp	1	10	74	53	2920	1.676147e-01	1.000000e+00	PTN
GOBP_REGULATION_OF_URINE_VOLUME	go_bp	1	10	22	53	2920	1.676147e-01	1.000000e+00	EDN1
GOBP_REGULATION_OF_VESICLE_FUSION	go_bp	1	10	23	53	2920	1.676147e-01	1.000000e+00	STXBP1
GOBP_SENSORY_PERCEPTION_OF_CHEMICAL_STIMULUS	go_bp	1	10	535	53	2920	1.676147e-01	1.000000e+00	OBP2B
GOBP_SOMITE_DEVELOPMENT	go_bp	1	10	84	53	2920	1.676147e-01	1.000000e+00	FRZB
GOBP_TRANSCYTOSIS	go_bp	1	10	21	53	2920	1.676147e-01	1.000000e+00	AGER
GOBP_EPIDERMIS_DEVELOPMENT	go_bp	3	79	388	53	2920	1.714657e-01	1.000000e+00	ADAM9,CST6,FST
GOBP_POSITIVE_REGULATION_OF_EPITHELIAL_CELL_PROLIFERATION	go_bp	3	79	220	53	2920	1.714657e-01	1.000000e+00	AREG,GDF2,PTN
GOBP_REGULATION_OF_ANATOMICAL_STRUCTURE_MORPHOGENESIS	go_bp	7	254	902	53	2920	1.728713e-01	1.000000e+00	ANGPTL4,CCL13,CXCL13,EDN1,GDF2,PRL,SPP1
GOBP_NEGATIVE_REGULATION_OF_NERVOUS_SYSTEM_DEVELOPMENT	go_bp	2	42	141	53	2920	1.762710e-01	1.000000e+00	PTN,SPP1
GOBP_NEURAL_PRECURSOR_CELL_PROLIFERATION	go_bp	2	42	169	53	2920	1.762710e-01	1.000000e+00	ADGRG1,PTN
GOBP_REGULATION_OF_CELL_ADHESION	go_bp	8	303	812	53	2920	1.781348e-01	1.000000e+00	ADAM9,ADGRG1,AGER,CELSR2,CXCL13,LAMA4,SPOCK1,TNC
GOBP_RESPONSE_TO_OXYGEN_CONTAINING_COMPOUND	go_bp	11	448	1678	53	2920	1.787816e-01	1.000000e+00	ADAM9,AGER,AGRN,AREG,CXCL13,EDN1,GDF15,RGS10,SPP1,STXBP1,TNC
GOBP_TISSUE_HOMEOSTASIS	go_bp	3	81	262	53	2920	1.805357e-01	1.000000e+00	CALCA,SPP1,TPP1
GOBP_ACYLGLYCEROL_HOMEOSTASIS	go_bp	1	11	45	53	2920	1.827750e-01	1.000000e+00	ANGPTL4
GOBP_COLLATERAL_SPROUTING	go_bp	1	11	28	53	2920	1.827750e-01	1.000000e+00	SPP1
GOBP_GLIAL_CELL_DERIVED_NEUROTROPHIC_FACTOR_RECEPTOR_SIGNALING_PATHWAY	go_bp	1	11	15	53	2920	1.827750e-01	1.000000e+00	GDF15
GOBP_INTEGRIN_ACTIVATION	go_bp	1	11	26	53	2920	1.827750e-01	1.000000e+00	CXCL13
GOBP_LEUKOCYTE_MIGRATION_INVOLVED_IN_INFLAMMATORY_RESPONSE	go_bp	1	11	19	53	2920	1.827750e-01	1.000000e+00	PTN
GOBP_NEGATIVE_REGULATION_OF_COLD_INDUCED_THERMOGENESIS	go_bp	1	11	48	53	2920	1.827750e-01	1.000000e+00	LAMA4
GOBP_NEGATIVE_REGULATION_OF_PROTEIN_MATURATION	go_bp	1	11	30	53	2920	1.827750e-01	1.000000e+00	PLAT
GOBP_PEPTIDE_CATABOLIC_PROCESS	go_bp	1	11	20	53	2920	1.827750e-01	1.000000e+00	TPP1
GOBP_POSITIVE_REGULATION_OF_BMP_SIGNALING_PATHWAY	go_bp	1	11	40	53	2920	1.827750e-01	1.000000e+00	GDF2
GOBP_POSITIVE_REGULATION_OF_BONE_MINERALIZATION	go_bp	1	11	44	53	2920	1.827750e-01	1.000000e+00	PTN
GOBP_POSITIVE_REGULATION_OF_CARTILAGE_DEVELOPMENT	go_bp	1	11	32	53	2920	1.827750e-01	1.000000e+00	GDF2
GOBP_POSITIVE_REGULATION_OF_MEMBRANE_PROTEIN_ECTODOMAIN_PROTEOLYSIS	go_bp	1	11	16	53	2920	1.827750e-01	1.000000e+00	ADAM9
GOBP_POSITIVE_REGULATION_OF_ORGAN_GROWTH	go_bp	1	11	53	53	2920	1.827750e-01	1.000000e+00	EDN1
GOBP_POSITIVE_REGULATION_OF_PROTEIN_MATURATION	go_bp	1	11	26	53	2920	1.827750e-01	1.000000e+00	SPON1
GOBP_REGULATION_OF_AMINO_ACID_TRANSPORT	go_bp	1	11	42	53	2920	1.827750e-01	1.000000e+00	STXBP1
GOBP_REGULATION_OF_HETEROTYPIC_CELL_CELL_ADHESION	go_bp	1	11	25	53	2920	1.827750e-01	1.000000e+00	AGER
GOBP_REGULATION_OF_RESPONSE_TO_NUTRIENT_LEVELS	go_bp	1	11	30	53	2920	1.827750e-01	1.000000e+00	GDF15
GOBP_RENAL_ABSORPTION	go_bp	1	11	36	53	2920	1.827750e-01	1.000000e+00	EDN1
GOBP_SECRETION_BY_TISSUE	go_bp	1	11	47	53	2920	1.827750e-01	1.000000e+00	CELSR2
GOBP_SMOOTH_MUSCLE_CELL_APOPTOTIC_PROCESS	go_bp	1	11	39	53	2920	1.827750e-01	1.000000e+00	EDN1
GOBP_SYNAPTIC_TRANSMISSION_GABAERGIC	go_bp	1	11	60	53	2920	1.827750e-01	1.000000e+00	STXBP1
GOBP_SYNAPTIC_VESICLE_MEMBRANE_ORGANIZATION	go_bp	1	11	28	53	2920	1.827750e-01	1.000000e+00	STXBP1
GOBP_T_CELL_CHEMOTAXIS	go_bp	1	11	26	53	2920	1.827750e-01	1.000000e+00	CXCL13
GOBP_VESICLE_FUSION_TO_PLASMA_MEMBRANE	go_bp	1	11	24	53	2920	1.827750e-01	1.000000e+00	STXBP1
GOBP_NON_CANONICAL_NF_KAPPAB_SIGNAL_TRANSDUCTION	go_bp	2	43	137	53	2920	1.828288e-01	1.000000e+00	AGER,EDN1
GOBP_PROTEIN_COMPLEX_OLIGOMERIZATION	go_bp	2	43	263	53	2920	1.828288e-01	1.000000e+00	DNM1,PRND
GOBP_REGULATION_OF_COAGULATION	go_bp	2	43	74	53	2920	1.828288e-01	1.000000e+00	EDN1,PLAT
GOBP_NEGATIVE_REGULATION_OF_RESPONSE_TO_EXTERNAL_STIMULUS	go_bp	5	167	433	53	2920	1.834136e-01	1.000000e+00	CXCL13,CXCL17,EDN1,PLAT,SPP1
GOBP_MULTICELLULAR_ORGANISMAL_LEVEL_HOMEOSTASIS	go_bp	6	213	814	53	2920	1.859505e-01	1.000000e+00	ADGRG1,CALCA,GDF15,LAMA4,SPP1,TPP1
GOBP_REGULATION_OF_CELL_DIFFERENTIATION	go_bp	10	403	1631	53	2920	1.865508e-01	1.000000e+00	AGER,AREG,CRIM1,EDN1,FRZB,FST,GDF2,PTN,SMOC1,SPP1
GOBP_ENDOTHELIUM_DEVELOPMENT	go_bp	2	44	150	53	2920	1.894238e-01	1.000000e+00	EDN1,GDF2
GOBP_POSITIVE_REGULATION_OF_LIPID_LOCALIZATION	go_bp	2	44	111	53	2920	1.894238e-01	1.000000e+00	EDN1,SPP1
GOBP_REGULATION_OF_EPITHELIAL_CELL_PROLIFERATION	go_bp	4	125	417	53	2920	1.896012e-01	1.000000e+00	AREG,GDF2,PRL,PTN
GOBP_RESPONSE_TO_TUMOR_NECROSIS_FACTOR	go_bp	3	83	241	53	2920	1.897379e-01	1.000000e+00	ADAM9,CALCA,EDN1
GOBP_SKELETAL_SYSTEM_DEVELOPMENT	go_bp	4	126	531	53	2920	1.933254e-01	1.000000e+00	EDN1,FRZB,FST,GDF2
GOBP_NEGATIVE_REGULATION_OF_PROTEOLYSIS	go_bp	3	84	230	53	2920	1.943855e-01	1.000000e+00	PLAT,SPOCK1,TIMP4
GOBP_NOTCH_SIGNALING_PATHWAY	go_bp	2	45	184	53	2920	1.960524e-01	1.000000e+00	GDF2,TIMP4
GOBP_POSITIVE_REGULATION_OF_CELL_JUNCTION_ASSEMBLY	go_bp	2	45	110	53	2920	1.960524e-01	1.000000e+00	AGRN,GDF2
GOBP_POSITIVE_REGULATION_OF_DEVELOPMENTAL_GROWTH	go_bp	2	45	168	53	2920	1.960524e-01	1.000000e+00	AGRN,EDN1
GOBP_VESICLE_LOCALIZATION	go_bp	2	45	219	53	2920	1.960524e-01	1.000000e+00	DNM1,STXBP1
GOBP_LEUKOCYTE_MEDIATED_IMMUNITY	go_bp	5	171	469	53	2920	1.960953e-01	1.000000e+00	AGER,CD8A,NCR3LG1,STXBP1,TNFSF13
GOBP_ADENYLATE_CYCLASE_INHIBITING_G_PROTEIN_COUPLED_RECEPTOR_SIGNALING_PATHWAY	go_bp	1	12	80	53	2920	1.976642e-01	1.000000e+00	EDN1
GOBP_ALTERNATIVE_MRNA_SPLICING_VIA_SPLICEOSOME	go_bp	1	12	73	53	2920	1.976642e-01	1.000000e+00	RBM17
GOBP_DORSAL_VENTRAL_PATTERN_FORMATION	go_bp	1	12	90	53	2920	1.976642e-01	1.000000e+00	EDN1
GOBP_EPITHELIAL_TUBE_BRANCHING_INVOLVED_IN_LUNG_MORPHOGENESIS	go_bp	1	12	30	53	2920	1.976642e-01	1.000000e+00	TNC
GOBP_FOREBRAIN_CELL_MIGRATION	go_bp	1	12	65	53	2920	1.976642e-01	1.000000e+00	ADGRG1
GOBP_MAMMARY_GLAND_DUCT_MORPHOGENESIS	go_bp	1	12	32	53	2920	1.976642e-01	1.000000e+00	AREG
GOBP_NEGATIVE_REGULATION_OF_INTERLEUKIN_10_PRODUCTION	go_bp	1	12	24	53	2920	1.976642e-01	1.000000e+00	AGER
GOBP_NITRIC_OXIDE_SYNTHASE_BIOSYNTHETIC_PROCESS	go_bp	1	12	20	53	2920	1.976642e-01	1.000000e+00	EDN1
GOBP_OOCYTE_DIFFERENTIATION	go_bp	1	12	67	53	2920	1.976642e-01	1.000000e+00	EDN1
GOBP_POSITIVE_REGULATION_OF_ACTIVATED_T_CELL_PROLIFERATION	go_bp	1	12	27	53	2920	1.976642e-01	1.000000e+00	AGER
GOBP_POSITIVE_REGULATION_OF_CELLULAR_EXTRAVASATION	go_bp	1	12	19	53	2920	1.976642e-01	1.000000e+00	AGER
GOBP_POSITIVE_REGULATION_OF_FATTY_ACID_TRANSPORT	go_bp	1	12	24	53	2920	1.976642e-01	1.000000e+00	EDN1
GOBP_POSITIVE_REGULATION_OF_FAT_CELL_DIFFERENTIATION	go_bp	1	12	71	53	2920	1.976642e-01	1.000000e+00	FRZB
GOBP_POSITIVE_REGULATION_OF_GRANULOCYTE_CHEMOTAXIS	go_bp	1	12	27	53	2920	1.976642e-01	1.000000e+00	EDN1
GOBP_POSITIVE_REGULATION_OF_MACROPHAGE_MIGRATION	go_bp	1	12	26	53	2920	1.976642e-01	1.000000e+00	CXCL17
GOBP_POSITIVE_REGULATION_OF_MUSCLE_CONTRACTION	go_bp	1	12	50	53	2920	1.976642e-01	1.000000e+00	EDN1
GOBP_PROSTAGLANDIN_SECRETION	go_bp	1	12	18	53	2920	1.976642e-01	1.000000e+00	EDN1
GOBP_PROSTAGLANDIN_TRANSPORT	go_bp	1	12	29	53	2920	1.976642e-01	1.000000e+00	EDN1
GOBP_PROSTANOID_BIOSYNTHETIC_PROCESS	go_bp	1	12	31	53	2920	1.976642e-01	1.000000e+00	EDN1
GOBP_PROTEIN_KINASE_C_SIGNALING	go_bp	1	12	35	53	2920	1.976642e-01	1.000000e+00	ADGRG1
GOBP_REGULATION_OF_ENDOTHELIAL_CELL_CHEMOTAXIS	go_bp	1	12	24	53	2920	1.976642e-01	1.000000e+00	CXCL13
GOBP_REGULATION_OF_FIBROBLAST_GROWTH_FACTOR_RECEPTOR_SIGNALING_PATHWAY	go_bp	1	12	40	53	2920	1.976642e-01	1.000000e+00	FGFBP3
GOBP_REGULATION_OF_JUN_KINASE_ACTIVITY	go_bp	1	12	40	53	2920	1.976642e-01	1.000000e+00	EDN1
GOBP_REGULATION_OF_MAST_CELL_DEGRANULATION	go_bp	1	12	28	53	2920	1.976642e-01	1.000000e+00	STXBP1
GOBP_REGULATION_OF_P38MAPK_CASCADE	go_bp	1	12	47	53	2920	1.976642e-01	1.000000e+00	AGER
GOBP_REGULATION_OF_STEROID_HORMONE_SECRETION	go_bp	1	12	22	53	2920	1.976642e-01	1.000000e+00	SPP1
GOBP_RENAL_FILTRATION	go_bp	1	12	32	53	2920	1.976642e-01	1.000000e+00	EDN1
GOBP_RESPONSE_TO_FLUID_SHEAR_STRESS	go_bp	1	12	35	53	2920	1.976642e-01	1.000000e+00	ADAM9
GOBP_STEROID_HORMONE_SECRETION	go_bp	1	12	27	53	2920	1.976642e-01	1.000000e+00	SPP1
GOBP_UNSATURATED_FATTY_ACID_BIOSYNTHETIC_PROCESS	go_bp	1	12	51	53	2920	1.976642e-01	1.000000e+00	EDN1
GOBP_VESICLE_BUDDING_FROM_MEMBRANE	go_bp	1	12	87	53	2920	1.976642e-01	1.000000e+00	DNM1
GOBP_WOUND_HEALING_SPREADING_OF_EPIDERMAL_CELLS	go_bp	1	12	27	53	2920	1.976642e-01	1.000000e+00	ITGB5
GOBP_DEVELOPMENTAL_MATURATION	go_bp	3	85	340	53	2920	1.990625e-01	1.000000e+00	AGRN,EDN1,STXBP1
GOBP_LYMPHOCYTE_MEDIATED_IMMUNITY	go_bp	4	128	370	53	2920	2.008451e-01	1.000000e+00	AGER,CD8A,NCR3LG1,TNFSF13
GOBP_EAR_DEVELOPMENT	go_bp	2	46	224	53	2920	2.027114e-01	1.000000e+00	EDN1,FRZB
GOBP_EMBRYONIC_ORGAN_MORPHOGENESIS	go_bp	2	46	297	53	2920	2.027114e-01	1.000000e+00	EDN1,FRZB
GOBP_NEGATIVE_REGULATION_OF_WOUND_HEALING	go_bp	2	46	77	53	2920	2.027114e-01	1.000000e+00	EDN1,PLAT
GOBP_RESPONSE_TO_LIPID	go_bp	7	266	932	53	2920	2.033008e-01	1.000000e+00	ADAM9,AREG,CXCL13,EDN1,SPP1,STXBP1,TNC
GOBP_NEGATIVE_REGULATION_OF_HYDROLASE_ACTIVITY	go_bp	3	86	197	53	2920	2.037677e-01	1.000000e+00	ANGPTL4,SPOCK1,TIMP4
GOBP_REPRODUCTIVE_SYSTEM_DEVELOPMENT	go_bp	3	86	311	53	2920	2.037677e-01	1.000000e+00	ADGRG1,FST,TNC
GOBP_POSITIVE_REGULATION_OF_MAPK_CASCADE	go_bp	5	174	473	53	2920	2.058119e-01	1.000000e+00	ADAM9,AGER,CXCL17,EDN1,GDF15
GOBP_BIOMINERAL_TISSUE_DEVELOPMENT	go_bp	2	47	179	53	2920	2.093976e-01	1.000000e+00	PTN,SPP1
GOBP_NEGATIVE_REGULATION_OF_CELL_PROJECTION_ORGANIZATION	go_bp	2	47	183	53	2920	2.093976e-01	1.000000e+00	SPOCK1,SPP1
GOBP_NEGATIVE_REGULATION_OF_EPITHELIAL_CELL_PROLIFERATION	go_bp	2	47	174	53	2920	2.093976e-01	1.000000e+00	GDF2,PRL
GOBP_ANIMAL_ORGAN_MORPHOGENESIS	go_bp	6	222	1029	53	2920	2.116960e-01	1.000000e+00	AREG,EDN1,FRZB,FST,PTN,TNC
GOBP_ATP_BIOSYNTHETIC_PROCESS	go_bp	1	13	99	53	2920	2.122873e-01	1.000000e+00	NDUFB7
GOBP_EPIDERMIS_MORPHOGENESIS	go_bp	1	13	37	53	2920	2.122873e-01	1.000000e+00	FST
GOBP_INDUCTION_OF_POSITIVE_CHEMOTAXIS	go_bp	1	13	14	53	2920	2.122873e-01	1.000000e+00	AGER
GOBP_POSITIVE_REGULATION_OF_ANIMAL_ORGAN_MORPHOGENESIS	go_bp	1	13	35	53	2920	2.122873e-01	1.000000e+00	EDN1
GOBP_POSITIVE_REGULATION_OF_BIOMINERAL_TISSUE_DEVELOPMENT	go_bp	1	13	54	53	2920	2.122873e-01	1.000000e+00	PTN
GOBP_POSITIVE_REGULATION_OF_G_PROTEIN_COUPLED_RECEPTOR_SIGNALING_PATHWAY	go_bp	1	13	33	53	2920	2.122873e-01	1.000000e+00	EDN1
GOBP_POSITIVE_REGULATION_OF_OSSIFICATION	go_bp	1	13	54	53	2920	2.122873e-01	1.000000e+00	PTN
GOBP_PROTEIN_KINASE_A_SIGNALING	go_bp	1	13	43	53	2920	2.122873e-01	1.000000e+00	EDN1
GOBP_PROTEIN_LOCALIZATION_TO_CHROMOSOME	go_bp	1	13	129	53	2920	2.122873e-01	1.000000e+00	TPP1
GOBP_REGULATION_OF_LYMPHOCYTE_CHEMOTAXIS	go_bp	1	13	25	53	2920	2.122873e-01	1.000000e+00	CXCL13
GOBP_REGULATION_OF_OLIGODENDROCYTE_DIFFERENTIATION	go_bp	1	13	46	53	2920	2.122873e-01	1.000000e+00	PTN
GOBP_REGULATION_OF_PLASMINOGEN_ACTIVATION	go_bp	1	13	18	53	2920	2.122873e-01	1.000000e+00	PLAT
GOBP_RESPONSE_TO_FOOD	go_bp	1	13	39	53	2920	2.122873e-01	1.000000e+00	GDF15
GOBP_RESPONSE_TO_GROWTH_HORMONE	go_bp	1	13	38	53	2920	2.122873e-01	1.000000e+00	GDF15
GOBP_RESPONSE_TO_NICOTINE	go_bp	1	13	53	53	2920	2.122873e-01	1.000000e+00	EDN1
GOBP_SODIUM_ION_HOMEOSTASIS	go_bp	1	13	47	53	2920	2.122873e-01	1.000000e+00	EDN1
GOBP_VASODILATION	go_bp	1	13	50	53	2920	2.122873e-01	1.000000e+00	CALCA
GOBP_REGULATION_OF_VASCULATURE_DEVELOPMENT	go_bp	4	131	368	53	2920	2.122936e-01	1.000000e+00	ANGPTL4,CXCL13,GDF2,PRL
GOBP_REGULATION_OF_SECRETION	go_bp	5	176	611	53	2920	2.123821e-01	1.000000e+00	ADAM9,EDN1,PRL,SPP1,STXBP1
GOBP_CELL_MATURATION	go_bp	2	48	208	53	2920	2.161079e-01	1.000000e+00	AGRN,EDN1
GOBP_NEGATIVE_REGULATION_OF_VASCULATURE_DEVELOPMENT	go_bp	2	48	160	53	2920	2.161079e-01	1.000000e+00	GDF2,PRL
GOBP_REGULATION_OF_BLOOD_PRESSURE	go_bp	2	48	187	53	2920	2.161079e-01	1.000000e+00	CALCA,EDN1
GOBP_RESPONSE_TO_TYPE_II_INTERFERON	go_bp	2	48	119	53	2920	2.161079e-01	1.000000e+00	EDN1,STXBP1
GOBP_REGULATION_OF_ANATOMICAL_STRUCTURE_SIZE	go_bp	4	132	502	53	2920	2.161524e-01	1.000000e+00	CALCA,DNM1,EDN1,SPP1
GOBP_CELLULAR_RESPONSE_TO_HORMONE_STIMULUS	go_bp	4	133	621	53	2920	2.200316e-01	1.000000e+00	EDN1,GDF15,PRL,TNC
GOBP_REGULATION_OF_CELL_SIZE	go_bp	2	49	175	53	2920	2.228393e-01	1.000000e+00	EDN1,SPP1
GOBP_AMINO_ACID_TRANSPORT	go_bp	1	14	161	53	2920	2.266487e-01	1.000000e+00	STXBP1
GOBP_ENDOTHELIAL_CELL_CHEMOTAXIS	go_bp	1	14	32	53	2920	2.266487e-01	1.000000e+00	CXCL13
GOBP_ERBB2_SIGNALING_PATHWAY	go_bp	1	14	23	53	2920	2.266487e-01	1.000000e+00	AREG
GOBP_MITOTIC_SPINDLE_ASSEMBLY	go_bp	1	14	76	53	2920	2.266487e-01	1.000000e+00	MZT1
GOBP_NEUROMUSCULAR_PROCESS_CONTROLLING_BALANCE	go_bp	1	14	52	53	2920	2.266487e-01	1.000000e+00	TPP1
GOBP_POSITIVE_REGULATION_OF_EPITHELIAL_CELL_DIFFERENTIATION	go_bp	1	14	73	53	2920	2.266487e-01	1.000000e+00	GDF2
GOBP_POSITIVE_REGULATION_OF_OXIDOREDUCTASE_ACTIVITY	go_bp	1	14	38	53	2920	2.266487e-01	1.000000e+00	EDN1
GOBP_POSITIVE_REGULATION_OF_REGULATED_SECRETORY_PATHWAY	go_bp	1	14	43	53	2920	2.266487e-01	1.000000e+00	STXBP1
GOBP_POSITIVE_REGULATION_OF_VASCULAR_ENDOTHELIAL_GROWTH_FACTOR_PRODUCTION	go_bp	1	14	31	53	2920	2.266487e-01	1.000000e+00	CXCL17
GOBP_REGULATION_OF_FATTY_ACID_TRANSPORT	go_bp	1	14	33	53	2920	2.266487e-01	1.000000e+00	EDN1
GOBP_REGULATION_OF_MACROPHAGE_CHEMOTAXIS	go_bp	1	14	28	53	2920	2.266487e-01	1.000000e+00	CXCL17
GOBP_REGULATION_OF_SYSTEMIC_ARTERIAL_BLOOD_PRESSURE_BY_HORMONE	go_bp	1	14	38	53	2920	2.266487e-01	1.000000e+00	EDN1
GOBP_TIGHT_JUNCTION_ORGANIZATION	go_bp	1	14	84	53	2920	2.266487e-01	1.000000e+00	GDF2
GOBP_POSITIVE_REGULATION_OF_PROTEIN_SERINE_THREONINE_KINASE_ACTIVITY	go_bp	2	50	125	53	2920	2.295888e-01	1.000000e+00	ADAM9,EDN1
GOBP_REGULATION_OF_MAP_KINASE_ACTIVITY	go_bp	2	50	133	53	2920	2.295888e-01	1.000000e+00	ADAM9,EDN1
GOBP_REGULATION_OF_SYSTEM_PROCESS	go_bp	4	136	576	53	2920	2.317852e-01	1.000000e+00	AGER,CALCA,EDN1,SPP1
GOBP_RESPONSE_TO_NUTRIENT_LEVELS	go_bp	4	136	500	53	2920	2.317852e-01	1.000000e+00	GDF15,PRL,SPP1,TNC
GOBP_POSITIVE_REGULATION_OF_RESPONSE_TO_EXTERNAL_STIMULUS	go_bp	6	230	654	53	2920	2.356237e-01	1.000000e+00	AGER,CXCL13,CXCL17,EDN1,PLAT,PTN
GOBP_POSITIVE_REGULATION_OF_IMMUNE_SYSTEM_PROCESS	go_bp	9	376	1120	53	2920	2.359486e-01	1.000000e+00	AGER,CD8A,CXCL13,CXCL17,EDN1,NCR3LG1,PTN,STXBP1,TNFSF13
GOBP_VESICLE_MEDIATED_TRANSPORT_IN_SYNAPSE	go_bp	2	51	226	53	2920	2.363537e-01	1.000000e+00	DNM1,STXBP1
GOBP_APICAL_JUNCTION_ASSEMBLY	go_bp	1	15	79	53	2920	2.407532e-01	1.000000e+00	GDF2
GOBP_ASTROCYTE_ACTIVATION	go_bp	1	15	26	53	2920	2.407532e-01	1.000000e+00	AGER
GOBP_CALCIUM_ION_REGULATED_EXOCYTOSIS	go_bp	1	15	66	53	2920	2.407532e-01	1.000000e+00	STXBP1
GOBP_CELLULAR_RESPONSE_TO_VITAMIN	go_bp	1	15	30	53	2920	2.407532e-01	1.000000e+00	TNC
GOBP_CILIUM_MOVEMENT	go_bp	1	15	213	53	2920	2.407532e-01	1.000000e+00	CELSR2
GOBP_DETECTION_OF_STIMULUS_INVOLVED_IN_SENSORY_PERCEPTION	go_bp	1	15	552	53	2920	2.407532e-01	1.000000e+00	CALCA
GOBP_EMBRYONIC_HEART_TUBE_DEVELOPMENT	go_bp	1	15	86	53	2920	2.407532e-01	1.000000e+00	EDN1
GOBP_FILOPODIUM_ASSEMBLY	go_bp	1	15	69	53	2920	2.407532e-01	1.000000e+00	AGRN
GOBP_LABYRINTHINE_LAYER_DEVELOPMENT	go_bp	1	15	47	53	2920	2.407532e-01	1.000000e+00	HS6ST1
GOBP_NEGATIVE_REGULATION_OF_BLOOD_PRESSURE	go_bp	1	15	50	53	2920	2.407532e-01	1.000000e+00	CALCA
GOBP_NEGATIVE_REGULATION_OF_BLOOD_VESSEL_ENDOTHELIAL_CELL_MIGRATION	go_bp	1	15	82	53	2920	2.407532e-01	1.000000e+00	GDF2
GOBP_NEURON_MATURATION	go_bp	1	15	48	53	2920	2.407532e-01	1.000000e+00	AGRN
GOBP_POSITIVE_REGULATION_OF_NOTCH_SIGNALING_PATHWAY	go_bp	1	15	50	53	2920	2.407532e-01	1.000000e+00	GDF2
GOBP_POSITIVE_REGULATION_OF_SMAD_PROTEIN_SIGNAL_TRANSDUCTION	go_bp	1	15	39	53	2920	2.407532e-01	1.000000e+00	GDF2
GOBP_POSITIVE_REGULATION_OF_VASCULAR_ASSOCIATED_SMOOTH_MUSCLE_CELL_PROLIFERATION	go_bp	1	15	52	53	2920	2.407532e-01	1.000000e+00	EDN1
GOBP_PROSTATE_GLAND_DEVELOPMENT	go_bp	1	15	49	53	2920	2.407532e-01	1.000000e+00	TNC
GOBP_PROTEIN_HOMOTETRAMERIZATION	go_bp	1	15	63	53	2920	2.407532e-01	1.000000e+00	DNM1
GOBP_REGULATION_OF_FIBRINOLYSIS	go_bp	1	15	18	53	2920	2.407532e-01	1.000000e+00	PLAT
GOBP_REGULATION_OF_HEART_GROWTH	go_bp	1	15	73	53	2920	2.407532e-01	1.000000e+00	EDN1
GOBP_REGULATION_OF_MONOCYTE_CHEMOTAXIS	go_bp	1	15	28	53	2920	2.407532e-01	1.000000e+00	CXCL17
GOBP_REGULATION_OF_NEUTROPHIL_CHEMOTAXIS	go_bp	1	15	34	53	2920	2.407532e-01	1.000000e+00	EDN1
GOBP_REGULATION_OF_STEM_CELL_DIFFERENTIATION	go_bp	1	15	84	53	2920	2.407532e-01	1.000000e+00	PTN
GOBP_REGULATION_OF_SYNAPTIC_TRANSMISSION_GLUTAMATERGIC	go_bp	1	15	77	53	2920	2.407532e-01	1.000000e+00	STXBP1
GOBP_REGULATION_OF_SYSTEMIC_ARTERIAL_BLOOD_PRESSURE_MEDIATED_BY_A_CHEMICAL_SIGNAL	go_bp	1	15	45	53	2920	2.407532e-01	1.000000e+00	EDN1
GOBP_RESPONSE_TO_AMINE	go_bp	1	15	52	53	2920	2.407532e-01	1.000000e+00	EDN1
GOBP_RESPONSE_TO_MINERALOCORTICOID	go_bp	1	15	40	53	2920	2.407532e-01	1.000000e+00	EDN1
GOBP_SYNAPTIC_VESICLE_LOCALIZATION	go_bp	1	15	56	53	2920	2.407532e-01	1.000000e+00	DNM1
GOBP_CENTRAL_NERVOUS_SYSTEM_DEVELOPMENT	go_bp	6	232	1037	53	2920	2.417433e-01	1.000000e+00	ADGRG1,AGER,CELSR2,PTN,SPOCK1,TPP1
GOBP_POSITIVE_REGULATION_OF_INTRACELLULAR_SIGNAL_TRANSDUCTION	go_bp	8	329	1056	53	2920	2.417829e-01	1.000000e+00	ADAM9,ADGRG1,AGER,CXCL17,EDN1,GDF15,GDF2,PRL
GOBP_REGULATION_OF_LIPID_TRANSPORT	go_bp	2	52	153	53	2920	2.431313e-01	1.000000e+00	EDN1,SPP1
GOBP_POSITIVE_REGULATION_OF_PROTEIN_KINASE_ACTIVITY	go_bp	3	95	248	53	2920	2.471925e-01	1.000000e+00	ADAM9,CALCA,EDN1
GOBP_MITOTIC_NUCLEAR_DIVISION	go_bp	2	53	283	53	2920	2.499188e-01	1.000000e+00	EDN1,MZT1
GOBP_REGULATION_OF_MUSCLE_SYSTEM_PROCESS	go_bp	2	53	252	53	2920	2.499188e-01	1.000000e+00	CALCA,EDN1
GOBP_SENSORY_ORGAN_MORPHOGENESIS	go_bp	2	53	279	53	2920	2.499188e-01	1.000000e+00	EDN1,FRZB
GOBP_T_CELL_MEDIATED_IMMUNITY	go_bp	2	53	133	53	2920	2.499188e-01	1.000000e+00	AGER,CD8A
GOBP_REGULATION_OF_CELLULAR_COMPONENT_SIZE	go_bp	3	96	355	53	2920	2.521164e-01	1.000000e+00	DNM1,EDN1,SPP1
GOBP_CELLULAR_RESPONSE_TO_CALCIUM_ION	go_bp	1	16	73	53	2920	2.546052e-01	1.000000e+00	EDN1
GOBP_DICARBOXYLIC_ACID_TRANSPORT	go_bp	1	16	101	53	2920	2.546052e-01	1.000000e+00	STXBP1
GOBP_ELECTRON_TRANSPORT_CHAIN	go_bp	1	16	132	53	2920	2.546052e-01	1.000000e+00	NDUFB7
GOBP_ICOSANOID_SECRETION	go_bp	1	16	47	53	2920	2.546052e-01	1.000000e+00	EDN1
GOBP_ICOSANOID_TRANSPORT	go_bp	1	16	64	53	2920	2.546052e-01	1.000000e+00	EDN1
GOBP_MAMMARY_GLAND_MORPHOGENESIS	go_bp	1	16	46	53	2920	2.546052e-01	1.000000e+00	AREG
GOBP_NEGATIVE_REGULATION_OF_OSSIFICATION	go_bp	1	16	40	53	2920	2.546052e-01	1.000000e+00	CALCA
GOBP_POSITIVE_REGULATION_OF_MUSCLE_CELL_DIFFERENTIATION	go_bp	1	16	85	53	2920	2.546052e-01	1.000000e+00	EDN1
GOBP_POSITIVE_REGULATION_OF_T_CELL_MIGRATION	go_bp	1	16	35	53	2920	2.546052e-01	1.000000e+00	CXCL13
GOBP_REGULATION_OF_ENDOCRINE_PROCESS	go_bp	1	16	40	53	2920	2.546052e-01	1.000000e+00	SPP1
GOBP_REGULATION_OF_ENDOTHELIAL_CELL_DIFFERENTIATION	go_bp	1	16	47	53	2920	2.546052e-01	1.000000e+00	GDF2
GOBP_REGULATION_OF_KERATINOCYTE_PROLIFERATION	go_bp	1	16	49	53	2920	2.546052e-01	1.000000e+00	AREG
GOBP_REGULATION_OF_NEUROTRANSMITTER_SECRETION	go_bp	1	16	84	53	2920	2.546052e-01	1.000000e+00	STXBP1
GOBP_REGULATION_OF_STRIATED_MUSCLE_CELL_DIFFERENTIATION	go_bp	1	16	98	53	2920	2.546052e-01	1.000000e+00	EDN1
GOBP_REGULATION_OF_VASOCONSTRICTION	go_bp	1	16	68	53	2920	2.546052e-01	1.000000e+00	EDN1
GOBP_RESPONSE_TO_DEXAMETHASONE	go_bp	1	16	45	53	2920	2.546052e-01	1.000000e+00	EDN1
GOBP_RESPONSE_TO_FATTY_ACID	go_bp	1	16	56	53	2920	2.546052e-01	1.000000e+00	EDN1
GOBP_SARCOMERE_ORGANIZATION	go_bp	1	16	51	53	2920	2.546052e-01	1.000000e+00	EDN1
GOBP_SENSORY_PERCEPTION_OF_PAIN	go_bp	1	16	81	53	2920	2.546052e-01	1.000000e+00	CALCA
GOBP_SUPEROXIDE_ANION_GENERATION	go_bp	1	16	42	53	2920	2.546052e-01	1.000000e+00	EDN1
GOBP_UROGENITAL_SYSTEM_DEVELOPMENT	go_bp	1	16	66	53	2920	2.546052e-01	1.000000e+00	TNC
GOBP_VASCULAR_TRANSPORT	go_bp	1	16	87	53	2920	2.546052e-01	1.000000e+00	AGER
GOBP_VESICLE_DOCKING	go_bp	1	16	57	53	2920	2.546052e-01	1.000000e+00	STXBP1
GOBP_NEUTROPHIL_MIGRATION	go_bp	2	54	107	53	2920	2.567138e-01	1.000000e+00	CXCL13,EDN1
GOBP_EMBRYONIC_ORGAN_DEVELOPMENT	go_bp	3	98	457	53	2920	2.620102e-01	1.000000e+00	EDN1,FRZB,HS6ST1
GOBP_CELLULAR_PROCESS_INVOLVED_IN_REPRODUCTION_IN_MULTICELLULAR_ORGANISM	go_bp	2	55	414	53	2920	2.635139e-01	1.000000e+00	EDN1,PTN
GOBP_REGULATION_OF_BLOOD_CIRCULATION	go_bp	2	55	265	53	2920	2.635139e-01	1.000000e+00	AGER,EDN1
GOBP_CIRCULATORY_SYSTEM_PROCESS	go_bp	4	144	615	53	2920	2.638742e-01	1.000000e+00	AGER,CALCA,EDN1,FGFBP3
GOBP_POSITIVE_REGULATION_OF_MULTICELLULAR_ORGANISMAL_PROCESS	go_bp	12	540	1701	53	2920	2.646431e-01	1.000000e+00	AGER,AGRN,ANGPTL4,CXCL17,EDN1,FST,GDF2,PLAT,PRL,PTN,SPP1,TNFSF13
GOBP_WNT_SIGNALING_PATHWAY	go_bp	3	99	469	53	2920	2.669781e-01	1.000000e+00	CELSR2,EDN1,FRZB
GOBP_AMYLOID_BETA_METABOLIC_PROCESS	go_bp	1	17	65	53	2920	2.682092e-01	1.000000e+00	SPON1
GOBP_CELLULAR_RESPONSE_TO_AMYLOID_BETA	go_bp	1	17	46	53	2920	2.682092e-01	1.000000e+00	AGER
GOBP_CELLULAR_RESPONSE_TO_GLUCOCORTICOID_STIMULUS	go_bp	1	17	55	53	2920	2.682092e-01	1.000000e+00	EDN1
GOBP_CELLULAR_RESPONSE_TO_NUTRIENT	go_bp	1	17	50	53	2920	2.682092e-01	1.000000e+00	TNC
GOBP_CELLULAR_RESPONSE_TO_RETINOIC_ACID	go_bp	1	17	67	53	2920	2.682092e-01	1.000000e+00	TNC
GOBP_ENERGY_HOMEOSTASIS	go_bp	1	17	83	53	2920	2.682092e-01	1.000000e+00	GDF15
GOBP_EPIBOLY	go_bp	1	17	44	53	2920	2.682092e-01	1.000000e+00	ITGB5
GOBP_LUNG_ALVEOLUS_DEVELOPMENT	go_bp	1	17	54	53	2920	2.682092e-01	1.000000e+00	HS6ST1
GOBP_LUNG_MORPHOGENESIS	go_bp	1	17	55	53	2920	2.682092e-01	1.000000e+00	TNC
GOBP_NUCLEOSIDE_TRIPHOSPHATE_BIOSYNTHETIC_PROCESS	go_bp	1	17	124	53	2920	2.682092e-01	1.000000e+00	NDUFB7
GOBP_P38MAPK_CASCADE	go_bp	1	17	60	53	2920	2.682092e-01	1.000000e+00	AGER
GOBP_PHOSPHOLIPASE_C_ACTIVATING_G_PROTEIN_COUPLED_RECEPTOR_SIGNALING_PATHWAY	go_bp	1	17	120	53	2920	2.682092e-01	1.000000e+00	EDN1
GOBP_PLASMINOGEN_ACTIVATION	go_bp	1	17	27	53	2920	2.682092e-01	1.000000e+00	PLAT
GOBP_POSITIVE_REGULATION_OF_CALCIUM_MEDIATED_SIGNALING	go_bp	1	17	57	53	2920	2.682092e-01	1.000000e+00	EDN1
GOBP_POSITIVE_REGULATION_OF_COAGULATION	go_bp	1	17	30	53	2920	2.682092e-01	1.000000e+00	PLAT
GOBP_POSITIVE_REGULATION_OF_GLIAL_CELL_DIFFERENTIATION	go_bp	1	17	46	53	2920	2.682092e-01	1.000000e+00	PTN
GOBP_POSITIVE_REGULATION_OF_NEUTROPHIL_MIGRATION	go_bp	1	17	34	53	2920	2.682092e-01	1.000000e+00	EDN1
GOBP_RESPIRATORY_GASEOUS_EXCHANGE_BY_RESPIRATORY_SYSTEM	go_bp	1	17	79	53	2920	2.682092e-01	1.000000e+00	EDN1
GOBP_SYNAPTIC_TRANSMISSION_GLUTAMATERGIC	go_bp	1	17	109	53	2920	2.682092e-01	1.000000e+00	STXBP1
GOBP_NERVOUS_SYSTEM_PROCESS	go_bp	5	194	1522	53	2920	2.743344e-01	1.000000e+00	AGER,CALCA,OBP2B,PTN,TPP1
GOBP_ACTOMYOSIN_STRUCTURE_ORGANIZATION	go_bp	2	57	216	53	2920	2.771195e-01	1.000000e+00	EDN1,ITGB5
GOBP_DEVELOPMENTAL_CELL_GROWTH	go_bp	2	57	226	53	2920	2.771195e-01	1.000000e+00	EDN1,SPP1
GOBP_CARDIAC_CELL_DEVELOPMENT	go_bp	1	18	94	53	2920	2.815695e-01	1.000000e+00	EDN1
GOBP_ENDODERM_FORMATION	go_bp	1	18	60	53	2920	2.815695e-01	1.000000e+00	ITGB5
GOBP_EPITHELIAL_CELL_DIFFERENTIATION_INVOLVED_IN_KIDNEY_DEVELOPMENT	go_bp	1	18	49	53	2920	2.815695e-01	1.000000e+00	EDN1
GOBP_ICOSANOID_BIOSYNTHETIC_PROCESS	go_bp	1	18	60	53	2920	2.815695e-01	1.000000e+00	EDN1
GOBP_MYOBLAST_FUSION	go_bp	1	18	48	53	2920	2.815695e-01	1.000000e+00	GDF15
GOBP_NEGATIVE_REGULATION_OF_AXONOGENESIS	go_bp	1	18	51	53	2920	2.815695e-01	1.000000e+00	SPP1
GOBP_NEGATIVE_REGULATION_OF_ENDOTHELIAL_CELL_APOPTOTIC_PROCESS	go_bp	1	18	38	53	2920	2.815695e-01	1.000000e+00	ANGPTL4
GOBP_NEUROPEPTIDE_SIGNALING_PATHWAY	go_bp	1	18	111	53	2920	2.815695e-01	1.000000e+00	CALCA
GOBP_OXIDATIVE_PHOSPHORYLATION	go_bp	1	18	147	53	2920	2.815695e-01	1.000000e+00	NDUFB7
GOBP_POSITIVE_REGULATION_OF_B_CELL_MEDIATED_IMMUNITY	go_bp	1	18	43	53	2920	2.815695e-01	1.000000e+00	TNFSF13
GOBP_POSITIVE_REGULATION_OF_MITOTIC_NUCLEAR_DIVISION	go_bp	1	18	44	53	2920	2.815695e-01	1.000000e+00	EDN1
GOBP_PROTEOGLYCAN_METABOLIC_PROCESS	go_bp	1	18	89	53	2920	2.815695e-01	1.000000e+00	HS6ST1
GOBP_REGULATION_OF_FATTY_ACID_METABOLIC_PROCESS	go_bp	1	18	99	53	2920	2.815695e-01	1.000000e+00	GDF15
GOBP_REGULATION_OF_MUSCLE_HYPERTROPHY	go_bp	1	18	72	53	2920	2.815695e-01	1.000000e+00	EDN1
GOBP_REGULATION_OF_MYELINATION	go_bp	1	18	46	53	2920	2.815695e-01	1.000000e+00	PTN
GOBP_REGULATION_OF_NEUROBLAST_PROLIFERATION	go_bp	1	18	54	53	2920	2.815695e-01	1.000000e+00	PTN
GOBP_REGULATION_OF_PH	go_bp	1	18	104	53	2920	2.815695e-01	1.000000e+00	EDN1
GOBP_RENAL_SYSTEM_VASCULATURE_DEVELOPMENT	go_bp	1	18	33	53	2920	2.815695e-01	1.000000e+00	EDN1
GOBP_SYNAPTIC_VESICLE_RECYCLING	go_bp	1	18	83	53	2920	2.815695e-01	1.000000e+00	DNM1
GOBP_RESPONSE_TO_NUTRIENT	go_bp	2	58	168	53	2920	2.839207e-01	1.000000e+00	SPP1,TNC
GOBP_POSITIVE_REGULATION_OF_MOLECULAR_FUNCTION	go_bp	8	346	1165	53	2920	2.873284e-01	1.000000e+00	ADAM9,AGER,AGRN,CALCA,CCL13,CXCL13,EDN1,RGS10
GOBP_ORGANIC_ACID_TRANSPORT	go_bp	2	59	353	53	2920	2.907178e-01	1.000000e+00	EDN1,STXBP1
GOBP_POSITIVE_REGULATION_OF_DNA_BINDING_TRANSCRIPTION_FACTOR_ACTIVITY	go_bp	2	59	217	53	2920	2.907178e-01	1.000000e+00	AGER,EDN1
GOBP_POSITIVE_REGULATION_OF_PROTEOLYSIS	go_bp	3	104	337	53	2920	2.919854e-01	1.000000e+00	ADAM9,AGER,SPON1
GOBP_REGULATION_OF_LEUKOCYTE_MEDIATED_IMMUNITY	go_bp	3	104	252	53	2920	2.919854e-01	1.000000e+00	AGER,STXBP1,TNFSF13
GOBP_ACTIVATION_OF_GTPASE_ACTIVITY	go_bp	1	19	99	53	2920	2.946904e-01	1.000000e+00	CXCL13
GOBP_CELLULAR_RESPONSE_TO_CORTICOSTEROID_STIMULUS	go_bp	1	19	65	53	2920	2.946904e-01	1.000000e+00	EDN1
GOBP_CELL_DIFFERENTIATION_INVOLVED_IN_KIDNEY_DEVELOPMENT	go_bp	1	19	58	53	2920	2.946904e-01	1.000000e+00	EDN1
GOBP_DETECTION_OF_ABIOTIC_STIMULUS	go_bp	1	19	142	53	2920	2.946904e-01	1.000000e+00	CALCA
GOBP_ENDOCRINE_HORMONE_SECRETION	go_bp	1	19	57	53	2920	2.946904e-01	1.000000e+00	SPP1
GOBP_IMMUNOGLOBULIN_PRODUCTION_INVOLVED_IN_IMMUNOGLOBULIN_MEDIATED_IMMUNE_RESPONSE	go_bp	1	19	59	53	2920	2.946904e-01	1.000000e+00	TNFSF13
GOBP_INSULIN_LIKE_GROWTH_FACTOR_RECEPTOR_SIGNALING_PATHWAY	go_bp	1	19	53	53	2920	2.946904e-01	1.000000e+00	CRIM1
GOBP_NEGATIVE_REGULATION_OF_REPRODUCTIVE_PROCESS	go_bp	1	19	75	53	2920	2.946904e-01	1.000000e+00	PLAT
GOBP_POSITIVE_REGULATION_OF_DNA_RECOMBINATION	go_bp	1	19	77	53	2920	2.946904e-01	1.000000e+00	TNFSF13
GOBP_POSITIVE_REGULATION_OF_INTERLEUKIN_12_PRODUCTION	go_bp	1	19	43	53	2920	2.946904e-01	1.000000e+00	AGER
GOBP_REGULATION_OF_DNA_REPLICATION	go_bp	1	19	127	53	2920	2.946904e-01	1.000000e+00	GDF2
GOBP_REGULATION_OF_EMBRYONIC_DEVELOPMENT	go_bp	1	19	92	53	2920	2.946904e-01	1.000000e+00	LAMA4
GOBP_REGULATION_OF_MULTICELLULAR_ORGANISM_GROWTH	go_bp	1	19	64	53	2920	2.946904e-01	1.000000e+00	GDF15
GOBP_SEMAPHORIN_PLEXIN_SIGNALING_PATHWAY	go_bp	1	19	46	53	2920	2.946904e-01	1.000000e+00	EDN1
GOBP_SOMATIC_DIVERSIFICATION_OF_IMMUNOGLOBULINS	go_bp	1	19	67	53	2920	2.946904e-01	1.000000e+00	TNFSF13
GOBP_ANTIMICROBIAL_HUMORAL_IMMUNE_RESPONSE_MEDIATED_BY_ANTIMICROBIAL_PEPTIDE	go_bp	2	60	110	53	2920	2.975089e-01	1.000000e+00	CCL13,CXCL13
GOBP_RESPONSE_TO_ABIOTIC_STIMULUS	go_bp	7	300	1149	53	2920	2.993886e-01	1.000000e+00	AGER,ANGPTL4,CALCA,EDN1,PLAT,PTN,TNC
GOBP_LOCALIZATION_WITHIN_MEMBRANE	go_bp	4	153	698	53	2920	3.009708e-01	1.000000e+00	AGER,AGRN,PTN,STXBP1
GOBP_HEMOSTASIS	go_bp	3	106	235	53	2920	3.020481e-01	1.000000e+00	EDN1,PLAT,STXBP1
GOBP_ADAPTIVE_IMMUNE_RESPONSE	go_bp	5	202	756	53	2920	3.031356e-01	1.000000e+00	AGER,CD8A,CXCL13,NCR3LG1,TNFSF13
GOBP_POSITIVE_REGULATION_OF_EPITHELIAL_CELL_MIGRATION	go_bp	2	61	179	53	2920	3.042919e-01	1.000000e+00	ADAM9,EDN1
GOBP_RESPIRATORY_SYSTEM_DEVELOPMENT	go_bp	2	61	224	53	2920	3.042919e-01	1.000000e+00	HS6ST1,TNC
GOBP_NEGATIVE_REGULATION_OF_SIGNALING	go_bp	8	353	1520	53	2920	3.067744e-01	1.000000e+00	AGER,CRIM1,EDN1,FRZB,FST,GDF15,RGS10,STXBP1
GOBP_AMINE_TRANSPORT	go_bp	1	20	94	53	2920	3.075761e-01	1.000000e+00	STXBP1
GOBP_ASTROCYTE_DEVELOPMENT	go_bp	1	20	44	53	2920	3.075761e-01	1.000000e+00	AGER
GOBP_ENDOSOME_ORGANIZATION	go_bp	1	20	98	53	2920	3.075761e-01	1.000000e+00	DNM1
GOBP_FIBRINOLYSIS	go_bp	1	20	27	53	2920	3.075761e-01	1.000000e+00	PLAT
GOBP_INNER_EAR_MORPHOGENESIS	go_bp	1	20	106	53	2920	3.075761e-01	1.000000e+00	FRZB
GOBP_INTRACELLULAR_IRON_ION_HOMEOSTASIS	go_bp	1	20	73	53	2920	3.075761e-01	1.000000e+00	GDF2
GOBP_LYMPHOCYTE_CHEMOTAXIS	go_bp	1	20	45	53	2920	3.075761e-01	1.000000e+00	CXCL13
GOBP_LYTIC_VACUOLE_ORGANIZATION	go_bp	1	20	112	53	2920	3.075761e-01	1.000000e+00	TPP1
GOBP_MACROPHAGE_CHEMOTAXIS	go_bp	1	20	41	53	2920	3.075761e-01	1.000000e+00	CXCL17
GOBP_MEMBRANE_DEPOLARIZATION	go_bp	1	20	93	53	2920	3.075761e-01	1.000000e+00	EDN1
GOBP_NEGATIVE_REGULATION_OF_BMP_SIGNALING_PATHWAY	go_bp	1	20	73	53	2920	3.075761e-01	1.000000e+00	CRIM1
GOBP_OUTFLOW_TRACT_MORPHOGENESIS	go_bp	1	20	82	53	2920	3.075761e-01	1.000000e+00	EDN1
GOBP_POSITIVE_REGULATION_OF_NEURAL_PRECURSOR_CELL_PROLIFERATION	go_bp	1	20	64	53	2920	3.075761e-01	1.000000e+00	ADGRG1
GOBP_POSITIVE_REGULATION_OF_NITRIC_OXIDE_METABOLIC_PROCESS	go_bp	1	20	40	53	2920	3.075761e-01	1.000000e+00	EDN1
GOBP_POSITIVE_REGULATION_OF_TRANSPORTER_ACTIVITY	go_bp	1	20	86	53	2920	3.075761e-01	1.000000e+00	EDN1
GOBP_REGULATION_OF_AMIDE_METABOLIC_PROCESS	go_bp	1	20	81	53	2920	3.075761e-01	1.000000e+00	SPON1
GOBP_REGULATION_OF_DENDRITE_DEVELOPMENT	go_bp	1	20	100	53	2920	3.075761e-01	1.000000e+00	PTN
GOBP_REGULATION_OF_LEUKOCYTE_DEGRANULATION	go_bp	1	20	45	53	2920	3.075761e-01	1.000000e+00	STXBP1
GOBP_REGULATION_OF_MACROPHAGE_MIGRATION	go_bp	1	20	45	53	2920	3.075761e-01	1.000000e+00	CXCL17
GOBP_REGULATION_OF_NEUROTRANSMITTER_TRANSPORT	go_bp	1	20	101	53	2920	3.075761e-01	1.000000e+00	STXBP1
GOBP_REGULATION_OF_POSITIVE_CHEMOTAXIS	go_bp	1	20	26	53	2920	3.075761e-01	1.000000e+00	AGER
GOBP_SOMATIC_DIVERSIFICATION_OF_IMMUNE_RECEPTORS	go_bp	1	20	79	53	2920	3.075761e-01	1.000000e+00	TNFSF13
GOBP_NEGATIVE_REGULATION_OF_RESPONSE_TO_STIMULUS	go_bp	10	456	1789	53	2920	3.086251e-01	1.000000e+00	CRIM1,CXCL13,CXCL17,EDN1,FRZB,FST,GDF15,PLAT,RGS10,SPP1
GOBP_REGULATION_OF_LIPID_LOCALIZATION	go_bp	2	62	184	53	2920	3.110650e-01	1.000000e+00	EDN1,SPP1
GOBP_SENSORY_ORGAN_DEVELOPMENT	go_bp	3	109	593	53	2920	3.171822e-01	1.000000e+00	EDN1,FRZB,SMOC1
GOBP_ANTIBACTERIAL_HUMORAL_RESPONSE	go_bp	1	21	72	53	2920	3.202307e-01	1.000000e+00	NCR3LG1
GOBP_CELLULAR_RESPONSE_TO_ALCOHOL	go_bp	1	21	106	53	2920	3.202307e-01	1.000000e+00	TNC
GOBP_LIPID_OXIDATION	go_bp	1	21	113	53	2920	3.202307e-01	1.000000e+00	GDF15
GOBP_MUSCLE_CELL_APOPTOTIC_PROCESS	go_bp	1	21	99	53	2920	3.202307e-01	1.000000e+00	EDN1
GOBP_NEGATIVE_REGULATION_OF_CELL_SUBSTRATE_ADHESION	go_bp	1	21	65	53	2920	3.202307e-01	1.000000e+00	SPOCK1
GOBP_NEGATIVE_REGULATION_OF_DNA_METABOLIC_PROCESS	go_bp	1	21	145	53	2920	3.202307e-01	1.000000e+00	GDF2
GOBP_POSITIVE_REGULATION_OF_LYMPHOCYTE_MIGRATION	go_bp	1	21	42	53	2920	3.202307e-01	1.000000e+00	CXCL13
GOBP_POSITIVE_REGULATION_OF_MIRNA_TRANSCRIPTION	go_bp	1	21	56	53	2920	3.202307e-01	1.000000e+00	PRL
GOBP_POSITIVE_REGULATION_OF_NUCLEAR_DIVISION	go_bp	1	21	61	53	2920	3.202307e-01	1.000000e+00	EDN1
GOBP_PROSTANOID_METABOLIC_PROCESS	go_bp	1	21	51	53	2920	3.202307e-01	1.000000e+00	EDN1
GOBP_REGULATION_OF_BONE_MINERALIZATION	go_bp	1	21	81	53	2920	3.202307e-01	1.000000e+00	PTN
GOBP_REGULATION_OF_HEART_RATE	go_bp	1	21	104	53	2920	3.202307e-01	1.000000e+00	EDN1
GOBP_REGULATION_OF_RHO_PROTEIN_SIGNAL_TRANSDUCTION	go_bp	1	21	90	53	2920	3.202307e-01	1.000000e+00	ADGRG1
GOBP_REGULATION_OF_T_CELL_MEDIATED_CYTOTOXICITY	go_bp	1	21	51	53	2920	3.202307e-01	1.000000e+00	AGER
GOBP_REGULATION_OF_T_CELL_MIGRATION	go_bp	1	21	49	53	2920	3.202307e-01	1.000000e+00	CXCL13
GOBP_RESPONSE_TO_AMYLOID_BETA	go_bp	1	21	57	53	2920	3.202307e-01	1.000000e+00	AGER
GOBP_RESPONSE_TO_NERVE_GROWTH_FACTOR	go_bp	1	21	52	53	2920	3.202307e-01	1.000000e+00	CALCA
GOBP_CELLULAR_RESPONSE_TO_ORGANIC_CYCLIC_COMPOUND	go_bp	3	111	535	53	2920	3.272876e-01	1.000000e+00	EDN1,SPP1,TNC
GOBP_SECRETION	go_bp	6	259	984	53	2920	3.284849e-01	1.000000e+00	ADAM9,CELSR2,EDN1,PRL,SPP1,STXBP1
GOBP_ANATOMICAL_STRUCTURE_MATURATION	go_bp	2	65	273	53	2920	3.313062e-01	1.000000e+00	AGRN,EDN1
GOBP_NEGATIVE_REGULATION_OF_PEPTIDASE_ACTIVITY	go_bp	2	65	130	53	2920	3.313062e-01	1.000000e+00	SPOCK1,TIMP4
GOBP_GAMETE_GENERATION	go_bp	3	112	822	53	2920	3.323424e-01	1.000000e+00	EDN1,FST,PTN
GOBP_AEROBIC_RESPIRATION	go_bp	1	22	196	53	2920	3.326584e-01	1.000000e+00	NDUFB7
GOBP_EXOCYTIC_PROCESS	go_bp	1	22	79	53	2920	3.326584e-01	1.000000e+00	STXBP1
GOBP_MAMMARY_GLAND_EPITHELIUM_DEVELOPMENT	go_bp	1	22	69	53	2920	3.326584e-01	1.000000e+00	AREG
GOBP_MESENCHYMAL_CELL_MIGRATION	go_bp	1	22	60	53	2920	3.326584e-01	1.000000e+00	EDN1
GOBP_MICROTUBULE_POLYMERIZATION	go_bp	1	22	96	53	2920	3.326584e-01	1.000000e+00	MZT1
GOBP_MICROTUBULE_POLYMERIZATION_OR_DEPOLYMERIZATION	go_bp	1	22	137	53	2920	3.326584e-01	1.000000e+00	MZT1
GOBP_MORPHOGENESIS_OF_AN_EPITHELIAL_SHEET	go_bp	1	22	66	53	2920	3.326584e-01	1.000000e+00	ITGB5
GOBP_NEGATIVE_REGULATION_OF_CHEMOTAXIS	go_bp	1	22	52	53	2920	3.326584e-01	1.000000e+00	CXCL13
GOBP_NERVE_DEVELOPMENT	go_bp	1	22	97	53	2920	3.326584e-01	1.000000e+00	EDN1
GOBP_POSITIVE_REGULATION_OF_IMMUNOGLOBULIN_PRODUCTION	go_bp	1	22	55	53	2920	3.326584e-01	1.000000e+00	TNFSF13
GOBP_REGULATION_OF_MUSCLE_ADAPTATION	go_bp	1	22	96	53	2920	3.326584e-01	1.000000e+00	EDN1
GOBP_REGULATION_OF_NOTCH_SIGNALING_PATHWAY	go_bp	1	22	100	53	2920	3.326584e-01	1.000000e+00	GDF2
GOBP_REGULATION_OF_OXIDOREDUCTASE_ACTIVITY	go_bp	1	22	66	53	2920	3.326584e-01	1.000000e+00	EDN1
GOBP_REGULATION_OF_VASCULAR_PERMEABILITY	go_bp	1	22	49	53	2920	3.326584e-01	1.000000e+00	FGFBP3
GOBP_SPINDLE_ASSEMBLY	go_bp	1	22	132	53	2920	3.326584e-01	1.000000e+00	MZT1
GOBP_VASOCONSTRICTION	go_bp	1	22	88	53	2920	3.326584e-01	1.000000e+00	EDN1
GOBP_REGULATION_OF_CELL_PROJECTION_ORGANIZATION	go_bp	4	161	685	53	2920	3.345079e-01	1.000000e+00	AGRN,PTN,SPOCK1,SPP1
GOBP_MYELOID_LEUKOCYTE_ACTIVATION	go_bp	3	113	246	53	2920	3.373974e-01	1.000000e+00	ADAM9,AGER,STXBP1
GOBP_B_CELL_MEDIATED_IMMUNITY	go_bp	2	66	203	53	2920	3.380217e-01	1.000000e+00	NCR3LG1,TNFSF13
GOBP_MULTICELLULAR_ORGANISMAL_REPRODUCTIVE_PROCESS	go_bp	4	163	980	53	2920	3.429402e-01	1.000000e+00	EDN1,FST,PTN,SPP1
GOBP_MESENCHYMAL_CELL_DIFFERENTIATION	go_bp	2	67	274	53	2920	3.447185e-01	1.000000e+00	EDN1,FRZB
GOBP_REGULATION_OF_WOUND_HEALING	go_bp	2	67	138	53	2920	3.447185e-01	1.000000e+00	EDN1,PLAT
GOBP_APPENDAGE_DEVELOPMENT	go_bp	1	23	186	53	2920	3.448630e-01	1.000000e+00	SMOC1
GOBP_COMPLEMENT_ACTIVATION_CLASSICAL_PATHWAY	go_bp	1	23	42	53	2920	3.448630e-01	1.000000e+00	NCR3LG1
GOBP_ENDODERM_DEVELOPMENT	go_bp	1	23	86	53	2920	3.448630e-01	1.000000e+00	ITGB5
GOBP_GLIAL_CELL_PROLIFERATION	go_bp	1	23	60	53	2920	3.448630e-01	1.000000e+00	AREG
GOBP_HEART_GROWTH	go_bp	1	23	99	53	2920	3.448630e-01	1.000000e+00	EDN1
GOBP_MEMORY	go_bp	1	23	125	53	2920	3.448630e-01	1.000000e+00	PTN
GOBP_NEGATIVE_REGULATION_OF_EPITHELIAL_CELL_APOPTOTIC_PROCESS	go_bp	1	23	67	53	2920	3.448630e-01	1.000000e+00	ANGPTL4
GOBP_NEGATIVE_REGULATION_OF_TRANSFORMING_GROWTH_FACTOR_BETA_RECEPTOR_SIGNALING_PATHWAY	go_bp	1	23	129	53	2920	3.448630e-01	1.000000e+00	GDF15
GOBP_PLATELET_DERIVED_GROWTH_FACTOR_RECEPTOR_SIGNALING_PATHWAY	go_bp	1	23	58	53	2920	3.448630e-01	1.000000e+00	PLAT
GOBP_POSITIVE_REGULATION_OF_INTERLEUKIN_1_BETA_PRODUCTION	go_bp	1	23	62	53	2920	3.448630e-01	1.000000e+00	AGER
GOBP_POSITIVE_REGULATION_OF_RESPONSE_TO_CYTOKINE_STIMULUS	go_bp	1	23	67	53	2920	3.448630e-01	1.000000e+00	EDN1
GOBP_POSITIVE_REGULATION_OF_SYNAPSE_ASSEMBLY	go_bp	1	23	65	53	2920	3.448630e-01	1.000000e+00	AGRN
GOBP_PROTEIN_TETRAMERIZATION	go_bp	1	23	95	53	2920	3.448630e-01	1.000000e+00	DNM1
GOBP_REGULATION_OF_CELLULAR_EXTRAVASATION	go_bp	1	23	42	53	2920	3.448630e-01	1.000000e+00	AGER
GOBP_REGULATION_OF_NEUTROPHIL_MIGRATION	go_bp	1	23	46	53	2920	3.448630e-01	1.000000e+00	EDN1
GOBP_REGULATION_OF_ORGAN_GROWTH	go_bp	1	23	102	53	2920	3.448630e-01	1.000000e+00	EDN1
GOBP_STRIATED_MUSCLE_CELL_DEVELOPMENT	go_bp	1	23	79	53	2920	3.448630e-01	1.000000e+00	EDN1
GOBP_SYNAPTIC_VESICLE_EXOCYTOSIS	go_bp	1	23	97	53	2920	3.448630e-01	1.000000e+00	STXBP1
GOBP_TISSUE_REGENERATION	go_bp	1	23	81	53	2920	3.448630e-01	1.000000e+00	PTN
GOBP_VASCULAR_ASSOCIATED_SMOOTH_MUSCLE_CELL_PROLIFERATION	go_bp	1	23	95	53	2920	3.448630e-01	1.000000e+00	EDN1
GOBP_DEVELOPMENT_OF_PRIMARY_SEXUAL_CHARACTERISTICS	go_bp	2	68	240	53	2920	3.513953e-01	1.000000e+00	ADGRG1,FST
GOBP_ORGANIC_ANION_TRANSPORT	go_bp	2	68	455	53	2920	3.513953e-01	1.000000e+00	EDN1,STXBP1
GOBP_ACTIVATED_T_CELL_PROLIFERATION	go_bp	1	24	49	53	2920	3.568486e-01	1.000000e+00	AGER
GOBP_CARDIAC_MUSCLE_CELL_DIFFERENTIATION	go_bp	1	24	130	53	2920	3.568486e-01	1.000000e+00	EDN1
GOBP_EOSINOPHIL_MIGRATION	go_bp	1	24	30	53	2920	3.568486e-01	1.000000e+00	CCL13
GOBP_MEIOTIC_CELL_CYCLE_PROCESS	go_bp	1	24	217	53	2920	3.568486e-01	1.000000e+00	EDN1
GOBP_MUSCLE_HYPERTROPHY	go_bp	1	24	107	53	2920	3.568486e-01	1.000000e+00	EDN1
GOBP_NEUROBLAST_PROLIFERATION	go_bp	1	24	83	53	2920	3.568486e-01	1.000000e+00	PTN
GOBP_POSITIVE_REGULATION_OF_MIRNA_METABOLIC_PROCESS	go_bp	1	24	66	53	2920	3.568486e-01	1.000000e+00	PRL
GOBP_POSITIVE_REGULATION_OF_PLASMA_MEMBRANE_BOUNDED_CELL_PROJECTION_ASSEMBLY	go_bp	1	24	113	53	2920	3.568486e-01	1.000000e+00	AGRN
GOBP_REGULATION_OF_ANIMAL_ORGAN_MORPHOGENESIS	go_bp	1	24	89	53	2920	3.568486e-01	1.000000e+00	EDN1
GOBP_REGULATION_OF_CATION_CHANNEL_ACTIVITY	go_bp	1	24	114	53	2920	3.568486e-01	1.000000e+00	EDN1
GOBP_REGULATION_OF_GLUCOSE_TRANSMEMBRANE_TRANSPORT	go_bp	1	24	78	53	2920	3.568486e-01	1.000000e+00	EDN1
GOBP_REGULATION_OF_MYELOID_LEUKOCYTE_MEDIATED_IMMUNITY	go_bp	1	24	57	53	2920	3.568486e-01	1.000000e+00	STXBP1
GOBP_UNSATURATED_FATTY_ACID_METABOLIC_PROCESS	go_bp	1	24	115	53	2920	3.568486e-01	1.000000e+00	EDN1
GOBP_MUSCLE_CONTRACTION	go_bp	2	70	357	53	2920	3.646830e-01	1.000000e+00	CALCA,EDN1
GOBP_REGULATION_OF_HORMONE_SECRETION	go_bp	2	70	258	53	2920	3.646830e-01	1.000000e+00	EDN1,SPP1
GOBP_SKIN_DEVELOPMENT	go_bp	2	70	321	53	2920	3.646830e-01	1.000000e+00	ADAM9,FST
GOBP_CELL_ADHESION	go_bp	12	584	1542	53	2920	3.662653e-01	1.000000e+00	ADAM9,ADGRG1,AGER,CELSR2,CXCL13,ITGB5,LAMA4,SPOCK1,SPON1,SPP1,STXBP1,TNC
GOBP_ERK1_AND_ERK2_CASCADE	go_bp	3	119	323	53	2920	3.676870e-01	1.000000e+00	AGER,CXCL17,EDN1
GOBP_REGULATION_OF_NEURON_PROJECTION_DEVELOPMENT	go_bp	3	119	445	53	2920	3.676870e-01	1.000000e+00	PTN,SPOCK1,SPP1
GOBP_CEREBRAL_CORTEX_DEVELOPMENT	go_bp	1	25	127	53	2920	3.686190e-01	1.000000e+00	ADGRG1
GOBP_DENDRITIC_CELL_DIFFERENTIATION	go_bp	1	25	48	53	2920	3.686190e-01	1.000000e+00	AGER
GOBP_MAST_CELL_ACTIVATION_INVOLVED_IN_IMMUNE_RESPONSE	go_bp	1	25	58	53	2920	3.686190e-01	1.000000e+00	STXBP1
GOBP_MEMBRANE_DOCKING	go_bp	1	25	85	53	2920	3.686190e-01	1.000000e+00	STXBP1
GOBP_MICROTUBULE_ORGANIZING_CENTER_ORGANIZATION	go_bp	1	25	154	53	2920	3.686190e-01	1.000000e+00	HEPACAM2
GOBP_MITOTIC_SPINDLE_ORGANIZATION	go_bp	1	25	134	53	2920	3.686190e-01	1.000000e+00	MZT1
GOBP_NEGATIVE_REGULATION_OF_HORMONE_SECRETION	go_bp	1	25	68	53	2920	3.686190e-01	1.000000e+00	EDN1
GOBP_OLIGODENDROCYTE_DIFFERENTIATION	go_bp	1	25	109	53	2920	3.686190e-01	1.000000e+00	PTN
GOBP_POSITIVE_REGULATION_OF_SMALL_GTPASE_MEDIATED_SIGNAL_TRANSDUCTION	go_bp	1	25	75	53	2920	3.686190e-01	1.000000e+00	ADGRG1
GOBP_REGULATION_OF_GLIAL_CELL_DIFFERENTIATION	go_bp	1	25	79	53	2920	3.686190e-01	1.000000e+00	PTN
GOBP_REGULATION_OF_SIGNALING_RECEPTOR_ACTIVITY	go_bp	1	25	97	53	2920	3.686190e-01	1.000000e+00	EDN1
GOBP_T_CELL_MEDIATED_CYTOTOXICITY	go_bp	1	25	61	53	2920	3.686190e-01	1.000000e+00	AGER
GOBP_STRIATED_MUSCLE_CELL_DIFFERENTIATION	go_bp	2	71	314	53	2920	3.712911e-01	1.000000e+00	EDN1,GDF15
GOBP_REGULATION_OF_PEPTIDASE_ACTIVITY	go_bp	3	120	300	53	2920	3.727210e-01	1.000000e+00	AGER,SPOCK1,TIMP4
GOBP_EMBRYO_DEVELOPMENT	go_bp	5	221	1133	53	2920	3.732339e-01	1.000000e+00	EDN1,FRZB,HS6ST1,ITGB5,LAMA4
GOBP_ANTERIOR_POSTERIOR_PATTERN_SPECIFICATION	go_bp	1	26	219	53	2920	3.801780e-01	1.000000e+00	CELSR2
GOBP_CELLULAR_RESPONSE_TO_HYDROGEN_PEROXIDE	go_bp	1	26	67	53	2920	3.801780e-01	1.000000e+00	EDN1
GOBP_MACROPHAGE_MIGRATION	go_bp	1	26	61	53	2920	3.801780e-01	1.000000e+00	CXCL17
GOBP_MITOTIC_SISTER_CHROMATID_SEGREGATION	go_bp	1	26	194	53	2920	3.801780e-01	1.000000e+00	MZT1
GOBP_MOLTING_CYCLE_PROCESS	go_bp	1	26	98	53	2920	3.801780e-01	1.000000e+00	FST
GOBP_NEGATIVE_REGULATION_OF_LEUKOCYTE_MIGRATION	go_bp	1	26	56	53	2920	3.801780e-01	1.000000e+00	GDF15
GOBP_PEPTIDE_METABOLIC_PROCESS	go_bp	1	26	78	53	2920	3.801780e-01	1.000000e+00	TPP1
GOBP_REGULATION_OF_B_CELL_MEDIATED_IMMUNITY	go_bp	1	26	63	53	2920	3.801780e-01	1.000000e+00	TNFSF13
GOBP_REGULATION_OF_DNA_RECOMBINATION	go_bp	1	26	143	53	2920	3.801780e-01	1.000000e+00	TNFSF13
GOBP_REGULATION_OF_MITOTIC_NUCLEAR_DIVISION	go_bp	1	26	119	53	2920	3.801780e-01	1.000000e+00	EDN1
GOBP_REGULATION_OF_NITRIC_OXIDE_METABOLIC_PROCESS	go_bp	1	26	65	53	2920	3.801780e-01	1.000000e+00	EDN1
GOBP_REGULATION_OF_MOLECULAR_FUNCTION	go_bp	11	537	1984	53	2920	3.809586e-01	1.000000e+00	ADAM9,AGER,AGRN,ANGPTL4,CALCA,CCL13,CXCL13,EDN1,RGS10,SPOCK1,TIMP4
GOBP_POSITIVE_REGULATION_OF_KINASE_ACTIVITY	go_bp	3	122	294	53	2920	3.827701e-01	1.000000e+00	ADAM9,CALCA,EDN1
GOBP_RESPONSE_TO_PEPTIDE_HORMONE	go_bp	3	122	444	53	2920	3.827701e-01	1.000000e+00	AREG,EDN1,GDF15
GOBP_CELLULAR_RESPONSE_TO_PEPTIDE_HORMONE_STIMULUS	go_bp	2	73	319	53	2920	3.844293e-01	1.000000e+00	EDN1,GDF15
GOBP_REGULATION_OF_CELL_JUNCTION_ASSEMBLY	go_bp	2	73	223	53	2920	3.844293e-01	1.000000e+00	AGRN,GDF2
GOBP_CELLULAR_RESPONSE_TO_ORGANIC_SUBSTANCE	go_bp	11	539	1992	53	2920	3.859983e-01	1.000000e+00	ADAM9,AGER,CALCA,CCL13,CXCL13,EDN1,GDF15,PRL,SPP1,STXBP1,TNC
GOBP_EMBRYONIC_MORPHOGENESIS	go_bp	3	123	619	53	2920	3.877836e-01	1.000000e+00	EDN1,FRZB,ITGB5
GOBP_RESPONSE_TO_OXIDATIVE_STRESS	go_bp	3	123	404	53	2920	3.877836e-01	1.000000e+00	ADAM9,AREG,EDN1
GOBP_RESPONSE_TO_NITROGEN_COMPOUND	go_bp	6	277	1106	53	2920	3.888928e-01	1.000000e+00	AGER,AGRN,AREG,EDN1,GDF15,RGS10
GOBP_CANONICAL_WNT_SIGNALING_PATHWAY	go_bp	2	74	326	53	2920	3.909569e-01	1.000000e+00	EDN1,FRZB
GOBP_ENDOTHELIAL_CELL_PROLIFERATION	go_bp	2	74	208	53	2920	3.909569e-01	1.000000e+00	GDF2,PRL
GOBP_POSITIVE_REGULATION_OF_CANONICAL_NF_KAPPAB_SIGNAL_TRANSDUCTION	go_bp	2	74	213	53	2920	3.909569e-01	1.000000e+00	EDN1,PRL
GOBP_COLUMNAR_CUBOIDAL_EPITHELIAL_CELL_DIFFERENTIATION	go_bp	1	27	125	53	2920	3.915292e-01	1.000000e+00	FST
GOBP_FATTY_ACID_BIOSYNTHETIC_PROCESS	go_bp	1	27	166	53	2920	3.915292e-01	1.000000e+00	EDN1
GOBP_PLATELET_AGGREGATION	go_bp	1	27	76	53	2920	3.915292e-01	1.000000e+00	STXBP1
GOBP_POSITIVE_REGULATION_OF_GLIOGENESIS	go_bp	1	27	74	53	2920	3.915292e-01	1.000000e+00	PTN
GOBP_POSITIVE_REGULATION_OF_INTERLEUKIN_1_PRODUCTION	go_bp	1	27	73	53	2920	3.915292e-01	1.000000e+00	AGER
GOBP_RESPONSE_TO_RETINOIC_ACID	go_bp	1	27	106	53	2920	3.915292e-01	1.000000e+00	TNC
GOBP_VASCULOGENESIS	go_bp	1	27	84	53	2920	3.915292e-01	1.000000e+00	GDF2
GOBP_INFLAMMATORY_RESPONSE	go_bp	7	330	903	53	2920	3.915550e-01	1.000000e+00	AGER,CALCA,CCL13,CXCL13,CXCL17,PTN,TNC
GOBP_NEGATIVE_REGULATION_OF_PROTEIN_METABOLIC_PROCESS	go_bp	5	226	894	53	2920	3.918495e-01	1.000000e+00	EDN1,PLAT,SPOCK1,SPON1,TIMP4
GOBP_REGULATION_OF_CELL_POPULATION_PROLIFERATION	go_bp	11	542	1799	53	2920	3.935753e-01	1.000000e+00	ADGRG1,AGER,AREG,EDN1,ESM1,FRZB,GDF2,PRL,PTN,TNC,TNFSF13
GOBP_POSITIVE_REGULATION_OF_CELLULAR_COMPONENT_ORGANIZATION	go_bp	7	331	1132	53	2920	3.946781e-01	1.000000e+00	ADAM9,AGRN,CXCL13,EDN1,GDF15,GDF2,PTN
GOBP_COGNITION	go_bp	2	75	319	53	2920	3.974554e-01	1.000000e+00	AGER,PTN
GOBP_FATTY_ACID_METABOLIC_PROCESS	go_bp	2	75	401	53	2920	3.974554e-01	1.000000e+00	EDN1,GDF15
GOBP_POSITIVE_REGULATION_OF_GROWTH	go_bp	2	75	257	53	2920	3.974554e-01	1.000000e+00	AGRN,EDN1
GOBP_VESICLE_ORGANIZATION	go_bp	2	75	373	53	2920	3.974554e-01	1.000000e+00	DNM1,STXBP1
GOBP_PROTEIN_CONTAINING_COMPLEX_ASSEMBLY	go_bp	6	280	1669	53	2920	3.990297e-01	1.000000e+00	CXCL13,DNM1,MZT1,NDUFB7,PRND,STXBP1
GOBP_ARTERY_MORPHOGENESIS	go_bp	1	28	82	53	2920	4.026765e-01	1.000000e+00	EDN1
GOBP_EMBRYONIC_PLACENTA_DEVELOPMENT	go_bp	1	28	88	53	2920	4.026765e-01	1.000000e+00	HS6ST1
GOBP_INTERLEUKIN_12_PRODUCTION	go_bp	1	28	64	53	2920	4.026765e-01	1.000000e+00	AGER
GOBP_MAINTENANCE_OF_CELL_NUMBER	go_bp	1	28	187	53	2920	4.026765e-01	1.000000e+00	PTN
GOBP_MOLTING_CYCLE	go_bp	1	28	119	53	2920	4.026765e-01	1.000000e+00	FST
GOBP_MUSCLE_ADAPTATION	go_bp	1	28	121	53	2920	4.026765e-01	1.000000e+00	EDN1
GOBP_POSITIVE_REGULATION_OF_PROTEIN_LOCALIZATION_TO_NUCLEUS	go_bp	1	28	93	53	2920	4.026765e-01	1.000000e+00	EDN1
GOBP_POSITIVE_REGULATION_OF_TRANSMEMBRANE_RECEPTOR_PROTEIN_SERINE_THREONINE_KINASE_SIGNALING_PATHWAY	go_bp	1	28	107	53	2920	4.026765e-01	1.000000e+00	GDF2
GOBP_REGULATION_OF_CALCIUM_MEDIATED_SIGNALING	go_bp	1	28	98	53	2920	4.026765e-01	1.000000e+00	EDN1
GOBP_REGULATION_OF_FAT_CELL_DIFFERENTIATION	go_bp	1	28	147	53	2920	4.026765e-01	1.000000e+00	FRZB
GOBP_RESPONSE_TO_CAMP	go_bp	1	28	87	53	2920	4.026765e-01	1.000000e+00	AREG
GOBP_STEM_CELL_DEVELOPMENT	go_bp	1	28	87	53	2920	4.026765e-01	1.000000e+00	EDN1
GOBP_SUPEROXIDE_METABOLIC_PROCESS	go_bp	1	28	73	53	2920	4.026765e-01	1.000000e+00	EDN1
GOBP_VACUOLAR_LOCALIZATION	go_bp	1	28	87	53	2920	4.026765e-01	1.000000e+00	STXBP1
GOBP_GLIAL_CELL_DIFFERENTIATION	go_bp	2	76	262	53	2920	4.039237e-01	1.000000e+00	AGER,PTN
GOBP_POSITIVE_REGULATION_OF_VASCULATURE_DEVELOPMENT	go_bp	2	76	191	53	2920	4.039237e-01	1.000000e+00	ANGPTL4,GDF2
GOBP_EXTERNAL_ENCAPSULATING_STRUCTURE_ORGANIZATION	go_bp	3	127	338	53	2920	4.077488e-01	1.000000e+00	KAZALD1,MATN2,SMOC1
GOBP_ORGANELLE_FISSION	go_bp	2	77	498	53	2920	4.103606e-01	1.000000e+00	EDN1,MZT1
GOBP_REGULATION_OF_PROTEIN_SERINE_THREONINE_KINASE_ACTIVITY	go_bp	2	77	264	53	2920	4.103606e-01	1.000000e+00	ADAM9,EDN1
GOBP_SENSORY_PERCEPTION	go_bp	2	77	989	53	2920	4.103606e-01	1.000000e+00	CALCA,OBP2B
GOBP_SEX_DIFFERENTIATION	go_bp	2	77	290	53	2920	4.103606e-01	1.000000e+00	ADGRG1,FST
GOBP_REGULATION_OF_RESPONSE_TO_EXTERNAL_STIMULUS	go_bp	8	389	1130	53	2920	4.106248e-01	1.000000e+00	AGER,CXCL13,CXCL17,EDN1,PLAT,PTN,SPP1,TNC
GOBP_SIGNAL_RELEASE	go_bp	3	128	491	53	2920	4.127145e-01	1.000000e+00	EDN1,SPP1,STXBP1
GOBP_B_CELL_ACTIVATION_INVOLVED_IN_IMMUNE_RESPONSE	go_bp	1	29	89	53	2920	4.136233e-01	1.000000e+00	TNFSF13
GOBP_GLOMERULUS_DEVELOPMENT	go_bp	1	29	73	53	2920	4.136233e-01	1.000000e+00	EDN1
GOBP_LEUKOCYTE_ACTIVATION_INVOLVED_IN_INFLAMMATORY_RESPONSE	go_bp	1	29	52	53	2920	4.136233e-01	1.000000e+00	AGER
GOBP_LIPID_MODIFICATION	go_bp	1	29	195	53	2920	4.136233e-01	1.000000e+00	GDF15
GOBP_MEIOTIC_CELL_CYCLE	go_bp	1	29	290	53	2920	4.136233e-01	1.000000e+00	EDN1
GOBP_MULTICELLULAR_ORGANISMAL_RESPONSE_TO_STRESS	go_bp	1	29	97	53	2920	4.136233e-01	1.000000e+00	CALCA
GOBP_NEUROTRANSMITTER_SECRETION	go_bp	1	29	148	53	2920	4.136233e-01	1.000000e+00	STXBP1
GOBP_REGULATION_OF_ACTOMYOSIN_STRUCTURE_ORGANIZATION	go_bp	1	29	105	53	2920	4.136233e-01	1.000000e+00	EDN1
GOBP_REGULATION_OF_BIOMINERAL_TISSUE_DEVELOPMENT	go_bp	1	29	102	53	2920	4.136233e-01	1.000000e+00	PTN
GOBP_REGULATION_OF_LIPASE_ACTIVITY	go_bp	1	29	68	53	2920	4.136233e-01	1.000000e+00	ANGPTL4
GOBP_REGULATION_OF_MIRNA_TRANSCRIPTION	go_bp	1	29	76	53	2920	4.136233e-01	1.000000e+00	PRL
GOBP_RESPONSE_TO_ACTIVITY	go_bp	1	29	77	53	2920	4.136233e-01	1.000000e+00	EDN1
GOBP_RHO_PROTEIN_SIGNAL_TRANSDUCTION	go_bp	1	29	147	53	2920	4.136233e-01	1.000000e+00	ADGRG1
GOBP_SMOOTH_MUSCLE_CELL_MIGRATION	go_bp	1	29	98	53	2920	4.136233e-01	1.000000e+00	PLAT
GOBP_SULFUR_COMPOUND_BIOSYNTHETIC_PROCESS	go_bp	1	29	172	53	2920	4.136233e-01	1.000000e+00	HS6ST1
GOBP_WOUND_HEALING	go_bp	4	180	434	53	2920	4.146593e-01	1.000000e+00	EDN1,ITGB5,PLAT,STXBP1
GOBP_NON_MEMBRANE_BOUNDED_ORGANELLE_ASSEMBLY	go_bp	2	78	424	53	2920	4.167653e-01	1.000000e+00	EDN1,MZT1
GOBP_REGULATION_OF_LYMPHOCYTE_MEDIATED_IMMUNITY	go_bp	2	78	192	53	2920	4.167653e-01	1.000000e+00	AGER,TNFSF13
GOBP_NEGATIVE_REGULATION_OF_CELL_POPULATION_PROLIFERATION	go_bp	5	233	791	53	2920	4.178840e-01	1.000000e+00	ADGRG1,FRZB,GDF2,PRL,PTN
GOBP_MICROTUBULE_BASED_PROCESS	go_bp	3	130	948	53	2920	4.226107e-01	1.000000e+00	CELSR2,HEPACAM2,MZT1
GOBP_ENDOTHELIAL_CELL_APOPTOTIC_PROCESS	go_bp	1	30	70	53	2920	4.243732e-01	1.000000e+00	ANGPTL4
GOBP_FIBROBLAST_GROWTH_FACTOR_RECEPTOR_SIGNALING_PATHWAY	go_bp	1	30	87	53	2920	4.243732e-01	1.000000e+00	FGFBP3
GOBP_HUMORAL_IMMUNE_RESPONSE_MEDIATED_BY_CIRCULATING_IMMUNOGLOBULIN	go_bp	1	30	56	53	2920	4.243732e-01	1.000000e+00	NCR3LG1
GOBP_MONOSACCHARIDE_TRANSMEMBRANE_TRANSPORT	go_bp	1	30	123	53	2920	4.243732e-01	1.000000e+00	EDN1
GOBP_MYOTUBE_DIFFERENTIATION	go_bp	1	30	135	53	2920	4.243732e-01	1.000000e+00	GDF15
GOBP_NEGATIVE_REGULATION_OF_CANONICAL_WNT_SIGNALING_PATHWAY	go_bp	1	30	145	53	2920	4.243732e-01	1.000000e+00	FRZB
GOBP_POSITIVE_REGULATION_OF_EXOCYTOSIS	go_bp	1	30	77	53	2920	4.243732e-01	1.000000e+00	STXBP1
GOBP_POSITIVE_REGULATION_OF_WOUND_HEALING	go_bp	1	30	65	53	2920	4.243732e-01	1.000000e+00	PLAT
GOBP_REGULATION_OF_HUMORAL_IMMUNE_RESPONSE	go_bp	1	30	48	53	2920	4.243732e-01	1.000000e+00	CXCL13
GOBP_REGULATION_OF_IMMUNOGLOBULIN_PRODUCTION	go_bp	1	30	77	53	2920	4.243732e-01	1.000000e+00	TNFSF13
GOBP_REGULATION_OF_LYMPHOCYTE_MIGRATION	go_bp	1	30	69	53	2920	4.243732e-01	1.000000e+00	CXCL13
GOBP_REGULATION_OF_NUCLEAR_DIVISION	go_bp	1	30	147	53	2920	4.243732e-01	1.000000e+00	EDN1
GOBP_SKIN_EPIDERMIS_DEVELOPMENT	go_bp	1	30	131	53	2920	4.243732e-01	1.000000e+00	FST
GOBP_POSITIVE_REGULATION_OF_ERK1_AND_ERK2_CASCADE	go_bp	2	80	200	53	2920	4.294740e-01	1.000000e+00	AGER,CXCL17
GOBP_REGULATION_OF_DNA_BINDING_TRANSCRIPTION_FACTOR_ACTIVITY	go_bp	2	80	366	53	2920	4.294740e-01	1.000000e+00	AGER,EDN1
GOBP_BONE_MINERALIZATION	go_bp	1	31	126	53	2920	4.349296e-01	1.000000e+00	PTN
GOBP_CARBOHYDRATE_TRANSPORT	go_bp	1	31	141	53	2920	4.349296e-01	1.000000e+00	EDN1
GOBP_CELLULAR_RESPIRATION	go_bp	1	31	241	53	2920	4.349296e-01	1.000000e+00	NDUFB7
GOBP_CELL_CELL_JUNCTION_ASSEMBLY	go_bp	1	31	157	53	2920	4.349296e-01	1.000000e+00	GDF2
GOBP_FORMATION_OF_PRIMARY_GERM_LAYER	go_bp	1	31	131	53	2920	4.349296e-01	1.000000e+00	ITGB5
GOBP_INTERLEUKIN_10_PRODUCTION	go_bp	1	31	65	53	2920	4.349296e-01	1.000000e+00	AGER
GOBP_MICROTUBULE_CYTOSKELETON_ORGANIZATION_INVOLVED_IN_MITOSIS	go_bp	1	31	167	53	2920	4.349296e-01	1.000000e+00	MZT1
GOBP_NEUROMUSCULAR_PROCESS	go_bp	1	31	167	53	2920	4.349296e-01	1.000000e+00	TPP1
GOBP_ORGANELLE_MEMBRANE_FUSION	go_bp	1	31	123	53	2920	4.349296e-01	1.000000e+00	STXBP1
GOBP_POSITIVE_REGULATION_OF_B_CELL_ACTIVATION	go_bp	1	31	85	53	2920	4.349296e-01	1.000000e+00	TNFSF13
GOBP_POSITIVE_REGULATION_OF_RECEPTOR_SIGNALING_PATHWAY_VIA_STAT	go_bp	1	31	55	53	2920	4.349296e-01	1.000000e+00	PRL
GOBP_REACTIVE_NITROGEN_SPECIES_METABOLIC_PROCESS	go_bp	1	31	86	53	2920	4.349296e-01	1.000000e+00	EDN1
GOBP_REGULATION_OF_CD4_POSITIVE_ALPHA_BETA_T_CELL_ACTIVATION	go_bp	1	31	80	53	2920	4.349296e-01	1.000000e+00	AGER
GOBP_IN_UTERO_EMBRYONIC_DEVELOPMENT	go_bp	2	81	402	53	2920	4.357762e-01	1.000000e+00	EDN1,HS6ST1
GOBP_MESENCHYME_DEVELOPMENT	go_bp	2	81	340	53	2920	4.357762e-01	1.000000e+00	EDN1,FRZB
GOBP_NEURON_PROJECTION_GUIDANCE	go_bp	2	81	234	53	2920	4.357762e-01	1.000000e+00	EDN1,MATN2
GOBP_RESPONSE_TO_MOLECULE_OF_BACTERIAL_ORIGIN	go_bp	3	133	369	53	2920	4.373581e-01	1.000000e+00	ADAM9,CXCL13,EDN1
GOBP_POSITIVE_REGULATION_OF_TRANSFERASE_ACTIVITY	go_bp	3	134	366	53	2920	4.422458e-01	1.000000e+00	ADAM9,CALCA,EDN1
GOBP_CYTOSKELETON_ORGANIZATION	go_bp	6	293	1525	53	2920	4.428931e-01	1.000000e+00	AGRN,CCL13,EDN1,HEPACAM2,ITGB5,MZT1
GOBP_ACTIVATION_OF_PROTEIN_KINASE_ACTIVITY	go_bp	1	32	77	53	2920	4.452961e-01	1.000000e+00	CALCA
GOBP_ASTROCYTE_DIFFERENTIATION	go_bp	1	32	88	53	2920	4.452961e-01	1.000000e+00	AGER
GOBP_AXON_EXTENSION	go_bp	1	32	106	53	2920	4.452961e-01	1.000000e+00	EDN1
GOBP_CARDIOCYTE_DIFFERENTIATION	go_bp	1	32	166	53	2920	4.452961e-01	1.000000e+00	EDN1
GOBP_CELLULAR_RESPONSE_TO_INTERLEUKIN_1	go_bp	1	32	87	53	2920	4.452961e-01	1.000000e+00	EDN1
GOBP_GLIAL_CELL_ACTIVATION	go_bp	1	32	58	53	2920	4.452961e-01	1.000000e+00	AGER
GOBP_KERATINOCYTE_DIFFERENTIATION	go_bp	1	32	177	53	2920	4.452961e-01	1.000000e+00	ADAM9
GOBP_MULTICELLULAR_ORGANISM_GROWTH	go_bp	1	32	149	53	2920	4.452961e-01	1.000000e+00	GDF15
GOBP_NEPHRON_EPITHELIUM_DEVELOPMENT	go_bp	1	32	123	53	2920	4.452961e-01	1.000000e+00	EDN1
GOBP_POSITIVE_REGULATION_OF_JNK_CASCADE	go_bp	1	32	97	53	2920	4.452961e-01	1.000000e+00	AGER
GOBP_REGULATION_OF_CELLULAR_KETONE_METABOLIC_PROCESS	go_bp	1	32	143	53	2920	4.452961e-01	1.000000e+00	GDF15
GOBP_REGULATION_OF_MIRNA_METABOLIC_PROCESS	go_bp	1	32	90	53	2920	4.452961e-01	1.000000e+00	PRL
GOBP_RESPONSE_TO_ORGANOPHOSPHORUS	go_bp	1	32	130	53	2920	4.452961e-01	1.000000e+00	AREG
GOBP_STRESS_FIBER_ASSEMBLY	go_bp	1	32	113	53	2920	4.452961e-01	1.000000e+00	ITGB5
GOBP_REGULATION_OF_ADAPTIVE_IMMUNE_RESPONSE	go_bp	2	83	213	53	2920	4.482723e-01	1.000000e+00	AGER,TNFSF13
GOBP_PROTEIN_PROCESSING	go_bp	2	84	245	53	2920	4.544647e-01	1.000000e+00	PLAT,SPON1
GOBP_POSITIVE_REGULATION_OF_PHOSPHORYLATION	go_bp	5	243	615	53	2920	4.548285e-01	1.000000e+00	ADAM9,AGER,AREG,CALCA,EDN1
GOBP_CENTRAL_NERVOUS_SYSTEM_NEURON_DIFFERENTIATION	go_bp	1	33	178	53	2920	4.554759e-01	1.000000e+00	SPOCK1
GOBP_ENDOCRINE_SYSTEM_DEVELOPMENT	go_bp	1	33	136	53	2920	4.554759e-01	1.000000e+00	EDN1
GOBP_HEMATOPOIETIC_PROGENITOR_CELL_DIFFERENTIATION	go_bp	1	33	134	53	2920	4.554759e-01	1.000000e+00	FST
GOBP_ICOSANOID_METABOLIC_PROCESS	go_bp	1	33	125	53	2920	4.554759e-01	1.000000e+00	EDN1
GOBP_MAST_CELL_ACTIVATION	go_bp	1	33	72	53	2920	4.554759e-01	1.000000e+00	STXBP1
GOBP_MIRNA_METABOLIC_PROCESS	go_bp	1	33	107	53	2920	4.554759e-01	1.000000e+00	PRL
GOBP_NEGATIVE_REGULATION_OF_CELLULAR_CATABOLIC_PROCESS	go_bp	1	33	119	53	2920	4.554759e-01	1.000000e+00	TIMP4
GOBP_NEGATIVE_REGULATION_OF_PROTEIN_CONTAINING_COMPLEX_ASSEMBLY	go_bp	1	33	149	53	2920	4.554759e-01	1.000000e+00	STXBP1
GOBP_REGULATION_OF_EXTENT_OF_CELL_GROWTH	go_bp	1	33	95	53	2920	4.554759e-01	1.000000e+00	SPP1
GOBP_REGULATION_OF_GLIOGENESIS	go_bp	1	33	112	53	2920	4.554759e-01	1.000000e+00	PTN
GOBP_REGULATION_OF_MUSCLE_CELL_DIFFERENTIATION	go_bp	1	33	166	53	2920	4.554759e-01	1.000000e+00	EDN1
GOBP_RIBOSE_PHOSPHATE_BIOSYNTHETIC_PROCESS	go_bp	1	33	232	53	2920	4.554759e-01	1.000000e+00	NDUFB7
GOBP_SISTER_CHROMATID_SEGREGATION	go_bp	1	33	235	53	2920	4.554759e-01	1.000000e+00	MZT1
GOBP_T_CELL_MIGRATION	go_bp	1	33	73	53	2920	4.554759e-01	1.000000e+00	CXCL13
GOBP_CELLULAR_RESPONSE_TO_MOLECULE_OF_BACTERIAL_ORIGIN	go_bp	2	85	238	53	2920	4.606190e-01	1.000000e+00	ADAM9,CXCL13
GOBP_CELL_SUBSTRATE_ADHESION	go_bp	3	138	359	53	2920	4.616412e-01	1.000000e+00	ADAM9,ITGB5,SPOCK1
GOBP_HUMORAL_IMMUNE_RESPONSE	go_bp	3	138	287	53	2920	4.616412e-01	1.000000e+00	CCL13,CXCL13,NCR3LG1
GOBP_DISRUPTION_OF_ANATOMICAL_STRUCTURE_IN_ANOTHER_ORGANISM	go_bp	1	34	94	53	2920	4.654724e-01	1.000000e+00	CCL13
GOBP_EPIDERMAL_GROWTH_FACTOR_RECEPTOR_SIGNALING_PATHWAY	go_bp	1	34	112	53	2920	4.654724e-01	1.000000e+00	AREG
GOBP_FATTY_ACID_TRANSPORT	go_bp	1	34	120	53	2920	4.654724e-01	1.000000e+00	EDN1
GOBP_LEARNING	go_bp	1	34	154	53	2920	4.654724e-01	1.000000e+00	PTN
GOBP_NEGATIVE_REGULATION_OF_WNT_SIGNALING_PATHWAY	go_bp	1	34	178	53	2920	4.654724e-01	1.000000e+00	FRZB
GOBP_RESPONSE_TO_ACID_CHEMICAL	go_bp	1	34	143	53	2920	4.654724e-01	1.000000e+00	EDN1
GOBP_SPINDLE_ORGANIZATION	go_bp	1	34	200	53	2920	4.654724e-01	1.000000e+00	MZT1
GOBP_ZYMOGEN_ACTIVATION	go_bp	1	34	59	53	2920	4.654724e-01	1.000000e+00	PLAT
GOBP_PROTEOLYSIS	go_bp	8	408	1631	53	2920	4.662606e-01	1.000000e+00	ADAM9,AGER,KLK10,PLAT,SPOCK1,SPON1,TIMP4,TPP1
GOBP_MITOCHONDRION_ORGANIZATION	go_bp	2	86	521	53	2920	4.667345e-01	1.000000e+00	EDN1,NDUFB7
GOBP_REGULATION_OF_DNA_METABOLIC_PROCESS	go_bp	2	86	515	53	2920	4.667345e-01	1.000000e+00	GDF2,TNFSF13
GOBP_NEGATIVE_REGULATION_OF_NUCLEOBASE_CONTAINING_COMPOUND_METABOLIC_PROCESS	go_bp	4	193	1527	53	2920	4.686214e-01	1.000000e+00	CALCA,EDN1,FST,GDF2
GOBP_NEGATIVE_REGULATION_OF_CATALYTIC_ACTIVITY	go_bp	3	140	439	53	2920	4.712387e-01	1.000000e+00	ANGPTL4,SPOCK1,TIMP4
GOBP_MAPK_CASCADE	go_bp	5	248	773	53	2920	4.731124e-01	1.000000e+00	ADAM9,AGER,CXCL17,EDN1,GDF15
GOBP_HETEROTYPIC_CELL_CELL_ADHESION	go_bp	1	35	63	53	2920	4.752887e-01	1.000000e+00	AGER
GOBP_HORMONE_MEDIATED_SIGNALING_PATHWAY	go_bp	1	35	196	53	2920	4.752887e-01	1.000000e+00	PRL
GOBP_MUSCLE_CELL_MIGRATION	go_bp	1	35	112	53	2920	4.752887e-01	1.000000e+00	PLAT
GOBP_NEGATIVE_REGULATION_OF_PROTEIN_CATABOLIC_PROCESS	go_bp	1	35	117	53	2920	4.752887e-01	1.000000e+00	TIMP4
GOBP_PALLIUM_DEVELOPMENT	go_bp	1	35	192	53	2920	4.752887e-01	1.000000e+00	ADGRG1
GOBP_POSITIVE_REGULATION_OF_INTERLEUKIN_8_PRODUCTION	go_bp	1	35	63	53	2920	4.752887e-01	1.000000e+00	GDF2
GOBP_REGULATION_OF_REGULATED_SECRETORY_PATHWAY	go_bp	1	35	116	53	2920	4.752887e-01	1.000000e+00	STXBP1
GOBP_RENAL_SYSTEM_PROCESS	go_bp	1	35	129	53	2920	4.752887e-01	1.000000e+00	EDN1
GOBP_RESPONSE_TO_PURINE_CONTAINING_COMPOUND	go_bp	1	35	145	53	2920	4.752887e-01	1.000000e+00	AREG
GOBP_SODIUM_ION_TRANSPORT	go_bp	1	35	252	53	2920	4.752887e-01	1.000000e+00	EDN1
GOBP_REGULATION_OF_NERVOUS_SYSTEM_DEVELOPMENT	go_bp	3	141	459	53	2920	4.760108e-01	1.000000e+00	AGRN,PTN,SPP1
GOBP_HORMONE_TRANSPORT	go_bp	2	88	326	53	2920	4.788467e-01	1.000000e+00	EDN1,SPP1
GOBP_ARTERY_DEVELOPMENT	go_bp	1	36	113	53	2920	4.849281e-01	1.000000e+00	EDN1
GOBP_INTRACELLULAR_GLUCOSE_HOMEOSTASIS	go_bp	1	36	167	53	2920	4.849281e-01	1.000000e+00	AGER
GOBP_LEUKOCYTE_DEGRANULATION	go_bp	1	36	81	53	2920	4.849281e-01	1.000000e+00	STXBP1
GOBP_NEUROTRANSMITTER_TRANSPORT	go_bp	1	36	210	53	2920	4.849281e-01	1.000000e+00	STXBP1
GOBP_REGULATION_OF_CELLULAR_RESPONSE_TO_TRANSFORMING_GROWTH_FACTOR_BETA_STIMULUS	go_bp	1	36	182	53	2920	4.849281e-01	1.000000e+00	GDF15
GOBP_RESPONSE_TO_HEAT	go_bp	1	36	106	53	2920	4.849281e-01	1.000000e+00	CALCA
GOBP_POSITIVE_REGULATION_OF_PROTEIN_MODIFICATION_PROCESS	go_bp	5	252	753	53	2920	4.876189e-01	1.000000e+00	ADAM9,AGER,AREG,CALCA,EDN1
GOBP_POSITIVE_REGULATION_OF_CELL_ADHESION	go_bp	4	198	489	53	2920	4.889651e-01	1.000000e+00	ADAM9,ADGRG1,AGER,CXCL13
GOBP_CELLULAR_COMPONENT_ASSEMBLY_INVOLVED_IN_MORPHOGENESIS	go_bp	1	37	137	53	2920	4.943937e-01	1.000000e+00	EDN1
GOBP_OVULATION_CYCLE	go_bp	1	37	73	53	2920	4.943937e-01	1.000000e+00	PTN
GOBP_POSITIVE_REGULATION_OF_LIPID_METABOLIC_PROCESS	go_bp	1	37	124	53	2920	4.943937e-01	1.000000e+00	GDF15
GOBP_IMMUNE_EFFECTOR_PROCESS	go_bp	5	256	718	53	2920	5.020009e-01	1.000000e+00	AGER,CD8A,NCR3LG1,STXBP1,TNFSF13
GOBP_POSITIVE_REGULATION_OF_CELL_PROJECTION_ORGANIZATION	go_bp	2	92	361	53	2920	5.025802e-01	1.000000e+00	AGRN,PTN
GOBP_ANTIGEN_PROCESSING_AND_PRESENTATION	go_bp	1	38	118	53	2920	5.036886e-01	1.000000e+00	CD8A
GOBP_CELLULAR_RESPONSE_TO_CARBOHYDRATE_STIMULUS	go_bp	1	38	161	53	2920	5.036886e-01	1.000000e+00	AGER
GOBP_COMPLEMENT_ACTIVATION	go_bp	1	38	68	53	2920	5.036886e-01	1.000000e+00	NCR3LG1
GOBP_DNA_REPLICATION	go_bp	1	38	280	53	2920	5.036886e-01	1.000000e+00	GDF2
GOBP_LIPID_HOMEOSTASIS	go_bp	1	38	180	53	2920	5.036886e-01	1.000000e+00	ANGPTL4
GOBP_MONOCARBOXYLIC_ACID_BIOSYNTHETIC_PROCESS	go_bp	1	38	225	53	2920	5.036886e-01	1.000000e+00	EDN1
GOBP_ORGANELLE_FUSION	go_bp	1	38	166	53	2920	5.036886e-01	1.000000e+00	STXBP1
GOBP_POSITIVE_REGULATION_OF_CELL_DIVISION	go_bp	1	38	98	53	2920	5.036886e-01	1.000000e+00	PTN
GOBP_POSITIVE_REGULATION_OF_CHEMOKINE_PRODUCTION	go_bp	1	38	72	53	2920	5.036886e-01	1.000000e+00	AGER
GOBP_REGULATION_OF_PROTEIN_LOCALIZATION_TO_NUCLEUS	go_bp	1	38	142	53	2920	5.036886e-01	1.000000e+00	EDN1
GOBP_REGULATION_OF_SYNAPSE_ASSEMBLY	go_bp	1	38	123	53	2920	5.036886e-01	1.000000e+00	AGRN
GOBP_RESPONSE_TO_ETHANOL	go_bp	1	38	127	53	2920	5.036886e-01	1.000000e+00	TNC
GOBP_RNA_SPLICING_VIA_TRANSESTERIFICATION_REACTIONS	go_bp	1	38	337	53	2920	5.036886e-01	1.000000e+00	RBM17
GOBP_CELLULAR_RESPONSE_TO_BIOTIC_STIMULUS	go_bp	2	93	265	53	2920	5.084084e-01	1.000000e+00	ADAM9,CXCL13
GOBP_MICROTUBULE_CYTOSKELETON_ORGANIZATION	go_bp	2	93	656	53	2920	5.084084e-01	1.000000e+00	HEPACAM2,MZT1
GOBP_REGULATION_OF_PROTEIN_CATABOLIC_PROCESS	go_bp	2	93	362	53	2920	5.084084e-01	1.000000e+00	ADAM9,TIMP4
GOBP_REGULATION_OF_IMMUNE_SYSTEM_PROCESS	go_bp	10	533	1626	53	2920	5.101226e-01	1.000000e+00	AGER,CD8A,CXCL13,CXCL17,EDN1,GDF15,NCR3LG1,PTN,STXBP1,TNFSF13
GOBP_CD4_POSITIVE_ALPHA_BETA_T_CELL_ACTIVATION	go_bp	1	39	122	53	2920	5.128158e-01	1.000000e+00	AGER
GOBP_ERBB_SIGNALING_PATHWAY	go_bp	1	39	133	53	2920	5.128158e-01	1.000000e+00	AREG
GOBP_IMMUNOGLOBULIN_PRODUCTION	go_bp	1	39	195	53	2920	5.128158e-01	1.000000e+00	TNFSF13
GOBP_POSITIVE_REGULATION_OF_MONOATOMIC_ION_TRANSMEMBRANE_TRANSPORT	go_bp	1	39	150	53	2920	5.128158e-01	1.000000e+00	EDN1
GOBP_POSITIVE_REGULATION_OF_SMALL_MOLECULE_METABOLIC_PROCESS	go_bp	1	39	144	53	2920	5.128158e-01	1.000000e+00	GDF15
GOBP_REGULATION_OF_CELL_SHAPE	go_bp	1	39	139	53	2920	5.128158e-01	1.000000e+00	CCL13
GOBP_CELL_PROJECTION_ASSEMBLY	go_bp	2	94	634	53	2920	5.141937e-01	1.000000e+00	AGRN,CELSR2
GOBP_POSITIVE_REGULATION_OF_CELL_DIFFERENTIATION	go_bp	5	260	910	53	2920	5.162436e-01	1.000000e+00	AGER,EDN1,FRZB,GDF2,PTN
GOBP_REGULATION_OF_INFLAMMATORY_RESPONSE	go_bp	3	150	431	53	2920	5.180794e-01	1.000000e+00	AGER,CXCL17,TNC
GOBP_CELL_MATRIX_ADHESION	go_bp	2	95	241	53	2920	5.199357e-01	1.000000e+00	ADAM9,ITGB5
GOBP_MUSCLE_SYSTEM_PROCESS	go_bp	2	95	463	53	2920	5.199357e-01	1.000000e+00	CALCA,EDN1
GOBP_POSITIVE_REGULATION_OF_NERVOUS_SYSTEM_DEVELOPMENT	go_bp	2	95	296	53	2920	5.199357e-01	1.000000e+00	AGRN,PTN
GOBP_DNA_RECOMBINATION	go_bp	1	40	345	53	2920	5.217782e-01	1.000000e+00	TNFSF13
GOBP_HOMOTYPIC_CELL_CELL_ADHESION	go_bp	1	40	100	53	2920	5.217782e-01	1.000000e+00	STXBP1
GOBP_MONOCARBOXYLIC_ACID_TRANSPORT	go_bp	1	40	184	53	2920	5.217782e-01	1.000000e+00	EDN1
GOBP_NEUROINFLAMMATORY_RESPONSE	go_bp	1	40	84	53	2920	5.217782e-01	1.000000e+00	AGER
GOBP_POSITIVE_REGULATION_OF_SMOOTH_MUSCLE_CELL_PROLIFERATION	go_bp	1	40	100	53	2920	5.217782e-01	1.000000e+00	EDN1
GOBP_REGULATION_OF_CELL_PROJECTION_ASSEMBLY	go_bp	1	40	231	53	2920	5.217782e-01	1.000000e+00	AGRN
GOBP_DEFENSE_RESPONSE	go_bp	11	593	1902	53	2920	5.229105e-01	1.000000e+00	AGER,CALCA,CCL13,CLEC1B,CXCL13,CXCL17,EDN1,NCR3LG1,PTN,STXBP1,TNC
GOBP_POSITIVE_REGULATION_OF_PHOSPHORUS_METABOLIC_PROCESS	go_bp	5	263	693	53	2920	5.268258e-01	1.000000e+00	ADAM9,AGER,AREG,CALCA,EDN1
GOBP_NUCLEAR_CHROMOSOME_SEGREGATION	go_bp	1	41	323	53	2920	5.305788e-01	1.000000e+00	MZT1
GOBP_POSITIVE_REGULATION_OF_INTERLEUKIN_6_PRODUCTION	go_bp	1	41	101	53	2920	5.305788e-01	1.000000e+00	AGER
GOBP_VACUOLE_ORGANIZATION	go_bp	1	41	239	53	2920	5.305788e-01	1.000000e+00	TPP1
GOBP_CELLULAR_RESPONSE_TO_CHEMICAL_STRESS	go_bp	2	97	320	53	2920	5.312882e-01	1.000000e+00	EDN1,GDF15
GOBP_CELL_KILLING	go_bp	2	97	233	53	2920	5.312882e-01	1.000000e+00	AGER,CCL13
GOBP_ESTABLISHMENT_OF_ORGANELLE_LOCALIZATION	go_bp	2	98	479	53	2920	5.368982e-01	1.000000e+00	DNM1,STXBP1
GOBP_RESPONSE_TO_METAL_ION	go_bp	2	98	346	53	2920	5.368982e-01	1.000000e+00	ADAM9,EDN1
GOBP_CELLULAR_EXTRAVASATION	go_bp	1	42	75	53	2920	5.392205e-01	1.000000e+00	AGER
GOBP_CELLULAR_RESPONSE_TO_STEROID_HORMONE_STIMULUS	go_bp	1	42	213	53	2920	5.392205e-01	1.000000e+00	EDN1
GOBP_DEVELOPMENT_OF_PRIMARY_FEMALE_SEXUAL_CHARACTERISTICS	go_bp	1	42	106	53	2920	5.392205e-01	1.000000e+00	FST
GOBP_NEURON_PROJECTION_EXTENSION	go_bp	1	42	164	53	2920	5.392205e-01	1.000000e+00	EDN1
GOBP_POSITIVE_CHEMOTAXIS	go_bp	1	42	70	53	2920	5.392205e-01	1.000000e+00	AGER
GOBP_POSITIVE_REGULATION_OF_ENDOTHELIAL_CELL_MIGRATION	go_bp	1	42	133	53	2920	5.392205e-01	1.000000e+00	EDN1
GOBP_REGULATION_OF_HEART_CONTRACTION	go_bp	1	42	212	53	2920	5.392205e-01	1.000000e+00	EDN1
GOBP_REGULATION_OF_RECEPTOR_SIGNALING_PATHWAY_VIA_STAT	go_bp	1	42	121	53	2920	5.392205e-01	1.000000e+00	PRL
GOBP_REGULATION_OF_T_CELL_MEDIATED_IMMUNITY	go_bp	1	42	103	53	2920	5.392205e-01	1.000000e+00	AGER
GOBP_ORGANELLE_ASSEMBLY	go_bp	3	155	1040	53	2920	5.407003e-01	1.000000e+00	CELSR2,EDN1,MZT1
GOBP_RESPONSE_TO_INORGANIC_SUBSTANCE	go_bp	3	155	515	53	2920	5.407003e-01	1.000000e+00	ADAM9,AREG,EDN1
GOBP_CANONICAL_NF_KAPPAB_SIGNAL_TRANSDUCTION	go_bp	2	99	314	53	2920	5.424636e-01	1.000000e+00	EDN1,PRL
GOBP_POSITIVE_REGULATION_OF_CELLULAR_COMPONENT_BIOGENESIS	go_bp	3	156	515	53	2920	5.451552e-01	1.000000e+00	AGRN,CXCL13,GDF2
GOBP_ACTIN_FILAMENT_BUNDLE_ORGANIZATION	go_bp	1	43	170	53	2920	5.477060e-01	1.000000e+00	ITGB5
GOBP_ATP_METABOLIC_PROCESS	go_bp	1	43	222	53	2920	5.477060e-01	1.000000e+00	NDUFB7
GOBP_CELLULAR_RESPONSE_TO_XENOBIOTIC_STIMULUS	go_bp	1	43	195	53	2920	5.477060e-01	1.000000e+00	EDN1
GOBP_CILIUM_ORGANIZATION	go_bp	1	43	443	53	2920	5.477060e-01	1.000000e+00	CELSR2
GOBP_MALE_SEX_DIFFERENTIATION	go_bp	1	43	175	53	2920	5.477060e-01	1.000000e+00	ADGRG1
GOBP_MYELOID_CELL_ACTIVATION_INVOLVED_IN_IMMUNE_RESPONSE	go_bp	1	43	99	53	2920	5.477060e-01	1.000000e+00	STXBP1
GOBP_POSITIVE_REGULATION_OF_NEURON_PROJECTION_DEVELOPMENT	go_bp	1	43	162	53	2920	5.477060e-01	1.000000e+00	PTN
GOBP_POSITIVE_REGULATION_OF_NF_KAPPAB_TRANSCRIPTION_FACTOR_ACTIVITY	go_bp	1	43	136	53	2920	5.477060e-01	1.000000e+00	AGER
GOBP_REGULATION_OF_EPITHELIAL_CELL_APOPTOTIC_PROCESS	go_bp	1	43	119	53	2920	5.477060e-01	1.000000e+00	ANGPTL4
GOBP_REGULATION_OF_JNK_CASCADE	go_bp	1	43	140	53	2920	5.477060e-01	1.000000e+00	AGER
GOBP_LIPID_METABOLIC_PROCESS	go_bp	5	269	1408	53	2920	5.477095e-01	1.000000e+00	ANGPTL4,EDN1,GDF15,SPP1,TPP1
GOBP_CYTOKINE_MEDIATED_SIGNALING_PATHWAY	go_bp	4	213	531	53	2920	5.480990e-01	1.000000e+00	CCL13,CXCL13,EDN1,PRL
GOBP_NEGATIVE_REGULATION_OF_RNA_BIOSYNTHETIC_PROCESS	go_bp	3	157	1282	53	2920	5.495863e-01	1.000000e+00	CALCA,EDN1,FST
GOBP_POSITIVE_REGULATION_OF_TRANSPORT	go_bp	5	270	844	53	2920	5.511515e-01	1.000000e+00	ADAM9,EDN1,PRL,SPP1,STXBP1
GOBP_MUSCLE_CELL_DIFFERENTIATION	go_bp	2	101	431	53	2920	5.534595e-01	1.000000e+00	EDN1,GDF15
GOBP_ADAPTIVE_THERMOGENESIS	go_bp	1	44	169	53	2920	5.560381e-01	1.000000e+00	LAMA4
GOBP_INTERLEUKIN_8_PRODUCTION	go_bp	1	44	103	53	2920	5.560381e-01	1.000000e+00	GDF2
GOBP_POSITIVE_REGULATION_OF_PROTEIN_SECRETION	go_bp	1	44	147	53	2920	5.560381e-01	1.000000e+00	ADAM9
GOBP_PROTEIN_CONTAINING_COMPLEX_LOCALIZATION	go_bp	1	44	194	53	2920	5.560381e-01	1.000000e+00	MZT1
GOBP_PROTEIN_DEPHOSPHORYLATION	go_bp	1	44	208	53	2920	5.560381e-01	1.000000e+00	PTPRH
GOBP_REGULATION_OF_ALPHA_BETA_T_CELL_ACTIVATION	go_bp	1	44	117	53	2920	5.560381e-01	1.000000e+00	AGER
GOBP_RESPONSE_TO_INTERLEUKIN_1	go_bp	1	44	115	53	2920	5.560381e-01	1.000000e+00	EDN1
GOBP_REGULATION_OF_IMMUNE_EFFECTOR_PROCESS	go_bp	3	159	398	53	2920	5.583761e-01	1.000000e+00	AGER,STXBP1,TNFSF13
GOBP_CELLULAR_RESPONSE_TO_OXYGEN_LEVELS	go_bp	1	45	175	53	2920	5.642196e-01	1.000000e+00	EDN1
GOBP_EPIDERMAL_CELL_DIFFERENTIATION	go_bp	1	45	246	53	2920	5.642196e-01	1.000000e+00	ADAM9
GOBP_FAT_CELL_DIFFERENTIATION	go_bp	1	45	251	53	2920	5.642196e-01	1.000000e+00	FRZB
GOBP_REGULATION_OF_CELLULAR_CATABOLIC_PROCESS	go_bp	2	103	462	53	2920	5.642743e-01	1.000000e+00	ADAM9,TIMP4
GOBP_POSITIVE_REGULATION_OF_IMMUNE_EFFECTOR_PROCESS	go_bp	2	104	265	53	2920	5.696133e-01	1.000000e+00	STXBP1,TNFSF13
GOBP_FEMALE_SEX_DIFFERENTIATION	go_bp	1	46	121	53	2920	5.722532e-01	1.000000e+00	FST
GOBP_GASTRULATION	go_bp	1	46	201	53	2920	5.722532e-01	1.000000e+00	ITGB5
GOBP_GLYCOPROTEIN_BIOSYNTHETIC_PROCESS	go_bp	1	46	327	53	2920	5.722532e-01	1.000000e+00	HS6ST1
GOBP_INTERLEUKIN_1_PRODUCTION	go_bp	1	46	130	53	2920	5.722532e-01	1.000000e+00	AGER
GOBP_LYMPHOCYTE_MIGRATION	go_bp	1	46	107	53	2920	5.722532e-01	1.000000e+00	CXCL13
GOBP_MEMBRANE_FUSION	go_bp	1	46	186	53	2920	5.722532e-01	1.000000e+00	STXBP1
GOBP_MUSCLE_CELL_DEVELOPMENT	go_bp	1	46	204	53	2920	5.722532e-01	1.000000e+00	EDN1
GOBP_POSITIVE_REGULATION_OF_CELL_GROWTH	go_bp	1	46	162	53	2920	5.722532e-01	1.000000e+00	EDN1
GOBP_REGULATION_OF_B_CELL_ACTIVATION	go_bp	1	46	131	53	2920	5.722532e-01	1.000000e+00	TNFSF13
GOBP_HEMOPOIESIS	go_bp	5	277	966	53	2920	5.749132e-01	1.000000e+00	AGER,CD8A,CLEC1B,FST,PTN
GOBP_DETECTION_OF_STIMULUS	go_bp	1	47	676	53	2920	5.801413e-01	1.000000e+00	CALCA
GOBP_ENSHEATHMENT_OF_NEURONS	go_bp	1	47	158	53	2920	5.801413e-01	1.000000e+00	PTN
GOBP_EPITHELIAL_TO_MESENCHYMAL_TRANSITION	go_bp	1	47	192	53	2920	5.801413e-01	1.000000e+00	EDN1
GOBP_POSITIVE_REGULATION_OF_ENDOTHELIAL_CELL_PROLIFERATION	go_bp	1	47	110	53	2920	5.801413e-01	1.000000e+00	GDF2
GOBP_RECEPTOR_INTERNALIZATION	go_bp	1	47	131	53	2920	5.801413e-01	1.000000e+00	DNM1
GOBP_CARBOHYDRATE_DERIVATIVE_BIOSYNTHETIC_PROCESS	go_bp	2	106	672	53	2920	5.801537e-01	1.000000e+00	HS6ST1,NDUFB7
GOBP_REGULATION_OF_KINASE_ACTIVITY	go_bp	3	165	519	53	2920	5.841491e-01	1.000000e+00	ADAM9,CALCA,EDN1
GOBP_CELL_FATE_COMMITMENT	go_bp	1	48	291	53	2920	5.878867e-01	1.000000e+00	EDN1
GOBP_GLIAL_CELL_DEVELOPMENT	go_bp	1	48	135	53	2920	5.878867e-01	1.000000e+00	AGER
GOBP_NEPHRON_DEVELOPMENT	go_bp	1	48	161	53	2920	5.878867e-01	1.000000e+00	EDN1
GOBP_POSITIVE_REGULATION_OF_PROTEIN_CATABOLIC_PROCESS	go_bp	1	48	204	53	2920	5.878867e-01	1.000000e+00	ADAM9
GOBP_TEMPERATURE_HOMEOSTASIS	go_bp	1	48	184	53	2920	5.878867e-01	1.000000e+00	LAMA4
GOBP_POSITIVE_REGULATION_OF_RNA_METABOLIC_PROCESS	go_bp	5	282	1925	53	2920	5.915089e-01	1.000000e+00	AGRN,EDN1,GDF2,PRL,SPP1
GOBP_CHEMOKINE_PRODUCTION	go_bp	1	49	105	53	2920	5.954919e-01	1.000000e+00	AGER
GOBP_MICROTUBULE_BASED_MOVEMENT	go_bp	1	49	435	53	2920	5.954919e-01	1.000000e+00	CELSR2
GOBP_REGULATION_OF_AXONOGENESIS	go_bp	1	49	141	53	2920	5.954919e-01	1.000000e+00	SPP1
GOBP_REGULATION_OF_REPRODUCTIVE_PROCESS	go_bp	1	49	208	53	2920	5.954919e-01	1.000000e+00	PLAT
GOBP_DEFENSE_RESPONSE_TO_BACTERIUM	go_bp	2	110	338	53	2920	6.006817e-01	1.000000e+00	CXCL13,NCR3LG1
GOBP_BLOOD_VESSEL_ENDOTHELIAL_CELL_MIGRATION	go_bp	1	50	185	53	2920	6.029593e-01	1.000000e+00	GDF2
GOBP_KIDNEY_EPITHELIUM_DEVELOPMENT	go_bp	1	50	153	53	2920	6.029593e-01	1.000000e+00	EDN1
GOBP_MYELOID_LEUKOCYTE_MEDIATED_IMMUNITY	go_bp	1	50	115	53	2920	6.029593e-01	1.000000e+00	STXBP1
GOBP_NUCLEOSIDE_PHOSPHATE_BIOSYNTHETIC_PROCESS	go_bp	1	50	292	53	2920	6.029593e-01	1.000000e+00	NDUFB7
GOBP_POSITIVE_REGULATION_OF_ADAPTIVE_IMMUNE_RESPONSE	go_bp	1	50	134	53	2920	6.029593e-01	1.000000e+00	TNFSF13
GOBP_REGULATION_OF_CELL_DIVISION	go_bp	1	50	189	53	2920	6.029593e-01	1.000000e+00	PTN
GOBP_REGULATION_OF_CELL_MORPHOGENESIS	go_bp	1	50	246	53	2920	6.029593e-01	1.000000e+00	CCL13
GOBP_TELENCEPHALON_DEVELOPMENT	go_bp	1	50	278	53	2920	6.029593e-01	1.000000e+00	ADGRG1
GOBP_T_CELL_RECEPTOR_SIGNALING_PATHWAY	go_bp	1	50	148	53	2920	6.029593e-01	1.000000e+00	CD8A
GOBP_CELL_ACTIVATION_INVOLVED_IN_IMMUNE_RESPONSE	go_bp	2	111	312	53	2920	6.056981e-01	1.000000e+00	STXBP1,TNFSF13
GOBP_ENDOMEMBRANE_SYSTEM_ORGANIZATION	go_bp	2	111	611	53	2920	6.056981e-01	1.000000e+00	DNM1,STXBP1
GOBP_REGULATION_OF_NEUROGENESIS	go_bp	2	111	380	53	2920	6.056981e-01	1.000000e+00	PTN,SPP1
GOBP_NEGATIVE_REGULATION_OF_CELLULAR_COMPONENT_ORGANIZATION	go_bp	3	171	732	53	2920	6.089935e-01	1.000000e+00	SPOCK1,SPP1,STXBP1
GOBP_CALCIUM_MEDIATED_SIGNALING	go_bp	1	51	228	53	2920	6.102914e-01	1.000000e+00	EDN1
GOBP_CHROMOSOME_SEGREGATION	go_bp	1	51	429	53	2920	6.102914e-01	1.000000e+00	MZT1
GOBP_MRNA_PROCESSING	go_bp	1	51	520	53	2920	6.102914e-01	1.000000e+00	RBM17
GOBP_POSITIVE_REGULATION_OF_TUMOR_NECROSIS_FACTOR_SUPERFAMILY_CYTOKINE_PRODUCTION	go_bp	1	51	114	53	2920	6.102914e-01	1.000000e+00	AGER
GOBP_SPROUTING_ANGIOGENESIS	go_bp	1	51	199	53	2920	6.102914e-01	1.000000e+00	ESM1
GOBP_LIPID_LOCALIZATION	go_bp	2	112	504	53	2920	6.106682e-01	1.000000e+00	EDN1,SPP1
GOBP_EXPORT_FROM_CELL	go_bp	4	231	927	53	2920	6.143844e-01	1.000000e+00	ADAM9,EDN1,SPP1,STXBP1
GOBP_NEGATIVE_REGULATION_OF_TRANSCRIPTION_BY_RNA_POLYMERASE_II	go_bp	2	113	923	53	2920	6.155920e-01	1.000000e+00	EDN1,FST
GOBP_PHOSPHATIDYLINOSITOL_3_KINASE_PROTEIN_KINASE_B_SIGNAL_TRANSDUCTION	go_bp	2	113	309	53	2920	6.155920e-01	1.000000e+00	EDN1,GDF15
GOBP_ENERGY_DERIVATION_BY_OXIDATION_OF_ORGANIC_COMPOUNDS	go_bp	1	52	344	53	2920	6.174906e-01	1.000000e+00	NDUFB7
GOBP_MACROPHAGE_ACTIVATION	go_bp	1	52	112	53	2920	6.174906e-01	1.000000e+00	AGER
GOBP_ORGAN_GROWTH	go_bp	1	52	180	53	2920	6.174906e-01	1.000000e+00	EDN1
GOBP_RESPONSE_TO_TEMPERATURE_STIMULUS	go_bp	1	52	175	53	2920	6.174906e-01	1.000000e+00	CALCA
GOBP_REGULATION_OF_CELLULAR_RESPONSE_TO_STRESS	go_bp	2	114	526	53	2920	6.204695e-01	1.000000e+00	PTN,SPP1
GOBP_CELL_ACTIVATION	go_bp	7	407	1126	53	2920	6.226942e-01	1.000000e+00	ADAM9,AGER,CD8A,EDN1,PLAT,STXBP1,TNFSF13
GOBP_CELLULAR_RESPONSE_TO_INORGANIC_SUBSTANCE	go_bp	1	53	216	53	2920	6.245593e-01	1.000000e+00	EDN1
GOBP_HEART_PROCESS	go_bp	1	53	263	53	2920	6.245593e-01	1.000000e+00	EDN1
GOBP_JNK_CASCADE	go_bp	1	53	173	53	2920	6.245593e-01	1.000000e+00	AGER
GOBP_POSITIVE_REGULATION_OF_CELLULAR_CATABOLIC_PROCESS	go_bp	1	53	224	53	2920	6.245593e-01	1.000000e+00	ADAM9
GOBP_REGULATION_OF_TRANSPORTER_ACTIVITY	go_bp	1	53	247	53	2920	6.245593e-01	1.000000e+00	EDN1
GOBP_MEMBRANE_ORGANIZATION	go_bp	3	175	809	53	2920	6.250232e-01	1.000000e+00	AGRN,DNM1,STXBP1
GOBP_REGULATION_OF_PROTEIN_CONTAINING_COMPLEX_ASSEMBLY	go_bp	2	115	423	53	2920	6.253008e-01	1.000000e+00	CXCL13,STXBP1
GOBP_REGULATION_OF_TRANSFERASE_ACTIVITY	go_bp	3	176	628	53	2920	6.289628e-01	1.000000e+00	ADAM9,CALCA,EDN1
GOBP_EPITHELIAL_CELL_APOPTOTIC_PROCESS	go_bp	1	54	150	53	2920	6.314998e-01	1.000000e+00	ANGPTL4
GOBP_POSITIVE_REGULATION_OF_CELL_CYCLE_PROCESS	go_bp	1	54	269	53	2920	6.314998e-01	1.000000e+00	EDN1
GOBP_POSITIVE_REGULATION_OF_PRODUCTION_OF_MOLECULAR_MEDIATOR_OF_IMMUNE_RESPONSE	go_bp	1	54	137	53	2920	6.314998e-01	1.000000e+00	TNFSF13
GOBP_POSITIVE_REGULATION_OF_TRANSMEMBRANE_TRANSPORT	go_bp	1	54	209	53	2920	6.314998e-01	1.000000e+00	EDN1
GOBP_PROTEIN_STABILIZATION	go_bp	1	54	220	53	2920	6.314998e-01	1.000000e+00	STXBP1
GOBP_REGULATION_OF_EXOCYTOSIS	go_bp	1	54	175	53	2920	6.314998e-01	1.000000e+00	STXBP1
GOBP_RESPONSE_TO_BACTERIUM	go_bp	4	236	745	53	2920	6.317574e-01	1.000000e+00	ADAM9,CXCL13,EDN1,NCR3LG1
GOBP_REGULATION_OF_RESPONSE_TO_STRESS	go_bp	7	411	1448	53	2920	6.335569e-01	1.000000e+00	AGER,CXCL17,EDN1,PLAT,PTN,SPP1,TNC
GOBP_CELLULAR_KETONE_METABOLIC_PROCESS	go_bp	1	55	225	53	2920	6.383143e-01	1.000000e+00	GDF15
GOBP_CELLULAR_RESPONSE_TO_NUTRIENT_LEVELS	go_bp	1	55	242	53	2920	6.383143e-01	1.000000e+00	TNC
GOBP_CELLULAR_RESPONSE_TO_REACTIVE_OXYGEN_SPECIES	go_bp	1	55	154	53	2920	6.383143e-01	1.000000e+00	EDN1
GOBP_CELL_CELL_JUNCTION_ORGANIZATION	go_bp	1	55	217	53	2920	6.383143e-01	1.000000e+00	GDF2
GOBP_POSITIVE_REGULATION_OF_PEPTIDASE_ACTIVITY	go_bp	1	55	165	53	2920	6.383143e-01	1.000000e+00	AGER
GOBP_REGULATION_OF_RESPONSE_TO_CYTOKINE_STIMULUS	go_bp	1	55	195	53	2920	6.383143e-01	1.000000e+00	EDN1
GOBP_POSITIVE_REGULATION_OF_TRANSCRIPTION_BY_RNA_POLYMERASE_II	go_bp	3	180	1242	53	2920	6.444471e-01	1.000000e+00	AGRN,EDN1,GDF2
GOBP_HEART_MORPHOGENESIS	go_bp	1	56	271	53	2920	6.450052e-01	1.000000e+00	EDN1
GOBP_NUCLEOSIDE_TRIPHOSPHATE_METABOLIC_PROCESS	go_bp	1	56	269	53	2920	6.450052e-01	1.000000e+00	NDUFB7
GOBP_RNA_SPLICING	go_bp	1	56	478	53	2920	6.450052e-01	1.000000e+00	RBM17
GOBP_REGULATION_OF_INTRACELLULAR_SIGNAL_TRANSDUCTION	go_bp	8	474	1853	53	2920	6.477588e-01	1.000000e+00	ADAM9,ADGRG1,AGER,CXCL17,EDN1,GDF15,GDF2,PRL
GOBP_POSITIVE_REGULATION_OF_T_CELL_PROLIFERATION	go_bp	1	57	104	53	2920	6.515746e-01	1.000000e+00	AGER
GOBP_REGULATION_OF_CELL_KILLING	go_bp	1	57	114	53	2920	6.515746e-01	1.000000e+00	AGER
GOBP_STRIATED_MUSCLE_TISSUE_DEVELOPMENT	go_bp	1	57	270	53	2920	6.515746e-01	1.000000e+00	EDN1
GOBP_POSITIVE_REGULATION_OF_GENE_EXPRESSION	go_bp	6	361	1218	53	2920	6.553395e-01	1.000000e+00	AGER,CXCL17,GDF2,SPON1,TNC,TNFSF13
GOBP_ORGANELLE_LOCALIZATION	go_bp	2	122	605	53	2920	6.578287e-01	1.000000e+00	DNM1,STXBP1
GOBP_POSITIVE_REGULATION_OF_PROTEIN_LOCALIZATION	go_bp	2	122	482	53	2920	6.578287e-01	1.000000e+00	ADAM9,EDN1
GOBP_NEGATIVE_REGULATION_OF_SECRETION	go_bp	1	58	173	53	2920	6.580247e-01	1.000000e+00	EDN1
GOBP_PLATELET_ACTIVATION	go_bp	1	58	138	53	2920	6.580247e-01	1.000000e+00	STXBP1
GOBP_POSITIVE_REGULATION_OF_CYTOSKELETON_ORGANIZATION	go_bp	1	58	184	53	2920	6.580247e-01	1.000000e+00	EDN1
GOBP_CELLULAR_RESPONSE_TO_STRESS	go_bp	6	362	1867	53	2920	6.581071e-01	1.000000e+00	EDN1,GDF15,MATN2,PTN,SPP1,TNC
GOBP_CELL_DIVISION	go_bp	2	123	644	53	2920	6.622923e-01	1.000000e+00	HEPACAM2,PTN
GOBP_CELL_JUNCTION_ASSEMBLY	go_bp	2	123	462	53	2920	6.622923e-01	1.000000e+00	AGRN,GDF2
GOBP_LEUKOCYTE_MEDIATED_CYTOTOXICITY	go_bp	1	59	148	53	2920	6.643575e-01	1.000000e+00	AGER
GOBP_NEGATIVE_REGULATION_OF_NEURON_APOPTOTIC_PROCESS	go_bp	1	59	164	53	2920	6.643575e-01	1.000000e+00	STXBP1
GOBP_POSITIVE_REGULATION_OF_LEUKOCYTE_MEDIATED_IMMUNITY	go_bp	1	59	153	53	2920	6.643575e-01	1.000000e+00	TNFSF13
GOBP_RESPONSE_TO_CARBOHYDRATE	go_bp	1	59	240	53	2920	6.643575e-01	1.000000e+00	AGER
GOBP_SYNAPSE_ASSEMBLY	go_bp	1	59	216	53	2920	6.643575e-01	1.000000e+00	AGRN
GOBP_EMBRYO_DEVELOPMENT_ENDING_IN_BIRTH_OR_EGG_HATCHING	go_bp	2	124	682	53	2920	6.667104e-01	1.000000e+00	EDN1,HS6ST1
GOBP_MONOCARBOXYLIC_ACID_METABOLIC_PROCESS	go_bp	2	124	639	53	2920	6.667104e-01	1.000000e+00	EDN1,GDF15
GOBP_INTERLEUKIN_6_PRODUCTION	go_bp	1	60	176	53	2920	6.705753e-01	1.000000e+00	AGER
GOBP_POSITIVE_REGULATION_OF_MONOATOMIC_ION_TRANSPORT	go_bp	1	60	207	53	2920	6.705753e-01	1.000000e+00	EDN1
GOBP_NEGATIVE_REGULATION_OF_CELL_ADHESION	go_bp	2	125	312	53	2920	6.710832e-01	1.000000e+00	SPOCK1,TNC
GOBP_ALPHA_BETA_T_CELL_ACTIVATION	go_bp	1	61	185	53	2920	6.766800e-01	1.000000e+00	AGER
GOBP_DEPHOSPHORYLATION	go_bp	1	61	287	53	2920	6.766800e-01	1.000000e+00	PTPRH
GOBP_HOMOPHILIC_CELL_ADHESION_VIA_PLASMA_MEMBRANE_ADHESION_MOLECULES	go_bp	1	61	170	53	2920	6.766800e-01	1.000000e+00	CELSR2
GOBP_POSITIVE_REGULATION_OF_DNA_METABOLIC_PROCESS	go_bp	1	61	299	53	2920	6.766800e-01	1.000000e+00	TNFSF13
GOBP_SMOOTH_MUSCLE_CELL_PROLIFERATION	go_bp	1	61	177	53	2920	6.766800e-01	1.000000e+00	EDN1
GOBP_REGULATION_OF_CELL_DEVELOPMENT	go_bp	4	251	845	53	2920	6.809400e-01	1.000000e+00	AGER,FRZB,PTN,SPP1
GOBP_POSITIVE_REGULATION_OF_PROTEIN_METABOLIC_PROCESS	go_bp	6	371	1237	53	2920	6.824318e-01	1.000000e+00	ADAM9,AGER,AREG,CALCA,EDN1,SPON1
GOBP_CARBOHYDRATE_HOMEOSTASIS	go_bp	1	62	262	53	2920	6.826737e-01	1.000000e+00	AGER
GOBP_IMMUNE_SYSTEM_DEVELOPMENT	go_bp	1	62	200	53	2920	6.826737e-01	1.000000e+00	TNFSF13
GOBP_CELL_CELL_ADHESION	go_bp	6	373	980	53	2920	6.876921e-01	1.000000e+00	ADAM9,AGER,CELSR2,CXCL13,ITGB5,STXBP1
GOBP_POSITIVE_REGULATION_OF_CELL_CELL_ADHESION	go_bp	2	129	330	53	2920	6.881242e-01	1.000000e+00	AGER,CXCL13
GOBP_REGULATION_OF_CANONICAL_WNT_SIGNALING_PATHWAY	go_bp	1	63	270	53	2920	6.885584e-01	1.000000e+00	FRZB
GOBP_REGULATION_OF_CELLULAR_COMPONENT_BIOGENESIS	go_bp	4	254	1026	53	2920	6.902330e-01	1.000000e+00	AGRN,CXCL13,GDF2,STXBP1
GOBP_ANTIGEN_RECEPTOR_MEDIATED_SIGNALING_PATHWAY	go_bp	1	64	210	53	2920	6.943359e-01	1.000000e+00	CD8A
GOBP_HORMONE_METABOLIC_PROCESS	go_bp	1	64	241	53	2920	6.943359e-01	1.000000e+00	SPP1
GOBP_MITOTIC_CELL_CYCLE_PROCESS	go_bp	2	131	774	53	2920	6.963772e-01	1.000000e+00	EDN1,MZT1
GOBP_REGULATION_OF_HEMOPOIESIS	go_bp	2	131	428	53	2920	6.963772e-01	1.000000e+00	AGER,PTN
GOBP_NEGATIVE_REGULATION_OF_MOLECULAR_FUNCTION	go_bp	3	195	735	53	2920	6.985552e-01	1.000000e+00	ANGPTL4,SPOCK1,TIMP4
GOBP_REGULATION_OF_CELL_CELL_ADHESION	go_bp	3	195	504	53	2920	6.985552e-01	1.000000e+00	AGER,CELSR2,CXCL13
GOBP_SUPRAMOLECULAR_FIBER_ORGANIZATION	go_bp	3	195	859	53	2920	6.985552e-01	1.000000e+00	EDN1,ITGB5,MZT1
GOBP_CALCIUM_ION_TRANSMEMBRANE_TRANSPORT	go_bp	1	65	344	53	2920	7.000082e-01	1.000000e+00	EDN1
GOBP_EPITHELIAL_CELL_DEVELOPMENT	go_bp	1	65	222	53	2920	7.000082e-01	1.000000e+00	FRZB
GOBP_NEGATIVE_REGULATION_OF_INFLAMMATORY_RESPONSE	go_bp	1	65	202	53	2920	7.000082e-01	1.000000e+00	CXCL17
GOBP_ORGANIC_HYDROXY_COMPOUND_TRANSPORT	go_bp	1	65	286	53	2920	7.000082e-01	1.000000e+00	SPP1
GOBP_POSITIVE_REGULATION_OF_PROTEIN_CONTAINING_COMPLEX_ASSEMBLY	go_bp	1	65	199	53	2920	7.000082e-01	1.000000e+00	CXCL13
GOBP_REGULATION_OF_SMALL_GTPASE_MEDIATED_SIGNAL_TRANSDUCTION	go_bp	1	65	305	53	2920	7.000082e-01	1.000000e+00	ADGRG1
GOBP_GLYCOPROTEIN_METABOLIC_PROCESS	go_bp	1	66	388	53	2920	7.055772e-01	1.000000e+00	HS6ST1
GOBP_ORGANIC_ACID_BIOSYNTHETIC_PROCESS	go_bp	1	66	335	53	2920	7.055772e-01	1.000000e+00	EDN1
GOBP_REGULATED_EXOCYTOSIS	go_bp	1	66	226	53	2920	7.055772e-01	1.000000e+00	STXBP1
GOBP_REGULATION_OF_IMMUNE_RESPONSE	go_bp	5	320	981	53	2920	7.057393e-01	1.000000e+00	AGER,CD8A,CXCL13,NCR3LG1,TNFSF13
GOBP_REGULATION_OF_PHOSPHORYLATION	go_bp	5	322	987	53	2920	7.111207e-01	1.000000e+00	ADAM9,AGER,AREG,CALCA,EDN1
GOBP_CELL_CYCLE_PROCESS	go_bp	3	200	1305	53	2920	7.151961e-01	1.000000e+00	EDN1,HEPACAM2,MZT1
GOBP_INTRACELLULAR_SIGNALING_CASSETTE	go_bp	8	503	1952	53	2920	7.163426e-01	1.000000e+00	ADAM9,ADGRG1,AGER,CXCL17,EDN1,GDF15,GDF2,PRL
GOBP_PEPTIDE_TRANSPORT	go_bp	1	68	261	53	2920	7.164127e-01	1.000000e+00	EDN1
GOBP_POSITIVE_REGULATION_OF_CYTOKINE_PRODUCTION	go_bp	3	201	504	53	2920	7.184410e-01	1.000000e+00	AGER,CXCL17,GDF2
GOBP_PROTEIN_CATABOLIC_PROCESS	go_bp	3	201	1004	53	2920	7.184410e-01	1.000000e+00	ADAM9,TIMP4,TPP1
GOBP_SULFUR_COMPOUND_METABOLIC_PROCESS	go_bp	1	69	327	53	2920	7.216827e-01	1.000000e+00	HS6ST1
GOBP_LYMPHOCYTE_ACTIVATION_INVOLVED_IN_IMMUNE_RESPONSE	go_bp	1	70	218	53	2920	7.268566e-01	1.000000e+00	TNFSF13
GOBP_SYNAPSE_ORGANIZATION	go_bp	2	139	499	53	2920	7.276449e-01	1.000000e+00	AGRN,TNC
GOBP_POSITIVE_REGULATION_OF_CELL_CYCLE	go_bp	1	71	338	53	2920	7.319362e-01	1.000000e+00	EDN1
GOBP_PROTEIN_LOCALIZATION_TO_NUCLEUS	go_bp	1	71	312	53	2920	7.319362e-01	1.000000e+00	EDN1
GOBP_PROTEIN_POLYMERIZATION	go_bp	1	71	288	53	2920	7.319362e-01	1.000000e+00	MZT1
GOBP_REGULATION_OF_SYNAPSE_STRUCTURE_OR_ACTIVITY	go_bp	1	71	258	53	2920	7.319362e-01	1.000000e+00	AGRN
GOBP_REGULATION_OF_HORMONE_LEVELS	go_bp	2	141	544	53	2920	7.350350e-01	1.000000e+00	EDN1,SPP1
GOBP_POSITIVE_REGULATION_OF_PROTEIN_TRANSPORT	go_bp	1	72	251	53	2920	7.369230e-01	1.000000e+00	ADAM9
GOBP_REGULATION_OF_WNT_SIGNALING_PATHWAY	go_bp	1	73	344	53	2920	7.418187e-01	1.000000e+00	FRZB
GOBP_PROTEIN_LOCALIZATION_TO_PLASMA_MEMBRANE	go_bp	1	74	286	53	2920	7.466250e-01	1.000000e+00	STXBP1
GOBP_REACTIVE_OXYGEN_SPECIES_METABOLIC_PROCESS	go_bp	1	74	239	53	2920	7.466250e-01	1.000000e+00	EDN1
GOBP_REGULATION_OF_MEMBRANE_POTENTIAL	go_bp	1	74	464	53	2920	7.466250e-01	1.000000e+00	EDN1
GOBP_REGULATION_OF_PROTEIN_SECRETION	go_bp	1	74	266	53	2920	7.466250e-01	1.000000e+00	ADAM9
GOBP_DNA_METABOLIC_PROCESS	go_bp	2	145	1009	53	2920	7.493174e-01	1.000000e+00	GDF2,TNFSF13
GOBP_REGULATION_OF_PRODUCTION_OF_MOLECULAR_MEDIATOR_OF_IMMUNE_RESPONSE	go_bp	1	75	192	53	2920	7.513435e-01	1.000000e+00	TNFSF13
GOBP_CELL_JUNCTION_ORGANIZATION	go_bp	3	213	773	53	2920	7.552409e-01	1.000000e+00	AGRN,GDF2,TNC
GOBP_CELL_SURFACE_RECEPTOR_SIGNALING_PATHWAY_VIA_STAT	go_bp	1	76	190	53	2920	7.559758e-01	1.000000e+00	PRL
GOBP_POSITIVE_REGULATION_OF_HEMOPOIESIS	go_bp	1	76	195	53	2920	7.559758e-01	1.000000e+00	AGER
GOBP_RESPONSE_TO_ALCOHOL	go_bp	1	76	264	53	2920	7.559758e-01	1.000000e+00	TNC
GOBP_TUMOR_NECROSIS_FACTOR_SUPERFAMILY_CYTOKINE_PRODUCTION	go_bp	1	76	196	53	2920	7.559758e-01	1.000000e+00	AGER
GOBP_POSITIVE_REGULATION_OF_NEUROGENESIS	go_bp	1	77	246	53	2920	7.605234e-01	1.000000e+00	PTN
GOBP_MUSCLE_STRUCTURE_DEVELOPMENT	go_bp	2	149	715	53	2920	7.629508e-01	1.000000e+00	EDN1,GDF15
GOBP_CHROMOSOME_ORGANIZATION	go_bp	1	78	640	53	2920	7.649878e-01	1.000000e+00	MZT1
GOBP_RHYTHMIC_PROCESS	go_bp	1	78	300	53	2920	7.649878e-01	1.000000e+00	PTN
GOBP_AMIDE_TRANSPORT	go_bp	1	79	320	53	2920	7.693705e-01	1.000000e+00	EDN1
GOBP_REGULATION_OF_MONOATOMIC_ION_TRANSMEMBRANE_TRANSPORT	go_bp	1	79	349	53	2920	7.693705e-01	1.000000e+00	EDN1
GOBP_SYMBIONT_ENTRY_INTO_HOST	go_bp	1	79	164	53	2920	7.693705e-01	1.000000e+00	ITGB5
GOBP_POSITIVE_REGULATION_OF_CELL_ACTIVATION	go_bp	2	152	385	53	2920	7.727610e-01	1.000000e+00	AGER,TNFSF13
GOBP_REGULATION_OF_PROTEIN_MODIFICATION_PROCESS	go_bp	5	347	1231	53	2920	7.728144e-01	1.000000e+00	ADAM9,AGER,AREG,CALCA,EDN1
GOBP_CELLULAR_RESPONSE_TO_OXIDATIVE_STRESS	go_bp	1	80	254	53	2920	7.736729e-01	1.000000e+00	EDN1
GOBP_REGULATION_OF_LIPID_METABOLIC_PROCESS	go_bp	1	80	327	53	2920	7.736729e-01	1.000000e+00	GDF15
GOBP_REGULATION_OF_PROTEIN_STABILITY	go_bp	1	80	332	53	2920	7.736729e-01	1.000000e+00	STXBP1
GOBP_HEAD_DEVELOPMENT	go_bp	2	153	785	53	2920	7.759536e-01	1.000000e+00	ADGRG1,CELSR2
GOBP_MITOTIC_CELL_CYCLE	go_bp	2	154	926	53	2920	7.791079e-01	1.000000e+00	EDN1,MZT1
GOBP_MUSCLE_CELL_PROLIFERATION	go_bp	1	82	250	53	2920	7.820430e-01	1.000000e+00	EDN1
GOBP_MUSCLE_TISSUE_DEVELOPMENT	go_bp	1	82	444	53	2920	7.820430e-01	1.000000e+00	EDN1
GOBP_NEGATIVE_REGULATION_OF_CATABOLIC_PROCESS	go_bp	1	82	359	53	2920	7.820430e-01	1.000000e+00	TIMP4
GOBP_REGULATION_OF_CELL_SUBSTRATE_ADHESION	go_bp	1	82	221	53	2920	7.820430e-01	1.000000e+00	SPOCK1
GOBP_RNA_PROCESSING	go_bp	1	82	1423	53	2920	7.820430e-01	1.000000e+00	RBM17
GOBP_SENSORY_SYSTEM_DEVELOPMENT	go_bp	1	82	404	53	2920	7.820430e-01	1.000000e+00	SMOC1
GOBP_FOREBRAIN_DEVELOPMENT	go_bp	1	83	411	53	2920	7.861134e-01	1.000000e+00	ADGRG1
GOBP_POSITIVE_REGULATION_OF_CELL_DEVELOPMENT	go_bp	2	157	460	53	2920	7.883447e-01	1.000000e+00	AGER,PTN
GOBP_MRNA_METABOLIC_PROCESS	go_bp	1	84	864	53	2920	7.901091e-01	1.000000e+00	RBM17
GOBP_REGULATION_OF_NEURON_APOPTOTIC_PROCESS	go_bp	1	84	244	53	2920	7.901091e-01	1.000000e+00	STXBP1
GOBP_REGULATION_OF_SMALL_MOLECULE_METABOLIC_PROCESS	go_bp	1	84	333	53	2920	7.901091e-01	1.000000e+00	GDF15
GOBP_LIPID_CATABOLIC_PROCESS	go_bp	1	85	350	53	2920	7.940316e-01	1.000000e+00	SPP1
GOBP_POSITIVE_REGULATION_OF_LEUKOCYTE_PROLIFERATION	go_bp	1	85	165	53	2920	7.940316e-01	1.000000e+00	AGER
GOBP_STEROID_METABOLIC_PROCESS	go_bp	1	85	330	53	2920	7.940316e-01	1.000000e+00	SPP1
GOBP_REGULATION_OF_PHOSPHORUS_METABOLIC_PROCESS	go_bp	5	357	1149	53	2920	7.946169e-01	1.000000e+00	ADAM9,AGER,AREG,CALCA,EDN1
GOBP_CYTOKINE_PRODUCTION	go_bp	4	294	888	53	2920	7.965681e-01	1.000000e+00	ADGRG1,AGER,CXCL17,GDF2
GOBP_GENERATION_OF_PRECURSOR_METABOLITES_AND_ENERGY	go_bp	1	86	476	53	2920	7.978822e-01	1.000000e+00	NDUFB7
GOBP_POSITIVE_REGULATION_OF_ESTABLISHMENT_OF_PROTEIN_LOCALIZATION	go_bp	1	86	326	53	2920	7.978822e-01	1.000000e+00	ADAM9
GOBP_PRODUCTION_OF_MOLECULAR_MEDIATOR_OF_IMMUNE_RESPONSE	go_bp	1	86	315	53	2920	7.978822e-01	1.000000e+00	TNFSF13
GOBP_RIBOSE_PHOSPHATE_METABOLIC_PROCESS	go_bp	1	86	483	53	2920	7.978822e-01	1.000000e+00	NDUFB7
GOBP_BIOLOGICAL_PROCESS_INVOLVED_IN_INTERACTION_WITH_HOST	go_bp	1	88	204	53	2920	8.053726e-01	1.000000e+00	ITGB5
GOBP_POSITIVE_REGULATION_OF_PEPTIDYL_TYROSINE_PHOSPHORYLATION	go_bp	1	88	158	53	2920	8.053726e-01	1.000000e+00	AREG
GOBP_POSITIVE_REGULATION_OF_PHOSPHATIDYLINOSITOL_3_KINASE_PROTEIN_KINASE_B_SIGNAL_TRANSDUCTION	go_bp	1	88	186	53	2920	8.053726e-01	1.000000e+00	GDF15
GOBP_REGULATION_OF_CELLULAR_LOCALIZATION	go_bp	3	233	988	53	2920	8.081212e-01	1.000000e+00	ADAM9,CELSR2,EDN1
GOBP_B_CELL_ACTIVATION	go_bp	1	90	278	53	2920	8.125905e-01	1.000000e+00	TNFSF13
GOBP_CALCIUM_ION_TRANSPORT	go_bp	1	91	439	53	2920	8.161003e-01	1.000000e+00	EDN1
GOBP_EXOCYTOSIS	go_bp	1	91	356	53	2920	8.161003e-01	1.000000e+00	STXBP1
GOBP_HOMEOSTASIS_OF_NUMBER_OF_CELLS	go_bp	1	91	326	53	2920	8.161003e-01	1.000000e+00	ADGRG1
GOBP_MONONUCLEAR_CELL_DIFFERENTIATION	go_bp	2	168	528	53	2920	8.194276e-01	1.000000e+00	AGER,CD8A
GOBP_ORGANOPHOSPHATE_BIOSYNTHETIC_PROCESS	go_bp	1	92	595	53	2920	8.195456e-01	1.000000e+00	NDUFB7
GOBP_T_CELL_DIFFERENTIATION	go_bp	1	92	313	53	2920	8.195456e-01	1.000000e+00	CD8A
GOBP_PROTEIN_LOCALIZATION_TO_CELL_PERIPHERY	go_bp	1	93	349	53	2920	8.229275e-01	1.000000e+00	STXBP1
GOBP_REGULATION_OF_T_CELL_PROLIFERATION	go_bp	1	93	182	53	2920	8.229275e-01	1.000000e+00	AGER
GOBP_PHOSPHORYLATION	go_bp	5	376	1394	53	2920	8.316648e-01	1.000000e+00	ADAM9,AGER,AREG,CALCA,EDN1
GOBP_PROTEIN_LOCALIZATION_TO_ORGANELLE	go_bp	2	173	971	53	2920	8.321888e-01	1.000000e+00	EDN1,TPP1
GOBP_NEGATIVE_REGULATION_OF_DEFENSE_RESPONSE	go_bp	1	96	294	53	2920	8.327045e-01	1.000000e+00	CXCL17
GOBP_CELLULAR_LIPID_METABOLIC_PROCESS	go_bp	2	174	1026	53	2920	8.346438e-01	1.000000e+00	EDN1,GDF15
GOBP_PROTEIN_MATURATION	go_bp	2	174	555	53	2920	8.346438e-01	1.000000e+00	PLAT,SPON1
GOBP_POSITIVE_REGULATION_OF_IMMUNE_RESPONSE	go_bp	3	245	783	53	2920	8.351177e-01	1.000000e+00	CD8A,NCR3LG1,TNFSF13
GOBP_REGULATION_OF_MITOTIC_CELL_CYCLE	go_bp	1	97	531	53	2920	8.358442e-01	1.000000e+00	EDN1
GOBP_ACTIVATION_OF_IMMUNE_RESPONSE	go_bp	2	175	583	53	2920	8.370672e-01	1.000000e+00	CD8A,NCR3LG1
GOBP_SMALL_GTPASE_MEDIATED_SIGNAL_TRANSDUCTION	go_bp	1	98	502	53	2920	8.389262e-01	1.000000e+00	ADGRG1
GOBP_REGULATION_OF_SUPRAMOLECULAR_FIBER_ORGANIZATION	go_bp	1	100	392	53	2920	8.449207e-01	1.000000e+00	EDN1
GOBP_T_CELL_PROLIFERATION	go_bp	1	100	216	53	2920	8.449207e-01	1.000000e+00	AGER
GOBP_NEURON_APOPTOTIC_PROCESS	go_bp	1	101	293	53	2920	8.478353e-01	1.000000e+00	STXBP1
GOBP_POSITIVE_REGULATION_OF_CATABOLIC_PROCESS	go_bp	1	102	635	53	2920	8.506961e-01	1.000000e+00	ADAM9
GOBP_CELL_CELL_ADHESION_VIA_PLASMA_MEMBRANE_ADHESION_MOLECULES	go_bp	1	103	282	53	2920	8.535042e-01	1.000000e+00	CELSR2
GOBP_PROTEIN_LOCALIZATION_TO_EXTRACELLULAR_REGION	go_bp	1	103	385	53	2920	8.535042e-01	1.000000e+00	ADAM9
GOBP_RECEPTOR_MEDIATED_ENDOCYTOSIS	go_bp	1	103	265	53	2920	8.535042e-01	1.000000e+00	DNM1
GOBP_NEGATIVE_REGULATION_OF_GENE_EXPRESSION	go_bp	3	255	1671	53	2920	8.551263e-01	1.000000e+00	AGER,EDN1,PLAT
GOBP_AMIDE_METABOLIC_PROCESS	go_bp	1	104	461	53	2920	8.562604e-01	1.000000e+00	SPON1
GOBP_REGULATION_OF_PEPTIDYL_TYROSINE_PHOSPHORYLATION	go_bp	1	104	217	53	2920	8.562604e-01	1.000000e+00	AREG
GOBP_RENAL_SYSTEM_DEVELOPMENT	go_bp	1	104	331	53	2920	8.562604e-01	1.000000e+00	EDN1
GOBP_REGULATION_OF_ACTIN_FILAMENT_BASED_PROCESS	go_bp	1	105	388	53	2920	8.589657e-01	1.000000e+00	EDN1
GOBP_PURINE_CONTAINING_COMPOUND_METABOLIC_PROCESS	go_bp	1	106	570	53	2920	8.616211e-01	1.000000e+00	NDUFB7
GOBP_REGULATION_OF_DEFENSE_RESPONSE	go_bp	3	260	855	53	2920	8.643350e-01	1.000000e+00	AGER,CXCL17,TNC
GOBP_DEFENSE_RESPONSE_TO_OTHER_ORGANISM	go_bp	5	396	1268	53	2920	8.648060e-01	1.000000e+00	CCL13,CXCL13,EDN1,NCR3LG1,STXBP1
GOBP_CELL_CYCLE	go_bp	3	262	1684	53	2920	8.678763e-01	1.000000e+00	EDN1,HEPACAM2,MZT1
GOBP_MACROMOLECULE_CATABOLIC_PROCESS	go_bp	3	264	1486	53	2920	8.713383e-01	1.000000e+00	ADAM9,TIMP4,TPP1
GOBP_ACTIN_FILAMENT_ORGANIZATION	go_bp	1	110	466	53	2920	8.717606e-01	1.000000e+00	ITGB5
GOBP_REGULATION_OF_TRANSMEMBRANE_TRANSPORT	go_bp	1	110	488	53	2920	8.717606e-01	1.000000e+00	EDN1
GOBP_RESPONSE_TO_XENOBIOTIC_STIMULUS	go_bp	1	110	449	53	2920	8.717606e-01	1.000000e+00	EDN1
GOBP_VIRAL_LIFE_CYCLE	go_bp	1	110	321	53	2920	8.717606e-01	1.000000e+00	ITGB5
GOBP_REGULATION_OF_LYMPHOCYTE_ACTIVATION	go_bp	2	191	511	53	2920	8.717867e-01	1.000000e+00	AGER,TNFSF13
GOBP_NEGATIVE_REGULATION_OF_CYTOKINE_PRODUCTION	go_bp	1	111	385	53	2920	8.741794e-01	1.000000e+00	AGER
GOBP_ACTIN_FILAMENT_BASED_PROCESS	go_bp	2	193	834	53	2920	8.756247e-01	1.000000e+00	EDN1,ITGB5
GOBP_REGULATION_OF_LEUKOCYTE_DIFFERENTIATION	go_bp	1	112	331	53	2920	8.765533e-01	1.000000e+00	AGER
GOBP_REGULATION_OF_PROTEIN_TRANSPORT	go_bp	1	113	436	53	2920	8.788834e-01	1.000000e+00	ADAM9
GOBP_LIPID_BIOSYNTHETIC_PROCESS	go_bp	1	114	747	53	2920	8.811702e-01	1.000000e+00	EDN1
GOBP_ORGANIC_ACID_METABOLIC_PROCESS	go_bp	2	196	945	53	2920	8.811882e-01	1.000000e+00	EDN1,GDF15
GOBP_BIOLOGICAL_PROCESS_INVOLVED_IN_SYMBIOTIC_INTERACTION	go_bp	1	115	314	53	2920	8.834147e-01	1.000000e+00	ITGB5
GOBP_POSITIVE_REGULATION_OF_LEUKOCYTE_CELL_CELL_ADHESION	go_bp	1	115	281	53	2920	8.834147e-01	1.000000e+00	AGER
GOBP_REGULATION_OF_MONOATOMIC_ION_TRANSPORT	go_bp	1	115	467	53	2920	8.834147e-01	1.000000e+00	EDN1
GOBP_IMMUNE_RESPONSE_REGULATING_CELL_SURFACE_RECEPTOR_SIGNALING_PATHWAY	go_bp	1	116	368	53	2920	8.856175e-01	1.000000e+00	CD8A
GOBP_LYMPHOCYTE_ACTIVATION	go_bp	3	274	807	53	2920	8.875032e-01	1.000000e+00	AGER,CD8A,TNFSF13
GOBP_LEUKOCYTE_DIFFERENTIATION	go_bp	2	201	629	53	2920	8.899636e-01	1.000000e+00	AGER,CD8A
GOBP_TRANSMEMBRANE_TRANSPORT	go_bp	2	201	1606	53	2920	8.899636e-01	1.000000e+00	EDN1,NDUFB7
GOBP_NEGATIVE_REGULATION_OF_PROGRAMMED_CELL_DEATH	go_bp	3	277	940	53	2920	8.919961e-01	1.000000e+00	ANGPTL4,EDN1,STXBP1
GOBP_T_CELL_ACTIVATION	go_bp	2	203	579	53	2920	8.933064e-01	1.000000e+00	AGER,CD8A
GOBP_REGULATION_OF_TRANSPORT	go_bp	5	417	1633	53	2920	8.937192e-01	1.000000e+00	ADAM9,EDN1,PRL,SPP1,STXBP1
GOBP_PEPTIDYL_TYROSINE_MODIFICATION	go_bp	1	120	266	53	2920	8.940278e-01	1.000000e+00	AREG
GOBP_MONOATOMIC_CATION_TRANSMEMBRANE_TRANSPORT	go_bp	1	122	861	53	2920	8.980024e-01	1.000000e+00	EDN1
GOBP_BIOLOGICAL_PROCESS_INVOLVED_IN_INTERSPECIES_INTERACTION_BETWEEN_ORGANISMS	go_bp	7	553	1780	53	2920	8.993707e-01	1.000000e+00	ADAM9,CCL13,CXCL13,EDN1,ITGB5,NCR3LG1,STXBP1
GOBP_CELLULAR_CATABOLIC_PROCESS	go_bp	3	283	1142	53	2920	9.005153e-01	1.000000e+00	ADAM9,TIMP4,TPP1
GOBP_INTRACELLULAR_PROTEIN_TRANSPORT	go_bp	1	125	674	53	2920	9.036914e-01	1.000000e+00	STXBP1
GOBP_NEGATIVE_REGULATION_OF_TRANSPORT	go_bp	1	125	460	53	2920	9.036914e-01	1.000000e+00	EDN1
GOBP_REGULATION_OF_CATABOLIC_PROCESS	go_bp	2	210	1127	53	2920	9.042927e-01	1.000000e+00	ADAM9,TIMP4
GOBP_ORGANIC_CYCLIC_COMPOUND_CATABOLIC_PROCESS	go_bp	1	126	730	53	2920	9.055177e-01	1.000000e+00	SPP1
GOBP_REGULATION_OF_CYTOSKELETON_ORGANIZATION	go_bp	1	126	526	53	2920	9.055177e-01	1.000000e+00	EDN1
GOBP_REGULATION_OF_CELL_CYCLE_PROCESS	go_bp	1	128	752	53	2920	9.090688e-01	1.000000e+00	EDN1
GOBP_MYELOID_CELL_DIFFERENTIATION	go_bp	1	130	444	53	2920	9.124889e-01	1.000000e+00	CLEC1B
GOBP_NEGATIVE_REGULATION_OF_INTRACELLULAR_SIGNAL_TRANSDUCTION	go_bp	1	131	617	53	2920	9.141513e-01	1.000000e+00	GDF15
GOBP_CARBOHYDRATE_DERIVATIVE_METABOLIC_PROCESS	go_bp	2	217	1109	53	2920	9.142379e-01	1.000000e+00	HS6ST1,NDUFB7
GOBP_LYMPHOCYTE_DIFFERENTIATION	go_bp	1	132	434	53	2920	9.157827e-01	1.000000e+00	CD8A
GOBP_MONOATOMIC_ION_TRANSMEMBRANE_TRANSPORT	go_bp	1	132	1031	53	2920	9.157827e-01	1.000000e+00	EDN1
GOBP_POSITIVE_REGULATION_OF_ORGANELLE_ORGANIZATION	go_bp	1	132	514	53	2920	9.157827e-01	1.000000e+00	EDN1
GOBP_VIRAL_PROCESS	go_bp	1	132	427	53	2920	9.157827e-01	1.000000e+00	ITGB5
GOBP_REGULATION_OF_LEUKOCYTE_PROLIFERATION	go_bp	1	133	269	53	2920	9.173837e-01	1.000000e+00	AGER
GOBP_REGULATION_OF_ESTABLISHMENT_OF_PROTEIN_LOCALIZATION	go_bp	1	134	533	53	2920	9.189548e-01	1.000000e+00	ADAM9
GOBP_NUCLEOBASE_CONTAINING_SMALL_MOLECULE_METABOLIC_PROCESS	go_bp	1	136	681	53	2920	9.220095e-01	1.000000e+00	NDUFB7
GOBP_HEART_DEVELOPMENT	go_bp	1	140	622	53	2920	9.277840e-01	1.000000e+00	EDN1
GOBP_SMALL_MOLECULE_BIOSYNTHETIC_PROCESS	go_bp	1	144	605	53	2920	9.331385e-01	1.000000e+00	EDN1
GOBP_LEUKOCYTE_PROLIFERATION	go_bp	1	150	355	53	2920	9.404475e-01	1.000000e+00	AGER
GOBP_REGULATION_OF_T_CELL_ACTIVATION	go_bp	1	152	388	53	2920	9.427051e-01	1.000000e+00	AGER
GOBP_REGULATION_OF_CELL_ACTIVATION	go_bp	2	245	638	53	2920	9.452469e-01	1.000000e+00	AGER,TNFSF13
GOBP_ORGANONITROGEN_COMPOUND_CATABOLIC_PROCESS	go_bp	3	330	1448	53	2920	9.491818e-01	1.000000e+00	ADAM9,TIMP4,TPP1
GOBP_REGULATION_OF_ORGANELLE_ORGANIZATION	go_bp	2	251	1216	53	2920	9.503633e-01	1.000000e+00	EDN1,STXBP1
GOBP_REGULATION_OF_VESICLE_MEDIATED_TRANSPORT	go_bp	1	161	521	53	2920	9.518674e-01	1.000000e+00	STXBP1
GOBP_MONOATOMIC_CATION_TRANSPORT	go_bp	1	171	1049	53	2920	9.603666e-01	1.000000e+00	EDN1
GOBP_NITROGEN_COMPOUND_TRANSPORT	go_bp	3	347	1903	53	2920	9.605973e-01	1.000000e+00	ADAM9,EDN1,STXBP1
GOBP_IMMUNE_RESPONSE_REGULATING_SIGNALING_PATHWAY	go_bp	1	176	577	53	2920	9.640453e-01	1.000000e+00	CD8A
GOBP_LEUKOCYTE_CELL_CELL_ADHESION	go_bp	1	176	425	53	2920	9.640453e-01	1.000000e+00	AGER
GOBP_POSITIVE_REGULATION_OF_PROGRAMMED_CELL_DEATH	go_bp	1	177	575	53	2920	9.647397e-01	1.000000e+00	FRZB
GOBP_REGULATION_OF_PROGRAMMED_CELL_DEATH	go_bp	4	436	1566	53	2920	9.671347e-01	1.000000e+00	ANGPTL4,EDN1,FRZB,STXBP1
GOBP_APOPTOTIC_PROCESS	go_bp	5	515	1972	53	2920	9.696135e-01	1.000000e+00	ANGPTL4,EDN1,FRZB,PTPRH,STXBP1
GOBP_PROTEIN_TRANSPORT	go_bp	2	284	1424	53	2920	9.713873e-01	1.000000e+00	ADAM9,STXBP1
GOBP_MONOATOMIC_ION_TRANSPORT	go_bp	1	188	1256	53	2920	9.715616e-01	1.000000e+00	EDN1
GOBP_ORGANOPHOSPHATE_METABOLIC_PROCESS	go_bp	1	189	1039	53	2920	9.721133e-01	1.000000e+00	NDUFB7
GOBP_ORGANONITROGEN_COMPOUND_BIOSYNTHETIC_PROCESS	go_bp	2	286	1806	53	2920	9.723431e-01	1.000000e+00	HS6ST1,NDUFB7
GOBP_NEGATIVE_REGULATION_OF_IMMUNE_SYSTEM_PROCESS	go_bp	1	194	535	53	2920	9.747181e-01	1.000000e+00	GDF15
GOBP_REGULATION_OF_CELL_CYCLE	go_bp	1	196	1126	53	2920	9.756918e-01	1.000000e+00	EDN1
GOBP_INNATE_IMMUNE_RESPONSE	go_bp	2	294	987	53	2920	9.758732e-01	1.000000e+00	EDN1,STXBP1
GOBP_VESICLE_MEDIATED_TRANSPORT	go_bp	3	379	1561	53	2920	9.759585e-01	1.000000e+00	AGER,DNM1,STXBP1
GOBP_SMALL_MOLECULE_METABOLIC_PROCESS	go_bp	3	396	1836	53	2920	9.816493e-01	1.000000e+00	EDN1,GDF15,NDUFB7
GOBP_PEPTIDYL_AMINO_ACID_MODIFICATION	go_bp	1	219	847	53	2920	9.845587e-01	1.000000e+00	AREG
GOBP_INTRACELLULAR_TRANSPORT	go_bp	1	222	1368	53	2920	9.854503e-01	1.000000e+00	STXBP1
GOBP_ESTABLISHMENT_OF_PROTEIN_LOCALIZATION	go_bp	2	328	1711	53	2920	9.866452e-01	1.000000e+00	ADAM9,STXBP1
GOBP_ENDOCYTOSIS	go_bp	1	231	703	53	2920	9.878328e-01	1.000000e+00	DNM1
GOBP_ESTABLISHMENT_OF_LOCALIZATION_IN_CELL	go_bp	2	340	1966	53	2920	9.892059e-01	1.000000e+00	DNM1,STXBP1
GOBP_IMPORT_INTO_CELL	go_bp	1	253	926	53	2920	9.921614e-01	1.000000e+00	DNM1
GOBP_PROCESS_UTILIZING_AUTOPHAGIC_MECHANISM	go_bp	0	115	604	53	2920	1.000000e+00	1.000000e+00	
GOBP_REGULATION_OF_APOPTOTIC_SIGNALING_PATHWAY	go_bp	0	116	396	53	2920	1.000000e+00	1.000000e+00	
GOBP_CELLULAR_COMPONENT_DISASSEMBLY	go_bp	0	113	546	53	2920	1.000000e+00	1.000000e+00	
GOBP_AMINOGLYCAN_METABOLIC_PROCESS	go_bp	0	39	122	53	2920	1.000000e+00	1.000000e+00	
GOBP_CARBOHYDRATE_CATABOLIC_PROCESS	go_bp	0	39	172	53	2920	1.000000e+00	1.000000e+00	
GOBP_CIRCADIAN_RHYTHM	go_bp	0	39	207	53	2920	1.000000e+00	1.000000e+00	
GOBP_LYMPHOCYTE_APOPTOTIC_PROCESS	go_bp	0	39	81	53	2920	1.000000e+00	1.000000e+00	
GOBP_POSITIVE_REGULATION_OF_MYELOID_CELL_DIFFERENTIATION	go_bp	0	39	106	53	2920	1.000000e+00	1.000000e+00	
GOBP_PROTEIN_CONTAINING_COMPLEX_DISASSEMBLY	go_bp	0	39	258	53	2920	1.000000e+00	1.000000e+00	
GOBP_TUMOR_NECROSIS_FACTOR_MEDIATED_SIGNALING_PATHWAY	go_bp	0	39	119	53	2920	1.000000e+00	1.000000e+00	
GOBP_POST_TRANSLATIONAL_PROTEIN_MODIFICATION	go_bp	0	103	1010	53	2920	1.000000e+00	1.000000e+00	
GOBP_PROTEOLYSIS_INVOLVED_IN_PROTEIN_CATABOLIC_PROCESS	go_bp	0	119	765	53	2920	1.000000e+00	1.000000e+00	
GOBP_REGULATION_OF_ENDOCYTOSIS	go_bp	0	105	298	53	2920	1.000000e+00	1.000000e+00	
GOBP_ESTABLISHMENT_OF_CELL_POLARITY	go_bp	0	40	156	53	2920	1.000000e+00	1.000000e+00	
GOBP_LEUKOCYTE_HOMEOSTASIS	go_bp	0	40	109	53	2920	1.000000e+00	1.000000e+00	
GOBP_NEGATIVE_REGULATION_OF_RESPONSE_TO_BIOTIC_STIMULUS	go_bp	0	40	124	53	2920	1.000000e+00	1.000000e+00	
GOBP_PLASMA_MEMBRANE_ORGANIZATION	go_bp	0	40	170	53	2920	1.000000e+00	1.000000e+00	
GOBP_POSITIVE_REGULATION_OF_CYSTEINE_TYPE_ENDOPEPTIDASE_ACTIVITY	go_bp	0	40	128	53	2920	1.000000e+00	1.000000e+00	
GOBP_POSITIVE_REGULATION_OF_TYROSINE_PHOSPHORYLATION_OF_STAT_PROTEIN	go_bp	0	40	66	53	2920	1.000000e+00	1.000000e+00	
GOBP_REGULATION_OF_MRNA_METABOLIC_PROCESS	go_bp	0	40	403	53	2920	1.000000e+00	1.000000e+00	
GOBP_REGULATION_OF_PROTEIN_LOCALIZATION_TO_CELL_PERIPHERY	go_bp	0	40	138	53	2920	1.000000e+00	1.000000e+00	
GOBP_SKELETAL_SYSTEM_MORPHOGENESIS	go_bp	0	40	230	53	2920	1.000000e+00	1.000000e+00	
GOBP_TYROSINE_PHOSPHORYLATION_OF_STAT_PROTEIN	go_bp	0	40	80	53	2920	1.000000e+00	1.000000e+00	
GOBP_T_CELL_ACTIVATION_INVOLVED_IN_IMMUNE_RESPONSE	go_bp	0	40	127	53	2920	1.000000e+00	1.000000e+00	
GOBP_NEGATIVE_REGULATION_OF_CELL_ACTIVATION	go_bp	0	99	217	53	2920	1.000000e+00	1.000000e+00	
GOBP_ADULT_BEHAVIOR	go_bp	0	38	147	53	2920	1.000000e+00	1.000000e+00	
GOBP_DIGESTIVE_SYSTEM_PROCESS	go_bp	0	38	107	53	2920	1.000000e+00	1.000000e+00	
GOBP_GOLGI_VESICLE_TRANSPORT	go_bp	0	38	307	53	2920	1.000000e+00	1.000000e+00	
GOBP_NEGATIVE_REGULATION_OF_ESTABLISHMENT_OF_PROTEIN_LOCALIZATION	go_bp	0	38	134	53	2920	1.000000e+00	1.000000e+00	
GOBP_OSTEOCLAST_DIFFERENTIATION	go_bp	0	38	109	53	2920	1.000000e+00	1.000000e+00	
GOBP_REGULATION_OF_POST_TRANSLATIONAL_PROTEIN_MODIFICATION	go_bp	0	38	245	53	2920	1.000000e+00	1.000000e+00	
GOBP_RESPONSE_TO_IONIZING_RADIATION	go_bp	0	38	141	53	2920	1.000000e+00	1.000000e+00	
GOBP_STEROL_METABOLIC_PROCESS	go_bp	0	38	157	53	2920	1.000000e+00	1.000000e+00	
GOBP_STRIATED_MUSCLE_CONTRACTION	go_bp	0	38	193	53	2920	1.000000e+00	1.000000e+00	
GOBP_POSITIVE_REGULATION_OF_RESPONSE_TO_BIOTIC_STIMULUS	go_bp	0	106	407	53	2920	1.000000e+00	1.000000e+00	
GOBP_RESPONSE_TO_VIRUS	go_bp	0	107	416	53	2920	1.000000e+00	1.000000e+00	
GOBP_B_CELL_PROLIFERATION	go_bp	0	41	104	53	2920	1.000000e+00	1.000000e+00	
GOBP_COLLAGEN_METABOLIC_PROCESS	go_bp	0	41	107	53	2920	1.000000e+00	1.000000e+00	
GOBP_REGULATION_OF_CALCIUM_ION_TRANSMEMBRANE_TRANSPORT	go_bp	0	41	175	53	2920	1.000000e+00	1.000000e+00	
GOBP_REGULATION_OF_MICROTUBULE_BASED_PROCESS	go_bp	0	41	259	53	2920	1.000000e+00	1.000000e+00	
GOBP_REGULATION_OF_PATTERN_RECOGNITION_RECEPTOR_SIGNALING_PATHWAY	go_bp	0	41	177	53	2920	1.000000e+00	1.000000e+00	
GOBP_REGULATION_OF_PROTEASOMAL_PROTEIN_CATABOLIC_PROCESS	go_bp	0	41	191	53	2920	1.000000e+00	1.000000e+00	
GOBP_RESPONSE_TO_UV	go_bp	0	41	156	53	2920	1.000000e+00	1.000000e+00	
GOBP_TUBE_FORMATION	go_bp	0	41	150	53	2920	1.000000e+00	1.000000e+00	
GOBP_CARBOHYDRATE_METABOLIC_PROCESS	go_bp	0	124	571	53	2920	1.000000e+00	1.000000e+00	
GOBP_L_AMINO_ACID_METABOLIC_PROCESS	go_bp	0	43	180	53	2920	1.000000e+00	1.000000e+00	
GOBP_NEGATIVE_REGULATION_OF_MAPK_CASCADE	go_bp	0	43	170	53	2920	1.000000e+00	1.000000e+00	
GOBP_REGULATION_OF_ACTIN_FILAMENT_LENGTH	go_bp	0	43	156	53	2920	1.000000e+00	1.000000e+00	
GOBP_REGULATION_OF_LEUKOCYTE_APOPTOTIC_PROCESS	go_bp	0	43	90	53	2920	1.000000e+00	1.000000e+00	
GOBP_REGULATION_OF_PEPTIDYL_SERINE_PHOSPHORYLATION	go_bp	0	43	121	53	2920	1.000000e+00	1.000000e+00	
GOBP_REGULATION_OF_PHAGOCYTOSIS	go_bp	0	43	102	53	2920	1.000000e+00	1.000000e+00	
GOBP_CARDIAC_CHAMBER_DEVELOPMENT	go_bp	0	37	169	53	2920	1.000000e+00	1.000000e+00	
GOBP_CYTOPLASMIC_PATTERN_RECOGNITION_RECEPTOR_SIGNALING_PATHWAY	go_bp	0	37	174	53	2920	1.000000e+00	1.000000e+00	
GOBP_FIBROBLAST_PROLIFERATION	go_bp	0	37	110	53	2920	1.000000e+00	1.000000e+00	
GOBP_HINDBRAIN_DEVELOPMENT	go_bp	0	37	159	53	2920	1.000000e+00	1.000000e+00	
GOBP_POSITIVE_REGULATION_OF_TYPE_II_INTERFERON_PRODUCTION	go_bp	0	37	77	53	2920	1.000000e+00	1.000000e+00	
GOBP_PYRIDINE_CONTAINING_COMPOUND_METABOLIC_PROCESS	go_bp	0	37	174	53	2920	1.000000e+00	1.000000e+00	
GOBP_DNA_DAMAGE_RESPONSE	go_bp	0	125	906	53	2920	1.000000e+00	1.000000e+00	
GOBP_INTRINSIC_APOPTOTIC_SIGNALING_PATHWAY	go_bp	0	88	319	53	2920	1.000000e+00	1.000000e+00	
GOBP_DIGESTIVE_SYSTEM_DEVELOPMENT	go_bp	0	42	145	53	2920	1.000000e+00	1.000000e+00	
GOBP_NEGATIVE_REGULATION_OF_T_CELL_PROLIFERATION	go_bp	0	42	74	53	2920	1.000000e+00	1.000000e+00	
GOBP_POSITIVE_REGULATION_OF_WNT_SIGNALING_PATHWAY	go_bp	0	42	149	53	2920	1.000000e+00	1.000000e+00	
GOBP_REGULATION_OF_INSULIN_SECRETION	go_bp	0	42	168	53	2920	1.000000e+00	1.000000e+00	
GOBP_REGULATION_OF_NEURON_DIFFERENTIATION	go_bp	0	42	192	53	2920	1.000000e+00	1.000000e+00	
GOBP_RESPONSE_TO_STARVATION	go_bp	0	42	214	53	2920	1.000000e+00	1.000000e+00	
GOBP_SEQUESTERING_OF_CALCIUM_ION	go_bp	0	42	138	53	2920	1.000000e+00	1.000000e+00	
GOBP_STEROID_BIOSYNTHETIC_PROCESS	go_bp	0	42	186	53	2920	1.000000e+00	1.000000e+00	
GOBP_NEGATIVE_REGULATION_OF_PHOSPHORUS_METABOLIC_PROCESS	go_bp	0	97	374	53	2920	1.000000e+00	1.000000e+00	
GOBP_REGULATION_OF_INNATE_IMMUNE_RESPONSE	go_bp	0	126	458	53	2920	1.000000e+00	1.000000e+00	
GOBP_EXTRINSIC_APOPTOTIC_SIGNALING_PATHWAY	go_bp	0	90	230	53	2920	1.000000e+00	1.000000e+00	
GOBP_RESPONSE_TO_RADIATION	go_bp	0	90	433	53	2920	1.000000e+00	1.000000e+00	
GOBP_NEGATIVE_REGULATION_OF_CELL_CELL_ADHESION	go_bp	0	89	205	53	2920	1.000000e+00	1.000000e+00	
GOBP_ALCOHOL_BIOSYNTHETIC_PROCESS	go_bp	0	34	142	53	2920	1.000000e+00	1.000000e+00	
GOBP_CARDIAC_MUSCLE_CONTRACTION	go_bp	0	34	146	53	2920	1.000000e+00	1.000000e+00	
GOBP_CELLULAR_RESPONSE_TO_EXTERNAL_STIMULUS	go_bp	0	34	75	53	2920	1.000000e+00	1.000000e+00	
GOBP_CELLULAR_RESPONSE_TO_VASCULAR_ENDOTHELIAL_GROWTH_FACTOR_STIMULUS	go_bp	0	34	76	53	2920	1.000000e+00	1.000000e+00	
GOBP_CELL_SUBSTRATE_JUNCTION_ORGANIZATION	go_bp	0	34	103	53	2920	1.000000e+00	1.000000e+00	
GOBP_EYE_MORPHOGENESIS	go_bp	0	34	163	53	2920	1.000000e+00	1.000000e+00	
GOBP_MEMBRANE_LIPID_METABOLIC_PROCESS	go_bp	0	34	219	53	2920	1.000000e+00	1.000000e+00	
GOBP_MESONEPHROS_DEVELOPMENT	go_bp	0	34	105	53	2920	1.000000e+00	1.000000e+00	
GOBP_MORPHOGENESIS_OF_EMBRYONIC_EPITHELIUM	go_bp	0	34	150	53	2920	1.000000e+00	1.000000e+00	
GOBP_NEGATIVE_REGULATION_OF_HEMOPOIESIS	go_bp	0	34	117	53	2920	1.000000e+00	1.000000e+00	
GOBP_NEGATIVE_REGULATION_OF_INTRINSIC_APOPTOTIC_SIGNALING_PATHWAY	go_bp	0	34	113	53	2920	1.000000e+00	1.000000e+00	
GOBP_NEGATIVE_REGULATION_OF_LEUKOCYTE_MEDIATED_IMMUNITY	go_bp	0	34	71	53	2920	1.000000e+00	1.000000e+00	
GOBP_OLEFINIC_COMPOUND_METABOLIC_PROCESS	go_bp	0	34	162	53	2920	1.000000e+00	1.000000e+00	
GOBP_POSITIVE_REGULATION_OF_INTRACELLULAR_TRANSPORT	go_bp	0	34	140	53	2920	1.000000e+00	1.000000e+00	
GOBP_POSITIVE_REGULATION_OF_PHAGOCYTOSIS	go_bp	0	34	73	53	2920	1.000000e+00	1.000000e+00	
GOBP_POTASSIUM_ION_TRANSPORT	go_bp	0	34	247	53	2920	1.000000e+00	1.000000e+00	
GOBP_PRODUCTION_OF_MOLECULAR_MEDIATOR_INVOLVED_IN_INFLAMMATORY_RESPONSE	go_bp	0	34	110	53	2920	1.000000e+00	1.000000e+00	
GOBP_REGULATION_OF_PLASMA_LIPOPROTEIN_PARTICLE_LEVELS	go_bp	0	34	92	53	2920	1.000000e+00	1.000000e+00	
GOBP_REGULATION_OF_STEROID_METABOLIC_PROCESS	go_bp	0	34	104	53	2920	1.000000e+00	1.000000e+00	
GOBP_SIGNAL_TRANSDUCTION_BY_P53_CLASS_MEDIATOR	go_bp	0	34	178	53	2920	1.000000e+00	1.000000e+00	
GOBP_SIGNAL_TRANSDUCTION_IN_RESPONSE_TO_DNA_DAMAGE	go_bp	0	34	189	53	2920	1.000000e+00	1.000000e+00	
GOBP_NEGATIVE_REGULATION_OF_PROTEIN_MODIFICATION_PROCESS	go_bp	0	94	418	53	2920	1.000000e+00	1.000000e+00	
GOBP_CELL_CYCLE_PHASE_TRANSITION	go_bp	0	87	563	53	2920	1.000000e+00	1.000000e+00	
GOBP_MAINTENANCE_OF_LOCATION	go_bp	0	87	344	53	2920	1.000000e+00	1.000000e+00	
GOBP_DEFENSE_RESPONSE_TO_GRAM_POSITIVE_BACTERIUM	go_bp	0	44	122	53	2920	1.000000e+00	1.000000e+00	
GOBP_GLYCEROPHOSPHOLIPID_METABOLIC_PROCESS	go_bp	0	44	309	53	2920	1.000000e+00	1.000000e+00	
GOBP_REGULATION_OF_CARBOHYDRATE_METABOLIC_PROCESS	go_bp	0	44	184	53	2920	1.000000e+00	1.000000e+00	
GOBP_REGULATION_OF_CELL_CYCLE_G1_S_PHASE_TRANSITION	go_bp	0	44	213	53	2920	1.000000e+00	1.000000e+00	
GOBP_REGULATION_OF_MYELOID_LEUKOCYTE_DIFFERENTIATION	go_bp	0	44	127	53	2920	1.000000e+00	1.000000e+00	
GOBP_REGULATION_OF_VIRAL_PROCESS	go_bp	0	44	168	53	2920	1.000000e+00	1.000000e+00	
GOBP_RNA_CATABOLIC_PROCESS	go_bp	0	44	405	53	2920	1.000000e+00	1.000000e+00	
GOBP_CELLULAR_RESPONSE_TO_TOXIC_SUBSTANCE	go_bp	0	36	134	53	2920	1.000000e+00	1.000000e+00	
GOBP_DETOXIFICATION	go_bp	0	36	163	53	2920	1.000000e+00	1.000000e+00	
GOBP_ERYTHROCYTE_HOMEOSTASIS	go_bp	0	36	147	53	2920	1.000000e+00	1.000000e+00	
GOBP_NATURAL_KILLER_CELL_ACTIVATION	go_bp	0	36	98	53	2920	1.000000e+00	1.000000e+00	
GOBP_NATURAL_KILLER_CELL_MEDIATED_IMMUNITY	go_bp	0	36	84	53	2920	1.000000e+00	1.000000e+00	
GOBP_NEGATIVE_REGULATION_OF_MITOTIC_CELL_CYCLE	go_bp	0	36	251	53	2920	1.000000e+00	1.000000e+00	
GOBP_POSITIVE_REGULATION_OF_CALCIUM_ION_TRANSPORT	go_bp	0	36	117	53	2920	1.000000e+00	1.000000e+00	
GOBP_REGULATION_OF_INTRACELLULAR_PROTEIN_TRANSPORT	go_bp	0	36	148	53	2920	1.000000e+00	1.000000e+00	
GOBP_REGULATION_OF_PROTEIN_BINDING	go_bp	0	36	124	53	2920	1.000000e+00	1.000000e+00	
GOBP_CELLULAR_RESPONSE_TO_ABIOTIC_STIMULUS	go_bp	0	95	337	53	2920	1.000000e+00	1.000000e+00	
GOBP_PHAGOCYTOSIS	go_bp	0	95	241	53	2920	1.000000e+00	1.000000e+00	
GOBP_SMALL_MOLECULE_CATABOLIC_PROCESS	go_bp	0	93	380	53	2920	1.000000e+00	1.000000e+00	
GOBP_TRANSLATION	go_bp	0	92	754	53	2920	1.000000e+00	1.000000e+00	
GOBP_ALPHA_BETA_T_CELL_DIFFERENTIATION	go_bp	0	35	127	53	2920	1.000000e+00	1.000000e+00	
GOBP_CELLULAR_RESPONSE_TO_STARVATION	go_bp	0	35	173	53	2920	1.000000e+00	1.000000e+00	
GOBP_DOUBLE_STRAND_BREAK_REPAIR	go_bp	0	35	318	53	2920	1.000000e+00	1.000000e+00	
GOBP_EXTRACELLULAR_MATRIX_DISASSEMBLY	go_bp	0	35	66	53	2920	1.000000e+00	1.000000e+00	
GOBP_IMPORT_INTO_NUCLEUS	go_bp	0	35	168	53	2920	1.000000e+00	1.000000e+00	
GOBP_NEGATIVE_REGULATION_OF_EXTRINSIC_APOPTOTIC_SIGNALING_PATHWAY	go_bp	0	35	100	53	2920	1.000000e+00	1.000000e+00	
GOBP_NEGATIVE_REGULATION_OF_SUPRAMOLECULAR_FIBER_ORGANIZATION	go_bp	0	35	168	53	2920	1.000000e+00	1.000000e+00	
GOBP_POSITIVE_REGULATION_OF_PROTEIN_LOCALIZATION_TO_MEMBRANE	go_bp	0	35	105	53	2920	1.000000e+00	1.000000e+00	
GOBP_PURINE_CONTAINING_COMPOUND_CATABOLIC_PROCESS	go_bp	0	35	153	53	2920	1.000000e+00	1.000000e+00	
GOBP_REGULATION_OF_MITOCHONDRION_ORGANIZATION	go_bp	0	35	149	53	2920	1.000000e+00	1.000000e+00	
GOBP_REGULATION_OF_NERVOUS_SYSTEM_PROCESS	go_bp	0	35	120	53	2920	1.000000e+00	1.000000e+00	
GOBP_RESPONSE_TO_TOPOLOGICALLY_INCORRECT_PROTEIN	go_bp	0	35	154	53	2920	1.000000e+00	1.000000e+00	
GOBP_STEROL_TRANSPORT	go_bp	0	35	128	53	2920	1.000000e+00	1.000000e+00	
GOBP_GLUCOSE_METABOLIC_PROCESS	go_bp	0	45	193	53	2920	1.000000e+00	1.000000e+00	
GOBP_REGULATION_OF_RECEPTOR_MEDIATED_ENDOCYTOSIS	go_bp	0	45	121	53	2920	1.000000e+00	1.000000e+00	
GOBP_CHONDROCYTE_DIFFERENTIATION	go_bp	0	33	116	53	2920	1.000000e+00	1.000000e+00	
GOBP_EPITHELIAL_TUBE_FORMATION	go_bp	0	33	135	53	2920	1.000000e+00	1.000000e+00	
GOBP_EXTRINSIC_APOPTOTIC_SIGNALING_PATHWAY_VIA_DEATH_DOMAIN_RECEPTORS	go_bp	0	33	84	53	2920	1.000000e+00	1.000000e+00	
GOBP_INFLAMMATORY_RESPONSE_TO_ANTIGENIC_STIMULUS	go_bp	0	33	83	53	2920	1.000000e+00	1.000000e+00	
GOBP_INTRINSIC_APOPTOTIC_SIGNALING_PATHWAY_IN_RESPONSE_TO_DNA_DAMAGE	go_bp	0	33	102	53	2920	1.000000e+00	1.000000e+00	
GOBP_POSITIVE_REGULATION_OF_CANONICAL_WNT_SIGNALING_PATHWAY	go_bp	0	33	113	53	2920	1.000000e+00	1.000000e+00	
GOBP_POSITIVE_REGULATION_OF_CELL_KILLING	go_bp	0	33	77	53	2920	1.000000e+00	1.000000e+00	
GOBP_PROTEIN_POLYUBIQUITINATION	go_bp	0	33	274	53	2920	1.000000e+00	1.000000e+00	
GOBP_REGULATION_OF_B_CELL_PROLIFERATION	go_bp	0	33	65	53	2920	1.000000e+00	1.000000e+00	
GOBP_REGULATION_OF_EPITHELIAL_TO_MESENCHYMAL_TRANSITION	go_bp	0	33	123	53	2920	1.000000e+00	1.000000e+00	
GOBP_REGULATION_OF_FIBROBLAST_PROLIFERATION	go_bp	0	33	91	53	2920	1.000000e+00	1.000000e+00	
GOBP_REGULATION_OF_UBIQUITIN_DEPENDENT_PROTEIN_CATABOLIC_PROCESS	go_bp	0	33	168	53	2920	1.000000e+00	1.000000e+00	
GOBP_RETINA_DEVELOPMENT_IN_CAMERA_TYPE_EYE	go_bp	0	33	161	53	2920	1.000000e+00	1.000000e+00	
GOBP_SENSORY_PERCEPTION_OF_MECHANICAL_STIMULUS	go_bp	0	33	186	53	2920	1.000000e+00	1.000000e+00	
GOBP_SUBSTRATE_ADHESION_DEPENDENT_CELL_SPREADING	go_bp	0	33	101	53	2920	1.000000e+00	1.000000e+00	
GOBP_ACUTE_INFLAMMATORY_RESPONSE	go_bp	0	50	108	53	2920	1.000000e+00	1.000000e+00	
GOBP_ALPHA_AMINO_ACID_METABOLIC_PROCESS	go_bp	0	50	216	53	2920	1.000000e+00	1.000000e+00	
GOBP_REGULATION_OF_PROTEOLYSIS_INVOLVED_IN_PROTEIN_CATABOLIC_PROCESS	go_bp	0	50	229	53	2920	1.000000e+00	1.000000e+00	
GOBP_CELL_CYCLE_G1_S_PHASE_TRANSITION	go_bp	0	53	266	53	2920	1.000000e+00	1.000000e+00	
GOBP_NEGATIVE_REGULATION_OF_LEUKOCYTE_PROLIFERATION	go_bp	0	53	99	53	2920	1.000000e+00	1.000000e+00	
GOBP_REGULATION_OF_BINDING	go_bp	0	53	229	53	2920	1.000000e+00	1.000000e+00	
GOBP_REGULATION_OF_PROTEIN_POLYMERIZATION	go_bp	0	53	203	53	2920	1.000000e+00	1.000000e+00	
GOBP_ACTIVATION_OF_INNATE_IMMUNE_RESPONSE	go_bp	0	78	312	53	2920	1.000000e+00	1.000000e+00	
GOBP_MODIFICATION_DEPENDENT_MACROMOLECULE_CATABOLIC_PROCESS	go_bp	0	78	624	53	2920	1.000000e+00	1.000000e+00	
GOBP_ORGANIC_HYDROXY_COMPOUND_METABOLIC_PROCESS	go_bp	0	128	566	53	2920	1.000000e+00	1.000000e+00	
GOBP_ESTABLISHMENT_OR_MAINTENANCE_OF_CELL_POLARITY	go_bp	0	49	228	53	2920	1.000000e+00	1.000000e+00	
GOBP_MALE_GAMETE_GENERATION	go_bp	0	79	658	53	2920	1.000000e+00	1.000000e+00	
GOBP_CARBOHYDRATE_BIOSYNTHETIC_PROCESS	go_bp	0	48	208	53	2920	1.000000e+00	1.000000e+00	
GOBP_ESTABLISHMENT_OF_PROTEIN_LOCALIZATION_TO_MEMBRANE	go_bp	0	48	279	53	2920	1.000000e+00	1.000000e+00	
GOBP_LOCOMOTORY_BEHAVIOR	go_bp	0	48	204	53	2920	1.000000e+00	1.000000e+00	
GOBP_NEGATIVE_REGULATION_OF_TRANSFERASE_ACTIVITY	go_bp	0	48	210	53	2920	1.000000e+00	1.000000e+00	
GOBP_PROTEIN_TARGETING	go_bp	0	48	329	53	2920	1.000000e+00	1.000000e+00	
GOBP_REGULATION_OF_LIPID_BIOSYNTHETIC_PROCESS	go_bp	0	48	189	53	2920	1.000000e+00	1.000000e+00	
GOBP_POST_TRANSCRIPTIONAL_REGULATION_OF_GENE_EXPRESSION	go_bp	0	85	1097	53	2920	1.000000e+00	1.000000e+00	
GOBP_POSITIVE_REGULATION_OF_CELL_SUBSTRATE_ADHESION	go_bp	0	54	124	53	2920	1.000000e+00	1.000000e+00	
GOBP_REGULATION_OF_EXTRINSIC_APOPTOTIC_SIGNALING_PATHWAY	go_bp	0	54	157	53	2920	1.000000e+00	1.000000e+00	
GOBP_REGULATION_OF_INTRINSIC_APOPTOTIC_SIGNALING_PATHWAY	go_bp	0	54	189	53	2920	1.000000e+00	1.000000e+00	
GOBP_NEGATIVE_REGULATION_OF_PHOSPHORYLATION	go_bp	0	80	311	53	2920	1.000000e+00	1.000000e+00	
GOBP_PROTEIN_MODIFICATION_BY_SMALL_PROTEIN_CONJUGATION	go_bp	0	80	847	53	2920	1.000000e+00	1.000000e+00	
GOBP_PROTEIN_AUTOPHOSPHORYLATION	go_bp	0	52	190	53	2920	1.000000e+00	1.000000e+00	
GOBP_CELLULAR_MODIFIED_AMINO_ACID_METABOLIC_PROCESS	go_bp	0	47	192	53	2920	1.000000e+00	1.000000e+00	
GOBP_CELLULAR_RESPONSE_TO_INSULIN_STIMULUS	go_bp	0	47	214	53	2920	1.000000e+00	1.000000e+00	
GOBP_CELLULAR_RESPONSE_TO_RADIATION	go_bp	0	47	182	53	2920	1.000000e+00	1.000000e+00	
GOBP_DIGESTION	go_bp	0	47	139	53	2920	1.000000e+00	1.000000e+00	
GOBP_POSTSYNAPSE_ORGANIZATION	go_bp	0	47	201	53	2920	1.000000e+00	1.000000e+00	
GOBP_REGULATION_OF_ORGANELLE_ASSEMBLY	go_bp	0	47	251	53	2920	1.000000e+00	1.000000e+00	
GOBP_REGULATION_OF_REACTIVE_OXYGEN_SPECIES_METABOLIC_PROCESS	go_bp	0	47	148	53	2920	1.000000e+00	1.000000e+00	
GOBP_CELLULAR_RESPONSE_TO_LIGHT_STIMULUS	go_bp	0	32	122	53	2920	1.000000e+00	1.000000e+00	
GOBP_CYTOKINESIS	go_bp	0	32	189	53	2920	1.000000e+00	1.000000e+00	
GOBP_DNA_BIOSYNTHETIC_PROCESS	go_bp	0	32	192	53	2920	1.000000e+00	1.000000e+00	
GOBP_INTERLEUKIN_2_PRODUCTION	go_bp	0	32	65	53	2920	1.000000e+00	1.000000e+00	
GOBP_NEGATIVE_REGULATION_OF_MONOATOMIC_ION_TRANSPORT	go_bp	0	32	132	53	2920	1.000000e+00	1.000000e+00	
GOBP_NEGATIVE_REGULATION_OF_TRANSMEMBRANE_TRANSPORT	go_bp	0	32	146	53	2920	1.000000e+00	1.000000e+00	
GOBP_NEURAL_TUBE_DEVELOPMENT	go_bp	0	32	158	53	2920	1.000000e+00	1.000000e+00	
GOBP_NEUTRAL_LIPID_METABOLIC_PROCESS	go_bp	0	32	138	53	2920	1.000000e+00	1.000000e+00	
GOBP_NUCLEOSIDE_DIPHOSPHATE_METABOLIC_PROCESS	go_bp	0	32	129	53	2920	1.000000e+00	1.000000e+00	
GOBP_POSITIVE_REGULATION_OF_PEPTIDYL_SERINE_PHOSPHORYLATION	go_bp	0	32	88	53	2920	1.000000e+00	1.000000e+00	
GOBP_REGULATION_OF_CHROMOSOME_ORGANIZATION	go_bp	0	32	248	53	2920	1.000000e+00	1.000000e+00	
GOBP_REGULATION_OF_MACROAUTOPHAGY	go_bp	0	32	184	53	2920	1.000000e+00	1.000000e+00	
GOBP_REGULATION_OF_PROTEIN_LOCALIZATION_TO_PLASMA_MEMBRANE	go_bp	0	32	109	53	2920	1.000000e+00	1.000000e+00	
GOBP_ACTIN_FILAMENT_SEVERING	go_bp	0	6	16	53	2920	1.000000e+00	1.000000e+00	
GOBP_ADRENERGIC_RECEPTOR_SIGNALING_PATHWAY	go_bp	0	6	34	53	2920	1.000000e+00	1.000000e+00	
GOBP_ALDEHYDE_BIOSYNTHETIC_PROCESS	go_bp	0	6	18	53	2920	1.000000e+00	1.000000e+00	
GOBP_ALDITOL_METABOLIC_PROCESS	go_bp	0	6	23	53	2920	1.000000e+00	1.000000e+00	
GOBP_AMIDE_CATABOLIC_PROCESS	go_bp	0	6	16	53	2920	1.000000e+00	1.000000e+00	
GOBP_AMINE_CATABOLIC_PROCESS	go_bp	0	6	21	53	2920	1.000000e+00	1.000000e+00	
GOBP_ANATOMICAL_STRUCTURE_ARRANGEMENT	go_bp	0	6	17	53	2920	1.000000e+00	1.000000e+00	
GOBP_ANTIBACTERIAL_PEPTIDE_PRODUCTION	go_bp	0	6	10	53	2920	1.000000e+00	1.000000e+00	
GOBP_ANTIFUNGAL_INNATE_IMMUNE_RESPONSE	go_bp	0	6	23	53	2920	1.000000e+00	1.000000e+00	
GOBP_ANTIGEN_PROCESSING_AND_PRESENTATION_OF_ENDOGENOUS_PEPTIDE_ANTIGEN	go_bp	0	6	25	53	2920	1.000000e+00	1.000000e+00	
GOBP_ANTIGEN_PROCESSING_AND_PRESENTATION_VIA_MHC_CLASS_IB	go_bp	0	6	25	53	2920	1.000000e+00	1.000000e+00	
GOBP_AROMATIC_AMINO_ACID_METABOLIC_PROCESS	go_bp	0	6	32	53	2920	1.000000e+00	1.000000e+00	
GOBP_BARBED_END_ACTIN_FILAMENT_CAPPING	go_bp	0	6	25	53	2920	1.000000e+00	1.000000e+00	
GOBP_BONE_CELL_DEVELOPMENT	go_bp	0	6	19	53	2920	1.000000e+00	1.000000e+00	
GOBP_BONE_TRABECULA_MORPHOGENESIS	go_bp	0	6	14	53	2920	1.000000e+00	1.000000e+00	
GOBP_BRANCHED_CHAIN_AMINO_ACID_METABOLIC_PROCESS	go_bp	0	6	28	53	2920	1.000000e+00	1.000000e+00	
GOBP_BRANCHING_INVOLVED_IN_LABYRINTHINE_LAYER_MORPHOGENESIS	go_bp	0	6	13	53	2920	1.000000e+00	1.000000e+00	
GOBP_BRONCHUS_DEVELOPMENT	go_bp	0	6	11	53	2920	1.000000e+00	1.000000e+00	
GOBP_CALCIUM_ION_TRANSMEMBRANE_TRANSPORT_VIA_HIGH_VOLTAGE_GATED_CALCIUM_CHANNEL	go_bp	0	6	21	53	2920	1.000000e+00	1.000000e+00	
GOBP_CARBOHYDRATE_PHOSPHORYLATION	go_bp	0	6	23	53	2920	1.000000e+00	1.000000e+00	
GOBP_CARDIAC_MUSCLE_CELL_MEMBRANE_REPOLARIZATION	go_bp	0	6	41	53	2920	1.000000e+00	1.000000e+00	
GOBP_CELLULAR_COMPONENT_DISASSEMBLY_INVOLVED_IN_EXECUTION_PHASE_OF_APOPTOSIS	go_bp	0	6	33	53	2920	1.000000e+00	1.000000e+00	
GOBP_CELLULAR_HYPEROSMOTIC_RESPONSE	go_bp	0	6	20	53	2920	1.000000e+00	1.000000e+00	
GOBP_CELLULAR_RESPONSE_TO_CADMIUM_ION	go_bp	0	6	38	53	2920	1.000000e+00	1.000000e+00	
GOBP_CELLULAR_RESPONSE_TO_EXOGENOUS_DSRNA	go_bp	0	6	17	53	2920	1.000000e+00	1.000000e+00	
GOBP_CELLULAR_RESPONSE_TO_FLUID_SHEAR_STRESS	go_bp	0	6	21	53	2920	1.000000e+00	1.000000e+00	
GOBP_CELLULAR_RESPONSE_TO_GAMMA_RADIATION	go_bp	0	6	27	53	2920	1.000000e+00	1.000000e+00	
GOBP_CELLULAR_RESPONSE_TO_MACROPHAGE_COLONY_STIMULATING_FACTOR_STIMULUS	go_bp	0	6	13	53	2920	1.000000e+00	1.000000e+00	
GOBP_CELLULAR_RESPONSE_TO_POTASSIUM_ION	go_bp	0	6	13	53	2920	1.000000e+00	1.000000e+00	
GOBP_CELLULAR_RESPONSE_TO_THYROID_HORMONE_STIMULUS	go_bp	0	6	12	53	2920	1.000000e+00	1.000000e+00	
GOBP_CELL_CELL_SIGNALING_INVOLVED_IN_CARDIAC_CONDUCTION	go_bp	0	6	34	53	2920	1.000000e+00	1.000000e+00	
GOBP_CELL_FATE_COMMITMENT_INVOLVED_IN_FORMATION_OF_PRIMARY_GERM_LAYER	go_bp	0	6	33	53	2920	1.000000e+00	1.000000e+00	
GOBP_CELL_FATE_DETERMINATION	go_bp	0	6	42	53	2920	1.000000e+00	1.000000e+00	
GOBP_CEREBELLAR_CORTEX_FORMATION	go_bp	0	6	26	53	2920	1.000000e+00	1.000000e+00	
GOBP_CEREBELLAR_GRANULAR_LAYER_DEVELOPMENT	go_bp	0	6	13	53	2920	1.000000e+00	1.000000e+00	
GOBP_CHAPERONE_COFACTOR_DEPENDENT_PROTEIN_REFOLDING	go_bp	0	6	32	53	2920	1.000000e+00	1.000000e+00	
GOBP_CHONDROCYTE_DIFFERENTIATION_INVOLVED_IN_ENDOCHONDRAL_BONE_MORPHOGENESIS	go_bp	0	6	14	53	2920	1.000000e+00	1.000000e+00	
GOBP_CHONDROCYTE_PROLIFERATION	go_bp	0	6	26	53	2920	1.000000e+00	1.000000e+00	
GOBP_CIRCADIAN_SLEEP_WAKE_CYCLE_SLEEP	go_bp	0	6	16	53	2920	1.000000e+00	1.000000e+00	
GOBP_COLLECTING_DUCT_DEVELOPMENT	go_bp	0	6	15	53	2920	1.000000e+00	1.000000e+00	
GOBP_COMMISSURAL_NEURON_AXON_GUIDANCE	go_bp	0	6	13	53	2920	1.000000e+00	1.000000e+00	
GOBP_CONNECTIVE_TISSUE_REPLACEMENT	go_bp	0	6	22	53	2920	1.000000e+00	1.000000e+00	
GOBP_COPULATION	go_bp	0	6	19	53	2920	1.000000e+00	1.000000e+00	
GOBP_CORTICAL_ACTIN_CYTOSKELETON_ORGANIZATION	go_bp	0	6	43	53	2920	1.000000e+00	1.000000e+00	
GOBP_CYTOPLASMIC_TRANSLATIONAL_INITIATION	go_bp	0	6	44	53	2920	1.000000e+00	1.000000e+00	
GOBP_DENDRITIC_CELL_ANTIGEN_PROCESSING_AND_PRESENTATION	go_bp	0	6	16	53	2920	1.000000e+00	1.000000e+00	
GOBP_DEOXYRIBONUCLEOSIDE_MONOPHOSPHATE_CATABOLIC_PROCESS	go_bp	0	6	14	53	2920	1.000000e+00	1.000000e+00	
GOBP_DEOXYRIBONUCLEOSIDE_TRIPHOSPHATE_METABOLIC_PROCESS	go_bp	0	6	9	53	2920	1.000000e+00	1.000000e+00	
GOBP_DEOXYRIBONUCLEOTIDE_BIOSYNTHETIC_PROCESS	go_bp	0	6	14	53	2920	1.000000e+00	1.000000e+00	
GOBP_DETECTION_OF_MECHANICAL_STIMULUS_INVOLVED_IN_SENSORY_PERCEPTION	go_bp	0	6	36	53	2920	1.000000e+00	1.000000e+00	
GOBP_DIACYLGLYCEROL_METABOLIC_PROCESS	go_bp	0	6	27	53	2920	1.000000e+00	1.000000e+00	
GOBP_DNA_TEMPLATED_DNA_REPLICATION_MAINTENANCE_OF_FIDELITY	go_bp	0	6	59	53	2920	1.000000e+00	1.000000e+00	
GOBP_DOPAMINE_BIOSYNTHETIC_PROCESS	go_bp	0	6	12	53	2920	1.000000e+00	1.000000e+00	
GOBP_ECTODERM_DEVELOPMENT	go_bp	0	6	21	53	2920	1.000000e+00	1.000000e+00	
GOBP_ELASTIN_METABOLIC_PROCESS	go_bp	0	6	9	53	2920	1.000000e+00	1.000000e+00	
GOBP_EMBRYONIC_BODY_MORPHOGENESIS	go_bp	0	6	12	53	2920	1.000000e+00	1.000000e+00	
GOBP_ENDOPLASMIC_RETICULUM_CALCIUM_ION_HOMEOSTASIS	go_bp	0	6	25	53	2920	1.000000e+00	1.000000e+00	
GOBP_ENDOPLASMIC_RETICULUM_TO_CYTOSOL_TRANSPORT	go_bp	0	6	28	53	2920	1.000000e+00	1.000000e+00	
GOBP_ESTABLISHMENT_OF_EPITHELIAL_CELL_APICAL_BASAL_POLARITY	go_bp	0	6	19	53	2920	1.000000e+00	1.000000e+00	
GOBP_ESTABLISHMENT_OF_PROTEIN_LOCALIZATION_TO_MITOCHONDRIAL_MEMBRANE	go_bp	0	6	35	53	2920	1.000000e+00	1.000000e+00	
GOBP_ESTABLISHMENT_OF_SPINDLE_ORIENTATION	go_bp	0	6	42	53	2920	1.000000e+00	1.000000e+00	
GOBP_ESTABLISHMENT_OF_TISSUE_POLARITY	go_bp	0	6	37	53	2920	1.000000e+00	1.000000e+00	
GOBP_EXTRACELLULAR_MATRIX_CONSTITUENT_SECRETION	go_bp	0	6	13	53	2920	1.000000e+00	1.000000e+00	
GOBP_FATTY_ACID_DERIVATIVE_BIOSYNTHETIC_PROCESS	go_bp	0	6	52	53	2920	1.000000e+00	1.000000e+00	
GOBP_FEMALE_GENITALIA_DEVELOPMENT	go_bp	0	6	19	53	2920	1.000000e+00	1.000000e+00	
GOBP_FEVER_GENERATION	go_bp	0	6	11	53	2920	1.000000e+00	1.000000e+00	
GOBP_G1_TO_G0_TRANSITION	go_bp	0	6	19	53	2920	1.000000e+00	1.000000e+00	
GOBP_GAP_JUNCTION_ASSEMBLY	go_bp	0	6	18	53	2920	1.000000e+00	1.000000e+00	
GOBP_GLANDULAR_EPITHELIAL_CELL_DEVELOPMENT	go_bp	0	6	36	53	2920	1.000000e+00	1.000000e+00	
GOBP_GLOMERULUS_MORPHOGENESIS	go_bp	0	6	9	53	2920	1.000000e+00	1.000000e+00	
GOBP_GLUCOSAMINE_CONTAINING_COMPOUND_CATABOLIC_PROCESS	go_bp	0	6	9	53	2920	1.000000e+00	1.000000e+00	
GOBP_GLUTAMATE_RECEPTOR_SIGNALING_PATHWAY	go_bp	0	6	52	53	2920	1.000000e+00	1.000000e+00	
GOBP_GMP_METABOLIC_PROCESS	go_bp	0	6	28	53	2920	1.000000e+00	1.000000e+00	
GOBP_GOLGI_TO_VACUOLE_TRANSPORT	go_bp	0	6	20	53	2920	1.000000e+00	1.000000e+00	
GOBP_HEAT_GENERATION	go_bp	0	6	18	53	2920	1.000000e+00	1.000000e+00	
GOBP_HOMOLOGOUS_CHROMOSOME_SEGREGATION	go_bp	0	6	67	53	2920	1.000000e+00	1.000000e+00	
GOBP_IMPORT_INTO_THE_MITOCHONDRION	go_bp	0	6	50	53	2920	1.000000e+00	1.000000e+00	
GOBP_INDOLE_CONTAINING_COMPOUND_METABOLIC_PROCESS	go_bp	0	6	24	53	2920	1.000000e+00	1.000000e+00	
GOBP_INHIBITORY_SYNAPSE_ASSEMBLY	go_bp	0	6	27	53	2920	1.000000e+00	1.000000e+00	
GOBP_INNER_MITOCHONDRIAL_MEMBRANE_ORGANIZATION	go_bp	0	6	45	53	2920	1.000000e+00	1.000000e+00	
GOBP_INOSITOL_PHOSPHATE_BIOSYNTHETIC_PROCESS	go_bp	0	6	26	53	2920	1.000000e+00	1.000000e+00	
GOBP_INTERLEUKIN_6_MEDIATED_SIGNALING_PATHWAY	go_bp	0	6	26	53	2920	1.000000e+00	1.000000e+00	
GOBP_INTESTINAL_EPITHELIAL_CELL_DEVELOPMENT	go_bp	0	6	18	53	2920	1.000000e+00	1.000000e+00	
GOBP_INTRACELLULAR_SODIUM_ION_HOMEOSTASIS	go_bp	0	6	22	53	2920	1.000000e+00	1.000000e+00	
GOBP_I_KAPPAB_PHOSPHORYLATION	go_bp	0	6	16	53	2920	1.000000e+00	1.000000e+00	
GOBP_LACTATE_METABOLIC_PROCESS	go_bp	0	6	18	53	2920	1.000000e+00	1.000000e+00	
GOBP_LAMELLIPODIUM_MORPHOGENESIS	go_bp	0	6	18	53	2920	1.000000e+00	1.000000e+00	
GOBP_LATERAL_MESODERM_DEVELOPMENT	go_bp	0	6	18	53	2920	1.000000e+00	1.000000e+00	
GOBP_LATE_ENDOSOME_TO_VACUOLE_TRANSPORT_VIA_MULTIVESICULAR_BODY_SORTING_PATHWAY	go_bp	0	6	27	53	2920	1.000000e+00	1.000000e+00	
GOBP_LEUKOTRIENE_BIOSYNTHETIC_PROCESS	go_bp	0	6	21	53	2920	1.000000e+00	1.000000e+00	
GOBP_LIGAND_GATED_ION_CHANNEL_SIGNALING_PATHWAY	go_bp	0	6	32	53	2920	1.000000e+00	1.000000e+00	
GOBP_LIPOPROTEIN_CATABOLIC_PROCESS	go_bp	0	6	15	53	2920	1.000000e+00	1.000000e+00	
GOBP_MAMMARY_GLAND_EPITHELIAL_CELL_DIFFERENTIATION	go_bp	0	6	17	53	2920	1.000000e+00	1.000000e+00	
GOBP_MEMBRANE_DEPOLARIZATION_DURING_CARDIAC_MUSCLE_CELL_ACTION_POTENTIAL	go_bp	0	6	22	53	2920	1.000000e+00	1.000000e+00	
GOBP_MEMBRANE_RAFT_ORGANIZATION	go_bp	0	6	26	53	2920	1.000000e+00	1.000000e+00	
GOBP_METANEPHRIC_NEPHRON_MORPHOGENESIS	go_bp	0	6	24	53	2920	1.000000e+00	1.000000e+00	
GOBP_METHIONINE_METABOLIC_PROCESS	go_bp	0	6	16	53	2920	1.000000e+00	1.000000e+00	
GOBP_MICROTUBULE_ANCHORING	go_bp	0	6	25	53	2920	1.000000e+00	1.000000e+00	
GOBP_MICROTUBULE_ORGANIZING_CENTER_LOCALIZATION	go_bp	0	6	32	53	2920	1.000000e+00	1.000000e+00	
GOBP_MICROVILLUS_ASSEMBLY	go_bp	0	6	22	53	2920	1.000000e+00	1.000000e+00	
GOBP_MINERALOCORTICOID_METABOLIC_PROCESS	go_bp	0	6	14	53	2920	1.000000e+00	1.000000e+00	
GOBP_MISMATCH_REPAIR	go_bp	0	6	35	53	2920	1.000000e+00	1.000000e+00	
GOBP_MITOCHONDRIAL_FUSION	go_bp	0	6	35	53	2920	1.000000e+00	1.000000e+00	
GOBP_MITOTIC_G2_DNA_DAMAGE_CHECKPOINT_SIGNALING	go_bp	0	6	37	53	2920	1.000000e+00	1.000000e+00	
GOBP_MITOTIC_SISTER_CHROMATID_SEPARATION	go_bp	0	6	63	53	2920	1.000000e+00	1.000000e+00	
GOBP_MODIFIED_AMINO_ACID_TRANSPORT	go_bp	0	6	42	53	2920	1.000000e+00	1.000000e+00	
GOBP_MRNA_TRANSCRIPTION	go_bp	0	6	50	53	2920	1.000000e+00	1.000000e+00	
GOBP_MUCUS_SECRETION	go_bp	0	6	19	53	2920	1.000000e+00	1.000000e+00	
GOBP_MULTICELLULAR_ORGANISMAL_LEVEL_IRON_ION_HOMEOSTASIS	go_bp	0	6	25	53	2920	1.000000e+00	1.000000e+00	
GOBP_MYOBLAST_MIGRATION	go_bp	0	6	13	53	2920	1.000000e+00	1.000000e+00	
GOBP_NADH_METABOLIC_PROCESS	go_bp	0	6	33	53	2920	1.000000e+00	1.000000e+00	
GOBP_NEGATIVE_REGULATION_BY_HOST_OF_VIRAL_TRANSCRIPTION	go_bp	0	6	14	53	2920	1.000000e+00	1.000000e+00	
GOBP_NEGATIVE_REGULATION_OF_ALCOHOL_BIOSYNTHETIC_PROCESS	go_bp	0	6	19	53	2920	1.000000e+00	1.000000e+00	
GOBP_NEGATIVE_REGULATION_OF_B_CELL_APOPTOTIC_PROCESS	go_bp	0	6	15	53	2920	1.000000e+00	1.000000e+00	
GOBP_NEGATIVE_REGULATION_OF_CALCIUM_MEDIATED_SIGNALING	go_bp	0	6	22	53	2920	1.000000e+00	1.000000e+00	
GOBP_NEGATIVE_REGULATION_OF_CELLULAR_EXTRAVASATION	go_bp	0	6	9	53	2920	1.000000e+00	1.000000e+00	
GOBP_NEGATIVE_REGULATION_OF_CELL_SUBSTRATE_JUNCTION_ORGANIZATION	go_bp	0	6	16	53	2920	1.000000e+00	1.000000e+00	
GOBP_NEGATIVE_REGULATION_OF_DEPHOSPHORYLATION	go_bp	0	6	31	53	2920	1.000000e+00	1.000000e+00	
GOBP_NEGATIVE_REGULATION_OF_FATTY_ACID_METABOLIC_PROCESS	go_bp	0	6	42	53	2920	1.000000e+00	1.000000e+00	
GOBP_NEGATIVE_REGULATION_OF_FIBROBLAST_GROWTH_FACTOR_RECEPTOR_SIGNALING_PATHWAY	go_bp	0	6	25	53	2920	1.000000e+00	1.000000e+00	
GOBP_NEGATIVE_REGULATION_OF_GLUCOSE_IMPORT	go_bp	0	6	16	53	2920	1.000000e+00	1.000000e+00	
GOBP_NEGATIVE_REGULATION_OF_IMMUNOGLOBULIN_PRODUCTION	go_bp	0	6	12	53	2920	1.000000e+00	1.000000e+00	
GOBP_NEGATIVE_REGULATION_OF_INTERLEUKIN_17_PRODUCTION	go_bp	0	6	23	53	2920	1.000000e+00	1.000000e+00	
GOBP_NEGATIVE_REGULATION_OF_INTRINSIC_APOPTOTIC_SIGNALING_PATHWAY_BY_P53_CLASS_MEDIATOR	go_bp	0	6	23	53	2920	1.000000e+00	1.000000e+00	
GOBP_NEGATIVE_REGULATION_OF_JNK_CASCADE	go_bp	0	6	35	53	2920	1.000000e+00	1.000000e+00	
GOBP_NEGATIVE_REGULATION_OF_KERATINOCYTE_PROLIFERATION	go_bp	0	6	24	53	2920	1.000000e+00	1.000000e+00	
GOBP_NEGATIVE_REGULATION_OF_LIPID_CATABOLIC_PROCESS	go_bp	0	6	28	53	2920	1.000000e+00	1.000000e+00	
GOBP_NEGATIVE_REGULATION_OF_LIPID_STORAGE	go_bp	0	6	22	53	2920	1.000000e+00	1.000000e+00	
GOBP_NEGATIVE_REGULATION_OF_MYELOID_LEUKOCYTE_MEDIATED_IMMUNITY	go_bp	0	6	11	53	2920	1.000000e+00	1.000000e+00	
GOBP_NEGATIVE_REGULATION_OF_NATURAL_KILLER_CELL_ACTIVATION	go_bp	0	6	10	53	2920	1.000000e+00	1.000000e+00	
GOBP_NEGATIVE_REGULATION_OF_NERVOUS_SYSTEM_PROCESS	go_bp	0	6	16	53	2920	1.000000e+00	1.000000e+00	
GOBP_NEGATIVE_REGULATION_OF_NON_CANONICAL_NF_KAPPAB_SIGNAL_TRANSDUCTION	go_bp	0	6	39	53	2920	1.000000e+00	1.000000e+00	
GOBP_NEGATIVE_REGULATION_OF_NOTCH_SIGNALING_PATHWAY	go_bp	0	6	39	53	2920	1.000000e+00	1.000000e+00	
GOBP_NEGATIVE_REGULATION_OF_ORGANIC_ACID_TRANSPORT	go_bp	0	6	23	53	2920	1.000000e+00	1.000000e+00	
GOBP_NEGATIVE_REGULATION_OF_OXIDOREDUCTASE_ACTIVITY	go_bp	0	6	22	53	2920	1.000000e+00	1.000000e+00	
GOBP_NEGATIVE_REGULATION_OF_POTASSIUM_ION_TRANSMEMBRANE_TRANSPORT	go_bp	0	6	30	53	2920	1.000000e+00	1.000000e+00	
GOBP_NEGATIVE_REGULATION_OF_RECEPTOR_BINDING	go_bp	0	6	12	53	2920	1.000000e+00	1.000000e+00	
GOBP_NEGATIVE_REGULATION_OF_RELEASE_OF_CYTOCHROME_C_FROM_MITOCHONDRIA	go_bp	0	6	20	53	2920	1.000000e+00	1.000000e+00	
GOBP_NEPHRIC_DUCT_DEVELOPMENT	go_bp	0	6	15	53	2920	1.000000e+00	1.000000e+00	
GOBP_NEURONAL_ACTION_POTENTIAL	go_bp	0	6	35	53	2920	1.000000e+00	1.000000e+00	
GOBP_NEURON_REMODELING	go_bp	0	6	15	53	2920	1.000000e+00	1.000000e+00	
GOBP_NEUROTRANSMITTER_RECEPTOR_TRANSPORT	go_bp	0	6	26	53	2920	1.000000e+00	1.000000e+00	
GOBP_NON_PROTEINOGENIC_AMINO_ACID_BIOSYNTHETIC_PROCESS	go_bp	0	6	17	53	2920	1.000000e+00	1.000000e+00	
GOBP_NOTOCHORD_DEVELOPMENT	go_bp	0	6	19	53	2920	1.000000e+00	1.000000e+00	
GOBP_NUCLEAR_MIGRATION	go_bp	0	6	25	53	2920	1.000000e+00	1.000000e+00	
GOBP_NUCLEOBASE_BIOSYNTHETIC_PROCESS	go_bp	0	6	18	53	2920	1.000000e+00	1.000000e+00	
GOBP_NUCLEOTIDE_BINDING_OLIGOMERIZATION_DOMAIN_CONTAINING_2_SIGNALING_PATHWAY	go_bp	0	6	19	53	2920	1.000000e+00	1.000000e+00	
GOBP_N_ACETYLGLUCOSAMINE_METABOLIC_PROCESS	go_bp	0	6	18	53	2920	1.000000e+00	1.000000e+00	
GOBP_ORGAN_INDUCTION	go_bp	0	6	22	53	2920	1.000000e+00	1.000000e+00	
GOBP_PARASYMPATHETIC_NERVOUS_SYSTEM_DEVELOPMENT	go_bp	0	6	19	53	2920	1.000000e+00	1.000000e+00	
GOBP_PERICYTE_CELL_DIFFERENTIATION	go_bp	0	6	11	53	2920	1.000000e+00	1.000000e+00	
GOBP_PHOSPHATE_ION_HOMEOSTASIS	go_bp	0	6	20	53	2920	1.000000e+00	1.000000e+00	
GOBP_PHOSPHATIDYLCHOLINE_BIOSYNTHETIC_PROCESS	go_bp	0	6	29	53	2920	1.000000e+00	1.000000e+00	
GOBP_PHOSPHATIDYLETHANOLAMINE_METABOLIC_PROCESS	go_bp	0	6	29	53	2920	1.000000e+00	1.000000e+00	
GOBP_PHOSPHATIDYLGLYCEROL_METABOLIC_PROCESS	go_bp	0	6	35	53	2920	1.000000e+00	1.000000e+00	
GOBP_POSITIVE_REGULATION_OF_ACROSOME_REACTION	go_bp	0	6	11	53	2920	1.000000e+00	1.000000e+00	
GOBP_POSITIVE_REGULATION_OF_ANTIGEN_RECEPTOR_MEDIATED_SIGNALING_PATHWAY	go_bp	0	6	29	53	2920	1.000000e+00	1.000000e+00	
GOBP_POSITIVE_REGULATION_OF_ASTROCYTE_DIFFERENTIATION	go_bp	0	6	13	53	2920	1.000000e+00	1.000000e+00	
GOBP_POSITIVE_REGULATION_OF_CAMP_MEDIATED_SIGNALING	go_bp	0	6	9	53	2920	1.000000e+00	1.000000e+00	
GOBP_POSITIVE_REGULATION_OF_CELLULAR_RESPIRATION	go_bp	0	6	13	53	2920	1.000000e+00	1.000000e+00	
GOBP_POSITIVE_REGULATION_OF_CELLULAR_RESPONSE_TO_TRANSFORMING_GROWTH_FACTOR_BETA_STIMULUS	go_bp	0	6	33	53	2920	1.000000e+00	1.000000e+00	
GOBP_POSITIVE_REGULATION_OF_CILIUM_ASSEMBLY	go_bp	0	6	31	53	2920	1.000000e+00	1.000000e+00	
GOBP_POSITIVE_REGULATION_OF_COA_TRANSFERASE_ACTIVITY	go_bp	0	6	8	53	2920	1.000000e+00	1.000000e+00	
GOBP_POSITIVE_REGULATION_OF_CORTICOSTEROID_HORMONE_SECRETION	go_bp	0	6	7	53	2920	1.000000e+00	1.000000e+00	
GOBP_POSITIVE_REGULATION_OF_DEFENSE_RESPONSE_TO_VIRUS_BY_HOST	go_bp	0	6	30	53	2920	1.000000e+00	1.000000e+00	
GOBP_POSITIVE_REGULATION_OF_EXECUTION_PHASE_OF_APOPTOSIS	go_bp	0	6	14	53	2920	1.000000e+00	1.000000e+00	
GOBP_POSITIVE_REGULATION_OF_HORMONE_BIOSYNTHETIC_PROCESS	go_bp	0	6	9	53	2920	1.000000e+00	1.000000e+00	
GOBP_POSITIVE_REGULATION_OF_MAST_CELL_CHEMOTAXIS	go_bp	0	6	6	53	2920	1.000000e+00	1.000000e+00	
GOBP_POSITIVE_REGULATION_OF_MRNA_CATABOLIC_PROCESS	go_bp	0	6	203	53	2920	1.000000e+00	1.000000e+00	
GOBP_POSITIVE_REGULATION_OF_NATURAL_KILLER_CELL_MEDIATED_IMMUNE_RESPONSE_TO_TUMOR_CELL	go_bp	0	6	7	53	2920	1.000000e+00	1.000000e+00	
GOBP_POSITIVE_REGULATION_OF_NON_CANONICAL_WNT_SIGNALING_PATHWAY	go_bp	0	6	15	53	2920	1.000000e+00	1.000000e+00	
GOBP_POSITIVE_REGULATION_OF_NUCLEOTIDE_BIOSYNTHETIC_PROCESS	go_bp	0	6	15	53	2920	1.000000e+00	1.000000e+00	
GOBP_POSITIVE_REGULATION_OF_OSTEOBLAST_PROLIFERATION	go_bp	0	6	13	53	2920	1.000000e+00	1.000000e+00	
GOBP_POSITIVE_REGULATION_OF_PEPTIDYL_THREONINE_PHOSPHORYLATION	go_bp	0	6	28	53	2920	1.000000e+00	1.000000e+00	
GOBP_POSITIVE_REGULATION_OF_PHOSPHATASE_ACTIVITY	go_bp	0	6	26	53	2920	1.000000e+00	1.000000e+00	
GOBP_POSITIVE_REGULATION_OF_PROTEIN_CONTAINING_COMPLEX_DISASSEMBLY	go_bp	0	6	37	53	2920	1.000000e+00	1.000000e+00	
GOBP_POSITIVE_REGULATION_OF_SMOOTHENED_SIGNALING_PATHWAY	go_bp	0	6	37	53	2920	1.000000e+00	1.000000e+00	
GOBP_POSITIVE_REGULATION_OF_SMOOTH_MUSCLE_CELL_APOPTOTIC_PROCESS	go_bp	0	6	20	53	2920	1.000000e+00	1.000000e+00	
GOBP_POSITIVE_REGULATION_OF_STRESS_ACTIVATED_PROTEIN_KINASE_SIGNALING_CASCADE	go_bp	0	6	22	53	2920	1.000000e+00	1.000000e+00	
GOBP_POSITIVE_REGULATION_OF_VACUOLE_ORGANIZATION	go_bp	0	6	25	53	2920	1.000000e+00	1.000000e+00	
GOBP_POSITIVE_REGULATION_OF_VESICLE_FUSION	go_bp	0	6	10	53	2920	1.000000e+00	1.000000e+00	
GOBP_PRIMARY_ALCOHOL_BIOSYNTHETIC_PROCESS	go_bp	0	6	14	53	2920	1.000000e+00	1.000000e+00	
GOBP_PRIMARY_MIRNA_PROCESSING	go_bp	0	6	19	53	2920	1.000000e+00	1.000000e+00	
GOBP_PROGESTERONE_METABOLIC_PROCESS	go_bp	0	6	16	53	2920	1.000000e+00	1.000000e+00	
GOBP_PROSTATE_GLAND_GROWTH	go_bp	0	6	11	53	2920	1.000000e+00	1.000000e+00	
GOBP_PROTEIN_LOCALIZATION_TO_CELL_CELL_JUNCTION	go_bp	0	6	22	53	2920	1.000000e+00	1.000000e+00	
GOBP_PROTEIN_LOCALIZATION_TO_GOLGI_APPARATUS	go_bp	0	6	31	53	2920	1.000000e+00	1.000000e+00	
GOBP_PROTEIN_LOCALIZATION_TO_MICROTUBULE_ORGANIZING_CENTER	go_bp	0	6	37	53	2920	1.000000e+00	1.000000e+00	
GOBP_PROTEIN_N_LINKED_GLYCOSYLATION	go_bp	0	6	72	53	2920	1.000000e+00	1.000000e+00	
GOBP_PROTEIN_PEPTIDYL_PROLYL_ISOMERIZATION	go_bp	0	6	25	53	2920	1.000000e+00	1.000000e+00	
GOBP_PROTEIN_SUMOYLATION	go_bp	0	6	68	53	2920	1.000000e+00	1.000000e+00	
GOBP_PURINE_CONTAINING_COMPOUND_SALVAGE	go_bp	0	6	15	53	2920	1.000000e+00	1.000000e+00	
GOBP_PURINE_DEOXYRIBONUCLEOTIDE_METABOLIC_PROCESS	go_bp	0	6	16	53	2920	1.000000e+00	1.000000e+00	
GOBP_PURINE_NUCLEOSIDE_BIOSYNTHETIC_PROCESS	go_bp	0	6	11	53	2920	1.000000e+00	1.000000e+00	
GOBP_PURINE_NUCLEOSIDE_MONOPHOSPHATE_CATABOLIC_PROCESS	go_bp	0	6	11	53	2920	1.000000e+00	1.000000e+00	
GOBP_RECEPTOR_MEDIATED_ENDOCYTOSIS_OF_VIRUS_BY_HOST_CELL	go_bp	0	6	11	53	2920	1.000000e+00	1.000000e+00	
GOBP_REGULATION_OF_ACTIVATION_OF_JANUS_KINASE_ACTIVITY	go_bp	0	6	8	53	2920	1.000000e+00	1.000000e+00	
GOBP_REGULATION_OF_ACUTE_INFLAMMATORY_RESPONSE_TO_ANTIGENIC_STIMULUS	go_bp	0	6	16	53	2920	1.000000e+00	1.000000e+00	
GOBP_REGULATION_OF_ANDROGEN_RECEPTOR_SIGNALING_PATHWAY	go_bp	0	6	29	53	2920	1.000000e+00	1.000000e+00	
GOBP_REGULATION_OF_ANGIOTENSIN_LEVELS_IN_BLOOD	go_bp	0	6	10	53	2920	1.000000e+00	1.000000e+00	
GOBP_REGULATION_OF_ANTIMICROBIAL_HUMORAL_RESPONSE	go_bp	0	6	12	53	2920	1.000000e+00	1.000000e+00	
GOBP_REGULATION_OF_ANTIMICROBIAL_PEPTIDE_PRODUCTION	go_bp	0	6	9	53	2920	1.000000e+00	1.000000e+00	
GOBP_REGULATION_OF_APOPTOTIC_CELL_CLEARANCE	go_bp	0	6	10	53	2920	1.000000e+00	1.000000e+00	
GOBP_REGULATION_OF_AXON_EXTENSION_INVOLVED_IN_AXON_GUIDANCE	go_bp	0	6	17	53	2920	1.000000e+00	1.000000e+00	
GOBP_REGULATION_OF_BLOOD_VESSEL_REMODELING	go_bp	0	6	12	53	2920	1.000000e+00	1.000000e+00	
GOBP_REGULATION_OF_CALCIUM_ION_TRANSPORT_INTO_CYTOSOL	go_bp	0	6	18	53	2920	1.000000e+00	1.000000e+00	
GOBP_REGULATION_OF_CAMP_DEPENDENT_PROTEIN_KINASE_ACTIVITY	go_bp	0	6	13	53	2920	1.000000e+00	1.000000e+00	
GOBP_REGULATION_OF_CARDIAC_EPITHELIAL_TO_MESENCHYMAL_TRANSITION	go_bp	0	6	14	53	2920	1.000000e+00	1.000000e+00	
GOBP_REGULATION_OF_CARDIAC_MUSCLE_CONTRACTION_BY_REGULATION_OF_THE_RELEASE_OF_SEQUESTERED_CALCIUM_ION	go_bp	0	6	22	53	2920	1.000000e+00	1.000000e+00	
GOBP_REGULATION_OF_CATECHOLAMINE_METABOLIC_PROCESS	go_bp	0	6	18	53	2920	1.000000e+00	1.000000e+00	
GOBP_REGULATION_OF_CELLULAR_RESPONSE_TO_HEAT	go_bp	0	6	16	53	2920	1.000000e+00	1.000000e+00	
GOBP_REGULATION_OF_CELL_CYCLE_CHECKPOINT	go_bp	0	6	45	53	2920	1.000000e+00	1.000000e+00	
GOBP_REGULATION_OF_CELL_PROJECTION_SIZE	go_bp	0	6	12	53	2920	1.000000e+00	1.000000e+00	
GOBP_REGULATION_OF_COA_TRANSFERASE_ACTIVITY	go_bp	0	6	10	53	2920	1.000000e+00	1.000000e+00	
GOBP_REGULATION_OF_COMPLEMENT_ACTIVATION_CLASSICAL_PATHWAY	go_bp	0	6	9	53	2920	1.000000e+00	1.000000e+00	
GOBP_REGULATION_OF_CYSTEINE_TYPE_ENDOPEPTIDASE_ACTIVITY_INVOLVED_IN_APOPTOTIC_SIGNALING_PATHWAY	go_bp	0	6	11	53	2920	1.000000e+00	1.000000e+00	
GOBP_REGULATION_OF_DEFENSE_RESPONSE_TO_BACTERIUM	go_bp	0	6	20	53	2920	1.000000e+00	1.000000e+00	
GOBP_REGULATION_OF_DENDRITIC_CELL_CHEMOTAXIS	go_bp	0	6	10	53	2920	1.000000e+00	1.000000e+00	
GOBP_REGULATION_OF_DNA_DAMAGE_RESPONSE_SIGNAL_TRANSDUCTION_BY_P53_CLASS_MEDIATOR	go_bp	0	6	37	53	2920	1.000000e+00	1.000000e+00	
GOBP_REGULATION_OF_ENDOPLASMIC_RETICULUM_UNFOLDED_PROTEIN_RESPONSE	go_bp	0	6	30	53	2920	1.000000e+00	1.000000e+00	
GOBP_REGULATION_OF_GLIAL_CELL_APOPTOTIC_PROCESS	go_bp	0	6	12	53	2920	1.000000e+00	1.000000e+00	
GOBP_REGULATION_OF_GLYCOGEN_METABOLIC_PROCESS	go_bp	0	6	38	53	2920	1.000000e+00	1.000000e+00	
GOBP_REGULATION_OF_GRANULOCYTE_DIFFERENTIATION	go_bp	0	6	16	53	2920	1.000000e+00	1.000000e+00	
GOBP_REGULATION_OF_HEMATOPOIETIC_STEM_CELL_PROLIFERATION	go_bp	0	6	17	53	2920	1.000000e+00	1.000000e+00	
GOBP_REGULATION_OF_INOSITOL_PHOSPHATE_BIOSYNTHETIC_PROCESS	go_bp	0	6	15	53	2920	1.000000e+00	1.000000e+00	
GOBP_REGULATION_OF_INTERLEUKIN_1_MEDIATED_SIGNALING_PATHWAY	go_bp	0	6	11	53	2920	1.000000e+00	1.000000e+00	
GOBP_REGULATION_OF_INTESTINAL_ABSORPTION	go_bp	0	6	12	53	2920	1.000000e+00	1.000000e+00	
GOBP_REGULATION_OF_INTESTINAL_LIPID_ABSORPTION	go_bp	0	6	10	53	2920	1.000000e+00	1.000000e+00	
GOBP_REGULATION_OF_INTRINSIC_APOPTOTIC_SIGNALING_PATHWAY_IN_RESPONSE_TO_DNA_DAMAGE_BY_P53_CLASS_MEDIATOR	go_bp	0	6	17	53	2920	1.000000e+00	1.000000e+00	
GOBP_REGULATION_OF_KILLING_OF_CELLS_OF_ANOTHER_ORGANISM	go_bp	0	6	9	53	2920	1.000000e+00	1.000000e+00	
GOBP_REGULATION_OF_MAST_CELL_CHEMOTAXIS	go_bp	0	6	8	53	2920	1.000000e+00	1.000000e+00	
GOBP_REGULATION_OF_MEMBRANE_INVAGINATION	go_bp	0	6	15	53	2920	1.000000e+00	1.000000e+00	
GOBP_REGULATION_OF_MITOCHONDRIAL_FISSION	go_bp	0	6	30	53	2920	1.000000e+00	1.000000e+00	
GOBP_REGULATION_OF_MITOTIC_SISTER_CHROMATID_SEGREGATION	go_bp	0	6	55	53	2920	1.000000e+00	1.000000e+00	
GOBP_REGULATION_OF_MOTOR_NEURON_APOPTOTIC_PROCESS	go_bp	0	6	15	53	2920	1.000000e+00	1.000000e+00	
GOBP_REGULATION_OF_MYOBLAST_PROLIFERATION	go_bp	0	6	25	53	2920	1.000000e+00	1.000000e+00	
GOBP_REGULATION_OF_MYOTUBE_DIFFERENTIATION	go_bp	0	6	49	53	2920	1.000000e+00	1.000000e+00	
GOBP_REGULATION_OF_NATURAL_KILLER_CELL_PROLIFERATION	go_bp	0	6	12	53	2920	1.000000e+00	1.000000e+00	
GOBP_REGULATION_OF_NEUTROPHIL_EXTRAVASATION	go_bp	0	6	8	53	2920	1.000000e+00	1.000000e+00	
GOBP_REGULATION_OF_NMDA_RECEPTOR_ACTIVITY	go_bp	0	6	14	53	2920	1.000000e+00	1.000000e+00	
GOBP_REGULATION_OF_PHOSPHOLIPID_TRANSPORT	go_bp	0	6	15	53	2920	1.000000e+00	1.000000e+00	
GOBP_REGULATION_OF_POSTSYNAPTIC_NEUROTRANSMITTER_RECEPTOR_INTERNALIZATION	go_bp	0	6	19	53	2920	1.000000e+00	1.000000e+00	
GOBP_REGULATION_OF_RECEPTOR_CATABOLIC_PROCESS	go_bp	0	6	11	53	2920	1.000000e+00	1.000000e+00	
GOBP_REGULATION_OF_REGULATORY_NCRNA_PROCESSING	go_bp	0	6	17	53	2920	1.000000e+00	1.000000e+00	
GOBP_REGULATION_OF_SKELETAL_MUSCLE_TISSUE_DEVELOPMENT	go_bp	0	6	26	53	2920	1.000000e+00	1.000000e+00	
GOBP_REGULATION_OF_SYNAPTIC_VESICLE_RECYCLING	go_bp	0	6	26	53	2920	1.000000e+00	1.000000e+00	
GOBP_REGULATION_OF_THYMOCYTE_APOPTOTIC_PROCESS	go_bp	0	6	13	53	2920	1.000000e+00	1.000000e+00	
GOBP_REGULATION_OF_TRANSLATION_IN_RESPONSE_TO_STRESS	go_bp	0	6	22	53	2920	1.000000e+00	1.000000e+00	
GOBP_REGULATION_OF_TRANSMISSION_OF_NERVE_IMPULSE	go_bp	0	6	16	53	2920	1.000000e+00	1.000000e+00	
GOBP_REGULATION_OF_T_HELPER_17_CELL_DIFFERENTIATION	go_bp	0	6	24	53	2920	1.000000e+00	1.000000e+00	
GOBP_REGULATION_OF_VOLTAGE_GATED_CALCIUM_CHANNEL_ACTIVITY	go_bp	0	6	30	53	2920	1.000000e+00	1.000000e+00	
GOBP_RELAXATION_OF_CARDIAC_MUSCLE	go_bp	0	6	17	53	2920	1.000000e+00	1.000000e+00	
GOBP_REPLICATIVE_SENESCENCE	go_bp	0	6	17	53	2920	1.000000e+00	1.000000e+00	
GOBP_RESPIRATORY_BURST_INVOLVED_IN_DEFENSE_RESPONSE	go_bp	0	6	17	53	2920	1.000000e+00	1.000000e+00	
GOBP_RESPONSE_TO_ACIDIC_PH	go_bp	0	6	26	53	2920	1.000000e+00	1.000000e+00	
GOBP_RESPONSE_TO_ANTIBIOTIC	go_bp	0	6	37	53	2920	1.000000e+00	1.000000e+00	
GOBP_RESPONSE_TO_GLUCAGON	go_bp	0	6	23	53	2920	1.000000e+00	1.000000e+00	
GOBP_RESPONSE_TO_HEPATOCYTE_GROWTH_FACTOR	go_bp	0	6	18	53	2920	1.000000e+00	1.000000e+00	
GOBP_RESPONSE_TO_INTERFERON_BETA	go_bp	0	6	34	53	2920	1.000000e+00	1.000000e+00	
GOBP_RESPONSE_TO_INTERLEUKIN_12	go_bp	0	6	12	53	2920	1.000000e+00	1.000000e+00	
GOBP_RESPONSE_TO_LIPOTEICHOIC_ACID	go_bp	0	6	10	53	2920	1.000000e+00	1.000000e+00	
GOBP_RESPONSE_TO_L_GLUTAMATE	go_bp	0	6	16	53	2920	1.000000e+00	1.000000e+00	
GOBP_RESPONSE_TO_PROSTAGLANDIN_E	go_bp	0	6	25	53	2920	1.000000e+00	1.000000e+00	
GOBP_RESPONSE_TO_UV_A	go_bp	0	6	14	53	2920	1.000000e+00	1.000000e+00	
GOBP_RESPONSE_TO_VITAMIN_E	go_bp	0	6	9	53	2920	1.000000e+00	1.000000e+00	
GOBP_RESPONSE_TO_WATER	go_bp	0	6	13	53	2920	1.000000e+00	1.000000e+00	
GOBP_RETINA_HOMEOSTASIS	go_bp	0	6	55	53	2920	1.000000e+00	1.000000e+00	
GOBP_RETINA_LAYER_FORMATION	go_bp	0	6	25	53	2920	1.000000e+00	1.000000e+00	
GOBP_RETROGRADE_AXONAL_TRANSPORT	go_bp	0	6	22	53	2920	1.000000e+00	1.000000e+00	
GOBP_RETROGRADE_VESICLE_MEDIATED_TRANSPORT_GOLGI_TO_ENDOPLASMIC_RETICULUM	go_bp	0	6	52	53	2920	1.000000e+00	1.000000e+00	
GOBP_SENSORY_PERCEPTION_OF_TASTE	go_bp	0	6	68	53	2920	1.000000e+00	1.000000e+00	
GOBP_SEROTONIN_TRANSPORT	go_bp	0	6	22	53	2920	1.000000e+00	1.000000e+00	
GOBP_SISTER_CHROMATID_COHESION	go_bp	0	6	59	53	2920	1.000000e+00	1.000000e+00	
GOBP_SKELETAL_MUSCLE_TISSUE_REGENERATION	go_bp	0	6	43	53	2920	1.000000e+00	1.000000e+00	
GOBP_SULFUR_AMINO_ACID_BIOSYNTHETIC_PROCESS	go_bp	0	6	17	53	2920	1.000000e+00	1.000000e+00	
GOBP_SYNAPTIC_VESICLE_CLUSTERING	go_bp	0	6	16	53	2920	1.000000e+00	1.000000e+00	
GOBP_SYNAPTIC_VESICLE_CYTOSKELETAL_TRANSPORT	go_bp	0	6	19	53	2920	1.000000e+00	1.000000e+00	
GOBP_TERTIARY_ALCOHOL_METABOLIC_PROCESS	go_bp	0	6	22	53	2920	1.000000e+00	1.000000e+00	
GOBP_TETRAPYRROLE_BIOSYNTHETIC_PROCESS	go_bp	0	6	35	53	2920	1.000000e+00	1.000000e+00	
GOBP_THYROID_HORMONE_GENERATION	go_bp	0	6	23	53	2920	1.000000e+00	1.000000e+00	
GOBP_TRAIL_ACTIVATED_APOPTOTIC_SIGNALING_PATHWAY	go_bp	0	6	11	53	2920	1.000000e+00	1.000000e+00	
GOBP_TRIGLYCERIDE_RICH_LIPOPROTEIN_PARTICLE_REMODELING	go_bp	0	6	12	53	2920	1.000000e+00	1.000000e+00	
GOBP_T_HELPER_1_CELL_CYTOKINE_PRODUCTION	go_bp	0	6	8	53	2920	1.000000e+00	1.000000e+00	
GOBP_T_HELPER_1_CELL_DIFFERENTIATION	go_bp	0	6	23	53	2920	1.000000e+00	1.000000e+00	
GOBP_T_HELPER_2_CELL_DIFFERENTIATION	go_bp	0	6	18	53	2920	1.000000e+00	1.000000e+00	
GOBP_VAGINA_DEVELOPMENT	go_bp	0	6	10	53	2920	1.000000e+00	1.000000e+00	
GOBP_VENOUS_BLOOD_VESSEL_DEVELOPMENT	go_bp	0	6	16	53	2920	1.000000e+00	1.000000e+00	
GOBP_VENTRICULAR_TRABECULA_MYOCARDIUM_MORPHOGENESIS	go_bp	0	6	14	53	2920	1.000000e+00	1.000000e+00	
GOBP_VIRAL_BUDDING	go_bp	0	6	26	53	2920	1.000000e+00	1.000000e+00	
GOBP_VIRAL_RNA_GENOME_REPLICATION	go_bp	0	6	30	53	2920	1.000000e+00	1.000000e+00	
GOBP_VIRAL_TRANSLATION	go_bp	0	6	20	53	2920	1.000000e+00	1.000000e+00	
GOBP_XENOBIOTIC_CATABOLIC_PROCESS	go_bp	0	6	25	53	2920	1.000000e+00	1.000000e+00	
GOBP_B_CELL_DIFFERENTIATION	go_bp	0	46	155	53	2920	1.000000e+00	1.000000e+00	
GOBP_CYTOKINE_PRODUCTION_INVOLVED_IN_IMMUNE_RESPONSE	go_bp	0	46	124	53	2920	1.000000e+00	1.000000e+00	
GOBP_MYELOID_CELL_HOMEOSTASIS	go_bp	0	46	179	53	2920	1.000000e+00	1.000000e+00	
GOBP_NEGATIVE_REGULATION_OF_CELL_CYCLE_PROCESS	go_bp	0	46	318	53	2920	1.000000e+00	1.000000e+00	
GOBP_NEGATIVE_REGULATION_OF_KINASE_ACTIVITY	go_bp	0	46	178	53	2920	1.000000e+00	1.000000e+00	
GOBP_NUCLEOSIDE_PHOSPHATE_CATABOLIC_PROCESS	go_bp	0	46	179	53	2920	1.000000e+00	1.000000e+00	
GOBP_POSITIVE_REGULATION_OF_APOPTOTIC_SIGNALING_PATHWAY	go_bp	0	46	143	53	2920	1.000000e+00	1.000000e+00	
GOBP_REGULATION_OF_CELL_MATRIX_ADHESION	go_bp	0	46	125	53	2920	1.000000e+00	1.000000e+00	
GOBP_ESTABLISHMENT_OF_PROTEIN_LOCALIZATION_TO_ORGANELLE	go_bp	0	77	456	53	2920	1.000000e+00	1.000000e+00	
GOBP_ACTIN_POLYMERIZATION_OR_DEPOLYMERIZATION	go_bp	0	55	196	53	2920	1.000000e+00	1.000000e+00	
GOBP_ENDOSOMAL_TRANSPORT	go_bp	0	55	295	53	2920	1.000000e+00	1.000000e+00	
GOBP_REGULATION_OF_PROTEIN_LOCALIZATION_TO_MEMBRANE	go_bp	0	55	183	53	2920	1.000000e+00	1.000000e+00	
GOBP_TYPE_II_INTERFERON_PRODUCTION	go_bp	0	55	120	53	2920	1.000000e+00	1.000000e+00	
GOBP_PROTEASOMAL_PROTEIN_CATABOLIC_PROCESS	go_bp	0	76	529	53	2920	1.000000e+00	1.000000e+00	
GOBP_CARBOHYDRATE_DERIVATIVE_CATABOLIC_PROCESS	go_bp	0	84	277	53	2920	1.000000e+00	1.000000e+00	
GOBP_MYELOID_LEUKOCYTE_DIFFERENTIATION	go_bp	0	84	240	53	2920	1.000000e+00	1.000000e+00	
GOBP_ALCOHOL_METABOLIC_PROCESS	go_bp	0	82	372	53	2920	1.000000e+00	1.000000e+00	
GOBP_PROTEIN_DNA_COMPLEX_ORGANIZATION	go_bp	0	82	939	53	2920	1.000000e+00	1.000000e+00	
GOBP_ACETYL_COA_METABOLIC_PROCESS	go_bp	0	4	33	53	2920	1.000000e+00	1.000000e+00	
GOBP_ACROSOME_ASSEMBLY	go_bp	0	4	30	53	2920	1.000000e+00	1.000000e+00	
GOBP_ACTIN_CROSSLINK_FORMATION	go_bp	0	4	14	53	2920	1.000000e+00	1.000000e+00	
GOBP_ACTIVATION_OF_NF_KAPPAB_INDUCING_KINASE_ACTIVITY	go_bp	0	4	10	53	2920	1.000000e+00	1.000000e+00	
GOBP_ADENOSINE_METABOLIC_PROCESS	go_bp	0	4	11	53	2920	1.000000e+00	1.000000e+00	
GOBP_ADULT_FEEDING_BEHAVIOR	go_bp	0	4	10	53	2920	1.000000e+00	1.000000e+00	
GOBP_AMINO_SUGAR_BIOSYNTHETIC_PROCESS	go_bp	0	4	11	53	2920	1.000000e+00	1.000000e+00	
GOBP_AMPA_GLUTAMATE_RECEPTOR_CLUSTERING	go_bp	0	4	11	53	2920	1.000000e+00	1.000000e+00	
GOBP_AMP_BIOSYNTHETIC_PROCESS	go_bp	0	4	13	53	2920	1.000000e+00	1.000000e+00	
GOBP_AMP_CATABOLIC_PROCESS	go_bp	0	4	5	53	2920	1.000000e+00	1.000000e+00	
GOBP_ANTIGEN_PROCESSING_AND_PRESENTATION_OF_PEPTIDE_ANTIGEN_VIA_MHC_CLASS_IB	go_bp	0	4	18	53	2920	1.000000e+00	1.000000e+00	
GOBP_AROMATIC_AMINO_ACID_FAMILY_CATABOLIC_PROCESS	go_bp	0	4	16	53	2920	1.000000e+00	1.000000e+00	
GOBP_ARTICULAR_CARTILAGE_DEVELOPMENT	go_bp	0	4	6	53	2920	1.000000e+00	1.000000e+00	
GOBP_AUDITORY_RECEPTOR_CELL_DEVELOPMENT	go_bp	0	4	26	53	2920	1.000000e+00	1.000000e+00	
GOBP_AUDITORY_RECEPTOR_CELL_MORPHOGENESIS	go_bp	0	4	21	53	2920	1.000000e+00	1.000000e+00	
GOBP_AXONAL_TRANSPORT_OF_MITOCHONDRION	go_bp	0	4	18	53	2920	1.000000e+00	1.000000e+00	
GOBP_AXONEME_ASSEMBLY	go_bp	0	4	101	53	2920	1.000000e+00	1.000000e+00	
GOBP_BASEMENT_MEMBRANE_ASSEMBLY	go_bp	0	4	9	53	2920	1.000000e+00	1.000000e+00	
GOBP_BIOLOGICAL_PHASE	go_bp	0	4	11	53	2920	1.000000e+00	1.000000e+00	
GOBP_BLOOD_VESSEL_ENDOTHELIAL_CELL_DIFFERENTIATION	go_bp	0	4	14	53	2920	1.000000e+00	1.000000e+00	
GOBP_BRADYKININ_CATABOLIC_PROCESS	go_bp	0	4	7	53	2920	1.000000e+00	1.000000e+00	
GOBP_BRAIN_MORPHOGENESIS	go_bp	0	4	38	53	2920	1.000000e+00	1.000000e+00	
GOBP_BUD_ELONGATION_INVOLVED_IN_LUNG_BRANCHING	go_bp	0	4	7	53	2920	1.000000e+00	1.000000e+00	
GOBP_C4_DICARBOXYLATE_TRANSPORT	go_bp	0	4	28	53	2920	1.000000e+00	1.000000e+00	
GOBP_CARDIAC_RIGHT_VENTRICLE_MORPHOGENESIS	go_bp	0	4	21	53	2920	1.000000e+00	1.000000e+00	
GOBP_CARDIOBLAST_DIFFERENTIATION	go_bp	0	4	18	53	2920	1.000000e+00	1.000000e+00	
GOBP_CD4_POSITIVE_CD25_POSITIVE_ALPHA_BETA_REGULATORY_T_CELL_DIFFERENTIATION	go_bp	0	4	10	53	2920	1.000000e+00	1.000000e+00	
GOBP_CD8_POSITIVE_ALPHA_BETA_T_CELL_PROLIFERATION	go_bp	0	4	8	53	2920	1.000000e+00	1.000000e+00	
GOBP_CELLULAR_DETOXIFICATION_OF_ALDEHYDE	go_bp	0	4	9	53	2920	1.000000e+00	1.000000e+00	
GOBP_CELLULAR_RESPONSE_TO_ARSENIC_CONTAINING_SUBSTANCE	go_bp	0	4	17	53	2920	1.000000e+00	1.000000e+00	
GOBP_CELLULAR_RESPONSE_TO_BRAIN_DERIVED_NEUROTROPHIC_FACTOR_STIMULUS	go_bp	0	4	10	53	2920	1.000000e+00	1.000000e+00	
GOBP_CELLULAR_RESPONSE_TO_COCAINE	go_bp	0	4	10	53	2920	1.000000e+00	1.000000e+00	
GOBP_CELLULAR_RESPONSE_TO_IRON_ION	go_bp	0	4	8	53	2920	1.000000e+00	1.000000e+00	
GOBP_CELLULAR_RESPONSE_TO_OXIDISED_LOW_DENSITY_LIPOPROTEIN_PARTICLE_STIMULUS	go_bp	0	4	14	53	2920	1.000000e+00	1.000000e+00	
GOBP_CELL_ADHESION_INVOLVED_IN_HEART_MORPHOGENESIS	go_bp	0	4	8	53	2920	1.000000e+00	1.000000e+00	
GOBP_CELL_DIFFERENTIATION_IN_HINDBRAIN	go_bp	0	4	23	53	2920	1.000000e+00	1.000000e+00	
GOBP_CELL_MIGRATION_INVOLVED_IN_KIDNEY_DEVELOPMENT	go_bp	0	4	6	53	2920	1.000000e+00	1.000000e+00	
GOBP_CELL_MIGRATION_INVOLVED_IN_METANEPHROS_DEVELOPMENT	go_bp	0	4	5	53	2920	1.000000e+00	1.000000e+00	
GOBP_CELL_PROLIFERATION_IN_HINDBRAIN	go_bp	0	4	14	53	2920	1.000000e+00	1.000000e+00	
GOBP_CENTRAL_NERVOUS_SYSTEM_MYELIN_FORMATION	go_bp	0	4	8	53	2920	1.000000e+00	1.000000e+00	
GOBP_CENTROMERE_COMPLEX_ASSEMBLY	go_bp	0	4	30	53	2920	1.000000e+00	1.000000e+00	
GOBP_CEREBELLAR_GRANULAR_LAYER_MORPHOGENESIS	go_bp	0	4	9	53	2920	1.000000e+00	1.000000e+00	
GOBP_CEREBELLAR_PURKINJE_CELL_LAYER_DEVELOPMENT	go_bp	0	4	28	53	2920	1.000000e+00	1.000000e+00	
GOBP_CEREBRAL_CORTEX_NEURON_DIFFERENTIATION	go_bp	0	4	26	53	2920	1.000000e+00	1.000000e+00	
GOBP_CGMP_BIOSYNTHETIC_PROCESS	go_bp	0	4	11	53	2920	1.000000e+00	1.000000e+00	
GOBP_CHEMOKINE_C_C_MOTIF_LIGAND_5_PRODUCTION	go_bp	0	4	11	53	2920	1.000000e+00	1.000000e+00	
GOBP_CHONDROCYTE_DEVELOPMENT_INVOLVED_IN_ENDOCHONDRAL_BONE_MORPHOGENESIS	go_bp	0	4	8	53	2920	1.000000e+00	1.000000e+00	
GOBP_CHROMOSOME_CONDENSATION	go_bp	0	4	48	53	2920	1.000000e+00	1.000000e+00	
GOBP_CILIARY_NEUROTROPHIC_FACTOR_MEDIATED_SIGNALING_PATHWAY	go_bp	0	4	5	53	2920	1.000000e+00	1.000000e+00	
GOBP_COLLAGEN_ACTIVATED_TYROSINE_KINASE_RECEPTOR_SIGNALING_PATHWAY	go_bp	0	4	11	53	2920	1.000000e+00	1.000000e+00	
GOBP_COLUMNAR_CUBOIDAL_EPITHELIAL_CELL_MATURATION	go_bp	0	4	15	53	2920	1.000000e+00	1.000000e+00	
GOBP_COMPLEMENT_RECEPTOR_MEDIATED_SIGNALING_PATHWAY	go_bp	0	4	15	53	2920	1.000000e+00	1.000000e+00	
GOBP_COPPER_ION_TRANSPORT	go_bp	0	4	18	53	2920	1.000000e+00	1.000000e+00	
GOBP_CORTICOTROPIN_SECRETION	go_bp	0	4	7	53	2920	1.000000e+00	1.000000e+00	
GOBP_CRANIAL_NERVE_STRUCTURAL_ORGANIZATION	go_bp	0	4	11	53	2920	1.000000e+00	1.000000e+00	
GOBP_CRISTAE_FORMATION	go_bp	0	4	20	53	2920	1.000000e+00	1.000000e+00	
GOBP_CYCLIC_NUCLEOTIDE_BIOSYNTHETIC_PROCESS	go_bp	0	4	21	53	2920	1.000000e+00	1.000000e+00	
GOBP_CYSTEINE_METABOLIC_PROCESS	go_bp	0	4	12	53	2920	1.000000e+00	1.000000e+00	
GOBP_CYTOPLASMIC_SEQUESTERING_OF_PROTEIN	go_bp	0	4	16	53	2920	1.000000e+00	1.000000e+00	
GOBP_DETECTION_OF_CELL_DENSITY	go_bp	0	4	9	53	2920	1.000000e+00	1.000000e+00	
GOBP_DETECTION_OF_LIPOPOLYSACCHARIDE	go_bp	0	4	5	53	2920	1.000000e+00	1.000000e+00	
GOBP_DETOXIFICATION_OF_INORGANIC_COMPOUND	go_bp	0	4	23	53	2920	1.000000e+00	1.000000e+00	
GOBP_DISACCHARIDE_METABOLIC_PROCESS	go_bp	0	4	11	53	2920	1.000000e+00	1.000000e+00	
GOBP_DNA_MODIFICATION	go_bp	0	4	43	53	2920	1.000000e+00	1.000000e+00	
GOBP_DNA_REPAIR_DEPENDENT_CHROMATIN_REMODELING	go_bp	0	4	22	53	2920	1.000000e+00	1.000000e+00	
GOBP_DNA_SYNTHESIS_INVOLVED_IN_DNA_REPAIR	go_bp	0	4	42	53	2920	1.000000e+00	1.000000e+00	
GOBP_DOPAMINE_RECEPTOR_SIGNALING_PATHWAY	go_bp	0	4	40	53	2920	1.000000e+00	1.000000e+00	
GOBP_DORSAL_AORTA_DEVELOPMENT	go_bp	0	4	10	53	2920	1.000000e+00	1.000000e+00	
GOBP_DRINKING_BEHAVIOR	go_bp	0	4	11	53	2920	1.000000e+00	1.000000e+00	
GOBP_DTMP_METABOLIC_PROCESS	go_bp	0	4	6	53	2920	1.000000e+00	1.000000e+00	
GOBP_EARLY_ENDOSOME_TO_GOLGI_TRANSPORT	go_bp	0	4	17	53	2920	1.000000e+00	1.000000e+00	
GOBP_EMBRYONIC_AXIS_SPECIFICATION	go_bp	0	4	42	53	2920	1.000000e+00	1.000000e+00	
GOBP_EMBRYONIC_DIGESTIVE_TRACT_MORPHOGENESIS	go_bp	0	4	17	53	2920	1.000000e+00	1.000000e+00	
GOBP_EMBRYONIC_EYE_MORPHOGENESIS	go_bp	0	4	35	53	2920	1.000000e+00	1.000000e+00	
GOBP_EMBRYONIC_FORELIMB_MORPHOGENESIS	go_bp	0	4	33	53	2920	1.000000e+00	1.000000e+00	
GOBP_EMBRYONIC_HINDLIMB_MORPHOGENESIS	go_bp	0	4	28	53	2920	1.000000e+00	1.000000e+00	
GOBP_EMBRYONIC_SKELETAL_JOINT_DEVELOPMENT	go_bp	0	4	15	53	2920	1.000000e+00	1.000000e+00	
GOBP_ENDOSOMAL_LUMEN_ACIDIFICATION	go_bp	0	4	14	53	2920	1.000000e+00	1.000000e+00	
GOBP_ENDOTHELIAL_CELL_MATRIX_ADHESION	go_bp	0	4	8	53	2920	1.000000e+00	1.000000e+00	
GOBP_ENDOTHELIAL_CELL_MORPHOGENESIS	go_bp	0	4	10	53	2920	1.000000e+00	1.000000e+00	
GOBP_ENGULFMENT_OF_APOPTOTIC_CELL	go_bp	0	4	15	53	2920	1.000000e+00	1.000000e+00	
GOBP_ENTEROENDOCRINE_CELL_DIFFERENTIATION	go_bp	0	4	36	53	2920	1.000000e+00	1.000000e+00	
GOBP_ENTRAINMENT_OF_CIRCADIAN_CLOCK	go_bp	0	4	30	53	2920	1.000000e+00	1.000000e+00	
GOBP_EPITHELIAL_CELL_DIFFERENTIATION_INVOLVED_IN_PROSTATE_GLAND_DEVELOPMENT	go_bp	0	4	11	53	2920	1.000000e+00	1.000000e+00	
GOBP_ERBB2_ERBB4_SIGNALING_PATHWAY	go_bp	0	4	5	53	2920	1.000000e+00	1.000000e+00	
GOBP_ERBB3_SIGNALING_PATHWAY	go_bp	0	4	10	53	2920	1.000000e+00	1.000000e+00	
GOBP_ESCRT_COMPLEX_DISASSEMBLY	go_bp	0	4	10	53	2920	1.000000e+00	1.000000e+00	
GOBP_ESTABLISHMENT_OF_ENDOTHELIAL_INTESTINAL_BARRIER	go_bp	0	4	15	53	2920	1.000000e+00	1.000000e+00	
GOBP_ESTABLISHMENT_OF_PIGMENT_GRANULE_LOCALIZATION	go_bp	0	4	23	53	2920	1.000000e+00	1.000000e+00	
GOBP_ETHANOL_METABOLIC_PROCESS	go_bp	0	4	13	53	2920	1.000000e+00	1.000000e+00	
GOBP_EXTRACELLULAR_EXOSOME_ASSEMBLY	go_bp	0	4	7	53	2920	1.000000e+00	1.000000e+00	
GOBP_FACIAL_NERVE_MORPHOGENESIS	go_bp	0	4	11	53	2920	1.000000e+00	1.000000e+00	
GOBP_FACIAL_NERVE_STRUCTURAL_ORGANIZATION	go_bp	0	4	9	53	2920	1.000000e+00	1.000000e+00	
GOBP_FATTY_ACID_DERIVATIVE_CATABOLIC_PROCESS	go_bp	0	4	18	53	2920	1.000000e+00	1.000000e+00	
GOBP_FATTY_ACID_HOMEOSTASIS	go_bp	0	4	17	53	2920	1.000000e+00	1.000000e+00	
GOBP_FAT_SOLUBLE_VITAMIN_BIOSYNTHETIC_PROCESS	go_bp	0	4	13	53	2920	1.000000e+00	1.000000e+00	
GOBP_FC_RECEPTOR_MEDIATED_INHIBITORY_SIGNALING_PATHWAY	go_bp	0	4	5	53	2920	1.000000e+00	1.000000e+00	
GOBP_FOLIC_ACID_TRANSPORT	go_bp	0	4	10	53	2920	1.000000e+00	1.000000e+00	
GOBP_FOREBRAIN_NEURON_DEVELOPMENT	go_bp	0	4	25	53	2920	1.000000e+00	1.000000e+00	
GOBP_FRUCTOSE_6_PHOSPHATE_METABOLIC_PROCESS	go_bp	0	4	12	53	2920	1.000000e+00	1.000000e+00	
GOBP_FUCOSE_METABOLIC_PROCESS	go_bp	0	4	16	53	2920	1.000000e+00	1.000000e+00	
GOBP_G0_TO_G1_TRANSITION	go_bp	0	4	40	53	2920	1.000000e+00	1.000000e+00	
GOBP_GAMMA_AMINOBUTYRIC_ACID_METABOLIC_PROCESS	go_bp	0	4	8	53	2920	1.000000e+00	1.000000e+00	
GOBP_GAMMA_AMINOBUTYRIC_ACID_SIGNALING_PATHWAY	go_bp	0	4	29	53	2920	1.000000e+00	1.000000e+00	
GOBP_GANGLION_DEVELOPMENT	go_bp	0	4	17	53	2920	1.000000e+00	1.000000e+00	
GOBP_GASTRIC_ACID_SECRETION	go_bp	0	4	13	53	2920	1.000000e+00	1.000000e+00	
GOBP_GERM_CELL_PROLIFERATION	go_bp	0	4	11	53	2920	1.000000e+00	1.000000e+00	
GOBP_GLUCOCORTICOID_BIOSYNTHETIC_PROCESS	go_bp	0	4	16	53	2920	1.000000e+00	1.000000e+00	
GOBP_GLUTAMATERGIC_NEURON_DIFFERENTIATION	go_bp	0	4	17	53	2920	1.000000e+00	1.000000e+00	
GOBP_GLUTATHIONE_CATABOLIC_PROCESS	go_bp	0	4	11	53	2920	1.000000e+00	1.000000e+00	
GOBP_GLYCEROL_ETHER_METABOLIC_PROCESS	go_bp	0	4	21	53	2920	1.000000e+00	1.000000e+00	
GOBP_GLYCOLIPID_TRANSPORT	go_bp	0	4	8	53	2920	1.000000e+00	1.000000e+00	
GOBP_GLYCOLYTIC_PROCESS_THROUGH_GLUCOSE_6_PHOSPHATE	go_bp	0	4	20	53	2920	1.000000e+00	1.000000e+00	
GOBP_GLYCOSIDE_CATABOLIC_PROCESS	go_bp	0	4	9	53	2920	1.000000e+00	1.000000e+00	
GOBP_GONADOTROPIN_SECRETION	go_bp	0	4	18	53	2920	1.000000e+00	1.000000e+00	
GOBP_GRANULOCYTE_COLONY_STIMULATING_FACTOR_PRODUCTION	go_bp	0	4	5	53	2920	1.000000e+00	1.000000e+00	
GOBP_GROWTH_PLATE_CARTILAGE_CHONDROCYTE_DIFFERENTIATION	go_bp	0	4	9	53	2920	1.000000e+00	1.000000e+00	
GOBP_HAIR_CYCLE_PHASE	go_bp	0	4	9	53	2920	1.000000e+00	1.000000e+00	
GOBP_HAIR_FOLLICLE_MATURATION	go_bp	0	4	15	53	2920	1.000000e+00	1.000000e+00	
GOBP_HEME_A_METABOLIC_PROCESS	go_bp	0	4	10	53	2920	1.000000e+00	1.000000e+00	
GOBP_HEME_B_METABOLIC_PROCESS	go_bp	0	4	9	53	2920	1.000000e+00	1.000000e+00	
GOBP_HEPATIC_STELLATE_CELL_ACTIVATION	go_bp	0	4	9	53	2920	1.000000e+00	1.000000e+00	
GOBP_HINDBRAIN_RADIAL_GLIA_GUIDED_CELL_MIGRATION	go_bp	0	4	9	53	2920	1.000000e+00	1.000000e+00	
GOBP_HINDLIMB_MORPHOGENESIS	go_bp	0	4	36	53	2920	1.000000e+00	1.000000e+00	
GOBP_HIPPOCAMPAL_NEURON_APOPTOTIC_PROCESS	go_bp	0	4	7	53	2920	1.000000e+00	1.000000e+00	
GOBP_HISTONE_MRNA_CATABOLIC_PROCESS	go_bp	0	4	15	53	2920	1.000000e+00	1.000000e+00	
GOBP_HISTONE_MRNA_METABOLIC_PROCESS	go_bp	0	4	24	53	2920	1.000000e+00	1.000000e+00	
GOBP_HYDROGEN_PEROXIDE_BIOSYNTHETIC_PROCESS	go_bp	0	4	16	53	2920	1.000000e+00	1.000000e+00	
GOBP_HYPEROSMOTIC_SALINITY_RESPONSE	go_bp	0	4	10	53	2920	1.000000e+00	1.000000e+00	
GOBP_IMMATURE_B_CELL_DIFFERENTIATION	go_bp	0	4	12	53	2920	1.000000e+00	1.000000e+00	
GOBP_INTERLEUKIN_1_ALPHA_PRODUCTION	go_bp	0	4	11	53	2920	1.000000e+00	1.000000e+00	
GOBP_INTERLEUKIN_2_MEDIATED_SIGNALING_PATHWAY	go_bp	0	4	9	53	2920	1.000000e+00	1.000000e+00	
GOBP_INTERLEUKIN_4_MEDIATED_SIGNALING_PATHWAY	go_bp	0	4	10	53	2920	1.000000e+00	1.000000e+00	
GOBP_INTERLEUKIN_5_MEDIATED_SIGNALING_PATHWAY	go_bp	0	4	6	53	2920	1.000000e+00	1.000000e+00	
GOBP_INTERNAL_PROTEIN_AMINO_ACID_ACETYLATION	go_bp	0	4	11	53	2920	1.000000e+00	1.000000e+00	
GOBP_INTERSTRAND_CROSS_LINK_REPAIR	go_bp	0	4	42	53	2920	1.000000e+00	1.000000e+00	
GOBP_INTRACELLULAR_POTASSIUM_ION_HOMEOSTASIS	go_bp	0	4	15	53	2920	1.000000e+00	1.000000e+00	
GOBP_INTRINSIC_APOPTOTIC_SIGNALING_PATHWAY_IN_RESPONSE_TO_HYPOXIA	go_bp	0	4	9	53	2920	1.000000e+00	1.000000e+00	
GOBP_KERATAN_SULFATE_METABOLIC_PROCESS	go_bp	0	4	18	53	2920	1.000000e+00	1.000000e+00	
GOBP_KINETOCHORE_ASSEMBLY	go_bp	0	4	17	53	2920	1.000000e+00	1.000000e+00	
GOBP_KINETOCHORE_ORGANIZATION	go_bp	0	4	21	53	2920	1.000000e+00	1.000000e+00	
GOBP_KYNURENINE_METABOLIC_PROCESS	go_bp	0	4	11	53	2920	1.000000e+00	1.000000e+00	
GOBP_LACTONE_METABOLIC_PROCESS	go_bp	0	4	14	53	2920	1.000000e+00	1.000000e+00	
GOBP_LATE_ENDOSOME_TO_LYSOSOME_TRANSPORT	go_bp	0	4	22	53	2920	1.000000e+00	1.000000e+00	
GOBP_LENS_MORPHOGENESIS_IN_CAMERA_TYPE_EYE	go_bp	0	4	22	53	2920	1.000000e+00	1.000000e+00	
GOBP_LEUKOTRIENE_D4_METABOLIC_PROCESS	go_bp	0	4	12	53	2920	1.000000e+00	1.000000e+00	
GOBP_LIMB_BUD_FORMATION	go_bp	0	4	9	53	2920	1.000000e+00	1.000000e+00	
GOBP_LIPID_DROPLET_ORGANIZATION	go_bp	0	4	36	53	2920	1.000000e+00	1.000000e+00	
GOBP_LIPID_TRANSPORT_ACROSS_BLOOD_BRAIN_BARRIER	go_bp	0	4	6	53	2920	1.000000e+00	1.000000e+00	
GOBP_LOOP_OF_HENLE_DEVELOPMENT	go_bp	0	4	12	53	2920	1.000000e+00	1.000000e+00	
GOBP_LUNG_ASSOCIATED_MESENCHYME_DEVELOPMENT	go_bp	0	4	9	53	2920	1.000000e+00	1.000000e+00	
GOBP_LUNG_LOBE_DEVELOPMENT	go_bp	0	4	7	53	2920	1.000000e+00	1.000000e+00	
GOBP_LYMPHOCYTE_MIGRATION_INTO_LYMPHOID_ORGANS	go_bp	0	4	9	53	2920	1.000000e+00	1.000000e+00	
GOBP_L_ALPHA_AMINO_ACID_TRANSMEMBRANE_TRANSPORT	go_bp	0	4	75	53	2920	1.000000e+00	1.000000e+00	
GOBP_L_LEUCINE_METABOLIC_PROCESS	go_bp	0	4	8	53	2920	1.000000e+00	1.000000e+00	
GOBP_MACROPHAGE_APOPTOTIC_PROCESS	go_bp	0	4	14	53	2920	1.000000e+00	1.000000e+00	
GOBP_MACROPHAGE_COLONY_STIMULATING_FACTOR_PRODUCTION	go_bp	0	4	7	53	2920	1.000000e+00	1.000000e+00	
GOBP_MACROPHAGE_COLONY_STIMULATING_FACTOR_SIGNALING_PATHWAY	go_bp	0	4	7	53	2920	1.000000e+00	1.000000e+00	
GOBP_MALE_GENITALIA_DEVELOPMENT	go_bp	0	4	24	53	2920	1.000000e+00	1.000000e+00	
GOBP_MALE_MEIOSIS_I	go_bp	0	4	28	53	2920	1.000000e+00	1.000000e+00	
GOBP_MAMMALIAN_OOGENESIS_STAGE	go_bp	0	4	12	53	2920	1.000000e+00	1.000000e+00	
GOBP_MEMBRANOUS_SEPTUM_MORPHOGENESIS	go_bp	0	4	8	53	2920	1.000000e+00	1.000000e+00	
GOBP_MESANGIAL_CELL_DIFFERENTIATION	go_bp	0	4	7	53	2920	1.000000e+00	1.000000e+00	
GOBP_MESENCHYMAL_STEM_CELL_DIFFERENTIATION	go_bp	0	4	12	53	2920	1.000000e+00	1.000000e+00	
GOBP_MESODERMAL_CELL_FATE_COMMITMENT	go_bp	0	4	18	53	2920	1.000000e+00	1.000000e+00	
GOBP_METANEPHRIC_COLLECTING_DUCT_DEVELOPMENT	go_bp	0	4	10	53	2920	1.000000e+00	1.000000e+00	
GOBP_METANEPHRIC_DISTAL_TUBULE_DEVELOPMENT	go_bp	0	4	7	53	2920	1.000000e+00	1.000000e+00	
GOBP_METANEPHRIC_GLOMERULUS_VASCULATURE_DEVELOPMENT	go_bp	0	4	9	53	2920	1.000000e+00	1.000000e+00	
GOBP_METHIONINE_BIOSYNTHETIC_PROCESS	go_bp	0	4	12	53	2920	1.000000e+00	1.000000e+00	
GOBP_MICROGLIAL_CELL_MIGRATION	go_bp	0	4	8	53	2920	1.000000e+00	1.000000e+00	
GOBP_MICROGLIA_DIFFERENTIATION	go_bp	0	4	13	53	2920	1.000000e+00	1.000000e+00	
GOBP_MIDBODY_ABSCISSION	go_bp	0	4	18	53	2920	1.000000e+00	1.000000e+00	
GOBP_MIDGUT_DEVELOPMENT	go_bp	0	4	12	53	2920	1.000000e+00	1.000000e+00	
GOBP_MITOCHONDRIAL_CALCIUM_ION_HOMEOSTASIS	go_bp	0	4	24	53	2920	1.000000e+00	1.000000e+00	
GOBP_MITOCHONDRIAL_PROTEIN_CATABOLIC_PROCESS	go_bp	0	4	10	53	2920	1.000000e+00	1.000000e+00	
GOBP_MONOATOMIC_ANION_HOMEOSTASIS	go_bp	0	4	21	53	2920	1.000000e+00	1.000000e+00	
GOBP_MUCOSA_ASSOCIATED_LYMPHOID_TISSUE_DEVELOPMENT	go_bp	0	4	8	53	2920	1.000000e+00	1.000000e+00	
GOBP_MUSCLE_HYPERTROPHY_IN_RESPONSE_TO_STRESS	go_bp	0	4	32	53	2920	1.000000e+00	1.000000e+00	
GOBP_MYD88_INDEPENDENT_TOLL_LIKE_RECEPTOR_SIGNALING_PATHWAY	go_bp	0	4	16	53	2920	1.000000e+00	1.000000e+00	
GOBP_MYOFIBROBLAST_DIFFERENTIATION	go_bp	0	4	15	53	2920	1.000000e+00	1.000000e+00	
GOBP_NAD_CATABOLIC_PROCESS	go_bp	0	4	21	53	2920	1.000000e+00	1.000000e+00	
GOBP_NEGATIVE_ADAPTATION_OF_SIGNALING_PATHWAY	go_bp	0	4	20	53	2920	1.000000e+00	1.000000e+00	
GOBP_NEGATIVE_REGULATION_BY_HOST_OF_VIRAL_PROCESS	go_bp	0	4	17	53	2920	1.000000e+00	1.000000e+00	
GOBP_NEGATIVE_REGULATION_OF_ACUTE_INFLAMMATORY_RESPONSE	go_bp	0	4	12	53	2920	1.000000e+00	1.000000e+00	
GOBP_NEGATIVE_REGULATION_OF_ALPHA_BETA_T_CELL_DIFFERENTIATION	go_bp	0	4	26	53	2920	1.000000e+00	1.000000e+00	
GOBP_NEGATIVE_REGULATION_OF_AMINO_ACID_TRANSPORT	go_bp	0	4	15	53	2920	1.000000e+00	1.000000e+00	
GOBP_NEGATIVE_REGULATION_OF_AMYLOID_BETA_CLEARANCE	go_bp	0	4	11	53	2920	1.000000e+00	1.000000e+00	
GOBP_NEGATIVE_REGULATION_OF_ASTROCYTE_DIFFERENTIATION	go_bp	0	4	16	53	2920	1.000000e+00	1.000000e+00	
GOBP_NEGATIVE_REGULATION_OF_B_CELL_RECEPTOR_SIGNALING_PATHWAY	go_bp	0	4	8	53	2920	1.000000e+00	1.000000e+00	
GOBP_NEGATIVE_REGULATION_OF_CALCIUM_ION_DEPENDENT_EXOCYTOSIS	go_bp	0	4	8	53	2920	1.000000e+00	1.000000e+00	
GOBP_NEGATIVE_REGULATION_OF_CELLULAR_RESPONSE_TO_HYPOXIA	go_bp	0	4	10	53	2920	1.000000e+00	1.000000e+00	
GOBP_NEGATIVE_REGULATION_OF_CELL_ADHESION_MEDIATED_BY_INTEGRIN	go_bp	0	4	12	53	2920	1.000000e+00	1.000000e+00	
GOBP_NEGATIVE_REGULATION_OF_CELL_MIGRATION_INVOLVED_IN_SPROUTING_ANGIOGENESIS	go_bp	0	4	45	53	2920	1.000000e+00	1.000000e+00	
GOBP_NEGATIVE_REGULATION_OF_CHOLESTEROL_EFFLUX	go_bp	0	4	22	53	2920	1.000000e+00	1.000000e+00	
GOBP_NEGATIVE_REGULATION_OF_CHROMOSOME_SEGREGATION	go_bp	0	4	51	53	2920	1.000000e+00	1.000000e+00	
GOBP_NEGATIVE_REGULATION_OF_COLLAGEN_METABOLIC_PROCESS	go_bp	0	4	12	53	2920	1.000000e+00	1.000000e+00	
GOBP_NEGATIVE_REGULATION_OF_CYTOSOLIC_CALCIUM_ION_CONCENTRATION	go_bp	0	4	13	53	2920	1.000000e+00	1.000000e+00	
GOBP_NEGATIVE_REGULATION_OF_DEFENSE_RESPONSE_TO_VIRUS	go_bp	0	4	18	53	2920	1.000000e+00	1.000000e+00	
GOBP_NEGATIVE_REGULATION_OF_DENDRITIC_SPINE_DEVELOPMENT	go_bp	0	4	13	53	2920	1.000000e+00	1.000000e+00	
GOBP_NEGATIVE_REGULATION_OF_DNA_DAMAGE_RESPONSE_SIGNAL_TRANSDUCTION_BY_P53_CLASS_MEDIATOR	go_bp	0	4	15	53	2920	1.000000e+00	1.000000e+00	
GOBP_NEGATIVE_REGULATION_OF_DNA_RECOMBINATION	go_bp	0	4	52	53	2920	1.000000e+00	1.000000e+00	
GOBP_NEGATIVE_REGULATION_OF_DNA_REPAIR	go_bp	0	4	42	53	2920	1.000000e+00	1.000000e+00	
GOBP_NEGATIVE_REGULATION_OF_DOUBLE_STRAND_BREAK_REPAIR_VIA_HOMOLOGOUS_RECOMBINATION	go_bp	0	4	26	53	2920	1.000000e+00	1.000000e+00	
GOBP_NEGATIVE_REGULATION_OF_EPIDERMAL_GROWTH_FACTOR_RECEPTOR_SIGNALING_PATHWAY	go_bp	0	4	27	53	2920	1.000000e+00	1.000000e+00	
GOBP_NEGATIVE_REGULATION_OF_EPIDERMIS_DEVELOPMENT	go_bp	0	4	13	53	2920	1.000000e+00	1.000000e+00	
GOBP_NEGATIVE_REGULATION_OF_EXTRACELLULAR_MATRIX_DISASSEMBLY	go_bp	0	4	6	53	2920	1.000000e+00	1.000000e+00	
GOBP_NEGATIVE_REGULATION_OF_FATTY_ACID_BIOSYNTHETIC_PROCESS	go_bp	0	4	26	53	2920	1.000000e+00	1.000000e+00	
GOBP_NEGATIVE_REGULATION_OF_INFLAMMASOME_MEDIATED_SIGNALING_PATHWAY	go_bp	0	4	18	53	2920	1.000000e+00	1.000000e+00	
GOBP_NEGATIVE_REGULATION_OF_INTERLEUKIN_1_MEDIATED_SIGNALING_PATHWAY	go_bp	0	4	8	53	2920	1.000000e+00	1.000000e+00	
GOBP_NEGATIVE_REGULATION_OF_INTERLEUKIN_5_PRODUCTION	go_bp	0	4	8	53	2920	1.000000e+00	1.000000e+00	
GOBP_NEGATIVE_REGULATION_OF_LIPOPOLYSACCHARIDE_MEDIATED_SIGNALING_PATHWAY	go_bp	0	4	14	53	2920	1.000000e+00	1.000000e+00	
GOBP_NEGATIVE_REGULATION_OF_LOW_DENSITY_LIPOPROTEIN_RECEPTOR_ACTIVITY	go_bp	0	4	8	53	2920	1.000000e+00	1.000000e+00	
GOBP_NEGATIVE_REGULATION_OF_MACROPHAGE_CHEMOTAXIS	go_bp	0	4	7	53	2920	1.000000e+00	1.000000e+00	
GOBP_NEGATIVE_REGULATION_OF_MAST_CELL_DEGRANULATION	go_bp	0	4	6	53	2920	1.000000e+00	1.000000e+00	
GOBP_NEGATIVE_REGULATION_OF_MICROGLIAL_CELL_ACTIVATION	go_bp	0	4	7	53	2920	1.000000e+00	1.000000e+00	
GOBP_NEGATIVE_REGULATION_OF_MICROTUBULE_POLYMERIZATION	go_bp	0	4	13	53	2920	1.000000e+00	1.000000e+00	
GOBP_NEGATIVE_REGULATION_OF_MONOCYTE_CHEMOTAXIS	go_bp	0	4	7	53	2920	1.000000e+00	1.000000e+00	
GOBP_NEGATIVE_REGULATION_OF_MONOOXYGENASE_ACTIVITY	go_bp	0	4	13	53	2920	1.000000e+00	1.000000e+00	
GOBP_NEGATIVE_REGULATION_OF_MUSCLE_ADAPTATION	go_bp	0	4	11	53	2920	1.000000e+00	1.000000e+00	
GOBP_NEGATIVE_REGULATION_OF_MUSCLE_TISSUE_DEVELOPMENT	go_bp	0	4	12	53	2920	1.000000e+00	1.000000e+00	
GOBP_NEGATIVE_REGULATION_OF_MYOTUBE_DIFFERENTIATION	go_bp	0	4	18	53	2920	1.000000e+00	1.000000e+00	
GOBP_NEGATIVE_REGULATION_OF_NUCLEOTIDE_CATABOLIC_PROCESS	go_bp	0	4	19	53	2920	1.000000e+00	1.000000e+00	
GOBP_NEGATIVE_REGULATION_OF_OXIDATIVE_STRESS_INDUCED_NEURON_INTRINSIC_APOPTOTIC_SIGNALING_PATHWAY	go_bp	0	4	13	53	2920	1.000000e+00	1.000000e+00	
GOBP_NEGATIVE_REGULATION_OF_PHOSPHATASE_ACTIVITY	go_bp	0	4	20	53	2920	1.000000e+00	1.000000e+00	
GOBP_NEGATIVE_REGULATION_OF_POTASSIUM_ION_TRANSMEMBRANE_TRANSPORTER_ACTIVITY	go_bp	0	4	25	53	2920	1.000000e+00	1.000000e+00	
GOBP_NEGATIVE_REGULATION_OF_PROGRAMMED_NECROTIC_CELL_DEATH	go_bp	0	4	24	53	2920	1.000000e+00	1.000000e+00	
GOBP_NEGATIVE_REGULATION_OF_PROTEIN_IMPORT_INTO_NUCLEUS	go_bp	0	4	15	53	2920	1.000000e+00	1.000000e+00	
GOBP_NEGATIVE_REGULATION_OF_RHO_PROTEIN_SIGNAL_TRANSDUCTION	go_bp	0	4	23	53	2920	1.000000e+00	1.000000e+00	
GOBP_NEGATIVE_REGULATION_OF_SODIUM_ION_TRANSMEMBRANE_TRANSPORT	go_bp	0	4	15	53	2920	1.000000e+00	1.000000e+00	
GOBP_NEGATIVE_REGULATION_OF_STRESS_ACTIVATED_PROTEIN_KINASE_SIGNALING_CASCADE	go_bp	0	4	9	53	2920	1.000000e+00	1.000000e+00	
GOBP_NEGATIVE_REGULATION_OF_STRIATED_MUSCLE_CELL_APOPTOTIC_PROCESS	go_bp	0	4	36	53	2920	1.000000e+00	1.000000e+00	
GOBP_NEGATIVE_REGULATION_OF_SYNAPSE_ASSEMBLY	go_bp	0	4	8	53	2920	1.000000e+00	1.000000e+00	
GOBP_NEGATIVE_REGULATION_OF_SYNAPSE_ORGANIZATION	go_bp	0	4	11	53	2920	1.000000e+00	1.000000e+00	
GOBP_NEGATIVE_REGULATION_OF_TELOMERE_MAINTENANCE_VIA_TELOMERASE	go_bp	0	4	21	53	2920	1.000000e+00	1.000000e+00	
GOBP_NEGATIVE_REGULATION_OF_THYMOCYTE_APOPTOTIC_PROCESS	go_bp	0	4	9	53	2920	1.000000e+00	1.000000e+00	
GOBP_NEGATIVE_REGULATION_OF_TOLL_LIKE_RECEPTOR_SIGNALING_PATHWAY	go_bp	0	4	22	53	2920	1.000000e+00	1.000000e+00	
GOBP_NEGATIVE_REGULATION_OF_TORC1_SIGNALING	go_bp	0	4	49	53	2920	1.000000e+00	1.000000e+00	
GOBP_NEGATIVE_REGULATION_OF_TYPE_2_IMMUNE_RESPONSE	go_bp	0	4	15	53	2920	1.000000e+00	1.000000e+00	
GOBP_NEGATIVE_REGULATION_OF_T_CELL_CYTOKINE_PRODUCTION	go_bp	0	4	11	53	2920	1.000000e+00	1.000000e+00	
GOBP_NEGATIVE_REGULATION_OF_T_CELL_DIFFERENTIATION_IN_THYMUS	go_bp	0	4	10	53	2920	1.000000e+00	1.000000e+00	
GOBP_NEGATIVE_REGULATION_OF_VASCULAR_ASSOCIATED_SMOOTH_MUSCLE_CELL_DIFFERENTIATION	go_bp	0	4	13	53	2920	1.000000e+00	1.000000e+00	
GOBP_NEGATIVE_REGULATION_OF_VASCULAR_ASSOCIATED_SMOOTH_MUSCLE_CELL_MIGRATION	go_bp	0	4	27	53	2920	1.000000e+00	1.000000e+00	
GOBP_NEGATIVE_REGULATION_OF_VASCULAR_ENDOTHELIAL_GROWTH_FACTOR_RECEPTOR_SIGNALING_PATHWAY	go_bp	0	4	12	53	2920	1.000000e+00	1.000000e+00	
GOBP_NEGATIVE_REGULATION_OF_VASCULAR_WOUND_HEALING	go_bp	0	4	8	53	2920	1.000000e+00	1.000000e+00	
GOBP_NEPHRIC_DUCT_MORPHOGENESIS	go_bp	0	4	11	53	2920	1.000000e+00	1.000000e+00	
GOBP_NEPHRON_TUBULE_EPITHELIAL_CELL_DIFFERENTIATION	go_bp	0	4	14	53	2920	1.000000e+00	1.000000e+00	
GOBP_NEURAL_CREST_CELL_MIGRATION_INVOLVED_IN_AUTONOMIC_NERVOUS_SYSTEM_DEVELOPMENT	go_bp	0	4	6	53	2920	1.000000e+00	1.000000e+00	
GOBP_NEURAL_TUBE_PATTERNING	go_bp	0	4	32	53	2920	1.000000e+00	1.000000e+00	
GOBP_NEURON_PROJECTION_MAINTENANCE	go_bp	0	4	12	53	2920	1.000000e+00	1.000000e+00	
GOBP_NEUTROPHIL_DIFFERENTIATION	go_bp	0	4	11	53	2920	1.000000e+00	1.000000e+00	
GOBP_NEUTROPHIL_MEDIATED_CYTOTOXICITY	go_bp	0	4	15	53	2920	1.000000e+00	1.000000e+00	
GOBP_NEUTROPHIL_MEDIATED_KILLING_OF_SYMBIONT_CELL	go_bp	0	4	13	53	2920	1.000000e+00	1.000000e+00	
GOBP_NITRIC_OXIDE_CGMP_MEDIATED_SIGNALING	go_bp	0	4	10	53	2920	1.000000e+00	1.000000e+00	
GOBP_NITROGEN_CYCLE_METABOLIC_PROCESS	go_bp	0	4	13	53	2920	1.000000e+00	1.000000e+00	
GOBP_NK_T_CELL_DIFFERENTIATION	go_bp	0	4	11	53	2920	1.000000e+00	1.000000e+00	
GOBP_NOREPINEPHRINE_SECRETION	go_bp	0	4	14	53	2920	1.000000e+00	1.000000e+00	
GOBP_NUCLEOBASE_CONTAINING_SMALL_MOLECULE_INTERCONVERSION	go_bp	0	4	8	53	2920	1.000000e+00	1.000000e+00	
GOBP_OLFACTORY_BULB_INTERNEURON_DIFFERENTIATION	go_bp	0	4	13	53	2920	1.000000e+00	1.000000e+00	
GOBP_OLIGODENDROCYTE_APOPTOTIC_PROCESS	go_bp	0	4	5	53	2920	1.000000e+00	1.000000e+00	
GOBP_OLIGOSACCHARIDE_BIOSYNTHETIC_PROCESS	go_bp	0	4	29	53	2920	1.000000e+00	1.000000e+00	
GOBP_OLIGOSACCHARIDE_CATABOLIC_PROCESS	go_bp	0	4	16	53	2920	1.000000e+00	1.000000e+00	
GOBP_ONE_CARBON_COMPOUND_TRANSPORT	go_bp	0	4	28	53	2920	1.000000e+00	1.000000e+00	
GOBP_OXYGEN_TRANSPORT	go_bp	0	4	15	53	2920	1.000000e+00	1.000000e+00	
GOBP_PARAXIAL_MESODERM_DEVELOPMENT	go_bp	0	4	19	53	2920	1.000000e+00	1.000000e+00	
GOBP_PEPTIDE_ANTIGEN_ASSEMBLY_WITH_MHC_PROTEIN_COMPLEX	go_bp	0	4	21	53	2920	1.000000e+00	1.000000e+00	
GOBP_PEPTIDYL_THREONINE_DEPHOSPHORYLATION	go_bp	0	4	17	53	2920	1.000000e+00	1.000000e+00	
GOBP_PEROXISOME_PROLIFERATOR_ACTIVATED_RECEPTOR_SIGNALING_PATHWAY	go_bp	0	4	24	53	2920	1.000000e+00	1.000000e+00	
GOBP_PHAGOSOME_MATURATION	go_bp	0	4	30	53	2920	1.000000e+00	1.000000e+00	
GOBP_PHOSPHATIDYLCHOLINE_ACYL_CHAIN_REMODELING	go_bp	0	4	14	53	2920	1.000000e+00	1.000000e+00	
GOBP_PHOSPHATIDYLINOSITOL_DEPHOSPHORYLATION	go_bp	0	4	30	53	2920	1.000000e+00	1.000000e+00	
GOBP_PHOTORECEPTOR_CELL_MAINTENANCE	go_bp	0	4	43	53	2920	1.000000e+00	1.000000e+00	
GOBP_PIGMENT_CATABOLIC_PROCESS	go_bp	0	4	11	53	2920	1.000000e+00	1.000000e+00	
GOBP_PIGMENT_GRANULE_LOCALIZATION	go_bp	0	4	25	53	2920	1.000000e+00	1.000000e+00	
GOBP_PLASMA_MEMBRANE_TUBULATION	go_bp	0	4	19	53	2920	1.000000e+00	1.000000e+00	
GOBP_PLATELET_ACTIVATING_FACTOR_METABOLIC_PROCESS	go_bp	0	4	8	53	2920	1.000000e+00	1.000000e+00	
GOBP_PLATELET_DERIVED_GROWTH_FACTOR_RECEPTOR_ALPHA_SIGNALING_PATHWAY	go_bp	0	4	7	53	2920	1.000000e+00	1.000000e+00	
GOBP_POSITIVE_REGULATION_BY_HOST_OF_VIRAL_PROCESS	go_bp	0	4	21	53	2920	1.000000e+00	1.000000e+00	
GOBP_POSITIVE_REGULATION_OF_ACUTE_INFLAMMATORY_RESPONSE_TO_ANTIGENIC_STIMULUS	go_bp	0	4	8	53	2920	1.000000e+00	1.000000e+00	
GOBP_POSITIVE_REGULATION_OF_ADENYLATE_CYCLASE_ACTIVITY	go_bp	0	4	29	53	2920	1.000000e+00	1.000000e+00	
GOBP_POSITIVE_REGULATION_OF_AMYLOID_FIBRIL_FORMATION	go_bp	0	4	5	53	2920	1.000000e+00	1.000000e+00	
GOBP_POSITIVE_REGULATION_OF_ANTIGEN_PROCESSING_AND_PRESENTATION	go_bp	0	4	9	53	2920	1.000000e+00	1.000000e+00	
GOBP_POSITIVE_REGULATION_OF_ANTIMICROBIAL_HUMORAL_RESPONSE	go_bp	0	4	8	53	2920	1.000000e+00	1.000000e+00	
GOBP_POSITIVE_REGULATION_OF_APOPTOTIC_PROCESS_INVOLVED_IN_DEVELOPMENT	go_bp	0	4	6	53	2920	1.000000e+00	1.000000e+00	
GOBP_POSITIVE_REGULATION_OF_APOPTOTIC_PROCESS_INVOLVED_IN_MORPHOGENESIS	go_bp	0	4	5	53	2920	1.000000e+00	1.000000e+00	
GOBP_POSITIVE_REGULATION_OF_AUTOPHAGOSOME_ASSEMBLY	go_bp	0	4	20	53	2920	1.000000e+00	1.000000e+00	
GOBP_POSITIVE_REGULATION_OF_AXON_EXTENSION_INVOLVED_IN_AXON_GUIDANCE	go_bp	0	4	7	53	2920	1.000000e+00	1.000000e+00	
GOBP_POSITIVE_REGULATION_OF_BASEMENT_MEMBRANE_ASSEMBLY_INVOLVED_IN_EMBRYONIC_BODY_MORPHOGENESIS	go_bp	0	4	5	53	2920	1.000000e+00	1.000000e+00	
GOBP_POSITIVE_REGULATION_OF_BLOOD_PRESSURE	go_bp	0	4	32	53	2920	1.000000e+00	1.000000e+00	
GOBP_POSITIVE_REGULATION_OF_CALCINEURIN_MEDIATED_SIGNALING	go_bp	0	4	20	53	2920	1.000000e+00	1.000000e+00	
GOBP_POSITIVE_REGULATION_OF_CARDIOCYTE_DIFFERENTIATION	go_bp	0	4	18	53	2920	1.000000e+00	1.000000e+00	
GOBP_POSITIVE_REGULATION_OF_CATECHOLAMINE_SECRETION	go_bp	0	4	12	53	2920	1.000000e+00	1.000000e+00	
GOBP_POSITIVE_REGULATION_OF_CD8_POSITIVE_ALPHA_BETA_T_CELL_ACTIVATION	go_bp	0	4	8	53	2920	1.000000e+00	1.000000e+00	
GOBP_POSITIVE_REGULATION_OF_CELL_MATURATION	go_bp	0	4	9	53	2920	1.000000e+00	1.000000e+00	
GOBP_POSITIVE_REGULATION_OF_CELL_MORPHOGENESIS	go_bp	0	4	37	53	2920	1.000000e+00	1.000000e+00	
GOBP_POSITIVE_REGULATION_OF_CHOLESTEROL_METABOLIC_PROCESS	go_bp	0	4	15	53	2920	1.000000e+00	1.000000e+00	
GOBP_POSITIVE_REGULATION_OF_CHROMOSOME_SEGREGATION	go_bp	0	4	27	53	2920	1.000000e+00	1.000000e+00	
GOBP_POSITIVE_REGULATION_OF_COMPLEMENT_ACTIVATION	go_bp	0	4	7	53	2920	1.000000e+00	1.000000e+00	
GOBP_POSITIVE_REGULATION_OF_DEFENSE_RESPONSE_TO_BACTERIUM	go_bp	0	4	14	53	2920	1.000000e+00	1.000000e+00	
GOBP_POSITIVE_REGULATION_OF_DENDRITIC_CELL_CYTOKINE_PRODUCTION	go_bp	0	4	12	53	2920	1.000000e+00	1.000000e+00	
GOBP_POSITIVE_REGULATION_OF_DNA_TEMPLATED_TRANSCRIPTION_ELONGATION	go_bp	0	4	58	53	2920	1.000000e+00	1.000000e+00	
GOBP_POSITIVE_REGULATION_OF_EMBRYONIC_DEVELOPMENT	go_bp	0	4	23	53	2920	1.000000e+00	1.000000e+00	
GOBP_POSITIVE_REGULATION_OF_ENDOTHELIAL_CELL_DEVELOPMENT	go_bp	0	4	6	53	2920	1.000000e+00	1.000000e+00	
GOBP_POSITIVE_REGULATION_OF_EPITHELIAL_TUBE_FORMATION	go_bp	0	4	8	53	2920	1.000000e+00	1.000000e+00	
GOBP_POSITIVE_REGULATION_OF_ESTABLISHMENT_OF_PROTEIN_LOCALIZATION_TO_MITOCHONDRION	go_bp	0	4	34	53	2920	1.000000e+00	1.000000e+00	
GOBP_POSITIVE_REGULATION_OF_EXTRINSIC_APOPTOTIC_SIGNALING_PATHWAY_IN_ABSENCE_OF_LIGAND	go_bp	0	4	11	53	2920	1.000000e+00	1.000000e+00	
GOBP_POSITIVE_REGULATION_OF_FATTY_ACID_BIOSYNTHETIC_PROCESS	go_bp	0	4	23	53	2920	1.000000e+00	1.000000e+00	
GOBP_POSITIVE_REGULATION_OF_FC_RECEPTOR_MEDIATED_STIMULATORY_SIGNALING_PATHWAY	go_bp	0	4	5	53	2920	1.000000e+00	1.000000e+00	
GOBP_POSITIVE_REGULATION_OF_FEVER_GENERATION	go_bp	0	4	7	53	2920	1.000000e+00	1.000000e+00	
GOBP_POSITIVE_REGULATION_OF_GLUCONEOGENESIS	go_bp	0	4	20	53	2920	1.000000e+00	1.000000e+00	
GOBP_POSITIVE_REGULATION_OF_GLYCOGEN_BIOSYNTHETIC_PROCESS	go_bp	0	4	15	53	2920	1.000000e+00	1.000000e+00	
GOBP_POSITIVE_REGULATION_OF_GLYCOGEN_METABOLIC_PROCESS	go_bp	0	4	18	53	2920	1.000000e+00	1.000000e+00	
GOBP_POSITIVE_REGULATION_OF_HEAT_GENERATION	go_bp	0	4	10	53	2920	1.000000e+00	1.000000e+00	
GOBP_POSITIVE_REGULATION_OF_INTEGRIN_MEDIATED_SIGNALING_PATHWAY	go_bp	0	4	12	53	2920	1.000000e+00	1.000000e+00	
GOBP_POSITIVE_REGULATION_OF_INTERFERON_ALPHA_PRODUCTION	go_bp	0	4	24	53	2920	1.000000e+00	1.000000e+00	
GOBP_POSITIVE_REGULATION_OF_INTERFERON_BETA_PRODUCTION	go_bp	0	4	40	53	2920	1.000000e+00	1.000000e+00	
GOBP_POSITIVE_REGULATION_OF_IRE1_MEDIATED_UNFOLDED_PROTEIN_RESPONSE	go_bp	0	4	7	53	2920	1.000000e+00	1.000000e+00	
GOBP_POSITIVE_REGULATION_OF_LEUKOCYTE_TETHERING_OR_ROLLING	go_bp	0	4	13	53	2920	1.000000e+00	1.000000e+00	
GOBP_POSITIVE_REGULATION_OF_LIPOPOLYSACCHARIDE_MEDIATED_SIGNALING_PATHWAY	go_bp	0	4	10	53	2920	1.000000e+00	1.000000e+00	
GOBP_POSITIVE_REGULATION_OF_LIPOPROTEIN_PARTICLE_CLEARANCE	go_bp	0	4	11	53	2920	1.000000e+00	1.000000e+00	
GOBP_POSITIVE_REGULATION_OF_LONG_TERM_SYNAPTIC_POTENTIATION	go_bp	0	4	22	53	2920	1.000000e+00	1.000000e+00	
GOBP_POSITIVE_REGULATION_OF_LOW_DENSITY_LIPOPROTEIN_RECEPTOR_ACTIVITY	go_bp	0	4	5	53	2920	1.000000e+00	1.000000e+00	
GOBP_POSITIVE_REGULATION_OF_MAST_CELL_ACTIVATION	go_bp	0	4	7	53	2920	1.000000e+00	1.000000e+00	
GOBP_POSITIVE_REGULATION_OF_MEGAKARYOCYTE_DIFFERENTIATION	go_bp	0	4	11	53	2920	1.000000e+00	1.000000e+00	
GOBP_POSITIVE_REGULATION_OF_MEMBRANE_DEPOLARIZATION	go_bp	0	4	11	53	2920	1.000000e+00	1.000000e+00	
GOBP_POSITIVE_REGULATION_OF_MEMORY_T_CELL_DIFFERENTIATION	go_bp	0	4	9	53	2920	1.000000e+00	1.000000e+00	
GOBP_POSITIVE_REGULATION_OF_MICROGLIAL_CELL_ACTIVATION	go_bp	0	4	10	53	2920	1.000000e+00	1.000000e+00	
GOBP_POSITIVE_REGULATION_OF_MITOCHONDRIAL_DEPOLARIZATION	go_bp	0	4	9	53	2920	1.000000e+00	1.000000e+00	
GOBP_POSITIVE_REGULATION_OF_MITOCHONDRIAL_FISSION	go_bp	0	4	21	53	2920	1.000000e+00	1.000000e+00	
GOBP_POSITIVE_REGULATION_OF_MYOBLAST_PROLIFERATION	go_bp	0	4	14	53	2920	1.000000e+00	1.000000e+00	
GOBP_POSITIVE_REGULATION_OF_NUCLEOTIDE_CATABOLIC_PROCESS	go_bp	0	4	21	53	2920	1.000000e+00	1.000000e+00	
GOBP_POSITIVE_REGULATION_OF_OPSONIZATION	go_bp	0	4	9	53	2920	1.000000e+00	1.000000e+00	
GOBP_POSITIVE_REGULATION_OF_PHOSPHOLIPID_METABOLIC_PROCESS	go_bp	0	4	14	53	2920	1.000000e+00	1.000000e+00	
GOBP_POSITIVE_REGULATION_OF_PLATELET_AGGREGATION	go_bp	0	4	12	53	2920	1.000000e+00	1.000000e+00	
GOBP_POSITIVE_REGULATION_OF_PROGRAMMED_NECROTIC_CELL_DEATH	go_bp	0	4	11	53	2920	1.000000e+00	1.000000e+00	
GOBP_POSITIVE_REGULATION_OF_PROTEIN_KINASE_A_SIGNALING	go_bp	0	4	12	53	2920	1.000000e+00	1.000000e+00	
GOBP_POSITIVE_REGULATION_OF_PROTEIN_KINASE_C_SIGNALING	go_bp	0	4	9	53	2920	1.000000e+00	1.000000e+00	
GOBP_POSITIVE_REGULATION_OF_PROTEIN_LOCALIZATION_TO_CELL_SURFACE	go_bp	0	4	21	53	2920	1.000000e+00	1.000000e+00	
GOBP_POSITIVE_REGULATION_OF_PROTEIN_POLYUBIQUITINATION	go_bp	0	4	17	53	2920	1.000000e+00	1.000000e+00	
GOBP_POSITIVE_REGULATION_OF_RECEPTOR_BINDING	go_bp	0	4	5	53	2920	1.000000e+00	1.000000e+00	
GOBP_POSITIVE_REGULATION_OF_RECEPTOR_CATABOLIC_PROCESS	go_bp	0	4	7	53	2920	1.000000e+00	1.000000e+00	
GOBP_POSITIVE_REGULATION_OF_RECEPTOR_RECYCLING	go_bp	0	4	14	53	2920	1.000000e+00	1.000000e+00	
GOBP_POSITIVE_REGULATION_OF_RESPIRATORY_BURST	go_bp	0	4	9	53	2920	1.000000e+00	1.000000e+00	
GOBP_POSITIVE_REGULATION_OF_SEQUESTERING_OF_CALCIUM_ION	go_bp	0	4	16	53	2920	1.000000e+00	1.000000e+00	
GOBP_POSITIVE_REGULATION_OF_SIGNAL_TRANSDUCTION_BY_P53_CLASS_MEDIATOR	go_bp	0	4	30	53	2920	1.000000e+00	1.000000e+00	
GOBP_POSITIVE_REGULATION_OF_SKELETAL_MUSCLE_TISSUE_DEVELOPMENT	go_bp	0	4	20	53	2920	1.000000e+00	1.000000e+00	
GOBP_POSITIVE_REGULATION_OF_SODIUM_ION_TRANSMEMBRANE_TRANSPORTER_ACTIVITY	go_bp	0	4	14	53	2920	1.000000e+00	1.000000e+00	
GOBP_POSITIVE_REGULATION_OF_SYNAPTIC_TRANSMISSION_GABAERGIC	go_bp	0	4	15	53	2920	1.000000e+00	1.000000e+00	
GOBP_POSITIVE_REGULATION_OF_TORC1_SIGNALING	go_bp	0	4	54	53	2920	1.000000e+00	1.000000e+00	
GOBP_POSITIVE_REGULATION_OF_TRANSCRIPTION_REGULATORY_REGION_DNA_BINDING	go_bp	0	4	20	53	2920	1.000000e+00	1.000000e+00	
GOBP_POSITIVE_REGULATION_OF_TRANSLATIONAL_INITIATION	go_bp	0	4	28	53	2920	1.000000e+00	1.000000e+00	
GOBP_POSITIVE_REGULATION_OF_TRIGLYCERIDE_LIPASE_ACTIVITY	go_bp	0	4	8	53	2920	1.000000e+00	1.000000e+00	
GOBP_POSITIVE_REGULATION_OF_TRIGLYCERIDE_METABOLIC_PROCESS	go_bp	0	4	22	53	2920	1.000000e+00	1.000000e+00	
GOBP_POSITIVE_REGULATION_OF_TYPE_I_INTERFERON_MEDIATED_SIGNALING_PATHWAY	go_bp	0	4	20	53	2920	1.000000e+00	1.000000e+00	
GOBP_POSITIVE_REGULATION_OF_T_HELPER_17_CELL_DIFFERENTIATION	go_bp	0	4	12	53	2920	1.000000e+00	1.000000e+00	
GOBP_POSITIVE_REGULATION_OF_T_HELPER_17_CELL_LINEAGE_COMMITMENT	go_bp	0	4	8	53	2920	1.000000e+00	1.000000e+00	
GOBP_POSITIVE_REGULATION_OF_T_HELPER_2_CELL_CYTOKINE_PRODUCTION	go_bp	0	4	9	53	2920	1.000000e+00	1.000000e+00	
GOBP_POSITIVE_REGULATION_OF_WNT_SIGNALING_PATHWAY_PLANAR_CELL_POLARITY_PATHWAY	go_bp	0	4	9	53	2920	1.000000e+00	1.000000e+00	
GOBP_POSTSYNAPTIC_CYTOSKELETON_ORGANIZATION	go_bp	0	4	20	53	2920	1.000000e+00	1.000000e+00	
GOBP_POST_CHAPERONIN_TUBULIN_FOLDING_PATHWAY	go_bp	0	4	7	53	2920	1.000000e+00	1.000000e+00	
GOBP_POST_EMBRYONIC_CAMERA_TYPE_EYE_DEVELOPMENT	go_bp	0	4	8	53	2920	1.000000e+00	1.000000e+00	
GOBP_PRESYNAPTIC_MEMBRANE_ORGANIZATION	go_bp	0	4	10	53	2920	1.000000e+00	1.000000e+00	
GOBP_PROGRAMMED_CELL_DEATH_IN_RESPONSE_TO_REACTIVE_OXYGEN_SPECIES	go_bp	0	4	20	53	2920	1.000000e+00	1.000000e+00	
GOBP_PROSTATE_GLANDULAR_ACINUS_DEVELOPMENT	go_bp	0	4	10	53	2920	1.000000e+00	1.000000e+00	
GOBP_PROTEIN_DEGLYCOSYLATION	go_bp	0	4	15	53	2920	1.000000e+00	1.000000e+00	
GOBP_PROTEIN_FOLDING_IN_ENDOPLASMIC_RETICULUM	go_bp	0	4	12	53	2920	1.000000e+00	1.000000e+00	
GOBP_PROTEIN_LOCALIZATION_TO_CILIARY_MEMBRANE	go_bp	0	4	12	53	2920	1.000000e+00	1.000000e+00	
GOBP_PROTEIN_LOCALIZATION_TO_EARLY_ENDOSOME	go_bp	0	4	13	53	2920	1.000000e+00	1.000000e+00	
GOBP_PROTEIN_NEDDYLATION	go_bp	0	4	28	53	2920	1.000000e+00	1.000000e+00	
GOBP_PROTEIN_OXIDATION	go_bp	0	4	12	53	2920	1.000000e+00	1.000000e+00	
GOBP_PROTEIN_TRANSMEMBRANE_IMPORT_INTO_INTRACELLULAR_ORGANELLE	go_bp	0	4	39	53	2920	1.000000e+00	1.000000e+00	
GOBP_PROTEIN_TRANSPORT_TO_VACUOLE_INVOLVED_IN_UBIQUITIN_DEPENDENT_PROTEIN_CATABOLIC_PROCESS_VIA_THE_MULTIVESICULAR_BODY_SORTING_PATHWAY	go_bp	0	4	15	53	2920	1.000000e+00	1.000000e+00	
GOBP_PROTOPORPHYRINOGEN_IX_BIOSYNTHETIC_PROCESS	go_bp	0	4	9	53	2920	1.000000e+00	1.000000e+00	
GOBP_PROTOPORPHYRINOGEN_IX_METABOLIC_PROCESS	go_bp	0	4	11	53	2920	1.000000e+00	1.000000e+00	
GOBP_PTERIDINE_CONTAINING_COMPOUND_BIOSYNTHETIC_PROCESS	go_bp	0	4	15	53	2920	1.000000e+00	1.000000e+00	
GOBP_PURINE_DEOXYRIBONUCLEOSIDE_MONOPHOSPHATE_METABOLIC_PROCESS	go_bp	0	4	11	53	2920	1.000000e+00	1.000000e+00	
GOBP_PURINE_DEOXYRIBONUCLEOSIDE_TRIPHOSPHATE_METABOLIC_PROCESS	go_bp	0	4	7	53	2920	1.000000e+00	1.000000e+00	
GOBP_PURINE_NUCLEOSIDE_TRIPHOSPHATE_CATABOLIC_PROCESS	go_bp	0	4	5	53	2920	1.000000e+00	1.000000e+00	
GOBP_PURINE_NUCLEOTIDE_SALVAGE	go_bp	0	4	11	53	2920	1.000000e+00	1.000000e+00	
GOBP_PYRIMIDINE_NUCLEOSIDE_MONOPHOSPHATE_BIOSYNTHETIC_PROCESS	go_bp	0	4	15	53	2920	1.000000e+00	1.000000e+00	
GOBP_PYRIMIDINE_RIBONUCLEOSIDE_MONOPHOSPHATE_METABOLIC_PROCESS	go_bp	0	4	16	53	2920	1.000000e+00	1.000000e+00	
GOBP_PYRIMIDINE_RIBONUCLEOTIDE_BIOSYNTHETIC_PROCESS	go_bp	0	4	24	53	2920	1.000000e+00	1.000000e+00	
GOBP_RECEPTOR_GUANYLYL_CYCLASE_SIGNALING_PATHWAY	go_bp	0	4	11	53	2920	1.000000e+00	1.000000e+00	
GOBP_REGULATION_OF_ADIPOSE_TISSUE_DEVELOPMENT	go_bp	0	4	16	53	2920	1.000000e+00	1.000000e+00	
GOBP_REGULATION_OF_ALDOSTERONE_METABOLIC_PROCESS	go_bp	0	4	8	53	2920	1.000000e+00	1.000000e+00	
GOBP_REGULATION_OF_ANTIBACTERIAL_PEPTIDE_PRODUCTION	go_bp	0	4	7	53	2920	1.000000e+00	1.000000e+00	
GOBP_REGULATION_OF_ATP_BIOSYNTHETIC_PROCESS	go_bp	0	4	16	53	2920	1.000000e+00	1.000000e+00	
GOBP_REGULATION_OF_AUTOPHAGY_OF_MITOCHONDRION_IN_RESPONSE_TO_MITOCHONDRIAL_DEPOLARIZATION	go_bp	0	4	15	53	2920	1.000000e+00	1.000000e+00	
GOBP_REGULATION_OF_BILE_ACID_BIOSYNTHETIC_PROCESS	go_bp	0	4	12	53	2920	1.000000e+00	1.000000e+00	
GOBP_REGULATION_OF_BLOOD_BRAIN_BARRIER_PERMEABILITY	go_bp	0	4	9	53	2920	1.000000e+00	1.000000e+00	
GOBP_REGULATION_OF_BLOOD_VOLUME_BY_RENIN_ANGIOTENSIN	go_bp	0	4	7	53	2920	1.000000e+00	1.000000e+00	
GOBP_REGULATION_OF_BONE_DEVELOPMENT	go_bp	0	4	10	53	2920	1.000000e+00	1.000000e+00	
GOBP_REGULATION_OF_BRANCHING_INVOLVED_IN_SALIVARY_GLAND_MORPHOGENESIS	go_bp	0	4	9	53	2920	1.000000e+00	1.000000e+00	
GOBP_REGULATION_OF_CALCIDIOL_1_MONOOXYGENASE_ACTIVITY	go_bp	0	4	7	53	2920	1.000000e+00	1.000000e+00	
GOBP_REGULATION_OF_CARDIAC_MUSCLE_ADAPTATION	go_bp	0	4	18	53	2920	1.000000e+00	1.000000e+00	
GOBP_REGULATION_OF_CARDIAC_MUSCLE_CELL_MEMBRANE_REPOLARIZATION	go_bp	0	4	30	53	2920	1.000000e+00	1.000000e+00	
GOBP_REGULATION_OF_CD4_POSITIVE_CD25_POSITIVE_ALPHA_BETA_REGULATORY_T_CELL_DIFFERENTIATION	go_bp	0	4	7	53	2920	1.000000e+00	1.000000e+00	
GOBP_REGULATION_OF_CDC42_PROTEIN_SIGNAL_TRANSDUCTION	go_bp	0	4	8	53	2920	1.000000e+00	1.000000e+00	
GOBP_REGULATION_OF_CELLULAR_RESPONSE_TO_HYPOXIA	go_bp	0	4	20	53	2920	1.000000e+00	1.000000e+00	
GOBP_REGULATION_OF_CELLULAR_RESPONSE_TO_MACROPHAGE_COLONY_STIMULATING_FACTOR_STIMULUS	go_bp	0	4	6	53	2920	1.000000e+00	1.000000e+00	
GOBP_REGULATION_OF_CEREBELLAR_GRANULE_CELL_PRECURSOR_PROLIFERATION	go_bp	0	4	9	53	2920	1.000000e+00	1.000000e+00	
GOBP_REGULATION_OF_CHOLESTEROL_BIOSYNTHETIC_PROCESS	go_bp	0	4	26	53	2920	1.000000e+00	1.000000e+00	
GOBP_REGULATION_OF_COMPLEMENT_ACTIVATION_ALTERNATIVE_PATHWAY	go_bp	0	4	6	53	2920	1.000000e+00	1.000000e+00	
GOBP_REGULATION_OF_DENDRITIC_CELL_ANTIGEN_PROCESSING_AND_PRESENTATION	go_bp	0	4	11	53	2920	1.000000e+00	1.000000e+00	
GOBP_REGULATION_OF_DENDRITIC_SPINE_MAINTENANCE	go_bp	0	4	13	53	2920	1.000000e+00	1.000000e+00	
GOBP_REGULATION_OF_DEVELOPMENT_HETEROCHRONIC	go_bp	0	4	13	53	2920	1.000000e+00	1.000000e+00	
GOBP_REGULATION_OF_DNA_TEMPLATED_DNA_REPLICATION	go_bp	0	4	49	53	2920	1.000000e+00	1.000000e+00	
GOBP_REGULATION_OF_DOPAMINERGIC_NEURON_DIFFERENTIATION	go_bp	0	4	10	53	2920	1.000000e+00	1.000000e+00	
GOBP_REGULATION_OF_EARLY_ENDOSOME_TO_LATE_ENDOSOME_TRANSPORT	go_bp	0	4	19	53	2920	1.000000e+00	1.000000e+00	
GOBP_REGULATION_OF_EOSINOPHIL_MIGRATION	go_bp	0	4	5	53	2920	1.000000e+00	1.000000e+00	
GOBP_REGULATION_OF_ERAD_PATHWAY	go_bp	0	4	24	53	2920	1.000000e+00	1.000000e+00	
GOBP_REGULATION_OF_EXIT_FROM_MITOSIS	go_bp	0	4	18	53	2920	1.000000e+00	1.000000e+00	
GOBP_REGULATION_OF_FC_RECEPTOR_MEDIATED_STIMULATORY_SIGNALING_PATHWAY	go_bp	0	4	10	53	2920	1.000000e+00	1.000000e+00	
GOBP_REGULATION_OF_FEAR_RESPONSE	go_bp	0	4	11	53	2920	1.000000e+00	1.000000e+00	
GOBP_REGULATION_OF_GASTRULATION	go_bp	0	4	17	53	2920	1.000000e+00	1.000000e+00	
GOBP_REGULATION_OF_GLYCOGEN_BIOSYNTHETIC_PROCESS	go_bp	0	4	30	53	2920	1.000000e+00	1.000000e+00	
GOBP_REGULATION_OF_HEART_MORPHOGENESIS	go_bp	0	4	8	53	2920	1.000000e+00	1.000000e+00	
GOBP_REGULATION_OF_HELICASE_ACTIVITY	go_bp	0	4	9	53	2920	1.000000e+00	1.000000e+00	
GOBP_REGULATION_OF_HIPPOCAMPAL_NEURON_APOPTOTIC_PROCESS	go_bp	0	4	5	53	2920	1.000000e+00	1.000000e+00	
GOBP_REGULATION_OF_HYDROGEN_PEROXIDE_MEDIATED_PROGRAMMED_CELL_DEATH	go_bp	0	4	15	53	2920	1.000000e+00	1.000000e+00	
GOBP_REGULATION_OF_INTRACELLULAR_ESTROGEN_RECEPTOR_SIGNALING_PATHWAY	go_bp	0	4	34	53	2920	1.000000e+00	1.000000e+00	
GOBP_REGULATION_OF_IRE1_MEDIATED_UNFOLDED_PROTEIN_RESPONSE	go_bp	0	4	14	53	2920	1.000000e+00	1.000000e+00	
GOBP_REGULATION_OF_LYMPHANGIOGENESIS	go_bp	0	4	7	53	2920	1.000000e+00	1.000000e+00	
GOBP_REGULATION_OF_MATRIX_METALLOPEPTIDASE_SECRETION	go_bp	0	4	11	53	2920	1.000000e+00	1.000000e+00	
GOBP_REGULATION_OF_MEIOTIC_NUCLEAR_DIVISION	go_bp	0	4	35	53	2920	1.000000e+00	1.000000e+00	
GOBP_REGULATION_OF_MEMBRANE_LIPID_DISTRIBUTION	go_bp	0	4	61	53	2920	1.000000e+00	1.000000e+00	
GOBP_REGULATION_OF_MESENCHYMAL_STEM_CELL_DIFFERENTIATION	go_bp	0	4	10	53	2920	1.000000e+00	1.000000e+00	
GOBP_REGULATION_OF_METAPHASE_PLATE_CONGRESSION	go_bp	0	4	14	53	2920	1.000000e+00	1.000000e+00	
GOBP_REGULATION_OF_MICROVILLUS_LENGTH	go_bp	0	4	7	53	2920	1.000000e+00	1.000000e+00	
GOBP_REGULATION_OF_MITOCHONDRIAL_OUTER_MEMBRANE_PERMEABILIZATION_INVOLVED_IN_APOPTOTIC_SIGNALING_PATHWAY	go_bp	0	4	22	53	2920	1.000000e+00	1.000000e+00	
GOBP_REGULATION_OF_MODIFICATION_OF_SYNAPTIC_STRUCTURE	go_bp	0	4	14	53	2920	1.000000e+00	1.000000e+00	
GOBP_REGULATION_OF_MYELOID_DENDRITIC_CELL_ACTIVATION	go_bp	0	4	5	53	2920	1.000000e+00	1.000000e+00	
GOBP_REGULATION_OF_NEURON_MATURATION	go_bp	0	4	8	53	2920	1.000000e+00	1.000000e+00	
GOBP_REGULATION_OF_NEUROTRANSMITTER_RECEPTOR_LOCALIZATION_TO_POSTSYNAPTIC_SPECIALIZATION_MEMBRANE	go_bp	0	4	11	53	2920	1.000000e+00	1.000000e+00	
GOBP_REGULATION_OF_NEUTROPHIL_DEGRANULATION	go_bp	0	4	8	53	2920	1.000000e+00	1.000000e+00	
GOBP_REGULATION_OF_NITRIC_OXIDE_MEDIATED_SIGNAL_TRANSDUCTION	go_bp	0	4	9	53	2920	1.000000e+00	1.000000e+00	
GOBP_REGULATION_OF_ODONTOGENESIS_OF_DENTIN_CONTAINING_TOOTH	go_bp	0	4	12	53	2920	1.000000e+00	1.000000e+00	
GOBP_REGULATION_OF_ORGANELLE_TRANSPORT_ALONG_MICROTUBULE	go_bp	0	4	10	53	2920	1.000000e+00	1.000000e+00	
GOBP_REGULATION_OF_OSTEOCLAST_DEVELOPMENT	go_bp	0	4	11	53	2920	1.000000e+00	1.000000e+00	
GOBP_REGULATION_OF_PEPTIDYL_CYSTEINE_S_NITROSYLATION	go_bp	0	4	11	53	2920	1.000000e+00	1.000000e+00	
GOBP_REGULATION_OF_PHOSPHATE_TRANSPORT	go_bp	0	4	7	53	2920	1.000000e+00	1.000000e+00	
GOBP_REGULATION_OF_PHOSPHATIDYLCHOLINE_METABOLIC_PROCESS	go_bp	0	4	10	53	2920	1.000000e+00	1.000000e+00	
GOBP_REGULATION_OF_PHOSPHOLIPID_CATABOLIC_PROCESS	go_bp	0	4	7	53	2920	1.000000e+00	1.000000e+00	
GOBP_REGULATION_OF_PIGMENTATION	go_bp	0	4	17	53	2920	1.000000e+00	1.000000e+00	
GOBP_REGULATION_OF_PINOCYTOSIS	go_bp	0	4	12	53	2920	1.000000e+00	1.000000e+00	
GOBP_REGULATION_OF_PLATELET_DERIVED_GROWTH_FACTOR_RECEPTOR_BETA_SIGNALING_PATHWAY	go_bp	0	4	8	53	2920	1.000000e+00	1.000000e+00	
GOBP_REGULATION_OF_POSTSYNAPTIC_SPECIALIZATION_ASSEMBLY	go_bp	0	4	16	53	2920	1.000000e+00	1.000000e+00	
GOBP_REGULATION_OF_PROTEIN_CATABOLIC_PROCESS_IN_THE_VACUOLE	go_bp	0	4	14	53	2920	1.000000e+00	1.000000e+00	
GOBP_REGULATION_OF_PROTEIN_EXIT_FROM_ENDOPLASMIC_RETICULUM	go_bp	0	4	26	53	2920	1.000000e+00	1.000000e+00	
GOBP_REGULATION_OF_PROTEIN_GLYCOSYLATION	go_bp	0	4	11	53	2920	1.000000e+00	1.000000e+00	
GOBP_REGULATION_OF_PROTEIN_KINASE_A_SIGNALING	go_bp	0	4	20	53	2920	1.000000e+00	1.000000e+00	
GOBP_REGULATION_OF_PROTEIN_POLYUBIQUITINATION	go_bp	0	4	28	53	2920	1.000000e+00	1.000000e+00	
GOBP_REGULATION_OF_PROTON_TRANSPORT	go_bp	0	4	17	53	2920	1.000000e+00	1.000000e+00	
GOBP_REGULATION_OF_RECEPTOR_CLUSTERING	go_bp	0	4	17	53	2920	1.000000e+00	1.000000e+00	
GOBP_REGULATION_OF_RESPONSE_TO_OXIDATIVE_STRESS	go_bp	0	4	36	53	2920	1.000000e+00	1.000000e+00	
GOBP_REGULATION_OF_RUFFLE_ASSEMBLY	go_bp	0	4	32	53	2920	1.000000e+00	1.000000e+00	
GOBP_REGULATION_OF_SEROTONIN_SECRETION	go_bp	0	4	7	53	2920	1.000000e+00	1.000000e+00	
GOBP_REGULATION_OF_SKELETAL_MUSCLE_CELL_DIFFERENTIATION	go_bp	0	4	22	53	2920	1.000000e+00	1.000000e+00	
GOBP_REGULATION_OF_SKELETAL_MUSCLE_CELL_PROLIFERATION	go_bp	0	4	16	53	2920	1.000000e+00	1.000000e+00	
GOBP_REGULATION_OF_SYNAPSE_MATURATION	go_bp	0	4	21	53	2920	1.000000e+00	1.000000e+00	
GOBP_REGULATION_OF_SYNAPSE_PRUNING	go_bp	0	4	6	53	2920	1.000000e+00	1.000000e+00	
GOBP_REGULATION_OF_TELOMERE_CAPPING	go_bp	0	4	26	53	2920	1.000000e+00	1.000000e+00	
GOBP_REGULATION_OF_TOLL_LIKE_RECEPTOR_9_SIGNALING_PATHWAY	go_bp	0	4	12	53	2920	1.000000e+00	1.000000e+00	
GOBP_REGULATION_OF_TOOTH_MINERALIZATION	go_bp	0	4	13	53	2920	1.000000e+00	1.000000e+00	
GOBP_REGULATION_OF_TRANSCRIPTION_REGULATORY_REGION_DNA_BINDING	go_bp	0	4	34	53	2920	1.000000e+00	1.000000e+00	
GOBP_REGULATION_OF_TRANSLATIONAL_INITIATION_BY_EIF2_ALPHA_PHOSPHORYLATION	go_bp	0	4	12	53	2920	1.000000e+00	1.000000e+00	
GOBP_REGULATION_OF_TRANSLATION_IN_RESPONSE_TO_ENDOPLASMIC_RETICULUM_STRESS	go_bp	0	4	12	53	2920	1.000000e+00	1.000000e+00	
GOBP_REGULATION_OF_TRIGLYCERIDE_BIOSYNTHETIC_PROCESS	go_bp	0	4	23	53	2920	1.000000e+00	1.000000e+00	
GOBP_REGULATION_OF_T_CELL_ACTIVATION_VIA_T_CELL_RECEPTOR_CONTACT_WITH_ANTIGEN_BOUND_TO_MHC_MOLECULE_ON_ANTIGEN_PRESENTING_CELL	go_bp	0	4	6	53	2920	1.000000e+00	1.000000e+00	
GOBP_REGULATION_OF_T_HELPER_17_CELL_LINEAGE_COMMITMENT	go_bp	0	4	10	53	2920	1.000000e+00	1.000000e+00	
GOBP_REGULATION_OF_T_HELPER_1_CELL_DIFFERENTIATION	go_bp	0	4	11	53	2920	1.000000e+00	1.000000e+00	
GOBP_REGULATION_OF_T_HELPER_2_CELL_DIFFERENTIATION	go_bp	0	4	12	53	2920	1.000000e+00	1.000000e+00	
GOBP_REGULATION_OF_VENTRICULAR_CARDIAC_MUSCLE_CELL_MEMBRANE_REPOLARIZATION	go_bp	0	4	25	53	2920	1.000000e+00	1.000000e+00	
GOBP_RESCUE_OF_STALLED_RIBOSOME	go_bp	0	4	33	53	2920	1.000000e+00	1.000000e+00	
GOBP_RESPIRATORY_BURST_INVOLVED_IN_INFLAMMATORY_RESPONSE	go_bp	0	4	10	53	2920	1.000000e+00	1.000000e+00	
GOBP_RESPIRATORY_SYSTEM_PROCESS	go_bp	0	4	44	53	2920	1.000000e+00	1.000000e+00	
GOBP_RESPONSE_TO_DISACCHARIDE	go_bp	0	4	8	53	2920	1.000000e+00	1.000000e+00	
GOBP_RESPONSE_TO_FOLIC_ACID	go_bp	0	4	11	53	2920	1.000000e+00	1.000000e+00	
GOBP_RESPONSE_TO_GLYCOPROTEIN	go_bp	0	4	11	53	2920	1.000000e+00	1.000000e+00	
GOBP_RESPONSE_TO_GRAVITY	go_bp	0	4	9	53	2920	1.000000e+00	1.000000e+00	
GOBP_RESPONSE_TO_HEPARIN	go_bp	0	4	6	53	2920	1.000000e+00	1.000000e+00	
GOBP_RESPONSE_TO_HYDROPEROXIDE	go_bp	0	4	20	53	2920	1.000000e+00	1.000000e+00	
GOBP_RESPONSE_TO_HYDROSTATIC_PRESSURE	go_bp	0	4	7	53	2920	1.000000e+00	1.000000e+00	
GOBP_RESPONSE_TO_MURAMYL_DIPEPTIDE	go_bp	0	4	21	53	2920	1.000000e+00	1.000000e+00	
GOBP_RESPONSE_TO_PHENYLPROPANOID	go_bp	0	4	5	53	2920	1.000000e+00	1.000000e+00	
GOBP_RESPONSE_TO_REDOX_STATE	go_bp	0	4	14	53	2920	1.000000e+00	1.000000e+00	
GOBP_RESPONSE_TO_VITAMIN_K	go_bp	0	4	5	53	2920	1.000000e+00	1.000000e+00	
GOBP_RESPONSE_TO_YEAST	go_bp	0	4	7	53	2920	1.000000e+00	1.000000e+00	
GOBP_RIBONUCLEOSIDE_CATABOLIC_PROCESS	go_bp	0	4	21	53	2920	1.000000e+00	1.000000e+00	
GOBP_RIBONUCLEOSIDE_DIPHOSPHATE_BIOSYNTHETIC_PROCESS	go_bp	0	4	10	53	2920	1.000000e+00	1.000000e+00	
GOBP_RIG_I_SIGNALING_PATHWAY	go_bp	0	4	28	53	2920	1.000000e+00	1.000000e+00	
GOBP_RNA_MODIFICATION	go_bp	0	4	171	53	2920	1.000000e+00	1.000000e+00	
GOBP_RNA_POLYMERASE_II_PREINITIATION_COMPLEX_ASSEMBLY	go_bp	0	4	67	53	2920	1.000000e+00	1.000000e+00	
GOBP_RRNA_TRANSCRIPTION	go_bp	0	4	40	53	2920	1.000000e+00	1.000000e+00	
GOBP_SECONDARY_METABOLITE_BIOSYNTHETIC_PROCESS	go_bp	0	4	26	53	2920	1.000000e+00	1.000000e+00	
GOBP_SEQUESTERING_OF_ACTIN_MONOMERS	go_bp	0	4	11	53	2920	1.000000e+00	1.000000e+00	
GOBP_SEQUESTERING_OF_EXTRACELLULAR_LIGAND_FROM_RECEPTOR	go_bp	0	4	11	53	2920	1.000000e+00	1.000000e+00	
GOBP_SERINE_FAMILY_AMINO_ACID_CATABOLIC_PROCESS	go_bp	0	4	13	53	2920	1.000000e+00	1.000000e+00	
GOBP_SERINE_PHOSPHORYLATION_OF_STAT_PROTEIN	go_bp	0	4	23	53	2920	1.000000e+00	1.000000e+00	
GOBP_SEROTONIN_SECRETION	go_bp	0	4	10	53	2920	1.000000e+00	1.000000e+00	
GOBP_SERTOLI_CELL_DEVELOPMENT	go_bp	0	4	15	53	2920	1.000000e+00	1.000000e+00	
GOBP_SIGNAL_COMPLEX_ASSEMBLY	go_bp	0	4	8	53	2920	1.000000e+00	1.000000e+00	
GOBP_SKELETAL_MUSCLE_ADAPTATION	go_bp	0	4	25	53	2920	1.000000e+00	1.000000e+00	
GOBP_SKELETAL_MUSCLE_SATELLITE_CELL_DIFFERENTIATION	go_bp	0	4	13	53	2920	1.000000e+00	1.000000e+00	
GOBP_SKIN_MORPHOGENESIS	go_bp	0	4	13	53	2920	1.000000e+00	1.000000e+00	
GOBP_SMOOTH_MUSCLE_CELL_CHEMOTAXIS	go_bp	0	4	9	53	2920	1.000000e+00	1.000000e+00	
GOBP_SMOOTH_MUSCLE_CELL_MATRIX_ADHESION	go_bp	0	4	6	53	2920	1.000000e+00	1.000000e+00	
GOBP_SODIUM_DEPENDENT_PHOSPHATE_TRANSPORT	go_bp	0	4	12	53	2920	1.000000e+00	1.000000e+00	
GOBP_SPHINGOID_BIOSYNTHETIC_PROCESS	go_bp	0	4	14	53	2920	1.000000e+00	1.000000e+00	
GOBP_STEM_CELL_DIVISION	go_bp	0	4	34	53	2920	1.000000e+00	1.000000e+00	
GOBP_STORE_OPERATED_CALCIUM_ENTRY	go_bp	0	4	23	53	2920	1.000000e+00	1.000000e+00	
GOBP_SULFUR_AMINO_ACID_CATABOLIC_PROCESS	go_bp	0	4	11	53	2920	1.000000e+00	1.000000e+00	
GOBP_SUPPRESSION_OF_VIRAL_RELEASE_BY_HOST	go_bp	0	4	16	53	2920	1.000000e+00	1.000000e+00	
GOBP_SYNAPTIC_SIGNALING_VIA_NEUROPEPTIDE	go_bp	0	4	6	53	2920	1.000000e+00	1.000000e+00	
GOBP_S_ADENOSYLMETHIONINE_METABOLIC_PROCESS	go_bp	0	4	16	53	2920	1.000000e+00	1.000000e+00	
GOBP_TESTOSTERONE_BIOSYNTHETIC_PROCESS	go_bp	0	4	11	53	2920	1.000000e+00	1.000000e+00	
GOBP_TETRAHYDROFOLATE_METABOLIC_PROCESS	go_bp	0	4	19	53	2920	1.000000e+00	1.000000e+00	
GOBP_THIOESTER_BIOSYNTHETIC_PROCESS	go_bp	0	4	47	53	2920	1.000000e+00	1.000000e+00	
GOBP_THYMOCYTE_MIGRATION	go_bp	0	4	7	53	2920	1.000000e+00	1.000000e+00	
GOBP_TOLL_SIGNALING_PATHWAY	go_bp	0	4	12	53	2920	1.000000e+00	1.000000e+00	
GOBP_TRACHEA_MORPHOGENESIS	go_bp	0	4	11	53	2920	1.000000e+00	1.000000e+00	
GOBP_TRANSCRIPTION_PREINITIATION_COMPLEX_ASSEMBLY	go_bp	0	4	81	53	2920	1.000000e+00	1.000000e+00	
GOBP_TRANSFORMING_GROWTH_FACTOR_BETA2_PRODUCTION	go_bp	0	4	8	53	2920	1.000000e+00	1.000000e+00	
GOBP_TRIF_DEPENDENT_TOLL_LIKE_RECEPTOR_SIGNALING_PATHWAY	go_bp	0	4	11	53	2920	1.000000e+00	1.000000e+00	
GOBP_TROPHOBLAST_CELL_MIGRATION	go_bp	0	4	18	53	2920	1.000000e+00	1.000000e+00	
GOBP_TRUNK_SEGMENTATION	go_bp	0	4	5	53	2920	1.000000e+00	1.000000e+00	
GOBP_TYPE_B_PANCREATIC_CELL_DEVELOPMENT	go_bp	0	4	24	53	2920	1.000000e+00	1.000000e+00	
GOBP_TYPE_B_PANCREATIC_CELL_DIFFERENTIATION	go_bp	0	4	29	53	2920	1.000000e+00	1.000000e+00	
GOBP_UDP_N_ACETYLGLUCOSAMINE_METABOLIC_PROCESS	go_bp	0	4	14	53	2920	1.000000e+00	1.000000e+00	
GOBP_UREA_CYCLE	go_bp	0	4	11	53	2920	1.000000e+00	1.000000e+00	
GOBP_UTERUS_DEVELOPMENT	go_bp	0	4	25	53	2920	1.000000e+00	1.000000e+00	
GOBP_UV_PROTECTION	go_bp	0	4	12	53	2920	1.000000e+00	1.000000e+00	
GOBP_VASCULAR_ENDOTHELIAL_GROWTH_FACTOR_RECEPTOR_2_SIGNALING_PATHWAY	go_bp	0	4	6	53	2920	1.000000e+00	1.000000e+00	
GOBP_VERY_LONG_CHAIN_FATTY_ACID_METABOLIC_PROCESS	go_bp	0	4	35	53	2920	1.000000e+00	1.000000e+00	
GOBP_VESICLE_CARGO_LOADING	go_bp	0	4	36	53	2920	1.000000e+00	1.000000e+00	
GOBP_VESICLE_TARGETING_ROUGH_ER_TO_CIS_GOLGI	go_bp	0	4	27	53	2920	1.000000e+00	1.000000e+00	
GOBP_VESICLE_TARGETING_TO_FROM_OR_WITHIN_GOLGI	go_bp	0	4	34	53	2920	1.000000e+00	1.000000e+00	
GOBP_VITAMIN_TRANSMEMBRANE_TRANSPORT	go_bp	0	4	20	53	2920	1.000000e+00	1.000000e+00	
GOBP_WALKING_BEHAVIOR	go_bp	0	4	35	53	2920	1.000000e+00	1.000000e+00	
GOBP_XENOPHAGY	go_bp	0	4	14	53	2920	1.000000e+00	1.000000e+00	
GOBP_CALCIUM_ION_TRANSMEMBRANE_IMPORT_INTO_CYTOSOL	go_bp	0	51	189	53	2920	1.000000e+00	1.000000e+00	
GOBP_INSULIN_SECRETION	go_bp	0	51	201	53	2920	1.000000e+00	1.000000e+00	
GOBP_POSITIVE_REGULATION_OF_LYMPHOCYTE_DIFFERENTIATION	go_bp	0	51	137	53	2920	1.000000e+00	1.000000e+00	
GOBP_PROTEASOME_MEDIATED_UBIQUITIN_DEPENDENT_PROTEIN_CATABOLIC_PROCESS	go_bp	0	51	401	53	2920	1.000000e+00	1.000000e+00	
GOBP_REGULATION_OF_PEPTIDE_TRANSPORT	go_bp	0	51	201	53	2920	1.000000e+00	1.000000e+00	
GOBP_NEGATIVE_REGULATION_OF_IMMUNE_RESPONSE	go_bp	0	73	199	53	2920	1.000000e+00	1.000000e+00	
GOBP_REGULATION_OF_CELL_CYCLE_PHASE_TRANSITION	go_bp	0	73	460	53	2920	1.000000e+00	1.000000e+00	
GOBP_APOPTOTIC_MITOCHONDRIAL_CHANGES	go_bp	0	31	107	53	2920	1.000000e+00	1.000000e+00	
GOBP_CELLULAR_OXIDANT_DETOXIFICATION	go_bp	0	31	98	53	2920	1.000000e+00	1.000000e+00	
GOBP_GLYCEROLIPID_BIOSYNTHETIC_PROCESS	go_bp	0	31	256	53	2920	1.000000e+00	1.000000e+00	
GOBP_GLYCOSYLATION	go_bp	0	31	244	53	2920	1.000000e+00	1.000000e+00	
GOBP_HETEROPHILIC_CELL_CELL_ADHESION_VIA_PLASMA_MEMBRANE_CELL_ADHESION_MOLECULES	go_bp	0	31	52	53	2920	1.000000e+00	1.000000e+00	
GOBP_NEGATIVE_REGULATION_OF_CYTOSKELETON_ORGANIZATION	go_bp	0	31	164	53	2920	1.000000e+00	1.000000e+00	
GOBP_PHOSPHOLIPID_BIOSYNTHETIC_PROCESS	go_bp	0	31	255	53	2920	1.000000e+00	1.000000e+00	
GOBP_POSITIVE_REGULATION_OF_AUTOPHAGY	go_bp	0	31	159	53	2920	1.000000e+00	1.000000e+00	
GOBP_POSITIVE_REGULATION_OF_COLD_INDUCED_THERMOGENESIS	go_bp	0	31	101	53	2920	1.000000e+00	1.000000e+00	
GOBP_POSITIVE_REGULATION_OF_CYTOKINE_PRODUCTION_INVOLVED_IN_IMMUNE_RESPONSE	go_bp	0	31	82	53	2920	1.000000e+00	1.000000e+00	
GOBP_PROTEIN_LOCALIZATION_TO_CELL_JUNCTION	go_bp	0	31	108	53	2920	1.000000e+00	1.000000e+00	
GOBP_REGULATION_OF_EXTRACELLULAR_MATRIX_ORGANIZATION	go_bp	0	31	74	53	2920	1.000000e+00	1.000000e+00	
GOBP_RIBONUCLEOPROTEIN_COMPLEX_BIOGENESIS	go_bp	0	31	491	53	2920	1.000000e+00	1.000000e+00	
GOBP_VACUOLAR_TRANSPORT	go_bp	0	31	173	53	2920	1.000000e+00	1.000000e+00	
GOBP_AMINE_METABOLIC_PROCESS	go_bp	0	29	119	53	2920	1.000000e+00	1.000000e+00	
GOBP_AMINO_ACID_CATABOLIC_PROCESS	go_bp	0	29	103	53	2920	1.000000e+00	1.000000e+00	
GOBP_BIOLOGICAL_PROCESS_INVOLVED_IN_INTERACTION_WITH_SYMBIONT	go_bp	0	29	121	53	2920	1.000000e+00	1.000000e+00	
GOBP_CELLULAR_RESPONSE_TO_UV	go_bp	0	29	91	53	2920	1.000000e+00	1.000000e+00	
GOBP_INSULIN_RECEPTOR_SIGNALING_PATHWAY	go_bp	0	29	131	53	2920	1.000000e+00	1.000000e+00	
GOBP_LYMPHOCYTE_HOMEOSTASIS	go_bp	0	29	78	53	2920	1.000000e+00	1.000000e+00	
GOBP_MICROTUBULE_BASED_TRANSPORT	go_bp	0	29	217	53	2920	1.000000e+00	1.000000e+00	
GOBP_NEGATIVE_REGULATION_OF_ADAPTIVE_IMMUNE_RESPONSE	go_bp	0	29	64	53	2920	1.000000e+00	1.000000e+00	
GOBP_NEGATIVE_REGULATION_OF_LYMPHOCYTE_MEDIATED_IMMUNITY	go_bp	0	29	60	53	2920	1.000000e+00	1.000000e+00	
GOBP_POSITIVE_REGULATION_OF_BINDING	go_bp	0	29	108	53	2920	1.000000e+00	1.000000e+00	
GOBP_REGULATION_OF_DNA_REPAIR	go_bp	0	29	225	53	2920	1.000000e+00	1.000000e+00	
GOBP_REGULATION_OF_LYMPHOCYTE_APOPTOTIC_PROCESS	go_bp	0	29	59	53	2920	1.000000e+00	1.000000e+00	
GOBP_REGULATION_OF_RNA_SPLICING	go_bp	0	29	185	53	2920	1.000000e+00	1.000000e+00	
GOBP_SIGNAL_TRANSDUCTION_IN_ABSENCE_OF_LIGAND	go_bp	0	29	69	53	2920	1.000000e+00	1.000000e+00	
GOBP_SKELETAL_MUSCLE_ORGAN_DEVELOPMENT	go_bp	0	29	186	53	2920	1.000000e+00	1.000000e+00	
GOBP_SPHINGOLIPID_METABOLIC_PROCESS	go_bp	0	29	171	53	2920	1.000000e+00	1.000000e+00	
GOBP_T_CELL_APOPTOTIC_PROCESS	go_bp	0	29	58	53	2920	1.000000e+00	1.000000e+00	
GOBP_DNA_REPAIR	go_bp	0	71	615	53	2920	1.000000e+00	1.000000e+00	
GOBP_POSITIVE_REGULATION_OF_ENDOCYTOSIS	go_bp	0	71	157	53	2920	1.000000e+00	1.000000e+00	
GOBP_REGULATION_OF_AUTOPHAGY	go_bp	0	71	368	53	2920	1.000000e+00	1.000000e+00	
GOBP_ACTIVATION_OF_PHOSPHOLIPASE_C_ACTIVITY	go_bp	0	7	24	53	2920	1.000000e+00	1.000000e+00	
GOBP_AMMONIUM_ION_METABOLIC_PROCESS	go_bp	0	7	23	53	2920	1.000000e+00	1.000000e+00	
GOBP_ANTRAL_OVARIAN_FOLLICLE_GROWTH	go_bp	0	7	12	53	2920	1.000000e+00	1.000000e+00	
GOBP_ARACHIDONIC_ACID_SECRETION	go_bp	0	7	31	53	2920	1.000000e+00	1.000000e+00	
GOBP_ARGININE_CATABOLIC_PROCESS	go_bp	0	7	10	53	2920	1.000000e+00	1.000000e+00	
GOBP_AXON_ENSHEATHMENT_IN_CENTRAL_NERVOUS_SYSTEM	go_bp	0	7	26	53	2920	1.000000e+00	1.000000e+00	
GOBP_BASE_EXCISION_REPAIR	go_bp	0	7	44	53	2920	1.000000e+00	1.000000e+00	
GOBP_BENZENE_CONTAINING_COMPOUND_METABOLIC_PROCESS	go_bp	0	7	26	53	2920	1.000000e+00	1.000000e+00	
GOBP_BILE_ACID_BIOSYNTHETIC_PROCESS	go_bp	0	7	38	53	2920	1.000000e+00	1.000000e+00	
GOBP_BONE_MATURATION	go_bp	0	7	28	53	2920	1.000000e+00	1.000000e+00	
GOBP_CAMERA_TYPE_EYE_PHOTORECEPTOR_CELL_DIFFERENTIATION	go_bp	0	7	32	53	2920	1.000000e+00	1.000000e+00	
GOBP_CARDIAC_CONDUCTION_SYSTEM_DEVELOPMENT	go_bp	0	7	37	53	2920	1.000000e+00	1.000000e+00	
GOBP_CELLULAR_RESPONSE_TO_ALDEHYDE	go_bp	0	7	17	53	2920	1.000000e+00	1.000000e+00	
GOBP_CELLULAR_RESPONSE_TO_ANGIOTENSIN	go_bp	0	7	35	53	2920	1.000000e+00	1.000000e+00	
GOBP_CELLULAR_RESPONSE_TO_REACTIVE_NITROGEN_SPECIES	go_bp	0	7	17	53	2920	1.000000e+00	1.000000e+00	
GOBP_CELL_CELL_JUNCTION_MAINTENANCE	go_bp	0	7	18	53	2920	1.000000e+00	1.000000e+00	
GOBP_CELL_COMMUNICATION_BY_ELECTRICAL_COUPLING	go_bp	0	7	33	53	2920	1.000000e+00	1.000000e+00	
GOBP_CELL_CYCLE_DNA_REPLICATION	go_bp	0	7	46	53	2920	1.000000e+00	1.000000e+00	
GOBP_CELL_DIFFERENTIATION_INVOLVED_IN_METANEPHROS_DEVELOPMENT	go_bp	0	7	22	53	2920	1.000000e+00	1.000000e+00	
GOBP_CELL_DIFFERENTIATION_IN_SPINAL_CORD	go_bp	0	7	50	53	2920	1.000000e+00	1.000000e+00	
GOBP_CELL_PROLIFERATION_INVOLVED_IN_KIDNEY_DEVELOPMENT	go_bp	0	7	23	53	2920	1.000000e+00	1.000000e+00	
GOBP_CERAMIDE_BIOSYNTHETIC_PROCESS	go_bp	0	7	69	53	2920	1.000000e+00	1.000000e+00	
GOBP_CHAPERONE_MEDIATED_PROTEIN_COMPLEX_ASSEMBLY	go_bp	0	7	24	53	2920	1.000000e+00	1.000000e+00	
GOBP_CHONDROCYTE_DEVELOPMENT	go_bp	0	7	32	53	2920	1.000000e+00	1.000000e+00	
GOBP_CHROMOSOME_SEPARATION	go_bp	0	7	82	53	2920	1.000000e+00	1.000000e+00	
GOBP_CIRCADIAN_SLEEP_WAKE_CYCLE	go_bp	0	7	22	53	2920	1.000000e+00	1.000000e+00	
GOBP_COLLAGEN_ACTIVATED_SIGNALING_PATHWAY	go_bp	0	7	15	53	2920	1.000000e+00	1.000000e+00	
GOBP_CRANIAL_NERVE_DEVELOPMENT	go_bp	0	7	64	53	2920	1.000000e+00	1.000000e+00	
GOBP_DENDRITIC_CELL_CYTOKINE_PRODUCTION	go_bp	0	7	18	53	2920	1.000000e+00	1.000000e+00	
GOBP_DENDRITIC_SPINE_MAINTENANCE	go_bp	0	7	22	53	2920	1.000000e+00	1.000000e+00	
GOBP_DETECTION_OF_BACTERIUM	go_bp	0	7	16	53	2920	1.000000e+00	1.000000e+00	
GOBP_DEVELOPMENTAL_INDUCTION	go_bp	0	7	33	53	2920	1.000000e+00	1.000000e+00	
GOBP_DIOL_BIOSYNTHETIC_PROCESS	go_bp	0	7	22	53	2920	1.000000e+00	1.000000e+00	
GOBP_DNA_CATABOLIC_PROCESS	go_bp	0	7	33	53	2920	1.000000e+00	1.000000e+00	
GOBP_DNA_DAMAGE_RESPONSE_SIGNAL_TRANSDUCTION_BY_P53_CLASS_MEDIATOR_RESULTING_IN_CELL_CYCLE_ARREST	go_bp	0	7	19	53	2920	1.000000e+00	1.000000e+00	
GOBP_EMBRYONIC_DIGIT_MORPHOGENESIS	go_bp	0	7	58	53	2920	1.000000e+00	1.000000e+00	
GOBP_ENDOCYTOSIS_INVOLVED_IN_VIRAL_ENTRY_INTO_HOST_CELL	go_bp	0	7	13	53	2920	1.000000e+00	1.000000e+00	
GOBP_ENDOSOME_TO_LYSOSOME_TRANSPORT	go_bp	0	7	74	53	2920	1.000000e+00	1.000000e+00	
GOBP_EPITHELIAL_TO_MESENCHYMAL_TRANSITION_INVOLVED_IN_ENDOCARDIAL_CUSHION_FORMATION	go_bp	0	7	18	53	2920	1.000000e+00	1.000000e+00	
GOBP_ESTABLISHMENT_OF_MITOCHONDRION_LOCALIZATION	go_bp	0	7	33	53	2920	1.000000e+00	1.000000e+00	
GOBP_ESTABLISHMENT_OF_MITOTIC_SPINDLE_LOCALIZATION	go_bp	0	7	40	53	2920	1.000000e+00	1.000000e+00	
GOBP_ESTABLISHMENT_OR_MAINTENANCE_OF_MONOPOLAR_CELL_POLARITY	go_bp	0	7	27	53	2920	1.000000e+00	1.000000e+00	
GOBP_FACE_MORPHOGENESIS	go_bp	0	7	32	53	2920	1.000000e+00	1.000000e+00	
GOBP_FC_EPSILON_RECEPTOR_SIGNALING_PATHWAY	go_bp	0	7	25	53	2920	1.000000e+00	1.000000e+00	
GOBP_FIBROBLAST_ACTIVATION	go_bp	0	7	15	53	2920	1.000000e+00	1.000000e+00	
GOBP_FOREBRAIN_GENERATION_OF_NEURONS	go_bp	0	7	54	53	2920	1.000000e+00	1.000000e+00	
GOBP_FOREBRAIN_NEURON_DIFFERENTIATION	go_bp	0	7	44	53	2920	1.000000e+00	1.000000e+00	
GOBP_GAMMA_DELTA_T_CELL_ACTIVATION	go_bp	0	7	26	53	2920	1.000000e+00	1.000000e+00	
GOBP_GLUCOCORTICOID_METABOLIC_PROCESS	go_bp	0	7	25	53	2920	1.000000e+00	1.000000e+00	
GOBP_GLUCOSE_CATABOLIC_PROCESS	go_bp	0	7	27	53	2920	1.000000e+00	1.000000e+00	
GOBP_GLUTAMATE_METABOLIC_PROCESS	go_bp	0	7	34	53	2920	1.000000e+00	1.000000e+00	
GOBP_GLYCOSIDE_METABOLIC_PROCESS	go_bp	0	7	21	53	2920	1.000000e+00	1.000000e+00	
GOBP_GOLGI_TO_PLASMA_MEMBRANE_PROTEIN_TRANSPORT	go_bp	0	7	42	53	2920	1.000000e+00	1.000000e+00	
GOBP_GROWTH_PLATE_CARTILAGE_DEVELOPMENT	go_bp	0	7	19	53	2920	1.000000e+00	1.000000e+00	
GOBP_HEART_FORMATION	go_bp	0	7	34	53	2920	1.000000e+00	1.000000e+00	
GOBP_HEPARAN_SULFATE_PROTEOGLYCAN_CATABOLIC_PROCESS	go_bp	0	7	9	53	2920	1.000000e+00	1.000000e+00	
GOBP_HIGH_DENSITY_LIPOPROTEIN_PARTICLE_CLEARANCE	go_bp	0	7	18	53	2920	1.000000e+00	1.000000e+00	
GOBP_HYALURONAN_BIOSYNTHETIC_PROCESS	go_bp	0	7	14	53	2920	1.000000e+00	1.000000e+00	
GOBP_IMMATURE_T_CELL_PROLIFERATION	go_bp	0	7	13	53	2920	1.000000e+00	1.000000e+00	
GOBP_IMMUNE_RESPONSE_INHIBITING_SIGNAL_TRANSDUCTION	go_bp	0	7	11	53	2920	1.000000e+00	1.000000e+00	
GOBP_IMMUNE_RESPONSE_REGULATING_CELL_SURFACE_RECEPTOR_SIGNALING_PATHWAY_INVOLVED_IN_PHAGOCYTOSIS	go_bp	0	7	22	53	2920	1.000000e+00	1.000000e+00	
GOBP_IMMUNOLOGICAL_MEMORY_FORMATION_PROCESS	go_bp	0	7	14	53	2920	1.000000e+00	1.000000e+00	
GOBP_INFLAMMATORY_CELL_APOPTOTIC_PROCESS	go_bp	0	7	23	53	2920	1.000000e+00	1.000000e+00	
GOBP_INNER_EAR_RECEPTOR_CELL_STEREOCILIUM_ORGANIZATION	go_bp	0	7	35	53	2920	1.000000e+00	1.000000e+00	
GOBP_INSULIN_METABOLIC_PROCESS	go_bp	0	7	16	53	2920	1.000000e+00	1.000000e+00	
GOBP_INTERLEUKIN_17_MEDIATED_SIGNALING_PATHWAY	go_bp	0	7	12	53	2920	1.000000e+00	1.000000e+00	
GOBP_INTERLEUKIN_23_PRODUCTION	go_bp	0	7	10	53	2920	1.000000e+00	1.000000e+00	
GOBP_INTRACELLULAR_ESTROGEN_RECEPTOR_SIGNALING_PATHWAY	go_bp	0	7	53	53	2920	1.000000e+00	1.000000e+00	
GOBP_LONG_TERM_MEMORY	go_bp	0	7	39	53	2920	1.000000e+00	1.000000e+00	
GOBP_LUNG_CELL_DIFFERENTIATION	go_bp	0	7	29	53	2920	1.000000e+00	1.000000e+00	
GOBP_MACROPHAGE_PROLIFERATION	go_bp	0	7	13	53	2920	1.000000e+00	1.000000e+00	
GOBP_MAINTENANCE_OF_PROTEIN_LOCATION_IN_NUCLEUS	go_bp	0	7	24	53	2920	1.000000e+00	1.000000e+00	
GOBP_MEIOTIC_CHROMOSOME_SEGREGATION	go_bp	0	7	93	53	2920	1.000000e+00	1.000000e+00	
GOBP_MEMBRANE_DEPOLARIZATION_DURING_ACTION_POTENTIAL	go_bp	0	7	28	53	2920	1.000000e+00	1.000000e+00	
GOBP_MESODERMAL_CELL_DIFFERENTIATION	go_bp	0	7	35	53	2920	1.000000e+00	1.000000e+00	
GOBP_METALLO_SULFUR_CLUSTER_ASSEMBLY	go_bp	0	7	29	53	2920	1.000000e+00	1.000000e+00	
GOBP_METANEPHRIC_GLOMERULUS_DEVELOPMENT	go_bp	0	7	17	53	2920	1.000000e+00	1.000000e+00	
GOBP_METANEPHRIC_TUBULE_DEVELOPMENT	go_bp	0	7	24	53	2920	1.000000e+00	1.000000e+00	
GOBP_METANEPHROS_MORPHOGENESIS	go_bp	0	7	31	53	2920	1.000000e+00	1.000000e+00	
GOBP_MICROGLIAL_CELL_PROLIFERATION	go_bp	0	7	9	53	2920	1.000000e+00	1.000000e+00	
GOBP_MITOCHONDRIAL_FISSION	go_bp	0	7	40	53	2920	1.000000e+00	1.000000e+00	
GOBP_MITOCHONDRIAL_GENOME_MAINTENANCE	go_bp	0	7	30	53	2920	1.000000e+00	1.000000e+00	
GOBP_MITOCHONDRIAL_OUTER_MEMBRANE_PERMEABILIZATION	go_bp	0	7	31	53	2920	1.000000e+00	1.000000e+00	
GOBP_MITOCHONDRION_LOCALIZATION	go_bp	0	7	52	53	2920	1.000000e+00	1.000000e+00	
GOBP_MITOTIC_G2_M_TRANSITION_CHECKPOINT	go_bp	0	7	55	53	2920	1.000000e+00	1.000000e+00	
GOBP_MODULATION_OF_PROCESS_OF_ANOTHER_ORGANISM	go_bp	0	7	17	53	2920	1.000000e+00	1.000000e+00	
GOBP_MRNA_EXPORT_FROM_NUCLEUS	go_bp	0	7	72	53	2920	1.000000e+00	1.000000e+00	
GOBP_MYD88_DEPENDENT_TOLL_LIKE_RECEPTOR_SIGNALING_PATHWAY	go_bp	0	7	20	53	2920	1.000000e+00	1.000000e+00	
GOBP_MYELIN_ASSEMBLY	go_bp	0	7	24	53	2920	1.000000e+00	1.000000e+00	
GOBP_NADPH_REGENERATION	go_bp	0	7	23	53	2920	1.000000e+00	1.000000e+00	
GOBP_NATURAL_KILLER_CELL_ACTIVATION_INVOLVED_IN_IMMUNE_RESPONSE	go_bp	0	7	35	53	2920	1.000000e+00	1.000000e+00	
GOBP_NATURAL_KILLER_CELL_CHEMOTAXIS	go_bp	0	7	10	53	2920	1.000000e+00	1.000000e+00	
GOBP_NATURAL_KILLER_CELL_PROLIFERATION	go_bp	0	7	15	53	2920	1.000000e+00	1.000000e+00	
GOBP_NEGATIVE_REGULATION_OF_ACTIN_FILAMENT_BUNDLE_ASSEMBLY	go_bp	0	7	36	53	2920	1.000000e+00	1.000000e+00	
GOBP_NEGATIVE_REGULATION_OF_ALPHA_BETA_T_CELL_PROLIFERATION	go_bp	0	7	16	53	2920	1.000000e+00	1.000000e+00	
GOBP_NEGATIVE_REGULATION_OF_AMYLOID_FIBRIL_FORMATION	go_bp	0	7	13	53	2920	1.000000e+00	1.000000e+00	
GOBP_NEGATIVE_REGULATION_OF_B_CELL_MEDIATED_IMMUNITY	go_bp	0	7	15	53	2920	1.000000e+00	1.000000e+00	
GOBP_NEGATIVE_REGULATION_OF_CATION_CHANNEL_ACTIVITY	go_bp	0	7	47	53	2920	1.000000e+00	1.000000e+00	
GOBP_NEGATIVE_REGULATION_OF_CELL_CELL_ADHESION_MEDIATED_BY_CADHERIN	go_bp	0	7	10	53	2920	1.000000e+00	1.000000e+00	
GOBP_NEGATIVE_REGULATION_OF_DNA_BIOSYNTHETIC_PROCESS	go_bp	0	7	35	53	2920	1.000000e+00	1.000000e+00	
GOBP_NEGATIVE_REGULATION_OF_ENDOPLASMIC_RETICULUM_STRESS_INDUCED_INTRINSIC_APOPTOTIC_SIGNALING_PATHWAY	go_bp	0	7	20	53	2920	1.000000e+00	1.000000e+00	
GOBP_NEGATIVE_REGULATION_OF_GLIOGENESIS	go_bp	0	7	45	53	2920	1.000000e+00	1.000000e+00	
GOBP_NEGATIVE_REGULATION_OF_HUMORAL_IMMUNE_RESPONSE_MEDIATED_BY_CIRCULATING_IMMUNOGLOBULIN	go_bp	0	7	11	53	2920	1.000000e+00	1.000000e+00	
GOBP_NEGATIVE_REGULATION_OF_INCLUSION_BODY_ASSEMBLY	go_bp	0	7	12	53	2920	1.000000e+00	1.000000e+00	
GOBP_NEGATIVE_REGULATION_OF_INFLAMMATORY_RESPONSE_TO_WOUNDING	go_bp	0	7	9	53	2920	1.000000e+00	1.000000e+00	
GOBP_NEGATIVE_REGULATION_OF_INTERLEUKIN_8_PRODUCTION	go_bp	0	7	36	53	2920	1.000000e+00	1.000000e+00	
GOBP_NEGATIVE_REGULATION_OF_LEUKOCYTE_DEGRANULATION	go_bp	0	7	13	53	2920	1.000000e+00	1.000000e+00	
GOBP_NEGATIVE_REGULATION_OF_LYMPHOCYTE_MIGRATION	go_bp	0	7	15	53	2920	1.000000e+00	1.000000e+00	
GOBP_NEGATIVE_REGULATION_OF_MACROAUTOPHAGY	go_bp	0	7	35	53	2920	1.000000e+00	1.000000e+00	
GOBP_NEGATIVE_REGULATION_OF_MACROPHAGE_MIGRATION	go_bp	0	7	14	53	2920	1.000000e+00	1.000000e+00	
GOBP_NEGATIVE_REGULATION_OF_NUCLEAR_DIVISION	go_bp	0	7	63	53	2920	1.000000e+00	1.000000e+00	
GOBP_NEGATIVE_REGULATION_OF_ORGAN_GROWTH	go_bp	0	7	37	53	2920	1.000000e+00	1.000000e+00	
GOBP_NEGATIVE_REGULATION_OF_SIGNAL_TRANSDUCTION_BY_P53_CLASS_MEDIATOR	go_bp	0	7	35	53	2920	1.000000e+00	1.000000e+00	
GOBP_NEGATIVE_REGULATION_OF_SMOOTH_MUSCLE_CELL_DIFFERENTIATION	go_bp	0	7	23	53	2920	1.000000e+00	1.000000e+00	
GOBP_NEGATIVE_REGULATION_OF_TELOMERE_MAINTENANCE	go_bp	0	7	36	53	2920	1.000000e+00	1.000000e+00	
GOBP_NEGATIVE_REGULATION_OF_TOR_SIGNALING	go_bp	0	7	71	53	2920	1.000000e+00	1.000000e+00	
GOBP_NEGATIVE_REGULATION_OF_T_CELL_MEDIATED_CYTOTOXICITY	go_bp	0	7	10	53	2920	1.000000e+00	1.000000e+00	
GOBP_NEGATIVE_REGULATION_OF_VASCULAR_PERMEABILITY	go_bp	0	7	18	53	2920	1.000000e+00	1.000000e+00	
GOBP_NEGATIVE_REGULATION_OF_VIRAL_ENTRY_INTO_HOST_CELL	go_bp	0	7	23	53	2920	1.000000e+00	1.000000e+00	
GOBP_NEURONAL_STEM_CELL_POPULATION_MAINTENANCE	go_bp	0	7	25	53	2920	1.000000e+00	1.000000e+00	
GOBP_NEURON_CELL_CELL_ADHESION	go_bp	0	7	16	53	2920	1.000000e+00	1.000000e+00	
GOBP_NEURON_INTRINSIC_APOPTOTIC_SIGNALING_PATHWAY_IN_RESPONSE_TO_OXIDATIVE_STRESS	go_bp	0	7	22	53	2920	1.000000e+00	1.000000e+00	
GOBP_NEUROTRANSMITTER_UPTAKE	go_bp	0	7	45	53	2920	1.000000e+00	1.000000e+00	
GOBP_NEUTROPHIL_DEGRANULATION	go_bp	0	7	14	53	2920	1.000000e+00	1.000000e+00	
GOBP_NEUTROPHIL_HOMEOSTASIS	go_bp	0	7	20	53	2920	1.000000e+00	1.000000e+00	
GOBP_NODAL_SIGNALING_PATHWAY	go_bp	0	7	21	53	2920	1.000000e+00	1.000000e+00	
GOBP_NUCLEAR_MEMBRANE_REASSEMBLY	go_bp	0	7	26	53	2920	1.000000e+00	1.000000e+00	
GOBP_NUCLEOSIDE_TRIPHOSPHATE_CATABOLIC_PROCESS	go_bp	0	7	12	53	2920	1.000000e+00	1.000000e+00	
GOBP_NUCLEOTIDE_SUGAR_BIOSYNTHETIC_PROCESS	go_bp	0	7	19	53	2920	1.000000e+00	1.000000e+00	
GOBP_NUCLEUS_LOCALIZATION	go_bp	0	7	32	53	2920	1.000000e+00	1.000000e+00	
GOBP_OLFACTORY_LOBE_DEVELOPMENT	go_bp	0	7	39	53	2920	1.000000e+00	1.000000e+00	
GOBP_OVULATION_FROM_OVARIAN_FOLLICLE	go_bp	0	7	9	53	2920	1.000000e+00	1.000000e+00	
GOBP_PEPTIDE_CROSS_LINKING	go_bp	0	7	27	53	2920	1.000000e+00	1.000000e+00	
GOBP_PINOCYTOSIS	go_bp	0	7	22	53	2920	1.000000e+00	1.000000e+00	
GOBP_PITUITARY_GLAND_DEVELOPMENT	go_bp	0	7	42	53	2920	1.000000e+00	1.000000e+00	
GOBP_PLASMA_MEMBRANE_FUSION	go_bp	0	7	33	53	2920	1.000000e+00	1.000000e+00	
GOBP_POSITIVE_REGULATION_OF_ALCOHOL_BIOSYNTHETIC_PROCESS	go_bp	0	7	26	53	2920	1.000000e+00	1.000000e+00	
GOBP_POSITIVE_REGULATION_OF_ATP_METABOLIC_PROCESS	go_bp	0	7	32	53	2920	1.000000e+00	1.000000e+00	
GOBP_POSITIVE_REGULATION_OF_BEHAVIOR	go_bp	0	7	25	53	2920	1.000000e+00	1.000000e+00	
GOBP_POSITIVE_REGULATION_OF_B_CELL_DIFFERENTIATION	go_bp	0	7	17	53	2920	1.000000e+00	1.000000e+00	
GOBP_POSITIVE_REGULATION_OF_CD4_POSITIVE_ALPHA_BETA_T_CELL_PROLIFERATION	go_bp	0	7	10	53	2920	1.000000e+00	1.000000e+00	
GOBP_POSITIVE_REGULATION_OF_CELL_CYCLE_G2_M_PHASE_TRANSITION	go_bp	0	7	31	53	2920	1.000000e+00	1.000000e+00	
GOBP_POSITIVE_REGULATION_OF_CHEMOKINE_C_X_C_MOTIF_LIGAND_2_PRODUCTION	go_bp	0	7	11	53	2920	1.000000e+00	1.000000e+00	
GOBP_POSITIVE_REGULATION_OF_CYCLASE_ACTIVITY	go_bp	0	7	37	53	2920	1.000000e+00	1.000000e+00	
GOBP_POSITIVE_REGULATION_OF_DIGESTIVE_SYSTEM_PROCESS	go_bp	0	7	14	53	2920	1.000000e+00	1.000000e+00	
GOBP_POSITIVE_REGULATION_OF_DNA_TEMPLATED_TRANSCRIPTION_INITIATION	go_bp	0	7	69	53	2920	1.000000e+00	1.000000e+00	
GOBP_POSITIVE_REGULATION_OF_EXCITATORY_POSTSYNAPTIC_POTENTIAL	go_bp	0	7	32	53	2920	1.000000e+00	1.000000e+00	
GOBP_POSITIVE_REGULATION_OF_EXOSOMAL_SECRETION	go_bp	0	7	15	53	2920	1.000000e+00	1.000000e+00	
GOBP_POSITIVE_REGULATION_OF_GRANULOCYTE_MACROPHAGE_COLONY_STIMULATING_FACTOR_PRODUCTION	go_bp	0	7	15	53	2920	1.000000e+00	1.000000e+00	
GOBP_POSITIVE_REGULATION_OF_HOMOTYPIC_CELL_CELL_ADHESION	go_bp	0	7	17	53	2920	1.000000e+00	1.000000e+00	
GOBP_POSITIVE_REGULATION_OF_HORMONE_METABOLIC_PROCESS	go_bp	0	7	15	53	2920	1.000000e+00	1.000000e+00	
GOBP_POSITIVE_REGULATION_OF_INFLAMMATORY_RESPONSE_TO_ANTIGENIC_STIMULUS	go_bp	0	7	13	53	2920	1.000000e+00	1.000000e+00	
GOBP_POSITIVE_REGULATION_OF_LAMELLIPODIUM_ORGANIZATION	go_bp	0	7	36	53	2920	1.000000e+00	1.000000e+00	
GOBP_POSITIVE_REGULATION_OF_MRNA_PROCESSING	go_bp	0	7	39	53	2920	1.000000e+00	1.000000e+00	
GOBP_POSITIVE_REGULATION_OF_MYELINATION	go_bp	0	7	18	53	2920	1.000000e+00	1.000000e+00	
GOBP_POSITIVE_REGULATION_OF_MYOBLAST_DIFFERENTIATION	go_bp	0	7	44	53	2920	1.000000e+00	1.000000e+00	
GOBP_POSITIVE_REGULATION_OF_PLATELET_ACTIVATION	go_bp	0	7	13	53	2920	1.000000e+00	1.000000e+00	
GOBP_POSITIVE_REGULATION_OF_PROTEIN_AUTOPHOSPHORYLATION	go_bp	0	7	24	53	2920	1.000000e+00	1.000000e+00	
GOBP_POSITIVE_REGULATION_OF_RESPONSE_TO_TUMOR_CELL	go_bp	0	7	15	53	2920	1.000000e+00	1.000000e+00	
GOBP_POSITIVE_REGULATION_OF_SODIUM_ION_TRANSMEMBRANE_TRANSPORT	go_bp	0	7	18	53	2920	1.000000e+00	1.000000e+00	
GOBP_POSITIVE_REGULATION_OF_T_CELL_DIFFERENTIATION_IN_THYMUS	go_bp	0	7	11	53	2920	1.000000e+00	1.000000e+00	
GOBP_POSITIVE_REGULATION_OF_T_HELPER_17_TYPE_IMMUNE_RESPONSE	go_bp	0	7	20	53	2920	1.000000e+00	1.000000e+00	
GOBP_POSITIVE_REGULATION_OF_VASCULAR_ENDOTHELIAL_GROWTH_FACTOR_RECEPTOR_SIGNALING_PATHWAY	go_bp	0	7	18	53	2920	1.000000e+00	1.000000e+00	
GOBP_POSITIVE_REGULATION_OF_VASCULOGENESIS	go_bp	0	7	12	53	2920	1.000000e+00	1.000000e+00	
GOBP_POSITIVE_REGULATION_OF_VASOCONSTRICTION	go_bp	0	7	33	53	2920	1.000000e+00	1.000000e+00	
GOBP_POSTSYNAPTIC_DENSITY_ASSEMBLY	go_bp	0	7	24	53	2920	1.000000e+00	1.000000e+00	
GOBP_POTASSIUM_ION_HOMEOSTASIS	go_bp	0	7	34	53	2920	1.000000e+00	1.000000e+00	
GOBP_PRESYNAPTIC_MODULATION_OF_CHEMICAL_SYNAPTIC_TRANSMISSION	go_bp	0	7	35	53	2920	1.000000e+00	1.000000e+00	
GOBP_PROTEIN_EXIT_FROM_ENDOPLASMIC_RETICULUM	go_bp	0	7	50	53	2920	1.000000e+00	1.000000e+00	
GOBP_PROTEIN_HETEROOLIGOMERIZATION	go_bp	0	7	30	53	2920	1.000000e+00	1.000000e+00	
GOBP_PROTEIN_INSERTION_INTO_MEMBRANE	go_bp	0	7	47	53	2920	1.000000e+00	1.000000e+00	
GOBP_PROTEIN_K63_LINKED_DEUBIQUITINATION	go_bp	0	7	31	53	2920	1.000000e+00	1.000000e+00	
GOBP_PROTEIN_LOCALIZATION_TO_ENDOPLASMIC_RETICULUM	go_bp	0	7	79	53	2920	1.000000e+00	1.000000e+00	
GOBP_PROTEIN_NITROSYLATION	go_bp	0	7	16	53	2920	1.000000e+00	1.000000e+00	
GOBP_PROTEOGLYCAN_CATABOLIC_PROCESS	go_bp	0	7	11	53	2920	1.000000e+00	1.000000e+00	
GOBP_PURINE_NUCLEOSIDE_METABOLIC_PROCESS	go_bp	0	7	27	53	2920	1.000000e+00	1.000000e+00	
GOBP_PURINE_RIBONUCLEOSIDE_METABOLIC_PROCESS	go_bp	0	7	22	53	2920	1.000000e+00	1.000000e+00	
GOBP_PYRIDINE_CONTAINING_COMPOUND_BIOSYNTHETIC_PROCESS	go_bp	0	7	31	53	2920	1.000000e+00	1.000000e+00	
GOBP_PYRIDINE_NUCLEOTIDE_BIOSYNTHETIC_PROCESS	go_bp	0	7	28	53	2920	1.000000e+00	1.000000e+00	
GOBP_PYRIMIDINE_NUCLEOSIDE_METABOLIC_PROCESS	go_bp	0	7	25	53	2920	1.000000e+00	1.000000e+00	
GOBP_PYRIMIDINE_NUCLEOSIDE_MONOPHOSPHATE_METABOLIC_PROCESS	go_bp	0	7	21	53	2920	1.000000e+00	1.000000e+00	
GOBP_PYRIMIDINE_NUCLEOTIDE_BIOSYNTHETIC_PROCESS	go_bp	0	7	32	53	2920	1.000000e+00	1.000000e+00	
GOBP_PYRIMIDINE_NUCLEOTIDE_CATABOLIC_PROCESS	go_bp	0	7	21	53	2920	1.000000e+00	1.000000e+00	
GOBP_PYRIMIDINE_RIBONUCLEOTIDE_METABOLIC_PROCESS	go_bp	0	7	32	53	2920	1.000000e+00	1.000000e+00	
GOBP_REGULATION_OF_ACTIN_FILAMENT_BASED_MOVEMENT	go_bp	0	7	41	53	2920	1.000000e+00	1.000000e+00	
GOBP_REGULATION_OF_ADENYLATE_CYCLASE_ACTIVITY	go_bp	0	7	43	53	2920	1.000000e+00	1.000000e+00	
GOBP_REGULATION_OF_AMINE_METABOLIC_PROCESS	go_bp	0	7	31	53	2920	1.000000e+00	1.000000e+00	
GOBP_REGULATION_OF_ANIMAL_ORGAN_FORMATION	go_bp	0	7	28	53	2920	1.000000e+00	1.000000e+00	
GOBP_REGULATION_OF_ANTIGEN_PROCESSING_AND_PRESENTATION	go_bp	0	7	20	53	2920	1.000000e+00	1.000000e+00	
GOBP_REGULATION_OF_ARP2_3_COMPLEX_MEDIATED_ACTIN_NUCLEATION	go_bp	0	7	31	53	2920	1.000000e+00	1.000000e+00	
GOBP_REGULATION_OF_AUTOPHAGY_OF_MITOCHONDRION	go_bp	0	7	44	53	2920	1.000000e+00	1.000000e+00	
GOBP_REGULATION_OF_BASEMENT_MEMBRANE_ORGANIZATION	go_bp	0	7	11	53	2920	1.000000e+00	1.000000e+00	
GOBP_REGULATION_OF_BRANCHING_INVOLVED_IN_URETERIC_BUD_MORPHOGENESIS	go_bp	0	7	21	53	2920	1.000000e+00	1.000000e+00	
GOBP_REGULATION_OF_CAMP_MEDIATED_SIGNALING	go_bp	0	7	21	53	2920	1.000000e+00	1.000000e+00	
GOBP_REGULATION_OF_CARDIOCYTE_DIFFERENTIATION	go_bp	0	7	33	53	2920	1.000000e+00	1.000000e+00	
GOBP_REGULATION_OF_CELL_FATE_COMMITMENT	go_bp	0	7	45	53	2920	1.000000e+00	1.000000e+00	
GOBP_REGULATION_OF_CHOLESTEROL_STORAGE	go_bp	0	7	19	53	2920	1.000000e+00	1.000000e+00	
GOBP_REGULATION_OF_DENDRITIC_SPINE_MORPHOGENESIS	go_bp	0	7	45	53	2920	1.000000e+00	1.000000e+00	
GOBP_REGULATION_OF_DOPAMINE_SECRETION	go_bp	0	7	25	53	2920	1.000000e+00	1.000000e+00	
GOBP_REGULATION_OF_ESTABLISHMENT_OR_MAINTENANCE_OF_CELL_POLARITY	go_bp	0	7	26	53	2920	1.000000e+00	1.000000e+00	
GOBP_REGULATION_OF_GENE_SILENCING_BY_REGULATORY_NCRNA	go_bp	0	7	29	53	2920	1.000000e+00	1.000000e+00	
GOBP_REGULATION_OF_GLIAL_CELL_MIGRATION	go_bp	0	7	21	53	2920	1.000000e+00	1.000000e+00	
GOBP_REGULATION_OF_HEMATOPOIETIC_PROGENITOR_CELL_DIFFERENTIATION	go_bp	0	7	41	53	2920	1.000000e+00	1.000000e+00	
GOBP_REGULATION_OF_MEMBRANE_REPOLARIZATION	go_bp	0	7	40	53	2920	1.000000e+00	1.000000e+00	
GOBP_REGULATION_OF_MITOCHONDRIAL_DEPOLARIZATION	go_bp	0	7	20	53	2920	1.000000e+00	1.000000e+00	
GOBP_REGULATION_OF_MONOCYTE_DIFFERENTIATION	go_bp	0	7	20	53	2920	1.000000e+00	1.000000e+00	
GOBP_REGULATION_OF_NATURAL_KILLER_CELL_CHEMOTAXIS	go_bp	0	7	8	53	2920	1.000000e+00	1.000000e+00	
GOBP_REGULATION_OF_NATURAL_KILLER_CELL_DIFFERENTIATION	go_bp	0	7	13	53	2920	1.000000e+00	1.000000e+00	
GOBP_REGULATION_OF_NON_CANONICAL_WNT_SIGNALING_PATHWAY	go_bp	0	7	27	53	2920	1.000000e+00	1.000000e+00	
GOBP_REGULATION_OF_NUCLEASE_ACTIVITY	go_bp	0	7	21	53	2920	1.000000e+00	1.000000e+00	
GOBP_REGULATION_OF_NUCLEOTIDE_BINDING_DOMAIN_LEUCINE_RICH_REPEAT_CONTAINING_RECEPTOR_SIGNALING_PATHWAY	go_bp	0	7	15	53	2920	1.000000e+00	1.000000e+00	
GOBP_REGULATION_OF_PROTEIN_DEACETYLATION	go_bp	0	7	29	53	2920	1.000000e+00	1.000000e+00	
GOBP_REGULATION_OF_PROTEIN_LOCALIZATION_TO_SYNAPSE	go_bp	0	7	22	53	2920	1.000000e+00	1.000000e+00	
GOBP_REGULATION_OF_RECEPTOR_LOCALIZATION_TO_SYNAPSE	go_bp	0	7	21	53	2920	1.000000e+00	1.000000e+00	
GOBP_REGULATION_OF_RECEPTOR_RECYCLING	go_bp	0	7	25	53	2920	1.000000e+00	1.000000e+00	
GOBP_REGULATION_OF_RELEASE_OF_SEQUESTERED_CALCIUM_ION_INTO_CYTOSOL_BY_SARCOPLASMIC_RETICULUM	go_bp	0	7	32	53	2920	1.000000e+00	1.000000e+00	
GOBP_REGULATION_OF_RESPIRATORY_BURST	go_bp	0	7	19	53	2920	1.000000e+00	1.000000e+00	
GOBP_REGULATION_OF_VASCULAR_ASSOCIATED_SMOOTH_MUSCLE_CELL_DIFFERENTIATION	go_bp	0	7	25	53	2920	1.000000e+00	1.000000e+00	
GOBP_REGULATION_OF_VASCULOGENESIS	go_bp	0	7	16	53	2920	1.000000e+00	1.000000e+00	
GOBP_RENAL_SYSTEM_VASCULATURE_MORPHOGENESIS	go_bp	0	7	8	53	2920	1.000000e+00	1.000000e+00	
GOBP_RESPONSE_TO_ALDOSTERONE	go_bp	0	7	19	53	2920	1.000000e+00	1.000000e+00	
GOBP_RESPONSE_TO_CORTICOSTERONE	go_bp	0	7	17	53	2920	1.000000e+00	1.000000e+00	
GOBP_RESPONSE_TO_EPINEPHRINE	go_bp	0	7	14	53	2920	1.000000e+00	1.000000e+00	
GOBP_RESPONSE_TO_HYPEROXIA	go_bp	0	7	20	53	2920	1.000000e+00	1.000000e+00	
GOBP_RESPONSE_TO_POTASSIUM_ION	go_bp	0	7	19	53	2920	1.000000e+00	1.000000e+00	
GOBP_RESPONSE_TO_TYPE_III_INTERFERON	go_bp	0	7	12	53	2920	1.000000e+00	1.000000e+00	
GOBP_RESPONSE_TO_UV_B	go_bp	0	7	21	53	2920	1.000000e+00	1.000000e+00	
GOBP_RETINAL_GANGLION_CELL_AXON_GUIDANCE	go_bp	0	7	23	53	2920	1.000000e+00	1.000000e+00	
GOBP_RETINOL_METABOLIC_PROCESS	go_bp	0	7	52	53	2920	1.000000e+00	1.000000e+00	
GOBP_RIBONUCLEOSIDE_MONOPHOSPHATE_BIOSYNTHETIC_PROCESS	go_bp	0	7	35	53	2920	1.000000e+00	1.000000e+00	
GOBP_RIBONUCLEOSIDE_MONOPHOSPHATE_CATABOLIC_PROCESS	go_bp	0	7	15	53	2920	1.000000e+00	1.000000e+00	
GOBP_RIBOSOME_DISASSEMBLY	go_bp	0	7	41	53	2920	1.000000e+00	1.000000e+00	
GOBP_RNA_3_END_PROCESSING	go_bp	0	7	90	53	2920	1.000000e+00	1.000000e+00	
GOBP_RNA_TEMPLATED_DNA_BIOSYNTHETIC_PROCESS	go_bp	0	7	72	53	2920	1.000000e+00	1.000000e+00	
GOBP_SLEEP	go_bp	0	7	22	53	2920	1.000000e+00	1.000000e+00	
GOBP_SMOOTH_MUSCLE_TISSUE_DEVELOPMENT	go_bp	0	7	27	53	2920	1.000000e+00	1.000000e+00	
GOBP_SPHINGOMYELIN_METABOLIC_PROCESS	go_bp	0	7	20	53	2920	1.000000e+00	1.000000e+00	
GOBP_SPLEEN_DEVELOPMENT	go_bp	0	7	38	53	2920	1.000000e+00	1.000000e+00	
GOBP_SYMPATHETIC_NERVOUS_SYSTEM_DEVELOPMENT	go_bp	0	7	22	53	2920	1.000000e+00	1.000000e+00	
GOBP_SYNAPTIC_TRANSMISSION_DOPAMINERGIC	go_bp	0	7	28	53	2920	1.000000e+00	1.000000e+00	
GOBP_TOLL_LIKE_RECEPTOR_2_SIGNALING_PATHWAY	go_bp	0	7	18	53	2920	1.000000e+00	1.000000e+00	
GOBP_TRANSCRIPTION_BY_RNA_POLYMERASE_I	go_bp	0	7	73	53	2920	1.000000e+00	1.000000e+00	
GOBP_TRANSLATIONAL_ELONGATION	go_bp	0	7	73	53	2920	1.000000e+00	1.000000e+00	
GOBP_TRNA_PROCESSING	go_bp	0	7	136	53	2920	1.000000e+00	1.000000e+00	
GOBP_TYPE_II_INTERFERON_MEDIATED_SIGNALING_PATHWAY	go_bp	0	7	26	53	2920	1.000000e+00	1.000000e+00	
GOBP_T_CELL_ACTIVATION_VIA_T_CELL_RECEPTOR_CONTACT_WITH_ANTIGEN_BOUND_TO_MHC_MOLECULE_ON_ANTIGEN_PRESENTING_CELL	go_bp	0	7	10	53	2920	1.000000e+00	1.000000e+00	
GOBP_T_CELL_TOLERANCE_INDUCTION	go_bp	0	7	15	53	2920	1.000000e+00	1.000000e+00	
GOBP_UBIQUITIN_DEPENDENT_PROTEIN_CATABOLIC_PROCESS_VIA_THE_MULTIVESICULAR_BODY_SORTING_PATHWAY	go_bp	0	7	37	53	2920	1.000000e+00	1.000000e+00	
GOBP_VASCULAR_ASSOCIATED_SMOOTH_MUSCLE_CELL_MIGRATION	go_bp	0	7	54	53	2920	1.000000e+00	1.000000e+00	
GOBP_VIRION_ASSEMBLY	go_bp	0	7	35	53	2920	1.000000e+00	1.000000e+00	
GOBP_VITAMIN_BIOSYNTHETIC_PROCESS	go_bp	0	7	25	53	2920	1.000000e+00	1.000000e+00	
GOBP_WOUND_HEALING_INVOLVED_IN_INFLAMMATORY_RESPONSE	go_bp	0	7	9	53	2920	1.000000e+00	1.000000e+00	
GOBP_ALCOHOL_CATABOLIC_PROCESS	go_bp	0	10	36	53	2920	1.000000e+00	1.000000e+00	
GOBP_AORTA_MORPHOGENESIS	go_bp	0	10	38	53	2920	1.000000e+00	1.000000e+00	
GOBP_BRANCHING_INVOLVED_IN_SALIVARY_GLAND_MORPHOGENESIS	go_bp	0	10	22	53	2920	1.000000e+00	1.000000e+00	
GOBP_CALCINEURIN_MEDIATED_SIGNALING	go_bp	0	10	47	53	2920	1.000000e+00	1.000000e+00	
GOBP_CARBOHYDRATE_DERIVATIVE_TRANSPORT	go_bp	0	10	94	53	2920	1.000000e+00	1.000000e+00	
GOBP_CD4_POSITIVE_ALPHA_BETA_T_CELL_CYTOKINE_PRODUCTION	go_bp	0	10	19	53	2920	1.000000e+00	1.000000e+00	
GOBP_CELLULAR_MODIFIED_AMINO_ACID_BIOSYNTHETIC_PROCESS	go_bp	0	10	46	53	2920	1.000000e+00	1.000000e+00	
GOBP_CELLULAR_RESPONSE_TO_DEXAMETHASONE_STIMULUS	go_bp	0	10	28	53	2920	1.000000e+00	1.000000e+00	
GOBP_CEREBELLAR_CORTEX_MORPHOGENESIS	go_bp	0	10	37	53	2920	1.000000e+00	1.000000e+00	
GOBP_CHLORIDE_TRANSPORT	go_bp	0	10	126	53	2920	1.000000e+00	1.000000e+00	
GOBP_CORTICOSTEROID_HORMONE_SECRETION	go_bp	0	10	19	53	2920	1.000000e+00	1.000000e+00	
GOBP_CYTOPLASMIC_MICROTUBULE_ORGANIZATION	go_bp	0	10	59	53	2920	1.000000e+00	1.000000e+00	
GOBP_DENDRITIC_SPINE_MORPHOGENESIS	go_bp	0	10	60	53	2920	1.000000e+00	1.000000e+00	
GOBP_DEOXYRIBONUCLEOSIDE_MONOPHOSPHATE_METABOLIC_PROCESS	go_bp	0	10	24	53	2920	1.000000e+00	1.000000e+00	
GOBP_DEOXYRIBONUCLEOTIDE_CATABOLIC_PROCESS	go_bp	0	10	28	53	2920	1.000000e+00	1.000000e+00	
GOBP_DETECTION_OF_OTHER_ORGANISM	go_bp	0	10	19	53	2920	1.000000e+00	1.000000e+00	
GOBP_DOPAMINERGIC_NEURON_DIFFERENTIATION	go_bp	0	10	41	53	2920	1.000000e+00	1.000000e+00	
GOBP_DOPAMINE_TRANSPORT	go_bp	0	10	44	53	2920	1.000000e+00	1.000000e+00	
GOBP_DOUBLE_STRAND_BREAK_REPAIR_VIA_NONHOMOLOGOUS_END_JOINING	go_bp	0	10	73	53	2920	1.000000e+00	1.000000e+00	
GOBP_ENDOCRINE_PANCREAS_DEVELOPMENT	go_bp	0	10	44	53	2920	1.000000e+00	1.000000e+00	
GOBP_ENDOSOME_TRANSPORT_VIA_MULTIVESICULAR_BODY_SORTING_PATHWAY	go_bp	0	10	41	53	2920	1.000000e+00	1.000000e+00	
GOBP_ESTABLISHMENT_OR_MAINTENANCE_OF_BIPOLAR_CELL_POLARITY	go_bp	0	10	59	53	2920	1.000000e+00	1.000000e+00	
GOBP_EXCITATORY_SYNAPSE_ASSEMBLY	go_bp	0	10	35	53	2920	1.000000e+00	1.000000e+00	
GOBP_EYE_PHOTORECEPTOR_CELL_DIFFERENTIATION	go_bp	0	10	50	53	2920	1.000000e+00	1.000000e+00	
GOBP_GLIAL_CELL_APOPTOTIC_PROCESS	go_bp	0	10	17	53	2920	1.000000e+00	1.000000e+00	
GOBP_GLYCOSYL_COMPOUND_BIOSYNTHETIC_PROCESS	go_bp	0	10	25	53	2920	1.000000e+00	1.000000e+00	
GOBP_GOLGI_TO_PLASMA_MEMBRANE_TRANSPORT	go_bp	0	10	65	53	2920	1.000000e+00	1.000000e+00	
GOBP_GRANULOCYTE_MACROPHAGE_COLONY_STIMULATING_FACTOR_PRODUCTION	go_bp	0	10	18	53	2920	1.000000e+00	1.000000e+00	
GOBP_HIGH_DENSITY_LIPOPROTEIN_PARTICLE_REMODELING	go_bp	0	10	17	53	2920	1.000000e+00	1.000000e+00	
GOBP_INCLUSION_BODY_ASSEMBLY	go_bp	0	10	24	53	2920	1.000000e+00	1.000000e+00	
GOBP_INFLAMMASOME_MEDIATED_SIGNALING_PATHWAY	go_bp	0	10	46	53	2920	1.000000e+00	1.000000e+00	
GOBP_INTRACELLULAR_STEROL_TRANSPORT	go_bp	0	10	37	53	2920	1.000000e+00	1.000000e+00	
GOBP_LIPID_DIGESTION	go_bp	0	10	22	53	2920	1.000000e+00	1.000000e+00	
GOBP_LIVER_REGENERATION	go_bp	0	10	31	53	2920	1.000000e+00	1.000000e+00	
GOBP_LYMPH_NODE_DEVELOPMENT	go_bp	0	10	19	53	2920	1.000000e+00	1.000000e+00	
GOBP_MAINTENANCE_OF_SYNAPSE_STRUCTURE	go_bp	0	10	25	53	2920	1.000000e+00	1.000000e+00	
GOBP_MEGAKARYOCYTE_DEVELOPMENT	go_bp	0	10	23	53	2920	1.000000e+00	1.000000e+00	
GOBP_MESENCHYMAL_CELL_PROLIFERATION	go_bp	0	10	45	53	2920	1.000000e+00	1.000000e+00	
GOBP_MHC_CLASS_II_BIOSYNTHETIC_PROCESS	go_bp	0	10	19	53	2920	1.000000e+00	1.000000e+00	
GOBP_MICROTUBULE_BUNDLE_FORMATION	go_bp	0	10	131	53	2920	1.000000e+00	1.000000e+00	
GOBP_MITOCHONDRIAL_DEPOLARIZATION	go_bp	0	10	25	53	2920	1.000000e+00	1.000000e+00	
GOBP_MITOPHAGY	go_bp	0	10	71	53	2920	1.000000e+00	1.000000e+00	
GOBP_MOTOR_NEURON_AXON_GUIDANCE	go_bp	0	10	26	53	2920	1.000000e+00	1.000000e+00	
GOBP_NEGATIVE_REGULATION_OF_B_CELL_PROLIFERATION	go_bp	0	10	17	53	2920	1.000000e+00	1.000000e+00	
GOBP_NEGATIVE_REGULATION_OF_EPITHELIAL_TO_MESENCHYMAL_TRANSITION	go_bp	0	10	53	53	2920	1.000000e+00	1.000000e+00	
GOBP_NEGATIVE_REGULATION_OF_FIBROBLAST_PROLIFERATION	go_bp	0	10	35	53	2920	1.000000e+00	1.000000e+00	
GOBP_NEGATIVE_REGULATION_OF_MUSCLE_HYPERTROPHY	go_bp	0	10	37	53	2920	1.000000e+00	1.000000e+00	
GOBP_NEGATIVE_REGULATION_OF_MYOBLAST_DIFFERENTIATION	go_bp	0	10	25	53	2920	1.000000e+00	1.000000e+00	
GOBP_NEGATIVE_REGULATION_OF_OSTEOCLAST_DIFFERENTIATION	go_bp	0	10	33	53	2920	1.000000e+00	1.000000e+00	
GOBP_NEGATIVE_REGULATION_OF_PEPTIDYL_TYROSINE_PHOSPHORYLATION	go_bp	0	10	45	53	2920	1.000000e+00	1.000000e+00	
GOBP_NEGATIVE_REGULATION_OF_PROTEASOMAL_UBIQUITIN_DEPENDENT_PROTEIN_CATABOLIC_PROCESS	go_bp	0	10	39	53	2920	1.000000e+00	1.000000e+00	
GOBP_NEGATIVE_REGULATION_OF_PROTEIN_LOCALIZATION_TO_NUCLEUS	go_bp	0	10	37	53	2920	1.000000e+00	1.000000e+00	
GOBP_NEGATIVE_REGULATION_OF_UBIQUITIN_DEPENDENT_PROTEIN_CATABOLIC_PROCESS	go_bp	0	10	54	53	2920	1.000000e+00	1.000000e+00	
GOBP_NEUROEPITHELIAL_CELL_DIFFERENTIATION	go_bp	0	10	42	53	2920	1.000000e+00	1.000000e+00	
GOBP_NEURON_FATE_COMMITMENT	go_bp	0	10	74	53	2920	1.000000e+00	1.000000e+00	
GOBP_NEUROTRANSMITTER_RECEPTOR_INTERNALIZATION	go_bp	0	10	34	53	2920	1.000000e+00	1.000000e+00	
GOBP_NUCLEAR_MEMBRANE_ORGANIZATION	go_bp	0	10	47	53	2920	1.000000e+00	1.000000e+00	
GOBP_NUCLEOBASE_CONTAINING_SMALL_MOLECULE_BIOSYNTHETIC_PROCESS	go_bp	0	10	19	53	2920	1.000000e+00	1.000000e+00	
GOBP_NUCLEOSIDE_MONOPHOSPHATE_BIOSYNTHETIC_PROCESS	go_bp	0	10	42	53	2920	1.000000e+00	1.000000e+00	
GOBP_ORGANIC_ACID_TRANSMEMBRANE_TRANSPORT	go_bp	0	10	151	53	2920	1.000000e+00	1.000000e+00	
GOBP_OUTFLOW_TRACT_SEPTUM_MORPHOGENESIS	go_bp	0	10	26	53	2920	1.000000e+00	1.000000e+00	
GOBP_OVULATION	go_bp	0	10	16	53	2920	1.000000e+00	1.000000e+00	
GOBP_O_GLYCAN_PROCESSING	go_bp	0	10	43	53	2920	1.000000e+00	1.000000e+00	
GOBP_PEPTIDYL_CYSTEINE_MODIFICATION	go_bp	0	10	44	53	2920	1.000000e+00	1.000000e+00	
GOBP_PERIPHERAL_NERVOUS_SYSTEM_AXON_ENSHEATHMENT	go_bp	0	10	29	53	2920	1.000000e+00	1.000000e+00	
GOBP_PHOSPHATIDYLCHOLINE_CATABOLIC_PROCESS	go_bp	0	10	16	53	2920	1.000000e+00	1.000000e+00	
GOBP_PIGMENT_BIOSYNTHETIC_PROCESS	go_bp	0	10	58	53	2920	1.000000e+00	1.000000e+00	
GOBP_PORPHYRIN_CONTAINING_COMPOUND_METABOLIC_PROCESS	go_bp	0	10	54	53	2920	1.000000e+00	1.000000e+00	
GOBP_POSITIVE_REGULATION_OF_COLLAGEN_METABOLIC_PROCESS	go_bp	0	10	27	53	2920	1.000000e+00	1.000000e+00	
GOBP_POSITIVE_REGULATION_OF_ENDOTHELIAL_CELL_APOPTOTIC_PROCESS	go_bp	0	10	25	53	2920	1.000000e+00	1.000000e+00	
GOBP_POSITIVE_REGULATION_OF_EXTRACELLULAR_MATRIX_ASSEMBLY	go_bp	0	10	15	53	2920	1.000000e+00	1.000000e+00	
GOBP_POSITIVE_REGULATION_OF_INTERLEUKIN_17_PRODUCTION	go_bp	0	10	28	53	2920	1.000000e+00	1.000000e+00	
GOBP_POSITIVE_REGULATION_OF_LEUKOCYTE_ADHESION_TO_VASCULAR_ENDOTHELIAL_CELL	go_bp	0	10	26	53	2920	1.000000e+00	1.000000e+00	
GOBP_POSITIVE_REGULATION_OF_LYMPHOCYTE_APOPTOTIC_PROCESS	go_bp	0	10	17	53	2920	1.000000e+00	1.000000e+00	
GOBP_POSITIVE_REGULATION_OF_MONOOXYGENASE_ACTIVITY	go_bp	0	10	25	53	2920	1.000000e+00	1.000000e+00	
GOBP_POSITIVE_REGULATION_OF_NERVOUS_SYSTEM_PROCESS	go_bp	0	10	32	53	2920	1.000000e+00	1.000000e+00	
GOBP_POSITIVE_REGULATION_OF_NITRIC_OXIDE_SYNTHASE_BIOSYNTHETIC_PROCESS	go_bp	0	10	16	53	2920	1.000000e+00	1.000000e+00	
GOBP_POSITIVE_REGULATION_OF_POTASSIUM_ION_TRANSMEMBRANE_TRANSPORT	go_bp	0	10	36	53	2920	1.000000e+00	1.000000e+00	
GOBP_POSITIVE_REGULATION_OF_PROTEIN_TARGETING_TO_MEMBRANE	go_bp	0	10	28	53	2920	1.000000e+00	1.000000e+00	
GOBP_POSITIVE_REGULATION_OF_PROTEIN_TYROSINE_KINASE_ACTIVITY	go_bp	0	10	21	53	2920	1.000000e+00	1.000000e+00	
GOBP_POSITIVE_REGULATION_OF_RESPONSE_TO_ENDOPLASMIC_RETICULUM_STRESS	go_bp	0	10	37	53	2920	1.000000e+00	1.000000e+00	
GOBP_POSITIVE_REGULATION_OF_TYPE_2_IMMUNE_RESPONSE	go_bp	0	10	18	53	2920	1.000000e+00	1.000000e+00	
GOBP_POSITIVE_REGULATION_OF_T_HELPER_CELL_DIFFERENTIATION	go_bp	0	10	26	53	2920	1.000000e+00	1.000000e+00	
GOBP_POSITIVE_REGULATION_OF_VIRAL_GENOME_REPLICATION	go_bp	0	10	31	53	2920	1.000000e+00	1.000000e+00	
GOBP_POSTSYNAPTIC_MEMBRANE_ORGANIZATION	go_bp	0	10	42	53	2920	1.000000e+00	1.000000e+00	
GOBP_PROTEIN_ACTIVATION_CASCADE	go_bp	0	10	20	53	2920	1.000000e+00	1.000000e+00	
GOBP_PROTEIN_AUTOUBIQUITINATION	go_bp	0	10	73	53	2920	1.000000e+00	1.000000e+00	
GOBP_PROTEIN_LOCALIZATION_TO_CILIUM	go_bp	0	10	73	53	2920	1.000000e+00	1.000000e+00	
GOBP_PROTEIN_LOCALIZATION_TO_CYTOSKELETON	go_bp	0	10	61	53	2920	1.000000e+00	1.000000e+00	
GOBP_PROTEIN_REFOLDING	go_bp	0	10	27	53	2920	1.000000e+00	1.000000e+00	
GOBP_PROTEIN_TARGETING_TO_LYSOSOME	go_bp	0	10	33	53	2920	1.000000e+00	1.000000e+00	
GOBP_PULMONARY_VALVE_MORPHOGENESIS	go_bp	0	10	20	53	2920	1.000000e+00	1.000000e+00	
GOBP_PYRIMIDINE_CONTAINING_COMPOUND_BIOSYNTHETIC_PROCESS	go_bp	0	10	42	53	2920	1.000000e+00	1.000000e+00	
GOBP_PYRIMIDINE_CONTAINING_COMPOUND_CATABOLIC_PROCESS	go_bp	0	10	44	53	2920	1.000000e+00	1.000000e+00	
GOBP_RECEPTOR_CATABOLIC_PROCESS	go_bp	0	10	28	53	2920	1.000000e+00	1.000000e+00	
GOBP_REGULATION_OF_ACTIN_NUCLEATION	go_bp	0	10	40	53	2920	1.000000e+00	1.000000e+00	
GOBP_REGULATION_OF_CELL_MATURATION	go_bp	0	10	24	53	2920	1.000000e+00	1.000000e+00	
GOBP_REGULATION_OF_CHOLESTEROL_METABOLIC_PROCESS	go_bp	0	10	42	53	2920	1.000000e+00	1.000000e+00	
GOBP_REGULATION_OF_COMPLEMENT_DEPENDENT_CYTOTOXICITY	go_bp	0	10	11	53	2920	1.000000e+00	1.000000e+00	
GOBP_REGULATION_OF_CORTICOSTEROID_HORMONE_SECRETION	go_bp	0	10	16	53	2920	1.000000e+00	1.000000e+00	
GOBP_REGULATION_OF_CYCLASE_ACTIVITY	go_bp	0	10	53	53	2920	1.000000e+00	1.000000e+00	
GOBP_REGULATION_OF_DENDRITE_MORPHOGENESIS	go_bp	0	10	65	53	2920	1.000000e+00	1.000000e+00	
GOBP_REGULATION_OF_ENDOTHELIAL_CELL_DEVELOPMENT	go_bp	0	10	18	53	2920	1.000000e+00	1.000000e+00	
GOBP_REGULATION_OF_ERYTHROCYTE_DIFFERENTIATION	go_bp	0	10	47	53	2920	1.000000e+00	1.000000e+00	
GOBP_REGULATION_OF_EXTRACELLULAR_MATRIX_DISASSEMBLY	go_bp	0	10	18	53	2920	1.000000e+00	1.000000e+00	
GOBP_REGULATION_OF_FATTY_ACID_BIOSYNTHETIC_PROCESS	go_bp	0	10	54	53	2920	1.000000e+00	1.000000e+00	
GOBP_REGULATION_OF_HEART_RATE_BY_CARDIAC_CONDUCTION	go_bp	0	10	40	53	2920	1.000000e+00	1.000000e+00	
GOBP_REGULATION_OF_HORMONE_BIOSYNTHETIC_PROCESS	go_bp	0	10	24	53	2920	1.000000e+00	1.000000e+00	
GOBP_REGULATION_OF_INFLAMMASOME_MEDIATED_SIGNALING_PATHWAY	go_bp	0	10	41	53	2920	1.000000e+00	1.000000e+00	
GOBP_REGULATION_OF_KIDNEY_DEVELOPMENT	go_bp	0	10	35	53	2920	1.000000e+00	1.000000e+00	
GOBP_REGULATION_OF_LAMELLIPODIUM_ASSEMBLY	go_bp	0	10	41	53	2920	1.000000e+00	1.000000e+00	
GOBP_REGULATION_OF_MAST_CELL_ACTIVATION	go_bp	0	10	19	53	2920	1.000000e+00	1.000000e+00	
GOBP_REGULATION_OF_PHOSPHOPROTEIN_PHOSPHATASE_ACTIVITY	go_bp	0	10	43	53	2920	1.000000e+00	1.000000e+00	
GOBP_REGULATION_OF_PROGRAMMED_NECROTIC_CELL_DEATH	go_bp	0	10	41	53	2920	1.000000e+00	1.000000e+00	
GOBP_REGULATION_OF_PROTEIN_AUTOPHOSPHORYLATION	go_bp	0	10	37	53	2920	1.000000e+00	1.000000e+00	
GOBP_REGULATION_OF_PROTEIN_TARGETING_TO_MEMBRANE	go_bp	0	10	34	53	2920	1.000000e+00	1.000000e+00	
GOBP_REGULATION_OF_TYPE_I_INTERFERON_MEDIATED_SIGNALING_PATHWAY	go_bp	0	10	45	53	2920	1.000000e+00	1.000000e+00	
GOBP_REPLACEMENT_OSSIFICATION	go_bp	0	10	32	53	2920	1.000000e+00	1.000000e+00	
GOBP_REPRODUCTIVE_BEHAVIOR	go_bp	0	10	45	53	2920	1.000000e+00	1.000000e+00	
GOBP_RESPONSE_TO_ANGIOTENSIN	go_bp	0	10	43	53	2920	1.000000e+00	1.000000e+00	
GOBP_RESPONSE_TO_COLD	go_bp	0	10	43	53	2920	1.000000e+00	1.000000e+00	
GOBP_RESPONSE_TO_COPPER_ION	go_bp	0	10	37	53	2920	1.000000e+00	1.000000e+00	
GOBP_RESPONSE_TO_DSRNA	go_bp	0	10	57	53	2920	1.000000e+00	1.000000e+00	
GOBP_RESPONSE_TO_INTERLEUKIN_17	go_bp	0	10	18	53	2920	1.000000e+00	1.000000e+00	
GOBP_RESPONSE_TO_INTERLEUKIN_6	go_bp	0	10	45	53	2920	1.000000e+00	1.000000e+00	
GOBP_RESPONSE_TO_INTERLEUKIN_7	go_bp	0	10	17	53	2920	1.000000e+00	1.000000e+00	
GOBP_RESPONSE_TO_THYROID_HORMONE	go_bp	0	10	24	53	2920	1.000000e+00	1.000000e+00	
GOBP_RRNA_PROCESSING	go_bp	0	10	224	53	2920	1.000000e+00	1.000000e+00	
GOBP_SECRETORY_GRANULE_ORGANIZATION	go_bp	0	10	67	53	2920	1.000000e+00	1.000000e+00	
GOBP_SKELETAL_MUSCLE_CELL_DIFFERENTIATION	go_bp	0	10	80	53	2920	1.000000e+00	1.000000e+00	
GOBP_SOMATIC_STEM_CELL_POPULATION_MAINTENANCE	go_bp	0	10	68	53	2920	1.000000e+00	1.000000e+00	
GOBP_SPINDLE_LOCALIZATION	go_bp	0	10	62	53	2920	1.000000e+00	1.000000e+00	
GOBP_STRESS_GRANULE_ASSEMBLY	go_bp	0	10	34	53	2920	1.000000e+00	1.000000e+00	
GOBP_THYMIC_T_CELL_SELECTION	go_bp	0	10	24	53	2920	1.000000e+00	1.000000e+00	
GOBP_THYMOCYTE_APOPTOTIC_PROCESS	go_bp	0	10	19	53	2920	1.000000e+00	1.000000e+00	
GOBP_TRABECULA_FORMATION	go_bp	0	10	27	53	2920	1.000000e+00	1.000000e+00	
GOBP_T_HELPER_17_CELL_DIFFERENTIATION	go_bp	0	10	35	53	2920	1.000000e+00	1.000000e+00	
GOBP_VASCULAR_WOUND_HEALING	go_bp	0	10	24	53	2920	1.000000e+00	1.000000e+00	
GOBP_VESICLE_CYTOSKELETAL_TRAFFICKING	go_bp	0	10	62	53	2920	1.000000e+00	1.000000e+00	
GOBP_VIRAL_TRANSCRIPTION	go_bp	0	10	51	53	2920	1.000000e+00	1.000000e+00	
GOBP_ACTIVATION_OF_PROTEIN_KINASE_B_ACTIVITY	go_bp	0	9	21	53	2920	1.000000e+00	1.000000e+00	
GOBP_ACYL_COA_METABOLIC_PROCESS	go_bp	0	9	96	53	2920	1.000000e+00	1.000000e+00	
GOBP_ADHESION_OF_SYMBIONT_TO_HOST	go_bp	0	9	14	53	2920	1.000000e+00	1.000000e+00	
GOBP_ADRENAL_GLAND_DEVELOPMENT	go_bp	0	9	27	53	2920	1.000000e+00	1.000000e+00	
GOBP_AMINO_SUGAR_CATABOLIC_PROCESS	go_bp	0	9	15	53	2920	1.000000e+00	1.000000e+00	
GOBP_AMP_METABOLIC_PROCESS	go_bp	0	9	23	53	2920	1.000000e+00	1.000000e+00	
GOBP_ANIMAL_ORGAN_MATURATION	go_bp	0	9	32	53	2920	1.000000e+00	1.000000e+00	
GOBP_ANTIGEN_PROCESSING_AND_PRESENTATION_OF_PEPTIDE_ANTIGEN_VIA_MHC_CLASS_I	go_bp	0	9	38	53	2920	1.000000e+00	1.000000e+00	
GOBP_APOPTOTIC_PROCESS_INVOLVED_IN_MORPHOGENESIS	go_bp	0	9	26	53	2920	1.000000e+00	1.000000e+00	
GOBP_AXONAL_FASCICULATION	go_bp	0	9	20	53	2920	1.000000e+00	1.000000e+00	
GOBP_BIOLOGICAL_PROCESS_INVOLVED_IN_INTRASPECIES_INTERACTION_BETWEEN_ORGANISMS	go_bp	0	9	55	53	2920	1.000000e+00	1.000000e+00	
GOBP_BROWN_FAT_CELL_DIFFERENTIATION	go_bp	0	9	54	53	2920	1.000000e+00	1.000000e+00	
GOBP_C21_STEROID_HORMONE_BIOSYNTHETIC_PROCESS	go_bp	0	9	20	53	2920	1.000000e+00	1.000000e+00	
GOBP_CD40_SIGNALING_PATHWAY	go_bp	0	9	16	53	2920	1.000000e+00	1.000000e+00	
GOBP_CELLULAR_RESPONSE_TO_ESTRADIOL_STIMULUS	go_bp	0	9	38	53	2920	1.000000e+00	1.000000e+00	
GOBP_CENTRAL_NERVOUS_SYSTEM_NEURON_AXONOGENESIS	go_bp	0	9	37	53	2920	1.000000e+00	1.000000e+00	
GOBP_CENTRIOLE_ASSEMBLY	go_bp	0	9	49	53	2920	1.000000e+00	1.000000e+00	
GOBP_CGMP_MEDIATED_SIGNALING	go_bp	0	9	36	53	2920	1.000000e+00	1.000000e+00	
GOBP_CORONARY_VASCULATURE_MORPHOGENESIS	go_bp	0	9	19	53	2920	1.000000e+00	1.000000e+00	
GOBP_CYCLIC_NUCLEOTIDE_METABOLIC_PROCESS	go_bp	0	9	41	53	2920	1.000000e+00	1.000000e+00	
GOBP_DENDRITIC_CELL_CHEMOTAXIS	go_bp	0	9	24	53	2920	1.000000e+00	1.000000e+00	
GOBP_DENDRITIC_CELL_MIGRATION	go_bp	0	9	31	53	2920	1.000000e+00	1.000000e+00	
GOBP_DETERMINATION_OF_ADULT_LIFESPAN	go_bp	0	9	35	53	2920	1.000000e+00	1.000000e+00	
GOBP_DIOL_METABOLIC_PROCESS	go_bp	0	9	31	53	2920	1.000000e+00	1.000000e+00	
GOBP_DOPAMINE_SECRETION	go_bp	0	9	30	53	2920	1.000000e+00	1.000000e+00	
GOBP_ECTOPIC_GERM_CELL_PROGRAMMED_CELL_DEATH	go_bp	0	9	18	53	2920	1.000000e+00	1.000000e+00	
GOBP_EMBRYONIC_CRANIAL_SKELETON_MORPHOGENESIS	go_bp	0	9	45	53	2920	1.000000e+00	1.000000e+00	
GOBP_ENDOCARDIAL_CUSHION_FORMATION	go_bp	0	9	31	53	2920	1.000000e+00	1.000000e+00	
GOBP_EPITHELIAL_CELL_MORPHOGENESIS	go_bp	0	9	34	53	2920	1.000000e+00	1.000000e+00	
GOBP_ERYTHROCYTE_DEVELOPMENT	go_bp	0	9	44	53	2920	1.000000e+00	1.000000e+00	
GOBP_ER_NUCLEUS_SIGNALING_PATHWAY	go_bp	0	9	48	53	2920	1.000000e+00	1.000000e+00	
GOBP_EXTRACELLULAR_VESICLE_BIOGENESIS	go_bp	0	9	25	53	2920	1.000000e+00	1.000000e+00	
GOBP_FC_RECEPTOR_MEDIATED_STIMULATORY_SIGNALING_PATHWAY	go_bp	0	9	31	53	2920	1.000000e+00	1.000000e+00	
GOBP_GLUCOSAMINE_CONTAINING_COMPOUND_METABOLIC_PROCESS	go_bp	0	9	25	53	2920	1.000000e+00	1.000000e+00	
GOBP_GLUCOSE_6_PHOSPHATE_METABOLIC_PROCESS	go_bp	0	9	29	53	2920	1.000000e+00	1.000000e+00	
GOBP_GLYCOSYL_COMPOUND_CATABOLIC_PROCESS	go_bp	0	9	36	53	2920	1.000000e+00	1.000000e+00	
GOBP_G_PROTEIN_COUPLED_RECEPTOR_SIGNALING_PATHWAY_COUPLED_TO_CYCLIC_NUCLEOTIDE_SECOND_MESSENGER	go_bp	0	9	56	53	2920	1.000000e+00	1.000000e+00	
GOBP_HEMATOPOIETIC_STEM_CELL_DIFFERENTIATION	go_bp	0	9	36	53	2920	1.000000e+00	1.000000e+00	
GOBP_HEPATOCYTE_APOPTOTIC_PROCESS	go_bp	0	9	20	53	2920	1.000000e+00	1.000000e+00	
GOBP_HYPEROSMOTIC_RESPONSE	go_bp	0	9	27	53	2920	1.000000e+00	1.000000e+00	
GOBP_IMMUNOLOGICAL_SYNAPSE_FORMATION	go_bp	0	9	17	53	2920	1.000000e+00	1.000000e+00	
GOBP_INOSITOL_PHOSPHATE_METABOLIC_PROCESS	go_bp	0	9	42	53	2920	1.000000e+00	1.000000e+00	
GOBP_INTERFERON_ALPHA_PRODUCTION	go_bp	0	9	30	53	2920	1.000000e+00	1.000000e+00	
GOBP_INTESTINAL_EPITHELIAL_CELL_DIFFERENTIATION	go_bp	0	9	28	53	2920	1.000000e+00	1.000000e+00	
GOBP_LATE_ENDOSOME_TO_VACUOLE_TRANSPORT	go_bp	0	9	37	53	2920	1.000000e+00	1.000000e+00	
GOBP_LENS_FIBER_CELL_DIFFERENTIATION	go_bp	0	9	36	53	2920	1.000000e+00	1.000000e+00	
GOBP_LYSOSOMAL_LUMEN_ACIDIFICATION	go_bp	0	9	24	53	2920	1.000000e+00	1.000000e+00	
GOBP_MAINTENANCE_OF_PROTEIN_LOCALIZATION_IN_ORGANELLE	go_bp	0	9	43	53	2920	1.000000e+00	1.000000e+00	
GOBP_MAST_CELL_CHEMOTAXIS	go_bp	0	9	12	53	2920	1.000000e+00	1.000000e+00	
GOBP_METANEPHRIC_EPITHELIUM_DEVELOPMENT	go_bp	0	9	28	53	2920	1.000000e+00	1.000000e+00	
GOBP_MICROVILLUS_ORGANIZATION	go_bp	0	9	30	53	2920	1.000000e+00	1.000000e+00	
GOBP_MIRNA_PROCESSING	go_bp	0	9	45	53	2920	1.000000e+00	1.000000e+00	
GOBP_MITOTIC_G1_S_TRANSITION_CHECKPOINT_SIGNALING	go_bp	0	9	30	53	2920	1.000000e+00	1.000000e+00	
GOBP_MODULATION_BY_HOST_OF_VIRAL_PROCESS	go_bp	0	9	50	53	2920	1.000000e+00	1.000000e+00	
GOBP_MOTOR_NEURON_APOPTOTIC_PROCESS	go_bp	0	9	21	53	2920	1.000000e+00	1.000000e+00	
GOBP_MULTIVESICULAR_BODY_ORGANIZATION	go_bp	0	9	32	53	2920	1.000000e+00	1.000000e+00	
GOBP_MYELOID_DENDRITIC_CELL_DIFFERENTIATION	go_bp	0	9	20	53	2920	1.000000e+00	1.000000e+00	
GOBP_NATURAL_KILLER_CELL_MEDIATED_IMMUNE_RESPONSE_TO_TUMOR_CELL	go_bp	0	9	11	53	2920	1.000000e+00	1.000000e+00	
GOBP_NEGATIVE_REGULATION_OF_ACTIVATED_T_CELL_PROLIFERATION	go_bp	0	9	15	53	2920	1.000000e+00	1.000000e+00	
GOBP_NEGATIVE_REGULATION_OF_CD4_POSITIVE_ALPHA_BETA_T_CELL_ACTIVATION	go_bp	0	9	33	53	2920	1.000000e+00	1.000000e+00	
GOBP_NEGATIVE_REGULATION_OF_CELLULAR_RESPONSE_TO_INSULIN_STIMULUS	go_bp	0	9	46	53	2920	1.000000e+00	1.000000e+00	
GOBP_NEGATIVE_REGULATION_OF_CELL_CYCLE_G2_M_PHASE_TRANSITION	go_bp	0	9	72	53	2920	1.000000e+00	1.000000e+00	
GOBP_NEGATIVE_REGULATION_OF_COMPLEMENT_ACTIVATION	go_bp	0	9	13	53	2920	1.000000e+00	1.000000e+00	
GOBP_NEGATIVE_REGULATION_OF_EXTRINSIC_APOPTOTIC_SIGNALING_PATHWAY_VIA_DEATH_DOMAIN_RECEPTORS	go_bp	0	9	31	53	2920	1.000000e+00	1.000000e+00	
GOBP_NEGATIVE_REGULATION_OF_INTERLEUKIN_12_PRODUCTION	go_bp	0	9	19	53	2920	1.000000e+00	1.000000e+00	
GOBP_NEGATIVE_REGULATION_OF_INTRACELLULAR_PROTEIN_TRANSPORT	go_bp	0	9	32	53	2920	1.000000e+00	1.000000e+00	
GOBP_NEGATIVE_REGULATION_OF_MACROPHAGE_ACTIVATION	go_bp	0	9	17	53	2920	1.000000e+00	1.000000e+00	
GOBP_NEGATIVE_REGULATION_OF_NEUROINFLAMMATORY_RESPONSE	go_bp	0	9	17	53	2920	1.000000e+00	1.000000e+00	
GOBP_NEGATIVE_REGULATION_OF_PEPTIDYL_SERINE_PHOSPHORYLATION	go_bp	0	9	29	53	2920	1.000000e+00	1.000000e+00	
GOBP_NEGATIVE_REGULATION_OF_POTASSIUM_ION_TRANSPORT	go_bp	0	9	36	53	2920	1.000000e+00	1.000000e+00	
GOBP_NEGATIVE_REGULATION_OF_PROTEIN_LOCALIZATION_TO_MEMBRANE	go_bp	0	9	37	53	2920	1.000000e+00	1.000000e+00	
GOBP_NEGATIVE_REGULATION_OF_SMOOTH_MUSCLE_CELL_MIGRATION	go_bp	0	9	39	53	2920	1.000000e+00	1.000000e+00	
GOBP_NEGATIVE_REGULATION_OF_TRANSLATIONAL_INITIATION	go_bp	0	9	22	53	2920	1.000000e+00	1.000000e+00	
GOBP_NEGATIVE_REGULATION_OF_VIRAL_GENOME_REPLICATION	go_bp	0	9	55	53	2920	1.000000e+00	1.000000e+00	
GOBP_NERVE_GROWTH_FACTOR_SIGNALING_PATHWAY	go_bp	0	9	14	53	2920	1.000000e+00	1.000000e+00	
GOBP_NEURON_PROJECTION_EXTENSION_INVOLVED_IN_NEURON_PROJECTION_GUIDANCE	go_bp	0	9	21	53	2920	1.000000e+00	1.000000e+00	
GOBP_NEUROTRANSMITTER_RECEPTOR_LOCALIZATION_TO_POSTSYNAPTIC_SPECIALIZATION_MEMBRANE	go_bp	0	9	25	53	2920	1.000000e+00	1.000000e+00	
GOBP_NEUTROPHIL_EXTRAVASATION	go_bp	0	9	14	53	2920	1.000000e+00	1.000000e+00	
GOBP_NON_MOTILE_CILIUM_ASSEMBLY	go_bp	0	9	65	53	2920	1.000000e+00	1.000000e+00	
GOBP_NUCLEOSIDE_MONOPHOSPHATE_CATABOLIC_PROCESS	go_bp	0	9	19	53	2920	1.000000e+00	1.000000e+00	
GOBP_N_TERMINAL_PROTEIN_AMINO_ACID_MODIFICATION	go_bp	0	9	27	53	2920	1.000000e+00	1.000000e+00	
GOBP_OPSONIZATION	go_bp	0	9	17	53	2920	1.000000e+00	1.000000e+00	
GOBP_ORGANIC_CATION_TRANSPORT	go_bp	0	9	116	53	2920	1.000000e+00	1.000000e+00	
GOBP_PEPTIDE_BIOSYNTHETIC_PROCESS	go_bp	0	9	27	53	2920	1.000000e+00	1.000000e+00	
GOBP_PEPTIDYL_PROLINE_MODIFICATION	go_bp	0	9	37	53	2920	1.000000e+00	1.000000e+00	
GOBP_PIGMENT_CELL_DIFFERENTIATION	go_bp	0	9	36	53	2920	1.000000e+00	1.000000e+00	
GOBP_PIGMENT_GRANULE_ORGANIZATION	go_bp	0	9	40	53	2920	1.000000e+00	1.000000e+00	
GOBP_PLASMA_MEMBRANE_REPAIR	go_bp	0	9	29	53	2920	1.000000e+00	1.000000e+00	
GOBP_PLATELET_DERIVED_GROWTH_FACTOR_RECEPTOR_BETA_SIGNALING_PATHWAY	go_bp	0	9	14	53	2920	1.000000e+00	1.000000e+00	
GOBP_POLARIZED_EPITHELIAL_CELL_DIFFERENTIATION	go_bp	0	9	27	53	2920	1.000000e+00	1.000000e+00	
GOBP_POSITIVE_REGULATION_OF_AMYLOID_BETA_FORMATION	go_bp	0	9	20	53	2920	1.000000e+00	1.000000e+00	
GOBP_POSITIVE_REGULATION_OF_CARDIAC_MUSCLE_CELL_PROLIFERATION	go_bp	0	9	31	53	2920	1.000000e+00	1.000000e+00	
GOBP_POSITIVE_REGULATION_OF_CELLULAR_RESPONSE_TO_INSULIN_STIMULUS	go_bp	0	9	26	53	2920	1.000000e+00	1.000000e+00	
GOBP_POSITIVE_REGULATION_OF_CHOLESTEROL_EFFLUX	go_bp	0	9	27	53	2920	1.000000e+00	1.000000e+00	
GOBP_POSITIVE_REGULATION_OF_DOUBLE_STRAND_BREAK_REPAIR_VIA_HOMOLOGOUS_RECOMBINATION	go_bp	0	9	43	53	2920	1.000000e+00	1.000000e+00	
GOBP_POSITIVE_REGULATION_OF_ENDOTHELIAL_CELL_CHEMOTAXIS	go_bp	0	9	15	53	2920	1.000000e+00	1.000000e+00	
GOBP_POSITIVE_REGULATION_OF_GLIAL_CELL_PROLIFERATION	go_bp	0	9	24	53	2920	1.000000e+00	1.000000e+00	
GOBP_POSITIVE_REGULATION_OF_GLUCOSE_METABOLIC_PROCESS	go_bp	0	9	45	53	2920	1.000000e+00	1.000000e+00	
GOBP_POSITIVE_REGULATION_OF_INTERLEUKIN_13_PRODUCTION	go_bp	0	9	14	53	2920	1.000000e+00	1.000000e+00	
GOBP_POSITIVE_REGULATION_OF_LIPID_CATABOLIC_PROCESS	go_bp	0	9	27	53	2920	1.000000e+00	1.000000e+00	
GOBP_POSITIVE_REGULATION_OF_LIPID_STORAGE	go_bp	0	9	27	53	2920	1.000000e+00	1.000000e+00	
GOBP_POSITIVE_REGULATION_OF_LYASE_ACTIVITY	go_bp	0	9	38	53	2920	1.000000e+00	1.000000e+00	
GOBP_POSITIVE_REGULATION_OF_MACROPHAGE_CYTOKINE_PRODUCTION	go_bp	0	9	24	53	2920	1.000000e+00	1.000000e+00	
GOBP_POSITIVE_REGULATION_OF_MICROTUBULE_POLYMERIZATION_OR_DEPOLYMERIZATION	go_bp	0	9	36	53	2920	1.000000e+00	1.000000e+00	
GOBP_POSITIVE_REGULATION_OF_MULTICELLULAR_ORGANISM_GROWTH	go_bp	0	9	31	53	2920	1.000000e+00	1.000000e+00	
GOBP_POSITIVE_REGULATION_OF_MUSCLE_CELL_APOPTOTIC_PROCESS	go_bp	0	9	36	53	2920	1.000000e+00	1.000000e+00	
GOBP_POSITIVE_REGULATION_OF_MYELOID_LEUKOCYTE_MEDIATED_IMMUNITY	go_bp	0	9	21	53	2920	1.000000e+00	1.000000e+00	
GOBP_POSITIVE_REGULATION_OF_NATURAL_KILLER_CELL_ACTIVATION	go_bp	0	9	22	53	2920	1.000000e+00	1.000000e+00	
GOBP_POSITIVE_REGULATION_OF_NEUROINFLAMMATORY_RESPONSE	go_bp	0	9	18	53	2920	1.000000e+00	1.000000e+00	
GOBP_POSITIVE_REGULATION_OF_TRANSFORMING_GROWTH_FACTOR_BETA_PRODUCTION	go_bp	0	9	19	53	2920	1.000000e+00	1.000000e+00	
GOBP_POSITIVE_REGULATION_OF_T_HELPER_1_TYPE_IMMUNE_RESPONSE	go_bp	0	9	18	53	2920	1.000000e+00	1.000000e+00	
GOBP_POSTSYNAPTIC_MODULATION_OF_CHEMICAL_SYNAPTIC_TRANSMISSION	go_bp	0	9	27	53	2920	1.000000e+00	1.000000e+00	
GOBP_POSTSYNAPTIC_NEUROTRANSMITTER_RECEPTOR_INTERNALIZATION	go_bp	0	9	27	53	2920	1.000000e+00	1.000000e+00	
GOBP_POSTSYNAPTIC_SPECIALIZATION_ASSEMBLY	go_bp	0	9	30	53	2920	1.000000e+00	1.000000e+00	
GOBP_PROTEIN_DESTABILIZATION	go_bp	0	9	50	53	2920	1.000000e+00	1.000000e+00	
GOBP_PROTEIN_LIPID_COMPLEX_ASSEMBLY	go_bp	0	9	30	53	2920	1.000000e+00	1.000000e+00	
GOBP_REGULATION_OF_ALTERNATIVE_MRNA_SPLICING_VIA_SPLICEOSOME	go_bp	0	9	55	53	2920	1.000000e+00	1.000000e+00	
GOBP_REGULATION_OF_AMYLOID_BETA_CLEARANCE	go_bp	0	9	19	53	2920	1.000000e+00	1.000000e+00	
GOBP_REGULATION_OF_AMYLOID_FIBRIL_FORMATION	go_bp	0	9	17	53	2920	1.000000e+00	1.000000e+00	
GOBP_REGULATION_OF_B_CELL_APOPTOTIC_PROCESS	go_bp	0	9	20	53	2920	1.000000e+00	1.000000e+00	
GOBP_REGULATION_OF_CARDIAC_MUSCLE_CONTRACTION_BY_CALCIUM_ION_SIGNALING	go_bp	0	9	27	53	2920	1.000000e+00	1.000000e+00	
GOBP_REGULATION_OF_DNA_TEMPLATED_TRANSCRIPTION_ELONGATION	go_bp	0	9	100	53	2920	1.000000e+00	1.000000e+00	
GOBP_REGULATION_OF_EPIDERMIS_DEVELOPMENT	go_bp	0	9	65	53	2920	1.000000e+00	1.000000e+00	
GOBP_REGULATION_OF_ESTABLISHMENT_OF_PROTEIN_LOCALIZATION_TO_MITOCHONDRION	go_bp	0	9	47	53	2920	1.000000e+00	1.000000e+00	
GOBP_REGULATION_OF_EXECUTION_PHASE_OF_APOPTOSIS	go_bp	0	9	23	53	2920	1.000000e+00	1.000000e+00	
GOBP_REGULATION_OF_FIBROBLAST_MIGRATION	go_bp	0	9	41	53	2920	1.000000e+00	1.000000e+00	
GOBP_REGULATION_OF_INSULIN_LIKE_GROWTH_FACTOR_RECEPTOR_SIGNALING_PATHWAY	go_bp	0	9	25	53	2920	1.000000e+00	1.000000e+00	
GOBP_REGULATION_OF_INTEGRIN_MEDIATED_SIGNALING_PATHWAY	go_bp	0	9	21	53	2920	1.000000e+00	1.000000e+00	
GOBP_REGULATION_OF_INTRINSIC_APOPTOTIC_SIGNALING_PATHWAY_BY_P53_CLASS_MEDIATOR	go_bp	0	9	34	53	2920	1.000000e+00	1.000000e+00	
GOBP_REGULATION_OF_KETONE_BIOSYNTHETIC_PROCESS	go_bp	0	9	21	53	2920	1.000000e+00	1.000000e+00	
GOBP_REGULATION_OF_LONG_TERM_NEURONAL_SYNAPTIC_PLASTICITY	go_bp	0	9	25	53	2920	1.000000e+00	1.000000e+00	
GOBP_REGULATION_OF_LOW_DENSITY_LIPOPROTEIN_PARTICLE_CLEARANCE	go_bp	0	9	22	53	2920	1.000000e+00	1.000000e+00	
GOBP_REGULATION_OF_LYSOSOMAL_LUMEN_PH	go_bp	0	9	32	53	2920	1.000000e+00	1.000000e+00	
GOBP_REGULATION_OF_MACROPHAGE_DIFFERENTIATION	go_bp	0	9	26	53	2920	1.000000e+00	1.000000e+00	
GOBP_REGULATION_OF_MEIOTIC_CELL_CYCLE	go_bp	0	9	68	53	2920	1.000000e+00	1.000000e+00	
GOBP_REGULATION_OF_MESENCHYMAL_CELL_PROLIFERATION	go_bp	0	9	33	53	2920	1.000000e+00	1.000000e+00	
GOBP_REGULATION_OF_MICROGLIAL_CELL_ACTIVATION	go_bp	0	9	20	53	2920	1.000000e+00	1.000000e+00	
GOBP_REGULATION_OF_MICROTUBULE_BASED_MOVEMENT	go_bp	0	9	58	53	2920	1.000000e+00	1.000000e+00	
GOBP_REGULATION_OF_MUSCLE_ORGAN_DEVELOPMENT	go_bp	0	9	24	53	2920	1.000000e+00	1.000000e+00	
GOBP_REGULATION_OF_NATURAL_KILLER_CELL_MEDIATED_IMMUNE_RESPONSE_TO_TUMOR_CELL	go_bp	0	9	10	53	2920	1.000000e+00	1.000000e+00	
GOBP_REGULATION_OF_NEUROTRANSMITTER_RECEPTOR_ACTIVITY	go_bp	0	9	41	53	2920	1.000000e+00	1.000000e+00	
GOBP_REGULATION_OF_PHOSPHOLIPID_METABOLIC_PROCESS	go_bp	0	9	34	53	2920	1.000000e+00	1.000000e+00	
GOBP_REGULATION_OF_PODOSOME_ASSEMBLY	go_bp	0	9	14	53	2920	1.000000e+00	1.000000e+00	
GOBP_REGULATION_OF_POLYSACCHARIDE_BIOSYNTHETIC_PROCESS	go_bp	0	9	38	53	2920	1.000000e+00	1.000000e+00	
GOBP_REGULATION_OF_RECEPTOR_BINDING	go_bp	0	9	16	53	2920	1.000000e+00	1.000000e+00	
GOBP_REGULATION_OF_SMOOTHENED_SIGNALING_PATHWAY	go_bp	0	9	87	53	2920	1.000000e+00	1.000000e+00	
GOBP_REGULATION_OF_SYNAPTIC_VESICLE_EXOCYTOSIS	go_bp	0	9	44	53	2920	1.000000e+00	1.000000e+00	
GOBP_REGULATION_OF_SYSTEMIC_ARTERIAL_BLOOD_PRESSURE_BY_CIRCULATORY_RENIN_ANGIOTENSIN	go_bp	0	9	18	53	2920	1.000000e+00	1.000000e+00	
GOBP_REGULATION_OF_TOLERANCE_INDUCTION	go_bp	0	9	19	53	2920	1.000000e+00	1.000000e+00	
GOBP_REGULATION_OF_TOLL_LIKE_RECEPTOR_4_SIGNALING_PATHWAY	go_bp	0	9	37	53	2920	1.000000e+00	1.000000e+00	
GOBP_REGULATION_OF_T_HELPER_17_TYPE_IMMUNE_RESPONSE	go_bp	0	9	34	53	2920	1.000000e+00	1.000000e+00	
GOBP_RESPONSE_TO_ARSENIC_CONTAINING_SUBSTANCE	go_bp	0	9	31	53	2920	1.000000e+00	1.000000e+00	
GOBP_RESPONSE_TO_CATECHOLAMINE	go_bp	0	9	63	53	2920	1.000000e+00	1.000000e+00	
GOBP_RESPONSE_TO_MUSCLE_ACTIVITY	go_bp	0	9	28	53	2920	1.000000e+00	1.000000e+00	
GOBP_RESPONSE_TO_NITRIC_OXIDE	go_bp	0	9	20	53	2920	1.000000e+00	1.000000e+00	
GOBP_RESPONSE_TO_PLATELET_DERIVED_GROWTH_FACTOR	go_bp	0	9	25	53	2920	1.000000e+00	1.000000e+00	
GOBP_RESPONSE_TO_SALT_STRESS	go_bp	0	9	24	53	2920	1.000000e+00	1.000000e+00	
GOBP_REVERSE_CHOLESTEROL_TRANSPORT	go_bp	0	9	20	53	2920	1.000000e+00	1.000000e+00	
GOBP_RHYTHMIC_BEHAVIOR	go_bp	0	9	46	53	2920	1.000000e+00	1.000000e+00	
GOBP_RIBONUCLEOSIDE_METABOLIC_PROCESS	go_bp	0	9	37	53	2920	1.000000e+00	1.000000e+00	
GOBP_SARCOPLASMIC_RETICULUM_CALCIUM_ION_TRANSPORT	go_bp	0	9	44	53	2920	1.000000e+00	1.000000e+00	
GOBP_SIGNAL_TRANSDUCTION_INVOLVED_IN_REGULATION_OF_GENE_EXPRESSION	go_bp	0	9	23	53	2920	1.000000e+00	1.000000e+00	
GOBP_SKELETAL_MUSCLE_CELL_PROLIFERATION	go_bp	0	9	25	53	2920	1.000000e+00	1.000000e+00	
GOBP_SPECIFICATION_OF_ANIMAL_ORGAN_IDENTITY	go_bp	0	9	37	53	2920	1.000000e+00	1.000000e+00	
GOBP_STRIATED_MUSCLE_ADAPTATION	go_bp	0	9	56	53	2920	1.000000e+00	1.000000e+00	
GOBP_STRIATED_MUSCLE_CELL_APOPTOTIC_PROCESS	go_bp	0	9	58	53	2920	1.000000e+00	1.000000e+00	
GOBP_SYNAPSE_PRUNING	go_bp	0	9	14	53	2920	1.000000e+00	1.000000e+00	
GOBP_SYNAPTIC_MEMBRANE_ADHESION	go_bp	0	9	29	53	2920	1.000000e+00	1.000000e+00	
GOBP_TELOMERE_MAINTENANCE_VIA_TELOMERE_LENGTHENING	go_bp	0	9	82	53	2920	1.000000e+00	1.000000e+00	
GOBP_TORC1_SIGNALING	go_bp	0	9	103	53	2920	1.000000e+00	1.000000e+00	
GOBP_TRIGLYCERIDE_CATABOLIC_PROCESS	go_bp	0	9	28	53	2920	1.000000e+00	1.000000e+00	
GOBP_T_CELL_EXTRAVASATION	go_bp	0	9	14	53	2920	1.000000e+00	1.000000e+00	
GOBP_T_HELPER_17_CELL_LINEAGE_COMMITMENT	go_bp	0	9	19	53	2920	1.000000e+00	1.000000e+00	
GOBP_T_HELPER_CELL_LINEAGE_COMMITMENT	go_bp	0	9	23	53	2920	1.000000e+00	1.000000e+00	
GOBP_VACUOLAR_ACIDIFICATION	go_bp	0	9	36	53	2920	1.000000e+00	1.000000e+00	
GOBP_VENTRICULAR_CARDIAC_MUSCLE_CELL_ACTION_POTENTIAL	go_bp	0	9	36	53	2920	1.000000e+00	1.000000e+00	
GOBP_VESICLE_MEDIATED_TRANSPORT_BETWEEN_ENDOSOMAL_COMPARTMENTS	go_bp	0	9	50	53	2920	1.000000e+00	1.000000e+00	
GOBP_VISUAL_BEHAVIOR	go_bp	0	9	57	53	2920	1.000000e+00	1.000000e+00	
GOBP_NUCLEAR_TRANSPORT	go_bp	0	56	333	53	2920	1.000000e+00	1.000000e+00	
GOBP_ORGANIC_HYDROXY_COMPOUND_BIOSYNTHETIC_PROCESS	go_bp	0	56	249	53	2920	1.000000e+00	1.000000e+00	
GOBP_ADAPTIVE_IMMUNE_MEMORY_RESPONSE	go_bp	0	5	6	53	2920	1.000000e+00	1.000000e+00	
GOBP_ADENYLATE_CYCLASE_ACTIVATING_ADRENERGIC_RECEPTOR_SIGNALING_PATHWAY	go_bp	0	5	24	53	2920	1.000000e+00	1.000000e+00	
GOBP_ALDEHYDE_CATABOLIC_PROCESS	go_bp	0	5	14	53	2920	1.000000e+00	1.000000e+00	
GOBP_AMINO_ACID_IMPORT_ACROSS_PLASMA_MEMBRANE	go_bp	0	5	51	53	2920	1.000000e+00	1.000000e+00	
GOBP_AMINO_ACID_TRANSMEMBRANE_TRANSPORT	go_bp	0	5	105	53	2920	1.000000e+00	1.000000e+00	
GOBP_AMYLOID_BETA_CLEARANCE_BY_CELLULAR_CATABOLIC_PROCESS	go_bp	0	5	8	53	2920	1.000000e+00	1.000000e+00	
GOBP_ANGIOGENESIS_INVOLVED_IN_CORONARY_VASCULAR_MORPHOGENESIS	go_bp	0	5	5	53	2920	1.000000e+00	1.000000e+00	
GOBP_ANGIOTENSIN_ACTIVATED_SIGNALING_PATHWAY	go_bp	0	5	20	53	2920	1.000000e+00	1.000000e+00	
GOBP_ANTERIOR_POSTERIOR_AXIS_SPECIFICATION	go_bp	0	5	59	53	2920	1.000000e+00	1.000000e+00	
GOBP_APOPTOTIC_DNA_FRAGMENTATION	go_bp	0	5	20	53	2920	1.000000e+00	1.000000e+00	
GOBP_ARACHIDONIC_ACID_METABOLIC_PROCESS	go_bp	0	5	58	53	2920	1.000000e+00	1.000000e+00	
GOBP_ASPARTATE_FAMILY_AMINO_ACID_BIOSYNTHETIC_PROCESS	go_bp	0	5	21	53	2920	1.000000e+00	1.000000e+00	
GOBP_ATRIAL_SEPTUM_DEVELOPMENT	go_bp	0	5	23	53	2920	1.000000e+00	1.000000e+00	
GOBP_ATRIOVENTRICULAR_VALVE_DEVELOPMENT	go_bp	0	5	30	53	2920	1.000000e+00	1.000000e+00	
GOBP_ATTACHMENT_OF_SPINDLE_MICROTUBULES_TO_KINETOCHORE	go_bp	0	5	53	53	2920	1.000000e+00	1.000000e+00	
GOBP_BERGMANN_GLIAL_CELL_DIFFERENTIATION	go_bp	0	5	11	53	2920	1.000000e+00	1.000000e+00	
GOBP_BICARBONATE_TRANSPORT	go_bp	0	5	37	53	2920	1.000000e+00	1.000000e+00	
GOBP_BLASTOCYST_FORMATION	go_bp	0	5	45	53	2920	1.000000e+00	1.000000e+00	
GOBP_BLASTODERM_SEGMENTATION	go_bp	0	5	25	53	2920	1.000000e+00	1.000000e+00	
GOBP_BLOOD_COAGULATION_INTRINSIC_PATHWAY	go_bp	0	5	8	53	2920	1.000000e+00	1.000000e+00	
GOBP_BONE_TRABECULA_FORMATION	go_bp	0	5	11	53	2920	1.000000e+00	1.000000e+00	
GOBP_BRANCHED_CHAIN_AMINO_ACID_CATABOLIC_PROCESS	go_bp	0	5	22	53	2920	1.000000e+00	1.000000e+00	
GOBP_BRANCHING_INVOLVED_IN_PROSTATE_GLAND_MORPHOGENESIS	go_bp	0	5	12	53	2920	1.000000e+00	1.000000e+00	
GOBP_BRANCHIOMOTOR_NEURON_AXON_GUIDANCE	go_bp	0	5	7	53	2920	1.000000e+00	1.000000e+00	
GOBP_CALCIUM_ION_IMPORT_ACROSS_PLASMA_MEMBRANE	go_bp	0	5	42	53	2920	1.000000e+00	1.000000e+00	
GOBP_CARDIAC_MYOFIBRIL_ASSEMBLY	go_bp	0	5	19	53	2920	1.000000e+00	1.000000e+00	
GOBP_CARTILAGE_CONDENSATION	go_bp	0	5	19	53	2920	1.000000e+00	1.000000e+00	
GOBP_CDC42_PROTEIN_SIGNAL_TRANSDUCTION	go_bp	0	5	17	53	2920	1.000000e+00	1.000000e+00	
GOBP_CELLULAR_MODIFIED_AMINO_ACID_CATABOLIC_PROCESS	go_bp	0	5	33	53	2920	1.000000e+00	1.000000e+00	
GOBP_CELLULAR_RESPONSE_TO_EPINEPHRINE_STIMULUS	go_bp	0	5	11	53	2920	1.000000e+00	1.000000e+00	
GOBP_CELLULAR_RESPONSE_TO_ESTROGEN_STIMULUS	go_bp	0	5	20	53	2920	1.000000e+00	1.000000e+00	
GOBP_CELLULAR_RESPONSE_TO_GLUCAGON_STIMULUS	go_bp	0	5	12	53	2920	1.000000e+00	1.000000e+00	
GOBP_CELLULAR_RESPONSE_TO_INTERFERON_ALPHA	go_bp	0	5	8	53	2920	1.000000e+00	1.000000e+00	
GOBP_CELLULAR_RESPONSE_TO_INTERFERON_BETA	go_bp	0	5	27	53	2920	1.000000e+00	1.000000e+00	
GOBP_CELLULAR_RESPONSE_TO_LEPTIN_STIMULUS	go_bp	0	5	17	53	2920	1.000000e+00	1.000000e+00	
GOBP_CELLULAR_RESPONSE_TO_NITROGEN_LEVELS	go_bp	0	5	12	53	2920	1.000000e+00	1.000000e+00	
GOBP_CELLULAR_RESPONSE_TO_SALT_STRESS	go_bp	0	5	14	53	2920	1.000000e+00	1.000000e+00	
GOBP_CELLULAR_RESPONSE_TO_UV_A	go_bp	0	5	11	53	2920	1.000000e+00	1.000000e+00	
GOBP_CELLULAR_RESPONSE_TO_UV_B	go_bp	0	5	12	53	2920	1.000000e+00	1.000000e+00	
GOBP_CELLULAR_RESPONSE_TO_X_RAY	go_bp	0	5	11	53	2920	1.000000e+00	1.000000e+00	
GOBP_CELL_ADHESION_MOLECULE_PRODUCTION	go_bp	0	5	23	53	2920	1.000000e+00	1.000000e+00	
GOBP_CELL_AGGREGATION	go_bp	0	5	23	53	2920	1.000000e+00	1.000000e+00	
GOBP_CELL_CELL_ADHESION_INVOLVED_IN_GASTRULATION	go_bp	0	5	12	53	2920	1.000000e+00	1.000000e+00	
GOBP_CELL_COMMUNICATION_BY_ELECTRICAL_COUPLING_INVOLVED_IN_CARDIAC_CONDUCTION	go_bp	0	5	26	53	2920	1.000000e+00	1.000000e+00	
GOBP_CELL_MIGRATION_IN_HINDBRAIN	go_bp	0	5	17	53	2920	1.000000e+00	1.000000e+00	
GOBP_CELL_PROLIFERATION_INVOLVED_IN_HEART_MORPHOGENESIS	go_bp	0	5	20	53	2920	1.000000e+00	1.000000e+00	
GOBP_CERAMIDE_CATABOLIC_PROCESS	go_bp	0	5	25	53	2920	1.000000e+00	1.000000e+00	
GOBP_CGMP_METABOLIC_PROCESS	go_bp	0	5	17	53	2920	1.000000e+00	1.000000e+00	
GOBP_CHAPERONE_MEDIATED_AUTOPHAGY	go_bp	0	5	15	53	2920	1.000000e+00	1.000000e+00	
GOBP_CHOLESTEROL_IMPORT	go_bp	0	5	9	53	2920	1.000000e+00	1.000000e+00	
GOBP_CHONDROITIN_SULFATE_PROTEOGLYCAN_METABOLIC_PROCESS	go_bp	0	5	31	53	2920	1.000000e+00	1.000000e+00	
GOBP_CHROMOSOME_ORGANIZATION_INVOLVED_IN_MEIOTIC_CELL_CYCLE	go_bp	0	5	65	53	2920	1.000000e+00	1.000000e+00	
GOBP_COBALAMIN_TRANSPORT	go_bp	0	5	9	53	2920	1.000000e+00	1.000000e+00	
GOBP_COMPLEMENT_ACTIVATION_LECTIN_PATHWAY	go_bp	0	5	11	53	2920	1.000000e+00	1.000000e+00	
GOBP_CONNECTIVE_TISSUE_REPLACEMENT_INVOLVED_IN_INFLAMMATORY_RESPONSE_WOUND_HEALING	go_bp	0	5	7	53	2920	1.000000e+00	1.000000e+00	
GOBP_COPII_COATED_VESICLE_BUDDING	go_bp	0	5	45	53	2920	1.000000e+00	1.000000e+00	
GOBP_CORONARY_ARTERY_MORPHOGENESIS	go_bp	0	5	9	53	2920	1.000000e+00	1.000000e+00	
GOBP_CRANIAL_NERVE_MORPHOGENESIS	go_bp	0	5	31	53	2920	1.000000e+00	1.000000e+00	
GOBP_CYTOLYSIS_BY_HOST_OF_SYMBIONT_CELLS	go_bp	0	5	7	53	2920	1.000000e+00	1.000000e+00	
GOBP_DEFINITIVE_HEMOPOIESIS	go_bp	0	5	20	53	2920	1.000000e+00	1.000000e+00	
GOBP_DENDRITE_EXTENSION	go_bp	0	5	37	53	2920	1.000000e+00	1.000000e+00	
GOBP_DETECTION_OF_CHEMICAL_STIMULUS_INVOLVED_IN_SENSORY_PERCEPTION_OF_TASTE	go_bp	0	5	48	53	2920	1.000000e+00	1.000000e+00	
GOBP_DETERMINATION_OF_LEFT_RIGHT_ASYMMETRY_IN_LATERAL_MESODERM	go_bp	0	5	10	53	2920	1.000000e+00	1.000000e+00	
GOBP_DISTAL_TUBULE_DEVELOPMENT	go_bp	0	5	12	53	2920	1.000000e+00	1.000000e+00	
GOBP_DNA_STRAND_ELONGATION	go_bp	0	5	37	53	2920	1.000000e+00	1.000000e+00	
GOBP_ENAMEL_MINERALIZATION	go_bp	0	5	22	53	2920	1.000000e+00	1.000000e+00	
GOBP_EOSINOPHIL_ACTIVATION	go_bp	0	5	9	53	2920	1.000000e+00	1.000000e+00	
GOBP_EOSINOPHIL_MEDIATED_IMMUNITY	go_bp	0	5	9	53	2920	1.000000e+00	1.000000e+00	
GOBP_EPITHELIAL_CELL_PROLIFERATION_INVOLVED_IN_LUNG_MORPHOGENESIS	go_bp	0	5	10	53	2920	1.000000e+00	1.000000e+00	
GOBP_EPITHELIAL_CELL_PROLIFERATION_INVOLVED_IN_PROSTATE_GLAND_DEVELOPMENT	go_bp	0	5	11	53	2920	1.000000e+00	1.000000e+00	
GOBP_ERBB4_SIGNALING_PATHWAY	go_bp	0	5	10	53	2920	1.000000e+00	1.000000e+00	
GOBP_ERYTHROCYTE_MATURATION	go_bp	0	5	22	53	2920	1.000000e+00	1.000000e+00	
GOBP_ESTABLISHMENT_OF_MITOCHONDRION_LOCALIZATION_MICROTUBULE_MEDIATED	go_bp	0	5	27	53	2920	1.000000e+00	1.000000e+00	
GOBP_ESTABLISHMENT_OF_PROTEIN_LOCALIZATION_TO_ENDOPLASMIC_RETICULUM	go_bp	0	5	48	53	2920	1.000000e+00	1.000000e+00	
GOBP_ETHER_METABOLIC_PROCESS	go_bp	0	5	26	53	2920	1.000000e+00	1.000000e+00	
GOBP_EXIT_FROM_MITOSIS	go_bp	0	5	31	53	2920	1.000000e+00	1.000000e+00	
GOBP_EXPORT_ACROSS_PLASMA_MEMBRANE	go_bp	0	5	83	53	2920	1.000000e+00	1.000000e+00	
GOBP_EXTRACELLULAR_REGULATION_OF_SIGNAL_TRANSDUCTION	go_bp	0	5	13	53	2920	1.000000e+00	1.000000e+00	
GOBP_EYE_PHOTORECEPTOR_CELL_DEVELOPMENT	go_bp	0	5	36	53	2920	1.000000e+00	1.000000e+00	
GOBP_FOREGUT_MORPHOGENESIS	go_bp	0	5	10	53	2920	1.000000e+00	1.000000e+00	
GOBP_FORELIMB_MORPHOGENESIS	go_bp	0	5	41	53	2920	1.000000e+00	1.000000e+00	
GOBP_FRUCTOSE_METABOLIC_PROCESS	go_bp	0	5	14	53	2920	1.000000e+00	1.000000e+00	
GOBP_GAS_TRANSPORT	go_bp	0	5	22	53	2920	1.000000e+00	1.000000e+00	
GOBP_GERM_CELL_MIGRATION	go_bp	0	5	9	53	2920	1.000000e+00	1.000000e+00	
GOBP_GLOMERULAR_EPITHELIAL_CELL_DEVELOPMENT	go_bp	0	5	12	53	2920	1.000000e+00	1.000000e+00	
GOBP_GLOMERULAR_MESANGIAL_CELL_PROLIFERATION	go_bp	0	5	13	53	2920	1.000000e+00	1.000000e+00	
GOBP_GLOMERULUS_VASCULATURE_MORPHOGENESIS	go_bp	0	5	6	53	2920	1.000000e+00	1.000000e+00	
GOBP_GLUCOCORTICOID_SECRETION	go_bp	0	5	12	53	2920	1.000000e+00	1.000000e+00	
GOBP_GLYCINE_METABOLIC_PROCESS	go_bp	0	5	14	53	2920	1.000000e+00	1.000000e+00	
GOBP_GLYCOLYTIC_PROCESS_THROUGH_FRUCTOSE_6_PHOSPHATE	go_bp	0	5	24	53	2920	1.000000e+00	1.000000e+00	
GOBP_GROOMING_BEHAVIOR	go_bp	0	5	19	53	2920	1.000000e+00	1.000000e+00	
GOBP_HEART_FIELD_SPECIFICATION	go_bp	0	5	17	53	2920	1.000000e+00	1.000000e+00	
GOBP_HEART_TRABECULA_FORMATION	go_bp	0	5	15	53	2920	1.000000e+00	1.000000e+00	
GOBP_HEMATOPOIETIC_STEM_CELL_MIGRATION	go_bp	0	5	9	53	2920	1.000000e+00	1.000000e+00	
GOBP_HEMOGLOBIN_METABOLIC_PROCESS	go_bp	0	5	18	53	2920	1.000000e+00	1.000000e+00	
GOBP_HEPARIN_METABOLIC_PROCESS	go_bp	0	5	17	53	2920	1.000000e+00	1.000000e+00	
GOBP_HIGH_DENSITY_LIPOPROTEIN_PARTICLE_ASSEMBLY	go_bp	0	5	13	53	2920	1.000000e+00	1.000000e+00	
GOBP_HOMOCYSTEINE_METABOLIC_PROCESS	go_bp	0	5	14	53	2920	1.000000e+00	1.000000e+00	
GOBP_HOMOLOGOUS_RECOMBINATION	go_bp	0	5	68	53	2920	1.000000e+00	1.000000e+00	
GOBP_HYPOTHALAMUS_DEVELOPMENT	go_bp	0	5	29	53	2920	1.000000e+00	1.000000e+00	
GOBP_IMMUNE_RESPONSE_INHIBITING_CELL_SURFACE_RECEPTOR_SIGNALING_PATHWAY	go_bp	0	5	9	53	2920	1.000000e+00	1.000000e+00	
GOBP_IMP_METABOLIC_PROCESS	go_bp	0	5	18	53	2920	1.000000e+00	1.000000e+00	
GOBP_INNATE_IMMUNE_RESPONSE_IN_MUCOSA	go_bp	0	5	27	53	2920	1.000000e+00	1.000000e+00	
GOBP_INTERLEUKIN_12_MEDIATED_SIGNALING_PATHWAY	go_bp	0	5	9	53	2920	1.000000e+00	1.000000e+00	
GOBP_INTERLEUKIN_18_MEDIATED_SIGNALING_PATHWAY	go_bp	0	5	10	53	2920	1.000000e+00	1.000000e+00	
GOBP_INTERLEUKIN_18_PRODUCTION	go_bp	0	5	14	53	2920	1.000000e+00	1.000000e+00	
GOBP_INTERLEUKIN_33_MEDIATED_SIGNALING_PATHWAY	go_bp	0	5	8	53	2920	1.000000e+00	1.000000e+00	
GOBP_INTERMEMBRANE_LIPID_TRANSFER	go_bp	0	5	34	53	2920	1.000000e+00	1.000000e+00	
GOBP_INTESTINAL_EPITHELIAL_STRUCTURE_MAINTENANCE	go_bp	0	5	8	53	2920	1.000000e+00	1.000000e+00	
GOBP_INTRACELLULAR_TRANSPORT_OF_VIRUS	go_bp	0	5	11	53	2920	1.000000e+00	1.000000e+00	
GOBP_INTRA_GOLGI_VESICLE_MEDIATED_TRANSPORT	go_bp	0	5	34	53	2920	1.000000e+00	1.000000e+00	
GOBP_IRE1_MEDIATED_UNFOLDED_PROTEIN_RESPONSE	go_bp	0	5	20	53	2920	1.000000e+00	1.000000e+00	
GOBP_IRES_DEPENDENT_VIRAL_TRANSLATIONAL_INITIATION	go_bp	0	5	11	53	2920	1.000000e+00	1.000000e+00	
GOBP_ISOPRENOID_BIOSYNTHETIC_PROCESS	go_bp	0	5	29	53	2920	1.000000e+00	1.000000e+00	
GOBP_ISOTYPE_SWITCHING_TO_IGG_ISOTYPES	go_bp	0	5	16	53	2920	1.000000e+00	1.000000e+00	
GOBP_KETONE_CATABOLIC_PROCESS	go_bp	0	5	15	53	2920	1.000000e+00	1.000000e+00	
GOBP_LEFT_RIGHT_AXIS_SPECIFICATION	go_bp	0	5	14	53	2920	1.000000e+00	1.000000e+00	
GOBP_LIPID_IMPORT_INTO_CELL	go_bp	0	5	21	53	2920	1.000000e+00	1.000000e+00	
GOBP_LIPOPROTEIN_LOCALIZATION	go_bp	0	5	25	53	2920	1.000000e+00	1.000000e+00	
GOBP_LOW_DENSITY_LIPOPROTEIN_RECEPTOR_PARTICLE_METABOLIC_PROCESS	go_bp	0	5	6	53	2920	1.000000e+00	1.000000e+00	
GOBP_LUTEOLYSIS	go_bp	0	5	6	53	2920	1.000000e+00	1.000000e+00	
GOBP_MALE_MEIOTIC_NUCLEAR_DIVISION	go_bp	0	5	55	53	2920	1.000000e+00	1.000000e+00	
GOBP_MELANOCYTE_DIFFERENTIATION	go_bp	0	5	25	53	2920	1.000000e+00	1.000000e+00	
GOBP_MEMBRANE_REPOLARIZATION_DURING_ACTION_POTENTIAL	go_bp	0	5	31	53	2920	1.000000e+00	1.000000e+00	
GOBP_MESENCHYMAL_STEM_CELL_PROLIFERATION	go_bp	0	5	11	53	2920	1.000000e+00	1.000000e+00	
GOBP_MINERALOCORTICOID_BIOSYNTHETIC_PROCESS	go_bp	0	5	12	53	2920	1.000000e+00	1.000000e+00	
GOBP_MINERALOCORTICOID_SECRETION	go_bp	0	5	7	53	2920	1.000000e+00	1.000000e+00	
GOBP_MITOCHONDRIAL_DNA_METABOLIC_PROCESS	go_bp	0	5	22	53	2920	1.000000e+00	1.000000e+00	
GOBP_MITOCHONDRIAL_FRAGMENTATION_INVOLVED_IN_APOPTOTIC_PROCESS	go_bp	0	5	10	53	2920	1.000000e+00	1.000000e+00	
GOBP_MITOCHONDRIAL_RNA_METABOLIC_PROCESS	go_bp	0	5	56	53	2920	1.000000e+00	1.000000e+00	
GOBP_MODIFICATION_OF_POSTSYNAPTIC_STRUCTURE	go_bp	0	5	22	53	2920	1.000000e+00	1.000000e+00	
GOBP_MORPHOGENESIS_OF_AN_ENDOTHELIUM	go_bp	0	5	17	53	2920	1.000000e+00	1.000000e+00	
GOBP_MORPHOGENESIS_OF_AN_EPITHELIAL_FOLD	go_bp	0	5	24	53	2920	1.000000e+00	1.000000e+00	
GOBP_MOTOR_BEHAVIOR	go_bp	0	5	23	53	2920	1.000000e+00	1.000000e+00	
GOBP_MYELIN_MAINTENANCE	go_bp	0	5	18	53	2920	1.000000e+00	1.000000e+00	
GOBP_MYOTUBE_CELL_DEVELOPMENT	go_bp	0	5	43	53	2920	1.000000e+00	1.000000e+00	
GOBP_NECROPTOTIC_SIGNALING_PATHWAY	go_bp	0	5	8	53	2920	1.000000e+00	1.000000e+00	
GOBP_NEGATIVE_REGULATION_OF_CALCIUM_ION_TRANSMEMBRANE_TRANSPORTER_ACTIVITY	go_bp	0	5	30	53	2920	1.000000e+00	1.000000e+00	
GOBP_NEGATIVE_REGULATION_OF_CD4_POSITIVE_ALPHA_BETA_T_CELL_PROLIFERATION	go_bp	0	5	12	53	2920	1.000000e+00	1.000000e+00	
GOBP_NEGATIVE_REGULATION_OF_CELLULAR_RESPONSE_TO_VASCULAR_ENDOTHELIAL_GROWTH_FACTOR_STIMULUS	go_bp	0	5	19	53	2920	1.000000e+00	1.000000e+00	
GOBP_NEGATIVE_REGULATION_OF_CELLULAR_SENESCENCE	go_bp	0	5	26	53	2920	1.000000e+00	1.000000e+00	
GOBP_NEGATIVE_REGULATION_OF_CHEMOKINE_MEDIATED_SIGNALING_PATHWAY	go_bp	0	5	9	53	2920	1.000000e+00	1.000000e+00	
GOBP_NEGATIVE_REGULATION_OF_CYCLIN_DEPENDENT_PROTEIN_SERINE_THREONINE_KINASE_ACTIVITY	go_bp	0	5	23	53	2920	1.000000e+00	1.000000e+00	
GOBP_NEGATIVE_REGULATION_OF_DNA_TEMPLATED_TRANSCRIPTION_ELONGATION	go_bp	0	5	23	53	2920	1.000000e+00	1.000000e+00	
GOBP_NEGATIVE_REGULATION_OF_ERBB_SIGNALING_PATHWAY	go_bp	0	5	32	53	2920	1.000000e+00	1.000000e+00	
GOBP_NEGATIVE_REGULATION_OF_GLIAL_CELL_APOPTOTIC_PROCESS	go_bp	0	5	10	53	2920	1.000000e+00	1.000000e+00	
GOBP_NEGATIVE_REGULATION_OF_GLIAL_CELL_DIFFERENTIATION	go_bp	0	5	28	53	2920	1.000000e+00	1.000000e+00	
GOBP_NEGATIVE_REGULATION_OF_GLUCONEOGENESIS	go_bp	0	5	19	53	2920	1.000000e+00	1.000000e+00	
GOBP_NEGATIVE_REGULATION_OF_GLYCOPROTEIN_METABOLIC_PROCESS	go_bp	0	5	28	53	2920	1.000000e+00	1.000000e+00	
GOBP_NEGATIVE_REGULATION_OF_HOMOTYPIC_CELL_CELL_ADHESION	go_bp	0	5	13	53	2920	1.000000e+00	1.000000e+00	
GOBP_NEGATIVE_REGULATION_OF_INTERFERON_ALPHA_PRODUCTION	go_bp	0	5	6	53	2920	1.000000e+00	1.000000e+00	
GOBP_NEGATIVE_REGULATION_OF_INTERLEUKIN_13_PRODUCTION	go_bp	0	5	7	53	2920	1.000000e+00	1.000000e+00	
GOBP_NEGATIVE_REGULATION_OF_LEUKOCYTE_ADHESION_TO_VASCULAR_ENDOTHELIAL_CELL	go_bp	0	5	13	53	2920	1.000000e+00	1.000000e+00	
GOBP_NEGATIVE_REGULATION_OF_LIPOPROTEIN_PARTICLE_CLEARANCE	go_bp	0	5	21	53	2920	1.000000e+00	1.000000e+00	
GOBP_NEGATIVE_REGULATION_OF_MACROPHAGE_CYTOKINE_PRODUCTION	go_bp	0	5	12	53	2920	1.000000e+00	1.000000e+00	
GOBP_NEGATIVE_REGULATION_OF_MAST_CELL_ACTIVATION	go_bp	0	5	10	53	2920	1.000000e+00	1.000000e+00	
GOBP_NEGATIVE_REGULATION_OF_METALLOPEPTIDASE_ACTIVITY	go_bp	0	5	10	53	2920	1.000000e+00	1.000000e+00	
GOBP_NEGATIVE_REGULATION_OF_MICROTUBULE_POLYMERIZATION_OR_DEPOLYMERIZATION	go_bp	0	5	39	53	2920	1.000000e+00	1.000000e+00	
GOBP_NEGATIVE_REGULATION_OF_MOTOR_NEURON_APOPTOTIC_PROCESS	go_bp	0	5	11	53	2920	1.000000e+00	1.000000e+00	
GOBP_NEGATIVE_REGULATION_OF_MYELINATION	go_bp	0	5	9	53	2920	1.000000e+00	1.000000e+00	
GOBP_NEGATIVE_REGULATION_OF_NITRIC_OXIDE_METABOLIC_PROCESS	go_bp	0	5	17	53	2920	1.000000e+00	1.000000e+00	
GOBP_NEGATIVE_REGULATION_OF_PEPTIDYL_THREONINE_PHOSPHORYLATION	go_bp	0	5	19	53	2920	1.000000e+00	1.000000e+00	
GOBP_NEGATIVE_REGULATION_OF_PLASMA_MEMBRANE_BOUNDED_CELL_PROJECTION_ASSEMBLY	go_bp	0	5	40	53	2920	1.000000e+00	1.000000e+00	
GOBP_NEGATIVE_REGULATION_OF_PLATELET_AGGREGATION	go_bp	0	5	11	53	2920	1.000000e+00	1.000000e+00	
GOBP_NEGATIVE_REGULATION_OF_PLATELET_DERIVED_GROWTH_FACTOR_RECEPTOR_SIGNALING_PATHWAY	go_bp	0	5	13	53	2920	1.000000e+00	1.000000e+00	
GOBP_NEGATIVE_REGULATION_OF_PROTEIN_DEPHOSPHORYLATION	go_bp	0	5	26	53	2920	1.000000e+00	1.000000e+00	
GOBP_NEGATIVE_REGULATION_OF_PROTEIN_LOCALIZATION_TO_CELL_SURFACE	go_bp	0	5	12	53	2920	1.000000e+00	1.000000e+00	
GOBP_NEGATIVE_REGULATION_OF_RAS_PROTEIN_SIGNAL_TRANSDUCTION	go_bp	0	5	24	53	2920	1.000000e+00	1.000000e+00	
GOBP_NEGATIVE_REGULATION_OF_RECEPTOR_INTERNALIZATION	go_bp	0	5	17	53	2920	1.000000e+00	1.000000e+00	
GOBP_NEGATIVE_REGULATION_OF_RESPONSE_TO_TUMOR_CELL	go_bp	0	5	8	53	2920	1.000000e+00	1.000000e+00	
GOBP_NEGATIVE_REGULATION_OF_SIGNALING_RECEPTOR_ACTIVITY	go_bp	0	5	26	53	2920	1.000000e+00	1.000000e+00	
GOBP_NEGATIVE_REGULATION_OF_SODIUM_ION_TRANSPORT	go_bp	0	5	18	53	2920	1.000000e+00	1.000000e+00	
GOBP_NEGATIVE_REGULATION_OF_STEM_CELL_PROLIFERATION	go_bp	0	5	28	53	2920	1.000000e+00	1.000000e+00	
GOBP_NEGATIVE_REGULATION_OF_SUBSTRATE_ADHESION_DEPENDENT_CELL_SPREADING	go_bp	0	5	14	53	2920	1.000000e+00	1.000000e+00	
GOBP_NEGATIVE_REGULATION_OF_TELOMERE_MAINTENANCE_VIA_TELOMERE_LENGTHENING	go_bp	0	5	28	53	2920	1.000000e+00	1.000000e+00	
GOBP_NEGATIVE_REGULATION_OF_TOLL_LIKE_RECEPTOR_4_SIGNALING_PATHWAY	go_bp	0	5	20	53	2920	1.000000e+00	1.000000e+00	
GOBP_NEGATIVE_REGULATION_OF_TRANSFORMING_GROWTH_FACTOR_BETA_PRODUCTION	go_bp	0	5	10	53	2920	1.000000e+00	1.000000e+00	
GOBP_NEGATIVE_REGULATION_OF_TYPE_I_INTERFERON_MEDIATED_SIGNALING_PATHWAY	go_bp	0	5	24	53	2920	1.000000e+00	1.000000e+00	
GOBP_NEGATIVE_REGULATION_OF_T_HELPER_1_TYPE_IMMUNE_RESPONSE	go_bp	0	5	8	53	2920	1.000000e+00	1.000000e+00	
GOBP_NEGATIVE_T_CELL_SELECTION	go_bp	0	5	13	53	2920	1.000000e+00	1.000000e+00	
GOBP_NEUROTRANSMITTER_GATED_ION_CHANNEL_CLUSTERING	go_bp	0	5	17	53	2920	1.000000e+00	1.000000e+00	
GOBP_NEUROTRANSMITTER_RECEPTOR_TRANSPORT_TO_PLASMA_MEMBRANE	go_bp	0	5	17	53	2920	1.000000e+00	1.000000e+00	
GOBP_NEUROTRANSMITTER_REUPTAKE	go_bp	0	5	35	53	2920	1.000000e+00	1.000000e+00	
GOBP_NK_T_CELL_ACTIVATION	go_bp	0	5	15	53	2920	1.000000e+00	1.000000e+00	
GOBP_NONRIBOSOMAL_PEPTIDE_BIOSYNTHETIC_PROCESS	go_bp	0	5	18	53	2920	1.000000e+00	1.000000e+00	
GOBP_NON_PROTEINOGENIC_AMINO_ACID_CATABOLIC_PROCESS	go_bp	0	5	19	53	2920	1.000000e+00	1.000000e+00	
GOBP_NOREPINEPHRINE_TRANSPORT	go_bp	0	5	23	53	2920	1.000000e+00	1.000000e+00	
GOBP_NUCLEOBASE_CONTAINING_SMALL_MOLECULE_CATABOLIC_PROCESS	go_bp	0	5	31	53	2920	1.000000e+00	1.000000e+00	
GOBP_NUCLEOSIDE_BISPHOSPHATE_BIOSYNTHETIC_PROCESS	go_bp	0	5	57	53	2920	1.000000e+00	1.000000e+00	
GOBP_NUCLEOSIDE_DIPHOSPHATE_BIOSYNTHETIC_PROCESS	go_bp	0	5	13	53	2920	1.000000e+00	1.000000e+00	
GOBP_NUCLEOSIDE_SALVAGE	go_bp	0	5	12	53	2920	1.000000e+00	1.000000e+00	
GOBP_NUCLEOTIDE_SALVAGE	go_bp	0	5	18	53	2920	1.000000e+00	1.000000e+00	
GOBP_N_ACETYLNEURAMINATE_CATABOLIC_PROCESS	go_bp	0	5	7	53	2920	1.000000e+00	1.000000e+00	
GOBP_ODONTOBLAST_DIFFERENTIATION	go_bp	0	5	16	53	2920	1.000000e+00	1.000000e+00	
GOBP_OLIGODENDROCYTE_PROGENITOR_PROLIFERATION	go_bp	0	5	8	53	2920	1.000000e+00	1.000000e+00	
GOBP_OTIC_VESICLE_DEVELOPMENT	go_bp	0	5	15	53	2920	1.000000e+00	1.000000e+00	
GOBP_PARACRINE_SIGNALING	go_bp	0	5	7	53	2920	1.000000e+00	1.000000e+00	
GOBP_PENTOSE_METABOLIC_PROCESS	go_bp	0	5	13	53	2920	1.000000e+00	1.000000e+00	
GOBP_PEPTIDYL_METHIONINE_MODIFICATION	go_bp	0	5	11	53	2920	1.000000e+00	1.000000e+00	
GOBP_PEPTIDYL_TYROSINE_AUTOPHOSPHORYLATION	go_bp	0	5	16	53	2920	1.000000e+00	1.000000e+00	
GOBP_PERICARDIUM_DEVELOPMENT	go_bp	0	5	19	53	2920	1.000000e+00	1.000000e+00	
GOBP_PERK_MEDIATED_UNFOLDED_PROTEIN_RESPONSE	go_bp	0	5	20	53	2920	1.000000e+00	1.000000e+00	
GOBP_PHOSPHATE_ION_TRANSPORT	go_bp	0	5	27	53	2920	1.000000e+00	1.000000e+00	
GOBP_PHOSPHATIDIC_ACID_METABOLIC_PROCESS	go_bp	0	5	38	53	2920	1.000000e+00	1.000000e+00	
GOBP_PHOSPHATIDYLINOSITOL_PHOSPHATE_BIOSYNTHETIC_PROCESS	go_bp	0	5	66	53	2920	1.000000e+00	1.000000e+00	
GOBP_PHOSPHOLIPID_DEPHOSPHORYLATION	go_bp	0	5	44	53	2920	1.000000e+00	1.000000e+00	
GOBP_PHOSPHOLIPID_EFFLUX	go_bp	0	5	14	53	2920	1.000000e+00	1.000000e+00	
GOBP_PHOSPHOLIPID_HOMEOSTASIS	go_bp	0	5	17	53	2920	1.000000e+00	1.000000e+00	
GOBP_PHOTOPERIODISM	go_bp	0	5	28	53	2920	1.000000e+00	1.000000e+00	
GOBP_PLASMA_CELL_DIFFERENTIATION	go_bp	0	5	10	53	2920	1.000000e+00	1.000000e+00	
GOBP_PLATELET_DENSE_GRANULE_ORGANIZATION	go_bp	0	5	25	53	2920	1.000000e+00	1.000000e+00	
GOBP_POLYAMINE_METABOLIC_PROCESS	go_bp	0	5	19	53	2920	1.000000e+00	1.000000e+00	
GOBP_POSITIVE_REGULATION_OF_ACTIN_NUCLEATION	go_bp	0	5	14	53	2920	1.000000e+00	1.000000e+00	
GOBP_POSITIVE_REGULATION_OF_AMYLOID_BETA_CLEARANCE	go_bp	0	5	8	53	2920	1.000000e+00	1.000000e+00	
GOBP_POSITIVE_REGULATION_OF_APOPTOTIC_CELL_CLEARANCE	go_bp	0	5	8	53	2920	1.000000e+00	1.000000e+00	
GOBP_POSITIVE_REGULATION_OF_CALCIUM_ION_TRANSMEMBRANE_TRANSPORTER_ACTIVITY	go_bp	0	5	30	53	2920	1.000000e+00	1.000000e+00	
GOBP_POSITIVE_REGULATION_OF_CARDIAC_EPITHELIAL_TO_MESENCHYMAL_TRANSITION	go_bp	0	5	9	53	2920	1.000000e+00	1.000000e+00	
GOBP_POSITIVE_REGULATION_OF_CELLULAR_SENESCENCE	go_bp	0	5	19	53	2920	1.000000e+00	1.000000e+00	
GOBP_POSITIVE_REGULATION_OF_CELL_FATE_COMMITMENT	go_bp	0	5	17	53	2920	1.000000e+00	1.000000e+00	
GOBP_POSITIVE_REGULATION_OF_CHOLESTEROL_STORAGE	go_bp	0	5	8	53	2920	1.000000e+00	1.000000e+00	
GOBP_POSITIVE_REGULATION_OF_CHONDROCYTE_DIFFERENTIATION	go_bp	0	5	20	53	2920	1.000000e+00	1.000000e+00	
GOBP_POSITIVE_REGULATION_OF_CIRCADIAN_RHYTHM	go_bp	0	5	18	53	2920	1.000000e+00	1.000000e+00	
GOBP_POSITIVE_REGULATION_OF_CYCLIN_DEPENDENT_PROTEIN_KINASE_ACTIVITY	go_bp	0	5	15	53	2920	1.000000e+00	1.000000e+00	
GOBP_POSITIVE_REGULATION_OF_CYTOKINESIS	go_bp	0	5	51	53	2920	1.000000e+00	1.000000e+00	
GOBP_POSITIVE_REGULATION_OF_ENDOPLASMIC_RETICULUM_UNFOLDED_PROTEIN_RESPONSE	go_bp	0	5	13	53	2920	1.000000e+00	1.000000e+00	
GOBP_POSITIVE_REGULATION_OF_EPIDERMIS_DEVELOPMENT	go_bp	0	5	32	53	2920	1.000000e+00	1.000000e+00	
GOBP_POSITIVE_REGULATION_OF_EPITHELIAL_CELL_PROLIFERATION_INVOLVED_IN_WOUND_HEALING	go_bp	0	5	10	53	2920	1.000000e+00	1.000000e+00	
GOBP_POSITIVE_REGULATION_OF_FIBROBLAST_MIGRATION	go_bp	0	5	15	53	2920	1.000000e+00	1.000000e+00	
GOBP_POSITIVE_REGULATION_OF_GLIAL_CELL_MIGRATION	go_bp	0	5	13	53	2920	1.000000e+00	1.000000e+00	
GOBP_POSITIVE_REGULATION_OF_HUMORAL_IMMUNE_RESPONSE_MEDIATED_BY_CIRCULATING_IMMUNOGLOBULIN	go_bp	0	5	7	53	2920	1.000000e+00	1.000000e+00	
GOBP_POSITIVE_REGULATION_OF_INFLAMMASOME_MEDIATED_SIGNALING_PATHWAY	go_bp	0	5	22	53	2920	1.000000e+00	1.000000e+00	
GOBP_POSITIVE_REGULATION_OF_INSULIN_LIKE_GROWTH_FACTOR_RECEPTOR_SIGNALING_PATHWAY	go_bp	0	5	13	53	2920	1.000000e+00	1.000000e+00	
GOBP_POSITIVE_REGULATION_OF_INTERLEUKIN_23_PRODUCTION	go_bp	0	5	7	53	2920	1.000000e+00	1.000000e+00	
GOBP_POSITIVE_REGULATION_OF_ISOTYPE_SWITCHING_TO_IGG_ISOTYPES	go_bp	0	5	11	53	2920	1.000000e+00	1.000000e+00	
GOBP_POSITIVE_REGULATION_OF_LAMELLIPODIUM_ASSEMBLY	go_bp	0	5	28	53	2920	1.000000e+00	1.000000e+00	
GOBP_POSITIVE_REGULATION_OF_MEIOTIC_CELL_CYCLE	go_bp	0	5	28	53	2920	1.000000e+00	1.000000e+00	
GOBP_POSITIVE_REGULATION_OF_MESENCHYMAL_STEM_CELL_PROLIFERATION	go_bp	0	5	7	53	2920	1.000000e+00	1.000000e+00	
GOBP_POSITIVE_REGULATION_OF_MONOCYTE_DIFFERENTIATION	go_bp	0	5	10	53	2920	1.000000e+00	1.000000e+00	
GOBP_POSITIVE_REGULATION_OF_MUSCLE_TISSUE_DEVELOPMENT	go_bp	0	5	24	53	2920	1.000000e+00	1.000000e+00	
GOBP_POSITIVE_REGULATION_OF_NATURAL_KILLER_CELL_CHEMOTAXIS	go_bp	0	5	5	53	2920	1.000000e+00	1.000000e+00	
GOBP_POSITIVE_REGULATION_OF_NATURAL_KILLER_CELL_DIFFERENTIATION	go_bp	0	5	8	53	2920	1.000000e+00	1.000000e+00	
GOBP_POSITIVE_REGULATION_OF_NATURAL_KILLER_CELL_PROLIFERATION	go_bp	0	5	10	53	2920	1.000000e+00	1.000000e+00	
GOBP_POSITIVE_REGULATION_OF_PHOSPHOPROTEIN_PHOSPHATASE_ACTIVITY	go_bp	0	5	17	53	2920	1.000000e+00	1.000000e+00	
GOBP_POSITIVE_REGULATION_OF_PLASMINOGEN_ACTIVATION	go_bp	0	5	8	53	2920	1.000000e+00	1.000000e+00	
GOBP_POSITIVE_REGULATION_OF_PLATELET_DERIVED_GROWTH_FACTOR_RECEPTOR_SIGNALING_PATHWAY	go_bp	0	5	6	53	2920	1.000000e+00	1.000000e+00	
GOBP_POSITIVE_REGULATION_OF_PROTEIN_EXPORT_FROM_NUCLEUS	go_bp	0	5	20	53	2920	1.000000e+00	1.000000e+00	
GOBP_POSITIVE_REGULATION_OF_REACTIVE_OXYGEN_SPECIES_BIOSYNTHETIC_PROCESS	go_bp	0	5	19	53	2920	1.000000e+00	1.000000e+00	
GOBP_POSITIVE_REGULATION_OF_TISSUE_REMODELING	go_bp	0	5	23	53	2920	1.000000e+00	1.000000e+00	
GOBP_POSITIVE_REGULATION_OF_TOLERANCE_INDUCTION	go_bp	0	5	11	53	2920	1.000000e+00	1.000000e+00	
GOBP_POSITIVE_REGULATION_OF_TRANSCRIPTION_BY_RNA_POLYMERASE_I	go_bp	0	5	35	53	2920	1.000000e+00	1.000000e+00	
GOBP_POSITIVE_REGULATION_OF_TUMOR_NECROSIS_FACTOR_MEDIATED_SIGNALING_PATHWAY	go_bp	0	5	14	53	2920	1.000000e+00	1.000000e+00	
GOBP_POSITIVE_REGULATION_OF_T_CELL_RECEPTOR_SIGNALING_PATHWAY	go_bp	0	5	19	53	2920	1.000000e+00	1.000000e+00	
GOBP_POSITIVE_REGULATION_OF_T_CELL_TOLERANCE_INDUCTION	go_bp	0	5	9	53	2920	1.000000e+00	1.000000e+00	
GOBP_POSITIVE_REGULATION_OF_VASCULAR_ENDOTHELIAL_CELL_PROLIFERATION	go_bp	0	5	27	53	2920	1.000000e+00	1.000000e+00	
GOBP_POSITIVE_REGULATION_OF_VASCULAR_ENDOTHELIAL_GROWTH_FACTOR_SIGNALING_PATHWAY	go_bp	0	5	9	53	2920	1.000000e+00	1.000000e+00	
GOBP_POTASSIUM_ION_IMPORT_ACROSS_PLASMA_MEMBRANE	go_bp	0	5	46	53	2920	1.000000e+00	1.000000e+00	
GOBP_PRIMARY_ALCOHOL_CATABOLIC_PROCESS	go_bp	0	5	15	53	2920	1.000000e+00	1.000000e+00	
GOBP_PROTEASOME_ASSEMBLY	go_bp	0	5	13	53	2920	1.000000e+00	1.000000e+00	
GOBP_PROTEIN_HETEROTETRAMERIZATION	go_bp	0	5	16	53	2920	1.000000e+00	1.000000e+00	
GOBP_PROTEIN_IMPORT	go_bp	0	5	10	53	2920	1.000000e+00	1.000000e+00	
GOBP_PROTEIN_INSERTION_INTO_ER_MEMBRANE	go_bp	0	5	31	53	2920	1.000000e+00	1.000000e+00	
GOBP_PROTEIN_K11_LINKED_UBIQUITINATION	go_bp	0	5	36	53	2920	1.000000e+00	1.000000e+00	
GOBP_PROTEIN_LOCALIZATION_TO_CHROMATIN	go_bp	0	5	61	53	2920	1.000000e+00	1.000000e+00	
GOBP_PROTEIN_LOCALIZATION_TO_ENDOSOME	go_bp	0	5	28	53	2920	1.000000e+00	1.000000e+00	
GOBP_PROTEIN_MONOUBIQUITINATION	go_bp	0	5	48	53	2920	1.000000e+00	1.000000e+00	
GOBP_PROTEIN_TRIMERIZATION	go_bp	0	5	17	53	2920	1.000000e+00	1.000000e+00	
GOBP_PURINE_DEOXYRIBONUCLEOTIDE_CATABOLIC_PROCESS	go_bp	0	5	10	53	2920	1.000000e+00	1.000000e+00	
GOBP_PURINE_NUCLEOBASE_BIOSYNTHETIC_PROCESS	go_bp	0	5	10	53	2920	1.000000e+00	1.000000e+00	
GOBP_PURINE_NUCLEOSIDE_MONOPHOSPHATE_BIOSYNTHETIC_PROCESS	go_bp	0	5	21	53	2920	1.000000e+00	1.000000e+00	
GOBP_PYRIMIDINE_DEOXYRIBONUCLEOSIDE_MONOPHOSPHATE_METABOLIC_PROCESS	go_bp	0	5	11	53	2920	1.000000e+00	1.000000e+00	
GOBP_PYRIMIDINE_NUCLEOSIDE_TRIPHOSPHATE_METABOLIC_PROCESS	go_bp	0	5	24	53	2920	1.000000e+00	1.000000e+00	
GOBP_PYRUVATE_FAMILY_AMINO_ACID_METABOLIC_PROCESS	go_bp	0	5	12	53	2920	1.000000e+00	1.000000e+00	
GOBP_QUINONE_METABOLIC_PROCESS	go_bp	0	5	23	53	2920	1.000000e+00	1.000000e+00	
GOBP_RECEPTOR_MEDIATED_ENDOCYTOSIS_INVOLVED_IN_CHOLESTEROL_TRANSPORT	go_bp	0	5	9	53	2920	1.000000e+00	1.000000e+00	
GOBP_RECEPTOR_MEDIATED_VIRION_ATTACHMENT_TO_HOST_CELL	go_bp	0	5	6	53	2920	1.000000e+00	1.000000e+00	
GOBP_RECOGNITION_OF_APOPTOTIC_CELL	go_bp	0	5	7	53	2920	1.000000e+00	1.000000e+00	
GOBP_REGULATION_OF_ADENYLATE_CYCLASE_ACTIVATING_G_PROTEIN_COUPLED_RECEPTOR_SIGNALING_PATHWAY	go_bp	0	5	20	53	2920	1.000000e+00	1.000000e+00	
GOBP_REGULATION_OF_AEROBIC_RESPIRATION	go_bp	0	5	33	53	2920	1.000000e+00	1.000000e+00	
GOBP_REGULATION_OF_APOPTOTIC_DNA_FRAGMENTATION	go_bp	0	5	11	53	2920	1.000000e+00	1.000000e+00	
GOBP_REGULATION_OF_APOPTOTIC_PROCESS_INVOLVED_IN_DEVELOPMENT	go_bp	0	5	13	53	2920	1.000000e+00	1.000000e+00	
GOBP_REGULATION_OF_BILE_ACID_METABOLIC_PROCESS	go_bp	0	5	15	53	2920	1.000000e+00	1.000000e+00	
GOBP_REGULATION_OF_B_CELL_RECEPTOR_SIGNALING_PATHWAY	go_bp	0	5	24	53	2920	1.000000e+00	1.000000e+00	
GOBP_REGULATION_OF_CARDIAC_CONDUCTION	go_bp	0	5	28	53	2920	1.000000e+00	1.000000e+00	
GOBP_REGULATION_OF_CARDIAC_MUSCLE_CELL_ACTION_POTENTIAL	go_bp	0	5	29	53	2920	1.000000e+00	1.000000e+00	
GOBP_REGULATION_OF_CARDIAC_MUSCLE_CELL_DIFFERENTIATION	go_bp	0	5	22	53	2920	1.000000e+00	1.000000e+00	
GOBP_REGULATION_OF_CELL_PROLIFERATION_INVOLVED_IN_KIDNEY_DEVELOPMENT	go_bp	0	5	16	53	2920	1.000000e+00	1.000000e+00	
GOBP_REGULATION_OF_CENTRIOLE_REPLICATION	go_bp	0	5	23	53	2920	1.000000e+00	1.000000e+00	
GOBP_REGULATION_OF_CHRONIC_INFLAMMATORY_RESPONSE	go_bp	0	5	9	53	2920	1.000000e+00	1.000000e+00	
GOBP_REGULATION_OF_CLATHRIN_DEPENDENT_ENDOCYTOSIS	go_bp	0	5	18	53	2920	1.000000e+00	1.000000e+00	
GOBP_REGULATION_OF_DEOXYRIBONUCLEASE_ACTIVITY	go_bp	0	5	10	53	2920	1.000000e+00	1.000000e+00	
GOBP_REGULATION_OF_DNA_CATABOLIC_PROCESS	go_bp	0	5	13	53	2920	1.000000e+00	1.000000e+00	
GOBP_REGULATION_OF_EPITHELIAL_CELL_DIFFERENTIATION_INVOLVED_IN_KIDNEY_DEVELOPMENT	go_bp	0	5	16	53	2920	1.000000e+00	1.000000e+00	
GOBP_REGULATION_OF_EPITHELIAL_TO_MESENCHYMAL_TRANSITION_INVOLVED_IN_ENDOCARDIAL_CUSHION_FORMATION	go_bp	0	5	6	53	2920	1.000000e+00	1.000000e+00	
GOBP_REGULATION_OF_EXTRACELLULAR_MATRIX_CONSTITUENT_SECRETION	go_bp	0	5	9	53	2920	1.000000e+00	1.000000e+00	
GOBP_REGULATION_OF_FEEDING_BEHAVIOR	go_bp	0	5	27	53	2920	1.000000e+00	1.000000e+00	
GOBP_REGULATION_OF_FEVER_GENERATION	go_bp	0	5	9	53	2920	1.000000e+00	1.000000e+00	
GOBP_REGULATION_OF_FIBROBLAST_APOPTOTIC_PROCESS	go_bp	0	5	20	53	2920	1.000000e+00	1.000000e+00	
GOBP_REGULATION_OF_GAP_JUNCTION_ASSEMBLY	go_bp	0	5	10	53	2920	1.000000e+00	1.000000e+00	
GOBP_REGULATION_OF_GLUCOCORTICOID_SECRETION	go_bp	0	5	10	53	2920	1.000000e+00	1.000000e+00	
GOBP_REGULATION_OF_HEAT_GENERATION	go_bp	0	5	13	53	2920	1.000000e+00	1.000000e+00	
GOBP_REGULATION_OF_HYALURONAN_BIOSYNTHETIC_PROCESS	go_bp	0	5	8	53	2920	1.000000e+00	1.000000e+00	
GOBP_REGULATION_OF_HYPERSENSITIVITY	go_bp	0	5	10	53	2920	1.000000e+00	1.000000e+00	
GOBP_REGULATION_OF_INTRACELLULAR_LIPID_TRANSPORT	go_bp	0	5	13	53	2920	1.000000e+00	1.000000e+00	
GOBP_REGULATION_OF_KERATINOCYTE_DIFFERENTIATION	go_bp	0	5	39	53	2920	1.000000e+00	1.000000e+00	
GOBP_REGULATION_OF_LIPOPROTEIN_METABOLIC_PROCESS	go_bp	0	5	17	53	2920	1.000000e+00	1.000000e+00	
GOBP_REGULATION_OF_MEGAKARYOCYTE_DIFFERENTIATION	go_bp	0	5	38	53	2920	1.000000e+00	1.000000e+00	
GOBP_REGULATION_OF_MEMBRANE_LIPID_METABOLIC_PROCESS	go_bp	0	5	20	53	2920	1.000000e+00	1.000000e+00	
GOBP_REGULATION_OF_METALLOPEPTIDASE_ACTIVITY	go_bp	0	5	19	53	2920	1.000000e+00	1.000000e+00	
GOBP_REGULATION_OF_MICROVILLUS_ORGANIZATION	go_bp	0	5	13	53	2920	1.000000e+00	1.000000e+00	
GOBP_REGULATION_OF_MITOPHAGY	go_bp	0	5	37	53	2920	1.000000e+00	1.000000e+00	
GOBP_REGULATION_OF_MITOTIC_SPINDLE_ASSEMBLY	go_bp	0	5	23	53	2920	1.000000e+00	1.000000e+00	
GOBP_REGULATION_OF_MONOATOMIC_ANION_TRANSPORT	go_bp	0	5	15	53	2920	1.000000e+00	1.000000e+00	
GOBP_REGULATION_OF_NEUROTRANSMITTER_UPTAKE	go_bp	0	5	19	53	2920	1.000000e+00	1.000000e+00	
GOBP_REGULATION_OF_NEUTROPHIL_ACTIVATION	go_bp	0	5	7	53	2920	1.000000e+00	1.000000e+00	
GOBP_REGULATION_OF_NUCLEOTIDE_BINDING_OLIGOMERIZATION_DOMAIN_CONTAINING_2_SIGNALING_PATHWAY	go_bp	0	5	10	53	2920	1.000000e+00	1.000000e+00	
GOBP_REGULATION_OF_OPSONIZATION	go_bp	0	5	11	53	2920	1.000000e+00	1.000000e+00	
GOBP_REGULATION_OF_PHOSPHOLIPID_BIOSYNTHETIC_PROCESS	go_bp	0	5	16	53	2920	1.000000e+00	1.000000e+00	
GOBP_REGULATION_OF_PLASMA_MEMBRANE_REPAIR	go_bp	0	5	7	53	2920	1.000000e+00	1.000000e+00	
GOBP_REGULATION_OF_POSTSYNAPTIC_DENSITY_ORGANIZATION	go_bp	0	5	17	53	2920	1.000000e+00	1.000000e+00	
GOBP_REGULATION_OF_PRESYNAPTIC_CYTOSOLIC_CALCIUM_ION_CONCENTRATION	go_bp	0	5	15	53	2920	1.000000e+00	1.000000e+00	
GOBP_REGULATION_OF_PROTEIN_DEUBIQUITINATION	go_bp	0	5	10	53	2920	1.000000e+00	1.000000e+00	
GOBP_REGULATION_OF_RYANODINE_SENSITIVE_CALCIUM_RELEASE_CHANNEL_ACTIVITY	go_bp	0	5	24	53	2920	1.000000e+00	1.000000e+00	
GOBP_REGULATION_OF_SENSORY_PERCEPTION	go_bp	0	5	18	53	2920	1.000000e+00	1.000000e+00	
GOBP_REGULATION_OF_STEROID_HORMONE_BIOSYNTHETIC_PROCESS	go_bp	0	5	15	53	2920	1.000000e+00	1.000000e+00	
GOBP_REGULATION_OF_SYNAPTIC_VESICLE_CLUSTERING	go_bp	0	5	6	53	2920	1.000000e+00	1.000000e+00	
GOBP_REGULATION_OF_TELOMERASE_ACTIVITY	go_bp	0	5	44	53	2920	1.000000e+00	1.000000e+00	
GOBP_REGULATION_OF_TRANSCRIPTION_BY_RNA_POLYMERASE_I	go_bp	0	5	47	53	2920	1.000000e+00	1.000000e+00	
GOBP_REGULATION_OF_TRANSLATIONAL_INITIATION_IN_RESPONSE_TO_STRESS	go_bp	0	5	15	53	2920	1.000000e+00	1.000000e+00	
GOBP_REGULATION_OF_UNSATURATED_FATTY_ACID_BIOSYNTHETIC_PROCESS	go_bp	0	5	14	53	2920	1.000000e+00	1.000000e+00	
GOBP_REGULATION_OF_VASCULAR_WOUND_HEALING	go_bp	0	5	15	53	2920	1.000000e+00	1.000000e+00	
GOBP_REGULATION_OF_WNT_SIGNALING_PATHWAY_PLANAR_CELL_POLARITY_PATHWAY	go_bp	0	5	16	53	2920	1.000000e+00	1.000000e+00	
GOBP_RENAL_ALBUMIN_ABSORPTION	go_bp	0	5	7	53	2920	1.000000e+00	1.000000e+00	
GOBP_RESPONSE_TO_ATP	go_bp	0	5	33	53	2920	1.000000e+00	1.000000e+00	
GOBP_RESPONSE_TO_BACTERIAL_LIPOPROTEIN	go_bp	0	5	11	53	2920	1.000000e+00	1.000000e+00	
GOBP_RESPONSE_TO_COBALT_ION	go_bp	0	5	10	53	2920	1.000000e+00	1.000000e+00	
GOBP_RESPONSE_TO_ETHER	go_bp	0	5	16	53	2920	1.000000e+00	1.000000e+00	
GOBP_RESPONSE_TO_INTERLEUKIN_18	go_bp	0	5	12	53	2920	1.000000e+00	1.000000e+00	
GOBP_RESPONSE_TO_INTERLEUKIN_2	go_bp	0	5	11	53	2920	1.000000e+00	1.000000e+00	
GOBP_RESPONSE_TO_LEAD_ION	go_bp	0	5	21	53	2920	1.000000e+00	1.000000e+00	
GOBP_RESPONSE_TO_LITHIUM_ION	go_bp	0	5	16	53	2920	1.000000e+00	1.000000e+00	
GOBP_RESPONSE_TO_L_ASCORBIC_ACID	go_bp	0	5	5	53	2920	1.000000e+00	1.000000e+00	
GOBP_RESPONSE_TO_MISFOLDED_PROTEIN	go_bp	0	5	20	53	2920	1.000000e+00	1.000000e+00	
GOBP_RESPONSE_TO_MITOCHONDRIAL_DEPOLARISATION	go_bp	0	5	21	53	2920	1.000000e+00	1.000000e+00	
GOBP_RESPONSE_TO_OXYGEN_GLUCOSE_DEPRIVATION	go_bp	0	5	9	53	2920	1.000000e+00	1.000000e+00	
GOBP_RESPONSE_TO_PARATHYROID_HORMONE	go_bp	0	5	13	53	2920	1.000000e+00	1.000000e+00	
GOBP_RESPONSE_TO_PEPTIDE	go_bp	0	5	20	53	2920	1.000000e+00	1.000000e+00	
GOBP_RESPONSE_TO_ZINC_ION_STARVATION	go_bp	0	5	9	53	2920	1.000000e+00	1.000000e+00	
GOBP_RETINAL_CELL_PROGRAMMED_CELL_DEATH	go_bp	0	5	6	53	2920	1.000000e+00	1.000000e+00	
GOBP_RIBOSOMAL_LARGE_SUBUNIT_BIOGENESIS	go_bp	0	5	69	53	2920	1.000000e+00	1.000000e+00	
GOBP_RIBOSOMAL_SMALL_SUBUNIT_BIOGENESIS	go_bp	0	5	106	53	2920	1.000000e+00	1.000000e+00	
GOBP_RIBOSOME_ASSEMBLY	go_bp	0	5	63	53	2920	1.000000e+00	1.000000e+00	
GOBP_SECONDARY_PALATE_DEVELOPMENT	go_bp	0	5	26	53	2920	1.000000e+00	1.000000e+00	
GOBP_SELF_PROTEOLYSIS	go_bp	0	5	12	53	2920	1.000000e+00	1.000000e+00	
GOBP_SENSORY_PERCEPTION_OF_BITTER_TASTE	go_bp	0	5	46	53	2920	1.000000e+00	1.000000e+00	
GOBP_SEQUESTERING_OF_TRIGLYCERIDE	go_bp	0	5	18	53	2920	1.000000e+00	1.000000e+00	
GOBP_SERINE_FAMILY_AMINO_ACID_BIOSYNTHETIC_PROCESS	go_bp	0	5	17	53	2920	1.000000e+00	1.000000e+00	
GOBP_SERTOLI_CELL_DIFFERENTIATION	go_bp	0	5	22	53	2920	1.000000e+00	1.000000e+00	
GOBP_SKELETAL_MUSCLE_SATELLITE_CELL_PROLIFERATION	go_bp	0	5	17	53	2920	1.000000e+00	1.000000e+00	
GOBP_SPHINGOID_METABOLIC_PROCESS	go_bp	0	5	22	53	2920	1.000000e+00	1.000000e+00	
GOBP_SPHINGOMYELIN_CATABOLIC_PROCESS	go_bp	0	5	8	53	2920	1.000000e+00	1.000000e+00	
GOBP_SPLICEOSOMAL_COMPLEX_ASSEMBLY	go_bp	0	5	94	53	2920	1.000000e+00	1.000000e+00	
GOBP_STARTLE_RESPONSE	go_bp	0	5	28	53	2920	1.000000e+00	1.000000e+00	
GOBP_SYNAPTIC_VESICLE_LUMEN_ACIDIFICATION	go_bp	0	5	17	53	2920	1.000000e+00	1.000000e+00	
GOBP_TELOMERE_CAPPING	go_bp	0	5	39	53	2920	1.000000e+00	1.000000e+00	
GOBP_TELOMERE_MAINTENANCE_IN_RESPONSE_TO_DNA_DAMAGE	go_bp	0	5	33	53	2920	1.000000e+00	1.000000e+00	
GOBP_TETRAPYRROLE_CATABOLIC_PROCESS	go_bp	0	5	13	53	2920	1.000000e+00	1.000000e+00	
GOBP_THROMBIN_ACTIVATED_RECEPTOR_SIGNALING_PATHWAY	go_bp	0	5	13	53	2920	1.000000e+00	1.000000e+00	
GOBP_TOLL_LIKE_RECEPTOR_3_SIGNALING_PATHWAY	go_bp	0	5	28	53	2920	1.000000e+00	1.000000e+00	
GOBP_TRACHEA_DEVELOPMENT	go_bp	0	5	19	53	2920	1.000000e+00	1.000000e+00	
GOBP_TRANSFORMING_GROWTH_FACTOR_BETA1_PRODUCTION	go_bp	0	5	13	53	2920	1.000000e+00	1.000000e+00	
GOBP_TRIGEMINAL_NERVE_DEVELOPMENT	go_bp	0	5	13	53	2920	1.000000e+00	1.000000e+00	
GOBP_TRIGLYCERIDE_BIOSYNTHETIC_PROCESS	go_bp	0	5	45	53	2920	1.000000e+00	1.000000e+00	
GOBP_TUBULIN_DEACETYLATION	go_bp	0	5	23	53	2920	1.000000e+00	1.000000e+00	
GOBP_TYPE_II_HYPERSENSITIVITY	go_bp	0	5	10	53	2920	1.000000e+00	1.000000e+00	
GOBP_T_HELPER_2_CELL_CYTOKINE_PRODUCTION	go_bp	0	5	13	53	2920	1.000000e+00	1.000000e+00	
GOBP_URETER_DEVELOPMENT	go_bp	0	5	18	53	2920	1.000000e+00	1.000000e+00	
GOBP_VASCULAR_ASSOCIATED_SMOOTH_MUSCLE_CELL_DEVELOPMENT	go_bp	0	5	12	53	2920	1.000000e+00	1.000000e+00	
GOBP_VENOUS_BLOOD_VESSEL_MORPHOGENESIS	go_bp	0	5	9	53	2920	1.000000e+00	1.000000e+00	
GOBP_VENTRAL_SPINAL_CORD_DEVELOPMENT	go_bp	0	5	46	53	2920	1.000000e+00	1.000000e+00	
GOBP_VENTRICULAR_CARDIAC_MUSCLE_CELL_MEMBRANE_REPOLARIZATION	go_bp	0	5	30	53	2920	1.000000e+00	1.000000e+00	
GOBP_VESICLE_COATING	go_bp	0	5	40	53	2920	1.000000e+00	1.000000e+00	
GOBP_VIRAL_PROTEIN_PROCESSING	go_bp	0	5	31	53	2920	1.000000e+00	1.000000e+00	
GOBP_VIRAL_RELEASE_FROM_HOST_CELL	go_bp	0	5	29	53	2920	1.000000e+00	1.000000e+00	
GOBP_WHITE_FAT_CELL_DIFFERENTIATION	go_bp	0	5	17	53	2920	1.000000e+00	1.000000e+00	
GOBP_MITOTIC_CELL_CYCLE_PHASE_TRANSITION	go_bp	0	72	459	53	2920	1.000000e+00	1.000000e+00	
GOBP_REGULATION_OF_LYMPHOCYTE_DIFFERENTIATION	go_bp	0	72	218	53	2920	1.000000e+00	1.000000e+00	
GOBP_NEGATIVE_REGULATION_OF_LYMPHOCYTE_ACTIVATION	go_bp	0	74	167	53	2920	1.000000e+00	1.000000e+00	
GOBP_REGULATION_OF_ACTIN_FILAMENT_ORGANIZATION	go_bp	0	74	273	53	2920	1.000000e+00	1.000000e+00	
GOBP_REGULATION_OF_INTRACELLULAR_TRANSPORT	go_bp	0	58	267	53	2920	1.000000e+00	1.000000e+00	
GOBP_ACTIN_FILAMENT_BASED_MOVEMENT	go_bp	0	27	140	53	2920	1.000000e+00	1.000000e+00	
GOBP_ACTION_POTENTIAL	go_bp	0	27	171	53	2920	1.000000e+00	1.000000e+00	
GOBP_ANIMAL_ORGAN_REGENERATION	go_bp	0	27	67	53	2920	1.000000e+00	1.000000e+00	
GOBP_CARDIAC_SEPTUM_DEVELOPMENT	go_bp	0	27	109	53	2920	1.000000e+00	1.000000e+00	
GOBP_CARDIAC_VENTRICLE_DEVELOPMENT	go_bp	0	27	128	53	2920	1.000000e+00	1.000000e+00	
GOBP_INTRINSIC_APOPTOTIC_SIGNALING_PATHWAY_IN_RESPONSE_TO_ENDOPLASMIC_RETICULUM_STRESS	go_bp	0	27	65	53	2920	1.000000e+00	1.000000e+00	
GOBP_NEGATIVE_REGULATION_OF_MITOTIC_CELL_CYCLE_PHASE_TRANSITION	go_bp	0	27	198	53	2920	1.000000e+00	1.000000e+00	
GOBP_POSITIVE_REGULATION_OF_AXONOGENESIS	go_bp	0	27	77	53	2920	1.000000e+00	1.000000e+00	
GOBP_POSITIVE_REGULATION_OF_PEPTIDE_SECRETION	go_bp	0	27	113	53	2920	1.000000e+00	1.000000e+00	
GOBP_POSITIVE_REGULATION_OF_PROTEIN_POLYMERIZATION	go_bp	0	27	91	53	2920	1.000000e+00	1.000000e+00	
GOBP_POSITIVE_REGULATION_OF_RECEPTOR_MEDIATED_ENDOCYTOSIS	go_bp	0	27	54	53	2920	1.000000e+00	1.000000e+00	
GOBP_POST_EMBRYONIC_DEVELOPMENT	go_bp	0	27	89	53	2920	1.000000e+00	1.000000e+00	
GOBP_REGULATION_OF_CYTOPLASMIC_PATTERN_RECOGNITION_RECEPTOR_SIGNALING_PATHWAY	go_bp	0	27	118	53	2920	1.000000e+00	1.000000e+00	
GOBP_REGULATION_OF_MICROTUBULE_CYTOSKELETON_ORGANIZATION	go_bp	0	27	161	53	2920	1.000000e+00	1.000000e+00	
GOBP_REGULATION_OF_NATURAL_KILLER_CELL_MEDIATED_IMMUNITY	go_bp	0	27	54	53	2920	1.000000e+00	1.000000e+00	
GOBP_REGULATION_OF_PLATELET_ACTIVATION	go_bp	0	27	53	53	2920	1.000000e+00	1.000000e+00	
GOBP_REGULATION_OF_PROTEASOMAL_UBIQUITIN_DEPENDENT_PROTEIN_CATABOLIC_PROCESS	go_bp	0	27	128	53	2920	1.000000e+00	1.000000e+00	
GOBP_REGULATION_OF_PROTEIN_UBIQUITINATION	go_bp	0	27	196	53	2920	1.000000e+00	1.000000e+00	
GOBP_REGULATION_OF_RELEASE_OF_SEQUESTERED_CALCIUM_ION_INTO_CYTOSOL	go_bp	0	27	85	53	2920	1.000000e+00	1.000000e+00	
GOBP_TYPE_I_INTERFERON_PRODUCTION	go_bp	0	27	127	53	2920	1.000000e+00	1.000000e+00	
GOBP_VESICLE_MEDIATED_TRANSPORT_TO_THE_PLASMA_MEMBRANE	go_bp	0	27	157	53	2920	1.000000e+00	1.000000e+00	
GOBP_ACTIVATION_OF_CYSTEINE_TYPE_ENDOPEPTIDASE_ACTIVITY_INVOLVED_IN_APOPTOTIC_PROCESS	go_bp	0	23	72	53	2920	1.000000e+00	1.000000e+00	
GOBP_ADULT_LOCOMOTORY_BEHAVIOR	go_bp	0	23	81	53	2920	1.000000e+00	1.000000e+00	
GOBP_AMIDE_BIOSYNTHETIC_PROCESS	go_bp	0	23	160	53	2920	1.000000e+00	1.000000e+00	
GOBP_ANTIGEN_PROCESSING_AND_PRESENTATION_OF_PEPTIDE_ANTIGEN	go_bp	0	23	73	53	2920	1.000000e+00	1.000000e+00	
GOBP_CELL_CYCLE_G2_M_PHASE_TRANSITION	go_bp	0	23	155	53	2920	1.000000e+00	1.000000e+00	
GOBP_CELL_SURFACE_PATTERN_RECOGNITION_RECEPTOR_SIGNALING_PATHWAY	go_bp	0	23	81	53	2920	1.000000e+00	1.000000e+00	
GOBP_CYTOSOLIC_TRANSPORT	go_bp	0	23	144	53	2920	1.000000e+00	1.000000e+00	
GOBP_IMPORT_ACROSS_PLASMA_MEMBRANE	go_bp	0	23	205	53	2920	1.000000e+00	1.000000e+00	
GOBP_LIPID_STORAGE	go_bp	0	23	94	53	2920	1.000000e+00	1.000000e+00	
GOBP_MESODERM_DEVELOPMENT	go_bp	0	23	140	53	2920	1.000000e+00	1.000000e+00	
GOBP_NEGATIVE_REGULATION_OF_BINDING	go_bp	0	23	109	53	2920	1.000000e+00	1.000000e+00	
GOBP_NEGATIVE_REGULATION_OF_MONOATOMIC_ION_TRANSMEMBRANE_TRANSPORT	go_bp	0	23	102	53	2920	1.000000e+00	1.000000e+00	
GOBP_NEGATIVE_REGULATION_OF_PRODUCTION_OF_MOLECULAR_MEDIATOR_OF_IMMUNE_RESPONSE	go_bp	0	23	46	53	2920	1.000000e+00	1.000000e+00	
GOBP_NEGATIVE_REGULATION_OF_PROTEIN_SERINE_THREONINE_KINASE_ACTIVITY	go_bp	0	23	93	53	2920	1.000000e+00	1.000000e+00	
GOBP_NON_PROTEINOGENIC_AMINO_ACID_METABOLIC_PROCESS	go_bp	0	23	74	53	2920	1.000000e+00	1.000000e+00	
GOBP_ORGANOPHOSPHATE_ESTER_TRANSPORT	go_bp	0	23	158	53	2920	1.000000e+00	1.000000e+00	
GOBP_PERIPHERAL_NERVOUS_SYSTEM_DEVELOPMENT	go_bp	0	23	86	53	2920	1.000000e+00	1.000000e+00	
GOBP_PLASMA_LIPOPROTEIN_PARTICLE_CLEARANCE	go_bp	0	23	55	53	2920	1.000000e+00	1.000000e+00	
GOBP_POSITIVE_REGULATION_OF_FIBROBLAST_PROLIFERATION	go_bp	0	23	55	53	2920	1.000000e+00	1.000000e+00	
GOBP_POSITIVE_REGULATION_OF_INTRACELLULAR_PROTEIN_TRANSPORT	go_bp	0	23	95	53	2920	1.000000e+00	1.000000e+00	
GOBP_POSITIVE_REGULATION_OF_LIPID_BIOSYNTHETIC_PROCESS	go_bp	0	23	89	53	2920	1.000000e+00	1.000000e+00	
GOBP_POSITIVE_REGULATION_OF_NEURON_APOPTOTIC_PROCESS	go_bp	0	23	67	53	2920	1.000000e+00	1.000000e+00	
GOBP_POSITIVE_REGULATION_OF_REPRODUCTIVE_PROCESS	go_bp	0	23	91	53	2920	1.000000e+00	1.000000e+00	
GOBP_POSITIVE_REGULATION_OF_VIRAL_PROCESS	go_bp	0	23	64	53	2920	1.000000e+00	1.000000e+00	
GOBP_PRIMARY_ALCOHOL_METABOLIC_PROCESS	go_bp	0	23	101	53	2920	1.000000e+00	1.000000e+00	
GOBP_PROTEIN_LOCALIZATION_TO_SYNAPSE	go_bp	0	23	78	53	2920	1.000000e+00	1.000000e+00	
GOBP_REGULATION_OF_ANTIGEN_RECEPTOR_MEDIATED_SIGNALING_PATHWAY	go_bp	0	23	70	53	2920	1.000000e+00	1.000000e+00	
GOBP_REGULATION_OF_DEPHOSPHORYLATION	go_bp	0	23	102	53	2920	1.000000e+00	1.000000e+00	
GOBP_REGULATION_OF_MORPHOGENESIS_OF_AN_EPITHELIUM	go_bp	0	23	66	53	2920	1.000000e+00	1.000000e+00	
GOBP_REGULATION_OF_MRNA_CATABOLIC_PROCESS	go_bp	0	23	289	53	2920	1.000000e+00	1.000000e+00	
GOBP_REGULATION_OF_NUCLEOTIDE_METABOLIC_PROCESS	go_bp	0	23	92	53	2920	1.000000e+00	1.000000e+00	
GOBP_REGULATION_OF_POSTSYNAPSE_ORGANIZATION	go_bp	0	23	107	53	2920	1.000000e+00	1.000000e+00	
GOBP_REGULATION_OF_POSTSYNAPTIC_MEMBRANE_NEUROTRANSMITTER_RECEPTOR_LEVELS	go_bp	0	23	92	53	2920	1.000000e+00	1.000000e+00	
GOBP_REGULATION_OF_SODIUM_ION_TRANSPORT	go_bp	0	23	85	53	2920	1.000000e+00	1.000000e+00	
GOBP_REGULATION_OF_STEM_CELL_PROLIFERATION	go_bp	0	23	96	53	2920	1.000000e+00	1.000000e+00	
GOBP_REGULATION_OF_TRANSLATIONAL_INITIATION	go_bp	0	23	84	53	2920	1.000000e+00	1.000000e+00	
GOBP_T_CELL_SELECTION	go_bp	0	23	58	53	2920	1.000000e+00	1.000000e+00	
GOBP_AMYLOID_FIBRIL_FORMATION	go_bp	0	17	42	53	2920	1.000000e+00	1.000000e+00	
GOBP_AXONAL_TRANSPORT	go_bp	0	17	67	53	2920	1.000000e+00	1.000000e+00	
GOBP_CARDIAC_MUSCLE_CELL_ACTION_POTENTIAL	go_bp	0	17	85	53	2920	1.000000e+00	1.000000e+00	
GOBP_CARDIAC_MUSCLE_CELL_PROLIFERATION	go_bp	0	17	60	53	2920	1.000000e+00	1.000000e+00	
GOBP_CELL_JUNCTION_MAINTENANCE	go_bp	0	17	45	53	2920	1.000000e+00	1.000000e+00	
GOBP_DICARBOXYLIC_ACID_METABOLIC_PROCESS	go_bp	0	17	96	53	2920	1.000000e+00	1.000000e+00	
GOBP_DNA_DAMAGE_RESPONSE_SIGNAL_TRANSDUCTION_BY_P53_CLASS_MEDIATOR	go_bp	0	17	73	53	2920	1.000000e+00	1.000000e+00	
GOBP_ERAD_PATHWAY	go_bp	0	17	111	53	2920	1.000000e+00	1.000000e+00	
GOBP_EXOCRINE_SYSTEM_DEVELOPMENT	go_bp	0	17	49	53	2920	1.000000e+00	1.000000e+00	
GOBP_FATTY_ACID_CATABOLIC_PROCESS	go_bp	0	17	107	53	2920	1.000000e+00	1.000000e+00	
GOBP_FOAM_CELL_DIFFERENTIATION	go_bp	0	17	41	53	2920	1.000000e+00	1.000000e+00	
GOBP_GLUCAN_METABOLIC_PROCESS	go_bp	0	17	87	53	2920	1.000000e+00	1.000000e+00	
GOBP_GLUTAMINE_FAMILY_AMINO_ACID_METABOLIC_PROCESS	go_bp	0	17	76	53	2920	1.000000e+00	1.000000e+00	
GOBP_GOLGI_ORGANIZATION	go_bp	0	17	157	53	2920	1.000000e+00	1.000000e+00	
GOBP_HOMEOSTASIS_OF_NUMBER_OF_CELLS_WITHIN_A_TISSUE	go_bp	0	17	36	53	2920	1.000000e+00	1.000000e+00	
GOBP_HYALURONAN_METABOLIC_PROCESS	go_bp	0	17	34	53	2920	1.000000e+00	1.000000e+00	
GOBP_INTERLEUKIN_4_PRODUCTION	go_bp	0	17	35	53	2920	1.000000e+00	1.000000e+00	
GOBP_INTRINSIC_APOPTOTIC_SIGNALING_PATHWAY_IN_RESPONSE_TO_OXIDATIVE_STRESS	go_bp	0	17	64	53	2920	1.000000e+00	1.000000e+00	
GOBP_LEUKOCYTE_TETHERING_OR_ROLLING	go_bp	0	17	34	53	2920	1.000000e+00	1.000000e+00	
GOBP_LIPOSACCHARIDE_METABOLIC_PROCESS	go_bp	0	17	113	53	2920	1.000000e+00	1.000000e+00	
GOBP_MECHANORECEPTOR_DIFFERENTIATION	go_bp	0	17	70	53	2920	1.000000e+00	1.000000e+00	
GOBP_MITOTIC_DNA_INTEGRITY_CHECKPOINT_SIGNALING	go_bp	0	17	88	53	2920	1.000000e+00	1.000000e+00	
GOBP_MONOAMINE_TRANSPORT	go_bp	0	17	77	53	2920	1.000000e+00	1.000000e+00	
GOBP_MYELOID_CELL_APOPTOTIC_PROCESS	go_bp	0	17	39	53	2920	1.000000e+00	1.000000e+00	
GOBP_NEGATIVE_REGULATION_OF_CELL_KILLING	go_bp	0	17	29	53	2920	1.000000e+00	1.000000e+00	
GOBP_NEGATIVE_REGULATION_OF_G_PROTEIN_COUPLED_RECEPTOR_SIGNALING_PATHWAY	go_bp	0	17	66	53	2920	1.000000e+00	1.000000e+00	
GOBP_NEGATIVE_REGULATION_OF_LYMPHOCYTE_APOPTOTIC_PROCESS	go_bp	0	17	37	53	2920	1.000000e+00	1.000000e+00	
GOBP_NEPHRON_MORPHOGENESIS	go_bp	0	17	82	53	2920	1.000000e+00	1.000000e+00	
GOBP_POSITIVE_REGULATION_OF_CELL_SUBSTRATE_JUNCTION_ORGANIZATION	go_bp	0	17	31	53	2920	1.000000e+00	1.000000e+00	
GOBP_POSITIVE_REGULATION_OF_DNA_BIOSYNTHETIC_PROCESS	go_bp	0	17	69	53	2920	1.000000e+00	1.000000e+00	
GOBP_POSITIVE_REGULATION_OF_NEURON_DIFFERENTIATION	go_bp	0	17	94	53	2920	1.000000e+00	1.000000e+00	
GOBP_POSITIVE_REGULATION_OF_POST_TRANSLATIONAL_PROTEIN_MODIFICATION	go_bp	0	17	129	53	2920	1.000000e+00	1.000000e+00	
GOBP_PROTEIN_DNA_COMPLEX_ASSEMBLY	go_bp	0	17	241	53	2920	1.000000e+00	1.000000e+00	
GOBP_PROTEIN_RNA_COMPLEX_ORGANIZATION	go_bp	0	17	237	53	2920	1.000000e+00	1.000000e+00	
GOBP_PROTON_TRANSMEMBRANE_TRANSPORT	go_bp	0	17	162	53	2920	1.000000e+00	1.000000e+00	
GOBP_RECOMBINATIONAL_REPAIR	go_bp	0	17	192	53	2920	1.000000e+00	1.000000e+00	
GOBP_REGULATION_OF_ATP_METABOLIC_PROCESS	go_bp	0	17	72	53	2920	1.000000e+00	1.000000e+00	
GOBP_REGULATION_OF_CELL_CYCLE_G2_M_PHASE_TRANSITION	go_bp	0	17	118	53	2920	1.000000e+00	1.000000e+00	
GOBP_REGULATION_OF_CIRCADIAN_RHYTHM	go_bp	0	17	114	53	2920	1.000000e+00	1.000000e+00	
GOBP_REGULATION_OF_COLLAGEN_METABOLIC_PROCESS	go_bp	0	17	43	53	2920	1.000000e+00	1.000000e+00	
GOBP_REGULATION_OF_ERBB_SIGNALING_PATHWAY	go_bp	0	17	73	53	2920	1.000000e+00	1.000000e+00	
GOBP_REGULATION_OF_GLUCOSE_IMPORT	go_bp	0	17	60	53	2920	1.000000e+00	1.000000e+00	
GOBP_REGULATION_OF_INSULIN_RECEPTOR_SIGNALING_PATHWAY	go_bp	0	17	73	53	2920	1.000000e+00	1.000000e+00	
GOBP_REGULATION_OF_LIPID_CATABOLIC_PROCESS	go_bp	0	17	66	53	2920	1.000000e+00	1.000000e+00	
GOBP_REGULATION_OF_NATURAL_KILLER_CELL_ACTIVATION	go_bp	0	17	40	53	2920	1.000000e+00	1.000000e+00	
GOBP_REGULATION_OF_PROTEIN_TARGETING	go_bp	0	17	79	53	2920	1.000000e+00	1.000000e+00	
GOBP_REGULATORY_NCRNA_MEDIATED_GENE_SILENCING	go_bp	0	17	700	53	2920	1.000000e+00	1.000000e+00	
GOBP_RESPONSE_TO_EPIDERMAL_GROWTH_FACTOR	go_bp	0	17	47	53	2920	1.000000e+00	1.000000e+00	
GOBP_SMOOTHENED_SIGNALING_PATHWAY	go_bp	0	17	148	53	2920	1.000000e+00	1.000000e+00	
GOBP_SULFUR_COMPOUND_CATABOLIC_PROCESS	go_bp	0	17	48	53	2920	1.000000e+00	1.000000e+00	
GOBP_TRABECULA_MORPHOGENESIS	go_bp	0	17	47	53	2920	1.000000e+00	1.000000e+00	
GOBP_T_CELL_CYTOKINE_PRODUCTION	go_bp	0	17	38	53	2920	1.000000e+00	1.000000e+00	
GOBP_T_CELL_HOMEOSTASIS	go_bp	0	17	48	53	2920	1.000000e+00	1.000000e+00	
GOBP_ACTIVATION_OF_JANUS_KINASE_ACTIVITY	go_bp	0	8	13	53	2920	1.000000e+00	1.000000e+00	
GOBP_ADHESION_OF_SYMBIONT_TO_HOST_CELL	go_bp	0	8	10	53	2920	1.000000e+00	1.000000e+00	
GOBP_AMELOGENESIS	go_bp	0	8	27	53	2920	1.000000e+00	1.000000e+00	
GOBP_AMINO_ACID_ACTIVATION	go_bp	0	8	45	53	2920	1.000000e+00	1.000000e+00	
GOBP_ANTIGEN_PROCESSING_AND_PRESENTATION_OF_ENDOGENOUS_ANTIGEN	go_bp	0	8	32	53	2920	1.000000e+00	1.000000e+00	
GOBP_ANTIMICROBIAL_PEPTIDE_PRODUCTION	go_bp	0	8	12	53	2920	1.000000e+00	1.000000e+00	
GOBP_ARGININE_METABOLIC_PROCESS	go_bp	0	8	19	53	2920	1.000000e+00	1.000000e+00	
GOBP_ARP2_3_COMPLEX_MEDIATED_ACTIN_NUCLEATION	go_bp	0	8	46	53	2920	1.000000e+00	1.000000e+00	
GOBP_BINDING_OF_SPERM_TO_ZONA_PELLUCIDA	go_bp	0	8	38	53	2920	1.000000e+00	1.000000e+00	
GOBP_BLOOD_COAGULATION_FIBRIN_CLOT_FORMATION	go_bp	0	8	16	53	2920	1.000000e+00	1.000000e+00	
GOBP_CALCIUM_ION_TRANSPORT_INTO_CYTOSOL	go_bp	0	8	28	53	2920	1.000000e+00	1.000000e+00	
GOBP_CARDIAC_ATRIUM_MORPHOGENESIS	go_bp	0	8	29	53	2920	1.000000e+00	1.000000e+00	
GOBP_CATECHOL_CONTAINING_COMPOUND_BIOSYNTHETIC_PROCESS	go_bp	0	8	22	53	2920	1.000000e+00	1.000000e+00	
GOBP_CELLULAR_RESPONSE_TO_DSRNA	go_bp	0	8	23	53	2920	1.000000e+00	1.000000e+00	
GOBP_CELLULAR_RESPONSE_TO_GLUCOSE_STARVATION	go_bp	0	8	45	53	2920	1.000000e+00	1.000000e+00	
GOBP_CELL_DIFFERENTIATION_INVOLVED_IN_EMBRYONIC_PLACENTA_DEVELOPMENT	go_bp	0	8	24	53	2920	1.000000e+00	1.000000e+00	
GOBP_CENTRAL_NERVOUS_SYSTEM_PROJECTION_NEURON_AXONOGENESIS	go_bp	0	8	29	53	2920	1.000000e+00	1.000000e+00	
GOBP_CHEMOKINE_C_X_C_MOTIF_LIGAND_2_PRODUCTION	go_bp	0	8	20	53	2920	1.000000e+00	1.000000e+00	
GOBP_CHOLESTEROL_STORAGE	go_bp	0	8	25	53	2920	1.000000e+00	1.000000e+00	
GOBP_CORTICAL_CYTOSKELETON_ORGANIZATION	go_bp	0	8	52	53	2920	1.000000e+00	1.000000e+00	
GOBP_DENDRITE_SELF_AVOIDANCE	go_bp	0	8	14	53	2920	1.000000e+00	1.000000e+00	
GOBP_DETECTION_OF_MOLECULE_OF_BACTERIAL_ORIGIN	go_bp	0	8	13	53	2920	1.000000e+00	1.000000e+00	
GOBP_DE_NOVO_PROTEIN_FOLDING	go_bp	0	8	42	53	2920	1.000000e+00	1.000000e+00	
GOBP_EMBRYONIC_PLACENTA_MORPHOGENESIS	go_bp	0	8	26	53	2920	1.000000e+00	1.000000e+00	
GOBP_EPITHELIAL_CELL_MATURATION	go_bp	0	8	27	53	2920	1.000000e+00	1.000000e+00	
GOBP_ESTABLISHMENT_OF_LYMPHOCYTE_POLARITY	go_bp	0	8	16	53	2920	1.000000e+00	1.000000e+00	
GOBP_FACE_DEVELOPMENT	go_bp	0	8	53	53	2920	1.000000e+00	1.000000e+00	
GOBP_FIBROBLAST_APOPTOTIC_PROCESS	go_bp	0	8	26	53	2920	1.000000e+00	1.000000e+00	
GOBP_FOLIC_ACID_CONTAINING_COMPOUND_METABOLIC_PROCESS	go_bp	0	8	29	53	2920	1.000000e+00	1.000000e+00	
GOBP_GLOMERULAR_MESANGIUM_DEVELOPMENT	go_bp	0	8	18	53	2920	1.000000e+00	1.000000e+00	
GOBP_GLUCAN_BIOSYNTHETIC_PROCESS	go_bp	0	8	46	53	2920	1.000000e+00	1.000000e+00	
GOBP_HEAD_MORPHOGENESIS	go_bp	0	8	38	53	2920	1.000000e+00	1.000000e+00	
GOBP_HEMATOPOIETIC_STEM_CELL_PROLIFERATION	go_bp	0	8	36	53	2920	1.000000e+00	1.000000e+00	
GOBP_HETEROCHROMATIN_FORMATION	go_bp	0	8	143	53	2920	1.000000e+00	1.000000e+00	
GOBP_HIPPO_SIGNALING	go_bp	0	8	55	53	2920	1.000000e+00	1.000000e+00	
GOBP_HYALURONAN_CATABOLIC_PROCESS	go_bp	0	8	16	53	2920	1.000000e+00	1.000000e+00	
GOBP_HYPERSENSITIVITY	go_bp	0	8	18	53	2920	1.000000e+00	1.000000e+00	
GOBP_INNER_EAR_RECEPTOR_CELL_DEVELOPMENT	go_bp	0	8	47	53	2920	1.000000e+00	1.000000e+00	
GOBP_INORGANIC_ANION_TRANSMEMBRANE_TRANSPORT	go_bp	0	8	131	53	2920	1.000000e+00	1.000000e+00	
GOBP_INTERLEUKIN_10_MEDIATED_SIGNALING_PATHWAY	go_bp	0	8	12	53	2920	1.000000e+00	1.000000e+00	
GOBP_INTESTINAL_CHOLESTEROL_ABSORPTION	go_bp	0	8	18	53	2920	1.000000e+00	1.000000e+00	
GOBP_LABYRINTHINE_LAYER_MORPHOGENESIS	go_bp	0	8	22	53	2920	1.000000e+00	1.000000e+00	
GOBP_LOCOMOTORY_EXPLORATION_BEHAVIOR	go_bp	0	8	16	53	2920	1.000000e+00	1.000000e+00	
GOBP_LOW_DENSITY_LIPOPROTEIN_PARTICLE_REMODELING	go_bp	0	8	16	53	2920	1.000000e+00	1.000000e+00	
GOBP_LYMPHANGIOGENESIS	go_bp	0	8	19	53	2920	1.000000e+00	1.000000e+00	
GOBP_LYMPHOID_PROGENITOR_CELL_DIFFERENTIATION	go_bp	0	8	24	53	2920	1.000000e+00	1.000000e+00	
GOBP_MACROPHAGE_ACTIVATION_INVOLVED_IN_IMMUNE_RESPONSE	go_bp	0	8	19	53	2920	1.000000e+00	1.000000e+00	
GOBP_MATING_BEHAVIOR	go_bp	0	8	36	53	2920	1.000000e+00	1.000000e+00	
GOBP_MITOCHONDRIAL_TRANSMEMBRANE_TRANSPORT	go_bp	0	8	99	53	2920	1.000000e+00	1.000000e+00	
GOBP_MITOTIC_CYTOKINETIC_PROCESS	go_bp	0	8	32	53	2920	1.000000e+00	1.000000e+00	
GOBP_MODIFICATION_OF_SYNAPTIC_STRUCTURE	go_bp	0	8	28	53	2920	1.000000e+00	1.000000e+00	
GOBP_MULTICELLULAR_ORGANISMAL_MOVEMENT	go_bp	0	8	62	53	2920	1.000000e+00	1.000000e+00	
GOBP_NEGATIVE_REGULATION_OF_AMINE_TRANSPORT	go_bp	0	8	27	53	2920	1.000000e+00	1.000000e+00	
GOBP_NEGATIVE_REGULATION_OF_ANOIKIS	go_bp	0	8	18	53	2920	1.000000e+00	1.000000e+00	
GOBP_NEGATIVE_REGULATION_OF_ATP_DEPENDENT_ACTIVITY	go_bp	0	8	17	53	2920	1.000000e+00	1.000000e+00	
GOBP_NEGATIVE_REGULATION_OF_BONE_MINERALIZATION	go_bp	0	8	20	53	2920	1.000000e+00	1.000000e+00	
GOBP_NEGATIVE_REGULATION_OF_CHONDROCYTE_DIFFERENTIATION	go_bp	0	8	24	53	2920	1.000000e+00	1.000000e+00	
GOBP_NEGATIVE_REGULATION_OF_CYTOKINE_PRODUCTION_INVOLVED_IN_INFLAMMATORY_RESPONSE	go_bp	0	8	41	53	2920	1.000000e+00	1.000000e+00	
GOBP_NEGATIVE_REGULATION_OF_DENDRITIC_CELL_APOPTOTIC_PROCESS	go_bp	0	8	9	53	2920	1.000000e+00	1.000000e+00	
GOBP_NEGATIVE_REGULATION_OF_EXTRACELLULAR_MATRIX_ORGANIZATION	go_bp	0	8	22	53	2920	1.000000e+00	1.000000e+00	
GOBP_NEGATIVE_REGULATION_OF_GLUCOSE_TRANSMEMBRANE_TRANSPORT	go_bp	0	8	21	53	2920	1.000000e+00	1.000000e+00	
GOBP_NEGATIVE_REGULATION_OF_INTERFERON_BETA_PRODUCTION	go_bp	0	8	15	53	2920	1.000000e+00	1.000000e+00	
GOBP_NEGATIVE_REGULATION_OF_NUCLEOCYTOPLASMIC_TRANSPORT	go_bp	0	8	23	53	2920	1.000000e+00	1.000000e+00	
GOBP_NEGATIVE_REGULATION_OF_NUCLEOTIDE_METABOLIC_PROCESS	go_bp	0	8	28	53	2920	1.000000e+00	1.000000e+00	
GOBP_NEGATIVE_REGULATION_OF_OSTEOBLAST_PROLIFERATION	go_bp	0	8	15	53	2920	1.000000e+00	1.000000e+00	
GOBP_NEGATIVE_REGULATION_OF_OXIDATIVE_STRESS_INDUCED_INTRINSIC_APOPTOTIC_SIGNALING_PATHWAY	go_bp	0	8	34	53	2920	1.000000e+00	1.000000e+00	
GOBP_NEGATIVE_REGULATION_OF_PHAGOCYTOSIS	go_bp	0	8	22	53	2920	1.000000e+00	1.000000e+00	
GOBP_NEGATIVE_REGULATION_OF_PROTEIN_LOCALIZATION_TO_CELL_PERIPHERY	go_bp	0	8	30	53	2920	1.000000e+00	1.000000e+00	
GOBP_NEGATIVE_REGULATION_OF_STEROID_METABOLIC_PROCESS	go_bp	0	8	34	53	2920	1.000000e+00	1.000000e+00	
GOBP_NEGATIVE_REGULATION_OF_STEROL_TRANSPORT	go_bp	0	8	30	53	2920	1.000000e+00	1.000000e+00	
GOBP_NEGATIVE_REGULATION_OF_STRIATED_MUSCLE_CELL_DIFFERENTIATION	go_bp	0	8	43	53	2920	1.000000e+00	1.000000e+00	
GOBP_NEGATIVE_REGULATION_OF_TUMOR_NECROSIS_FACTOR_MEDIATED_SIGNALING_PATHWAY	go_bp	0	8	34	53	2920	1.000000e+00	1.000000e+00	
GOBP_NEGATIVE_REGULATION_OF_VASCULAR_ASSOCIATED_SMOOTH_MUSCLE_CELL_PROLIFERATION	go_bp	0	8	42	53	2920	1.000000e+00	1.000000e+00	
GOBP_NEGATIVE_REGULATION_OF_VIRAL_LIFE_CYCLE	go_bp	0	8	28	53	2920	1.000000e+00	1.000000e+00	
GOBP_NEUROTROPHIN_TRK_RECEPTOR_SIGNALING_PATHWAY	go_bp	0	8	26	53	2920	1.000000e+00	1.000000e+00	
GOBP_NEUTRAL_LIPID_BIOSYNTHETIC_PROCESS	go_bp	0	8	55	53	2920	1.000000e+00	1.000000e+00	
GOBP_NEUTROPHIL_ACTIVATION_INVOLVED_IN_IMMUNE_RESPONSE	go_bp	0	8	21	53	2920	1.000000e+00	1.000000e+00	
GOBP_NUCLEAR_TRANSCRIBED_MRNA_CATABOLIC_PROCESS	go_bp	0	8	126	53	2920	1.000000e+00	1.000000e+00	
GOBP_NUCLEOSOME_ORGANIZATION	go_bp	0	8	140	53	2920	1.000000e+00	1.000000e+00	
GOBP_NUCLEOTIDE_BINDING_DOMAIN_LEUCINE_RICH_REPEAT_CONTAINING_RECEPTOR_SIGNALING_PATHWAY	go_bp	0	8	29	53	2920	1.000000e+00	1.000000e+00	
GOBP_N_ACETYLNEURAMINATE_METABOLIC_PROCESS	go_bp	0	8	12	53	2920	1.000000e+00	1.000000e+00	
GOBP_OSTEOBLAST_DEVELOPMENT	go_bp	0	8	17	53	2920	1.000000e+00	1.000000e+00	
GOBP_PEPTIDYL_TYROSINE_DEPHOSPHORYLATION	go_bp	0	8	32	53	2920	1.000000e+00	1.000000e+00	
GOBP_PHOTORECEPTOR_CELL_DEVELOPMENT	go_bp	0	8	51	53	2920	1.000000e+00	1.000000e+00	
GOBP_POSITIVE_REGULATION_BY_SYMBIONT_OF_ENTRY_INTO_HOST	go_bp	0	8	14	53	2920	1.000000e+00	1.000000e+00	
GOBP_POSITIVE_REGULATION_OF_DENDRITIC_SPINE_DEVELOPMENT	go_bp	0	8	42	53	2920	1.000000e+00	1.000000e+00	
GOBP_POSITIVE_REGULATION_OF_DNA_REPLICATION	go_bp	0	8	43	53	2920	1.000000e+00	1.000000e+00	
GOBP_POSITIVE_REGULATION_OF_ERYTHROCYTE_DIFFERENTIATION	go_bp	0	8	34	53	2920	1.000000e+00	1.000000e+00	
GOBP_POSITIVE_REGULATION_OF_GENE_EXPRESSION_EPIGENETIC	go_bp	0	8	54	53	2920	1.000000e+00	1.000000e+00	
GOBP_POSITIVE_REGULATION_OF_GLUCOSE_IMPORT	go_bp	0	8	37	53	2920	1.000000e+00	1.000000e+00	
GOBP_POSITIVE_REGULATION_OF_GLYCOPROTEIN_METABOLIC_PROCESS	go_bp	0	8	25	53	2920	1.000000e+00	1.000000e+00	
GOBP_POSITIVE_REGULATION_OF_INSULIN_SECRETION_INVOLVED_IN_CELLULAR_RESPONSE_TO_GLUCOSE_STIMULUS	go_bp	0	8	32	53	2920	1.000000e+00	1.000000e+00	
GOBP_POSITIVE_REGULATION_OF_INTERLEUKIN_5_PRODUCTION	go_bp	0	8	11	53	2920	1.000000e+00	1.000000e+00	
GOBP_POSITIVE_REGULATION_OF_MACROPHAGE_DIFFERENTIATION	go_bp	0	8	16	53	2920	1.000000e+00	1.000000e+00	
GOBP_POSITIVE_REGULATION_OF_MESENCHYMAL_CELL_PROLIFERATION	go_bp	0	8	26	53	2920	1.000000e+00	1.000000e+00	
GOBP_POSITIVE_REGULATION_OF_MHC_CLASS_II_BIOSYNTHETIC_PROCESS	go_bp	0	8	14	53	2920	1.000000e+00	1.000000e+00	
GOBP_POSITIVE_REGULATION_OF_PODOSOME_ASSEMBLY	go_bp	0	8	11	53	2920	1.000000e+00	1.000000e+00	
GOBP_POSITIVE_REGULATION_OF_POTASSIUM_ION_TRANSMEMBRANE_TRANSPORTER_ACTIVITY	go_bp	0	8	19	53	2920	1.000000e+00	1.000000e+00	
GOBP_POSITIVE_REGULATION_OF_RAS_PROTEIN_SIGNAL_TRANSDUCTION	go_bp	0	8	18	53	2920	1.000000e+00	1.000000e+00	
GOBP_POSITIVE_REGULATION_OF_RELEASE_OF_CYTOCHROME_C_FROM_MITOCHONDRIA	go_bp	0	8	24	53	2920	1.000000e+00	1.000000e+00	
GOBP_POSITIVE_REGULATION_OF_SMOOTH_MUSCLE_CELL_DIFFERENTIATION	go_bp	0	8	25	53	2920	1.000000e+00	1.000000e+00	
GOBP_POSITIVE_REGULATION_OF_STEM_CELL_POPULATION_MAINTENANCE	go_bp	0	8	49	53	2920	1.000000e+00	1.000000e+00	
GOBP_POSITIVE_REGULATION_OF_TELOMERE_MAINTENANCE	go_bp	0	8	71	53	2920	1.000000e+00	1.000000e+00	
GOBP_POSITIVE_REGULATION_OF_T_CELL_APOPTOTIC_PROCESS	go_bp	0	8	14	53	2920	1.000000e+00	1.000000e+00	
GOBP_POSITIVE_THYMIC_T_CELL_SELECTION	go_bp	0	8	15	53	2920	1.000000e+00	1.000000e+00	
GOBP_PROTEIN_ACETYLATION	go_bp	0	8	58	53	2920	1.000000e+00	1.000000e+00	
GOBP_PROTEIN_K48_LINKED_DEUBIQUITINATION	go_bp	0	8	27	53	2920	1.000000e+00	1.000000e+00	
GOBP_PURINE_NUCLEOBASE_METABOLIC_PROCESS	go_bp	0	8	20	53	2920	1.000000e+00	1.000000e+00	
GOBP_PYRIMIDINE_DEOXYRIBONUCLEOTIDE_METABOLIC_PROCESS	go_bp	0	8	23	53	2920	1.000000e+00	1.000000e+00	
GOBP_REGULATION_OF_ACROSOME_REACTION	go_bp	0	8	18	53	2920	1.000000e+00	1.000000e+00	
GOBP_REGULATION_OF_ANOIKIS	go_bp	0	8	24	53	2920	1.000000e+00	1.000000e+00	
GOBP_REGULATION_OF_AUTOPHAGOSOME_ASSEMBLY	go_bp	0	8	49	53	2920	1.000000e+00	1.000000e+00	
GOBP_REGULATION_OF_CALCINEURIN_MEDIATED_SIGNALING	go_bp	0	8	40	53	2920	1.000000e+00	1.000000e+00	
GOBP_REGULATION_OF_CD8_POSITIVE_ALPHA_BETA_T_CELL_ACTIVATION	go_bp	0	8	20	53	2920	1.000000e+00	1.000000e+00	
GOBP_REGULATION_OF_CELL_CELL_ADHESION_MEDIATED_BY_CADHERIN	go_bp	0	8	21	53	2920	1.000000e+00	1.000000e+00	
GOBP_REGULATION_OF_CENTROSOME_CYCLE	go_bp	0	8	54	53	2920	1.000000e+00	1.000000e+00	
GOBP_REGULATION_OF_DNA_TEMPLATED_TRANSCRIPTION_INITIATION	go_bp	0	8	82	53	2920	1.000000e+00	1.000000e+00	
GOBP_REGULATION_OF_EXOSOMAL_SECRETION	go_bp	0	8	19	53	2920	1.000000e+00	1.000000e+00	
GOBP_REGULATION_OF_INCLUSION_BODY_ASSEMBLY	go_bp	0	8	17	53	2920	1.000000e+00	1.000000e+00	
GOBP_REGULATION_OF_INFLAMMATORY_RESPONSE_TO_WOUNDING	go_bp	0	8	12	53	2920	1.000000e+00	1.000000e+00	
GOBP_REGULATION_OF_LEUKOCYTE_TETHERING_OR_ROLLING	go_bp	0	8	18	53	2920	1.000000e+00	1.000000e+00	
GOBP_REGULATION_OF_NITRIC_OXIDE_SYNTHASE_ACTIVITY	go_bp	0	8	25	53	2920	1.000000e+00	1.000000e+00	
GOBP_REGULATION_OF_NUCLEOTIDE_BIOSYNTHETIC_PROCESS	go_bp	0	8	29	53	2920	1.000000e+00	1.000000e+00	
GOBP_REGULATION_OF_PLASMA_MEMBRANE_ORGANIZATION	go_bp	0	8	17	53	2920	1.000000e+00	1.000000e+00	
GOBP_REGULATION_OF_PROTEIN_EXPORT_FROM_NUCLEUS	go_bp	0	8	35	53	2920	1.000000e+00	1.000000e+00	
GOBP_REGULATION_OF_PROTEIN_KINASE_C_SIGNALING	go_bp	0	8	18	53	2920	1.000000e+00	1.000000e+00	
GOBP_REGULATION_OF_RAC_PROTEIN_SIGNAL_TRANSDUCTION	go_bp	0	8	26	53	2920	1.000000e+00	1.000000e+00	
GOBP_REGULATION_OF_REACTIVE_OXYGEN_SPECIES_BIOSYNTHETIC_PROCESS	go_bp	0	8	45	53	2920	1.000000e+00	1.000000e+00	
GOBP_REGULATION_OF_SPINDLE_ASSEMBLY	go_bp	0	8	33	53	2920	1.000000e+00	1.000000e+00	
GOBP_REGULATION_OF_STRIATED_MUSCLE_TISSUE_DEVELOPMENT	go_bp	0	8	19	53	2920	1.000000e+00	1.000000e+00	
GOBP_REGULATION_OF_TELOMERE_MAINTENANCE_VIA_TELOMERE_LENGTHENING	go_bp	0	8	63	53	2920	1.000000e+00	1.000000e+00	
GOBP_REGULATION_OF_THE_FORCE_OF_HEART_CONTRACTION	go_bp	0	8	26	53	2920	1.000000e+00	1.000000e+00	
GOBP_REGULATION_OF_TOLL_LIKE_RECEPTOR_SIGNALING_PATHWAY	go_bp	0	8	36	53	2920	1.000000e+00	1.000000e+00	
GOBP_REGULATION_OF_TRIGLYCERIDE_METABOLIC_PROCESS	go_bp	0	8	46	53	2920	1.000000e+00	1.000000e+00	
GOBP_RELAXATION_OF_MUSCLE	go_bp	0	8	34	53	2920	1.000000e+00	1.000000e+00	
GOBP_RENAL_PROTEIN_ABSORPTION	go_bp	0	8	10	53	2920	1.000000e+00	1.000000e+00	
GOBP_RENAL_SYSTEM_PROCESS_INVOLVED_IN_REGULATION_OF_SYSTEMIC_ARTERIAL_BLOOD_PRESSURE	go_bp	0	8	25	53	2920	1.000000e+00	1.000000e+00	
GOBP_RESPONSE_TO_INCREASED_OXYGEN_LEVELS	go_bp	0	8	27	53	2920	1.000000e+00	1.000000e+00	
GOBP_RESPONSE_TO_INTERFERON_ALPHA	go_bp	0	8	18	53	2920	1.000000e+00	1.000000e+00	
GOBP_RESPONSE_TO_INTERLEUKIN_15	go_bp	0	8	12	53	2920	1.000000e+00	1.000000e+00	
GOBP_RESPONSE_TO_LECTIN	go_bp	0	8	23	53	2920	1.000000e+00	1.000000e+00	
GOBP_RESPONSE_TO_MAGNESIUM_ION	go_bp	0	8	20	53	2920	1.000000e+00	1.000000e+00	
GOBP_RESPONSE_TO_PH	go_bp	0	8	40	53	2920	1.000000e+00	1.000000e+00	
GOBP_RESPONSE_TO_ZINC_ION	go_bp	0	8	51	53	2920	1.000000e+00	1.000000e+00	
GOBP_RETINA_VASCULATURE_DEVELOPMENT_IN_CAMERA_TYPE_EYE	go_bp	0	8	20	53	2920	1.000000e+00	1.000000e+00	
GOBP_RNA_EXPORT_FROM_NUCLEUS	go_bp	0	8	93	53	2920	1.000000e+00	1.000000e+00	
GOBP_SECONDARY_METABOLIC_PROCESS	go_bp	0	8	57	53	2920	1.000000e+00	1.000000e+00	
GOBP_SERINE_FAMILY_AMINO_ACID_METABOLIC_PROCESS	go_bp	0	8	33	53	2920	1.000000e+00	1.000000e+00	
GOBP_SOMITOGENESIS	go_bp	0	8	65	53	2920	1.000000e+00	1.000000e+00	
GOBP_SUBSTANTIA_NIGRA_DEVELOPMENT	go_bp	0	8	44	53	2920	1.000000e+00	1.000000e+00	
GOBP_SURFACTANT_HOMEOSTASIS	go_bp	0	8	20	53	2920	1.000000e+00	1.000000e+00	
GOBP_THYROID_HORMONE_METABOLIC_PROCESS	go_bp	0	8	29	53	2920	1.000000e+00	1.000000e+00	
GOBP_TOLL_LIKE_RECEPTOR_9_SIGNALING_PATHWAY	go_bp	0	8	20	53	2920	1.000000e+00	1.000000e+00	
GOBP_TOOTH_MINERALIZATION	go_bp	0	8	33	53	2920	1.000000e+00	1.000000e+00	
GOBP_TYPE_B_PANCREATIC_CELL_PROLIFERATION	go_bp	0	8	28	53	2920	1.000000e+00	1.000000e+00	
GOBP_VASCULAR_ENDOTHELIAL_CELL_PROLIFERATION	go_bp	0	8	54	53	2920	1.000000e+00	1.000000e+00	
GOBP_VESICLE_TRANSPORT_ALONG_MICROTUBULE	go_bp	0	8	47	53	2920	1.000000e+00	1.000000e+00	
GOBP_VITAMIN_D_METABOLIC_PROCESS	go_bp	0	8	21	53	2920	1.000000e+00	1.000000e+00	
GOBP_ACTIN_FILAMENT_DEPOLYMERIZATION	go_bp	0	14	58	53	2920	1.000000e+00	1.000000e+00	
GOBP_ANGIOGENESIS_INVOLVED_IN_WOUND_HEALING	go_bp	0	14	33	53	2920	1.000000e+00	1.000000e+00	
GOBP_ANTIGEN_PROCESSING_AND_PRESENTATION_OF_PEPTIDE_OR_POLYSACCHARIDE_ANTIGEN_VIA_MHC_CLASS_II	go_bp	0	14	37	53	2920	1.000000e+00	1.000000e+00	
GOBP_APOPTOTIC_PROCESS_INVOLVED_IN_DEVELOPMENT	go_bp	0	14	41	53	2920	1.000000e+00	1.000000e+00	
GOBP_AXIS_SPECIFICATION	go_bp	0	14	99	53	2920	1.000000e+00	1.000000e+00	
GOBP_BODY_MORPHOGENESIS	go_bp	0	14	51	53	2920	1.000000e+00	1.000000e+00	
GOBP_CATECHOLAMINE_TRANSPORT	go_bp	0	14	64	53	2920	1.000000e+00	1.000000e+00	
GOBP_CELLULAR_PIGMENTATION	go_bp	0	14	63	53	2920	1.000000e+00	1.000000e+00	
GOBP_CENTROSOME_DUPLICATION	go_bp	0	14	76	53	2920	1.000000e+00	1.000000e+00	
GOBP_CERAMIDE_METABOLIC_PROCESS	go_bp	0	14	110	53	2920	1.000000e+00	1.000000e+00	
GOBP_CIRCADIAN_REGULATION_OF_GENE_EXPRESSION	go_bp	0	14	70	53	2920	1.000000e+00	1.000000e+00	
GOBP_COMPLEMENT_ACTIVATION_ALTERNATIVE_PATHWAY	go_bp	0	14	18	53	2920	1.000000e+00	1.000000e+00	
GOBP_CORONARY_VASCULATURE_DEVELOPMENT	go_bp	0	14	50	53	2920	1.000000e+00	1.000000e+00	
GOBP_DETECTION_OF_EXTERNAL_BIOTIC_STIMULUS	go_bp	0	14	26	53	2920	1.000000e+00	1.000000e+00	
GOBP_DIENCEPHALON_DEVELOPMENT	go_bp	0	14	81	53	2920	1.000000e+00	1.000000e+00	
GOBP_DIGESTIVE_TRACT_MORPHOGENESIS	go_bp	0	14	49	53	2920	1.000000e+00	1.000000e+00	
GOBP_ENDOCYTIC_RECYCLING	go_bp	0	14	90	53	2920	1.000000e+00	1.000000e+00	
GOBP_EPITHELIAL_STRUCTURE_MAINTENANCE	go_bp	0	14	36	53	2920	1.000000e+00	1.000000e+00	
GOBP_GLYCOSPHINGOLIPID_METABOLIC_PROCESS	go_bp	0	14	69	53	2920	1.000000e+00	1.000000e+00	
GOBP_IMMUNE_RESPONSE_TO_TUMOR_CELL	go_bp	0	14	29	53	2920	1.000000e+00	1.000000e+00	
GOBP_INTEGRATED_STRESS_RESPONSE_SIGNALING	go_bp	0	14	48	53	2920	1.000000e+00	1.000000e+00	
GOBP_INTERLEUKIN_13_PRODUCTION	go_bp	0	14	21	53	2920	1.000000e+00	1.000000e+00	
GOBP_INTERLEUKIN_17_PRODUCTION	go_bp	0	14	49	53	2920	1.000000e+00	1.000000e+00	
GOBP_INTERLEUKIN_5_PRODUCTION	go_bp	0	14	21	53	2920	1.000000e+00	1.000000e+00	
GOBP_INTRACELLULAR_PH_REDUCTION	go_bp	0	14	57	53	2920	1.000000e+00	1.000000e+00	
GOBP_INTRINSIC_APOPTOTIC_SIGNALING_PATHWAY_IN_RESPONSE_TO_DNA_DAMAGE_BY_P53_CLASS_MEDIATOR	go_bp	0	14	44	53	2920	1.000000e+00	1.000000e+00	
GOBP_LONG_CHAIN_FATTY_ACID_METABOLIC_PROCESS	go_bp	0	14	109	53	2920	1.000000e+00	1.000000e+00	
GOBP_LUNG_EPITHELIUM_DEVELOPMENT	go_bp	0	14	45	53	2920	1.000000e+00	1.000000e+00	
GOBP_LYMPH_VESSEL_DEVELOPMENT	go_bp	0	14	31	53	2920	1.000000e+00	1.000000e+00	
GOBP_MACROPHAGE_CYTOKINE_PRODUCTION	go_bp	0	14	37	53	2920	1.000000e+00	1.000000e+00	
GOBP_MATURE_B_CELL_DIFFERENTIATION	go_bp	0	14	38	53	2920	1.000000e+00	1.000000e+00	
GOBP_MEMBRANE_BIOGENESIS	go_bp	0	14	66	53	2920	1.000000e+00	1.000000e+00	
GOBP_MESONEPHRIC_TUBULE_MORPHOGENESIS	go_bp	0	14	69	53	2920	1.000000e+00	1.000000e+00	
GOBP_MITOCHONDRIAL_GENE_EXPRESSION	go_bp	0	14	167	53	2920	1.000000e+00	1.000000e+00	
GOBP_MYELOID_DENDRITIC_CELL_ACTIVATION	go_bp	0	14	29	53	2920	1.000000e+00	1.000000e+00	
GOBP_NAD_METABOLIC_PROCESS	go_bp	0	14	64	53	2920	1.000000e+00	1.000000e+00	
GOBP_NECROPTOTIC_PROCESS	go_bp	0	14	49	53	2920	1.000000e+00	1.000000e+00	
GOBP_NEGATIVE_REGULATION_OF_ACTIN_FILAMENT_POLYMERIZATION	go_bp	0	14	65	53	2920	1.000000e+00	1.000000e+00	
GOBP_NEGATIVE_REGULATION_OF_ALPHA_BETA_T_CELL_ACTIVATION	go_bp	0	14	45	53	2920	1.000000e+00	1.000000e+00	
GOBP_NEGATIVE_REGULATION_OF_CHROMOSOME_ORGANIZATION	go_bp	0	14	95	53	2920	1.000000e+00	1.000000e+00	
GOBP_NEGATIVE_REGULATION_OF_INTRACELLULAR_TRANSPORT	go_bp	0	14	51	53	2920	1.000000e+00	1.000000e+00	
GOBP_NEGATIVE_REGULATION_OF_LIPID_BIOSYNTHETIC_PROCESS	go_bp	0	14	68	53	2920	1.000000e+00	1.000000e+00	
GOBP_NEGATIVE_REGULATION_OF_MYELOID_LEUKOCYTE_DIFFERENTIATION	go_bp	0	14	53	53	2920	1.000000e+00	1.000000e+00	
GOBP_NEGATIVE_REGULATION_OF_REACTIVE_OXYGEN_SPECIES_METABOLIC_PROCESS	go_bp	0	14	47	53	2920	1.000000e+00	1.000000e+00	
GOBP_NEGATIVE_REGULATION_OF_T_CELL_DIFFERENTIATION	go_bp	0	14	49	53	2920	1.000000e+00	1.000000e+00	
GOBP_NUCLEOSIDE_BISPHOSPHATE_METABOLIC_PROCESS	go_bp	0	14	124	53	2920	1.000000e+00	1.000000e+00	
GOBP_ORGANIC_HYDROXY_COMPOUND_CATABOLIC_PROCESS	go_bp	0	14	58	53	2920	1.000000e+00	1.000000e+00	
GOBP_PEPTIDYL_LYSINE_MODIFICATION	go_bp	0	14	149	53	2920	1.000000e+00	1.000000e+00	
GOBP_PHOSPHATIDYLINOSITOL_METABOLIC_PROCESS	go_bp	0	14	164	53	2920	1.000000e+00	1.000000e+00	
GOBP_POLYSACCHARIDE_BIOSYNTHETIC_PROCESS	go_bp	0	14	66	53	2920	1.000000e+00	1.000000e+00	
GOBP_POSITIVE_REGULATION_OF_CELL_CYCLE_G1_S_PHASE_TRANSITION	go_bp	0	14	70	53	2920	1.000000e+00	1.000000e+00	
GOBP_POSITIVE_REGULATION_OF_LEUKOCYTE_APOPTOTIC_PROCESS	go_bp	0	14	28	53	2920	1.000000e+00	1.000000e+00	
GOBP_POSITIVE_REGULATION_OF_MACROPHAGE_ACTIVATION	go_bp	0	14	30	53	2920	1.000000e+00	1.000000e+00	
GOBP_POSITIVE_REGULATION_OF_MORPHOGENESIS_OF_AN_EPITHELIUM	go_bp	0	14	37	53	2920	1.000000e+00	1.000000e+00	
GOBP_POSITIVE_REGULATION_OF_NEUROBLAST_PROLIFERATION	go_bp	0	14	37	53	2920	1.000000e+00	1.000000e+00	
GOBP_POSITIVE_REGULATION_OF_PROTEASOMAL_UBIQUITIN_DEPENDENT_PROTEIN_CATABOLIC_PROCESS	go_bp	0	14	78	53	2920	1.000000e+00	1.000000e+00	
GOBP_POSITIVE_REGULATION_OF_SUBSTRATE_ADHESION_DEPENDENT_CELL_SPREADING	go_bp	0	14	43	53	2920	1.000000e+00	1.000000e+00	
GOBP_POSITIVE_REGULATION_OF_T_CELL_MEDIATED_CYTOTOXICITY	go_bp	0	14	41	53	2920	1.000000e+00	1.000000e+00	
GOBP_PROTEIN_LOCALIZATION_TO_POSTSYNAPSE	go_bp	0	14	45	53	2920	1.000000e+00	1.000000e+00	
GOBP_PYRIMIDINE_NUCLEOTIDE_METABOLIC_PROCESS	go_bp	0	14	53	53	2920	1.000000e+00	1.000000e+00	
GOBP_REGULATION_OF_CALCIUM_ION_TRANSMEMBRANE_TRANSPORTER_ACTIVITY	go_bp	0	14	72	53	2920	1.000000e+00	1.000000e+00	
GOBP_REGULATION_OF_DIGESTIVE_SYSTEM_PROCESS	go_bp	0	14	40	53	2920	1.000000e+00	1.000000e+00	
GOBP_REGULATION_OF_DNA_BINDING	go_bp	0	14	74	53	2920	1.000000e+00	1.000000e+00	
GOBP_REGULATION_OF_GLUCONEOGENESIS	go_bp	0	14	52	53	2920	1.000000e+00	1.000000e+00	
GOBP_REGULATION_OF_GLYCOPROTEIN_METABOLIC_PROCESS	go_bp	0	14	60	53	2920	1.000000e+00	1.000000e+00	
GOBP_REGULATION_OF_INTRINSIC_APOPTOTIC_SIGNALING_PATHWAY_IN_RESPONSE_TO_DNA_DAMAGE	go_bp	0	14	38	53	2920	1.000000e+00	1.000000e+00	
GOBP_REGULATION_OF_MUSCLE_TISSUE_DEVELOPMENT	go_bp	0	14	45	53	2920	1.000000e+00	1.000000e+00	
GOBP_REGULATION_OF_MYELOID_CELL_APOPTOTIC_PROCESS	go_bp	0	14	32	53	2920	1.000000e+00	1.000000e+00	
GOBP_REGULATION_OF_PHOSPHOLIPASE_C_ACTIVITY	go_bp	0	14	35	53	2920	1.000000e+00	1.000000e+00	
GOBP_REGULATION_OF_PROTEIN_DEPOLYMERIZATION	go_bp	0	14	87	53	2920	1.000000e+00	1.000000e+00	
GOBP_REGULATION_OF_PROTEIN_TYROSINE_KINASE_ACTIVITY	go_bp	0	14	45	53	2920	1.000000e+00	1.000000e+00	
GOBP_REGULATION_OF_T_HELPER_CELL_DIFFERENTIATION	go_bp	0	14	45	53	2920	1.000000e+00	1.000000e+00	
GOBP_REGULATION_OF_VASCULAR_ENDOTHELIAL_GROWTH_FACTOR_RECEPTOR_SIGNALING_PATHWAY	go_bp	0	14	35	53	2920	1.000000e+00	1.000000e+00	
GOBP_RESPONSE_TO_IMMOBILIZATION_STRESS	go_bp	0	14	28	53	2920	1.000000e+00	1.000000e+00	
GOBP_RESPONSE_TO_PROTOZOAN	go_bp	0	14	31	53	2920	1.000000e+00	1.000000e+00	
GOBP_RETINA_MORPHOGENESIS_IN_CAMERA_TYPE_EYE	go_bp	0	14	66	53	2920	1.000000e+00	1.000000e+00	
GOBP_SALIVARY_GLAND_DEVELOPMENT	go_bp	0	14	37	53	2920	1.000000e+00	1.000000e+00	
GOBP_SULFUR_AMINO_ACID_METABOLIC_PROCESS	go_bp	0	14	34	53	2920	1.000000e+00	1.000000e+00	
GOBP_T_CELL_LINEAGE_COMMITMENT	go_bp	0	14	36	53	2920	1.000000e+00	1.000000e+00	
GOBP_VENTRICULAR_CARDIAC_MUSCLE_TISSUE_DEVELOPMENT	go_bp	0	14	63	53	2920	1.000000e+00	1.000000e+00	
GOBP_VITAMIN_TRANSPORT	go_bp	0	14	52	53	2920	1.000000e+00	1.000000e+00	
GOBP_CELLULAR_LIPID_CATABOLIC_PROCESS	go_bp	0	57	239	53	2920	1.000000e+00	1.000000e+00	
GOBP_LEUKOCYTE_APOPTOTIC_PROCESS	go_bp	0	57	118	53	2920	1.000000e+00	1.000000e+00	
GOBP_REGULATION_OF_CYSTEINE_TYPE_ENDOPEPTIDASE_ACTIVITY_INVOLVED_IN_APOPTOTIC_PROCESS	go_bp	0	57	160	53	2920	1.000000e+00	1.000000e+00	
GOBP_ANIMAL_ORGAN_FORMATION	go_bp	0	15	69	53	2920	1.000000e+00	1.000000e+00	
GOBP_BASEMENT_MEMBRANE_ORGANIZATION	go_bp	0	15	38	53	2920	1.000000e+00	1.000000e+00	
GOBP_B_CELL_HOMEOSTASIS	go_bp	0	15	34	53	2920	1.000000e+00	1.000000e+00	
GOBP_CALCIUM_DEPENDENT_CELL_CELL_ADHESION_VIA_PLASMA_MEMBRANE_CELL_ADHESION_MOLECULES	go_bp	0	15	47	53	2920	1.000000e+00	1.000000e+00	
GOBP_CAMP_MEDIATED_SIGNALING	go_bp	0	15	57	53	2920	1.000000e+00	1.000000e+00	
GOBP_CARDIAC_MUSCLE_TISSUE_MORPHOGENESIS	go_bp	0	15	61	53	2920	1.000000e+00	1.000000e+00	
GOBP_CATECHOL_CONTAINING_COMPOUND_METABOLIC_PROCESS	go_bp	0	15	56	53	2920	1.000000e+00	1.000000e+00	
GOBP_COLLAGEN_BIOSYNTHETIC_PROCESS	go_bp	0	15	48	53	2920	1.000000e+00	1.000000e+00	
GOBP_DEOXYRIBONUCLEOTIDE_METABOLIC_PROCESS	go_bp	0	15	42	53	2920	1.000000e+00	1.000000e+00	
GOBP_DNA_TEMPLATED_DNA_REPLICATION	go_bp	0	15	164	53	2920	1.000000e+00	1.000000e+00	
GOBP_EMBRYONIC_APPENDAGE_MORPHOGENESIS	go_bp	0	15	122	53	2920	1.000000e+00	1.000000e+00	
GOBP_EMBRYONIC_PATTERN_SPECIFICATION	go_bp	0	15	74	53	2920	1.000000e+00	1.000000e+00	
GOBP_EMBRYONIC_SKELETAL_SYSTEM_DEVELOPMENT	go_bp	0	15	128	53	2920	1.000000e+00	1.000000e+00	
GOBP_ENDOPLASMIC_RETICULUM_TO_GOLGI_VESICLE_MEDIATED_TRANSPORT	go_bp	0	15	139	53	2920	1.000000e+00	1.000000e+00	
GOBP_GLANDULAR_EPITHELIAL_CELL_DIFFERENTIATION	go_bp	0	15	72	53	2920	1.000000e+00	1.000000e+00	
GOBP_INTESTINAL_ABSORPTION	go_bp	0	15	41	53	2920	1.000000e+00	1.000000e+00	
GOBP_KETONE_BIOSYNTHETIC_PROCESS	go_bp	0	15	47	53	2920	1.000000e+00	1.000000e+00	
GOBP_LAMELLIPODIUM_ASSEMBLY	go_bp	0	15	72	53	2920	1.000000e+00	1.000000e+00	
GOBP_LOW_DENSITY_LIPOPROTEIN_PARTICLE_CLEARANCE	go_bp	0	15	34	53	2920	1.000000e+00	1.000000e+00	
GOBP_L_AMINO_ACID_BIOSYNTHETIC_PROCESS	go_bp	0	15	60	53	2920	1.000000e+00	1.000000e+00	
GOBP_MAINTENANCE_OF_BLOOD_BRAIN_BARRIER	go_bp	0	15	39	53	2920	1.000000e+00	1.000000e+00	
GOBP_MAINTENANCE_OF_PROTEIN_LOCATION_IN_CELL	go_bp	0	15	68	53	2920	1.000000e+00	1.000000e+00	
GOBP_MEIOSIS_I_CELL_CYCLE_PROCESS	go_bp	0	15	139	53	2920	1.000000e+00	1.000000e+00	
GOBP_MESENCHYME_MORPHOGENESIS	go_bp	0	15	61	53	2920	1.000000e+00	1.000000e+00	
GOBP_MESODERM_MORPHOGENESIS	go_bp	0	15	78	53	2920	1.000000e+00	1.000000e+00	
GOBP_METAPHASE_CHROMOSOME_ALIGNMENT	go_bp	0	15	103	53	2920	1.000000e+00	1.000000e+00	
GOBP_MIDBRAIN_DEVELOPMENT	go_bp	0	15	90	53	2920	1.000000e+00	1.000000e+00	
GOBP_NEGATIVE_REGULATION_OF_CANONICAL_NF_KAPPAB_SIGNAL_TRANSDUCTION	go_bp	0	15	66	53	2920	1.000000e+00	1.000000e+00	
GOBP_NEGATIVE_REGULATION_OF_CYTOPLASMIC_PATTERN_RECOGNITION_RECEPTOR_SIGNALING_PATHWAY	go_bp	0	15	55	53	2920	1.000000e+00	1.000000e+00	
GOBP_NEGATIVE_REGULATION_OF_FAT_CELL_DIFFERENTIATION	go_bp	0	15	62	53	2920	1.000000e+00	1.000000e+00	
GOBP_NEGATIVE_REGULATION_OF_MRNA_METABOLIC_PROCESS	go_bp	0	15	98	53	2920	1.000000e+00	1.000000e+00	
GOBP_NEGATIVE_REGULATION_OF_PROTEOLYSIS_INVOLVED_IN_PROTEIN_CATABOLIC_PROCESS	go_bp	0	15	71	53	2920	1.000000e+00	1.000000e+00	
GOBP_NEGATIVE_REGULATION_OF_SIGNAL_TRANSDUCTION_IN_ABSENCE_OF_LIGAND	go_bp	0	15	35	53	2920	1.000000e+00	1.000000e+00	
GOBP_NEUTROPHIL_MEDIATED_IMMUNITY	go_bp	0	15	38	53	2920	1.000000e+00	1.000000e+00	
GOBP_NUCLEOSIDE_METABOLIC_PROCESS	go_bp	0	15	57	53	2920	1.000000e+00	1.000000e+00	
GOBP_ORGAN_OR_TISSUE_SPECIFIC_IMMUNE_RESPONSE	go_bp	0	15	42	53	2920	1.000000e+00	1.000000e+00	
GOBP_OSTEOBLAST_PROLIFERATION	go_bp	0	15	37	53	2920	1.000000e+00	1.000000e+00	
GOBP_PANCREAS_DEVELOPMENT	go_bp	0	15	78	53	2920	1.000000e+00	1.000000e+00	
GOBP_PIGMENT_METABOLIC_PROCESS	go_bp	0	15	81	53	2920	1.000000e+00	1.000000e+00	
GOBP_POSITIVE_REGULATION_OF_CD4_POSITIVE_ALPHA_BETA_T_CELL_DIFFERENTIATION	go_bp	0	15	38	53	2920	1.000000e+00	1.000000e+00	
GOBP_POSITIVE_REGULATION_OF_EXTRACELLULAR_MATRIX_ORGANIZATION	go_bp	0	15	31	53	2920	1.000000e+00	1.000000e+00	
GOBP_POSITIVE_REGULATION_OF_FOCAL_ADHESION_ASSEMBLY	go_bp	0	15	26	53	2920	1.000000e+00	1.000000e+00	
GOBP_POSITIVE_REGULATION_OF_HUMORAL_IMMUNE_RESPONSE	go_bp	0	15	24	53	2920	1.000000e+00	1.000000e+00	
GOBP_POSITIVE_REGULATION_OF_INTERLEUKIN_4_PRODUCTION	go_bp	0	15	27	53	2920	1.000000e+00	1.000000e+00	
GOBP_POSITIVE_REGULATION_OF_INTRINSIC_APOPTOTIC_SIGNALING_PATHWAY	go_bp	0	15	64	53	2920	1.000000e+00	1.000000e+00	
GOBP_POSITIVE_REGULATION_OF_PROTEIN_BINDING	go_bp	0	15	51	53	2920	1.000000e+00	1.000000e+00	
GOBP_POSITIVE_REGULATION_OF_RELEASE_OF_SEQUESTERED_CALCIUM_ION_INTO_CYTOSOL	go_bp	0	15	42	53	2920	1.000000e+00	1.000000e+00	
GOBP_POSITIVE_REGULATION_OF_SMOOTH_MUSCLE_CELL_MIGRATION	go_bp	0	15	50	53	2920	1.000000e+00	1.000000e+00	
GOBP_POSTSYNAPTIC_SPECIALIZATION_ORGANIZATION	go_bp	0	15	47	53	2920	1.000000e+00	1.000000e+00	
GOBP_PROTEIN_TARGETING_TO_MITOCHONDRION	go_bp	0	15	106	53	2920	1.000000e+00	1.000000e+00	
GOBP_REGULATION_OF_ALCOHOL_BIOSYNTHETIC_PROCESS	go_bp	0	15	54	53	2920	1.000000e+00	1.000000e+00	
GOBP_REGULATION_OF_CELL_MIGRATION_INVOLVED_IN_SPROUTING_ANGIOGENESIS	go_bp	0	15	82	53	2920	1.000000e+00	1.000000e+00	
GOBP_REGULATION_OF_CHONDROCYTE_DIFFERENTIATION	go_bp	0	15	52	53	2920	1.000000e+00	1.000000e+00	
GOBP_REGULATION_OF_COMPLEMENT_ACTIVATION	go_bp	0	15	23	53	2920	1.000000e+00	1.000000e+00	
GOBP_REGULATION_OF_CYCLIN_DEPENDENT_PROTEIN_KINASE_ACTIVITY	go_bp	0	15	79	53	2920	1.000000e+00	1.000000e+00	
GOBP_REGULATION_OF_DEFENSE_RESPONSE_TO_VIRUS	go_bp	0	15	63	53	2920	1.000000e+00	1.000000e+00	
GOBP_REGULATION_OF_DOUBLE_STRAND_BREAK_REPAIR_VIA_HOMOLOGOUS_RECOMBINATION	go_bp	0	15	82	53	2920	1.000000e+00	1.000000e+00	
GOBP_REGULATION_OF_HOMOTYPIC_CELL_CELL_ADHESION	go_bp	0	15	36	53	2920	1.000000e+00	1.000000e+00	
GOBP_REGULATION_OF_LEUKOCYTE_ADHESION_TO_VASCULAR_ENDOTHELIAL_CELL	go_bp	0	15	41	53	2920	1.000000e+00	1.000000e+00	
GOBP_REGULATION_OF_MACROPHAGE_DERIVED_FOAM_CELL_DIFFERENTIATION	go_bp	0	15	33	53	2920	1.000000e+00	1.000000e+00	
GOBP_REGULATION_OF_OSTEOBLAST_PROLIFERATION	go_bp	0	15	31	53	2920	1.000000e+00	1.000000e+00	
GOBP_REGULATION_OF_RELEASE_OF_CYTOCHROME_C_FROM_MITOCHONDRIA	go_bp	0	15	44	53	2920	1.000000e+00	1.000000e+00	
GOBP_REGULATION_OF_TYPE_2_IMMUNE_RESPONSE	go_bp	0	15	34	53	2920	1.000000e+00	1.000000e+00	
GOBP_RESPONSE_TO_GAMMA_RADIATION	go_bp	0	15	52	53	2920	1.000000e+00	1.000000e+00	
GOBP_RRNA_METABOLIC_PROCESS	go_bp	0	15	265	53	2920	1.000000e+00	1.000000e+00	
GOBP_SUBSTRATE_DEPENDENT_CELL_MIGRATION	go_bp	0	15	26	53	2920	1.000000e+00	1.000000e+00	
GOBP_CARDIAC_CHAMBER_MORPHOGENESIS	go_bp	0	30	128	53	2920	1.000000e+00	1.000000e+00	
GOBP_CYTOSKELETON_DEPENDENT_INTRACELLULAR_TRANSPORT	go_bp	0	30	205	53	2920	1.000000e+00	1.000000e+00	
GOBP_FOCAL_ADHESION_ASSEMBLY	go_bp	0	30	85	53	2920	1.000000e+00	1.000000e+00	
GOBP_HEMATOPOIETIC_OR_LYMPHOID_ORGAN_DEVELOPMENT	go_bp	0	30	99	53	2920	1.000000e+00	1.000000e+00	
GOBP_INNATE_IMMUNE_RESPONSE_ACTIVATING_CELL_SURFACE_RECEPTOR_SIGNALING_PATHWAY	go_bp	0	30	102	53	2920	1.000000e+00	1.000000e+00	
GOBP_ORGANELLE_DISASSEMBLY	go_bp	0	30	186	53	2920	1.000000e+00	1.000000e+00	
GOBP_POSITIVE_REGULATION_OF_ALPHA_BETA_T_CELL_ACTIVATION	go_bp	0	30	75	53	2920	1.000000e+00	1.000000e+00	
GOBP_POSITIVE_REGULATION_OF_MITOTIC_CELL_CYCLE	go_bp	0	30	133	53	2920	1.000000e+00	1.000000e+00	
GOBP_RAS_PROTEIN_SIGNAL_TRANSDUCTION	go_bp	0	30	121	53	2920	1.000000e+00	1.000000e+00	
GOBP_REGULATION_OF_ACTIN_FILAMENT_BUNDLE_ASSEMBLY	go_bp	0	30	107	53	2920	1.000000e+00	1.000000e+00	
GOBP_REGULATION_OF_MACROPHAGE_ACTIVATION	go_bp	0	30	62	53	2920	1.000000e+00	1.000000e+00	
GOBP_TRANSLATIONAL_INITIATION	go_bp	0	30	124	53	2920	1.000000e+00	1.000000e+00	
GOBP_T_CELL_DIFFERENTIATION_IN_THYMUS	go_bp	0	30	88	53	2920	1.000000e+00	1.000000e+00	
GOBP_CHROMATIN_REMODELING	go_bp	0	60	688	53	2920	1.000000e+00	1.000000e+00	
GOBP_MAINTENANCE_OF_LOCATION_IN_CELL	go_bp	0	60	232	53	2920	1.000000e+00	1.000000e+00	
GOBP_MONOSACCHARIDE_METABOLIC_PROCESS	go_bp	0	60	254	53	2920	1.000000e+00	1.000000e+00	
GOBP_NEGATIVE_REGULATION_OF_IMMUNE_EFFECTOR_PROCESS	go_bp	0	60	124	53	2920	1.000000e+00	1.000000e+00	
GOBP_REGULATION_OF_TRANSLATION	go_bp	0	60	453	53	2920	1.000000e+00	1.000000e+00	
GOBP_AMINOGLYCAN_BIOSYNTHETIC_PROCESS	go_bp	0	16	76	53	2920	1.000000e+00	1.000000e+00	
GOBP_ANTIGEN_PROCESSING_AND_PRESENTATION_OF_EXOGENOUS_PEPTIDE_ANTIGEN	go_bp	0	16	41	53	2920	1.000000e+00	1.000000e+00	
GOBP_AORTIC_VALVE_MORPHOGENESIS	go_bp	0	16	39	53	2920	1.000000e+00	1.000000e+00	
GOBP_CARDIAC_MUSCLE_CELL_CONTRACTION	go_bp	0	16	85	53	2920	1.000000e+00	1.000000e+00	
GOBP_CELL_REDOX_HOMEOSTASIS	go_bp	0	16	41	53	2920	1.000000e+00	1.000000e+00	
GOBP_CHEMICAL_SYNAPTIC_TRANSMISSION_POSTSYNAPTIC	go_bp	0	16	115	53	2920	1.000000e+00	1.000000e+00	
GOBP_COLLAGEN_FIBRIL_ORGANIZATION	go_bp	0	16	67	53	2920	1.000000e+00	1.000000e+00	
GOBP_ENDOCARDIAL_CUSHION_DEVELOPMENT	go_bp	0	16	54	53	2920	1.000000e+00	1.000000e+00	
GOBP_ENDOPLASMIC_RETICULUM_UNFOLDED_PROTEIN_RESPONSE	go_bp	0	16	76	53	2920	1.000000e+00	1.000000e+00	
GOBP_EPHRIN_RECEPTOR_SIGNALING_PATHWAY	go_bp	0	16	51	53	2920	1.000000e+00	1.000000e+00	
GOBP_FEAR_RESPONSE	go_bp	0	16	50	53	2920	1.000000e+00	1.000000e+00	
GOBP_GLYCOSAMINOGLYCAN_CATABOLIC_PROCESS	go_bp	0	16	28	53	2920	1.000000e+00	1.000000e+00	
GOBP_HIPPOCAMPUS_DEVELOPMENT	go_bp	0	16	95	53	2920	1.000000e+00	1.000000e+00	
GOBP_MEGAKARYOCYTE_DIFFERENTIATION	go_bp	0	16	67	53	2920	1.000000e+00	1.000000e+00	
GOBP_MITOTIC_CYTOKINESIS	go_bp	0	16	91	53	2920	1.000000e+00	1.000000e+00	
GOBP_MODULATION_BY_HOST_OF_SYMBIONT_PROCESS	go_bp	0	16	87	53	2920	1.000000e+00	1.000000e+00	
GOBP_MONOATOMIC_ANION_TRANSPORT	go_bp	0	16	174	53	2920	1.000000e+00	1.000000e+00	
GOBP_MULTICELLULAR_ORGANISMAL_LEVEL_CHEMICAL_HOMEOSTASIS	go_bp	0	16	76	53	2920	1.000000e+00	1.000000e+00	
GOBP_NEGATIVE_REGULATION_OF_ANTIGEN_RECEPTOR_MEDIATED_SIGNALING_PATHWAY	go_bp	0	16	34	53	2920	1.000000e+00	1.000000e+00	
GOBP_NEGATIVE_REGULATION_OF_CYTOKINE_PRODUCTION_INVOLVED_IN_IMMUNE_RESPONSE	go_bp	0	16	35	53	2920	1.000000e+00	1.000000e+00	
GOBP_NEGATIVE_REGULATION_OF_EXOCYTOSIS	go_bp	0	16	36	53	2920	1.000000e+00	1.000000e+00	
GOBP_NEGATIVE_REGULATION_OF_INTERLEUKIN_1_PRODUCTION	go_bp	0	16	53	53	2920	1.000000e+00	1.000000e+00	
GOBP_NEGATIVE_REGULATION_OF_LIPID_LOCALIZATION	go_bp	0	16	65	53	2920	1.000000e+00	1.000000e+00	
GOBP_NEGATIVE_REGULATION_OF_MONONUCLEAR_CELL_MIGRATION	go_bp	0	16	36	53	2920	1.000000e+00	1.000000e+00	
GOBP_NEGATIVE_REGULATION_OF_MUSCLE_CELL_DIFFERENTIATION	go_bp	0	16	73	53	2920	1.000000e+00	1.000000e+00	
GOBP_NEGATIVE_REGULATION_OF_NF_KAPPAB_TRANSCRIPTION_FACTOR_ACTIVITY	go_bp	0	16	80	53	2920	1.000000e+00	1.000000e+00	
GOBP_NEGATIVE_REGULATION_OF_POST_TRANSLATIONAL_PROTEIN_MODIFICATION	go_bp	0	16	94	53	2920	1.000000e+00	1.000000e+00	
GOBP_NEGATIVE_REGULATION_OF_TRANSPORTER_ACTIVITY	go_bp	0	16	92	53	2920	1.000000e+00	1.000000e+00	
GOBP_NEGATIVE_REGULATION_OF_T_CELL_MEDIATED_IMMUNITY	go_bp	0	16	32	53	2920	1.000000e+00	1.000000e+00	
GOBP_NEURAL_RETINA_DEVELOPMENT	go_bp	0	16	82	53	2920	1.000000e+00	1.000000e+00	
GOBP_ONE_CARBON_METABOLIC_PROCESS	go_bp	0	16	40	53	2920	1.000000e+00	1.000000e+00	
GOBP_ORGANELLE_TRANSPORT_ALONG_MICROTUBULE	go_bp	0	16	91	53	2920	1.000000e+00	1.000000e+00	
GOBP_PHAGOCYTOSIS_RECOGNITION	go_bp	0	16	29	53	2920	1.000000e+00	1.000000e+00	
GOBP_POLYOL_BIOSYNTHETIC_PROCESS	go_bp	0	16	60	53	2920	1.000000e+00	1.000000e+00	
GOBP_POSITIVE_REGULATION_OF_ACTIN_FILAMENT_POLYMERIZATION	go_bp	0	16	52	53	2920	1.000000e+00	1.000000e+00	
GOBP_POSITIVE_REGULATION_OF_DOUBLE_STRAND_BREAK_REPAIR	go_bp	0	16	92	53	2920	1.000000e+00	1.000000e+00	
GOBP_POSITIVE_REGULATION_OF_NATURAL_KILLER_CELL_MEDIATED_CYTOTOXICITY	go_bp	0	16	29	53	2920	1.000000e+00	1.000000e+00	
GOBP_POSITIVE_REGULATION_OF_NATURAL_KILLER_CELL_MEDIATED_IMMUNITY	go_bp	0	16	35	53	2920	1.000000e+00	1.000000e+00	
GOBP_POSITIVE_REGULATION_OF_NUCLEOCYTOPLASMIC_TRANSPORT	go_bp	0	16	63	53	2920	1.000000e+00	1.000000e+00	
GOBP_POSITIVE_REGULATION_OF_PHOSPHOLIPASE_ACTIVITY	go_bp	0	16	41	53	2920	1.000000e+00	1.000000e+00	
GOBP_PROTEIN_DEUBIQUITINATION	go_bp	0	16	108	53	2920	1.000000e+00	1.000000e+00	
GOBP_PROTEIN_LOCALIZATION_TO_VACUOLE	go_bp	0	16	88	53	2920	1.000000e+00	1.000000e+00	
GOBP_PROTEIN_MODIFICATION_BY_SMALL_PROTEIN_REMOVAL	go_bp	0	16	128	53	2920	1.000000e+00	1.000000e+00	
GOBP_PROTEIN_O_LINKED_GLYCOSYLATION	go_bp	0	16	102	53	2920	1.000000e+00	1.000000e+00	
GOBP_REGULATION_OF_CALCIUM_ION_IMPORT	go_bp	0	16	48	53	2920	1.000000e+00	1.000000e+00	
GOBP_REGULATION_OF_CHROMOSOME_SEGREGATION	go_bp	0	16	132	53	2920	1.000000e+00	1.000000e+00	
GOBP_REGULATION_OF_LIPID_STORAGE	go_bp	0	16	54	53	2920	1.000000e+00	1.000000e+00	
GOBP_REGULATION_OF_MICROTUBULE_POLYMERIZATION	go_bp	0	16	61	53	2920	1.000000e+00	1.000000e+00	
GOBP_REGULATION_OF_MICROTUBULE_POLYMERIZATION_OR_DEPOLYMERIZATION	go_bp	0	16	96	53	2920	1.000000e+00	1.000000e+00	
GOBP_REGULATION_OF_MITOCHONDRIAL_MEMBRANE_PERMEABILITY	go_bp	0	16	57	53	2920	1.000000e+00	1.000000e+00	
GOBP_REGULATION_OF_MONOOXYGENASE_ACTIVITY	go_bp	0	16	40	53	2920	1.000000e+00	1.000000e+00	
GOBP_REGULATION_OF_NEURONAL_SYNAPTIC_PLASTICITY	go_bp	0	16	58	53	2920	1.000000e+00	1.000000e+00	
GOBP_REGULATION_OF_SMOOTH_MUSCLE_CELL_DIFFERENTIATION	go_bp	0	16	50	53	2920	1.000000e+00	1.000000e+00	
GOBP_REGULATION_OF_SPROUTING_ANGIOGENESIS	go_bp	0	16	67	53	2920	1.000000e+00	1.000000e+00	
GOBP_REGULATION_OF_TUMOR_NECROSIS_FACTOR_MEDIATED_SIGNALING_PATHWAY	go_bp	0	16	69	53	2920	1.000000e+00	1.000000e+00	
GOBP_REGULATION_OF_T_HELPER_1_TYPE_IMMUNE_RESPONSE	go_bp	0	16	31	53	2920	1.000000e+00	1.000000e+00	
GOBP_REGULATORY_T_CELL_DIFFERENTIATION	go_bp	0	16	41	53	2920	1.000000e+00	1.000000e+00	
GOBP_RESPONSE_TO_CADMIUM_ION	go_bp	0	16	61	53	2920	1.000000e+00	1.000000e+00	
GOBP_RIBONUCLEOSIDE_MONOPHOSPHATE_METABOLIC_PROCESS	go_bp	0	16	60	53	2920	1.000000e+00	1.000000e+00	
GOBP_SCHWANN_CELL_DIFFERENTIATION	go_bp	0	16	49	53	2920	1.000000e+00	1.000000e+00	
GOBP_T_HELPER_17_TYPE_IMMUNE_RESPONSE	go_bp	0	16	49	53	2920	1.000000e+00	1.000000e+00	
GOBP_BONE_MORPHOGENESIS	go_bp	0	25	100	53	2920	1.000000e+00	1.000000e+00	
GOBP_CAMERA_TYPE_EYE_MORPHOGENESIS	go_bp	0	25	134	53	2920	1.000000e+00	1.000000e+00	
GOBP_CD4_POSITIVE_ALPHA_BETA_T_CELL_DIFFERENTIATION	go_bp	0	25	96	53	2920	1.000000e+00	1.000000e+00	
GOBP_CHAPERONE_MEDIATED_PROTEIN_FOLDING	go_bp	0	25	76	53	2920	1.000000e+00	1.000000e+00	
GOBP_ENDOTHELIAL_CELL_DEVELOPMENT	go_bp	0	25	69	53	2920	1.000000e+00	1.000000e+00	
GOBP_GRANULOCYTE_ACTIVATION	go_bp	0	25	50	53	2920	1.000000e+00	1.000000e+00	
GOBP_LIPOPROTEIN_METABOLIC_PROCESS	go_bp	0	25	140	53	2920	1.000000e+00	1.000000e+00	
GOBP_LYMPHOCYTE_COSTIMULATION	go_bp	0	25	49	53	2920	1.000000e+00	1.000000e+00	
GOBP_MEMBRANE_INVAGINATION	go_bp	0	25	66	53	2920	1.000000e+00	1.000000e+00	
GOBP_MITOCHONDRIAL_MEMBRANE_ORGANIZATION	go_bp	0	25	119	53	2920	1.000000e+00	1.000000e+00	
GOBP_MONOCARBOXYLIC_ACID_CATABOLIC_PROCESS	go_bp	0	25	132	53	2920	1.000000e+00	1.000000e+00	
GOBP_NEGATIVE_REGULATION_OF_AUTOPHAGY	go_bp	0	25	94	53	2920	1.000000e+00	1.000000e+00	
GOBP_NEGATIVE_REGULATION_OF_CYSTEINE_TYPE_ENDOPEPTIDASE_ACTIVITY	go_bp	0	25	62	53	2920	1.000000e+00	1.000000e+00	
GOBP_NEGATIVE_REGULATION_OF_DNA_BINDING_TRANSCRIPTION_FACTOR_ACTIVITY	go_bp	0	25	153	53	2920	1.000000e+00	1.000000e+00	
GOBP_NEGATIVE_REGULATION_OF_TRANSLATION	go_bp	0	25	209	53	2920	1.000000e+00	1.000000e+00	
GOBP_NUCLEOSIDE_DIPHOSPHATE_CATABOLIC_PROCESS	go_bp	0	25	104	53	2920	1.000000e+00	1.000000e+00	
GOBP_POLYOL_METABOLIC_PROCESS	go_bp	0	25	107	53	2920	1.000000e+00	1.000000e+00	
GOBP_POSITIVE_REGULATION_OF_CELL_CYCLE_PHASE_TRANSITION	go_bp	0	25	120	53	2920	1.000000e+00	1.000000e+00	
GOBP_POSITIVE_REGULATION_OF_T_CELL_MEDIATED_IMMUNITY	go_bp	0	25	70	53	2920	1.000000e+00	1.000000e+00	
GOBP_REGULATION_OF_DNA_BIOSYNTHETIC_PROCESS	go_bp	0	25	118	53	2920	1.000000e+00	1.000000e+00	
GOBP_REGULATION_OF_GLUCOSE_METABOLIC_PROCESS	go_bp	0	25	102	53	2920	1.000000e+00	1.000000e+00	
GOBP_RESPONSE_TO_ESTROGEN	go_bp	0	25	71	53	2920	1.000000e+00	1.000000e+00	
GOBP_SENSORY_PERCEPTION_OF_LIGHT_STIMULUS	go_bp	0	25	223	53	2920	1.000000e+00	1.000000e+00	
GOBP_STRIATED_MUSCLE_CELL_PROLIFERATION	go_bp	0	25	84	53	2920	1.000000e+00	1.000000e+00	
GOBP_TOR_SIGNALING	go_bp	0	25	169	53	2920	1.000000e+00	1.000000e+00	
GOBP_TRIGLYCERIDE_METABOLIC_PROCESS	go_bp	0	25	109	53	2920	1.000000e+00	1.000000e+00	
GOBP_ACUTE_PHASE_RESPONSE	go_bp	0	28	47	53	2920	1.000000e+00	1.000000e+00	
GOBP_DEFENSE_RESPONSE_TO_GRAM_NEGATIVE_BACTERIUM	go_bp	0	28	99	53	2920	1.000000e+00	1.000000e+00	
GOBP_MACROPHAGE_DIFFERENTIATION	go_bp	0	28	65	53	2920	1.000000e+00	1.000000e+00	
GOBP_METENCEPHALON_DEVELOPMENT	go_bp	0	28	116	53	2920	1.000000e+00	1.000000e+00	
GOBP_MITOCHONDRIAL_TRANSPORT	go_bp	0	28	183	53	2920	1.000000e+00	1.000000e+00	
GOBP_MUCOPOLYSACCHARIDE_METABOLIC_PROCESS	go_bp	0	28	91	53	2920	1.000000e+00	1.000000e+00	
GOBP_MYELOID_CELL_DEVELOPMENT	go_bp	0	28	90	53	2920	1.000000e+00	1.000000e+00	
GOBP_MYOBLAST_DIFFERENTIATION	go_bp	0	28	113	53	2920	1.000000e+00	1.000000e+00	
GOBP_NEGATIVE_REGULATION_OF_INNATE_IMMUNE_RESPONSE	go_bp	0	28	90	53	2920	1.000000e+00	1.000000e+00	
GOBP_NEGATIVE_REGULATION_OF_LEUKOCYTE_APOPTOTIC_PROCESS	go_bp	0	28	56	53	2920	1.000000e+00	1.000000e+00	
GOBP_NEGATIVE_REGULATION_OF_RESPONSE_TO_CYTOKINE_STIMULUS	go_bp	0	28	105	53	2920	1.000000e+00	1.000000e+00	
GOBP_NEGATIVE_REGULATION_OF_SMALL_MOLECULE_METABOLIC_PROCESS	go_bp	0	28	114	53	2920	1.000000e+00	1.000000e+00	
GOBP_NEGATIVE_REGULATION_OF_TUMOR_NECROSIS_FACTOR_SUPERFAMILY_CYTOKINE_PRODUCTION	go_bp	0	28	80	53	2920	1.000000e+00	1.000000e+00	
GOBP_OVULATION_CYCLE_PROCESS	go_bp	0	28	50	53	2920	1.000000e+00	1.000000e+00	
GOBP_PHENOL_CONTAINING_COMPOUND_METABOLIC_PROCESS	go_bp	0	28	115	53	2920	1.000000e+00	1.000000e+00	
GOBP_POSITIVE_REGULATION_OF_CELL_MATRIX_ADHESION	go_bp	0	28	56	53	2920	1.000000e+00	1.000000e+00	
GOBP_REGULATION_OF_CARBOHYDRATE_BIOSYNTHETIC_PROCESS	go_bp	0	28	101	53	2920	1.000000e+00	1.000000e+00	
GOBP_REGULATION_OF_GENERATION_OF_PRECURSOR_METABOLITES_AND_ENERGY	go_bp	0	28	140	53	2920	1.000000e+00	1.000000e+00	
GOBP_STEROL_HOMEOSTASIS	go_bp	0	28	103	53	2920	1.000000e+00	1.000000e+00	
GOBP_VIRAL_GENOME_REPLICATION	go_bp	0	28	130	53	2920	1.000000e+00	1.000000e+00	
GOBP_NEGATIVE_REGULATION_OF_APOPTOTIC_SIGNALING_PATHWAY	go_bp	0	69	244	53	2920	1.000000e+00	1.000000e+00	
GOBP_PROTEIN_FOLDING	go_bp	0	69	227	53	2920	1.000000e+00	1.000000e+00	
GOBP_RESPONSE_TO_INSULIN	go_bp	0	69	277	53	2920	1.000000e+00	1.000000e+00	
GOBP_RESPONSE_TO_TOXIC_SUBSTANCE	go_bp	0	69	266	53	2920	1.000000e+00	1.000000e+00	
GOBP_2FE_2S_CLUSTER_ASSEMBLY	go_bp	0	3	11	53	2920	1.000000e+00	1.000000e+00	
GOBP_3_PHOSPHOADENOSINE_5_PHOSPHOSULFATE_METABOLIC_PROCESS	go_bp	0	3	17	53	2920	1.000000e+00	1.000000e+00	
GOBP_ABSCISSION	go_bp	0	3	6	53	2920	1.000000e+00	1.000000e+00	
GOBP_ACETATE_ESTER_METABOLIC_PROCESS	go_bp	0	3	6	53	2920	1.000000e+00	1.000000e+00	
GOBP_ACTIN_MYOSIN_FILAMENT_SLIDING	go_bp	0	3	16	53	2920	1.000000e+00	1.000000e+00	
GOBP_ACTIVATION_INDUCED_CELL_DEATH_OF_T_CELLS	go_bp	0	3	9	53	2920	1.000000e+00	1.000000e+00	
GOBP_ACTIVATION_OF_ADENYLATE_CYCLASE_ACTIVITY	go_bp	0	3	24	53	2920	1.000000e+00	1.000000e+00	
GOBP_ACTIVATION_OF_CYSTEINE_TYPE_ENDOPEPTIDASE_ACTIVITY	go_bp	0	3	13	53	2920	1.000000e+00	1.000000e+00	
GOBP_ACTIVATION_OF_CYSTEINE_TYPE_ENDOPEPTIDASE_ACTIVITY_INVOLVED_IN_APOPTOTIC_PROCESS_BY_CYTOCHROME_C	go_bp	0	3	5	53	2920	1.000000e+00	1.000000e+00	
GOBP_ACTIVATION_OF_PROTEIN_KINASE_C_ACTIVITY	go_bp	0	3	5	53	2920	1.000000e+00	1.000000e+00	
GOBP_ACYLGLYCEROL_TRANSPORT	go_bp	0	3	8	53	2920	1.000000e+00	1.000000e+00	
GOBP_ADENOHYPOPHYSIS_DEVELOPMENT	go_bp	0	3	16	53	2920	1.000000e+00	1.000000e+00	
GOBP_AGGREPHAGY	go_bp	0	3	18	53	2920	1.000000e+00	1.000000e+00	
GOBP_ALLANTOIN_METABOLIC_PROCESS	go_bp	0	3	9	53	2920	1.000000e+00	1.000000e+00	
GOBP_AMINOGLYCOSIDE_ANTIBIOTIC_METABOLIC_PROCESS	go_bp	0	3	10	53	2920	1.000000e+00	1.000000e+00	
GOBP_AMINO_ACID_SALVAGE	go_bp	0	3	7	53	2920	1.000000e+00	1.000000e+00	
GOBP_ANATOMICAL_STRUCTURE_REGRESSION	go_bp	0	3	15	53	2920	1.000000e+00	1.000000e+00	
GOBP_ANTIGEN_PROCESSING_AND_PRESENTATION_OF_EXOGENOUS_PEPTIDE_ANTIGEN_VIA_MHC_CLASS_I	go_bp	0	3	9	53	2920	1.000000e+00	1.000000e+00	
GOBP_APOPTOTIC_PROCESS_INVOLVED_IN_HEART_MORPHOGENESIS	go_bp	0	3	7	53	2920	1.000000e+00	1.000000e+00	
GOBP_APOPTOTIC_PROCESS_IN_BONE_MARROW_CELL	go_bp	0	3	6	53	2920	1.000000e+00	1.000000e+00	
GOBP_ARF_PROTEIN_SIGNAL_TRANSDUCTION	go_bp	0	3	22	53	2920	1.000000e+00	1.000000e+00	
GOBP_ASPARAGINE_METABOLIC_PROCESS	go_bp	0	3	5	53	2920	1.000000e+00	1.000000e+00	
GOBP_ASPARTATE_FAMILY_AMINO_ACID_CATABOLIC_PROCESS	go_bp	0	3	13	53	2920	1.000000e+00	1.000000e+00	
GOBP_ASTRAL_MICROTUBULE_ORGANIZATION	go_bp	0	3	10	53	2920	1.000000e+00	1.000000e+00	
GOBP_ASTROCYTE_CELL_MIGRATION	go_bp	0	3	9	53	2920	1.000000e+00	1.000000e+00	
GOBP_ASYMMETRIC_CELL_DIVISION	go_bp	0	3	19	53	2920	1.000000e+00	1.000000e+00	
GOBP_ATRIAL_CARDIAC_MUSCLE_CELL_TO_AV_NODE_CELL_COMMUNICATION	go_bp	0	3	19	53	2920	1.000000e+00	1.000000e+00	
GOBP_ATRIAL_CARDIAC_MUSCLE_TISSUE_DEVELOPMENT	go_bp	0	3	22	53	2920	1.000000e+00	1.000000e+00	
GOBP_ATRIAL_SEPTUM_MORPHOGENESIS	go_bp	0	3	15	53	2920	1.000000e+00	1.000000e+00	
GOBP_ATTACHMENT_OF_MITOTIC_SPINDLE_MICROTUBULES_TO_KINETOCHORE	go_bp	0	3	25	53	2920	1.000000e+00	1.000000e+00	
GOBP_AUTOPHAGIC_CELL_DEATH	go_bp	0	3	9	53	2920	1.000000e+00	1.000000e+00	
GOBP_AV_NODE_CELL_TO_BUNDLE_OF_HIS_CELL_COMMUNICATION	go_bp	0	3	14	53	2920	1.000000e+00	1.000000e+00	
GOBP_AV_NODE_CELL_TO_BUNDLE_OF_HIS_CELL_SIGNALING	go_bp	0	3	11	53	2920	1.000000e+00	1.000000e+00	
GOBP_AXIAL_MESODERM_DEVELOPMENT	go_bp	0	3	9	53	2920	1.000000e+00	1.000000e+00	
GOBP_AXON_CHOICE_POINT_RECOGNITION	go_bp	0	3	7	53	2920	1.000000e+00	1.000000e+00	
GOBP_AXON_MIDLINE_CHOICE_POINT_RECOGNITION	go_bp	0	3	5	53	2920	1.000000e+00	1.000000e+00	
GOBP_BASE_EXCISION_REPAIR_GAP_FILLING	go_bp	0	3	14	53	2920	1.000000e+00	1.000000e+00	
GOBP_BEHAVIORAL_RESPONSE_TO_ETHANOL	go_bp	0	3	9	53	2920	1.000000e+00	1.000000e+00	
GOBP_BEHAVIORAL_RESPONSE_TO_PAIN	go_bp	0	3	19	53	2920	1.000000e+00	1.000000e+00	
GOBP_BILE_ACID_AND_BILE_SALT_TRANSPORT	go_bp	0	3	30	53	2920	1.000000e+00	1.000000e+00	
GOBP_BILE_ACID_SECRETION	go_bp	0	3	12	53	2920	1.000000e+00	1.000000e+00	
GOBP_BLASTOCYST_GROWTH	go_bp	0	3	22	53	2920	1.000000e+00	1.000000e+00	
GOBP_BLOOD_VESSEL_MATURATION	go_bp	0	3	8	53	2920	1.000000e+00	1.000000e+00	
GOBP_BONE_MINERALIZATION_INVOLVED_IN_BONE_MATURATION	go_bp	0	3	13	53	2920	1.000000e+00	1.000000e+00	
GOBP_BRAIN_DERIVED_NEUROTROPHIC_FACTOR_RECEPTOR_SIGNALING_PATHWAY	go_bp	0	3	6	53	2920	1.000000e+00	1.000000e+00	
GOBP_BRONCHIOLE_DEVELOPMENT	go_bp	0	3	6	53	2920	1.000000e+00	1.000000e+00	
GOBP_B_CELL_LINEAGE_COMMITMENT	go_bp	0	3	6	53	2920	1.000000e+00	1.000000e+00	
GOBP_CAMP_METABOLIC_PROCESS	go_bp	0	3	23	53	2920	1.000000e+00	1.000000e+00	
GOBP_CARDIAC_LEFT_VENTRICLE_MORPHOGENESIS	go_bp	0	3	16	53	2920	1.000000e+00	1.000000e+00	
GOBP_CARDIAC_MUSCLE_CELL_CARDIAC_MUSCLE_CELL_ADHESION	go_bp	0	3	7	53	2920	1.000000e+00	1.000000e+00	
GOBP_CARDIAC_MUSCLE_CELL_MYOBLAST_DIFFERENTIATION	go_bp	0	3	12	53	2920	1.000000e+00	1.000000e+00	
GOBP_CARDIAC_MUSCLE_TISSUE_REGENERATION	go_bp	0	3	8	53	2920	1.000000e+00	1.000000e+00	
GOBP_CATECHOLAMINE_UPTAKE	go_bp	0	3	18	53	2920	1.000000e+00	1.000000e+00	
GOBP_CATECHOLAMINE_UPTAKE_INVOLVED_IN_SYNAPTIC_TRANSMISSION	go_bp	0	3	12	53	2920	1.000000e+00	1.000000e+00	
GOBP_CD8_POSITIVE_ALPHA_BETA_T_CELL_DIFFERENTIATION	go_bp	0	3	15	53	2920	1.000000e+00	1.000000e+00	
GOBP_CELLULAR_RESPONSE_TO_ALDOSTERONE	go_bp	0	3	8	53	2920	1.000000e+00	1.000000e+00	
GOBP_CELLULAR_RESPONSE_TO_ANTIBIOTIC	go_bp	0	3	12	53	2920	1.000000e+00	1.000000e+00	
GOBP_CELLULAR_RESPONSE_TO_CHOLESTEROL	go_bp	0	3	20	53	2920	1.000000e+00	1.000000e+00	
GOBP_CELLULAR_RESPONSE_TO_COLD	go_bp	0	3	13	53	2920	1.000000e+00	1.000000e+00	
GOBP_CELLULAR_RESPONSE_TO_COPPER_ION	go_bp	0	3	25	53	2920	1.000000e+00	1.000000e+00	
GOBP_CELLULAR_RESPONSE_TO_ELECTRICAL_STIMULUS	go_bp	0	3	12	53	2920	1.000000e+00	1.000000e+00	
GOBP_CELLULAR_RESPONSE_TO_ETHANOL	go_bp	0	3	14	53	2920	1.000000e+00	1.000000e+00	
GOBP_CELLULAR_RESPONSE_TO_INCREASED_OXYGEN_LEVELS	go_bp	0	3	12	53	2920	1.000000e+00	1.000000e+00	
GOBP_CELLULAR_RESPONSE_TO_INSULIN_LIKE_GROWTH_FACTOR_STIMULUS	go_bp	0	3	9	53	2920	1.000000e+00	1.000000e+00	
GOBP_CELLULAR_RESPONSE_TO_MANGANESE_ION	go_bp	0	3	10	53	2920	1.000000e+00	1.000000e+00	
GOBP_CELLULAR_RESPONSE_TO_NICOTINE	go_bp	0	3	9	53	2920	1.000000e+00	1.000000e+00	
GOBP_CELLULAR_RESPONSE_TO_PARATHYROID_HORMONE_STIMULUS	go_bp	0	3	10	53	2920	1.000000e+00	1.000000e+00	
GOBP_CELLULAR_RESPONSE_TO_PEPTIDE	go_bp	0	3	13	53	2920	1.000000e+00	1.000000e+00	
GOBP_CELLULAR_RESPONSE_TO_STEROL	go_bp	0	3	25	53	2920	1.000000e+00	1.000000e+00	
GOBP_CELL_PROLIFERATION_IN_BONE_MARROW	go_bp	0	3	11	53	2920	1.000000e+00	1.000000e+00	
GOBP_CELL_VOLUME_HOMEOSTASIS	go_bp	0	3	35	53	2920	1.000000e+00	1.000000e+00	
GOBP_CENTROSOME_SEPARATION	go_bp	0	3	16	53	2920	1.000000e+00	1.000000e+00	
GOBP_CERAMIDE_TRANSPORT	go_bp	0	3	17	53	2920	1.000000e+00	1.000000e+00	
GOBP_CEREBELLAR_GRANULAR_LAYER_FORMATION	go_bp	0	3	7	53	2920	1.000000e+00	1.000000e+00	
GOBP_CEREBELLAR_PURKINJE_CELL_LAYER_MORPHOGENESIS	go_bp	0	3	19	53	2920	1.000000e+00	1.000000e+00	
GOBP_CHEMOKINE_C_X_C_MOTIF_LIGAND_1_PRODUCTION	go_bp	0	3	6	53	2920	1.000000e+00	1.000000e+00	
GOBP_CHITIN_METABOLIC_PROCESS	go_bp	0	3	6	53	2920	1.000000e+00	1.000000e+00	
GOBP_CHOLESTEROL_CATABOLIC_PROCESS	go_bp	0	3	9	53	2920	1.000000e+00	1.000000e+00	
GOBP_CHONDROITIN_SULFATE_METABOLIC_PROCESS	go_bp	0	3	26	53	2920	1.000000e+00	1.000000e+00	
GOBP_CHONDROITIN_SULFATE_PROTEOGLYCAN_BIOSYNTHETIC_PROCESS	go_bp	0	3	24	53	2920	1.000000e+00	1.000000e+00	
GOBP_CITRULLINE_METABOLIC_PROCESS	go_bp	0	3	8	53	2920	1.000000e+00	1.000000e+00	
GOBP_COBALT_ION_TRANSPORT	go_bp	0	3	8	53	2920	1.000000e+00	1.000000e+00	
GOBP_COMMON_MYELOID_PROGENITOR_CELL_PROLIFERATION	go_bp	0	3	9	53	2920	1.000000e+00	1.000000e+00	
GOBP_CORPUS_CALLOSUM_DEVELOPMENT	go_bp	0	3	26	53	2920	1.000000e+00	1.000000e+00	
GOBP_CORTICOSTERONE_SECRETION	go_bp	0	3	6	53	2920	1.000000e+00	1.000000e+00	
GOBP_CORTISOL_BIOSYNTHETIC_PROCESS	go_bp	0	3	10	53	2920	1.000000e+00	1.000000e+00	
GOBP_CORTISOL_METABOLIC_PROCESS	go_bp	0	3	12	53	2920	1.000000e+00	1.000000e+00	
GOBP_CORTISOL_SECRETION	go_bp	0	3	5	53	2920	1.000000e+00	1.000000e+00	
GOBP_CYCLIC_NUCLEOTIDE_CATABOLIC_PROCESS	go_bp	0	3	14	53	2920	1.000000e+00	1.000000e+00	
GOBP_C_TERMINAL_PROTEIN_AMINO_ACID_MODIFICATION	go_bp	0	3	17	53	2920	1.000000e+00	1.000000e+00	
GOBP_C_X_C_CHEMOKINE_RECEPTOR_CXCR4_SIGNALING_PATHWAY	go_bp	0	3	6	53	2920	1.000000e+00	1.000000e+00	
GOBP_DEFENSE_RESPONSE_TO_TUMOR_CELL	go_bp	0	3	13	53	2920	1.000000e+00	1.000000e+00	
GOBP_DEMETHYLATION	go_bp	0	3	42	53	2920	1.000000e+00	1.000000e+00	
GOBP_DENTATE_GYRUS_DEVELOPMENT	go_bp	0	3	24	53	2920	1.000000e+00	1.000000e+00	
GOBP_DEOXYRIBONUCLEOSIDE_METABOLIC_PROCESS	go_bp	0	3	11	53	2920	1.000000e+00	1.000000e+00	
GOBP_DEOXYRIBONUCLEOSIDE_MONOPHOSPHATE_BIOSYNTHETIC_PROCESS	go_bp	0	3	8	53	2920	1.000000e+00	1.000000e+00	
GOBP_DERMATAN_SULFATE_PROTEOGLYCAN_METABOLIC_PROCESS	go_bp	0	3	12	53	2920	1.000000e+00	1.000000e+00	
GOBP_DETECTION_OF_LIGHT_STIMULUS	go_bp	0	3	67	53	2920	1.000000e+00	1.000000e+00	
GOBP_DETECTION_OF_MECHANICAL_STIMULUS_INVOLVED_IN_SENSORY_PERCEPTION_OF_PAIN	go_bp	0	3	15	53	2920	1.000000e+00	1.000000e+00	
GOBP_DETECTION_OF_MUSCLE_STRETCH	go_bp	0	3	7	53	2920	1.000000e+00	1.000000e+00	
GOBP_DGMP_METABOLIC_PROCESS	go_bp	0	3	6	53	2920	1.000000e+00	1.000000e+00	
GOBP_DIAPEDESIS	go_bp	0	3	7	53	2920	1.000000e+00	1.000000e+00	
GOBP_DICARBOXYLIC_ACID_CATABOLIC_PROCESS	go_bp	0	3	18	53	2920	1.000000e+00	1.000000e+00	
GOBP_DIRECT_OSSIFICATION	go_bp	0	3	7	53	2920	1.000000e+00	1.000000e+00	
GOBP_DNA_DAMAGE_RESPONSE_SIGNAL_TRANSDUCTION_RESULTING_IN_TRANSCRIPTION	go_bp	0	3	16	53	2920	1.000000e+00	1.000000e+00	
GOBP_DNA_LIGATION	go_bp	0	3	16	53	2920	1.000000e+00	1.000000e+00	
GOBP_DNA_PROTECTION	go_bp	0	3	7	53	2920	1.000000e+00	1.000000e+00	
GOBP_DNA_TEMPLATED_TRANSCRIPTION_TERMINATION	go_bp	0	3	30	53	2920	1.000000e+00	1.000000e+00	
GOBP_DNA_TOPOLOGICAL_CHANGE	go_bp	0	3	9	53	2920	1.000000e+00	1.000000e+00	
GOBP_DORSAL_AORTA_MORPHOGENESIS	go_bp	0	3	8	53	2920	1.000000e+00	1.000000e+00	
GOBP_DORSAL_ROOT_GANGLION_DEVELOPMENT	go_bp	0	3	7	53	2920	1.000000e+00	1.000000e+00	
GOBP_DORSAL_SPINAL_CORD_DEVELOPMENT	go_bp	0	3	20	53	2920	1.000000e+00	1.000000e+00	
GOBP_DORSAL_VENTRAL_AXIS_SPECIFICATION	go_bp	0	3	14	53	2920	1.000000e+00	1.000000e+00	
GOBP_DUMP_METABOLIC_PROCESS	go_bp	0	3	7	53	2920	1.000000e+00	1.000000e+00	
GOBP_ECTODERMAL_CELL_DIFFERENTIATION	go_bp	0	3	7	53	2920	1.000000e+00	1.000000e+00	
GOBP_ELASTIC_FIBER_ASSEMBLY	go_bp	0	3	10	53	2920	1.000000e+00	1.000000e+00	
GOBP_ELASTIN_CATABOLIC_PROCESS	go_bp	0	3	5	53	2920	1.000000e+00	1.000000e+00	
GOBP_EMBRYONIC_SKELETAL_JOINT_MORPHOGENESIS	go_bp	0	3	11	53	2920	1.000000e+00	1.000000e+00	
GOBP_ENDOCARDIAL_CUSHION_TO_MESENCHYMAL_TRANSITION	go_bp	0	3	6	53	2920	1.000000e+00	1.000000e+00	
GOBP_ENDOCARDIUM_DEVELOPMENT	go_bp	0	3	12	53	2920	1.000000e+00	1.000000e+00	
GOBP_ENDODERMAL_CELL_FATE_COMMITMENT	go_bp	0	3	15	53	2920	1.000000e+00	1.000000e+00	
GOBP_ENDOPLASMIC_RETICULUM_TUBULAR_NETWORK_ORGANIZATION	go_bp	0	3	21	53	2920	1.000000e+00	1.000000e+00	
GOBP_ENDOSOME_TO_LYSOSOME_TRANSPORT_VIA_MULTIVESICULAR_BODY_SORTING_PATHWAY	go_bp	0	3	17	53	2920	1.000000e+00	1.000000e+00	
GOBP_ENDOTHELIAL_CELL_ACTIVATION	go_bp	0	3	11	53	2920	1.000000e+00	1.000000e+00	
GOBP_ENTERIC_NERVOUS_SYSTEM_DEVELOPMENT	go_bp	0	3	12	53	2920	1.000000e+00	1.000000e+00	
GOBP_ENTRY_OF_BACTERIUM_INTO_HOST_CELL	go_bp	0	3	9	53	2920	1.000000e+00	1.000000e+00	
GOBP_ENUCLEATE_ERYTHROCYTE_DIFFERENTIATION	go_bp	0	3	14	53	2920	1.000000e+00	1.000000e+00	
GOBP_EOSINOPHIL_DIFFERENTIATION	go_bp	0	3	7	53	2920	1.000000e+00	1.000000e+00	
GOBP_EPITHELIAL_CELL_FATE_COMMITMENT	go_bp	0	3	15	53	2920	1.000000e+00	1.000000e+00	
GOBP_EPITHELIAL_CELL_PROLIFERATION_INVOLVED_IN_SALIVARY_GLAND_MORPHOGENESIS	go_bp	0	3	5	53	2920	1.000000e+00	1.000000e+00	
GOBP_EPITHELIAL_MESENCHYMAL_CELL_SIGNALING	go_bp	0	3	5	53	2920	1.000000e+00	1.000000e+00	
GOBP_ERBB4_ERBB4_SIGNALING_PATHWAY	go_bp	0	3	6	53	2920	1.000000e+00	1.000000e+00	
GOBP_ESTABLISHMENT_OF_BLOOD_BRAIN_BARRIER	go_bp	0	3	16	53	2920	1.000000e+00	1.000000e+00	
GOBP_ESTABLISHMENT_OF_PLANAR_POLARITY_INVOLVED_IN_NEURAL_TUBE_CLOSURE	go_bp	0	3	12	53	2920	1.000000e+00	1.000000e+00	
GOBP_ESTABLISHMENT_OF_PLANAR_POLARITY_OF_EMBRYONIC_EPITHELIUM	go_bp	0	3	15	53	2920	1.000000e+00	1.000000e+00	
GOBP_ESTABLISHMENT_OF_SKIN_BARRIER	go_bp	0	3	34	53	2920	1.000000e+00	1.000000e+00	
GOBP_FACULTATIVE_HETEROCHROMATIN_FORMATION	go_bp	0	3	47	53	2920	1.000000e+00	1.000000e+00	
GOBP_FATTY_ACID_BETA_OXIDATION_USING_ACYL_COA_OXIDASE	go_bp	0	3	12	53	2920	1.000000e+00	1.000000e+00	
GOBP_FATTY_ACID_TRANSMEMBRANE_TRANSPORT	go_bp	0	3	20	53	2920	1.000000e+00	1.000000e+00	
GOBP_FEMALE_MEIOTIC_NUCLEAR_DIVISION	go_bp	0	3	39	53	2920	1.000000e+00	1.000000e+00	
GOBP_FIBROBLAST_GROWTH_FACTOR_PRODUCTION	go_bp	0	3	10	53	2920	1.000000e+00	1.000000e+00	
GOBP_FOLIC_ACID_METABOLIC_PROCESS	go_bp	0	3	15	53	2920	1.000000e+00	1.000000e+00	
GOBP_FOLLICLE_STIMULATING_HORMONE_SECRETION	go_bp	0	3	8	53	2920	1.000000e+00	1.000000e+00	
GOBP_FORMATION_OF_EXTRACHROMOSOMAL_CIRCULAR_DNA	go_bp	0	3	15	53	2920	1.000000e+00	1.000000e+00	
GOBP_FORMATION_OF_TRANSLATION_PREINITIATION_COMPLEX	go_bp	0	3	9	53	2920	1.000000e+00	1.000000e+00	
GOBP_FUCOSYLATION	go_bp	0	3	17	53	2920	1.000000e+00	1.000000e+00	
GOBP_FUSED_ANTRUM_STAGE	go_bp	0	3	6	53	2920	1.000000e+00	1.000000e+00	
GOBP_GAMMA_AMINOBUTYRIC_ACID_BIOSYNTHETIC_PROCESS	go_bp	0	3	6	53	2920	1.000000e+00	1.000000e+00	
GOBP_GAMMA_DELTA_T_CELL_DIFFERENTIATION	go_bp	0	3	13	53	2920	1.000000e+00	1.000000e+00	
GOBP_GANGLIOSIDE_METABOLIC_PROCESS	go_bp	0	3	28	53	2920	1.000000e+00	1.000000e+00	
GOBP_GASTRIC_MOTILITY	go_bp	0	3	5	53	2920	1.000000e+00	1.000000e+00	
GOBP_GASTRULATION_WITH_MOUTH_FORMING_SECOND	go_bp	0	3	28	53	2920	1.000000e+00	1.000000e+00	
GOBP_GDP_MANNOSE_METABOLIC_PROCESS	go_bp	0	3	8	53	2920	1.000000e+00	1.000000e+00	
GOBP_GERMINAL_CENTER_B_CELL_DIFFERENTIATION	go_bp	0	3	8	53	2920	1.000000e+00	1.000000e+00	
GOBP_GLOMERULAR_BASEMENT_MEMBRANE_DEVELOPMENT	go_bp	0	3	11	53	2920	1.000000e+00	1.000000e+00	
GOBP_GLOMERULAR_MESANGIAL_CELL_DEVELOPMENT	go_bp	0	3	5	53	2920	1.000000e+00	1.000000e+00	
GOBP_GLUTAMATE_CATABOLIC_PROCESS	go_bp	0	3	8	53	2920	1.000000e+00	1.000000e+00	
GOBP_GLYCERALDEHYDE_3_PHOSPHATE_METABOLIC_PROCESS	go_bp	0	3	12	53	2920	1.000000e+00	1.000000e+00	
GOBP_GLYCINE_BIOSYNTHETIC_PROCESS	go_bp	0	3	5	53	2920	1.000000e+00	1.000000e+00	
GOBP_GLYCOLIPID_BIOSYNTHETIC_PROCESS	go_bp	0	3	78	53	2920	1.000000e+00	1.000000e+00	
GOBP_GLYCOSPHINGOLIPID_BIOSYNTHETIC_PROCESS	go_bp	0	3	39	53	2920	1.000000e+00	1.000000e+00	
GOBP_GMP_BIOSYNTHETIC_PROCESS	go_bp	0	3	14	53	2920	1.000000e+00	1.000000e+00	
GOBP_GOLGI_LUMEN_ACIDIFICATION	go_bp	0	3	13	53	2920	1.000000e+00	1.000000e+00	
GOBP_GOLGI_TO_LYSOSOME_TRANSPORT	go_bp	0	3	12	53	2920	1.000000e+00	1.000000e+00	
GOBP_GRANULOCYTE_COLONY_STIMULATING_FACTOR_SIGNALING_PATHWAY	go_bp	0	3	5	53	2920	1.000000e+00	1.000000e+00	
GOBP_GRANZYME_MEDIATED_PROGRAMMED_CELL_DEATH_SIGNALING_PATHWAY	go_bp	0	3	8	53	2920	1.000000e+00	1.000000e+00	
GOBP_GROWTH_HORMONE_RECEPTOR_SIGNALING_PATHWAY_VIA_JAK_STAT	go_bp	0	3	10	53	2920	1.000000e+00	1.000000e+00	
GOBP_GTP_METABOLIC_PROCESS	go_bp	0	3	24	53	2920	1.000000e+00	1.000000e+00	
GOBP_G_PROTEIN_COUPLED_RECEPTOR_INTERNALIZATION	go_bp	0	3	14	53	2920	1.000000e+00	1.000000e+00	
GOBP_G_PROTEIN_COUPLED_SEROTONIN_RECEPTOR_SIGNALING_PATHWAY	go_bp	0	3	23	53	2920	1.000000e+00	1.000000e+00	
GOBP_HEART_VALVE_FORMATION	go_bp	0	3	16	53	2920	1.000000e+00	1.000000e+00	
GOBP_HEMATOPOIETIC_STEM_CELL_MIGRATION_TO_BONE_MARROW	go_bp	0	3	5	53	2920	1.000000e+00	1.000000e+00	
GOBP_HEMOGLOBIN_BIOSYNTHETIC_PROCESS	go_bp	0	3	14	53	2920	1.000000e+00	1.000000e+00	
GOBP_HOMOLOGOUS_CHROMOSOME_PAIRING_AT_MEIOSIS	go_bp	0	3	53	53	2920	1.000000e+00	1.000000e+00	
GOBP_ICOSANOID_CATABOLIC_PROCESS	go_bp	0	3	9	53	2920	1.000000e+00	1.000000e+00	
GOBP_IMMUNE_COMPLEX_CLEARANCE	go_bp	0	3	5	53	2920	1.000000e+00	1.000000e+00	
GOBP_IMP_BIOSYNTHETIC_PROCESS	go_bp	0	3	11	53	2920	1.000000e+00	1.000000e+00	
GOBP_INDOLALKYLAMINE_METABOLIC_PROCESS	go_bp	0	3	13	53	2920	1.000000e+00	1.000000e+00	
GOBP_INDOLE_CONTAINING_COMPOUND_CATABOLIC_PROCESS	go_bp	0	3	9	53	2920	1.000000e+00	1.000000e+00	
GOBP_INDUCTION_OF_BACTERIAL_AGGLUTINATION	go_bp	0	3	6	53	2920	1.000000e+00	1.000000e+00	
GOBP_INSEMINATION	go_bp	0	3	13	53	2920	1.000000e+00	1.000000e+00	
GOBP_INTERLEUKIN_11_MEDIATED_SIGNALING_PATHWAY	go_bp	0	3	6	53	2920	1.000000e+00	1.000000e+00	
GOBP_INTERLEUKIN_17A_MEDIATED_SIGNALING_PATHWAY	go_bp	0	3	6	53	2920	1.000000e+00	1.000000e+00	
GOBP_INTERLEUKIN_3_MEDIATED_SIGNALING_PATHWAY	go_bp	0	3	7	53	2920	1.000000e+00	1.000000e+00	
GOBP_INTERMEDIATE_FILAMENT_BUNDLE_ASSEMBLY	go_bp	0	3	8	53	2920	1.000000e+00	1.000000e+00	
GOBP_INTRACELLULAR_MONOATOMIC_ANION_HOMEOSTASIS	go_bp	0	3	10	53	2920	1.000000e+00	1.000000e+00	
GOBP_INTRACELLULAR_OXYGEN_HOMEOSTASIS	go_bp	0	3	8	53	2920	1.000000e+00	1.000000e+00	
GOBP_INTRACELLULAR_PHOSPHATE_ION_HOMEOSTASIS	go_bp	0	3	10	53	2920	1.000000e+00	1.000000e+00	
GOBP_INTRACILIARY_TRANSPORT	go_bp	0	3	49	53	2920	1.000000e+00	1.000000e+00	
GOBP_INTRINSIC_APOPTOTIC_SIGNALING_PATHWAY_IN_RESPONSE_TO_OSMOTIC_STRESS	go_bp	0	3	10	53	2920	1.000000e+00	1.000000e+00	
GOBP_IONOTROPIC_GLUTAMATE_RECEPTOR_SIGNALING_PATHWAY	go_bp	0	3	23	53	2920	1.000000e+00	1.000000e+00	
GOBP_IRON_IMPORT_INTO_CELL	go_bp	0	3	10	53	2920	1.000000e+00	1.000000e+00	
GOBP_IRON_ION_TRANSMEMBRANE_TRANSPORT	go_bp	0	3	22	53	2920	1.000000e+00	1.000000e+00	
GOBP_ISOPENTENYL_DIPHOSPHATE_BIOSYNTHETIC_PROCESS	go_bp	0	3	5	53	2920	1.000000e+00	1.000000e+00	
GOBP_KETONE_BODY_METABOLIC_PROCESS	go_bp	0	3	10	53	2920	1.000000e+00	1.000000e+00	
GOBP_LACRIMAL_GLAND_DEVELOPMENT	go_bp	0	3	7	53	2920	1.000000e+00	1.000000e+00	
GOBP_LATERAL_SPROUTING_FROM_AN_EPITHELIUM	go_bp	0	3	11	53	2920	1.000000e+00	1.000000e+00	
GOBP_LENS_FIBER_CELL_DEVELOPMENT	go_bp	0	3	14	53	2920	1.000000e+00	1.000000e+00	
GOBP_LEPTIN_MEDIATED_SIGNALING_PATHWAY	go_bp	0	3	10	53	2920	1.000000e+00	1.000000e+00	
GOBP_LEUKOCYTE_AGGREGATION	go_bp	0	3	13	53	2920	1.000000e+00	1.000000e+00	
GOBP_LOBAR_BRONCHUS_DEVELOPMENT	go_bp	0	3	6	53	2920	1.000000e+00	1.000000e+00	
GOBP_LOBAR_BRONCHUS_EPITHELIUM_DEVELOPMENT	go_bp	0	3	5	53	2920	1.000000e+00	1.000000e+00	
GOBP_LONG_CHAIN_FATTY_ACID_BIOSYNTHETIC_PROCESS	go_bp	0	3	27	53	2920	1.000000e+00	1.000000e+00	
GOBP_LONG_CHAIN_FATTY_ACID_IMPORT_ACROSS_PLASMA_MEMBRANE	go_bp	0	3	10	53	2920	1.000000e+00	1.000000e+00	
GOBP_LUNG_VASCULATURE_DEVELOPMENT	go_bp	0	3	9	53	2920	1.000000e+00	1.000000e+00	
GOBP_LUTEINIZATION	go_bp	0	3	12	53	2920	1.000000e+00	1.000000e+00	
GOBP_LUTEINIZING_HORMONE_SECRETION	go_bp	0	3	11	53	2920	1.000000e+00	1.000000e+00	
GOBP_LYMPHOCYTE_ANERGY	go_bp	0	3	8	53	2920	1.000000e+00	1.000000e+00	
GOBP_L_GLUTAMATE_TRANSMEMBRANE_TRANSPORT	go_bp	0	3	30	53	2920	1.000000e+00	1.000000e+00	
GOBP_L_SERINE_METABOLIC_PROCESS	go_bp	0	3	13	53	2920	1.000000e+00	1.000000e+00	
GOBP_MACROMOLECULE_METHYLATION	go_bp	0	3	132	53	2920	1.000000e+00	1.000000e+00	
GOBP_MACROPHAGE_INFLAMMATORY_PROTEIN_1_ALPHA_PRODUCTION	go_bp	0	3	6	53	2920	1.000000e+00	1.000000e+00	
GOBP_MACROPINOCYTOSIS	go_bp	0	3	10	53	2920	1.000000e+00	1.000000e+00	
GOBP_MAINTENANCE_OF_POSTSYNAPTIC_SPECIALIZATION_STRUCTURE	go_bp	0	3	9	53	2920	1.000000e+00	1.000000e+00	
GOBP_MAINTENANCE_OF_PROTEIN_LOCATION_IN_EXTRACELLULAR_REGION	go_bp	0	3	8	53	2920	1.000000e+00	1.000000e+00	
GOBP_MALATE_METABOLIC_PROCESS	go_bp	0	3	9	53	2920	1.000000e+00	1.000000e+00	
GOBP_MALE_SEX_DETERMINATION	go_bp	0	3	14	53	2920	1.000000e+00	1.000000e+00	
GOBP_MANNOSE_METABOLIC_PROCESS	go_bp	0	3	9	53	2920	1.000000e+00	1.000000e+00	
GOBP_MARGINAL_ZONE_B_CELL_DIFFERENTIATION	go_bp	0	3	9	53	2920	1.000000e+00	1.000000e+00	
GOBP_MAST_CELL_PROLIFERATION	go_bp	0	3	7	53	2920	1.000000e+00	1.000000e+00	
GOBP_MATURATION_OF_5_8S_RRNA	go_bp	0	3	35	53	2920	1.000000e+00	1.000000e+00	
GOBP_MATURE_CONVENTIONAL_DENDRITIC_CELL_DIFFERENTIATION	go_bp	0	3	5	53	2920	1.000000e+00	1.000000e+00	
GOBP_MEIOTIC_SPINDLE_ORGANIZATION	go_bp	0	3	19	53	2920	1.000000e+00	1.000000e+00	
GOBP_MEMBRANE_FUSION_INVOLVED_IN_VIRAL_ENTRY_INTO_HOST_CELL	go_bp	0	3	5	53	2920	1.000000e+00	1.000000e+00	
GOBP_MEMBRANE_REPOLARIZATION_DURING_VENTRICULAR_CARDIAC_MUSCLE_CELL_ACTION_POTENTIAL	go_bp	0	3	17	53	2920	1.000000e+00	1.000000e+00	
GOBP_MEMBRANE_TO_MEMBRANE_DOCKING	go_bp	0	3	5	53	2920	1.000000e+00	1.000000e+00	
GOBP_MESANGIAL_CELL_DEVELOPMENT	go_bp	0	3	6	53	2920	1.000000e+00	1.000000e+00	
GOBP_MESENCHYMAL_CELL_APOPTOTIC_PROCESS	go_bp	0	3	16	53	2920	1.000000e+00	1.000000e+00	
GOBP_MESENCHYMAL_TO_EPITHELIAL_TRANSITION	go_bp	0	3	19	53	2920	1.000000e+00	1.000000e+00	
GOBP_METANEPHRIC_GLOMERULAR_MESANGIUM_DEVELOPMENT	go_bp	0	3	5	53	2920	1.000000e+00	1.000000e+00	
GOBP_METANEPHRIC_LOOP_OF_HENLE_DEVELOPMENT	go_bp	0	3	6	53	2920	1.000000e+00	1.000000e+00	
GOBP_METHYLGLYOXAL_METABOLIC_PROCESS	go_bp	0	3	6	53	2920	1.000000e+00	1.000000e+00	
GOBP_MICROAUTOPHAGY	go_bp	0	3	23	53	2920	1.000000e+00	1.000000e+00	
GOBP_MICROGLIAL_CELL_ACTIVATION_INVOLVED_IN_IMMUNE_RESPONSE	go_bp	0	3	5	53	2920	1.000000e+00	1.000000e+00	
GOBP_MICROTUBULE_BASED_PROTEIN_TRANSPORT	go_bp	0	3	14	53	2920	1.000000e+00	1.000000e+00	
GOBP_MIDBRAIN_DOPAMINERGIC_NEURON_DIFFERENTIATION	go_bp	0	3	16	53	2920	1.000000e+00	1.000000e+00	
GOBP_MITOCHONDRIAL_RNA_CATABOLIC_PROCESS	go_bp	0	3	6	53	2920	1.000000e+00	1.000000e+00	
GOBP_MITOTIC_NUCLEAR_MEMBRANE_ORGANIZATION	go_bp	0	3	10	53	2920	1.000000e+00	1.000000e+00	
GOBP_MITOTIC_SISTER_CHROMATID_COHESION	go_bp	0	3	31	53	2920	1.000000e+00	1.000000e+00	
GOBP_MODIFICATION_OF_POSTSYNAPTIC_ACTIN_CYTOSKELETON	go_bp	0	3	11	53	2920	1.000000e+00	1.000000e+00	
GOBP_MODULATION_BY_HOST_OF_VIRAL_GENOME_REPLICATION	go_bp	0	3	27	53	2920	1.000000e+00	1.000000e+00	
GOBP_MORPHOGENESIS_OF_AN_EPITHELIAL_BUD	go_bp	0	3	15	53	2920	1.000000e+00	1.000000e+00	
GOBP_MOTILE_CILIUM_ASSEMBLY	go_bp	0	3	73	53	2920	1.000000e+00	1.000000e+00	
GOBP_MOTOR_LEARNING	go_bp	0	3	8	53	2920	1.000000e+00	1.000000e+00	
GOBP_MUSCLE_ATROPHY	go_bp	0	3	11	53	2920	1.000000e+00	1.000000e+00	
GOBP_MYELOID_PROGENITOR_CELL_DIFFERENTIATION	go_bp	0	3	9	53	2920	1.000000e+00	1.000000e+00	
GOBP_NATURAL_KILLER_CELL_CYTOKINE_PRODUCTION	go_bp	0	3	9	53	2920	1.000000e+00	1.000000e+00	
GOBP_NEGATIVE_REGULATION_OF_ACTIN_NUCLEATION	go_bp	0	3	9	53	2920	1.000000e+00	1.000000e+00	
GOBP_NEGATIVE_REGULATION_OF_ADENYLATE_CYCLASE_ACTIVATING_G_PROTEIN_COUPLED_RECEPTOR_SIGNALING_PATHWAY	go_bp	0	3	14	53	2920	1.000000e+00	1.000000e+00	
GOBP_NEGATIVE_REGULATION_OF_AMINE_METABOLIC_PROCESS	go_bp	0	3	6	53	2920	1.000000e+00	1.000000e+00	
GOBP_NEGATIVE_REGULATION_OF_ANDROGEN_RECEPTOR_SIGNALING_PATHWAY	go_bp	0	3	15	53	2920	1.000000e+00	1.000000e+00	
GOBP_NEGATIVE_REGULATION_OF_AUTOPHAGY_OF_MITOCHONDRION	go_bp	0	3	7	53	2920	1.000000e+00	1.000000e+00	
GOBP_NEGATIVE_REGULATION_OF_BEHAVIOR	go_bp	0	3	13	53	2920	1.000000e+00	1.000000e+00	
GOBP_NEGATIVE_REGULATION_OF_BLOOD_VESSEL_ENDOTHELIAL_CELL_PROLIFERATION_INVOLVED_IN_SPROUTING_ANGIOGENESIS	go_bp	0	3	26	53	2920	1.000000e+00	1.000000e+00	
GOBP_NEGATIVE_REGULATION_OF_CALCIUM_ION_IMPORT	go_bp	0	3	18	53	2920	1.000000e+00	1.000000e+00	
GOBP_NEGATIVE_REGULATION_OF_CAMP_DEPENDENT_PROTEIN_KINASE_ACTIVITY	go_bp	0	3	8	53	2920	1.000000e+00	1.000000e+00	
GOBP_NEGATIVE_REGULATION_OF_CARDIAC_MUSCLE_ADAPTATION	go_bp	0	3	8	53	2920	1.000000e+00	1.000000e+00	
GOBP_NEGATIVE_REGULATION_OF_CARDIAC_MUSCLE_TISSUE_GROWTH	go_bp	0	3	28	53	2920	1.000000e+00	1.000000e+00	
GOBP_NEGATIVE_REGULATION_OF_CARDIOCYTE_DIFFERENTIATION	go_bp	0	3	14	53	2920	1.000000e+00	1.000000e+00	
GOBP_NEGATIVE_REGULATION_OF_CATECHOLAMINE_SECRETION	go_bp	0	3	13	53	2920	1.000000e+00	1.000000e+00	
GOBP_NEGATIVE_REGULATION_OF_CD4_POSITIVE_ALPHA_BETA_T_CELL_DIFFERENTIATION	go_bp	0	3	21	53	2920	1.000000e+00	1.000000e+00	
GOBP_NEGATIVE_REGULATION_OF_CD8_POSITIVE_ALPHA_BETA_T_CELL_ACTIVATION	go_bp	0	3	8	53	2920	1.000000e+00	1.000000e+00	
GOBP_NEGATIVE_REGULATION_OF_CELLULAR_RESPIRATION	go_bp	0	3	9	53	2920	1.000000e+00	1.000000e+00	
GOBP_NEGATIVE_REGULATION_OF_CELL_ADHESION_MOLECULE_PRODUCTION	go_bp	0	3	14	53	2920	1.000000e+00	1.000000e+00	
GOBP_NEGATIVE_REGULATION_OF_CELL_MATURATION	go_bp	0	3	8	53	2920	1.000000e+00	1.000000e+00	
GOBP_NEGATIVE_REGULATION_OF_CELL_SIZE	go_bp	0	3	9	53	2920	1.000000e+00	1.000000e+00	
GOBP_NEGATIVE_REGULATION_OF_CENTROSOME_DUPLICATION	go_bp	0	3	12	53	2920	1.000000e+00	1.000000e+00	
GOBP_NEGATIVE_REGULATION_OF_CHEMOKINE_C_C_MOTIF_LIGAND_5_PRODUCTION	go_bp	0	3	5	53	2920	1.000000e+00	1.000000e+00	
GOBP_NEGATIVE_REGULATION_OF_CYCLASE_ACTIVITY	go_bp	0	3	15	53	2920	1.000000e+00	1.000000e+00	
GOBP_NEGATIVE_REGULATION_OF_CYSTEINE_TYPE_ENDOPEPTIDASE_ACTIVITY_INVOLVED_IN_APOPTOTIC_SIGNALING_PATHWAY	go_bp	0	3	5	53	2920	1.000000e+00	1.000000e+00	
GOBP_NEGATIVE_REGULATION_OF_DEFENSE_RESPONSE_TO_BACTERIUM	go_bp	0	3	5	53	2920	1.000000e+00	1.000000e+00	
GOBP_NEGATIVE_REGULATION_OF_DENDRITE_DEVELOPMENT	go_bp	0	3	8	53	2920	1.000000e+00	1.000000e+00	
GOBP_NEGATIVE_REGULATION_OF_DENDRITIC_SPINE_MORPHOGENESIS	go_bp	0	3	6	53	2920	1.000000e+00	1.000000e+00	
GOBP_NEGATIVE_REGULATION_OF_ESTABLISHMENT_OF_PROTEIN_LOCALIZATION_TO_MITOCHONDRION	go_bp	0	3	7	53	2920	1.000000e+00	1.000000e+00	
GOBP_NEGATIVE_REGULATION_OF_EXCITATORY_POSTSYNAPTIC_POTENTIAL	go_bp	0	3	11	53	2920	1.000000e+00	1.000000e+00	
GOBP_NEGATIVE_REGULATION_OF_EXECUTION_PHASE_OF_APOPTOSIS	go_bp	0	3	9	53	2920	1.000000e+00	1.000000e+00	
GOBP_NEGATIVE_REGULATION_OF_GRANULOCYTE_DIFFERENTIATION	go_bp	0	3	8	53	2920	1.000000e+00	1.000000e+00	
GOBP_NEGATIVE_REGULATION_OF_GTPASE_ACTIVITY	go_bp	0	3	20	53	2920	1.000000e+00	1.000000e+00	
GOBP_NEGATIVE_REGULATION_OF_HAIR_FOLLICLE_DEVELOPMENT	go_bp	0	3	5	53	2920	1.000000e+00	1.000000e+00	
GOBP_NEGATIVE_REGULATION_OF_HIPPO_SIGNALING	go_bp	0	3	22	53	2920	1.000000e+00	1.000000e+00	
GOBP_NEGATIVE_REGULATION_OF_HORMONE_BIOSYNTHETIC_PROCESS	go_bp	0	3	10	53	2920	1.000000e+00	1.000000e+00	
GOBP_NEGATIVE_REGULATION_OF_HORMONE_METABOLIC_PROCESS	go_bp	0	3	12	53	2920	1.000000e+00	1.000000e+00	
GOBP_NEGATIVE_REGULATION_OF_HYDROGEN_PEROXIDE_MEDIATED_PROGRAMMED_CELL_DEATH	go_bp	0	3	12	53	2920	1.000000e+00	1.000000e+00	
GOBP_NEGATIVE_REGULATION_OF_IMMATURE_T_CELL_PROLIFERATION	go_bp	0	3	5	53	2920	1.000000e+00	1.000000e+00	
GOBP_NEGATIVE_REGULATION_OF_INTRACELLULAR_STEROID_HORMONE_RECEPTOR_SIGNALING_PATHWAY	go_bp	0	3	37	53	2920	1.000000e+00	1.000000e+00	
GOBP_NEGATIVE_REGULATION_OF_JUN_KINASE_ACTIVITY	go_bp	0	3	12	53	2920	1.000000e+00	1.000000e+00	
GOBP_NEGATIVE_REGULATION_OF_LAMELLIPODIUM_ASSEMBLY	go_bp	0	3	6	53	2920	1.000000e+00	1.000000e+00	
GOBP_NEGATIVE_REGULATION_OF_LAMELLIPODIUM_ORGANIZATION	go_bp	0	3	8	53	2920	1.000000e+00	1.000000e+00	
GOBP_NEGATIVE_REGULATION_OF_LIPOPROTEIN_METABOLIC_PROCESS	go_bp	0	3	5	53	2920	1.000000e+00	1.000000e+00	
GOBP_NEGATIVE_REGULATION_OF_LOW_DENSITY_LIPOPROTEIN_PARTICLE_CLEARANCE	go_bp	0	3	15	53	2920	1.000000e+00	1.000000e+00	
GOBP_NEGATIVE_REGULATION_OF_LYASE_ACTIVITY	go_bp	0	3	18	53	2920	1.000000e+00	1.000000e+00	
GOBP_NEGATIVE_REGULATION_OF_MEMBRANE_PERMEABILITY	go_bp	0	3	23	53	2920	1.000000e+00	1.000000e+00	
GOBP_NEGATIVE_REGULATION_OF_MEMBRANE_POTENTIAL	go_bp	0	3	13	53	2920	1.000000e+00	1.000000e+00	
GOBP_NEGATIVE_REGULATION_OF_MESENCHYMAL_CELL_APOPTOTIC_PROCESS	go_bp	0	3	11	53	2920	1.000000e+00	1.000000e+00	
GOBP_NEGATIVE_REGULATION_OF_MHC_CLASS_II_BIOSYNTHETIC_PROCESS	go_bp	0	3	5	53	2920	1.000000e+00	1.000000e+00	
GOBP_NEGATIVE_REGULATION_OF_MONOCYTE_CHEMOTACTIC_PROTEIN_1_PRODUCTION	go_bp	0	3	6	53	2920	1.000000e+00	1.000000e+00	
GOBP_NEGATIVE_REGULATION_OF_MRNA_PROCESSING	go_bp	0	3	22	53	2920	1.000000e+00	1.000000e+00	
GOBP_NEGATIVE_REGULATION_OF_MUSCLE_ORGAN_DEVELOPMENT	go_bp	0	3	9	53	2920	1.000000e+00	1.000000e+00	
GOBP_NEGATIVE_REGULATION_OF_NEUTROPHIL_MIGRATION	go_bp	0	3	6	53	2920	1.000000e+00	1.000000e+00	
GOBP_NEGATIVE_REGULATION_OF_NODAL_SIGNALING_PATHWAY	go_bp	0	3	5	53	2920	1.000000e+00	1.000000e+00	
GOBP_NEGATIVE_REGULATION_OF_NUCLEASE_ACTIVITY	go_bp	0	3	7	53	2920	1.000000e+00	1.000000e+00	
GOBP_NEGATIVE_REGULATION_OF_ORGANELLE_ASSEMBLY	go_bp	0	3	47	53	2920	1.000000e+00	1.000000e+00	
GOBP_NEGATIVE_REGULATION_OF_PHOSPHOLIPID_METABOLIC_PROCESS	go_bp	0	3	6	53	2920	1.000000e+00	1.000000e+00	
GOBP_NEGATIVE_REGULATION_OF_PHOTORECEPTOR_CELL_DIFFERENTIATION	go_bp	0	3	6	53	2920	1.000000e+00	1.000000e+00	
GOBP_NEGATIVE_REGULATION_OF_POST_TRANSCRIPTIONAL_GENE_SILENCING	go_bp	0	3	15	53	2920	1.000000e+00	1.000000e+00	
GOBP_NEGATIVE_REGULATION_OF_PROTEIN_AUTOPHOSPHORYLATION	go_bp	0	3	9	53	2920	1.000000e+00	1.000000e+00	
GOBP_NEGATIVE_REGULATION_OF_PROTEIN_EXPORT_FROM_NUCLEUS	go_bp	0	3	6	53	2920	1.000000e+00	1.000000e+00	
GOBP_NEGATIVE_REGULATION_OF_PROTEIN_KINASE_ACTIVITY_BY_REGULATION_OF_PROTEIN_PHOSPHORYLATION	go_bp	0	3	6	53	2920	1.000000e+00	1.000000e+00	
GOBP_NEGATIVE_REGULATION_OF_RECEPTOR_SIGNALING_PATHWAY_VIA_JAK_STAT	go_bp	0	3	22	53	2920	1.000000e+00	1.000000e+00	
GOBP_NEGATIVE_REGULATION_OF_RECEPTOR_SIGNALING_PATHWAY_VIA_STAT	go_bp	0	3	34	53	2920	1.000000e+00	1.000000e+00	
GOBP_NEGATIVE_REGULATION_OF_REGULATORY_T_CELL_DIFFERENTIATION	go_bp	0	3	7	53	2920	1.000000e+00	1.000000e+00	
GOBP_NEGATIVE_REGULATION_OF_RESPIRATORY_BURST	go_bp	0	3	6	53	2920	1.000000e+00	1.000000e+00	
GOBP_NEGATIVE_REGULATION_OF_RNA_SPLICING	go_bp	0	3	26	53	2920	1.000000e+00	1.000000e+00	
GOBP_NEGATIVE_REGULATION_OF_SERINE_TYPE_PEPTIDASE_ACTIVITY	go_bp	0	3	6	53	2920	1.000000e+00	1.000000e+00	
GOBP_NEGATIVE_REGULATION_OF_STEM_CELL_DIFFERENTIATION	go_bp	0	3	26	53	2920	1.000000e+00	1.000000e+00	
GOBP_NEGATIVE_REGULATION_OF_STEM_CELL_POPULATION_MAINTENANCE	go_bp	0	3	26	53	2920	1.000000e+00	1.000000e+00	
GOBP_NEGATIVE_REGULATION_OF_TOLL_LIKE_RECEPTOR_9_SIGNALING_PATHWAY	go_bp	0	3	5	53	2920	1.000000e+00	1.000000e+00	
GOBP_NEGATIVE_REGULATION_OF_T_CELL_MIGRATION	go_bp	0	3	6	53	2920	1.000000e+00	1.000000e+00	
GOBP_NEGATIVE_REGULATION_OF_T_HELPER_CELL_DIFFERENTIATION	go_bp	0	3	17	53	2920	1.000000e+00	1.000000e+00	
GOBP_NEGATIVE_REGULATION_OF_VASOCONSTRICTION	go_bp	0	3	12	53	2920	1.000000e+00	1.000000e+00	
GOBP_NEGATIVE_REGULATION_OF_WOUND_HEALING_SPREADING_OF_EPIDERMAL_CELLS	go_bp	0	3	5	53	2920	1.000000e+00	1.000000e+00	
GOBP_NEPHRON_TUBULE_FORMATION	go_bp	0	3	20	53	2920	1.000000e+00	1.000000e+00	
GOBP_NETRIN_ACTIVATED_SIGNALING_PATHWAY	go_bp	0	3	9	53	2920	1.000000e+00	1.000000e+00	
GOBP_NEUROBLAST_DIVISION	go_bp	0	3	15	53	2920	1.000000e+00	1.000000e+00	
GOBP_NEUROFILAMENT_CYTOSKELETON_ORGANIZATION	go_bp	0	3	10	53	2920	1.000000e+00	1.000000e+00	
GOBP_NEURONAL_ACTION_POTENTIAL_PROPAGATION	go_bp	0	3	10	53	2920	1.000000e+00	1.000000e+00	
GOBP_NEURONAL_SIGNAL_TRANSDUCTION	go_bp	0	3	7	53	2920	1.000000e+00	1.000000e+00	
GOBP_NEURON_FATE_SPECIFICATION	go_bp	0	3	36	53	2920	1.000000e+00	1.000000e+00	
GOBP_NEUTRAL_AMINO_ACID_TRANSPORT	go_bp	0	3	58	53	2920	1.000000e+00	1.000000e+00	
GOBP_NEUTROPHIL_CLEARANCE	go_bp	0	3	6	53	2920	1.000000e+00	1.000000e+00	
GOBP_NK_T_CELL_PROLIFERATION	go_bp	0	3	9	53	2920	1.000000e+00	1.000000e+00	
GOBP_NON_LYTIC_VIRAL_RELEASE	go_bp	0	3	15	53	2920	1.000000e+00	1.000000e+00	
GOBP_NOREPINEPHRINE_METABOLIC_PROCESS	go_bp	0	3	15	53	2920	1.000000e+00	1.000000e+00	
GOBP_NUCLEOSIDE_MONOPHOSPHATE_PHOSPHORYLATION	go_bp	0	3	11	53	2920	1.000000e+00	1.000000e+00	
GOBP_N_GLYCAN_PROCESSING	go_bp	0	3	17	53	2920	1.000000e+00	1.000000e+00	
GOBP_N_TERMINAL_PROTEIN_AMINO_ACID_ACETYLATION	go_bp	0	3	15	53	2920	1.000000e+00	1.000000e+00	
GOBP_N_TERMINAL_PROTEIN_LIPIDATION	go_bp	0	3	6	53	2920	1.000000e+00	1.000000e+00	
GOBP_OLFACTORY_BULB_INTERNEURON_DEVELOPMENT	go_bp	0	3	8	53	2920	1.000000e+00	1.000000e+00	
GOBP_ORGANELLE_INHERITANCE	go_bp	0	3	15	53	2920	1.000000e+00	1.000000e+00	
GOBP_OSTEOCLAST_PROLIFERATION	go_bp	0	3	11	53	2920	1.000000e+00	1.000000e+00	
GOBP_OTIC_VESICLE_FORMATION	go_bp	0	3	8	53	2920	1.000000e+00	1.000000e+00	
GOBP_OTIC_VESICLE_MORPHOGENESIS	go_bp	0	3	10	53	2920	1.000000e+00	1.000000e+00	
GOBP_OTOLITH_DEVELOPMENT	go_bp	0	3	10	53	2920	1.000000e+00	1.000000e+00	
GOBP_OTOLITH_MORPHOGENESIS	go_bp	0	3	5	53	2920	1.000000e+00	1.000000e+00	
GOBP_OXALOACETATE_METABOLIC_PROCESS	go_bp	0	3	9	53	2920	1.000000e+00	1.000000e+00	
GOBP_PARATHYROID_GLAND_DEVELOPMENT	go_bp	0	3	7	53	2920	1.000000e+00	1.000000e+00	
GOBP_PARENTAL_BEHAVIOR	go_bp	0	3	14	53	2920	1.000000e+00	1.000000e+00	
GOBP_PENETRATION_OF_ZONA_PELLUCIDA	go_bp	0	3	9	53	2920	1.000000e+00	1.000000e+00	
GOBP_PENILE_ERECTION	go_bp	0	3	7	53	2920	1.000000e+00	1.000000e+00	
GOBP_PENTOSE_PHOSPHATE_SHUNT_NON_OXIDATIVE_BRANCH	go_bp	0	3	6	53	2920	1.000000e+00	1.000000e+00	
GOBP_PEPTIDE_ANTIGEN_ASSEMBLY_WITH_MHC_CLASS_I_PROTEIN_COMPLEX	go_bp	0	3	6	53	2920	1.000000e+00	1.000000e+00	
GOBP_PEPTIDE_MODIFICATION	go_bp	0	3	8	53	2920	1.000000e+00	1.000000e+00	
GOBP_PEPTIDOGLYCAN_METABOLIC_PROCESS	go_bp	0	3	6	53	2920	1.000000e+00	1.000000e+00	
GOBP_PEPTIDYL_GLUTAMIC_ACID_MODIFICATION	go_bp	0	3	27	53	2920	1.000000e+00	1.000000e+00	
GOBP_PEPTIDYL_LYSINE_ACETYLATION	go_bp	0	3	22	53	2920	1.000000e+00	1.000000e+00	
GOBP_PEPTIDYL_PROLINE_HYDROXYLATION	go_bp	0	3	11	53	2920	1.000000e+00	1.000000e+00	
GOBP_PEPTIDYL_SERINE_DEPHOSPHORYLATION	go_bp	0	3	14	53	2920	1.000000e+00	1.000000e+00	
GOBP_PEPTIDYL_TYROSINE_DEPHOSPHORYLATION_INVOLVED_IN_INACTIVATION_OF_PROTEIN_KINASE_ACTIVITY	go_bp	0	3	8	53	2920	1.000000e+00	1.000000e+00	
GOBP_PERIPHERAL_NERVOUS_SYSTEM_MYELIN_MAINTENANCE	go_bp	0	3	9	53	2920	1.000000e+00	1.000000e+00	
GOBP_PHAGOLYSOSOME_ASSEMBLY	go_bp	0	3	19	53	2920	1.000000e+00	1.000000e+00	
GOBP_PHENOTYPIC_SWITCHING	go_bp	0	3	17	53	2920	1.000000e+00	1.000000e+00	
GOBP_PHOSPHOLIPASE_C_ACTIVATING_G_PROTEIN_COUPLED_ACETYLCHOLINE_RECEPTOR_SIGNALING_PATHWAY	go_bp	0	3	8	53	2920	1.000000e+00	1.000000e+00	
GOBP_PHOTORECEPTOR_CELL_OUTER_SEGMENT_ORGANIZATION	go_bp	0	3	13	53	2920	1.000000e+00	1.000000e+00	
GOBP_PHOTOTRANSDUCTION	go_bp	0	3	47	53	2920	1.000000e+00	1.000000e+00	
GOBP_PLASMA_MEMBRANE_PHOSPHOLIPID_SCRAMBLING	go_bp	0	3	25	53	2920	1.000000e+00	1.000000e+00	
GOBP_POINTED_END_ACTIN_FILAMENT_CAPPING	go_bp	0	3	7	53	2920	1.000000e+00	1.000000e+00	
GOBP_POLYAMINE_BIOSYNTHETIC_PROCESS	go_bp	0	3	14	53	2920	1.000000e+00	1.000000e+00	
GOBP_POLYKETIDE_METABOLIC_PROCESS	go_bp	0	3	10	53	2920	1.000000e+00	1.000000e+00	
GOBP_POLYSACCHARIDE_CATABOLIC_PROCESS	go_bp	0	3	29	53	2920	1.000000e+00	1.000000e+00	
GOBP_PONS_DEVELOPMENT	go_bp	0	3	11	53	2920	1.000000e+00	1.000000e+00	
GOBP_POSITIVE_REGULATION_OF_ADIPOSE_TISSUE_DEVELOPMENT	go_bp	0	3	10	53	2920	1.000000e+00	1.000000e+00	
GOBP_POSITIVE_REGULATION_OF_ARP2_3_COMPLEX_MEDIATED_ACTIN_NUCLEATION	go_bp	0	3	8	53	2920	1.000000e+00	1.000000e+00	
GOBP_POSITIVE_REGULATION_OF_ATP_BIOSYNTHETIC_PROCESS	go_bp	0	3	10	53	2920	1.000000e+00	1.000000e+00	
GOBP_POSITIVE_REGULATION_OF_BLOOD_BRAIN_BARRIER_PERMEABILITY	go_bp	0	3	5	53	2920	1.000000e+00	1.000000e+00	
GOBP_POSITIVE_REGULATION_OF_BLOOD_VESSEL_ENDOTHELIAL_CELL_PROLIFERATION_INVOLVED_IN_SPROUTING_ANGIOGENESIS	go_bp	0	3	22	53	2920	1.000000e+00	1.000000e+00	
GOBP_POSITIVE_REGULATION_OF_CALCIUM_ION_TRANSPORT_INTO_CYTOSOL	go_bp	0	3	13	53	2920	1.000000e+00	1.000000e+00	
GOBP_POSITIVE_REGULATION_OF_CARDIAC_MUSCLE_CELL_DIFFERENTIATION	go_bp	0	3	11	53	2920	1.000000e+00	1.000000e+00	
GOBP_POSITIVE_REGULATION_OF_CELL_CYCLE_CHECKPOINT	go_bp	0	3	19	53	2920	1.000000e+00	1.000000e+00	
GOBP_POSITIVE_REGULATION_OF_CEREBELLAR_GRANULE_CELL_PRECURSOR_PROLIFERATION	go_bp	0	3	6	53	2920	1.000000e+00	1.000000e+00	
GOBP_POSITIVE_REGULATION_OF_CHEMOKINE_C_X_C_MOTIF_LIGAND_1_PRODUCTION	go_bp	0	3	5	53	2920	1.000000e+00	1.000000e+00	
GOBP_POSITIVE_REGULATION_OF_CHONDROCYTE_PROLIFERATION	go_bp	0	3	8	53	2920	1.000000e+00	1.000000e+00	
GOBP_POSITIVE_REGULATION_OF_CHROMOSOME_SEPARATION	go_bp	0	3	29	53	2920	1.000000e+00	1.000000e+00	
GOBP_POSITIVE_REGULATION_OF_COLLATERAL_SPROUTING	go_bp	0	3	9	53	2920	1.000000e+00	1.000000e+00	
GOBP_POSITIVE_REGULATION_OF_CYSTEINE_TYPE_ENDOPEPTIDASE_ACTIVITY_INVOLVED_IN_APOPTOTIC_SIGNALING_PATHWAY	go_bp	0	3	6	53	2920	1.000000e+00	1.000000e+00	
GOBP_POSITIVE_REGULATION_OF_DENDRITIC_CELL_ANTIGEN_PROCESSING_AND_PRESENTATION	go_bp	0	3	7	53	2920	1.000000e+00	1.000000e+00	
GOBP_POSITIVE_REGULATION_OF_DEVELOPMENTAL_PIGMENTATION	go_bp	0	3	9	53	2920	1.000000e+00	1.000000e+00	
GOBP_POSITIVE_REGULATION_OF_DOPAMINE_SECRETION	go_bp	0	3	6	53	2920	1.000000e+00	1.000000e+00	
GOBP_POSITIVE_REGULATION_OF_ENDOPLASMIC_RETICULUM_STRESS_INDUCED_INTRINSIC_APOPTOTIC_SIGNALING_PATHWAY	go_bp	0	3	9	53	2920	1.000000e+00	1.000000e+00	
GOBP_POSITIVE_REGULATION_OF_ENDOTHELIAL_CELL_MATRIX_ADHESION_VIA_FIBRONECTIN	go_bp	0	3	5	53	2920	1.000000e+00	1.000000e+00	
GOBP_POSITIVE_REGULATION_OF_EXTRACELLULAR_MATRIX_DISASSEMBLY	go_bp	0	3	8	53	2920	1.000000e+00	1.000000e+00	
GOBP_POSITIVE_REGULATION_OF_FEAR_RESPONSE	go_bp	0	3	8	53	2920	1.000000e+00	1.000000e+00	
GOBP_POSITIVE_REGULATION_OF_FEEDING_BEHAVIOR	go_bp	0	3	10	53	2920	1.000000e+00	1.000000e+00	
GOBP_POSITIVE_REGULATION_OF_FIBROBLAST_APOPTOTIC_PROCESS	go_bp	0	3	10	53	2920	1.000000e+00	1.000000e+00	
GOBP_POSITIVE_REGULATION_OF_GAMMA_DELTA_T_CELL_ACTIVATION	go_bp	0	3	9	53	2920	1.000000e+00	1.000000e+00	
GOBP_POSITIVE_REGULATION_OF_GAP_JUNCTION_ASSEMBLY	go_bp	0	3	7	53	2920	1.000000e+00	1.000000e+00	
GOBP_POSITIVE_REGULATION_OF_GRANULOCYTE_DIFFERENTIATION	go_bp	0	3	9	53	2920	1.000000e+00	1.000000e+00	
GOBP_POSITIVE_REGULATION_OF_GUANYLATE_CYCLASE_ACTIVITY	go_bp	0	3	5	53	2920	1.000000e+00	1.000000e+00	
GOBP_POSITIVE_REGULATION_OF_HYPERSENSITIVITY	go_bp	0	3	6	53	2920	1.000000e+00	1.000000e+00	
GOBP_POSITIVE_REGULATION_OF_IMMATURE_T_CELL_PROLIFERATION	go_bp	0	3	6	53	2920	1.000000e+00	1.000000e+00	
GOBP_POSITIVE_REGULATION_OF_INTERLEUKIN_18_PRODUCTION	go_bp	0	3	8	53	2920	1.000000e+00	1.000000e+00	
GOBP_POSITIVE_REGULATION_OF_INTRACELLULAR_LIPID_TRANSPORT	go_bp	0	3	5	53	2920	1.000000e+00	1.000000e+00	
GOBP_POSITIVE_REGULATION_OF_LONG_TERM_NEURONAL_SYNAPTIC_PLASTICITY	go_bp	0	3	9	53	2920	1.000000e+00	1.000000e+00	
GOBP_POSITIVE_REGULATION_OF_LYSOSOMAL_PROTEIN_CATABOLIC_PROCESS	go_bp	0	3	5	53	2920	1.000000e+00	1.000000e+00	
GOBP_POSITIVE_REGULATION_OF_MAPKKK_CASCADE_BY_FIBROBLAST_GROWTH_FACTOR_RECEPTOR_SIGNALING_PATHWAY	go_bp	0	3	5	53	2920	1.000000e+00	1.000000e+00	
GOBP_POSITIVE_REGULATION_OF_MEIOTIC_NUCLEAR_DIVISION	go_bp	0	3	18	53	2920	1.000000e+00	1.000000e+00	
GOBP_POSITIVE_REGULATION_OF_METAPHASE_ANAPHASE_TRANSITION_OF_CELL_CYCLE	go_bp	0	3	15	53	2920	1.000000e+00	1.000000e+00	
GOBP_POSITIVE_REGULATION_OF_MICROTUBULE_NUCLEATION	go_bp	0	3	8	53	2920	1.000000e+00	1.000000e+00	
GOBP_POSITIVE_REGULATION_OF_MITOCHONDRIAL_OUTER_MEMBRANE_PERMEABILIZATION_INVOLVED_IN_APOPTOTIC_SIGNALING_PATHWAY	go_bp	0	3	8	53	2920	1.000000e+00	1.000000e+00	
GOBP_POSITIVE_REGULATION_OF_MITOTIC_CYTOKINESIS	go_bp	0	3	13	53	2920	1.000000e+00	1.000000e+00	
GOBP_POSITIVE_REGULATION_OF_MITOTIC_SISTER_CHROMATID_SEPARATION	go_bp	0	3	18	53	2920	1.000000e+00	1.000000e+00	
GOBP_POSITIVE_REGULATION_OF_MYELOID_CELL_APOPTOTIC_PROCESS	go_bp	0	3	9	53	2920	1.000000e+00	1.000000e+00	
GOBP_POSITIVE_REGULATION_OF_NECROPTOTIC_PROCESS	go_bp	0	3	8	53	2920	1.000000e+00	1.000000e+00	
GOBP_POSITIVE_REGULATION_OF_NEUROEPITHELIAL_CELL_DIFFERENTIATION	go_bp	0	3	8	53	2920	1.000000e+00	1.000000e+00	
GOBP_POSITIVE_REGULATION_OF_NEURON_MIGRATION	go_bp	0	3	18	53	2920	1.000000e+00	1.000000e+00	
GOBP_POSITIVE_REGULATION_OF_NITRIC_OXIDE_SYNTHASE_ACTIVITY	go_bp	0	3	14	53	2920	1.000000e+00	1.000000e+00	
GOBP_POSITIVE_REGULATION_OF_NON_MOTILE_CILIUM_ASSEMBLY	go_bp	0	3	8	53	2920	1.000000e+00	1.000000e+00	
GOBP_POSITIVE_REGULATION_OF_NUCLEOTIDE_BINDING_DOMAIN_LEUCINE_RICH_REPEAT_CONTAINING_RECEPTOR_SIGNALING_PATHWAY	go_bp	0	3	7	53	2920	1.000000e+00	1.000000e+00	
GOBP_POSITIVE_REGULATION_OF_OXIDATIVE_STRESS_INDUCED_INTRINSIC_APOPTOTIC_SIGNALING_PATHWAY	go_bp	0	3	9	53	2920	1.000000e+00	1.000000e+00	
GOBP_POSITIVE_REGULATION_OF_PHOSPHOLIPID_BIOSYNTHETIC_PROCESS	go_bp	0	3	10	53	2920	1.000000e+00	1.000000e+00	
GOBP_POSITIVE_REGULATION_OF_PINOCYTOSIS	go_bp	0	3	7	53	2920	1.000000e+00	1.000000e+00	
GOBP_POSITIVE_REGULATION_OF_POST_TRANSCRIPTIONAL_GENE_SILENCING	go_bp	0	3	12	53	2920	1.000000e+00	1.000000e+00	
GOBP_POSITIVE_REGULATION_OF_PROTEIN_CATABOLIC_PROCESS_IN_THE_VACUOLE	go_bp	0	3	7	53	2920	1.000000e+00	1.000000e+00	
GOBP_POSITIVE_REGULATION_OF_PROTEIN_GLYCOSYLATION	go_bp	0	3	7	53	2920	1.000000e+00	1.000000e+00	
GOBP_POSITIVE_REGULATION_OF_PROTEIN_LOCALIZATION_TO_SYNAPSE	go_bp	0	3	6	53	2920	1.000000e+00	1.000000e+00	
GOBP_POSITIVE_REGULATION_OF_PYROPTOSIS	go_bp	0	3	5	53	2920	1.000000e+00	1.000000e+00	
GOBP_POSITIVE_REGULATION_OF_RAC_PROTEIN_SIGNAL_TRANSDUCTION	go_bp	0	3	10	53	2920	1.000000e+00	1.000000e+00	
GOBP_POSITIVE_REGULATION_OF_RECEPTOR_CLUSTERING	go_bp	0	3	10	53	2920	1.000000e+00	1.000000e+00	
GOBP_POSITIVE_REGULATION_OF_RUFFLE_ASSEMBLY	go_bp	0	3	15	53	2920	1.000000e+00	1.000000e+00	
GOBP_POSITIVE_REGULATION_OF_STRIATED_MUSCLE_CELL_APOPTOTIC_PROCESS	go_bp	0	3	17	53	2920	1.000000e+00	1.000000e+00	
GOBP_POSITIVE_REGULATION_OF_SYNAPTIC_VESICLE_FUSION_TO_PRESYNAPTIC_ACTIVE_ZONE_MEMBRANE	go_bp	0	3	6	53	2920	1.000000e+00	1.000000e+00	
GOBP_POSITIVE_REGULATION_OF_TELOMERASE_ACTIVITY	go_bp	0	3	30	53	2920	1.000000e+00	1.000000e+00	
GOBP_POSITIVE_REGULATION_OF_TELOMERE_MAINTENANCE_VIA_TELOMERE_LENGTHENING	go_bp	0	3	38	53	2920	1.000000e+00	1.000000e+00	
GOBP_POSITIVE_REGULATION_OF_TOLL_LIKE_RECEPTOR_4_SIGNALING_PATHWAY	go_bp	0	3	13	53	2920	1.000000e+00	1.000000e+00	
GOBP_POSITIVE_REGULATION_OF_TRANSCRIPTION_ELONGATION_BY_RNA_POLYMERASE_II	go_bp	0	3	49	53	2920	1.000000e+00	1.000000e+00	
GOBP_POSITIVE_REGULATION_OF_T_HELPER_1_CELL_DIFFERENTIATION	go_bp	0	3	6	53	2920	1.000000e+00	1.000000e+00	
GOBP_POSITIVE_REGULATION_OF_T_HELPER_2_CELL_DIFFERENTIATION	go_bp	0	3	7	53	2920	1.000000e+00	1.000000e+00	
GOBP_POSITIVE_REGULATION_OF_VASCULAR_ASSOCIATED_SMOOTH_MUSCLE_CELL_APOPTOTIC_PROCESS	go_bp	0	3	12	53	2920	1.000000e+00	1.000000e+00	
GOBP_POSITIVE_REGULATION_OF_VASCULAR_ASSOCIATED_SMOOTH_MUSCLE_CELL_DIFFERENTIATION	go_bp	0	3	13	53	2920	1.000000e+00	1.000000e+00	
GOBP_POSITIVE_REGULATION_OF_VASCULAR_ASSOCIATED_SMOOTH_MUSCLE_CELL_MIGRATION	go_bp	0	3	26	53	2920	1.000000e+00	1.000000e+00	
GOBP_POSTSYNAPTIC_DENSITY_PROTEIN_95_CLUSTERING	go_bp	0	3	10	53	2920	1.000000e+00	1.000000e+00	
GOBP_POSTSYNAPTIC_MEMBRANE_ASSEMBLY	go_bp	0	3	10	53	2920	1.000000e+00	1.000000e+00	
GOBP_POST_ANAL_TAIL_MORPHOGENESIS	go_bp	0	3	19	53	2920	1.000000e+00	1.000000e+00	
GOBP_POST_EMBRYONIC_EYE_MORPHOGENESIS	go_bp	0	3	7	53	2920	1.000000e+00	1.000000e+00	
GOBP_PRIMARY_AMINO_COMPOUND_METABOLIC_PROCESS	go_bp	0	3	15	53	2920	1.000000e+00	1.000000e+00	
GOBP_PROGESTERONE_BIOSYNTHETIC_PROCESS	go_bp	0	3	6	53	2920	1.000000e+00	1.000000e+00	
GOBP_PROSTATE_GLANDULAR_ACINUS_MORPHOGENESIS	go_bp	0	3	6	53	2920	1.000000e+00	1.000000e+00	
GOBP_PROTECTION_FROM_NATURAL_KILLER_CELL_MEDIATED_CYTOTOXICITY	go_bp	0	3	6	53	2920	1.000000e+00	1.000000e+00	
GOBP_PROTEIN_HYDROXYLATION	go_bp	0	3	23	53	2920	1.000000e+00	1.000000e+00	
GOBP_PROTEIN_IMPORT_INTO_MITOCHONDRIAL_MATRIX	go_bp	0	3	20	53	2920	1.000000e+00	1.000000e+00	
GOBP_PROTEIN_LOCALIZATION_TO_AXON	go_bp	0	3	9	53	2920	1.000000e+00	1.000000e+00	
GOBP_PROTEIN_LOCALIZATION_TO_CELL_CORTEX	go_bp	0	3	11	53	2920	1.000000e+00	1.000000e+00	
GOBP_PROTEIN_LOCALIZATION_TO_CYTOPLASMIC_STRESS_GRANULE	go_bp	0	3	8	53	2920	1.000000e+00	1.000000e+00	
GOBP_PROTEIN_LOCALIZATION_TO_MICROTUBULE	go_bp	0	3	19	53	2920	1.000000e+00	1.000000e+00	
GOBP_PROTEIN_LOCALIZATION_TO_NUCLEAR_ENVELOPE	go_bp	0	3	13	53	2920	1.000000e+00	1.000000e+00	
GOBP_PROTEIN_LOCALIZATION_TO_SITE_OF_DOUBLE_STRAND_BREAK	go_bp	0	3	15	53	2920	1.000000e+00	1.000000e+00	
GOBP_PROTEIN_MATURATION_BY_4FE_4S_CLUSTER_TRANSFER	go_bp	0	3	8	53	2920	1.000000e+00	1.000000e+00	
GOBP_PROTEIN_MATURATION_BY_IRON_SULFUR_CLUSTER_TRANSFER	go_bp	0	3	17	53	2920	1.000000e+00	1.000000e+00	
GOBP_PROTEIN_QUALITY_CONTROL_FOR_MISFOLDED_OR_INCOMPLETELY_SYNTHESIZED_PROTEINS	go_bp	0	3	25	53	2920	1.000000e+00	1.000000e+00	
GOBP_PROTEIN_TRANSPORT_WITHIN_LIPID_BILAYER	go_bp	0	3	7	53	2920	1.000000e+00	1.000000e+00	
GOBP_PROXIMAL_TUBULE_DEVELOPMENT	go_bp	0	3	10	53	2920	1.000000e+00	1.000000e+00	
GOBP_PSEUDOPODIUM_ORGANIZATION	go_bp	0	3	17	53	2920	1.000000e+00	1.000000e+00	
GOBP_PURINE_DEOXYRIBONUCLEOSIDE_MONOPHOSPHATE_CATABOLIC_PROCESS	go_bp	0	3	6	53	2920	1.000000e+00	1.000000e+00	
GOBP_PURINE_NUCLEOSIDE_DIPHOSPHATE_BIOSYNTHETIC_PROCESS	go_bp	0	3	6	53	2920	1.000000e+00	1.000000e+00	
GOBP_PURINE_RIBONUCLEOSIDE_SALVAGE	go_bp	0	3	7	53	2920	1.000000e+00	1.000000e+00	
GOBP_PURINE_RIBONUCLEOTIDE_SALVAGE	go_bp	0	3	8	53	2920	1.000000e+00	1.000000e+00	
GOBP_PUTRESCINE_METABOLIC_PROCESS	go_bp	0	3	8	53	2920	1.000000e+00	1.000000e+00	
GOBP_PYRIMIDINE_DEOXYRIBONUCLEOSIDE_TRIPHOSPHATE_METABOLIC_PROCESS	go_bp	0	3	6	53	2920	1.000000e+00	1.000000e+00	
GOBP_PYRIMIDINE_DEOXYRIBONUCLEOTIDE_BIOSYNTHETIC_PROCESS	go_bp	0	3	6	53	2920	1.000000e+00	1.000000e+00	
GOBP_PYRIMIDINE_NUCLEOBASE_METABOLIC_PROCESS	go_bp	0	3	21	53	2920	1.000000e+00	1.000000e+00	
GOBP_PYRIMIDINE_NUCLEOSIDE_CATABOLIC_PROCESS	go_bp	0	3	17	53	2920	1.000000e+00	1.000000e+00	
GOBP_PYRIMIDINE_NUCLEOSIDE_DIPHOSPHATE_METABOLIC_PROCESS	go_bp	0	3	9	53	2920	1.000000e+00	1.000000e+00	
GOBP_PYRIMIDINE_NUCLEOSIDE_MONOPHOSPHATE_CATABOLIC_PROCESS	go_bp	0	3	8	53	2920	1.000000e+00	1.000000e+00	
GOBP_PYRIMIDINE_NUCLEOSIDE_TRIPHOSPHATE_BIOSYNTHETIC_PROCESS	go_bp	0	3	19	53	2920	1.000000e+00	1.000000e+00	
GOBP_PYRIMIDINE_RIBONUCLEOTIDE_CATABOLIC_PROCESS	go_bp	0	3	8	53	2920	1.000000e+00	1.000000e+00	
GOBP_PYRUVATE_FAMILY_AMINO_ACID_CATABOLIC_PROCESS	go_bp	0	3	10	53	2920	1.000000e+00	1.000000e+00	
GOBP_RAB_PROTEIN_SIGNAL_TRANSDUCTION	go_bp	0	3	22	53	2920	1.000000e+00	1.000000e+00	
GOBP_REGULATION_BY_VIRUS_OF_VIRAL_PROTEIN_LEVELS_IN_HOST_CELL	go_bp	0	3	7	53	2920	1.000000e+00	1.000000e+00	
GOBP_REGULATION_OF_ADHERENS_JUNCTION_ORGANIZATION	go_bp	0	3	5	53	2920	1.000000e+00	1.000000e+00	
GOBP_REGULATION_OF_AMINO_ACID_TRANSMEMBRANE_TRANSPORT	go_bp	0	3	16	53	2920	1.000000e+00	1.000000e+00	
GOBP_REGULATION_OF_AMPA_RECEPTOR_ACTIVITY	go_bp	0	3	19	53	2920	1.000000e+00	1.000000e+00	
GOBP_REGULATION_OF_ASTROCYTE_ACTIVATION	go_bp	0	3	8	53	2920	1.000000e+00	1.000000e+00	
GOBP_REGULATION_OF_ATTACHMENT_OF_SPINDLE_MICROTUBULES_TO_KINETOCHORE	go_bp	0	3	22	53	2920	1.000000e+00	1.000000e+00	
GOBP_REGULATION_OF_AXON_GUIDANCE	go_bp	0	3	11	53	2920	1.000000e+00	1.000000e+00	
GOBP_REGULATION_OF_BINDING_OF_SPERM_TO_ZONA_PELLUCIDA	go_bp	0	3	5	53	2920	1.000000e+00	1.000000e+00	
GOBP_REGULATION_OF_BRANCHING_INVOLVED_IN_LUNG_MORPHOGENESIS	go_bp	0	3	6	53	2920	1.000000e+00	1.000000e+00	
GOBP_REGULATION_OF_BRANCHING_INVOLVED_IN_PROSTATE_GLAND_MORPHOGENESIS	go_bp	0	3	5	53	2920	1.000000e+00	1.000000e+00	
GOBP_REGULATION_OF_CELLULAR_PH_REDUCTION	go_bp	0	3	8	53	2920	1.000000e+00	1.000000e+00	
GOBP_REGULATION_OF_CELLULAR_RESPONSE_TO_OSMOTIC_STRESS	go_bp	0	3	13	53	2920	1.000000e+00	1.000000e+00	
GOBP_REGULATION_OF_CELL_COMMUNICATION_BY_ELECTRICAL_COUPLING	go_bp	0	3	16	53	2920	1.000000e+00	1.000000e+00	
GOBP_REGULATION_OF_CHROMATIN_ORGANIZATION	go_bp	0	3	35	53	2920	1.000000e+00	1.000000e+00	
GOBP_REGULATION_OF_CILIUM_DEPENDENT_CELL_MOTILITY	go_bp	0	3	31	53	2920	1.000000e+00	1.000000e+00	
GOBP_REGULATION_OF_CILIUM_MOVEMENT	go_bp	0	3	42	53	2920	1.000000e+00	1.000000e+00	
GOBP_REGULATION_OF_CORTICOTROPIN_SECRETION	go_bp	0	3	5	53	2920	1.000000e+00	1.000000e+00	
GOBP_REGULATION_OF_CYTOKINETIC_PROCESS	go_bp	0	3	7	53	2920	1.000000e+00	1.000000e+00	
GOBP_REGULATION_OF_CYTOPLASMIC_TRANSLATION	go_bp	0	3	35	53	2920	1.000000e+00	1.000000e+00	
GOBP_REGULATION_OF_DENDRITE_EXTENSION	go_bp	0	3	27	53	2920	1.000000e+00	1.000000e+00	
GOBP_REGULATION_OF_DNA_DAMAGE_CHECKPOINT	go_bp	0	3	21	53	2920	1.000000e+00	1.000000e+00	
GOBP_REGULATION_OF_DOUBLE_STRAND_BREAK_REPAIR_VIA_NONHOMOLOGOUS_END_JOINING	go_bp	0	3	30	53	2920	1.000000e+00	1.000000e+00	
GOBP_REGULATION_OF_ENDOCYTIC_RECYCLING	go_bp	0	3	21	53	2920	1.000000e+00	1.000000e+00	
GOBP_REGULATION_OF_ENDODEOXYRIBONUCLEASE_ACTIVITY	go_bp	0	3	8	53	2920	1.000000e+00	1.000000e+00	
GOBP_REGULATION_OF_ENDODERMAL_CELL_DIFFERENTIATION	go_bp	0	3	7	53	2920	1.000000e+00	1.000000e+00	
GOBP_REGULATION_OF_ENDOSOME_SIZE	go_bp	0	3	13	53	2920	1.000000e+00	1.000000e+00	
GOBP_REGULATION_OF_EPITHELIAL_CELL_PROLIFERATION_INVOLVED_IN_LUNG_MORPHOGENESIS	go_bp	0	3	7	53	2920	1.000000e+00	1.000000e+00	
GOBP_REGULATION_OF_EXCITATORY_SYNAPSE_ASSEMBLY	go_bp	0	3	17	53	2920	1.000000e+00	1.000000e+00	
GOBP_REGULATION_OF_FLAGELLATED_SPERM_MOTILITY	go_bp	0	3	22	53	2920	1.000000e+00	1.000000e+00	
GOBP_REGULATION_OF_GAMMA_DELTA_T_CELL_ACTIVATION	go_bp	0	3	11	53	2920	1.000000e+00	1.000000e+00	
GOBP_REGULATION_OF_GASTRIC_ACID_SECRETION	go_bp	0	3	6	53	2920	1.000000e+00	1.000000e+00	
GOBP_REGULATION_OF_GERM_CELL_PROLIFERATION	go_bp	0	3	8	53	2920	1.000000e+00	1.000000e+00	
GOBP_REGULATION_OF_GLOMERULAR_FILTRATION	go_bp	0	3	9	53	2920	1.000000e+00	1.000000e+00	
GOBP_REGULATION_OF_GLUCAGON_SECRETION	go_bp	0	3	8	53	2920	1.000000e+00	1.000000e+00	
GOBP_REGULATION_OF_GLUCOCORTICOID_METABOLIC_PROCESS	go_bp	0	3	11	53	2920	1.000000e+00	1.000000e+00	
GOBP_REGULATION_OF_GOLGI_ORGANIZATION	go_bp	0	3	17	53	2920	1.000000e+00	1.000000e+00	
GOBP_REGULATION_OF_GONADOTROPIN_SECRETION	go_bp	0	3	12	53	2920	1.000000e+00	1.000000e+00	
GOBP_REGULATION_OF_GONAD_DEVELOPMENT	go_bp	0	3	13	53	2920	1.000000e+00	1.000000e+00	
GOBP_REGULATION_OF_GTP_BINDING	go_bp	0	3	9	53	2920	1.000000e+00	1.000000e+00	
GOBP_REGULATION_OF_GUANYLATE_CYCLASE_ACTIVITY	go_bp	0	3	7	53	2920	1.000000e+00	1.000000e+00	
GOBP_REGULATION_OF_GUANYL_NUCLEOTIDE_EXCHANGE_FACTOR_ACTIVITY	go_bp	0	3	7	53	2920	1.000000e+00	1.000000e+00	
GOBP_REGULATION_OF_HEMATOPOIETIC_STEM_CELL_DIFFERENTIATION	go_bp	0	3	17	53	2920	1.000000e+00	1.000000e+00	
GOBP_REGULATION_OF_HIPPO_SIGNALING	go_bp	0	3	37	53	2920	1.000000e+00	1.000000e+00	
GOBP_REGULATION_OF_HYDROGEN_PEROXIDE_METABOLIC_PROCESS	go_bp	0	3	18	53	2920	1.000000e+00	1.000000e+00	
GOBP_REGULATION_OF_INNER_EAR_AUDITORY_RECEPTOR_CELL_DIFFERENTIATION	go_bp	0	3	9	53	2920	1.000000e+00	1.000000e+00	
GOBP_REGULATION_OF_IRON_ION_TRANSPORT	go_bp	0	3	8	53	2920	1.000000e+00	1.000000e+00	
GOBP_REGULATION_OF_ISOMERASE_ACTIVITY	go_bp	0	3	7	53	2920	1.000000e+00	1.000000e+00	
GOBP_REGULATION_OF_I_KAPPAB_PHOSPHORYLATION	go_bp	0	3	8	53	2920	1.000000e+00	1.000000e+00	
GOBP_REGULATION_OF_LENS_FIBER_CELL_DIFFERENTIATION	go_bp	0	3	8	53	2920	1.000000e+00	1.000000e+00	
GOBP_REGULATION_OF_LIPID_KINASE_ACTIVITY	go_bp	0	3	8	53	2920	1.000000e+00	1.000000e+00	
GOBP_REGULATION_OF_LONG_CHAIN_FATTY_ACID_IMPORT_INTO_CELL	go_bp	0	3	8	53	2920	1.000000e+00	1.000000e+00	
GOBP_REGULATION_OF_LYSOSOME_ORGANIZATION	go_bp	0	3	12	53	2920	1.000000e+00	1.000000e+00	
GOBP_REGULATION_OF_MACROPHAGE_APOPTOTIC_PROCESS	go_bp	0	3	11	53	2920	1.000000e+00	1.000000e+00	
GOBP_REGULATION_OF_MACROPHAGE_PROLIFERATION	go_bp	0	3	7	53	2920	1.000000e+00	1.000000e+00	
GOBP_REGULATION_OF_MAMMARY_GLAND_EPITHELIAL_CELL_PROLIFERATION	go_bp	0	3	15	53	2920	1.000000e+00	1.000000e+00	
GOBP_REGULATION_OF_MICROTUBULE_NUCLEATION	go_bp	0	3	19	53	2920	1.000000e+00	1.000000e+00	
GOBP_REGULATION_OF_MITOCHONDRIAL_GENE_EXPRESSION	go_bp	0	3	33	53	2920	1.000000e+00	1.000000e+00	
GOBP_REGULATION_OF_MITOCHONDRIAL_RNA_CATABOLIC_PROCESS	go_bp	0	3	5	53	2920	1.000000e+00	1.000000e+00	
GOBP_REGULATION_OF_MITOTIC_CENTROSOME_SEPARATION	go_bp	0	3	9	53	2920	1.000000e+00	1.000000e+00	
GOBP_REGULATION_OF_MITOTIC_CYTOKINESIS	go_bp	0	3	16	53	2920	1.000000e+00	1.000000e+00	
GOBP_REGULATION_OF_NEUROTROPHIN_TRK_RECEPTOR_SIGNALING_PATHWAY	go_bp	0	3	11	53	2920	1.000000e+00	1.000000e+00	
GOBP_REGULATION_OF_NK_T_CELL_ACTIVATION	go_bp	0	3	11	53	2920	1.000000e+00	1.000000e+00	
GOBP_REGULATION_OF_NK_T_CELL_DIFFERENTIATION	go_bp	0	3	6	53	2920	1.000000e+00	1.000000e+00	
GOBP_REGULATION_OF_NODAL_SIGNALING_PATHWAY	go_bp	0	3	7	53	2920	1.000000e+00	1.000000e+00	
GOBP_REGULATION_OF_NON_MOTILE_CILIUM_ASSEMBLY	go_bp	0	3	11	53	2920	1.000000e+00	1.000000e+00	
GOBP_REGULATION_OF_NUCLEOTIDE_EXCISION_REPAIR	go_bp	0	3	28	53	2920	1.000000e+00	1.000000e+00	
GOBP_REGULATION_OF_ODONTOBLAST_DIFFERENTIATION	go_bp	0	3	10	53	2920	1.000000e+00	1.000000e+00	
GOBP_REGULATION_OF_OXIDATIVE_PHOSPHORYLATION	go_bp	0	3	24	53	2920	1.000000e+00	1.000000e+00	
GOBP_REGULATION_OF_PERK_MEDIATED_UNFOLDED_PROTEIN_RESPONSE	go_bp	0	3	12	53	2920	1.000000e+00	1.000000e+00	
GOBP_REGULATION_OF_PEROXISOME_PROLIFERATOR_ACTIVATED_RECEPTOR_SIGNALING_PATHWAY	go_bp	0	3	15	53	2920	1.000000e+00	1.000000e+00	
GOBP_REGULATION_OF_PHOSPHOLIPASE_A2_ACTIVITY	go_bp	0	3	9	53	2920	1.000000e+00	1.000000e+00	
GOBP_REGULATION_OF_PHOSPHOLIPASE_C_ACTIVATING_G_PROTEIN_COUPLED_RECEPTOR_SIGNALING_PATHWAY	go_bp	0	3	6	53	2920	1.000000e+00	1.000000e+00	
GOBP_REGULATION_OF_PLASMA_CELL_DIFFERENTIATION	go_bp	0	3	6	53	2920	1.000000e+00	1.000000e+00	
GOBP_REGULATION_OF_POSTSYNAPTIC_DENSITY_ASSEMBLY	go_bp	0	3	13	53	2920	1.000000e+00	1.000000e+00	
GOBP_REGULATION_OF_POTASSIUM_ION_IMPORT	go_bp	0	3	5	53	2920	1.000000e+00	1.000000e+00	
GOBP_REGULATION_OF_PRIMARY_MIRNA_PROCESSING	go_bp	0	3	6	53	2920	1.000000e+00	1.000000e+00	
GOBP_REGULATION_OF_PROTEIN_FOLDING	go_bp	0	3	9	53	2920	1.000000e+00	1.000000e+00	
GOBP_REGULATION_OF_PROTEIN_K48_LINKED_UBIQUITINATION	go_bp	0	3	6	53	2920	1.000000e+00	1.000000e+00	
GOBP_REGULATION_OF_PROTEIN_NEDDYLATION	go_bp	0	3	19	53	2920	1.000000e+00	1.000000e+00	
GOBP_REGULATION_OF_PROTEIN_SUMOYLATION	go_bp	0	3	24	53	2920	1.000000e+00	1.000000e+00	
GOBP_REGULATION_OF_RELAXATION_OF_CARDIAC_MUSCLE	go_bp	0	3	6	53	2920	1.000000e+00	1.000000e+00	
GOBP_REGULATION_OF_RELAXATION_OF_MUSCLE	go_bp	0	3	14	53	2920	1.000000e+00	1.000000e+00	
GOBP_REGULATION_OF_RESPIRATORY_BURST_INVOLVED_IN_INFLAMMATORY_RESPONSE	go_bp	0	3	8	53	2920	1.000000e+00	1.000000e+00	
GOBP_REGULATION_OF_RESPIRATORY_GASEOUS_EXCHANGE	go_bp	0	3	25	53	2920	1.000000e+00	1.000000e+00	
GOBP_REGULATION_OF_RESPONSE_TO_OSMOTIC_STRESS	go_bp	0	3	16	53	2920	1.000000e+00	1.000000e+00	
GOBP_REGULATION_OF_RESPONSE_TO_TYPE_II_INTERFERON	go_bp	0	3	14	53	2920	1.000000e+00	1.000000e+00	
GOBP_REGULATION_OF_RETROGRADE_PROTEIN_TRANSPORT_ER_TO_CYTOSOL	go_bp	0	3	13	53	2920	1.000000e+00	1.000000e+00	
GOBP_REGULATION_OF_RIG_I_SIGNALING_PATHWAY	go_bp	0	3	20	53	2920	1.000000e+00	1.000000e+00	
GOBP_REGULATION_OF_SECONDARY_METABOLIC_PROCESS	go_bp	0	3	16	53	2920	1.000000e+00	1.000000e+00	
GOBP_REGULATION_OF_SEQUESTERING_OF_TRIGLYCERIDE	go_bp	0	3	15	53	2920	1.000000e+00	1.000000e+00	
GOBP_REGULATION_OF_SERINE_TYPE_PEPTIDASE_ACTIVITY	go_bp	0	3	8	53	2920	1.000000e+00	1.000000e+00	
GOBP_REGULATION_OF_SHORT_TERM_NEURONAL_SYNAPTIC_PLASTICITY	go_bp	0	3	16	53	2920	1.000000e+00	1.000000e+00	
GOBP_REGULATION_OF_SISTER_CHROMATID_COHESION	go_bp	0	3	17	53	2920	1.000000e+00	1.000000e+00	
GOBP_REGULATION_OF_SKELETAL_MUSCLE_ACETYLCHOLINE_GATED_CHANNEL_CLUSTERING	go_bp	0	3	7	53	2920	1.000000e+00	1.000000e+00	
GOBP_REGULATION_OF_SKELETAL_MUSCLE_SATELLITE_CELL_PROLIFERATION	go_bp	0	3	12	53	2920	1.000000e+00	1.000000e+00	
GOBP_REGULATION_OF_SMOOTH_MUSCLE_CELL_CHEMOTAXIS	go_bp	0	3	7	53	2920	1.000000e+00	1.000000e+00	
GOBP_REGULATION_OF_SODIUM_DEPENDENT_PHOSPHATE_TRANSPORT	go_bp	0	3	5	53	2920	1.000000e+00	1.000000e+00	
GOBP_REGULATION_OF_SPINDLE_CHECKPOINT	go_bp	0	3	23	53	2920	1.000000e+00	1.000000e+00	
GOBP_REGULATION_OF_STORE_OPERATED_CALCIUM_ENTRY	go_bp	0	3	16	53	2920	1.000000e+00	1.000000e+00	
GOBP_REGULATION_OF_SYNAPTIC_VESICLE_ENDOCYTOSIS	go_bp	0	3	19	53	2920	1.000000e+00	1.000000e+00	
GOBP_REGULATION_OF_TELOMERE_MAINTENANCE_IN_RESPONSE_TO_DNA_DAMAGE	go_bp	0	3	19	53	2920	1.000000e+00	1.000000e+00	
GOBP_REGULATION_OF_TESTOSTERONE_BIOSYNTHETIC_PROCESS	go_bp	0	3	7	53	2920	1.000000e+00	1.000000e+00	
GOBP_REGULATION_OF_TOLL_LIKE_RECEPTOR_2_SIGNALING_PATHWAY	go_bp	0	3	12	53	2920	1.000000e+00	1.000000e+00	
GOBP_REGULATION_OF_TRANSLATION_AT_SYNAPSE	go_bp	0	3	9	53	2920	1.000000e+00	1.000000e+00	
GOBP_REGULATION_OF_TRANSLATION_INITIATION_IN_RESPONSE_TO_ENDOPLASMIC_RETICULUM_STRESS	go_bp	0	3	8	53	2920	1.000000e+00	1.000000e+00	
GOBP_REGULATION_OF_T_CELL_COSTIMULATION	go_bp	0	3	5	53	2920	1.000000e+00	1.000000e+00	
GOBP_REGULATION_OF_UBIQUITIN_PROTEIN_TRANSFERASE_ACTIVITY	go_bp	0	3	38	53	2920	1.000000e+00	1.000000e+00	
GOBP_REGULATION_OF_VENTRICULAR_CARDIAC_MUSCLE_CELL_ACTION_POTENTIAL	go_bp	0	3	12	53	2920	1.000000e+00	1.000000e+00	
GOBP_REGULATION_OF_VIRAL_TRANSCRIPTION	go_bp	0	3	19	53	2920	1.000000e+00	1.000000e+00	
GOBP_REGULATION_OF_VITAMIN_D_BIOSYNTHETIC_PROCESS	go_bp	0	3	7	53	2920	1.000000e+00	1.000000e+00	
GOBP_REGULATION_OF_VITAMIN_METABOLIC_PROCESS	go_bp	0	3	12	53	2920	1.000000e+00	1.000000e+00	
GOBP_REGULATION_OF_VOLTAGE_GATED_SODIUM_CHANNEL_ACTIVITY	go_bp	0	3	10	53	2920	1.000000e+00	1.000000e+00	
GOBP_REGULATION_OF_WOUND_HEALING_SPREADING_OF_EPIDERMAL_CELLS	go_bp	0	3	11	53	2920	1.000000e+00	1.000000e+00	
GOBP_RENAL_RESPONSE_TO_BLOOD_FLOW_INVOLVED_IN_CIRCULATORY_RENIN_ANGIOTENSIN_REGULATION_OF_SYSTEMIC_ARTERIAL_BLOOD_PRESSURE	go_bp	0	3	7	53	2920	1.000000e+00	1.000000e+00	
GOBP_RENAL_SYSTEM_PROCESS_INVOLVED_IN_REGULATION_OF_BLOOD_VOLUME	go_bp	0	3	14	53	2920	1.000000e+00	1.000000e+00	
GOBP_RENAL_VESICLE_DEVELOPMENT	go_bp	0	3	18	53	2920	1.000000e+00	1.000000e+00	
GOBP_RESPONSE_TO_CYCLOHEXIMIDE	go_bp	0	3	5	53	2920	1.000000e+00	1.000000e+00	
GOBP_RESPONSE_TO_DIACYL_BACTERIAL_LIPOPEPTIDE	go_bp	0	3	5	53	2920	1.000000e+00	1.000000e+00	
GOBP_RESPONSE_TO_ERYTHROPOIETIN	go_bp	0	3	7	53	2920	1.000000e+00	1.000000e+00	
GOBP_RESPONSE_TO_INACTIVITY	go_bp	0	3	12	53	2920	1.000000e+00	1.000000e+00	
GOBP_RESPONSE_TO_INTERLEUKIN_13	go_bp	0	3	5	53	2920	1.000000e+00	1.000000e+00	
GOBP_RESPONSE_TO_INTERLEUKIN_3	go_bp	0	3	7	53	2920	1.000000e+00	1.000000e+00	
GOBP_RESPONSE_TO_IRON_II_ION	go_bp	0	3	6	53	2920	1.000000e+00	1.000000e+00	
GOBP_RESPONSE_TO_L_PHENYLALANINE_DERIVATIVE	go_bp	0	3	6	53	2920	1.000000e+00	1.000000e+00	
GOBP_RESPONSE_TO_NITROSATIVE_STRESS	go_bp	0	3	10	53	2920	1.000000e+00	1.000000e+00	
GOBP_RESPONSE_TO_PHORBOL_13_ACETATE_12_MYRISTATE	go_bp	0	3	10	53	2920	1.000000e+00	1.000000e+00	
GOBP_RESPONSE_TO_SELENIUM_ION	go_bp	0	3	10	53	2920	1.000000e+00	1.000000e+00	
GOBP_RESPONSE_TO_SODIUM_PHOSPHATE	go_bp	0	3	10	53	2920	1.000000e+00	1.000000e+00	
GOBP_RESPONSE_TO_STEROL_DEPLETION	go_bp	0	3	18	53	2920	1.000000e+00	1.000000e+00	
GOBP_RESPONSE_TO_STILBENOID	go_bp	0	3	8	53	2920	1.000000e+00	1.000000e+00	
GOBP_RESPONSE_TO_STIMULUS_INVOLVED_IN_REGULATION_OF_MUSCLE_ADAPTATION	go_bp	0	3	14	53	2920	1.000000e+00	1.000000e+00	
GOBP_RESPONSE_TO_VITAMIN_A	go_bp	0	3	15	53	2920	1.000000e+00	1.000000e+00	
GOBP_RETINAL_ROD_CELL_DIFFERENTIATION	go_bp	0	3	17	53	2920	1.000000e+00	1.000000e+00	
GOBP_RETINA_VASCULATURE_MORPHOGENESIS_IN_CAMERA_TYPE_EYE	go_bp	0	3	10	53	2920	1.000000e+00	1.000000e+00	
GOBP_RETINOIC_ACID_METABOLIC_PROCESS	go_bp	0	3	33	53	2920	1.000000e+00	1.000000e+00	
GOBP_RETINOIC_ACID_RECEPTOR_SIGNALING_PATHWAY	go_bp	0	3	32	53	2920	1.000000e+00	1.000000e+00	
GOBP_RETROGRADE_TRANS_SYNAPTIC_SIGNALING	go_bp	0	3	10	53	2920	1.000000e+00	1.000000e+00	
GOBP_REVERSIBLE_DIFFERENTIATION	go_bp	0	3	12	53	2920	1.000000e+00	1.000000e+00	
GOBP_RNA_DECAPPING	go_bp	0	3	19	53	2920	1.000000e+00	1.000000e+00	
GOBP_RNA_IMPORT_INTO_MITOCHONDRION	go_bp	0	3	5	53	2920	1.000000e+00	1.000000e+00	
GOBP_ROUNDABOUT_SIGNALING_PATHWAY	go_bp	0	3	5	53	2920	1.000000e+00	1.000000e+00	
GOBP_R_LOOP_PROCESSING	go_bp	0	3	9	53	2920	1.000000e+00	1.000000e+00	
GOBP_SECRETION_OF_LYSOSOMAL_ENZYMES	go_bp	0	3	7	53	2920	1.000000e+00	1.000000e+00	
GOBP_SEROTONIN_METABOLIC_PROCESS	go_bp	0	3	11	53	2920	1.000000e+00	1.000000e+00	
GOBP_SERTOLI_CELL_PROLIFERATION	go_bp	0	3	5	53	2920	1.000000e+00	1.000000e+00	
GOBP_SEX_DETERMINATION	go_bp	0	3	22	53	2920	1.000000e+00	1.000000e+00	
GOBP_SHORT_CHAIN_FATTY_ACID_METABOLIC_PROCESS	go_bp	0	3	16	53	2920	1.000000e+00	1.000000e+00	
GOBP_SHORT_TERM_MEMORY	go_bp	0	3	11	53	2920	1.000000e+00	1.000000e+00	
GOBP_SINGLE_STRANDED_VIRAL_RNA_REPLICATION_VIA_DOUBLE_STRANDED_DNA_INTERMEDIATE	go_bp	0	3	20	53	2920	1.000000e+00	1.000000e+00	
GOBP_SINGLE_STRAND_BREAK_REPAIR	go_bp	0	3	12	53	2920	1.000000e+00	1.000000e+00	
GOBP_SIRNA_PROCESSING	go_bp	0	3	8	53	2920	1.000000e+00	1.000000e+00	
GOBP_SKELETAL_MUSCLE_ACETYLCHOLINE_GATED_CHANNEL_CLUSTERING	go_bp	0	3	13	53	2920	1.000000e+00	1.000000e+00	
GOBP_SKELETAL_MUSCLE_CONTRACTION	go_bp	0	3	47	53	2920	1.000000e+00	1.000000e+00	
GOBP_SMOOTH_MUSCLE_ADAPTATION	go_bp	0	3	5	53	2920	1.000000e+00	1.000000e+00	
GOBP_SNRNA_METABOLIC_PROCESS	go_bp	0	3	59	53	2920	1.000000e+00	1.000000e+00	
GOBP_SODIUM_ION_EXPORT_ACROSS_PLASMA_MEMBRANE	go_bp	0	3	15	53	2920	1.000000e+00	1.000000e+00	
GOBP_SPERMATID_NUCLEUS_DIFFERENTIATION	go_bp	0	3	27	53	2920	1.000000e+00	1.000000e+00	
GOBP_SPERMIDINE_METABOLIC_PROCESS	go_bp	0	3	9	53	2920	1.000000e+00	1.000000e+00	
GOBP_SPERM_CAPACITATION	go_bp	0	3	34	53	2920	1.000000e+00	1.000000e+00	
GOBP_SPINAL_CORD_PATTERNING	go_bp	0	3	18	53	2920	1.000000e+00	1.000000e+00	
GOBP_SPONTANEOUS_NEUROTRANSMITTER_SECRETION	go_bp	0	3	8	53	2920	1.000000e+00	1.000000e+00	
GOBP_STRESS_INDUCED_PREMATURE_SENESCENCE	go_bp	0	3	8	53	2920	1.000000e+00	1.000000e+00	
GOBP_SUBSTRATE_DEPENDENT_CELL_MIGRATION_CELL_EXTENSION	go_bp	0	3	9	53	2920	1.000000e+00	1.000000e+00	
GOBP_SUCCINATE_METABOLIC_PROCESS	go_bp	0	3	7	53	2920	1.000000e+00	1.000000e+00	
GOBP_SULFUR_COMPOUND_TRANSPORT	go_bp	0	3	63	53	2920	1.000000e+00	1.000000e+00	
GOBP_SYMPATHETIC_GANGLION_DEVELOPMENT	go_bp	0	3	9	53	2920	1.000000e+00	1.000000e+00	
GOBP_SYMPATHETIC_NEURON_PROJECTION_EXTENSION	go_bp	0	3	5	53	2920	1.000000e+00	1.000000e+00	
GOBP_SYNAPTIC_TRANSMISSION_CHOLINERGIC	go_bp	0	3	32	53	2920	1.000000e+00	1.000000e+00	
GOBP_SYNAPTONEMAL_COMPLEX_ORGANIZATION	go_bp	0	3	27	53	2920	1.000000e+00	1.000000e+00	
GOBP_S_ADENOSYLMETHIONINE_CYCLE	go_bp	0	3	7	53	2920	1.000000e+00	1.000000e+00	
GOBP_TAIL_ANCHORED_MEMBRANE_PROTEIN_INSERTION_INTO_ER_MEMBRANE	go_bp	0	3	17	53	2920	1.000000e+00	1.000000e+00	
GOBP_TELOMERASE_RNA_LOCALIZATION	go_bp	0	3	19	53	2920	1.000000e+00	1.000000e+00	
GOBP_TELOMERE_MAINTENANCE_VIA_SEMI_CONSERVATIVE_REPLICATION	go_bp	0	3	9	53	2920	1.000000e+00	1.000000e+00	
GOBP_TENDON_DEVELOPMENT	go_bp	0	3	6	53	2920	1.000000e+00	1.000000e+00	
GOBP_TERMINAL_BUTTON_ORGANIZATION	go_bp	0	3	6	53	2920	1.000000e+00	1.000000e+00	
GOBP_TETRAHYDROBIOPTERIN_METABOLIC_PROCESS	go_bp	0	3	9	53	2920	1.000000e+00	1.000000e+00	
GOBP_TOLERANCE_INDUCTION_TO_SELF_ANTIGEN	go_bp	0	3	6	53	2920	1.000000e+00	1.000000e+00	
GOBP_TOLL_LIKE_RECEPTOR_7_SIGNALING_PATHWAY	go_bp	0	3	11	53	2920	1.000000e+00	1.000000e+00	
GOBP_TONGUE_DEVELOPMENT	go_bp	0	3	21	53	2920	1.000000e+00	1.000000e+00	
GOBP_TORC2_SIGNALING	go_bp	0	3	14	53	2920	1.000000e+00	1.000000e+00	
GOBP_TRACHEA_FORMATION	go_bp	0	3	7	53	2920	1.000000e+00	1.000000e+00	
GOBP_TRANS_SYNAPTIC_SIGNALING_BY_LIPID	go_bp	0	3	7	53	2920	1.000000e+00	1.000000e+00	
GOBP_TRICARBOXYLIC_ACID_CYCLE	go_bp	0	3	32	53	2920	1.000000e+00	1.000000e+00	
GOBP_TRIGLYCERIDE_RICH_LIPOPROTEIN_PARTICLE_CLEARANCE	go_bp	0	3	7	53	2920	1.000000e+00	1.000000e+00	
GOBP_TRNA_DECAY	go_bp	0	3	16	53	2920	1.000000e+00	1.000000e+00	
GOBP_TRNA_MODIFICATION	go_bp	0	3	93	53	2920	1.000000e+00	1.000000e+00	
GOBP_TRYPTOPHAN_CATABOLIC_PROCESS_TO_KYNURENINE	go_bp	0	3	5	53	2920	1.000000e+00	1.000000e+00	
GOBP_TRYPTOPHAN_METABOLIC_PROCESS	go_bp	0	3	11	53	2920	1.000000e+00	1.000000e+00	
GOBP_TUBE_LUMEN_CAVITATION	go_bp	0	3	5	53	2920	1.000000e+00	1.000000e+00	
GOBP_TUBULIN_COMPLEX_ASSEMBLY	go_bp	0	3	9	53	2920	1.000000e+00	1.000000e+00	
GOBP_T_CELL_MEDIATED_IMMUNE_RESPONSE_TO_TUMOR_CELL	go_bp	0	3	13	53	2920	1.000000e+00	1.000000e+00	
GOBP_UDP_N_ACETYLGLUCOSAMINE_BIOSYNTHETIC_PROCESS	go_bp	0	3	9	53	2920	1.000000e+00	1.000000e+00	
GOBP_URETER_MORPHOGENESIS	go_bp	0	3	7	53	2920	1.000000e+00	1.000000e+00	
GOBP_VASCULAR_ASSOCIATED_SMOOTH_MUSCLE_CELL_APOPTOTIC_PROCESS	go_bp	0	3	19	53	2920	1.000000e+00	1.000000e+00	
GOBP_VENTRICULAR_COMPACT_MYOCARDIUM_MORPHOGENESIS	go_bp	0	3	8	53	2920	1.000000e+00	1.000000e+00	
GOBP_VERY_LOW_DENSITY_LIPOPROTEIN_PARTICLE_CLEARANCE	go_bp	0	3	7	53	2920	1.000000e+00	1.000000e+00	
GOBP_VESICLE_FUSION_WITH_GOLGI_APPARATUS	go_bp	0	3	9	53	2920	1.000000e+00	1.000000e+00	
GOBP_VESTIBULOCOCHLEAR_NERVE_DEVELOPMENT	go_bp	0	3	11	53	2920	1.000000e+00	1.000000e+00	
GOBP_VITAMIN_D_BIOSYNTHETIC_PROCESS	go_bp	0	3	10	53	2920	1.000000e+00	1.000000e+00	
GOBP_VITAMIN_D_RECEPTOR_SIGNALING_PATHWAY	go_bp	0	3	12	53	2920	1.000000e+00	1.000000e+00	
GOBP_VOCALIZATION_BEHAVIOR	go_bp	0	3	19	53	2920	1.000000e+00	1.000000e+00	
GOBP_V_D_J_RECOMBINATION	go_bp	0	3	19	53	2920	1.000000e+00	1.000000e+00	
GOBP_WATER_SOLUBLE_VITAMIN_BIOSYNTHETIC_PROCESS	go_bp	0	3	12	53	2920	1.000000e+00	1.000000e+00	
GOBP_BIOGENIC_AMINE_METABOLIC_PROCESS	go_bp	0	26	99	53	2920	1.000000e+00	1.000000e+00	
GOBP_CELLULAR_RESPONSE_TO_VIRUS	go_bp	0	26	88	53	2920	1.000000e+00	1.000000e+00	
GOBP_CELL_CYCLE_CHECKPOINT_SIGNALING	go_bp	0	26	194	53	2920	1.000000e+00	1.000000e+00	
GOBP_INTERFERON_MEDIATED_SIGNALING_PATHWAY	go_bp	0	26	108	53	2920	1.000000e+00	1.000000e+00	
GOBP_MONOSACCHARIDE_BIOSYNTHETIC_PROCESS	go_bp	0	26	96	53	2920	1.000000e+00	1.000000e+00	
GOBP_POSITIVE_REGULATION_OF_MYELOID_LEUKOCYTE_DIFFERENTIATION	go_bp	0	26	62	53	2920	1.000000e+00	1.000000e+00	
GOBP_POSITIVE_REGULATION_OF_PROTEOLYSIS_INVOLVED_IN_PROTEIN_CATABOLIC_PROCESS	go_bp	0	26	132	53	2920	1.000000e+00	1.000000e+00	
GOBP_POSITIVE_REGULATION_OF_REACTIVE_OXYGEN_SPECIES_METABOLIC_PROCESS	go_bp	0	26	70	53	2920	1.000000e+00	1.000000e+00	
GOBP_REGULATION_OF_AXON_EXTENSION	go_bp	0	26	78	53	2920	1.000000e+00	1.000000e+00	
GOBP_REGULATION_OF_NUCLEOCYTOPLASMIC_TRANSPORT	go_bp	0	26	113	53	2920	1.000000e+00	1.000000e+00	
GOBP_REGULATION_OF_OSTEOCLAST_DIFFERENTIATION	go_bp	0	26	71	53	2920	1.000000e+00	1.000000e+00	
GOBP_REGULATION_OF_STEROID_BIOSYNTHETIC_PROCESS	go_bp	0	26	82	53	2920	1.000000e+00	1.000000e+00	
GOBP_STEM_CELL_PROLIFERATION	go_bp	0	26	126	53	2920	1.000000e+00	1.000000e+00	
GOBP_T_CELL_DIFFERENTIATION_INVOLVED_IN_IMMUNE_RESPONSE	go_bp	0	26	87	53	2920	1.000000e+00	1.000000e+00	
GOBP_VASCULAR_ENDOTHELIAL_GROWTH_FACTOR_RECEPTOR_SIGNALING_PATHWAY	go_bp	0	26	61	53	2920	1.000000e+00	1.000000e+00	
GOBP_MACROAUTOPHAGY	go_bp	0	68	367	53	2920	1.000000e+00	1.000000e+00	
GOBP_ACTIN_NUCLEATION	go_bp	0	13	58	53	2920	1.000000e+00	1.000000e+00	
GOBP_AMINO_SUGAR_METABOLIC_PROCESS	go_bp	0	13	42	53	2920	1.000000e+00	1.000000e+00	
GOBP_ANTIGEN_PROCESSING_AND_PRESENTATION_OF_EXOGENOUS_PEPTIDE_ANTIGEN_VIA_MHC_CLASS_II	go_bp	0	13	31	53	2920	1.000000e+00	1.000000e+00	
GOBP_AUTOPHAGOSOME_MATURATION	go_bp	0	13	68	53	2920	1.000000e+00	1.000000e+00	
GOBP_BLASTOCYST_DEVELOPMENT	go_bp	0	13	117	53	2920	1.000000e+00	1.000000e+00	
GOBP_BONE_GROWTH	go_bp	0	13	31	53	2920	1.000000e+00	1.000000e+00	
GOBP_C21_STEROID_HORMONE_METABOLIC_PROCESS	go_bp	0	13	37	53	2920	1.000000e+00	1.000000e+00	
GOBP_CARDIAC_MUSCLE_CELL_ACTION_POTENTIAL_INVOLVED_IN_CONTRACTION	go_bp	0	13	62	53	2920	1.000000e+00	1.000000e+00	
GOBP_CARTILAGE_DEVELOPMENT_INVOLVED_IN_ENDOCHONDRAL_BONE_MORPHOGENESIS	go_bp	0	13	33	53	2920	1.000000e+00	1.000000e+00	
GOBP_CATECHOLAMINE_SECRETION	go_bp	0	13	49	53	2920	1.000000e+00	1.000000e+00	
GOBP_CELLULAR_RESPONSE_TO_CAMP	go_bp	0	13	51	53	2920	1.000000e+00	1.000000e+00	
GOBP_CELLULAR_RESPONSE_TO_OSMOTIC_STRESS	go_bp	0	13	55	53	2920	1.000000e+00	1.000000e+00	
GOBP_CILIUM_OR_FLAGELLUM_DEPENDENT_CELL_MOTILITY	go_bp	0	13	175	53	2920	1.000000e+00	1.000000e+00	
GOBP_DNA_CONFORMATION_CHANGE	go_bp	0	13	90	53	2920	1.000000e+00	1.000000e+00	
GOBP_EMBRYONIC_HEMOPOIESIS	go_bp	0	13	24	53	2920	1.000000e+00	1.000000e+00	
GOBP_ENDOCARDIAL_CUSHION_MORPHOGENESIS	go_bp	0	13	44	53	2920	1.000000e+00	1.000000e+00	
GOBP_ESTABLISHMENT_OF_EPITHELIAL_CELL_POLARITY	go_bp	0	13	36	53	2920	1.000000e+00	1.000000e+00	
GOBP_ESTABLISHMENT_OF_PROTEIN_LOCALIZATION_TO_VACUOLE	go_bp	0	13	65	53	2920	1.000000e+00	1.000000e+00	
GOBP_EXPLORATION_BEHAVIOR	go_bp	0	13	34	53	2920	1.000000e+00	1.000000e+00	
GOBP_FATTY_ACID_BETA_OXIDATION	go_bp	0	13	75	53	2920	1.000000e+00	1.000000e+00	
GOBP_FATTY_ACID_DERIVATIVE_METABOLIC_PROCESS	go_bp	0	13	78	53	2920	1.000000e+00	1.000000e+00	
GOBP_GLYCEROPHOSPHOLIPID_CATABOLIC_PROCESS	go_bp	0	13	34	53	2920	1.000000e+00	1.000000e+00	
GOBP_GLYCOPROTEIN_CATABOLIC_PROCESS	go_bp	0	13	35	53	2920	1.000000e+00	1.000000e+00	
GOBP_GRANULOCYTE_DIFFERENTIATION	go_bp	0	13	41	53	2920	1.000000e+00	1.000000e+00	
GOBP_HYDROGEN_PEROXIDE_CATABOLIC_PROCESS	go_bp	0	13	31	53	2920	1.000000e+00	1.000000e+00	
GOBP_INORGANIC_ION_IMPORT_ACROSS_PLASMA_MEMBRANE	go_bp	0	13	126	53	2920	1.000000e+00	1.000000e+00	
GOBP_INTERFERON_BETA_PRODUCTION	go_bp	0	13	59	53	2920	1.000000e+00	1.000000e+00	
GOBP_IRON_ION_TRANSPORT	go_bp	0	13	58	53	2920	1.000000e+00	1.000000e+00	
GOBP_MACROMOLECULE_DEACYLATION	go_bp	0	13	58	53	2920	1.000000e+00	1.000000e+00	
GOBP_METANEPHRIC_NEPHRON_DEVELOPMENT	go_bp	0	13	41	53	2920	1.000000e+00	1.000000e+00	
GOBP_MONOCYTE_DIFFERENTIATION	go_bp	0	13	35	53	2920	1.000000e+00	1.000000e+00	
GOBP_MONOSACCHARIDE_CATABOLIC_PROCESS	go_bp	0	13	50	53	2920	1.000000e+00	1.000000e+00	
GOBP_MORPHOGENESIS_OF_A_POLARIZED_EPITHELIUM	go_bp	0	13	63	53	2920	1.000000e+00	1.000000e+00	
GOBP_MULTIVESICULAR_BODY_SORTING_PATHWAY	go_bp	0	13	49	53	2920	1.000000e+00	1.000000e+00	
GOBP_NEGATIVE_REGULATION_OF_BIOMINERAL_TISSUE_DEVELOPMENT	go_bp	0	13	29	53	2920	1.000000e+00	1.000000e+00	
GOBP_NEGATIVE_REGULATION_OF_B_CELL_ACTIVATION	go_bp	0	13	32	53	2920	1.000000e+00	1.000000e+00	
GOBP_NEGATIVE_REGULATION_OF_CARBOHYDRATE_METABOLIC_PROCESS	go_bp	0	13	57	53	2920	1.000000e+00	1.000000e+00	
GOBP_NEGATIVE_REGULATION_OF_CELL_JUNCTION_ASSEMBLY	go_bp	0	13	32	53	2920	1.000000e+00	1.000000e+00	
GOBP_NEGATIVE_REGULATION_OF_INTERLEUKIN_2_PRODUCTION	go_bp	0	13	30	53	2920	1.000000e+00	1.000000e+00	
GOBP_NEGATIVE_REGULATION_OF_INTRINSIC_APOPTOTIC_SIGNALING_PATHWAY_IN_RESPONSE_TO_DNA_DAMAGE	go_bp	0	13	30	53	2920	1.000000e+00	1.000000e+00	
GOBP_NEGATIVE_REGULATION_OF_MAP_KINASE_ACTIVITY	go_bp	0	13	46	53	2920	1.000000e+00	1.000000e+00	
GOBP_NEGATIVE_REGULATION_OF_MIRNA_METABOLIC_PROCESS	go_bp	0	13	28	53	2920	1.000000e+00	1.000000e+00	
GOBP_NEGATIVE_REGULATION_OF_PHOSPHATIDYLINOSITOL_3_KINASE_PROTEIN_KINASE_B_SIGNAL_TRANSDUCTION	go_bp	0	13	72	53	2920	1.000000e+00	1.000000e+00	
GOBP_NEGATIVE_REGULATION_OF_PROTEASOMAL_PROTEIN_CATABOLIC_PROCESS	go_bp	0	13	56	53	2920	1.000000e+00	1.000000e+00	
GOBP_NEGATIVE_REGULATION_OF_PROTEIN_CONTAINING_COMPLEX_DISASSEMBLY	go_bp	0	13	81	53	2920	1.000000e+00	1.000000e+00	
GOBP_NEGATIVE_REGULATION_OF_REGULATED_SECRETORY_PATHWAY	go_bp	0	13	25	53	2920	1.000000e+00	1.000000e+00	
GOBP_NEGATIVE_REGULATION_OF_RNA_CATABOLIC_PROCESS	go_bp	0	13	88	53	2920	1.000000e+00	1.000000e+00	
GOBP_NEGATIVE_REGULATION_OF_SMALL_GTPASE_MEDIATED_SIGNAL_TRANSDUCTION	go_bp	0	13	58	53	2920	1.000000e+00	1.000000e+00	
GOBP_NEGATIVE_REGULATION_OF_TYPE_I_INTERFERON_PRODUCTION	go_bp	0	13	46	53	2920	1.000000e+00	1.000000e+00	
GOBP_NEGATIVE_REGULATION_OF_T_CELL_APOPTOTIC_PROCESS	go_bp	0	13	24	53	2920	1.000000e+00	1.000000e+00	
GOBP_PHOTORECEPTOR_CELL_DIFFERENTIATION	go_bp	0	13	66	53	2920	1.000000e+00	1.000000e+00	
GOBP_POSITIVE_REGULATION_OF_ACUTE_INFLAMMATORY_RESPONSE	go_bp	0	13	28	53	2920	1.000000e+00	1.000000e+00	
GOBP_POSITIVE_REGULATION_OF_CHROMOSOME_ORGANIZATION	go_bp	0	13	109	53	2920	1.000000e+00	1.000000e+00	
GOBP_POSITIVE_REGULATION_OF_DEPHOSPHORYLATION	go_bp	0	13	52	53	2920	1.000000e+00	1.000000e+00	
GOBP_POSITIVE_REGULATION_OF_MACROPHAGE_DERIVED_FOAM_CELL_DIFFERENTIATION	go_bp	0	13	19	53	2920	1.000000e+00	1.000000e+00	
GOBP_POSITIVE_REGULATION_OF_MEMBRANE_PERMEABILITY	go_bp	0	13	47	53	2920	1.000000e+00	1.000000e+00	
GOBP_POSITIVE_REGULATION_OF_MRNA_METABOLIC_PROCESS	go_bp	0	13	240	53	2920	1.000000e+00	1.000000e+00	
GOBP_POSITIVE_REGULATION_OF_MYELOID_LEUKOCYTE_CYTOKINE_PRODUCTION_INVOLVED_IN_IMMUNE_RESPONSE	go_bp	0	13	35	53	2920	1.000000e+00	1.000000e+00	
GOBP_POSITIVE_REGULATION_OF_PROTEIN_IMPORT_INTO_NUCLEUS	go_bp	0	13	40	53	2920	1.000000e+00	1.000000e+00	
GOBP_POSITIVE_REGULATION_OF_STEM_CELL_PROLIFERATION	go_bp	0	13	56	53	2920	1.000000e+00	1.000000e+00	
GOBP_POSITIVE_REGULATION_OF_STEROID_METABOLIC_PROCESS	go_bp	0	13	27	53	2920	1.000000e+00	1.000000e+00	
GOBP_POSITIVE_REGULATION_OF_TYPE_I_INTERFERON_PRODUCTION	go_bp	0	13	75	53	2920	1.000000e+00	1.000000e+00	
GOBP_POSITIVE_REGULATION_OF_T_CELL_CYTOKINE_PRODUCTION	go_bp	0	13	26	53	2920	1.000000e+00	1.000000e+00	
GOBP_POSITIVE_REGULATION_OF_VIRAL_LIFE_CYCLE	go_bp	0	13	24	53	2920	1.000000e+00	1.000000e+00	
GOBP_PROGRAMMED_CELL_DEATH_INVOLVED_IN_CELL_DEVELOPMENT	go_bp	0	13	25	53	2920	1.000000e+00	1.000000e+00	
GOBP_PROTEIN_K48_LINKED_UBIQUITINATION	go_bp	0	13	99	53	2920	1.000000e+00	1.000000e+00	
GOBP_PROTEIN_K63_LINKED_UBIQUITINATION	go_bp	0	13	70	53	2920	1.000000e+00	1.000000e+00	
GOBP_PURINE_NUCLEOSIDE_MONOPHOSPHATE_METABOLIC_PROCESS	go_bp	0	13	43	53	2920	1.000000e+00	1.000000e+00	
GOBP_RAC_PROTEIN_SIGNAL_TRANSDUCTION	go_bp	0	13	49	53	2920	1.000000e+00	1.000000e+00	
GOBP_REGULATION_OF_CARBOHYDRATE_CATABOLIC_PROCESS	go_bp	0	13	63	53	2920	1.000000e+00	1.000000e+00	
GOBP_REGULATION_OF_CELLULAR_RESPONSE_TO_VASCULAR_ENDOTHELIAL_GROWTH_FACTOR_STIMULUS	go_bp	0	13	31	53	2920	1.000000e+00	1.000000e+00	
GOBP_REGULATION_OF_CHOLESTEROL_EFFLUX	go_bp	0	13	54	53	2920	1.000000e+00	1.000000e+00	
GOBP_REGULATION_OF_CILIUM_ASSEMBLY	go_bp	0	13	99	53	2920	1.000000e+00	1.000000e+00	
GOBP_REGULATION_OF_CYTOKINESIS	go_bp	0	13	95	53	2920	1.000000e+00	1.000000e+00	
GOBP_REGULATION_OF_ENDOPLASMIC_RETICULUM_STRESS_INDUCED_INTRINSIC_APOPTOTIC_SIGNALING_PATHWAY	go_bp	0	13	32	53	2920	1.000000e+00	1.000000e+00	
GOBP_REGULATION_OF_EXTRACELLULAR_MATRIX_ASSEMBLY	go_bp	0	13	29	53	2920	1.000000e+00	1.000000e+00	
GOBP_REGULATION_OF_EXTRINSIC_APOPTOTIC_SIGNALING_PATHWAY_VIA_DEATH_DOMAIN_RECEPTORS	go_bp	0	13	48	53	2920	1.000000e+00	1.000000e+00	
GOBP_REGULATION_OF_GLIAL_CELL_PROLIFERATION	go_bp	0	13	42	53	2920	1.000000e+00	1.000000e+00	
GOBP_REGULATION_OF_OXIDATIVE_STRESS_INDUCED_INTRINSIC_APOPTOTIC_SIGNALING_PATHWAY	go_bp	0	13	47	53	2920	1.000000e+00	1.000000e+00	
GOBP_REGULATION_OF_PHOSPHATASE_ACTIVITY	go_bp	0	13	55	53	2920	1.000000e+00	1.000000e+00	
GOBP_REGULATION_OF_POTASSIUM_ION_TRANSMEMBRANE_TRANSPORTER_ACTIVITY	go_bp	0	13	54	53	2920	1.000000e+00	1.000000e+00	
GOBP_REGULATION_OF_PRESYNAPSE_ORGANIZATION	go_bp	0	13	35	53	2920	1.000000e+00	1.000000e+00	
GOBP_REGULATION_OF_RAS_PROTEIN_SIGNAL_TRANSDUCTION	go_bp	0	13	49	53	2920	1.000000e+00	1.000000e+00	
GOBP_REGULATION_OF_SISTER_CHROMATID_SEGREGATION	go_bp	0	13	105	53	2920	1.000000e+00	1.000000e+00	
GOBP_REGULATION_OF_SODIUM_ION_TRANSMEMBRANE_TRANSPORTER_ACTIVITY	go_bp	0	13	49	53	2920	1.000000e+00	1.000000e+00	
GOBP_REGULATION_OF_STRESS_ACTIVATED_PROTEIN_KINASE_SIGNALING_CASCADE	go_bp	0	13	41	53	2920	1.000000e+00	1.000000e+00	
GOBP_REGULATION_OF_SUPEROXIDE_METABOLIC_PROCESS	go_bp	0	13	29	53	2920	1.000000e+00	1.000000e+00	
GOBP_REGULATION_OF_TELOMERE_MAINTENANCE	go_bp	0	13	106	53	2920	1.000000e+00	1.000000e+00	
GOBP_RESPIRATORY_BURST	go_bp	0	13	40	53	2920	1.000000e+00	1.000000e+00	
GOBP_RESPONSE_TO_INTERLEUKIN_4	go_bp	0	13	37	53	2920	1.000000e+00	1.000000e+00	
GOBP_RESPONSE_TO_PROGESTERONE	go_bp	0	13	44	53	2920	1.000000e+00	1.000000e+00	
GOBP_RUFFLE_ORGANIZATION	go_bp	0	13	57	53	2920	1.000000e+00	1.000000e+00	
GOBP_SEGMENTATION	go_bp	0	13	102	53	2920	1.000000e+00	1.000000e+00	
GOBP_SPERM_EGG_RECOGNITION	go_bp	0	13	51	53	2920	1.000000e+00	1.000000e+00	
GOBP_SPERM_MOTILITY	go_bp	0	13	146	53	2920	1.000000e+00	1.000000e+00	
GOBP_TOLERANCE_INDUCTION	go_bp	0	13	30	53	2920	1.000000e+00	1.000000e+00	
GOBP_VENTRICULAR_CARDIAC_MUSCLE_TISSUE_MORPHOGENESIS	go_bp	0	13	47	53	2920	1.000000e+00	1.000000e+00	
GOBP_NEGATIVE_REGULATION_OF_PROTEIN_LOCALIZATION	go_bp	0	59	218	53	2920	1.000000e+00	1.000000e+00	
GOBP_REGULATION_OF_MITOTIC_CELL_CYCLE_PHASE_TRANSITION	go_bp	0	59	361	53	2920	1.000000e+00	1.000000e+00	
GOBP_RESPONSE_TO_LIGHT_STIMULUS	go_bp	0	59	321	53	2920	1.000000e+00	1.000000e+00	
GOBP_CELLULAR_RESPONSE_TO_TOPOLOGICALLY_INCORRECT_PROTEIN	go_bp	0	22	105	53	2920	1.000000e+00	1.000000e+00	
GOBP_CELLULAR_SENESCENCE	go_bp	0	22	111	53	2920	1.000000e+00	1.000000e+00	
GOBP_COLLAGEN_CATABOLIC_PROCESS	go_bp	0	22	45	53	2920	1.000000e+00	1.000000e+00	
GOBP_CYTOKINE_PRODUCTION_INVOLVED_IN_INFLAMMATORY_RESPONSE	go_bp	0	22	80	53	2920	1.000000e+00	1.000000e+00	
GOBP_DNA_INTEGRITY_CHECKPOINT_SIGNALING	go_bp	0	22	136	53	2920	1.000000e+00	1.000000e+00	
GOBP_GLUCOSE_IMPORT	go_bp	0	22	79	53	2920	1.000000e+00	1.000000e+00	
GOBP_GLYCEROLIPID_CATABOLIC_PROCESS	go_bp	0	22	65	53	2920	1.000000e+00	1.000000e+00	
GOBP_GLYCOSYL_COMPOUND_METABOLIC_PROCESS	go_bp	0	22	84	53	2920	1.000000e+00	1.000000e+00	
GOBP_HEART_VALVE_DEVELOPMENT	go_bp	0	22	74	53	2920	1.000000e+00	1.000000e+00	
GOBP_LAMELLIPODIUM_ORGANIZATION	go_bp	0	22	91	53	2920	1.000000e+00	1.000000e+00	
GOBP_METANEPHROS_DEVELOPMENT	go_bp	0	22	92	53	2920	1.000000e+00	1.000000e+00	
GOBP_NEGATIVE_REGULATION_OF_ERK1_AND_ERK2_CASCADE	go_bp	0	22	75	53	2920	1.000000e+00	1.000000e+00	
GOBP_NEGATIVE_REGULATION_OF_PROTEIN_SECRETION	go_bp	0	22	75	53	2920	1.000000e+00	1.000000e+00	
GOBP_NEGATIVE_REGULATION_OF_TYPE_II_INTERFERON_PRODUCTION	go_bp	0	22	44	53	2920	1.000000e+00	1.000000e+00	
GOBP_NUCLEOSIDE_MONOPHOSPHATE_METABOLIC_PROCESS	go_bp	0	22	77	53	2920	1.000000e+00	1.000000e+00	
GOBP_PHAGOCYTOSIS_ENGULFMENT	go_bp	0	22	50	53	2920	1.000000e+00	1.000000e+00	
GOBP_PHOSPHATIDYLCHOLINE_METABOLIC_PROCESS	go_bp	0	22	76	53	2920	1.000000e+00	1.000000e+00	
GOBP_POSITIVE_REGULATION_OF_ACTIN_FILAMENT_BUNDLE_ASSEMBLY	go_bp	0	22	61	53	2920	1.000000e+00	1.000000e+00	
GOBP_POSITIVE_REGULATION_OF_BLOOD_VESSEL_ENDOTHELIAL_CELL_MIGRATION	go_bp	0	22	79	53	2920	1.000000e+00	1.000000e+00	
GOBP_POSITIVE_REGULATION_OF_CALCIUM_ION_TRANSMEMBRANE_TRANSPORT	go_bp	0	22	82	53	2920	1.000000e+00	1.000000e+00	
GOBP_POSITIVE_REGULATION_OF_CD4_POSITIVE_ALPHA_BETA_T_CELL_ACTIVATION	go_bp	0	22	48	53	2920	1.000000e+00	1.000000e+00	
GOBP_POSITIVE_REGULATION_OF_DNA_REPAIR	go_bp	0	22	135	53	2920	1.000000e+00	1.000000e+00	
GOBP_POSITIVE_REGULATION_OF_ORGANELLE_ASSEMBLY	go_bp	0	22	90	53	2920	1.000000e+00	1.000000e+00	
GOBP_POSITIVE_REGULATION_OF_PROTEIN_LOCALIZATION_TO_CELL_PERIPHERY	go_bp	0	22	74	53	2920	1.000000e+00	1.000000e+00	
GOBP_POSITIVE_REGULATION_OF_TRANSLATION	go_bp	0	22	133	53	2920	1.000000e+00	1.000000e+00	
GOBP_REGULATION_OF_DOUBLE_STRAND_BREAK_REPAIR	go_bp	0	22	143	53	2920	1.000000e+00	1.000000e+00	
GOBP_REGULATION_OF_RESPONSE_TO_ENDOPLASMIC_RETICULUM_STRESS	go_bp	0	22	84	53	2920	1.000000e+00	1.000000e+00	
GOBP_REGULATION_OF_STEROL_TRANSPORT	go_bp	0	22	77	53	2920	1.000000e+00	1.000000e+00	
GOBP_REGULATION_OF_T_CELL_APOPTOTIC_PROCESS	go_bp	0	22	40	53	2920	1.000000e+00	1.000000e+00	
GOBP_RESPONSE_TO_OSMOTIC_STRESS	go_bp	0	22	84	53	2920	1.000000e+00	1.000000e+00	
GOBP_TELOMERE_ORGANIZATION	go_bp	0	22	190	53	2920	1.000000e+00	1.000000e+00	
GOBP_TOLL_LIKE_RECEPTOR_SIGNALING_PATHWAY	go_bp	0	22	80	53	2920	1.000000e+00	1.000000e+00	
GOBP_VITAMIN_METABOLIC_PROCESS	go_bp	0	22	115	53	2920	1.000000e+00	1.000000e+00	
GOBP_AMINE_BIOSYNTHETIC_PROCESS	go_bp	0	12	40	53	2920	1.000000e+00	1.000000e+00	
GOBP_ANTEROGRADE_AXONAL_TRANSPORT	go_bp	0	12	51	53	2920	1.000000e+00	1.000000e+00	
GOBP_ASPARTATE_FAMILY_AMINO_ACID_METABOLIC_PROCESS	go_bp	0	12	45	53	2920	1.000000e+00	1.000000e+00	
GOBP_AUTONOMIC_NERVOUS_SYSTEM_DEVELOPMENT	go_bp	0	12	46	53	2920	1.000000e+00	1.000000e+00	
GOBP_BLOOD_VESSEL_ENDOTHELIAL_CELL_PROLIFERATION_INVOLVED_IN_SPROUTING_ANGIOGENESIS	go_bp	0	12	55	53	2920	1.000000e+00	1.000000e+00	
GOBP_B_CELL_APOPTOTIC_PROCESS	go_bp	0	12	26	53	2920	1.000000e+00	1.000000e+00	
GOBP_CD4_POSITIVE_ALPHA_BETA_T_CELL_PROLIFERATION	go_bp	0	12	22	53	2920	1.000000e+00	1.000000e+00	
GOBP_CD4_POSITIVE_OR_CD8_POSITIVE_ALPHA_BETA_T_CELL_LINEAGE_COMMITMENT	go_bp	0	12	30	53	2920	1.000000e+00	1.000000e+00	
GOBP_CELLULAR_METABOLIC_COMPOUND_SALVAGE	go_bp	0	12	33	53	2920	1.000000e+00	1.000000e+00	
GOBP_CELLULAR_RESPONSE_TO_ALKALOID	go_bp	0	12	38	53	2920	1.000000e+00	1.000000e+00	
GOBP_CELLULAR_RESPONSE_TO_LIPOPROTEIN_PARTICLE_STIMULUS	go_bp	0	12	41	53	2920	1.000000e+00	1.000000e+00	
GOBP_CELL_COMMUNICATION_INVOLVED_IN_CARDIAC_CONDUCTION	go_bp	0	12	59	53	2920	1.000000e+00	1.000000e+00	
GOBP_CELL_FATE_SPECIFICATION	go_bp	0	12	110	53	2920	1.000000e+00	1.000000e+00	
GOBP_CELL_JUNCTION_DISASSEMBLY	go_bp	0	12	27	53	2920	1.000000e+00	1.000000e+00	
GOBP_CEREBELLAR_CORTEX_DEVELOPMENT	go_bp	0	12	52	53	2920	1.000000e+00	1.000000e+00	
GOBP_COLUMNAR_CUBOIDAL_EPITHELIAL_CELL_DEVELOPMENT	go_bp	0	12	54	53	2920	1.000000e+00	1.000000e+00	
GOBP_CRANIAL_SKELETAL_SYSTEM_DEVELOPMENT	go_bp	0	12	73	53	2920	1.000000e+00	1.000000e+00	
GOBP_CYTOKINETIC_PROCESS	go_bp	0	12	47	53	2920	1.000000e+00	1.000000e+00	
GOBP_CYTOPLASMIC_TRANSLATION	go_bp	0	12	163	53	2920	1.000000e+00	1.000000e+00	
GOBP_DEVELOPMENTAL_PIGMENTATION	go_bp	0	12	49	53	2920	1.000000e+00	1.000000e+00	
GOBP_DNA_TEMPLATED_TRANSCRIPTION_ELONGATION	go_bp	0	12	134	53	2920	1.000000e+00	1.000000e+00	
GOBP_DOPAMINE_METABOLIC_PROCESS	go_bp	0	12	41	53	2920	1.000000e+00	1.000000e+00	
GOBP_EMBRYONIC_DIGESTIVE_TRACT_DEVELOPMENT	go_bp	0	12	33	53	2920	1.000000e+00	1.000000e+00	
GOBP_EMBRYONIC_HEART_TUBE_MORPHOGENESIS	go_bp	0	12	72	53	2920	1.000000e+00	1.000000e+00	
GOBP_ENDOLYSOSOMAL_TOLL_LIKE_RECEPTOR_SIGNALING_PATHWAY	go_bp	0	12	51	53	2920	1.000000e+00	1.000000e+00	
GOBP_ENDOPLASMIC_RETICULUM_ORGANIZATION	go_bp	0	12	102	53	2920	1.000000e+00	1.000000e+00	
GOBP_FC_GAMMA_RECEPTOR_SIGNALING_PATHWAY	go_bp	0	12	35	53	2920	1.000000e+00	1.000000e+00	
GOBP_FIBROBLAST_MIGRATION	go_bp	0	12	56	53	2920	1.000000e+00	1.000000e+00	
GOBP_HAIR_CELL_DIFFERENTIATION	go_bp	0	12	54	53	2920	1.000000e+00	1.000000e+00	
GOBP_HINDBRAIN_MORPHOGENESIS	go_bp	0	12	48	53	2920	1.000000e+00	1.000000e+00	
GOBP_IMMUNOLOGICAL_MEMORY_PROCESS	go_bp	0	12	20	53	2920	1.000000e+00	1.000000e+00	
GOBP_INSULIN_SECRETION_INVOLVED_IN_CELLULAR_RESPONSE_TO_GLUCOSE_STIMULUS	go_bp	0	12	66	53	2920	1.000000e+00	1.000000e+00	
GOBP_INTERLEUKIN_1_MEDIATED_SIGNALING_PATHWAY	go_bp	0	12	33	53	2920	1.000000e+00	1.000000e+00	
GOBP_LEUKOTRIENE_METABOLIC_PROCESS	go_bp	0	12	34	53	2920	1.000000e+00	1.000000e+00	
GOBP_MAINTENANCE_OF_GASTROINTESTINAL_EPITHELIUM	go_bp	0	12	24	53	2920	1.000000e+00	1.000000e+00	
GOBP_MATURE_B_CELL_DIFFERENTIATION_INVOLVED_IN_IMMUNE_RESPONSE	go_bp	0	12	32	53	2920	1.000000e+00	1.000000e+00	
GOBP_MRNA_TRANSPORT	go_bp	0	12	131	53	2920	1.000000e+00	1.000000e+00	
GOBP_MYOBLAST_PROLIFERATION	go_bp	0	12	34	53	2920	1.000000e+00	1.000000e+00	
GOBP_NEGATIVE_REGULATION_OF_CALCIUM_ION_TRANSMEMBRANE_TRANSPORT	go_bp	0	12	52	53	2920	1.000000e+00	1.000000e+00	
GOBP_NEGATIVE_REGULATION_OF_CELL_MATRIX_ADHESION	go_bp	0	12	40	53	2920	1.000000e+00	1.000000e+00	
GOBP_NEGATIVE_REGULATION_OF_HUMORAL_IMMUNE_RESPONSE	go_bp	0	12	17	53	2920	1.000000e+00	1.000000e+00	
GOBP_NEGATIVE_REGULATION_OF_INTERLEUKIN_1_BETA_PRODUCTION	go_bp	0	12	45	53	2920	1.000000e+00	1.000000e+00	
GOBP_NEGATIVE_REGULATION_OF_ION_TRANSMEMBRANE_TRANSPORTER_ACTIVITY	go_bp	0	12	69	53	2920	1.000000e+00	1.000000e+00	
GOBP_NEGATIVE_REGULATION_OF_PLATELET_ACTIVATION	go_bp	0	12	18	53	2920	1.000000e+00	1.000000e+00	
GOBP_NEGATIVE_REGULATION_OF_PROTEIN_UBIQUITINATION	go_bp	0	12	78	53	2920	1.000000e+00	1.000000e+00	
GOBP_NEGATIVE_REGULATION_OF_T_CELL_RECEPTOR_SIGNALING_PATHWAY	go_bp	0	12	26	53	2920	1.000000e+00	1.000000e+00	
GOBP_NITRIC_OXIDE_MEDIATED_SIGNAL_TRANSDUCTION	go_bp	0	12	24	53	2920	1.000000e+00	1.000000e+00	
GOBP_NUCLEAR_ENVELOPE_ORGANIZATION	go_bp	0	12	57	53	2920	1.000000e+00	1.000000e+00	
GOBP_NUCLEOTIDE_EXCISION_REPAIR	go_bp	0	12	85	53	2920	1.000000e+00	1.000000e+00	
GOBP_OLEFINIC_COMPOUND_BIOSYNTHETIC_PROCESS	go_bp	0	12	28	53	2920	1.000000e+00	1.000000e+00	
GOBP_OLIGOSACCHARIDE_METABOLIC_PROCESS	go_bp	0	12	67	53	2920	1.000000e+00	1.000000e+00	
GOBP_PHENOL_CONTAINING_COMPOUND_BIOSYNTHETIC_PROCESS	go_bp	0	12	48	53	2920	1.000000e+00	1.000000e+00	
GOBP_POSITIVE_REGULATION_OF_ALPHA_BETA_T_CELL_PROLIFERATION	go_bp	0	12	24	53	2920	1.000000e+00	1.000000e+00	
GOBP_POSITIVE_REGULATION_OF_AMIDE_METABOLIC_PROCESS	go_bp	0	12	30	53	2920	1.000000e+00	1.000000e+00	
GOBP_POSITIVE_REGULATION_OF_ATP_DEPENDENT_ACTIVITY	go_bp	0	12	39	53	2920	1.000000e+00	1.000000e+00	
GOBP_POSITIVE_REGULATION_OF_AXON_EXTENSION	go_bp	0	12	37	53	2920	1.000000e+00	1.000000e+00	
GOBP_POSITIVE_REGULATION_OF_CYTOKINE_PRODUCTION_INVOLVED_IN_INFLAMMATORY_RESPONSE	go_bp	0	12	30	53	2920	1.000000e+00	1.000000e+00	
GOBP_POSITIVE_REGULATION_OF_DNA_BINDING	go_bp	0	12	37	53	2920	1.000000e+00	1.000000e+00	
GOBP_POSITIVE_REGULATION_OF_G1_S_TRANSITION_OF_MITOTIC_CELL_CYCLE	go_bp	0	12	57	53	2920	1.000000e+00	1.000000e+00	
GOBP_POSITIVE_REGULATION_OF_MITOCHONDRIAL_MEMBRANE_PERMEABILITY	go_bp	0	12	42	53	2920	1.000000e+00	1.000000e+00	
GOBP_POSITIVE_REGULATION_OF_OSTEOCLAST_DIFFERENTIATION	go_bp	0	12	29	53	2920	1.000000e+00	1.000000e+00	
GOBP_POSITIVE_REGULATION_OF_PATTERN_RECOGNITION_RECEPTOR_SIGNALING_PATHWAY	go_bp	0	12	69	53	2920	1.000000e+00	1.000000e+00	
GOBP_POSITIVE_REGULATION_OF_PROTEIN_UBIQUITINATION	go_bp	0	12	106	53	2920	1.000000e+00	1.000000e+00	
GOBP_POSITIVE_REGULATION_OF_RECEPTOR_INTERNALIZATION	go_bp	0	12	27	53	2920	1.000000e+00	1.000000e+00	
GOBP_POSITIVE_REGULATION_OF_REGULATORY_T_CELL_DIFFERENTIATION	go_bp	0	12	24	53	2920	1.000000e+00	1.000000e+00	
GOBP_POSITIVE_REGULATION_OF_SODIUM_ION_TRANSPORT	go_bp	0	12	31	53	2920	1.000000e+00	1.000000e+00	
GOBP_POSITIVE_REGULATION_OF_SPROUTING_ANGIOGENESIS	go_bp	0	12	30	53	2920	1.000000e+00	1.000000e+00	
GOBP_POSITIVE_REGULATION_OF_STEROL_TRANSPORT	go_bp	0	12	36	53	2920	1.000000e+00	1.000000e+00	
GOBP_POSITIVE_REGULATION_OF_TOR_SIGNALING	go_bp	0	12	74	53	2920	1.000000e+00	1.000000e+00	
GOBP_PROTEIN_AUTOPROCESSING	go_bp	0	12	27	53	2920	1.000000e+00	1.000000e+00	
GOBP_PULMONARY_VALVE_DEVELOPMENT	go_bp	0	12	24	53	2920	1.000000e+00	1.000000e+00	
GOBP_PYROPTOSIS	go_bp	0	12	37	53	2920	1.000000e+00	1.000000e+00	
GOBP_REACTIVE_OXYGEN_SPECIES_BIOSYNTHETIC_PROCESS	go_bp	0	12	59	53	2920	1.000000e+00	1.000000e+00	
GOBP_REGULATION_OF_ASTROCYTE_DIFFERENTIATION	go_bp	0	12	32	53	2920	1.000000e+00	1.000000e+00	
GOBP_REGULATION_OF_B_CELL_DIFFERENTIATION	go_bp	0	12	35	53	2920	1.000000e+00	1.000000e+00	
GOBP_REGULATION_OF_CARDIAC_MUSCLE_CELL_PROLIFERATION	go_bp	0	12	48	53	2920	1.000000e+00	1.000000e+00	
GOBP_REGULATION_OF_CELLULAR_RESPIRATION	go_bp	0	12	48	53	2920	1.000000e+00	1.000000e+00	
GOBP_REGULATION_OF_DENDRITIC_SPINE_DEVELOPMENT	go_bp	0	12	60	53	2920	1.000000e+00	1.000000e+00	
GOBP_REGULATION_OF_HORMONE_METABOLIC_PROCESS	go_bp	0	12	39	53	2920	1.000000e+00	1.000000e+00	
GOBP_REGULATION_OF_HUMORAL_IMMUNE_RESPONSE_MEDIATED_BY_CIRCULATING_IMMUNOGLOBULIN	go_bp	0	12	18	53	2920	1.000000e+00	1.000000e+00	
GOBP_REGULATION_OF_LAMELLIPODIUM_ORGANIZATION	go_bp	0	12	53	53	2920	1.000000e+00	1.000000e+00	
GOBP_REGULATION_OF_LIPOPOLYSACCHARIDE_MEDIATED_SIGNALING_PATHWAY	go_bp	0	12	28	53	2920	1.000000e+00	1.000000e+00	
GOBP_REGULATION_OF_LIPOPROTEIN_PARTICLE_CLEARANCE	go_bp	0	12	36	53	2920	1.000000e+00	1.000000e+00	
GOBP_REGULATION_OF_LYASE_ACTIVITY	go_bp	0	12	57	53	2920	1.000000e+00	1.000000e+00	
GOBP_REGULATION_OF_PLATELET_AGGREGATION	go_bp	0	12	29	53	2920	1.000000e+00	1.000000e+00	
GOBP_REGULATION_OF_PROTEIN_LOCALIZATION_TO_CELL_SURFACE	go_bp	0	12	42	53	2920	1.000000e+00	1.000000e+00	
GOBP_REGULATION_OF_RESPONSE_TO_TUMOR_CELL	go_bp	0	12	25	53	2920	1.000000e+00	1.000000e+00	
GOBP_REGULATION_OF_SPINDLE_ORGANIZATION	go_bp	0	12	47	53	2920	1.000000e+00	1.000000e+00	
GOBP_REGULATORY_NCRNA_PROCESSING	go_bp	0	12	70	53	2920	1.000000e+00	1.000000e+00	
GOBP_RESPONSE_TO_AMINO_ACID_STARVATION	go_bp	0	12	56	53	2920	1.000000e+00	1.000000e+00	
GOBP_RESPONSE_TO_ELECTRICAL_STIMULUS	go_bp	0	12	45	53	2920	1.000000e+00	1.000000e+00	
GOBP_RESPONSE_TO_IRON_ION	go_bp	0	12	29	53	2920	1.000000e+00	1.000000e+00	
GOBP_RNA_STABILIZATION	go_bp	0	12	75	53	2920	1.000000e+00	1.000000e+00	
GOBP_ROOF_OF_MOUTH_DEVELOPMENT	go_bp	0	12	91	53	2920	1.000000e+00	1.000000e+00	
GOBP_STEROL_BIOSYNTHETIC_PROCESS	go_bp	0	12	68	53	2920	1.000000e+00	1.000000e+00	
GOBP_SYNAPSE_MATURATION	go_bp	0	12	34	53	2920	1.000000e+00	1.000000e+00	
GOBP_TETRAPYRROLE_METABOLIC_PROCESS	go_bp	0	12	63	53	2920	1.000000e+00	1.000000e+00	
GOBP_THYMUS_DEVELOPMENT	go_bp	0	12	49	53	2920	1.000000e+00	1.000000e+00	
GOBP_VENTRICULAR_SEPTUM_MORPHOGENESIS	go_bp	0	12	44	53	2920	1.000000e+00	1.000000e+00	
GOBP_APOPTOTIC_CELL_CLEARANCE	go_bp	0	24	48	53	2920	1.000000e+00	1.000000e+00	
GOBP_CELLULAR_COMPONENT_MAINTENANCE	go_bp	0	24	72	53	2920	1.000000e+00	1.000000e+00	
GOBP_CELL_CELL_RECOGNITION	go_bp	0	24	74	53	2920	1.000000e+00	1.000000e+00	
GOBP_EPIGENETIC_REGULATION_OF_GENE_EXPRESSION	go_bp	0	24	284	53	2920	1.000000e+00	1.000000e+00	
GOBP_GLYCEROPHOSPHOLIPID_BIOSYNTHETIC_PROCESS	go_bp	0	24	212	53	2920	1.000000e+00	1.000000e+00	
GOBP_ISOPRENOID_METABOLIC_PROCESS	go_bp	0	24	137	53	2920	1.000000e+00	1.000000e+00	
GOBP_LEUKOCYTE_ADHESION_TO_VASCULAR_ENDOTHELIAL_CELL	go_bp	0	24	58	53	2920	1.000000e+00	1.000000e+00	
GOBP_LIMBIC_SYSTEM_DEVELOPMENT	go_bp	0	24	126	53	2920	1.000000e+00	1.000000e+00	
GOBP_LYSOSOMAL_TRANSPORT	go_bp	0	24	138	53	2920	1.000000e+00	1.000000e+00	
GOBP_NEGATIVE_REGULATION_OF_LIPID_METABOLIC_PROCESS	go_bp	0	24	112	53	2920	1.000000e+00	1.000000e+00	
GOBP_NEURAL_TUBE_FORMATION	go_bp	0	24	102	53	2920	1.000000e+00	1.000000e+00	
GOBP_OVARIAN_FOLLICLE_DEVELOPMENT	go_bp	0	24	57	53	2920	1.000000e+00	1.000000e+00	
GOBP_PIGMENTATION	go_bp	0	24	114	53	2920	1.000000e+00	1.000000e+00	
GOBP_POLYSACCHARIDE_METABOLIC_PROCESS	go_bp	0	24	111	53	2920	1.000000e+00	1.000000e+00	
GOBP_PROTEIN_LOCALIZATION_TO_CELL_SURFACE	go_bp	0	24	68	53	2920	1.000000e+00	1.000000e+00	
GOBP_REGULATION_OF_ALPHA_BETA_T_CELL_DIFFERENTIATION	go_bp	0	24	76	53	2920	1.000000e+00	1.000000e+00	
GOBP_REGULATION_OF_CELL_SUBSTRATE_JUNCTION_ORGANIZATION	go_bp	0	24	68	53	2920	1.000000e+00	1.000000e+00	
GOBP_REGULATION_OF_POTASSIUM_ION_TRANSPORT	go_bp	0	24	100	53	2920	1.000000e+00	1.000000e+00	
GOBP_REGULATION_OF_RECEPTOR_INTERNALIZATION	go_bp	0	24	66	53	2920	1.000000e+00	1.000000e+00	
GOBP_RENAL_TUBULE_DEVELOPMENT	go_bp	0	24	105	53	2920	1.000000e+00	1.000000e+00	
GOBP_RNA_LOCALIZATION	go_bp	0	24	201	53	2920	1.000000e+00	1.000000e+00	
GOBP_SODIUM_ION_TRANSMEMBRANE_TRANSPORT	go_bp	0	24	190	53	2920	1.000000e+00	1.000000e+00	
GOBP_VASCULAR_ENDOTHELIAL_GROWTH_FACTOR_SIGNALING_PATHWAY	go_bp	0	24	50	53	2920	1.000000e+00	1.000000e+00	
GOBP_ACTIN_MEDIATED_CELL_CONTRACTION	go_bp	0	21	115	53	2920	1.000000e+00	1.000000e+00	
GOBP_ASSOCIATIVE_LEARNING	go_bp	0	21	87	53	2920	1.000000e+00	1.000000e+00	
GOBP_CELLULAR_RESPONSE_TO_HEAT	go_bp	0	21	69	53	2920	1.000000e+00	1.000000e+00	
GOBP_CELL_MIGRATION_INVOLVED_IN_SPROUTING_ANGIOGENESIS	go_bp	0	21	98	53	2920	1.000000e+00	1.000000e+00	
GOBP_CHOLESTEROL_EFFLUX	go_bp	0	21	74	53	2920	1.000000e+00	1.000000e+00	
GOBP_CYTOSKELETON_DEPENDENT_CYTOKINESIS	go_bp	0	21	120	53	2920	1.000000e+00	1.000000e+00	
GOBP_ESTABLISHMENT_OF_ENDOTHELIAL_BARRIER	go_bp	0	21	54	53	2920	1.000000e+00	1.000000e+00	
GOBP_LIPOPOLYSACCHARIDE_MEDIATED_SIGNALING_PATHWAY	go_bp	0	21	56	53	2920	1.000000e+00	1.000000e+00	
GOBP_L_AMINO_ACID_CATABOLIC_PROCESS	go_bp	0	21	67	53	2920	1.000000e+00	1.000000e+00	
GOBP_MAINTENANCE_OF_PROTEIN_LOCATION	go_bp	0	21	91	53	2920	1.000000e+00	1.000000e+00	
GOBP_MITOTIC_CELL_CYCLE_CHECKPOINT_SIGNALING	go_bp	0	21	146	53	2920	1.000000e+00	1.000000e+00	
GOBP_NEGATIVE_REGULATION_OF_CYSTEINE_TYPE_ENDOPEPTIDASE_ACTIVITY_INVOLVED_IN_APOPTOTIC_PROCESS	go_bp	0	21	49	53	2920	1.000000e+00	1.000000e+00	
GOBP_NEGATIVE_REGULATION_OF_ENDOCYTOSIS	go_bp	0	21	77	53	2920	1.000000e+00	1.000000e+00	
GOBP_NEGATIVE_REGULATION_OF_PROTEIN_BINDING	go_bp	0	21	70	53	2920	1.000000e+00	1.000000e+00	
GOBP_NEGATIVE_REGULATION_OF_SMOOTH_MUSCLE_CELL_PROLIFERATION	go_bp	0	21	70	53	2920	1.000000e+00	1.000000e+00	
GOBP_NEURON_CELLULAR_HOMEOSTASIS	go_bp	0	21	64	53	2920	1.000000e+00	1.000000e+00	
GOBP_NEURON_PROJECTION_ORGANIZATION	go_bp	0	21	95	53	2920	1.000000e+00	1.000000e+00	
GOBP_NEURON_RECOGNITION	go_bp	0	21	46	53	2920	1.000000e+00	1.000000e+00	
GOBP_NUCLEAR_EXPORT	go_bp	0	21	169	53	2920	1.000000e+00	1.000000e+00	
GOBP_PHOSPHOLIPID_TRANSPORT	go_bp	0	21	103	53	2920	1.000000e+00	1.000000e+00	
GOBP_POSITIVE_REGULATION_OF_ALPHA_BETA_T_CELL_DIFFERENTIATION	go_bp	0	21	56	53	2920	1.000000e+00	1.000000e+00	
GOBP_POSITIVE_REGULATION_OF_B_CELL_PROLIFERATION	go_bp	0	21	45	53	2920	1.000000e+00	1.000000e+00	
GOBP_POSITIVE_REGULATION_OF_INTERLEUKIN_10_PRODUCTION	go_bp	0	21	42	53	2920	1.000000e+00	1.000000e+00	
GOBP_POSITIVE_REGULATION_OF_LIPASE_ACTIVITY	go_bp	0	21	51	53	2920	1.000000e+00	1.000000e+00	
GOBP_PROTEIN_LOCALIZATION_TO_MITOCHONDRION	go_bp	0	21	128	53	2920	1.000000e+00	1.000000e+00	
GOBP_PYRUVATE_METABOLIC_PROCESS	go_bp	0	21	120	53	2920	1.000000e+00	1.000000e+00	
GOBP_REGULATION_OF_ATP_DEPENDENT_ACTIVITY	go_bp	0	21	63	53	2920	1.000000e+00	1.000000e+00	
GOBP_REGULATION_OF_BIOLOGICAL_PROCESS_INVOLVED_IN_SYMBIOTIC_INTERACTION	go_bp	0	21	65	53	2920	1.000000e+00	1.000000e+00	
GOBP_RESPONSE_TO_FUNGUS	go_bp	0	21	68	53	2920	1.000000e+00	1.000000e+00	
GOBP_SMOOTH_MUSCLE_CELL_DIFFERENTIATION	go_bp	0	21	79	53	2920	1.000000e+00	1.000000e+00	
GOBP_SPERMATID_DIFFERENTIATION	go_bp	0	21	228	53	2920	1.000000e+00	1.000000e+00	
GOBP_STEROID_HORMONE_MEDIATED_SIGNALING_PATHWAY	go_bp	0	21	138	53	2920	1.000000e+00	1.000000e+00	
GOBP_TELOMERE_MAINTENANCE	go_bp	0	21	159	53	2920	1.000000e+00	1.000000e+00	
GOBP_ACID_SECRETION	go_bp	0	11	45	53	2920	1.000000e+00	1.000000e+00	
GOBP_ACUTE_INFLAMMATORY_RESPONSE_TO_ANTIGENIC_STIMULUS	go_bp	0	11	29	53	2920	1.000000e+00	1.000000e+00	
GOBP_ADIPOSE_TISSUE_DEVELOPMENT	go_bp	0	11	61	53	2920	1.000000e+00	1.000000e+00	
GOBP_ANDROGEN_RECEPTOR_SIGNALING_PATHWAY	go_bp	0	11	50	53	2920	1.000000e+00	1.000000e+00	
GOBP_ANOIKIS	go_bp	0	11	34	53	2920	1.000000e+00	1.000000e+00	
GOBP_ANTIVIRAL_INNATE_IMMUNE_RESPONSE	go_bp	0	11	54	53	2920	1.000000e+00	1.000000e+00	
GOBP_BILE_ACID_METABOLIC_PROCESS	go_bp	0	11	51	53	2920	1.000000e+00	1.000000e+00	
GOBP_CARDIAC_ATRIUM_DEVELOPMENT	go_bp	0	11	37	53	2920	1.000000e+00	1.000000e+00	
GOBP_CARDIAC_EPITHELIAL_TO_MESENCHYMAL_TRANSITION	go_bp	0	11	40	53	2920	1.000000e+00	1.000000e+00	
GOBP_CD8_POSITIVE_ALPHA_BETA_T_CELL_ACTIVATION	go_bp	0	11	28	53	2920	1.000000e+00	1.000000e+00	
GOBP_CELLULAR_RESPONSE_TO_OXYGEN_RADICAL	go_bp	0	11	24	53	2920	1.000000e+00	1.000000e+00	
GOBP_COMPLEMENT_DEPENDENT_CYTOTOXICITY	go_bp	0	11	14	53	2920	1.000000e+00	1.000000e+00	
GOBP_DENDRITIC_CELL_APOPTOTIC_PROCESS	go_bp	0	11	12	53	2920	1.000000e+00	1.000000e+00	
GOBP_DETECTION_OF_MECHANICAL_STIMULUS	go_bp	0	11	54	53	2920	1.000000e+00	1.000000e+00	
GOBP_EMBRYONIC_SKELETAL_SYSTEM_MORPHOGENESIS	go_bp	0	11	94	53	2920	1.000000e+00	1.000000e+00	
GOBP_ESTABLISHMENT_OF_PROTEIN_LOCALIZATION_TO_PLASMA_MEMBRANE	go_bp	0	11	66	53	2920	1.000000e+00	1.000000e+00	
GOBP_FAT_SOLUBLE_VITAMIN_METABOLIC_PROCESS	go_bp	0	11	47	53	2920	1.000000e+00	1.000000e+00	
GOBP_GENITALIA_DEVELOPMENT	go_bp	0	11	47	53	2920	1.000000e+00	1.000000e+00	
GOBP_GLUTAMINE_FAMILY_AMINO_ACID_CATABOLIC_PROCESS	go_bp	0	11	26	53	2920	1.000000e+00	1.000000e+00	
GOBP_GLYCOLIPID_CATABOLIC_PROCESS	go_bp	0	11	26	53	2920	1.000000e+00	1.000000e+00	
GOBP_HEART_TRABECULA_MORPHOGENESIS	go_bp	0	11	32	53	2920	1.000000e+00	1.000000e+00	
GOBP_INTERMEDIATE_FILAMENT_ORGANIZATION	go_bp	0	11	73	53	2920	1.000000e+00	1.000000e+00	
GOBP_INTESTINAL_LIPID_ABSORPTION	go_bp	0	11	22	53	2920	1.000000e+00	1.000000e+00	
GOBP_INTRACELLULAR_LIPID_TRANSPORT	go_bp	0	11	51	53	2920	1.000000e+00	1.000000e+00	
GOBP_KERATINIZATION	go_bp	0	11	83	53	2920	1.000000e+00	1.000000e+00	
GOBP_KILLING_BY_HOST_OF_SYMBIONT_CELLS	go_bp	0	11	29	53	2920	1.000000e+00	1.000000e+00	
GOBP_LIPOPROTEIN_BIOSYNTHETIC_PROCESS	go_bp	0	11	102	53	2920	1.000000e+00	1.000000e+00	
GOBP_LYMPH_VESSEL_MORPHOGENESIS	go_bp	0	11	23	53	2920	1.000000e+00	1.000000e+00	
GOBP_MAST_CELL_MIGRATION	go_bp	0	11	15	53	2920	1.000000e+00	1.000000e+00	
GOBP_MEMBRANE_LIPID_BIOSYNTHETIC_PROCESS	go_bp	0	11	150	53	2920	1.000000e+00	1.000000e+00	
GOBP_MEMBRANE_REPOLARIZATION	go_bp	0	11	55	53	2920	1.000000e+00	1.000000e+00	
GOBP_METHYLATION	go_bp	0	11	225	53	2920	1.000000e+00	1.000000e+00	
GOBP_MITOCHONDRIAL_TRANSLATION	go_bp	0	11	130	53	2920	1.000000e+00	1.000000e+00	
GOBP_MITOTIC_METAPHASE_CHROMOSOME_ALIGNMENT	go_bp	0	11	63	53	2920	1.000000e+00	1.000000e+00	
GOBP_MODULATION_OF_EXCITATORY_POSTSYNAPTIC_POTENTIAL	go_bp	0	11	49	53	2920	1.000000e+00	1.000000e+00	
GOBP_MUSCLE_CELL_CELLULAR_HOMEOSTASIS	go_bp	0	11	26	53	2920	1.000000e+00	1.000000e+00	
GOBP_NADP_METABOLIC_PROCESS	go_bp	0	11	45	53	2920	1.000000e+00	1.000000e+00	
GOBP_NATURAL_KILLER_CELL_DIFFERENTIATION	go_bp	0	11	24	53	2920	1.000000e+00	1.000000e+00	
GOBP_NEGATIVE_REGULATION_OF_ACTIN_FILAMENT_DEPOLYMERIZATION	go_bp	0	11	44	53	2920	1.000000e+00	1.000000e+00	
GOBP_NEGATIVE_REGULATION_OF_AXON_EXTENSION	go_bp	0	11	31	53	2920	1.000000e+00	1.000000e+00	
GOBP_NEGATIVE_REGULATION_OF_CHEMOKINE_PRODUCTION	go_bp	0	11	31	53	2920	1.000000e+00	1.000000e+00	
GOBP_NEGATIVE_REGULATION_OF_GENE_EXPRESSION_EPIGENETIC	go_bp	0	11	178	53	2920	1.000000e+00	1.000000e+00	
GOBP_NEGATIVE_REGULATION_OF_INFLAMMATORY_RESPONSE_TO_ANTIGENIC_STIMULUS	go_bp	0	11	33	53	2920	1.000000e+00	1.000000e+00	
GOBP_NEGATIVE_REGULATION_OF_LEUKOCYTE_CHEMOTAXIS	go_bp	0	11	23	53	2920	1.000000e+00	1.000000e+00	
GOBP_NEGATIVE_REGULATION_OF_LIPID_TRANSPORT	go_bp	0	11	47	53	2920	1.000000e+00	1.000000e+00	
GOBP_NEGATIVE_REGULATION_OF_MYELOID_CELL_APOPTOTIC_PROCESS	go_bp	0	11	20	53	2920	1.000000e+00	1.000000e+00	
GOBP_NEGATIVE_REGULATION_OF_NATURAL_KILLER_CELL_MEDIATED_IMMUNITY	go_bp	0	11	21	53	2920	1.000000e+00	1.000000e+00	
GOBP_NEGATIVE_REGULATION_OF_RECEPTOR_MEDIATED_ENDOCYTOSIS	go_bp	0	11	38	53	2920	1.000000e+00	1.000000e+00	
GOBP_NEGATIVE_REGULATION_OF_RESPONSE_TO_ENDOPLASMIC_RETICULUM_STRESS	go_bp	0	11	45	53	2920	1.000000e+00	1.000000e+00	
GOBP_NEURAL_NUCLEUS_DEVELOPMENT	go_bp	0	11	67	53	2920	1.000000e+00	1.000000e+00	
GOBP_NEUTRAL_LIPID_CATABOLIC_PROCESS	go_bp	0	11	38	53	2920	1.000000e+00	1.000000e+00	
GOBP_NUCLEOBASE_METABOLIC_PROCESS	go_bp	0	11	40	53	2920	1.000000e+00	1.000000e+00	
GOBP_NUCLEOTIDE_SUGAR_METABOLIC_PROCESS	go_bp	0	11	38	53	2920	1.000000e+00	1.000000e+00	
GOBP_OLIGODENDROCYTE_DEVELOPMENT	go_bp	0	11	49	53	2920	1.000000e+00	1.000000e+00	
GOBP_PHOSPHATIDYLINOSITOL_BIOSYNTHETIC_PROCESS	go_bp	0	11	131	53	2920	1.000000e+00	1.000000e+00	
GOBP_PODOSOME_ASSEMBLY	go_bp	0	11	22	53	2920	1.000000e+00	1.000000e+00	
GOBP_POSITIVE_REGULATION_OF_CALCIUM_ION_IMPORT	go_bp	0	11	25	53	2920	1.000000e+00	1.000000e+00	
GOBP_POSITIVE_REGULATION_OF_CELL_MIGRATION_INVOLVED_IN_SPROUTING_ANGIOGENESIS	go_bp	0	11	36	53	2920	1.000000e+00	1.000000e+00	
GOBP_POSITIVE_REGULATION_OF_ERBB_SIGNALING_PATHWAY	go_bp	0	11	31	53	2920	1.000000e+00	1.000000e+00	
GOBP_POSITIVE_REGULATION_OF_GLUCOSE_TRANSMEMBRANE_TRANSPORT	go_bp	0	11	44	53	2920	1.000000e+00	1.000000e+00	
GOBP_POSITIVE_REGULATION_OF_NUCLEOTIDE_METABOLIC_PROCESS	go_bp	0	11	38	53	2920	1.000000e+00	1.000000e+00	
GOBP_POSITIVE_REGULATION_OF_POTASSIUM_ION_TRANSPORT	go_bp	0	11	44	53	2920	1.000000e+00	1.000000e+00	
GOBP_POSITIVE_REGULATION_OF_PROTEIN_DEPHOSPHORYLATION	go_bp	0	11	42	53	2920	1.000000e+00	1.000000e+00	
GOBP_POSITIVE_REGULATION_OF_RNA_SPLICING	go_bp	0	11	50	53	2920	1.000000e+00	1.000000e+00	
GOBP_POSTSYNAPSE_ASSEMBLY	go_bp	0	11	45	53	2920	1.000000e+00	1.000000e+00	
GOBP_PROTEIN_ACYLATION	go_bp	0	11	96	53	2920	1.000000e+00	1.000000e+00	
GOBP_PROTEIN_DEACETYLATION	go_bp	0	11	42	53	2920	1.000000e+00	1.000000e+00	
GOBP_PROTEIN_EXPORT_FROM_NUCLEUS	go_bp	0	11	60	53	2920	1.000000e+00	1.000000e+00	
GOBP_PROTEIN_LOCALIZATION_TO_LYSOSOME	go_bp	0	11	60	53	2920	1.000000e+00	1.000000e+00	
GOBP_PROTEIN_TARGETING_TO_VACUOLE	go_bp	0	11	48	53	2920	1.000000e+00	1.000000e+00	
GOBP_PROTEIN_TRANSMEMBRANE_TRANSPORT	go_bp	0	11	74	53	2920	1.000000e+00	1.000000e+00	
GOBP_PTERIDINE_CONTAINING_COMPOUND_METABOLIC_PROCESS	go_bp	0	11	35	53	2920	1.000000e+00	1.000000e+00	
GOBP_RECEPTOR_RECYCLING	go_bp	0	11	47	53	2920	1.000000e+00	1.000000e+00	
GOBP_REGULATION_OF_ACTION_POTENTIAL	go_bp	0	11	61	53	2920	1.000000e+00	1.000000e+00	
GOBP_REGULATION_OF_CELLULAR_SENESCENCE	go_bp	0	11	55	53	2920	1.000000e+00	1.000000e+00	
GOBP_REGULATION_OF_DEFENSE_RESPONSE_TO_VIRUS_BY_HOST	go_bp	0	11	42	53	2920	1.000000e+00	1.000000e+00	
GOBP_REGULATION_OF_INSULIN_SECRETION_INVOLVED_IN_CELLULAR_RESPONSE_TO_GLUCOSE_STIMULUS	go_bp	0	11	56	53	2920	1.000000e+00	1.000000e+00	
GOBP_REGULATION_OF_INTRACELLULAR_STEROID_HORMONE_RECEPTOR_SIGNALING_PATHWAY	go_bp	0	11	72	53	2920	1.000000e+00	1.000000e+00	
GOBP_REGULATION_OF_MEMBRANE_DEPOLARIZATION	go_bp	0	11	48	53	2920	1.000000e+00	1.000000e+00	
GOBP_REGULATION_OF_MITOCHONDRIAL_MEMBRANE_PERMEABILITY_INVOLVED_IN_APOPTOTIC_PROCESS	go_bp	0	11	45	53	2920	1.000000e+00	1.000000e+00	
GOBP_REGULATION_OF_NUCLEOTIDE_CATABOLIC_PROCESS	go_bp	0	11	52	53	2920	1.000000e+00	1.000000e+00	
GOBP_REGULATION_OF_PEPTIDYL_THREONINE_PHOSPHORYLATION	go_bp	0	11	44	53	2920	1.000000e+00	1.000000e+00	
GOBP_REGULATION_OF_PLATELET_DERIVED_GROWTH_FACTOR_RECEPTOR_SIGNALING_PATHWAY	go_bp	0	11	24	53	2920	1.000000e+00	1.000000e+00	
GOBP_REGULATION_OF_POLYSACCHARIDE_METABOLIC_PROCESS	go_bp	0	11	46	53	2920	1.000000e+00	1.000000e+00	
GOBP_REGULATION_OF_SUPEROXIDE_ANION_GENERATION	go_bp	0	11	20	53	2920	1.000000e+00	1.000000e+00	
GOBP_REGULATION_OF_SYSTEMIC_ARTERIAL_BLOOD_PRESSURE_BY_RENIN_ANGIOTENSIN	go_bp	0	11	24	53	2920	1.000000e+00	1.000000e+00	
GOBP_REGULATION_OF_T_CELL_DIFFERENTIATION_IN_THYMUS	go_bp	0	11	27	53	2920	1.000000e+00	1.000000e+00	
GOBP_REGULATION_OF_VACUOLE_ORGANIZATION	go_bp	0	11	60	53	2920	1.000000e+00	1.000000e+00	
GOBP_RELEASE_OF_SEQUESTERED_CALCIUM_ION_INTO_CYTOSOL_BY_ENDOPLASMIC_RETICULUM	go_bp	0	11	39	53	2920	1.000000e+00	1.000000e+00	
GOBP_RESPONSE_TO_COCAINE	go_bp	0	11	56	53	2920	1.000000e+00	1.000000e+00	
GOBP_RESPONSE_TO_OXYGEN_RADICAL	go_bp	0	11	28	53	2920	1.000000e+00	1.000000e+00	
GOBP_RESPONSE_TO_STEROL	go_bp	0	11	35	53	2920	1.000000e+00	1.000000e+00	
GOBP_RESPONSE_TO_X_RAY	go_bp	0	11	28	53	2920	1.000000e+00	1.000000e+00	
GOBP_RUFFLE_ASSEMBLY	go_bp	0	11	45	53	2920	1.000000e+00	1.000000e+00	
GOBP_SPHINGOLIPID_BIOSYNTHETIC_PROCESS	go_bp	0	11	111	53	2920	1.000000e+00	1.000000e+00	
GOBP_STEROID_HORMONE_BIOSYNTHETIC_PROCESS	go_bp	0	11	44	53	2920	1.000000e+00	1.000000e+00	
GOBP_TRANSPORT_OF_VIRUS	go_bp	0	11	23	53	2920	1.000000e+00	1.000000e+00	
GOBP_VASCULAR_ASSOCIATED_SMOOTH_MUSCLE_CELL_DIFFERENTIATION	go_bp	0	11	40	53	2920	1.000000e+00	1.000000e+00	
GOBP_VESICLE_TARGETING	go_bp	0	11	67	53	2920	1.000000e+00	1.000000e+00	
GOBP_WATER_SOLUBLE_VITAMIN_METABOLIC_PROCESS	go_bp	0	11	64	53	2920	1.000000e+00	1.000000e+00	
GOBP_ALPHA_BETA_T_CELL_PROLIFERATION	go_bp	0	20	46	53	2920	1.000000e+00	1.000000e+00	
GOBP_AMINO_ACID_BIOSYNTHETIC_PROCESS	go_bp	0	20	76	53	2920	1.000000e+00	1.000000e+00	
GOBP_AMYLOID_BETA_CLEARANCE	go_bp	0	20	38	53	2920	1.000000e+00	1.000000e+00	
GOBP_AUTOPHAGOSOME_ORGANIZATION	go_bp	0	20	125	53	2920	1.000000e+00	1.000000e+00	
GOBP_CARDIAC_CONDUCTION	go_bp	0	20	99	53	2920	1.000000e+00	1.000000e+00	
GOBP_CELLULAR_DEFENSE_RESPONSE	go_bp	0	20	52	53	2920	1.000000e+00	1.000000e+00	
GOBP_EXECUTION_PHASE_OF_APOPTOSIS	go_bp	0	20	81	53	2920	1.000000e+00	1.000000e+00	
GOBP_EXTRACELLULAR_MATRIX_ASSEMBLY	go_bp	0	20	55	53	2920	1.000000e+00	1.000000e+00	
GOBP_FC_RECEPTOR_SIGNALING_PATHWAY	go_bp	0	20	58	53	2920	1.000000e+00	1.000000e+00	
GOBP_INTRINSIC_APOPTOTIC_SIGNALING_PATHWAY_BY_P53_CLASS_MEDIATOR	go_bp	0	20	83	53	2920	1.000000e+00	1.000000e+00	
GOBP_KIDNEY_MORPHOGENESIS	go_bp	0	20	100	53	2920	1.000000e+00	1.000000e+00	
GOBP_NUCLEOBASE_CONTAINING_COMPOUND_TRANSPORT	go_bp	0	20	233	53	2920	1.000000e+00	1.000000e+00	
GOBP_NUCLEUS_ORGANIZATION	go_bp	0	20	150	53	2920	1.000000e+00	1.000000e+00	
GOBP_PHOSPHOLIPID_CATABOLIC_PROCESS	go_bp	0	20	55	53	2920	1.000000e+00	1.000000e+00	
GOBP_POSITIVE_REGULATION_OF_EPITHELIAL_TO_MESENCHYMAL_TRANSITION	go_bp	0	20	60	53	2920	1.000000e+00	1.000000e+00	
GOBP_POSITIVE_REGULATION_OF_INSULIN_SECRETION	go_bp	0	20	86	53	2920	1.000000e+00	1.000000e+00	
GOBP_POSITIVE_REGULATION_OF_MACROAUTOPHAGY	go_bp	0	20	88	53	2920	1.000000e+00	1.000000e+00	
GOBP_POSITIVE_REGULATION_OF_OSTEOBLAST_DIFFERENTIATION	go_bp	0	20	77	53	2920	1.000000e+00	1.000000e+00	
GOBP_POSITIVE_REGULATION_OF_PROTEASOMAL_PROTEIN_CATABOLIC_PROCESS	go_bp	0	20	109	53	2920	1.000000e+00	1.000000e+00	
GOBP_POSITIVE_REGULATION_OF_PROTEIN_LOCALIZATION_TO_PLASMA_MEMBRANE	go_bp	0	20	62	53	2920	1.000000e+00	1.000000e+00	
GOBP_PYRIDINE_CONTAINING_COMPOUND_CATABOLIC_PROCESS	go_bp	0	20	100	53	2920	1.000000e+00	1.000000e+00	
GOBP_REGULATION_OF_ACUTE_INFLAMMATORY_RESPONSE	go_bp	0	20	48	53	2920	1.000000e+00	1.000000e+00	
GOBP_REGULATION_OF_BEHAVIOR	go_bp	0	20	75	53	2920	1.000000e+00	1.000000e+00	
GOBP_REGULATION_OF_MITOCHONDRIAL_MEMBRANE_POTENTIAL	go_bp	0	20	73	53	2920	1.000000e+00	1.000000e+00	
GOBP_REGULATION_OF_PHOSPHOLIPASE_ACTIVITY	go_bp	0	20	51	53	2920	1.000000e+00	1.000000e+00	
GOBP_REGULATION_OF_SUBSTRATE_ADHESION_DEPENDENT_CELL_SPREADING	go_bp	0	20	62	53	2920	1.000000e+00	1.000000e+00	
GOBP_RESPONSE_TO_ALKALOID	go_bp	0	20	100	53	2920	1.000000e+00	1.000000e+00	
GOBP_RESPONSE_TO_TUMOR_CELL	go_bp	0	20	45	53	2920	1.000000e+00	1.000000e+00	
GOBP_SEMI_LUNAR_VALVE_DEVELOPMENT	go_bp	0	20	48	53	2920	1.000000e+00	1.000000e+00	
GOBP_SPECIFICATION_OF_SYMMETRY	go_bp	0	20	147	53	2920	1.000000e+00	1.000000e+00	
GOBP_TERPENOID_METABOLIC_PROCESS	go_bp	0	20	100	53	2920	1.000000e+00	1.000000e+00	
GOBP_T_HELPER_1_TYPE_IMMUNE_RESPONSE	go_bp	0	20	48	53	2920	1.000000e+00	1.000000e+00	
GOBP_VIRAL_GENE_EXPRESSION	go_bp	0	20	101	53	2920	1.000000e+00	1.000000e+00	
GOBP_ADHERENS_JUNCTION_ORGANIZATION	go_bp	0	18	57	53	2920	1.000000e+00	1.000000e+00	
GOBP_AORTA_DEVELOPMENT	go_bp	0	18	65	53	2920	1.000000e+00	1.000000e+00	
GOBP_AUTOPHAGY_OF_MITOCHONDRION	go_bp	0	18	110	53	2920	1.000000e+00	1.000000e+00	
GOBP_BLOOD_VESSEL_REMODELING	go_bp	0	18	52	53	2920	1.000000e+00	1.000000e+00	
GOBP_CARDIAC_VENTRICLE_MORPHOGENESIS	go_bp	0	18	72	53	2920	1.000000e+00	1.000000e+00	
GOBP_CELLULAR_RESPONSE_TO_IONIZING_RADIATION	go_bp	0	18	72	53	2920	1.000000e+00	1.000000e+00	
GOBP_CHROMOSOME_LOCALIZATION	go_bp	0	18	123	53	2920	1.000000e+00	1.000000e+00	
GOBP_DEFENSE_RESPONSE_TO_FUNGUS	go_bp	0	18	57	53	2920	1.000000e+00	1.000000e+00	
GOBP_DITERPENOID_METABOLIC_PROCESS	go_bp	0	18	89	53	2920	1.000000e+00	1.000000e+00	
GOBP_GLUTATHIONE_METABOLIC_PROCESS	go_bp	0	18	57	53	2920	1.000000e+00	1.000000e+00	
GOBP_HORMONE_BIOSYNTHETIC_PROCESS	go_bp	0	18	66	53	2920	1.000000e+00	1.000000e+00	
GOBP_INORGANIC_ANION_TRANSPORT	go_bp	0	18	172	53	2920	1.000000e+00	1.000000e+00	
GOBP_INTERMEDIATE_FILAMENT_BASED_PROCESS	go_bp	0	18	95	53	2920	1.000000e+00	1.000000e+00	
GOBP_LONG_CHAIN_FATTY_ACID_TRANSPORT	go_bp	0	18	67	53	2920	1.000000e+00	1.000000e+00	
GOBP_MEMBRANE_LIPID_CATABOLIC_PROCESS	go_bp	0	18	53	53	2920	1.000000e+00	1.000000e+00	
GOBP_MYELOID_LEUKOCYTE_CYTOKINE_PRODUCTION	go_bp	0	18	50	53	2920	1.000000e+00	1.000000e+00	
GOBP_NEGATIVE_CHEMOTAXIS	go_bp	0	18	47	53	2920	1.000000e+00	1.000000e+00	
GOBP_NEGATIVE_REGULATION_OF_CALCIUM_ION_TRANSPORT	go_bp	0	18	70	53	2920	1.000000e+00	1.000000e+00	
GOBP_NEGATIVE_REGULATION_OF_CELL_CYCLE_G1_S_PHASE_TRANSITION	go_bp	0	18	94	53	2920	1.000000e+00	1.000000e+00	
GOBP_NEGATIVE_REGULATION_OF_INTERLEUKIN_6_PRODUCTION	go_bp	0	18	68	53	2920	1.000000e+00	1.000000e+00	
GOBP_NEGATIVE_REGULATION_OF_LYMPHOCYTE_DIFFERENTIATION	go_bp	0	18	58	53	2920	1.000000e+00	1.000000e+00	
GOBP_NEGATIVE_REGULATION_OF_PEPTIDE_SECRETION	go_bp	0	18	47	53	2920	1.000000e+00	1.000000e+00	
GOBP_NEGATIVE_REGULATION_OF_PROTEIN_POLYMERIZATION	go_bp	0	18	79	53	2920	1.000000e+00	1.000000e+00	
GOBP_NEUROTROPHIN_SIGNALING_PATHWAY	go_bp	0	18	40	53	2920	1.000000e+00	1.000000e+00	
GOBP_POSITIVE_REGULATION_OF_EPITHELIAL_CELL_APOPTOTIC_PROCESS	go_bp	0	18	44	53	2920	1.000000e+00	1.000000e+00	
GOBP_PRESYNAPSE_ORGANIZATION	go_bp	0	18	56	53	2920	1.000000e+00	1.000000e+00	
GOBP_PROGRAMMED_NECROTIC_CELL_DEATH	go_bp	0	18	61	53	2920	1.000000e+00	1.000000e+00	
GOBP_PROTEIN_CONTAINING_COMPLEX_REMODELING	go_bp	0	18	37	53	2920	1.000000e+00	1.000000e+00	
GOBP_PROTEIN_DEPOLYMERIZATION	go_bp	0	18	118	53	2920	1.000000e+00	1.000000e+00	
GOBP_PROTEIN_TARGETING_TO_MEMBRANE	go_bp	0	18	126	53	2920	1.000000e+00	1.000000e+00	
GOBP_REGULATION_OF_CARDIAC_MUSCLE_CONTRACTION	go_bp	0	18	78	53	2920	1.000000e+00	1.000000e+00	
GOBP_REGULATION_OF_CD4_POSITIVE_ALPHA_BETA_T_CELL_DIFFERENTIATION	go_bp	0	18	58	53	2920	1.000000e+00	1.000000e+00	
GOBP_REGULATION_OF_EXTRINSIC_APOPTOTIC_SIGNALING_PATHWAY_IN_ABSENCE_OF_LIGAND	go_bp	0	18	46	53	2920	1.000000e+00	1.000000e+00	
GOBP_REGULATION_OF_INFLAMMATORY_RESPONSE_TO_ANTIGENIC_STIMULUS	go_bp	0	18	48	53	2920	1.000000e+00	1.000000e+00	
GOBP_REGULATION_OF_MORPHOGENESIS_OF_A_BRANCHING_STRUCTURE	go_bp	0	18	53	53	2920	1.000000e+00	1.000000e+00	
GOBP_REGULATION_OF_MRNA_SPLICING_VIA_SPLICEOSOME	go_bp	0	18	111	53	2920	1.000000e+00	1.000000e+00	
GOBP_REGULATION_OF_POSTSYNAPTIC_MEMBRANE_POTENTIAL	go_bp	0	18	148	53	2920	1.000000e+00	1.000000e+00	
GOBP_REGULATION_OF_PROTEIN_DEPHOSPHORYLATION	go_bp	0	18	75	53	2920	1.000000e+00	1.000000e+00	
GOBP_REGULATION_OF_PROTEIN_IMPORT_INTO_NUCLEUS	go_bp	0	18	58	53	2920	1.000000e+00	1.000000e+00	
GOBP_REGULATION_OF_SIGNAL_TRANSDUCTION_BY_P53_CLASS_MEDIATOR	go_bp	0	18	108	53	2920	1.000000e+00	1.000000e+00	
GOBP_REGULATION_OF_SODIUM_ION_TRANSMEMBRANE_TRANSPORT	go_bp	0	18	59	53	2920	1.000000e+00	1.000000e+00	
GOBP_REGULATION_OF_VIRAL_GENOME_REPLICATION	go_bp	0	18	85	53	2920	1.000000e+00	1.000000e+00	
GOBP_RESPONSE_TO_ISCHEMIA	go_bp	0	18	66	53	2920	1.000000e+00	1.000000e+00	
GOBP_RESPONSE_TO_TYPE_I_INTERFERON	go_bp	0	18	90	53	2920	1.000000e+00	1.000000e+00	
GOBP_RETROGRADE_TRANSPORT_ENDOSOME_TO_GOLGI	go_bp	0	18	106	53	2920	1.000000e+00	1.000000e+00	
GOBP_RIBOSOME_BIOGENESIS	go_bp	0	18	319	53	2920	1.000000e+00	1.000000e+00	
GOBP_SIGNALING_RECEPTOR_LIGAND_PRECURSOR_PROCESSING	go_bp	0	18	40	53	2920	1.000000e+00	1.000000e+00	
GOBP_SPINAL_CORD_DEVELOPMENT	go_bp	0	18	99	53	2920	1.000000e+00	1.000000e+00	
GOBP_STRESS_ACTIVATED_PROTEIN_KINASE_SIGNALING_CASCADE	go_bp	0	18	58	53	2920	1.000000e+00	1.000000e+00	
GOBP_TOLL_LIKE_RECEPTOR_4_SIGNALING_PATHWAY	go_bp	0	18	66	53	2920	1.000000e+00	1.000000e+00	
GOBP_TRANSCRIPTION_INITIATION_AT_RNA_POLYMERASE_II_PROMOTER	go_bp	0	18	167	53	2920	1.000000e+00	1.000000e+00	
GOBP_TRANSMISSION_OF_NERVE_IMPULSE	go_bp	0	18	74	53	2920	1.000000e+00	1.000000e+00	
GOBP_XENOBIOTIC_METABOLIC_PROCESS	go_bp	0	18	126	53	2920	1.000000e+00	1.000000e+00	
GOBP_BONE_DEVELOPMENT	go_bp	0	61	216	53	2920	1.000000e+00	1.000000e+00	
GOBP_PHOSPHOLIPID_METABOLIC_PROCESS	go_bp	0	61	387	53	2920	1.000000e+00	1.000000e+00	
GOBP_AMINOGLYCAN_CATABOLIC_PROCESS	go_bp	0	19	34	53	2920	1.000000e+00	1.000000e+00	
GOBP_ANTIGEN_PROCESSING_AND_PRESENTATION_OF_EXOGENOUS_ANTIGEN	go_bp	0	19	50	53	2920	1.000000e+00	1.000000e+00	
GOBP_APPENDAGE_MORPHOGENESIS	go_bp	0	19	150	53	2920	1.000000e+00	1.000000e+00	
GOBP_AXO_DENDRITIC_TRANSPORT	go_bp	0	19	79	53	2920	1.000000e+00	1.000000e+00	
GOBP_B_CELL_RECEPTOR_SIGNALING_PATHWAY	go_bp	0	19	78	53	2920	1.000000e+00	1.000000e+00	
GOBP_CALCIUM_ION_IMPORT	go_bp	0	19	84	53	2920	1.000000e+00	1.000000e+00	
GOBP_CARDIAC_SEPTUM_MORPHOGENESIS	go_bp	0	19	73	53	2920	1.000000e+00	1.000000e+00	
GOBP_CELLULAR_ALDEHYDE_METABOLIC_PROCESS	go_bp	0	19	76	53	2920	1.000000e+00	1.000000e+00	
GOBP_CELLULAR_RESPONSE_TO_ACID_CHEMICAL	go_bp	0	19	99	53	2920	1.000000e+00	1.000000e+00	
GOBP_CELL_CELL_ADHESION_MEDIATED_BY_CADHERIN	go_bp	0	19	50	53	2920	1.000000e+00	1.000000e+00	
GOBP_CENTRAL_NERVOUS_SYSTEM_NEURON_DEVELOPMENT	go_bp	0	19	86	53	2920	1.000000e+00	1.000000e+00	
GOBP_DENDRITIC_SPINE_DEVELOPMENT	go_bp	0	19	99	53	2920	1.000000e+00	1.000000e+00	
GOBP_DETECTION_OF_BIOTIC_STIMULUS	go_bp	0	19	37	53	2920	1.000000e+00	1.000000e+00	
GOBP_DNA_TEMPLATED_TRANSCRIPTION_INITIATION	go_bp	0	19	208	53	2920	1.000000e+00	1.000000e+00	
GOBP_ENDOCHONDRAL_BONE_MORPHOGENESIS	go_bp	0	19	60	53	2920	1.000000e+00	1.000000e+00	
GOBP_ENERGY_RESERVE_METABOLIC_PROCESS	go_bp	0	19	99	53	2920	1.000000e+00	1.000000e+00	
GOBP_ESTABLISHMENT_OF_RNA_LOCALIZATION	go_bp	0	19	163	53	2920	1.000000e+00	1.000000e+00	
GOBP_HEART_VALVE_MORPHOGENESIS	go_bp	0	19	62	53	2920	1.000000e+00	1.000000e+00	
GOBP_HYDROGEN_PEROXIDE_METABOLIC_PROCESS	go_bp	0	19	55	53	2920	1.000000e+00	1.000000e+00	
GOBP_INFLAMMATORY_RESPONSE_TO_WOUNDING	go_bp	0	19	28	53	2920	1.000000e+00	1.000000e+00	
GOBP_LENS_DEVELOPMENT_IN_CAMERA_TYPE_EYE	go_bp	0	19	90	53	2920	1.000000e+00	1.000000e+00	
GOBP_MODULATION_BY_SYMBIONT_OF_ENTRY_INTO_HOST	go_bp	0	19	56	53	2920	1.000000e+00	1.000000e+00	
GOBP_MUSCLE_ORGAN_MORPHOGENESIS	go_bp	0	19	82	53	2920	1.000000e+00	1.000000e+00	
GOBP_NEGATIVE_REGULATION_OF_MYELOID_CELL_DIFFERENTIATION	go_bp	0	19	95	53	2920	1.000000e+00	1.000000e+00	
GOBP_NEGATIVE_REGULATION_OF_NEURON_DIFFERENTIATION	go_bp	0	19	72	53	2920	1.000000e+00	1.000000e+00	
GOBP_NEGATIVE_REGULATION_OF_VIRAL_PROCESS	go_bp	0	19	93	53	2920	1.000000e+00	1.000000e+00	
GOBP_PEPTIDYL_THREONINE_MODIFICATION	go_bp	0	19	106	53	2920	1.000000e+00	1.000000e+00	
GOBP_POSITIVE_REGULATION_OF_CARBOHYDRATE_METABOLIC_PROCESS	go_bp	0	19	79	53	2920	1.000000e+00	1.000000e+00	
GOBP_POSITIVE_REGULATION_OF_EXTRINSIC_APOPTOTIC_SIGNALING_PATHWAY	go_bp	0	19	51	53	2920	1.000000e+00	1.000000e+00	
GOBP_POSITIVE_REGULATION_OF_INTERLEUKIN_2_PRODUCTION	go_bp	0	19	34	53	2920	1.000000e+00	1.000000e+00	
GOBP_POSITIVE_REGULATION_OF_STRESS_FIBER_ASSEMBLY	go_bp	0	19	51	53	2920	1.000000e+00	1.000000e+00	
GOBP_POSITIVE_REGULATION_OF_UBIQUITIN_DEPENDENT_PROTEIN_CATABOLIC_PROCESS	go_bp	0	19	104	53	2920	1.000000e+00	1.000000e+00	
GOBP_POSITIVE_T_CELL_SELECTION	go_bp	0	19	45	53	2920	1.000000e+00	1.000000e+00	
GOBP_POST_GOLGI_VESICLE_MEDIATED_TRANSPORT	go_bp	0	19	110	53	2920	1.000000e+00	1.000000e+00	
GOBP_PROTEIN_LIPID_COMPLEX_ORGANIZATION	go_bp	0	19	54	53	2920	1.000000e+00	1.000000e+00	
GOBP_PYRIMIDINE_CONTAINING_COMPOUND_METABOLIC_PROCESS	go_bp	0	19	90	53	2920	1.000000e+00	1.000000e+00	
GOBP_RECEPTOR_LOCALIZATION_TO_SYNAPSE	go_bp	0	19	62	53	2920	1.000000e+00	1.000000e+00	
GOBP_RECEPTOR_METABOLIC_PROCESS	go_bp	0	19	72	53	2920	1.000000e+00	1.000000e+00	
GOBP_REGULATION_OF_CELLULAR_RESPONSE_TO_INSULIN_STIMULUS	go_bp	0	19	78	53	2920	1.000000e+00	1.000000e+00	
GOBP_REGULATION_OF_MEMBRANE_PERMEABILITY	go_bp	0	19	72	53	2920	1.000000e+00	1.000000e+00	
GOBP_REGULATION_OF_MRNA_PROCESSING	go_bp	0	19	133	53	2920	1.000000e+00	1.000000e+00	
GOBP_REGULATION_OF_MYOBLAST_DIFFERENTIATION	go_bp	0	19	74	53	2920	1.000000e+00	1.000000e+00	
GOBP_REGULATION_OF_NEUROINFLAMMATORY_RESPONSE	go_bp	0	19	41	53	2920	1.000000e+00	1.000000e+00	
GOBP_REGULATION_OF_PROTEIN_CONTAINING_COMPLEX_DISASSEMBLY	go_bp	0	19	124	53	2920	1.000000e+00	1.000000e+00	
GOBP_REGULATION_OF_STRIATED_MUSCLE_CONTRACTION	go_bp	0	19	100	53	2920	1.000000e+00	1.000000e+00	
GOBP_REGULATION_OF_T_CELL_RECEPTOR_SIGNALING_PATHWAY	go_bp	0	19	49	53	2920	1.000000e+00	1.000000e+00	
GOBP_RELEASE_OF_CYTOCHROME_C_FROM_MITOCHONDRIA	go_bp	0	19	56	53	2920	1.000000e+00	1.000000e+00	
GOBP_RESPONSE_TO_LEUKEMIA_INHIBITORY_FACTOR	go_bp	0	19	105	53	2920	1.000000e+00	1.000000e+00	
GOBP_TRANSFORMING_GROWTH_FACTOR_BETA_PRODUCTION	go_bp	0	19	35	53	2920	1.000000e+00	1.000000e+00	
GOBP_TRANSITION_METAL_ION_TRANSPORT	go_bp	0	19	100	53	2920	1.000000e+00	1.000000e+00	
GOBP_TRNA_METABOLIC_PROCESS	go_bp	0	19	204	53	2920	1.000000e+00	1.000000e+00	
GOBP_TYPE_2_IMMUNE_RESPONSE	go_bp	0	19	42	53	2920	1.000000e+00	1.000000e+00	
GOBP_VENTRICULAR_SEPTUM_DEVELOPMENT	go_bp	0	19	75	53	2920	1.000000e+00	1.000000e+00	
GOBP_AMINO_ACID_METABOLIC_PROCESS	go_bp	0	67	299	53	2920	1.000000e+00	1.000000e+00	
GOBP_INTRACELLULAR_RECEPTOR_SIGNALING_PATHWAY	go_bp	0	67	379	53	2920	1.000000e+00	1.000000e+00	
GOBP_DEFENSE_RESPONSE_TO_VIRUS	go_bp	0	65	312	53	2920	1.000000e+00	1.000000e+00	
GOBP_GLYCEROLIPID_METABOLIC_PROCESS	go_bp	0	65	401	53	2920	1.000000e+00	1.000000e+00	
GOBP_MUSCLE_ORGAN_DEVELOPMENT	go_bp	0	65	361	53	2920	1.000000e+00	1.000000e+00	
GOBP_NEGATIVE_REGULATION_OF_CELL_CYCLE	go_bp	0	65	408	53	2920	1.000000e+00	1.000000e+00	
GOBP_NEGATIVE_REGULATION_OF_LEUKOCYTE_CELL_CELL_ADHESION	go_bp	0	65	151	53	2920	1.000000e+00	1.000000e+00	
GOBP_POSITIVE_REGULATION_OF_INFLAMMATORY_RESPONSE	go_bp	0	65	154	53	2920	1.000000e+00	1.000000e+00	
GOBP_REGULATION_OF_CYSTEINE_TYPE_ENDOPEPTIDASE_ACTIVITY	go_bp	0	65	190	53	2920	1.000000e+00	1.000000e+00	
GOBP_RESPONSE_TO_ENDOPLASMIC_RETICULUM_STRESS	go_bp	0	64	267	53	2920	1.000000e+00	1.000000e+00	
GOBP_APOPTOTIC_SIGNALING_PATHWAY	go_bp	0	191	620	53	2920	1.000000e+00	1.000000e+00	
GOBP_CELL_RECOGNITION	go_bp	0	66	157	53	2920	1.000000e+00	1.000000e+00	
GOBP_NEGATIVE_REGULATION_OF_ORGANELLE_ORGANIZATION	go_bp	0	63	363	53	2920	1.000000e+00	1.000000e+00	
GOBP_NUCLEIC_ACID_CATABOLIC_PROCESS	go_bp	0	62	802	53	2920	1.000000e+00	1.000000e+00	
GOBP_ORGANIC_ACID_CATABOLIC_PROCESS	go_bp	0	63	251	53	2920	1.000000e+00	1.000000e+00	
GOBP_ORGANOPHOSPHATE_CATABOLIC_PROCESS	go_bp	0	66	237	53	2920	1.000000e+00	1.000000e+00	
GOBP_PEPTIDYL_SERINE_MODIFICATION	go_bp	0	66	283	53	2920	1.000000e+00	1.000000e+00	
GOBP_POSITIVE_REGULATION_OF_DEFENSE_RESPONSE	go_bp	0	156	520	53	2920	1.000000e+00	1.000000e+00	
GOBP_REGULATION_OF_CALCIUM_ION_TRANSPORT	go_bp	0	66	253	53	2920	1.000000e+00	1.000000e+00	
GOBP_REGULATION_OF_MYELOID_CELL_DIFFERENTIATION	go_bp	0	62	217	53	2920	1.000000e+00	1.000000e+00	
GOBP_REGULATION_OF_RESPONSE_TO_BIOTIC_STIMULUS	go_bp	0	151	545	53	2920	1.000000e+00	1.000000e+00	
