OlinkID,Assay,001B,007,008,009,011,014,015,016,018,019,Panel
OID20159,ACAN,-0.2312999999999999,-0.3898,-0.0359,-0.201,-0.0221,-0.4862999999999999,-0.0923999999999999,-0.062,0.1893,-0.5197,Cardiometabolic
OID20105,ACE2,0.3885,-0.0481,-0.02,-0.1803,0.3953,0.1247999999999999,0.054,-0.114,,-0.0316,Cardiometabolic
OID20124,ACOX1,0.2359,-0.5364,-0.2142,-0.0389,-0.3615,-0.3739,0.2708999999999999,0.9951,0.3591999999999999,0.5105999999999999,Cardiometabolic
OID20314,ACP5,-0.1511,-0.2417,-0.0486999999999999,-0.1616,-0.2503,0.135,0.0519,-0.2052999999999999,-0.0138,0.0849,Cardiometabolic
OID20079,ACTA2,0.8962,-0.0234,0.8697999999999999,0.0251,0.0916,0.4535,-0.1594,0.2244,,-0.0490999999999999,Cardiometabolic
OID20137,ACY1,0.7252000000000001,-0.5416000000000001,-1.1254000000000002,-0.1661,0.4254,-0.0124999999999999,0.0549999999999999,-0.9427,-0.2448999999999999,-0.2450999999999999,Cardiometabolic
OID20394,ADA2,0.0706,-0.0244,-0.4167,0.0147,-0.3255,-0.0133999999999999,-0.2258,-0.1871999999999999,0.2356999999999999,-0.0905,Cardiometabolic
OID20109,ADAM15,-0.028,0.1255,0.1028,0.3769,0.3104,-0.0022,-0.0086,-0.1278,,-0.1475999999999999,Cardiometabolic
OID20249,ADAMTS13,0.0161999999999999,-0.1174999999999999,-0.2711999999999999,0.0534,-0.2696999999999999,-0.1137999999999999,0.0842999999999999,0.1476999999999999,0.0954,-0.0831999999999999,Cardiometabolic
OID20089,ADAMTS16,0.8228,0.2318,0.2389,0.4311,0.2391,-0.0292,0.4317,0.2871999999999999,,0.2471999999999999,Cardiometabolic
OID20260,ADGRE5,0.0025999999999999,-0.1945,-0.0127,0.1787999999999999,-0.1387999999999999,0.0594,-0.2523999999999999,0.0013,-0.0948999999999999,0.0715,Cardiometabolic
OID20189,ADGRG2,0.1263,-0.3678,-0.1341,-0.3472,-0.0747,-0.1256,0.1399,-0.1889,-0.1131999999999999,-0.3895999999999999,Cardiometabolic
OID20117,ADH4,2.0546,-1.267,-1.0469,-0.4802999999999999,1.6635,-0.1931,-0.9255,-0.6956,,0.0198,Cardiometabolic
OID20139,AGXT,0.9535,-0.4503,-0.7525999999999999,-0.0183999999999999,0.9348,-0.0631999999999999,0.0554999999999999,-0.2903,0.3312,0.1534,Cardiometabolic
OID20199,AHCY,0.022,0.1974999999999999,-0.4972,0.8240000000000001,0.3506,-0.2942,-0.0756,0.7474999999999999,0.7908,-0.0975999999999999,Cardiometabolic
OID20122,AK1,0.6385,-0.4828,-0.3696,-0.2387999999999999,0.0082999999999999,0.7781,-0.8188,-1.0213,0.7681,-0.4311,Cardiometabolic
OID20062,AKR1C4,-0.6578999999999999,-0.6857,0.9444,-0.1797999999999999,0.6654,-0.2038,-0.5952999999999999,-0.6875,,0.3316,Cardiometabolic
OID20273,ALCAM,0.1188,-0.1918,-0.1177,0.0244999999999999,-0.3274,-0.0524999999999999,0.1356,0.0721999999999999,-0.0955,-0.1086,Cardiometabolic
OID20333,AMY2A,0.1124999999999999,0.0496999999999999,-0.0319,-0.0474999999999999,-0.2608,-0.0427,-0.4334,0.0943999999999999,0.2065999999999999,-0.0959999999999999,Cardiometabolic
OID20340,AMY2B,-0.1169,0.0996,0.0398,-0.0144999999999999,-0.2476999999999999,-0.1563,-0.4824,0.0226999999999999,0.1797,0.0632,Cardiometabolic
OID20403,ANG,0.1528,-0.1473,0.0798,0.1593,-0.2566,0.017,0.4637,-0.1525,0.0415,0.0649,Cardiometabolic
OID20211,ANGPTL1,0.4359,-0.2165,0.4223,-0.0332,-0.1338,-0.0954999999999999,-0.0168999999999999,-0.2551,-0.0476999999999999,-0.3185,Cardiometabolic
OID20407,ANGPTL3,0.123,-0.0660999999999999,-0.1149,-0.2317999999999999,0.2017,0.246,0.5925,0.2169,0.4507,-0.2648,Cardiometabolic
OID20350,ANPEP,0.1157999999999999,0.1448999999999999,-0.4016999999999999,0.1484,-0.2786999999999999,0.05,0.183,-0.2574999999999999,0.0787,-0.1769,Cardiometabolic
OID20123,ANXA4,-0.133,0.1831,-0.1671,0.0685,-0.2363999999999999,-0.5128,-0.3557,0.2234,0.752,0.0131,Cardiometabolic
OID20389,AOC3,0.0535,-0.0096,-0.1712,-0.0662,-0.2965,0.0003,0.1254,-0.1271999999999999,0.0588999999999999,-0.0909,Cardiometabolic
OID20164,APLP1,-0.4038999999999999,-0.548,-0.155,-1.0132,-0.6427999999999998,-0.4932999999999998,0.5019,-0.2470000000000001,-0.5942000000000001,-1.0932,Cardiometabolic
OID20374,APOM,0.2012,-0.4352,-0.289,-0.0654,-0.3566,0.076,0.0131999999999999,-0.0470999999999999,-0.1126,0.2844,Cardiometabolic
OID20346,ART3,0.2451999999999999,0.1634000000000001,0.0551,0.1931999999999999,-0.0040999999999999,0.2739999999999999,0.1892,-0.3181,-0.1311,-0.0923,Cardiometabolic
OID20363,AXL,0.1887999999999999,0.1224,0.032,0.0107,-0.0728999999999999,0.199,0.3011999999999999,-0.2154,0.2584999999999999,-0.0925,Cardiometabolic
OID20309,AZU1,-0.6674,-0.0689999999999999,0.0855,-0.0811999999999999,-0.2343,0.0940999999999998,-1.3906,1.2507,0.5153,0.0434000000000001,Cardiometabolic
OID20114,BAG6,0.0143999999999999,-0.1076999999999999,0.0475999999999999,0.8202999999999999,-0.1485,-0.1927999999999999,-0.4908,0.6982,,-0.2174999999999999,Cardiometabolic
OID20336,BLMH,0.0477999999999999,0.0316,0.0597,0.2581,-0.1347999999999999,0.1563,0.0491,-0.0352,0.2531,0.1214999999999999,Cardiometabolic
OID20111,BMP6,0.6987000000000001,-0.0971,0.4662,0.6644,0.253,-0.0376999999999999,-0.4842,0.3723,,-0.1368,Cardiometabolic
OID20116,BOC,0.2758,-0.3498,0.1706,0.1299,-0.0687999999999999,0.1168,-0.2924,0.2964,,-0.1401,Cardiometabolic
OID20308,BPIFB1,-0.1991,-0.0068999999999999,-0.1294999999999999,0.1254999999999999,-0.3271,0.016,-0.2108000000000001,0.1312000000000002,-0.1352,0.0844,Cardiometabolic
OID20367,C1QTNF1,0.153,0.1327,0.2789000000000001,-0.0915,-0.2220999999999999,0.1616999999999999,0.0515999999999999,0.127,-0.0128999999999999,-0.0042999999999999,Cardiometabolic
OID20410,C2,-0.0489,0.1047,-0.0933,-0.0258999999999999,-0.2658,0.0987,0.2045,-0.0812,0.1543,-0.0684,Cardiometabolic
OID20409,CA1,0.2476999999999999,-0.2578,-1.1112,0.9361000000000002,1.2315,-0.1848999999999999,-0.2472999999999999,-0.7831999999999999,0.3457,-0.2035999999999999,Cardiometabolic
OID20225,CA13,-0.5670999999999999,-0.0575000000000001,-1.0366999999999995,0.8784000000000001,-0.1477999999999997,-0.7526999999999999,-0.9353,0.5509,1.2033999999999998,0.3799000000000001,Cardiometabolic
OID20271,CA3,-0.0046999999999999,-0.0267999999999999,0.6512,0.3576999999999999,0.5323,0.7807,0.2801,-4.2715000000000005,0.0154999999999999,-0.2469,Cardiometabolic
OID20241,CA4,0.0417,0.0593999999999999,-0.0509,-0.0199,-0.1793999999999999,0.0681,-0.1004,0.2326,-0.1906,-0.1588,Cardiometabolic
OID20075,CA5A,1.188,-0.4797,-0.3987,0.0025,1.3051,-0.0236,-0.4536,-0.4347,,0.2198999999999999,Cardiometabolic
OID20181,CANT1,0.0679,-0.3862,-0.1905,0.0211,-0.1193999999999999,-0.138,0.2145,0.1172,0.0979,-0.289,Cardiometabolic
OID20305,CASP3,-0.5114999999999998,0.2208000000000001,-0.8565000000000003,0.9291,0.0175,-0.5819999999999999,-0.9413,0.9306,1.246,0.5468999999999999,Cardiometabolic
OID20179,CBLIF,-0.0023999999999999,-0.0516999999999999,-0.1982,0.2581000000000001,0.2562,-0.0007,0.1786999999999999,-0.0144999999999999,0.2334999999999999,-0.252,Cardiometabolic
OID20226,CCDC80,0.1849999999999999,-0.0389999999999999,0.0221,0.698,0.2646,0.1870999999999999,-0.0653,0.156,0.2112,-0.279,Cardiometabolic
OID20401,CCL14,0.2640000000000001,0.2243,-0.1110999999999999,0.154,0.0122999999999999,0.2002,0.2710000000000001,0.2623,-0.142,0.0309,Cardiometabolic
OID20328,CCL15,-0.119,-0.3827,0.2067999999999999,0.1372999999999999,-0.3574,-0.1566,0.4553,0.2687999999999997,0.0707999999999999,0.0001999999999999,Cardiometabolic
OID20334,CCL16,-0.4288,-0.2370000000000001,0.3638,0.3289999999999999,0.0547999999999999,0.4575999999999999,0.0721,0.3085,0.0852,-0.2738,Cardiometabolic
OID20395,CCL18,-0.3828,-0.0926,0.3091,-0.0254,0.0332,0.1611,0.1152,0.0652999999999999,-0.0137,-0.1677999999999999,Cardiometabolic
OID20121,CCL27,0.4735999999999999,0.4454,0.5233,-0.0367999999999999,-1.5667,-0.2895999999999999,0.968,-0.3519,-0.2890999999999999,0.3863,Cardiometabolic
OID20412,CCL5,-0.6468,0.446,-0.3818,0.9006000000000001,0.0751999999999999,-0.1180000000000001,-1.916,0.6216,0.9717,0.2833,Cardiometabolic
OID20299,CCN3,-0.0168,0.5687,0.0431,-0.1853,0.0333999999999999,-0.0378,0.1674000000000001,0.1383,0.1008,-0.017,Cardiometabolic
OID20378,CD14,-0.1812,-0.3491999999999999,0.2704999999999999,-0.1538,-0.0653,-0.0432,0.4715999999999999,-0.1243,-0.1546,-0.1172999999999999,Cardiometabolic
OID20360,CD163,-0.0363,-0.0699999999999999,-0.2038,-0.1776,-0.2765999999999999,-0.0872,0.1911,-0.076,-0.2936999999999999,-0.0678999999999999,Cardiometabolic
OID20262,CD209,-0.0523,-0.0365,0.2052,-0.0544,-0.0567,-0.1416,-0.1646,-0.1611999999999999,-0.1568,-0.1588,Cardiometabolic
OID20177,CD2AP,-0.5600999999999998,0.2698000000000001,-0.6451,1.1166,0.2757999999999998,-0.4670999999999999,-0.7258,0.4732999999999999,1.5481,0.1271,Cardiometabolic
OID20380,CD46,0.1461,0.017,-0.1746,0.3556,-0.1777999999999999,-0.0305,-0.0221,0.1761,0.0666,-0.0631,Cardiometabolic
OID20377,CD55,0.3481,0.072,-0.0582,0.3742999999999999,-0.2597,0.1223999999999999,0.1079,0.0079,0.0787,-0.1984999999999999,Cardiometabolic
OID20339,CD59,0.0095999999999999,0.1309,-0.0963999999999999,-0.0279999999999999,-0.1871,0.062,0.1997,0.0783,-0.0587999999999999,-0.0815,Cardiometabolic
OID20206,CD69,-0.1356999999999999,-0.2044000000000001,-0.9127,0.9469000000000004,-0.0819999999999998,-0.6598000000000002,-0.8108,0.3580000000000001,1.2599000000000005,0.5204,Cardiometabolic
OID20397,CD93,0.2939,0.0351,-0.3346,0.1315,-0.1539,-0.1494999999999999,0.3777999999999999,0.0254,0.0824,-0.5317999999999999,Cardiometabolic
OID20353,CDH1,0.1932,0.1210999999999999,-0.2064,0.1593,-0.1394,0.2574,0.111,0.094,0.0079,-0.1989999999999999,Cardiometabolic
OID20134,CDH17,0.1974,-0.3748,-0.0573999999999998,-0.4729999999999998,-0.4881999999999999,-0.1189,-0.1691,-0.4299000000000001,0.2776999999999999,-0.6607999999999998,Cardiometabolic
OID20170,CDH2,0.1232999999999999,-0.298,-0.4211,-0.647,-0.0989999999999999,-0.6325,-0.419,-0.1186,-0.5347999999999999,-0.9932,Cardiometabolic
OID20243,CDH5,-0.1027,-0.0563,-0.1205,0.1056,-0.3341999999999999,0.0908999999999999,0.0798999999999999,0.2563,-0.0555999999999998,-0.0871999999999999,Cardiometabolic
OID20157,CDH6,0.2557,-0.117,0.0962,-0.3639,0.0070999999999999,-0.2595999999999999,-0.1206999999999999,-0.3156,-0.1137,-0.5102,Cardiometabolic
OID20193,CDHR5,-0.1583999999999998,-0.2200999999999999,-0.2436999999999999,-0.42,-0.0896,-0.1192,0.1690999999999999,-0.0797,-0.2448999999999999,-0.2372999999999999,Cardiometabolic
OID20102,CEACAM8,0.0479999999999999,0.2349,-0.0161,0.0089999999999999,-0.1357,0.2184999999999999,-0.5928,0.2615,,-0.2119,Cardiometabolic
OID20052,CEBPB,-0.7405999999999999,-0.2693,-0.0788,0.2286999999999999,-0.4904,-0.7675,0.762,0.6733,,-0.2032,Cardiometabolic
OID20298,CELA3A,-0.8153,0.2535999999999999,0.1959,0.4878,-0.3311,0.2901,-0.3315,0.5524,0.3161,0.1424,Cardiometabolic
OID20084,CEP43,0.3177,-0.0758,0.2106,0.5911,-0.0148999999999999,0.963,-0.0466999999999999,0.4788,,-0.3524,Cardiometabolic
OID20244,CES1,0.5222,-0.5745,-0.3127999999999999,-0.4407999999999999,-0.0381,0.2245,-0.0314999999999998,-0.1812,-0.1269,0.3315,Cardiometabolic
OID20152,CGREF1,0.1222,0.1513999999999999,0.2516,-0.1774,-0.0272999999999999,-0.2211,0.0526,-0.0805999999999999,-0.3193,-0.5186,Cardiometabolic
OID20054,CHEK2,-0.0455,-0.3802999999999999,0.6302,-1.0201,1.1486,0.2606,0.0012,0.2943,,0.3585,Cardiometabolic
OID20399,CHI3L1,0.3113,0.1834,0.1478,0.5710000000000001,-0.2484,0.3376,-0.1467,0.0268,-0.1259,-0.1531,Cardiometabolic
OID20312,CHIT1,-0.1269,-0.1328999999999993,0.0321,0.0371999999999999,-0.186,0.0394,0.165,0.0718999999999999,-0.1893,-0.1256999999999999,Cardiometabolic
OID20366,CHL1,0.1062999999999999,-0.0802,0.005,-0.1207999999999999,-0.2396,-0.1015999999999999,0.022,-0.0718999999999999,0.0554,0.0408,Cardiometabolic
OID20223,CHRDL2,0.2722,-0.1792,0.0736,0.2587,-0.0015,-0.0122999999999999,0.2359,-0.1358,0.1927,-0.7922,Cardiometabolic
OID20126,CLC,-0.3578999999999999,-0.1907000000000001,0.4567000000000001,-0.0211999999999998,-0.0387999999999997,-0.5857999999999999,-0.3191000000000001,-0.4683999999999999,-0.2608000000000001,-0.3024,Cardiometabolic
OID20099,CLEC1A,0.2426999999999999,-0.2486,-0.3884999999999999,0.154,9.99999999999994e-05,0.4671,-0.0195999999999999,0.4536,,0.6003000000000001,Cardiometabolic
OID20165,CLEC5A,0.4302,0.1317999999999999,0.2942,-0.1651,-0.2088,-0.0887,-0.1071999999999999,-0.2865999999999999,0.0576,-0.238,Cardiometabolic
OID20118,CLTA,-0.0047999999999999,-0.2243,0.0922,1.3679,0.1182,0.196,-1.0494,0.7698,,-0.6677,Cardiometabolic
OID20198,CLUL1,0.3266,-0.414,-0.2639,-0.2923,0.0926,-0.5199,0.1698,-0.0631999999999999,-0.0822,-0.4267999999999999,Cardiometabolic
OID20347,CNDP1,0.4199999999999999,-0.3153999999999999,-0.4091999999999998,0.1600000000000001,-0.4008000000000002,0.2842000000000002,0.2634999999999996,-0.0592999999999999,0.1308000000000002,0.3321,Cardiometabolic
OID20069,CNPY2,0.2487,-0.2188999999999999,0.6016999999999999,-0.4655999999999999,-1.0218,0.6873,-0.0697,1.5866,,-0.2375,Cardiometabolic
OID20127,CNST,-0.6480999999999999,0.2852999999999999,-1.2163000000000002,1.0467,0.2604999999999999,-0.8064999999999998,-0.261,1.0732000000000002,1.3495000000000004,0.3813,Cardiometabolic
OID20307,CNTN1,0.0749,-0.0935999999999999,-0.2942,-0.0665999999999999,-0.1824,0.0826,0.1679999999999999,-0.0784,0.0580999999999999,-0.0262,Cardiometabolic
OID20332,COL18A1,-0.1459,0.006,0.0602,0.0234,-0.1022,0.0536999999999999,0.0118,0.0402,-0.1003,-0.0338,Cardiometabolic
OID20335,COL1A1,0.1751,0.1663,0.4966999999999999,0.0519999999999999,-0.1634999999999999,-0.1668,0.1207,0.0304,-0.0368,-0.1265999999999999,Cardiometabolic
OID20208,COL4A1,0.5097999999999999,0.2539999999999999,0.2042999999999999,0.2441,0.0672999999999999,0.2561,0.748,-0.2814,0.0712,-0.2142999999999999,Cardiometabolic
OID20292,COL6A3,0.3005,0.0592999999999999,0.0948999999999999,-0.0185,0.1172,-0.0133,0.2168,0.2877,0.1704999999999999,0.0166999999999999,Cardiometabolic
OID20405,COMP,0.1164999999999999,-0.1437999999999999,0.0009,-0.2545999999999999,-0.215,0.1306,0.0917,-0.0555999999999999,0.1139,-0.2150999999999999,Cardiometabolic
OID20086,COMT,0.0608999999999997,0.1431,-0.5680000000000001,1.1094,0.2546999999999997,-0.4822999999999999,-1.0267000000000002,0.5213,,0.5972,Cardiometabolic
OID20286,CORO1A,-0.1640999999999999,-0.3771999999999997,-0.5811000000000001,1.3254,0.0085000000000001,-0.6132,-0.7271999999999998,0.1989999999999998,1.3351000000000002,0.8376000000000001,Cardiometabolic
OID20280,CPA1,-0.4538999999999999,0.0444999999999999,0.191,0.0625,-0.1194999999999999,0.3678,-0.217,0.1369999999999998,0.168,-0.0848999999999999,Cardiometabolic
OID20289,CPB1,-0.4431999999999999,0.3693999999999999,0.3312,0.0401,-0.0686999999999999,0.3117,0.0344000000000002,0.3061,0.24,-0.0867,Cardiometabolic
OID20393,CR2,0.0641,-0.1675999999999999,-0.2764,-0.0874,-0.2527,-0.0538999999999999,0.0522,-0.0556999999999999,-0.0358,-0.1233,Cardiometabolic
OID20055,CRHR1,0.4395,0.5720999999999999,1.6679,-1.9422,1.4260000000000002,-1.4871,-1.7938,-0.0883,,-1.208,Cardiometabolic
OID20279,CRTAC1,-0.0137,0.0034,-0.0755,0.0698999999999999,-0.3746,0.0785,0.0639,0.0959,0.0008999999999999,0.0828999999999999,Cardiometabolic
OID20070,CRX,0.4317000000000002,-0.3881000000000001,0.0979,0.0047999999999999,-0.9888,-0.5129,-0.4985,0.0279,,0.7999999999999999,Cardiometabolic
OID20400,CST3,-0.02,-0.1513,-0.1318,0.0393,-0.0349,-0.2284999999999999,0.2007999999999999,0.0673,-0.0103,0.0711,Cardiometabolic
OID20293,CST6,0.2172,0.141,-0.0983,0.1090999999999999,-0.2012999999999998,-0.0154999999999998,0.1361,0.2646,0.0111999999999998,0.0985,Cardiometabolic
OID20294,CSTB,-0.0778999999999999,0.0583,0.0648,0.4469999999999999,0.0377,-0.0687999999999999,0.1946,0.0507,0.2133999999999999,0.0556,Cardiometabolic
OID20061,CTF1,0.3031,0.0747999999999999,-1.9687,1.2786,0.1192999999999999,0.2606999999999999,-0.5887,0.6999000000000001,,0.1495999999999999,Cardiometabolic
OID20276,CTSB,-0.3335999999999999,0.3357,-0.9566,0.1088,0.2234,0.6078000000000001,1.0964999999999998,-0.2286,-0.1959,-0.5988,Cardiometabolic
OID20358,CTSD,0.1499999999999999,-0.0933,0.1034,0.2879,0.0728,0.0386,-0.0188999999999999,0.0548999999999999,-0.246,0.0407999999999999,Cardiometabolic
OID20113,CTSH,0.1196999999999999,-0.0920999999999998,0.4048,0.1022999999999998,-0.6171000000000002,-0.1143,-0.2557,-0.1561000000000001,,0.8913000000000002,Cardiometabolic
OID20228,CTSL,0.0226,-0.1235,0.0042,0.1080999999999999,-0.1783999999999999,-0.0839,0.2194,-0.0695,-0.0783,-0.2815999999999999,Cardiometabolic
OID20365,CTSZ,-0.2926999999999999,0.0993999999999999,0.344,0.2341999999999999,-0.0998,0.0001,-0.2585999999999999,-0.3208,-0.1527,-0.2632,Cardiometabolic
OID20282,CXCL16,0.012,0.0282999999999999,0.0950999999999999,-0.0778,-0.1717999999999999,-0.0004,0.0224999999999999,-0.0776999999999999,0.0934,-0.1281999999999999,Cardiometabolic
OID20207,CXCL5,-0.5317000000000001,0.0622,-0.7002,0.9084,-0.0262000000000002,-0.6496000000000002,-2.0898,1.1607,0.9859,0.4343000000000001,Cardiometabolic
OID20153,CXCL8,0.0216999999999999,-0.0325999999999999,0.3520999999999999,0.0058,0.1374999999999999,-0.3841,-1.4729,0.5694,-0.0242999999999999,0.1441,Cardiometabolic
OID20106,DCN,0.5052,0.2605,0.2878,0.0607,0.3027999999999999,0.2314,0.011,0.0161,,-0.3277,Cardiometabolic
OID20148,DCTPP1,0.0701,0.0516,-0.0615,0.0779,-0.2959,-0.138,-0.1029999999999999,-0.6154,0.0423999999999999,-0.3697,Cardiometabolic
OID20215,DDC,0.377,-0.0765,-0.3483999999999999,-0.0749999999999999,-0.3437,-0.0022999999999999,-0.3487,-0.2911,-0.3992,-0.4148,Cardiometabolic
OID20344,DEFA1_DEFA1B,-0.3977999999999999,0.2542,-0.4264,2.4913,0.1568999999999999,0.9312,-0.0163999999999999,0.1078,0.1244,-0.0829,Cardiometabolic
OID20184,DIABLO,0.0066999999999999,-0.4470999999999998,-1.0119000000000002,0.8009,-0.5217999999999998,-0.823,-1.469,0.7459000000000002,1.2551,0.6324999999999998,Cardiometabolic
OID20264,DKK3,-0.024,0.2498,0.2581,0.1485,-0.1412999999999999,-0.2221,0.0999,0.0766999999999999,-0.0935999999999999,-0.2623,Cardiometabolic
OID20295,DLK1,0.1951999999999999,0.0443,-0.0828,-0.0015999999999999,-0.2129999999999999,0.0302999999999999,-0.0483,0.0361,0.0251,-0.4375,Cardiometabolic
OID20093,DNAJB8,-0.2581,0.1263,0.0716,0.7908000000000001,0.5174,-0.3008999999999999,-0.5609999999999999,0.569,,0.2427,Cardiometabolic
OID20138,DOK2,-0.6096999999999997,-0.0455,-1.3214,1.2389,0.0575999999999998,-0.5906000000000002,-0.8095000000000001,0.3873000000000002,1.2474000000000005,0.8597999999999999,Cardiometabolic
OID20406,DPP4,0.1406,-0.0830999999999999,-0.2516,0.0060999999999999,-0.2951,0.0075,0.1349999999999999,-0.0762,0.0046,0.0451999999999999,Cardiometabolic
OID20142,DPP7,0.1055999999999999,-0.2933,-0.1335,0.2660000000000001,-0.4121999999999999,-0.003,-0.4116,0.4272999999999999,0.1331999999999999,0.3453,Cardiometabolic
OID20278,DPT,0.157,0.0154999999999999,-0.1129999999999999,0.0862,-0.2542,-0.1185,0.0329,0.0785999999999999,-0.0796,-0.1873999999999999,Cardiometabolic
OID20059,DUOX2,0.8659,0.4131,-0.6027,0.3548,-0.3049,0.6887,0.5733999999999999,0.0559,,0.8347,Cardiometabolic
OID20081,EDIL3,0.7751999999999999,-0.1411999999999999,1.0836,0.4902000000000001,-0.3765999999999999,0.6517,-0.1786999999999999,-0.1737999999999999,,-0.2825999999999999,Cardiometabolic
OID20414,EFEMP1,0.1311,-0.0454999999999999,-0.1144999999999998,0.0385999999999999,-0.1572,-0.0518999999999999,0.1888999999999999,0.2718,-0.0719999999999999,-0.0794,Cardiometabolic
OID20319,EGFR,-0.0148999999999999,-0.0348999999999999,-0.2056999999999999,0.0249999999999999,-0.2683,-0.0023,0.131,0.0202999999999999,0.0534999999999999,0.1817,Cardiometabolic
OID20162,EIF4EBP1,-0.1316,0.2544,-0.0314999999999999,0.4869000000000001,0.3982000000000001,-0.3922,-0.3422999999999999,-0.3094000000000001,0.2067,-0.2546,Cardiometabolic
OID20287,ENG,-0.0652,0.0022999999999999,-0.0554999999999999,0.0607,-0.2653,-0.0384999999999999,0.1243,0.0355,0.0837,0.0343999999999999,Cardiometabolic
OID20288,ENPP2,0.1035,0.183,-0.2121999999999999,0.1385999999999999,-0.0856,0.1058,0.0054,0.0276999999999998,0.2556,-0.1432,Cardiometabolic
OID20104,ENTPD5,0.188,-0.0534,0.4471,-0.0784,0.0079,0.0917,0.0418,0.1684999999999999,,-0.1221,Cardiometabolic
OID20100,ENTPD6,0.2114,-0.1080999999999999,0.3715,-0.0423,0.1553,0.3621999999999999,-0.42,0.1745999999999999,,-0.2348,Cardiometabolic
OID20242,EPHB4,-0.0659,0.2629,-0.0968,0.1273,-0.0890999999999999,0.3122,0.2643999999999999,0.0521,-0.1182999999999999,-0.2099,Cardiometabolic
OID20119,EPHX2,-0.2589,-0.1697,-0.6111,0.5454,-0.4698,-0.5182,0.6791999999999999,-0.2589,,-0.1931999999999999,Cardiometabolic
OID20270,ESAM,-0.0724999999999999,0.1364,-0.2159999999999999,0.3208,-0.0775,0.1558999999999999,-0.1426,0.1459,0.143,-0.1216,Cardiometabolic
OID20372,F7,0.0136999999999999,-0.4361,-0.0697000000000001,-0.2502,-0.1281,-0.0354999999999999,0.1278,-0.0030999999999998,0.0943,-0.1445,Cardiometabolic
OID20349,F9,-0.0191,-0.3805,0.1147,-0.1129,-0.3842,0.0338,0.1546,-0.1686,-0.2920999999999999,0.0968999999999999,Cardiometabolic
OID20200,FABP2,2.18,-0.8861000000000001,-0.3486,-0.8718,0.9147,0.6507000000000001,-1.0411,0.7562,-0.3006999999999999,-0.1120000000000001,Cardiometabolic
OID20245,FABP4,-0.0507999999999999,0.4296999999999999,0.4549999999999999,-0.2389999999999998,-0.8766,0.3040999999999998,0.0678999999999999,0.1747999999999999,0.0444999999999999,-0.1140999999999999,Cardiometabolic
OID20076,FABP6,0.6798000000000001,-0.6789999999999999,0.1161999999999999,0.0233999999999999,0.3298,0.1493,-1.29,0.1802999999999999,,0.3792999999999999,Cardiometabolic
OID20151,FADD,-0.4388,-0.3024,-0.616,0.3197000000000001,-0.0682,-0.5893999999999999,-0.5271,0.4402999999999999,1.1069,-0.0097,Cardiometabolic
OID20233,FAM3C,0.0448999999999999,-0.1383,0.2231999999999999,0.1682,-0.2259999999999999,-0.2182,-0.5307000000000001,0.2416999999999999,-0.0328999999999999,-0.3073,Cardiometabolic
OID20330,FAP,0.1814,-0.1103,-0.0833,0.0665999999999999,-0.2911,-0.1641,0.0108,0.0351,-0.1433999999999999,-0.2052999999999999,Cardiometabolic
OID20316,FAS,0.0587,0.0175999999999999,0.0869,0.0086,-0.3449,-0.2395999999999999,-0.0739,0.1670999999999999,0.2099999999999999,-0.0468,Cardiometabolic
OID20227,FBP1,-1.1528999999999998,0.3022,-1.8038000000000003,0.4049999999999998,0.0648999999999997,1.6006999999999998,-0.9396,-1.0675000000000008,-2.3412999999999995,0.0003999999999999,Cardiometabolic
OID20391,FCGR2A,0.0898,-0.0323999999999999,-0.2027,0.0823,-0.1798,0.0833999999999999,0.1289,-0.068,-0.0163999999999999,-0.0128,Cardiometabolic
OID20387,FCGR3B,0.0262,-0.1073,-0.2117,-0.1392,-0.0129,-0.0635999999999999,0.0606,-0.0378,-0.1135,0.041,Cardiometabolic
OID20382,FCN2,0.0357999999999999,-0.0367,-0.1785999999999999,0.0674,-0.2026,-0.0071999999999999,-0.1629,-0.1343999999999999,-0.0048,0.0254999999999999,Cardiometabolic
OID20172,FCRL1,0.0277,-0.403,-0.184,0.0134999999999999,-0.1562,-0.2450999999999999,0.0214,-0.1423000000000001,-0.0545999999999999,-0.5272,Cardiometabolic
OID20404,FETUB,0.1255,-0.1444999999999998,-0.0492,-0.1077999999999999,-0.1721,-0.0139,0.1685,0.0843,0.0117999999999999,0.0131999999999999,Cardiometabolic
OID20261,FUCA1,0.1176,-0.2935,-0.2393,-0.3695,-0.194,-0.1149,0.1251999999999999,0.0375999999999999,-0.0304999999999999,-0.0958,Cardiometabolic
OID20318,GAS6,-0.0251,0.1194,0.1261999999999999,0.0938999999999999,-0.1027,-0.0271,0.1336,0.0674,-0.0003999999999999,-0.0535999999999999,Cardiometabolic
OID20251,GDF15,0.2295,0.064,0.213,-0.1258999999999999,-0.0270999999999999,0.296,0.5004000000000001,0.5003,-0.0109,-0.2426,Cardiometabolic
OID20202,GDF2,0.1896,-0.3944999999999998,-0.0516999999999999,0.1291999999999999,-0.0963,0.0057,0.1194999999999999,-0.4566000000000001,-0.1740999999999999,-0.422,Cardiometabolic
OID20416,GGH,-0.0571,-0.0511999999999999,0.3837,0.0110999999999999,0.1063999999999999,-0.1965,-0.1703,0.0055,-0.0521,-0.2310999999999999,Cardiometabolic
OID20220,GH1,0.9779,-0.2624999999999993,0.3024000000000004,-0.8891999999999998,-0.6046999999999998,-1.6071,-1.0536000000000003,-0.1143,-1.2481000000000002,-0.3120000000000003,Cardiometabolic
OID20175,GHRL,-0.5670000000000002,-0.2106,0.2303000000000001,-0.4427000000000001,-0.6034999999999999,-0.1668,0.0966999999999999,-0.2845,-0.3505,-0.2535,Cardiometabolic
OID20107,GLO1,0.0327000000000001,-0.1569000000000002,-0.2484000000000001,0.8015999999999996,0.2831999999999999,-0.2972000000000001,-0.6663000000000006,-0.4851000000000001,,0.3109999999999999,Cardiometabolic
OID20195,GLRX,-0.2937,-0.4652,0.145,0.0883,0.2173999999999999,-0.3124,-0.7467,-0.1482,-0.1621000000000001,-0.2814,Cardiometabolic
OID20381,GP1BA,0.1114,0.1182999999999999,-0.2186,0.1839,-0.3537,-0.0727999999999999,0.1775,0.0943999999999999,0.1633,0.0518,Cardiometabolic
OID20090,GP2,0.1989,0.4496,0.065,0.0948999999999999,-0.2524,0.3422,0.2474999999999999,0.6361999999999999,,-0.0131,Cardiometabolic
OID20173,GPNMB,0.2390999999999999,-0.3935,-0.3845,-0.5503,-0.1118999999999999,-0.1959,-0.1161999999999999,-0.2483,-0.2375,-0.7295,Cardiometabolic
OID20095,GPR37,1.1607,0.0430999999999999,0.8684,-0.1311,0.2478,0.4346,-1.0233,0.3664999999999998,,-0.1798999999999999,Cardiometabolic
OID20192,GRAP2,-0.7022999999999997,0.0379,-1.2428,0.8481999999999998,0.3320999999999996,-0.51,-0.959,0.6893,1.6787,0.4272999999999999,Cardiometabolic
OID20066,GRK5,-0.1616,-0.3579,-0.2029,0.2919,0.0616999999999999,0.2249999999999999,0.1557,-0.1266,,0.2675,Cardiometabolic
OID20166,GSTA1,2.1107,-1.0294,-1.0638999999999998,-0.3388,1.7520000000000002,-0.3457,-0.4563000000000001,-0.2734000000000001,-0.1334999999999999,-0.1288999999999999,Cardiometabolic
OID20296,GUSB,0.0485,-0.4644,-0.4843,0.1156,0.1835999999999999,-0.2962,0.1571999999999999,0.1472,0.3591,0.3522999999999999,Cardiometabolic
OID20097,GYS1,0.3673999999999999,0.0294,0.1983,1.2185,-0.0595,0.4837,-0.571,1.3207,,0.8217,Cardiometabolic
OID20096,GZMH,0.5418,0.3935,0.1314,0.6124,0.1815,0.8342,-0.0741999999999999,0.5874,,-0.24,Cardiometabolic
OID20063,HEBP1,-0.0045,-0.1791,0.3119,-1.4404,-0.571,0.2531,0.2875,-0.6683,,0.1421,Cardiometabolic
OID20065,HK2,-0.7006000000000001,0.5684,-0.7062,1.1603,-0.7205,0.6058000000000001,-0.5366,0.8342,,-0.0429999999999999,Cardiometabolic
OID20217,HMOX1,-0.2451000000000001,-0.3978,0.0984999999999999,0.6024999999999999,-0.0578,0.0325999999999999,0.1252,-0.1682,-0.1113,-0.4927,Cardiometabolic
OID20051,HNRNPK,-0.0723,0.3369000000000001,0.4478,0.5787,0.1891,0.7194,-0.3271,0.1791999999999999,,-0.4339,Cardiometabolic
OID20230,HSPB1,-0.3033999999999999,0.1371000000000002,-0.516,0.8811999999999998,-0.1461999999999994,-1.112,-1.3503000000000005,0.1172999999999997,1.1200000000000006,0.6253000000000002,Cardiometabolic
OID20383,HSPG2,0.1992,0.1180999999999999,-0.0388,-0.0647,-0.2683,-0.0040999999999999,0.1747,0.1115,-0.1441,-0.2526,Cardiometabolic
OID20357,HYAL1,-0.0317,-0.047,0.0273999999999999,0.1060999999999999,-0.2354,-0.0854999999999999,0.0528,0.3445,-0.0395,-0.0916999999999999,Cardiometabolic
OID20300,HYOU1,0.0887999999999999,-0.0911999999999999,-0.2969,0.2075,-0.0833,-0.08,0.2059,0.2016,0.0553,0.1415,Cardiometabolic
OID20411,ICAM1,0.0953,-0.0888,-0.2021,0.0677,-0.2592,0.0390999999999999,0.0446,-0.076,-0.0595,-0.0598,Cardiometabolic
OID20248,ICAM2,0.0195,0.032,0.0051999999999999,0.0158999999999999,-0.3063,-0.0277999999999999,0.0682,0.1266,-0.2149,-0.1857999999999999,Cardiometabolic
OID20277,ICAM3,-0.1289,-0.0556,-0.1791,0.0006999999999999,-0.2044,0.1766,0.0399999999999999,-0.0549,-0.1031,-0.0199,Cardiometabolic
OID20145,ICAM5,0.287,-0.2562999999999998,-0.2794,-0.1715999999999999,0.0727999999999998,-0.0666999999999999,0.3702999999999999,0.3323,0.1639999999999999,-0.3347,Cardiometabolic
OID20246,IGFBP1,1.8474,-0.7734000000000001,0.1798999999999999,-0.2763,0.4695999999999998,1.0341,1.1233,0.2866000000000002,-0.4057,-1.0547,Cardiometabolic
OID20325,IGFBP2,,,,,,,,,,,Cardiometabolic
OID20398,IGFBP3,0.0166999999999999,-0.1716,-0.3803999999999999,-0.0460999999999999,-0.2045,-0.1054999999999999,0.1581,-0.017,0.0525999999999999,-0.0489,Cardiometabolic
OID20413,IGFBP6,0.0887,0.233,0.2632,0.0031999999999999,-0.0863999999999999,0.1557,0.1094,0.1192,-0.0024,-0.0846999999999999,Cardiometabolic
OID20236,IGFBP7,0.5579,0.3339,-0.1331,0.4934,0.0283999999999999,0.1477,-0.1994,0.1474999999999999,0.0973,-0.1118,Cardiometabolic
OID20155,IGFBPL1,0.3742,0.0699,0.3555,-0.0806,-0.0139999999999999,-0.3324,0.4171999999999999,-0.3359999999999999,-0.1046,-0.2811,Cardiometabolic
OID20167,IGSF8,-0.1272,-0.1586,-0.1072,0.1951999999999999,-0.1652,-0.325,-0.0141999999999999,0.1473,0.2665,-0.1102999999999999,Cardiometabolic
OID20348,IL18BP,0.0173999999999999,0.1144,0.0147999999999999,-0.0813,-0.3043,0.0229999999999999,-0.0342,-0.1235,-0.1341,-0.0563,Cardiometabolic
OID20158,IL19,-0.0295999999999999,-0.1664999999999999,0.0920999999999999,0.0727999999999999,-1.0742,-0.3419999999999999,-0.1279,0.3948,-0.1336,-0.2637999999999998,Cardiometabolic
OID20250,IL1RL1,0.0661999999999999,0.1709,0.4631,0.0261,-0.0961999999999999,0.4576,-0.1084999999999999,-0.2726,0.0390000000000001,-0.0387,Cardiometabolic
OID20267,IL2RA,-0.1408,0.0036,-0.2205,0.2410999999999999,-0.0698999999999999,-0.0902999999999999,0.3147,0.065,0.1539,-0.0914,Cardiometabolic
OID20101,IL6,-3.6641,-0.6415,-0.1902999999999999,-0.4539999999999999,-0.1491999999999999,-0.0622,-0.9833,-0.1386,,-0.0706,Cardiometabolic
OID20385,IL6R,0.0363999999999999,-0.1603,-0.3064,0.0346,-0.3775,-0.0403999999999999,0.1462999999999999,0.1591,0.0805,-0.0892,Cardiometabolic
OID20147,IL6ST,0.1597,-0.2585,-0.4028,-0.3510999999999999,-0.3354,-0.2075999999999999,-0.1658,-0.3864999999999999,-0.0868,-0.1816,Cardiometabolic
OID20085,IRAG2,-0.3904000000000001,0.5041999999999995,-0.7513000000000003,1.1983000000000006,0.2956000000000003,-0.2836999999999996,-0.7368000000000001,0.0637000000000003,,0.4794,Cardiometabolic
OID20376,ITGB1,-0.0649,-0.0475999999999999,-0.1211999999999999,0.2164,-0.1855,-0.1509,0.0209,-0.1927,-0.158,0.1347,Cardiometabolic
OID20112,ITGB1BP2,-0.409,0.4180999999999999,-0.0094,1.3279999999999998,-0.0758,-0.5193000000000001,-1.5829,0.3533999999999999,,1.0654,Cardiometabolic
OID20315,ITGB2,0.1085,-0.0637999999999998,-0.0270000000000001,-0.0930999999999999,-0.4187999999999999,-0.0069000000000001,0.0082999999999999,-0.1093999999999999,-0.0498999999999998,-0.0155,Cardiometabolic
OID20352,ITIH3,-0.906,0.2615,0.2803,-0.0196999999999999,0.0545999999999999,-0.3320999999999998,0.1507,0.0662,0.0170000000000001,-0.275,Cardiometabolic
OID20370,KIT,0.2196,0.0514,-0.0973,0.203,-0.2041,0.0119999999999999,0.1823999999999999,0.0029,0.0065,0.2171,Cardiometabolic
OID20196,KITLG,-0.2318,-0.0938999999999999,0.0406,0.1359,-0.0607,-0.0633,0.0365999999999999,-0.1285999999999999,-0.0882,-0.4444,Cardiometabolic
OID20232,KYAT1,-0.3256,-0.3759,-0.5914,0.3782000000000001,0.0459,-0.8926,-0.4443,-0.5085,0.6063999999999999,-0.0273999999999999,Cardiometabolic
OID20150,LACTB2,-0.4652,0.0341,-0.8574999999999999,0.7979,0.0097,-0.5683,-0.5638,0.2639999999999999,0.7215,-0.0967,Cardiometabolic
OID20355,LBP,-0.5802,0.0809999999999999,1.8533,-0.2104,0.0886,-0.2523000000000001,-0.1809999999999999,-0.1415,-0.1165,0.3042,Cardiometabolic
OID20392,LCN2,0.1633,0.1249,-0.0976999999999999,0.2912,-0.1737999999999999,-0.0056,0.0818,0.1385999999999999,0.0018999999999999,-0.0851999999999999,Cardiometabolic
OID20240,LDLR,0.1382,0.0105,-0.6003999999999999,-0.153,0.2004,0.3169,0.2244,0.1712,0.4664,-0.4616,Cardiometabolic
OID20187,LEP,0.7261000000000002,-1.0255999999999998,-0.7866,-0.3511999999999999,-0.5287999999999999,-0.8593999999999999,-0.1240999999999999,-0.3976,0.2642,0.2635999999999998,Cardiometabolic
OID20128,LEPR,0.0698,-0.1976,-0.5566,-0.4762999999999999,-0.4416,0.0949,-0.1132999999999999,-0.2838,-0.4116000000000001,-0.9641,Cardiometabolic
OID20154,LGALS1,0.3648999999999999,0.1145,0.1094,-0.2322,-0.0172999999999999,0.0527,0.1601,-0.1810999999999999,0.4331,-0.3185,Cardiometabolic
OID20284,LGALS3,-0.2241,-0.0907,0.1017,-0.0658,-0.2813,0.2353,0.0582999999999999,0.0629,-0.0199,0.1293,Cardiometabolic
OID20209,LILRA5,-0.0534999999999999,-0.1675000000000001,0.0462,-0.1577,-0.1427,-0.1334,-0.0194,-0.2517,-0.2412999999999999,-0.3679,Cardiometabolic
OID20323,LILRB1,-0.0297999999999999,-0.0188999999999999,-0.0392,-0.073,-0.1123,0.2013,-0.0131999999999999,0.034,-0.1369,-0.2270999999999999,Cardiometabolic
OID20301,LILRB2,0.12,0.043,-0.079,0.0946999999999999,-0.2385,0.1131,0.1387,0.1483,-0.0683999999999999,0.0585999999999999,Cardiometabolic
OID20324,LILRB5,-0.0249999999999999,-0.0852999999999999,-0.0316999999999998,-0.0209999999999999,-0.0129000000000001,0.1461,-0.0633,0.1870999999999999,-0.1516999999999999,-0.1590999999999999,Cardiometabolic
OID20188,LPL,-0.2002999999999999,0.2565,0.5268999999999999,-0.0282,-0.1210999999999999,-0.3575,-0.6559,0.2025,0.0467999999999999,-0.6035999999999999,Cardiometabolic
OID20185,LRP11,-0.0811,-0.3624,-0.3028,-0.2372,0.1266,-0.3444,0.1938,0.2711,-0.1658,-0.6858,Cardiometabolic
OID20254,LTBP2,0.1115,-0.0146,0.2214,0.2499,-0.0826,0.0161,0.2117,-0.0369,0.1493,-0.2124999999999999,Cardiometabolic
OID20210,MARCO,0.0007,-0.4397,-0.0040999999999999,-0.0509999999999999,-0.1381,0.0126,-0.0626999999999999,-0.2677,-0.3287,-0.4934,Cardiometabolic
OID20263,MB,0.2739,0.125,0.9973,-0.1636,-0.0178999999999999,0.8298000000000001,0.6721,-4.6644,-0.2659,-0.4039999999999999,Cardiometabolic
OID20343,MCAM,0.2264,0.0668999999999999,-0.4761999999999999,0.2011,-0.3233,-0.3018999999999999,0.0422,-0.1512,-0.0440999999999999,0.0597,Cardiometabolic
OID20171,MCFD2,0.2592,-0.4162999999999999,0.4407999999999999,0.5335,-0.2736,-1.1505999999999998,0.0286,0.3427,0.5349,-0.3933999999999999,Cardiometabolic
OID20285,MEGF9,0.0591,-0.2141,-0.2348,-0.0469999999999999,-0.2807,0.0342999999999999,0.0339,-0.0035,0.077,0.0332,Cardiometabolic
OID20168,MEP1B,0.2198999999999999,-0.0585999999999999,-0.3772999999999999,-0.0732999999999999,0.2074,-0.4100999999999999,0.3242000000000002,-0.4646999999999999,-0.1617999999999999,-0.0752999999999999,Cardiometabolic
OID20269,MET,-0.0146999999999999,-0.1245999999999999,-0.2559999999999999,0.0259,-0.0634,-0.0434,0.03,0.1462999999999999,0.1958,-0.0118,Cardiometabolic
OID20057,MFAP3,0.5771999999999999,0.9341,-0.1513,-0.4677,0.6232000000000001,0.744,-0.1251,0.3095,,-0.7236,Cardiometabolic
OID20239,MFAP5,0.0398999999999999,0.1578999999999999,0.1897,-0.2145999999999999,-0.0803,0.0914999999999999,0.208,0.1296999999999999,0.1584000000000001,-0.0260999999999999,Cardiometabolic
OID20087,MMP7,0.6634000000000002,0.5451999999999999,0.5683999999999996,0.4668999999999998,0.5384000000000002,0.8694999999999999,0.2385999999999999,0.3853,,0.4878,Cardiometabolic
OID20156,MNDA,-0.2905999999999999,0.4652000000000003,-0.0623,0.2713999999999998,0.3667000000000002,0.7467999999999999,0.3673999999999999,1.1484,6.7285,-0.2357999999999998,Cardiometabolic
OID20092,MPHOSPH8,-2.0771,1.336,0.2157,1.0131,-0.1512,-0.0448999999999999,0.8177,-0.0436,,0.401,Cardiometabolic
OID20275,MSMB,0.1140999999999999,0.0110999999999999,-0.0166,0.3626,-1.1579000000000002,-0.9972,0.2848000000000001,-0.1049999999999999,0.0638999999999998,-0.2642,Cardiometabolic
OID20115,MSTN,1.06,0.076,-0.5186,0.0142,-0.0085,-0.7284,0.0362,-0.0832000000000001,,-0.1151999999999999,Cardiometabolic
OID20080,MTPN,-0.254,-0.1503,0.0425999999999999,-0.4387999999999999,-0.3747,-0.2087,-0.4487,-0.0881,,-0.1633,Cardiometabolic
OID20178,NADK,-0.1723,-0.2765000000000001,-0.097,-0.0272000000000001,-0.0322999999999999,0.0932999999999999,-0.3454,0.2941,0.4130999999999999,-0.2561,Cardiometabolic
OID20354,NCAM1,0.2016,-0.0553000000000001,-0.1720999999999999,0.1201,-0.4225000000000001,0.0084999999999999,0.0525999999999999,-0.1146,0.0415,0.0097999999999999,Cardiometabolic
OID20222,NECTIN2,0.2015999999999999,-0.0721,-0.0246,0.2029,-0.2337,0.0095,0.2215,0.0402,0.1737,-0.2673999999999999,Cardiometabolic
OID20362,NID1,-0.0324,0.1047,-0.0362,-0.069,-0.1869,-0.2203999999999999,0.1732999999999999,0.029,0.1585,-0.0314,Cardiometabolic
OID20311,NOTCH1,-0.0040999999999999,-0.0899,-0.1728,0.0337,-0.2236,0.0406,0.0585999999999999,0.1512,0.0302,-0.1097999999999999,Cardiometabolic
OID20253,NOTCH3,0.0123999999999999,-0.015,0.1422999999999999,-0.1574,-0.4563,-0.1525999999999999,0.3242,0.0388,-0.1531,-0.2899,Cardiometabolic
OID20205,NPDC1,-0.4351,-0.6706000000000001,-0.4275,-0.3999,-0.6135999999999999,-0.4936,-0.1517,-0.1074,-0.4571,-0.1941999999999999,Cardiometabolic
OID20049,NPPB,2.5460000000000003,3.9831,-3.2344000000000004,0.5139,-1.2496,-0.5798,-1.1251,0.3731000000000001,,-3.7159999999999993,Cardiometabolic
OID20191,NPTXR,-0.2506,-0.3913999999999999,-0.3487,-0.2524999999999999,-0.1778,-0.3093,0.0980999999999999,-0.2647,-0.4735,-0.5097,Cardiometabolic
OID20229,NRCAM,-0.0610999999999999,-0.2870999999999999,-0.2098,-0.6072000000000001,-0.3489,-0.0097,0.2114,-0.3708,0.0638,-0.992,Cardiometabolic
OID20390,NRP1,-0.1378,0.2060999999999999,-0.1533,0.1162,-0.3752999999999999,-0.3628,0.0569999999999999,0.0904999999999999,-0.0098999999999999,-0.2818,Cardiometabolic
OID20136,NTRK2,-0.1003,-0.2623999999999999,-0.4088,-0.4329,-0.5166999999999999,-0.1109,-0.183,-0.2332,-0.0855999999999999,-0.9683,Cardiometabolic
OID20125,NTproBNP,0.3189,0.0172999999999999,-0.0912999999999999,0.7543,-0.6921,-0.4217000000000001,1.4639,1.0743,-0.4188,0.0663,Cardiometabolic
OID20183,OLR1,-0.4756,-0.2425999999999999,-0.2135,-0.0875,-0.2493999999999999,0.1121999999999998,-0.7407,0.6698,0.1887999999999999,-0.3600000000000001,Cardiometabolic
OID20356,OSMR,0.0002999999999999,0.0375999999999999,-0.0226999999999999,0.0443999999999999,-0.1632,0.0959,0.0361,0.0204,-0.0677,-0.0445999999999999,Cardiometabolic
OID20108,PAG1,-0.0286999999999999,0.0783,-0.3672,1.3085,0.2180999999999999,-0.4363,-0.8109,-0.0355999999999999,,0.5906,Cardiometabolic
OID20291,PAM,-0.1599,-0.0314,0.2014,0.1533999999999999,-0.0393,0.0716,0.1162,0.0432,0.1215999999999999,-0.2757,Cardiometabolic
OID20132,PCDH17,0.0597999999999999,-0.0538999999999999,0.2150999999999999,-0.2823,-0.4912999999999999,0.0797,-0.0259999999999999,-0.7055,-0.172,-0.3659999999999999,Cardiometabolic
OID20384,PCOLCE,,,,,,,,,,,Cardiometabolic
OID20235,PCSK9,0.2298999999999999,-0.6931,0.1091,-0.392,-0.3996999999999999,0.2668,-0.3836,0.4683,0.0079,-0.1516,Cardiometabolic
OID20163,PDCD6,0.3963,-0.3311999999999999,-0.2158999999999999,0.1574999999999999,0.0115,-0.0554999999999999,-0.0917,-0.0541,0.2465999999999999,0.0653,Cardiometabolic
OID20313,PDGFA,-0.5517,0.2558,-0.6103000000000001,0.9453,0.0917,0.0087,-1.3155,0.5737,0.9425,0.5053,Cardiometabolic
OID20133,PDGFRA,0.1464,0.2737,-0.2183,0.1321999999999999,0.0473,-0.2186,0.0630999999999999,-0.1217,-0.3425,-0.6604,Cardiometabolic
OID20268,PDGFRB,0.2055,-0.1677,-0.1541,-0.0195,-0.1361,-0.0857,0.0080999999999999,0.0583,-0.0803,-0.0461,Cardiometabolic
OID20257,PEAR1,-0.1693,-0.0787999999999999,-0.2054,0.0573999999999999,-0.1201999999999999,-0.0307999999999999,0.2276,-0.0008999999999999,0.3194,0.0136999999999999,Cardiometabolic
OID20338,PGLYRP1,0.0133,-0.0526,-0.0814999999999999,-0.0761,-0.1745,-0.0401999999999999,0.0324999999999999,0.068,-0.0018,-0.008,Cardiometabolic
OID20326,PI3,0.2627,0.06,0.157,0.0222999999999999,-0.1901,-0.3928,-0.0345,-0.0218,-1.6178,-0.3807,Cardiometabolic
OID20197,PILRB,0.1345,-0.3027,0.0683,0.2102,0.0796,-0.0441,0.0535999999999999,-0.0699,0.0162999999999999,-0.2224,Cardiometabolic
OID20252,PLA2G1B,-0.1720999999999999,0.3225,-0.1596999999999999,-0.1515,-0.0246,0.1376999999999999,-0.1306,0.1697,-0.1119,-0.0158,Cardiometabolic
OID20274,PLA2G2A,-0.5341,0.1675999999999999,0.6441999999999999,0.3877000000000001,-0.2941,0.3347000000000001,0.6374,-0.1089999999999999,0.1261,0.077,Cardiometabolic
OID20247,PLAT,-0.2186,-0.8691,-0.3228999999999999,-0.19,-0.5698000000000001,-0.1617,-0.3095999999999999,-0.2548,-0.6501,-0.5268999999999999,Cardiometabolic
OID20143,PLIN3,0.1464,0.0228999999999999,0.247,0.5002000000000001,-0.2298,-0.4346,-0.0998,0.003,0.3603,-0.4684,Cardiometabolic
OID20144,PLPBP,-0.4133,0.0106000000000001,-0.8606,0.8953,0.0466999999999999,-0.7026999999999999,-0.3994999999999999,0.4927,1.1725,0.2080999999999999,Cardiometabolic
OID20238,PLTP,0.1279,-0.2208999999999999,-0.0745,0.0524,-0.2745,-0.1051999999999998,0.1242,0.0331,-0.0799999999999999,0.0836,Cardiometabolic
OID20317,PLXNB2,-0.0841,-0.1304,-0.1522,0.0933,-0.3047999999999999,0.1166,0.1054999999999999,-0.0967,0.0169999999999999,0.0367,Cardiometabolic
OID20160,PLXNB3,0.0505999999999999,-0.0563,-0.7932000000000001,0.0978,-0.0020999999999999,-0.3965,0.1381,-0.1744,0.2977,-0.0361999999999999,Cardiometabolic
OID20149,PM20D1,0.3776000000000001,-0.3041,-0.1101999999999998,-0.2122000000000001,0.0119,-0.3001999999999993,-0.0454999999999999,-0.2671000000000001,0.1126,-0.8201,Cardiometabolic
OID20088,PON2,0.5595999999999999,-0.3303,0.0191999999999999,0.0958999999999999,-0.0675999999999998,-0.1291999999999999,-0.5803,0.3083999999999999,,-0.3494,Cardiometabolic
OID20331,PPIB,-0.2315,-0.1078999999999998,-0.3816999999999999,1.2526000000000002,-0.1694999999999997,-0.6350000000000002,-0.8402,0.6409,1.5523,0.4757999999999998,Cardiometabolic
OID20176,PPP1R2,-0.4429,0.1396999999999999,0.288,0.7864,0.2081999999999999,0.0269999999999999,-0.3848,0.2739,0.5634999999999999,-0.2228,Cardiometabolic
OID20337,PRCP,-0.0514999999999999,-0.0567999999999999,0.0343,-0.0432,-0.2481,0.2907999999999999,0.0866,-0.1511,0.0030999999999999,-0.1699999999999999,Cardiometabolic
OID20146,PRKAR1A,-0.1226,-0.0543999999999997,-0.1952999999999999,0.6470999999999998,0.1258000000000003,-0.7687999999999997,-0.7078,-0.1612,1.2511,0.1421000000000001,Cardiometabolic
OID20402,PROC,0.0111999999999999,-0.431,-0.0897,-0.115,-0.1678,0.0592,-0.0830999999999999,0.1130999999999999,0.1064,0.0547999999999999,Cardiometabolic
OID20364,PRSS2,-0.3026,0.2145,0.0349999999999999,-0.1139,0.026,0.2514999999999999,-0.1096,0.3616999999999999,0.0482,0.1584999999999999,Cardiometabolic
OID20212,PRSS27,0.3107,-0.4245,0.4272000000000001,0.4885000000000001,-0.1437999999999999,-0.0607,-0.2905999999999999,0.371,-0.3580000000000001,-0.4833,Cardiometabolic
OID20329,PRTN3,-0.3807,-0.1408,0.1839999999999999,-0.1142999999999999,-0.3845999999999999,-0.0756,-0.3564,0.0702999999999999,0.1119,-0.0522,Cardiometabolic
OID20408,PTGDS,-0.1918,0.0557999999999999,-0.374,0.0433,-0.3313,-0.1943,-0.0307999999999999,0.1184,-0.0498,-0.2584999999999999,Cardiometabolic
OID20083,PTN,0.4053,0.3236,0.6623,0.6637000000000001,0.4327999999999999,-0.002,-2.4611,0.562,,0.0533,Cardiometabolic
OID20310,PTPRF,0.2380999999999999,-0.1299,-0.0947,0.2672,-0.3715,0.0597,0.3246999999999999,-0.0930999999999999,0.0672999999999999,-0.1363,Cardiometabolic
OID20306,PTPRS,-0.0084,0.0352,-0.308,0.0199,-0.0731,-0.3197,0.3344,-0.0314,0.0474,-0.1704999999999999,Cardiometabolic
OID20174,QDPR,0.2155999999999999,-0.1346,-0.3410999999999999,0.6984000000000001,0.0537,-0.2328,-0.3736,-1.2303,0.5956,-0.175,Cardiometabolic
OID20320,QPCT,-0.1580999999999999,-0.0253,-0.0515999999999999,-0.0117,-0.2431999999999999,0.0663999999999999,0.1643,0.0314,0.0814,0.0148,Cardiometabolic
OID20373,RARRES2,-0.8819000000000001,0.1035999999999999,0.4328999999999999,-0.0077,0.411,-0.0067000000000001,-0.1498999999999999,0.2562,0.4937,-0.6343,Cardiometabolic
OID20073,RCOR1,0.3901,-0.1726000000000001,0.2789,-0.0501,0.2394,0.1056,-0.3725,0.2835,,-0.1564,Cardiometabolic
OID20415,REG1A,0.053,0.1401999999999999,0.0583,0.0728,-0.5446,-0.0622,-0.003,-0.0752999999999999,-0.077,-0.007,Cardiometabolic
OID20266,REG1B,-0.2360999999999999,0.0285,0.07,0.0939999999999999,-0.6131000000000001,-0.0892999999999999,-0.1054999999999999,-0.3182,0.0291,0.0417999999999999,Cardiometabolic
OID20258,REG3A,0.1136000000000001,0.1579000000000001,-0.2073,0.0736,-0.2974000000000001,-0.3212999999999999,-0.0422999999999999,-0.0540999999999999,-0.0419,-0.0314,Cardiometabolic
OID20201,REN,-0.1295,-0.0964999999999999,0.0476999999999999,-0.3493999999999999,0.1815999999999999,0.9814,0.1030999999999999,0.0347999999999999,0.2225000000000001,0.1824,Cardiometabolic
OID20327,RETN,-0.1004999999999999,-0.0025999999999999,0.0368,0.1258,-0.197,-0.1067999999999999,0.1854,0.0460999999999999,-0.0501,-0.0858,Cardiometabolic
OID20203,RNASE3,0.0646999999999999,0.2616000000000001,0.1696,0.8674999999999999,-0.1812,-0.4977,-0.6165,1.2394,3.8865,-0.5705000000000001,Cardiometabolic
OID20321,RNASET2,-0.0389999999999999,0.0444999999999999,0.0169,0.0806,-0.1382,-0.0893,-0.0995,-0.0732,0.1079999999999999,-0.0807,Cardiometabolic
OID20224,ROR1,0.2801,-0.1323,-0.0714,-0.0571999999999999,0.014,-0.5605,0.1569,0.0375,-0.0273999999999999,-0.2688,Cardiometabolic
OID20130,S100A11,0.1239999999999998,-0.1206,0.0607999999999999,-0.3703999999999998,-0.2063000000000001,0.0021999999999997,-0.0765,-0.1712,0.1269,-0.8071000000000002,Cardiometabolic
OID20103,S100P,-0.4985999999999999,0.8684999999999998,-1.248,0.6123999999999998,-0.2524999999999999,0.4264000000000001,-0.3314999999999999,1.8573,,0.1232999999999999,Cardiometabolic
OID20297,SCARF1,-0.2228,0.0405999999999999,-0.4666,0.7021,-0.0731999999999999,-0.2390000000000001,-0.207,0.0621,0.5384000000000001,0.2352999999999999,Cardiometabolic
OID20169,SDC1,0.4170000000000002,0.0516,-0.1961,-0.5712,-0.6245999999999999,-0.5663,-0.3993,-0.2285,-0.1726,-1.1227,Cardiometabolic
OID20216,SDC4,0.0891999999999999,-0.4689000000000001,-0.6380000000000003,1.0043,-0.0559,-0.381,-1.2858,0.3939999999999999,0.3214999999999999,0.2098,Cardiometabolic
OID20290,SELE,-0.0639,-0.1358,-0.0255999999999999,-0.2919,-0.2215,-0.0153999999999999,0.0775,-0.1235,0.2445999999999999,0.1367999999999998,Cardiometabolic
OID20379,SELP,-0.0645999999999999,0.1687999999999999,0.0814,0.3488000000000001,-0.2483999999999999,0.0050999999999999,-0.0736,0.2143,0.4437,0.0348,Cardiometabolic
OID20186,SEMA3F,0.2116,-0.3571,0.2110999999999999,-0.1235,-0.0615,-0.1459,0.2403,-0.2346,0.0048,-0.2646,Cardiometabolic
OID20283,SEMA7A,-0.0416,-0.2359,-0.002,0.0709,-0.3355,0.2957,0.1112,-0.1676999999999999,0.18,0.0435999999999999,Cardiometabolic
OID20281,SERPINA11,-0.0225,-0.2962,0.1347,-0.0355999999999999,0.0438,0.2221,0.5078999999999999,-0.0071999999999996,0.3001999999999999,0.0418999999999999,Cardiometabolic
OID20219,SERPINA12,0.5735999999999999,-0.2226000000000001,-1.1791,1.1189000000000004,-0.2820999999999998,-0.2458999999999997,0.9605,-0.5938000000000001,0.7160000000000002,-0.0033000000000003,Cardiometabolic
OID20064,SERPINB5,-5.9251,0.2890000000000001,-1.2647000000000002,-1.3142,-0.4448999999999999,-1.0913,0.2787999999999999,-0.3046,,0.6293000000000001,Cardiometabolic
OID20342,SERPINE1,-0.2742,0.1206,-0.502,0.8181,-0.2716,0.1382,-1.437,0.9356,0.4115,0.129,Cardiometabolic
OID20214,SFTPD,0.1999,-0.7505,-0.7019,-0.7110000000000001,0.076,-0.3586,-0.1303,0.0764,0.1025999999999999,-0.7976,Cardiometabolic
OID20190,SIGLEC7,0.0677,-0.183,-0.1956999999999999,-0.3173000000000001,-0.093,-0.1194,-0.4287,-0.0784,-0.5337000000000001,-0.8089999999999999,Cardiometabolic
OID20304,SIRPA,0.0535,-0.063,-0.0927,0.0147999999999999,-0.1505,0.097,0.162,0.2497,0.0921999999999999,-0.2047999999999999,Cardiometabolic
OID20094,SLITRK6,0.2106,-0.2049,0.7424,0.5749,0.0415,0.2903,-0.0674999999999999,0.1976,,0.1532,Cardiometabolic
OID20218,SNAP23,-0.4343000000000003,-0.0706999999999999,-1.0777,1.0765000000000002,0.0626999999999999,-0.934,-1.7452,0.567,1.5626999999999998,0.5357,Cardiometabolic
OID20135,SNX9,-0.1860999999999999,-0.1294999999999999,-1.0318,0.903,-0.0242,-0.4436,-0.6027,0.2578,1.0019,0.2305,Cardiometabolic
OID20386,SOD1,0.0435,0.0037999999999999,-0.4368,0.7576,0.0252999999999998,-0.1897999999999999,-0.4163,0.1706999999999999,0.5826000000000001,0.1876999999999999,Cardiometabolic
OID20213,SORT1,0.0383,-0.3638,-0.2148,0.0138,-0.1045,-0.1262999999999999,-0.2651,-0.1798,0.3048,-0.379,Cardiometabolic
OID20204,SOST,0.3078999999999999,-0.4106,-0.2911999999999999,0.1714999999999999,0.0649,0.1221999999999999,0.1379,-0.4886999999999999,0.5325,-0.6013,Cardiometabolic
OID20361,SPARCL1,0.0323999999999999,-0.0365,-0.0528,0.0302,-0.1633,0.0307999999999999,0.1416,-0.1460999999999999,-0.0531,-0.1106,Cardiometabolic
OID20221,SPON2,0.0373999999999999,-0.1601999999999999,0.5325,0.2225999999999999,0.1016,0.1945999999999999,-0.0037,0.0922,-0.1397,-0.516,Cardiometabolic
OID20322,SPP1,0.0066999999999999,-0.0414000000000001,0.2410999999999998,-0.1489,-0.3693999999999999,0.2442999999999999,0.1916,-0.1844000000000001,0.0238,-0.1360999999999999,Cardiometabolic
OID20182,SSC4D,-0.0700999999999996,-0.0945,-0.2514,-0.1656999999999997,0.1522,-0.0398999999999998,-0.9038000000000002,0.1840000000000001,0.2710000000000001,-0.2121,Cardiometabolic
OID20351,SSC5D,0.184,-0.1169,-0.1027,-0.4024,-0.0814,-0.0932,0.3036,-0.469,0.2069999999999999,0.1003999999999999,Cardiometabolic
OID20302,ST6GAL1,-0.3991,-0.1246,0.4528,0.1163999999999999,0.2297999999999999,0.103,-0.1213,0.1059,0.0475999999999999,0.1257999999999999,Cardiometabolic
OID20077,STK11,-0.0592,0.3019999999999999,0.2241,1.164,0.7526999999999999,0.4341,-0.0454999999999999,-0.0045999999999999,,0.1477,Cardiometabolic
OID20140,STK4,-0.6193999999999997,0.1862999999999999,-0.5449999999999999,0.9373,0.322,-0.6940999999999999,-1.2812,0.2042000000000001,0.8998999999999999,0.2076999999999998,Cardiometabolic
OID20072,SUSD1,0.1259000000000001,-0.3790999999999997,-0.5399,0.6550000000000002,0.1265,-0.1556999999999997,-0.7534000000000001,0.5881000000000001,,0.2134,Cardiometabolic
OID20058,TCL1B,0.0759,-0.1204999999999999,1.0026,-0.7605000000000001,0.377,1.6686,-0.6157999999999999,-0.2919999999999999,,0.7473,Cardiometabolic
OID20341,TCN2,-0.1045,-0.0771,0.106,0.2591,0.0295,0.1894,-0.0036999999999999,-0.0510999999999999,0.355,0.1592,Cardiometabolic
OID20371,TFF3,-0.3419,0.2365,-0.2568,2.1634,-0.2048999999999999,0.096,-0.1404,0.1467999999999998,0.2140999999999999,0.0643,Cardiometabolic
OID20388,TFPI,0.1181,-0.1842,-0.1312999999999999,-0.0184999999999999,-0.0126,0.1924999999999999,-0.0238999999999999,0.1544999999999999,-0.1031,-0.0443,Cardiometabolic
OID20369,TFRC,-0.2357,0.1238999999999999,0.2017,0.0749999999999999,-0.0684,0.1112999999999999,-0.1129999999999999,-0.0329,-0.0314999999999999,0.0043999999999999,Cardiometabolic
OID20417,TGFBI,0.136,-0.0393999999999999,-0.0376999999999999,-0.1541,-0.1767,0.0232,0.1323,0.0161,-0.0672,0.0338,Cardiometabolic
OID20255,TGFBR3,-0.1975,0.0587999999999999,0.1014,0.0425,-0.1842,-0.2345,0.0693,0.2303,0.1155999999999999,-0.1789,Cardiometabolic
OID20141,TGM2,-0.1016,-0.5692000000000002,-0.5567,1.0824,0.6628,-0.3007,-0.1741,-0.8303,0.1938,0.254,Cardiometabolic
OID20231,THBD,0.2552,-0.4986,0.1399,0.1345,0.0889,-0.1585,0.0695,0.0568,0.0044,-0.3995999999999999,Cardiometabolic
OID20368,THBS4,0.496,0.0761999999999999,0.0417,0.1355,-0.1327,-0.1212999999999999,0.0232000000000001,-0.0786,0.1724,-0.4430999999999999,Cardiometabolic
OID20194,THOP1,-0.0328999999999999,-0.3042999999999999,0.0107999999999999,-0.0465999999999999,0.0083999999999999,0.163,0.0884,-0.4989,-0.1245,-0.2228,Cardiometabolic
OID20098,THPO,0.1475,-0.0302,0.7455,0.2463,-0.5809,-0.4464,-0.2407,-0.0689,,-0.363,Cardiometabolic
OID20068,TIA1,0.3092,0.0476999999999999,-0.0266,1.1924,-0.2796,0.6627000000000001,-0.9695,0.3957,,0.4315,Cardiometabolic
OID20303,TIE1,-0.2637,-0.0725,0.014,-0.1807,-1.861,0.1482,-0.0723,-0.0931,-0.1571,-0.1103999999999999,Cardiometabolic
OID20375,TIMD4,0.1814,0.0408999999999999,-0.1323,0.1046,0.0504999999999999,0.2038,0.0412,0.0557,0.114,0.0553,Cardiometabolic
OID20418,TIMP1,0.2502,0.0665999999999999,0.3276,0.064,-0.1013,0.0469,0.188,-0.0307,0.1817,-0.1839,Cardiometabolic
OID20180,TINAGL1,0.26,-0.1420999999999999,0.344,-0.0794999999999999,0.1011,-0.505,0.057,-0.241,-0.0044,-0.3797,Cardiometabolic
OID20359,TNC,0.3006,0.009,0.3284000000000001,0.0108,-0.2803,0.1295999999999999,0.1296999999999999,-0.2044000000000001,0.1173,0.3204,Cardiometabolic
OID20074,TNF,0.5067,-0.9357,0.3009,-0.0184,-0.25,-0.0569,-0.1189,0.3889999999999999,,-0.0428999999999999,Cardiometabolic
OID20265,TNFRSF10C,-0.3088999999999999,-0.0862999999999999,-0.2304,-0.1198,-0.242,0.0112,0.1267,-0.0049,0.0174999999999999,0.1437,Cardiometabolic
OID20272,TNFSF13B,0.0151999999999999,-0.0587,-0.0868000000000001,-0.0544,-0.0691,0.0513,0.0303999999999999,-0.1080999999999999,0.1120999999999999,-0.0401999999999999,Cardiometabolic
OID20050,TNNI3,1.7143000000000002,-0.2202,1.6725,1.3929,3.6071,2.5576,1.1798,1.6599,,-1.8091,Cardiometabolic
OID20120,TP53INP1,0.3853999999999999,-0.0629,0.0453999999999999,0.0416,-0.4772,0.1585999999999999,-0.1374999999999999,-0.0672999999999999,,-0.3023,Cardiometabolic
OID20129,TSHB,0.8965000000000001,-1.5947,0.2216999999999998,0.0941,0.3634000000000001,0.2773000000000003,0.0091000000000001,-1.4448,0.4278999999999997,0.4051,Cardiometabolic
OID20056,TSLP,-0.0401,0.1566,-0.0763,0.6943999999999999,0.1138999999999999,0.3746,-0.0426,0.1018,,-1.1709,Cardiometabolic
OID20078,TSPAN1,0.2821,0.2673,0.5936,-0.6607999999999999,0.085,-0.2977,-0.1213,0.1376,,-0.483,Cardiometabolic
OID20234,TYMP,-0.0409,-0.0477,2.1943,0.3972,0.0829,-0.245,-0.8892,0.2604999999999999,0.5403,-0.3944,Cardiometabolic
OID20161,TYRO3,0.0688999999999999,-0.4358999999999999,0.0562999999999999,-0.221,-0.2089,-0.5516,0.02,-0.2955,-0.0940999999999999,-0.6915,Cardiometabolic
OID20237,UMOD,-0.1129999999999999,-0.105,-0.2085999999999999,0.1906999999999999,-0.4002,0.0987,0.0249999999999999,0.1187,0.094,-0.0710999999999999,Cardiometabolic
OID20110,USP8,-0.5051999999999999,0.5593,-0.0683,1.1931,0.2787,-0.671,-0.2497,0.8053,,0.2351,Cardiometabolic
OID20071,VAMP5,0.2987000000000001,-0.4119,-0.1099999999999999,0.9659,0.1003,0.0014,0.0007000000000001,-0.0866,,0.0859,Cardiometabolic
OID20345,VASN,0.2005,0.0987999999999999,-0.3218999999999999,0.1652,-0.0764,0.0095999999999999,0.2709,0.0105,-0.0553,-0.1768,Cardiometabolic
OID20396,VCAM1,0.1038,-0.0244,-0.1184,-0.0568,-0.2947,-0.048,-0.0034,-0.0541,0.0785,-0.1124,Cardiometabolic
OID20053,VIM,-5.0031,-6.0337000000000005,1.4746,5.7882,0.1716999999999999,-2.3106,0.12,0.9942000000000002,,1.1639,Cardiometabolic
OID20131,VSIR,0.0253000000000001,-0.1154999999999999,-0.3603999999999999,0.5562,-0.5112999999999999,-0.1215999999999999,0.0044,0.1422,0.896,-0.0577,Cardiometabolic
OID20067,VSTM2L,0.7829,-0.1726,0.847,-0.1394999999999999,-2.2454,0.581,-0.0179,-0.3534,,0.5998,Cardiometabolic
OID20256,VWF,0.1317000000000003,-0.1577999999999999,0.4503000000000001,0.0590000000000001,-0.0779,-0.4397,0.0193000000000003,0.0524,-0.0349999999999999,0.1783999999999999,Cardiometabolic
OID20091,WASF1,-0.5926,0.9058000000000002,-0.6385000000000001,0.9697000000000005,-0.0099,-0.7330000000000001,-0.7776000000000001,0.6962999999999999,,0.5936000000000001,Cardiometabolic
OID20259,XG,0.2309999999999999,0.183,-0.066,0.0534999999999999,-0.1336999999999999,-0.1266,0.1608,0.0815,-0.0944,0.001,Cardiometabolic
OID20082,ZBTB17,0.4564,0.0484,0.36,0.3171,-0.0426,-0.025,0.1161,0.1264,,0.4965,Cardiometabolic
OID30236,AAMDC,0.3136,-0.0355,-0.1891,0.4178999999999999,0.1695999999999999,-0.1794,-0.2328,-1.0731,0.7585,-0.248,Cardiometabolic_II
OID30146,ABCA2,0.9751,-0.1108,,0.7805,-0.2287,-0.42,-1.4932,-0.5395000000000001,0.9918,1.3842,Cardiometabolic_II
OID30130,ABRAXAS2,0.2577,0.5620999999999999,,1.2334999999999998,0.1956,-0.2273,0.2002999999999999,-0.3273,0.5913999999999999,-0.4600999999999999,Cardiometabolic_II
OID30356,ACADSB,0.4308,0.5781,-0.4396,0.1321999999999999,0.2345,-0.1373,-0.3845,0.325,0.8523,-0.2013,Cardiometabolic_II
OID30080,ACSL1,0.063,-0.6043000000000001,,1.0749,-0.9078,0.1899,-0.0995,-0.9611,-0.8406,-0.1652,Cardiometabolic_II
OID30192,ACTN2,0.8478000000000001,0.2759,,0.3069999999999999,-0.4415999999999999,2.7513,0.0469999999999999,-4.6009,-0.3406,0.0682,Cardiometabolic_II
OID30086,ACY3,0.8391000000000001,0.0551999999999999,,0.1584999999999999,0.2862,-0.1813,-0.5278999999999999,-0.522,-0.3234999999999999,-0.2114999999999999,Cardiometabolic_II
OID30370,ADAMTSL2,0.2222,0.0977,0.4139,0.0675,0.195,-0.3693,-0.427,-0.2136999999999999,-0.1669,0.1274,Cardiometabolic_II
OID30275,ADAMTSL4,0.0528999999999999,-0.4351,0.0915999999999999,-0.1353000000000001,0.1723,-0.1891,0.0991999999999999,-0.5693999999999999,0.3697999999999999,0.0867999999999999,Cardiometabolic_II
OID30355,ADAMTSL5,0.5124000000000001,-0.3345,-0.0809,0.0999999999999999,-0.8555999999999999,-0.1001,0.2124999999999999,0.3223,0.0943,0.3971999999999999,Cardiometabolic_II
OID30349,ADGRF5,0.0388,-0.0158999999999999,0.007,0.2255,0.337,-0.3002,0.0581,0.008,0.4114,-0.1287,Cardiometabolic_II
OID30067,ADRA2A,1.123,-0.8975,,0.1556999999999999,0.4702,-0.0212999999999999,-0.6058,-0.6537999999999999,-0.4684,-0.0067,Cardiometabolic_II
OID30260,AHNAK,0.1606999999999999,0.3119999999999999,0.1172,0.0209,0.2143,0.3568,0.3274999999999999,-0.5032,0.4266,0.3225,Cardiometabolic_II
OID30244,AHNAK2,-0.0208,0.3782,0.2971,0.0378,-0.1878,-0.0464999999999999,0.0862999999999999,-0.3478,0.3545,0.0762999999999999,Cardiometabolic_II
OID30204,AIF1L,0.3429000000000001,0.6224999999999999,0.5997999999999999,0.502,0.4157,-0.0463,-0.1379,-0.2938999999999998,0.138,-0.453,Cardiometabolic_II
OID30366,AMDHD2,-0.0829,0.3408,0.7101999999999999,0.161,-0.2053,0.4605,-0.0836,-0.4431,-0.1018,-0.824,Cardiometabolic_II
OID30161,ANK2,-0.2517,-0.3042,,0.8402000000000001,0.5364,-0.1229,-0.4377,0.1377,1.3557,-0.0567999999999999,Cardiometabolic_II
OID30203,ANP32C,-0.1437999999999999,0.1148,0.7701,0.191,0.0116999999999999,0.7626,0.0534,-0.1537999999999999,0.3159,0.6801999999999999,Cardiometabolic_II
OID30263,ANXA2,-0.227,0.5023,0.2573,0.3238,-0.0146999999999999,0.0713,0.0989,-0.0141,0.7257,-0.3028999999999999,Cardiometabolic_II
OID30246,APOBR,0.2385,0.3440999999999999,-0.0523,0.002,0.1183,0.2442,0.1621,-0.3336,0.1769,0.1329,Cardiometabolic_II
OID30166,ARL13B,-0.3044,-0.2309999999999998,,1.3172,0.0897999999999999,0.2886999999999999,-0.3963,-0.6073999999999999,1.7593,1.2239,Cardiometabolic_II
OID30121,ARL2BP,0.4725,0.3271,,1.085,0.5841000000000001,-0.4119,-0.5221,-0.4706,1.112,0.9222,Cardiometabolic_II
OID30168,ARNTL,0.1164999999999999,0.4768,,-0.0784,-0.1296,-0.4881,0.1539999999999999,0.0163,0.5102999999999999,-0.068,Cardiometabolic_II
OID30415,ASAH1,-0.2978999999999999,-0.027,-0.0527,0.8123,-0.1949,-0.1297,-0.0649,0.0572999999999999,0.7375999999999999,-0.3034,Cardiometabolic_II
OID30315,ASPN,0.2203999999999999,0.0151999999999999,-0.3382,-0.1531,-0.0968,-0.3329,0.2981999999999999,-0.1045999999999999,0.7953,-0.2226,Cardiometabolic_II
OID30283,ASRGL1,-0.5755999999999999,0.3034000000000003,-0.6145999999999998,0.5699000000000001,-0.3814999999999999,-0.3534,-1.5588000000000002,-0.6983999999999999,1.8509,0.1452999999999999,Cardiometabolic_II
OID30170,ASS1,2.5484,-0.3316,,0.1700999999999999,1.0205,0.0511,-0.6595999999999997,-1.825,-0.3019,0.3858999999999999,Cardiometabolic_II
OID30124,ATP1B1,0.3069,-0.6158,,0.6840999999999999,0.6174,-1.2056,0.7124999999999999,-0.2507,0.3969,-0.8701000000000001,Cardiometabolic_II
OID30118,ATP1B2,1.0129,-0.4453,,-0.4643,0.7803,-0.3739,0.0802,-0.6826000000000001,-0.0201,-0.6536,Cardiometabolic_II
OID30065,ATP1B3,0.6801,-0.298,,1.1787,0.0311,0.0601,0.1959,0.3033,0.3376,-0.2684999999999999,Cardiometabolic_II
OID30062,ATP2B4,0.5849,0.0402,,-0.8863,0.2,1.4141,-0.4847,-0.3444,0.5561,-0.4614,Cardiometabolic_II
OID30079,ATP5F1D,0.801,-0.2894,,-0.7543,0.8293,-0.0782999999999999,-1.7096,-0.4896,-0.1419,0.5703,Cardiometabolic_II
OID30242,ATP6V1G1,-1.0098,0.6416,-0.6365,0.0100999999999999,0.3918,0.408,0.3441,1.1279,1.7601,-0.5052,Cardiometabolic_II
OID30167,ATP6V1G2,1.0623,1.4933,,0.8839,0.1846,-0.2766,0.4356,-0.2891999999999999,1.0691,-0.3676,Cardiometabolic_II
OID30165,B3GAT3,1.113,-0.6376999999999999,,0.7557,0.9237,0.3279999999999999,0.7969999999999999,-1.8718,-0.2143999999999999,-0.1609,Cardiometabolic_II
OID30281,B3GNT7,0.1502,-0.0569999999999999,-0.0493,0.123,-0.1326999999999999,-0.1776,0.2827,-0.3328,0.2026,-0.0779999999999999,Cardiometabolic_II
OID30312,BCAT1,0.1713,0.1757,0.2844,-0.1507,0.3758,0.13,-0.1292999999999999,0.2695,0.1825,0.3228,Cardiometabolic_II
OID30373,BDNF,-0.2735999999999999,0.6759,-0.2512999999999999,0.6439000000000001,0.3621999999999999,-0.1986,-1.9919,0.3638,0.9632,0.6780999999999999,Cardiometabolic_II
OID30220,BECN1,-0.3635999999999999,0.6212,-0.377,0.0888999999999999,0.421,-0.0611999999999999,0.284,0.3450999999999999,0.9554,0.992,Cardiometabolic_II
OID30389,BGLAP,0.1116000000000001,-0.3139000000000003,-0.4194999999999997,-0.3152000000000001,0.1916999999999999,-0.052,-0.0743,-0.2403999999999999,-0.0958000000000001,0.3362,Cardiometabolic_II
OID30051,BHMT2,1.2069,0.3473,,-0.5959,1.3815,-0.5629000000000001,0.5489,-0.0852,-0.4914,1.2354,Cardiometabolic_II
OID30292,BNIP2,-0.1787,-0.6055,0.3393,-0.1102,0.3813,-0.6958,-0.0055999999999999,0.6071,0.8214,-0.2647,Cardiometabolic_II
OID30267,BOLA2_BOLA2B,-0.2212999999999998,-0.0047999999999999,-0.7422000000000001,1.1212,0.7452000000000001,-0.7154000000000003,-0.6641,0.0761,1.9377,0.4177999999999999,Cardiometabolic_II
OID30279,BPIFA2,0.2425,0.2261999999999999,-0.1903000000000001,0.4349999999999996,-0.3296,-0.4556,-0.3402,-2.4201,0.5919000000000001,-0.4117999999999999,Cardiometabolic_II
OID30311,BPIFB2,0.5052000000000003,-0.0075000000000002,0.3210999999999999,-0.0661,0.5001000000000002,0.1537999999999999,0.5028000000000001,-0.7347,-0.1566,0.4315000000000002,Cardiometabolic_II
OID30093,BRD3,0.3292,-0.4802,,0.6079999999999999,1.2242000000000002,1.0687,-0.7332000000000001,-0.1853999999999999,0.6069,0.6654,Cardiometabolic_II
OID30179,BRDT,0.4653,-1.0886,,0.1394,0.8049999999999999,-0.3167,-0.5768,0.3744,0.477,0.2304,Cardiometabolic_II
OID30180,C1GALT1C1,-1.7982,-0.6902,,-0.4188,-0.5762,-0.8084,-1.0134,-1.2395999999999998,-0.5307,-0.0268,Cardiometabolic_II
OID30064,CACNA1H,0.4597,-0.5352,,-0.2147,0.3468,0.552,0.2127,-0.7054,0.6529,0.4739,Cardiometabolic_II
OID30249,CALCOCO2,-0.2330000000000001,0.1733,-0.3229000000000001,0.8849000000000002,-0.0451999999999999,-0.1525,-0.0595,0.3206,1.4042,0.4222,Cardiometabolic_II
OID30144,CALY,1.2618,0.194,,1.0996,0.1862999999999997,1.1748,1.0258999999999998,0.6643,0.4589999999999999,0.0207999999999999,Cardiometabolic_II
OID30063,CASQ2,0.8400000000000001,-0.2973,,-0.5312000000000001,-0.3758999999999999,-1.4124,-1.3134,-0.0243,-0.3226,-0.1451,Cardiometabolic_II
OID30200,CBS,1.2663,-0.1334999999999999,-1.1101,0.3441999999999998,0.8642000000000001,-0.1233999999999999,0.5312000000000001,-0.0521,0.7838,-0.163,Cardiometabolic_II
OID30177,CBX2,1.0525,-0.3308999999999999,,0.1422999999999998,1.04,0.8368000000000001,-0.1539999999999999,1.2065,-0.4519,-0.1439,Cardiometabolic_II
OID30221,CCER2,0.4135999999999999,0.3846,0.0322,0.4068999999999999,0.1839999999999999,0.1818,0.5288999999999999,0.089,0.0838,-0.1806999999999998,Cardiometabolic_II
OID30097,CD2,-0.0726000000000001,-1.1691,,-0.4416,0.1450999999999997,0.0614,-0.4904,0.3625,0.695,1.0915,Cardiometabolic_II
OID30394,CD248,0.5616,0.2198,0.2473,-0.2383,0.2966999999999999,-0.6752,-0.0317999999999999,-0.1647,-0.1043999999999999,-0.3858,Cardiometabolic_II
OID30291,CD80,-0.22,-1.4279,0.0970999999999999,-0.3625,0.2841,0.0871999999999999,-0.2742,-0.3338,0.3489,1.3149,Cardiometabolic_II
OID30345,CDA,-0.2662,-0.2982,-0.1473,-0.438,0.0189,-0.1273,-0.1305,-0.1422,0.5339,-0.4629,Cardiometabolic_II
OID30362,CEACAM6,0.3239,0.1077,0.1956,0.308,0.2226,0.3936999999999999,0.1233,-0.3114,-0.3656999999999999,-0.8022,Cardiometabolic_II
OID30411,CELA2A,0.1959,-0.1129,0.3843999999999999,-0.1908999999999998,0.0696000000000001,0.1447,-0.5940000000000001,-0.1609,-0.0553,0.0626999999999999,Cardiometabolic_II
OID30115,CEP112,1.1756,0.2845,,-0.5432,0.1427,-0.4982,-0.0072999999999999,0.092,-0.0677999999999999,-0.3395999999999999,Cardiometabolic_II
OID30240,CEP170,-0.3937999999999997,0.0998999999999998,-0.5782999999999998,1.0522,0.1699999999999999,-0.7637999999999998,-0.5033000000000001,0.0562999999999997,1.3970999999999996,0.7456999999999998,Cardiometabolic_II
OID30403,CHGA,0.3322,-0.0858000000000001,0.2604999999999999,-0.0146999999999999,-0.2551,0.0406999999999999,0.0639999999999999,0.2087000000000001,0.8086,0.0114999999999999,Cardiometabolic_II
OID30327,CHMP6,-0.2479,-0.3031,-0.1467,0.4352,-0.1200999999999999,-0.4125,0.1023999999999999,-0.0173,0.7472,0.2848,Cardiometabolic_II
OID30399,CILP,0.6572,0.3826,0.066,0.0151,0.1457,-0.3944,-0.3075999999999999,-0.119,0.3731,-0.4701,Cardiometabolic_II
OID30400,CKB,0.0444999999999999,0.4537,0.0942,0.5741,0.6038999999999999,0.4134000000000001,-0.1513,-0.4181999999999999,0.0033999999999999,-0.9295,Cardiometabolic_II
OID30405,CLEC4M,-0.2833,0.1261,0.2809999999999999,-0.1164,0.0824999999999999,-0.5542,0.0055,-0.2004999999999999,-0.0223999999999999,-0.0413,Cardiometabolic_II
OID30360,CMC1,-0.1865000000000001,0.1064,-0.5836999999999999,0.8527,0.272,-0.1932,-0.3213999999999999,0.0427,1.2446,0.4017,Cardiometabolic_II
OID30285,CNP,-0.613,-0.0331000000000001,-0.9293999999999998,1.0415,0.1958999999999999,-0.6031,-0.8498,0.5363,1.3723,0.8193999999999999,Cardiometabolic_II
OID30305,COCH,0.1796999999999999,0.3578,-0.4576,-0.1487999999999999,-0.0017,0.1074,-0.2104,0.0781999999999999,0.3621,0.1860999999999999,Cardiometabolic_II
OID30396,COL15A1,0.2612,0.0344999999999999,0.0484999999999999,-0.0045,-0.0523,-0.02,0.0721,0.038,-0.0841999999999999,0.0239,Cardiometabolic_II
OID30286,COL2A1,0.1781,0.1959999999999999,-0.1028,0.4058,0.0424999999999999,-0.1186,-0.2147,0.0181999999999999,0.7405,0.1031999999999999,Cardiometabolic_II
OID30379,COL3A1,0.5175,-0.3560999999999999,0.4106000000000001,-0.0196999999999999,-0.0589,-0.1617,-0.2090999999999999,-0.1429,0.2415,-0.4415,Cardiometabolic_II
OID30222,COMMD1,-0.1897999999999999,0.5952,-0.6718,0.9128999999999998,-0.0843999999999999,-0.7024,0.3147,-0.5202,1.2515999999999998,0.2105,Cardiometabolic_II
OID30173,COPB2,0.5406,0.9398,,1.2333,-0.4744,0.2133,-0.6496000000000002,-0.5719,0.2137,0.8267,Cardiometabolic_II
OID30217,COQ7,-0.1485999999999999,0.3561999999999999,0.1323,-0.4998,0.3837,-0.3126,0.1644,-0.9855,0.1714999999999999,-0.248,Cardiometabolic_II
OID30317,COX6B1,0.0397,0.1594,0.6482,-0.3023,0.6503000000000001,-0.0256,-0.6504000000000001,-1.1410999999999998,0.5451,-0.5856,Cardiometabolic_II
OID30406,CPQ,0.2191999999999999,0.0010999999999999,-0.2329999999999999,0.0255,-0.0855,-0.185,-0.1241,-0.078,-0.126,-0.0583,Cardiometabolic_II
OID30106,CPTP,1.3767,0.3238,,-0.2298,0.0705,0.3217,-0.7182999999999999,-0.1845,0.7232,0.3013,Cardiometabolic_II
OID30322,CPXM2,0.2393999999999999,-0.1681,0.0244999999999999,-0.1412,0.2583999999999999,0.2839,0.1210999999999999,0.0576,0.2648,-0.0595,Cardiometabolic_II
OID30319,CRYBB1,-0.1918,0.0383,-0.4801999999999999,0.5412000000000001,0.2769999999999999,-0.6824,-0.2300999999999999,0.1275,0.6513,0.2067,Cardiometabolic_II
OID30272,CRYZL1,-0.4951000000000003,0.5570999999999997,-0.7073,1.1511000000000005,0.2176999999999997,-0.7841999999999998,-1.2922000000000002,0.3006999999999999,1.6959999999999995,0.8081999999999998,Cardiometabolic_II
OID30183,CSDE1,-0.9554,1.0589,,1.7419,0.0496000000000003,-1.1336,0.7353,-0.1580999999999999,1.8559,0.2672,Cardiometabolic_II
OID30072,CSF2,1.2855,0.2933,,-0.4029,0.6295999999999999,-0.0228,-0.9449,-0.6295,-0.5038,0.4576,Cardiometabolic_II
OID30397,CSPG4,0.3911,0.0388999999999999,0.46,-0.3357,-0.4807,-0.5759,-0.137,-0.2638,0.0930999999999999,-0.1704,Cardiometabolic_II
OID30176,CSRP3,-0.0695,-0.6528,,-0.0037999999999999,-0.6963999999999999,1.9777,0.5245,-5.1813,0.0852,0.1227999999999999,Cardiometabolic_II
OID30393,CTHRC1,0.49,0.2361999999999999,-0.081,-0.0665,0.173,-0.0337,-0.1777,0.3268,0.4209,-0.0078,Cardiometabolic_II
OID30363,CTLA4,0.3547,-0.4621999999999999,0.5553,0.0237999999999999,-1.1193,-0.2964,-1.0327,-0.9009,-0.2334999999999999,0.2031,Cardiometabolic_II
OID30091,CYP24A1,0.613,0.4533,,0.248,-0.8963,2.2917,-0.2369,-0.8567,0.7454,0.2863,Cardiometabolic_II
OID30374,CYTL1,0.3667,-0.1074,0.0896,-0.013,0.0494999999999999,-0.0076,-0.1799,0.0168,0.3177,0.1215,Cardiometabolic_II
OID30126,DDA1,0.8175,1.5559000000000005,,1.3219000000000003,1.0279,-0.0857999999999999,-0.0978,0.0736,-0.7015999999999999,0.4417999999999999,Cardiometabolic_II
OID30372,DDT,0.5934,-0.4669,0.1957999999999999,-0.2853,-0.1504,-0.4569999999999999,-0.0309,-0.3078,0.1862,0.3177999999999999,Cardiometabolic_II
OID30050,DENND2B,1.0282999999999998,0.6063999999999999,,0.2823,1.0097,0.3176999999999999,0.6386999999999999,-1.3126,0.4744,0.3826,Cardiometabolic_II
OID30137,DHODH,1.314,-0.3936999999999999,,1.0257,-0.4897,-0.3248,-2.4924,0.5177,-0.5920000000000001,3.5327,Cardiometabolic_II
OID30255,DLL4,-0.129,-0.1313,1.3293,-0.2783000000000001,-0.8551999999999998,-2.0299,-1.1313999999999995,0.5043000000000001,-1.2256,0.8706,Cardiometabolic_II
OID30223,DMD,-0.4229,0.0555000000000001,-0.0345999999999999,1.0278,0.2307999999999999,-0.4089,-0.307,-2.1446,1.6696999999999995,0.6266999999999999,Cardiometabolic_II
OID30213,DMP1,0.2984999999999997,-0.0207000000000001,0.4570999999999998,-0.2653999999999998,-0.0665,0.0115999999999999,0.1552,-0.4438,0.0725,-0.3673000000000002,Cardiometabolic_II
OID30247,DNAJC6,-0.4895,0.7381000000000002,-0.7087,1.2774,0.5281000000000002,-0.7293000000000001,-0.6851,0.1047,1.8405,0.9569,Cardiometabolic_II
OID30308,DTYMK,-0.1398000000000001,-0.0352000000000001,-0.945,0.7634999999999998,0.3072999999999999,-0.9002,-1.1567,0.5885,1.052,0.3295,Cardiometabolic_II
OID30293,ECHDC3,0.6939,-0.8157,-1.0536,-0.0459,0.7484,-0.1901999999999999,-0.5610999999999999,-0.8235,0.1480000000000001,0.0453999999999998,Cardiometabolic_II
OID30239,ECHS1,-0.1766000000000001,0.2382999999999999,-0.5805,0.9050000000000002,0.357,-0.4916999999999998,-0.5991,-0.9984,1.5666,0.2708,Cardiometabolic_II
OID30142,ECI2,0.9755,1.2164,,0.2916000000000001,0.0712,-1.5697,-2.2095,-1.0784,0.4769000000000001,0.5035000000000001,Cardiometabolic_II
OID30136,EDEM2,1.0706,0.4496,,0.0744,-0.2517,0.0036,-0.6105,-0.8615999999999999,-0.0035999999999999,0.6066,Cardiometabolic_II
OID30224,EDN1,0.7545,0.0539,-0.2404999999999999,0.0510999999999999,0.1882000000000001,0.1325,0.3229000000000001,-0.29,0.0774999999999996,-0.1907000000000001,Cardiometabolic_II
OID30335,EEF1D,0.1121000000000003,-0.4033000000000002,-0.8485,0.9741,0.0838000000000001,-0.7305000000000001,-1.0453,0.3898000000000001,1.4446999999999997,0.4135,Cardiometabolic_II
OID30302,EHBP1,-0.2210999999999998,-0.1020999999999996,-0.6187,0.6362999999999999,-0.0180000000000002,-0.3516000000000001,-0.4732,0.2157,0.9894000000000004,0.3175000000000001,Cardiometabolic_II
OID30229,EHD3,-0.4922999999999999,0.6285000000000001,-0.9801,1.1486999999999998,0.4348999999999998,-0.4165,-0.9505,0.7950999999999999,1.6015,0.5603,Cardiometabolic_II
OID30060,EIF2AK3,0.4661999999999999,0.2348999999999999,,0.6608,0.1270000000000002,-0.1787,-0.6922999999999999,-0.4656,1.5569000000000002,0.7160000000000002,Cardiometabolic_II
OID30270,EIF2S2,-0.8562000000000001,-0.1573,-0.6751,0.8788,0.2990000000000001,0.1231999999999999,0.433,-0.349,1.2474,0.5855,Cardiometabolic_II
OID30156,EIF5,1.5684,-0.8831,,-0.1936999999999999,-0.2974,-0.1246,-0.4556,0.5097,1.1212,1.7199,Cardiometabolic_II
OID30301,ELN,0.0544,0.1728,0.828,-0.2272,1.3926,0.4361000000000001,-0.696,-0.085,1.1517,-0.0482,Cardiometabolic_II
OID30127,ELOB,-0.5884,-0.0244999999999999,,-0.0725,0.07,-1.2839,-0.0732,-1.4062,-0.6181,-0.8177,Cardiometabolic_II
OID30209,ENO3,0.512,0.2965,1.4426,-0.0164999999999999,0.7531,1.3313,0.2171,-5.272,-0.1977,-0.1352999999999999,Cardiometabolic_II
OID30152,ENOX2,0.215,-0.4275,,0.3510999999999999,0.0731,0.0829999999999999,0.0797999999999999,-0.0412,0.7821,0.4541,Cardiometabolic_II
OID30135,ENPEP,0.1462,-0.7565,,-0.3258,-0.4492,-0.2623999999999999,-0.2084000000000001,0.2269,2.1473,0.5077,Cardiometabolic_II
OID30273,ENPP6,-0.0108,-0.0154999999999998,-0.0233999999999999,0.0484,-0.1458,-0.2115,0.1225,-0.1752999999999999,0.3620000000000001,0.2049,Cardiometabolic_II
OID30231,ENTR1,0.0504999999999999,0.2825999999999999,-0.826,0.5036,0.2412,-0.3086,0.0150999999999998,-0.4224,1.5649000000000002,0.3758,Cardiometabolic_II
OID30250,EPPK1,-0.2237,0.3411999999999999,-0.2575,-0.0661999999999999,0.0589999999999999,-0.1286,-0.5375000000000001,0.1039,1.053,-0.0660999999999999,Cardiometabolic_II
OID30094,ERVV-1,1.1744,0.2319999999999999,,-0.4449,0.0771,1.1431,-1.3326,-0.8874,-0.0929,-0.8509,Cardiometabolic_II
OID30083,EXOSC10,-0.2653,-1.1335,,1.0773,0.379,0.5153,0.9224,-0.1964999999999999,0.6132000000000001,0.3105999999999999,Cardiometabolic_II
OID30114,EXTL1,-0.3801999999999998,-0.7813999999999999,,-0.3350000000000001,0.6894,0.0364999999999999,-0.3557,0.0154999999999999,0.1656999999999999,0.01,Cardiometabolic_II
OID30351,FABP3,0.0135,-0.3159,0.5998999999999999,-0.1151000000000002,-0.2621,0.9233,-0.1559000000000001,-4.979,-0.7859,0.1235999999999999,Cardiometabolic_II
OID30248,FAM172A,-0.1592,0.2777,-0.4249,0.764,-0.0274,-0.3887,-0.1397999999999999,0.3785999999999999,1.0659000000000003,0.3426,Cardiometabolic_II
OID30348,FAM20A,0.3741,-0.4303,-0.0166999999999999,-0.3097,0.1191,-0.2236,-0.1164999999999999,-0.0528,-0.0423,-0.0871,Cardiometabolic_II
OID30378,FBLN2,0.4472,0.1282,0.5711999999999999,-0.2004999999999999,0.0433999999999999,-0.4644999999999999,-0.2024,-0.0893999999999999,0.0316999999999999,0.0929,Cardiometabolic_II
OID30332,FCAMR,0.2311,-0.3028999999999999,-0.3986,-0.7236,0.0073999999999999,-0.2905,-0.6968000000000001,-0.0550999999999999,0.2275,-0.2013,Cardiometabolic_II
OID30078,FDX1,-0.3362,-1.408,,-0.3122,-0.1566,-2.191,-0.0858,-1.205,-0.2818,0.3516999999999999,Cardiometabolic_II
OID30147,FDX2,-0.0142999999999999,-0.9533,,0.5028999999999999,0.6476999999999999,0.1672,-1.0009,0.406,-0.1331,1.3345,Cardiometabolic_II
OID30395,FGFBP2,0.6468,-0.2135999999999999,-0.1743,-0.1184,0.0353,-0.1341,-0.0519999999999999,-0.1893999999999999,-0.0151999999999999,0.0399999999999999,Cardiometabolic_II
OID30187,FHIP2A,-0.3809,0.4202,,-0.0245999999999999,-0.2031,-0.2094,0.2072999999999999,-1.2498,1.0875,0.8119999999999999,Cardiometabolic_II
OID30155,FRMD4B,-0.3746,1.4117000000000002,,1.7252,0.4489000000000001,-1.0983,0.8879000000000001,1.2833,1.6452,0.9853999999999998,Cardiometabolic_II
OID30233,FSHB,0.4876,-0.0179,0.3241,0.0197999999999999,0.0262999999999999,-0.4939999999999999,-0.2598,-0.1147,-0.1850999999999999,0.2033,Cardiometabolic_II
OID30254,FSTL1,0.2183999999999999,0.3192,-0.0358,0.2172,-0.1038999999999999,-0.2034,0.3441,-0.2091,0.1956999999999999,-0.0494,Cardiometabolic_II
OID30237,GADD45GIP1,0.2599,0.7229999999999999,-0.0584999999999999,0.9914,-0.0612,-0.5889000000000001,-0.2316,-0.1796999999999999,1.5066,-0.5319,Cardiometabolic_II
OID30295,GALNT5,0.2597,-0.351,-0.1267999999999999,0.4289,-0.122,-0.5044,-0.3427,0.1252999999999999,-0.2671,-0.0634,Cardiometabolic_II
OID30133,GAMT,0.0811,-0.6121,,-0.5450999999999999,-0.0825,0.3639,1.1073,-1.0132,0.3588,-0.3745,Cardiometabolic_II
OID30109,GASK1A,1.0668,1.4529,,0.3941,-0.3493,1.3896,-0.8471,-1.7831,0.0977,-0.6165,Cardiometabolic_II
OID30253,GATD3,0.0754,0.0573,-0.3212,0.6239,0.3137,0.1093,0.1725000000000001,-1.7041,1.9035,-0.1159,Cardiometabolic_II
OID30139,GBP6,0.5105,-0.1665999999999999,,0.6006999999999999,0.7367999999999999,-0.5196999999999999,-0.7512,0.4183000000000001,0.4716,-0.4650999999999998,Cardiometabolic_II
OID30059,GCLM,0.7057,-0.2774999999999998,,0.5282,0.6426,-0.3451999999999999,0.1429,-1.0426000000000002,-0.1638999999999999,-0.1199,Cardiometabolic_II
OID30303,GET3,0.0233999999999999,-0.7778,-0.7786000000000001,0.8145,-0.0111999999999999,-0.0940999999999999,-0.2506,-0.2667,0.0172,0.8904000000000001,Cardiometabolic_II
OID30290,GGACT,-0.058,-0.3421999999999999,-0.7326,0.4384999999999999,0.2767,0.1210999999999999,0.0401,0.7740999999999999,0.0837,-0.169,Cardiometabolic_II
OID30304,GGCT,0.1345,0.2328,-0.5931000000000001,0.6327,-0.1180999999999999,-0.1898999999999999,0.4611,-0.4997,1.0608,0.0138999999999999,Cardiometabolic_II
OID30288,GIP,0.2038999999999999,-0.0202999999999999,-0.0116999999999998,-0.9718,1.0326,-0.0731,0.7063999999999999,-0.2482999999999999,0.5408000000000001,-1.0931,Cardiometabolic_II
OID30413,GM2A,0.2870999999999999,-0.2023,-0.0001999999999999,0.0083,-0.2053,-0.4224,0.2959,-0.0644,0.2566,-0.0402,Cardiometabolic_II
OID30340,GMFG,-0.27,-0.1412,-0.7322000000000001,0.8828999999999998,0.1545,-0.752,-0.9575,0.2742,1.2607000000000002,0.5112,Cardiometabolic_II
OID30197,GNPDA1,-0.172,0.2666999999999999,-0.1786,-0.2194999999999999,0.3398,-0.0650999999999999,0.8929,-0.1254999999999999,0.5356000000000001,-0.0932,Cardiometabolic_II
OID30417,GOT1,0.3436999999999999,0.0580999999999999,0.3473999999999999,0.401,0.5257000000000001,0.6273,-0.4824,-3.7912,0.4191,-0.5287000000000001,Cardiometabolic_II
OID30174,GP1BB,0.9789,-0.4044,,1.0037,0.4352,0.7871,-1.1076,0.1912999999999999,1.7123,0.8659,Cardiometabolic_II
OID30289,GRHPR,0.0710000000000001,-0.3800000000000001,-0.7308000000000001,0.5818999999999999,0.3489000000000002,-0.4797,-0.3105,-0.2902,1.1787,0.2044999999999999,Cardiometabolic_II
OID30264,GRP,0.3818,0.5165,-0.5985,0.0279,0.4509999999999999,0.0618,0.2101,-0.8153,0.6226,-0.6802999999999999,Cardiometabolic_II
OID30164,GSTM4,1.1595,0.4908999999999999,,0.0425999999999999,1.6947,1.1543,-0.3278,0.8566999999999999,-0.1489999999999999,-0.0234999999999998,Cardiometabolic_II
OID30148,GUK1,0.3507999999999999,3.6926,,0.1096999999999999,-0.3758,-0.3743999999999999,-1.038,-0.3089,-0.0741,-1.2233,Cardiometabolic_II
OID30132,HADH,0.2288,-0.3947999999999999,,-0.0862,0.1207,-0.5053000000000001,0.173,-0.5537,1.3091,-0.6065,Cardiometabolic_II
OID30307,HBZ,-0.1893,-0.2062,-0.0064,0.0309,1.1162,-0.1754,-0.1914,-0.1334999999999999,-0.0111000000000001,-0.0270999999999999,Cardiometabolic_II
OID30088,HCG22,0.7862000000000001,-0.8772,,-0.1105,0.4282,1.3231000000000002,-0.329,-0.0852999999999999,-0.6074999999999999,-0.1335,Cardiometabolic_II
OID30337,HEPH,0.4028,-0.1537999999999999,-0.3626,0.0105999999999999,-0.2906999999999999,-0.2522,-0.0206999999999999,0.0995,0.2135,-0.4124,Cardiometabolic_II
OID30071,HIP1,1.3079999999999998,-0.7098,,0.1954999999999999,0.2284,0.0669,-0.2808,-0.2178999999999999,0.8151,0.1563,Cardiometabolic_II
OID30214,HMGCL,-0.1789999999999998,0.4669,-0.4497,1.2208,0.2408,-0.5427,-0.0106999999999999,0.2944,1.6064,-0.189,Cardiometabolic_II
OID30157,HMGCS1,0.8681,-0.2656,,0.3094999999999999,0.1253999999999999,0.1683,-0.2225,0.4216999999999999,1.057,0.1702,Cardiometabolic_II
OID30409,HPSE,-0.5806,0.2970000000000001,-0.1246,1.1530000000000005,0.4295999999999997,-0.6309,-1.4909,0.4670999999999998,0.8694999999999999,0.9492000000000004,Cardiometabolic_II
OID30211,HRC,0.1435,-0.0316,0.67,-0.1003,-0.0716,-0.3232,0.4981,-0.5626,-0.4203,0.1417,Cardiometabolic_II
OID30243,HS1BP3,0.2595,0.5706,-0.3528,0.8684000000000001,0.3221,-0.2443,-0.629,0.0403,1.0305,0.4032,Cardiometabolic_II
OID30232,HSBP1,-0.3824,0.3208999999999999,-0.0378,0.7244999999999999,0.0629,-0.0762,-0.4580000000000001,0.2493,1.1771,0.6346,Cardiometabolic_II
OID30145,HSD17B3,0.4256999999999999,-0.6401,,0.2701,0.8615999999999999,-1.0527,0.4964,-1.1055,0.5267999999999999,-0.1058,Cardiometabolic_II
OID30256,HSDL2,0.0391000000000001,0.334,0.1159,0.3051,-0.1051999999999999,-0.2967999999999999,-0.4034,-0.19,0.6756999999999999,0.7721,Cardiometabolic_II
OID30230,IDO1,0.4714,0.1936999999999999,0.2751999999999999,-0.4436,0.6265000000000001,-0.1070999999999999,0.3742999999999998,-1.1527999999999998,-0.1548999999999998,0.0006999999999999,Cardiometabolic_II
OID30129,IFNW1,0.394,-0.0635,,0.4964,0.2279999999999999,-0.1641,-0.0213999999999999,0.1119,0.4164,-0.1377,Cardiometabolic_II
OID30402,IGDCC4,0.5947,-0.0880999999999999,-0.264,0.2101,0.2271,-0.2008999999999999,-0.1768,0.0718999999999999,-0.0388,-0.0638,Cardiometabolic_II
OID30112,IGF2BP3,0.4580999999999999,0.4760999999999999,,0.2116,-0.6409,-0.2017,0.5341,-1.3234,-0.4409,-1.0709,Cardiometabolic_II
OID30123,IGHMBP2,0.1352999999999999,-0.2529000000000001,,0.845,0.1176000000000001,-0.7983999999999999,-2.6866,0.7876,1.3343999999999998,0.4241,Cardiometabolic_II
OID30210,IGSF21,0.0385,0.0865,0.0297999999999999,-0.3672,0.0224999999999999,-0.3139,-0.0015,-0.4459999999999999,0.1039999999999999,0.0215,Cardiometabolic_II
OID30330,IGSF9,-0.1954,-1.6014999999999997,-0.2784,-0.2133999999999998,0.3987,-0.1895,-0.5602,-0.3101,-0.5974999999999999,-0.3116000000000001,Cardiometabolic_II
OID30259,INPP5D,-0.1411,0.5631,-0.583,0.5464,0.2664999999999999,0.301,-0.8112999999999999,0.6762999999999999,1.016,0.3974,Cardiometabolic_II
OID30365,ISM2,0.5883,-0.2119,1.0772,-0.6106,0.5191,-0.156,0.3072,-0.0317,-0.0112,-0.1641,Cardiometabolic_II
OID30408,ITGBL1,0.4966,-0.2144,-0.4039999999999999,0.121,0.6507000000000001,-0.3506999999999999,0.0085,-0.0235,-0.1771999999999999,-0.124,Cardiometabolic_II
OID30082,ITPA,0.1023999999999998,0.0232,,1.0685000000000002,0.0323999999999999,-0.2578,-0.6864000000000001,-0.1739999999999999,1.0316999999999998,0.2485000000000001,Cardiometabolic_II
OID30216,ITPR1,-0.5494999999999999,0.4081,-0.2217999999999999,0.5332,-0.0026999999999999,0.4624,-0.1230999999999999,0.502,0.9083,-0.0333999999999999,Cardiometabolic_II
OID30241,KHK,1.3617000000000004,-0.0302999999999999,-0.8516999999999999,0.5169999999999999,1.1053000000000002,-0.3732999999999999,-1.1363,-0.5129999999999999,1.1911,0.2953000000000001,Cardiometabolic_II
OID30163,KIF1C,0.7067,0.3379,,0.6644,0.4394,-0.8295,-0.0110999999999999,-0.6253000000000001,0.8509,0.1249999999999999,Cardiometabolic_II
OID30175,KIF22,-0.8851,0.1484000000000001,,1.1907,0.0213,-0.8001999999999998,0.7193999999999999,-1.286,1.3628,0.2387999999999999,Cardiometabolic_II
OID30364,KLK3,-0.0197999999999999,-0.1156000000000001,-0.0670000000000001,-0.4106999999999999,-0.0121999999999999,-0.1112,0.4702,-0.2309999999999999,0.3652999999999999,0.0978999999999999,Cardiometabolic_II
OID30092,KRT17,0.7053,-0.0388,,0.0486,0.0517999999999999,-0.6687000000000001,0.1401,-1.6085,1.3012,0.0343,Cardiometabolic_II
OID30169,KRT6C,0.3975999999999999,-0.0997,,0.1989,-0.2124,-1.0524,-0.2281,-1.0705,0.7759,-0.4635999999999999,Cardiometabolic_II
OID30314,L3HYPDH,-0.0862,1.0927,-0.3196,0.2871999999999999,0.2109999999999998,-0.4387,-0.5514,-0.4377999999999999,0.7179,-0.0871999999999999,Cardiometabolic_II
OID30057,LAMA1,-0.2595999999999999,0.303,,0.4008,-0.061,-0.38,-0.3294,-1.1354,-0.51,0.3356,Cardiometabolic_II
OID30280,LAMB1,0.2884,-0.1315,-0.1349,0.0835,0.0052999999999999,-0.2921,0.4558999999999999,-0.1645,0.3939,0.1098,Cardiometabolic_II
OID30416,LAMP1,0.3435,0.1083,-0.2586,0.1879,0.0615,0.8476,0.0055,-0.0929,0.274,-0.1835,Cardiometabolic_II
OID30367,LCP1,0.7169,0.0286,0.1783,-0.3757,-0.2765,-0.2263,0.4627,-0.1996,-0.1112,-0.1088,Cardiometabolic_II
OID30320,LECT2,0.5106999999999999,-0.5312000000000001,0.9156000000000004,0.2225999999999999,-0.0392000000000001,-0.1301999999999998,0.1514999999999999,-0.1927000000000003,0.2198000000000002,-0.2012,Cardiometabolic_II
OID30376,LILRA3,-0.0446999999999999,-0.0041999999999999,0.2084,-0.0042999999999999,0.1412,-0.0116999999999999,-0.0883999999999999,-0.1214,-0.1521999999999999,-0.3440999999999998,Cardiometabolic_II
OID30162,LILRA4,1.2799,1.7809,,1.3197,0.8621000000000001,1.3855999999999995,-1.1102,-0.4157,-0.0068,1.3033,Cardiometabolic_II
OID30346,LILRA6,0.1317,0.0975000000000001,-0.2473,-0.1387999999999999,-0.1729,-0.1257999999999999,-0.0544999999999999,-0.14,-0.0003999999999999,-0.4388000000000001,Cardiometabolic_II
OID30266,LIPF,-0.0712,0.0178,-0.0826,0.5383,-0.286,-0.157,0.0104999999999999,-0.2244,0.3868,0.2092,Cardiometabolic_II
OID30212,LMOD1,0.2316,0.0441,0.3992,-0.4838,0.4314,-0.0165,0.4448,-1.0136,0.0472999999999999,-0.2103999999999999,Cardiometabolic_II
OID30219,LONP1,-0.2768000000000001,0.1887000000000001,0.8372,1.0953,-0.2905000000000002,-0.6378000000000001,-0.1146,-0.5537000000000001,1.2247,0.1721999999999999,Cardiometabolic_II
OID30190,LPP,0.9057,-0.3555,,0.6265000000000001,0.1775999999999999,-0.0023,0.6867999999999999,-1.1783,1.2671,1.472,Cardiometabolic_II
OID30191,LRCH4,-0.1774,1.2308,,0.7156,-0.0049,0.5585,0.4807,0.4278999999999999,2.5682,0.0792999999999999,Cardiometabolic_II
OID30361,LRRC59,-0.4913999999999999,0.0514000000000001,0.0199,1.3080999999999998,0.1072999999999999,-0.4425,0.0082,-0.0107,1.5483,0.3029,Cardiometabolic_II
OID30208,M6PR,-0.0969999999999999,0.5663,0.091,0.1728,0.1182999999999999,0.1424999999999999,0.039,-0.3809,0.5214,0.421,Cardiometabolic_II
OID30309,MAMDC2,0.4764999999999999,-0.3304,0.2220999999999999,-0.1266999999999998,-0.1084,-0.4014999999999997,-0.0593999999999996,0.7585999999999999,0.4451999999999998,-0.0786999999999999,Cardiometabolic_II
OID30262,MAN1A2,0.1075,-0.2404,-0.2067,-0.12,-0.0311999999999999,0.1615,-0.0672,-0.1401,0.2072,0.1618,Cardiometabolic_II
OID30306,MAN2B2,0.305,-0.4806,-0.3217,-0.2027,0.1304,-0.0050999999999999,-0.1175999999999999,-0.0376,-0.3208,-0.0574999999999999,Cardiometabolic_II
OID30141,MANSC4,1.1652,-0.1822,,0.0484,-0.3263999999999999,-1.0708,-0.4822000000000001,-0.1614,0.8925,-0.8427,Cardiometabolic_II
OID30074,MAP1LC3B2,0.131,-0.2895,,0.3952,0.1255,0.399,-0.2736999999999999,-0.0699999999999999,1.0144,-0.7515000000000001,Cardiometabolic_II
OID30274,MECR,-0.6089,0.3767000000000002,-0.9503,1.5013,0.1156000000000001,-0.567,0.0208,-0.0245999999999999,1.4489,0.9965,Cardiometabolic_II
OID30066,MED21,1.7967,0.1382,,0.3753,0.3393,1.6948,0.5428000000000001,-1.5941999999999998,0.8748,0.0969,Cardiometabolic_II
OID30099,MEGF11,0.2407,-0.0298999999999999,,0.4182,0.4530999999999999,-0.3706,-0.3076,0.0936,0.156,0.3245,Cardiometabolic_II
OID30347,MELTF,0.6284,-0.2445,0.1823,-0.2724999999999999,0.2016,-0.348,-0.0467,0.1652,0.1442999999999999,-0.3305,Cardiometabolic_II
OID30299,MMP15,-0.0822,-0.042,0.5025999999999999,-0.4409999999999999,0.5977,-0.1973999999999999,-0.4704,-0.2179,0.3061,-0.2678,Cardiometabolic_II
OID30159,MMUT,0.9136,-0.9795,,0.22,0.5277,-0.6015,-0.5491,-0.7002999999999999,1.7163,0.4391999999999999,Cardiometabolic_II
OID30178,MRPL24,-0.4299,-0.7387,,0.3359,-0.8630000000000001,0.1053,-0.0318,0.8687,0.0882999999999999,1.5229,Cardiometabolic_II
OID30110,MTR,2.3218,-0.4178999999999999,,1.3819,0.142,-2.4346,-0.3998,-0.1030999999999999,-0.6399999999999999,0.7900999999999998,Cardiometabolic_II
OID30377,MUC2,0.2030000000000003,-0.0346999999999999,-0.0634999999999998,0.9588,-0.1163999999999998,0.1503000000000001,0.427,0.4130999999999998,0.3928,0.2327999999999999,Cardiometabolic_II
OID30296,MYBPC1,-0.0749999999999999,-0.3618000000000001,1.7095,-0.3072999999999999,-0.3323,2.3992,0.2276,-5.3181,-0.0796000000000001,-0.5650000000000002,Cardiometabolic_II
OID30199,MYBPC2,-0.3021,0.4572999999999999,3.5217,-0.2143,0.4773,1.7104,0.1921,-5.0796,0.2492999999999999,0.2450999999999999,Cardiometabolic_II
OID30313,MYDGF,0.0713000000000001,0.0040999999999999,-0.4554999999999999,0.8543000000000001,0.5183,-0.6953000000000001,-0.6286999999999998,0.7209,1.2568,0.4794,Cardiometabolic_II
OID30061,MYH4,0.8948,-0.2057,,0.7950999999999999,-0.5039,-0.9966,-0.3367,-1.5821,0.504,-0.4993000000000001,Cardiometabolic_II
OID30382,MYH9,-0.2803000000000004,1.6530999999999998,-1.7508,1.1464999999999996,-0.1291000000000002,-0.1676000000000002,-1.7784999999999995,1.9253,1.5717,0.3365999999999998,Cardiometabolic_II
OID30120,MYL1,-0.1338999999999999,0.4091,,-0.1578999999999999,0.3322,-0.3595,-0.0293000000000001,-1.6073,0.1847,0.3154,Cardiometabolic_II
OID30251,MYL3,0.1667,0.1346999999999998,0.9676,0.391,-0.3225,2.7755,1.0204000000000002,-3.6391,0.0627999999999999,-0.6163000000000003,Cardiometabolic_II
OID30245,MYL4,0.2389,-0.104,-0.7216,0.1305,0.3236,-0.5933,0.6625,-0.1475,-0.0864,-0.33,Cardiometabolic_II
OID30131,MYOM2,0.7536,-0.1385,,-0.5357000000000001,0.3108,0.1568999999999999,-0.2591,-5.862500000000001,-0.5185000000000001,-0.2303999999999999,Cardiometabolic_II
OID30188,NAA10,0.9265000000000004,-0.1208999999999997,,1.2051999999999996,2.0520000000000005,-1.2137000000000002,0.2041999999999997,-0.1526,1.1007000000000002,-0.4349999999999998,Cardiometabolic_II
OID30271,NAGK,-0.0668,0.0365999999999999,-0.5149,0.7665,0.5025000000000001,-0.4883,-0.3035,-0.517,1.3663999999999998,0.1623,Cardiometabolic_II
OID30105,NEB,-0.2484,0.1149999999999999,,0.0073999999999998,0.2089999999999998,0.0289999999999999,-0.1514999999999999,-1.5108,0.2831000000000001,0.5700000000000001,Cardiometabolic_II
OID30089,NECAP2,0.2830999999999999,-0.8834000000000001,,0.8792,-0.7271,-0.7331,-0.1523999999999999,0.114,0.2366000000000001,-0.4145,Cardiometabolic_II
OID30268,NFE2,-0.4445000000000001,0.3077000000000001,-0.6295999999999997,1.0164,0.2814999999999998,-0.5466000000000002,-1.0353,0.3951000000000002,1.5521999999999996,0.6592000000000002,Cardiometabolic_II
OID30160,NFKB1,1.5589,-0.3515,,0.2708,0.4292,-0.0272,-1.4826,1.1392,0.8653000000000001,0.3387,Cardiometabolic_II
OID30158,NFX1,0.3172000000000001,-0.3417999999999999,,1.5801,-0.1636999999999999,-0.2178,-1.5338,1.02,0.9485,1.9708,Cardiometabolic_II
OID30134,NFYA,0.823,-0.3221999999999999,,0.7084000000000001,-0.6525999999999998,-0.4610999999999999,0.1616,-0.3696,0.4151,0.0471,Cardiometabolic_II
OID30300,NGFR,0.6560999999999999,-0.5315000000000001,1.1281,0.3917,-0.6568,2.045,0.5609999999999999,0.6729999999999999,-0.0413,0.1212999999999999,Cardiometabolic_II
OID30252,NIT1,-0.399,0.1270000000000002,-0.7381,0.9362000000000004,0.2343000000000001,-0.3898999999999999,-1.0289,0.4431,1.2710999999999997,0.4087,Cardiometabolic_II
OID30336,NIT2,0.2171,-0.2794,-0.5751000000000001,-0.0647999999999999,0.8907999999999999,-0.4303000000000001,-1.0779,-0.319,0.8164000000000001,0.5648,Cardiometabolic_II
OID30055,NOP56,0.8826,0.5293000000000001,,0.9415,0.7151000000000001,-0.27,-1.6014,-0.9087,0.0921999999999999,0.2167,Cardiometabolic_II
OID30087,NOS2,1.4473,0.1506999999999999,,0.4636000000000001,0.1851,-0.2437,-0.7986000000000001,-1.3698,-0.22,0.2522999999999999,Cardiometabolic_II
OID30407,NOTCH2,0.2457,0.1261999999999999,0.1561,-0.1248,-0.0093,-0.291,-0.2099999999999999,-0.1959,0.2689,0.0068,Cardiometabolic_II
OID30418,NPC2,0.4989,-0.0049999999999999,-0.0314999999999999,-0.1121,0.0829,-0.2455,-0.1977,0.0378,0.1282999999999999,0.039,Cardiometabolic_II
OID30329,NPL,0.1479000000000001,-0.5232000000000001,0.2799,-0.0460999999999998,0.0903999999999998,0.3225000000000002,0.2786,0.1206999999999999,0.6660999999999999,-0.0192999999999998,Cardiometabolic_II
OID30116,NPR1,0.4929,-0.1093,,-0.9714,0.4734999999999999,0.1973,0.2544999999999999,0.0492,0.3585,-0.5565,Cardiometabolic_II
OID30390,NPTX2,0.0859,0.1789999999999999,0.0534,-0.3243999999999999,-0.0846,-0.373,0.6188,0.1609,0.1971,0.0272,Cardiometabolic_II
OID30294,NT5C,-0.1002,-0.1303,-0.3373000000000001,0.7330999999999999,0.1360000000000001,-0.7227000000000001,-0.3933,-0.3859999999999999,0.8522000000000001,0.4176000000000002,Cardiometabolic_II
OID30198,NUDT10,0.6382,-0.5108,0.392,0.0499999999999999,0.2709,-0.1624999999999999,0.3694,-0.2479,0.3243,0.2586,Cardiometabolic_II
OID30102,NUDT15,1.5112,0.5023,,-0.1218,0.5802,-0.6424000000000001,0.0466999999999999,-0.5096,0.5205,-0.0012999999999999,Cardiometabolic_II
OID30100,NUP50,0.6181,-0.015,,0.1935,0.0348999999999999,0.2071,-0.3757999999999999,-0.5880000000000001,0.1829,-0.0692999999999999,Cardiometabolic_II
OID30076,NXPE4,0.8373,-0.4821,,0.4807999999999999,1.6719,-0.1325,0.2974000000000001,0.7375999999999999,-0.2447999999999999,-0.0747999999999999,Cardiometabolic_II
OID30201,OPLAH,-0.4113,0.4854999999999999,-0.6540000000000001,0.6912,0.1528,-0.2003,-0.4092,0.3724999999999999,0.7809,0.2826000000000001,Cardiometabolic_II
OID30227,OXCT1,-0.3671,0.7202999999999999,-0.1342000000000001,1.1028999999999998,-0.1376000000000001,-0.1796999999999999,-0.2599,-0.9495,1.4413,0.4619999999999999,Cardiometabolic_II
OID30186,PACS2,0.8430000000000001,-0.3365,,1.1766,0.0655999999999998,-1.0196,0.2555,2.2379,1.0373,1.2187,Cardiometabolic_II
OID30206,PAGR1,0.7945,-0.0733999999999999,-0.2444,0.0525999999999999,-0.0955,-0.631,0.5998,1.0528,0.4567,-0.1709,Cardiometabolic_II
OID30182,PALM3,0.8916,-0.7474,,1.1995,0.7992,-0.613,0.5333,0.3321,-0.0006,0.7542,Cardiometabolic_II
OID30323,PDAP1,-0.7292000000000001,0.5208,-0.8392,0.8297000000000001,0.4149,-0.4780999999999999,-0.2899,-0.3121,0.9494,1.146,Cardiometabolic_II
OID30084,PDE4D,0.717,-0.1294999999999999,,0.5350999999999999,0.5098,0.2390999999999998,-0.0890999999999999,-1.4044000000000003,0.1616999999999999,0.1408,Cardiometabolic_II
OID30375,PDIA4,-0.1377000000000001,-0.0178,0.2310999999999999,1.0226000000000002,0.4865,-0.0663999999999999,0.3851,0.0383,0.7317000000000001,0.4886999999999999,Cardiometabolic_II
OID30151,PDZD2,0.0090000000000001,-0.0753000000000001,,1.0475,0.3868000000000002,-0.8378000000000001,-0.9155,-0.5233000000000001,1.1781,0.6878,Cardiometabolic_II
OID30228,PECR,0.0818999999999999,0.451,0.0764,0.6035000000000001,0.2394999999999999,-0.1878999999999999,0.361,-0.4421,0.5917,0.1180999999999999,Cardiometabolic_II
OID30344,PGD,-0.0934999999999999,1.0658,-0.3602000000000001,-0.2472,0.1723,0.0418,-0.2581,0.2895999999999999,0.7619,0.7614,Cardiometabolic_II
OID30101,PGLYRP4,0.5710000000000001,-0.9129,,0.0417,-0.3406,-0.2632,0.1431,-0.43,0.1937999999999999,0.578,Cardiometabolic_II
OID30328,PKD1,0.2379,-0.3348,-0.1684,-0.2798,0.0574,-0.1765999999999999,-0.0614,-0.2154,0.0293999999999999,-0.2448,Cardiometabolic_II
OID30184,PKD2,-0.2297,-0.6489,,1.2907999999999995,-0.3803000000000001,-0.3374999999999999,0.1225,-0.0094999999999999,1.1171000000000002,0.983,Cardiometabolic_II
OID30172,PMCH,0.4848999999999999,0.2185000000000001,,-0.3665999999999999,-0.0675999999999998,0.0367999999999999,0.8011999999999999,-0.4715,-0.3823000000000001,-0.4569999999999998,Cardiometabolic_II
OID30125,PMM2,0.0397000000000002,0.0867999999999997,,1.0276999999999998,0.3284999999999995,-0.6327000000000003,-0.9641,0.2312999999999998,1.0827,0.5265999999999997,Cardiometabolic_II
OID30194,PNMA1,-0.1199000000000001,0.3339000000000001,-0.6158,0.8313999999999999,0.2958999999999999,-0.2945,-0.5195,0.2485,0.9223,-0.0814,Cardiometabolic_II
OID30282,POMC,0.1187,-0.5555,-0.6179,0.5445,0.4342,0.1794,0.0076,-1.0948,-0.6945,0.2373,Cardiometabolic_II
OID30410,POSTN,0.3858,0.4059,0.0548999999999998,0.3442,0.1454,-0.4256,0.5788,0.3181,0.7844,-0.2264999999999999,Cardiometabolic_II
OID30385,PPIF,0.2102,0.5708,0.2124,0.1699999999999999,0.4849,-0.3337,-0.6079000000000001,-0.5515,0.731,-0.2283,Cardiometabolic_II
OID30350,PPM1F,-0.387,0.3241,-0.4478,0.2797,0.0629999999999999,-0.637,-0.8308000000000001,0.6753,0.9345,0.3681999999999998,Cardiometabolic_II
OID30391,PRAP1,0.2367,0.5202,0.1048,-0.1379,-0.2806,0.1286,-0.0409999999999999,0.0725,0.0521999999999999,0.1815,Cardiometabolic_II
OID30381,PRG2,0.0234,0.2161999999999999,0.4408000000000001,-0.3026000000000001,-0.1274999999999999,-0.3669,-0.0022999999999999,-0.2612,0.0294999999999998,0.1161,Cardiometabolic_II
OID30383,PRG3,0.0871,-0.1172999999999999,-0.0211,0.0879,-0.1293999999999999,0.0402,-0.5074,-0.2538,0.3781,-0.0105999999999999,Cardiometabolic_II
OID30140,PRKD2,-0.873,-0.4639,,-0.3530999999999999,-0.1697,0.0845,-0.1028999999999999,0.3787,0.0354,0.4811999999999999,Cardiometabolic_II
OID30149,PROCR,0.2613999999999998,-0.1361,,-0.5421,0.4289,1.6315,0.3159999999999999,-0.5836999999999999,-0.8307,-0.2063999999999999,Cardiometabolic_II
OID30276,PRRT3,0.0843999999999998,0.0991999999999999,-0.1704000000000001,0.1085,-0.1594999999999999,-0.1034000000000001,0.4558999999999999,-0.1587999999999998,0.4145999999999998,-0.1219000000000001,Cardiometabolic_II
OID30419,PSAP,-0.0337,0.0009,-0.0534,0.1906,0.1649,0.0008999999999999,-0.1139,-0.0471999999999999,0.5103,-0.2358,Cardiometabolic_II
OID30297,PTGR1,0.3028,0.2748,-0.6866,-0.0736,0.556,0.1165,-0.8399000000000001,-0.256,0.1782,-0.2467999999999999,Cardiometabolic_II
OID30324,PTPRB,0.1851,-0.3763,-0.3237000000000001,0.026,0.1021,-0.0576,-0.1878,0.3394999999999999,0.1244,-0.2021,Cardiometabolic_II
OID30380,PTPRC,0.2093999999999999,-0.2335,-0.1765,0.4740999999999999,-0.2002,-0.1225,0.0197,0.0401,0.3778999999999999,-0.1901,Cardiometabolic_II
OID30343,PTPRZ1,0.1924,-0.2057999999999999,-0.307,0.3703,-0.2947,-0.1592999999999999,0.2768999999999999,-0.0439,0.2253,0.0310999999999999,Cardiometabolic_II
OID30202,PYDC1,0.0876,-0.1216999999999999,0.4902000000000001,0.3068999999999999,-0.2693,-0.2651,-0.1083,-0.1275,0.0169,0.0652999999999999,Cardiometabolic_II
OID30150,PYY,0.8665,-0.4014,,-0.4398999999999999,-0.4629,-0.1695999999999999,0.8834,-1.1533000000000002,0.1237,-0.0958,Cardiometabolic_II
OID30357,RAB10,0.4131000000000001,0.4667,1.0665,0.6120999999999999,1.1818,-0.597,-0.6651,-0.0164999999999999,1.1336,0.0848999999999999,Cardiometabolic_II
OID30325,RAB11FIP3,-0.2563999999999993,0.2248000000000001,-1.2655,0.6478000000000002,-0.2231000000000005,-0.6831999999999998,-1.2309,0.7162999999999997,1.3711999999999995,0.5869,Cardiometabolic_II
OID30354,RAB27B,-0.1346000000000007,-0.2002000000000006,-1.1303999999999998,0.4184000000000001,-0.0561999999999995,-0.4497000000000004,-1.2434000000000005,0.6273,0.9132000000000002,0.2812000000000001,Cardiometabolic_II
OID30122,RAB33A,-0.1682999999999999,0.0923,,0.7997000000000001,0.04,-0.7489999999999999,-0.0422,0.1342000000000001,1.1406999999999998,0.0099999999999997,Cardiometabolic_II
OID30069,RAB39B,1.0797,0.2420999999999999,,-0.729,0.6749999999999999,-0.2003,-0.4871999999999999,-0.3759000000000001,-0.0216999999999999,0.5667999999999999,Cardiometabolic_II
OID30258,RANBP1,0.2519,0.1264,-0.6900999999999999,0.7897999999999998,0.2185999999999999,-0.5192000000000001,-0.4170999999999999,0.0127999999999999,1.0511,0.4064000000000001,Cardiometabolic_II
OID30090,RBM19,0.8216,-0.4519000000000002,,0.2778,0.9793,-0.2220999999999999,0.9395,-1.1906,0.3874000000000001,-0.8090000000000002,Cardiometabolic_II
OID30257,RBPMS2,-0.2423999999999999,0.1875,-0.7833999999999999,1.0815,0.1987999999999994,-0.7778,-0.4378999999999999,0.1655000000000002,1.8788,0.8085,Cardiometabolic_II
OID30234,RECK,0.1699999999999999,0.1365,0.06,0.0015,-0.0235,-0.0695,0.0901,-0.3743,0.3627999999999999,0.1071,Cardiometabolic_II
OID30075,REXO2,1.0533,-0.1020999999999999,,-0.1365999999999999,-0.0128999999999999,-0.1206999999999999,0.2314,-0.7731,1.0972,-0.2616,Cardiometabolic_II
OID30342,RILPL2,-0.1466000000000002,0.0729999999999999,-0.9454000000000002,0.8525,0.0342000000000002,-0.5158999999999998,-1.2266,0.8067,1.2815,0.7923999999999998,Cardiometabolic_II
OID30138,RIPK4,1.0664,-0.2598,,0.6443000000000001,-0.9764,-1.7646000000000002,-1.3575,-0.6181,-0.1267,1.0305,Cardiometabolic_II
OID30238,RNASE10,0.2092999999999999,0.5780000000000001,0.0143999999999999,0.0219,-0.0363999999999999,0.1881,-0.0554999999999998,-0.355,0.2767999999999999,0.0044999999999999,Cardiometabolic_II
OID30235,RNF149,0.4587,0.5649,0.0436,0.3395,0.1746,-0.1245,0.2535999999999999,-0.4701,0.641,0.3819,Cardiometabolic_II
OID30218,RNF5,0.3194,0.318,-0.2010999999999999,0.8549,0.5257,0.5861000000000001,0.2974,0.1357,1.0051,0.7572,Cardiometabolic_II
OID30226,ROBO4,0.0712,0.144,-0.0604,0.0267999999999999,0.0593,0.0108,0.5351,-0.5053,0.2329,-0.0132999999999999,Cardiometabolic_II
OID30284,RPL14,-0.0728999999999999,-0.0145,0.3465,0.3094,1.1429,0.155,-0.4275,-0.2633999999999999,1.0751,0.5503,Cardiometabolic_II
OID30070,RPS10,0.7357,0.79,,0.2138999999999999,0.9465,0.6061000000000001,0.2067999999999999,-0.2659,0.383,0.2052,Cardiometabolic_II
OID30049,RTKN2,1.3801,-0.388,,0.0335999999999999,0.3696,0.2857,0.222,-0.6981999999999999,1.7499,0.5076,Cardiometabolic_II
OID30085,RYR1,1.2058,-0.2956,,-0.002,0.4999,0.9011,-0.4794,-0.2522,0.6951,0.4338999999999999,Cardiometabolic_II
OID30331,SARG,-0.1356999999999999,0.5186000000000002,-1.1028,1.3370000000000002,0.5714999999999999,-0.8651000000000001,-0.9335,1.0798,1.9269000000000005,0.3274999999999999,Cardiometabolic_II
OID30113,SART1,0.7192999999999999,0.0446999999999999,,0.2526999999999999,0.2241999999999999,0.6647000000000001,0.424,-0.1188,0.0489,-0.5957999999999999,Cardiometabolic_II
OID30111,SAT1,0.3618,-0.6008,,0.4227,0.0510999999999999,1.1272,-0.1038,-0.0861999999999999,-0.5063,1.2743,Cardiometabolic_II
OID30398,SBSN,0.2415,0.2996000000000001,0.3142,0.5831999999999999,0.153,0.2108,0.3092,0.3664,0.6246,0.1981,Cardiometabolic_II
OID30104,SCGB2A2,1.668,1.2549,,0.5610999999999999,0.9399,1.1976,1.0052,0.3307,0.2459,0.9873,Cardiometabolic_II
OID30277,SCN4B,-0.0312999999999999,0.2491,-0.3448,0.2100999999999999,-0.3739,-0.1275,-0.1037000000000001,0.1015,0.4738,0.093,Cardiometabolic_II
OID30278,SCPEP1,-0.0040999999999999,0.0131,0.1276,0.7404000000000001,0.0584999999999998,-0.3413000000000001,-0.1543999999999999,-0.3,1.1256,-0.2136,Cardiometabolic_II
OID30333,SCRG1,0.0845999999999999,-0.2014,0.0794,-0.6258,0.0965999999999999,0.0715,-0.2732,0.0579,0.4425,0.0579,Cardiometabolic_II
OID30225,SCRIB,0.2200999999999999,0.1837999999999999,-0.0841,0.6644999999999999,0.1464,-0.6323000000000001,-0.0470999999999999,0.0528,1.0976,0.1554000000000001,Cardiometabolic_II
OID30269,SEC31A,-0.0892,0.5163,-0.3286,0.354,0.7392,-0.2939,-0.211,-0.1417999999999999,0.4185999999999999,-0.4016,Cardiometabolic_II
OID30196,SEL1L,0.1369999999999999,0.0552999999999999,0.0711,0.0262,0.2055,0.0706,0.2286999999999999,-0.5207999999999999,0.3881,-0.0171,Cardiometabolic_II
OID30359,SERPINE2,-0.1802000000000001,0.1189000000000001,-0.7801,1.1687999999999998,0.0242,-0.0072,-1.2477,0.6587999999999999,1.2289,0.5686,Cardiometabolic_II
OID30341,SGSH,0.3177,-0.1238,-0.0719999999999999,-0.2829999999999999,0.005,-0.1890999999999999,-0.0964,0.3571,-0.0784,-0.2321,Cardiometabolic_II
OID30098,SHD,0.3259999999999999,-0.0547,,-0.0267999999999999,-0.0936,-0.8286,-0.7789,-1.6251,0.2471999999999999,0.1473999999999999,Cardiometabolic_II
OID30387,SHISA5,0.1460999999999999,0.102,0.3475999999999999,-0.0905,-0.2017,-0.1497,-0.502,-0.4014,-0.0303,0.2492,Cardiometabolic_II
OID30261,SIGLEC8,0.1214,0.1736999999999999,0.2634999999999999,0.0756999999999999,0.1215,0.2308,0.1016999999999999,0.2602,0.1074,0.0549,Cardiometabolic_II
OID30207,SIL1,0.0961,0.3014000000000001,0.275,0.0473,-0.021,-0.1382999999999998,0.3187,-0.5312,0.1937999999999999,0.062,Cardiometabolic_II
OID30056,SKIV2L,1.2615,-0.3609,,0.6078,1.0531,-0.425,-0.567,-0.4499999999999999,-0.6807,0.4944,Cardiometabolic_II
OID30077,SLC12A2,0.5579999999999999,-0.3272999999999999,,0.9082,-0.1007,-1.1955,-0.5202,-0.3837999999999999,0.8083,0.5267999999999999,Cardiometabolic_II
OID30369,SLC4A1,0.8359999999999999,-0.0625,-0.0172,-0.7629999999999999,0.6259,0.1846,-0.341,0.3277,0.1805999999999999,-0.42,Cardiometabolic_II
OID30107,SLC51B,0.9938,-0.4387,,0.5953,0.217,-0.3235,-0.0163999999999999,-0.3498999999999999,-0.501,0.3138999999999999,Cardiometabolic_II
OID30404,SLURP1,0.1947999999999999,0.1608,0.1552,0.7198,0.1855999999999999,-0.1416999999999999,-0.0231999999999999,0.1762,0.1383999999999999,0.4457,Cardiometabolic_II
OID30205,SNED1,0.325,0.1484000000000001,0.6985999999999999,-0.0775000000000001,-0.1863000000000001,-0.4369,-0.0958999999999998,-1.5641000000000005,0.7626,0.2317,Cardiometabolic_II
OID30052,SNU13,0.6328000000000001,-0.5491999999999999,,-0.1049,-0.171,-0.4165,0.7756999999999998,-0.4266,0.4719,0.2701000000000001,Cardiometabolic_II
OID30215,SNX5,-0.4613,0.1583,-0.1872,0.6524,-0.1239,-0.2226999999999999,-0.2379,-0.3043,0.4316,0.0363,Cardiometabolic_II
OID30298,SPESP1,0.2554,0.3337,0.2320000000000001,-0.2153,0.1606,-0.8105,0.1152,-0.1709,-0.5661,-0.058,Cardiometabolic_II
OID30153,SPINK8,0.243,0.3628,,-0.0419999999999999,-0.024,0.2472,0.2322,-0.1188,0.0807,1.4429,Cardiometabolic_II
OID30310,SRPX,0.4199,-0.0263,0.3701000000000001,0.0298999999999999,-0.1922999999999999,-0.184,0.3722999999999999,0.3284,0.0815999999999999,-0.3878,Cardiometabolic_II
OID30401,STAB2,0.2004,0.0514999999999999,-0.1949,0.0433,0.0133,-0.1357,-0.0113,0.1585,0.2542,0.2164,Cardiometabolic_II
OID30339,SYTL4,-0.2619999999999999,0.3281,-0.8596,1.1933999999999998,0.159,-0.7557,-0.0939999999999999,1.0328,1.6056,0.6936,Cardiometabolic_II
OID30414,TALDO1,0.2545,0.0625999999999999,0.072,0.4207,0.1215999999999999,-0.225,-0.5559000000000001,-0.2764999999999999,0.4595,0.0201999999999999,Cardiometabolic_II
OID30316,TCOF1,-0.0156,0.0094999999999999,-0.3254,-0.4003,0.0282999999999999,0.2078,0.1231999999999999,0.2942,0.0016,0.4249,Cardiometabolic_II
OID30326,TCTN3,0.4139,-0.297,-0.1535999999999999,0.2089,-0.0861999999999999,-0.0921999999999999,-0.1709999999999999,0.0793,0.0223,-0.2399,Cardiometabolic_II
OID30103,TEF,1.3313,-0.8855999999999999,,-0.1770999999999999,-0.2648,0.1132,0.2088999999999999,-0.6211,0.1374999999999999,-0.1395,Cardiometabolic_II
OID30053,THRAP3,0.7188,-0.2196,,0.2502999999999999,0.03,-0.8487,-0.3219999999999999,-0.5173,-0.2462,0.007,Cardiometabolic_II
OID30358,TIMM10,-0.2496,0.0332999999999999,-0.0728999999999999,0.0450999999999999,0.623,-0.3576,-0.3525,-0.0463,0.1484,-0.4582,Cardiometabolic_II
OID30318,TIMP2,0.2149999999999999,-0.0551,0.0812,-0.0239999999999999,-0.3878,0.0948,-0.0983999999999999,-0.2695,-0.4236999999999999,-0.3198,Cardiometabolic_II
OID30068,TMED10,1.763,0.5018,,0.0182000000000001,0.3968,-0.1277999999999999,-0.4403,-0.2360999999999999,0.3216,0.7283999999999999,Cardiometabolic_II
OID30154,TMED4,2.4153,-0.7548,,0.5777,-1.4335,-0.0194,1.3924,-1.1433,-0.0477999999999999,0.6113999999999999,Cardiometabolic_II
OID30287,TMEM132A,0.7114999999999998,0.8637,-1.3381,-1.2472000000000003,0.1203,-0.7149000000000001,-0.2165000000000001,0.0423999999999999,-0.0375999999999998,-0.8808,Cardiometabolic_II
OID30384,TNFSF8,0.129,0.489,-0.0445,0.0662,-0.0485999999999999,0.5988,0.1213,-0.2946999999999999,0.2864,-0.1588,Cardiometabolic_II
OID30412,TNN,0.4503,0.1126,0.0369,0.0634,-0.0313,-0.356,-0.1491,-0.2613,0.1855,0.0709999999999999,Cardiometabolic_II
OID30353,TOMM20,-0.1955,0.7615,-0.2579,0.8838,0.3210999999999999,-0.5252,-0.207,-0.3254,1.1536,-0.2612,Cardiometabolic_II
OID30195,TOR1AIP1,0.2834999999999998,0.2246000000000001,-0.1169999999999999,0.0935,0.0315999999999999,-0.0583,-0.3881000000000001,-0.1138,1.901,-0.1593,Cardiometabolic_II
OID30338,TPK1,0.1309,-0.1605,-0.2049,0.0766999999999999,-0.0269,-0.0685,0.1858,-0.3404999999999999,0.2069,-0.3212,Cardiometabolic_II
OID30058,TPM3,0.9874,0.473,,-1.0351,1.115,1.5891,0.4451,-1.9987,-0.0866,-0.8056,Cardiometabolic_II
OID30143,TPR,1.3982,0.1564999999999999,,0.8516,-0.2429,0.5809000000000001,-0.2149000000000001,0.5971,0.1512,-0.4977,Cardiometabolic_II
OID30054,TRAF3IP2,0.4533,-0.6113000000000001,,0.8317000000000001,-0.2516,-0.2488,-0.209,-1.1498,0.6386000000000001,-0.3152,Cardiometabolic_II
OID30388,TREH,0.2111,-0.1836999999999999,-0.2269999999999999,-0.1755,0.0176999999999999,-0.0496999999999999,-0.212,-0.1694999999999999,0.3435,0.2183999999999999,Cardiometabolic_II
OID30128,TRPV3,4.8277,-0.3122,,0.3782999999999999,-1.7589,0.2359,-0.4948000000000001,0.9792,0.5725,0.2566,Cardiometabolic_II
OID30185,TSNAX,1.9439,-0.6229,,0.4775,-1.2015,-0.1501,-0.1909999999999999,-0.0282,1.993,1.0198,Cardiometabolic_II
OID30095,TSPAN15,2.0842,0.9693,,0.4848,0.0762,-0.1641,-0.9614,-0.2645999999999997,0.0147999999999999,0.6959,Cardiometabolic_II
OID30108,TTN,1.509,0.4547,,0.3441999999999999,-0.0482,1.4943,-0.0537999999999999,-4.2045,-0.1734,0.057,Cardiometabolic_II
OID30386,TWF2,-0.0820999999999998,0.2259999999999999,-0.6611,1.0026999999999997,0.2403999999999997,-0.5267000000000002,-1.1562,0.4789,0.8842999999999999,0.5903,Cardiometabolic_II
OID30321,UBE2L6,0.1798,0.0013999999999999,-0.4322,0.4292,0.2622,-0.5176000000000001,-0.3243,0.0673,0.7776,0.5474,Cardiometabolic_II
OID30096,UBQLN3,0.7255,0.2989999999999999,,0.5717,-0.3298999999999999,-0.1249,0.4858,-0.4044999999999999,0.6894000000000001,-0.5489999999999999,Cardiometabolic_II
OID30081,UGDH,0.5151,-0.7233,,-0.4326,0.344,-0.419,0.4141,-0.5337999999999999,0.2639,0.0433999999999999,Cardiometabolic_II
OID30171,UHRF2,0.5423,0.3922,,-0.6275999999999999,-0.1118,0.2214999999999999,-0.9628,-0.0762,1.5279,-0.8985000000000001,Cardiometabolic_II
OID30352,UPB1,1.4695999999999998,-0.5500999999999999,-1.2988,-1.1378,1.2809,-0.2112,-6.1745,-1.1271,0.2479,0.7956000000000001,Cardiometabolic_II
OID30119,USP47,-0.0216,0.0799,,0.5758,0.6675,-0.1049,0.6205000000000003,-1.0175999999999998,0.6116,-0.4933,Cardiometabolic_II
OID30193,VIPR1,-0.1062,-0.1059,0.2224,0.1397,-0.2914,0.6571,0.0313999999999999,0.1513,0.1625,0.3033,Cardiometabolic_II
OID30334,VIT,0.95,-0.1111,0.1703,-0.0133999999999999,-0.1227,-0.2806,0.2187,0.0622,-0.1245,-0.1997,Cardiometabolic_II
OID30189,VSIG10L,2.0045,1.0463,,0.4676,1.0065,0.0865,0.3065,0.7216,1.2198,1.0526,Cardiometabolic_II
OID30181,YOD1,0.3560999999999998,0.0834999999999999,,1.6819000000000002,1.1974,-0.8051,-0.3185,-0.4458,1.2447,0.933,Cardiometabolic_II
OID30117,ZCCHC8,0.4993,-0.3359999999999999,,-0.267,0.0145999999999999,-0.4661999999999999,0.4272,-0.5024000000000001,-0.0011999999999999,-0.282,Cardiometabolic_II
OID30265,ZP3,-0.2486999999999994,-0.0172999999999998,-0.5206,0.2022,-0.1834999999999995,-0.2103999999999999,0.4568000000000003,-0.2499,0.042,0.1029999999999999,Cardiometabolic_II
OID20435,ACTN4,-0.2205999999999999,0.5973,-0.0937,0.9591,1.2336999999999998,-0.3793,-0.8257000000000001,-0.0911,0.3165999999999999,0.1236,Inflammation
OID20645,ADA,0.1592,-0.2599,-0.2544,0.0831,-0.2599,0.2425,-0.2718,0.1926,0.0023999999999999,0.1168,Inflammation
OID20651,ADAM23,0.3389,-0.0642,-0.2103999999999999,-0.0302,-0.0086999999999999,0.038,0.0395,0.2062,-0.0844,-0.1989,Inflammation
OID20755,ADGRE2,0.2188999999999999,-0.3352,-0.0095,-0.0233999999999999,-0.215,-0.1146,-0.3542999999999999,-0.1494999999999999,0.207,0.0631999999999999,Inflammation
OID20756,AGER,0.6997,-0.1377999999999999,-0.0579999999999999,-0.0186999999999999,0.1197,-0.2259,0.2017999999999999,0.0716999999999998,0.0570999999999999,-0.2111,Inflammation
OID20786,AGRN,0.1832,-0.296,-0.2069,-0.0303,0.2546,-0.0161,-0.0312999999999999,0.1254,0.2536,-0.0545,Inflammation
OID20658,AGRP,0.7404000000000001,-0.6774,-0.0911,0.0001999999999999,-0.8695,1.3677,0.2136999999999997,-0.1154999999999999,-0.7293000000000001,-0.3597,Inflammation
OID20512,ALDH3A1,,,,,,,,,,,Inflammation
OID20437,AMBN,-0.1848,-0.0443999999999999,0.0614,-0.1107999999999999,0.864,0.7602,-0.1205999999999999,-0.3544,-0.536,-1.105,Inflammation
OID20492,AMN,0.3851,0.4145,0.1886,-0.793,0.5073,-0.6121,-0.5644,-0.4657,-0.7987,-1.6733,Inflammation
OID20740,ANGPT1,-0.3697999999999999,0.1518,-0.4386,0.5744,-0.0262,-0.0751,-1.5246,0.6709,0.8732,0.5027999999999999,Inflammation
OID20726,ANGPTL2,0.1946999999999999,-0.5814,0.3807999999999999,-0.3516999999999999,0.0403,0.1672999999999999,-0.1536,0.3259999999999999,-0.1035,0.2229,Inflammation
OID20703,ANGPTL4,0.4327000000000001,-0.5741,0.3394999999999999,-0.8085,-0.1199,-0.6983999999999999,0.6696,0.0878000000000001,-0.0862999999999999,0.0541,Inflammation
OID20583,ANXA11,-0.4736,-0.6784,-0.4383000000000001,,0.8605,-1.0279,,-0.2683,0.7866,-0.0131999999999999,Inflammation
OID20452,AOC1,1.1627999999999998,-0.3169,-0.18,-0.3329999999999999,-0.3881,0.4865,-0.4571999999999999,0.4448,-1.1843,-0.5066,Inflammation
OID20554,ARHGEF12,-0.3074000000000003,0.0928,-0.6357000000000002,,0.2579000000000002,-1.0365000000000002,,0.9352,1.5762,0.8514000000000002,Inflammation
OID20432,ARNT,0.5043000000000001,0.3343,0.6889000000000001,0.0875,-0.237,0.0637,-0.9896,0.4729,0.0990999999999999,-0.2048,Inflammation
OID20446,ARTN,0.4834,-0.4606,-0.4035999999999999,1.1711,-0.0032,0.3258,-0.4085999999999999,0.0495,0.1649,0.864,Inflammation
OID20760,ATP5IF1,-0.2412999999999998,-0.6453000000000002,-0.6254,0.3233000000000001,-0.5002,-0.7562000000000002,-1.5635,0.2430999999999996,1.9900999999999995,0.8973,Inflammation
OID20582,AXIN1,-0.4927000000000001,0.1471999999999997,-1.247,,0.0447999999999999,-0.7567999999999999,,0.9002000000000001,1.2264,0.639,Inflammation
OID20780,B4GALT1,0.2908999999999999,-0.3073,0.0547,-0.3998,-0.1426,-0.0979999999999999,0.1094999999999999,0.1257,0.0819,-0.0554,Inflammation
OID20505,BACH1,0.0153,-0.3811,-0.6617000000000002,,0.563,-0.4766,,1.118,1.0555,0.2641,Inflammation
OID20594,BANK1,-0.5319999999999996,0.0484,-0.8637999999999999,,0.3740000000000001,-0.7502999999999997,,0.9330000000000004,1.5809000000000002,0.9848,Inflammation
OID20513,BCL2L11,-0.3411,0.0811999999999999,0.1825,,-1.1532,0.4093999999999999,,-1.2739,-0.0254999999999999,0.2648,Inflammation
OID20558,BCR,-0.6053,0.3181999999999999,-0.2549999999999999,,0.6703000000000001,0.4195,,0.8038000000000001,1.1683,0.2871,Inflammation
OID20517,BID,-1.2259,-1.3578,-0.0468000000000001,,-0.8455999999999999,-1.5219,,1.3006999999999995,0.815,0.7738999999999998,Inflammation
OID20626,BSG,0.0323999999999999,0.0585999999999999,-0.0252999999999999,0.1399,-0.0275,-0.0131,0.0673,0.1321,0.087,-0.039,Inflammation
OID20713,BTN2A1,0.3686,-0.0688,0.0293,0.0025,0.0013,-0.128,0.0477,0.0234,0.1006,-0.065,Inflammation
OID20540,BTN3A2,-0.0022999999999999,-0.7341,-0.0757999999999999,,-0.3426,-0.2103,,0.076,0.0234,0.1540999999999999,Inflammation
OID20654,C1QA,-0.0094999999999999,-0.1162999999999999,-0.0314,-0.0694,-0.1222999999999999,0.0280999999999999,0.0194,-0.011,-0.162,-0.0411,Inflammation
OID20555,CASP2,-0.0806,-0.2834000000000001,-0.7167,,-0.2095,-0.8406,,0.2721999999999999,1.2479,-0.012,Inflammation
OID20668,CCL11,-0.1209,0.0857,0.0603999999999999,0.4019999999999999,-0.1124999999999999,-0.0828999999999999,-0.5510999999999999,0.4468999999999998,-0.1652999999999999,0.2595,Inflammation
OID20655,CCL13,-0.6944000000000001,0.0132999999999998,-0.2896000000000001,-0.0055,0.1137000000000001,0.0322,-0.5221,0.2814,0.0753000000000001,0.1294999999999999,Inflammation
OID20745,CCL17,-0.5346999999999998,-0.0907,-0.0936,0.5815000000000001,0.1428,0.0100999999999999,-1.3121,0.3221,0.8688,0.1439,Inflammation
OID20671,CCL20,0.0462,-0.065,0.2327,-0.2115999999999999,-0.1832,-0.3601,-0.9743,-0.1873,0.1307,0.1484,Inflammation
OID20686,CCL21,0.1274,-0.3827,-0.0829,-0.1808,-0.1495,-0.0646,0.1978,-0.1155,0.0743,0.0024,Inflammation
OID20765,CCL22,-0.2345,-0.4138,-0.1079999999999999,-0.0707999999999999,0.1672,-0.1054999999999999,-0.0641999999999999,-0.199,-0.0656,-0.1112,Inflammation
OID20693,CCL23,0.2279,0.613,0.2269,-0.0774999999999999,-0.001,0.3297,0.4797000000000001,0.0148999999999999,-0.0342,-0.1967999999999999,Inflammation
OID20772,CCL24,0.0072999999999999,-0.3185000000000002,0.0165999999999999,-0.0045000000000001,0.1524000000000001,-0.1545,-0.4282000000000001,0.0040999999999999,0.1539999999999999,-0.1276999999999999,Inflammation
OID20674,CCL25,-0.2019,0.028,-0.1596999999999999,-0.125,-0.0868999999999999,0.1905,-0.5780000000000001,0.2246999999999999,0.1306,0.0485999999999999,Inflammation
OID20546,CCL26,-0.0401,0.4843999999999999,0.3205,,-0.5623,0.2846999999999999,,0.1387,-0.5288999999999999,0.9086,Inflammation
OID20569,CCL28,1.2755999999999998,-0.0196999999999999,-0.0664,,0.3562,-0.0132999999999999,,0.4689,0.9779,-0.2155,Inflammation
OID20610,CCL3,0.2773000000000001,0.0507999999999999,0.4023999999999996,,0.2986,-0.7348000000000001,,-0.0274,-0.6106999999999999,0.2419,Inflammation
OID20695,CCL4,0.5734999999999999,-0.2895,-0.0445,0.1399999999999999,-0.1352999999999999,-0.0701999999999999,-0.4177,-0.2113,0.5702,-0.1619,Inflammation
OID20523,CCL7,-0.5922,-0.3292,-0.0098999999999999,,-0.0087999999999999,0.1890999999999999,,-0.0378999999999999,-0.7541,0.2852,Inflammation
OID20709,CCN2,-0.0806,0.088,-0.1594,0.3334,0.2506,0.2118,-1.1328,0.3842,0.3777999999999999,0.0115,Inflammation
OID20647,CD160,0.149,-0.0085999999999999,-0.2024999999999999,-0.0693,0.0773999999999999,-0.0184,-0.2115,0.2627,-0.1201999999999999,-0.0703,Inflammation
OID20603,CD200,-0.2053,-0.15,0.0268999999999999,,0.0289999999999999,-0.6262,,0.1955999999999999,0.0842,0.3253,Inflammation
OID20595,CD200R1,-0.1989,-0.0996,0.1879,,0.1399,-0.0853999999999999,,0.0102999999999999,-0.1149,-0.007,Inflammation
OID20637,CD22,0.1518999999999999,-0.113,-0.248,0.0702,-0.0142999999999999,0.0112,-0.2728,0.0518999999999999,0.0126,-0.0219999999999999,Inflammation
OID20628,CD244,-0.0454999999999999,-0.1831999999999999,-0.2077,0.2267999999999999,-0.1945,-0.0584999999999999,-0.3508,0.1313,0.0448,-0.0192,Inflammation
OID20680,CD276,0.3973,-0.2271,0.0139,0.0154999999999999,0.2117,-0.0266999999999999,0.4731,0.0774,0.2389,-0.095,Inflammation
OID20584,CD4,-0.036,-0.0211,-0.2123000000000001,,0.2047,-0.0847,,-0.4614,0.2025,-0.1465,Inflammation
OID20724,CD40,0.0533999999999998,-0.2843,-0.2213999999999999,0.5687999999999998,-0.1569,-0.4883999999999999,-0.3716,0.3369999999999998,1.1042,0.4332999999999998,Inflammation
OID20616,CD40LG,-0.2365999999999999,-0.1465,-0.4104,1.0002000000000002,0.0289000000000001,-0.5555999999999999,-1.3636,0.4760999999999999,0.9185,0.5591,Inflammation
OID20692,CD48,0.1162,-0.1767999999999999,-0.0278,0.0438,-0.1972,-0.0458999999999999,0.1049999999999999,0.0404,-0.1906,-0.0744,Inflammation
OID20716,CD58,0.0943,-0.1136,-0.0815,-0.0544,-0.0325999999999999,-0.0795,0.0595,0.1407,0.2136,-0.1863,Inflammation
OID20649,CD6,0.0756999999999999,-0.4188,-0.4296,-0.029,0.1382,0.3164,0.0538,0.0015999999999999,0.0043999999999999,0.0132999999999999,Inflammation
OID20599,CD70,0.2743,-0.5790000000000001,0.0745,,-0.6588999999999999,-0.7377,,0.8435,-1.1014,0.1038,Inflammation
OID20635,CD79B,0.0522,0.1174,0.1919,-0.0865,-0.1619999999999999,-0.1281999999999999,0.0282,-0.0388,-0.1966000000000001,-0.3259,Inflammation
OID20565,CD83,0.019,-0.2359,0.1383,,0.1355,0.0124999999999999,,0.3805,0.4828,-0.0196,Inflammation
OID20607,CD84,-0.0898999999999999,-0.4726,0.0973,,0.2889,-0.3451,,0.4492,0.3319,0.3423,Inflammation
OID20754,CDON,0.2197,-0.4901999999999999,-0.2054,-0.4478999999999999,-0.094,-0.4168,-0.2013999999999999,-0.1259,-0.3327,-0.2396,Inflammation
OID20667,CDSN,0.3704999999999999,1.0793,-0.0410000000000001,0.1384,-0.0426999999999999,-0.1409,-0.278,0.1110999999999999,-0.1392,-0.0524,Inflammation
OID20548,CEACAM21,0.0023999999999999,-0.0201,0.4744000000000001,,-0.1553999999999999,0.2672,,-0.0482999999999999,0.3151,0.1908999999999998,Inflammation
OID20441,CEP164,-1.2243000000000002,-0.3879,-0.0017,0.429,4.504300000000001,0.3348,0.296,0.0789,1.2435,-0.5600999999999999,Inflammation
OID20771,CHRDL1,0.179,-0.2557,-0.0218,-0.1503999999999999,-0.1441,-0.1453999999999999,-0.0268000000000001,0.0303999999999999,0.0616999999999999,-0.2824000000000001,Inflammation
OID20617,CKAP4,0.0348,-0.0946999999999999,0.2845999999999999,-0.0418999999999999,-0.0443999999999999,0.1789,-0.0641999999999999,0.1092,-0.0791999999999999,-0.0579999999999999,Inflammation
OID20721,CKMT1A_CKMT1B,-0.2744999999999999,-0.4152999999999998,0.7570999999999999,-0.3406,-0.2380999999999999,0.1374999999999999,0.1082,-0.1075999999999999,-0.5085999999999999,-0.0005999999999999,Inflammation
OID20573,CLEC4A,0.1398,-0.4816,-0.0459,,0.2393,-0.0536999999999999,,-0.0855,-0.3203,-0.2507,Inflammation
OID20547,CLEC4C,-0.2185,-0.2696,0.1205999999999999,,-0.0873,-0.1032,,-0.2369,0.2877,-0.1109,Inflammation
OID20609,CLEC4D,-0.0871,-0.1054,-0.2148999999999999,,0.359,-0.4055,,0.4634999999999999,0.0304,-0.1663,Inflammation
OID20590,CLEC4G,0.0888,-0.1498,-0.1819,,0.4038,-0.7639,,-0.2168999999999998,0.1284,-0.274,Inflammation
OID20636,CLEC7A,0.0129,0.0308,-0.1703,0.0143999999999999,-0.1289,-0.0853,-0.2668,0.1946999999999999,-0.0544999999999999,-0.1730999999999999,Inflammation
OID20559,CLIP2,-0.4492000000000002,0.1396000000000006,-0.7984,,0.0462999999999995,-0.5992999999999999,,0.6272000000000002,1.5271999999999997,0.4377,Inflammation
OID20664,CLSTN2,0.6713,0.1665999999999999,0.0814999999999999,0.6103,-0.0975,-0.059,-0.2771,0.0226,-0.0469,-0.3544,Inflammation
OID20556,CNTNAP2,-0.7121999999999999,-0.9104,-0.4382,,-0.8345,-0.8809,,0.1357000000000001,-0.0619999999999999,-0.5966,Inflammation
OID20550,COL9A1,0.1392999999999999,-0.3168999999999999,-0.0154,,0.1626000000000003,0.4962000000000001,,0.2430000000000003,0.187,0.4122000000000003,Inflammation
OID20738,COLEC12,-0.0023,-0.1344,-0.1095999999999999,-0.0602,0.0927,-0.094,0.2845,0.0068,-0.0548999999999999,-0.3324,Inflammation
OID20751,CRELD2,0.1881,-0.4913,-0.4922999999999999,0.4218,0.0045,-0.2608,0.0998999999999998,0.0576,0.6063000000000001,0.1771,Inflammation
OID20747,CRHBP,0.1746,-0.3297,0.1919,0.2821,0.1552,-0.1471,-0.1061,0.1322999999999999,0.2785999999999999,-0.0191,Inflammation
OID20701,CRIM1,0.2811,-0.2383,0.1964999999999999,-0.1089,-0.0269999999999999,-0.2527999999999999,0.129,-0.0066999999999999,0.0249,-0.2114999999999999,Inflammation
OID20742,CRKL,-0.4512,-0.1608,-1.1767,1.106,0.0472999999999999,-0.9392000000000004,-0.9234,0.6824999999999997,1.6663999999999994,0.8484000000000003,Inflammation
OID20699,CRLF1,0.0479,-0.3911,0.093,-0.4423,0.0132999999999999,-0.2147,0.3428,0.0112999999999999,0.0902,-0.2413999999999999,Inflammation
OID20719,CSF1,-0.0407,-0.1123,0.1341,-0.2132999999999999,-0.1491,-0.2923,0.1309,-0.3705,-0.1509999999999999,-0.263,Inflammation
OID20491,CSF3,-0.7245,-0.1682,-0.4666,-0.4009999999999999,-0.0137999999999999,-1.2115,-0.3047999999999999,0.0015999999999999,-0.05,0.0866,Inflammation
OID20704,CST7,-0.2295,-0.1499,0.1765999999999999,0.2713,0.0083999999999999,-0.1506999999999999,-0.2796,0.1919,0.1029999999999999,0.0827999999999999,Inflammation
OID20752,CTRC,-0.258,0.1588999999999998,0.1461,0.0916,-0.2304,-0.0724,-0.9844,0.3759,0.2017999999999999,0.1251000000000001,Inflammation
OID20679,CTSC,0.5144,-0.1019999999999999,-0.0126,0.0187999999999999,0.2164,-0.64,-0.3115,-0.3782,0.2622,0.0124999999999999,Inflammation
OID20660,CTSO,-0.0947,-0.0117,0.0277999999999999,-0.0224999999999999,0.1336,-0.1145999999999999,-0.1366,0.0152999999999999,-0.1855,-0.1926999999999999,Inflammation
OID20561,CXADR,-0.1091999999999999,-0.1356,0.2799999999999999,,0.2092,-0.1373999999999999,,0.2674,-0.2503,-0.2664999999999999,Inflammation
OID20762,CXCL1,-0.3886999999999998,-0.0548999999999999,-0.4697,0.3435,-0.0483,-0.5248999999999999,-1.4201,0.9173,0.6546000000000001,0.4704,Inflammation
OID20697,CXCL10,-0.1946999999999999,-0.2701,0.1079999999999998,-0.0703,-0.0763,0.0239,-0.0199,-1.0683,0.2226,-0.5269999999999999,Inflammation
OID20464,CXCL12,-0.0989999999999999,0.004,-0.6557999999999999,-0.9621,-0.2713,0.473,-0.6329000000000001,0.4174,0.1878999999999999,-0.6627000000000001,Inflammation
OID20458,CXCL14,0.3701,-0.1739,0.4531,-0.35,-0.3135000000000001,-0.2079999999999999,0.4986,0.5954999999999999,-0.6797,-0.2015,Inflammation
OID20622,CXCL17,0.1600999999999999,-0.2073999999999999,0.1189,0.2675,0.1023999999999999,0.4583,0.2751999999999999,0.0574,0.1143,0.0259999999999999,Inflammation
OID20788,CXCL3,-0.2393,0.0712000000000001,-1.2083,0.9798,-0.0184000000000001,-0.5284000000000002,-1.5260999999999998,1.2403999999999995,1.1474,0.484,Inflammation
OID20613,CXCL6,-0.0777999999999999,0.0871999999999999,0.1831999999999999,0.4862,0.1528999999999999,0.2855,-1.8384,0.4187,0.626,0.0338,Inflammation
OID20631,CXCL8,0.2052,0.3318,0.1481,-0.0119,-0.0938,0.2534,-1.574,1.0167,-0.1090000000000001,0.3706,Inflammation
OID20675,CXCL9,0.0254,-0.0895999999999999,-0.4626999999999999,-0.2946999999999999,-0.1114999999999999,0.0872999999999999,-0.3814999999999999,-0.4718,0.3121,0.0992,Inflammation
OID20774,DAG1,0.2441999999999999,-0.3455,-0.2333,0.3550999999999999,-0.1337,-0.2510999999999999,-0.3423,0.3323,0.7254999999999999,0.1159999999999999,Inflammation
OID20524,DAPP1,-0.0212999999999999,-0.1184,-0.1225,,1.4492,0.442,,1.4742000000000002,1.0674,1.2074,Inflammation
OID20681,DBNL,-0.4378999999999999,-0.2093000000000002,-1.2407,0.9921999999999996,0.0567000000000001,-0.9852000000000004,-0.8469,0.5123,1.487,1.0014,Inflammation
OID20579,DECR1,-0.2722999999999995,0.4872000000000005,-0.8285,,0.0332999999999996,-0.2971000000000003,,0.0581999999999998,1.4475999999999996,0.3472999999999997,Inflammation
OID20620,DFFA,-0.1571,0.0114,-0.3195,0.7019,0.1816999999999999,-0.2391999999999999,-0.8876,0.4114,0.8410999999999998,0.0269999999999999,Inflammation
OID20466,DGKZ,-0.0727,-0.0705,0.8635999999999999,0.6208,-0.3077,0.2518,-0.9023,-0.1215999999999999,-0.0271,-0.3507,Inflammation
OID20627,DNAJA2,-0.4779999999999997,-0.1528999999999998,-0.8049,1.036,0.0745999999999997,-0.6148000000000002,-1.1573,0.5648999999999997,1.3289,0.3605,Inflammation
OID20712,DNER,0.5478999999999999,0.2583999999999999,0.5878,0.2005,0.5086999999999999,0.4846,0.3275,0.3558,0.5795,0.4775,Inflammation
OID20744,DNPH1,-0.0572,-0.1734,-0.6939000000000001,0.6118999999999999,0.526,-0.6017000000000001,-0.5511999999999999,0.278,1.0042,0.152,Inflammation
OID20527,DPP10,0.1296999999999999,-0.2474,-0.3195,,-0.2769,0.0707,,-0.3561999999999999,0.2496999999999999,-0.0218999999999999,Inflammation
OID20525,EDAR,-0.1949999999999998,-0.0336999999999999,0.0944,,0.149,-0.7242999999999999,,0.1636,0.4982999999999999,0.4126000000000001,Inflammation
OID20698,EGF,-0.1019000000000001,-0.3304,-0.6099,0.8228,0.0427999999999997,-0.5612999999999999,-1.3705,0.5339999999999999,1.6749999999999998,0.6947999999999999,Inflammation
OID20572,EGLN1,0.0133999999999999,-0.2859,-0.3036,,0.447,0.2316,,0.0146,0.469,0.2691000000000001,Inflammation
OID20625,EIF4G1,-0.4775,-0.0016000000000007,-0.9493,0.8635000000000002,0.1505999999999998,-0.7568999999999999,-1.7083,0.6999,1.2463999999999995,0.7069000000000001,Inflammation
OID20423,EIF5A,1.1045,-0.7296,-0.5767,0.5886,-0.1154999999999999,0.6096999999999999,-0.5735,0.8001,0.2617,0.1546,Inflammation
OID20497,ENAH,0.7149,-0.0954,1.5141,1.4922999999999995,1.4105,0.4201,0.1166,-0.0800999999999999,0.5471999999999999,0.7784,Inflammation
OID20736,ENPP5,0.2612000000000001,-0.2917999999999999,-0.1079000000000001,-0.073,-0.084,-0.1317999999999999,0.0437,-0.1247,-0.0197,-0.0571999999999999,Inflammation
OID20689,ENPP7,0.6779,-0.7696999999999999,-0.3945,-0.8560000000000001,-0.2264,0.1649,-0.0118,-0.2257,-0.5504,0.1820999999999999,Inflammation
OID20743,EPCAM,0.6656000000000001,-0.9916,0.1005,0.2545,-0.3902,0.2309000000000001,0.4085,-0.2517,-0.2268,0.6023000000000001,Inflammation
OID20677,EPHA1,0.4969,-0.3329,-0.3015,0.0909,-0.359,-0.1434,0.3581000000000001,0.0838,0.0653,-0.6815,Inflammation
OID20522,EPO,0.2193999999999999,0.214,-0.0386999999999999,,0.4671,-0.0281000000000001,,-0.1135000000000001,-0.3601,-0.6143,Inflammation
OID20705,ERBB3,0.0816,-0.3434999999999999,-0.2144,-0.1180999999999999,-0.0765,0.0102999999999999,0.0753,-0.1235999999999999,0.0414,0.0817999999999999,Inflammation
OID20758,ESM1,0.0269000000000001,0.0665,0.0689999999999999,0.0221,-0.2169999999999999,0.1568,0.0542,-0.0881999999999999,-0.1501999999999999,-0.4672,Inflammation
OID20691,F2R,-0.0333000000000001,-0.1877999999999999,-0.2762,0.2985,0.1361999999999998,-0.536,-0.3403,0.2109000000000001,0.8542999999999998,-0.0759999999999999,Inflammation
OID20778,FABP1,3.2165,-1.2860999999999998,-0.4601999999999999,-1.2369000000000003,1.5682,0.5322,-1.6518000000000002,0.6538999999999999,-0.6152,0.0878000000000001,Inflammation
OID20501,FABP9,0.2526,-0.5961,-0.3190000000000002,,0.5720000000000001,-0.4861999999999999,,-0.3066,-0.2364,0.2477,Inflammation
OID20665,FASLG,-0.0235999999999999,-0.0761,-0.3901,0.12,-0.2982999999999999,-0.0932,-0.3548,-0.044,-0.1325999999999999,-0.1751,Inflammation
OID20564,FCAR,0.0984999999999999,-0.4212999999999999,-0.5660000000000001,,0.3654,-0.1092,,0.0656999999999999,0.3331,0.4878,Inflammation
OID20639,FCRL2,0.2049999999999999,-0.332,-0.0526,-0.3142999999999999,-0.1748999999999999,-0.1265,-0.2057999999999999,0.2394,-0.1031,-0.224,Inflammation
OID20443,FCRL3,0.2144999999999999,-0.2079999999999999,-0.8211,1.0840999999999998,-1.4145,-0.415,-0.832,0.8651000000000001,0.2369,-0.0008,Inflammation
OID20529,FCRL6,0.0392000000000001,-0.0623,0.0306,,-0.2345,-0.2292999999999999,,-0.0020999999999999,0.1361,0.0442,Inflammation
OID20715,FGF19,0.3859,-0.2756000000000003,0.1009,-0.3468,0.9811,0.4901999999999998,0.1179,0.1699000000000001,0.3985999999999999,1.3392,Inflammation
OID20503,FGF2,-0.2487999999999999,-0.1938,0.2014,,0.0209000000000001,-0.6918,,0.5357000000000001,0.2724999999999999,0.2431,Inflammation
OID20490,FGF5,0.249,-0.2365,0.0646999999999999,0.5585,0.0512,-0.1757999999999999,-0.5375999999999999,0.5818000000000001,-0.1503999999999999,-0.1443000000000001,Inflammation
OID20722,FIS1,0.2279999999999999,-0.6409,0.0494000000000001,0.9916000000000004,0.0923,0.0610999999999999,-0.2090999999999999,-1.2555,1.0288999999999997,0.408,Inflammation
OID20618,FKBP1B,-0.1659,-0.2524,0.0834,0.2638,-0.4535,0.3478,0.0570000000000001,-0.1321999999999999,0.5652,0.3665,Inflammation
OID20661,FLT3LG,0.0633,-0.1266,-0.2172,-0.0304,-0.1791,-0.0611,-0.1509999999999999,0.2648,-0.0259,-0.2261999999999999,Inflammation
OID20515,FOXO1,-0.3903000000000003,-0.3126,-0.2536,,0.4216,0.0301,,0.26,0.8615999999999999,0.3398,Inflammation
OID20770,FST,1.3677,-0.6746,0.6075,-0.9131,-0.0421,0.2225,0.276,0.0322999999999997,-0.0992,-0.5935,Inflammation
OID20782,FSTL3,0.6621,0.0341,0.2727,-0.1013999999999999,-0.1194,0.0522,-0.0652,-0.0597,0.0149,-0.0489,Inflammation
OID20463,FXYD5,0.7311000000000001,0.1959999999999999,-0.1299,0.2073,-0.1728,-0.0038,0.0911,0.4589,-0.1179,-0.5384,Inflammation
OID20727,GAL,0.4293,-0.3598,-0.0552,0.0081999999999999,-0.2964,-0.0749999999999999,-0.0038,0.3974000000000001,0.0201,0.1399,Inflammation
OID20471,GALNT3,-0.2597999999999999,0.2982,-0.3248,0.0793999999999999,0.181,0.4975,-0.8684000000000001,0.1893,-0.1553,-0.7665000000000001,Inflammation
OID20489,GBP2,1.1473,1.292,-0.1775,1.3105,0.6900000000000001,-0.4735,0.0081999999999999,0.9999,0.3108,2.0748,Inflammation
OID20710,GLOD4,-0.088,-0.1748,-0.3238,0.4772,0.1796999999999999,-0.4004999999999998,-0.4819,0.0168,0.7187,0.1303999999999999,Inflammation
OID20641,GMPR,-0.3585,-0.0872000000000001,-0.6323,0.8068,0.2683,-0.5427,-0.7452,0.4562999999999999,0.9061,0.3631999999999999,Inflammation
OID20551,GOPC,-0.1755,0.3270000000000002,-0.8476,,0.5251999999999999,-0.6805999999999999,,0.5947,1.5441999999999998,0.3662000000000001,Inflammation
OID20663,GZMA,0.2240999999999999,-0.1054,0.0139999999999999,0.2354,0.1222,-0.2337999999999999,0.2882,0.2983,-0.1791,0.2201,Inflammation
OID20604,GZMB,0.3562,-0.1667,-0.8177000000000001,,0.1639999999999999,0.1978,,0.3863999999999999,0.1978999999999999,0.1301,Inflammation
OID20648,HCLS1,-0.3785999999999999,0.4611,-0.6207,0.6666,0.1805,-0.4507999999999998,-1.0675,0.8874000000000001,1.3114,-0.0219,Inflammation
OID20589,HEXIM1,-0.4375,0.4481999999999999,-0.0685,,0.5408999999999999,-0.9476,,0.5752999999999999,1.519,0.0711999999999999,Inflammation
OID20656,HGF,0.0943,-0.0394999999999999,0.4193,0.126,0.2585,0.1836999999999999,-0.5974,0.323,-0.0958,-0.0359,Inflammation
OID20520,HLA-DRA,0.0857999999999999,0.1103999999999999,0.2415,,0.0196999999999999,-0.6753,,0.0488,-0.1921,0.2193999999999999,Inflammation
OID20532,HLA-E,-0.0442,-0.2949,0.0578999999999999,,0.3882,-0.2312,,-0.1714,0.0972,-0.0125,Inflammation
OID20615,HPCAL1,-0.3476999999999999,0.1938000000000002,-0.0940999999999999,0.7870000000000004,-0.01,-0.4468999999999999,-0.4462,0.3253,0.9542000000000002,0.127,Inflammation
OID20575,HSD11B1,0.2601,-1.2468,-0.6563,,0.4483999999999999,-0.2214,,0.4078,0.2579,0.4644999999999999,Inflammation
OID20718,HSPA1A,0.5865000000000001,0.3740000000000001,0.181,1.2031,0.8540000000000001,-0.417,0.2168,-0.5946999999999999,1.2136,0.9957,Inflammation
OID20484,ICA1,-0.737,0.4435,-0.3303,0.8768,0.1643000000000001,-0.3195,-0.33,1.0519,1.2275,0.6803999999999999,Inflammation
OID20578,ICAM4,-0.2855999999999999,-0.4947,0.0175,,-0.1916,-0.0947,,-0.1076,-0.4372,-0.1643,Inflammation
OID20619,IDS,-0.0829,-0.1445,-0.0428,0.015,0.0817,0.0817,-0.0506999999999999,0.0588,-0.1016,-0.0991,Inflammation
OID20495,IFNG,0.375,0.2345,0.4852999999999999,0.7684,0.1062,-6.9681,5.9086,-0.3917,1.4113,-0.8914,Inflammation
OID20678,IFNGR1,0.2077,-0.0208999999999999,-0.0312999999999999,0.087,0.0673,0.0058999999999999,0.1207,0.0418,0.0214,-0.1353,Inflammation
OID20506,IFNLR1,0.2305,-0.3777999999999999,-0.0593,,-0.1064999999999999,-0.5951,,-0.0561,0.2081,0.0683,Inflammation
OID20544,IKBKG,-0.6197000000000004,0.5129999999999999,-1.157,,0.2465999999999999,-0.5109000000000001,,1.2499,1.5667000000000002,1.0193,Inflammation
OID20431,IL10,-0.1795,0.2021,-0.0929,0.0156,-1.2414,-0.2217,1.1013,0.3003999999999999,-0.4468,0.3991,Inflammation
OID20420,IL10RA,1.3598,0.7031000000000001,0.478,0.0595,-0.7906,0.7819,-0.9618,-0.5101,0.2844,-0.6627,Inflammation
OID20696,IL10RB,0.2012,-0.3024,-0.0979,-0.2744999999999999,-0.0361999999999999,0.0596,0.0989999999999999,-0.0709,0.0737,-0.0219,Inflammation
OID20455,IL11,0.4918999999999999,0.254,0.5488000000000001,-0.2994999999999999,0.6569,-1.6937000000000002,-0.1095,0.0629,-0.7448,-0.2701999999999999,Inflammation
OID20666,IL12B,0.1119,0.0258999999999999,-0.2665999999999999,-0.0010999999999999,-0.1253,-0.1189,0.0333999999999998,-0.1834,0.0842,-0.0796,Inflammation
OID20486,IL12RB1,-0.9729,-0.3539,0.4298999999999999,-1.9773,1.8927,0.1524999999999999,-1.0247,1.5819,-0.6867,0.2826,Inflammation
OID20430,IL13,0.6558999999999999,-0.1331999999999999,-0.5605000000000001,0.0774999999999999,0.066,-0.1609,0.5428,0.3375999999999999,0.8904,0.2571000000000001,Inflammation
OID20562,IL15,0.0015999999999999,0.1398,0.4635999999999999,,-0.2008999999999999,-0.4383,,-0.0321,-0.2185,-0.1994,Inflammation
OID20498,IL15RA,0.298,-0.282,-0.6032,0.4012,1.3981,-0.1761,0.0255,0.6086,-0.2433,0.0467999999999999,Inflammation
OID20633,IL16,0.0211,-0.1079999999999999,0.2808,0.0467999999999999,0.1754,0.3808,0.2186999999999999,0.1313,0.0322999999999999,-0.2451999999999999,Inflammation
OID20469,IL17A,-0.2304999999999999,0.9363,-0.1704,0.6359,-0.2907999999999999,-0.2701,0.0327999999999999,0.1466,-0.7847,-0.5268,Inflammation
OID20477,IL17C,0.9075000000000002,0.3165999999999997,0.3464,-0.882,-0.1004,-0.1802,-0.4114,0.6103000000000001,-0.4354,0.5272999999999999,Inflammation
OID20481,IL17D,0.7154999999999999,0.4311,0.0458999999999999,0.7529,0.0088,0.1678,0.2782,-0.0665,-0.6028,-0.0239999999999999,Inflammation
OID20456,IL17F,0.0437,1.1366,-0.2196000000000001,1.0482999999999998,-0.3782999999999999,-0.1080000000000001,-0.0733999999999999,1.0934,-0.4314,0.1616,Inflammation
OID20585,IL17RB,0.0272999999999999,-0.3174,-0.2110999999999999,,0.1809999999999999,0.0553,,-0.0274999999999998,-0.1101,0.0028,Inflammation
OID20694,IL18,-0.0087,-0.3748999999999999,-0.1986999999999998,-0.0758999999999998,-0.0665,-0.0726,0.2424,-0.2969,0.2917,0.0498,Inflammation
OID20652,IL18R1,0.1378,-0.3204,-0.242,-0.0611,-0.1846999999999999,-0.0060999999999999,0.1052999999999999,-0.1003,-0.2355999999999999,-0.0136,Inflammation
OID20488,IL1A,-0.4696,-0.1837,-0.2691,0.2713,0.4906,1.817,-0.8855999999999999,-0.0005,-0.0280999999999999,0.006,Inflammation
OID20427,IL1B,0.4602,0.657,-0.5703,0.2637,0.5082,-1.3497,-1.4355000000000002,0.6425000000000001,-0.0192999999999999,0.1029000000000001,Inflammation
OID20757,IL1R2,0.1508,-0.252,-0.1347999999999999,-0.183,0.0072999999999999,-0.0804999999999999,0.1054,-0.128,0.0635,-0.0302,Inflammation
OID20487,IL1RL2,0.0275,-0.0865,-0.0291,0.0329,0.2475,0.2585,0.0671,0.1455999999999999,-0.4697,-0.2176999999999999,Inflammation
OID20700,IL1RN,-0.1527999999999998,-0.2558999999999996,0.0158,0.6238999999999999,0.0949999999999999,0.2370999999999998,-0.1931,-0.2753000000000001,-0.1398000000000001,-0.0705,Inflammation
OID20419,IL2,0.5067,0.4012,-0.1982999999999999,0.2029,1.2548,-0.0693,-0.0472999999999999,-0.1556999999999999,0.7915000000000001,-0.194,Inflammation
OID20453,IL20,0.0807999999999997,0.8469,-0.0927999999999999,-0.0800999999999999,0.1393,0.0302999999999999,-0.4514,0.4796999999999999,0.6809000000000001,-0.7738,Inflammation
OID20422,IL20RA,0.8860999999999999,-0.1096,-0.0617,-0.1357,0.4616,-0.0277,0.3536,0.7119,-0.3346,0.1817,Inflammation
OID20449,IL22RA1,1.4467,-0.8973,-0.4851,0.6227999999999999,-0.6012000000000001,0.3751,0.4907,0.0892,-0.4751000000000001,-0.2012999999999999,Inflammation
OID20440,IL24,0.3375000000000001,0.022,1.1135000000000002,0.4407999999999999,0.0416999999999999,0.3188,-0.1233,1.1189,-0.4919,-0.0052,Inflammation
OID20450,IL2RB,-0.1672,-1.0937,-0.3883999999999999,-0.616,0.9193,0.2035,0.1721,1.7789,0.1247,-0.4692,Inflammation
OID20605,IL32,-0.0797,-0.5041999999999999,0.1101999999999999,,-0.0004,-0.4958999999999999,,0.2242999999999999,-0.2252,0.1804,Inflammation
OID20428,IL33,0.3499,0.2707,-0.5756,0.5408,-1.0654,-0.7081,-0.4986,0.2299,0.5129,2.052,Inflammation
OID20461,IL3RA,0.4482,0.4582,-0.4992,0.2674,-0.2475,0.4432,-0.261,0.5216000000000001,-0.1306999999999999,-0.2433,Inflammation
OID20426,IL4,-1.8267,-5.864000000000001,-0.6981,-1.3376,-1.602,1.5781,0.5036999999999999,0.1697,1.9562,-4.761800000000001,Inflammation
OID20576,IL4R,0.2640999999999999,-0.4469,0.5598000000000001,,-0.0086999999999999,-0.4156999999999999,,-0.0490999999999999,-0.2711000000000001,-0.4333,Inflammation
OID20472,IL5,0.1167999999999997,7.321,1.367,-1.4707,0.0924,-0.3664999999999998,-1.8909,-1.9541,-2.2868,-0.0877999999999999,Inflammation
OID20601,IL5RA,-0.1759999999999999,-0.3904000000000001,-0.0482,,0.0415,0.0126,,-0.3438,-0.0952999999999999,0.5713999999999999,Inflammation
OID20563,IL6,-2.8506,-1.1444,-0.0991999999999999,,-0.1421,0.3419999999999998,,0.2149999999999999,-0.0242999999999999,-0.2768000000000001,Inflammation
OID20535,IL7,-0.507,-0.7205999999999999,-0.9273,,0.2253,0.0483,,0.7854,0.6240999999999999,0.3807999999999999,Inflammation
OID20485,IRAK1,-0.4684999999999999,0.2662999999999997,-0.9654,1.1679999999999997,0.1164,-0.4621999999999999,-0.4738,0.3225,0.8204000000000002,0.3096999999999998,Inflammation
OID20577,IRAK4,-0.4356,0.5,-0.3976999999999999,,0.7119,-0.7941999999999999,,1.6261,1.2248,0.5692999999999999,Inflammation
OID20538,ISM1,0.3896,-0.6431,0.4105,,0.5896,0.496,,0.0127,0.1703,-0.0521999999999999,Inflammation
OID20581,ITGA11,-0.0716999999999999,0.2102,-0.3727,,0.0965,0.0178,,0.56,0.1143,-0.1483000000000001,Inflammation
OID20528,ITGA6,0.9234,-0.7281999999999997,-0.2877999999999998,,-0.6816999999999998,-0.0888999999999999,,-0.7386999999999997,0.0838000000000001,0.2440999999999999,Inflammation
OID20493,ITGB6,-0.4316,0.1379,-0.1235,0.3076,-0.0341999999999999,-0.6809000000000001,0.193,-0.4792999999999999,-0.2749,0.0521,Inflammation
OID20504,ITM2A,-0.0019,-0.1003000000000002,1.8455,,0.2082000000000001,-0.1153999999999997,,0.7716000000000003,-0.1845000000000003,-0.0918999999999998,Inflammation
OID20494,JCHAIN,2.9557,0.3195999999999999,0.8166,0.2472999999999999,-1.3572000000000002,0.6771,1.1898000000000002,1.0779,0.7178,-0.7187,Inflammation
OID20424,JUN,0.5233,0.0839,-0.0602,-0.0359,-0.6526,0.6115,-0.4532,-1.2009999999999998,-0.4451,-0.3713,Inflammation
OID20629,KLRB1,0.2462,-0.1488999999999999,-0.1129,0.1681,-0.076,-0.1200999999999999,-0.1745999999999999,0.1064,0.1990999999999999,-0.1613,Inflammation
OID20632,KLRD1,0.1077,-0.1419,-0.2407000000000001,0.0663,-0.0070999999999999,0.1434,-0.2395,0.0220999999999999,0.0326999999999999,-0.2185999999999999,Inflammation
OID20596,KRT19,0.285,-0.0351999999999999,0.3969,,0.1793,-0.1134,,0.1119999999999999,-0.6772,-0.3833,Inflammation
OID20669,KYNU,0.5143999999999999,-0.5946,-0.6409,0.0177999999999999,0.5489999999999999,-0.2424,-0.3828,-0.0824,0.1636999999999999,0.0587999999999999,Inflammation
OID20737,LAIR1,0.1669999999999999,-0.2107,0.1946999999999999,-0.2663999999999999,-0.1283999999999998,-0.1544999999999999,0.0068999999999999,0.1485,-0.0048,-0.1509,Inflammation
OID20769,LAMA4,0.1583,-0.1357,-0.0689999999999999,0.0295999999999999,-0.007,-0.0343,-0.2314,0.0598999999999999,-0.0486999999999999,-0.2769,Inflammation
OID20638,LAMP3,0.2679999999999999,-0.0985,-0.4614999999999999,0.01,-0.1392,-0.0676000000000001,0.0006000000000001,-0.0853,0.069,-0.0859,Inflammation
OID20436,LAP3,-1.1277,0.3553,-0.6248999999999999,0.3608999999999999,-0.1288999999999999,0.4861999999999999,-0.8529,0.7709999999999999,1.0133,-0.1109,Inflammation
OID20640,LAT,-0.4636999999999998,0.1246,-0.6000000000000001,0.6557,-0.0301,-0.6018999999999999,-1.5605,0.7703,0.7467999999999999,0.0813000000000001,Inflammation
OID20748,LGALS4,0.4540999999999999,-0.0350999999999999,0.0146,-0.1789,0.0204,0.5008999999999999,-0.6849,0.1023,-0.2415,-0.0458,Inflammation
OID20781,LGALS9,-0.0615999999999999,-0.1710999999999999,0.1033,-0.1866,0.1108,0.1138,-0.0453,-0.0346,-0.0436999999999999,-0.0611,Inflammation
OID20773,LGMN,-0.0124,-0.2677,0.1803,-0.1514,0.0567999999999999,-0.1689999999999999,-0.0433,-0.1727,0.1013999999999999,-0.2434,Inflammation
OID20749,LHPP,0.3958,-0.6109,-0.4769,0.3998,0.6097999999999999,-0.3307000000000001,-0.4674,0.0528,0.7352,0.0719999999999999,Inflammation
OID20606,LIFR,0.4853,-0.1628,-0.2437999999999999,,0.0837,-0.1707,,0.0173999999999999,0.0262999999999999,-0.1797,Inflammation
OID20429,LILRB4,0.3540999999999999,0.0321,0.1724,0.0659,0.193,0.5563,0.1785999999999999,0.3813,0.4291999999999999,0.5417000000000001,Inflammation
OID20438,LRRN1,0.4316,-0.0513,0.0005,0.4376,0.0159999999999999,-0.2174,0.0428,0.1301,-0.2772,0.1135,Inflammation
OID20530,LSP1,-0.4128,-0.2688,-0.1468,,-0.1644999999999999,1.2939,,0.2503,-0.2532,-0.6307999999999999,Inflammation
OID20586,LTA,0.1426,-0.0361,-0.7066,,0.043,-0.2659,,0.242,0.4266,-0.0148,Inflammation
OID20768,LTBR,0.2747,-0.0915999999999999,0.3548,-0.1409,0.1122,-0.0713,0.3342,0.0257,0.1442,-0.003,Inflammation
OID20434,LTO1,0.7687999999999999,-1.3068,1.7098,0.6058,-0.7569,0.1652,0.0213,0.5391,-0.3928,0.2618,Inflammation
OID20708,LY6D,0.1945,0.0516,0.1328,0.1422,0.0715,0.0457,0.0097999999999999,0.3383,-0.2571,0.1959,Inflammation
OID20580,LY75,0.0578,-0.5819,0.158,,0.0361999999999999,-0.4618,,-0.3004999999999999,0.3545,0.2487,Inflammation
OID20670,LY9,0.0781,-0.1842,-0.1971,0.0059999999999999,-0.1314,0.1075,-0.0491,0.1949,-0.036,-0.0231,Inflammation
OID20707,MANF,-0.4575,-0.0777999999999998,-1.3451,1.4119000000000002,0.0716000000000001,-0.8966999999999996,-0.8169,0.7475,2.2794,0.9917000000000002,Inflammation
OID20552,MAP2K6,-0.5427999999999997,-0.3782000000000001,-0.3811,,0.2397,-1.0102999999999995,,0.0403000000000002,1.3702,0.7429000000000001,Inflammation
OID20557,MAPK9,0.4357,0.1344,0.2532,,-0.1862,-0.2796,,0.1805999999999999,0.4431,0.2624,Inflammation
OID20767,MATN2,0.5514999999999999,-0.0566999999999999,0.1938999999999999,0.2242999999999999,-0.0884999999999999,-0.0653,-0.0754999999999999,0.042,-0.0807,-0.0223999999999999,Inflammation
OID20746,MEGF10,0.1798,-0.2519,-0.181,-0.1547,-0.1632,-0.0675,0.0642,0.0379,0.0152999999999999,-0.2086,Inflammation
OID20753,MEPE,-0.0138,-0.2306000000000001,0.0364999999999999,-0.2018999999999999,0.0239,-0.0555000000000001,0.1361,0.0070000000000001,0.0176,-0.0690000000000001,Inflammation
OID20657,MERTK,0.0302999999999999,-0.37,-0.1507,-0.0692,-0.009,-0.125,-0.2947,0.1966999999999999,-0.1853999999999999,-0.0118,Inflammation
OID20519,METAP1D,-0.5809000000000002,-0.1292999999999997,-0.928,,0.213,-0.6205000000000003,,-0.5728000000000001,1.2907000000000002,-0.3602999999999998,Inflammation
OID20711,MGLL,-0.2005000000000003,-0.1978999999999997,-0.7588999999999997,0.6543000000000001,0.0796000000000001,-0.8492999999999999,-0.8147,0.3886,0.9420000000000006,0.6355000000000004,Inflammation
OID20588,MGMT,-0.4850000000000003,0.3118000000000001,-1.1339,,0.4043999999999998,-1.1386,,0.8049,1.5372,1.0316,Inflammation
OID20593,MICB_MICA,0.0225,-0.5187999999999999,0.0674999999999999,,0.4446,1.8411000000000004,,0.1382999999999998,0.0396,0.0844999999999999,Inflammation
OID20482,MILR1,0.3238999999999998,0.0136999999999999,0.1139,0.5344000000000001,-0.0698,-0.0033999999999999,0.0932,0.2768999999999999,-0.1644999999999999,-0.1808999999999999,Inflammation
OID20541,MLN,0.0533000000000001,0.4885,0.1873,,-0.1936999999999999,0.8331999999999999,,-1.5211,0.4641,-0.0688999999999999,Inflammation
OID20672,MMP1,-0.2819,0.0541999999999998,-0.1877999999999999,0.2698,-0.1368999999999999,-0.2279999999999999,-1.5127,0.8978,0.217,0.2598000000000002,Inflammation
OID20687,MMP10,-0.6249000000000002,0.0611,0.2874000000000001,0.5308999999999999,-0.1532,-0.1396,0.3699,-0.1583,-0.2602,-0.2284,Inflammation
OID20779,MPIG6B,-0.0181000000000004,-0.2890999999999994,-0.7509000000000001,0.3886999999999991,-0.1734,-0.6800000000000002,-1.6327000000000005,0.5157999999999996,1.2781000000000002,0.4882999999999997,Inflammation
OID20459,MVK,0.7532000000000001,-0.5444,0.3458000000000001,1.1889999999999998,0.2131,0.4918999999999999,-1.4245,-0.0104,1.2312,-0.0659,Inflammation
OID20451,MYO9B,-0.0615999999999998,0.7717,0.0806,1.0406,0.0152999999999998,-0.6857000000000002,-0.9336,0.0141999999999999,1.5244,0.8007000000000002,Inflammation
OID20732,MZB1,0.0912,-0.3029999999999999,0.758,-0.5712999999999999,-0.2542,-0.1720999999999999,0.0186999999999999,-0.1664999999999999,0.0062,0.0417,Inflammation
OID20442,NBN,0.3476,0.5749,0.3545999999999999,-0.1373,-0.1054,0.5726,-0.5138,0.2302,0.345,-0.3505,Inflammation
OID20567,NCF2,-0.4109,-0.3216999999999999,-0.1141999999999998,,0.8422999999999998,-0.1338999999999996,,1.0422,1.3815999999999995,-0.2253000000000002,Inflammation
OID20683,NCK2,-0.5375000000000001,0.3863000000000001,-0.2891999999999999,0.3077999999999999,0.2174,-0.2961,-0.3088,0.4979,0.8278,0.1534,Inflammation
OID20448,NCLN,0.4020000000000001,-0.2007,0.1475,0.5578,-0.3912,0.5921,-0.3160999999999999,0.9922,-0.5455,0.3864,Inflammation
OID20566,NCR1,0.1363,-0.1488,0.3261,,0.2253,-0.3124,,0.2317,0.0991,0.0408999999999999,Inflammation
OID20706,NELL2,0.0817,-0.3672,-0.3052,-0.2734,-0.1909,-0.3001999999999999,0.0645999999999999,-0.0572,-0.1385,-0.344,Inflammation
OID20634,NFASC,0.2063,-0.2439,-0.1894,0.0707,0.0815,0.0829999999999999,-0.0128,-0.175,-0.3939,-0.1758,Inflammation
OID20545,NFATC1,-0.3015000000000003,-0.0019,-0.3435999999999999,,0.3973,-0.7565999999999999,,1.0137000000000005,1.4349000000000005,1.1730000000000005,Inflammation
OID20470,NFATC3,1.1694,0.1084999999999999,-0.1867999999999999,0.3198999999999999,0.1644,0.2546,-0.4952999999999999,-0.0453,0.2402,0.1964999999999999,Inflammation
OID20789,NME3,0.1996,-0.3556,0.1003,-0.0928,-0.0766,-0.0937,0.1131,0.1229,-0.0364,-0.0458,Inflammation
OID20568,NPPC,0.0330999999999999,-0.1452999999999999,-0.0806,,0.3637000000000001,-0.2927999999999999,,-0.0497,0.2573000000000001,0.1980000000000001,Inflammation
OID20465,NRTN,-0.4039,-0.4097999999999999,-2.1898,0.198,-0.4115999999999999,-0.5188,-0.2931,0.7605,-0.9704,-1.1835,Inflammation
OID20553,NT5C3A,-0.3732999999999999,0.0310999999999999,-1.3066000000000002,,0.4991000000000003,-1.3014,,0.3477000000000001,1.3604000000000005,0.6713000000000002,Inflammation
OID20591,NTF3,0.4588000000000001,-0.0687999999999999,0.2864,,0.4116999999999999,0.0716999999999998,,0.5057,-0.2212999999999999,0.4444,Inflammation
OID20510,NUB1,-0.0108,-0.0305999999999999,-0.6790999999999999,,0.3888,-0.6229,,1.818,1.2038,-0.0639999999999999,Inflammation
OID20623,NUDC,-0.1587999999999998,0.1576999999999999,-0.6071000000000001,0.7086999999999999,0.0931999999999999,-0.3366,-0.9625,0.1348999999999999,0.7142000000000002,0.441,Inflammation
OID20725,OMD,0.3210999999999999,-0.1275,0.0968999999999999,-0.1139,-0.1008,-0.0775,0.2708,-0.0706,-0.0224,-0.2249000000000001,Inflammation
OID20776,OSCAR,0.1066999999999999,-0.1375,-0.1037,0.0275999999999999,-0.1355,-0.2009,-0.0904,-0.0592,0.0638,-0.1464999999999999,Inflammation
OID20574,OSM,-1.1470000000000002,-0.2732999999999999,0.1646999999999998,,0.0687999999999999,0.6816999999999998,,0.5355,-0.0734999999999999,0.1265,Inflammation
OID20467,PADI2,0.1206,0.4314,-0.4566,0.1788999999999999,-0.6128,-0.3386,0.6385000000000001,-0.9481,0.4249,-0.5088999999999999,Inflammation
OID20421,PAPPA,0.7925,2.2056,1.4259,0.5139,-0.4359,-0.1032,-3.4263,-1.4388,-0.1083,1.7638,Inflammation
OID20500,PARP1,0.6788000000000001,-0.1902999999999999,0.1796000000000001,,-0.0645,0.1074999999999999,,0.0595999999999998,0.0629999999999999,0.3638,Inflammation
OID20614,PCDH1,0.0763999999999999,-0.1487,-0.1670999999999999,0.0101,-0.0823,-0.0382,0.0524999999999999,0.0839999999999999,0.0035999999999999,0.0542,Inflammation
OID20741,PDGFB,-0.5962999999999998,-0.1528,-0.5641,1.0504,0.1857999999999999,-0.4661,-2.0488,0.5431,1.2897,0.7404999999999999,Inflammation
OID20729,PDLIM7,-0.4034999999999993,-0.2455999999999996,-0.939,1.178,0.0989999999999993,-1.0441000000000005,-1.2827,0.2334999999999998,1.7038000000000002,0.7236000000000002,Inflammation
OID20673,PGF,0.3174,0.0719,-0.0116,-0.2149,-0.0435,0.0214999999999999,-0.012,0.0905,-0.0891999999999999,-0.1423999999999999,Inflammation
OID20587,PIK3AP1,0.3009,0.9803,0.4536,,-0.1575,-1.1449,,0.8365,-0.6674,-0.5158,Inflammation
OID20682,PKLR,0.4165999999999999,-0.5132,-0.5660000000000001,0.6722,1.0501,-0.0001999999999999,-0.2527,-0.7850999999999999,0.3063,0.1438,Inflammation
OID20685,PLA2G4A,-0.1881999999999997,-0.1075000000000001,-0.4112,0.5239,0.0739,-0.7164999999999999,-0.5473,0.4600999999999998,1.3254,0.5085,Inflammation
OID20764,PLAUR,0.2482,-0.1684999999999999,0.2319,-0.1114,0.1816,0.1341,-0.0131,0.161,-0.0913,-0.1281999999999999,Inflammation
OID20597,PLXNA4,-0.1383999999999998,-1.0840000000000003,-0.5368999999999997,,-0.2010000000000005,-1.2164,,0.6913,0.9845000000000002,0.7302,Inflammation
OID20775,PNLIPRP2,-0.2971999999999999,-0.2336,0.1802,0.0489999999999999,-0.323599999999999,0.6486000000000001,-0.6691,0.0861,0.3695,0.0534,Inflammation
OID20445,PNPT1,0.7383000000000001,-0.3377000000000001,-0.3111,-0.2998999999999999,-0.5916,1.1035,0.1462999999999999,0.1256,0.2532999999999998,-0.3283999999999999,Inflammation
OID20777,PON3,0.1518,-0.1995999999999999,-0.0656999999999999,-0.1142999999999999,-0.0983,0.0106,0.0204999999999999,-0.0479,0.0260999999999999,0.1328,Inflammation
OID20643,PPP1R9B,-0.4616000000000002,0.5744000000000002,-0.8626999999999998,0.8232000000000004,0.0449000000000001,-0.4551999999999996,-1.3346,0.7976999999999999,0.9087000000000004,0.3370999999999999,Inflammation
OID20483,PRDX3,0.0403999999999999,0.3631999999999999,-0.2502999999999999,0.8893,-0.8231999999999999,-0.0896,-0.9332,-0.6402000000000001,0.9801000000000002,0.5722,Inflammation
OID20644,PRDX5,-0.1864999999999999,0.0675,-1.1253000000000002,0.5094,0.1912,-0.856,-0.9589,0.5309000000000001,1.2817999999999998,0.6256999999999999,Inflammation
OID20439,PREB,-0.0708,0.7933,0.7318,0.243,0.3771,0.307,-0.8067,-0.8233,-0.5496000000000001,0.5765,Inflammation
OID20766,PRELP,0.1266999999999999,-0.0110999999999999,-0.0121,-0.0494,-0.1553999999999999,-0.0282999999999999,0.1232,0.0501999999999999,-0.0226999999999999,-0.1195999999999999,Inflammation
OID20444,PRKAB1,-0.0357,0.2148,-0.1362,0.6715,0.2184,-0.5183,-0.5264,0.6349,0.7494000000000001,0.7005,Inflammation
OID20468,PRKCQ,0.2092,-0.4139999999999999,0.3118999999999999,0.161,0.0313999999999999,0.5877999999999999,0.2912,0.4733,0.3989999999999998,-0.3257000000000001,Inflammation
OID20543,PROK1,-0.0918999999999999,-0.1613,0.172,,0.0289999999999999,-0.1715999999999999,,-0.2073,-0.2755999999999999,0.1835999999999999,Inflammation
OID20763,PRSS8,0.1946999999999999,-0.2701,-0.0746,-0.2204,0.0926,-0.2082,-0.1046,-0.0969,-0.1667,-0.1347999999999999,Inflammation
OID20534,PSIP1,0.93,-0.914,-0.0188999999999999,,1.1492,0.4695,,0.1615,0.3873999999999999,-0.1548999999999999,Inflammation
OID20549,PSMG3,-0.67,-0.036,-0.3632999999999999,,0.7751000000000001,-0.4317,,0.2905,0.6635,0.0425999999999999,Inflammation
OID20511,PSPN,-0.0764,-0.5717000000000001,0.0606999999999999,,-0.2522999999999999,-0.3165,,-0.0239000000000002,0.1002,0.0262999999999999,Inflammation
OID20571,PTH1R,-0.3559999999999998,-0.1896,0.1742,,0.0995,-0.1702,,-0.228,0.288,0.3113999999999999,Inflammation
OID20717,PTPN6,-0.4985000000000001,-0.0407000000000001,-1.1302,0.6883999999999999,-0.0386999999999999,-0.9324,-1.6005,0.9054,1.2487,0.4454,Inflammation
OID20598,PTPRM,-0.3044,-0.5763,0.1898999999999999,,-0.0141,-0.3212,,-0.0433,-0.1484000000000001,-0.1563,Inflammation
OID20570,PTX3,-0.2024,-0.0147999999999999,0.1336,,-2.0527,-0.1621,,-0.0934,-0.4957,-0.0724,Inflammation
OID20425,RAB37,0.1728999999999999,0.0006000000000001,-1.1248,0.8398999999999999,-0.4006999999999999,0.5421,0.0101999999999999,1.107,-0.2479,0.4977,Inflammation
OID20608,RAB6A,0.0738,-0.7196,0.5306000000000002,,-0.1563000000000001,-1.5328,,1.4808,-0.1122999999999998,0.1169999999999999,Inflammation
OID20447,RABGAP1L,0.3557,0.2568999999999999,-0.9474,0.9265,0.6152,0.0618,0.0806999999999999,-0.2333,0.0085,-0.3892,Inflammation
OID20784,REG4,-0.1528,-0.2827,-0.0288999999999999,-0.2597,-0.0152000000000001,-0.0588999999999999,-0.4309,0.423,-0.0541999999999999,0.0423999999999999,Inflammation
OID20454,RGS8,0.7581,0.2511,0.1483,1.0137,0.3006999999999999,-0.967,-0.107,0.3131,0.0560999999999999,-0.5495,Inflammation
OID20734,ROBO1,0.0866,-0.3629,-0.0471,-0.0938,0.0092,-0.1139999999999999,0.2516,-0.1364,0.0424999999999999,0.0392,Inflammation
OID20536,SAMD9L,-0.2607,-0.3578999999999999,-0.5024,,0.2871000000000001,-0.5447,,0.2777,1.2207,0.8142,Inflammation
OID20728,SCG3,-0.1313,-0.3071,-0.0499999999999999,0.0177,-0.2601,-0.2085,-0.0137,-0.0229,-0.1104,-0.3608,Inflammation
OID20688,SCGB1A1,0.5545000000000001,-0.0623,0.3447,0.052,0.1735,-0.1453999999999999,-0.0702,0.095,-0.0179,-0.0499999999999999,Inflammation
OID20723,SCGB3A2,0.0746999999999999,0.6662000000000001,0.5179,-0.0973,-0.2525,-0.0010999999999999,0.1883,-0.0122,-0.2499,-0.2145999999999999,Inflammation
OID20457,SCGN,-0.5503,0.5699,0.0484999999999999,-0.3505999999999999,0.2219,0.0265,0.3363,-0.2552999999999999,-0.1195,0.2261999999999999,Inflammation
OID20542,SCRN1,-0.1065,-0.0690999999999999,-0.0498,,-1.021,0.411,,0.1831999999999999,0.1896999999999999,0.4301,Inflammation
OID20560,SELPLG,-0.0381,-0.3954,-0.1417999999999999,,0.3268999999999999,-0.367,,-0.0073999999999999,0.2586,0.0087,Inflammation
OID20630,SERPINB8,-0.0737999999999999,0.0415,0.2066,0.0289,0.0262999999999999,0.2322999999999999,-0.1083,0.0287999999999999,-0.0196999999999999,-0.2219,Inflammation
OID20514,SH2D1A,-0.2657,0.0107,-0.3035,,0.3955999999999999,0.1124999999999999,,0.135,-0.0413,-0.1285,Inflammation
OID20714,SHMT1,-0.0675000000000001,-0.1924999999999999,-0.9062,0.6305000000000001,0.3669999999999997,-0.5906,-1.136,0.3020999999999999,1.1399,0.4971000000000001,Inflammation
OID20690,SIGLEC1,0.3468,-0.1255,-0.1186,-0.1772,0.0104,-0.3544,-0.2342,-0.261,0.0161999999999999,-0.0982,Inflammation
OID20537,SIGLEC10,-0.1535999999999999,-0.2035,-0.1689999999999999,,0.0081999999999999,-0.4441,,9.9999999999989e-05,0.0686,0.094,Inflammation
OID20739,SIRPB1,0.3152,-0.5347,-0.0099,-0.1979999999999999,0.033,-0.294,0.0177,-0.1295,0.0082999999999999,-0.2010999999999999,Inflammation
OID20462,SIT1,0.5059,0.6383,1.2553,0.3379,-0.2578,0.2512,-0.2965,-0.8314999999999999,-0.3705,-0.0272,Inflammation
OID20761,SKAP2,-0.2669999999999999,-0.2461999999999999,-0.7387000000000001,0.9591000000000004,0.0260999999999995,-0.9092000000000002,-0.9826,0.3872,1.4274999999999998,0.6987000000000001,Inflammation
OID20496,SLAMF1,-0.4121,-1.3163,0.0245999999999999,7.7941,0.254,-1.4378,1.1279,-1.5515,-0.7316000000000003,0.3726,Inflammation
OID20602,SLAMF7,0.1913,-0.512,-0.2168999999999998,,-0.4178,0.0426999999999999,,0.4735999999999999,-0.758,0.3364,Inflammation
OID20539,SLC39A5,0.4549999999999999,-0.3167999999999999,-0.6004,,-0.0642,0.2093,,0.0682999999999999,-0.4496,-0.3447,Inflammation
OID20730,SMOC2,0.1766,-0.4309,0.1873,-0.413,-0.1261,0.1392,-0.0635999999999999,-0.1011999999999999,-0.1564999999999999,-0.2936,Inflammation
OID20676,SMPDL3A,0.5465,-0.7130000000000001,-0.3033,-0.131,0.2614,0.2201,0.0842,-0.0200999999999999,-0.4226999999999999,0.2267,Inflammation
OID20509,SPINK4,-0.1444,-0.2835,0.1063,,-0.1218,-0.3875,,-0.0503,-0.2260999999999999,0.188,Inflammation
OID20720,SPINT2,-0.0865,-0.1097999999999999,-0.023,0.1238,-0.1298,-0.3205,-0.2738,0.2165,0.212,-0.1052999999999999,Inflammation
OID20759,SPON1,0.4939999999999999,-0.3088,0.1078999999999999,0.0153,-0.1177999999999999,-0.2794999999999999,-0.1739999999999999,0.0414999999999999,0.1066,-0.1844,Inflammation
OID20475,SPRY2,-0.2355999999999998,-0.3178000000000001,-1.0361,1.2337,0.2799,-1.2231999999999998,-1.0511,-0.6421,0.8249,0.0458999999999999,Inflammation
OID20502,SRPK2,-0.1856,-0.0393999999999999,-0.0387,,0.3009999999999999,-0.7661,,0.6286,0.9148,0.6401,Inflammation
OID20531,STX8,-0.8966000000000001,-0.2809000000000001,-0.8774000000000001,,0.1370999999999997,-1.1392,,0.1678,1.5882,0.4938,Inflammation
OID20508,SULT2A1,0.2182999999999999,-0.1689999999999999,0.0060999999999999,,0.7722,0.0564,,-0.2239,-1.0356,-0.1560000000000001,Inflammation
OID20474,TANK,-0.3628,0.0999999999999998,-3.0481,0.1662000000000001,0.1673,1.5014,0.5886000000000001,0.7889999999999999,-0.0562999999999997,0.4213,Inflammation
OID20521,TBC1D5,-0.5261999999999998,-0.3731999999999997,-0.6313,,0.1551,-0.7741000000000002,,0.4120999999999997,1.2205000000000004,0.6133000000000002,Inflammation
OID20787,TFF2,0.3839999999999999,-0.2114,-0.139,-0.1633999999999998,-0.2961999999999999,0.0282,-0.2246,-0.6640000000000001,0.2484,-0.0434000000000001,Inflammation
OID20600,TGFA,-0.2249,-0.0797,0.2513,,-0.2308,-0.151,,-0.3729,-0.1745,0.3863,Inflammation
OID20621,TGFB1,0.0832,-0.2137,0.0998999999999999,0.3307,-0.0222999999999999,-0.1172999999999999,-0.3028,0.2027,0.3087,-0.0096999999999999,Inflammation
OID20684,TIMP3,-0.1977999999999999,-0.9923,-0.6924999999999999,0.7299,-0.2774000000000001,0.0732000000000001,-0.2945,0.0943,0.9355000000000002,0.2462999999999999,Inflammation
OID20612,TLR3,0.2406999999999999,-0.2869,-0.2502,-0.1506,0.1106,-0.1996,-0.1902,0.0458,-0.0528,0.1437,Inflammation
OID20473,TNF,0.6025,-0.3754,-0.7561,0.1168999999999999,-0.1470999999999998,-0.6409,-0.3652,-0.2991,-0.9855,0.2813,Inflammation
OID20433,TNFAIP8,-0.1432,0.2088999999999999,-0.2551,0.5781,-0.1754,0.9531,0.1116,-0.0617,0.7387,0.1329,Inflammation
OID20646,TNFRSF11A,0.3689,-0.0318,-0.0663,-0.0280999999999999,-0.0907000000000001,0.0553,-0.4055,0.1949,-0.0125999999999999,0.1043999999999999,Inflammation
OID20735,TNFRSF11B,0.1093,-0.3681999999999999,0.076,-0.3256,-0.1207,-0.2788,-0.1868,-0.1268,0.1795,-0.2656,Inflammation
OID20702,TNFRSF13B,0.0135,-0.3552,-0.098,-0.1113,-0.0319999999999999,-0.2206999999999999,-0.0322,-0.1276,0.0964,0.0701,Inflammation
OID20480,TNFRSF13C,1.2068,0.0728,0.0046999999999999,0.4902,-0.487,-0.4753,-0.4766999999999999,-0.0224,0.0507999999999999,-0.0914999999999999,Inflammation
OID20783,TNFRSF14,0.1279999999999999,-0.1418,-0.0685,0.2398,-0.0506,-0.0731,-0.0465,0.1074,0.2297999999999999,-0.1,Inflammation
OID20653,TNFRSF4,-0.146,-0.0955999999999999,-0.3582,0.1122,0.042,0.1043,0.0559,0.1513999999999999,-0.1008,-0.3263,Inflammation
OID20611,TNFSF10,-0.007,-0.1416,-0.1323,-0.0121,0.0114999999999999,-0.1520999999999999,-0.0993,-0.159,0.0478,0.1325,Inflammation
OID20592,TNFSF11,-0.0256,0.519,0.3026,,0.5573,-0.2689999999999999,,0.5129,-0.0709999999999999,0.5517999999999998,Inflammation
OID20624,TNFSF12,0.1572,0.0902,-0.4052,0.3974999999999999,-0.0626999999999999,0.1594999999999999,-0.4186000000000001,0.0521999999999999,0.1567,-0.0047,Inflammation
OID20733,TNFSF13,0.1377,-0.2453,0.0237,-0.0650999999999999,-0.0386,0.0133,-0.0655,-0.1349,0.1564,-0.0581999999999999,Inflammation
OID20750,TPP1,0.0954999999999999,-0.2102,0.1187,-0.0619999999999999,0.153,-0.0119,-0.2446999999999999,0.0392,-0.077,-0.1893,Inflammation
OID20642,TPSAB1,0.1008,-0.0102,-0.055,0.0813999999999999,-0.2695999999999999,-0.0503,-0.1002,0.1159,0.0281,0.0639,Inflammation
OID20476,TPT1,0.1198,-0.6377999999999999,0.9252,0.8039999999999999,-0.1698,-1.1272,0.1437,1.1839,-1.3022,-0.2067,Inflammation
OID20507,TRAF2,-0.4861000000000004,0.3188000000000004,-0.9578000000000002,,0.5496999999999996,-0.6003000000000003,,0.9173000000000002,1.3432,0.2865000000000002,Inflammation
OID20731,TREM2,0.1494999999999999,-0.3433999999999999,-0.1786,-0.0087999999999999,-0.1298,-0.2526,0.0948999999999999,0.1612,-0.0751,-0.1215999999999999,Inflammation
OID20533,TRIM21,-0.3483,-0.0950999999999999,-0.2253,,0.1148,-0.7770999999999999,,-0.318,0.0092999999999998,0.7949999999999999,Inflammation
OID20526,TRIM5,-0.6445000000000001,-0.4903999999999999,-1.5407000000000002,,0.4421999999999999,-0.1873,,-0.0534999999999999,1.1108000000000002,0.7461000000000001,Inflammation
OID20516,VASH1,0.2739,-0.0701,-0.4794,,0.0212,-0.3111,,0.8977999999999999,-0.728,0.1586,Inflammation
OID20650,VEGFA,-0.209,-0.3470999999999999,-0.3154,0.0688999999999999,-0.0733,0.2023,-0.512,0.4296999999999999,0.0335,0.0756,Inflammation
OID20662,VEGFD,0.4545,-0.0471999999999999,-0.388,0.3147999999999999,-0.0659,-0.1693,0.2638,0.1286,-0.0085,-0.2626999999999999,Inflammation
OID20479,WAS,0.407,0.2496,0.1766000000000001,1.1454000000000004,0.6329000000000002,-0.9601000000000002,1.5821,0.4917,1.3763,0.527,Inflammation
OID20785,WFIKKN2,0.2303,-0.3397,0.0842999999999999,-0.0111,-0.0093,-0.2672,0.0797,-0.0728999999999999,-0.0114,-0.2304,Inflammation
OID20460,WNT9A,0.9486,-0.172,0.7619,0.895,0.2245999999999999,-0.6596000000000001,-0.0926999999999999,0.9583,-0.1166,-0.3278,Inflammation
OID20478,YTHDF3,-0.673,-0.5876999999999999,-0.3378,1.1459,-2.1295,0.1006,-1.1485,1.2838,1.7201,-0.3185,Inflammation
OID30771,A1BG,-0.0516999999999999,-0.1027,0.1672,-0.1402,0.1419,-0.2922,0.0011,0.1707,0.1756,-0.0683,Inflammation_II
OID30675,ABO,1.1406,0.3982000000000001,0.1596999999999999,-0.607,-0.0627999999999997,-0.2885999999999999,-0.2864,-0.1912,0.0867999999999999,-0.1996,Inflammation_II
OID30696,ACE,0.2721999999999999,-0.2294,0.1234,-0.0155,-0.0937,-0.2412,0.0666999999999999,0.3308,-0.0061999999999999,0.0095,Inflammation_II
OID30585,ACHE,0.2719,0.0559999999999999,0.1222999999999999,,-0.1745,-0.5604,0.0175999999999999,0.1049999999999999,0.2076,-0.3205,Inflammation_II
OID30524,ACP1,0.1557999999999999,-0.9705,0.5947,0.1697,0.5109,0.0429999999999999,0.2647,0.1583999999999999,,0.1417,Inflammation_II
OID30513,ACRV1,0.4145999999999999,-0.1948999999999999,-0.8651,0.0334999999999999,0.7469,-0.7937,-0.2782,-0.722,,0.5411,Inflammation_II
OID30642,ACYP1,-0.3213,0.0629999999999999,-0.6567,,0.3119,-0.7016999999999999,-0.2254999999999999,0.1002,1.2117999999999998,0.3962,Inflammation_II
OID30491,ADAM12,0.7563,0.0826,-0.3009,0.3611,0.5591,-0.7886,0.7601,-0.0494,,-0.1883,Inflammation_II
OID30528,ADAMTS1,-0.6016,0.2792,-0.5608,0.2048000000000001,0.0116,-0.6369,-0.1700999999999999,-1.3192000000000002,,0.9335,Inflammation_II
OID30471,ADAMTS4,-0.3745999999999999,1.844,-0.06,-0.7570000000000001,0.5083,-1.7918,0.5674999999999999,-0.0612,,0.5841,Inflammation_II
OID30655,ADD1,-0.6041,0.29,-0.0464,,0.6705000000000001,-0.2407,-0.8214999999999999,0.2586,1.7305,0.3535,Inflammation_II
OID30588,ADGRD1,0.2239999999999999,0.0424,-0.0748999999999999,,-0.1231,-0.4556,0.2211999999999999,0.1619,0.0546999999999999,-0.0962,Inflammation_II
OID30612,ADH1B,1.7446,-0.6691,-0.6415,,0.4584,-0.3049,-0.5724,-1.3508,0.1891999999999999,0.0201999999999999,Inflammation_II
OID30748,ADIPOQ,0.8130999999999999,-0.1948999999999999,-0.0885,-0.4687999999999999,0.1047999999999999,-0.9961,0.1086,0.1986,0.41,-0.0264,Inflammation_II
OID30569,AFAP1,-0.9665,0.4864999999999997,-0.2384,,0.0137,-0.6447,0.7999,0.2489999999999999,1.306,0.5581,Inflammation_II
OID30741,AFM,-0.2369,-0.1823,-0.1009,-0.2917,0.0572999999999999,-0.1509,0.0818,-0.1573,0.2495,-0.0754,Inflammation_II
OID30709,AGT,0.0095,-0.012,-0.1735,-0.124,-0.0943,0.2438,-0.0136999999999999,-0.1104,-0.0245,0.2486,Inflammation_II
OID30706,AHSG,0.4731,-0.0212999999999999,-0.0926,-0.3223,0.3113000000000001,-0.1049999999999999,-0.0824,0.2188999999999999,0.2263,-0.3386000000000001,Inflammation_II
OID30571,AKAP12,-0.2127,-0.0721,0.3206,,0.1516999999999999,-0.3067999999999999,0.1143,-0.0964,-0.1183,-0.2601,Inflammation_II
OID30488,AKR7L,1.3256,0.3490999999999999,1.1617000000000002,0.3047999999999999,0.8529,0.2032,-0.4964999999999999,-0.4372999999999999,,-0.6163,Inflammation_II
OID30497,ALPI,0.0548999999999999,-0.7364000000000002,1.6549,0.8772,-0.1307,-0.945,-2.5235,0.0112999999999998,,-0.389,Inflammation_II
OID30572,AMOT,0.4503,0.0147,-0.6221,,-0.2861,-0.1798,1.188,-0.0602,0.7283000000000001,-0.4419999999999999,Inflammation_II
OID30707,AMY1A_AMY1B_AMY1C,0.2028,0.0389,-0.1772,-0.0567,-0.2051,-0.0706,-0.4173,-0.0804,0.1488999999999999,-0.0558,Inflammation_II
OID30518,ANKMY2,0.0843,-0.123,-0.4439,1.2975,0.2193999999999998,-0.8632000000000002,0.0957,-0.266,,0.8297999999999999,Inflammation_II
OID30617,ANXA1,0.0842999999999998,-0.0165999999999999,0.2636999999999996,,-0.0236,-0.3801000000000001,-0.3375999999999997,0.8153000000000001,0.5972000000000002,0.1361000000000003,Inflammation_II
OID30778,APCS,-0.1879,-0.2703,0.3412,-0.2335999999999999,-0.0687,-0.3689000000000001,-0.2481,0.063,0.2244,-0.0297999999999999,Inflammation_II
OID30769,APOA1,0.3238,-0.4407,-0.213,-0.2871,-0.0126999999999999,-0.3021999999999999,0.1333999999999999,-0.1156,0.1453999999999999,0.0934,Inflammation_II
OID30686,APOA2,0.5633000000000004,-5.0808,0.3233000000000001,1.8805,-0.9786999999999996,-0.5468999999999999,-0.6925999999999999,2.2868000000000004,1.8109,-0.5761000000000003,Inflammation_II
OID30733,APOA4,0.4032,-0.0675,0.5136999999999999,-0.4083,-0.1065,-0.4007,-0.3802000000000001,0.3087,0.2858,0.0294,Inflammation_II
OID30673,APOB,0.0288,-0.0387,0.1431,0.8658,0.2929,0.0769,-0.6597,0.4972999999999999,-0.254,0.5645,Inflammation_II
OID30749,APOC1,0.5487,-0.1767,0.0723,-0.5777,0.0885,-0.4569,-0.1063999999999999,-0.009,0.2395999999999999,0.0824,Inflammation_II
OID30746,APOD,0.2902,-0.1147,0.0386,-0.2423999999999999,-0.2594,-0.3235,-0.0891999999999999,0.3657,0.2141,0.3201,Inflammation_II
OID30727,APOE,-0.3293,0.1687,-0.3481999999999999,-0.0039,0.285,0.1505,0.2859,0.3974,0.5341,0.4973999999999999,Inflammation_II
OID30701,APOF,0.0759999999999999,-0.0073,-0.1855,0.1199,-0.1081,0.0551,-0.0159,0.1049999999999999,0.2462,0.1406,Inflammation_II
OID30708,APOL1,-0.0083999999999999,0.0524,-0.3418999999999998,-0.0977000000000001,0.0347000000000004,-0.1678999999999999,-0.1289,0.0232999999999998,0.0834999999999999,0.2886000000000002,Inflammation_II
OID30590,APPL2,-0.1852,0.1178999999999996,-0.6977000000000002,,-0.1638999999999999,-0.8914999999999997,-0.9863,0.3305000000000002,1.2092,0.4983000000000004,Inflammation_II
OID30653,ARHGAP45,-0.5,0.3854999999999999,-0.4650000000000003,,0.1493000000000002,-0.6940000000000004,-0.7429999999999999,0.6826000000000001,1.4286,0.6882000000000001,Inflammation_II
OID30679,ASGR2,0.3721,-0.2607,-0.0116,-0.2984,-0.7816000000000001,-0.0328999999999999,0.1379,0.1604,-0.015,0.1795,Inflammation_II
OID30735,ATRN,0.0223,0.0526,0.1584,0.0538999999999999,0.0443,-0.2145,-0.2077,0.017,0.0188,0.046,Inflammation_II
OID30725,B2M,0.2641,-0.1536,-0.0343,0.0968,-0.1101,-0.0174999999999999,-0.6614,0.355,0.2789999999999999,-0.0513999999999999,Inflammation_II
OID30466,BABAM1,0.8536000000000001,-0.2012,-0.0191,-0.4944,0.3473,0.0712,-0.3092,-0.5614000000000001,,-0.6040000000000001,Inflammation_II
OID30474,BAG4,0.1404999999999999,0.4563,1.0058,0.4135,0.1445,-0.0709999999999999,-0.2135,0.854,,0.5183,Inflammation_II
OID30717,BCHE,0.0905999999999999,-0.2457999999999999,-0.4547,-0.0301,-0.0357999999999999,0.0562,-0.0196999999999999,0.0088,-0.0177,0.1344,Inflammation_II
OID30498,BCL2L15,-0.3227000000000002,-1.3799,0.968,-1.0933999999999997,-0.2471,-0.0253999999999998,-0.6049000000000002,0.1519000000000001,,-0.4939999999999998,Inflammation_II
OID30541,BLNK,0.5144,0.1889,-1.0139,0.0562999999999999,0.7152999999999999,-1.1039,2.7004,-0.1005999999999999,,-0.0471999999999999,Inflammation_II
OID30575,BMP10,0.3575,0.1991,-0.1395,,-0.1908999999999999,-0.6007,-0.1924,0.0001999999999999,-0.0161,-0.1795999999999999,Inflammation_II
OID30615,BMPER,0.1929,0.0452,0.0224,,-0.1188999999999999,-0.3528,0.0474,-0.0721,0.0766,-0.1028,Inflammation_II
OID30525,BNIP3L,-0.3681999999999999,0.2775999999999999,-0.5152,1.1413,0.5456000000000001,-1.4761000000000002,-0.8873999999999999,0.8482999999999999,,-0.4067,Inflammation_II
OID30754,BTD,0.0224,0.0241,-0.1810999999999999,-0.1674,0.1312,-0.2855,-0.3578,0.2723,0.2374,0.056,Inflammation_II
OID30515,C1QL2,-0.31,0.0919,-0.5471999999999999,0.5271,0.4453,-0.1916999999999999,0.2934,-0.5949,,0.73,Inflammation_II
OID30618,C1QTNF5,0.0481,-0.1227999999999999,-0.0660999999999999,,-0.2551,-0.4903999999999999,-0.0059999999999999,-0.1413,0.129,-0.153,Inflammation_II
OID30620,C1QTNF9,0.2156,-0.1230999999999999,0.0106,,-0.174,-0.7238000000000002,-0.0706999999999999,-0.3297000000000001,0.1126999999999998,-0.4171,Inflammation_II
OID30753,C1R,-0.1315,-0.1372,0.251,-0.1175999999999999,0.0010999999999999,-0.2693,-0.3216999999999999,-0.0343,0.0764999999999999,0.1457999999999999,Inflammation_II
OID30721,C1RL,0.3837,-0.0164,0.1866999999999999,-0.0228,0.0783,-0.3485,-0.0226,0.1338,-0.0205,-0.1835999999999999,Inflammation_II
OID30731,C1S,0.0733,0.1664999999999999,0.3258,-0.4085,0.3694999999999999,-0.3262,-0.3252,0.0803,0.4009,-0.2924,Inflammation_II
OID30776,C3,-0.3489,-0.5722999999999998,-0.6412,-0.6072000000000002,-0.0261,-0.5190000000000001,-0.0411999999999999,0.4344999999999999,0.5257999999999998,0.0786999999999999,Inflammation_II
OID30744,C5,0.0338,-0.1176,0.0189,-0.0321,0.0976,0.1038999999999999,-0.0696,0.3012,0.1408,-0.1945,Inflammation_II
OID30766,C7,-0.0049,-0.0113999999999999,-0.0975999999999999,0.0292,0.1453,-0.3187,-0.2365,0.0618,0.0500999999999999,0.0227999999999999,Inflammation_II
OID30719,C8B,-0.6118999999999999,0.0052999999999999,0.0844,1.117,-0.3109999999999999,-0.9546,0.2171999999999999,0.5648000000000001,0.6394,0.2589,Inflammation_II
OID30698,C9,-0.2880999999999999,-0.7970999999999999,1.0449,-0.3558,0.1302999999999998,-0.0001000000000002,-0.7425999999999999,0.3409,-0.9129,0.4715,Inflammation_II
OID30482,CA8,0.1314999999999999,-0.2052999999999999,0.0991,0.0173999999999999,0.359,-0.9465,0.5098,-0.1666,,-0.379,Inflammation_II
OID30649,CACYBP,-0.0634000000000001,0.3276000000000003,-0.7031,,0.3753000000000002,-0.8580000000000001,-0.8797999999999999,0.6732,1.5642,0.4709000000000001,Inflammation_II
OID30530,CASP9,-0.1169,0.3453999999999999,-0.9009,0.153,1.8504,-2.7765,0.1892,-0.4023000000000001,,-1.8581,Inflammation_II
OID30712,CAT,-0.0691,0.0085,0.1365,0.4666999999999999,0.7439,0.0436,-0.1684999999999999,-0.2545,0.2675999999999999,-0.1262,Inflammation_II
OID30456,CCNE1,0.1280999999999998,-0.746,-0.0106999999999999,0.2005999999999999,0.1352,0.0837,-0.217,0.3902,,-0.63,Inflammation_II
OID30556,CD226,0.7682,-0.0118,-0.7276,-0.5236,-0.0121,-0.4266999999999999,-0.9571,1.586,,0.9296,Inflammation_II
OID30576,CD300A,0.2804999999999999,0.0707,0.0356,,-0.0133999999999999,-0.3399999999999999,0.1363,0.0196999999999999,-0.0156,-0.3218,Inflammation_II
OID30485,CD36,0.0471999999999999,-0.4863999999999999,0.0524999999999999,0.7191000000000001,-0.1218,-0.474,-0.3831,0.1216999999999999,,0.1373,Inflammation_II
OID30448,CD3G,0.4684,-1.3396,-0.1972,-0.3226,-0.3581999999999999,-0.2420000000000001,-0.875,-0.0912,,0.0303999999999999,Inflammation_II
OID30775,CD5L,-0.0425999999999999,-0.1079,-0.1704999999999999,-0.0976999999999999,-0.091,-0.2425,-0.0958999999999999,0.1682,0.1366,-0.0798,Inflammation_II
OID30543,CD7,-0.2535,-0.2968,0.2517999999999999,0.6696000000000001,-0.0977,-0.8348,0.0539,0.1798,,-0.0821,Inflammation_II
OID30641,CD72,0.3571000000000001,-0.2077,0.2451,,0.1639,0.0344999999999999,0.0241,0.1108,-0.0321,-0.0827,Inflammation_II
OID30458,CEBPA,1.0025,0.0836,-0.1381,-0.4384,0.0767999999999999,-0.8251999999999999,0.1558,0.5534999999999999,,0.1701,Inflammation_II
OID30593,CELSR2,0.4651999999999999,0.2113,0.2823,,0.0706,-0.1281000000000001,0.0606000000000001,0.2841,0.0396999999999999,-0.1320999999999998,Inflammation_II
OID30499,CEMIP2,-0.1614,-0.0703,0.2733,0.0808999999999999,-0.4963999999999999,0.4221,-0.0804,-0.3283,,0.0484999999999999,Inflammation_II
OID30755,CFB,-0.3848999999999999,-0.1380999999999999,0.039,0.0562,-0.2126,-0.6228,-0.3739,0.2245,0.3902000000000001,-0.0581,Inflammation_II
OID30738,CFD,0.2168,-0.0046999999999999,-0.287,-0.0329,0.1919,-0.3430999999999999,-0.0923,0.3019,-0.0332999999999999,0.0336999999999999,Inflammation_II
OID30790,CFH,-0.0254999999999999,-0.1209,-0.0870999999999999,-0.0499999999999999,-0.0332999999999999,-0.2966999999999999,-0.1889,0.0878999999999999,0.2719,-0.0248,Inflammation_II
OID30720,CFHR2,0.6474,-0.0502000000000001,0.1446999999999999,-0.2321,0.4042,0.048,-0.1614,-0.0024999999999999,0.5955,-0.2681,Inflammation_II
OID30758,CFHR4,-0.1284,-0.0137999999999999,0.2054,-0.1869,0.2024,-0.2375,-0.0665,-0.0272999999999999,0.0596,0.1204,Inflammation_II
OID30716,CFHR5,0.0207999999999999,-0.0405,0.2465,-0.2742,0.0179,-0.0874999999999999,-0.3431,0.0948,-0.0088999999999999,-0.1163999999999999,Inflammation_II
OID30772,CFI,-0.0257999999999999,-0.3711,0.0908,-0.171,0.1373,-0.2300999999999999,0.0954999999999999,-0.0238999999999999,0.223,0.0217999999999999,Inflammation_II
OID30784,CFP,0.1029,-0.1326,0.0166999999999999,-0.1995999999999999,0.1091,-0.1661,-0.1539,0.1188999999999999,0.1915,-0.0543999999999999,Inflammation_II
OID30671,CGB3_CGB5_CGB8,0.6159,-0.4831,-0.3682000000000001,-0.9745,-0.6949,0.1348,0.0668999999999999,-0.6351,1.7075,1.1712,Inflammation_II
OID30660,CHAD,0.4281,0.214,0.1773,,-0.0860999999999999,-0.2883,0.1254,-0.0010999999999999,0.1377,-0.1617999999999999,Inflammation_II
OID30552,CLEC12A,0.2549,-0.3684,0.0574,-0.1795,0.4088,0.0070999999999999,-0.0544999999999999,-0.5108,,-0.1191999999999999,Inflammation_II
OID30756,CLEC3B,0.1805999999999999,-0.1091999999999999,-0.0597999999999999,-0.1761,0.1403,-0.3868,-0.0079999999999999,0.2411,0.3926,0.0123999999999999,Inflammation_II
OID30732,CLU,0.1038999999999999,-0.0315,0.0448999999999999,-0.3957,-0.1291,-0.4299,-0.0593,0.4173,0.2357999999999999,-0.0843,Inflammation_II
OID30587,COL5A1,0.2568,0.2558,0.3584,,-0.2102,-0.3572,0.141,0.331,0.0624,0.0183999999999999,Inflammation_II
OID30606,CPA4,0.5126999999999999,0.3428,0.0341,,-0.1088,-0.1372,0.1406,0.1983999999999999,0.0527,-0.2641,Inflammation_II
OID30734,CPB2,-0.3848,-0.141,-0.0067999999999999,-0.1207,-0.217,-0.2603999999999999,-0.2350999999999999,0.1111,0.4465,0.0396,Inflammation_II
OID30495,CPOX,0.7433,0.1695,-0.0578999999999999,-0.2293,0.1067,-0.2894,-0.2764999999999999,0.0988999999999999,,0.1078,Inflammation_II
OID30697,CR1,0.2145,0.0138,-0.3743,-0.2004,0.018,0.0215,-0.2964,-0.1017,-0.0463,-0.0606,Inflammation_II
OID30619,CRELD1,0.5322,0.0272,0.0691,,0.0127999999999999,-0.2544,0.6572,-0.0390999999999999,0.1462999999999999,-0.2212,Inflammation_II
OID30715,CRISP3,0.2444,-0.0607,-0.3643999999999999,0.0067,0.0528,0.0746,0.1029999999999999,0.1034,0.1392,0.0972,Inflammation_II
OID30681,CSF1R,0.2221,0.0910999999999999,-0.1063999999999999,0.7167,-0.2314,-0.0239999999999999,0.0158,0.3722,0.0988,-0.1155999999999999,Inflammation_II
OID30553,CSF2RB,0.8033,-0.6806,-0.2087,-0.0019,0.7468,0.0991,-0.1832,-0.1044999999999999,,0.4711000000000001,Inflammation_II
OID30527,CSF3R,0.1477,-0.3421,-0.5958,-0.4140999999999999,-0.5185,-0.2816,0.0078999999999999,-0.0627,,0.0396999999999999,Inflammation_II
OID30667,CSH1,-0.2559,-0.0542,0.5026,-0.447,0.0774,-0.3072,0.0221,0.3177,-0.0349,0.174,Inflammation_II
OID30492,CSNK1D,-0.4826999999999999,0.4498,0.1441,0.6969,0.3994,-0.4253,-0.4726,-0.4362,,-0.3903999999999999,Inflammation_II
OID30581,CST1,0.7133,0.2946999999999999,-0.0444,,-0.1855,-0.347,-0.8183999999999999,-0.4312,0.0691,-0.4268999999999999,Inflammation_II
OID30710,CTBS,-0.0435,-0.1427,-0.0857,-0.2084,-0.0302,-0.2285,0.0535999999999999,-0.0171999999999999,0.0186999999999999,-0.0020999999999999,Inflammation_II
OID30628,CTSE,0.1777,-0.1673,0.6339,,0.0326999999999999,-0.5501,-0.8281,-0.1925,-0.0268999999999999,-0.1042,Inflammation_II
OID30664,DAAM1,-0.1312999999999999,0.1993,-0.3350999999999999,,-0.0823,-0.9594,-0.6242000000000001,0.3868,1.0636,0.6206,Inflammation_II
OID30420,DAND5,-1.5244,-0.1620999999999997,-1.8591,0.5418,-5.5543,-0.3578000000000001,-6.276299999999999,-5.9612,,-5.7696,Inflammation_II
OID30505,DAPK2,0.1547,1.2270000000000003,-0.8885999999999998,1.3505999999999998,0.3618000000000001,-0.0663999999999997,0.0236999999999998,1.1197,,-0.2414999999999998,Inflammation_II
OID30703,DBH,0.1030999999999999,-0.1046,-0.1517,-0.1234,-0.057,-0.0370999999999999,-0.1967000000000003,0.0291999999999998,0.1182999999999999,-0.0202999999999999,Inflammation_II
OID30549,DBN1,-0.1355000000000001,0.3995999999999999,-0.3975999999999999,0.813,-0.1597999999999999,-0.4708,-0.7686999999999999,0.2277,,0.9409,Inflammation_II
OID30657,DCTD,-0.1903999999999999,0.3945999999999996,-0.8102999999999998,,0.1301999999999998,-0.9449,-0.8714999999999999,0.7441000000000002,1.326,0.5871999999999997,Inflammation_II
OID30602,DDI2,0.2440999999999999,0.0998,-0.8291,,1.0694,-0.4999,-0.4711000000000001,-0.1729999999999999,0.4249,-0.1199000000000001,Inflammation_II
OID30494,DDX39A,0.3575,-0.9531,0.358,0.2652,0.8048,0.8698,-0.1898,-0.3382,,0.1985,Inflammation_II
OID30431,DDX4,0.6097,0.2482999999999998,0.1094,1.0232,0.6112,-0.2357999999999999,0.6888,-0.2421999999999999,,-0.3274999999999999,Inflammation_II
OID30534,DEFB103A_DEFB103B,-0.4132,-1.2266,0.9064,0.2243999999999999,-0.3298999999999999,3.1507,-0.2362,0.2174000000000001,,0.2357,Inflammation_II
OID30493,DENR,-0.5618,0.6762999999999999,0.0408,0.9122,1.1291,-0.1554,0.1832,-0.9659,,-0.1393,Inflammation_II
OID30546,DGKA,-0.4438000000000002,0.1517999999999999,-0.7865000000000002,0.6571000000000002,0.0398999999999998,-0.3229999999999999,-0.8867,0.3358999999999998,,0.7584,Inflammation_II
OID30582,DIPK2B,0.0090999999999999,0.126,0.0154,,0.2941,-0.0865,0.3753999999999999,-0.2117,0.1949999999999999,-0.1218,Inflammation_II
OID30661,DNAJB2,-0.1343,0.2694999999999998,-0.4112,,0.4368000000000003,-0.8767,-0.3156,-0.1888999999999999,1.4088,0.2271,Inflammation_II
OID30613,DNAJB6,-0.4264999999999999,0.1410999999999997,-0.6366,,0.0527000000000001,-0.9812999999999998,-0.2814,0.4629000000000001,1.392,0.4420999999999999,Inflammation_II
OID30580,DTD1,-0.6841999999999997,0.5828000000000002,-0.9257,,0.1171999999999999,-0.8803999999999998,-1.2271,0.7893000000000001,1.4469999999999996,0.8736000000000002,Inflammation_II
OID30736,ECM1,0.5171,-0.1683,-0.0093999999999999,0.1384,0.5514,-0.51,-0.2135999999999999,0.0975,0.3488,-0.199,Inflammation_II
OID30421,EDNRB,0.3587,0.2160999999999999,0.5912999999999999,-0.1010999999999999,-0.2643,-0.1008999999999999,0.8069999999999999,-0.4251,,0.001,Inflammation_II
OID30557,EIF4E,-0.3625,0.3346,-1.3063,1.6484,0.014,-0.0086,0.2360999999999999,0.4919,,0.275,Inflammation_II
OID30438,EP300,-0.2042999999999999,-1.5829,-0.2958,0.0058999999999999,0.1944999999999999,-0.4065999999999999,0.124,-0.8989,,1.5483,Inflammation_II
OID30622,EPHA4,-0.4327,0.0075,0.0267,,-0.1682,-0.4450999999999999,0.0897999999999999,-0.1342,0.0321,-0.3697999999999999,Inflammation_II
OID30539,ERMAP,0.4763,-0.1471,0.0312,0.6206,-0.2563,-0.4272,0.4424999999999999,-0.2491999999999999,,0.1184999999999998,Inflammation_II
OID30578,ERP29,-0.1301999999999998,0.1040999999999998,-0.2193999999999998,,-0.0878000000000001,-1.2401999999999995,-0.4962,0.4962,1.259,0.351,Inflammation_II
OID30434,ESR1,0.3995,0.1351,0.8148,-0.3645,0.1542,-0.8117000000000001,-1.3073,-0.0214999999999999,,-0.2778,Inflammation_II
OID30519,EVI5,-0.3313999999999999,0.0796999999999998,-0.6900000000000001,0.8409,0.3833000000000002,-0.5084,-1.3712,0.3097999999999998,,0.5900000000000001,Inflammation_II
OID30684,F10,0.2141999999999999,-0.0745,-0.1866999999999999,0.1831,0.3048999999999999,0.1280999999999999,-0.1387999999999999,0.1674,0.2408,0.2550999999999999,Inflammation_II
OID30773,F11,0.0972,0.0233,0.1067,0.0565,0.0076999999999999,-0.1212,-0.0947,0.2359,0.0694,0.1083,Inflammation_II
OID30739,F12,0.3269999999999999,-0.5321999999999999,-0.288,0.0731999999999999,-0.1005999999999999,-0.0186,-0.4006,-0.0041999999999999,0.2393,-0.0077,Inflammation_II
OID30781,F13B,0.2436,-0.2499,-0.1482,-0.3064,0.0092,-0.3665,-0.2478,0.2233,0.2974,0.1002,Inflammation_II
OID30723,F2,-0.0378,-0.0983,0.0024,0.3234,-0.0106999999999999,-0.1159999999999999,-0.3564,0.445,0.1081999999999999,0.1075999999999999,Inflammation_II
OID30690,FCN1,-0.4748999999999999,-0.4207999999999998,-0.0362,-0.4374,0.3757999999999999,-0.8182999999999998,0.6418000000000001,0.3207,0.0864000000000002,-0.1594999999999999,Inflammation_II
OID30788,FGA,-0.0636,-0.1371,0.3729,-0.5259,0.0214,-0.3044,-0.0384999999999999,0.1225999999999999,0.3262,0.0369,Inflammation_II
OID30454,FGF12,0.3143,-0.2448999999999999,1.1438,-0.0047,0.1159999999999999,0.4184,-0.9966,-0.6604,,0.2465999999999999,Inflammation_II
OID30535,FGF16,0.2638,-1.2438000000000002,0.1214999999999999,1.1519999999999997,0.5579999999999998,-1.2533,0.1614999999999999,-2.3893000000000004,,-1.0541,Inflammation_II
OID30459,FGF20,-0.2987999999999999,0.1994,-0.3101,0.4874,-0.5608,-0.7508,0.1222,0.0805,,0.0282999999999999,Inflammation_II
OID30544,FGF3,-0.1331999999999999,-0.7779999999999999,0.8331,1.0004,0.6261,0.2605,-0.8855999999999999,-1.1496,,0.432,Inflammation_II
OID30443,FGF6,0.0080999999999999,0.2477,0.9109,-0.298,0.0167,0.5150999999999999,-0.3072999999999999,-0.2811999999999999,,-0.5371,Inflammation_II
OID30646,FGFR4,0.1785000000000001,-0.1735999999999999,-0.2631,,-0.4007,-0.4607,0.6376999999999999,-0.0682,0.3197,-0.1699,Inflammation_II
OID30702,FGL1,-0.5047999999999999,-0.1787,1.1840000000000002,-0.5857,-0.0912,-0.5203,0.503,-0.3821999999999999,0.119,0.1997,Inflammation_II
OID30787,FN1,0.0474999999999999,-0.1614,0.4484,-0.1443999999999999,0.1291999999999999,-0.2751,-0.2647,0.2064,0.1416,0.1045,Inflammation_II
OID30430,FOLH1,-0.2279,-0.5590999999999999,0.5244,0.2165,0.1071,-0.1096,-0.0843,-0.3978,,-0.8638000000000001,Inflammation_II
OID30445,FOXJ3,-0.245,0.5477000000000001,0.1786,-0.5303,0.532,0.1939999999999999,0.2087,0.606,,-0.6966000000000001,Inflammation_II
OID30626,FUOM,0.5286,-0.2904,-0.6349,,0.3984,-0.4809,0.0797,-0.0805,0.1253000000000002,-0.1745,Inflammation_II
OID30449,GAD2,0.8334999999999999,-0.2205,-0.0593,0.2862,-0.6884999999999999,-0.2063999999999999,-0.3785,-0.0086,,-0.2586,Inflammation_II
OID30600,GAPDH,-0.0665999999999999,0.1293999999999999,-0.4874,,-0.0306999999999999,-0.2899,-0.5078,-0.1745000000000001,0.2770000000000001,0.1513999999999999,Inflammation_II
OID30780,GC,-0.0032,0.0063,0.0949000000000001,-0.0091999999999999,0.1314,-0.3156,-0.2465999999999999,0.2133,0.2228,0.0141999999999999,Inflammation_II
OID30631,GCHFR,0.8293999999999999,-0.2398999999999999,0.0530999999999999,,0.5379,-0.6384,-0.1117000000000001,-0.3807,0.0580999999999999,-0.3470999999999999,Inflammation_II
OID30574,GHR,0.1650999999999999,-0.1893,-0.1425,,-0.091,-0.0578,0.4230999999999999,-0.0402,0.0195,-0.1826,Inflammation_II
OID30639,GIMAP7,-0.0582,0.2638,-0.2087,,-0.4389,-0.2933,-0.0700999999999999,-0.0662,-0.1479,-0.0525999999999999,Inflammation_II
OID30542,GIPR,1.0365,-0.0476,0.3321,-0.3969,0.128,1.1701,1.5009,-0.0181999999999999,,-0.2822,Inflammation_II
OID30533,GIT1,-0.3233000000000001,0.2723,-0.4453,0.6697000000000002,0.6762999999999999,-0.7181000000000002,-1.7869,0.6019999999999999,,1.0362999999999998,Inflammation_II
OID30594,GLA,-0.2239999999999999,-0.0408,-0.0428999999999999,,-0.2786999999999999,-0.8199,0.1929,0.165,0.2392,0.078,Inflammation_II
OID30429,GLI2,0.8825999999999999,-0.4608,0.9192,0.364,-0.0248999999999999,0.3613,-0.3214,-0.0054,,0.424,Inflammation_II
OID30663,GLRX5,-0.6657,0.3253,-0.7693000000000001,,0.3061999999999999,-1.7098,-0.1622,0.4644999999999999,1.7285,0.2773,Inflammation_II
OID30623,GMPR2,-0.1656999999999997,0.2379,-1.0175,,-0.0537,-0.4987999999999999,-0.5509000000000001,0.3931000000000001,1.0191,0.5082,Inflammation_II
OID30597,GNPDA2,0.2163,0.0648,-0.0577,,-0.2387,-0.14,0.0514999999999999,0.2064,0.3846,-0.1289999999999999,Inflammation_II
OID30611,GP5,-0.1145,0.0821,-0.5463,,-0.0552,-0.48,-1.2954,0.1000999999999999,0.754,0.1601,Inflammation_II
OID30680,GPI,-0.0325,0.1351,0.4398,0.407,0.8881,-0.3689,-0.6161,-1.9586,0.513,0.4295,Inflammation_II
OID30714,GSN,0.3857,0.0246,-0.3019,-0.0761,-0.1537,0.0503,-0.1422999999999999,0.2517,0.0727999999999999,0.0607,Inflammation_II
OID30700,GSR,0.0158,-0.0306999999999999,-0.2138,0.1200999999999999,-0.0255,-0.0603999999999999,-0.1521,0.3861,0.0148999999999999,0.1468999999999999,Inflammation_II
OID30436,HDAC8,0.4745,-0.7605000000000001,-0.0722,0.4669999999999999,0.2687,-0.7846,-0.5905,0.4122,,0.9705,Inflammation_II
OID30579,HEG1,0.0712,0.1126,0.1052,,0.0731,-0.3667999999999999,0.1968,-0.3683,0.0934,-0.1479,Inflammation_II
OID30718,HGFAC,0.1899,-0.114,-0.4024,0.0477999999999999,0.0087,-0.1081,0.1144999999999999,0.0203999999999999,0.2551,-0.0203999999999999,Inflammation_II
OID30425,HIF1A,-0.7975,0.0770999999999999,-0.201,0.3371999999999999,-0.2112,-0.3490999999999999,-0.7055,-0.1353999999999999,,-0.2513999999999999,Inflammation_II
OID30592,HMCN2,0.3799999999999999,0.0104999999999999,-0.3399000000000003,,-0.1943000000000001,-0.6399999999999999,-0.0619,-0.4083999999999999,0.3337000000000001,-0.4929000000000001,Inflammation_II
OID30770,HRG,0.1461,0.0516,0.1042999999999999,-0.0729,0.0771,-0.242,-0.2346,0.159,0.3654,0.073,Inflammation_II
OID30481,HS6ST2,0.125,-0.1919999999999999,0.2186,-0.2206999999999999,-0.0341,-0.5223,0.0317,-0.067,,0.0665,Inflammation_II
OID30563,IDO1,0.4159,0.408,-0.0712999999999999,0.1931999999999998,-0.0625,-1.1012,0.4911000000000001,-1.4422,,-0.1466,Inflammation_II
OID30500,IGFL4,-0.1562,-0.4847,-0.9524,-0.1311999999999999,0.7366,-0.629,-0.521,-0.558,,-0.2826,Inflammation_II
OID30740,IGLC2,-0.1463,-0.0658999999999999,0.1095,0.0193,0.0188,-0.1475999999999999,-0.1093,0.1485,0.171,0.1368,Inflammation_II
OID30422,IL12RB2,0.0524999999999999,-0.3271,0.3335999999999999,0.5652,0.8522,0.2343,-0.3304999999999999,-0.1020999999999999,,-0.5258,Inflammation_II
OID30461,IL20RB,0.5073,-0.3596,-0.0343999999999999,-0.055,0.8438000000000001,0.3951,0.1617,0.0201999999999999,,-0.0681999999999999,Inflammation_II
OID30441,IL21R,-0.5527000000000001,0.7183000000000002,-0.0078999999999999,-0.6069,0.3977,0.0252,-0.609,0.0701,,-0.3722,Inflammation_II
OID30487,IL31,0.3324,0.0846,-0.2495,0.5918,-0.2575,-0.3332,0.6903,-0.3389,,-0.0098,Inflammation_II
OID30475,IL31RA,0.4072,-0.0653,-0.6952,-0.0247999999999999,0.767,0.3487,-0.1879999999999999,-0.2572,,-0.2725000000000001,Inflammation_II
OID30472,IL36A,0.5833,-0.6812,-0.1621,-1.4823,-0.4982,0.9096,-0.7548999999999999,0.0006,,-0.992,Inflammation_II
OID30551,IL36G,0.2930999999999999,0.812,-0.4606,-0.2294000000000002,1.0171,-0.2631999999999999,-0.7787999999999999,-0.4693000000000003,,-0.9661999999999996,Inflammation_II
OID30625,INHBB,-0.1483,0.6322,0.585,,-0.5933999999999999,-0.5643,-0.2578999999999999,0.0964,-0.1392,-0.4578,Inflammation_II
OID30566,INSR,0.0359,0.1359999999999999,-0.0742,0.1173,0.3112,-0.305,0.1417999999999999,-0.407,,0.012,Inflammation_II
OID30570,ITGA2,0.3408,-0.2972999999999999,-0.0383,,0.2352,-0.5239000000000001,0.0641,-0.2614999999999999,0.0134,-0.105,Inflammation_II
OID30537,ITGAL,5.1344,1.6904,5.228399999999999,1.9182,0.0896000000000007,-5.7841,-4.590400000000001,-0.0543000000000013,,4.114599999999999,Inflammation_II
OID30722,ITIH1,0.2091,-0.0192,0.3517,-0.0765,0.2246999999999999,0.2182,-0.1287,0.2429,0.2450999999999999,0.0033,Inflammation_II
OID30762,ITIH4,-0.1651999999999999,0.0413,0.1995,-0.1178,0.0494999999999999,-0.0586999999999999,-0.1221999999999999,-0.0195,0.161,0.0216999999999999,Inflammation_II
OID30586,JAM3,-0.2203,0.4741000000000001,-0.2967,,0.1248,-0.2484,-0.2495,0.3263,0.3104,0.4503999999999999,Inflammation_II
OID30426,KDM3A,-0.3956999999999999,-0.1437,-0.0075,0.052,0.2665,-0.6324,-0.1669,-0.0742,,0.2884,Inflammation_II
OID30652,KLK7,0.5056,0.2964,0.1165999999999999,,-0.0002999999999999,-0.2148999999999999,-0.1885,0.3359999999999999,0.0596,0.0509,Inflammation_II
OID30760,KLKB1,-0.0302,-0.1422,-0.1333,-0.2218,0.0476,-0.2062,-0.0657,0.1471,0.3571,0.1994,Inflammation_II
OID30464,KLRF1,0.4217999999999999,-0.1821,-0.0322999999999999,0.0020999999999999,0.3015,-0.4347999999999999,0.0355,0.0163,,-0.4726999999999999,Inflammation_II
OID30523,LATS1,0.8513,-0.2853,-0.1776,0.9885,0.7147000000000001,-1.5632,0.1649,-0.3617,,-0.0070999999999999,Inflammation_II
OID30677,LCAT,0.1825,-0.0871,-0.2272,-0.4939,0.0110999999999999,-0.0667999999999999,-0.2911,-0.1157,0.2266999999999999,0.0379999999999999,Inflammation_II
OID30608,LEG1,0.2895999999999999,0.2450999999999999,0.5236999999999999,,-0.0443,0.0104999999999999,0.4783999999999999,-0.0445,0.0662999999999999,-0.0844999999999999,Inflammation_II
OID30765,LGALS3BP,0.0667999999999999,-0.1100999999999999,-0.3602,-0.2406,0.277,-0.5111,-0.2887999999999999,0.3161,0.0406,0.3975,Inflammation_II
OID30547,LMOD1,1.516,-0.1435,0.3514,1.2146,0.0529999999999999,0.9751999999999998,-0.2733,-0.0306,,0.8841,Inflammation_II
OID30747,LPA,0.4203000000000001,-0.0248000000000001,-1.1001,-0.8885000000000001,0.1532,-0.2575,-0.9740000000000002,0.3030999999999999,0.5234999999999999,0.4268999999999999,Inflammation_II
OID30751,LRG1,-0.3364,-0.1185,0.4447,-0.2008,0.1321999999999999,-0.2585,0.0015,0.3881,0.3780999999999999,0.0441,Inflammation_II
OID30450,LRIG3,-0.3875,0.5097,0.3356,-0.0434999999999999,0.7998000000000001,-0.4207,0.2009,0.0755,,0.3716,Inflammation_II
OID30728,LYVE1,0.0806,0.0886,-0.1032,-0.33,0.1353,-0.0833999999999999,-0.2788,0.1253,0.0902,0.0576,Inflammation_II
OID30637,LZTFL1,-0.1315,0.4445,-0.2778,,0.214,-0.8209,1.2002,0.1869,0.5566,0.0776,Inflammation_II
OID30658,MARS1,-0.0727000000000002,0.1054999999999997,-0.2864,,0.0417,-0.5821999999999998,-0.6141,0.5913999999999999,1.0295999999999998,0.4763000000000001,Inflammation_II
OID30759,MBL2,0.0156,-0.3923,-0.3356,-0.1977,-0.1618,-0.1067999999999999,-0.3547999999999999,0.0903,0.3702000000000001,-0.0085999999999999,Inflammation_II
OID30501,MCEMP1,0.0546999999999999,-1.0638,-0.6707000000000001,-0.028,-0.1633,-2.0523,-0.7855999999999999,0.5909,,0.7710000000000001,Inflammation_II
OID30669,MDH1,0.1433999999999999,-0.2241,-0.1696,0.4448,0.2611,0.146,0.0226,-1.1841000000000002,0.6601,0.0994999999999999,Inflammation_II
OID30595,MENT,0.1974,-0.0508,-0.0952,,-0.2168999999999999,-0.2358,0.1265,0.0433999999999999,0.1608,-0.1629999999999999,Inflammation_II
OID30598,MFAP4,0.5314,0.2697,0.4462,,-0.3651,-0.1092,0.1846,0.2111,0.0318,-0.1804,Inflammation_II
OID30455,MKI67,0.4226,-0.2726,-0.3666,0.2905000000000001,0.6151,-0.9495,-1.1267,0.3353000000000001,,-0.1979999999999999,Inflammation_II
OID30638,MOCS2,0.0573000000000001,0.2784,-0.2525,,0.2179999999999999,-0.4114000000000001,-0.6608,-0.2726,0.879,0.3469,Inflammation_II
OID30694,MRC1,0.1359,0.1216999999999999,-0.0242,-0.1465,-0.0769,-0.1363,-0.0784,-0.1695999999999999,0.0672,-0.2276,Inflammation_II
OID30489,MRPS16,-0.2655999999999999,-0.0555999999999999,0.322,0.2733,0.0332999999999999,-0.3285,0.6394,-0.2548,,-0.6302,Inflammation_II
OID30713,MST1,0.0883,-0.077,-0.3655999999999999,0.052,0.2022000000000001,0.0169999999999999,0.0537,-0.0079,0.2006,-0.0297,Inflammation_II
OID30538,MTDH,-0.6247,0.4709,-0.2177,1.7188,1.217,-0.7159,-0.2342999999999999,-0.4122,,0.5118,Inflammation_II
OID30583,MXRA8,0.2519,0.09,0.3459,,-0.544,-0.1557999999999999,0.1393999999999999,-0.1969,0.1427999999999999,-0.1614,Inflammation_II
OID30633,MYOM3,0.8427,-0.3597,1.0914,,-1.2191,1.2012,1.0242,-0.3439999999999998,0.2102000000000001,-0.4422999999999999,Inflammation_II
OID30509,NAGA,0.0946,-0.5357999999999999,-0.9392,0.8433,-0.1467,-0.7378,-0.1423000000000001,0.5705,,-0.1239000000000001,Inflammation_II
OID30643,NAGPA,0.4019,0.0030999999999999,-0.1172999999999999,,-0.1351,-0.3212,0.0517,-0.1013,0.2357,-0.2833,Inflammation_II
OID30520,NDUFA5,0.4714,-0.2062,-0.636,-0.1022999999999999,0.4486,-0.1525,-0.4056,-1.2322,,0.1982,Inflammation_II
OID30545,NECTIN1,0.0973,-0.7470000000000001,0.0867,-0.2498999999999999,-0.1286,-0.6049,0.4799,-0.5005,,-0.1895,Inflammation_II
OID30521,NEDD4L,0.4431,-0.4148,-0.3574,-0.1308,-0.0247,-0.3275,-0.3586,-0.2463999999999999,,0.0911999999999999,Inflammation_II
OID30503,NEDD9,-0.3705,-1.2251,0.5825,-0.366,1.4843000000000002,-0.6892999999999999,-0.7812999999999999,0.7574000000000001,,-1.0588000000000002,Inflammation_II
OID30678,NEXN,-0.2601,0.5055000000000001,-0.5218999999999998,0.8320000000000003,0.129,-0.3965000000000001,-0.4002,0.8163999999999998,1.2919999999999998,0.1967999999999998,Inflammation_II
OID30522,NFAT5,-0.5642,0.1578999999999997,-1.2979999999999998,0.7497999999999996,0.4703000000000004,-1.0197999999999996,0.2282999999999999,1.0445999999999998,,-0.0303999999999997,Inflammation_II
OID30614,NHLRC3,0.3076999999999998,-0.0739999999999998,-0.1694,,0.0399,-0.3081999999999999,0.0720999999999999,-0.1643000000000001,0.1397,-0.3094,Inflammation_II
OID30451,NME1,-1.0761,-0.4901,0.8726,0.2012,0.7785,0.0191,0.4584999999999999,0.3043,,-0.1417999999999999,Inflammation_II
OID30540,NPHS1,0.241,-0.8685999999999999,0.0998999999999999,-0.416,-0.1394,0.0017,-0.292,0.618,,-0.369,Inflammation_II
OID30462,NPHS2,-0.2967,-0.3415000000000001,-0.6955999999999999,0.0595000000000001,-0.4216,0.6421,-0.6539,-0.4573,,-1.0244,Inflammation_II
OID30674,NRGN,-0.3101,-0.1337999999999999,-0.4916,0.5596999999999999,-0.1883000000000001,-0.5424,-0.4105999999999999,0.5133,0.9029,0.2587,Inflammation_II
OID30568,NUMB,-0.5357,0.6724,-1.4243,1.0073,0.3992999999999999,-0.6143000000000001,-0.3802999999999999,0.5427,,0.6587,Inflammation_II
OID30565,NXPH3,0.2081,-0.2345999999999999,-0.3297,0.3973,-0.1269,-0.7467999999999999,0.0533,-0.2230999999999999,,0.1552,Inflammation_II
OID30665,OLFM4,-0.4034999999999997,-0.3086999999999998,-0.6328,,-0.3943000000000003,-0.0747000000000001,-0.4126999999999999,0.2193,-0.2717999999999999,-0.0181999999999999,Inflammation_II
OID30768,ORM1,-0.2452,0.0206999999999999,0.2717,-0.0211999999999999,0.2613,-0.0223999999999999,-0.0317,0.0635999999999999,0.1714,-0.0746,Inflammation_II
OID30444,PALLD,0.4720999999999999,0.2927999999999999,1.0013999999999998,0.0772999999999999,-2.6066,0.3884000000000001,-2.3442,-2.5288,,-0.3393999999999999,Inflammation_II
OID30591,PAXX,-0.0664999999999999,0.1233,-0.1149,,0.1110999999999999,-0.349,-0.0266,0.4341,0.5387,-0.1093,Inflammation_II
OID30610,PCBD1,1.0629,-0.2444,-0.0293,,0.659,-0.0975999999999999,-0.1257999999999999,-0.913,0.247,-0.0526999999999999,Inflammation_II
OID30584,PDE5A,-0.5749000000000004,0.4795000000000002,-0.5871,,0.1112999999999999,-0.8645,-1.185,0.7142999999999999,1.1464,0.4540999999999997,Inflammation_II
OID30573,PDIA3,0.8974,0.7094,0.8909,,0.7539,-0.3561,0.0403999999999999,0.4206,0.2546,-0.8796,Inflammation_II
OID30550,PDZK1,-0.1337999999999999,-0.0029,-0.1452,-0.0867999999999999,-0.3171,-0.3932999999999999,-0.3627,0.4064,,0.6195,Inflammation_II
OID30666,PENK,0.0099999999999999,-0.2255,0.0631999999999999,,-0.1474999999999999,0.0024999999999999,-0.0699,-0.108,-0.3414,-0.3398,Inflammation_II
OID30688,PEPD,0.3154,-0.1114,-0.2589,-0.0681,-0.2676,0.266,-0.3450000000000001,0.3606,0.1978,0.1765,Inflammation_II
OID30511,PER3,-0.9331,0.8796999999999999,0.746,-0.6291,-1.7882,-0.8549,-1.5929000000000002,-0.1707,,0.0695,Inflammation_II
OID30764,PF4,-0.2494,0.4326,-0.0144999999999999,0.256,0.5078,-0.1957999999999999,-1.5949,1.0503,1.2632,0.2509,Inflammation_II
OID30699,PGA4,0.0455,0.3544,0.0166,-0.1937,-0.1511999999999999,-0.2386,0.0167,0.3488,0.1721,0.0665,Inflammation_II
OID30742,PGLYRP2,0.2929,-0.1392999999999999,-0.0005999999999999,-0.045,0.0569999999999999,-0.3212,0.0003999999999999,0.238,0.2825999999999999,-0.0111999999999999,Inflammation_II
OID30460,PGR,-0.0651999999999999,-0.8849,-0.2907,0.2249,0.4402999999999999,-0.1625,-0.447,-0.4142999999999999,,0.1457,Inflammation_II
OID30634,PHYKPL,0.0926,-0.1498,0.1016999999999999,,0.275,-0.6315,-0.0123,0.3244,0.3166,-0.4231,Inflammation_II
OID30676,PI16,-0.0245,0.1139,-0.4363999999999999,-0.1076,0.0653,-0.2196,0.008,0.0612999999999999,0.0563,-0.0529999999999999,Inflammation_II
OID30465,PIKFYVE,-0.5076000000000003,-0.2693000000000001,0.3596999999999999,0.4547999999999998,0.4044000000000001,-0.7228,0.0148,0.5324,,0.3403999999999998,Inflammation_II
OID30651,PINLYP,0.6603,-0.1191999999999999,-0.5241,,-0.3355,-0.0875,-0.3545,0.5751000000000001,-0.0021999999999999,-0.3825,Inflammation_II
OID30484,PLCB1,0.2263,-1.4475,-0.1763,-0.2788,1.6836,1.1619000000000002,-0.4740999999999999,-0.0167,,0.6308,Inflammation_II
OID30785,PLG,0.2295,-0.1961,-0.1127,-0.1299,0.0251999999999999,-0.2854,-0.2716999999999999,0.0789,0.3414,0.0591999999999999,Inflammation_II
OID30693,PNLIP,-0.3163,0.3291,0.2562,0.3702000000000001,0.0530999999999999,-0.1017,-0.6306999999999999,0.4020000000000001,0.3954,-0.0423,Inflammation_II
OID30504,POF1B,0.3923,1.1759,0.1077999999999999,-0.4669999999999999,-0.5934999999999999,-0.128,-0.3394999999999999,-0.1687,,-0.0018,Inflammation_II
OID30440,POLR2A,-0.0653999999999999,-0.9428,0.2116,0.045,0.513,-0.2770999999999999,-0.2475,0.2079999999999999,,0.1929999999999999,Inflammation_II
OID30704,PON1,0.2768,-0.2352999999999999,-0.0579,-0.2661,-0.0925999999999999,0.1109999999999999,0.0385999999999999,0.2133,0.2461,0.3239,Inflammation_II
OID30761,PPBP,-0.3205,0.4477,-0.5092,0.7409999999999999,0.3899,-0.4792999999999999,-1.68,0.9339,1.0713,0.7352,Inflammation_II
OID30564,PPL,0.1351,0.0065,0.0631,0.7308,0.479,0.222,0.4523,-0.0553,,-0.2179999999999999,Inflammation_II
OID30548,PPM1B,0.5855999999999999,0.1684999999999999,0.5599,-0.2026,1.0654,0.5231,0.2515,-0.8541,,-0.1304,Inflammation_II
OID30668,PRDX2,0.5142,-0.5982,-0.0354,-0.2919,0.7827000000000001,-0.4586,0.3161,0.4253,-0.2365,-0.1924,Inflammation_II
OID30621,PRKG1,-0.1658999999999997,0.1566999999999998,-0.7621000000000002,,0.0105000000000003,-0.9935999999999998,-0.9140999999999996,0.4325000000000001,1.5067000000000004,0.4013000000000004,Inflammation_II
OID30737,PROS1,0.0864999999999999,-0.0562,-0.0980999999999999,-0.1432,0.1365999999999999,-0.2190999999999999,-0.1584999999999999,0.1757,0.1979,0.0555999999999999,Inflammation_II
OID30607,PRR4,0.1657,-0.1102999999999999,0.4322,,-0.0895000000000001,-0.0677999999999999,0.4686,-0.9235,-0.0645,-0.1868999999999999,Inflammation_II
OID30457,PRR5,0.3182,-1.162,-0.0686,0.1898999999999999,-0.3979,0.5456,0.0791999999999999,0.1195,,0.2401,Inflammation_II
OID30483,PRSS22,0.4904,-0.2373,-0.6765,-0.8353999999999999,-0.2075,-0.1854,0.3997,-0.1006,,0.112,Inflammation_II
OID30514,PSMG4,0.5536,0.4061,0.9915,0.0799999999999999,0.5956,-1.1279,-0.7574999999999998,-0.5861000000000001,,-0.6955,Inflammation_II
OID30596,PSTPIP2,-0.5285000000000002,0.5066999999999999,-0.967,,0.2965999999999997,-1.0524,-0.7962,0.2198999999999999,1.2729999999999997,0.5334000000000003,Inflammation_II
OID30561,PTGES2,0.0188,-0.6468,0.7952,0.6572,0.5266,0.8553,-0.4406,-2.6511,,0.123,Inflammation_II
OID30469,PTP4A3,1.7603999999999995,-1.2513,-0.5382,0.3650000000000001,1.2568,-0.3477,-0.2963,-0.2884,,0.1599,Inflammation_II
OID30437,PTPN9,0.1888,0.6833,-0.527,0.0606999999999999,0.3686,-0.0869999999999999,0.0527,0.7451,,0.0973,Inflammation_II
OID30659,PTRHD1,-0.3176999999999998,0.1798000000000001,-0.8219999999999998,,0.1451000000000002,-0.8536999999999999,-0.7031999999999999,-0.0479999999999998,1.2938999999999998,0.2235,Inflammation_II
OID30730,PZP,0.2939999999999999,-0.2190999999999999,0.3006,-0.1177,0.0527999999999999,-0.1901,-0.5233,0.1137999999999999,-0.1185,-0.0492,Inflammation_II
OID30729,QSOX1,0.1602,-0.0907999999999999,0.1050999999999999,-0.0317,0.2133,-0.256,-0.1504,0.1266,-0.0774,0.036,Inflammation_II
OID30647,RABEP1,-0.1342999999999996,0.3683999999999998,-0.8778999999999999,,0.0181,-0.7869999999999999,-0.7542,0.3546,1.241,0.2644000000000002,Inflammation_II
OID30567,RALB,0.2392999999999998,0.0632999999999999,-1.0948000000000002,0.7545999999999997,0.2303999999999999,-0.3168999999999999,0.1402,-0.2009999999999999,,0.887,Inflammation_II
OID30452,RAP1A,1.0691,-1.693,0.9096,1.521,0.7856000000000001,0.0321,-0.3241,-0.4299,,-0.4737,Inflammation_II
OID30507,RBPMS,1.0366,0.0544,0.3145,1.2475,0.561,-1.2466,-0.4943999999999999,0.403,,0.2134,Inflammation_II
OID30463,RELB,-0.1140999999999998,-1.0112,1.6433999999999995,-0.2455999999999999,0.0533,-0.2756,0.0373999999999998,0.0413999999999999,,-0.1765999999999999,Inflammation_II
OID30496,REPS1,-0.4627,-0.5595,1.1151,-0.8872000000000001,0.0054,-0.9356,-0.211,0.4552,,-0.5141000000000001,Inflammation_II
OID30433,RICTOR,-0.5966,-1.3217,0.5466,-0.4075999999999999,0.0478999999999998,-0.1776999999999999,0.3071,-0.3937,,0.1452,Inflammation_II
OID30635,RIDA,1.3287,-0.3741,-0.6033999999999999,,0.6697,-0.5928,-0.147,-0.4491999999999999,0.1289999999999999,-0.2056,Inflammation_II
OID30601,RLN2,0.2824,-0.8036999999999996,0.2747000000000001,,0.0756000000000001,-0.0724,5.6067,-0.7534000000000001,-0.2297000000000002,-0.3862000000000001,Inflammation_II
OID30672,RNASE1,0.4730999999999999,-0.2557,0.1634,-0.3227,0.34,0.3251,-0.2467,0.5556,0.2351,0.0589,Inflammation_II
OID30705,RNASE4,0.1379,-0.2111,0.0523,-0.132,0.1288,-0.0695,0.0723999999999999,-0.0317,0.1745,0.1185,Inflammation_II
OID30689,RNASE6,-0.1706,-0.1144999999999999,-0.0769,0.174,0.2827999999999999,-0.1224,-0.0843,0.4611,0.0573,-0.1552999999999999,Inflammation_II
OID30506,RNF168,0.3352,-1.5922,0.575,-0.3561,0.3455999999999999,0.0193999999999999,-1.1612,-0.4493999999999999,,-0.4094,Inflammation_II
OID30473,RNF31,-0.1946,-0.1476000000000006,0.4901999999999999,0.0135999999999998,0.7909,0.0089,0.2517999999999999,-0.4087999999999998,,0.5172,Inflammation_II
OID30453,RPA2,-0.1946999999999999,0.3787,0.9318,-0.3594,-0.3651999999999999,0.2618,0.0438,-0.6292,,0.3757999999999999,Inflammation_II
OID30529,S100A13,0.4909999999999999,0.4297999999999999,0.2319999999999999,-0.0241,0.2347,0.0994999999999999,-0.0129999999999999,-0.1972,,0.2946,Inflammation_II
OID30726,SAA4,0.0012999999999999,-0.0199,0.1457,-0.227,0.146,-0.0883,-0.2498999999999999,0.1991,0.1256,-0.0772999999999999,Inflammation_II
OID30577,SCGB3A1,0.0753,0.1291999999999999,-0.0289999999999999,,-0.2492,-0.3283,0.0117,-0.2425,0.0305,-0.2277,Inflammation_II
OID30558,SCRIB,0.1940999999999999,0.4752,-0.7426000000000001,0.6824000000000001,1.0802999999999998,-0.5665,-0.7738,-0.3449,,0.5975,Inflammation_II
OID30662,SDK2,0.4668,0.069,-0.0038,,0.5596,-0.2927,-0.3042,-0.0068999999999999,0.5072,-0.1793,Inflammation_II
OID30745,SELENOP,-0.3712,0.253,0.2527,0.2113,-0.0086,0.2119,0.4307999999999999,0.5560999999999999,0.3448,0.1965,Inflammation_II
OID30752,SELL,0.0335,0.0035,0.0006999999999999,-0.1104,0.0706999999999999,-0.0648999999999999,-0.2009,0.1073,0.0178,0.1031,Inflammation_II
OID30599,SEMA3G,-0.0083999999999999,0.1356,0.0928,,0.036,-0.2207,-0.1883,0.131,0.3404,-0.1542,Inflammation_II
OID30531,SEMA6C,0.4169,-0.5735,0.9615,0.7631,0.4481,0.1100999999999999,0.5355000000000001,-0.0613999999999999,,-0.4770999999999999,Inflammation_II
OID30750,SERPINA1,-0.1493,-0.0253,0.1106999999999999,-0.0044,0.0449,-0.0837999999999999,-0.071,0.1269,0.0098,-0.0781,Inflammation_II
OID30786,SERPINA3,-0.0617,0.0943,0.2316,-0.0817,0.1127,-0.0778,-0.0158,0.1932,0.1037,-0.0747,Inflammation_II
OID30774,SERPINA4,0.1573999999999999,-0.2262999999999999,-0.1398,-0.0919,0.1122999999999999,-0.3269999999999999,-0.2071,0.2920999999999999,0.3359,-0.1347,Inflammation_II
OID30763,SERPINA5,0.1341,-0.0951,0.001,-0.1056999999999999,0.0640999999999999,-0.2149999999999999,-0.0896999999999998,0.1441,0.3216,0.1672999999999999,Inflammation_II
OID30743,SERPINA6,0.0398,-0.3785,-0.0676999999999999,-0.3916,0.1717,-0.3828,-0.4769,-0.0316,0.0938999999999999,-0.1094,Inflammation_II
OID30724,SERPINA7,-0.0537,0.0424999999999999,0.7744,-0.1525,0.186,0.0109,-0.6121,0.2379,0.4353,-0.1757,Inflammation_II
OID30789,SERPINC1,0.0327,-0.0122999999999999,0.0307999999999999,-0.0607,0.0305999999999999,-0.2355999999999999,-0.0175,0.0718,0.2158,0.0372,Inflammation_II
OID30767,SERPIND1,-0.1129999999999999,-0.091,-0.4248,-0.1465999999999999,0.0616999999999999,-0.2499,-0.3304,0.1571,0.2967,0.0595,Inflammation_II
OID30757,SERPINF1,0.0384,-0.035,0.1232,-0.1553999999999999,0.0203999999999999,0.0024,0.0074999999999999,0.2031,0.0804999999999999,0.1272,Inflammation_II
OID30779,SERPINF2,-0.1352,-0.0875,-0.0645,-0.1346,0.1145,-0.2208999999999999,-0.0684,-0.0685,0.1467999999999999,-0.1081999999999999,Inflammation_II
OID30777,SERPING1,-0.2065999999999999,-0.2117,0.0211999999999999,-0.142,0.034,-0.6645,-0.1154999999999999,0.1075,0.2279,-0.0090999999999999,Inflammation_II
OID30604,SERPINI1,0.6644,0.1856999999999999,-0.2507999999999999,,0.1236,0.0333999999999999,0.0085,-0.2278,0.4347,-0.0683,Inflammation_II
OID30648,SFRP4,0.1347999999999999,0.3174,0.1551999999999999,,0.3068,-0.2254999999999999,0.2375,0.1010999999999999,0.0705,-0.1484,Inflammation_II
OID30685,SHBG,0.0991,-0.1718,0.0475999999999999,-0.1192999999999999,0.2102,-0.1563,0.1114,0.1937999999999999,-0.1112999999999999,-0.0322,Inflammation_II
OID30516,SHH,1.3408,-0.3485,-0.1138999999999999,0.1613,0.8244,-1.5335,0.4838,0.7591,,-0.5732,Inflammation_II
OID30439,SIRT1,0.5992999999999999,-0.2559,-0.3866,-0.0975,-0.9735,-0.1886999999999999,-0.4818,0.3303,,0.1305,Inflammation_II
OID30630,SLC9A3R1,0.9373,0.2007999999999999,-0.1302999999999999,,0.1567,-1.8024,-0.7594999999999998,-0.3034,0.4619999999999999,0.6544999999999999,Inflammation_II
OID30510,SLITRK1,0.1810999999999999,-0.4084,-0.3547999999999999,-0.0604999999999999,-0.0783,-0.2236,-0.1305,0.1121,,-0.6953,Inflammation_II
OID30477,SMPD3,0.549,-0.1219,0.7108,-0.2447,0.4718,-0.1295999999999999,0.2707,-0.2476999999999999,,0.3753999999999999,Inflammation_II
OID30645,SNCA,-1.1846000000000003,0.4514,-0.5731999999999999,,0.4158999999999997,-1.54,0.2461,-0.8815,3.5008,-0.7977000000000001,Inflammation_II
OID30644,SNX15,-0.3182,0.3817,-0.384,,0.3167999999999999,-0.375,0.5326,0.4828,1.6086,-0.8209,Inflammation_II
OID30683,SOD3,0.4729000000000001,0.044,-0.2936999999999999,-0.0437999999999999,0.0043,-0.2106,0.0505,0.0895999999999999,0.1626999999999999,-0.0115,Inflammation_II
OID30656,SPART,-0.137,0.0212999999999996,-0.7733999999999999,,-0.0588999999999999,-0.8601000000000001,-0.4723,0.1943999999999999,1.1654999999999998,0.4695999999999998,Inflammation_II
OID30627,SPINK2,-0.1670999999999999,-0.0892999999999999,0.2127,,-0.1131999999999999,-0.333,0.1525999999999999,-0.1760999999999999,0.1018999999999999,-0.2286,Inflammation_II
OID30423,SPRED2,0.5783999999999999,0.5719,0.3557,0.147,-0.1923,-1.2482,0.0875999999999999,-0.8796999999999999,,0.1306,Inflammation_II
OID30468,SSBP1,0.3197,-0.4014999999999999,-0.2471,-0.5589999999999999,-0.2542999999999999,-0.1525,-0.4951,-0.6715,,-0.4583,Inflammation_II
OID30624,ST13,-0.1005999999999998,0.2986,-0.7886,,0.2904999999999997,-0.6851000000000003,-0.6959,0.2810999999999999,1.2269,0.1751,Inflammation_II
OID30442,ST8SIA1,0.8779,-0.3869000000000001,1.0185,-0.1293999999999999,-0.1534,-0.3054000000000001,-0.1025,-0.0188,,-0.1745,Inflammation_II
OID30536,STAT2,0.0362,-0.1512,-0.3533,0.5593999999999999,0.819,-0.7339,-0.5701999999999999,0.2374,,0.6977,Inflammation_II
OID30432,STX5,-0.3452,-0.9636,0.4902,0.0624999999999999,0.5361,-0.1008999999999999,-0.0727,0.0553,,0.0253999999999999,Inflammation_II
OID30560,STX7,-0.0047999999999999,0.1939,-0.5806,0.4577,0.0154,-0.542,-0.6148,0.1936000000000001,,0.6879,Inflammation_II
OID30486,SUMF1,0.7352000000000001,0.4644,0.7888,-0.0978,0.1470999999999999,0.6119,-0.2392999999999999,-0.0829,,-0.5011,Inflammation_II
OID30650,SUSD5,0.3776,0.0417999999999999,0.0165,,0.0063,-0.4656,0.417,-0.0014,0.0271999999999999,-0.3163,Inflammation_II
OID30636,SYAP1,-0.1221999999999999,0.0486999999999999,0.2998,,0.1180999999999999,-0.2992,0.2582,-0.2658,0.8698999999999999,0.0482999999999999,Inflammation_II
OID30616,TBCA,-0.1261,0.2022999999999999,-0.7888000000000001,,-0.0074,-1.1452,-0.598,0.6245,1.7063,0.2693000000000001,Inflammation_II
OID30687,TCN1,0.1278,-0.1444999999999999,-0.5189,0.2099,-0.0137999999999999,0.2415,0.1261,-0.1272,0.3989,0.2022,Inflammation_II
OID30480,TERF1,1.1323,-0.2788,-0.7664000000000001,-0.8982,0.0287,-0.5622,-0.613,-0.4683999999999999,,-0.5173,Inflammation_II
OID30783,TF,0.2436,-0.0731,0.0070999999999999,-0.1538,0.1519,-0.4265,-0.2033999999999999,0.2321,0.5044,-0.1172,Inflammation_II
OID30502,TGFBR1,-0.0634,-0.2679,0.2653,-0.3994,0.0935,0.2245,0.0979,0.2153,,0.1186,Inflammation_II
OID30691,TGOLN2,0.069,-0.2906,0.1687,-0.2512,0.5294,0.1777,0.0699,0.0559999999999999,0.15,-0.2926999999999999,Inflammation_II
OID30476,THSD1,0.1806999999999999,-0.719,1.1866,-0.9734,0.2689,-0.9009,-0.8788,-0.7599,,0.3117,Inflammation_II
OID30532,TLR1,-0.364,-0.1982,-0.4408,0.0693,0.4035000000000001,-0.1119,0.5584,0.2316,,-0.1185,Inflammation_II
OID30428,TLR4,0.7430999999999999,-2.3686,-0.5311,-0.5720000000000001,1.0596,-0.5541,1.057,-0.7913,,-0.1051,Inflammation_II
OID30629,TNFAIP8L2,-0.2124,-0.2225,-0.0133999999999999,,-0.1083999999999999,-0.439,-0.5757,0.5771000000000001,0.8962,0.0794999999999999,Inflammation_II
OID30589,TNFRSF17,0.1517,0.0525999999999999,0.1292999999999999,,-0.1753,-0.2105,0.1793999999999999,-0.1337999999999999,0.2385,-0.4206999999999999,Inflammation_II
OID30435,TNFSF9,0.4537,-0.1818,0.3852,0.0429999999999999,-0.4785999999999999,0.2106,-0.2369,-0.1475999999999999,,0.4151,Inflammation_II
OID30559,TOP2B,-0.034,0.1154999999999999,0.0926,0.0997999999999998,-0.0743,0.1935,0.0992999999999999,0.9263,,0.3152,Inflammation_II
OID30470,TP53BP1,-0.3837999999999999,0.1794000000000002,0.2501000000000002,-0.2485000000000001,-0.0104000000000001,0.3344,-0.524,-0.2399,,-0.3736999999999999,Inflammation_II
OID30632,TP53I3,-0.0617,0.1001,0.1251,,0.1019999999999999,-0.45,-0.2715,-0.0393,0.7163,-0.105,Inflammation_II
OID30609,TPD52L2,-0.2525,0.3754999999999999,-0.7057,,0.0645999999999999,-0.7185000000000001,-0.6378,0.8063,1.2275,0.6058,Inflammation_II
OID30424,TPSG1,-0.3087,0.0861999999999999,-0.2064999999999999,-0.158,0.6984,-1.0752000000000002,-1.0521,0.1562,,0.0950999999999999,Inflammation_II
OID30479,TRAF3,-0.747,-0.2260999999999999,0.0287,-0.6073000000000001,-0.0131,-0.1451,0.1844,-0.0323,,0.0923,Inflammation_II
OID30682,TREML1,-0.4607,0.2843,0.5947,0.3577,0.054,-0.1415,-1.2255,0.1987,0.6111,0.616,Inflammation_II
OID30478,TSC1,0.0946,-0.3354,-0.0211,-0.0988999999999999,-0.0650999999999999,-0.6227,0.5231,0.5085999999999999,,-0.4966,Inflammation_II
OID30512,TSPYL1,0.5953999999999999,-0.2825999999999999,-0.0845,0.1171,-0.2505999999999999,-0.1133,-0.1753,0.1661,,0.0027,Inflammation_II
OID30782,TTR,0.3298,-0.2287,-0.2764999999999999,-0.0847,0.0387,-0.2931,-0.2667,0.1309,0.3828999999999999,0.0393,Inflammation_II
OID30670,TXN,0.0586,0.0457999999999999,-0.0263999999999999,0.697,0.1412999999999999,0.0191,0.0184999999999999,-1.4600000000000002,0.3351,0.6495,Inflammation_II
OID30517,TYRP1,-0.7232000000000001,0.7813,0.1267999999999999,0.4038,1.2288,-0.1112,0.5243,0.7475999999999999,,0.6377999999999999,Inflammation_II
OID30427,UBE2Z,-0.1774,0.1634,0.9538,0.4554,-1.1674,-0.4319999999999999,0.3165,0.3558,,0.3049,Inflammation_II
OID30654,UBXN1,0.0338,0.2728,0.0211,,0.3864000000000001,-0.7683,-0.0204999999999999,0.4924,1.4342,0.0384999999999999,Inflammation_II
OID30447,UNC5D,-0.2905,0.3307,-0.1799,0.0136,-0.5091,0.8022,-0.1251,-0.3192,,-0.8819,Inflammation_II
OID30603,UROD,-0.2234,0.1127000000000002,-0.5793,,0.1646,-0.9392,-0.7755,0.4376000000000001,1.2499000000000002,0.2730000000000001,Inflammation_II
OID30555,VAMP8,-0.3189999999999999,0.0010000000000003,-1.0670000000000002,0.9778999999999995,0.4026,-0.8792,-0.5223999999999999,0.5247999999999999,,0.9362999999999996,Inflammation_II
OID30692,VASP,-0.1806000000000001,0.2395,-0.3015,0.6584000000000001,-0.0391,-0.2293,-0.7277,0.5506,1.2895,0.1304,Inflammation_II
OID30554,VEGFB,0.8732,-1.5184000000000002,-0.0935,0.3199,-0.4315,-0.0875,0.3066,-0.4669999999999999,,-0.4155,Inflammation_II
OID30711,VNN1,-0.0247999999999999,-0.0252000000000001,-0.3042,-0.2705999999999999,-0.0516,-0.1742,-0.0782,0.0137,-0.3677999999999999,0.2360999999999999,Inflammation_II
OID30640,VTI1A,-0.1339000000000001,0.2867999999999999,-0.4733999999999999,,0.2056,-0.7434000000000001,-0.4042,0.5078,1.1859000000000002,0.2658999999999999,Inflammation_II
OID30467,WASL,-0.3721,0.7579,-0.2875999999999999,0.5723,-0.3909,0.4511,0.0717999999999999,-0.0774,,1.0442,Inflammation_II
OID30490,XIAP,-0.2981,-0.0593000000000001,-0.0659,0.5199999999999998,0.7833,-0.0537,-1.1473,-0.379,,0.6998,Inflammation_II
OID30605,YWHAQ,-0.3372999999999999,0.2149999999999998,-0.453,,0.0226999999999999,-0.9344,-0.4074,0.5343,1.3618,0.5152999999999999,Inflammation_II
OID30446,YY1,0.2022,0.2740000000000001,0.8995,-0.8099,0.0191,0.33,-0.0854999999999999,-1.1698,,-0.1475,Inflammation_II
OID30526,ZBP1,-0.024,0.1873000000000001,-0.5290999999999999,0.377,0.7547,-0.6664999999999999,-0.4807999999999999,-0.4196999999999999,,-0.7466999999999999,Inflammation_II
OID30508,ZNF174,-0.3391,0.9057,1.2017,-0.3563,-0.1092,-0.2493,-0.3351,-0.3342,,-1.1539,Inflammation_II
OID20921,ABHD14B,-0.2826000000000001,-0.1133999999999999,-0.5102,0.4188,-0.2376,-0.1865999999999998,-1.4325,-0.5593999999999997,0.8516,0.0703,Neurology
OID20999,ACVRL1,0.3426,-0.0872,-0.1867999999999999,-0.2224,0.2646,0.3440999999999999,-0.1172,-0.5666,0.1549999999999999,0.2985,Neurology
OID21001,ADAM22,0.1534,0.0374999999999999,-0.2999,0.0605,-0.3286,0.2215,0.2678,-0.1937999999999999,0.0797999999999999,-0.3606999999999999,Neurology
OID21039,ADAM8,0.1429,-0.0225,-0.1064999999999999,0.1074,0.1334,0.0446,-0.1521,0.179,-0.1033,-0.2799,Neurology
OID20974,ADGRB3,0.2211999999999999,-0.0289999999999999,-0.1181999999999999,0.0007,0.0764,0.0978999999999999,-0.0682999999999999,-0.0186999999999999,-0.1317,-0.148,Neurology
OID20978,AFP,0.16,-0.2927,0.0839,-0.3404999999999999,0.0784,0.1234999999999999,0.0790999999999999,-0.3954999999999999,-0.053,-0.1152,Neurology
OID20896,AGR2,-3.4721,0.8287,1.1122999999999998,-1.6513,-0.3476,0.7360999999999998,2.0381,-1.8175,0.312,0.5597000000000001,Neurology
OID21078,AHSP,0.399,-0.2839,-0.3454,0.7435,1.6311,-0.4702,-0.5041,-0.9617,0.1072,-0.1142,Neurology
OID20895,AKT1S1,-0.0621,0.1394999999999999,0.2636,1.1509,0.125,0.0163999999999999,-1.3934,0.4755,0.7242000000000002,0.5025,Neurology
OID21128,ALDH1A1,0.556,-0.4846,-0.2249999999999999,0.1059,0.8402,0.1635,-0.5956,-0.6141,0.3861,0.2192,Neurology
OID20806,AMFR,-0.0782999999999999,-0.6723999999999999,-0.3294000000000001,-0.0735999999999998,-0.5936999999999999,0.2993,-0.9481,0.7446999999999999,0.026,-0.9279,Neurology
OID20886,ANXA10,0.6688,-0.1884,0.3863999999999999,-0.395,-0.2057,-0.0839,0.6327,0.1345,-0.6240000000000001,0.7269000000000001,Neurology
OID21036,ANXA3,-0.5036999999999998,-0.0236,-0.3937999999999997,0.7789,0.0095,-0.6749,-0.8455999999999997,0.5331999999999999,0.9608,0.2921,Neurology
OID20810,ANXA5,0.0271,-0.4223,-0.1523999999999999,0.4649,-0.0426,0.7449,-0.1441,-0.1944,-0.8924,-0.6668,Neurology
OID21072,APOH,0.1191,-0.0325,0.0579999999999999,0.0514999999999999,0.0312,-0.3237,0.0761,-0.1515,-0.1473,-0.3113,Neurology
OID21070,APP,-0.3746,0.3813,-0.1646,0.5760000000000001,0.0835,-0.3507,-0.9306,0.0761,0.3718,-0.1471,Neurology
OID20927,APRT,-0.1467,0.1552000000000002,-1.1157,0.8083000000000005,0.3175000000000003,-0.4821,-0.9951,0.4063999999999999,1.3971,0.7617,Neurology
OID20803,ARID4B,0.3398,0.5713999999999999,-0.047,0.2411,0.0921,1.068,0.6804,0.4475,-0.1542,0.4106000000000001,Neurology
OID21138,ARSA,-0.3072,0.1245,0.2895,-0.0758999999999999,0.0087,-0.3787,-0.163,-0.2912,0.1751999999999999,-0.5541,Neurology
OID20996,ASAH2,0.2647,-0.1042999999999999,-0.44,-0.1476,-0.1865,0.042,-0.4772999999999999,-0.3423999999999999,-0.1281,0.1714,Neurology
OID20990,ASGR1,0.1202999999999999,-0.1939,-0.0331,-0.2238,-0.0312999999999999,-0.0992,0.0229,0.0203999999999999,-0.3087999999999999,-0.208,Neurology
OID20798,ATF2,-0.0998,0.7353000000000001,0.7444999999999999,-0.2827,-0.429,-0.0294,-0.1447999999999999,0.7066,0.2512999999999999,0.2867,Neurology
OID20811,ATP5PO,0.0811,-1.0491,0.0812,0.2681,-0.5831999999999999,-0.8166,1.122,0.3669,-1.6395,1.7922,Neurology
OID20843,ATP6V1F,-0.7915000000000001,0.0895,1.0057,0.4401999999999999,0.119,0.1207,0.353,-0.1711,0.284,0.7666,Neurology
OID20865,ATXN10,0.3631,-0.4969000000000001,-1.4911,-0.1612,0.3651,-1.6295,0.0356999999999999,-1.0507,-0.7421,1.7477999999999998,Neurology
OID21127,B4GAT1,0.1632,-0.4864,-0.2094,-0.0282,0.4694,-0.1326,0.062,0.1648,0.0214,-0.3884999999999999,Neurology
OID20972,BAG3,0.1886999999999999,-0.0511,0.4061,-0.2709999999999999,0.6812,0.0945,0.1804,-1.1990999999999998,-0.0254,-0.0905999999999999,Neurology
OID20856,BAX,0.0768,0.8948,1.3878,1.5445,-0.0235,-2.3486,0.701,-0.9771,0.7081,1.4877,Neurology
OID21076,BCAM,0.519,0.0736999999999999,0.1553999999999999,-0.0587,-0.0017999999999999,-0.0887,0.2006,0.0291,-0.2355,-0.1326,Neurology
OID20998,BCAN,-0.1326,-0.4037999999999999,-0.4427,-0.0431,0.0006,0.006,-0.2871,-0.4629,-0.1282,-0.6193,Neurology
OID21067,BIN2,-0.1279999999999996,0.0066000000000001,-0.476,1.1163999999999996,-0.0952999999999999,-0.6376999999999997,-0.393,-0.1210999999999997,1.5299999999999998,0.5489999999999999,Neurology
OID21141,BLVRB,0.4595,-0.2067,-0.3177999999999999,0.0817999999999999,0.8142,-0.1204,-0.2130999999999999,-0.4044,-0.3489,0.0781,Neurology
OID20994,BMP4,0.3518999999999996,0.5061999999999998,-0.1252999999999997,-0.2920000000000002,0.0590999999999999,-0.4413,-0.4535999999999998,-0.2117,-0.0891000000000001,0.0588000000000001,Neurology
OID20883,BRK1,0.9583,0.6426000000000001,0.6364000000000001,0.169,0.4836,0.7111999999999999,-0.1144999999999999,0.7305,1.506,0.2116,Neurology
OID21051,BST1,0.1610999999999999,-0.0135,-0.1062,0.0378999999999999,0.0428,-0.1741,0.0134999999999999,0.0412999999999999,-0.0435999999999999,-0.0569999999999999,Neurology
OID21029,BST2,0.1336,0.1000999999999999,-0.2362,0.4106999999999999,0.198,-0.3513,-0.1045999999999999,0.1751,-0.1972,0.2116,Neurology
OID20804,C19orf12,0.5683,-0.1171,0.0798,0.0146999999999999,1.0845,0.4541,-0.5279,-2.4608,0.3856,-0.2123,Neurology
OID20864,C2CD2L,-0.8794000000000001,0.8567,-0.7185,1.1096,-0.3267,0.4005,0.5805,-0.1030999999999999,0.7787,2.2049,Neurology
OID21149,CA2,-0.2394,0.2721,-0.5314,0.6226999999999999,1.2162,-0.5433999999999999,-0.3934000000000001,-0.2105,0.8562000000000001,-0.2255,Neurology
OID21096,CA6,0.7195999999999999,0.5706000000000002,0.2628999999999999,1.0846,0.4925999999999999,0.3919999999999999,0.3725999999999999,0.6001000000000001,0.8790999999999999,0.3150000000000001,Neurology
OID20801,CALB2,-0.2232999999999999,-0.6186,0.5884,-0.0151999999999999,0.0197,0.1004999999999999,-0.2872,0.9986,-0.086,0.0821,Neurology
OID20983,CALCA,0.0629999999999999,-0.2225999999999999,-0.2015,-0.0433,0.1091999999999999,-0.2484,-0.1104,-0.434,-0.2564000000000002,-0.0198,Neurology
OID20859,CARHSP1,-0.6426,0.0496999999999999,-0.6572000000000001,0.4636,0.6565,1.2366,0.5971,-0.3885999999999998,0.9512,-0.2608,Neurology
OID20854,CASP1,-1.0831,-1.1063,-0.2066999999999999,-0.5193999999999999,3.3166,0.7473,-0.7574000000000001,0.1220000000000001,1.3293,1.4461000000000004,Neurology
OID20893,CASP10,0.8765,-0.4354,-2.6869,-0.7924,0.7131000000000001,-1.9218,0.6056,-0.239,0.9081,8.8573,Neurology
OID20958,CC2D1A,-0.6318000000000001,-0.1231999999999997,-0.3861999999999999,1.1936,0.4201000000000001,-0.2207000000000003,-1.0226,-0.1079999999999998,1.6923,0.5455999999999999,Neurology
OID21030,CCL19,-0.0396,-0.1707999999999999,0.4372,0.2335,0.0746,-0.5798999999999999,-0.0577,-0.2968999999999999,-0.0478999999999999,0.1204999999999999,Neurology
OID21004,CCL2,0.2868,-0.0012999999999999,0.0625999999999999,-0.5015,0.1498,0.0396999999999999,-0.4652,-0.0272,0.1555,0.2376999999999999,Neurology
OID21068,CCN5,0.1067,-0.2383999999999999,0.4251999999999999,0.259,0.4191000000000001,-0.0866,0.0040999999999999,-0.1596999999999999,-0.1965,-0.0262,Neurology
OID20973,CCS,-0.0301,0.0635,-0.2906,0.1592,0.4647,-0.2467,-0.7377,0.2043999999999999,0.682,0.075,Neurology
OID21108,CD109,0.0743999999999999,-0.1091999999999999,0.0156,-0.0549,-0.1881,0.1362,0.0378999999999999,-0.1069999999999999,-0.0062999999999999,-0.3702,Neurology
OID21080,CD164,-1.3089,0.291,-0.1708,0.1283,0.3157,0.0633,-0.5114,0.0616,0.0473,-0.2141,Neurology
OID21119,CD177,-0.0803999999999999,-0.0110999999999999,0.1101999999999999,-0.0327,-0.0669,0.0111000000000001,0.3697,-0.0395999999999999,-0.0031,-0.0229,Neurology
OID20966,CD274,-0.0534,-0.1529,-0.587,-0.01,0.3449,-0.0785,-0.6271,-0.4136,0.5708,0.6118,Neurology
OID21010,CD300C,0.1221999999999999,0.0963999999999999,-0.1851,0.2229999999999999,0.0468,-0.2155,-0.0951999999999999,0.0373,0.1073999999999999,-0.27,Neurology
OID21130,CD300LG,0.1884999999999999,-0.1638,0.1149,-0.0406,0.0603999999999999,-0.2776,0.2056,0.1258999999999999,-0.1027,-0.2918,Neurology
OID21025,CD34,0.0565999999999999,-0.112,-0.1544999999999999,-0.0316999999999999,-0.3031,0.0931999999999999,-0.2386,0.2019,0.0258999999999999,-0.0285,Neurology
OID20988,CD63,-0.1983000000000001,0.4358999999999998,-0.2428,0.4991999999999998,-0.6060000000000001,-0.0450999999999999,-1.0828,0.0312,0.7596999999999999,0.3913,Neurology
OID21040,CD74,-0.0592,-0.2034,-0.2717,0.2355999999999999,-0.3193,-0.3066,-0.6617,-0.1096,-0.066,-0.0887,Neurology
OID21018,CD8A,0.4507000000000001,-0.1553000000000001,-0.0248,0.3439,-0.0332999999999999,-0.3034,0.0904,-0.2709,0.0317999999999999,-0.2213,Neurology
OID21110,CD99,0.1988,-0.0449999999999999,0.0338,0.0401,-0.0676999999999999,-0.0368999999999999,0.1213,-0.0154,0.0599,-0.065,Neurology
OID21122,CD99L2,0.1002,0.0398999999999999,0.0522,-0.1184,-0.0181999999999999,-0.0971,0.348,-0.2132,-0.065,-0.0935,Neurology
OID20940,CDCP1,-0.0788999999999999,0.4397999999999999,-0.0671999999999999,-0.2711,0.1878999999999999,0.2983,-0.2700000000000001,-0.3321999999999999,0.017,-0.1976,Neurology
OID21005,CDH15,0.2901,-0.0935,0.6598999999999999,-0.1921,0.0212999999999999,-0.5297,0.4031,0.0665,-0.3042,-0.1517999999999999,Neurology
OID21008,CDH3,-0.0637999999999998,0.1189,0.0594,0.2205999999999999,-0.0956,-0.1012,-0.1478,0.2903000000000001,-0.2517,-0.1072,Neurology
OID20808,CDHR1,-0.1041999999999999,-0.5617,0.3286,-0.6602000000000001,0.4189,-0.9485,-0.373,-0.0382,-0.4527,0.018,Neurology
OID20857,CERT,0.064,0.0045999999999999,0.1222,0.9054,-0.5053,0.4387999999999999,-0.4802999999999999,1.2741,0.916,0.7466999999999999,Neurology
OID20836,CETN2,-0.3776,0.2087,-0.0968,1.0463,-0.1967999999999998,0.1281999999999998,-0.2341,0.6472,0.968,0.8254,Neurology
OID21069,CGA,-1.0118,-0.0311999999999998,0.4728,-0.3147,-0.1958000000000002,0.1605000000000001,-1.1404999999999998,0.1196000000000001,0.5742,0.2064999999999999,Neurology
OID21038,CHGB,0.0811,-0.3166000000000001,0.0296,-0.9805,-0.4046,-0.3172,-0.0547,-0.2284999999999999,0.3113,-0.2493,Neurology
OID20930,CHMP1A,-0.5022000000000002,0.33,-1.0779,0.6804000000000001,0.0942999999999996,-0.5425000000000002,-0.916,-0.0435999999999998,1.2792000000000003,0.9613999999999998,Neurology
OID20928,CLEC10A,0.2231,-0.2102,-0.0282999999999999,-0.3979999999999999,0.0403,0.2321999999999999,-0.0578999999999999,-0.1124999999999999,-0.0241,0.2985,Neurology
OID21112,CLEC11A,0.0971,-0.0919,0.3866,-0.1713999999999998,0.0176999999999999,-0.1604,-0.0467,-0.3356,0.3066,-0.1361,Neurology
OID21090,CLEC14A,0.4294,0.291,0.1915999999999998,0.2029,-0.3266,-0.126,0.1753,-0.0246,0.0506,-0.5336000000000001,Neurology
OID21061,CLEC1B,-0.0076999999999998,0.2206999999999999,-0.8568999999999999,1.1460000000000004,-0.6234999999999999,-0.7893000000000003,-1.4077,0.4962999999999999,1.5539,0.8843000000000003,Neurology
OID20910,CLPP,0.859,0.0462000000000002,-0.4497,0.7383000000000002,-0.2654000000000001,-0.2411000000000001,-1.1883,0.4142,0.7912000000000001,0.6540000000000004,Neurology
OID21156,CLPS,-0.2963,0.2698,0.2427999999999999,0.0723,0.2200999999999999,-0.239,-0.2777,0.4762,0.3258,-0.2216,Neurology
OID20831,CLSPN,-0.1328,-0.1644,0.592,0.0701999999999999,-0.093,0.6061,0.1052,-0.496,-0.0660999999999999,0.5099,Neurology
OID20874,CLSTN1,-0.9436,0.2744999999999999,0.4401,0.0641999999999999,0.0194,0.8179000000000001,-1.2728,0.0499,-1.4698,0.1285,Neurology
OID21092,CNTN3,-0.0623,-0.0892999999999999,0.0707999999999999,0.088,-0.0657999999999999,-0.2933,0.5752,-0.277,0.072,-0.0034,Neurology
OID21117,CNTN4,0.3495,0.0102,0.0736,-0.0765,-0.2227,-0.0015999999999999,-0.0011,-0.1833,-0.0174,-0.0395999999999999,Neurology
OID21006,CNTN5,-0.1003,0.1597,-0.2295,-0.2711,-0.1144,0.0521999999999999,0.1819,-0.0583,0.2535,0.0537999999999999,Neurology
OID20797,COPE,0.5105999999999999,-0.5101,-0.3673,0.656,-0.5016,0.1136999999999999,0.2266999999999999,-0.5482,-1.0246,0.6645,Neurology
OID21060,CPA2,-0.7106000000000001,0.3005,1.0109,0.3718999999999999,0.2465999999999999,0.4808,-0.1597,0.1948,0.6155,-0.0741,Neurology
OID21054,CPM,0.1263,-0.1351,-0.1782,-0.2081,-0.0346999999999999,-0.3313,0.0749999999999999,0.1109,-0.4777,-0.2092,Neurology
OID21053,CPPED1,-0.255,0.0831999999999999,-0.3031,0.6432,0.3198999999999999,-0.5567,-0.3273,0.2393,0.8506,0.0536999999999999,Neurology
OID20923,CRADD,-0.3327999999999997,-0.1537000000000001,-0.9444,0.8523000000000001,0.2877999999999998,-0.6459000000000001,-1.4129,0.1604,1.5522,0.6886999999999999,Neurology
OID20901,CRIP2,0.2804,0.0922,-0.1793,-0.3729,0.2352,-0.0043999999999999,-0.3218,-0.47,-0.0970999999999999,0.0488000000000001,Neurology
OID20914,CRTAM,0.5184,-0.0406,-0.4006999999999999,-0.0726999999999999,0.0629999999999999,-0.0746999999999999,-0.088,-0.3383,-0.1325,-0.1032000000000001,Neurology
OID20915,CSF2RA,0.3599,-0.0045,-0.0645999999999999,-0.3531,0.1374999999999999,0.7504000000000001,-0.1333,-0.4561,0.1645999999999998,-0.0555999999999998,Neurology
OID20995,CST5,-0.0461,-0.0438999999999999,-0.3475,-0.2165,0.1554,0.0467999999999999,-0.6681000000000001,-0.4552,0.0112999999999999,0.0254999999999999,Neurology
OID21150,CTRB1,-0.2731,0.2993999999999999,0.0861,0.0665999999999999,-0.0010000000000001,0.0587999999999999,-0.2716,0.0696999999999999,0.1437,-0.1209,Neurology
OID21056,CTSS,-0.0416,0.0354,0.1247,0.122,0.2294999999999999,-0.0765,-0.0457,0.1485999999999999,0.0420999999999999,0.0871,Neurology
OID20976,CX3CL1,0.5329999999999999,-0.1440999999999999,-0.4050999999999998,-0.3186,0.1604,-0.2084,-0.0389,-0.2721,-0.0691999999999999,-0.3804,Neurology
OID21042,CXCL11,-0.067,0.0191,-0.3243000000000001,-0.0158,-0.0795,0.5233000000000001,-1.6423,-0.1258999999999999,0.7117,-0.2410000000000001,Neurology
OID21024,CXCL13,0.154,-0.0839999999999998,0.3896000000000001,0.2135999999999999,0.2453,0.0145,1.5833,0.2067000000000001,0.1077,0.033,Neurology
OID20997,CXCL8,0.1006,0.2549,0.0554999999999999,0.0054999999999999,0.3535,0.2189999999999999,-1.9185,1.023,-0.1570999999999999,0.2005,Neurology
OID20903,DARS1,-0.0072,0.0312999999999998,-0.3354,0.4571,0.1660999999999997,-0.6453000000000002,-0.3194,0.7928999999999999,1.0661999999999998,0.2611000000000001,Neurology
OID21143,DBI,0.0465999999999999,0.1802,-0.3207,0.7073,0.2052999999999998,-0.6504,-0.3838,-0.3807,1.0274,0.2796,Neurology
OID20879,DCTN6,-0.7797000000000001,0.3537,-3.1475,0.2186999999999999,0.4345999999999999,0.8516,0.5777000000000001,0.3421999999999998,0.6093000000000001,0.4557,Neurology
OID21009,DDR1,0.0756,0.0444999999999999,-0.1112,-0.0882999999999999,0.1012,-0.1257,-0.1251,0.2197,0.0015999999999999,0.0692999999999999,Neurology
OID21066,DKK1,-0.0645999999999999,-0.2102,-0.4123,0.5202,-0.0301,0.0151,-1.0848,0.5728,0.4155,0.0751,Neurology
OID20934,DKK4,0.1601,-0.2297,0.4175999999999999,-0.3296,0.5635,0.3042,-0.3519999999999998,-0.2812,-0.1182,-0.1071,Neurology
OID20956,DNMBP,-0.1880999999999999,-0.0370000000000003,-0.445,0.7360000000000002,0.4144999999999998,-0.3269999999999999,-0.7435999999999999,0.1947000000000001,1.1126,0.3842000000000001,Neurology
OID20897,DPEP1,0.2335,-0.1278000000000001,-0.1384,-0.0444999999999999,0.0265999999999999,0.0772,-0.3097,-0.1446,0.1682999999999999,-0.0791,Neurology
OID20917,DRAXIN,0.0356999999999998,-0.1200000000000001,0.1619,0.0403,-0.01,0.0355999999999999,-0.2616,-0.4928,-0.0179,-0.4366999999999998,Neurology
OID21079,DSC2,-0.1325,0.1002999999999999,-0.0431,0.0009,0.0373,-0.1303,0.0062,0.016,0.0697,-0.2307,Neurology
OID21113,DSG2,0.4182,0.058,0.1463000000000001,0.1855999999999998,-0.1402999999999999,-0.0625,0.2558999999999999,-0.0232999999999999,-0.1453000000000001,-0.1772,Neurology
OID20827,DUSP3,0.1558999999999999,-0.5418000000000001,-0.3047999999999999,-0.1389999999999999,-0.2986999999999999,-0.4735,0.6766000000000001,0.1382000000000001,0.5115999999999998,0.3136999999999998,Neurology
OID20918,EBAG9,-0.4736000000000002,0.1735000000000002,-0.8968999999999999,1.0840999999999998,0.4631000000000003,-0.8953000000000002,-0.7962,0.4025000000000001,1.8059,0.6035999999999999,Neurology
OID20891,ECE1,1.047,0.0788,0.6993,0.0116999999999999,0.5372,-0.4132,-0.2465,0.4422,0.8436,0.9024,Neurology
OID21125,EFNA1,0.4031,-0.0558,0.1827,-0.1181,-0.1191,-0.3893,-0.193,0.0615999999999999,-0.2638,-0.4941,Neurology
OID20935,EFNA4,0.0932,-0.0833,-0.1104,-0.293,0.0879,-0.043,-0.0004999999999999,-0.0199999999999999,-0.1021,-0.0358,Neurology
OID21000,EIF4B,-0.7885,0.3832,-1.0411,0.5546,0.4246999999999998,-0.1015,-0.4392,0.5238,1.0073,0.1979999999999999,Neurology
OID21037,ENO1,-2.4829,0.1845000000000001,-0.2893,1.0041000000000002,0.1682000000000001,-0.7207,-0.9921,0.0721,1.3450999999999995,0.7466999999999999,Neurology
OID21046,ENO2,-0.3353999999999999,-0.0390000000000001,-0.4138999999999999,0.9391000000000004,0.2945,-0.7693000000000001,-0.3288,0.2452,0.9223,0.3004000000000001,Neurology
OID20840,EPHA10,-0.3635,-0.6624999999999999,-2.1747,-0.7215,0.1421,-0.3873,-0.0171999999999999,-0.3982,-0.1915,1.2077,Neurology
OID20982,EPHB6,0.5630000000000001,0.1154,-0.1818999999999999,-0.3134,0.2932,-0.2815,-0.1096999999999999,-0.1120999999999999,0.2008999999999999,-0.0722,Neurology
OID20905,EREG,-0.1417000000000001,0.5261999999999999,-0.2601,0.5794000000000001,-0.1823,0.6160999999999999,-0.5467,0.1237,-0.4008,-0.1136999999999999,Neurology
OID21017,EZR,0.1028999999999999,-0.0708999999999999,0.2558,0.053,0.0201999999999999,-0.2605,0.1124999999999999,-0.1828,0.133,-0.2365,Neurology
OID21151,F11R,-0.1480000000000001,0.2278,-0.1989,0.7556,0.2133,-0.32,-0.5456,0.1926999999999999,0.9763,0.4828,Neurology
OID21043,FABP5,-0.3125,-0.0404,-0.1774,0.8293,0.092,-0.6353,-0.5808,0.4306999999999999,0.8274999999999999,0.1530999999999999,Neurology
OID21133,FCER2,0.2164,-0.0426999999999999,0.4055,0.0291999999999999,-0.4116999999999999,-0.1937,-0.1106,-0.0632999999999999,-0.0199,-0.1537999999999999,Neurology
OID21111,FCRL5,-0.1074,-0.1873,0.1879,-0.438,-0.1378999999999999,-0.2755,-0.3223,0.1072999999999999,0.0554,-0.3833999999999999,Neurology
OID20828,FGR,-0.6747000000000001,0.1953,-0.3982,-0.0088999999999999,-0.7939,-0.3587,0.1174,-0.1417,1.4825,0.5533,Neurology
OID20872,FHIT,-0.6572,0.2636999999999996,-1.2408,1.6274999999999995,1.3522,-1.4215,-0.5305,0.0508999999999999,0.9381,1.4105,Neurology
OID20960,FKBP4,0.1147,0.2419,-0.1789,0.6809,0.345,0.2377,-0.5703,0.2276,0.8807,0.2985,Neurology
OID20937,FKBP5,-0.3785000000000003,0.1936999999999997,-0.8184,1.0073000000000003,0.1474000000000002,-0.4424000000000001,-1.2034,0.3734999999999997,1.2144,0.6945000000000001,Neurology
OID20846,FKBP7,0.0923,-0.6066,-0.723,0.5084,0.1586,0.3142,0.0624999999999999,0.5951000000000001,0.4369,0.1042999999999999,Neurology
OID20946,FLRT2,0.0509,0.2552,-0.0025,-0.0030999999999999,0.2732,-0.0887,-0.2617,-0.4389,-0.2814,0.1331,Neurology
OID20884,FMNL1,0.1905,0.5328,-0.3234,-0.4396,1.6628,0.0217,-0.3362,0.8786,0.2439,-1.0347,Neurology
OID21062,FOLR2,-0.1497,0.0468,-0.0692,-0.1089,-0.0574999999999999,0.205,0.1416,0.2592,-0.0136999999999999,0.2618999999999999,Neurology
OID20791,FOSB,-0.0176999999999999,-0.3346,0.7999,-0.1822,0.6898,-0.3034,0.1136,0.0252,-0.6093999999999999,0.8537,Neurology
OID20968,FRZB,0.0823999999999999,-0.0791,-0.1059,0.1866000000000001,0.1821999999999999,0.1247,-0.3076,-0.3566,0.094,-0.0418,Neurology
OID21013,FUT3_FUT5,-0.4579,-0.2497,0.2415,-0.1684,0.2782,-0.0756999999999999,0.1806999999999999,-0.1619,-0.4284999999999999,-0.2101,Neurology
OID20992,FUT8,-0.101,0.1188,-0.3062,0.1538,0.0737999999999999,-0.0243999999999999,-1.2659,-0.4722999999999999,0.3601,0.056,Neurology
OID21140,FYB1,-0.7645,0.6206,-1.1108,1.0868,0.4183000000000001,-0.5271999999999999,-1.1572,0.7465,1.5627,0.4499999999999999,Neurology
OID20845,GBP4,-0.0294,-0.1855,0.5948,-0.0496,-0.5337999999999999,0.3517,-0.2885999999999999,0.2529,0.4249,0.4486,Neurology
OID20861,GDNF,0.1763,-0.9566,-0.0116,-1.3084,0.2528,-0.4058,1.1915,0.4776999999999999,0.0843999999999999,0.1228999999999999,Neurology
OID20933,GFRA3,0.3387,0.1392,-0.0902,-0.0475,0.2126999999999999,0.3074,-0.0114,-0.327,-0.0540999999999999,-0.0136999999999999,Neurology
OID20838,GGA1,-0.3141,-0.8303,-0.1524,-0.2986,1.1343,-0.1463999999999999,-0.3196,1.1603,-0.0315999999999999,0.3737999999999999,Neurology
OID21075,GGT1,0.4023,-0.1341,-0.5427,-0.0322999999999999,-0.2182,-0.0572,-0.1286,-0.1175999999999999,-0.2269,-0.2181,Neurology
OID20909,GGT5,0.1227,0.1488,-0.0681,0.0455,-0.1303,0.2470999999999999,0.3153,0.1246,-0.2852,-0.1531,Neurology
OID20841,GHRHR,0.2718,-0.0778,-0.6395,-0.2042,-0.3833,-0.7444,-0.9163,1.608,0.4337,0.3822,Neurology
OID20885,GKN1,0.0207999999999999,-0.2281,0.2870999999999999,0.5633,0.2367,-0.2378999999999999,-0.2643999999999999,0.0402,-0.2605,-0.2046,Neurology
OID20949,GLB1,-0.2634,-0.0385999999999999,0.2155,0.0477,0.2441999999999999,-0.3331,-0.5913,0.107,0.3137999999999999,-0.1658,Neurology
OID20825,GLT8D2,0.0572,-0.4045,0.4071,0.2778,0.1015,0.3403,-0.0468999999999999,0.5543,-0.5335,-0.2056,Neurology
OID21132,GNLY,-0.1662999999999999,-0.1755,0.2733,0.2882,0.2061999999999999,0.0186999999999999,0.1971,0.1526,-0.1076,-0.3550999999999999,Neurology
OID21044,GOLM2,0.0559999999999999,0.3257,0.146,0.0353,-0.1553,-0.3638,-0.2155999999999999,0.3954,0.1200999999999999,-0.1703,Neurology
OID21091,GP6,-0.2080999999999999,0.2242000000000001,-0.4643,0.8291000000000004,0.0092,-0.5722,-0.8938999999999999,0.4589,1.1232,0.2769,Neurology
OID20944,GPC5,0.268,-0.0301,-0.3166,-0.1354,0.0585999999999999,-0.1327,-0.1204,0.3745999999999999,0.2096,0.3695,Neurology
OID20890,GPKOW,0.0255,-0.3223,0.7014,0.4671,-0.136,1.3905999999999998,0.2010999999999999,0.4869,0.1725999999999999,0.5688,Neurology
OID21159,GRN,0.0488,0.036,0.2540999999999999,0.1563,0.0723999999999999,-0.0954,-0.1037,-0.1868999999999999,-0.1436,-0.1516,Neurology
OID20876,GSTP1,-1.1824,0.2196999999999999,0.244,-0.0592,0.2255,1.3763999999999998,-0.0022999999999999,0.9254,1.6523000000000003,0.3602000000000001,Neurology
OID21101,GUCA2A,-0.0466,0.1829,0.1507999999999999,0.3809,-0.2369,-0.0693,-0.2685,0.0815999999999999,0.29,0.0104999999999999,Neurology
OID21086,HARS1,-0.1113000000000001,0.4863000000000002,-0.6686000000000001,0.6538999999999997,0.2393,-0.2649999999999999,-0.6176999999999999,0.3062,1.1687000000000003,0.3596999999999999,Neurology
OID21137,HAVCR2,-0.0509,0.263,-0.1031999999999999,0.3863,0.0004,0.0001,-0.0214,0.2869,0.0329,-0.1331999999999999,Neurology
OID20887,HMOX2,0.2364,0.0648,-0.034,0.9782,0.2721,-0.3780999999999999,-0.1404999999999999,0.1037999999999999,0.4025999999999999,0.0907999999999999,Neurology
OID20975,HNMT,0.9471,-0.1230999999999999,-0.1578999999999999,-0.0077999999999999,0.6304000000000001,0.0285999999999999,-0.1655999999999999,-0.1393999999999999,-0.1033,0.2251999999999999,Neurology
OID20829,HSP90B1,-0.2087,-0.7561,0.5591999999999999,-0.0032999999999999,0.5371,-0.2833,-0.2380999999999999,-0.5221,-0.1417999999999999,0.1987999999999999,Neurology
OID20823,IDI2,-0.0688999999999999,0.9246,-0.0923999999999999,-0.1547999999999999,0.3113,1.6507999999999998,-0.0062,-0.9,-0.1852999999999999,-0.1022,Neurology
OID20941,IFNGR2,0.1291000000000001,-0.3977,-0.0765,-0.3661999999999998,0.3373,-0.0376,-0.5226999999999999,0.1074,-0.1403999999999999,0.0534999999999999,Neurology
OID20795,IFNL1,-0.3206,-0.8139,0.9798,0.6145,0.8885000000000001,-0.2064,-0.4093,-0.0442,-0.0774999999999999,0.2494,Neurology
OID21146,IGF2R,0.2049,-0.0654,-0.3507,-0.1853,-0.0625,-0.1164999999999999,0.225,-0.2503,0.0378,-0.0636999999999999,Neurology
OID21158,IGFBP4,0.0963,-0.1473,0.7568999999999999,0.0408999999999999,-0.0003,-0.3222,0.1112,0.2450999999999999,-0.1432,0.0574,Neurology
OID21089,IL17RA,0.065,0.0494999999999999,-0.1713,0.0686,-0.2923,-0.1502,0.2022999999999999,0.0578,0.1146,-0.1739,Neurology
OID20900,IL18RAP,0.1717999999999999,-0.3379000000000003,0.0933999999999999,0.2505999999999995,-0.1464000000000003,0.0335999999999998,-0.4478,-0.1341000000000001,-0.4066000000000001,-0.0022999999999999,Neurology
OID21116,IL1R1,0.1652,0.1499,0.0844,-0.1172999999999999,-0.0315,-0.0729,0.2085,-0.3447,-0.001,-0.1891999999999999,Neurology
OID21126,IL1RAP,0.2906999999999999,0.0484999999999999,0.1352,0.0108,-0.0928999999999999,-0.2942999999999998,0.1646999999999999,-0.1840999999999999,-0.0963,-0.1923999999999999,Neurology
OID20809,IL34,0.1271,0.0614,-0.1651999999999999,0.3815,-0.0197999999999999,0.2938,-0.3759999999999999,-0.384,0.3321,-0.4765,Neurology
OID20911,IL6,-3.2393,-0.0336,0.4992999999999999,-0.1788,-0.2319,0.3892,-0.5619,-0.2757,-0.2402,0.7896,Neurology
OID21136,IL7R,0.2034999999999999,0.205,0.2569,-0.0225,-0.1665999999999999,-0.2717,-0.1321,-0.0569999999999999,0.1952000000000001,-0.2851,Neurology
OID20855,ILKAP,0.7111,-0.6615000000000001,-0.9979,0.0992,0.2779,0.5335999999999999,-0.6205,0.0165,0.7756,-0.3938,Neurology
OID20907,IMPA1,-0.5722999999999999,0.0429,-0.3536,0.8247999999999998,0.248,0.001,0.2538,-0.1611,0.9195,0.1200999999999999,Neurology
OID20853,ING1,-0.3236,-0.6288,0.1548,1.2073,1.6038,1.0938,0.4733,0.8381000000000001,-0.3178999999999999,0.3513,Neurology
OID21093,INHBC,0.0424999999999999,0.1672,0.3646999999999999,-0.0171,0.0733999999999999,-0.1063,0.6789000000000001,-0.5487,-0.3555999999999999,0.2637,Neurology
OID20977,IPCEF1,-0.5473999999999999,0.5422999999999999,-1.2746,0.2703,-0.8198000000000003,0.207,-0.7117,0.3443,1.1402,-0.0768000000000002,Neurology
OID20889,ISLR2,-0.8018000000000001,0.2506,0.7831,-0.2865000000000001,-0.0934,0.2076,0.3021999999999999,-0.9971,-0.5037,0.0780999999999999,Neurology
OID21139,ITGA5,0.1001,-0.3679,0.2842,0.1049999999999999,-0.1083,-0.2487999999999999,-0.0493,-0.0078999999999999,0.0433,0.0299999999999999,Neurology
OID21071,ITGAM,0.0387,-0.0544,0.3184,-0.4949,-0.1485,0.1586,0.0958999999999999,-0.1036999999999999,0.1363,-0.1177999999999999,Neurology
OID20833,IVD,-0.3019,-0.1261999999999999,0.4633,0.4805,-0.1689999999999999,-0.4315,1.9477,-0.3013,-0.0141999999999999,0.5544,Neurology
OID21064,JAM2,-0.0030999999999999,-0.0397,-0.1661,0.1754,-0.1495,-0.0044,0.2909,0.3869,-0.0186,-0.2107,Neurology
OID20813,KCNIP4,0.7194,0.0440999999999999,0.0827999999999999,0.8768,-0.6920999999999999,-0.0707999999999999,0.6704000000000001,-0.6924999999999999,-1.0706,-0.1939,Neurology
OID20881,KEL,0.51,0.1600999999999999,0.1966999999999999,0.1428,-0.2021,0.4131,0.7663,-0.0948,0.1896999999999999,-0.224,Neurology
OID20873,KIRREL2,0.6147,0.2953,0.233,0.3856,0.0928999999999999,0.5673,-0.4607,0.0504,-0.2594000000000001,0.1867000000000001,Neurology
OID20888,KLB,0.1829,0.2360999999999999,-1.1840000000000002,0.3145,0.0054,0.1983,-0.9015,0.3752999999999999,-0.0823,0.4246,Neurology
OID20800,KRT14,0.2213,-0.2421999999999999,0.0892999999999999,-0.9592,0.2987,-0.0321,-0.2202,0.0675,0.0997,0.7299,Neurology
OID20860,KRT5,-1.0872,0.6316,-0.5012,-1.0241,0.6203,-0.2128,0.3794,0.0431,-0.7066,1.0678,Neurology
OID20965,LAIR2,0.3234000000000001,-0.1603000000000003,0.1447999999999999,-0.0086999999999999,-0.1122,0.1604,-0.417,-0.0423999999999999,0.4262000000000001,-0.1564000000000001,Neurology
OID21035,LAMP2,0.0448,0.0339999999999999,-0.2545,0.0561,-0.1205,-0.158,-0.0031999999999999,0.0882999999999999,0.0847,0.1348,Neurology
OID20970,LAYN,0.388,0.2578,0.1893,0.0476,-0.2408999999999999,0.1525,-0.3692999999999999,-0.0167999999999999,-0.1249,-0.3566999999999999,Neurology
OID21034,LBR,0.1242,0.1149,-0.3955999999999999,0.7343000000000002,0.0846,-0.4447000000000001,-0.3806,0.3414,1.0902,0.3040999999999999,Neurology
OID21041,LGALS8,-0.3626,0.1805,-0.4071,1.0459999999999998,0.1433999999999999,-0.4427999999999999,-0.3044,0.2946,0.9102,0.4264,Neurology
OID20824,LIF,0.4581999999999999,-1.4751,0.7896,-0.8684999999999999,0.2657,0.9536,-1.2319,0.9536,-0.8476,0.5916,Neurology
OID21152,LILRA2,0.0172999999999999,-0.1956999999999999,0.1637,0.1901,0.0952,-0.1911,0.0975,-0.3002,0.1072,-0.1166,Neurology
OID20963,LPO,0.266,0.1712,0.4004999999999999,-0.1612000000000001,0.1066,0.1426,-0.1512,-0.3476,-0.071,-0.1149999999999999,Neurology
OID21059,LRPAP1,-0.2993,-0.0037,0.1204,0.0371999999999999,0.072,-0.1726,-0.2398,0.1222,0.1613,-0.1463,Neurology
OID21003,LXN,0.5991,0.1452,0.3802999999999999,0.384,-0.0774,-0.4095,0.0020999999999999,-0.2946000000000001,0.2272,-0.4401,Neurology
OID20945,LY96,0.1646,-0.1055,0.2016,-0.3454999999999999,0.1613,-0.0264999999999999,-0.0142,-0.5768,-0.1155999999999999,-0.1418,Neurology
OID20821,LYPD1,-0.1229,-0.0865,0.7004999999999999,0.3568,0.1508999999999999,0.3479000000000001,0.0835,0.6146,-0.5548,-0.8144,Neurology
OID20904,MAD1L1,0.5167,0.2162,0.2433999999999999,0.0993,0.2192,0.1505,-0.3611999999999999,-0.6808000000000001,0.4378,-0.1543999999999999,Neurology
OID20899,MAP4K5,-0.2854999999999998,0.3046000000000002,-0.5859,1.1755000000000002,0.3788999999999998,-0.2909000000000001,-0.9475,0.12,1.3,0.5336000000000001,Neurology
OID20830,MAPT,-0.6234999999999999,-1.1768,-1.9431,-1.1901000000000002,0.9514,-1.5925,-0.8236,0.3654,-0.8584999999999999,-0.8335,Neurology
OID20954,MASP1,0.4186000000000001,-0.1054000000000001,-0.1809999999999998,-0.5251999999999999,0.1069999999999999,0.0423999999999999,0.0886,-0.3548,0.1042999999999998,-0.0171999999999999,Neurology
OID20979,MATN3,0.1144999999999999,-0.0701,0.0250999999999999,-0.1246,0.1081999999999998,0.0654999999999998,-0.0628999999999999,-0.2942,-0.1582,0.0723999999999998,Neurology
OID20877,MAX,0.6534000000000001,-0.2973,-0.4237999999999999,1.2115000000000002,0.4008,-0.4519000000000001,-0.5553,1.2205,0.3609,0.7161000000000001,Neurology
OID20951,MDGA1,0.1583000000000001,-0.1235,-0.1407,-0.0968999999999999,0.2203,0.0026,-0.2768,-0.2883,-0.1987000000000001,-0.0167999999999999,Neurology
OID21099,MESD,-0.393,0.1231999999999999,-0.3639,1.0985,0.0752000000000001,-0.4021999999999999,-0.672,0.2673999999999999,1.461,0.4161999999999999,Neurology
OID20815,METAP1,0.5033,0.8747,0.383,0.6604,0.3196,0.2248,0.1022999999999999,0.1190999999999999,-0.511,0.3257,Neurology
OID21134,MFGE8,-0.0501,0.3948,0.2900999999999999,0.3222,0.3372,0.1747,0.3359999999999999,0.4505999999999999,0.1773,-0.1888,Neurology
OID21073,MIF,-0.3253000000000001,0.1785999999999998,-0.5974000000000002,1.2012999999999998,0.3340999999999998,-0.7586000000000002,-1.0855,0.2666,1.6225000000000005,0.4371,Neurology
OID20959,MITD1,-0.3839000000000001,0.1984999999999996,-0.8463000000000003,0.6007999999999996,0.3372999999999995,-0.3077999999999998,-1.399,0.2368000000000001,1.2609000000000004,0.5053999999999998,Neurology
OID20807,MMP13,0.2013,-0.2675,-0.4083,-0.2573999999999999,-0.2294999999999999,1.0785,0.5654,0.0647,0.0768,0.2935,Neurology
OID21083,MMP3,0.2613000000000001,0.4794999999999999,0.4791000000000001,0.1321999999999999,-0.1820999999999999,0.221,0.0814999999999999,0.1659,0.0201999999999999,-0.5370000000000001,Neurology
OID21019,MMP8,-0.5584,-0.0890000000000001,-0.1077999999999999,-0.3668,-0.2744999999999999,-0.1233999999999999,-0.3379,0.5233000000000001,0.5185000000000001,0.311,Neurology
OID21103,MMP9,-0.1089999999999999,0.0401999999999999,0.6238999999999999,0.0847,-0.1152,0.0554,-0.9161,0.5022,0.2153999999999999,0.1766,Neurology
OID21100,MPO,0.1983,-0.2108999999999999,0.2418,-0.2148,-0.0327,0.2011,-0.5808,0.6096,0.2353,-0.0166,Neurology
OID20858,MRPL46,1.0353,-0.1474999999999999,0.2943,0.5795,-0.1235,0.2712,0.4594,0.5547,0.3386,0.8271000000000001,Neurology
OID21063,MSR1,-0.1222999999999999,-0.0477999999999999,0.0532999999999999,-0.3205,0.1761,-0.174,0.1357,-0.0812,-0.4122,-0.0166999999999999,Neurology
OID20866,MUC13,-0.8653000000000001,-0.1083,0.0128,-0.5333,-0.7702,0.5155000000000001,0.2295000000000001,-0.0179,1.1807,0.6135,Neurology
OID21121,MYOC,0.1144,0.9825,0.7121999999999999,0.2862,-0.1467,0.0193,0.0770999999999999,-0.5862,-0.0221,-0.6165,Neurology
OID20931,NAAA,0.1157999999999999,-0.0343,-0.2952999999999999,-0.395,0.1253999999999999,0.4187,-0.621,0.0886,-0.1755,-0.2815999999999999,Neurology
OID21095,NCAM2,-0.0531999999999999,-0.1872999999999999,-0.2615999999999999,-9.9999999999989e-05,0.1193,0.1078,0.0426,-0.21,0.1522,-0.3569,Neurology
OID21055,NCAN,-0.2893,-0.0056,-0.1458,-0.0015,-0.0154,-0.1480999999999999,0.2453,-0.0449999999999999,-0.2056,-0.3358000000000001,Neurology
OID20792,NDRG1,-0.4368,-1.3577,-0.2971,0.0694,0.1409000000000002,0.2971999999999999,0.1732,1.709,0.312,0.1833,Neurology
OID20871,NEFL,-0.0368,0.4914,0.4184,1.5888,-0.6216999999999999,-0.1085,-0.5017,0.6763,-1.6256,1.388,Neurology
OID20920,NGF,0.3299999999999999,0.1746,0.1924,-0.126,-0.1662,0.3395,-0.0133999999999999,-0.0600999999999999,0.0626,-0.0683,Neurology
OID21085,NID2,0.0999999999999999,-0.0246,0.3777,0.4725,-0.1076,0.1202999999999999,-0.4129,-0.1096999999999999,0.4915,0.1726999999999999,Neurology
OID20913,NMNAT1,0.4616,0.1009,-0.3668999999999999,-0.3182,0.2260999999999999,0.7964,-0.237,-0.63,0.8936,-0.33,Neurology
OID21106,NOMO1,0.2517,-0.0666,0.0466,-0.0596,-0.0341,-0.2695,-0.2003,-0.1279,0.0483,-0.2075,Neurology
OID20863,NOS1,0.1452999999999999,-0.2225,1.6215,0.3191,1.9524,1.2608,-0.6098,-3.6799,0.3802,-0.8942000000000001,Neurology
OID20834,NOS3,-0.4340000000000001,-0.0681,0.5291,0.808,0.4669999999999998,0.8923000000000001,0.3752999999999999,0.1505,-0.1985,0.1268,Neurology
OID20961,NPM1,1.0456,0.1913,-1.0354,-0.5331,0.3742999999999999,1.7552,-0.0687,0.2053,0.3134999999999999,-0.8502000000000001,Neurology
OID21074,NPTX1,-0.0374999999999999,0.01,0.0417,0.1035,-0.0799999999999999,-0.0445,0.1628,0.0232,-0.0258999999999999,-0.091,Neurology
OID21081,NRP2,0.4822,-0.2063,0.1384999999999998,-0.318,0.0652999999999999,-0.2012999999999999,-0.039,-0.0468,0.2676,-0.6109,Neurology
OID21022,NSFL1C,-0.0746999999999999,-0.1119000000000001,-0.5925,0.9777999999999998,0.4340000000000001,-0.7535000000000001,-0.977,0.2596999999999999,1.4282,0.4349,Neurology
OID21057,NTRK3,0.2706,-0.0312,-0.0444999999999999,0.0377,0.0696999999999999,-0.0706,-0.3016,0.1482,-0.1585999999999999,0.0554999999999999,Neurology
OID21115,NUDT5,-0.2612000000000001,0.0747999999999999,-0.3293999999999999,0.7382,0.1874,-0.4217000000000002,-0.3368,0.1784,0.9324,0.1818999999999999,Neurology
OID20849,NXPH1,-0.3651,0.8247,-0.7009,0.0486,-0.2662,-0.9166,2.183,1.0103,-0.6023999999999999,-0.9907,Neurology
OID20980,OBP2B,0.0907999999999999,-0.1896999999999999,-0.5357000000000001,0.0306,0.0318999999999998,0.0286999999999997,-0.431,-0.2073,-0.613,-0.4791000000000001,Neurology
OID20793,ODAM,-0.1743,-0.4674,0.7087,-0.3063,0.3645,0.6178,0.0622,-0.0362,-0.7,0.1986,Neurology
OID21123,OGN,0.2484,0.1370999999999999,0.0372999999999999,-0.3465,0.1152,-0.732,0.235,0.0284999999999999,-0.1139,-0.1154,Neurology
OID21047,OXT,-0.4397999999999999,-0.2946,0.1649,-0.7422,0.4099999999999999,-0.1070999999999999,0.4548,-0.1834,-0.8552,0.3677999999999999,Neurology
OID20832,PADI4,0.1674999999999999,-0.3449,0.3535999999999999,-0.187,1.0094,0.3056999999999999,1.2839,1.265,0.1405,1.0188,Neurology
OID20925,PAEP,0.0483,0.1196000000000001,0.1481999999999996,3.9123,-0.5228000000000002,-0.0356999999999998,-0.2209999999999999,-0.2213,-0.9137,0.0053999999999998,Neurology
OID20819,PAK4,-0.006,-0.9489,-0.7138,0.5954,1.0512,0.3896,0.122,0.3125,-0.1955,0.7517,Neurology
OID21153,PAMR1,0.2085999999999999,0.0031999999999999,0.1836,0.1446999999999999,0.2584,-0.1085999999999999,-0.1953,-0.1408999999999999,0.1288,-0.2572,Neurology
OID21160,PARK7,-0.0336,0.2100999999999999,-0.5156,1.0374,0.1674999999999999,-0.1735,-0.4609,-0.4395,0.8934,0.3080999999999999,Neurology
OID20839,PBLD,0.8855,-0.066,0.3444,0.9239,0.9496,-0.7605999999999999,-0.7366,0.477,0.7131999999999998,-0.3725,Neurology
OID21021,PDCD5,-0.5869,-0.0044,-0.7478999999999999,0.4483,0.4188,-0.6498,-1.0342,0.153,0.9316,0.1812,Neurology
OID21087,PEBP1,-0.0828999999999999,0.0553,-0.5161,1.0867999999999998,0.3842999999999998,-0.4802,-0.3137,-0.5559999999999999,0.7303,0.1238,Neurology
OID21131,PECAM1,-0.004,0.1391,0.0497,0.3539000000000001,0.2967999999999999,-0.2165,-0.2815999999999999,-0.5436,0.4594,-0.0144999999999999,Neurology
OID20892,PFDN2,1.2353,2.9908,0.8863,0.9236,-1.1265,-0.0315999999999999,0.6678,0.8599000000000001,0.6636,0.3719,Neurology
OID20922,PHOSPHO1,-0.0145,-0.2975,0.6379,0.0292999999999999,0.3026,1.4152,0.3157999999999998,-1.3072,-0.1782,0.4042,Neurology
OID21102,PIGR,0.0206999999999999,0.3357,0.2714,0.1447,-1.1055,0.071,0.074,-0.3120999999999999,-0.1266,-0.0552,Neurology
OID21094,PIK3IP1,0.3059,0.1357,0.1938,0.0552999999999999,0.1236999999999999,0.1104999999999999,0.0091999999999999,0.198,-0.0751999999999999,-0.086,Neurology
OID21129,PILRA,0.139,0.0912,0.0814,0.0711999999999999,0.1961999999999999,-0.1376999999999999,0.0421999999999999,-0.1103,-0.0081999999999999,-0.3606,Neurology
OID21002,PLA2G10,-0.4740000000000001,0.9531,0.9176,0.6439999999999999,0.076,0.0549,-1.0762999999999998,0.0257,0.2304999999999999,-0.4746,Neurology
OID21105,PLA2G7,-0.0678,-0.2227,-0.0937,0.2605,-0.0833,0.0597999999999999,0.0980999999999999,-0.1739,-0.0428,0.0685,Neurology
OID21124,PLAU,0.2051,0.0261,0.2752,0.0269,0.2164999999999999,-0.1165,-0.0673,-0.2982,-0.0798999999999999,-0.2099,Neurology
OID20835,PLIN1,-0.3026,-0.3691,0.6853,0.9276,0.1755999999999999,0.2074,-0.3043,0.3294,-0.5227,0.2593,Neurology
OID20850,PMVK,-0.3242000000000002,-0.0215999999999993,-0.9400999999999996,0.9265,0.2092999999999998,-0.7844000000000007,-1.4965,1.0008000000000004,1.5684000000000005,1.0795999999999997,Neurology
OID21027,PPCDC,-0.2108000000000001,0.1491,0.1761,0.7671000000000001,-0.0019,-0.2624999999999999,-0.2685,-0.0625999999999999,0.7258,0.1246,Neurology
OID20902,PPP3R1,-0.2894999999999998,0.2879,0.1417999999999999,0.4254999999999999,-0.0293000000000001,-0.0634999999999998,-0.1990999999999999,-0.3468,0.6730999999999998,0.5322999999999999,Neurology
OID20962,PRDX1,-0.0255999999999999,0.3344999999999999,-0.17,0.3022,-0.0917,0.0824,-0.4558,0.248,0.3878,-0.1059,Neurology
OID21033,PRL,0.875,-0.6068,0.1706999999999998,-0.0005999999999999,0.0896999999999998,0.2885,0.3867,0.5756999999999999,-0.4713,0.1536999999999999,Neurology
OID20867,PRTFDC1,-0.2298,0.4178000000000001,0.3501000000000001,1.3477999999999994,0.3919999999999999,-0.3093999999999997,-0.9693,1.1616,2.1046,0.7599999999999998,Neurology
OID20916,PSG1,0.0060999999999999,-0.4908,0.0102000000000002,0.7488000000000001,-0.1288,-0.1633,-0.3211000000000001,-0.3928000000000002,0.0275999999999999,-0.0235,Neurology
OID20969,PSME1,-0.2222,0.2286999999999999,-0.577,0.3115,0.2293,-0.3397,-0.2138,-0.2977,0.5066,-0.0579,Neurology
OID20989,PSME2,-0.4711999999999999,0.4466999999999999,-0.4234999999999999,0.4056999999999999,0.369,0.0800999999999999,-0.8314999999999999,-0.0017999999999999,0.493,-0.0808,Neurology
OID20794,PTEN,-0.9514,0.2085,-0.4061,0.3944,-0.6178,-0.3772,-0.64,-0.0259999999999999,0.3714,0.3896,Neurology
OID20880,PTK7,0.4765,-1.0896,0.9652,0.3222,-0.6268,1.1718,0.0831,1.0865,-0.691,1.2708,Neurology
OID20908,PTPN1,-0.2503999999999999,0.2291000000000003,-0.9048,0.7265000000000001,0.3938999999999999,-0.8846999999999998,-0.9002,-0.0259,0.9743,0.4301000000000001,Neurology
OID20912,PTPRN2,-0.489,-0.2233,-0.584,-0.4574,-0.3839,-0.1859,-0.257,-0.1582,-0.2360999999999999,-0.5048,Neurology
OID20847,PTS,0.2166,-0.0949999999999999,-0.3807,-0.0753,0.9299,0.9678,0.6062000000000001,-0.5015000000000001,-0.1613,0.2163999999999999,Neurology
OID21011,PVR,0.2303,-0.1218,-0.0552999999999999,-0.0531,0.0166999999999999,-0.1180999999999999,0.2461999999999999,-0.0607999999999999,-0.2122,0.0038999999999999,Neurology
OID20822,PXN,-0.146,-0.5485000000000001,-0.2504000000000002,0.0954999999999999,0.1404999999999999,0.1358999999999999,-0.2128000000000001,0.3366,-0.0129000000000001,0.3026,Neurology
OID20817,RAB6B,-1.1538,0.0320999999999997,-0.0625,0.0053999999999998,-0.6415000000000002,0.1497999999999999,0.1655999999999999,2.2732,-0.1368,0.4754,Neurology
OID20826,RASA1,0.2129,-0.0047999999999999,-0.2646,-0.1239,-0.2193999999999999,0.6149,0.0212999999999999,0.3006,0.3595,-0.2635999999999999,Neurology
OID20986,RBKS,0.9001000000000001,-0.3441999999999999,-0.5854,0.1363999999999999,0.9571,0.2001,-0.8581999999999999,-0.8465,0.2637,0.026,Neurology
OID21142,RELT,0.1258,-0.0949,0.0288,0.3211,-0.2506,-0.2228,-0.2185,-0.0911,0.0705,0.127,Neurology
OID21065,RGMA,-0.2138000000000001,0.0134999999999999,-0.1449,-0.197,-0.0243,-0.2914,-0.1751,0.0461,0.0507999999999999,-0.2786,Neurology
OID21045,RGMB,-0.1966999999999998,0.1863,-0.1899999999999999,-0.0518999999999999,0.4482,-0.2727,-0.1848,0.3394,0.1781,-0.2282,Neurology
OID20950,RHOC,-0.2766999999999999,0.2604000000000002,-1.0672,1.2096,0.0968999999999997,-0.6966999999999999,-1.4792,0.7797999999999998,1.4916,0.9594,Neurology
OID21007,ROBO2,-0.3127,0.2014999999999999,-0.3573,-0.2332,-0.0899,-0.1753,0.0022999999999999,0.1538,0.0037999999999999,0.1939,Neurology
OID20938,RSPO1,0.5761999999999998,-0.0706999999999999,0.0404999999999999,-0.1275000000000001,-0.2055,0.4066999999999999,-0.4340999999999999,-0.2701000000000001,-0.1462,-0.0242999999999999,Neurology
OID21015,RWDD1,-0.5650999999999999,0.1724999999999998,-0.5451999999999999,0.6507999999999998,0.2558000000000002,-0.2885,-0.1271,0.2985,1.2866,0.6212000000000002,Neurology
OID20878,S100A16,0.9776,-0.4288999999999999,0.2835999999999999,0.4847,-0.1043999999999999,0.7623,0.9984,0.0252999999999999,-0.5136999999999999,-0.1104,Neurology
OID21058,SCARA5,0.5427,-0.0304,-0.2501,0.0812999999999999,-0.1415,0.244,0.4174,-0.0319,0.0466999999999999,-0.3306,Neurology
OID20805,SCARB1,0.1130999999999999,0.3502,0.1610999999999999,-1.0592,-0.1822,1.1646,0.0209999999999999,-0.3397,0.5394,-0.1314,Neurology
OID20943,SCARB2,0.1924,-0.1178,-0.0855,-0.209,0.1877,0.1714999999999999,-0.1021,-0.1164,-0.1224,0.1318,Neurology
OID21048,SCARF2,-0.1328,-0.0011999999999999,0.0002999999999999,-0.0139,0.1106,-0.4226,0.0411,0.1511,0.0548,-0.2853,Neurology
OID21020,SEMA4D,0.0402,-0.0701,0.0477,0.1168999999999999,0.1339,-0.0892,-0.1965,0.0872,0.4301,-0.1265,Neurology
OID21088,SERPINB1,-0.4084000000000001,0.0675,-0.3485,1.1994999999999998,0.2147000000000001,-0.5659000000000001,-0.4681,0.5602,1.3676,0.3363,Neurology
OID21023,SERPINB6,-0.4044999999999998,0.1720999999999999,-0.3722,0.9736000000000002,-0.0075,-0.2710000000000001,-0.1304,0.1371999999999999,0.7812999999999999,0.3833999999999999,Neurology
OID20932,SERPINB9,-0.1754000000000002,0.1461999999999998,-0.6082999999999998,0.2096,0.1166999999999998,-0.0164999999999999,-0.7301000000000001,-0.0689999999999999,0.4420999999999999,0.2714999999999998,Neurology
OID20790,SESTD1,-0.3605,0.2977000000000003,-1.1175,0.9015,-0.1562000000000001,-0.0246999999999999,-0.1252999999999999,0.8382,0.8624,1.1339,Neurology
OID20948,SETMAR,0.1171,0.0247,0.2860999999999999,-0.133,0.218,0.392,-0.048,-0.9249,0.0037999999999999,-0.0209999999999999,Neurology
OID20984,SFRP1,0.5281999999999999,-0.3847999999999999,-0.3091999999999999,0.1409999999999999,0.8056999999999999,1.4581,0.2164999999999999,-1.7859999999999998,0.1632,-0.1387,Neurology
OID20812,SIGLEC15,-0.1850999999999993,0.6438,-0.1954,0.5317000000000001,-0.1959,-0.4267000000000001,-0.1749,0.1442,-0.072,-0.1218,Neurology
OID21082,SIGLEC5,0.1867999999999999,0.0635,-0.3377999999999999,0.0434999999999999,0.0392,-0.0900999999999998,0.3789,-0.2258,0.193,-0.4747,Neurology
OID20820,SIRT5,-0.9555,-0.1091999999999999,-0.178,-0.0771000000000001,-0.1252000000000002,0.3052,-0.6335000000000001,-0.2783,-1.0766,1.1826,Neurology
OID20906,SKAP1,0.9689,-0.0275999999999999,-0.8271000000000001,-0.2446999999999999,0.6072,0.3485,-0.0036999999999999,0.4521,0.3229,-0.2428,Neurology
OID20799,SLC16A1,-0.2732,-1.1087,-0.1094,0.9379,-0.4545,0.8815,-0.1859,-0.3157,-0.2085,0.2603,Neurology
OID20814,SLC27A4,0.6686000000000001,-0.6154999999999999,0.6343000000000001,0.4666999999999999,0.5176000000000001,-0.776,-0.0083999999999999,-0.6358,1.3380999999999998,-0.5307,Neurology
OID20852,SLC39A14,-0.3201,-0.3425,0.3683999999999999,0.2562,0.8494999999999999,0.7208,-0.7492,0.5655,-0.324,0.1648,Neurology
OID20862,SLIT2,0.137,-0.2837,-1.8519,-1.37,-0.1903,-0.3902,0.662,0.2546,0.5978,0.4341,Neurology
OID20796,SMARCA2,0.0495999999999998,0.6856000000000004,-0.3284000000000002,0.2877999999999998,-0.9211,1.2961,-0.2835000000000005,0.0293999999999998,-0.6411999999999995,1.4427000000000003,Neurology
OID21028,SMPD1,-0.2353,-0.2686999999999999,-0.3203,-0.1171,-0.1885,-0.1404999999999999,-0.1416,0.1659,-0.3891,0.0734,Neurology
OID20971,SNCG,0.2485,-0.5027999999999999,-0.0905,-0.4508999999999999,0.7177,-0.1175,-0.0615,-0.3563,-0.1057000000000001,0.0825,Neurology
OID21114,SOD2,0.1069,0.0494,-0.0807999999999998,0.2186999999999999,0.0159,-0.0126999999999999,-0.0028999999999999,-0.1158,0.8912,0.0646999999999999,Neurology
OID21097,SPINK1,-0.2402,0.1517,0.1066999999999999,-0.2239999999999999,0.0281,-0.0608,-0.1186999999999999,0.3796,-0.1227,-0.0834,Neurology
OID21148,SPINK5,0.4844,0.332,0.2427,0.4208,0.1804,0.0732,-0.0589,0.0961,-0.0317,-0.2735,Neurology
OID21109,SPINT1,0.4486,0.0774,0.031,0.08,-0.1187,0.1286,0.3462,-0.0345,-0.0068,-0.1741,Neurology
OID20924,SPOCK1,0.1143,-0.07,-0.0052999999999999,-0.0267999999999999,0.2175000000000001,0.1583999999999999,-0.2674999999999999,-0.3758,-0.1645,-0.121,Neurology
OID20818,SSB,1.1367,-1.859,0.8228000000000001,-0.0552999999999999,0.8961,0.4083,-0.9422,0.2967,-0.2165999999999999,0.3945,Neurology
OID20955,STAMBP,-0.2938000000000003,0.1949,-0.6721,0.9145000000000004,0.3384,-0.3758999999999999,-1.0229,0.0772,1.3764,0.5995999999999999,Neurology
OID21014,STC1,-0.4176999999999999,0.0916,0.1413,0.5341,-0.0791999999999999,-0.6099,0.2947000000000002,-0.0246,-0.1752,-0.2491999999999999,Neurology
OID21157,STC2,0.2695999999999999,0.0008,0.2950999999999999,-0.3183999999999999,-0.0105999999999999,-0.2454,0.3024000000000001,-0.0204999999999999,0.0799999999999999,-0.3494,Neurology
OID21077,STIP1,-0.1305999999999998,0.3705,-0.143,0.8915,0.1877999999999999,-0.5410000000000001,-0.1844,0.04,0.8729,0.3737999999999999,Neurology
OID20837,STK24,0.1289,-0.0458,-0.3715,-0.486,0.1923999999999999,-0.7093,0.422,1.4871,1.0749,0.4484999999999999,Neurology
OID21031,SULT1A1,-0.8047,0.3125999999999997,-0.9892,1.0126,0.1832000000000002,-1.1964,-1.5377,1.0004,1.6074000000000002,0.9953,Neurology
OID21032,SUMF2,0.7773000000000001,-0.4616999999999999,-0.4131,0.0353999999999999,0.6124999999999999,-0.3159,-0.3359000000000001,0.6484,0.4095,0.5951,Neurology
OID21098,SUSD2,0.0216999999999999,-0.0632,0.0453999999999999,-0.0404,-0.079,-0.1293,0.236,-0.2077,0.1361,0.0504,Neurology
OID20870,TARBP2,-0.8832,-0.1910999999999998,-1.2303,0.9133,0.0247000000000001,-0.3667,-2.8959,0.6725,2.0294,0.4701000000000001,Neurology
OID20844,TBC1D17,-0.0381,0.3345,0.2637,0.4863999999999999,-0.1392,-0.5812,-0.2129,-0.299,0.3904,0.212,Neurology
OID20993,TBCB,-0.6960000000000002,0.1231999999999997,-1.0946,1.0716,0.4518000000000004,-0.9592,-1.471,0.8506,1.8035000000000003,0.8385000000000002,Neurology
OID20942,TBCC,-0.3868,-0.0247999999999999,-0.5835,0.7336,0.4614,-0.3644999999999998,-1.1448,0.3496,1.3171,0.4801000000000001,Neurology
OID20987,TCL1A,1.2008,0.0020999999999999,-0.5852999999999999,-0.2228,0.6088,1.3055,-0.7262,-0.0804,0.2974,-0.2692999999999999,Neurology
OID20816,TDGF1,-0.8011,-0.1624999999999998,-0.4753,-2.8675,-0.2039,1.2866,0.9365,0.1009000000000002,0.9764,0.9782,Neurology
OID20875,TDRKH,-0.2690999999999999,0.5785999999999998,-0.4157,1.0434,0.2526999999999999,-0.4768000000000001,-0.7163,0.0483,1.1515,0.8026,Neurology
OID21154,TFF1,0.0191,0.2876,0.3587,-0.1930999999999999,0.0387,0.1102,-0.032,0.4194,0.0456,0.1412000000000001,Neurology
OID21104,THBS2,0.5025999999999999,0.1203999999999999,0.3685,0.0917999999999999,0.1948999999999999,-0.0171,0.1543,-0.0897999999999999,0.0068999999999999,-0.0285,Neurology
OID21050,THY1,-0.2154,-0.0336999999999999,-0.1378,0.0652,0.2247,-0.2249,0.1080999999999999,0.1719,-0.0638,-0.0948999999999999,Neurology
OID20894,TIGAR,0.8099000000000001,-0.1180999999999999,2.383,-0.9837,0.1601,1.7768,0.2556,-1.3233,0.7122,-0.4739,Neurology
OID21147,TIMP4,0.3746,0.2198,0.4029999999999999,0.2275,0.1072999999999999,-0.1333,0.1447,0.0342,-0.0437,-0.0935,Neurology
OID20947,TMPRSS5,0.0490999999999999,-0.3161,-0.225,-0.2813,0.177,0.1089,0.0054,-0.3968,0.0284999999999999,-0.0473999999999998,Neurology
OID21118,TMSB10,-0.1279,0.3258,-0.1874,0.5549,0.0093,-0.2467,-0.489,0.2963,0.6736,0.2061,Neurology
OID20848,TNF,0.1311999999999999,0.7519,0.1061,-0.0298,-0.5918000000000001,-0.3667,-0.2002,-0.2799,-0.1869,0.1001,Neurology
OID20967,TNFRSF10A,0.4012,-0.1833,0.1224,-0.3219999999999999,0.1780999999999999,0.4981,-0.5999,-0.1228,-0.0276,-0.0787999999999999,Neurology
OID20981,TNFRSF10B,0.2261,-0.2631,-0.0713,-0.5235000000000001,0.3308,0.2915,-0.1976,-0.1965999999999999,-0.3397,-0.0758,Neurology
OID21155,TNFRSF1A,0.1337,0.0214999999999999,0.5493,-0.0033,-0.1071,0.0776,0.0665,-0.2623,-0.0234999999999999,-0.3535,Neurology
OID21145,TNFRSF1B,0.2976999999999999,0.0862,0.2349,0.1700999999999999,0.0051999999999999,0.1775,0.0302,-0.0371,0.0428999999999999,-0.3141,Neurology
OID21052,TNFRSF21,-0.1725,0.0696,-0.0078,-0.0141,0.3078999999999999,-0.1921999999999999,-0.1107,0.0446,0.0406999999999999,-0.3085,Neurology
OID20964,TNFRSF6B,0.3172,-0.0096,0.3584,-0.1727,0.5337000000000001,0.5095000000000001,-0.3085,-0.0209000000000001,0.0982,-0.1405999999999999,Neurology
OID21049,TNFRSF8,-0.0938999999999999,0.1124,-0.1426,0.2087999999999999,0.0095999999999999,-0.4315,0.0640999999999999,0.1495,-0.003,-0.1566999999999999,Neurology
OID20985,TNFRSF9,0.0642999999999999,0.0205,-0.1539,-0.0844,-0.0561,-0.0867,-0.4645,-0.0426999999999999,-0.0099,-0.0214,Neurology
OID20953,TNFSF14,-0.0732,-0.0222999999999999,0.0559,0.4345,-0.1122,-0.2505,-0.7296,0.571,0.77,0.4648,Neurology
OID20957,TNR,0.5796999999999999,0.0828999999999999,0.0544999999999999,-0.0498,-0.1489,-0.182,-0.0747999999999999,0.0333,0.0003999999999999,0.0907,Neurology
OID21107,TNXB,0.3378,-0.0315999999999999,0.1038,0.1732999999999999,-0.0892999999999999,-0.1119999999999998,0.1893999999999999,-0.2002,-0.0625999999999999,-0.3183999999999999,Neurology
OID20842,TPPP3,0.3282,-0.614,0.8362,0.2537,-0.523,0.5791000000000001,-1.091,-0.3998,-0.3964999999999999,0.1333,Neurology
OID21120,TREML2,0.3082,0.1866,0.0054,0.1175,-0.0838999999999999,-0.3434,0.1444,0.2139999999999999,0.2848,-0.217,Neurology
OID20868,TST,-0.5016999999999999,-0.1239999999999996,0.1551,0.5242999999999998,-0.1541999999999999,0.0093,-1.2154,-0.0587,0.8501000000000001,0.8746000000000002,Neurology
OID20952,TXLNA,-0.4047999999999998,0.9332000000000004,-0.9712,0.3779999999999999,0.3888000000000002,0.0466,-0.6405000000000001,0.3804,1.3095,0.3481000000000001,Neurology
OID21012,TXNDC5,-0.1018000000000001,0.5227,-0.4075999999999999,1.0757,-0.3135000000000001,-0.4849,-0.6771,0.254,0.4914,0.4095,Neurology
OID21135,TXNRD1,-0.0916,0.1492,0.1605000000000001,0.4186000000000001,0.0367,-0.0461,-0.2186999999999999,-0.5991,0.5233,-0.1059,Neurology
OID20919,ULBP2,0.1044,-0.1366,-0.2062,0.0150999999999999,0.2728,-0.1191,-0.1008,-0.3312,-0.0144999999999999,-0.1443,Neurology
OID21026,VCAN,-0.1038999999999999,0.0702999999999999,0.2310999999999999,-0.0464,-0.2051999999999999,-0.1402,-0.0494999999999999,0.3567,-0.2911999999999999,-0.0689,Neurology
OID21144,VSIG4,0.0584,0.4271,0.6781,0.5148999999999999,-0.0158999999999999,-0.0100999999999999,0.2082999999999999,-0.1024,0.3356,0.009,Neurology
OID20851,VSTM1,0.2537,-0.3751,-0.2682,0.4053,-0.8252,-0.6186,0.0163999999999999,0.4182999999999999,0.1349,1.1202,Neurology
OID21016,VTA1,-0.6657000000000002,0.6124,-0.9936,0.8161999999999998,0.4614999999999998,-0.4790999999999999,-0.9966,0.9777,1.3592,0.5956,Neurology
OID20936,VWC2,-0.0859,0.1004,-0.1911,-0.0926999999999999,0.3519,0.2831,-0.0332,0.0137,0.1453999999999999,-0.162,Neurology
OID21084,WARS,-0.1101,0.0048,0.1707,0.0322999999999999,0.1801,-0.0352,0.07,-0.142,0.0222999999999999,-0.3092,Neurology
OID20882,WASF3,0.3530000000000001,-2.0748,1.4897,-1.3893,1.6084,-1.0735,7.8459,-0.6919,1.9123,-0.8942,Neurology
OID20939,WFIKKN1,0.3832,-0.1038999999999999,-0.1173999999999999,-0.2463,0.3300999999999999,-0.1061,-0.477,-0.5145999999999997,0.1590999999999999,0.0804,Neurology
OID20926,WWP2,-0.1866000000000001,0.0630999999999999,-0.1903999999999999,0.2966999999999999,0.0099,-0.0102999999999999,-0.5409999999999999,-0.0689,0.8380999999999998,0.4678,Neurology
OID20869,XRCC4,0.2390999999999999,0.6161,0.0392,0.4663,-0.3315,-0.1489999999999999,0.0693999999999999,0.4675,0.5977000000000001,-0.5135,Neurology
OID30877,ADGRV1,0.0322999999999999,0.4679,0.7942,-1.4776999999999998,0.5972,-1.0489,,-0.3641999999999999,-0.3007999999999999,0.6789999999999999,Neurology_II
OID30793,AGBL2,-0.4313999999999998,0.7554,1.4241,-0.8160000000000003,8.8568,6.6972000000000005,,-0.9198,-0.5145,1.2613,Neurology_II
OID30956,AIDA,-0.3412,0.0542999999999999,1.6031,0.5588,0.0772999999999999,-0.3333,-0.26,0.0469,0.2944,-1.9541,Neurology_II
OID31142,AK2,-0.3789,0.0896999999999998,-0.5159,1.0253,0.0221999999999999,-0.2645999999999999,-0.2904,-0.1714,1.4385,0.3458,Neurology_II
OID30955,AKR1B10,0.7464,-0.1539,-0.1091999999999999,-0.6841999999999999,0.1679999999999999,0.4365999999999999,-0.574,1.1289,0.1028,0.7176,Neurology_II
OID31052,AKT2,-0.0838000000000001,0.3409999999999999,-0.0813,-0.0866,1.2135,-0.7713,-0.8712,-0.868,1.5998,0.1104,Neurology_II
OID31047,ALDH5A1,0.4209,0.0371,-0.3077,0.4861999999999999,-0.1828999999999999,-0.2809,0.0051,0.2581,0.042,0.4478999999999999,Neurology_II
OID30881,AMIGO1,0.3779,-0.5424,1.0024,-0.8145,-0.6598999999999999,-1.9415,0.3377,-0.9836,0.2031,-0.0125,Neurology_II
OID31139,AMPD3,-0.0469999999999999,-0.4451,-0.0404,0.2022,1.109,-0.4275,-0.6781,0.0575999999999998,0.5660000000000001,0.1109,Neurology_II
OID30949,AP2B1,-0.3277,-0.1084,0.5134,-0.5713999999999999,0.1292,-0.4909,0.0489,0.2125,-0.6839,-0.2004999999999999,Neurology_II
OID31117,AP3S2,0.0709999999999999,-0.0642,-0.0025999999999999,0.4625999999999999,0.3527,-0.2402,-0.1262,0.1846999999999999,0.859,0.1432,Neurology_II
OID31024,ARFIP1,-0.0493,0.1236,-0.6508,-0.0553,0.8359000000000001,0.374,-0.3356,0.8112999999999999,0.6348,0.0299,Neurology_II
OID31133,ARHGEF1,-0.5343000000000002,0.3688999999999998,-0.8553000000000001,0.9858,0.3846999999999998,-0.3076,-0.3034,0.9015,1.3827,0.6001,Neurology_II
OID30994,ARHGEF10,-0.2757,0.5442,-0.8225999999999999,0.8428999999999998,0.1404,-0.1494999999999999,-0.4005999999999999,0.7782,1.3394000000000004,0.2312,Neurology_II
OID30871,ARHGEF5,-0.5710000000000001,0.4301,-0.9252,0.0042999999999999,-0.5233,-0.3696,,-0.4799,-0.9072,-0.031,Neurology_II
OID30861,ARID3A,-0.1636,-0.7827000000000001,-0.7765,-0.0586,-0.9909,1.2257,,-0.3378000000000001,0.0153999999999999,0.7558,Neurology_II
OID30792,ARMCX2,-0.3574,-1.7311,-0.5861,-0.9761,0.2343,0.6606,,0.6733,0.5963,0.1186,Neurology_II
OID30828,ART5,0.2682,-0.6519,-0.0765,-0.1788,-0.1366,-1.0465,,-0.8349,0.0506,-0.5630999999999999,Neurology_II
OID31055,ASPSCR1,0.2730999999999999,0.6735,1.3037999999999998,0.0652999999999999,0.5457000000000001,-0.225,-0.3507,-0.5687,0.7885,0.947,Neurology_II
OID30850,ATXN2,0.9454,0.7827,0.6264000000000001,0.1662,0.2563,0.0473999999999996,,-0.8912999999999998,0.93,-0.2912000000000003,Neurology_II
OID30980,ATXN2L,0.7535,0.1397999999999999,0.5889,-0.7255999999999999,0.5221,-0.2765999999999999,-0.7668,0.2845,-0.2,-0.0722999999999999,Neurology_II
OID31149,ATXN3,-0.0516999999999999,-0.0137,-0.114,0.6051000000000002,0.5884,-0.9539,-0.5505,-0.1659999999999999,0.9764,0.4536999999999999,Neurology_II
OID31056,AZI2,-0.3735999999999999,0.9084,-0.8531,0.6572000000000002,0.5549000000000002,-0.2967999999999999,-1.4508,0.614,1.3796,0.563,Neurology_II
OID31150,BAP18,0.2875,0.1476,-0.2445,-0.2966,0.7289,0.5345,0.1279,0.273,1.0175999999999998,-0.2562,Neurology_II
OID30896,BATF,-0.2718999999999998,0.1987,-0.1090999999999999,-0.2072999999999999,0.0833999999999999,0.7803,-0.0464999999999999,-0.9002,0.7545000000000002,0.1786000000000001,Neurology_II
OID30844,BCAT2,0.2205,-1.2333,-0.0458999999999999,-0.7389,-0.9329,-0.8819,,1.1695,-0.9704,0.0949999999999999,Neurology_II
OID31152,BCL2L1,-0.2485999999999999,-0.0605,0.2530999999999999,0.6793,-0.016,-0.4669999999999998,2.1928,1.6724,1.9138,1.0146,Neurology_II
OID30873,BHLHE40,0.4982,1.9072,0.4094,-0.0665,-0.4964999999999999,-1.0909,,-0.9146,1.6001,-0.7203999999999999,Neurology_II
OID30856,BLOC1S2,-0.9256,-0.5717000000000001,-0.4597,-0.4599,0.5294999999999999,-2.6925,,0.0392,0.508,0.1004,Neurology_II
OID31106,BLOC1S3,-0.1728999999999999,0.2938999999999999,-0.2682,0.4552999999999998,0.0442,-0.1838999999999999,0.7202,0.1758,0.895,0.5169,Neurology_II
OID30837,BOLA1,0.4059,-0.8611,-0.9502,-1.268,1.5976,-0.9523,,0.3816,-1.017,-1.1575,Neurology_II
OID30826,BRD2,0.2300999999999999,0.2925,-0.2239999999999999,-0.0655999999999999,0.2575,0.2260999999999998,,0.5065999999999999,-0.2386999999999999,0.4015000000000001,Neurology_II
OID30847,BRME1,-0.8154,0.0410999999999999,-0.446,0.0255999999999999,-0.5289999999999999,-1.2486000000000002,,0.2996,0.9985,0.0855,Neurology_II
OID31042,BRSK2,-0.5105,-1.2473,-0.4593,0.1241999999999999,-0.0877999999999999,-1.1491,-0.3358,0.5967,-0.6616,-0.0815,Neurology_II
OID31007,C1QBP,0.3075,0.0301999999999999,0.2051,-0.0953999999999999,0.6042,0.0454,-0.4646,-0.0829999999999999,-0.7066,-0.0162999999999999,Neurology_II
OID31049,C1QTNF6,-0.0283999999999999,-2.0399,0.0731,-0.1889,0.3299000000000001,0.2363,0.0036999999999999,-2.1727,-0.5684,0.4867,Neurology_II
OID30883,C2orf69,-0.1296999999999999,0.2439,-0.5003,-0.1796,0.2893,0.1344,-0.3117999999999999,0.6267999999999999,0.4965,0.5932999999999999,Neurology_II
OID31095,C7orf50,0.0519999999999999,0.0963999999999999,0.1373,0.0177,0.4287,0.0642,-0.2476,-0.0762999999999999,0.1276,-0.1308,Neurology_II
OID30916,CABP2,0.4771999999999999,0.1364,-1.1495,-1.264,0.257,1.3024,0.1792,1.2975,0.8744,0.2434999999999999,Neurology_II
OID30840,CACNA1C,0.705,-0.8663000000000001,-1.1884,-0.0676,-0.0191,-0.1503,,-0.2355999999999999,-0.4332,0.4564,Neurology_II
OID30820,CACNB1,-1.1566,-0.6952,-1.076,-0.2312,-1.5662,-1.1282,,-0.1256999999999999,-1.9543,-0.6275000000000001,Neurology_II
OID31039,CACNB3,0.1212999999999997,0.9065,0.0934999999999999,0.9308,0.0095999999999998,0.0882,-0.5837999999999999,-1.4799999999999998,1.3480000000000003,0.8524999999999998,Neurology_II
OID30915,CADPS,0.4384,-0.0958,0.3305,-0.3026999999999999,0.5889,-0.6834,0.4618,0.3445,0.0708999999999999,-0.5832999999999999,Neurology_II
OID31100,CALCB,0.4788,-0.036,2.3816,-0.3727,-0.0931999999999999,-0.1604999999999999,-0.0988999999999999,-0.4719000000000001,0.1473,0.2949,Neurology_II
OID30952,CAMLG,0.2073999999999999,0.0109,0.2569,0.0623,0.7048,-0.26,0.0960999999999999,0.1109,1.6862,0.0681999999999999,Neurology_II
OID31070,CAMSAP1,-0.4683999999999999,0.5526,-0.9535999999999998,1.2580999999999998,0.3911000000000006,-0.7982,-0.4886000000000001,0.4807000000000001,1.5809999999999995,0.4960999999999997,Neurology_II
OID31126,CAPS,0.009,-0.0658999999999999,0.7495,-0.1865,0.1309,0.1324,0.296,0.0356,-0.0141999999999999,0.0463,Neurology_II
OID30921,CASC3,0.2044,1.0191,-0.0100999999999999,0.6204000000000001,-0.1432999999999999,0.488,-0.6114,0.0970999999999999,-0.3457,-0.0852999999999999,Neurology_II
OID31135,CASP7,-0.8079999999999999,0.5824,-0.1130999999999999,0.5546,0.0695,-0.4345,0.0408,0.2318999999999999,1.109,0.8930999999999999,Neurology_II
OID30851,CBLN1,-0.7954,-0.2002999999999999,0.9607,-1.086,-0.4708,-0.0413999999999999,,0.3157,0.9093,0.4886,Neurology_II
OID31077,CCAR2,0.0516999999999999,0.0781,0.2136,-0.3102,0.8351,-0.0424999999999999,0.2385,-0.292,0.0319,0.0471,Neurology_II
OID30973,CCDC28A,0.5631999999999999,-0.5952,0.0907,1.6112,-0.3754,0.3162,-0.6264000000000001,0.0883999999999999,-0.2748,0.343,Neurology_II
OID31001,CCDC50,0.2565,0.3399,0.0227999999999999,-0.4236999999999999,0.27,-0.3557,-0.3968,0.1092,-0.1507,0.0434,Neurology_II
OID30922,CD164L2,-0.5447,-0.4423,0.1495999999999999,0.9415,0.6614,0.2715999999999999,-0.3825,0.3787999999999999,0.898,0.4224,Neurology_II
OID30827,CD3D,-0.0016999999999999,0.3649,-0.2448,-0.4676,-0.1553999999999999,-0.2578,,-0.558,-0.1218,0.2328,Neurology_II
OID31076,CDAN1,0.263,0.1106,0.1917,-0.0638,0.2794,-0.0628,0.1544,-0.3807,0.0144,0.0392,Neurology_II
OID31074,CDH23,0.0530999999999999,-0.3755000000000001,-0.3263,-0.066,0.0627999999999999,-0.2705000000000002,-0.5894,0.3768999999999999,0.0036999999999998,-0.4297000000000002,Neurology_II
OID30875,CDH4,0.298,0.589,-1.1595,-0.941,-0.473,-0.7293999999999999,,-0.1583,0.7437,-0.1995,Neurology_II
OID30985,CDK5RAP3,-0.7063,-0.2899,0.2076,-0.8001,-0.2527,-0.107,-0.4221,-0.2778,0.0226999999999999,-0.266,Neurology_II
OID30796,CDKL5,-0.3793999999999999,0.5715,0.4987,0.0229,0.5342,-0.2172,,-0.6895,0.6477999999999999,0.3109,Neurology_II
OID30821,CEND1,-0.4832,1.1165,-0.6003000000000001,-1.4228,-0.1296,-0.7435,,-0.505,-0.1752,-0.5749,Neurology_II
OID30894,CGN,0.7444999999999999,0.1432,0.8937999999999999,0.5972,-0.1493,0.3545,-0.3551999999999999,0.1882,-0.1210999999999999,0.3518,Neurology_II
OID31116,CHCHD10,-0.2293,0.5518000000000001,0.5286,-0.8421000000000001,0.1379,0.5152,0.6032000000000001,-3.1399,0.1876999999999999,0.5399,Neurology_II
OID30972,CHM,-0.5504000000000001,-0.2087,0.0242999999999999,-0.5861000000000001,0.4714,-0.3706,-0.4308,-0.4780999999999999,0.3364,-0.1733,Neurology_II
OID30869,CHP1,-0.2103999999999999,2.0136000000000003,-0.9881,-1.413,1.4421,-1.1325,,-0.3188,-1.3037,-1.1536,Neurology_II
OID30930,CHRM1,0.6285,-1.1618999999999997,-0.7454999999999999,1.8089,-0.0645,0.1009000000000002,-1.3180999999999998,-1.0157999999999998,1.6064,-1.2292999999999998,Neurology_II
OID30970,CIT,0.4869999999999999,-0.4105000000000001,1.4987,0.0781,0.1212999999999999,0.7267000000000001,-0.0267999999999999,-0.0338999999999999,0.8757999999999999,-2.2055,Neurology_II
OID30884,CLEC2L,-0.5881000000000001,0.285,0.4516,0.0128999999999999,-0.1938,-0.1935,-0.1894,-0.1921,0.4764,-0.6625,Neurology_II
OID30957,CLGN,0.7706000000000001,-0.1758,-0.0031999999999998,-1.5361,1.0776,0.7154,0.4059999999999999,-0.0131999999999999,-0.6173,0.5066999999999999,Neurology_II
OID30890,CLIC5,0.4779,-0.3293,0.3312,0.3009999999999999,-0.2569,-0.2508,-0.5199,-0.0459,0.4307999999999999,-0.0808,Neurology_II
OID30929,CLNS1A,0.0809999999999999,0.2390999999999999,0.1744,0.3324999999999999,0.1582,0.2678,-0.3961,-0.7137,-0.3421999999999999,-0.2713,Neurology_II
OID31092,CLSTN3,0.7503,-0.5508,0.3966999999999999,-0.0564999999999999,0.3204,-0.244,-0.2383,-0.9187,-0.1662,-0.3516,Neurology_II
OID30805,CNGB3,1.1093,0.1312,1.0902,-0.6464,-0.0549999999999999,-0.8374999999999999,,-0.2809,-0.2909,0.5866,Neurology_II
OID30807,CNTF,-0.4841,0.7028,-1.1751,-0.4962,2.9655,-2.6457,,0.2055,-0.7837000000000001,3.0359,Neurology_II
OID30911,CNTNAP4,-0.1194,-0.5903,-0.1964,0.5884999999999999,-0.2753,-0.8328,-0.1119999999999999,-0.3248,0.4148,-0.4946,Neurology_II
OID30969,COL28A1,0.2627,0.1729,0.5034,0.2392999999999999,0.2541,-0.1928,0.3838,-0.641,0.0669,-0.3515,Neurology_II
OID30870,CORO6,-0.8177,-0.8319,0.6656,-1.2083,-0.0886,1.1687,,-3.2151,-1.1317000000000002,0.9632,Neurology_II
OID30902,CRTAP,0.1314,0.1523999999999999,-0.0725,-0.2105999999999999,0.4650999999999999,-0.2137,0.3556,-0.2083,0.5497000000000001,-0.8418,Neurology_II
OID31081,CRYBB2,0.1067,-0.1985999999999999,0.3067,-0.3198999999999999,-0.0811,-0.5082,-0.1616,-0.3799,0.0495999999999999,-0.2319,Neurology_II
OID31144,CRYGD,-0.1056999999999999,-0.1194,-0.2765999999999999,0.5482999999999999,0.5413999999999999,-0.7313999999999999,-0.7235,0.0821,0.8674999999999999,0.3003999999999999,Neurology_II
OID30815,CRYM,-0.3229999999999999,-1.0139,0.0446999999999999,-0.902,0.1472,-0.7848,,-0.2778,1.4183,0.3011,Neurology_II
OID31053,CSNK2A1,0.5188,-0.4278,-0.2918,-0.411,0.5277000000000001,-1.1322,0.5182,0.1883999999999999,-0.487,-0.0647,Neurology_II
OID30843,CSPG5,0.138,0.4231,-1.1178,-0.099,0.537,0.4387,,0.5078,-1.3012,-0.3785,Neurology_II
OID30800,CTNNA1,-0.0689,-0.256,-0.6622,0.0177999999999999,-0.1364,-0.299,,-0.327,0.0411,0.6738000000000001,Neurology_II
OID31157,CTRL,-0.1255999999999999,-0.1905000000000001,0.7716000000000001,-0.6987,-0.0339,-0.2174,-0.7915000000000001,0.157,0.055,-0.0588999999999999,Neurology_II
OID30914,CUZD1,-0.2869,0.2638999999999999,0.7677,0.2968,-0.2476,0.2811,-0.2484999999999999,0.0699,0.3132999999999999,-0.4879,Neurology_II
OID30953,DCC,-0.4075,-0.5694,0.0469,-0.1587,0.0025999999999999,0.0334,-0.4982,0.3511,1.0734,-0.8269,Neurology_II
OID30830,DCUN1D1,-0.1473,0.0798,-0.6653,1.3021000000000005,-1.6407999999999998,-1.2962,,-1.4658,-0.1739999999999999,-0.4499000000000002,Neurology_II
OID31043,DDHD2,0.1150999999999999,0.2376,-0.6655,0.4705999999999997,0.171,-0.4159000000000001,-0.2346999999999999,0.2040999999999999,1.1041,0.3974,Neurology_II
OID30892,DDX25,-0.5421,0.6458,0.3923999999999999,0.0196,0.0029,-0.5903,0.1218,-0.6534,-0.2460999999999999,0.0213,Neurology_II
OID30944,DDX53,-0.0797999999999999,-0.1878,0.9083,-0.5247999999999999,-0.0371,0.8094,-0.6362,-0.9374,0.9967,-0.7650999999999999,Neurology_II
OID30849,DEFB104A_DEFB104B,-0.2758,-0.0957,0.2128000000000001,0.9774,-0.258,-0.1093,,0.7674000000000001,-0.2583999999999999,-0.3387,Neurology_II
OID30823,DEFB116,0.0401,-0.3328,-0.5559999999999999,-0.2605,-0.1021,-0.7662,,-0.4895,-0.0847999999999999,0.1357,Neurology_II
OID30858,DEFB118,0.4847000000000001,0.5318,0.0573999999999999,-0.0643,-0.0055,-0.727,,0.302,-0.2509,-0.7996,Neurology_II
OID30859,DGCR6,0.7463000000000001,1.0097,-0.0448,0.145,-0.4849,-0.4133,,-1.0905,-0.1006,0.1551,Neurology_II
OID31072,DHRS4L2,0.0103,0.0110999999999999,0.2051,-0.1078,0.7372,0.1155,-0.6115999999999999,-0.1616,0.0736,0.0163,Neurology_II
OID30932,DIPK1C,0.2005,0.5362,-0.1457,1.1851,0.4856,-1.5113,-0.7518,0.4978,0.8045,-1.8503,Neurology_II
OID31071,DLG4,-0.1300000000000001,0.0474999999999998,-0.0824,1.0206,-0.0432000000000001,-0.6808000000000001,-0.4553,0.4419999999999999,1.4958,0.8431,Neurology_II
OID30976,DLGAP5,0.7066,-0.7293999999999999,0.4408,-0.2155,0.3097,-0.1152,-0.0152999999999999,0.5282,0.0781,-0.0267,Neurology_II
OID31130,DNAJA4,-0.2014999999999999,-0.0098,-0.159,0.8263999999999999,1.1342,-0.393,-0.2698999999999999,-0.4329999999999999,1.2066,0.5724999999999999,Neurology_II
OID31104,DNAJC21,-0.145,-0.5019,0.4801,-0.258,0.3254,-0.0637,0.6013999999999999,0.5513,0.0056999999999999,0.2425,Neurology_II
OID30822,DNLZ,-0.2016999999999997,-0.3970000000000002,-0.9225,-0.4487999999999998,0.8486999999999996,-2.1785,,0.3088000000000002,0.5135999999999998,-0.2673999999999998,Neurology_II
OID31000,DNM3,0.4817,-0.486,-0.0088999999999999,0.5418000000000001,0.314,0.0176,-0.2123,0.1327999999999998,0.393,-0.2319999999999999,Neurology_II
OID31118,DNPEP,0.3083,-0.0158,0.6336999999999997,0.0088999999999999,0.7416,0.3784,-0.3205,-1.6606999999999998,0.4481999999999999,-0.1367999999999996,Neurology_II
OID30927,DOC2B,0.4873,-0.7848,-0.0177,-0.1697999999999999,-0.2767999999999999,-0.7746,-0.2668,-0.549,0.9134,-2.2446,Neurology_II
OID30836,DOCK9,0.296,0.1777,-2.7084,-0.545,0.9969,-0.3595,,-0.3056999999999999,-1.3683,0.0275,Neurology_II
OID31111,DOK1,-0.3478000000000003,0.3437000000000001,-0.9900999999999998,0.4971000000000005,0.3977999999999997,-1.3094,-1.4148,0.7584000000000002,1.8079,0.8289,Neurology_II
OID30993,DSCAM,0.6268,-0.3511,-0.1025999999999999,-0.495,0.3599,-0.3569,-0.6727,-0.0938999999999999,-0.0735,-0.5026999999999999,Neurology_II
OID30882,DTX2,0.129,-0.2503,-1.0803,-1.0517999999999998,-0.1472,-2.1166,0.3265,0.2583999999999999,0.2937,-0.0161,Neurology_II
OID30935,DUSP29,0.4289,-1.5471,1.4156,-2.0940000000000003,-0.3356000000000001,0.4543999999999999,0.0479999999999999,-1.5269,-0.5798000000000001,0.1416,Neurology_II
OID31080,DXO,-0.1466,0.0115,-0.1966,0.5119,0.5690000000000001,-0.3374,-0.4293,0.3666,1.1483,0.3837,Neurology_II
OID30925,DYNLT1,0.0388999999999999,0.1089999999999999,0.1163999999999999,0.1464,0.3816999999999999,0.1677999999999999,-0.4205,0.4895,0.8439999999999999,-0.5201,Neurology_II
OID30831,ECSCR,-0.0182000000000002,0.5941000000000001,-0.1663999999999998,-0.5459999999999998,0.1608999999999998,-0.6077999999999999,,-0.6143000000000001,0.1642000000000001,-0.3178999999999998,Neurology_II
OID31010,EDF1,0.2932,-0.1455,-0.4944,0.8218,0.2811,0.1221,-0.8746,-0.4232,1.7017,0.177,Neurology_II
OID31044,EFHD1,0.7803,-0.3792,-0.0527,-0.1202999999999999,0.5601,-0.1674,0.1547,-0.675,0.0579,0.2263,Neurology_II
OID30954,EFNB2,0.1587,0.716,-0.3833,-0.1316999999999999,0.487,0.125,0.1273,0.6794,-0.1563,-2.124,Neurology_II
OID31125,EIF1AX,0.0552,-0.25,0.5021,-0.2979,1.0638,-0.3527,0.1855,-0.1069999999999999,-0.101,-0.1759999999999999,Neurology_II
OID31022,EIF4G3,-0.3207999999999997,0.0894999999999996,-0.6518,1.5622000000000005,0.0924999999999998,-0.5775999999999999,-0.9962,1.1984,1.6786,1.5473000000000003,Neurology_II
OID31029,ELAC1,-0.2338999999999997,0.2216,-1.0663,0.4878,0.4962000000000002,-0.6215999999999999,-0.5672999999999999,0.5112000000000001,1.0968999999999998,0.0282999999999999,Neurology_II
OID30854,ELAVL4,0.5367,-0.3964,-0.9765,-0.0612,1.607,-0.2274,,0.6397,-0.3066,0.4223,Neurology_II
OID30886,EPB41L5,0.8971,0.6899,0.5979,-0.5369999999999999,-0.0647999999999999,0.2394999999999999,1.1008,1.1802,0.0425,-1.5687000000000002,Neurology_II
OID30880,ERC2,1.0227,-2.2202,0.5384,-1.0681999999999998,0.6396999999999999,0.6513,-0.6776000000000001,1.2329,1.3892,-0.0248,Neurology_II
OID31134,ESYT2,-0.3219000000000003,0.1314999999999999,0.4155000000000002,0.9158000000000004,0.3744,-1.0265,-1.0589,0.3256000000000001,1.7472000000000003,0.4215,Neurology_II
OID31005,FAM171A2,0.3185000000000002,-0.6281000000000001,-0.1599999999999999,-0.23,0.3930000000000002,-0.1720000000000001,0.4038000000000001,-0.1976,-0.0355999999999998,-0.2058999999999999,Neurology_II
OID30887,FARSA,0.0319000000000002,0.1351,0.7225999999999999,1.2176,0.6107000000000002,-0.2623000000000002,-0.1238,1.349,1.312,0.3732,Neurology_II
OID30974,FBN2,0.0375999999999999,-2.3648,-1.8921,-2.588,1.5661,0.175,-2.5367,-1.1556,-0.1147,0.6047,Neurology_II
OID30992,FCER1A,0.0681999999999999,0.2389,0.2115999999999999,0.2722,0.3961,-0.4058,-0.566,0.4628,0.4252,0.1293,Neurology_II
OID31040,FGD3,0.2528,0.3395,0.6541,0.6791,-2.4606,0.2794,-1.063,0.0381,0.2191999999999999,0.5415000000000001,Neurology_II
OID31108,FGFBP3,0.3214999999999999,0.2996,0.1748,0.0739,0.1543999999999999,-0.0910999999999999,0.0799,-0.271,0.1522,-0.1251999999999999,Neurology_II
OID30839,FH,0.2169999999999999,1.2885,-0.1858,0.5107,0.236,-1.4454,,-0.3614,1.2677,0.8909,Neurology_II
OID31065,FKBP14,-0.2825000000000001,-0.0931999999999999,-0.9268,0.8654,0.3050000000000001,-0.3262,-0.8269,-0.1944999999999999,1.2033999999999998,-0.104,Neurology_II
OID31127,FNDC1,0.2972000000000001,0.3665,-0.0101999999999999,-0.2758,-0.2201,-0.3858,0.6031,0.4471,-0.0644,-0.0358999999999999,Neurology_II
OID30898,FRMD7,-0.9132,0.1846999999999999,0.6107,-0.1036,0.6083,0.1007,-2.1893,-0.1326,0.8986,0.5258,Neurology_II
OID31137,FTCD,1.2346,-0.6315999999999999,-0.4366,-0.7233,1.3856000000000002,-0.3531,-0.6345999999999999,-0.5794,0.1092,0.1737,Neurology_II
OID30931,FZD10,-0.3567,-0.4273,-0.1146999999999999,-0.0504999999999999,0.915,0.8556,0.4714,-0.1904,-0.3402,-0.7938,Neurology_II
OID30818,FZD8,0.2515,0.3758,-0.8026,0.5355,-1.5344,-0.766,,0.002,0.1952999999999999,-0.681,Neurology_II
OID30803,GABRA4,-1.0887,3.0155,-0.2883,0.6109,0.5448999999999999,-1.3477,,-0.0286,-0.055,-0.7577,Neurology_II
OID31004,GART,0.7178,-0.1757,0.0242999999999999,-0.2744,0.0769999999999999,-0.1580999999999999,-0.2311,-0.1800999999999999,-0.2701,-0.2652,Neurology_II
OID31083,GAST,0.2688,0.1826999999999999,0.3633999999999999,0.7527999999999999,-0.0513999999999998,-0.2539999999999999,-0.4670999999999999,0.2176,0.4567,0.3715,Neurology_II
OID30966,GBA,1.1345,0.6921000000000002,-0.5832,-1.0905,1.7900999999999998,1.2873,0.3532000000000002,0.7535000000000001,1.4647,-0.7454000000000001,Neurology_II
OID31128,GBP1,0.9675,0.0743,0.0710999999999999,-0.411,0.6477999999999999,0.0245999999999999,-0.6048,0.0562,0.3066,-0.2778,Neurology_II
OID31147,GCC1,-0.4430999999999998,0.4990999999999999,-0.6357,0.8361999999999998,0.1721999999999997,-0.6035999999999997,-1.2877999999999998,0.6120000000000001,1.5139,0.6188,Neurology_II
OID31091,GFRAL,-0.0171,-0.3358000000000001,-0.01,0.8026,0.4800999999999999,-0.4377999999999999,-0.2781,-0.7025,0.1856999999999999,0.1923,Neurology_II
OID31041,GID8,0.1717,-0.4123,-0.041,-0.8447,0.2627,-0.7219000000000001,-0.501,1.2074,0.1877999999999999,0.0142999999999999,Neurology_II
OID31062,GIGYF2,-0.0880999999999998,0.1046,-0.0905,1.0344000000000002,0.8992,-0.7305999999999999,-0.8079000000000001,0.3479999999999998,1.3788999999999998,0.9791,Neurology_II
OID31153,GIPC2,0.0859,0.0987999999999999,0.5953,-0.196,0.8213,-0.3495,-0.0773,0.2192,-0.1494,-0.0589,Neurology_II
OID30809,GLP1R,0.8093,0.3319999999999999,0.3473,-1.0414,0.2044,-0.1315999999999999,,-0.4537999999999999,-0.3168999999999999,0.8872000000000001,Neurology_II
OID31008,GNAS,0.3933,-0.307,0.1083,-0.2724,0.1952999999999999,-0.3013999999999999,0.6046,-0.3091,-0.2076,-0.2387999999999999,Neurology_II
OID30920,GNGT1,0.2621,0.5984,0.4040999999999999,1.2858999999999998,-0.1625999999999999,0.8344000000000001,0.6527000000000001,0.1955,-0.3596999999999999,-1.5015,Neurology_II
OID31026,GOLGA3,-0.2235,0.3458000000000001,-0.217,-0.098,0.8870999999999999,-0.0337999999999993,-1.1264,1.3285,0.9093999999999998,0.6276999999999999,Neurology_II
OID30819,GPR101,0.5593000000000001,0.0109,0.1710999999999999,0.3981,1.1331,-0.6706000000000001,,-0.2868999999999999,0.2426999999999999,0.1634,Neurology_II
OID31013,GPR158,0.0064,-0.2415,-0.5616000000000001,-0.96,0.4569,-0.2423,0.1876,-0.2629,-0.5993999999999999,-0.6231,Neurology_II
OID30977,GRIK2,0.4455,0.0862999999999999,0.71,-0.1833999999999999,0.7042000000000002,-0.0392,-0.1074999999999999,0.1795,0.4670999999999999,-0.1159999999999999,Neurology_II
OID30802,GRIN2B,0.5346,-0.4652,-0.4740999999999999,-0.2168000000000001,-0.5965999999999999,-0.8733,,-0.3884999999999999,0.3796,-0.1615999999999999,Neurology_II
OID31097,GSTT2B,-0.0961000000000003,-0.3113999999999999,-0.3683999999999999,-0.0177,0.1999000000000002,-0.3611999999999999,-0.844,-0.2120000000000002,0.5823999999999998,0.4538,Neurology_II
OID30946,GTPBP2,-0.3546999999999998,0.2301000000000002,-0.7184,0.8604000000000003,0.3184,-0.7824999999999998,-0.9005,1.5675,1.823,0.5932,Neurology_II
OID30832,HDAC9,-0.1906,1.0414,0.3802999999999999,-0.3852,-0.4219,0.0407,,0.1451,0.9055,-0.2033999999999999,Neurology_II
OID31136,HDGFL2,-0.0306999999999999,0.0209000000000001,0.301,0.7248999999999999,0.2059999999999999,-0.3421,-0.3802999999999999,0.1052999999999999,0.7512999999999999,0.4380999999999999,Neurology_II
OID31151,HEPACAM2,0.3019,-0.1092,0.3506,-0.4867999999999999,-0.0562,-0.4898,0.0237,-0.0927,-0.1029,-0.3283,Neurology_II
OID31107,HHEX,0.1081999999999999,-0.3822,0.3546,0.7909,0.5225,-0.4289,-1.2948,0.0109,1.0969,0.3613,Neurology_II
OID31141,HIP1R,0.3667999999999999,0.2318,0.5438,-0.2932,0.5962000000000001,-0.1336,-0.0738,-0.1548,0.0044,-0.3008,Neurology_II
OID31006,HJV,0.3346,-0.3087999999999999,-0.1325,-0.4947,0.1143,-0.3142,-0.2889,-1.0557,-0.6555,0.5966,Neurology_II
OID31048,HLA-A,0.1070999999999999,-0.153,-0.0579,-0.0348000000000001,0.1603,0.0724,-0.0648,-0.2099000000000001,-0.0393999999999999,0.0237,Neurology_II
OID30919,HNF1A,0.4266,-0.2319999999999999,0.3669,-2.6084,0.4119,0.0955,-0.5268999999999999,-0.821,-0.3727,-0.2429,Neurology_II
OID31037,HNRNPUL1,0.0865999999999999,-0.2506,-0.0373,0.3282,0.7157,0.2973,-0.311,-0.106,0.0532999999999999,-0.0363,Neurology_II
OID31098,HSD17B14,0.1082,-0.4899,-0.1501,-0.2578,0.28,-0.368,-0.0102,-0.0385999999999999,-0.2042,0.0205999999999999,Neurology_II
OID30824,HTR1A,-0.1209999999999999,0.4492999999999999,-0.4752999999999999,-1.0432,-0.7969999999999999,-1.0138,,-1.3284,-0.2949,0.3589,Neurology_II
OID30866,HTR1B,0.3029,0.5285,-0.3255,0.6146,0.7165,-0.7362,,-0.2525,0.2611999999999999,1.1166,Neurology_II
OID31050,IDO1,0.5389,-0.1429,-0.0985,-0.3436999999999999,-0.2151,-0.8989,-0.4879000000000001,0.5034000000000001,-0.0569999999999999,0.1747999999999999,Neurology_II
OID30791,IFNL2,-0.0469,0.0265,-0.2576,0.3185,-0.0922,0.7218,,-0.8482,0.2421999999999999,-0.2001,Neurology_II
OID30962,IFT20,0.1842,1.04,0.5303,-0.0285,0.1696999999999999,-0.1033,-0.0039999999999999,-0.3906,0.0247,-0.4682,Neurology_II
OID31059,IGBP1,-0.0665999999999999,-0.1657,-0.7815,-0.35,0.8248,-0.2667,-0.6851999999999999,1.2116,1.8103,-0.3861,Neurology_II
OID30862,IGDCC3,0.3795,-0.8385999999999998,0.0372,-0.7439,-0.6903999999999999,-0.2956999999999999,,-0.7245,0.2817,-0.6473,Neurology_II
OID30841,IL13RA2,-0.8115999999999999,0.1482000000000001,1.9888,-0.9343,-2.0494000000000003,-1.9904,,-0.7108999999999999,-1.1765,0.5933000000000002,Neurology_II
OID31112,IMPACT,-0.3764,0.2671000000000001,-0.5552999999999999,0.6894000000000002,0.4423000000000001,-0.6448999999999999,-0.9286,0.3906,1.2457000000000005,0.5558,Neurology_II
OID30814,IMPG1,0.3693000000000001,-0.4277,0.2818,0.1807999999999999,0.1909,-0.283,,-0.3006999999999999,-0.211,0.0270999999999999,Neurology_II
OID30975,INPP5J,0.5062,-0.4962,0.3604,-0.1353,0.3569,-0.4986,-1.0378,0.2288,1.2467,0.5533,Neurology_II
OID31129,INSL3,0.3541999999999999,-0.0436999999999998,0.2627000000000001,-1.1281999999999996,0.0028999999999999,-0.1883000000000001,-0.0692000000000003,-0.2721,-0.1059999999999998,-0.1854,Neurology_II
OID30860,ITPRIP,0.6032,0.0151999999999999,-0.2607,-0.4388,1.7165,-0.3131,,0.4792,1.1764,0.48,Neurology_II
OID30813,KCNC4,0.0417999999999998,0.1621999999999999,0.6995,-0.3403,-1.7077999999999998,-0.7701,,0.558,-1.2713,0.7844,Neurology_II
OID30899,KCNH2,0.0169999999999999,0.7651999999999999,0.8305,-0.7902,0.5627999999999999,-0.1977999999999999,0.9093,-1.2081,0.7736,-0.6590000000000003,Neurology_II
OID31148,KCTD5,0.2715999999999999,0.1149,0.0113999999999999,0.3405,-0.0229999999999999,0.2476,-0.5383,0.2941,0.2486999999999999,0.2501,Neurology_II
OID31094,KIAA0319,0.1431,1.4566,0.1545999999999999,-0.5976,0.3589,-0.4227,-0.4862,-0.3035,-0.0484,-0.3914,Neurology_II
OID30816,KIF20B,0.1211999999999999,0.5367,-0.8331999999999999,-0.4409,-0.8492000000000001,1.7712,,-0.9867,1.3333,-1.5682999999999998,Neurology_II
OID30806,KIRREL1,0.6322000000000001,1.1109,-0.0348999999999999,-0.6852,0.1032,-1.0461,,-0.0255999999999999,0.4159,0.8506,Neurology_II
OID30808,KLF4,0.264,1.1507,-0.1432999999999999,-0.3331,-2.3551,-0.9119,,0.7321,0.8831000000000001,-0.3813999999999999,Neurology_II
OID30986,KLHL41,0.3856,-0.71,2.1121,-0.3032,0.4926,1.3401,0.6351,-5.9956000000000005,-0.4405,-0.1297,Neurology_II
OID30855,KLRC1,0.3883,-0.104,0.3757,-0.3981,0.2072999999999999,-0.692,,-0.5786,1.5153,0.8132,Neurology_II
OID31082,KLRK1,0.3953,-0.0686999999999999,0.2829999999999999,-0.4122,0.2160999999999999,-0.1652,0.1049999999999999,-0.3381,0.2062,-0.315,Neurology_II
OID30865,KRT8,-0.2873,1.1165,0.6244999999999999,-1.3439,-0.1307999999999999,-2.3157,,-0.9397,4.3205,-0.7119,Neurology_II
OID31032,LCN15,0.7824000000000001,0.0306999999999999,0.0294,-0.2847,0.4445,-0.098,-0.1728,-0.54,-0.4881,-0.0779,Neurology_II
OID31068,LDLRAP1,-0.8198000000000001,0.3381,-1.1914,1.4085,0.0175,-0.2945000000000001,0.6617999999999999,0.8545,1.3369,-0.0477999999999999,Neurology_II
OID30845,LELP1,0.1495,-0.4996,0.7207,-0.786,-0.0201999999999999,-0.8395999999999999,,-1.2674,0.3612,-1.6249,Neurology_II
OID30991,LEO1,0.3696,-0.5893999999999999,0.1164999999999999,-0.3646,-0.5885,0.1796,-0.3386,0.4557,0.3772,-0.6367,Neurology_II
OID31018,LETM1,0.0223999999999999,0.589,-0.1262999999999999,0.3248,0.1392999999999999,-1.4306,-0.7119,-0.3106,0.5225,-0.6482,Neurology_II
OID31109,LMNB2,0.5639,0.1782,0.695,-1.0401,-0.0783,0.1480999999999999,0.1089999999999999,-0.2392,0.5346,-0.2501,Neurology_II
OID31014,LMOD1,0.3521999999999999,0.051,0.6058,-0.0985,-0.1334999999999999,-0.36,-0.479,-0.9262,0.0005,-0.1862,Neurology_II
OID30864,LMOD2,0.4832999999999999,0.4995,-0.9636,-2.3127,-1.1482,-0.3005,,-0.6738999999999999,0.4388999999999999,0.0793,Neurology_II
OID30895,LRFN2,-0.8649,1.1177,1.3722,-1.0701,0.2308999999999998,0.4698,-0.2295,-0.8861,-0.6138,-0.8852,Neurology_II
OID30960,LRP2,0.9452,-0.4197,0.1269,0.9118000000000002,0.8481000000000001,-0.1697,-1.3967999999999998,1.232,-0.8528,-0.0497,Neurology_II
OID30907,LRP2BP,-0.1459000000000001,-0.9274999999999998,-0.1655000000000002,0.4523999999999999,0.5719999999999996,-0.5939999999999999,-0.4453000000000002,-2.4587,0.6726000000000001,0.4264999999999999,Neurology_II
OID30924,LRRC38,0.3913,0.2838999999999999,-0.3133999999999999,-1.1876000000000002,0.3388,1.0142,0.6302999999999999,-0.0086999999999999,0.776,0.0797999999999998,Neurology_II
OID30906,LRTM1,0.5846000000000001,-0.2664,0.0505999999999999,-0.5177,0.7333,0.0959,-0.6435000000000001,1.2703,0.0907,-0.0612,Neurology_II
OID31020,LRTM2,0.1697,-0.4044,-0.1266999999999999,-0.6418999999999999,0.0181,-0.4126,0.0053999999999999,-0.1829,-0.3275,-0.4943999999999999,Neurology_II
OID30817,LYPLA2,-0.1596,-0.04,-0.1179,-0.5264,0.8608999999999999,0.1272999999999999,,-0.3879999999999999,0.5723,0.7891999999999999,Neurology_II
OID30950,LYSMD3,-0.0771999999999999,0.7819,-0.1604999999999998,0.2574999999999999,-0.215,0.1991,-0.5261,-0.3240999999999998,1.3067000000000002,-0.0227999999999999,Neurology_II
OID30967,MAG,-0.2546,-0.1039,0.0335999999999999,-0.2776999999999999,0.5744,1.641,-0.005,-0.5791,1.17,-0.8704000000000001,Neurology_II
OID30868,MAP1LC3A,0.0889,-0.1972999999999999,-0.7047,0.2557,1.0884,-1.9988,,-0.9209,-0.5577,-0.1398999999999999,Neurology_II
OID31138,MAP2,-0.2802,0.1501,0.3156,0.0426,0.1921,-0.225,-0.2334,-0.0276,0.1033,0.3989999999999999,Neurology_II
OID31033,MCEE,-0.5204,-0.2622,-0.0744,-0.548,1.0947,0.1196999999999999,-0.3006,-0.1168999999999999,0.292,-0.0206,Neurology_II
OID30945,MDM1,-0.2139,0.9822,0.0721,0.6937000000000001,0.1982,0.9841,-0.6761999999999999,1.0453,0.3828,-0.4498999999999999,Neurology_II
OID30933,MFAP3L,0.7447,-0.2778,0.1031999999999999,0.4657999999999999,0.2262,-1.0772000000000002,0.0923999999999999,-0.9941,0.9376,0.1972,Neurology_II
OID30889,MICALL2,-0.1964000000000001,0.3779999999999999,-0.2071,0.8798999999999999,0.6175000000000002,-1.0962,-0.3952,0.047,1.7468999999999997,0.2262,Neurology_II
OID31156,MINK1,-0.9152,0.7252000000000001,0.3243,0.7637,-0.1064000000000002,-0.6884000000000001,-0.8683,-0.1217999999999999,1.1997000000000002,0.5971000000000001,Neurology_II
OID30908,MN1,3.4471,-0.1383999999999999,0.2175,0.0524,0.3143,-0.9162,-0.9675,0.8739,0.7733000000000001,-1.1413,Neurology_II
OID31073,MORC3,-0.0332999999999999,-0.0193,0.0983,-0.0756,0.2603,-0.014,0.1124,-0.0862,0.4966,0.1412,Neurology_II
OID30891,MRI1,0.2276,-0.1306999999999999,0.5088,0.6387,0.8285,-0.3437999999999999,0.0128999999999999,-0.0355,1.3853,-0.0878999999999998,Neurology_II
OID31023,MRPL28,1.3855,0.1099,0.3495999999999999,-0.3004,-0.3171,-0.6572,0.0027,-0.6165999999999999,0.3349,-0.3845,Neurology_II
OID31036,MRPL58,-0.023,-0.6185999999999999,-0.4892,-0.0801,0.1773,-1.3734,-0.8162,-0.0695,0.329,-0.0252999999999999,Neurology_II
OID30939,MSLNL,-0.0475999999999999,-0.3732999999999999,1.4254,-0.1544999999999999,0.0303,-0.12,-0.6069,-0.291,0.8376,0.043,Neurology_II
OID31078,MTHFD2,0.0614,0.0532999999999999,0.3453999999999999,0.4385,-0.0802,-0.0077,0.2958,-0.3336,0.3814000000000001,-0.0443,Neurology_II
OID30996,MYCBP2,-0.3215000000000001,0.4534999999999999,-0.9447,0.2664999999999999,0.7975,0.1259,-0.6073,0.5886,1.4339,0.069,Neurology_II
OID30936,MYL6B,0.3800999999999999,1.3139,1.1994000000000002,-0.3585000000000002,0.8207,2.2729,-0.6121000000000001,-0.6003000000000001,0.2428999999999999,-0.3751,Neurology_II
OID30917,MYLPF,0.5009999999999999,0.5376000000000001,2.2285,0.4896,-0.5871999999999999,1.6436,0.0836,-4.0902,0.1929,-1.1073,Neurology_II
OID30989,MYO6,0.7903,-0.2537,-0.4763,0.2692,-0.1388,0.4234,-0.5592,0.1997000000000001,1.0507,-0.3198,Neurology_II
OID30834,MYOM1,-0.3507999999999999,-0.0917,0.5088,-0.4398,0.6839999999999999,-0.2965,,-1.5751000000000002,0.2277,0.0081999999999999,Neurology_II
OID30893,NAA80,-1.0974,0.4992999999999999,-0.4995,0.8917999999999999,0.4778,-0.7418,-0.2299,0.3472,2.41,0.7672,Neurology_II
OID31114,NAPRT,0.2875999999999999,0.2194999999999999,0.3657999999999999,0.259,-0.3472999999999999,-0.2501,-0.5552999999999999,0.1523999999999998,0.4127,-0.1156999999999999,Neurology_II
OID31035,NARS1,0.6682999999999999,-0.2162,0.0390999999999999,0.1785,0.276,0.1866000000000001,-0.3656,0.4799,0.2870999999999999,-0.5021,Neurology_II
OID31066,NEO1,0.2434999999999999,-0.163,-0.1347,0.2614999999999999,0.3657,0.096,0.2057999999999999,0.067,0.0433,0.0742,Neurology_II
OID30988,NFIC,-0.0655,-0.5373999999999999,0.1493999999999999,0.5017,0.284,-0.2968999999999999,0.1803,-0.2406999999999999,0.2248,-0.3278999999999999,Neurology_II
OID31115,NGRN,-0.3328,0.1051,0.7124,-0.2374,0.1682,0.1624,-0.1622,-0.6348,0.1913,-0.1578999999999999,Neurology_II
OID30900,NLGN1,1.2287,-0.3244,-0.0725,0.1105999999999999,-0.4017,-0.2307,-0.4165,-0.7968,0.5642,-0.0198999999999999,Neurology_II
OID30878,NLGN2,-0.4164,1.1123999999999998,-0.9154,-1.0243,1.0334,-0.6642,,1.4593,-0.8885000000000001,0.6066,Neurology_II
OID31021,NMT1,1.065,-0.5673,-0.3519,0.326,0.2929,0.1656,-0.1445,-0.3464,-0.0055999999999999,-0.8627,Neurology_II
OID30983,NRN1,0.7099,0.0541999999999999,0.0293999999999999,-0.4586,0.2639,-0.0668999999999999,0.231,-0.9353,-0.412,0.1149,Neurology_II
OID30901,NRXN3,0.301,0.4295,0.6788000000000001,-0.0723,-0.8064,-0.1146,-0.1913,-0.2063,0.6046,0.1802,Neurology_II
OID31102,NT5C1A,0.0460999999999999,0.3817,1.1554,0.0886,0.8702,-0.3193999999999999,-0.6496,-0.7955,0.4286999999999999,-0.4663,Neurology_II
OID31069,OCLN,0.8125,-0.1342,-0.1678,0.4344,0.3016,0.5851,-0.5635,0.1976,0.3118,0.1041,Neurology_II
OID30835,OMP,0.3510999999999999,0.0573,-0.2158,0.0373,-0.065,0.5193,,0.3828,0.1336999999999999,0.2518,Neurology_II
OID31087,OPHN1,-0.7641,0.7193999999999998,-1.2147,0.7255999999999998,0.7202000000000002,-0.5721,-0.3206,1.3014,1.8223,0.2157,Neurology_II
OID31085,OSBPL2,0.2148,0.2415999999999999,0.3925,-0.0973,-0.0255,-0.3138999999999999,0.0467,0.4093,-0.2662,-0.0499999999999999,Neurology_II
OID30909,OSTN,0.5835,-0.628,0.1485,0.2332,0.0402,-1.371,0.3927,-0.0397999999999999,0.045,-0.8917999999999999,Neurology_II
OID30825,OTOA,-0.6095,0.3659,-0.3487,-0.6405,0.0716999999999999,-0.7147,,-0.7114,0.2668,0.4607,Neurology_II
OID31064,OTUD7B,-0.1533999999999999,-0.1402000000000001,0.2465,0.5329999999999999,0.1185999999999998,-0.7437999999999999,-0.7411000000000001,0.1217,1.3031,0.9471,Neurology_II
OID30998,PAFAH1B3,0.4128,-0.6451,0.2712,-0.2233,0.4007,-0.1845,-0.2774,-0.2659,0.1032,0.299,Neurology_II
OID31096,PALM2,1.0065,0.0243,0.0726,-0.2947,0.503,-0.0312999999999999,-0.3082,-0.0056,-0.2631,-0.0123,Neurology_II
OID30838,PCARE,-0.0232,0.5926,-0.7363999999999999,0.2878999999999999,0.4169,-0.5081,,-1.0962,-0.4350999999999999,-0.2638,Neurology_II
OID31003,PCBP2,0.0557,0.1914,-0.0636999999999999,0.5479,0.1153,-1.8168,-0.8739,-0.1398,0.1024,-0.3071,Neurology_II
OID31045,PCDH12,0.2249,-0.1587999999999999,-0.3027999999999999,-0.3664,0.3701,-0.6849999999999999,0.1965,-0.2002999999999999,0.2604999999999999,-0.3421,Neurology_II
OID31063,PDLIM5,-0.177,-0.0607999999999999,-0.9116,1.0882999999999998,0.1404999999999994,-0.9167999999999998,-0.8563000000000001,-0.9189000000000004,1.3747000000000005,0.3948999999999998,Neurology_II
OID30912,PDRG1,-0.7128,-0.4127,-0.0358,-0.2279,0.1989,0.5547,-1.3302,-0.872,0.4817,-1.1709999999999998,Neurology_II
OID30938,PFDN6,-0.2096,-0.8739,0.0777000000000001,-0.6123,2.0836,0.5016,0.944,0.9584,-0.4981,0.2652,Neurology_II
OID30904,PGM2,-0.2751,0.8189,0.4403999999999999,-0.2764,0.3026,-0.1989,-0.152,0.2789,1.035,0.2972999999999999,Neurology_II
OID31009,PHACTR2,0.0476999999999998,0.2073999999999998,-1.4784000000000002,1.3203999999999998,0.5163000000000002,-0.7673000000000001,-1.0473,0.2036000000000002,1.7034000000000002,0.7486999999999999,Neurology_II
OID31061,PIBF1,-0.0133,-0.1950999999999998,-0.7252000000000001,0.8978999999999999,0.3383000000000002,-1.1778,0.2571,0.5746999999999999,0.4079000000000001,0.409,Neurology_II
OID31110,PLB1,0.2322,-0.7407,0.1891999999999999,-0.2142,-0.1581000000000001,-0.5232,0.6881,-0.0674,-0.2028999999999998,0.0692999999999999,Neurology_II
OID31155,PLCB2,-1.0982000000000005,-1.4688,-0.7165,1.4251,0.4917000000000002,-0.6317999999999997,0.006,-0.7949000000000002,2.2504,-0.4344,Neurology_II
OID31088,PLEKHO1,-0.6201000000000001,0.2085000000000001,-0.3043000000000001,0.7190000000000001,0.1627999999999998,-0.5884999999999999,0.0042,0.4885999999999999,1.2546,0.5297999999999999,Neurology_II
OID31146,PLSCR3,0.0844,0.0150999999999998,-0.3868000000000001,0.5777999999999999,0.2205999999999999,-0.6054000000000002,-0.5638,-0.2563999999999999,1.0679,0.5332000000000001,Neurology_II
OID31101,PLXDC2,-0.0067,-0.3208999999999999,0.5183000000000001,0.1210999999999999,1.1028,-0.5475000000000001,0.7000000000000001,-0.0297,-0.2827,-0.2999,Neurology_II
OID30943,PMS1,-0.0602999999999999,0.2201,-0.9655,-0.4528,0.8645,0.2081,-1.045,-3.2005000000000003,0.7866,0.6779,Neurology_II
OID31122,PNLIPRP1,0.3404,0.1126,-0.3244999999999999,0.3189000000000001,0.7803,0.2551,-0.5315000000000001,-0.2144999999999999,0.3044,-0.1667,Neurology_II
OID30842,PNMA2,0.0837,0.3135,0.4613,-0.8635,0.0025,-0.9479,,-0.1819,0.0673999999999999,0.3222,Neurology_II
OID31011,PPP1R14A,0.4914,-0.1340000000000001,-0.8843,0.3278000000000001,0.3021,-1.1382,-1.1122,-0.0537,0.6090000000000002,1.0611,Neurology_II
OID30997,PPP1R14D,0.4345,0.0847,0.3403,-0.2679,-0.4362,0.0369,-0.641,0.7811,-0.554,-0.8088,Neurology_II
OID30947,PPT1,-0.2164,-0.0285999999999999,0.3093999999999999,0.7030000000000001,-0.6541999999999999,-0.5219,-0.3095,0.0314999999999999,0.1947999999999999,0.1528,Neurology_II
OID30941,PRKAG3,-0.3205,0.6109,1.5317,-0.6729000000000002,0.2351999999999999,-0.4652,-0.7629,-0.6272,0.2724,-0.8620000000000001,Neurology_II
OID31119,PRKAR2A,-0.1457999999999999,0.1154999999999999,-0.1213999999999999,0.6694999999999998,0.3336999999999999,-0.4779,-0.8206,-0.9234,1.17,0.4516,Neurology_II
OID31124,PRND,0.1022999999999999,0.0783,-0.0709,-0.2505,0.063,-0.198,-0.0245000000000001,-0.1384,0.0689999999999999,-0.6063,Neurology_II
OID31093,PRSS53,0.3469,-0.1415,-0.0756,-0.1299000000000001,-0.2234,0.0258999999999999,0.0010999999999999,0.0045,-0.4216,0.2062,Neurology_II
OID31058,PSMD1,-0.079,-2.1664,-0.1987999999999998,-0.3903999999999999,-1.0992,-1.9624,6.2467,-0.4523,1.8835,2.6993,Neurology_II
OID30918,PSMD5,0.3406,0.4377,1.2495,0.0925,1.0509,0.507,-0.2541,-0.1251,0.6965,-0.5455,Neurology_II
OID30963,PTH,0.4173,-0.1074999999999999,1.4827,0.0886,0.2142,1.4101,-1.4234000000000002,-0.28,-0.0034999999999998,-1.4576,Neurology_II
OID31099,PTPRR,-0.7037,-0.371,-0.1777,-0.3811,-0.201,-0.6028,0.0818,-0.1655,-0.1516,-0.5323,Neurology_II
OID30829,RAB3GAP1,0.0395999999999999,0.1102,-0.7157,0.3685,0.6101,0.2722,,-0.0064,0.9485,0.3042,Neurology_II
OID30958,RAC3,-0.3530999999999999,-0.2866,-0.2848,-0.0758999999999999,0.1288,-0.0103999999999999,0.4769,0.0181,0.8765999999999999,-0.3038999999999999,Neurology_II
OID30812,RANBP2,0.4508999999999999,-0.2298,-0.4255000000000001,1.1337,-0.4143,-0.0724,,-0.124,-0.1754,0.4595,Neurology_II
OID30984,RBFOX3,0.5811,-0.4379999999999999,0.7231000000000001,-0.3912,0.8663000000000001,-0.0055999999999999,0.1927999999999999,-1.5670000000000002,0.0287999999999999,-0.4214,Neurology_II
OID31034,RBM17,-0.2526999999999999,-0.7932999999999999,0.4584,-0.314,-0.0916,-0.7007,-0.4558,0.1752,-0.5821000000000001,0.0268999999999999,Neurology_II
OID30913,RBP1,-0.5895999999999999,0.1718,0.5186,0.3574,0.1341,0.3728,0.0126,-0.0235999999999999,0.0472,-0.6542000000000001,Neurology_II
OID31028,REEP4,-0.0145999999999999,0.1833,-0.651,1.1865,0.1511,-0.934,-1.0079,0.3366,0.8479999999999999,0.7814,Neurology_II
OID31060,RGCC,-0.3324,0.354,-0.1312,0.7242,0.4579,-0.6403,-0.7047,-0.1954999999999999,1.3897,0.2709,Neurology_II
OID30999,RGS10,-0.2598999999999999,-0.0556999999999999,2.7239,1.1502,0.1559,-0.1676,-0.6406000000000001,0.0767999999999999,0.5151000000000001,0.1975,Neurology_II
OID30995,RLN1,0.3421999999999998,0.0067000000000001,0.6479000000000001,4.3201,1.2727,-0.4417,1.2442,-0.5281,-0.3809,-0.3412000000000001,Neurology_II
OID31027,RNASEH2A,0.2842,-0.0187999999999999,-0.0302999999999999,-0.0331,-0.1245,-0.1226,-0.2212,0.1200999999999999,0.2471,-0.3725,Neurology_II
OID30959,RPGR,-0.1968999999999999,-2.0978,0.4666000000000001,0.2334999999999999,2.0085,-0.3609,-0.8217,-1.6488,0.3124,-1.6832999999999998,Neurology_II
OID30961,RRAS,-1.371,-0.1286999999999998,-0.3334999999999999,0.7578999999999998,0.5112000000000001,-0.9366,-0.3490999999999999,1.9423,0.9872,0.7564,Neurology_II
OID30867,RRP15,1.066,5.6386,-0.7595,-0.8789000000000001,1.0067,-1.5003000000000002,,-1.4512,-0.5707,1.2841,Neurology_II
OID31030,RTN4IP1,0.0022000000000002,0.909,-0.6976,1.0612,0.4260999999999999,-0.2154999999999999,-1.3688,0.5213,0.8012999999999999,0.6366999999999999,Neurology_II
OID30987,S100A14,0.4194,-0.2902,0.6666000000000001,-0.5587000000000001,0.2517999999999999,-0.6697,0.0287,-0.2977,0.195,-0.8351000000000001,Neurology_II
OID31051,S100G,0.8073999999999999,-0.8718000000000001,0.0452,-1.041,0.1294999999999999,-0.3427,-0.1186,0.4307,-0.1508,0.3285,Neurology_II
OID31012,SAFB2,0.7309,0.3682,0.4023,0.0316,0.3248,0.1800999999999999,-0.5871,-0.3497,0.3131,0.2175,Neurology_II
OID30874,SAG,0.6683,-0.2133999999999999,-4.6005,1.9161,0.0064,-0.8526,,7.3868,-0.6802,-0.5065,Neurology_II
OID31038,SATB1,0.4067,-0.1686,-0.5915,-0.1192,0.1856,0.1122,0.0456,-0.2294,-0.057,-0.1045,Neurology_II
OID30857,SCIN,0.9411,-1.7973,0.1758,-0.6253,-1.1217,-1.7562,,-0.6285999999999999,-1.085,-0.4553999999999999,Neurology_II
OID30833,SCN2A,0.1006999999999999,-0.1094999999999999,1.3157,-0.5824,-0.0499999999999999,-1.1883,,-0.7978000000000001,0.1654,0.4226999999999999,Neurology_II
OID30948,SCN2B,1.3962,-0.0177,1.0099,-0.1383,-0.4623,0.4875,-0.0802,2.2355,-0.8095,-0.1318,Neurology_II
OID30903,SCN3A,-1.3224,0.3539,0.2602,-0.0861,1.6902,-0.2477,0.1834,-0.7307,-0.5969,-1.2734,Neurology_II
OID30804,SCN3B,0.0023999999999999,-0.519,0.1409999999999999,-1.2753,-0.0238,0.7398,,-0.0363,0.2211,0.2381,Neurology_II
OID31046,SCRIB,-0.2036000000000001,-0.4190999999999998,-0.9954,1.0427000000000002,0.6394000000000001,-0.6333000000000001,-1.0613,0.5682,0.0137,0.4283999999999999,Neurology_II
OID30951,SCT,-0.3525999999999999,0.3654,0.5573,-0.1990999999999999,-0.639,-0.24,0.1998999999999999,-0.3186,0.1536,-0.4988,Neurology_II
OID31025,SEPTIN3,0.6645,-0.2079999999999999,-0.1407,0.3563,0.1226,-0.4492,-0.4074,0.1465,0.3015999999999998,0.1888999999999998,Neurology_II
OID31079,SEPTIN8,0.3595,0.1771999999999999,0.8274,0.0385,0.48,-0.3260999999999999,-0.3041,-0.6286,0.1488999999999999,0.0473,Neurology_II
OID30968,SEZ6,0.5445,1.5855,0.387,0.1812,0.2755999999999999,0.1096999999999999,-0.1559,-0.3164,0.1861,0.211,Neurology_II
OID30863,SH3BGRL2,0.9035,-0.1757,-0.6267,-0.7998999999999999,1.2047,-1.6709,,1.73,0.8436999999999999,0.1306999999999999,Neurology_II
OID31145,SH3GLB2,-0.1284,0.3111,-0.6491,0.5857999999999999,0.9593,-1.0194,-0.1624999999999999,0.0222999999999999,1.4283,0.1033,Neurology_II
OID31017,SLA2,0.0257,-0.6167,-0.8024000000000001,0.5461000000000003,0.2040999999999999,-0.9611,-0.8765000000000001,-1.7549,1.1711,0.3857000000000001,Neurology_II
OID30926,SLC1A4,-0.0374999999999999,-0.0219999999999999,-1.1717,0.7131000000000001,-0.0906,-0.1664,-0.1197,0.3099999999999999,-0.0607,-0.5229999999999999,Neurology_II
OID30897,SLC44A4,0.8150000000000001,0.0065999999999999,0.3253,0.2687,0.4981,-0.0941,-0.9786,-0.1873,0.0232,-0.4874999999999999,Neurology_II
OID30853,SMS,-0.2208999999999999,0.4264,0.4412,-0.5286,0.5253000000000001,-0.2302,,0.1918,0.5649,0.27,Neurology_II
OID31154,SMTN,-0.1528999999999998,0.0047000000000005,-0.532,0.6496000000000004,0.0500000000000007,-1.0710000000000006,-1.162,0.0363000000000002,1.3537,0.7706,Neurology_II
OID30811,SNAP25,-0.6884,-0.0217,0.4805,0.6972,0.101,-0.1597999999999999,,-1.1396,0.0425,0.071,Neurology_II
OID31019,SNAPIN,-0.1603,0.2900999999999999,-0.0332,0.2271,-0.5139,-0.5008,-0.986,-0.6088,0.5486999999999999,1.122,Neurology_II
OID31132,SNRPB2,0.8388,0.4381,0.4858,-0.4127999999999999,0.7703,0.1218999999999999,-0.2456,-0.1445,0.3186,-0.7327,Neurology_II
OID30978,SORBS1,0.2235,-0.2993,0.248,0.1631,0.2499,-0.2301,0.1518999999999999,-0.6052,0.0638999999999999,-0.074,Neurology_II
OID30888,SOWAHA,0.2107,-0.8583000000000001,0.0086,0.1523,0.7212999999999999,-1.0007,0.007,-0.4719,0.1831,-0.6890999999999999,Neurology_II
OID30981,SOX2,-0.1991,-0.8056,-0.5794,-0.5561,0.1626,-0.2833,0.4338,-0.1799,-0.0919,-0.1180999999999999,Neurology_II
OID30905,SOX9,1.3381,-0.5261,4.7217,1.0121,-0.9288,0.5911,-0.7034,-0.0082999999999999,2.0787,-1.7644,Neurology_II
OID30990,SPACA5_SPACA5B,0.4498,-0.3097,-0.9408,0.4931,0.1674999999999998,0.1041,-0.1443999999999999,-0.7559,-0.2262,0.3540999999999999,Neurology_II
OID30979,SPAG1,0.4602,-0.6712999999999999,0.2677999999999999,-0.8908999999999999,-0.3185,-0.0128,0.1014000000000001,-0.3177,0.7052,0.4591,Neurology_II
OID31131,SPRR3,-0.1553,0.3744999999999999,0.7075,0.1496999999999999,0.3848,-0.4056,-0.3614,-0.5086,-0.0549,-0.2567,Neurology_II
OID30876,SPTBN2,-0.3419,-0.065,-0.3833,-1.3245,0.8006,-0.6575,,0.3404,-0.2814,0.3708,Neurology_II
OID31086,SPTLC1,0.0199,0.1144999999999999,0.3271,1.127,0.5667,-0.0613999999999999,-0.0292,0.0471,0.3490999999999999,0.5997,Neurology_II
OID30846,STEAP4,-0.247,0.7875000000000001,-0.8404,-0.1366999999999999,-0.8813,-0.8492,,-0.4627,-1.0484,-0.2021,Neurology_II
OID30934,STX1B,0.1602,-0.1424,0.8719,-0.6940999999999999,-0.2445,-0.2879,-0.6369,-0.7733,0.1052,0.4463,Neurology_II
OID31090,STX3,-0.2622,-0.1837,0.0426999999999999,0.0493999999999999,-0.0215999999999999,0.1709,0.1272,-0.3816,0.4145,0.1628,Neurology_II
OID31054,STXBP1,-0.3844000000000001,0.5917999999999999,-1.2307,1.111,-0.2980999999999998,-0.7855999999999999,-1.1651,0.4034,0.5907,1.259,Neurology_II
OID31031,SUOX,1.1892,-0.0438999999999999,-0.4609,0.412,0.5607,0.1127,0.0159,-1.3747,0.1787,-0.5377,Neurology_II
OID30965,SV2A,-0.6304,0.2076,-1.4448,0.7955000000000001,1.9042,-0.067,-0.4144,-0.0791999999999999,1.7295,0.1773,Neurology_II
OID30797,SYNGAP1,-1.1605,0.8117999999999999,-0.3067999999999999,-0.0544999999999999,0.8634999999999999,-0.0887,,-0.3735,0.4741,-0.2997999999999999,Neurology_II
OID31089,SYT1,-0.723,-0.2584999999999999,-0.0763,-0.5208999999999999,-0.095,-0.4321,0.0911,0.3065,-0.0939999999999999,-0.0844,Neurology_II
OID30937,TARM1,1.1294,0.9902,0.6480000000000001,0.2631000000000001,1.1284,0.7011000000000001,0.175,-1.4511,1.3743,-0.6954,Neurology_II
OID31075,TAX1BP1,-0.1111000000000004,0.2481999999999999,-0.3378,0.6566000000000001,0.2050999999999998,-0.5307,-0.345,0.4697,1.5171,0.4623999999999999,Neurology_II
OID30923,TBR1,-0.1965,-0.2499,1.7583000000000002,-0.4626,-0.1881,-0.1446,-0.5706,-0.8688000000000002,1.4439000000000002,0.1022,Neurology_II
OID30910,TDO2,0.0803,-0.2575,-1.3088,-0.7875,0.3493,-0.4901999999999999,0.7011,-0.6400999999999999,0.2738,-0.2313999999999998,Neurology_II
OID30971,TEX101,-1.1759000000000002,-1.2785,-0.2999,0.2748,-0.0898999999999999,-0.5797000000000001,-2.2016,0.1276,-0.1296,-0.3161,Neurology_II
OID30848,TFAP2A,-1.5477,0.2342,0.0160999999999999,-0.4815,1.148,1.0128,,1.4661,-0.4469,-0.1948,Neurology_II
OID31143,TIMM8A,0.1929,0.8558,0.2743,-0.1854,0.5350999999999999,-0.6053000000000001,0.0469999999999999,-1.1626,0.763,-0.3617,Neurology_II
OID30798,TJP3,-0.8971000000000001,-0.0938999999999999,0.2015000000000002,-1.4209,0.1893,-0.1124999999999999,,0.9216,0.3418,-0.3009,Neurology_II
OID30940,TMCO5A,0.6694,-0.4957,-0.5106,-0.4728,0.5109,-0.294,-0.1622,0.3583,0.3432,0.5779999999999998,Neurology_II
OID31015,TMEM25,0.4169,0.4606,0.0698,-0.7660999999999998,-0.1638999999999999,-1.0048,-0.6135999999999999,-0.4194,0.2579,-0.6147,Neurology_II
OID30852,TMPRSS11B,-0.9059,-0.0961,-0.5583,-0.3234,-0.4606000000000001,-0.6584,,0.2183,-0.6769,2.7996,Neurology_II
OID31103,TMPRSS11D,-0.0001,-0.3199,0.0269999999999999,-0.2739,-0.0778,0.0887,-0.2956,-0.2930999999999999,0.843,-0.1631999999999999,Neurology_II
OID31120,TNIP1,-0.3542999999999998,0.2179999999999999,-0.5798000000000001,0.7430000000000003,0.3267000000000002,-0.6974999999999998,-0.942,0.8084000000000002,1.4123999999999994,0.6471999999999998,Neurology_II
OID31057,TOM1L2,-0.618,-0.5733999999999999,-0.7985,-0.2215,-0.8504,-0.044,-1.5817,1.0914,1.7984,-0.4587000000000001,Neurology_II
OID30879,TP73,0.3178999999999999,0.8840000000000001,1.4523,0.6009,0.9749,-0.4438999999999999,0.7862,0.3667,0.0462,-0.6659,Neurology_II
OID30928,TPBGL,0.0168999999999999,0.2104,0.4502999999999999,1.271,-0.008,0.4523,-0.8507999999999999,-0.5049999999999999,0.0997,0.1959999999999999,Neurology_II
OID30982,TPSD1,0.6574,0.6297,-0.2864,-0.1457999999999999,0.7412000000000001,-1.1159,0.1838999999999999,-0.0698,0.5793,-0.8112,Neurology_II
OID30885,TRIM40,0.4634999999999999,1.1017,-0.2128,-0.4874999999999999,-1.113,0.5529000000000001,-1.9106,-2.7896,0.5669,0.5730999999999999,Neurology_II
OID31016,TSC22D1,-0.2471,-0.7007,0.0317999999999999,-1.0768,-0.6664,-0.3361,-0.7683,-0.2071,-0.4694,-0.3913,Neurology_II
OID30810,TSPAN7,0.9986,-0.4682,-0.621,0.1476,0.7834999999999999,-0.9471,,-0.7383000000000001,0.9255,-0.3391,Neurology_II
OID30942,TTF2,-0.1825000000000001,2.687,0.3256,2.0207,0.3014,-1.0899,-0.6687,1.0561,0.2326,1.1283999999999998,Neurology_II
OID30799,TUBB3,0.3462,0.7168,-0.0811,-1.3681,0.9958,-1.1604,,-0.5175000000000001,-0.1402000000000001,0.4812999999999999,Neurology_II
OID31121,TXNDC9,-0.1478999999999999,0.0593,0.35,0.6588000000000002,0.2375,-0.095,-0.4682,0.3028,1.1282,0.3504,Neurology_II
OID30872,TXNL1,-0.0437,0.4725,0.1826,-0.4686,-0.8829,-0.3427,,-0.5584,-0.5019,0.1868,Neurology_II
OID30794,UPK3A,0.9466,-1.7386,0.7612000000000001,-0.8546,0.1139999999999999,-0.7417,,-1.2765,-0.2877,3.955,Neurology_II
OID30964,UROS,2.1218,1.0219,0.8426,-1.0661,-0.0673999999999999,-0.2898999999999998,-0.8589,-0.6655000000000001,2.0203,0.0554,Neurology_II
OID31084,USP28,0.5063,0.1069,0.6176,-0.3688,0.0754999999999999,-0.0127999999999999,-0.1694,-0.596,-0.2576,-0.2828,Neurology_II
OID30795,VAV3,-0.4512,0.0621999999999998,-0.7768999999999999,1.2389999999999994,0.2674000000000003,-0.7816999999999998,,0.5337000000000001,1.7287999999999997,0.9962,Neurology_II
OID31067,VGF,-0.3099,0.3068999999999999,-0.7039,-0.2804999999999999,0.5501,0.2489,0.1975,0.2551,0.1538,0.0508,Neurology_II
OID31105,VSNL1,0.6606,-0.1611,0.0563,-0.2179999999999999,0.5961,-0.0181999999999999,-0.0813999999999999,-0.7270000000000001,0.3933,-0.1341,Neurology_II
OID31002,VWC2L,0.1262999999999999,0.0153,-0.7963999999999999,-0.0999,0.5793,-1.0784,-0.0395999999999999,0.01,-0.0906,-0.3126,Neurology_II
OID31123,WASHC3,-0.1428999999999998,0.3356999999999999,0.2320999999999999,0.6441999999999997,0.1376999999999997,-0.9885,-0.7577,-0.2071999999999999,1.0336,0.6068,Neurology_II
OID31113,YAP1,0.2597,0.1302999999999999,0.6526,-0.1392,0.2567,-0.1237,0.2227,-0.3459,-0.1626,-0.0287,Neurology_II
OID31140,ZHX2,0.3782,-0.2179999999999999,0.3181,0.3056999999999999,0.4012,0.122,0.1451,-0.0214,0.4384,-0.1649,Neurology_II
OID30801,ZPR1,0.835,-0.0046,0.8732,0.0578,-0.0131000000000001,0.3361999999999999,,-0.7818,-1.2483,1.5003,Neurology_II
OID21311,AARSD1,-0.1735999999999999,,-0.9882,0.3745,0.4335,-0.5526000000000002,-0.7654000000000001,0.2496999999999999,0.7456,0.3294000000000001,Oncology
OID21280,ABL1,-0.0867,,-0.3070999999999999,1.0363000000000002,0.2508999999999999,-0.5322,-0.5895,-0.1421,1.1646,0.2658999999999998,Oncology
OID21269,ACAA1,1.1372,0.2962,-0.6469,1.6498,0.7741,-0.7704,2.6447,0.1328,-0.4489999999999999,-0.6281,Oncology
OID21432,ACP6,0.294,-0.1886999999999999,-0.2677,0.4538000000000001,-0.1344,-0.2876000000000001,-0.1971999999999999,0.2254999999999999,0.3340000000000001,-0.0212999999999999,Oncology
OID21275,ADAMTS15,0.5253999999999999,,0.1532,0.3071999999999999,0.1246,0.1301000000000001,-0.0750999999999999,-0.1568,-0.1906000000000003,-0.3692000000000002,Oncology
OID21502,ADAMTS8,-0.01,-0.2734999999999999,-0.5507,-0.4458,0.015,-0.646,-0.1506999999999999,-0.2478,0.3177999999999999,0.0097999999999999,Oncology
OID21188,ADCYAP1R1,0.3175,-0.1045,-0.8023,0.8418,-0.478,-0.2243,0.4483,-0.0634,-0.4116999999999999,0.3203,Oncology
OID21294,ADGRG1,0.5345,,-0.0873999999999999,0.3412,0.0973999999999999,0.3956999999999999,-0.6003,-0.1193999999999999,-0.1708,-0.0773,Oncology
OID21467,ADM,0.5265000000000001,0.1813,0.0474999999999998,-0.0564,0.0837999999999999,0.0948999999999999,0.1554000000000001,0.1229,-0.1549999999999999,-0.1767999999999999,Oncology
OID21243,AGR3,0.8356,-0.7771,0.7718,-0.6484,-0.9139,-0.7372,-0.0813,-0.4385,0.148,-1.2424,Oncology
OID21234,AIF1,0.4899,-0.6543999999999999,-0.5967,-0.1358999999999999,0.9045,-0.9799,-0.6651,0.3401,-0.4325,0.0275,Oncology
OID21287,AIFM1,-0.5349999999999997,,-0.9839,1.7902000000000005,0.3189999999999999,-0.8503000000000001,-0.4517,0.2919,1.2748,0.8176999999999999,Oncology
OID21244,AKR1B1,0.1210999999999999,0.2523000000000002,0.3778999999999999,0.8934999999999997,-0.0724,-1.0432,-0.6792,-1.1969,0.8136999999999999,0.9638,Oncology
OID21197,AKT3,-0.2298,-0.806,0.0975999999999999,0.6713,-0.1851,0.2357999999999999,0.4668,-0.7041999999999999,0.518,0.5196,Oncology
OID21383,ALPP,0.1742,,-0.7322,0.5529000000000002,-0.2065000000000001,-0.7441999999999998,-0.5249999999999999,-0.1650999999999998,0.054,-0.0662,Oncology
OID21413,AMBP,0.0042,-0.1825,0.008,0.1167,-0.0221999999999999,-0.0436999999999999,-0.1127,-0.0353,0.1376,-0.0751999999999999,Oncology
OID21370,AMIGO2,0.2935,,0.0665999999999999,0.1242,0.1786,-0.0368999999999999,0.2505,0.1493999999999999,0.1277,0.1626,Oncology
OID21463,ANGPT2,0.608,0.3342,-0.2164999999999999,0.4568,-0.1552,-0.2490999999999999,0.3698000000000001,0.1180999999999999,-0.1099,-0.3624000000000003,Oncology
OID21412,ANGPTL7,0.4034,-0.0361,-0.2458999999999999,0.3277,-0.1342,0.0016,-0.0860999999999999,-0.0612,0.1433,-0.2264,Oncology
OID21162,ANKRD54,-0.2859,0.8453,0.1098,0.599,-0.0325,-0.2507,0.1197,-0.1342999999999999,-0.0805,-0.0882,Oncology
OID21359,APBB1IP,0.3464,,0.1104999999999998,0.1110999999999999,0.3876000000000001,-0.8649,-0.8565999999999998,-0.6080999999999999,0.5667,0.4924000000000001,Oncology
OID21434,APEX1,0.6848,0.0498000000000002,-0.7157,0.6484000000000001,0.3102,0.4353,-0.1278999999999999,0.6208,1.4118,-0.4701000000000002,Oncology
OID21357,AREG,0.4026,,0.2208,-0.5569,-0.0092,0.1800999999999999,0.2925,0.1447,0.1063,-0.3605,Oncology
OID21445,ARG1,0.5039,-0.3136999999999998,-1.3312,0.4445000000000001,1.0334,-0.0141,-0.0736000000000003,-0.0043999999999999,0.4897,-0.2987000000000002,Oncology
OID21202,ARHGAP1,0.7735000000000001,0.7788,0.8266,0.5627,-0.7659,-0.6401,-1.0621,0.0640999999999999,0.3559,0.5861000000000001,Oncology
OID21255,ARHGAP25,1.0922,-1.0880999999999998,-0.25,-0.3169,-0.436,0.3618,-0.2157999999999998,0.1655999999999999,0.8247000000000001,0.8731,Oncology
OID21331,ARSB,0.2845999999999999,,-0.136,0.6033000000000001,0.5825,0.0942999999999999,-0.7273000000000001,-0.3088,0.398,0.3752,Oncology
OID21246,ATG4A,-0.3595999999999999,0.4194999999999999,-0.1734,0.6942000000000002,0.5697000000000001,0.0826,-0.6777,-0.4427,0.5391999999999999,0.9266,Oncology
OID21476,ATOX1,0.0517999999999999,0.0979999999999998,-0.133,0.9400000000000002,-0.2037999999999999,-0.2648999999999999,-0.5443,0.0821999999999999,1.1374000000000002,0.4760999999999999,Oncology
OID21178,ATP6AP2,0.4477000000000001,-0.2792000000000001,0.5710000000000001,0.1926999999999998,0.3531000000000001,0.1220999999999999,1.3822,-0.6949,0.9782,0.691,Oncology
OID21341,ATP6V1D,0.4997,,0.2841,0.1284,0.0508,0.7046,-0.6444000000000001,-0.2671,0.1976,0.3702,Oncology
OID21250,BAIAP2,0.2532,0.4234,-0.9231,0.8202,0.5156,-0.904,-1.2156,0.7745,-0.0856,0.1493,Oncology
OID21267,BAMBI,0.1521999999999999,0.1086,-0.6887000000000001,1.0398,0.4879,-0.0180999999999999,-0.263,-0.0711,-0.3751,0.2062999999999999,Oncology
OID21198,BGN,-0.0378999999999999,0.3276,0.1475999999999999,0.5057999999999999,-1.0087,-0.3633,0.3,-0.2738,-1.7117,0.3936,Oncology
OID21217,BIRC2,0.2115,-0.8152999999999999,-0.0681,0.9519,-0.1926999999999999,0.2846,0.3024,1.6179,0.9629,-0.6113999999999999,Oncology
OID21199,BTC,0.4644000000000001,-1.2959,0.5619,-0.2059999999999999,0.1236999999999999,-0.3143,0.3844000000000001,0.5927999999999998,0.2398,1.6279,Oncology
OID21481,C4BPB,0.0963,-0.2306,-0.0126999999999999,-0.3405,0.0806,0.0624,0.4627,-0.0153,0.1143,0.0254,Oncology
OID21195,CA11,0.2066,0.3588,0.5851999999999999,-0.0892999999999999,-0.0528,-0.2574,-0.2479,-0.0522999999999999,-0.5429,0.016,Oncology
OID21344,CA12,1.0285,,-0.1381,0.4201999999999999,0.0971,0.1946,-0.1060999999999999,0.0654999999999999,0.2904,0.2418,Oncology
OID21401,CA14,0.4706,0.0517,-0.6098999999999999,0.1028,-0.1991,-0.0448999999999999,0.1236,0.2001,-0.244,-0.2188000000000001,Oncology
OID21417,CA9,0.1392,-0.0228,-0.0097,0.4005,0.0981999999999999,0.1414999999999999,0.1789,0.1214,0.0523,-0.1321,Oncology
OID21306,CALB1,0.8905000000000001,,-0.8204,-0.0505999999999999,0.032,-0.2837,0.8318999999999999,-0.1515,-0.0228999999999999,-0.6658999999999999,Oncology
OID21387,CALCOCO1,-0.4680999999999997,0.0633999999999996,-1.0284999999999995,0.9884000000000004,0.1306000000000002,-0.5054999999999996,-0.8161000000000003,1.032,1.3958000000000004,0.3836999999999997,Oncology
OID21182,CAMKK1,-0.5518000000000001,-0.8282,-1.0112,0.5302,-0.7038,-0.6066,0.66,0.1761,-0.9262,0.3697,Oncology
OID21431,CAPG,0.0195999999999998,-0.0436999999999998,0.1780999999999999,0.3839000000000001,0.2732999999999999,0.2380999999999997,0.0409999999999999,0.2040000000000001,-0.0867999999999997,-0.0943,Oncology
OID21414,CASP8,0.0123999999999999,-0.3179999999999999,-0.524,0.54,0.1661999999999999,-0.6900000000000002,-0.1659999999999999,0.0262,1.2035,0.1991999999999998,Oncology
OID21386,CBLN4,0.2598,-0.24,-0.2211,0.1168,-0.0414,-0.1641,-0.0192999999999999,-0.0968,0.0418999999999999,-0.2438,Oncology
OID21466,CCL8,0.033,-0.0872,-0.1902999999999999,0.0574999999999999,0.0418999999999999,-0.1849,-0.3419,-0.3207,0.3798,0.2128,Oncology
OID21368,CCN1,0.748,,0.0465999999999999,-0.2068999999999999,-0.1219,0.2464999999999999,0.1154,-0.509,-0.3923999999999999,-0.1454999999999999,Oncology
OID21444,CCN4,0.4057,-0.195,0.1131,0.4091,0.0284,-0.2521,-0.5355,0.0834,0.233,-0.1563999999999999,Oncology
OID21200,CCT5,-0.2442,-0.0741999999999999,-0.2377,0.0590999999999999,-0.0438,-0.4065,-0.4195,0.3093,-1.6183,-0.1099,Oncology
OID21483,CD1C,0.1833,-0.12,-0.2725,-0.0939,0.0430999999999999,-0.1274,0.0387,-0.067,0.1383,-0.2379,Oncology
OID21298,CD207,0.5361,,-0.0198999999999999,0.2641,0.2401,0.1718,0.3092,-0.2808,0.1293,0.6529,Oncology
OID21527,CD27,0.0228999999999999,-0.1236,-0.0943,0.2283999999999999,-0.2743,-0.3611999999999999,0.1535999999999999,-0.0668999999999999,-0.0141,0.5016,Oncology
OID21265,CD28,-0.0809,-0.727,0.0784,0.3003,0.1683,0.7973,-0.0099999999999999,-0.537,0.3903999999999999,0.3818,Oncology
OID21418,CD300E,-0.1080999999999999,-0.0311,-0.0591999999999999,0.0334999999999999,0.1609,0.0357,0.078,-0.3267,-0.2368999999999999,-0.2982000000000001,Oncology
OID21469,CD300LF,0.211,-0.3608,-0.1891,-0.0112999999999999,0.1930999999999999,-0.0785999999999999,-0.2098,0.0569,0.0909999999999999,-0.0339,Oncology
OID21328,CD302,0.5257,,0.0003999999999999,0.0762,0.2346,-0.0688999999999999,0.153,-0.3837,-0.2784999999999999,0.2390999999999999,Oncology
OID21472,CD33,0.2498,0.1969,0.2354,0.2682,-0.1039999999999999,0.1542,-0.0672999999999999,0.1901,-0.2553000000000001,-0.8236,Oncology
OID21316,CD38,0.5382,,-0.2023000000000001,-0.0015999999999999,-0.4382,0.0982999999999999,-0.2055,-0.2244,0.1205999999999999,0.2119999999999999,Oncology
OID21449,CD5,0.0751,-0.2213,-0.2404,0.3212,-0.1211999999999999,0.0546999999999999,0.1393999999999999,-0.0209,0.1868,-0.2880999999999999,Oncology
OID21238,CDC27,-0.1430999999999999,0.6584,-0.3558,0.7095999999999999,0.235,-0.0604,-0.3277,-0.4882,0.3313,0.4457,Oncology
OID21470,CDC37,-0.5406,-0.0947,-0.495,0.5482999999999998,-0.1306,-0.6543,-1.4877,-0.1108,1.27,0.8035,Oncology
OID21282,CDHR2,0.4416999999999997,,-0.0419,-0.6534,-0.0168,-0.038,-0.4249999999999998,-0.3547000000000002,-0.0404999999999999,0.1513,Oncology
OID21319,CDKN1A,0.0415,,-1.1385999999999998,1.3430999999999995,-0.0798999999999998,-0.5888,0.0642,0.6278999999999999,1.1389,0.7299000000000002,Oncology
OID21295,CDKN2D,-0.4520999999999997,,-1.2447,0.9685,0.1800000000000001,-0.8940999999999999,-0.6939,0.5889,0.9422,0.6145,Oncology
OID21318,CDNF,0.6137000000000001,,0.0373999999999999,0.2955,0.1762,-0.1838999999999998,-0.6242000000000001,-0.5198,-0.2059999999999999,0.5565,Oncology
OID21528,CEACAM1,-0.1621,-0.303,-0.2329,-0.1803,-0.1191,0.0068999999999999,-0.1269,0.0404999999999999,-0.0397,-0.0821,Oncology
OID21245,CEACAM3,0.1775,0.9227,0.3933000000000001,-0.5296,1.3803,0.0761,1.3219,-0.4454999999999999,-1.5146000000000002,-0.0678,Oncology
OID21171,CEACAM5,1.2315,1.4112,1.0176,0.3541000000000001,0.601,1.3274,-0.1678,-1.0608,1.1175,1.4549,Oncology
OID21209,CEP20,1.6782,-0.3813999999999999,0.0432,-0.0111999999999999,-0.0322999999999999,-0.249,-0.4925,0.1888,0.1522,-0.0288999999999999,Oncology
OID21241,CEP85,0.0436,0.1126,-0.5660000000000001,1.1847,-0.4499000000000002,-0.7444,0.5225000000000001,0.3006999999999999,1.248,0.391,Oncology
OID21366,CES2,0.2673,,-0.6457999999999999,-0.1484000000000001,0.0551,-0.1437,-0.0013999999999998,-0.5217999999999999,-1.3302,0.4606000000000001,Oncology
OID21340,CES3,-0.1999999999999997,,-0.3318000000000003,0.5518000000000001,-0.3308,-0.4397999999999999,-0.1179000000000001,-0.0583,-0.3876999999999997,0.4546000000000001,Oncology
OID21261,CFC1,0.2110999999999999,-0.9542,-0.4135,0.5470999999999999,-0.5028999999999999,0.4321,1.5834,1.2616,-0.3050000000000001,0.5281,Oncology
OID21230,CHAC2,-0.1024,0.2745999999999999,-1.4927,0.7978000000000001,-0.0264999999999999,0.2616,-0.6896,0.3913999999999999,1.6591,0.6563,Oncology
OID21501,CIAPIN1,-0.1467999999999998,-0.0205999999999999,-0.5757000000000001,0.9156,0.0358,-0.5918999999999999,-0.8370000000000001,0.556,1.1322,0.6518000000000002,Oncology
OID21228,CLEC6A,0.0576,0.8361,0.0635,0.0956999999999999,-0.1208999999999999,0.0226999999999999,0.1748,-0.0567999999999999,-0.6537,0.4567,Oncology
OID21419,CLMP,0.3732,0.0867,-0.0074,0.0504,-0.0161,-0.0952,-0.0968,0.0569999999999999,0.0370999999999999,-0.0042999999999999,Oncology
OID21317,CNPY4,0.0162999999999999,,-0.3059,0.8527000000000002,0.0966,-0.6462000000000001,-0.5498000000000001,-0.0222999999999999,1.0683,0.0818999999999999,Oncology
OID21426,CNTN2,-0.1389,-0.3547,-0.3878,0.0782999999999998,-0.2161999999999999,-0.1922,0.1457,0.0565999999999999,0.087,-0.3512,Oncology
OID21297,COX5B,-0.8264,,-0.7047000000000001,-0.0307,-0.2226,-0.0203,0.2879,-1.4379,1.0915,0.5871999999999999,Oncology
OID21392,CPE,0.2686,-0.1662,-0.4497,0.0397,-1.7288,-0.0692,0.1023,-0.0823999999999999,-0.247,-0.2815,Oncology
OID21435,CPVL,0.4504,-0.1497,-0.0854,0.1415999999999999,0.5732999999999999,-0.6238,-0.4566,0.1746,0.0849999999999999,-0.3833,Oncology
OID21479,CPXM1,0.0199999999999999,0.1505,-0.3440999999999998,0.3492,-0.0056999999999999,-0.0956,-1.034,0.2689,0.3250999999999999,0.1263,Oncology
OID21249,CRACR2A,-0.4988999999999999,-0.0901,-0.6796,1.3277,-0.2822,-0.5419,-0.4770999999999999,0.5843,1.5478999999999998,0.766,Oncology
OID21515,CREG1,0.2076,-0.2687,-0.0114999999999999,-0.1439999999999999,0.1737,-0.0081999999999999,-0.3172,-0.2052999999999999,0.0595,-0.3072,Oncology
OID21257,CRH,0.4344,-0.1331,-0.2706999999999999,1.3805,0.4559000000000001,0.9428,-0.6394,-0.5498,0.2605999999999999,0.1621000000000001,Oncology
OID21456,CRISP2,0.4712999999999999,0.4461999999999999,-0.1272999999999999,0.4492000000000001,0.3331,0.2239,0.5158,-0.0209,0.5703,0.1150999999999999,Oncology
OID21427,CRNN,0.1173,-0.2573,-0.4259000000000001,0.4865,-0.1591,-0.3686,-0.0383,-0.531,-0.0611000000000001,-0.1398000000000001,Oncology
OID21500,CTSF,-0.249,-0.2362999999999998,-0.644,-0.1575,0.1317,0.5938000000000001,-0.5117,-0.0550999999999999,-0.1504,-0.2986000000000002,Oncology
OID21405,CTSV,0.3714,0.0316,-0.2689,0.5887,-0.0661,0.4154,0.1701000000000001,0.4473,0.5025999999999999,-0.3545,Oncology
OID21430,CXCL8,0.0156,0.0284999999999999,0.0192999999999999,0.2744,0.2882,0.2927999999999999,-1.4433,1.1575000000000002,0.1392,0.2215,Oncology
OID21428,DAB2,-0.2945000000000002,0.0573000000000001,-0.6872,1.3231000000000002,0.2319,-0.9261,-0.8952,0.6167,1.5135,0.8612000000000002,Oncology
OID21474,DCBLD2,0.5753999999999999,-0.3119999999999999,-0.6221,0.4462,0.0089,0.0506999999999999,0.2153,0.0633,0.2437999999999999,-0.5265,Oncology
OID21399,DCTN1,-0.1835,0.4248999999999996,-0.4243000000000001,0.9707,0.3845,0.3179000000000003,-0.9274,0.4931999999999998,0.9127,0.5522999999999998,Oncology
OID21334,DCTN2,1.3956,,-0.9582,0.7931000000000004,-1.4716000000000005,0.6948000000000003,-0.6890000000000001,0.2372,0.9007999999999998,0.8664999999999998,Oncology
OID21480,DCXR,0.9087,-0.4729,-1.783,0.1662,0.8292999999999999,-0.1758,-0.3369999999999999,-0.1451,0.9953,0.1389,Oncology
OID21299,DDAH1,0.062,,-0.2184999999999999,0.6099,0.4327,-0.5823999999999999,-0.2058000000000001,-1.1621,0.0996,-0.3804,Oncology
OID21226,DDX58,-0.287,-0.1251,-0.2511,0.643,0.2461,-0.1607,-0.3992,0.6073999999999999,0.3346,0.0189,Oncology
OID21373,DEFB4A_DEFB4B,2.1029,,0.4775,0.4604000000000003,-0.7493000000000003,1.9345,1.5439000000000007,-1.1709,0.7068000000000003,-0.4673000000000007,Oncology
OID21313,DKKL1,0.4479,,-0.2341,-0.0127999999999999,-0.1336999999999997,-0.0396,0.2430000000000001,-0.4477,-0.1938,-0.1084,Oncology
OID21525,DLL1,0.1449,-0.0709,0.0035999999999999,0.0868,-0.0049999999999999,-0.282,-0.1704,0.2345,0.0419999999999999,-0.0241999999999999,Oncology
OID21363,DNAJB1,0.0509999999999999,,-1.097,0.8795,0.5902000000000003,0.3553,-0.9793,0.2249000000000001,1.3866,0.4069999999999998,Oncology
OID21305,DPEP2,0.3094999999999999,,-0.0571000000000001,-0.9061000000000003,-0.0320999999999997,0.1002999999999998,-0.0169999999999999,-0.4094000000000002,0.2789999999999999,0.1939999999999999,Oncology
OID21354,DPP6,-0.1585,,0.2586,-0.4952,0.1064,-0.4515,-0.1372,-0.1134999999999999,0.2646,-0.3034,Oncology
OID21410,DPY30,-0.2044,0.2585,-0.2654,0.9405,0.2945,0.0185,-0.2109999999999999,0.0909,0.7214999999999999,0.0171999999999999,Oncology
OID21335,DRG2,-0.0547999999999999,,-1.5766,0.5606,-0.2172,-0.2876999999999999,-0.5307,-0.0627,0.7473000000000001,0.2875000000000001,Oncology
OID21460,DSG3,0.3819,0.0636999999999999,-0.2426,0.2086,-0.2491999999999999,0.0541,0.0924,0.1523,0.1164,0.0156999999999999,Oncology
OID21325,DSG4,0.3228,,-1.003,0.6141,0.1558999999999999,-0.1485999999999999,-0.0591,-0.1956999999999999,0.0933,-0.2187,Oncology
OID21349,DTX3,0.4650000000000001,,-0.1860999999999999,0.1387,-0.0886,0.0384999999999999,-0.0297,-0.6289,-0.0669,0.0654,Oncology
OID21389,EBI3_IL27,-0.0603,-0.091,-0.0294999999999999,0.2764,-0.0433,0.0468,-0.081,-0.1049999999999999,0.0041999999999999,-0.2344,Oncology
OID21451,EDA2R,0.3952,-0.2216,0.2602,0.0717,-0.0787999999999999,0.2156,0.2173,0.5121,0.0728,-0.1509999999999999,Oncology
OID21252,EGFL7,0.4730000000000001,0.0914999999999999,-0.4557999999999997,0.6702999999999999,0.2122000000000001,0.0342,-0.3409999999999999,0.2598,0.5655000000000001,0.0716000000000001,Oncology
OID21337,ELOA,0.8835000000000001,,-0.5741,0.1612,0.2726,0.7882,0.0453999999999998,-0.0337,0.7502,-0.1436,Oncology
OID21260,ENTPD2,-0.7218,-0.3682,0.1104999999999999,0.8533999999999999,-0.0470999999999999,0.1847,0.9245,0.2397999999999999,-0.2203999999999999,0.2694,Oncology
OID21342,EPHA2,0.0869,,-0.0211,0.0239,0.1588999999999999,-0.1175,0.1563,0.0075,0.4599999999999999,-0.1562,Oncology
OID21397,EPS8L2,0.3737,-0.13,0.0383,-0.0625,0.0103,0.1389999999999999,-0.2956,-0.1988,-0.0315,-0.2481,Oncology
OID21520,ERBB2,0.1228,-0.3686,-0.2092,-0.0658,0.0533,-0.1052999999999999,0.0762999999999999,-0.3899999999999999,0.3074,-0.0597999999999999,Oncology
OID21510,ERBB4,0.1048,0.0984,-0.1311999999999999,-0.0152,-0.2342,-0.1263999999999999,0.0016,-0.1735999999999999,0.2308,-0.1475,Oncology
OID21323,ERBIN,-0.2017999999999999,,-1.2077,1.1172000000000004,0.4058999999999999,-1.2253000000000005,-1.0526,0.0775999999999998,1.6449000000000005,0.7703,Oncology
OID21338,ERP44,-0.0133,,-0.1083,0.0935999999999999,0.1293,0.1141,-0.3393,-0.2991,0.0731,-0.1033,Oncology
OID21440,F3,0.6305000000000001,-0.1195,0.2276,0.1553999999999999,-0.3752999999999999,-0.2384,0.1333999999999999,0.025,-0.2722,-0.16,Oncology
OID21372,FAM3B,0.1328,,0.0216999999999999,0.4424,-0.1441,-0.0530999999999999,0.1721000000000001,0.1691,0.3007,0.0716,Oncology
OID21215,FCGR2B,-0.3679000000000001,-0.3046,-1.2403000000000004,0.5529999999999999,0.9214,-0.3241,0.3470999999999997,0.4419999999999997,0.0081999999999999,-0.3583,Oncology
OID21193,FCRLB,0.0145999999999999,0.0731999999999999,0.0163999999999999,-0.7157,0.2988000000000002,-0.6748,-0.1555999999999999,0.3058,0.3074,-0.1168,Oncology
OID21192,FEN1,-0.1091,0.5526,0.1114,0.1455000000000001,-0.0216999999999999,-0.1261,-0.6588,-0.4202999999999999,-0.6144000000000001,-0.5871999999999999,Oncology
OID21207,FES,-0.2966999999999999,0.0803,-0.01,-0.349,0.7988999999999999,0.1829,-0.3075,0.356,-0.0753999999999999,-0.1291,Oncology
OID21402,FGF21,1.1494,-0.6488999999999998,0.6972,0.3298000000000001,0.6827999999999999,0.2010999999999998,-1.6472000000000002,-1.2841,-1.7693999999999996,-0.4353,Oncology
OID21411,FGF23,-0.0652,0.1023,-0.1655999999999999,-0.1167,0.1405,-0.2729,0.4305000000000001,0.3897,-0.0212999999999999,0.3054,Oncology
OID21507,FGFBP1,0.2515,-0.1584,-0.2785,0.0193,-0.0227999999999999,0.0393,-0.1877999999999999,-0.1139,0.1151,0.1638,Oncology
OID21478,FGFR2,-0.0363999999999999,-0.3473999999999999,-0.0683,-0.173,-0.2048,-0.507,-0.1132,-0.0239,-0.0983999999999999,-0.1517,Oncology
OID21239,FLI1,-0.0474,-0.3380999999999999,0.1201999999999999,-0.6387,-0.3323,0.0973,-0.0044,-0.4664999999999999,-0.5812999999999999,-0.0023999999999999,Oncology
OID21301,FLT1,0.3275,,0.1652,0.3288999999999999,-0.1506,-0.2058999999999999,-0.2527999999999999,-0.4307,-0.0025999999999999,0.1742,Oncology
OID21272,FLT3,0.3966,-0.3731,0.3379,1.2016,-0.4135999999999999,0.0901,-0.0865,-0.2283999999999999,0.6978,0.1335,Oncology
OID21491,FLT4,0.0510999999999999,-0.0792999999999999,-0.1473999999999999,0.14,-0.0808,-0.149,0.0659999999999999,0.1149,0.3241,-0.2558999999999999,Oncology
OID21233,FMR1,-0.2065,0.1321,0.0821999999999999,-0.3832,0.4715999999999999,-1.9085,-0.266,-0.225,0.453,0.1307,Oncology
OID21529,FOLR1,0.1004,0.1324,-0.1339,-0.2536,-0.1775999999999999,-0.0163999999999999,0.1331999999999999,0.0514,0.2408,-0.3846,Oncology
OID21485,FOLR3,0.0388999999999999,-0.2831999999999999,-0.125,0.0670999999999999,0.0872999999999994,-0.1699999999999999,-0.2771000000000003,0.0754999999999999,-0.0453000000000001,-0.0587999999999997,Oncology
OID21271,FOXO3,0.1255000000000001,-0.3723999999999999,0.0127999999999999,0.1981999999999999,-1.8315,-1.8997,-0.567,3.8126,-1.0979,-2.2729,Oncology
OID21514,FURIN,-0.3596,0.1956999999999999,0.6867,-0.3945,0.3483,-0.5612000000000001,-0.3497,-0.4959999999999999,0.0251999999999999,-0.5819,Oncology
OID21256,FUS,0.8811,0.4663999999999999,-0.1763,0.3127000000000001,0.0688,0.7647999999999999,0.3308000000000001,0.062,0.6946000000000001,-0.6404,Oncology
OID21442,FXN,-0.0551999999999999,0.2987000000000002,-0.6767000000000001,1.028,0.5315000000000003,-0.9043,-0.5408000000000001,-0.3041999999999999,1.2262999999999995,0.0626999999999999,Oncology
OID21371,GALNT10,0.0924,,0.0435,0.4075,-0.5394,0.1018,0.4125999999999999,-0.1272,0.061,0.2779,Oncology
OID21423,GALNT2,0.2044,-0.0122,0.1308999999999999,0.0353999999999999,0.0814,0.0184999999999999,0.1474,0.0365999999999999,0.0999,-0.0550999999999999,Oncology
OID21377,GALNT7,0.4464999999999999,,-0.244,0.1295,-0.1155999999999999,0.1840999999999999,-0.0061,-0.1331,-0.1063,0.2443,Oncology
OID21263,GCG,-1.1996,-2.5417000000000005,0.6318999999999999,1.9927,0.4184000000000001,3.2031,-2.2245,0.0224999999999999,1.2856,1.6761,Oncology
OID21379,GCNT1,0.3056999999999999,,-0.6453000000000001,0.3593,0.313,0.2032,0.1577,-0.3914,0.1602,-0.0282,Oncology
OID21247,GFAP,0.5187999999999999,-0.5377,-0.0703,-1.7572,-1.0201,-0.1239,-0.1417,-0.6802,0.7698,0.1228,Oncology
OID21259,GFER,0.2499,0.4181000000000001,-0.2443000000000001,1.0656,-0.1991,-0.1647999999999998,-0.4961,-0.708,1.0073,0.4426,Oncology
OID21216,GFOD2,0.2597999999999999,-0.1810999999999999,0.1513999999999999,0.2535999999999999,0.0106999999999999,-0.1548999999999999,-0.6914,-0.4698,-0.0863,-0.1210999999999999,Oncology
OID21457,GFRA1,0.1835,-0.0262999999999999,-0.0774,0.3109,0.0198,0.0322999999999999,0.0081999999999999,-0.0194,0.0722,-0.2489,Oncology
OID21330,GFRA2,0.5415000000000001,,-0.0137,0.2944,0.313,-0.0902999999999999,0.0638,-0.4858,0.0973,0.0087,Oncology
OID21168,GH2,-0.27,-1.0206000000000002,0.0897999999999998,0.1676000000000002,1.7036,-0.3107000000000002,-0.1789999999999999,0.5685,-0.9928,-0.6812999999999998,Oncology
OID21231,GNE,0.0136,-0.1241999999999999,0.1896,0.6359,-0.0683,-0.0425999999999999,-0.1070999999999999,0.0064999999999999,0.3314,-0.4989,Oncology
OID21376,GPA33,-0.0459,,0.0202999999999999,0.592,0.2795,0.5347000000000002,0.0970999999999999,-0.7487999999999999,-0.7433000000000001,0.5897999999999999,Oncology
OID21438,GPC1,0.1161999999999999,-0.0449999999999999,-0.0521,0.2547999999999999,0.1548,-0.0024,0.0141,-0.218,0.0968,-0.3639999999999999,Oncology
OID21309,GRPEL1,0.0869999999999999,,-0.5990000000000001,0.6700999999999999,0.3002,0.0387999999999999,-0.1095,-1.3789,0.4649000000000001,-0.1535,Oncology
OID21173,GSAP,-0.2849,-0.0278,-0.1927000000000001,0.0968,-0.3786,0.289,-0.1295999999999999,0.2674,0.1089,0.3908999999999999,Oncology
OID21242,GSTA3,1.5325000000000002,-0.6135,0.2626,-2.7518,1.766,0.8461000000000001,0.2636,-0.4876999999999999,0.1201000000000001,0.4854,Oncology
OID21459,HAGH,0.1375999999999999,-0.9276,0.048,-0.3172999999999999,-0.2959999999999994,0.0548000000000001,0.3087,-0.7889000000000004,0.3035000000000005,-0.6157000000000004,Oncology
OID21395,HAO1,1.4226,-0.126,-1.0572,-0.1225999999999998,0.9655,0.0698,-0.1793,0.2888,0.2729000000000001,0.1604,Oncology
OID21422,HAVCR1,0.2711,-0.4039,-0.4462,0.0080999999999999,0.1511999999999999,-0.2884000000000001,0.579,-0.2788,-0.0333999999999999,-0.1311,Oncology
OID21465,HBEGF,-0.092,0.1859,-0.4919,0.9619,0.2028,0.0308999999999999,-0.8807,0.4463999999999999,0.5094,0.3596,Oncology
OID21433,HBQ1,0.1176,-0.0749999999999999,-0.0399,0.2671,0.6715,0.2094,-0.0144,-0.0300999999999999,-0.0929,-0.4873999999999999,Oncology
OID21455,HDGF,0.1476000000000001,-0.1413999999999999,-0.9727,0.5641999999999999,0.0446999999999999,-0.4358999999999999,-0.0343999999999999,0.5904,1.1594,-0.0902999999999999,Oncology
OID21175,HGS,-0.0226,-0.2848,0.0917999999999999,-0.1541,-0.2911999999999999,-0.4585,-0.5576,0.7623,0.5153000000000001,0.6166,Oncology
OID21385,HMBS,0.3078000000000001,-0.5916,-0.702,1.0858,1.5057,-0.2338,-0.237,-0.7826,0.2542999999999999,-0.2105999999999999,Oncology
OID21266,HPGDS,0.1599,-0.4959999999999999,-0.2675,-0.5889,0.0663,0.0953999999999999,0.1085,0.1693,0.2318,-0.1001999999999999,Oncology
OID21303,HS3ST3B1,1.0195,,-0.0091999999999999,-0.3155,0.3684999999999999,0.0089,0.1040999999999999,0.2030999999999999,-0.0676,0.2607,Oncology
OID21441,HS6ST1,0.9916,-0.7128,0.008,0.1536,0.305,-0.547,0.2085999999999999,0.2583,0.0098,-0.1111,Oncology
OID21408,HSPB6,0.1740999999999999,0.0423999999999999,0.8395,-0.1728,0.0219,0.8857999999999999,0.4987,-1.695,-0.0883,-0.1321,Oncology
OID21471,HTRA2,-0.0502,-0.0942999999999998,-0.4774,0.6822999999999999,-0.1112999999999999,-0.4977,-0.5303,-0.3505,0.9254,0.0133,Oncology
OID21351,ICOSLG,0.2987999999999999,,-0.256,-0.172,0.0008999999999999,-0.1193,0.1568,-0.1506,-0.2874,0.0298999999999999,Oncology
OID21468,IDUA,0.0708999999999999,-0.187,0.7269,0.1953999999999999,-0.3617,0.5761000000000001,-0.5999000000000001,0.0381999999999999,-0.1055999999999999,-0.581,Oncology
OID21274,IGF1R,0.3309,,-0.0978,0.2896999999999999,0.1460999999999999,-0.0231,0.1047,-0.0331,-0.0411,0.0584999999999999,Oncology
OID21312,IGSF3,0.159,,-0.0210999999999999,-0.0641,-0.2226,-0.1298,0.0727999999999999,-0.4913,0.0929999999999999,-0.0887,Oncology
OID21213,IKZF2,-0.1030000000000002,0.5126,0.1127,0.3602,0.9407,-0.2784999999999999,1.1782,-0.2784,-0.9502,0.4463,Oncology
OID21327,IL12A_IL12B,0.6454,,-0.1766000000000001,0.1664,0.2434,-0.9868,0.3277000000000001,-0.3929000000000001,0.1706,-0.285,Oncology
OID21504,IL13RA1,0.084,-0.0640999999999999,-0.0543999999999999,-0.0734,-0.0441,-0.1875,-0.0562,-0.0587,0.0165,0.0533,Oncology
OID21276,IL6,-2.8901,,0.7524,0.1482,-0.3811,-0.0550999999999999,-0.2047,-0.7371,-0.1359,0.6429,Oncology
OID21345,INPP1,0.1113999999999999,,0.3636999999999999,-0.2705999999999999,0.7548999999999999,-1.0879999999999996,-0.6571000000000002,0.0924999999999998,1.186,0.9563,Oncology
OID21314,INPPL1,0.0683,,-0.69,1.3219,0.3904999999999998,-0.5463,-1.7264,0.4484,1.9237,0.8089000000000001,Oncology
OID21361,IQGAP2,-0.1129999999999999,,-1.0207000000000002,0.9113,0.5335000000000001,-0.76,-0.5533999999999999,0.8653,1.1549,0.3832,Oncology
OID21416,ITGAV,0.0979999999999999,-0.2815999999999999,-0.1586,-0.0179999999999999,0.1427,-0.0476999999999999,-0.0617999999999999,-0.0307,0.0511,-0.1916,Oncology
OID21268,ITGB1BP1,0.1278999999999999,-0.2279,0.9884,-1.5896,0.3818,-0.6,0.6452999999999999,-0.3034,0.0092999999999999,0.0858,Oncology
OID21522,ITGB5,-0.1152999999999999,-0.3559,-0.4758,0.8536999999999999,-0.235,-0.5168,-0.4213,0.4658,0.6063,0.1702,Oncology
OID21393,ITGB7,0.1801,-0.0787999999999999,-0.2793000000000001,0.0839999999999998,-0.1674,-0.0721999999999999,-0.1353999999999999,0.0012999999999999,0.0528,0.0966,Oncology
OID21339,KAZALD1,0.6183,,-0.0386999999999999,0.0144999999999999,0.133,-0.2299,-0.1546,0.0726,-0.0462,-0.1091999999999999,Oncology
OID21497,KDR,0.1273999999999999,-0.3397,-0.2527,0.1906,0.0266,-0.211,-0.159,0.0484,0.0377,-0.0419,Oncology
OID21320,KIFBP,-0.3318000000000001,,-0.6738000000000001,0.9962,0.0678,-1.0124,-0.5655,-0.5923,0.8658999999999999,0.6042000000000001,Oncology
OID21196,KIR2DL3,-0.0338,0.2154999999999999,-0.3269,0.406,0.1815,0.3965,0.3640000000000001,-0.227,-0.4014,-0.2325,Oncology
OID21185,KIR3DL1,0.6213,-0.2947,-0.0607999999999999,0.6674,0.6594,-0.8537,-0.0397,0.5007,0.5755,0.8151,Oncology
OID21499,KLK1,0.6023000000000001,-0.0346000000000001,-0.4577,0.2301999999999999,-0.1623000000000001,0.2839,-0.363,-0.1908,0.2497999999999999,-0.2353,Oncology
OID21523,KLK10,0.0337999999999998,0.1664999999999999,-0.0345,0.2231999999999999,0.051,0.0425,-0.1400999999999999,-0.016,0.1575,-0.2057999999999999,Oncology
OID21518,KLK11,0.3969,0.0955999999999999,0.0576999999999999,0.1501,-0.3837,0.1837,-0.115,-0.1678,0.07,-0.0733999999999999,Oncology
OID21201,KLK12,0.6267,1.4449000000000003,0.8445,-0.4806999999999999,0.2226999999999999,0.2466,-0.4651,-0.0648999999999999,-0.7904,0.8282,Oncology
OID21291,KLK13,0.5435000000000001,,-0.0338,0.2112,0.0150000000000001,0.0066000000000001,-0.1764000000000001,-0.1439999999999999,-0.3710999999999997,-0.0937000000000001,Oncology
OID21407,KLK14,0.8954999999999999,0.6415,0.1942,0.7536999999999999,0.8583000000000001,0.7477,0.3629,0.5410999999999999,0.283,0.3545,Oncology
OID21391,KLK4,-0.0099,-0.1097999999999999,-0.1676000000000002,-0.2132999999999999,0.0824999999999998,0.2284999999999999,-0.3488,-0.2122999999999999,0.2646999999999999,-0.0676000000000001,Oncology
OID21526,KLK6,-0.1848999999999998,0.0962,-0.3452,0.0358,-0.2399,-0.1469999999999999,-0.0497,0.0822,0.2140999999999999,-0.418,Oncology
OID21517,KLK8,0.2812,0.2232,0.0397999999999999,0.2027,-0.1646,0.1301999999999999,-0.0090999999999999,0.1755,-0.0986,-0.0416,Oncology
OID21296,KRT18,1.7255,,0.0026999999999999,0.0202999999999999,1.2325,-0.0635999999999999,-0.4424000000000001,-0.5452999999999999,0.036,0.0623999999999999,Oncology
OID21484,L1CAM,0.2401999999999999,-0.099,-0.1571,0.0907999999999999,-0.0994,-0.0527,-0.0545999999999999,-0.3994,0.0304,0.1551999999999999,Oncology
OID21315,LAG3,0.4455,,-0.298,0.3724,-0.03,-0.1544,-0.1013999999999999,-0.5401,0.3041999999999999,0.0941,Oncology
OID21292,LAT2,-0.7892999999999999,,-1.2766000000000002,1.4220000000000002,0.3480000000000007,-1.1861000000000002,-0.6009,-0.1000999999999998,1.2633999999999994,0.5737000000000001,Oncology
OID21454,LEFTY2,0.5925,-0.514,-0.0123,1.4064,-0.2916999999999999,0.5082,-0.1736000000000001,0.0586,0.2984,-0.1325,Oncology
OID21406,LGALS7_LGALS7B,-0.0372,0.1003,-0.2032999999999999,-0.3198,-0.9982,0.0532,-0.036,-0.1555,-0.3515999999999999,0.067,Oncology
OID21248,LHB,0.072,-0.0520999999999999,0.2744,0.0781999999999999,-0.8234,-0.172,0.0633,-0.6197,-0.7492,0.5649,Oncology
OID21290,LPCAT2,-0.0556,,0.1367,0.7532,-0.3216,-0.9164,0.3263,-0.0975,0.5099,-0.4561,Oncology
OID21429,LRIG1,0.1123999999999999,-0.2176,0.0645999999999999,0.3054,-0.1085,0.0110999999999999,-0.005,-0.0041999999999999,-0.1851,-0.2269,Oncology
OID21293,LRP1,0.1664000000000001,,-0.2789,-0.1533999999999999,-0.1467999999999999,0.0262,-0.1187,-0.4239,-0.1929,-0.0941,Oncology
OID21333,LRRC25,0.2468,,-0.3533,0.1406,-0.2402,0.3464,0.1543999999999999,0.1342,-0.287,0.2252,Oncology
OID21210,LSM1,-0.3046,-0.5532,1.1787,0.264,-0.1258999999999996,-0.4175999999999999,0.7464999999999999,0.4183,-1.0922999999999998,-0.4888,Oncology
OID21452,LTA4H,0.2926000000000002,-0.8186,-0.4046999999999996,0.6402999999999999,0.2430000000000003,-0.2269999999999994,-0.3211999999999992,-0.4897999999999998,0.2035999999999997,0.2126000000000001,Oncology
OID21191,LTBP3,0.0316999999999999,-0.3202,-0.186,0.3454999999999999,0.2273,-0.0457,-0.4144,0.4866,-0.0963999999999999,0.4526,Oncology
OID21264,LYAR,-0.0671999999999999,-0.1646,0.8842,0.8141,0.0119,0.0331,-0.3002,0.4095999999999999,-0.2585,-0.1066,Oncology
OID21350,LYN,-0.2732999999999999,,0.0408,0.6773,0.1909,-0.613,-1.4,0.9872,-0.6271,0.4789999999999998,Oncology
OID21530,LYPD3,0.6158999999999999,0.2304,-0.0568999999999999,0.1856,0.2864000000000001,0.3899000000000001,0.2448,0.0433999999999999,0.4714,0.3735,Oncology
OID21251,LYPD8,0.3638,0.2133,0.6161000000000001,1.3611,0.2144,0.1835999999999999,-0.5887,-0.2973,0.4357,0.0234,Oncology
OID21206,MAEA,0.2668,0.0625999999999999,-0.9324,-0.4405,-0.4472,0.0174999999999999,-0.6075999999999999,-0.2267,0.7645,-0.7013,Oncology
OID21181,MAGED1,0.4901999999999999,-1.3271000000000002,0.7856000000000001,0.2244,0.2131,-0.8429,0.9323,-0.0604,0.2426,0.8179,Oncology
OID21492,MANSC1,0.1834,0.0194999999999999,-0.1263,-0.1103999999999999,-0.0793,-0.3248999999999999,0.0469,-0.0267999999999999,0.0445,-0.1165999999999999,Oncology
OID21253,MAP3K5,-0.3971999999999998,0.3391999999999999,-1.0048,1.2927999999999995,0.0718999999999994,-1.1273,-1.8765,1.1077,1.8673,0.9249999999999998,Oncology
OID21204,MAVS,-0.2355,0.3236000000000003,-1.2908000000000002,1.3131000000000004,0.2212,-0.6326,-0.5808000000000001,0.8276999999999999,1.6166,0.6360999999999999,Oncology
OID21489,MDK,0.074,-0.0683,-0.4914,0.4321,0.0329999999999999,-0.0797,-0.3166,-0.0998999999999999,0.5577,0.4483,Oncology
OID21236,MED18,0.1188,0.5308000000000002,0.1885999999999998,1.0063999999999995,-0.0172000000000001,-0.4893999999999998,-0.3749,0.5952,1.0058,0.4024,Oncology
OID21437,METAP2,-0.3247000000000002,0.2329000000000001,-0.6798000000000001,0.8472999999999999,0.2592000000000003,-0.5156000000000001,-0.7152999999999999,-0.0138,1.1615999999999995,0.2725999999999999,Oncology
OID21531,MIA,0.5717000000000001,0.2596,0.0698,0.434,0.3669,0.2711,0.1498,0.1673,0.1625,0.0978000000000001,Oncology
OID21307,MME,0.6061,,-1.3427,0.0508999999999999,0.81,0.407,0.1022,-0.1142,-0.0637,0.0024999999999999,Oncology
OID21439,MMP12,0.0155,-0.0088999999999999,-0.1227999999999999,-0.0795,-0.3877,-0.0068,-0.3816,0.1906,0.0551,-0.1732,Oncology
OID21384,MOG,-0.6163000000000001,-0.4613,-0.544,0.0357,-0.4216,-0.399,-0.0092999999999999,-0.1767999999999999,-0.1597,-0.3547,Oncology
OID21288,MPI,0.0697999999999999,,-0.524,0.9192,0.1554999999999999,-0.5249,-0.2129999999999998,-0.1056000000000001,0.9201,0.7817999999999999,Oncology
OID21380,MSLN,0.7191,,0.0626,0.1497,0.1076999999999999,0.0756,0.1751,-0.0653,-0.0574999999999999,-0.2641,Oncology
OID21513,MSRA,-0.1823,-0.0369,-0.5538,0.6523000000000001,0.0389,-0.6517,-0.3584,0.4039,0.9224,0.4443999999999999,Oncology
OID21378,MUC16,-0.0179,,-0.3589,0.9560000000000004,-0.7372,0.1916999999999999,-0.0740999999999999,-0.0640999999999999,-4.9272,-4.803,Oncology
OID21186,MZT1,0.0788999999999999,0.1339999999999999,0.1569,1.1692999999999998,-0.1782000000000001,-0.5286,-0.438,0.2797,0.4868000000000001,0.1107,Oncology
OID21227,NAMPT,1.0844,0.288,-0.1279000000000001,-0.8044999999999999,0.8841000000000001,-0.5848000000000001,-1.339,0.2908,-0.4103,0.2074,Oncology
OID21486,NBL1,0.21,-0.1978,0.0727,-0.1508,0.0305,0.0184999999999999,0.0678,-0.223,0.1149999999999999,0.0982999999999999,Oncology
OID21458,NCS1,0.3669,-0.0792,0.0143999999999999,-0.0064,-0.1048,0.2738,0.1363,0.0398,-0.1486999999999999,-0.1113999999999999,Oncology
OID21224,NDUFS6,0.0702,-0.1434999999999999,0.1398000000000001,0.4551,-0.4219999999999999,0.09,-0.415,-2.0809999999999995,-0.0105999999999999,-0.7836,Oncology
OID21490,NECTIN4,0.3048,0.1259,-0.0035999999999999,0.0617,0.0511,0.1012,-0.0001999999999999,0.2048,-0.0011999999999999,0.0106999999999999,Oncology
OID21494,NELL1,0.1680999999999999,-0.0941999999999999,-0.2806000000000002,0.1286999999999999,-0.0991,-0.2074,0.3312,-0.2186,0.2469999999999999,0.0144999999999999,Oncology
OID21212,NFKBIE,-1.0123,0.2974,0.025,0.495,1.1244,0.3350999999999999,-0.8468,0.5488,0.3848,-0.2674999999999999,Oncology
OID21167,NINJ1,-0.0196,0.5385,0.3386,0.2519,0.2182999999999999,0.5636,-0.1068,0.9686,0.3792999999999999,-0.0615,Oncology
OID21235,NPTN,0.8661000000000001,-1.1957,-0.0024999999999999,-0.0287,0.3643999999999999,0.5493,0.2973,-0.3532,0.5422,-0.4016999999999999,Oncology
OID21388,NPY,1.3124,-1.0302,-0.2306,-0.2236,-0.3616,1.3407,0.2349000000000001,-0.2501,-0.2142,0.2733,Oncology
OID21498,NT5E,0.1886999999999999,-0.2142,-1.0613,-0.1303,0.0041999999999999,-0.1368,-0.0368,0.0171999999999999,0.1305,-0.0216,Oncology
OID21208,NTF4,0.3960999999999999,-0.0137,0.4874,0.4616,0.1901,0.5978,-0.1709,0.1421,0.4726,-0.1794,Oncology
OID21448,NUCB2,0.0627999999999999,0.0254,-0.0403,0.372,-0.0705,-0.0058999999999999,0.0968999999999999,0.1334,0.1728,0.0907,Oncology
OID21308,NUDT2,0.8671,,-0.388,0.466,0.4913,-0.1432999999999999,-0.637,0.8312,0.0772,0.0906,Oncology
OID21360,OGFR,0.0322,,-0.2621,0.5383,0.0225999999999999,-0.2545999999999999,-0.129,-0.2706,0.3536999999999999,0.1584999999999999,Oncology
OID21352,OMG,-1.5387,,-0.2546999999999999,-0.4515,-1.0146000000000002,-1.0488,0.31,-0.5250000000000001,-1.031,-0.9115,Oncology
OID21362,OPTC,0.0915,,0.5952999999999999,-0.0026999999999999,0.4271,0.0889999999999999,-0.4577,0.2538999999999999,0.2224999999999999,-0.4279,Oncology
OID21509,P4HB,0.1118,-0.3269999999999999,-0.2555999999999999,0.3778,-0.0743999999999999,-0.2838,-0.3435,0.0638,0.4286,0.063,Oncology
OID21396,PDCD1,0.2782,-0.2188,-0.2714999999999999,0.2285,0.1093,0.0206,0.2244,0.3971,0.0686999999999999,-0.0723,Oncology
OID21273,PDCD1LG2,0.5371,,-0.0867999999999999,0.2051999999999999,0.0975,-0.2846,0.0715,-0.4426,-0.3893,-0.1546,Oncology
OID21183,PDGFC,1.16,-0.6686000000000001,-0.4625,0.3289,-0.1948,-0.5622,-0.5437,0.3017,-0.1912,0.2794999999999999,Oncology
OID21176,PDP1,-0.3031,-0.2586,0.4219,0.3799,-0.3287,0.057,-0.4698,-0.1649999999999999,0.409,-0.3233,Oncology
OID21356,PFKFB2,-0.0109,,-0.6652,0.8160999999999999,0.2768999999999999,-0.6346999999999999,-0.4528999999999999,0.5142,1.1428,0.2789,Oncology
OID21473,PLA2G15,0.2035999999999999,-0.2854,-0.2151,-0.0747,-0.0576999999999999,-0.0822,-0.1027,-0.3112,-0.0163,-0.3537999999999999,Oncology
OID21258,PLXDC1,0.3991,0.0877999999999999,0.3415,0.1338,-0.1979,-0.2204,0.0934999999999999,0.7566999999999999,-0.2720000000000001,-0.2658,Oncology
OID21358,PODXL,0.5357,,-0.1628,-0.3277,0.283,0.1997,-0.1757,-0.3329,-0.3873,-0.2340999999999999,Oncology
OID21487,PODXL2,0.3108,-0.1758,-0.2345999999999999,-0.2093999999999999,-0.0687,-0.0424999999999999,-0.1303,-0.1032,0.2006999999999999,-0.3539000000000001,Oncology
OID21283,POLR2F,0.2791,,-0.0441,0.48,0.0040999999999999,-0.082,0.1108,-0.3211,0.2896999999999999,0.0399999999999999,Oncology
OID21184,PPM1A,0.5864,-0.8109,-0.4127,0.6468999999999999,-0.3188,-0.4488,-0.309,0.3393,0.0224,0.0343999999999999,Oncology
OID21347,PPME1,0.2030000000000003,,-1.0629,1.1387,0.2545000000000001,-0.7917999999999998,-0.7901,0.2935000000000001,1.2176,0.2505000000000001,Oncology
OID21475,PPP1R12A,-0.4761999999999999,-0.0501,-0.9166,1.1227999999999998,0.0870999999999999,-0.9116000000000002,-0.9839,0.6904999999999999,1.6867,0.5558000000000001,Oncology
OID21516,PPY,-0.5875999999999999,-0.0363999999999999,-0.3052999999999999,-0.4965000000000001,0.3521999999999999,0.2008000000000001,-0.0137999999999998,0.0172999999999999,0.4683,0.0785,Oncology
OID21172,PQBP1,-0.9335,-0.1637,0.3069,1.1099,0.3235,-0.2119,-0.627,-0.3992,0.9678,0.318,Oncology
OID21404,PRDX6,0.1707,0.175,-0.3157,-0.0758,-0.3032,0.2465999999999999,0.2691999999999999,-1.9296,-0.6704000000000001,-0.0094999999999999,Oncology
OID21225,PRKRA,-0.0139,-0.2907,-0.5579000000000001,-0.2105,-0.0693,-0.0938,0.3217,0.9057,0.2066,0.3195,Oncology
OID21443,PRTG,0.3259,-0.2678,-0.1089,0.2098999999999999,-0.0937,-0.1846,0.2328,-0.003,0.0836999999999999,-0.2809,Oncology
OID21221,PSMA1,0.3071000000000001,-0.1533999999999999,-0.0761,-0.1878,0.1614,0.3372,-0.7853,0.615,0.0347,0.6907,Oncology
OID21304,PSMD9,0.3528,,-0.248,0.9652,0.7983,-0.0725,-0.1171999999999999,-0.4906,0.3258999999999998,-0.1750999999999999,Oncology
OID21169,PSRC1,0.0621999999999999,-0.2067000000000001,-0.3972,0.4368999999999999,0.2534,-0.3554,0.0921,0.583,0.7824999999999999,0.2991,Oncology
OID21420,PVALB,,,,,,,,,,,Oncology
OID21163,RABEPK,-0.2335999999999999,-0.6133,-1.2781,0.3639,0.0039,0.5964,-0.3046999999999999,-0.3231,-0.1216,1.3466,Oncology
OID21166,RAD23B,-0.1341,0.6552,0.4076999999999999,0.4741000000000001,0.0573,-0.0248999999999999,-0.7223999999999999,0.2593,0.0565999999999999,0.1922999999999999,Oncology
OID21203,RANGAP1,0.0057,0.4138,-0.2562,-0.0182999999999999,0.8394000000000001,-0.2291,-0.3031999999999999,-0.3152,0.9766,-0.4336,Oncology
OID21177,RARRES1,0.0988,-0.1636,0.4906999999999999,-0.0958000000000001,0.2456999999999999,-0.1567,-0.1306999999999999,-0.4726,-0.4387999999999999,0.2799,Oncology
OID21194,RASSF2,0.9365,-1.032,-0.1196999999999999,0.0914,-0.0121999999999999,-0.0717999999999999,-1.1923,-0.0238000000000013,1.237,0.2810000000000001,Oncology
OID21365,RBP2,2.3168,,-0.2934999999999998,-0.6863,1.1066,0.8037000000000001,-0.7642,0.4338999999999999,-0.4049,-0.0171999999999999,Oncology
OID21369,RBP5,1.0793,,-0.1238,-0.4119,1.0641,0.1559,-0.7324999999999999,-0.6579,-0.2793,0.1941999999999999,Oncology
OID21346,RET,0.3342,,-0.3173000000000001,0.1307,0.1690999999999999,-0.0904,-0.088,-0.0131999999999998,0.0727999999999999,-0.1100000000000001,Oncology
OID21436,RILP,-0.3287999999999997,0.2955999999999998,-0.9043,1.2248000000000006,0.4384999999999999,-0.4912999999999998,-1.1326,0.5063,1.3156000000000003,0.3431999999999999,Oncology
OID21179,RNF41,-0.1973000000000002,0.1376999999999997,-0.1459999999999999,1.1193,0.1922999999999999,-0.3817000000000004,-0.6642,0.7494000000000001,0.9579,0.6496999999999999,Oncology
OID21302,RP2,0.4091,,0.0426999999999999,0.9744,0.2118,-0.2511,-0.5811000000000001,-0.4695999999999999,0.5337999999999999,0.3882000000000001,Oncology
OID21187,RRM2,0.3694,-0.3389999999999999,-1.3871,-0.0691,0.4551,-0.2016,-0.4919,-0.1451,0.6703,-0.5637,Oncology
OID21174,RRM2B,1.7398,0.9362,-0.8152,0.7355,-0.0569999999999999,-0.4148,-0.9134,0.0351,0.3297,0.5745,Oncology
OID21415,RSPO3,0.4531,0.0066,-0.2356999999999999,0.3872,0.2498999999999999,0.0813999999999999,-0.1124,-0.1452,0.1435999999999999,-0.1492,Oncology
OID21343,RTBDN,-0.6051,,-0.0336999999999999,0.0897999999999999,-0.174,-0.0748,0.2709,-0.393,-0.2092999999999999,-0.5666,Oncology
OID21424,RTN4R,0.0612999999999999,0.0211999999999999,-0.3926,-0.0799,0.3084,-0.3943,0.194,0.0336,0.0206999999999999,-0.3275000000000001,Oncology
OID21211,RUVBL1,0.0418999999999998,0.177,0.3554,-0.0486999999999999,-0.0271,0.1233,0.1069,-0.2759,0.1237999999999999,0.5949,Oncology
OID21374,S100A12,0.2032,,0.6602000000000001,2.7793,0.3432,0.0786999999999999,-0.4643,0.4642,0.5965,-0.0266999999999999,Oncology
OID21519,S100A4,-0.2563999999999999,0.2651000000000001,-0.4650000000000001,0.5561000000000003,0.1279999999999996,-0.4117999999999999,0.0129,0.1678999999999999,1.2173999999999998,0.2869000000000001,Oncology
OID21332,SCAMP3,-0.2051000000000002,,-0.914,1.1706999999999996,0.1285000000000002,-0.7437999999999998,-0.8916000000000001,0.5718000000000001,1.2977999999999996,0.6154999999999999,Oncology
OID21400,SCG2,-0.1526,-0.2032999999999999,-0.5364000000000001,-0.1808,-0.3395,-0.1961999999999999,-0.0392,-0.0411,-0.1571,-0.3052,Oncology
OID21425,SCLY,0.6668999999999999,-0.7263,-1.0968,0.0378999999999999,0.5843,-0.0388,-0.0314999999999998,-0.2538999999999999,0.1928,0.0435999999999999,Oncology
OID21161,SCP2,-0.1406,-0.3739,-0.0596999999999999,0.5604,0.1162,0.5627,0.6428,-0.2823,-0.1056000000000001,0.38,Oncology
OID21329,SEMA4C,-0.0293999999999999,,0.4335,0.0078999999999999,0.2122,-0.0588999999999999,-0.2844,-0.4233,-0.0781,0.008,Oncology
OID21279,SEPTIN9,0.2203999999999999,,-0.2271,-0.149,-0.1142,0.0758,-0.3651,-0.296,0.2745,0.3519,Oncology
OID21284,SERPINA9,0.3678000000000001,,-0.6519999999999999,0.0821999999999999,-0.0331,-0.0869999999999999,0.0613,-0.124,-0.0408,0.0316,Oncology
OID21488,SEZ6L,-0.0008,-0.3462999999999999,-0.3825,0.2080999999999999,-0.1901,-0.1513,-0.1255,0.0801,0.2463999999999999,-0.372,Oncology
OID21289,SEZ6L2,0.2764,,-0.1762,-0.087,0.153,0.0282,0.0981,-0.1774,-0.2254999999999999,-0.2781,Oncology
OID21278,SF3B4,0.1545999999999999,,-0.8797999999999999,0.4128,0.38,-0.1749,-0.8133000000000001,-0.0327999999999999,0.8335999999999999,0.1636999999999999,Oncology
OID21165,SFTPA1,-0.4386,-0.0269,0.6178,-0.7263999999999999,-1.0259,0.4336,0.3117,-0.3524,-0.4105999999999999,-0.3437,Oncology
OID21218,SFTPA2,0.2961,0.0718,-0.0537,0.0928999999999999,0.0801,-0.2508,0.0589,0.0143999999999999,-0.2982,0.6649,Oncology
OID21222,SH2B3,-0.0204999999999999,0.4619999999999999,-0.3609,1.2245,-0.0358999999999999,-0.8264,-0.6915,1.2713,1.2388,0.7575000000000001,Oncology
OID21503,SIAE,-0.1835999999999999,-0.1785,0.2024,0.6474,-0.1168,0.006,-0.3778,-0.4028,0.8469,-0.0015,Oncology
OID21394,SIGLEC6,0.1671,-0.1854,-0.1353,0.1336,0.112,0.0464999999999999,0.0403999999999999,-0.0095999999999999,-0.0124,-0.1934,Oncology
OID21390,SIGLEC9,0.1748999999999999,-0.0617999999999999,-0.0553999999999999,0.127,0.0256,-0.0557999999999999,-0.1665,0.1002,0.0026,-0.2143,Oncology
OID21375,SIRT2,0.0203000000000002,,-1.074,1.3493,0.6399999999999999,-0.9647,-0.5936,0.3831,1.2469,0.5347000000000001,Oncology
OID21254,SLAMF6,-0.9743,0.6032,0.4426,0.8329,0.629,-0.888,-0.4578,0.8655,0.6757,-0.6815,Oncology
OID21214,SLAMF8,-0.3491,-0.2214,-0.6143000000000001,0.7291,0.1059,-0.1162,0.1137,-0.2174999999999999,-0.0781,-0.0333999999999999,Oncology
OID21409,SLITRK2,0.3743999999999998,-0.0081,-0.1372,0.1896,0.0831999999999999,-0.1403,0.2140999999999999,0.1463999999999999,0.2324,-0.1703,Oncology
OID21180,SMAD1,-0.3597000000000001,-0.1543000000000001,-0.7028999999999999,1.2911,0.1146,-1.2096,0.2255999999999999,0.102,1.5063,0.9066999999999998,Oncology
OID21353,SMAD5,0.523,,-0.0186,0.3044,0.0943,-0.251,0.3281,0.0354,-0.0617999999999999,0.2540999999999999,Oncology
OID21461,SMOC1,0.3193999999999999,-0.0328999999999999,-0.0035,0.7640000000000002,0.2710999999999999,0.0128,0.1039999999999999,-0.0333999999999999,0.0742999999999999,-0.1010999999999999,Oncology
OID21506,SNAP29,-0.4775,-0.0987,-0.9113,1.0828000000000002,-0.0995999999999996,-0.9314,-1.199,0.4606000000000001,1.4872999999999998,0.4632,Oncology
OID21262,SORCS2,-0.1605,0.0819999999999999,0.1007,0.1224,-0.2591,-0.2019999999999999,0.4559999999999999,-0.4775,-0.3893999999999999,0.5584,Oncology
OID21453,SORD,0.8565,-0.5255999999999998,-1.1439,0.7390000000000003,0.7745000000000002,-0.3035000000000001,-0.6847000000000003,-0.5465,0.5375999999999999,0.0433999999999996,Oncology
OID21511,SPARC,-0.3334,0.3022,-0.1581,0.4249,-1.934,0.0503,-1.2537,0.8836999999999999,0.2055,0.4458999999999999,Oncology
OID21450,SPINK6,0.3956000000000002,0.6192,-0.4559000000000001,-0.0136999999999999,-0.1769,-0.3727,0.1357,0.0282999999999999,-0.0450999999999999,0.1472,Oncology
OID21521,SRC,-0.4931999999999998,0.0518,-1.3468999999999998,1.1852999999999998,0.0369999999999999,-0.7588999999999997,-1.6601,0.2581000000000002,1.6387,0.8416000000000006,Oncology
OID21324,SRP14,0.7045,,-0.6559999999999999,0.5674999999999999,0.5849,0.6272,-0.0725,0.5311000000000001,1.1442,-0.2458,Oncology
OID21322,ST3GAL1,0.3853,,-0.4095999999999999,0.2626,-0.215,0.2414,0.4007,-0.0823,0.1552,0.1234,Oncology
OID21277,STAT5B,-0.2027,,-0.6829000000000001,1.7906,0.7847999999999999,0.1114999999999999,-1.1734,1.0766,2.0090000000000003,0.5813,Oncology
OID21170,STX16,-0.2902,-0.2669,-0.4061,1.2352,0.0777999999999999,-0.1974999999999999,-0.5145,0.3497999999999999,0.6685,0.8887,Oncology
OID21326,STX4,-0.0583,,-0.6407000000000003,1.1027,0.0575000000000001,-0.6311999999999998,-0.5280999999999999,-0.4152,1.0888,0.2837,Oncology
OID21219,STX6,-0.0409999999999999,0.3564,-0.854,1.6064,-0.0634000000000001,-0.546,-0.124,-0.1171999999999999,0.9432999999999998,0.6095,Oncology
OID21240,STXBP3,-0.0226,0.1236999999999999,-0.0184,0.1278,-0.6462,-0.412,-0.463,-0.1089,0.2781,-0.293,Oncology
OID21229,SUGT1,-0.3706,0.0142999999999999,0.0079,0.8414999999999999,0.4605999999999999,-0.0701,-0.3468,-0.1694,1.1285,-1.1591,Oncology
OID21285,TACC3,-0.0001999999999999,,-1.3536,1.4053999999999998,0.4796,-0.7098,-0.9314,0.4719000000000002,1.4607,0.5114000000000001,Oncology
OID21447,TACSTD2,,,,,,,,,,,Oncology
OID21321,TAFA5,0.6473,,-0.0283999999999999,0.2421,0.3635,0.1617,-0.1588,-0.3404,-0.0173,-0.3678,Oncology
OID21286,TBC1D23,-0.1936,,-0.4488000000000001,1.1857000000000002,0.0300000000000002,-0.9417999999999996,-0.813,0.3515000000000001,1.3044000000000002,0.8098999999999998,Oncology
OID21220,TBL1X,-0.2694999999999998,-0.1131999999999999,-0.266,1.2317,0.1167000000000002,-0.4410000000000003,-0.8501,1.3033,0.9892,0.8730000000000001,Oncology
OID21496,TEK,0.0591,-0.1738,0.0708999999999999,-0.0093,0.0342,-0.0173,-0.0514,-0.0295999999999999,-0.0166,-0.1286,Oncology
OID21512,TFPI2,0.1145,-0.3479,-0.2140999999999999,0.0733999999999999,0.1747,-0.019,-0.4055,-0.2887,0.0151999999999999,-0.5807,Oncology
OID21493,TGFBR2,0.2502,-0.1039999999999999,0.0249,0.1639,0.0151,-0.0562,0.1503999999999999,0.024,0.1069999999999999,-0.081,Oncology
OID21477,TJAP1,-0.3218000000000001,0.1061999999999998,-0.6987000000000001,0.8637000000000001,0.1522000000000001,-0.4977999999999998,-0.8464999999999999,0.7017000000000002,1.3218000000000003,0.5449999999999999,Oncology
OID21364,TMPRSS15,-0.5998999999999999,,0.1336,-0.7652000000000001,0.3498000000000001,0.0801,-0.2494999999999998,-0.346,0.4562,0.12,Oncology
OID21237,TNF,0.9484,0.4358,0.9611,-0.6869,-0.0361999999999997,0.151,0.2724999999999999,-0.8932,0.2434,-0.1877999999999999,Oncology
OID21482,TNFRSF12A,0.369,-0.4346,1.329,-0.5702,-0.1622,1.276,-0.3569,-0.9566,-0.459,-1.5855,Oncology
OID21446,TNFRSF19,0.1387,-0.1406,-0.0644,0.3365,0.0968999999999999,0.0028,-0.2305999999999999,0.1806,0.1309999999999999,-0.1049,Oncology
OID21232,TP53,-0.5886,-0.2432,-1.3647,0.7064999999999999,1.5643,1.0024,-0.1020999999999999,1.1364,-0.3501999999999999,-0.3527999999999999,Oncology
OID21270,TPMT,-0.4944999999999999,-0.2992999999999999,-0.8361999999999998,0.4214,-0.3642999999999999,0.2026999999999998,0.5064,0.002,0.2383999999999999,0.2683999999999999,Oncology
OID21403,TRIAP1,0.0201999999999999,0.0138,-0.1624,0.6887,0.1553999999999999,-0.1169999999999999,-0.2433999999999999,-1.3906999999999998,0.7198,0.0368,Oncology
OID21495,TXNDC15,0.0703999999999999,-0.072,0.0161999999999999,-0.0133999999999999,-0.0877,-0.2108,0.0418999999999999,-0.1309,0.1406,-0.0425999999999999,Oncology
OID21336,UBAC1,-0.0684,,-0.2057,0.5798000000000001,0.4072,-0.2469,-0.2898,-0.6688,0.4876,0.1302999999999999,Oncology
OID21367,USO1,-0.4644999999999997,,-1.1534,0.9175,0.3843000000000001,-0.9863999999999996,-0.7115,1.2111,0.9732999999999996,-0.5815000000000001,Oncology
OID21189,UXS1,0.0973,-0.2363,-0.2465,0.799,0.3341999999999999,0.0722,-1.1587999999999998,-0.0230999999999999,0.4366,-0.0481,Oncology
OID21382,VAT1,-0.2401,,0.075,-0.0777999999999999,-0.1065,-0.0483,-0.0079,-0.2375,-0.0607999999999999,-0.0754999999999999,Oncology
OID21524,VEGFC,0.0244,0.2830999999999999,-0.1500999999999999,0.6932,-0.1015,0.3566,-1.0987,0.312,0.6738999999999999,-0.0368,Oncology
OID21381,VMO1,0.0193,,0.484,-0.1338,-0.1846,-0.0794999999999999,-0.1758999999999999,-0.2809999999999999,-0.1569999999999999,-0.0068999999999999,Oncology
OID21310,VNN2,0.4169,,-0.1576,-0.2192999999999998,-0.1197999999999999,0.0823,0.0,-0.0951,-0.1215,0.0835,Oncology
OID21355,VPS37A,0.1620999999999999,,-0.9676,0.7937,-0.7891999999999999,-0.3564,-0.1509,0.238,0.8003,0.7464000000000001,Oncology
OID21281,VPS53,-0.4502,,-0.3606999999999999,1.0799,0.4507000000000003,-0.5686,-0.296,0.0768999999999998,1.3611,0.2828999999999999,Oncology
OID21164,VTCN1,0.0534,0.5512,0.7835,0.1677,-0.3064,-0.0392,-0.3684,0.7639,-0.6525,-0.3719,Oncology
OID21421,VWA1,0.3105,-0.1493,0.8784,0.1448,0.0571,-0.0803,-0.7727999999999999,-0.0723,-0.1775,-0.3585000000000001,Oncology
OID21462,WFDC12,0.3107999999999999,0.3312,0.3673000000000002,0.4514,0.3224,0.3013999999999999,0.0046,0.7704,-0.3552999999999999,0.1356999999999999,Oncology
OID21505,WFDC2,0.3523,0.1790999999999999,0.0185,-0.5664,-0.0615,0.1157999999999999,0.1009,-0.0034,0.0287,0.0276,Oncology
OID21464,WIF1,0.3481999999999999,0.195,-0.0661,0.4501,-0.2773,0.1548,0.3485999999999999,-0.1527,-0.0271,0.0463,Oncology
OID21398,XCL1,0.1356,0.3059,0.1241,0.4231,0.1876,-0.1099999999999999,-0.0122999999999999,-0.1370999999999999,0.1753,-0.1351000000000001,Oncology
OID21508,XPNPEP2,0.009,-0.1271,-0.271,-0.0599,-0.0269999999999999,-0.2975000000000001,-0.1047,-0.0595999999999999,-0.0277999999999999,-0.0458,Oncology
OID21348,YES1,-0.2597000000000005,,-0.7850999999999999,1.2245999999999997,-0.0711000000000003,-0.9087999999999994,-0.6267999999999999,0.6079000000000003,1.3634999999999995,0.8351999999999999,Oncology
OID21205,ZBTB16,-0.2784,0.0269999999999999,-0.5731999999999999,1.1190000000000002,-0.0002999999999999,-0.1149999999999999,-0.4501,0.4096000000000001,0.7168000000000001,0.6769000000000001,Oncology
OID31277,ACADM,0.1869999999999999,0.3198999999999999,0.9549,0.0524999999999999,0.2158,,-0.8627999999999999,-0.2067,0.3763999999999999,1.0885,Oncology_II
OID31522,ACOT13,-0.2618999999999998,0.6547999999999998,-0.4274999999999997,1.2650999999999994,0.3603999999999994,-0.4758,-1.2696,0.6215000000000002,2.0010000000000003,0.8283000000000005,Oncology_II
OID31385,ACRBP,0.0453999999999999,0.061,-0.3991,-0.1897,0.3474,-0.3436,0.0652,-0.1471,0.3142999999999999,0.2379,Oncology_II
OID31488,ADAM9,0.2846,0.1052999999999999,0.2762,-0.5208999999999999,0.2236999999999999,-0.1775999999999999,-0.2836000000000001,-0.4904,0.4092999999999999,-0.3706,Oncology_II
OID31483,ADGRE1,0.0437,-0.3491,0.3073999999999999,-0.5935,0.2964,-0.2628,0.1447,-0.5302,0.6337999999999999,-0.5956000000000001,Oncology_II
OID31379,AHSA1,-1.0784,-0.0883,-0.4689,0.5713999999999999,-0.4192,-1.2519,-0.3038,0.5954,0.1196,-0.3725,Oncology_II
OID31380,ALDH2,0.4170999999999999,0.3662,0.1958,0.2945,0.1289,0.1781999999999999,0.0862,0.1518,0.0711,-0.1051,Oncology_II
OID31275,ALMS1,0.3267,-0.1439,-0.1070999999999999,-0.0425,1.3982,,-0.8564,-1.2599,-1.0688,-0.2693,Oncology_II
OID31351,AMOTL2,-0.027,-0.3303,-0.0086999999999999,0.4805,0.3095,-0.3924,0.1145,0.0157,0.2991,0.2469,Oncology_II
OID31173,ANKRA2,-0.0541,-0.6327,0.8781,-0.6620999999999999,0.4649,0.5475999999999999,0.4831999999999999,0.394,0.0774,-0.2135,Oncology_II
OID31348,AP1G2,0.0618999999999998,-0.4334,-0.4275,0.8942000000000001,0.2425000000000001,-0.597,-0.1205,0.079,1.5278,0.2820999999999999,Oncology_II
OID31478,AP3B1,-0.4716000000000002,0.3479999999999998,-3.0395000000000003,0.8895000000000002,0.4929000000000001,-0.6035000000000001,-0.8822000000000001,0.4797999999999999,1.3822,0.8001,Oncology_II
OID31260,ARAF,-1.0374,-0.5901000000000001,0.1407,1.1006,0.7269999999999999,,-0.1618,-0.6217000000000001,0.654,-1.8186,Oncology_II
OID31523,ARF6,-0.3433000000000001,-0.2579,-0.2515,1.1602,-0.3737999999999999,-0.2198999999999999,-0.8754000000000001,0.1365999999999999,1.8795,0.8797000000000001,Oncology_II
OID31339,ARG2,-0.1493999999999999,-0.6082,0.5283,0.3094,0.0702,-0.7222,-1.4088,-0.0165,0.6317,-0.3757999999999999,Oncology_II
OID31336,ARHGAP30,0.468,-0.2229,0.42,0.1949,0.086,,0.1528,-0.0264,-0.0629,0.1002,Oncology_II
OID31190,ARHGAP5,0.5127,1.1358,-0.3192,-0.0295,0.8024,-0.3367,0.7791,-0.1353999999999999,0.7581,0.2912,Oncology_II
OID31162,ATF4,0.6586000000000001,-0.7167,-1.2544,-0.6484000000000001,-0.3275,0.7524000000000001,0.5259,1.6093,-0.2011,0.4889,Oncology_II
OID31466,ATG16L1,-0.6172,0.4123999999999999,-0.1756999999999999,0.8121,0.2645999999999997,-0.5970999999999997,-0.6552,0.2545999999999999,1.4977,0.6014999999999999,Oncology_II
OID31230,ATP1B4,0.6760999999999999,0.3927,0.4063999999999999,-1.043,-1.1035,-0.5689000000000001,-1.2153,-0.0588999999999999,2.8916,-1.6824,Oncology_II
OID31451,ATRAID,0.3498,0.2815999999999999,0.0473,-0.2749,-0.1012,-0.339,-0.1305,-0.0363,0.4521,0.1648,Oncology_II
OID31454,BCL2,0.0706999999999999,0.1535,0.6397999999999999,-0.249,-0.6045,0.0973999999999999,0.2355,-0.5239,0.0537,-0.2739999999999999,Oncology_II
OID31218,BCL7A,-1.2094999999999998,-1.4856,0.6087,-2.1132,-0.2327000000000001,-0.1700999999999999,-1.7054999999999998,2.3803,0.8497,-0.3714,Oncology_II
OID31421,BCL7B,-0.8717999999999999,-1.1182,-0.8989,-1.7328,1.1947,0.2719,-0.5426,-0.3171,0.2869,-0.8785,Oncology_II
OID31202,BEX3,0.5663,-0.6064,-1.1552,-0.1609999999999999,0.5115000000000001,-1.8251,0.5972999999999999,-0.6134000000000001,1.0398,1.7814,Oncology_II
OID31506,BRAP,-0.5524999999999998,1.2495,-0.8937999999999999,0.7523999999999997,0.2885999999999997,-0.5680999999999998,-0.6726000000000001,1.1846,1.8996,0.5570999999999999,Oncology_II
OID31259,BRD1,0.0292999999999999,-0.1132999999999999,0.4344,-0.8251999999999999,0.2236,,-0.0615,0.0966,0.6401,-0.4619,Oncology_II
OID31184,BSND,-0.3191999999999999,-0.0235999999999999,-0.0383999999999999,0.8401999999999998,0.3532,-0.1123,0.9312,0.0652,0.0866,0.2024,Oncology_II
OID31237,BTLA,7.8535,-1.4232,-0.6779999999999999,1.7376,0.645,0.1878999999999999,0.5673,6.8795,1.6445999999999998,-0.5034,Oncology_II
OID31363,BTN1A1,-0.7021000000000001,-0.2633,0.2756999999999999,-0.1221999999999999,0.3396,-0.3571999999999999,-0.4386,0.0971999999999999,-0.6079,0.143,Oncology_II
OID31196,BTNL10,1.0326,0.3367,-0.6146,-0.519,0.4467,0.4017,0.1807,0.2617,-0.1894,0.2376999999999999,Oncology_II
OID31489,C9orf40,0.4209,-0.3868999999999999,-0.1146,0.5488999999999999,1.2021,-0.3932,-0.119,-0.6825,0.5192,-0.0846,Oncology_II
OID31265,CA7,1.842,0.7712000000000001,0.1047,0.7064,1.1151,,-0.5871,-0.1169999999999999,0.4056999999999999,0.2646,Oncology_II
OID31384,CAPN3,0.2234,-0.7661,0.3371999999999999,0.3179999999999999,0.7526999999999999,1.1525,-0.6222000000000001,-2.3421,-0.1102,-0.2678999999999999,Oncology_II
OID31276,CASP4,-0.0373999999999998,-1.1867,-0.498,-0.0177,-0.5202,,-1.7045999999999997,-0.4323999999999999,0.1774,-1.2494,Oncology_II
OID31413,CCDC134,0.4036,0.3502,-0.1933,0.5414,0.4967,0.3098,-0.5976,0.6212,0.0615,0.264,Oncology_II
OID31316,CCND2,1.1096,-0.6923,0.2037,0.2289999999999999,0.2201,,-1.2075,1.4141,0.5665000000000001,1.027,Oncology_II
OID31480,CD101,-0.3787,-0.2848,-0.032,-0.295,0.1634999999999999,0.0458,0.1469,0.0168,0.015,-0.2914000000000001,Oncology_II
OID31302,CD3E,-0.5471999999999999,0.2728,0.134,-0.5515,0.8291,,0.2982999999999999,-0.3041,-0.4065999999999999,-0.7529,Oncology_II
OID31256,CD82,0.1782,1.6325,-0.3437,-0.5429999999999999,1.5632,,-0.0763999999999999,0.0312999999999999,-0.2064,-0.7479,Oncology_II
OID31500,CD86,0.3534,0.1474999999999999,-0.0068999999999999,-0.493,0.1302,-0.4241,0.1036999999999999,-0.2430999999999999,0.2354,-0.4182,Oncology_II
OID31242,CDC123,-1.6015,-1.8519,0.3994000000000001,0.938,-0.6303,-1.0225,-0.014,-0.2557,-0.9556,-0.1577000000000001,Oncology_II
OID31189,CDC25A,-0.579,-0.0854999999999999,-0.6566000000000001,1.5268000000000002,-1.0432,-0.6664000000000001,0.161,-0.8955,0.5413,0.1556,Oncology_II
OID31508,CDC26,-0.2027999999999999,0.3636,0.6078,0.5111000000000001,0.2558,-0.4942,0.3785999999999999,-0.1069999999999999,0.7007,-0.4157999999999999,Oncology_II
OID31485,CDC42BPB,-0.3244999999999995,0.2048999999999998,-0.3643999999999998,0.7917999999999994,0.0384000000000002,-0.6328999999999998,-0.8996,0.4999,1.8536,0.7675000000000001,Oncology_II
OID31332,CDH22,0.0611999999999999,-0.552,-0.221,-0.5173,1.561,,-0.2759,-0.7684,-2.0407,-0.151,Oncology_II
OID31164,CDK1,2.948,1.7506,1.7061000000000002,-1.3586999999999998,0.0770999999999999,-1.1636,-1.1856,-1.6458000000000002,0.9268,0.6113999999999999,Oncology_II
OID31495,CEACAM16,-0.2062999999999999,-0.0121999999999999,0.439,0.0204999999999999,0.6187,-0.3353999999999999,0.1768,0.4507999999999998,0.7726,-0.4178,Oncology_II
OID31251,CEACAM18,-0.7047,-0.0327,0.1974,0.1787,0.5354,,-0.9576,-0.5431000000000001,0.2908,-0.7011,Oncology_II
OID31443,CEACAM19,1.2293,-0.9429,0.0161999999999999,-0.3331999999999999,-0.9525,-0.3539,0.0742999999999999,0.5616,0.7291000000000001,-0.2075999999999999,Oncology_II
OID31308,CEACAM20,-0.1099,1.4535,-0.1939999999999999,-0.0803999999999999,1.9833,,0.037,-0.2853,0.2458,-0.2894,Oncology_II
OID31329,CENPF,0.3742,-1.288,-0.2401,1.2944,1.4524,,-0.1470999999999999,1.2664,-1.8526,-0.0374,Oncology_II
OID31314,CENPJ,0.7365000000000002,-0.4253,0.4698,0.7762,0.3575999999999999,,0.1633,0.0957000000000001,0.3793000000000002,-1.0344000000000002,Oncology_II
OID31249,CEP152,-0.2948,0.5103,-0.3396999999999999,-0.1524000000000001,-0.4747,-1.0035,0.4788,-1.41,1.2496,0.1676,Oncology_II
OID31287,CEP290,-0.0762,-0.3854999999999999,0.754,0.8916,0.3503,,0.5761000000000001,-1.4746,0.1129999999999999,-0.6927,Oncology_II
OID31247,CEP350,-1.002,-0.8881,-1.227,-0.5289,-0.5447000000000001,0.8967,-1.2699,0.4394,0.5339,1.5195,Oncology_II
OID31525,CETN3,-0.1544000000000001,0.0004000000000001,-0.2919,0.7273999999999998,-0.0617999999999998,-0.4336,0.1164,0.3027999999999999,1.445,0.2456,Oncology_II
OID31426,CHCHD6,-0.2492,-0.2149,-0.0809999999999999,-0.6023000000000001,0.6495,0.2107,-0.1536,-0.5197999999999999,-0.5632999999999999,-0.4879,Oncology_II
OID31328,CINP,0.6427,-0.6903,-0.3372,-0.2787,0.2032,,0.8511,0.2467999999999999,1.0203,-0.1745,Oncology_II
OID31503,CIRBP,-0.5084999999999997,0.2179999999999999,0.1793,0.9730000000000004,0.4300000000000001,-1.143,-1.3332,0.6272000000000001,2.0661,0.9203,Oncology_II
OID31192,CLASP1,-0.3475999999999999,-0.5036,-0.2198,0.76,0.0536999999999999,0.1110999999999999,0.0132999999999999,0.8095,0.0529,-1.5598,Oncology_II
OID31182,CLINT1,-0.8556,0.4244,-0.6825,0.2896,-0.7276,0.3873,-0.2731,0.4393,-0.2556,-0.4496,Oncology_II
OID31406,CMIP,-0.7689999999999997,-0.6317999999999999,0.5203,0.6924000000000001,0.7193,-0.5085,-0.6803999999999999,0.6973000000000001,2.0581,-0.2858999999999999,Oncology_II
OID31464,COL24A1,0.0902,-2.0368,-0.1498,0.395,-0.9451,-0.3098,-0.5258000000000003,-0.9044,0.9031,0.6213000000000001,Oncology_II
OID31333,COL4A4,7.1378,0.4965,-0.5749,-1.138,-5.2218,,-0.4813,0.1493999999999999,-1.0623,-0.9161,Oncology_II
OID31255,COL9A2,-1.7604,0.3005,0.738,0.367,1.7264,,-0.6345,2.2787,-0.8142,0.0489999999999999,Oncology_II
OID31390,COMMD9,0.9014,-0.3619,0.6943999999999999,0.6885,0.2386,-0.3053,-0.0887,0.5713999999999999,-0.1687,-0.3136,Oncology_II
OID31186,CPLX2,-0.0323999999999999,0.6387,0.9651,-0.7955999999999999,-0.2250999999999999,0.5121,0.5065999999999999,-0.6029,1.8185,-0.0713999999999999,Oncology_II
OID31188,CREB3,-1.2442,1.2458,1.0572,0.1998999999999999,0.0115,1.642,-0.0878999999999999,1.3039,0.6651,2.014,Oncology_II
OID31206,CREBZF,-0.5531,0.8896000000000001,0.6281,0.2060999999999999,-0.2515,-0.971,0.6962999999999999,0.0028,0.0585999999999999,-0.2183000000000001,Oncology_II
OID31299,CTAG1A_CTAG1B,0.8174,-0.3893999999999999,-0.2002,1.0439,1.3957,,-0.5166000000000001,0.2435,0.7597999999999999,1.767,Oncology_II
OID31479,CWC15,0.3429,0.014,-0.0338,-0.717,0.26,-0.0204,0.1682,-0.1493,0.3384,0.1494,Oncology_II
OID31171,CYB5A,3.4459,-1.2038,0.1043999999999999,0.4428,0.4028,0.4245,0.3059,0.4363999999999999,1.4133,0.2935999999999999,Oncology_II
OID31512,CYB5R2,-0.0122999999999999,0.0563,0.3586999999999999,0.0572,0.5303,-0.2367,-0.2231999999999998,-0.0926,0.8772,0.207,Oncology_II
OID31208,CYTH3,0.1146,-0.6234,0.4804,-0.0628999999999999,-0.2085999999999999,-0.4588,1.4908,-0.8871999999999999,1.2964,0.8855999999999999,Oncology_II
OID31235,DCDC2C,-0.5725,-0.4886,1.3917,-0.1674999999999999,0.2797,0.0623999999999999,0.4087,1.4032,2.2504,-0.5795,Oncology_II
OID31240,DCLRE1C,0.1520999999999999,-0.1622,2.0728,-0.4852999999999999,1.1975,1.6997,-0.9701,1.8136,-0.0549,-0.4931,Oncology_II
OID31231,DCUN1D2,-0.1878,-1.7358000000000002,-0.2289999999999999,-0.0088999999999999,-0.7054,-1.6134,0.4175,-0.5231,3.246,1.2607,Oncology_II
OID31518,DDX1,-1.7551,0.0383999999999999,-0.4344999999999999,-0.1665999999999999,1.0135999999999998,-0.2033,-0.1701,-0.945,0.6023000000000001,0.458,Oncology_II
OID31357,DHPS,0.3964,0.1195999999999999,-0.0094,0.0962,-0.37,-1.7184,-0.5949,-0.4806,-0.6159,-0.4436,Oncology_II
OID31204,DNAJA1,0.0725,0.2013,0.0331,0.5885,-0.1887,-1.1595,0.4137999999999999,0.5105999999999999,-0.6643,-0.0496,Oncology_II
OID31434,DNAJB14,0.6225,-0.0431999999999999,-0.3754,0.6349,0.0127,-0.6075999999999999,0.282,0.4419999999999999,1.3656,-0.5512,Oncology_II
OID31472,DNAJC9,0.0301,0.1623,0.1058,0.8168,0.1343,-0.2901,-0.7727999999999999,0.1062999999999999,1.4054,0.379,Oncology_II
OID31458,DNM1,-0.6355,0.5138,-0.7277999999999999,0.6695000000000001,0.207,-1.143,-1.3936000000000002,0.068,1.2945000000000002,0.2226999999999999,Oncology_II
OID31395,DTNB,0.469,-0.4011999999999999,0.6539999999999999,0.2852,-0.0547,-0.1673,-0.6555,-3.0108,0.7276,-0.4621,Oncology_II
OID31394,DUSP13,0.3806,0.3007000000000001,-0.906,0.0441,0.2144,-0.5805,0.1343999999999999,-0.0673,0.3181,-0.4385,Oncology_II
OID31457,DUT,0.0028999999999994,0.4954,-0.1111999999999997,1.1881999999999993,0.2355999999999998,-0.1470000000000002,-0.5727000000000002,0.7292999999999998,1.6722,1.0353000000000003,Oncology_II
OID31341,DYNC1H1,-0.0247999999999999,0.1297,-0.0738,-0.0881,0.3485,0.073,-0.9111,0.1809,-0.0196,0.0794,Oncology_II
OID31415,DYNLT3,0.1703999999999999,-0.7888999999999999,0.7970999999999999,-0.1337,0.057,-0.1857000000000001,0.1298,-0.4647,0.5196999999999999,-0.2164999999999999,Oncology_II
OID31365,EDDM3B,0.5828,-0.1172999999999999,0.0534999999999998,0.4406000000000001,0.1323,-0.1201000000000001,-0.5860999999999998,0.1673,-0.0617,-0.4446000000000001,Oncology_II
OID31460,EFCAB14,0.358,-0.0856,0.1177,0.0118,-0.0667,-0.3589,0.144,-0.176,0.5043,-0.139,Oncology_II
OID31313,EFCAB2,-0.2542,-0.6422000000000001,-1.0955,-0.2023999999999999,0.3866999999999999,,-0.8264,0.3209,0.3516,0.1649,Oncology_II
OID31496,EGFLAM,0.1002,0.3278,0.2258,0.2186,0.0701,-0.5104,0.0721999999999999,-0.0426,0.2925999999999999,0.025,Oncology_II
OID31442,EIF2AK2,-0.4358999999999999,0.1451,-0.9304,1.5006,-0.0443999999999999,-0.7258,0.2273,1.1744,2.0605,0.8966,Oncology_II
OID31498,ENDOU,0.1753,0.3846,0.5074,-0.2327999999999999,-0.1093,0.0718,-0.5089,-0.245,0.3289000000000002,-0.5803999999999999,Oncology_II
OID31349,ENOPH1,-0.4367999999999999,-0.7774000000000001,-0.0804,0.0906,0.1367,-0.5134,-0.1896,0.1559,0.057,-0.9255,Oncology_II
OID31355,ENSA,-0.1212,0.6097,-0.0445999999999999,-1.0435,0.047,-1.4785,-0.1419000000000001,-0.0392,-1.0852,0.7311000000000001,Oncology_II
OID31373,EPGN,-0.3879,-0.0202999999999999,0.2588,-0.1170999999999999,-0.0235,-0.3849,-0.1654999999999999,0.067,-0.0671,0.2574,Oncology_II
OID31252,EPN1,-0.6554000000000001,-0.0751999999999999,0.6963999999999999,0.1680999999999999,0.7109,,0.1729,-1.3243,-1.1085,-1.4075,Oncology_II
OID31223,ERCC1,1.5062,-0.7261,-0.1316,-0.3961,-0.3919,-0.6129,-0.8076,-0.3496,0.8614999999999999,0.5062,Oncology_II
OID31317,ERI1,-0.8492999999999999,-0.3219999999999999,0.374,0.6675,1.5004,,-0.8754,0.2094,0.0186,-0.6684,Oncology_II
OID31391,ERN1,-0.0956,-0.8314999999999999,0.3807,0.034,0.2157,-0.7172000000000001,0.5444,0.1161,0.3331,0.1666,Oncology_II
OID31176,ESPL1,2.3708,-0.0365999999999999,0.0196,0.4247,0.5791999999999999,-0.5993,0.7148,-0.1236999999999999,0.2544,-0.7579,Oncology_II
OID31227,EVI2B,0.0567,0.6904,-0.0814,-0.2802,0.38,-0.6930000000000001,0.0168,-1.4292,0.6089,-0.2461999999999999,Oncology_II
OID31309,EVPL,0.6544,-0.8996,0.0297,0.2422,0.293,,-1.0896,-0.3389999999999999,1.5807,-0.8745,Oncology_II
OID31463,FAM13A,-0.2709999999999999,-0.3915999999999999,-0.8075999999999999,0.6569000000000003,0.3310999999999997,-0.3404999999999998,-0.8655,-0.1427,1.1945,0.6416,Oncology_II
OID31338,FAM171B,0.215,-0.2845,-0.1687999999999999,0.1764,-0.0791,-0.4057,-0.2544,0.0889999999999999,0.2451,-0.091,Oncology_II
OID31514,FAM3D,-0.0016,0.1422000000000001,0.7020000000000001,0.2931,0.1186999999999999,-0.1674999999999999,-0.1306,-0.1455999999999999,1.1735,0.1434000000000002,Oncology_II
OID31241,FGF7,0.2739,0.0932,0.2727,0.2357999999999999,0.0884,0.504,0.3503,0.0033,-0.1449,-0.6707,Oncology_II
OID31193,FGF9,-0.2405999999999999,1.2789,2.1327,-0.0707,-0.1283999999999999,-0.3508,0.9701,0.4930000000000001,1.727,-0.267,Oncology_II
OID31499,FKBPL,-1.0471,-0.4005999999999999,-0.1382,0.4129,0.4127999999999999,-0.2297,-0.7104999999999999,0.2719,0.6669,0.0775,Oncology_II
OID31381,FNTA,-1.3706,-0.3051,-0.8395,-0.1219,-0.1884,-0.4784,-0.2088000000000001,-0.3633,-1.0158,-0.6043,Oncology_II
OID31221,FOS,-0.5084000000000001,0.0882999999999999,1.3890000000000002,1.2146,-0.0678999999999999,0.0187,0.0212999999999999,-1.4404,0.4502,0.261,Oncology_II
OID31295,FUT1,-0.3863,-0.4911,0.8613999999999999,-0.0686,-0.0919999999999999,,-0.2815,-1.2341,0.0021,-0.168,Oncology_II
OID31414,GABARAP,1.2653,0.4858,-0.7757000000000005,-0.8827,0.3386,1.1481,1.2481,-0.3822,-0.2817999999999999,0.2267,Oncology_II
OID31253,GABARAPL1,0.6808000000000001,0.7613000000000001,-0.0599999999999999,-0.2614999999999999,0.0786,,0.9378,-0.4374,-0.0219999999999999,-0.348,Oncology_II
OID31166,GAD1,-0.1543,-0.4052,0.0209,0.2275,-0.9251,-0.3114,0.3928,-0.4230999999999999,0.2109999999999999,-1.3136,Oncology_II
OID31261,GADD45B,0.2367999999999999,-0.7745,0.3292,-0.304,-0.1074999999999999,,-0.3862,-0.6059,0.7064,-0.3622999999999999,Oncology_II
OID31199,GAGE2A,0.5762999999999999,0.7216,-0.0862,-0.2278,-1.6507,0.1368,0.5251,0.1963999999999999,-0.7611,0.1481,Oncology_II
OID31285,GAS2,0.5584,-1.0243,-0.5232,0.0764999999999999,0.7161,,0.0897,-0.2181,0.4231,0.52,Oncology_II
OID31219,GATA3,1.0535,-0.3982,0.1372,0.5766,0.2307,-0.3363,0.6869999999999999,0.1658,0.4100999999999999,-0.8201,Oncology_II
OID31194,GIMAP8,-0.5372,0.944,-0.6266999999999999,-0.1816999999999999,0.6209,0.3992,-0.0134,0.7767,0.4433,0.5087,Oncology_II
OID31507,GIPC3,-0.6636000000000002,-0.1570999999999998,-0.6848000000000001,0.9055,0.3265000000000002,-0.6281000000000003,-1.291,0.3553000000000001,1.5134,0.948,Oncology_II
OID31187,GJA8,0.1854,-1.5482,-0.2611999999999999,-0.9434,-1.1650999999999998,-0.1262999999999998,-2.2781,-0.5203,2.6236,0.5195000000000001,Oncology_II
OID31517,GLIPR1,-0.1689,0.5845,0.1361,0.4291999999999999,0.5439,-0.3537999999999999,0.9458,0.0516999999999999,0.4578,-0.4545,Oncology_II
OID31364,GLYR1,0.0213,-0.1493,-0.1426,-0.6027,0.1714999999999999,-0.0036999999999999,-0.0645999999999999,0.2157,0.12,-0.4461999999999999,Oncology_II
OID31438,GORASP2,0.0672999999999999,0.469,-0.4533,0.1040999999999999,0.4972000000000001,-0.5317000000000001,-0.1031999999999999,-0.0493,0.5660000000000001,0.2057,Oncology_II
OID31358,GPD1,0.5019,0.0160999999999997,0.5234000000000001,0.2115,0.0731999999999999,1.9123000000000008,0.1977999999999999,-1.9125,0.2176,0.2582,Oncology_II
OID31437,GPHA2,0.0676,-0.1022,0.0163,-0.0162999999999999,-0.1963,-0.1568999999999999,-0.2084,-0.0176999999999999,-0.2067,0.0144,Oncology_II
OID31469,GPIHBP1,-1.0501,0.0837,-0.1446,1.7287,-1.1701,-0.1372,1.2137,0.236,0.2001999999999999,-0.7497,Oncology_II
OID31511,GPR15L,0.3518,0.7718999999999999,-0.3597999999999999,0.4808000000000001,-0.1074,0.2303,0.3885999999999999,-0.4691999999999999,0.5675,0.1992,Oncology_II
OID31340,GPRC5C,0.277,-0.377,-0.5491,0.1188999999999999,0.3077999999999999,0.0590999999999999,0.1428,0.1269,0.4224,0.1003,Oncology_II
OID31224,GRSF1,-0.2971999999999999,-0.3388,-0.2557,0.6507000000000001,-0.7263,-1.1263999999999998,-0.4789,-0.7267999999999999,-0.5777000000000001,-0.705,Oncology_II
OID31264,GTF2IRD1,-2.5861,-0.1437,0.2228,-0.5726,0.6931,,-0.2399,-0.2709,-0.0984999999999999,-0.7079,Oncology_II
OID31318,GUCY2C,0.2163999999999999,-1.7329000000000003,0.4494,0.181,1.6239,,0.6197,-0.41,0.3252999999999999,-0.5682999999999998,Oncology_II
OID31232,H2AP,-0.1538999999999999,0.6046999999999998,-0.0589000000000003,1.154,1.7609,-0.9311000000000004,-0.5753000000000004,-1.0468000000000002,-1.5694,0.3401,Oncology_II
OID31447,HDDC2,-0.1231,-0.1486,0.3533,-0.1175,0.1911,-0.0158999999999999,-0.1258999999999999,0.0815999999999999,0.3481,0.0823,Oncology_II
OID31175,HMMR,0.0014,-0.9218,0.0494,-0.8584,-0.973,0.1495999999999999,0.1819,0.1719,0.419,0.3697,Oncology_II
OID31263,HRAS,0.1788,-0.5449,0.0925,0.7409,0.3455,,-0.2279,0.2909,0.3490999999999999,0.3224,Oncology_II
OID31424,HSPA2,0.2934,0.1284,0.9253,-0.2006,0.0855,0.1021999999999999,0.008,-3.0211,-0.5955999999999999,-0.0857999999999999,Oncology_II
OID31284,ID4,-0.3597000000000001,-0.6422000000000001,0.5195000000000001,0.2412,-0.0768999999999999,,0.7503,0.0586999999999999,-0.4263000000000001,0.1435999999999999,Oncology_II
OID31474,IDO1,0.5272,0.2253,0.7652,-0.2729999999999999,-0.1753,-0.3871,0.0712000000000001,0.0919,0.0682,-0.5697000000000001,Oncology_II
OID31505,IFI30,0.1077,0.0854,0.0978,0.0812999999999999,0.2015,-0.2827999999999999,0.0808999999999999,-0.3531,0.8218000000000001,-0.0302999999999999,Oncology_II
OID31310,IFIT1,1.332,-0.3925,0.7973,0.0929,0.087,,0.617,-0.2044,0.2581,-0.4086999999999999,Oncology_II
OID31283,IFIT3,0.1337,-0.2047999999999999,0.14,0.2337999999999999,0.2062999999999999,,0.141,-0.0508,0.6329,0.1264,Oncology_II
OID31491,IFNAR1,-0.0336,0.2066,-0.0479,-0.1460999999999999,0.054,-0.1878999999999999,0.0348,0.248,0.3349999999999999,-0.2729,Oncology_II
OID31169,IGLON5,-0.3075999999999999,-0.9494,-0.7578999999999999,-0.443,2.2255000000000003,-0.6771,0.6464000000000001,-0.5312000000000001,0.2846,0.1826999999999999,Oncology_II
OID31407,IL22,0.6416000000000001,0.266,0.2665,-0.1,-0.8253,0.4543,-0.4086999999999999,0.5579999999999999,-0.2087999999999999,-0.0489,Oncology_II
OID31243,IL25,-0.2724,-0.3656,0.5396000000000001,0.6998,-0.4747,-0.0887,0.0605,0.2007999999999999,0.6172,0.0395,Oncology_II
OID31361,IL2RG,-0.153,-0.4577,-0.1761999999999999,0.4683,0.0759999999999999,-0.8464999999999999,-0.0444999999999999,-0.6544,-0.4484,-1.7565,Oncology_II
OID31229,IL3,1.5240999999999998,0.9261,-1.9901,0.0975,1.9226,-1.61,-7.792400000000001,-2.0095,1.6625,1.4394,Oncology_II
OID31298,IL9,0.5303,-1.5564,-1.8471,0.2385999999999999,0.0562,,-1.2531,0.3029,0.3805,-0.1363,Oncology_II
OID31397,IMMT,0.3011,-0.0743,-0.1792,0.1964999999999999,0.4186000000000001,-0.0852999999999999,-0.6693,-1.2355999999999998,-0.4292999999999999,-0.2168,Oncology_II
OID31370,INSL4,-0.529,0.0831,-0.1105999999999999,0.2486,-0.3744,-0.8997999999999999,0.1015,0.275,-0.0619,-0.5275,Oncology_II
OID31448,INSL5,-0.2763,0.0541,0.5463999999999998,-0.9353,-0.1808,0.5133000000000001,0.7685,-0.4127,0.3014000000000001,-2.3138,Oncology_II
OID31497,IST1,-0.7650999999999999,0.2273,-0.0436999999999999,1.241,0.3704,-1.6529000000000005,-1.6168,0.6592,1.914,0.0766,Oncology_II
OID31325,ITGAX,1.4488,-1.2264,0.4606999999999999,-0.3381,-0.6387,,-0.1031,-2.2106,1.4794,0.6582,Oncology_II
OID31430,ITIH5,-1.0027,0.3149999999999999,0.3698999999999999,-1.6892999999999998,1.7318,0.3418,-1.1483,-1.2468,-1.9039,1.2409,Oncology_II
OID31159,IZUMO1,-0.5529999999999999,0.0723999999999999,-0.4946,-0.2033999999999999,0.2709,-0.0559,0.2683,-0.4378,0.1289,0.3649,Oncology_II
OID31172,JMJD1C,-0.5887,0.301,-0.4428999999999999,-1.5765000000000002,-1.3938,-0.9978,0.3386,-1.379,0.5005,-0.8632,Oncology_II
OID31520,JPT2,-1.1368999999999998,0.0784,-0.8849,1.0396,0.1977999999999999,-0.8476,0.3959,0.7983,1.2775,-0.411,Oncology_II
OID31481,KAZN,-0.3469000000000002,0.2533000000000003,-0.722,0.7386999999999997,-0.0109000000000003,-0.6267,-0.4929999999999999,0.8702999999999999,1.4746,0.5166,Oncology_II
OID31245,KHDC3L,0.9626,0.4344000000000001,0.4416,-0.3567,1.0129,1.1154000000000002,-0.1384,-1.1089,0.4858999999999999,0.3358000000000001,Oncology_II
OID31307,KIAA1549,0.5472999999999999,0.3063,1.6919,-0.0375,0.0692999999999999,,-1.4492,-1.4524,-2.4287,-0.2627,Oncology_II
OID31312,KIAA1549L,1.4674999999999998,-1.502,-2.5843,-0.0309,-0.2185,,-0.8149,1.4678,0.9903,-0.2329999999999999,Oncology_II
OID31392,KIAA2013,0.0075,-0.4509999999999999,0.0928,-0.0343,0.4884,0.1267,0.0324,0.3675999999999999,-0.2905,-0.6225,Oncology_II
OID31431,KIR2DL2,-0.4386000000000001,-0.2085999999999999,-0.2233,0.4911,1.3094,-1.8996,0.6714000000000001,-0.3838999999999999,-0.4942,-0.4416,Oncology_II
OID31432,KIR2DS4,0.2107,-0.8783000000000003,0.2234,-0.3342999999999998,-0.7227999999999999,-0.4521000000000001,0.233,0.2301999999999999,-0.3557999999999999,-0.2353,Oncology_II
OID31191,KIR3DL2,0.3777,0.0666999999999999,-0.0402999999999999,1.0984,0.1347,0.3621,0.0821,0.0334,0.3745,-0.1043,Oncology_II
OID31427,KLK15,-0.0389,-1.0088,-0.3618,-0.0411999999999999,1.1274,0.1908,-0.2764,-0.0805,-0.0562,-0.0343,Oncology_II
OID31367,LACRT,0.08,-0.5141,0.3737999999999999,-0.2146,0.1512,0.0023999999999999,-0.1301999999999999,-0.7220999999999999,-0.5293000000000001,-0.1583,Oncology_II
OID31396,LAMTOR5,0.5787,-0.7247,0.1717999999999999,0.1681,-0.9076,-0.3957,0.3612,-0.6108,0.7353,-0.6672,Oncology_II
OID31372,LARP1,-0.1683,1.0078,-0.4,0.8297999999999999,0.1142,-0.6951999999999999,-1.0528,0.199,1.854,-0.6426000000000001,Oncology_II
OID31501,LMNB1,0.5737,0.4406,-0.7077,0.5688000000000001,-0.8160999999999999,1.5455,-0.0781,-0.6778000000000001,1.0074,-0.4981,Oncology_II
OID31416,LMOD1,0.4946,-0.034,-0.0622,-0.3569,0.4804,-0.0878999999999999,-0.0758999999999999,0.0802,0.0782,-0.6659000000000002,Oncology_II
OID31440,LRRC37A2,-0.0331,-0.0722,0.2312,-0.1397,0.0822,-0.5694,0.0146999999999999,-0.1944,0.3703,-0.0755,Oncology_II
OID31344,LRRFIP1,-0.1745000000000001,-0.1603000000000001,-0.4561,0.7081,0.5416,-0.9109,0.4324,0.6138,0.5706000000000001,0.4876,Oncology_II
OID31269,LSM8,0.0595,-0.0774,0.2157,0.4407000000000001,-0.0549000000000001,,-0.3265,-0.8623000000000001,0.4043,0.0103999999999999,Oncology_II
OID31383,LTB,-0.0309999999999999,0.5663,-0.0960999999999999,0.1992999999999999,0.6154,0.4467,-0.4936999999999999,0.2353,0.1605,-0.0316999999999999,Oncology_II
OID31402,LUZP2,-0.1833999999999999,-0.4345999999999999,-0.2203999999999999,-0.4949,-0.314,-0.2064,-0.7964,0.0464999999999999,-0.2719,-0.2985,Oncology_II
OID31180,LYZL2,0.0586,0.0777999999999999,-0.2099,-0.3621999999999999,-0.47,0.6113,0.9537,-0.12,-0.1090999999999999,-0.0124999999999999,Oncology_II
OID31331,MAGEA3,0.9831,0.0617999999999998,0.6158999999999999,-3.1372,2.5141,,-0.7584,-0.1685000000000001,7.5886,0.3244,Oncology_II
OID31342,MAMDC4,0.8784,-1.3588,-1.0767,-0.7589,-0.0023999999999999,0.7814,0.0023999999999999,-0.9428,-0.0791,0.6403,Oncology_II
OID31244,MANEAL,1.7597,-1.9877,0.2074,-0.1347,-0.0849999999999999,0.2411999999999999,0.4181999999999999,0.5844999999999998,0.6483,0.4611,Oncology_II
OID31468,MAP2K1,-0.4232,0.1169999999999999,-0.0465999999999999,0.8124999999999999,0.5842,-0.7477,-0.4523,-1.3242,1.5703,0.39,Oncology_II
OID31205,MAPK13,-1.8602,-1.3325,-0.2423,1.6647,-0.7701,1.3,-0.1140000000000001,-0.0646,-0.7336,-0.5011000000000001,Oncology_II
OID31293,MAPKAPK2,-0.1301999999999999,-0.0792,0.1796999999999999,0.4358000000000002,0.092,,-1.1302,-0.4954999999999999,1.406,0.2026,Oncology_II
OID31177,MAPRE3,-0.534,-0.5416,0.4677,-0.3766,-0.4613,0.6275,0.2627,-0.556,0.3713999999999999,0.3957,Oncology_II
OID31444,MCTS1,0.04,-0.0046999999999999,0.086,0.0694,0.1212999999999999,-0.0900999999999999,0.0686999999999999,0.1258,-0.0448,0.2161,Oncology_II
OID31459,MEP1A,-0.1175999999999999,-0.2874,0.0461,0.1087,-0.1502999999999998,-0.1825999999999998,-0.0367999999999999,-0.3552999999999999,1.0132,0.1323999999999999,Oncology_II
OID31399,MINDY1,-0.1709999999999998,-0.0199000000000002,-0.2372999999999998,1.3394999999999997,0.0400999999999998,-1.0947,-0.2203999999999999,-0.0098,0.8024,0.9463,Oncology_II
OID31211,MLLT1,0.9213,-0.3316,-0.4282,0.1168,-0.141,-0.1443,-0.3122999999999999,-0.8077,0.0469,-0.7054,Oncology_II
OID31327,MNAT1,-0.1992,-1.4895,-0.0097999999999999,0.6609000000000002,0.1178999999999999,,-0.5294,-0.9062,-0.3617999999999999,-0.0105999999999999,Oncology_II
OID31257,MORF4L1,0.3271,-0.4467,-0.4689,-0.1373999999999999,0.4051999999999999,,-0.8603000000000001,-0.8371999999999999,0.1974,-0.1843999999999999,Oncology_II
OID31160,MORF4L2,0.6545,0.2885999999999999,-0.5223,-0.2044,0.4198,-0.2771,1.2167,-0.4374,-0.0912,-0.2902,Oncology_II
OID31217,MORN4,-0.6947,-0.4036999999999999,-0.8906000000000001,0.1224000000000007,0.8293999999999999,-0.2685,0.2102,0.5001,1.1369,-0.4916,Oncology_II
OID31420,MPRIP,0.3541999999999999,-1.2406,-0.2103999999999999,1.7584,0.2437,-0.3063,0.2758,0.4498999999999999,0.3949,0.3132,Oncology_II
OID31239,MRPL52,-0.2618,0.0201999999999999,0.7974,0.4533,0.5677000000000001,-0.3891,-0.3792999999999999,0.3612,-0.1643,0.8184,Oncology_II
OID31305,MTHFSD,-0.9009,-1.0721,0.4257999999999997,0.7441999999999998,-0.3687000000000002,,-1.4057000000000002,-1.0100000000000002,1.5717,-0.1195999999999999,Oncology_II
OID31513,MTIF3,-0.3784,0.8477999999999999,-0.4297999999999999,1.1562,0.2229000000000001,-0.5327999999999999,-0.7254,0.1619,2.0556,0.7897000000000001,Oncology_II
OID31492,MTSS1,-0.3464999999999998,0.1295999999999999,-1.0068,0.4602000000000004,-0.2957999999999998,-0.4971999999999998,-1.1004999999999998,0.5089999999999999,1.2494,0.617,Oncology_II
OID31409,MTSS2,-1.0307,-0.3356,-0.1916,1.0892,1.4527,-0.3364999999999999,-0.7043,-0.1975,1.8003,-0.3167999999999999,Oncology_II
OID31315,MTUS1,0.1676,0.9407,0.0954,0.3878999999999999,0.311,,-0.0212,-0.995,-0.3485,-0.3035,Oncology_II
OID31170,MUCL3,0.3504,0.1222,-0.2131,0.3019,-0.1001,-0.0864,0.697,-0.1798,-0.4799,-0.3403,Oncology_II
OID31178,MYH7B,-0.3094,0.8180000000000001,-0.2425,0.5337000000000001,-0.2876,-0.2537999999999999,-0.1308,1.1353,0.0955,-0.3651,Oncology_II
OID31393,NACC1,0.0998,1.0015999999999998,-0.4154,0.3659999999999999,-0.1827,-0.4531,-0.7365,0.4685,0.2815,-0.5548,Oncology_II
OID31475,NAP1L4,-0.3125,0.1311,-0.8648,0.6177000000000001,0.3115999999999999,-0.4106000000000001,-0.7475,0.6787000000000001,0.9495,0.6128,Oncology_II
OID31490,NCR3LG1,0.4413999999999999,0.2919999999999999,0.6166999999999999,-0.3059,0.0995,-0.0139,0.1914,-0.3762,0.1866,-0.1554999999999999,Oncology_II
OID31369,NDST1,-0.1754,0.301,-0.1205,0.4494,-0.0674,-0.5163,-1.2561,-0.587,0.4195,-0.8288000000000001,Oncology_II
OID31521,NDUFB7,-0.2818,0.4317,-0.2027999999999999,0.6183999999999998,0.1326,-0.2208,-0.0445999999999999,0.0915,1.5281000000000002,-0.0086000000000001,Oncology_II
OID31250,NEK7,-0.0882,0.1309,0.0961,0.1702,0.2864,,-0.5604,-0.3838999999999999,0.6179,0.1174,Oncology_II
OID31354,NENF,-0.7123,1.5881,-0.4130999999999999,-0.7663,0.3029,-0.4561,-0.2033,-0.3956,-0.7201,1.0585,Oncology_II
OID31258,NFKB2,0.1538,-0.2833,0.9531,0.1798,1.0996,,0.2869,-0.4331,0.6154999999999999,0.2014999999999999,Oncology_II
OID31510,NFU1,-0.4479999999999999,0.9749,-0.2943,1.3483999999999998,0.3731999999999997,-0.5431999999999997,-0.2628,-0.5541,1.9743,0.7523,Oncology_II
OID31378,NMI,-1.0407000000000002,-0.1426999999999998,-0.1946999999999999,1.3565,0.8414000000000001,-0.2438,-0.5291,0.0492,0.5118,0.8273,Oncology_II
OID31163,NMRK2,0.3671999999999999,0.2098,-0.0045999999999999,0.1688,-0.0795,0.1823999999999999,-0.1246,0.0676,0.389,0.141,Oncology_II
OID31412,NUBP1,-0.502,0.0635999999999999,-0.6401,-1.0307,0.0726,1.0776,-0.4311,0.9737,0.6061000000000001,-0.2037,Oncology_II
OID31484,NUDT16,-0.2141,-0.0540999999999998,-0.1959999999999999,0.9739,0.3621999999999998,-0.5566000000000001,-0.0899999999999999,0.2797,1.3443999999999998,0.4385,Oncology_II
OID31268,OFD1,0.4105,-0.699,-0.4799,1.0421,-0.1907999999999999,,-0.1005,-0.4564,0.0600999999999999,0.0084999999999999,Oncology_II
OID31465,OGA,-0.5292000000000001,0.2723,-0.5158,0.4559000000000001,0.2870000000000001,-0.8522,-0.1813,0.2685,0.9895,0.8182,Oncology_II
OID31300,OGT,0.1484999999999999,-0.0011999999999999,-0.466,-0.9201,0.7607,,0.2808,-0.3875,-0.7337,0.9952,Oncology_II
OID31487,OTUD6B,-0.4821,0.4518999999999999,-0.3799,1.0535,0.1173999999999999,-0.9461,-0.8185,-0.0658,1.6113,0.6918,Oncology_II
OID31286,PAFAH2,0.2799,-0.902,0.2912,0.4951,-0.636,,-0.6394,0.248,0.697,0.3311,Oncology_II
OID31228,PAIP2B,-0.5206,-0.9522,0.5397,0.446,-0.0410999999999999,-0.7105,-0.8427,0.7323999999999999,0.3578,-0.5596000000000001,Oncology_II
OID31515,PALM,0.0034,-0.0453,0.2187,-0.0721,0.1001999999999999,-0.2116,0.2603999999999999,-0.0348999999999999,0.5001,-0.0080999999999999,Oncology_II
OID31301,PARD3,-0.9778999999999998,-1.7281,-0.2609999999999999,-0.0129,0.0014,,-0.1482999999999998,-1.2911,-0.183,-0.9522,Oncology_II
OID31158,PBK,-0.1372999999999999,0.4586,-0.3873,0.4265000000000001,0.6109999999999999,-0.0426999999999999,1.7694,-0.9332,0.344,0.5662,Oncology_II
OID31435,PBXIP1,-0.0648,0.2193999999999999,0.0619,0.0875,-0.0484,-0.0305999999999999,0.0759,0.156,0.4652,0.2529,Oncology_II
OID31456,PCDH7,0.3154,0.0239999999999999,0.2976,-0.0383999999999999,0.2548,-0.3585999999999999,0.0435,0.1749,0.395,-0.0113,Oncology_II
OID31516,PCDH9,0.175,0.1169999999999999,-0.1184999999999999,-0.1129,0.3649,-0.4202,0.5672999999999999,-0.0593,0.5821,-0.1318999999999999,Oncology_II
OID31377,PCDHB15,0.3024,-0.3460999999999999,0.44,-0.8435999999999999,-0.1729,0.2183999999999999,0.072,-0.6581000000000001,-0.1634,-0.5394,Oncology_II
OID31161,PCNA,0.8123,-0.0943999999999999,0.5879,-0.2576,-0.01,0.1883,0.3725,-0.3031,0.0804,0.1287999999999999,Oncology_II
OID31410,PCSK7,-0.1491,-0.4969,-0.3933,-0.3036,0.1424,0.6256999999999999,-0.0763,-0.1442,0.0863,0.1063999999999999,Oncology_II
OID31519,PCYT2,0.1616999999999999,0.337,-0.4472,0.8087,0.8983,-0.4679,-0.7345000000000002,-0.581,1.4583,0.3679,Oncology_II
OID31168,PDCL2,-0.4852,1.476,-0.2113999999999999,-0.2526,0.2355,0.3733,0.7051999999999999,-0.3278,-0.6492,-0.6193,Oncology_II
OID31201,PDE1C,0.2529,0.2028999999999999,0.1157,0.0566,0.3926,0.1856999999999999,0.732,-0.2102,0.4474,-0.1382999999999999,Oncology_II
OID31214,PDIA2,-0.3725,0.3187,1.4118,0.7327,0.129,-0.5722,-0.467,-0.6845000000000001,-0.0880999999999999,-0.0894,Oncology_II
OID31209,PDIA5,-1.1521,1.1259,0.5246999999999999,-0.2937,-0.6261,1.0007,0.0376999999999999,0.3389999999999999,-0.1483,-0.1032,Oncology_II
OID31226,PDXDC1,0.5889,-0.2261999999999999,-0.0764999999999999,-0.1402000000000001,-0.0419,-0.2922,-0.2138,0.8424,-0.1658,0.6914,Oncology_II
OID31212,PFDN4,0.3729999999999999,-0.3009,0.5373,-0.4872999999999999,0.6378999999999999,-0.214,0.7912000000000001,-0.4665,-1.3399,-0.0297,Oncology_II
OID31467,PHLDB1,0.1165,-0.8108000000000001,0.2732,0.3914999999999999,-0.5801000000000001,0.9155,-2.2877,0.643,1.0076,0.7014,Oncology_II
OID31167,PHLDB2,0.1038,0.0933,0.1599000000000001,1.6953,0.3735000000000001,0.1478,0.0502999999999997,-1.0567,-0.4170999999999999,0.2546,Oncology_II
OID31215,PITHD1,0.6584,-0.1671999999999999,0.6762,0.6373,-1.6441,0.3181,-0.1352999999999999,-0.9556,0.1116,-1.2442,Oncology_II
OID31311,PKN3,0.076,0.3643999999999999,-0.0795,0.3660999999999998,0.6786000000000001,,-0.2955,-0.2509,1.4168,0.4236999999999999,Oncology_II
OID31279,PPIE,0.5580999999999999,-0.3009,0.0383,-0.205,0.0310999999999999,,-0.472,-1.0062,0.3591999999999999,-0.5457,Oncology_II
OID31360,PPP1CC,-0.4663999999999999,-0.3028999999999999,-0.3022,0.8873,0.1862999999999999,-0.1929,-0.2081,-0.0331,0.8673,0.3288999999999999,Oncology_II
OID31304,PPP1R12B,-0.2107000000000001,-0.7294999999999999,-0.1437,1.0217,-0.0191,,0.0049,0.5687,-0.1567,-0.3452,Oncology_II
OID31502,PPP2R5A,-0.9085,0.1449,-0.0648999999999999,1.0539999999999998,1.1578,-0.4306999999999999,-0.6782999999999999,-0.0872999999999999,1.2394,0.8404,Oncology_II
OID31165,PRAME,0.4753,-0.3787999999999999,1.736,0.6747000000000001,0.2474,0.7821,1.1645,0.0522999999999999,-0.2178,0.3369,Oncology_II
OID31345,PRC1,-0.0818,0.2324,0.5371,-1.7796,-0.0987,-0.4037,-0.6831,-1.2863,-0.1452,-0.5408,Oncology_II
OID31270,PRUNE2,0.5016,-0.9984,-0.7891,0.3183999999999999,0.6698999999999999,,-0.4589999999999999,-1.1201,0.4211,-0.7324999999999999,Oncology_II
OID31473,PSAPL1,0.2306,0.2682,0.7064999999999999,-0.0040999999999999,0.2288,-0.3681,-0.0482000000000001,0.6125999999999999,0.1982,0.2935,Oncology_II
OID31493,PSCA,0.1182999999999999,-0.0947,-0.0198,-0.2164000000000001,0.0208,-0.5213000000000001,-0.1639,-0.4443000000000001,0.506,0.0719,Oncology_II
OID31200,PSMC3,1.8555,-0.8592,-0.4008,-0.7246,-0.7840999999999999,0.3136,-0.4710999999999999,0.2772,0.7248,0.4377999999999999,Oncology_II
OID31433,PTPRH,-0.2174,-0.601,0.3508,-0.7343,-0.1727,-0.2055,0.3659,0.0956,0.2432,-0.3835,Oncology_II
OID31461,PTPRK,0.2215,-0.4510999999999999,0.0694,-0.5941000000000001,0.4734,-0.0025999999999999,0.0406999999999999,-0.1382999999999999,0.4359,-0.1731,Oncology_II
OID31326,PTTG1,-0.0741999999999999,-0.0909,-0.3838,-1.6288,0.1691,,-0.7657,0.1152,0.4152,-0.93,Oncology_II
OID31405,PXDNL,-0.3795999999999999,0.3812,-0.3071,0.1033,-0.5414,-0.5935,-0.2235,-0.8156,-0.4790999999999999,-0.3267,Oncology_II
OID31362,RAB2B,-0.5727000000000002,-0.0368999999999999,-0.6578999999999999,0.5186000000000002,0.4152999999999998,-1.1195,-0.3653999999999999,-0.3466999999999999,1.4008999999999998,0.6769000000000001,Oncology_II
OID31346,RAB44,-0.0795999999999999,-0.0481999999999998,-0.1156,-0.5429000000000002,-0.1208,-0.5639999999999998,-0.1251999999999999,0.0148000000000001,0.1825000000000001,-0.1953,Oncology_II
OID31254,RAD51,0.6621,-0.5233,-0.0038,-0.6716,0.0127999999999999,,0.3493,-0.3811,-0.398,0.2279999999999999,Oncology_II
OID31382,RALY,-0.1446,-0.3092,0.8443999999999999,-0.2627,-0.5819,-0.9688,0.207,-0.331,0.723,-0.73,Oncology_II
OID31337,RAPGEF2,-0.9216,-1.0991,1.3117,-0.128,-0.059,,-0.4676999999999999,0.0296,1.5215,0.7082999999999999,Oncology_II
OID31213,RASGRF1,1.6389,0.7197,1.4465,0.5141999999999998,-0.3849,0.6878,-0.224,1.5432,0.1566999999999999,-0.5529999999999999,Oncology_II
OID31236,RBM25,-1.1867,-0.8251999999999999,-0.6991,-0.9961,-3.6467,1.2284,1.1753,0.4422999999999999,0.7421,-1.8233,Oncology_II
OID31526,RBP7,-0.0637999999999996,0.0855000000000001,0.1520999999999999,-0.1466999999999998,0.0125000000000001,-0.0147000000000003,0.0954000000000001,0.2065000000000001,0.4336000000000002,-0.5615999999999999,Oncology_II
OID31356,RCC1,0.1245999999999999,-0.1732,-0.5011,-0.9884,0.3182,-0.0108,-0.0940999999999999,-0.8882,0.1461,-0.1905999999999999,Oncology_II
OID31408,REG3G,0.617,0.0953,0.5625,-0.3787,0.4494,0.1896,-0.6651,0.2528,1.0959,1.3224,Oncology_II
OID31248,REST,0.1629999999999999,-0.1220999999999999,1.2946,-0.4378999999999999,-0.2733,-0.0779,0.3623999999999999,-0.1532,0.3727,0.2064,Oncology_II
OID31376,RFC4,-0.8502000000000001,0.0696999999999999,0.1881,0.1941,0.6773,0.3228,-0.0875,0.2553,0.2102,0.285,Oncology_II
OID31297,RGL2,-1.5194,0.4281999999999999,2.0641,1.0512,1.8593,,-0.0147999999999999,0.9899,-0.4585,0.8293999999999999,Oncology_II
OID31321,RNF4,0.0414999999999999,0.8034000000000001,-0.2416,0.9739,0.0574999999999998,,-0.4541,0.4363999999999999,0.5395,-1.8382,Oncology_II
OID31291,RNF43,-0.4075,-0.5491999999999999,0.2069,-0.5075,0.6147,,0.3341999999999999,-1.0791,0.0307999999999999,-0.6255000000000001,Oncology_II
OID31324,RPE,0.8160000000000001,-0.4522,-0.3428,0.1880999999999999,1.0589,,-0.7662,0.5444,0.7241,0.3663,Oncology_II
OID31352,S100A3,0.3257,-0.4958,0.0393999999999999,-0.4789,-0.0819999999999999,-0.3032999999999999,-0.2223,-0.3807,0.8897,-0.6614,Oncology_II
OID31323,SAP18,1.189,0.4225,0.9853,-0.4379,-0.0544,,0.4135999999999999,-1.5223,0.9337,0.8222,Oncology_II
OID31306,SAT2,0.2471,0.1452,0.2584999999999999,0.4893,0.5764,,0.4996,-0.0182999999999999,0.3219,-0.0327999999999999,Oncology_II
OID31455,SCRIB,-0.2684999999999999,0.2885,0.1437,0.5402,0.1968999999999998,-0.4387000000000001,-0.3097,0.1894,1.1224,0.647,Oncology_II
OID31423,SDCCAG8,-0.6037000000000003,0.3493999999999997,-0.7986,0.8390000000000004,0.1010999999999997,-0.2479,-0.7689000000000001,0.6000000000000001,1.3262000000000005,0.4001999999999999,Oncology_II
OID31436,SDHB,-0.0980999999999999,0.2408,-0.1514,-0.2496999999999999,0.2363,0.0916,0.2599,-0.2612,1.1932,0.3152,Oncology_II
OID31288,SEPTIN7,-0.5636000000000001,-0.4323,0.7453,-0.0867,0.9101,,1.3647,0.4715999999999999,0.4253999999999999,0.1865,Oncology_II
OID31322,SERPINH1,-0.0617999999999998,0.902,0.2067999999999999,1.1023,1.3880000000000003,,-1.6189,-0.5159,2.0723,1.3444999999999998,Oncology_II
OID31504,SERPINI2,0.2297,0.083,0.2108999999999999,0.0047000000000001,0.1149,0.0389999999999999,-0.3746,0.3531999999999999,0.2491,-0.1987,Oncology_II
OID31439,SH3BP1,-0.1358,0.0337,-0.0689,-0.1481,0.1567,-0.3841,0.0206999999999999,-0.536,0.8367,0.0504,Oncology_II
OID31334,SH3GL3,0.9848,0.3157999999999998,-1.1285,-0.1417,-0.7282,,-1.1925,-0.8001000000000001,-0.0315,1.0962999999999998,Oncology_II
OID31222,SHC1,-0.3403,-0.7059,-1.3335,0.3785,-0.0005999999999999,-1.2778,-0.8465,-1.018,-1.2452,-1.7882,Oncology_II
OID31292,SHPK,0.4141,-0.862,0.5975999999999999,-0.4926999999999999,0.3373,,0.3376,-0.652,0.9898,-0.7291,Oncology_II
OID31388,SLC13A1,-0.8512,-1.072,0.3056999999999999,-0.2279,-0.0418999999999999,-0.7197,0.2228,1.0271,-0.0186,0.1497,Oncology_II
OID31220,SLC28A1,0.4836999999999999,-0.5936999999999999,-0.4032,-0.0221,0.3026,-0.0511999999999996,0.5282,-0.4275,0.4914,0.833,Oncology_II
OID31203,SLC34A3,-0.2045,0.1050999999999999,0.8376,-0.5144000000000001,0.2106,0.0655999999999999,-0.1530999999999999,1.1391999999999998,-0.4048,-0.2799,Oncology_II
OID31445,SLC9A3R2,-0.1797999999999999,0.4308,0.8936999999999999,-0.1434000000000002,0.0476999999999999,-0.4569,-0.4704,0.7593000000000001,-0.3524,0.3691,Oncology_II
OID31174,SLIRP,-0.4599,0.2261,1.0179,0.5049,0.9084,-0.3869,1.1501,0.0612999999999999,1.1351,-1.3241999999999998,Oncology_II
OID31282,SLK,0.1702,-1.433,0.1569999999999999,-0.2111,-0.4633,,-0.1053,0.5285,0.7876,-0.1924,Oncology_II
OID31441,SLMAP,-0.2114000000000002,0.5209000000000001,0.0366999999999997,0.5593000000000004,0.2934000000000001,-0.9921999999999996,-0.6304000000000001,0.8169999999999997,1.7437,0.7875000000000001,Oncology_II
OID31353,SMAD2,-0.1654,-0.3386,-0.0289999999999999,-0.1752,0.3664,-0.0066,-0.438,0.0378,0.2597,-0.3056,Oncology_II
OID31418,SMAD3,-0.5413,-1.0739999999999998,-0.2463,-0.6289,0.4266999999999999,0.2835999999999999,-0.7717,1.0319,1.274,0.5299,Oncology_II
OID31195,SMC3,0.6813,0.6879,0.0137,1.1216,0.5295,-0.9289,-0.0618,0.8278,0.0786999999999999,0.7557,Oncology_II
OID31471,SMNDC1,0.4217999999999999,0.3401,-0.7626999999999999,0.1969999999999998,0.3857999999999999,0.9458,-0.3415999999999999,0.0668999999999999,0.3721999999999998,-0.5756000000000001,Oncology_II
OID31387,SMPDL3B,0.726,-0.2248,0.0348999999999999,-0.4136999999999999,-0.2972,-0.8190000000000001,-0.0209,-0.2291,-0.288,0.0090999999999999,Oncology_II
OID31476,SNX18,-0.354,0.0846,0.2843,0.3637,0.3489,-0.5602,-0.4792,-0.0581,0.8265,0.205,Oncology_II
OID31374,SNX2,-1.2441,0.4108,-0.5592999999999999,-0.2978999999999999,0.7142,-0.5414,0.173,0.2310999999999999,0.2161,0.2975,Oncology_II
OID31509,SPINT3,0.4578000000000001,0.0922,-0.1163999999999999,0.6793000000000005,-0.1264,0.5246999999999999,-0.1027000000000004,1.2516999999999996,1.2999,-0.1780000000000001,Oncology_II
OID31197,SPRING1,1.2928,0.9665,0.1518,0.3452999999999999,0.1510999999999999,0.5740999999999999,0.2507,-0.9769,0.3818,0.366,Oncology_II
OID31296,SPRR1B,0.1715,-0.3903999999999999,-0.3964,-1.6299,0.4188999999999999,,-0.4720000000000001,-0.1296999999999999,-0.2892,0.3797,Oncology_II
OID31216,SSH3,0.3412,0.4587,-0.3985,0.4647999999999999,0.1677,0.2749999999999999,0.2522,-0.092,0.3459,0.1123,Oncology_II
OID31453,SSNA1,0.0241,0.0179,-0.1547,0.9119,0.5138,0.0523,-0.0685,0.5733999999999999,0.8194,0.6804999999999999,Oncology_II
OID31425,STAM,0.3377000000000001,0.3791,0.4794,0.3989,0.0632999999999999,-0.0654000000000001,0.6075,-0.2060999999999999,0.5263,0.4832,Oncology_II
OID31210,STAU1,0.3335,0.278,0.2374,1.846,0.1581999999999999,0.2521,0.7987,0.3951,-0.2270999999999999,1.1394,Oncology_II
OID31183,STOML2,0.4475,0.0375,-0.6766000000000001,-1.0217999999999998,2.6981,1.2789,0.2663999999999999,-2.6105,-0.3070000000000001,0.1118,Oncology_II
OID31524,SUGP1,0.1806,-0.0974,0.003,0.2751,0.1619,-0.9208,0.4722999999999999,0.3787999999999999,0.9918,-0.0435999999999999,Oncology_II
OID31398,SUSD4,0.6577,-0.0225,-0.3059,-0.8027,1.0652,-0.391,0.3379999999999999,-0.2277,-0.8108000000000001,-0.4384,Oncology_II
OID31477,SWAP70,0.6196000000000002,0.1048,0.5272999999999999,-0.3080999999999999,0.0565999999999999,-0.0223999999999999,0.1090999999999999,-0.4454999999999999,0.5665,-1.1341,Oncology_II
OID31319,TAB2,0.1253999999999999,-0.4736000000000002,-1.4555000000000002,1.1861000000000002,0.9418000000000002,,-0.1701999999999999,-0.8564999999999998,1.6283,-0.1171000000000002,Oncology_II
OID31422,TADA3,-3.1079000000000003,-0.0021,0.0795,1.123,0.2341,0.2837,-0.4854,0.325,0.9854,0.2274,Oncology_II
OID31225,TAGLN3,1.0439,-0.1481,-0.5517,0.2228,-0.1745,0.124,1.7089,0.1334,-1.0108,0.1414999999999999,Oncology_II
OID31289,TAP1,-1.5378,-0.4057,0.5279,-0.0299,0.1453000000000001,,-0.3197,-0.3849,0.1808999999999999,-0.174,Oncology_II
OID31343,TARS1,0.0302,0.2052,-0.5391999999999999,0.5776000000000001,0.0283000000000002,-0.3321,-0.8678,-0.3758,0.8188000000000002,0.5660000000000001,Oncology_II
OID31267,TCP11,1.4973,1.0313,-0.3097000000000001,-0.1294999999999999,0.3163999999999998,,-0.4169,-0.7230000000000001,0.2342999999999998,-0.4938,Oncology_II
OID31403,TDP1,-0.0239,-0.0387,-0.2024,0.2474,0.4185,-0.1338,-0.0397,-0.0243999999999999,0.1912,-0.1942,Oncology_II
OID31266,TET2,-0.5161,-1.1345,-0.3556999999999999,-0.1673,-0.0621999999999999,,-0.6779,0.2669,-0.7317,0.9734,Oncology_II
OID31280,TEX33,0.1694,-0.7644,0.5088,-1.1668,0.5822,,-0.4972,0.3298999999999999,0.5927,-1.4569,Oncology_II
OID31359,TG,0.9444,-0.4544,-0.0464,-0.6762,0.2404,-0.8538999999999999,0.0873999999999999,-0.4622,0.0379999999999998,0.0863999999999998,Oncology_II
OID31417,TGFB2,0.7809999999999999,0.2421,-2.2417,0.4472,0.0405999999999999,-1.3221,-2.399,3.6399,-0.1949,0.1446,Oncology_II
OID31238,THAP12,-0.0962,-0.6026,0.6002999999999998,-0.0988000000000002,0.6588,-0.084,2.9509,-0.1873,-0.6025999999999999,-0.6980999999999999,Oncology_II
OID31375,THTPA,-0.2917999999999999,-0.3725,-0.2538,0.6901999999999999,0.7085000000000001,-0.6903000000000001,-0.5543,0.1808,1.3354,-0.3272,Oncology_II
OID31320,TIGIT,0.272,-0.4173,0.2207,-0.1912,0.3968,,0.2536,0.1066,0.1999999999999999,-0.3435,Oncology_II
OID31294,TK1,-0.2732,0.3172,-0.2931999999999999,-0.7094,-1.3567,,-0.1604,-0.361,-1.2756,0.1054,Oncology_II
OID31290,TLR2,1.227,-0.1791,0.6694,-1.2814,-0.2594999999999999,,0.1994,-0.7587999999999999,-0.7911,-0.0079,Oncology_II
OID31278,TMED1,0.6095999999999999,-0.178,0.0817999999999999,-0.8844,-0.3953,,-0.4722,0.1229,1.251,0.3364,Oncology_II
OID31462,TMED8,-0.2371000000000001,0.7287000000000001,-0.6656,1.0213,-0.1121999999999998,-1.0924000000000005,-0.0493,0.5630999999999999,2.0464,0.4967999999999999,Oncology_II
OID31411,TMEM106A,-0.3209999999999997,-0.1005000000000002,-0.1527999999999999,0.4684000000000003,-0.0648999999999999,-0.6336000000000002,-0.8757,-0.1543,0.6129,0.1875,Oncology_II
OID31246,TMOD4,-1.7616,-6.3743,-7.8226,-0.2771,-1.6449,0.1104999999999999,0.5453,-0.4851,0.1200999999999999,1.0055,Oncology_II
OID31446,TNFAIP2,-0.3896,0.1989999999999999,0.0118,0.5958,0.2822,-0.4651999999999999,0.175,0.2391,1.0116999999999998,0.1969,Oncology_II
OID31330,TNPO1,-0.4541999999999999,-1.2704,-0.3823999999999999,-0.6067,0.6715,,-0.0953,-1.4148,0.3653000000000004,-1.864,Oncology_II
OID31449,TOP1,0.2181000000000001,-0.1457999999999999,0.3348999999999997,0.0988000000000002,-0.1204,0.0485999999999999,-0.1543999999999999,0.1280999999999998,0.5505,0.032,Oncology_II
OID31233,TOP1MT,0.3189,-0.5753,-0.3697,0.1009999999999999,0.3712,0.183,-0.3393,0.394,0.1115,-1.2297,Oncology_II
OID31274,TPPP2,0.9957,1.8185,0.2992,-0.5702,-0.1537,,-0.209,0.4316,0.4786,-1.0236,Oncology_II
OID31234,TPRKB,-0.1717,-0.7749999999999999,0.1815,0.4024,2.0737,0.1219,0.7792000000000001,0.3596,-1.0897,-0.6592,Oncology_II
OID31335,TRDMT1,0.0033,0.1745999999999999,0.3493,-0.1086,0.4586,,-0.2359,0.0275999999999999,0.8665999999999999,-0.0141999999999999,Oncology_II
OID31271,TRIM24,-0.0746999999999999,-0.0818999999999999,-0.7373,-0.1008999999999999,-0.1062,,-0.9043,-0.3789,-1.3367,0.0655999999999999,Oncology_II
OID31482,TRIM25,-0.5428999999999995,0.0951000000000004,-0.8828999999999998,0.9572000000000004,0.1837000000000008,-0.9025,-1.2585,0.9549,1.7260999999999995,0.7439,Oncology_II
OID31207,TRIM26,-0.4961999999999999,1.2154,0.7182,-0.7722,0.283,-0.1064,1.4988,3.495,0.7266000000000001,0.8786,Oncology_II
OID31429,TRIM58,-0.5968999999999998,0.4188,-0.8703,0.6374999999999997,0.6061999999999999,-0.3434999999999997,-1.4048,0.2925,1.0893000000000002,0.3509000000000002,Oncology_II
OID31470,TSPAN8,0.0077999999999999,-0.6207,0.2552000000000001,0.5288,-0.0474000000000001,0.4663,-0.1735999999999999,-0.1225,0.1442000000000001,0.2997999999999999,Oncology_II
OID31262,TXK,0.0535999999999999,0.1805,0.218,1.4053,0.3909,,0.3697,0.2309999999999999,0.788,-0.6495,Oncology_II
OID31368,UBE2B,0.4967,-0.0427,-0.3456,0.6862999999999999,0.4744,-0.6149,-0.3419999999999999,-0.5317,0.5267000000000001,-0.0678999999999999,Oncology_II
OID31486,UFD1,-0.2670000000000001,0.8998999999999999,0.0481,1.4158,0.2833999999999999,-0.382,-1.9484,0.4195,1.885,-0.0092999999999999,Oncology_II
OID31181,UNC79,0.0696,0.5094,-0.1534,0.2762,-0.4167,0.4972999999999999,-0.9181,0.7271,0.7707999999999999,-0.2704,Oncology_II
OID31419,UNG,-1.0145,-0.3577,-0.4217,0.3246,-0.2951,-1.1275,-0.4053,-1.0702,-0.8283,0.6205999999999999,Oncology_II
OID31281,UPK3BL1,0.2719,0.8872,-0.4463,-0.6567999999999999,0.2123,,0.4329999999999999,-0.7011000000000001,-0.2080999999999999,1.0062,Oncology_II
OID31428,USP25,-0.2566999999999999,0.3338999999999998,-0.5638,0.5693000000000001,0.2513999999999998,-0.8301000000000001,-0.3071999999999999,-0.0855999999999999,1.2576,0.1229,Oncology_II
OID31179,VCPKMT,0.6811,-0.5972,0.0354999999999999,0.2114,-0.1862999999999999,-0.4666,0.0644,0.24,0.3379,-0.5524,Oncology_II
OID31273,VPS28,0.0662999999999999,-0.7692,1.0657,0.1337999999999999,-0.1253,,-0.8466,-0.8876,0.3611,-0.5132,Oncology_II
OID31386,VPS4B,-0.821,0.052,-0.38,0.8587,0.5484,-0.8376999999999999,-0.4944,0.1572,0.9908,0.1935999999999998,Oncology_II
OID31400,VSIG10,0.4301999999999999,-0.9126,0.7318,0.1690999999999999,-0.3089,-0.0484999999999999,0.1907,-0.1646,-0.4421,-0.0509,Oncology_II
OID31371,VSIG2,0.4891,-0.3403,-0.2322999999999999,-0.6863,-0.2374,0.0042999999999999,0.2288,-0.7484,0.0466,0.2584000000000001,Oncology_II
OID31272,VSTM2B,0.2158,-0.2937999999999999,0.4511999999999999,0.6483,0.0631,,0.0841999999999999,-0.4752999999999999,0.0757,-0.5596,Oncology_II
OID31198,VWA5A,0.391,0.4552,-0.1832999999999999,0.447,-0.4412999999999999,-1.3746,0.279,0.5979,-0.0841,-0.0508,Oncology_II
OID31389,WDR46,0.5458000000000001,-0.1213,-0.3762999999999999,-0.4329,-0.3386,0.0247,-0.2738,0.8228,0.2361,-0.3991,Oncology_II
OID31366,WFDC1,0.79,0.1007999999999999,0.1664999999999999,-0.0993,0.596,-0.0998,0.141,0.2327,0.4872999999999999,0.3514,Oncology_II
OID31494,YARS1,-0.9684999999999996,0.4181999999999997,-1.6768,1.3158000000000003,0.4415000000000004,-0.9828,-1.0308,1.6288,1.9113,1.5318,Oncology_II
OID31404,YJU2,-0.0036,0.4571,-0.2153,0.0494,0.4503,-1.2772,-0.8304,0.3787,-0.1766999999999999,0.3949,Oncology_II
OID31452,ZFYVE19,-0.6476999999999999,0.4022999999999999,-0.5293,0.7189999999999999,0.7736000000000001,-0.6532999999999999,-0.4772999999999999,0.5657,1.0634,0.47,Oncology_II
OID31303,ZNF75D,-0.6578,0.1709,2.0987,-0.0660999999999999,1.0832,,-1.3109,0.1557,0.0328,0.3520999999999999,Oncology_II
OID31350,ZNF830,-0.0412,-0.1973,0.0151,-0.0935,0.5804,0.0265,-0.0161999999999999,-0.2583999999999999,-0.0401,-0.0050999999999999,Oncology_II
OID31450,ZNRD2,-0.1715999999999997,-0.0145999999999999,0.3307,0.4596,0.2530000000000001,-0.2137,-0.8155,0.6855,1.3129,0.2640000000000002,Oncology_II
OID31347,ZNRF4,0.3266,-0.6432,0.3988,-0.5897,0.3985,0.0053999999999999,-0.1633,0.7447,0.0342,-0.0568999999999999,Oncology_II
OID31185,ZP4,0.12,0.7942,0.516,-0.0348999999999999,0.1574999999999999,-0.2653,-0.3257,0.6507000000000001,-0.5558,-0.0203,Oncology_II
