Participant,Exposure,SampleID,AARSD1,ABL1,ACAA1,ACP6,ADAMTS15,ADAMTS8,ADCYAP1R1,ADGRG1,ADM,AGR3,AIF1,AIFM1,AKR1B1,AKT3,ALPP,AMBP,AMIGO2,ANGPT2,ANGPTL7,ANKRD54,APBB1IP,APEX1,AREG,ARG1,ARHGAP1,ARHGAP25,ARSB,ATG4A,ATOX1,ATP6AP2,ATP6V1D,BAIAP2,BAMBI,BGN,BIRC2,BTC,C4BPB,CA11,CA12,CA14,CA9,CALB1,CALCOCO1,CAMKK1,CAPG,CASP8,CBLN4,CCL8,CCN1,CCN4,CCT5,CD1C,CD207,CD27,CD28,CD300E,CD300LF,CD302,CD33,CD38,CD5,CDC27,CDC37,CDHR2,CDKN1A,CDKN2D,CDNF,CEACAM1,CEACAM3,CEACAM5,CEP20,CEP85,CES2,CES3,CFC1,CHAC2,CIAPIN1,CLEC6A,CLMP,CNPY4,CNTN2,COX5B,CPE,CPVL,CPXM1,CRACR2A,CREG1,CRH,CRISP2,CRNN,CTSF,CTSV,CXCL8,DAB2,DCBLD2,DCTN1,DCTN2,DCXR,DDAH1,DDX58,DEFB4A_DEFB4B,DKKL1,DLL1,DNAJB1,DPEP2,DPP6,DPY30,DRG2,DSG3,DSG4,DTX3,EBI3_IL27,EDA2R,EGFL7,ELOA,ENTPD2,EPHA2,EPS8L2,ERBB2,ERBB4,ERBIN,ERP44,F3,FAM3B,FCGR2B,FCRLB,FEN1,FES,FGF21,FGF23,FGFBP1,FGFR2,FLI1,FLT1,FLT3,FLT4,FMR1,FOLR1,FOLR3,FOXO3,FURIN,FUS,FXN,GALNT10,GALNT2,GALNT7,GCG,GCNT1,GFAP,GFER,GFOD2,GFRA1,GFRA2,GH2,GNE,GPA33,GPC1,GRPEL1,GSAP,GSTA3,HAGH,HAO1,HAVCR1,HBEGF,HBQ1,HDGF,HGS,HMBS,HPGDS,HS3ST3B1,HS6ST1,HSPB6,HTRA2,ICOSLG,IDUA,IGF1R,IGSF3,IKZF2,IL12A_IL12B,IL13RA1,IL6,INPP1,INPPL1,IQGAP2,ITGAV,ITGB1BP1,ITGB5,ITGB7,KAZALD1,KDR,KIFBP,KIR2DL3,KIR3DL1,KLK1,KLK10,KLK11,KLK12,KLK13,KLK14,KLK4,KLK6,KLK8,KRT18,L1CAM,LAG3,LAT2,LEFTY2,LGALS7_LGALS7B,LHB,LPCAT2,LRIG1,LRP1,LRRC25,LSM1,LTA4H,LTBP3,LYAR,LYN,LYPD3,LYPD8,MAEA,MAGED1,MANSC1,MAP3K5,MAVS,MDK,MED18,METAP2,MIA,MME,MMP12,MOG,MPI,MSLN,MSRA,MUC16,MZT1,NAMPT,NBL1,NCS1,NDUFS6,NECTIN4,NELL1,NFKBIE,NINJ1,NPTN,NPY,NT5E,NTF4,NUCB2,NUDT2,OGFR,OMG,OPTC,P4HB,PDCD1,PDCD1LG2,PDGFC,PDP1,PFKFB2,PLA2G15,PLXDC1,PODXL,PODXL2,POLR2F,PPM1A,PPME1,PPP1R12A,PPY,PQBP1,PRDX6,PRKRA,PRTG,PSMA1,PSMD9,PSRC1,PVALB,RABEPK,RAD23B,RANGAP1,RARRES1,RASSF2,RBP2,RBP5,RET,RILP,RNF41,RP2,RRM2,RRM2B,RSPO3,RTBDN,RTN4R,RUVBL1,S100A12,S100A4,SCAMP3,SCG2,SCLY,SCP2,SEMA4C,SEPTIN9,SERPINA9,SEZ6L,SEZ6L2,SF3B4,SFTPA1,SFTPA2,SH2B3,SIAE,SIGLEC6,SIGLEC9,SIRT2,SLAMF6,SLAMF8,SLITRK2,SMAD1,SMAD5,SMOC1,SNAP29,SORCS2,SORD,SPARC,SPINK6,SRC,SRP14,ST3GAL1,STAT5B,STX16,STX4,STX6,STXBP3,SUGT1,TACC3,TACSTD2,TAFA5,TBC1D23,TBL1X,TEK,TFPI2,TGFBR2,TJAP1,TMPRSS15,TNF,TNFRSF12A,TNFRSF19,TP53,TPMT,TRIAP1,TXNDC15,UBAC1,USO1,UXS1,VAT1,VEGFC,VMO1,VNN2,VPS37A,VPS53,VTCN1,VWA1,WFDC12,WFDC2,WIF1,XCL1,XPNPEP2,YES1,ZBTB16
001B,PR1,SSNA-001B-PR1,1.4267,1.578,0.3697,0.1455,2.5689,0.36,-0.1441,-0.225,0.4459,0.1576,0.2358,1.4947,0.7532,-0.1766,0.0965,-0.086,-0.0214,0.8464,0.0973,0.4667,-0.7659,-2.0691,-0.1421,-2.126,0.564,0.3961,0.3749,0.789,0.7714,-1.4189,-0.1305,0.0487,0.009,-0.0203,-0.6879,-1.1206,0.0079,-0.3267,0.694,0.6053,-0.5494,0.7608,4.4715,0.0594,-1.7422,-1.0808,-0.4494,-0.0068,0.6398,-0.0956,-0.0017,0.2107,-0.1243,0.5668,-0.4388,-0.527,0.6744,-0.3436,0.2015,0.5683,-0.0398,0.7929,1.2621,-1.914,2.5541,1.7584,0.7088,0.2185,0.1618,-0.5951,0.0279,2.0149,-1.0656,-2.4538,1.6097,1.7046,1.8271,-0.3107,-0.324,0.748,-0.6816,-0.2608,-0.0732,-0.3615,-0.0718,2.2366,-0.3918,0.7507,0.4691,-0.9361,0.2565,0.416,0.412,3.0816,0.1952,2.7721,3.1112,0.3058,-0.8877,-0.4261,-2.4252,-0.0457,0.2289,1.3193,-3.2267,0.3279,0.2844,0.5257,0.7545,0.0464,0.0703,0.3992,0.0705,1.6827,-1.4775,-0.0167,-0.0689,-0.065,-0.1522,0.3217,3.0226,-0.1167,-0.0746,0.6579,0.8438,1.0004,-0.5209,0.1659,-3.6842,-0.6953,-0.1094,0.0789,0.661,-0.0204,-0.1867,-0.0117,-0.2909,0.1407,-4.1906,3.3201,-0.3581,-1.2628,1.6272,0.5389,0.2384,0.337,-0.2146,0.0878,-0.8016,1.328,-1.2673,0.0326,0.0443,-1.5579,-0.0412,-2.0128,0.5842,0.7187,-0.9569,-1.1781,-3.6217,-2.1446,-1.0415,-0.3584,0.0364,2.1176,0.6158,0.5031,-0.3547,0.1445,-0.2671,-0.3025,1.1229,-0.1365,-0.4417,0.1402,-0.0575,2.7421,-0.1742,-0.5746,1.0191,-1.575,1.3215,0.511,-0.0945,-1.3959,-0.3813,-0.9939,0.4382,-0.0807,1.7515,0.372,-0.3159,2.2491,0.8616,0.3443,0.6158,1.8743,0.4711,-0.495,0.6074,0.2349,-0.5091,0.2938,0.2429,2.4911,-0.6353,0.2004,1.3161,0.0154,-0.2159,0.964,-0.8953,-0.3621,-4.592,-0.2388,-0.206,1.3211,0.9042,-0.0105,0.7118,-0.966,0.3665,4.3041,3.1053,-0.308,1.3306,1.3816,-0.1308,-0.4322,1.2381,0.391,-0.764,-0.1527,0.2307,0.1357,0.5459,-1.8065,0.0522,0.1549,1.5592,0.1559,0.4062,0.0813,0.6921,0.0285,0.5835,0.2562,0.6472,0.6903,-0.5458,0.411,0.379,0.1153,0.3292,0.6236,-0.2061,0.1025,0.4394,0.7235,0.0853,0.9979,0.2568,0.4884,-0.4554,-0.3951,1.8409,2.2467,-0.9759,0.0135,0.3975,0.7488,0.5346,0.5256,0.2639,0.3765,,-0.3533,-1.3074,-0.5389,0.5596,-1.5863,-1.4327,-0.4557,1.2764,2.3708,2.2384,0.2679,0.7114,0.6523,-0.0151,-0.0827,-0.3019,1.865,0.5054,1.4435,3.3035,0.2293,-0.012,-0.6211,-0.0142,0.4045,1.6309,0.3119,-0.3199,-0.8774,-1.96,-0.2199,0.2501,0.445,0.3957,0.5248,1.672,-0.4617,-0.7612,0.9167,1.4065,-0.0515,1.5724,2.5807,0.3648,-3.8634,-0.1811,-1.5146,3.7135,-0.7853,0.5105,0.2974,0.4554,2.104,1.9336,0.0271,2.5927,3.1907,,0.2971,3.1897,1.7751,-0.052,-0.3248,-0.3717,2.8856,1.4562,-0.7462,-0.4874,0.3203,-1.9858,0.9089,0.3894,-0.1529,0.5737,2.8833,0.4701,-0.6532,0.0071,-0.2848,-0.4411,2.0449,0.7127,0.1321,-0.6258,0.5467,-0.2482,0.2616,0.3886,-0.7405,4.0282,1.3048
001B,PR2,SSNA-001B-PR2,0.9612,1.0147,,0.3639,3.1561,0.4749,,0.0702,0.416,,,1.9384,,,0.1278,-0.125,-0.0004,1.0702,0.0366,,-1.3036,-2.3676,0.1023,-1.8698,,,0.3586,,-0.0551,,-0.1336,,,,,,0.1783,,1.1487,0.8649,-0.6307,1.7829,3.4204,,-2.2021,-1.8898,-0.489,-0.4789,0.9855,0.1369,,0.4283,0.3381,0.4888,,-0.9734,0.5315,0.0659,-0.1976,0.6214,-0.3058,,-0.1679,-1.8806,1.7651,0.6625,1.0418,0.287,,,,,-0.7128,-2.1353,,,1.2141,,-0.2433,0.7399,-0.5425,-0.4906,-1.0719,-0.1317,-0.1778,,-0.0117,,0.7505,-1.0245,0.4998,0.6811,0.1489,1.6955,0.4403,2.0344,1.5814,1.1234,-0.4602,,-1.8649,0.2117,0.5553,1.0053,-3.1035,0.4055,-0.2933,0.1795,0.9078,0.5445,0.2053,0.2886,0.2209,,-0.8919,,0.1748,0.1679,-0.1367,0.2731,2.1714,0.3135,-0.0237,0.8136,,,,,-3.4917,-0.9031,0.1868,0.0702,,0.4534,,-0.1376,,0.3841,-4.2232,,-0.2842,,0.8285,0.5571,0.2999,0.3834,,0.6739,,,,0.1258,0.4228,,,-2.1798,0.4729,0.7754,,,-4.1922,-0.7706,-0.7415,-0.6431,0.2348,1.697,,0.6989,,0.439,-0.194,-0.3227,0.8065,0.299,-0.5207,0.4068,0.1579,,-0.1106,-0.5654,-1.2568,-2.4857,0.5956,0.103,-0.2355,,-0.6427,-1.0338,0.971,0.0688,1.2147,,,2.7607,1.0299,0.7296,,2.1484,0.9615,-0.577,0.9441,0.5457,0.5275,0.4981,0.3884,1.9526,-0.3911,0.1429,,-0.2463,-0.2641,1.1004,-0.5218,,-5.1199,,,1.1375,1.5156,,,,0.4221,,,-0.5935,,0.8376,0.35,0.1198,0.9985,0.2862,-1.3736,0.5404,-0.1922,5.4975,,,0.2385,0.3739,,0.3455,0.7325,,,,1.3974,0.3314,,0.1334,0.2298,0.4058,0.6306,0.6471,0.3351,0.5532,-0.1429,,,-0.045,0.0527,,0.4092,0.6236,-0.4004,,1.1962,1.3345,-1.5261,,-0.3749,,0.6178,,0.3967,,,,,,,,-0.8419,0.2822,1.4802,1.5597,,0.9192,,,-0.0644,0.6008,-0.3935,,0.1788,0.7509,2.2655,0.1242,0.4001,,0.4221,-0.2222,1.6853,0.6708,0.337,-0.5636,,,,-0.0785,0.2801,0.3993,0.6565,,,1.3011,,0.4916,1.5152,1.677,,-3.5848,-1.5469,-0.8467,2.7049,-0.7526,0.3844,-1.0383,,1.4948,,,,1.9729,,0.9311,2.6165,,0.0172,-0.1271,-0.2792,2.2207,1.2813,,-0.4502,0.254,,,-0.1021,-0.0312,0.8307,1.9108,,-0.7442,-0.0492,0.1224,-0.2165,1.1205,0.2326,,-0.1348,0.3895,-0.1223,0.1945,0.2743,-0.7064,2.9633,
001B,PT1,SSNA-001B-PT1,1.7789,1.8813,-0.7579,0.2025,2.6094,0.5425,-0.1669,-0.2193,0.1788,-0.343,-0.3949,2.5725,1.2435,0.4793,0.1444,-0.003,-0.0192,0.9263,-0.2109,1.0819,-1.2378,-1.4377,-0.1776,-1.899,0.2739,-0.0237,0.6421,1.3668,0.8927,-1.354,-0.3422,0.078,0.2446,-0.2575,-0.3416,-1.7271,0.1982,0.1075,0.3507,0.5011,-0.8176,0.7585,4.8304,0.4213,-1.9059,-1.091,-0.3589,0.06,0.6332,-0.0238,0.1618,0.3515,-0.3819,0.8806,0.25,-0.6206,0.7151,-0.5123,0.1358,0.3711,-0.1684,0.9178,1.8104,-2.0685,2.7313,2.4985,0.583,0.4737,-0.0365,0.6654,-0.2855,2.4105,-1.0508,-2.2286,0.9565,1.3227,2.3428,-0.0289,-0.3515,1.2114,-0.7897,0.5765,-0.0317,-0.0993,0.227,2.8331,-0.2197,0.42,0.5518,-1.0378,0.1725,0.6234,0.4602,3.3976,0.2194,2.8647,1.9146,0.4946,-0.1987,-0.0047,-4.4035,-0.1587,0.6118,1.8137,-3.2031,0.2083,0.5534,0.5928,0.7146,0.2869,0.1606,0.4766,-0.0459,1.3308,-0.9534,0.04,-0.0343,-0.0563,0.018,0.3609,3.6482,0.1941,-0.352,0.5929,1.5583,0.8515,-0.2833,0.479,-3.9896,-0.6662,0.2747,0.2878,0.6959,0.232,0.0103,0.138,0.0863,0.4468,-3.8327,3.6167,0.0932,-1.0403,2.0023,0.7139,0.2662,0.064,-1.5153,0.2237,-0.6678,1.5651,-1.0029,0.1155,0.1435,-2.4369,-0.3952,-2.0763,0.5976,0.6703,-0.4723,-0.8786,-3.4063,-1.8602,-0.7651,-0.069,-0.0351,2.4191,0.7395,0.2623,-0.1544,-0.1692,0.2171,-0.6403,1.4699,0.1217,-0.5791,0.1558,-0.0429,2.899,-0.1468,-0.536,2.5099,-1.6938,1.6365,1.5908,-0.1752,-1.0004,0.2284,-1.0375,0.7332,0.0635,1.9195,0.7951,-0.6202,2.4072,1.2895,0.4994,1.1537,1.8818,0.5127,-0.3841,1.0635,0.4141,-0.3888,0.4756,-0.0041,3.0704,-0.8355,0.6417,1.76,0.228,-0.206,1.0405,-0.5323,0.3955,-4.6882,-0.2608,0.3948,1.9238,1.1752,0.1541,0.3694,-0.854,0.5047,4.8617,3.7859,0.2966,1.459,1.7672,0.1669,-0.6385,1.2244,0.3456,-0.5556,-0.2326,0.8558,0.2545,1.0315,-1.9616,0.2174,0.2396,1.9351,0.2254,0.8529,0.8318,0.9716,-0.9402,-0.5793,0.5481,0.2745,1.0194,-0.9228,0.7315,0.1406,0.3227,0.5725,0.5421,-0.4543,-0.3128,0.5884,0.8904,0.1726,1.168,-0.1354,0.4914,-0.4372,-0.2881,2.1142,2.8127,-1.3037,-0.1499,-0.1804,1.1181,0.4191,0.7787,0.4001,0.3986,,0.3314,-0.495,-0.2584,0.1979,-1.1001,-1.8289,-0.1155,1.2402,2.7428,2.7532,0.6954,0.7716,-0.4211,-0.167,0.1153,-0.3631,1.9881,0.6311,1.7782,3.749,0.2661,0.0362,-0.0421,0.4638,0.177,1.6135,0.7157,-0.122,-0.6663,-0.1426,-0.6029,0.6141,0.7582,0.2888,0.3516,1.6643,0.6919,-0.4906,1.0818,1.1485,0.1439,1.8384,3.3634,0.6469,-3.637,0.463,-1.6466,4.7088,-0.5068,0.541,0.6951,0.3938,2.3804,2.2544,-0.1788,2.9105,3.2095,,-0.0271,3.6693,2.2994,0.0706,-0.0388,-0.2544,3.3753,2.0004,-0.9817,-0.8651,0.3462,-0.3866,0.6557,0.7762,0.155,0.5977,3.4193,0.5828,-0.3354,0.5922,0.071,-0.303,1.496,1.0867,0.3056,-0.6719,0.5091,0.0257,0.4092,0.3593,-0.5489,4.4137,1.5167
001B,PT2,SSNA-001B-PT2,1.6053,1.7946,0.3793,0.4965,3.1348,0.5325,0.1506,0.3152,0.7053,0.4926,0.095,2.0375,1.3646,0.2495,0.3186,0.0012,0.2743,1.5343,0.1925,0.796,-0.8914,-0.7529,0.225,-1.3951,1.0474,1.0685,0.9267,1.0072,0.9445,-0.9063,0.1575,0.3312,0.3968,-0.2954,-0.1301,-1.2627,0.2945,0.3141,1.3792,0.9717,-0.6784,1.649,4.3623,-0.1305,-1.8863,-1.0786,-0.0991,0.093,1.3812,0.3819,-0.0824,0.5348,0.1542,0.9035,0.1691,-0.7287,0.9261,0.0134,0.3856,0.9093,-0.0933,0.7747,1.2698,-1.6268,2.7728,2.0464,1.1967,0.3116,0.141,1.8969,1.3927,2.4541,-0.7835,-2.4286,1.1676,1.2203,2.196,0.0287,0.0217,1.2277,-0.9286,-0.2499,0.2369,0.3511,0.247,2.3342,-0.0121,0.8544,1.0231,-0.9205,-0.0765,0.9948,0.4758,3.1031,0.7948,2.6812,3.3102,1.4033,-0.1367,-0.2917,-2.3006,0.2892,0.7567,1.8647,-2.8936,0.0498,0.349,0.538,1.0965,0.6097,0.6256,0.4163,0.3493,1.8038,-0.0699,-0.6818,0.0526,0.3174,0.1408,0.4657,3.4464,0.1808,0.2785,0.7257,1.1904,0.8661,-0.3924,0.1823,-2.8402,-0.7314,0.5262,0.2514,0.6485,0.5595,0.4069,0.1891,-0.1202,0.5472,-3.7938,3.7422,-0.2664,-0.1592,1.9471,0.8063,0.4706,0.5105,-2.7149,0.5294,-0.149,1.815,-0.7431,0.299,0.685,-2.7069,-0.3816,-2.1222,0.7138,0.7573,-0.7572,0.6539,-3.2687,-0.4376,-0.494,-0.161,0.0825,2.5667,0.7169,0.5701,0.0055,0.8503,1.2087,-0.4662,1.4197,0.4205,-0.5082,0.4867,0.1161,2.796,0.4986,-0.452,-0.3802,-1.5824,1.7048,1.4778,-0.0772,-0.8725,0.1131,-0.8574,1.3515,0.1909,1.5877,0.7613,0.0011,3.0095,1.3233,0.8963,1.7804,2.4253,1.4082,-0.394,0.8786,0.6953,1.3367,0.7158,0.4414,2.2811,-0.243,0.6045,1.832,0.1724,-0.0936,1.2069,-0.2855,0.0909,-4.3956,-0.2291,0.3276,1.6505,1.7911,0.5179,0.6362,-0.3638,0.6881,4.4645,3.5504,0.3706,1.5778,1.4425,0.7386,-0.0324,1.2399,-0.2707,-0.4858,0.4865,0.6735,0.2366,1.1104,-0.8772,0.4274,0.6065,2.0053,0.5302,1.021,-0.1805,0.952,-0.0741,0.7331,0.7368,0.6706,1.0822,-0.0557,0.7637,-1.3981,0.4142,0.6843,0.8203,0.0828,0.8472,0.2853,0.8795,0.3762,1.5671,0.4003,0.8022,-0.1581,0.2983,2.3172,2.3365,-1.8913,-1.0834,-0.0097,1.1042,0.745,1.0858,0.7529,0.4608,,0.0978,-0.6291,-0.2527,0.2967,-0.1636,0.4879,0.9638,1.5744,2.414,2.5559,1.1045,1.141,1.3187,0.2861,-0.4898,-0.3018,2.03,0.8343,1.5218,3.5439,0.1135,0.7031,-0.1827,0.4344,0.3974,1.9813,0.7149,0.1544,-0.5117,-0.5812,-0.3068,0.5936,0.5746,0.4559,0.5265,1.6846,-0.2824,-0.8397,1.4562,0.7888,0.6669,2.1578,2.8859,0.4864,-2.7805,0.1296,-1.251,4.2156,0.1977,0.9263,0.4924,0.1036,2.3221,2.2134,-0.2014,2.5399,3.2093,,0.6202,3.4757,2.0299,0.1297,0.0757,-0.0042,3.0535,1.4005,-0.0333,-0.4961,0.4849,-0.9752,0.1612,0.7964,0.2254,0.5293,2.9548,0.6801,-0.5755,0.6166,0.0903,0.1139,1.6581,0.6365,0.359,-0.3614,0.8199,0.378,0.7574,0.4949,-0.5399,4.154,1.2383
007,PR1,SSNA-007-PR1,1.0876,0.9943,0.5032,-1.1066,2.6917,0.4867,-0.3805,0.3537,0.3744,-0.0703,-0.6734,1.9674,0.3302,-0.0652,-2.2871,-0.2012,0.8145,-0.0289,0.3549,0.4493,-1.409,-2.884,0.0028,-1.8583,-0.613,-0.0264,-0.1271,0.4213,1.0234,-1.6413,1.5142,-0.7497,-0.329,0.4786,0.3603,-1.5103,0.3648,0.1177,0.536,1.1779,-0.1071,1.1375,3.8175,-0.6936,-2.8915,-1.5496,0.5386,0.5957,1.1197,0.1382,-0.1286,0.4536,-0.0405,0.1702,-0.0376,-0.882,0.042,0.0984,0.4279,0.8509,-0.2907,0.2906,0.7336,-1.9229,1.0835,1.9299,1.0548,0.5997,0.1146,0.4293,0.4764,1.8187,-0.7155,-2.9164,0.3683,1.0463,2.0092,0.2705,-0.1542,1.0517,0.1793,-0.9406,0.4044,0.4886,0.4179,2.3975,0.1341,2.0793,-1.0571,-0.1028,-0.459,-0.1059,0.6094,1.5154,0.3465,1.8245,1.1166,0.9319,-0.3455,-0.4279,-3.83,0.9329,0.3876,1.2641,-3.3005,0.7763,-0.3118,0.5417,0.7869,0.8724,0.1037,0.0382,-0.1424,1.3093,-1.0358,-0.2771,0.0484,0.6305,0.1612,0.2875,2.4566,-0.2324,0.086,0.1351,-1.3342,0.0164,-1.0037,-0.4528,-4.199,-0.6406,0.591,0.5647,-0.5899,0.4756,-0.238,0.4882,-0.4827,0.1521,-4.0195,2.1275,-0.4212,-0.524,1.6935,0.3597,0.0986,0.3006,-3.0403,-0.0001,-0.4321,0.9998,0.2525,0.1831,0.2222,-2.3123,0.5019,0.6457,0.7163,0.0181,-1.1036,-0.1975,-3.7102,-0.3818,0.4191,-0.3573,-0.1052,-0.6668,-0.1425,0.3503,-0.2765,0.1477,-0.653,-0.5578,0.7414,0.2752,-1.669,0.2783,-0.1568,0.0658,0.8134,0.0207,-1.0433,-1.3234,0.4042,0.5809,-0.362,-0.4029,-0.2199,0.2958,0.3777,0.1841,1.0106,0.0606,-0.92,2.9251,-0.0241,0.1484,-1.5428,1.6865,-0.1225,-1.8782,0.7178,-0.0475,-0.5371,0.3678,0.1472,3.2503,-1.0001,0.4014,-0.5972,-0.1739,-0.0951,1.3222,-0.413,0.958,-4.8989,-0.5623,0.2548,1.1959,1.0145,-0.4231,0.2243,-0.0264,1.1252,3.3613,2.3097,0.1425,0.8274,1.1154,0.258,0.1551,1.2369,0.2106,-1.2792,-0.4856,0.0991,0.1308,0.622,-0.8854,0.399,0.6289,-0.4781,0.0957,0.104,-0.3875,-0.3968,-0.8711,-1.0769,0.8059,-0.2167,-0.3889,-0.1825,0.7665,1.008,0.3149,0.3514,-0.0038,0.1682,0.5629,-0.1103,0.4059,0.2566,1.0169,0.4213,0.7773,-0.3275,0.1327,2.0366,1.6741,-1.6267,-0.3663,-0.0855,1.1785,0.3384,0.9513,0.4824,0.5384,,0.8962,-1.0877,-1.1184,-0.2989,-0.8601,1.8959,-0.4254,1.8323,1.6836,1.8378,0.034,0.4828,1.1847,-0.1964,0.4363,-0.5285,0.0477,-0.5001,1.4076,2.5614,0.3625,0.4081,1.0899,0.2617,0.1673,-0.8521,0.8903,0.444,-0.688,0.194,0.5089,0.2113,0.0013,0.7846,0.5429,0.7286,-0.2552,0.0566,0.0741,0.6902,0.3852,1.2146,2.4239,0.5632,-3.0357,0.1776,-1.495,3.8386,-0.8251,0.6445,-0.9479,-0.3709,2.2201,0.9029,-0.2719,1.436,2.8026,,0.4378,2.7744,1.8162,0.1887,-0.1273,-0.1361,2.6237,-0.2026,-0.1007,-0.3407,-0.0024,-1.4222,1.0305,0.0556,0.1027,0.2717,1.6989,0.0342,-0.6897,0.0894,-0.1737,0.6242,1.1938,1.1455,0.2239,-0.5812,-0.0909,-0.3084,0.3912,0.5836,-2.0851,3.2099,1.2933
007,PR2,SSNA-007-PR2,1.1275,1.1918,0.1349,-0.8848,2.2904,0.2879,-0.2793,-0.0882,0.6911,0.1473,0.2134,1.4151,1.0638,-1.2673,-2.2439,-0.2762,0.509,0.2479,0.4965,0.3687,-2.1842,-2.8565,0.0754,-1.8794,0.0376,0.8611,-0.289,0.3815,0.8901,-1.3666,1.2207,0.7725,0.2126,1.0525,0.2684,-1.0478,0.0429,0.5131,0.6584,1.3294,-0.0102,0.8928,4.2816,-0.1816,-2.7676,-1.632,0.3832,0.6089,0.9397,0.1939,0.1772,0.2595,0.0858,0.0303,0.3313,-0.8086,-0.0088,0.1155,0.1422,0.5054,-0.0891,0.0391,0.8051,-2.2603,1.6133,1.7262,1.2512,0.4047,-0.0406,1.8364,0.7308,2.2177,-1.3046,-2.8941,0.7237,1.017,2.0036,-0.136,-0.0259,0.7031,0.1405,-0.384,0.4312,0.4198,0.1188,2.9847,-0.1761,0.9,-0.4466,-0.324,-0.4789,-0.1192,0.7668,1.5882,0.3294,2.2936,1.849,0.1777,-0.4123,-0.1503,-4.3342,0.776,0.4035,1.2599,-2.9884,0.4963,0.201,1.0615,0.8285,0.8753,0.0807,0.0013,-0.014,1.2776,-0.9965,0.1314,-0.0602,0.7312,0.0038,0.2445,2.2923,-0.3418,0.0918,-0.1588,0.3152,-0.2525,-0.6651,0.4342,-4.5221,-0.5979,0.6585,0.6129,-0.38,0.2194,0.0856,0.4814,-0.8828,0.2827,-4.1009,1.0625,-0.5911,-0.4682,1.7891,-0.0789,0.1345,0.2728,-1.9251,-0.3786,-1.094,1.3623,0.2778,0.2023,0.0443,-2.3517,-0.8287,-0.1162,0.704,0.2218,-0.4518,-0.7358,-4.3217,-0.5807,0.1884,-0.633,-0.1284,-0.0751,0.1544,0.3207,-0.4247,0.012,-0.4723,-0.7871,0.8271,0.222,-1.596,0.0571,-0.186,-0.3981,0.6506,-0.092,-1.1203,-1.843,0.2427,1.2566,-0.4475,0.2587,-0.2742,0.408,0.4708,0.0106,1.2948,0.3797,-0.355,2.8805,-0.1195,0.4298,-1.82,1.6492,0.725,-2.0025,0.8029,0.2784,-0.2729,0.154,0.43,2.9602,-1.5154,0.377,-0.4716,-0.369,-0.1781,1.2113,-0.6473,0.2831,-5.4345,-0.2854,-0.2452,0.5447,1.2491,-0.6761,0.6932,-0.516,0.9384,3.8117,2.7134,0.1535,0.9562,1.312,0.6707,0.0655,1.3788,-0.0465,-1.4851,-0.7554,0.337,-0.1271,0.6833,-0.5039,0.2766,0.6123,-0.5302,0.2762,0.2011,0.0866,-0.0617,-0.1456,-1.6358,0.6019,-0.0573,-0.2589,0.0555,0.6962,0.7976,0.0214,0.2359,0.0229,0.1309,0.4928,-0.2086,0.4842,-0.1349,0.9819,0.2967,0.615,-0.6045,0.6562,1.737,1.7948,-0.6883,0.2972,0.176,0.2164,0.3194,0.3271,0.1893,0.4027,,1.1366,-0.9044,-0.6531,0.4524,-1.0787,1.6425,-0.4929,1.5646,1.9559,2.248,0.5773,0.4043,0.9837,-0.0222,-0.0813,-0.3818,0.4775,-1.1196,1.8252,2.6717,0.4414,-0.1282,0.9925,-0.0813,-0.1808,-1.2544,0.8435,0.1932,-0.1888,0.4615,0.1337,0.0017,0.0981,0.7072,0.5476,0.4706,-0.5007,0.0172,-0.0358,0.9014,0.1407,1.1083,2.7183,0.1367,-3.6219,-0.2164,-0.0751,3.9027,-1.0458,0.5016,-0.9331,0.199,2.3488,1.2276,-0.0496,1.2068,2.5333,,0.2596,2.858,2.2003,-0.0026,-0.3378,-0.0744,2.8448,-0.3765,-0.0991,-0.7347,0.0731,-0.2132,1.1403,0.0855,0.2065,0.1865,2.3333,0.6242,-0.5265,-0.9916,-0.7316,0.452,0.8921,1.367,0.3525,-0.6707,0.5305,-0.3443,0.4415,0.6565,-2.1844,3.4504,1.6181
007,PT1,SSNA-007-PT1,1.3384,1.5629,-0.5328,-0.7671,2.7282,0.4516,-0.1544,0.5143,0.4271,0.272,1.1358,2.0642,1.3295,0.1097,-2.2898,-0.2449,0.5684,0.1152,0.3483,-0.0704,-1.7749,-2.5392,0.2625,-1.7915,0.1805,1.0005,0.0017,0.4771,1.348,-1.4275,1.2872,-0.1533,-0.1226,0.1676,0.4518,-0.1658,-0.0042,0.1315,0.1945,1.3127,-0.1929,0.9755,4.4524,0.6056,-2.6894,-0.9905,0.5194,0.5868,1.042,0.193,0.4641,0.2893,0.0536,0.0552,0.6444,-0.8095,0.211,0.213,0.1055,0.9307,0.0259,-0.1131,0.7254,-1.9814,2.3475,2.6633,0.9399,0.4778,-1.2641,0.5169,0.5457,1.3652,-0.6707,-3.0865,1.2145,1.37,2.2681,-0.5496,-0.1883,1.4775,0.1971,-0.5024,0.6842,0.5955,0.4197,3.3237,-0.1095,1.511,-0.8643,-0.1098,-0.7768,0.1069,0.618,2.3756,0.3959,2.2924,1.2437,0.9084,-0.4203,0.117,-2.9037,0.8383,0.404,1.3119,-3.0437,0.1389,0.0299,0.8968,0.6702,0.7127,-0.076,0.0816,0.0255,1.5442,-1.0787,0.234,-0.3629,0.6679,0.1697,0.3021,3.1752,-0.0354,0.0775,0.1181,0.5878,-0.297,-0.9952,0.1155,-3.8383,-0.8282,0.6539,0.585,0.8459,0.4402,0.1441,0.3504,-0.1867,-0.0763,-3.9772,1.2056,-0.7829,-1.0973,1.8285,0.1293,0.1703,0.2725,-1.0796,-0.1799,0.011,1.1921,0.5364,0.1334,0.1716,-1.5828,0.597,0.7241,0.7058,0.4713,-0.565,-0.0849,-3.4863,-0.5077,0.5512,-0.2947,-0.2432,0.3208,0.3232,0.3791,-0.201,-0.0174,0.4322,-0.7956,1.1178,0.2249,-1.6676,0.1825,-0.1828,-0.4699,0.847,-0.1494,-0.5614,-1.6776,1.0449,1.7287,-0.2278,-0.1618,-0.1788,0.3449,0.4677,0.1209,1.6925,0.134,0.3125,2.8283,0.0024,0.089,-3.0525,1.8052,0.1279,-1.7437,0.3972,-0.1564,0.018,0.0718,0.2414,3.8713,-0.7178,0.4871,0.3846,-0.1373,0.057,1.2953,-0.1666,0.4947,-4.4039,-0.1908,-0.0203,1.5263,0.8764,-0.7939,0.7229,-0.2406,0.8827,4.051,3.2436,0.2903,1.0349,1.6653,0.1674,0.0134,1.1414,0.0499,-1.2308,-0.5621,0.5229,-0.0616,0.8789,-1.1448,0.0479,0.6479,-0.2756,-0.0533,0.1868,-0.0596,-0.1668,-0.1946,-0.6513,0.6629,0.123,0.1734,-0.2828,0.8982,0.6711,-0.1263,0.4322,0.1745,-0.0634,0.8907,0.3012,0.8124,-0.0159,0.5374,0.458,0.6984,-0.4885,0.3178,2.1264,2.4389,-1.3221,-0.1536,-0.3235,0.3977,0.3691,0.5201,0.4502,1.4052,,0.5093,-0.9398,-0.6238,0.5298,-0.6893,2.3954,-0.2888,1.8286,2.0735,2.3359,0.7916,0.6586,0.9616,0.1644,-0.1653,-0.3529,0.4586,-0.2521,1.6336,3.14,0.617,0.4959,1.234,0.1829,0.0637,-1.1157,0.7876,0.3465,-0.0344,0.0563,0.243,0.5302,0.1366,0.8678,0.6372,0.9853,-0.0242,0.4627,0.0738,1.3043,0.3976,1.547,3.304,0.5997,-2.9569,-0.078,-1.4923,4.6042,-0.7993,0.9653,-0.6449,0.4047,2.8408,1.1215,-0.3736,2.3059,3.2051,,0.5114,3.3531,2.4849,0.1637,-0.1798,-0.1718,3.165,-0.2479,-0.4002,-0.3792,0.2313,-0.0535,1.7524,0.7318,-0.01,0.1382,2.6336,0.7003,-0.6223,0.0276,-0.1441,0.6796,1.2474,1.6756,-0.2887,-0.597,0.0841,-0.3534,0.6836,0.5485,-2.2128,3.8273,1.8701
007,PT2,SSNA-007-PT2,,,-0.2366,-0.9558,,0.1781,-0.2589,,0.6084,-0.5051,0.4814,,1.5818,-0.6963,,-0.4274,,0.4494,0.3122,0.7749,,-2.4894,,-2.1052,0.9593,-0.0876,,0.8966,1.446,-1.7067,,0.2701,-0.014,0.4952,-0.3635,-1.4617,-0.2348,0.4903,,1.3644,-0.2157,,4.5158,-0.2226,-2.7331,-1.3085,0.2794,0.4996,,-0.002,0.3899,0.1693,,-0.0684,-0.0826,-0.8406,-0.1498,,0.3024,,-0.1954,0.5453,0.6307,,,,,0.1748,-0.3414,1.9281,0.1643,1.4778,,,0.2603,1.6446,2.2475,0.2865,-0.1016,,-0.1576,,0.518,0.4458,0.5702,3.2336,-0.3782,1.3779,-0.4181,-0.3671,-1.0131,0.1385,0.6465,2.4329,0.0839,2.7173,,0.4355,,-0.0081,,,0.3331,,,,0.2884,,0.7339,,,-0.0094,-0.1961,1.6357,,-0.1342,,0.5379,-0.1989,0.4005,,,-0.042,,0.2832,-0.2238,-0.4426,0.1958,-4.4872,-0.7259,0.4955,0.2376,0.5078,,-0.229,0.2711,-0.0546,0.0561,-4.2604,0.8332,-0.5872,-0.6309,2.1272,,0.1581,,-3.6213,,-0.5267,1.6102,0.3553,0.1071,,-2.6034,0.4728,,0.6608,,-0.5928,-0.6984,-4.4139,-0.6337,0.1473,-0.1088,-0.3182,0.1794,0.0384,-0.2125,-0.697,,-0.2806,-0.7532,1.0235,,-1.8546,,,0.0427,,-0.2135,,,,,-0.5094,-0.3897,-0.5347,0.2661,,-0.2188,,0.3495,0.0178,2.7937,0.1689,0.1846,-1.6076,,0.7694,-1.8535,0.4934,0.0668,,-0.0272,,,-1.2318,0.5874,0.3325,,-0.1606,,,-0.0585,-5.2225,-0.511,-0.1849,,1.1068,-0.5806,0.7855,-1.5677,0.9022,4.3902,3.5672,0.222,1.5657,1.8982,0.427,,1.1325,-0.4114,,,0.486,,1.0129,-0.8568,-0.1499,0.5687,-0.4191,0.0726,0.0926,0.2378,0.3717,-1.3903,-1.6815,0.4487,0.1093,0.1988,,,,,0.1052,-0.0443,,0.2221,0.0426,,-0.3013,0.6252,,0.5226,,-0.4931,,2.3888,-1.3585,-0.3173,-0.1485,0.107,0.1013,0.3667,,1.1985,,-0.104,-0.2846,-0.21,0.3662,-1.7213,,,,2.3691,2.4736,,0.3196,1.8978,0.171,,-0.3317,0.6356,,1.8987,,0.4137,-0.2304,0.8601,,,,0.4413,,,0.0294,0.3148,0.9922,-0.0419,0.6824,0.5754,,0.579,0.2413,0.0657,1.15,,1.5141,3.2053,0.6817,-3.4825,0.2242,-0.8731,4.656,,,,0.1378,,1.4779,-0.2499,2.3202,,,,,2.3717,-0.0101,-0.5277,-0.2758,3.2712,,0.0356,-0.8138,0.0907,-0.2967,1.4531,0.7456,-0.082,,,0.464,,0.3107,,,,,0.2625,-0.7463,0.4153,-0.1743,0.8786,0.8544,-2.3399,,1.8971
008,PR1,SSNA-008-PR1,0.9504,0.7012,-0.3642,0.0202,2.9315,-0.5839,0.0389,-0.8115,0.9878,0.6048,-0.7556,0.3879,0.321,0.3924,0.8189,0.3015,0.139,1.4084,-0.1614,0.3982,-1.2645,-2.4211,-0.2722,-1.7491,-0.0898,1.6048,-0.0739,-0.2933,-0.1759,-2.2588,-0.2727,1.9302,-0.2033,1.4229,-0.4175,-1.181,0.2566,0.3389,0.5044,1.3409,-0.7939,1.7342,2.1073,0.0873,-1.6735,-2.2311,0.0213,-0.6377,0.4622,-0.0796,-0.4882,0.443,0.5905,0.0163,-0.9916,-0.1158,1.0306,0.4207,0.3574,0.9639,0.1833,0.5034,-0.2355,-1.2935,0.7258,-0.1803,0.765,0.3405,0.9569,-0.9848,-0.1409,-0.0234,0.2469,-2.8199,0.0467,-0.0105,0.3038,0.061,-0.2304,-0.5371,0.1786,-1.5202,0.1252,-0.3584,0.7961,-0.021,-0.1729,-0.3946,1.8302,-1.4775,0.5844,0.0084,-0.0085,0.5969,0.0941,0.6132,0.8957,2.1604,-0.4493,-0.1829,-3.2039,0.3811,0.0491,0.1182,-3.3137,-0.2074,-0.2738,0.0465,0.6176,0.2826,0.6744,0.2411,0.3231,1.1755,-0.9591,-0.4505,0.2305,0.3661,0.03,0.0429,0.3348,-0.3744,0.0484,0.438,1.5964,0.3699,-0.4297,0.2008,-1.8773,-1.3027,0.2675,0.2519,-0.2238,0.1322,-0.0771,-0.0567,-0.6168,0.0364,-3.9894,1.551,-0.2116,-0.6127,0.2431,-0.2157,0.3929,0.6573,-0.3053,-0.0727,-0.0982,1.0744,-1.0174,-0.0765,0.1942,-1.5363,0.3184,1.696,0.0324,1.3589,-1.2084,-0.0465,-3.6353,1.0993,0.1726,-0.8518,0.4145,-1.2024,-0.2488,0.5187,-0.4714,0.5682,-0.4016,-0.009,0.3069,0.1107,-0.3871,-0.0799,-0.3453,0.4639,-1.1568,0.136,-1.5928,-2.5818,-0.6454,0.6974,-0.231,-0.6258,-1.1293,-0.9827,0.4637,0.1992,-0.4372,0.0864,-0.5851,-1.1343,-0.1705,0.3388,-0.2415,1.6102,-0.0118,-1.6988,0.1914,0.3593,-0.2221,-0.1462,-0.9953,1.2994,0.3145,0.4301,0.2594,-0.0142,-0.3482,0.8156,-0.0726,0.343,-4.0538,0.0413,0.3164,-0.1535,0.3616,-0.817,0.3844,-0.0653,0.6143,1.0673,0.9745,-0.1225,-0.0388,0.0969,0.6091,2.1385,-0.3584,-0.0772,-1.5982,0.3384,-0.5779,0.1034,-0.2575,1.4087,0.142,0.6403,0.2245,-0.0124,0.8542,0.1315,-0.3639,0.3011,1.1476,2.8071,0.375,-0.4486,0.5459,0.5617,-1.7526,-1.1189,0.3672,-0.4324,-0.5063,0.4225,-0.2412,-0.1329,-0.0317,0.6377,0.1977,0.8753,-0.3385,0.9064,0.9263,0.3744,-1.1031,-0.6079,-0.4679,0.4708,0.1826,0.1376,-0.1426,0.6225,,-0.4432,-1.4849,-0.7748,0.2757,-0.1537,-0.3157,-0.3477,1.3078,0.2265,0.2369,0.1346,0.3471,0.8085,-0.0199,0.1698,-0.4198,-1.4946,0.3025,0.7602,0.7077,0.0824,0.7876,0.4623,0.2713,0.2189,-0.927,0.3692,0.057,-0.9207,0.4557,0.0717,-0.6793,-0.0212,0.0652,-0.0487,-0.5408,-0.7868,-0.1503,0.2932,0.1137,-0.0234,1.2479,0.5686,0.8332,-2.8431,-0.1197,-0.947,1.0649,-0.6938,0.7225,-1.0624,-0.7083,0.8927,-0.181,0.0808,1.4719,-0.163,,0.6526,0.7993,1.1505,-0.1795,0.0471,-0.0998,0.858,0.1905,-0.3481,-0.1472,0.428,-1.221,1.8851,-0.2556,0.7225,-0.1201,0.8917,0.662,-0.5145,0.1458,-0.2486,0.2441,-0.4848,-0.0308,0.3344,-0.7195,0.9094,-0.1466,0.946,0.1875,0.3282,1.2016,0.185
008,PR2,SSNA-008-PR2,0.8264,1.3052,-0.6906,-0.2218,3.0026,,-0.2498,-0.9468,1.2451,-0.1674,-0.3455,0.9849,0.5432,0.056,0.1533,0.2564,0.3056,1.141,-0.1726,1.0831,-1.2017,-0.6828,0.0854,-1.1718,-0.105,0.7549,0.2654,0.2519,,-1.324,-0.2174,0.4154,-0.1202,0.3515,-0.3439,-1.2935,,0.5272,0.5709,0.804,-0.7293,0.912,3.6448,-0.0986,-1.1982,-1.3839,-0.5316,-0.567,0.684,-0.2006,-0.0845,,0.5463,,-0.74,-0.0634,0.9589,0.9329,,0.6695,-0.0269,0.1808,,-1.7126,1.8116,1.284,0.9734,,-0.0358,-0.2736,0.5428,0.396,-0.8424,-3.2693,-0.3135,0.5406,,-0.1184,-0.2925,0.2821,0.082,-0.6946,-0.1357,-0.7726,,1.7908,,-0.4231,1.6472,-2.236,,-0.63,0.5751,1.4955,,1.6376,1.8213,,-0.3437,-0.4197,-2.9082,0.3403,,0.7501,-3.6497,-0.127,1.1009,0.6179,0.221,-0.1299,0.5246,-0.0861,0.4108,1.6547,-0.043,-0.5169,0.1139,0.4134,,,1.3572,-0.0827,0.1802,0.3147,4.5245,0.3012,-0.1295,-0.2107,-0.9009,-1.4685,,,-0.1876,-0.0859,0.2152,,-0.9014,,,-0.2709,,-0.266,1.0859,-0.22,0.3679,0.395,2.0316,-0.8269,-0.2529,1.2309,-1.1075,-0.1325,-0.1494,-2.6671,-0.8945,1.5578,0.0951,0.6284,-1.5968,-1.5166,-4.0756,-0.1921,-0.351,-0.6605,0.1784,0.1882,0.0566,0.4146,-0.1786,0.6365,-0.3363,1.1205,,-0.1403,0.0057,-0.3371,-0.2945,0.2329,-2.0591,,-0.1131,-2.8077,-0.0633,0.8002,-0.5146,-1.3501,,-1.0514,0.21,,1.0197,-0.1433,-0.9354,,,,-0.9797,1.4072,0.3363,-1.7814,,,-1.3932,,-1.1933,2.3313,-0.0701,0.4765,-0.1697,0.778,-0.4794,0.6496,-0.0902,0.8024,-4.1096,0.0252,-0.0479,0.4767,,-0.9925,-0.4598,0.3558,,2.5631,2.133,,1.1391,0.936,,0.7161,-0.2888,0.1768,-1.137,0.087,,5.3213,0.2077,0.8258,,0.7237,1.4342,,,-0.6059,-0.3937,-0.3876,1.2676,,0.4292,-0.0065,0.2845,0.6602,-1.0614,-1.7814,,-0.9808,-0.6247,-0.0911,-0.6837,1.0403,,0.2815,0.0866,,-0.0447,0.1493,1.0344,,,-0.2234,-0.2682,0.7919,0.1198,-0.5323,0.3304,0.2772,,0.1596,-1.1787,-0.6012,0.2738,-0.368,-1.0258,-1.5456,1.0164,1.1453,1.3735,-0.2113,0.057,0.9841,0.0314,0.0903,-0.8534,-0.6887,1.693,,1.8462,0.7195,-0.2393,-0.085,-0.0024,0.2562,-1.6858,,0.0343,-0.5353,0.1171,-0.6055,0.2145,,-0.1497,-0.0396,0.2872,-0.1155,-0.6171,-0.1477,0.994,0.1646,1.0727,,0.6129,-3.6062,,0.4465,,0.5499,0.4666,-0.2644,-0.2923,1.6312,-0.2677,0.1558,1.2143,1.6691,,0.0411,2.1037,1.9349,,,,,0.1295,-0.4794,,0.4483,0.2234,0.9113,0.2769,,0.458,0.9826,0.2294,-0.4993,,0.2594,0.2948,0.5225,0.4705,-0.7724,0.2473,1.7361,,0.5582,0.0879,,2.574,0.2809
008,PT1,SSNA-008-PT1,1.2085,1.4883,0.1561,0.403,2.8464,-0.3887,0.3558,-0.2878,1.2537,-0.2969,-0.3896,1.0204,0.4993,0.673,0.8788,0.3262,0.0535,1.8311,-0.1555,0.6839,-1.6197,-1.1164,0.0865,-1.4055,-0.6036,1.7811,0.0905,0.5782,0.5027,-1.3969,0.1061,1.4709,1.0117,0.6357,-0.4521,-1.3714,0.3686,-0.134,0.5423,1.5211,-0.3944,1.8949,4.0402,0.198,-1.8411,-1.2769,-0.0057,-0.2796,0.7884,-0.0425,0.0924,0.5948,0.4377,-0.0759,0.1129,0.1377,1.4396,0.7913,0.1706,1.3359,0.3184,0.5311,0.4028,-1.3051,2.0917,1.6264,0.878,0.5738,0.6446,-0.5916,0.036,1.6586,-0.1227,-3.0031,0.8939,1.5609,1.6867,0.3047,-0.1246,0.2026,0.3858,-0.8833,0.6008,0.0825,1.426,2.4438,-0.1161,-0.5691,1.9805,-1.4222,0.1207,-0.0671,0.8706,2.1999,0.4126,1.5684,2.3697,2.3539,-0.3322,-0.4265,-3.2263,0.3224,0.4302,1.0968,-3.5814,-0.6291,0.054,0.7645,0.6641,0.859,0.8593,0.2815,0.5106,2.0963,-0.3986,-0.4341,0.2008,0.3224,0.1975,0.2356,2.3674,-0.1153,0.1246,0.2733,4.1237,0.8439,-0.7961,0.1676,-0.491,-1.1603,0.7399,0.2977,0.392,0.309,0.4312,-0.0077,-0.2774,0.3091,-3.5162,-0.0253,-0.1314,-0.318,1.429,-0.0989,0.3673,0.4874,-1.9053,-0.4588,-0.3858,1.4265,-0.8119,-0.0499,-0.0163,-1.196,0.0152,1.8425,0.2952,1.3702,-1.2103,-0.5905,-4.1869,0.6539,0.3118,-0.3464,-0.0085,0.2817,0.3169,0.1677,0.0223,0.4285,0.552,-0.0975,1.0504,0.0886,-0.5424,-0.0462,-0.3808,0.6795,-1.3409,0.176,-0.4706,-2.0606,0.3527,1.5521,-0.2608,-0.8695,-0.4442,-0.9158,0.7339,0.4417,0.9825,0.3541,-0.5767,-0.9252,0.4181,0.4918,-0.4768,1.7659,0.3739,-1.5655,0.4964,0.659,-0.3944,-0.0685,-0.6098,3.2875,0.1847,0.9409,0.3074,0.1708,-0.2496,0.8921,-0.1068,0.236,-3.6065,0.3052,-0.4669,0.3807,0.6385,-0.0328,0.6297,-1.4591,1.0111,3.432,2.8984,0.664,1.0881,1.4814,0.9657,2.0362,-0.2504,0.1667,-1.2539,-0.131,0.2053,0.2364,0.366,1.3263,0.1336,0.8869,1.876,0.2607,1.3198,0.2965,-0.2221,0.5638,0.5523,3.0542,0.1135,0.5111,0.2857,0.8336,-1.2008,-1.4078,0.581,-0.3506,-0.3961,0.5928,-0.8218,0.7892,0.0923,0.5149,0.1969,1.0916,-0.2673,1.2818,1.6382,1.9917,-1.1087,0.574,0.1146,0.4138,0.3741,0.4573,0.2675,0.5298,,0.8032,-1.4111,-0.4393,0.3999,-0.3044,-0.7495,-0.1775,1.3156,1.5416,1.3375,-0.1788,1.2038,1.1651,0.476,-0.2493,-0.3218,-0.5314,0.5428,1.6029,2.3133,1.1185,0.9342,-0.0307,0.0933,0.2442,-0.8246,0.4437,-0.032,-0.3565,-0.41,0.2197,0.2239,0.5739,0.1904,0.238,0.9344,-0.0531,0.2254,0.4089,1.1116,0.3759,1.9593,2.701,0.5249,-2.5657,0.6935,-0.1707,3.8587,-0.0601,0.9303,-0.1281,0.2579,2.1356,1.1637,-0.1069,1.6148,2.2597,,0.6042,1.9332,1.9361,0.0283,0.3969,0.0019,2.3376,0.1029,-0.6582,-0.2648,0.6094,0.191,2.2611,0.3593,0.7974,0.1967,2.2157,0.4479,-0.6771,0.6192,-0.2666,0.5311,1.2682,0.6755,-0.2413,-0.6799,1.4463,0.2585,1.3024,0.0243,0.4617,3.0248,0.579
008,PT2,SSNA-008-PT2,0.2203,1.1812,-0.4908,0.1353,2.9996,-0.9394,-0.4465,-0.3752,1.3012,0.4749,-0.9863,0.0365,0.8772,0.7706,0.1466,0.3342,0.1201,1.6146,-0.4014,0.7937,-1.5092,-1.8321,0.3073,-2.7367,0.223,1.5311,-0.0455,0.4048,0.3697,-0.8259,0.3902,0.5478,0.323,0.7833,-0.5202,-0.8095,0.3559,0.4512,0.4042,0.9112,-0.4041,1.0745,3.0117,-0.8132,-1.663,-1.8009,-0.2268,-0.4699,0.835,0.0706,-0.1453,0.3223,0.4178,-0.1702,0.1913,0.0785,1.2505,0.7917,0.406,1.1336,0.078,0.1753,-0.0922,-1.347,0.9531,0.3817,0.9154,0.3409,1.0379,0.426,0.0792,1.0926,-0.7685,-3.3349,0.4804,0.0682,1.111,0.3682,-0.132,-0.1033,-0.002,-1.588,0.1511,-0.0029,1.0819,1.7642,-0.1276,-0.8398,1.8532,-1.8481,-0.5233,-0.336,0.8899,1.5127,-0.2095,1.1441,1.4115,0.5709,-0.5507,-0.6776,-2.7488,0.0883,0.4338,-0.0002,-3.6385,-0.3705,-0.2114,-0.8121,0.4215,-0.144,0.6732,0.252,0.7708,1.6405,-0.9727,-0.3236,0.1797,0.3607,-0.0117,0.1044,1.1597,-0.2236,0.3522,0.295,2.8834,0.8603,-0.6847,0.1576,0.2062,-1.3259,0.4614,0.2294,0.5122,0.4742,0.7691,-0.1551,-0.1952,0.1752,-3.6412,-0.0125,0.5553,-0.4943,0.7523,-0.0554,0.4982,0.2434,-1.2734,-1.1041,-0.4561,1.1822,-0.6605,-0.1273,-0.03,-1.1062,0.2048,1.8628,0.2431,0.7712,-1.403,-0.3279,-4.1389,-0.4033,-0.1344,-0.8383,-0.0484,-0.691,0.4087,-0.5343,-0.2452,0.4193,0.56,0.742,0.573,-0.1674,0.1845,-0.144,-0.4019,0.7922,-1.5175,0.1216,0.2818,-1.6969,-0.3373,0.5314,-0.4194,0.1189,-0.92,-1.1951,0.6952,0.189,0.3087,0.0272,-0.6375,-1.3829,0.3836,0.5495,0.3677,1.7321,0.5681,-1.7331,0.1512,0.6988,-0.3917,-0.2256,-0.9078,2.0109,0.1724,0.7376,0.5818,0.3075,-0.185,0.6132,-0.4601,1.4147,-4.0112,0.1192,0.4173,0.4215,0.5816,0.5833,-0.3027,-0.6735,0.8848,2.4272,1.6076,0.1726,1.2767,0.8016,1.0355,0.6935,-0.3732,-0.3773,-1.7779,-0.0684,-0.3485,-0.1225,0.5229,1.1984,0.2063,0.9013,2.0158,0.2571,1.0392,0.3215,0.1165,0.5613,0.3217,1.9929,0.6009,0.4708,-0.1023,0.5715,-1.4555,-0.8125,0.3254,-0.6221,-0.4829,0.1303,-0.3999,0.124,-0.1228,0.8564,0.0341,0.857,-0.3114,0.8691,0.5753,1.0751,-1.414,0.8809,-0.2011,-0.1441,0.2652,0.3812,0.0195,0.1326,,-0.4749,-1.0034,-0.6955,0.8906,-0.4241,-1.043,-0.3013,0.9983,0.6373,1.1915,-0.1361,-0.1833,0.3499,0.2403,-0.283,-0.7144,-0.176,1.203,1.1379,1.3993,0.5821,-0.1626,-0.0904,0.5268,0.0171,-1.4766,0.0612,-0.2082,-1.2363,0.2078,0.166,-0.137,0.7763,0.0551,0.1826,-0.1396,0.3895,-0.3889,0.2717,0.4087,0.3573,1.9558,1.7897,0.6256,-3.7096,0.5354,-0.6266,2.5118,-0.7161,0.5207,-0.811,-0.1482,1.4949,0.3097,-0.1253,1.6227,0.9061,,0.5758,1.4844,1.6701,0.0992,0.1828,0.0268,1.6389,0.2365,0.3029,1.0642,0.545,-1.1737,1.4249,0.1969,0.8136,-0.009,1.0623,0.2014,-0.6021,0.4691,0.2174,0.3735,0.3006,0.3148,0.5422,0.1985,1.8136,0.277,1.2363,0.1484,0.1907,2.2397,0.0058
009,PR1,SSNA-009-PR1,0.5438,0.1411,-0.5997,0.367,2.8965,-0.1472,-0.2345,-0.8298,0.5374,0.3023,-0.0474,0.3075,-0.3313,-0.6234,-2.4157,-0.8224,-0.1804,-0.293,-0.7387,-0.29,-2.6545,-2.6996,0.0453,-2.0965,-0.2162,0.4753,-0.4014,0.6401,0.0264,-1.7019,0.1328,-0.231,-0.0737,2.0534,-1.1648,-1.8018,-0.5226,-0.0635,0.5365,-0.0252,-0.6744,0.7189,2.875,0.3204,-3.819,-2.0645,0.248,-1.1836,0.7217,-0.0255,-0.962,0.1871,0.5036,0.1035,-0.5187,-0.4984,0.8798,-0.4812,-0.4893,0.1102,-0.1632,0.2058,-0.6542,-2.5147,1.1577,0.2662,0.7983,-0.3002,-1.7445,-0.5004,-0.7797,0.488,-1.012,-3.5778,-0.0923,0.0866,0.9262,-0.0852,-0.1929,0.4149,-0.8889,-1.1073,-0.3379,-0.1716,0.8084,1.6656,-0.5452,-0.6965,-1.0991,-0.921,-0.2313,-0.3958,0.3933,0.5139,-0.089,1.5328,0.13,-0.1421,-0.7458,-1.0445,-6.4375,0.6678,0.0427,-0.3183,-3.3688,0.1214,-0.4811,0.3825,0.2046,-0.0233,0.126,-0.1763,0.0155,1.0932,-0.9891,-0.8698,-0.2606,0.1881,-0.4868,-0.0043,1.1548,-0.5837,-0.3736,-0.2734,1.8037,-0.5438,2.2348,0.5304,-3.3871,-0.759,-0.1307,-0.414,-0.4816,0.2026,-0.0398,0.0905,0.0149,0.198,2.4714,0.5409,-0.2579,-1.0313,0.6132,-0.2147,0.2297,0.1384,-2.9754,-0.1714,-0.5437,0.4135,-1.3385,-0.1883,-0.285,5.613,-0.6818,-0.0807,-0.0183,-0.1976,-1.461,-1.3746,-4.0574,-1.742,-0.602,-0.7806,-0.2032,0.2475,-0.258,-0.0672,-0.4333,0.768,-0.6414,-0.9927,0.5484,0.0472,-0.9167,-0.0012,-0.8031,0.5176,0.494,-0.3551,-1.2206,-2.6662,-0.1383,0.6588,-0.2331,-0.6436,-1.1585,-1.3058,0.3091,0.2412,0.3734,0.1503,0.8145,-2.5449,-0.341,0.1005,-2.4481,1.0527,-0.365,1.0348,0.2715,-0.3853,-1.2402,-0.7982,-0.8918,1.2115,-1.7111,0.5914,-0.1965,-0.3808,-0.2886,0.7308,-0.4366,-0.2497,-5.0207,1.0732,-0.7119,0.7421,-0.1804,0.3809,-0.3336,-0.7257,0.5567,2.2019,1.3016,-0.2029,0.5535,0.3809,0.2625,-1.259,0.5551,-0.336,-1.2943,-0.3127,-0.4942,-0.186,0.0183,-1.9688,-0.0773,0.333,-1.585,-0.0684,-0.4512,-0.0824,-0.3043,-0.9273,-1.5501,0.3968,0.1035,-0.3322,-0.2589,0.2787,-1.0445,-0.1512,-0.0677,0.3373,-0.5575,-0.5707,-1.0626,-0.3169,0.1087,0.3231,0.1368,0.3084,-0.5497,-0.1399,0.621,1.1163,-0.9692,-0.3564,-0.9893,0.03,0.0156,0.1226,-0.1435,0.2998,,-0.4462,-0.9825,-0.608,0.5678,-1.1888,-0.7598,-0.2451,1.2129,1.3353,1.0943,0.0391,0.45,0.9722,-0.0264,-0.9275,-0.1533,-0.7139,-0.8297,1.1537,1.605,-0.1497,-0.5405,-0.1285,0.2269,-0.0836,0.6211,0.0196,-0.0348,-0.7904,-0.054,-0.0342,-0.0436,-0.2431,-0.0779,0.1478,0.356,0.0295,-0.1903,-0.087,0.7616,-0.1652,0.9691,1.6401,-0.3794,-4.0993,-0.2831,-1.2182,2.6639,-1.2093,-0.0635,-1.2117,-1.39,1.3538,-0.0193,-0.1603,1.6593,1.1603,,0.3939,1.3739,1.1189,-0.2218,-0.4567,-0.5038,1.7537,-0.2474,-0.3399,-0.6104,0.1473,-2.0026,0.1418,-0.3308,-0.1926,-0.3956,1.1039,-0.6203,-0.8289,0.0623,-1.4837,-1.5382,0.3181,0.7538,-0.8331,-0.8987,-1.2137,0.6254,-0.0753,-0.1205,-1.3062,2.0107,0.8652
009,PR2,SSNA-009-PR2,1.3504,2.0056,0.5589,0.8711,2.7751,-0.5297,-0.2775,-0.0373,0.5179,-0.2303,-0.2549,2.817,1.4218,0.2594,-1.7272,-0.5785,-0.0141,-0.2968,-0.5101,-0.0105,-1.8212,-2.6145,-0.1988,-2.9678,0.1531,-0.0616,0.5494,1.2003,1.4537,-1.2681,0.1467,0.1993,0.0686,1.1212,0.148,-0.758,-0.2803,0.337,0.6475,0.2134,-0.3249,0.564,5.1924,0.1011,-3.8792,-0.8874,0.1732,-1.2407,0.5277,0.2023,0.4429,0.1371,0.4873,0.501,0.4134,-0.5391,0.8445,-0.0861,-0.2286,-0.0194,-0.1115,0.9147,1.5647,-2.4047,3.16,2.9171,0.9377,-0.0384,-1.4067,-0.1612,0.5441,2.5452,-1.0575,-4.0406,-0.5124,1.4499,2.7465,0.6301,-0.1319,1.4476,-0.8961,0.2737,-1.0257,0.0148,0.8459,4.0721,-0.6813,-1.6584,-0.5244,-0.6884,-0.0498,-0.276,0.3979,2.8854,0.1117,2.9969,3.238,-0.0364,-0.3539,-0.0936,-4.5964,0.6491,0.0558,0.8099,-3.0386,-0.0134,0.605,0.8368,0.2395,-0.0126,-0.1974,-0.0891,-0.1719,1.378,-1.3485,0.0012,-0.6232,-0.1017,-0.4546,-0.178,3.6771,-0.2764,-0.216,-0.2556,-0.0356,-0.83,2.597,0.1377,-1.6577,-1.3591,-0.0635,-0.229,0.5478,-0.0937,0.385,0.0153,0.384,0.0702,2.4451,-0.5482,-0.6704,-1.1034,2.548,-0.1773,0.1309,0.2373,-1.3489,0.2617,0.4579,2.1704,-0.882,0.1071,-0.0348,5.9608,0.0371,0.7057,0.0654,0.781,-0.0129,-1.4492,-4.349,-2.2095,-0.5545,0.1434,-0.2683,1.1575,0.7244,-0.8315,-0.6433,0.5488,-0.7405,-1.1377,1.5558,-0.0693,-1.0201,0.1259,-0.8018,0.6032,0.5547,-0.4309,-0.8728,-1.6939,1.4618,2.3315,-0.2409,-0.6319,-0.1065,-1.5478,0.3239,0.3713,2.4448,-0.0513,0.7701,-2.5916,-0.2861,0.1465,-1.5199,1.258,0.4191,0.7773,0.3536,-0.2592,-1.8477,-0.8483,-0.3513,3.6336,-0.1463,-0.1178,-0.0769,-0.2942,-0.1101,0.7171,0.1037,0.9265,-4.8665,1.2392,0.0897,1.7523,0.0735,-0.0661,-0.0004,-0.604,0.5162,4.9129,4.1933,-0.1572,2.1152,2.0441,0.4856,-1.4432,0.3861,-0.1181,-0.4741,-0.267,0.8188,6.5544,1.2225,-1.3426,-0.2553,0.3472,0.8951,0.2108,-0.2725,0.6226,0.0559,-0.2664,-1.4599,0.3309,0.0001,-0.0304,0.2538,0.7769,-0.4282,-0.2234,0.4563,0.3552,-0.5988,0.1692,-0.2613,1.0231,-0.0954,0.3868,0.2482,0.1642,-0.6201,0.5541,2.7298,3.1844,-0.7829,-0.1584,0.3709,0.5803,0.171,0.4766,0.4124,0.7636,,0.1453,-0.5322,-0.8611,0.4893,-1.1156,-0.3529,0.0209,1.4089,3.1956,2.9349,0.3293,0.6114,1.0921,0.3153,-0.2611,-0.3809,-0.4737,2.2166,2.3909,3.9466,0.2574,-0.642,0.5016,0.5054,-0.1828,0.6238,-0.0195,-0.0259,0.2016,-0.5003,0.0875,1.1253,0.8287,-0.1018,0.2445,2.123,0.3753,-0.2723,0.0815,2.6009,0.1768,1.2643,3.6209,0.4034,-3.3091,-0.8525,-1.1223,5.738,-1.4828,-0.042,-0.4096,0.1404,3.4356,2.4233,-0.1224,2.6794,3.391,,0.4481,4.0755,3.2848,-0.2369,-0.2592,-0.2677,3.775,-0.6769,-0.6705,-1.0783,0.3203,0.1217,1.2502,0.9261,-0.1334,0.6031,3.5655,0.1194,-0.6515,0.7178,-0.9012,-1.6115,1.5583,2.3526,0.1805,-0.7362,-0.7994,-0.2014,0.0974,0.1207,-1.3642,4.5812,2.7335
009,PT1,SSNA-009-PT1,1.5714,1.9082,-0.1422,0.5537,2.7475,-0.0112,-0.6119,0.077,0.6055,-0.1812,0.9259,2.5911,1.7672,-0.2406,-2.736,-0.8061,-0.0353,-0.3607,-0.9485,0.7699,-1.9031,-2.1574,0.3087,-2.4091,0.1552,0.2852,0.5637,1.2911,1.1975,-1.5775,0.3134,1.032,-0.8915,0.0209,0.2072,-0.7497,0.116,0.215,0.2042,-0.0052,-0.6601,0.3737,4.9032,-0.1908,-4.1562,-0.7599,0.1604,-0.8807,0.7478,-0.1536,0.4073,0.1771,0.4342,0.2063,0.2499,-0.3353,0.8943,0.0818,-0.6271,0.3302,-0.1729,0.3295,1.6044,-2.1229,2.5651,2.7092,0.6834,0.2682,-0.7893,-1.4914,0.6485,2.2641,-0.8261,-4.2343,-0.063,0.962,2.5698,0.4199,-0.2121,1.4719,-1.1984,-0.2924,0.0993,-0.0064,0.9402,3.6371,-0.4884,-1.0293,-1.1442,-0.9633,-0.2239,-0.4766,0.3454,2.5258,-0.0706,2.6183,2.3726,0.0969,-0.5815,-0.4522,-4.2587,0.9085,0.0009,0.6528,-2.8326,-0.1268,0.3712,0.8407,-0.0561,-0.1666,0.0298,-0.2333,-0.0705,1.4728,-0.8903,-0.5252,-0.1583,-0.0065,-0.3949,0.0112,3.3926,-0.3087,-0.5677,-0.6114,1.1946,-0.4573,2.5056,0.2213,-2.6725,-0.9937,-0.0193,-0.2969,0.316,0.1751,-0.7706,0.1861,0.051,0.2078,2.5265,1.2473,-0.1203,-1.0478,2.4142,-0.37,0.2136,0.0858,-3.1112,-0.2909,-0.0037,1.7996,-1.089,-0.2146,-0.3103,5.9132,-0.1546,-0.6667,-0.0443,0.2234,-0.6269,-0.4056,-3.9183,-1.707,-0.5658,-0.0529,-0.2136,0.9868,0.3908,-0.83,-0.4521,0.6452,-0.3182,-0.9621,1.1851,0.0587,-0.8392,-0.1588,-0.7322,-0.0492,0.5362,-0.2476,-0.6993,-2.0827,1.0786,1.6821,-0.3007,0.3412,-0.711,-1.3233,0.4675,0.2976,2.0815,0.0824,0.0881,-2.905,0.0663,0.0566,-1.6325,1.2021,-0.0658,1.0747,0.1586,-0.3252,-1.3249,-0.9449,-0.8978,3.3203,-1.2326,0.6999,0.0632,-0.8189,-0.3499,0.8556,-0.1315,0.3486,-5.6911,1.0241,-0.461,1.0505,-0.098,-1.1024,0.5201,-0.6576,0.719,4.593,3.8979,0.3448,2.1869,1.7754,0.3528,-1.5549,0.4993,-0.4704,-0.763,-0.365,0.8733,5.3747,0.9575,-0.6035,-0.0663,0.4198,1.5683,-0.1077,-0.364,0.3808,-0.0273,-0.0435,-0.9157,0.4771,0.1197,0.4131,0.3705,0.6432,-1.2054,-0.2533,0.3005,0.1132,-0.7161,-0.3538,-0.63,0.7551,0.0151,0.5162,0.3921,0.349,-0.7613,0.0289,2.428,3.0464,-1.0272,-1.0214,0.2392,0.8108,0.0009,0.5854,-0.2729,0.4867,,0.3579,-1.2593,-0.6782,0.7354,-0.5604,-0.1792,0.4118,1.2703,2.796,2.6528,0.6902,0.3601,1.1089,0.2416,-0.4858,-0.0917,-0.1413,-0.5347,2.517,3.4724,0.145,-0.4335,-0.5299,0.228,0.1921,0.6649,-0.3082,0.1772,0.3267,0.3312,0.1884,0.6742,0.4964,-0.1681,0.1104,1.7473,0.0542,-1.1396,-0.1229,1.8106,-0.0692,1.2386,3.3553,0.0723,-3.6636,0.056,-0.5613,5.4504,-1.4282,0.1172,-0.979,0.3134,3.0779,1.3808,-0.0716,2.1351,3.1683,,0.2537,3.594,2.684,-0.1677,-0.3571,-0.4527,3.6393,-0.3589,0.008,-0.683,0.0898,-0.2052,1.2701,0.8781,-0.2299,0.1769,2.9929,-0.1631,-0.8194,0.5059,-0.597,-1.2412,0.9644,2.0207,0.0728,-0.8566,-1.0863,0.4051,0.1679,0.1493,-1.4425,4.1437,2.2091
009,PT2,SSNA-009-PT2,1.9459,2.9445,1.5076,1.0075,3.0547,-0.457,0.2299,0.4182,0.5491,-0.8296,0.79,4.3813,2.6607,0.4307,-2.1831,-0.6894,0.0889,0.0961,-0.6208,1.3689,-1.792,-1.509,-0.2482,-1.9646,0.7179,-0.0317,1.167,1.9853,2.1375,-1.3848,0.4418,1.8522,0.1483,0.5267,1.1591,-0.9557,-0.2245,0.1257,0.6244,0.0976,-0.2596,0.3231,5.8916,0.3394,-3.7723,-0.2199,0.2772,-0.8232,0.5409,0.2555,0.4664,0.0832,0.6983,0.4347,0.5502,-0.3018,0.883,0.158,-0.3589,0.3286,0.1483,1.0391,2.1527,-2.7763,3.9082,3.6777,0.9789,0.0879,-1.3189,-1.1373,0.6373,3.4488,-0.9745,-3.6825,0.4841,1.7598,3.4854,0.5156,-0.1617,2.3246,-1.1201,-0.3231,0.139,0.1352,1.2894,4.9648,-0.6324,0.3512,-0.695,-0.4768,-0.3814,0.1121,0.6198,3.8489,0.3756,3.589,3.1657,0.2631,0.0284,0.1908,-3.7983,0.8957,0.0877,1.5323,-3.7387,-0.622,1.3117,1.4013,0.1525,0.4475,0.1685,0.0431,0.0012,2.1431,-0.7291,0.3282,-0.1344,-0.069,-0.4607,-0.004,4.5098,-0.2151,-0.4123,-0.169,1.7476,-1.173,2.6511,-0.1277,-2.3427,-1.1104,0.0,-0.4699,-0.3227,0.504,0.431,0.3261,-0.3322,-0.0458,2.5936,1.4455,-0.5148,-0.7351,3.4422,0.0375,0.249,0.2153,-1.1185,0.0684,-1.7609,2.8652,-0.8354,0.0963,-0.0159,6.0808,0.4813,-0.0747,0.2105,0.8935,-0.5301,-3.1574,-4.2356,-1.8296,-0.5577,0.909,0.0535,1.551,0.2367,0.2558,-1.041,0.3297,-0.1646,-1.1349,1.8674,-0.1133,-0.6438,0.1309,-0.7963,0.311,0.7026,-0.321,-0.5511,-2.3533,2.4005,2.5934,-0.3187,-1.2484,0.1427,-1.2393,0.482,0.4882,3.0777,0.4884,0.7555,-2.6748,0.2895,0.2067,-2.1132,1.4133,0.6879,0.8614,0.1944,-0.1225,-1.3046,-0.8541,-0.5254,4.7423,0.1738,0.3801,0.1414,-0.0657,-0.0445,0.7022,0.0091,0.6126,-5.0508,1.3696,0.3531,1.7278,0.0876,0.2587,0.0796,-0.4332,0.6086,5.8858,5.211,0.7769,3.1933,2.6227,0.7868,-1.504,0.4198,-0.4347,0.1562,-0.2153,1.5256,6.3307,2.1268,-1.408,-0.2171,0.4134,2.0234,-0.046,-0.2353,0.8758,0.2246,-0.0722,-1.1393,0.3468,0.5813,0.7851,0.8365,1.1815,-1.6569,-0.256,0.6783,0.3417,-0.5109,-0.0249,-0.2501,1.5712,-0.0596,0.65,0.0644,0.1396,-0.2813,0.6758,3.5667,4.1692,-1.5237,0.0885,0.1634,0.6003,0.2108,0.3976,0.6923,0.9236,,0.7218,-0.7852,-0.6965,0.6396,-0.469,-0.8655,-0.0001,1.401,4.0208,3.7721,1.6646,0.291,1.8444,0.6288,-0.396,-0.1716,-0.19,2.2446,3.0731,4.6431,-0.0358,-0.3956,0.0305,0.2359,0.0431,0.7471,-0.1001,0.0902,0.7395,-0.3952,0.2813,1.8987,1.1438,-0.0345,0.2374,3.0966,0.8871,-0.4105,0.0667,3.1017,0.2352,2.0026,4.4381,0.1947,-2.9246,0.4809,-0.575,6.6357,-0.8607,0.3798,0.8116,1.5486,4.1806,2.9872,0.0562,2.9766,4.5737,,0.4958,4.7797,3.9157,-0.177,-0.2837,-0.2888,4.503,-1.1241,-0.6789,-1.2532,0.4263,0.5013,1.6915,1.5668,-0.2433,0.7567,3.9104,0.6359,-0.8972,1.1991,-0.7308,-1.4605,1.7581,3.1006,0.2405,-0.7118,-0.6349,-0.1613,0.618,0.5724,-1.5024,5.3683,3.3281
011,PR1,SSNA-011-PR1,2.0391,2.1458,0.5187,0.762,2.4377,-0.8991,-0.2362,-0.2713,0.0295,-0.4983,0.187,2.8477,1.5998,0.4352,-2.2054,-0.6518,-0.1424,0.1163,-0.3093,0.9279,-1.5183,-1.4526,-0.4699,-0.0969,0.2935,1.2799,0.3237,1.7724,1.4626,-1.6597,0.2586,0.7885,-0.188,-0.2789,0.3085,-0.7959,0.0001,0.634,0.0419,-0.0081,-1.1748,0.4379,5.9351,0.2971,-2.1066,-0.1893,-0.2016,-0.4085,0.0874,0.0981,0.2732,0.1521,-0.1199,-0.7417,-0.0156,-0.667,0.5065,-0.067,0.442,0.6693,-0.2276,0.4331,1.8917,-0.9096,2.5225,2.8334,0.9617,0.405,-0.2718,0.4766,0.9664,3.0463,-0.8252,-2.3472,0.0653,2.6952,2.6298,-0.0087,-0.318,1.4234,-0.4878,-0.1149,0.0229,-0.4577,0.7143,3.7675,-0.5821,0.1944,-0.6805,-0.896,-0.6043,0.1743,0.1635,3.2191,-0.2335,3.1928,2.5746,0.7537,-0.3351,0.7354,-2.7292,-2.1492,-0.2248,3.0127,-3.062,-0.2403,0.642,1.2397,0.3648,0.4899,0.2822,-0.0626,-0.55,2.1623,-1.1152,-0.3306,-0.5872,0.1558,0.054,0.2119,3.8302,0.1409,-0.1816,-0.4663,0.8693,1.4099,-0.7224,-0.1845,-2.6566,-1.1303,-0.0028,-0.0797,0.345,0.4121,-0.1101,-0.7417,-0.4745,-0.3767,-4.2299,0.3731,-0.0203,-0.4058,2.6003,0.3682,-0.0627,0.2924,-2.0111,0.027,0.0495,1.5239,-1.1736,-0.5769,-0.0073,-1.8271,0.7841,0.646,-0.0752,0.6505,2.023,-0.3664,-3.9395,-0.4349,-0.4142,-0.1573,1.0743,1.7365,0.856,2.3283,-0.1595,0.5796,-1.1552,-0.5835,1.2267,0.2429,-0.9491,0.3182,-0.1795,0.0432,-0.9896,-0.3593,-0.3258,-2.1142,1.8285,2.6102,-0.1737,-0.3771,-0.3445,-0.538,-0.0831,0.0892,2.6158,-0.3505,0.1397,1.9923,-0.4356,-0.2222,-0.1047,1.6919,0.1955,-1.7851,-0.0122,-0.1558,-0.7785,0.2003,0.1169,4.5877,-0.6244,1.0918,-1.2639,0.2034,-0.4281,1.1137,-0.2773,2.4648,-4.7174,-0.092,-0.0097,2.0186,0.6434,0.1621,0.6977,-0.3027,0.3155,5.1341,3.9753,-0.0093,1.654,2.3753,0.2207,-0.4408,0.6633,-0.0176,-0.5955,0.1842,0.9092,5.2549,1.1247,-1.0119,-0.4009,0.656,0.7222,-0.3257,-0.1014,-0.0335,-0.2162,0.3006,-0.5115,0.4925,-0.1561,0.0493,0.0505,1.2166,-0.3076,0.2226,0.1315,0.0031,-0.1712,-0.2459,-0.6376,1.6254,0.082,0.5569,0.5584,0.1636,-0.1507,0.8454,3.4747,2.9246,-1.1587,-0.4545,0.2309,1.0381,0.2676,0.3487,1.7142,1.3642,,-0.4762,-0.7625,-0.34,0.2109,-0.2009,-0.5579,-0.2048,1.0114,3.2183,3.1329,0.6748,0.2605,0.9172,-0.0541,0.3951,-0.532,-0.254,-0.18,2.6831,4.1486,0.0105,-0.108,-0.5147,0.0055,0.3647,0.8023,0.156,-0.1834,0.3452,0.0145,-0.0009,0.3758,0.3856,0.0141,-0.1244,2.2082,0.6102,0.5924,-0.9339,2.1766,0.28,0.6628,3.3927,0.1689,-2.558,0.4641,0.318,5.42,-0.0714,0.0197,1.1739,0.9544,3.0221,2.0769,0.5098,2.5175,3.2032,,0.3934,4.0841,3.2801,0.1959,-0.6155,-0.5149,3.6021,-1.6409,1.5118,-1.1974,-0.4696,0.2888,1.2865,0.7338,0.156,1.1964,3.3265,0.8918,-0.443,0.6316,-0.4014,0.0888,1.9732,2.8364,-0.7835,-0.7919,-0.4034,-0.0725,0.3662,0.9201,-0.4651,4.4486,2.1063
011,PR2,SSNA-011-PR2,1.5506,0.6651,0.2533,0.4314,2.4579,-0.8048,-0.3159,-0.5022,0.2565,-1.2318,-0.0208,1.427,1.0774,-0.2641,-2.5205,-0.5753,0.0504,0.1014,-0.6369,0.5192,-1.6777,-2.3907,-1.199,-0.4737,-0.2769,0.5726,-0.1739,1.4786,-0.0705,-1.1013,0.3733,-0.9892,-0.2621,1.2283,0.0349,-1.7911,0.1843,0.0165,0.077,-0.1648,-1.1467,0.5093,3.9388,-0.0139,-2.1843,-1.0404,-0.2541,-0.7389,0.0587,-0.1107,-0.122,0.2252,0.0312,-0.0015,-0.0878,-0.559,0.6302,0.0423,-0.0892,0.467,-0.3826,-0.1314,0.8428,-0.634,0.8218,1.2486,0.6149,0.3817,0.2861,1.0387,-0.2393,0.5647,-0.5865,-2.3706,-0.3444,1.0467,1.6486,0.0854,-0.2138,0.5621,-0.5702,-0.89,-0.1207,-0.6835,0.2654,1.578,-0.3883,-0.3326,-0.4141,-0.9196,0.0226,-0.0756,-0.4037,1.4537,0.2248,1.6158,1.5858,1.5134,-0.3236,-0.2915,-4.8066,-2.0829,-0.0981,2.1222,-3.2036,0.4747,-0.4616,0.2595,0.3959,0.5135,0.1282,0.0297,-0.432,1.0107,-0.8314,0.3117,-0.608,0.1634,0.2192,0.3663,1.3981,-0.1906,-0.1001,-0.5253,0.0714,1.4025,-0.2997,-0.1174,-2.1735,-0.9397,0.0602,0.1458,0.2783,0.384,-0.7683,-0.3935,-0.3603,-0.1555,-4.0297,-0.0741,-0.0074,-0.315,1.1049,0.0521,-0.1422,0.1976,-0.272,-0.1347,-0.1578,0.4428,-1.0882,-0.6159,-0.3655,-3.0595,-1.3294,0.7544,-0.0928,0.1994,1.3926,-0.2429,-3.4572,0.5198,-0.232,-0.8279,1.9319,0.8877,0.0757,2.8463,-0.5019,0.2796,-1.5086,-0.6573,0.2857,-0.0185,-0.8736,0.243,-0.2271,-0.2032,-0.9806,-0.5573,-0.7848,-2.1426,0.2113,0.9791,-0.2748,-0.0474,-0.6706,-0.6516,0.1031,0.2214,1.0806,-0.4238,1.2194,2.0218,-0.4707,-0.0021,-0.2749,1.4567,0.6255,-1.8062,0.2224,-0.0951,0.235,0.257,0.1632,2.2695,-0.9059,-0.0287,-0.2179,-0.3227,-0.3504,0.8969,-0.6567,1.5295,-4.7026,-0.8589,-0.5469,0.6645,1.212,0.2569,0.1681,-0.6123,0.5392,2.3527,1.5576,-0.2932,0.7629,1.2499,0.4273,-0.095,0.2936,-0.1263,-1.2521,0.3309,-0.1008,5.3647,0.3147,-1.6713,0.0015,0.4915,-0.8341,-0.1066,-0.0296,0.0117,-0.6596,-0.1186,-0.2821,0.8565,-0.0516,-0.5866,0.1165,0.4587,-0.1381,-0.9443,-0.0791,-0.0045,-0.108,0.4015,-0.299,0.4628,0.039,-0.1795,0.4404,-0.1266,-0.2017,0.728,2.2952,1.177,-0.5986,0.1958,-0.4726,0.4906,0.2347,0.1219,2.1423,0.6977,,0.0155,-0.7969,-0.8828,0.1336,-0.3664,-0.5518,0.3329,1.0738,2.2585,1.4456,-0.2902,-0.113,0.8911,-0.2579,0.0272,-0.4584,-0.3843,-0.286,1.8608,2.5646,-0.0081,0.3693,-0.1086,0.4502,0.064,0.7518,0.4638,-0.1482,-0.1552,-0.3489,0.0178,-0.6262,-0.1007,0.1814,-0.0766,1.1464,-0.3375,0.5291,-0.6928,0.4273,0.2985,0.7897,1.8369,0.2944,-2.0967,-0.1236,-0.1965,3.1099,-0.6467,0.0198,0.3578,-0.4887,2.1693,0.4615,-0.0558,0.6493,1.5298,,0.4395,2.2635,1.2147,0.4574,-0.3584,-0.2786,2.0846,-0.8737,1.3487,-0.8783,-0.4031,-0.2542,0.2474,-0.127,0.1652,1.1615,1.9379,0.7792,-0.5569,0.1236,-0.2801,0.0612,0.2889,1.0187,-1.1687,-0.6721,-0.5089,-0.0552,0.3771,0.7889,-0.4108,2.3843,0.9175
011,PT1,SSNA-011-PT1,1.4121,1.7905,0.0988,0.909,2.4131,-0.852,-0.3786,-0.2249,0.3755,0.0705,-0.497,2.8036,1.1772,0.1717,-2.1595,-0.6512,-0.1302,0.3894,-0.4099,0.8615,-1.8156,-1.6383,-0.1561,-2.0823,0.4729,0.0262,-0.086,0.9823,1.3605,-1.2815,0.1182,0.05,-0.1299,0.477,0.312,-1.3062,0.263,0.1781,0.246,-0.026,-0.9013,-0.0363,5.5329,-0.0202,-2.3056,-0.6435,-0.1964,-0.4159,0.396,0.1543,0.2169,0.3118,-0.2777,-0.3129,0.0087,-0.5469,0.6862,-0.1831,0.4143,0.7723,-0.188,0.446,1.8566,-0.9316,2.4228,2.7003,0.6501,0.452,-1.5028,0.5687,0.9724,2.2343,-0.919,-2.2346,0.5871,1.0519,2.7652,-0.0362,-0.1611,1.6147,-0.7648,0.3778,0.2339,-0.6948,0.7865,3.1963,-0.2992,0.8338,-0.7436,-0.7021,-0.5148,0.5198,0.0581,2.879,0.1304,2.6691,4.0734,0.9011,-0.5067,0.0365,-3.3138,-2.1118,0.0149,2.0774,-3.0626,-0.2667,0.0326,1.1403,0.4347,0.3728,0.1902,0.1322,-0.2652,1.5955,-0.6911,0.0987,-0.6152,0.0075,0.1528,0.3105,3.4274,-0.243,-0.2033,-0.6015,-1.1064,1.2123,-0.8083,-0.8118,-2.6885,-1.3468,0.3488,0.1839,0.3973,0.7465,0.207,-0.4422,-0.5234,0.0412,-4.0139,0.6414,-0.0501,-0.5321,2.4042,0.4221,-0.0859,0.3921,-2.6623,-0.0456,0.3503,1.5904,-1.3204,-0.6185,-0.2873,-3.471,0.6651,0.429,-0.0338,0.3054,1.9858,-1.1897,-4.2415,-0.5749,-0.3328,-0.265,-0.0354,1.2645,0.5879,0.0684,-0.3362,0.6317,-0.5865,-0.4127,1.3667,-0.0474,-0.5372,0.1414,-0.3288,-0.6681,-0.7469,-0.2327,0.0082,-2.3634,1.1866,1.5095,-0.3005,-0.0261,0.1877,-0.4272,-0.1203,0.3319,2.1397,-0.722,0.8344,2.2237,-0.0401,0.3947,0.3753,1.6719,0.0458,-1.767,0.1448,-0.0581,-0.5077,0.2891,0.1967,4.2879,-0.4615,1.817,0.3457,-0.1681,-0.227,1.0428,-0.286,2.3949,-4.8795,-0.2348,-0.5507,1.6188,0.9305,-0.1199,0.3193,-0.3507,0.5919,4.7869,3.5895,0.4091,1.7923,2.0376,0.3016,-0.7367,0.774,-0.4032,-0.7881,0.1919,0.8359,0.8382,1.6664,-1.2937,-0.0917,0.706,1.0569,-0.2701,0.1985,-0.2949,-0.5529,-0.2648,0.5804,0.7819,-0.0834,0.2644,-0.1064,0.8526,-0.4462,-0.6916,0.408,-0.0183,-0.4858,0.5116,-0.0576,1.0055,0.1161,0.2987,0.244,0.2262,-0.3149,0.3954,2.7155,2.8508,-1.1594,-0.5283,-0.1316,0.7652,0.2801,0.6806,0.1925,0.4347,,0.0375,-0.905,-1.4688,0.1874,-0.5387,-0.8841,0.054,0.981,2.5285,2.6749,0.7653,0.3273,1.0289,0.0164,-0.2449,-0.6276,-0.5452,-0.5645,2.2768,3.8699,-0.152,-0.1175,-0.1772,0.2649,0.1608,0.8607,0.2259,-0.3942,0.4728,0.3405,-0.4014,0.7666,0.88,0.113,-0.0777,1.6236,-0.0698,0.2219,-0.8239,1.4216,0.3271,0.9916,3.5765,-0.0119,-2.6775,0.4045,-0.2501,5.5271,-0.6531,0.2051,-0.4215,0.5404,3.1546,2.2812,0.1499,2.5528,3.1412,,0.4953,3.9204,2.4233,0.4278,-0.3146,-0.3413,3.464,-1.3543,1.8316,-0.4992,-0.3643,-1.1451,0.9829,0.7124,0.3464,0.3529,2.9097,0.7693,-0.7172,0.7207,-0.1094,0.2834,2.4145,2.1068,-0.218,-0.8095,-0.5586,0.0332,0.9221,1.0906,-0.1739,4.2247,1.7237
011,PT2,SSNA-011-PT2,1.8456,2.0414,0.8729,0.7746,2.5377,-0.837,-0.8566,-0.1275,0.4593,-0.8434,0.4075,3.1226,1.1048,-0.0134,-2.366,-0.6734,0.0484,0.2342,-0.5441,0.829,-1.428,-1.3281,-0.1653,-1.0489,-0.293,-0.4098,0.4965,1.552,1.1567,-0.9284,0.169,0.5656,0.358,-0.5317,0.1193,-1.1825,0.3436,0.1253,0.3431,-0.2251,-0.8031,-0.0043,5.6635,-0.724,-2.0323,-0.4773,-0.2378,-0.374,0.2741,0.1827,0.1731,0.3549,-0.0376,-0.5872,0.177,-0.386,0.8793,0.0515,0.3103,0.3341,-0.3092,0.681,1.726,-0.9484,2.3429,2.8803,0.8263,0.3329,-0.1225,1.1697,0.9401,1.7844,-0.8639,-2.5654,0.0842,1.0254,2.801,-0.1571,-0.1772,1.7113,-0.981,0.1552,-1.4949,-0.1215,0.7808,2.9141,-0.1255,1.2897,-0.4105,-0.8612,-0.3831,0.4537,0.3463,3.1109,0.1393,3.0536,2.6018,1.7304,-0.074,0.2826,-4.0631,-2.2455,0.0099,2.6676,-3.0947,-0.1603,0.3271,0.9231,0.1855,0.5287,0.1016,0.0889,-0.344,1.8077,-0.4185,0.0516,-0.4563,0.0178,0.2061,0.0763,3.8333,-0.1137,-0.5786,-0.7456,-0.185,1.5111,-0.83,-0.0129,-2.0057,-1.2063,0.326,-0.0209,0.065,0.5959,-0.2066,-0.523,-0.0518,-0.1364,-3.9266,-1.1901,0.2982,-0.4633,2.9357,-0.1173,-0.0045,0.2765,-2.2439,0.2674,-0.6698,1.3913,-1.3097,-0.5987,0.0257,-1.7674,0.5968,0.7085,0.121,0.6056,1.6072,0.5763,-4.5375,0.3906,-0.1816,-0.0622,0.6361,1.3092,0.2967,1.5741,-0.2699,1.0002,-0.2815,-0.3908,1.2554,-0.0465,-0.8989,0.2875,-0.5514,0.2726,-0.5035,-0.2768,-0.3729,-1.6085,1.5771,2.043,-0.1578,0.3557,-0.0473,-0.5946,0.0127,0.3585,2.2075,-0.5405,1.4938,2.0614,0.0109,0.011,0.598,1.6869,0.9041,-1.6845,-0.0951,-0.2227,0.7248,0.1897,0.1667,4.6359,-0.7532,0.8188,-0.4777,-0.4897,-0.3355,0.896,-0.5262,2.269,-4.6365,-0.0075,-0.5388,1.8097,1.2169,0.0945,-0.1279,-0.1376,0.5126,4.8588,3.8107,0.4421,1.7751,2.2968,0.6685,0.0733,0.3863,-0.8248,-0.6326,0.2996,0.8748,0.101,1.4882,-0.4096,-0.0612,0.6012,0.6349,-0.219,0.0994,0.8295,-0.3346,0.0996,0.2188,0.7861,0.1067,0.1939,0.3849,0.8752,-1.4608,-0.2645,0.3336,0.091,-0.3883,0.3168,-0.3863,1.2824,0.0584,0.1008,0.527,0.1575,-0.3108,0.0766,2.97,2.9379,-0.8072,-0.2048,-0.4348,0.6959,0.1864,0.842,0.9908,0.6881,,0.0414,-0.8477,-0.6294,0.4331,-0.5509,0.2225,1.1181,1.1501,2.967,2.8672,0.9771,0.7824,0.9719,0.2663,-0.4189,-0.3192,-0.5723,-0.2213,2.4048,3.9984,-0.4915,0.4668,-0.061,0.4771,0.0466,0.8276,0.0358,-0.2412,0.8528,-0.6854,-0.3213,0.7307,0.7632,0.225,-0.0521,2.2636,0.5592,0.3278,-0.7407,1.5362,0.4214,1.2627,3.4769,-0.271,-1.903,-1.5295,-0.427,5.5641,-0.0682,-0.0099,0.3633,0.6182,3.2121,2.2178,-0.4963,3.0134,3.6208,,0.8588,3.9504,2.54,0.462,-0.1399,-0.3262,3.6162,-1.0045,1.7954,-0.6614,-0.2674,0.4192,0.6186,0.8678,0.2587,0.7601,3.294,1.1035,-0.8237,0.6192,-0.294,0.1636,1.6253,2.5575,-0.5244,-0.7524,-0.2362,-0.0283,0.6448,1.2782,-0.2009,4.1536,1.7234
014,PR1,SSNA-014-PR1,0.1624,0.1111,-0.5659,0.8429,2.8145,-0.4249,0.2915,-0.9003,0.5936,-0.6185,-0.2128,0.6827,0.699,0.1034,-1.4743,-0.2995,-0.1077,0.3342,0.8954,0.1442,-2.0006,-3.0219,-0.3731,-1.6359,0.4228,0.4626,-0.7375,0.2306,-0.2226,-1.2179,0.286,0.1271,0.3009,0.2402,0.2507,-1.4097,-0.0893,-0.2429,0.8831,1.1125,-0.351,0.5786,3.0597,-1.0855,-3.0196,-2.1213,0.0359,0.1157,1.2223,-0.1846,-0.4718,-0.1469,-0.4329,-0.4499,-0.1798,-0.8212,-0.0441,-0.1714,-0.3579,0.8009,-0.3885,-0.6456,0.069,-2.1471,0.8463,0.1577,1.0972,-0.1483,-0.7256,0.1451,-0.6328,0.3366,-1.2097,-3.8155,0.4119,0.3093,0.7708,-0.2674,-0.4222,0.1968,-0.3784,-1.5876,0.5855,0.1313,-0.1552,1.5087,-0.5771,1.3344,0.1383,-0.849,-0.6178,-0.304,0.3946,0.7519,-0.1494,1.3029,1.1125,0.3815,-0.1973,-0.4136,-3.0609,-0.7356,0.0795,-0.291,-2.9986,-0.0225,-0.6867,0.6429,0.4675,0.8244,0.3009,0.0788,0.3678,1.6174,-1.5177,0.0581,-0.594,0.1689,-0.1426,0.2271,0.7286,-0.629,0.4518,0.2582,0.8606,0.1256,-1.3554,-0.0069,-2.6474,-0.4466,-0.2274,0.0274,0.0131,0.481,0.6319,-0.1678,-1.2625,-0.368,-4.0144,1.3234,-1.0975,-0.9482,0.1431,-0.463,0.6273,0.4908,-1.9085,0.0221,0.2047,0.3518,-1.324,0.0813,-0.0086,-2.4063,-0.6952,1.2051,0.2454,-0.6336,-1.3031,-0.2963,-3.7868,0.2341,-0.9125,-1.0519,0.7574,0.7884,-0.8893,0.6811,-0.0467,0.1509,-0.441,-0.073,0.1043,-0.1889,-1.1565,0.1953,-0.4222,-0.3513,-0.7442,-0.5413,-1.3801,-2.7383,-0.6963,0.7104,-0.2086,-0.4814,-0.613,-0.6268,0.4312,-0.4399,0.6988,0.5929,0.0673,-0.886,0.3133,0.285,-0.1197,1.5852,0.3512,-0.4931,0.3434,0.1223,-1.0095,0.1659,-0.5388,1.1293,0.3817,0.1254,-0.3441,-0.506,-1.1448,0.9837,-0.6133,0.3218,-5.0919,-0.7218,-0.2909,0.2653,0.5509,1.5221,0.5434,-0.3392,0.754,1.5878,0.8883,-0.4366,-0.05,0.1745,0.3152,-0.583,0.202,0.0587,-1.7733,-0.2098,-0.3865,-0.1053,0.0606,-1.2294,0.1455,0.438,0.8964,-0.0883,-0.6803,0.1485,0.0793,-1.2087,0.0841,0.6163,0.3668,-0.2608,0.0922,0.3982,-0.1522,0.4998,-0.2396,-0.3132,-0.446,-0.357,0.0224,-0.4501,-0.5615,0.2983,0.2716,0.4867,-0.4591,0.5218,0.7028,0.5121,-1.2707,-0.3588,-0.7292,0.277,0.5364,0.057,0.4547,0.229,,0.032,-1.3404,-0.755,0.5167,-1.1834,-0.302,-0.4967,1.5098,0.7533,1.7436,-0.1826,0.7048,0.7616,0.4224,-0.2124,-0.8938,-0.7534,-1.3154,0.6551,1.2067,0.1209,-0.3147,-0.0113,0.2803,-0.3917,-1.209,0.3114,0.1103,-1.371,-0.5486,-0.9825,-0.8934,-0.743,-0.4015,0.312,-0.3559,-0.3658,-0.5722,0.0286,0.8661,0.0512,-0.0018,1.0055,0.7166,-2.5558,-0.5909,-0.6827,1.5136,-1.4513,-0.2137,-0.7568,-1.323,1.2933,-0.1751,0.1577,1.25,0.9891,,0.1353,1.3454,0.9231,-0.2989,-0.6038,-0.2505,1.1754,-0.6878,0.3074,-0.2177,0.1277,0.0287,1.1193,-0.3289,-0.0045,0.3789,0.2149,0.6594,-0.586,-0.4283,-0.0005,-0.7061,0.2771,0.1693,0.2427,-0.9921,-1.0432,-0.3752,-0.1512,0.6833,-1.8501,1.9288,0.1713
014,PR2,SSNA-014-PR2,-0.1447,0.2628,-1.4226,0.428,2.8771,-0.8751,-0.0821,-0.905,0.4349,-0.9592,-0.6547,-0.244,0.1748,0.846,-2.028,-0.2836,-0.1573,0.1414,0.9092,-0.1749,-1.6797,-3.2391,-0.2601,-1.9027,-0.9088,0.5226,-1.3289,-0.1763,0.5054,-0.4852,-0.5609,0.6405,-0.2611,0.0322,0.1758,-1.9037,-0.1645,0.2678,0.9184,1.1451,-0.5915,0.3454,2.4492,0.3307,-2.976,-2.387,-0.3642,-0.2741,1.4967,-0.3299,-0.0205,-0.1951,0.3077,-0.6362,0.2587,-0.7378,-0.2611,0.0157,-0.1396,0.8125,-0.5125,0.3038,-0.1721,-2.3339,-0.1341,-0.7294,0.9968,0.1307,-1.1158,0.912,-0.5865,1.5591,-0.5685,-3.9709,-0.2214,0.1753,0.3336,0.1044,-0.3411,-0.2984,-0.4379,-1.1667,0.5416,-0.2846,-0.2299,1.2332,-0.7648,2.6957,0.4364,-0.8451,-0.6151,-0.1304,0.7659,0.1061,-0.0386,0.8473,1.7523,0.2783,-0.2563,-0.551,-1.9051,-0.5229,-0.0703,-0.7307,-2.9896,-0.1239,-0.4929,-0.3745,0.5691,0.6392,0.3334,-0.0201,0.5978,1.6529,-1.3417,0.6948,-0.0792,0.4135,-0.2138,0.4966,-0.4956,-0.4525,0.4992,0.1101,0.7052,0.2268,-0.8353,-0.6517,-2.2715,-0.4164,-0.2825,0.0011,0.4016,0.4942,0.3484,-0.2484,-1.059,-0.294,-3.8986,0.4523,-1.3732,-0.7752,0.0474,-0.1269,0.5714,0.188,-0.2779,-0.2604,-0.7724,0.405,-0.5932,0.0268,-0.0068,-3.2219,0.2264,1.1668,0.1294,-0.1109,-0.9273,-0.4971,-4.5988,0.1973,-1.2534,-0.9902,0.9878,0.2255,-0.3271,0.0427,-0.5295,0.0791,-0.9877,0.8844,0.247,-0.0699,-0.7605,0.0632,-0.6564,-0.187,-1.2909,-0.6718,-1.4561,-3.0044,-1.426,-1.2556,-0.3819,0.0749,-0.7601,-0.7603,0.1007,-0.5027,0.1987,0.42,-0.4542,-0.4115,0.2943,0.5217,-0.2692,1.5808,0.824,-0.3502,0.5732,0.2672,-0.7829,-0.1048,-0.6398,1.2591,0.3671,0.145,-0.7473,-0.7805,-1.0488,1.129,-0.428,-0.007,-4.5655,-0.3018,0.3342,0.053,0.9156,1.6813,0.1513,-0.9531,0.5728,1.931,0.7959,-0.52,0.7219,-0.2744,0.6957,-0.2902,0.1723,-0.1802,-2.0439,-0.1768,-0.9517,4.237,0.0063,-1.8847,0.3011,0.5798,1.7476,0.1221,-1.0366,0.5024,0.1759,0.6284,1.1191,0.4779,-0.004,-0.6333,0.0351,0.2824,-0.2523,0.5053,-0.6478,-0.5971,-0.5033,-0.6011,0.3042,-1.0504,-0.3574,0.9096,0.2126,0.2083,-0.4719,0.7165,0.3652,0.0388,-0.6976,-0.5101,-0.5289,-1.4459,0.2283,0.2557,0.1987,0.5427,,-0.1965,-1.3227,-0.979,0.9603,-0.8458,0.3569,-0.3309,1.3968,0.3513,1.1113,0.0197,0.4144,0.5816,0.3158,-0.0645,-0.9801,-0.2056,-1.4916,0.5523,0.7854,0.1567,-0.5714,0.2344,0.2649,-0.3675,-1.4369,0.0237,-0.2592,-1.0709,0.2641,0.1323,-1.3973,-0.9236,-0.3792,0.3076,-0.9981,-0.0677,0.3352,-0.2156,0.4794,-0.0911,-0.1607,0.1347,0.8998,-2.937,-0.9351,-0.8667,0.9412,-1.3864,0.171,-1.1498,-1.1024,0.9666,0.2109,-0.2071,1.3113,0.6253,,0.3698,1.0349,-0.1223,-0.208,-0.6928,-0.4441,0.6633,-1.2053,-0.4609,0.9124,0.0708,-0.6796,1.2976,-0.1174,-0.2826,-0.1374,0.3508,0.5661,-0.3293,-0.5866,-0.1914,-0.7859,-0.6063,-0.1188,-0.0866,-1.1207,-0.9522,-0.5082,-0.007,0.5394,-1.9951,1.2003,0.2794
014,PT1,SSNA-014-PT1,1.7995,1.7489,-0.0798,1.1268,2.9308,-0.1563,-0.4612,-0.6174,0.2797,-0.5128,0.4321,2.2749,1.3869,0.2887,-1.7957,-0.2346,0.2799,0.5155,0.7574,0.8606,-1.4983,-2.3148,-0.1286,-1.6837,0.5658,-0.3393,-0.3152,1.0201,1.4922,-0.8356,-0.3133,0.769,-0.0009,0.1078,0.3461,-1.017,0.1599,0.2159,0.7864,1.2443,-0.2613,0.4938,5.6819,0.1445,-3.2476,-1.0795,-0.0075,0.4516,1.5503,0.0833,0.0308,0.0257,-0.2634,0.0632,-0.8025,-0.785,0.1049,0.1916,-0.2718,0.8616,-0.4947,0.8106,1.4656,-1.9612,2.2121,2.9471,1.1522,0.2343,-0.3978,-0.4729,0.1417,2.1406,-0.6001,-2.9321,-0.7392,0.6553,2.5928,-0.1691,-0.1404,1.6002,-0.3116,-0.4894,0.7366,0.3335,0.4601,3.566,-0.5429,1.9895,0.3349,-0.4935,-0.7859,0.0422,0.653,2.6128,0.1713,2.7447,2.4993,0.645,-0.0178,-0.0802,-3.4777,-0.3029,0.3396,0.9121,-2.8144,0.3435,0.182,1.0201,0.5051,0.9829,0.761,0.089,0.4085,1.7788,-1.4115,0.232,-0.0109,0.1962,0.1045,0.5425,3.3147,-0.0493,0.7164,0.1543,0.9745,0.0587,-0.8223,-0.3588,-2.2495,-0.4323,-0.183,0.4644,0.2368,0.7149,0.177,0.1103,0.1474,-0.17,-3.8423,0.9169,-0.581,-1.0968,2.4252,-0.0067,0.7437,0.4965,-3.5677,-0.3819,-0.5567,1.6094,-0.8983,0.0606,0.1843,-2.1727,-0.559,1.291,0.3919,0.0974,-1.0115,-1.6744,-3.8791,0.1998,-0.8663,-0.4219,0.4243,1.7082,-0.2482,0.5353,-0.4762,0.7235,0.0961,-0.2768,1.5051,0.1491,-1.0465,0.4944,-0.1924,-0.394,-0.2031,-0.4899,-1.0999,-2.1371,0.9897,1.8355,-0.272,0.1769,0.2735,-0.4633,0.7669,-0.1555,2.5025,-0.1572,0.0696,-0.4743,0.6869,0.3313,-0.0466,2.052,0.488,-0.4155,0.5841,0.0556,-0.7446,0.246,-0.3543,3.9838,0.2162,0.031,0.1528,0.2906,-0.8425,1.2263,-0.6635,0.8721,-4.4446,-0.0428,-0.0896,1.8043,0.708,1.4764,0.3652,-0.2674,1.0045,4.9969,3.2717,0.0972,1.8092,1.81,0.5466,-0.4085,0.4126,0.0212,-0.7712,-0.3367,0.8086,-0.0114,0.7155,-0.689,0.1938,0.5314,0.7797,-0.0175,-0.511,-0.5061,-0.349,-0.4665,-0.1874,0.7114,-0.2755,-0.0194,0.8703,0.9913,0.3172,0.4689,0.2914,-0.418,-0.0761,0.5308,0.2568,1.049,-0.1364,0.9737,0.3067,0.4114,-0.366,0.1433,2.6803,2.6663,-1.5093,-0.175,-0.2702,0.642,0.509,-0.5182,0.526,0.3821,,-0.1972,-1.1645,-0.5851,0.5,-0.9829,0.1387,-0.2989,1.7661,2.3461,2.5224,0.84,0.7043,0.8994,0.3637,-0.3444,-0.5573,-0.1413,-0.9085,2.0583,3.7807,0.148,-0.2229,-0.1707,0.8146,0.0736,-0.8464,0.5201,0.2839,-0.0418,-0.3137,0.095,0.3338,0.1643,-0.3139,0.4109,1.7959,-0.0947,0.2136,0.124,2.2738,0.6268,0.5202,3.3573,0.7031,-2.3592,0.1313,-0.4666,4.8984,-0.7063,0.2065,-0.4164,0.2448,3.4198,1.5442,0.0529,1.8883,3.4231,,0.4127,4.1727,2.737,0.0367,-0.3835,-0.3599,3.4362,-1.0722,-0.0081,-0.2825,0.1236,-0.6818,1.2834,0.7252,0.1277,0.6448,3.0557,0.3334,-0.3004,0.3592,-0.2524,-0.5076,1.699,1.8842,0.0543,-0.946,-1.3209,-0.2743,0.3047,0.9615,-1.6277,4.7357,1.1745
014,PT2,SSNA-014-PT2,1.2469,1.2167,-0.8502,0.8392,3.0609,-0.8023,-0.6855,-0.2217,0.3746,-1.25,-0.5478,1.4246,0.3437,0.5245,-2.5399,-0.2783,0.243,0.2664,0.759,0.6099,-2.3632,-1.8795,0.0515,-1.6978,-0.0743,0.0225,-0.2209,1.1027,1.2273,-0.7135,0.3913,-0.135,-0.019,-0.2555,0.6307,-1.3313,0.2223,-0.0415,0.981,1.1994,-0.1198,0.2101,5.1764,-0.4621,-3.0095,-1.7695,-0.1716,0.2667,1.7968,-0.1688,-0.3757,-0.1017,-0.0916,-0.298,-0.0052,-0.7493,0.0263,0.1227,-0.1176,0.9599,-0.44,0.7502,0.8113,-1.9992,1.6233,2.053,0.9683,0.2412,-0.3217,0.8545,-0.1073,1.3962,-0.7438,-3.3719,-0.3071,0.9169,2.0009,-0.1464,-0.2356,0.954,-0.5038,-0.5097,0.6674,-0.2903,0.3645,3.0241,-0.5511,2.9323,0.5588,-0.8621,-0.1921,0.4576,0.9458,1.6867,0.222,3.0626,3.1941,0.4692,-0.6002,-0.2409,-1.5432,-0.3425,0.0576,1.2674,-2.7141,-0.108,0.2005,0.7324,0.5592,0.8343,0.7995,0.1358,0.6241,1.813,-0.6233,0.4167,-0.1284,0.3352,-0.0008,0.4161,2.0894,0.0648,0.478,0.1012,0.6504,-0.6161,-0.9484,-0.1759,-2.0484,-0.7052,-0.1437,-0.0426,0.3341,0.509,0.2671,-0.0387,-1.7611,-0.1864,-4.0123,-0.9828,-1.1422,-0.332,1.5209,0.0951,0.7622,0.6806,-0.3646,-0.1787,-0.6806,1.4446,-1.0532,0.0929,0.094,-2.4834,-0.6016,1.8257,0.3895,0.1362,-0.7225,-0.8283,-3.8243,0.2696,-1.1547,-0.391,0.6337,1.2723,-0.7067,0.3015,-0.3808,0.7324,-0.4509,0.609,1.0074,0.0298,-0.4704,0.4713,-0.3222,-0.6725,-1.1899,-0.6774,-1.155,-3.2251,0.4434,1.0755,-0.3197,-0.4231,-0.2433,-0.5355,0.537,-0.3665,1.4901,0.2393,-0.7841,-0.1904,0.7294,0.515,0.2,2.0586,1.2357,-0.187,0.4371,0.1858,-0.8082,0.1933,-0.5087,2.7977,0.7244,0.0842,-0.0192,-0.6258,-0.8314,1.2525,-0.3171,0.4545,-4.6716,-0.0885,-0.0565,1.1913,1.0979,1.66,0.3827,-1.1103,0.6796,3.8696,2.6391,0.0175,1.3198,1.2944,0.8177,-0.0015,0.4058,-0.3778,-1.2961,-0.2611,0.1569,0.1803,0.1869,-1.2738,0.2123,0.8052,0.8697,0.0837,-0.7184,-0.171,0.2146,0.0828,1.1533,0.5746,0.3223,-0.0253,0.727,0.7367,-0.7316,0.5579,0.0076,-0.3974,-0.3607,-0.0314,0.3138,0.4143,-0.2186,0.7533,0.5064,0.3689,-0.448,-0.3055,1.8885,1.7547,-1.3085,-0.3869,-0.0236,0.5482,0.3244,-0.181,0.4535,0.0267,,0.3992,-1.1894,-0.8142,0.3433,-1.0547,0.9424,-0.143,1.6757,1.8548,2.1407,0.5889,0.5027,0.4846,0.4451,-0.4192,-0.9516,-0.018,-0.8298,1.6465,3.0369,-0.0482,-0.2617,0.392,0.7557,0.1494,-0.9334,0.3688,0.3121,-0.2167,0.1199,-0.1558,-0.4926,0.1703,-0.2674,0.3551,0.8312,-0.9827,0.0974,-0.0163,1.0642,0.3758,0.533,2.4259,0.5011,-2.6627,0.1816,-0.8393,4.1395,-0.0791,0.4479,-0.3049,0.0473,2.7886,0.9982,-0.3591,1.8182,2.7133,,0.5744,3.2309,2.296,0.0194,-0.4025,-0.4161,2.9384,-0.9921,0.1429,0.9935,0.1264,0.3206,1.4861,0.6082,-0.0831,0.3979,2.0693,0.4056,-0.3487,0.7158,-0.3319,-0.4253,1.3426,1.3156,0.0151,-1.0263,-1.0195,-0.1585,0.4595,0.8515,-1.9252,3.8269,1.0595
015,PR1,SSNA-015-PR1,1.1668,0.1934,-0.9825,-0.4246,2.5051,-0.4041,-0.5776,-0.5249,0.4924,-1.0941,-0.281,0.391,0.664,-0.3336,-0.665,-0.5107,-0.2215,-0.3046,-0.1411,0.7037,-0.8805,-2.2326,-0.1509,-1.5882,-0.509,0.967,0.469,1.2115,0.282,-1.857,-0.0068,-0.0887,-1.1634,-0.3322,-0.3853,-1.3017,0.2094,-0.2105,-0.2596,0.6082,-0.1952,0.3996,2.8974,0.389,-2.7452,-1.5289,0.5871,0.0784,0.4117,0.4981,-0.1398,0.1066,-0.4573,-0.8498,-0.5008,0.3811,-1.5954,-0.3476,1.5015,0.1129,-0.5627,-1.3057,0.2418,-2.2601,0.4763,0.0085,0.3421,0.1739,-0.0505,-0.3024,-0.952,1.105,-1.7594,-3.3563,-0.6002,0.4514,1.2098,-0.3255,-0.2474,0.5094,0.5362,-1.6701,0.6864,-0.2755,0.7833,1.5768,-0.4719,-0.3098,0.1237,-0.4844,0.6105,1.4602,1.1434,0.5486,-0.9737,1.8384,0.0825,-0.0777,-0.8434,-0.1434,-6.9659,-1.5634,0.0896,1.547,-3.7982,0.9369,-0.1499,0.4972,0.1139,0.0614,0.0237,-0.1021,-0.0447,1.6384,-1.0732,-0.4986,-0.5675,0.329,-0.1805,-0.1301,0.7494,-1.0178,-0.0222,1.1987,1.1843,0.4397,-1.211,-0.8308,-1.0013,-1.0841,0.4075,-0.4468,-0.0115,0.4481,0.1385,0.7569,-0.6528,-0.186,-3.6756,-0.15,0.3096,-0.8347,1.1024,-0.5744,0.2298,0.288,-0.688,-0.0279,-1.165,0.4511,-0.654,-0.1932,-0.166,-1.1871,-0.115,0.8811,0.0285,0.0161,-1.2226,-0.643,-4.5874,-1.8129,-1.6552,-0.4321,1.1863,0.3163,0.1196,1.7099,-0.6348,1.2243,-0.6725,-1.1161,0.3983,-0.3917,-0.4222,-0.2914,-0.3147,-0.249,-1.2011,0.0297,0.9116,-2.6154,-0.3656,0.3892,-0.4783,-0.1998,-1.0863,-1.0623,-0.4127,-0.0951,0.7529,-0.8561,0.8635,-1.9072,0.0148,0.3489,1.4722,2.0099,0.5308,0.3904,0.3249,-0.1043,-1.2362,-0.4606,-0.5784,1.3478,-0.5394,-0.4017,1.3858,-0.4558,0.0811,0.9804,0.7343,0.3907,-5.0342,0.0678,-0.2245,0.5987,-0.3772,0.6123,0.6691,0.2329,0.2226,2.0797,1.6101,-0.2043,0.8066,0.9331,-0.0748,-1.451,0.9606,-0.1962,-1.6282,-0.7593,-0.1713,0.0054,-0.0206,-1.9871,-0.1879,0.2509,1.2341,-0.1915,-0.1904,0.0608,1.7824,-0.9169,-1.9874,0.1489,0.4249,-0.6468,0.2611,0.366,0.1948,0.4106,-0.2022,0.0046,0.0658,-0.0735,-0.3299,0.4588,-0.8712,-0.2226,0.4315,0.0101,-0.5788,0.34,2.1838,0.7601,-1.2729,-0.9596,-0.582,1.0042,0.0908,0.1451,1.5222,0.5775,,-0.4536,-1.2912,-0.6376,-0.0912,-1.0545,-0.418,-1.623,1.1975,2.6089,1.4465,0.8952,0.4507,-0.0476,-0.0091,0.1402,-0.4891,-1.2496,0.1944,1.4989,1.6245,-0.1044,-1.532,-0.0907,0.1596,-0.1683,0.984,0.3069,0.0849,-0.942,-0.43,-0.0632,-0.678,-0.4206,-0.4405,0.177,0.3648,0.0617,0.1877,-0.9044,0.5098,0.1901,0.6501,1.5261,-0.0931,-3.8703,0.609,-0.7936,2.5999,-0.9065,-0.0248,-0.4189,0.1344,1.5684,0.1895,-0.2586,-2.2317,1.881,,0.0938,1.2978,0.6839,-0.2134,-0.3176,-0.769,1.8904,-1.7756,-0.0194,-0.8729,-0.1101,-1.6558,0.6822,-0.1,-0.1466,0.8636,1.5035,-0.0166,-0.7995,0.0833,-3.198,0.022,0.4444,0.436,-0.0424,0.4948,-0.6846,-0.3654,0.5878,-0.1701,-1.3484,1.8857,-0.1211
015,PR2,SSNA-015-PR2,0.2757,-0.5219,-1.9974,-0.6816,2.3198,-0.6954,0.1587,-0.6034,0.7506,-0.9312,-0.5619,0.0136,-0.0462,-0.1346,-1.2879,-0.4183,-0.2229,-0.4062,-0.4124,-0.6234,-1.2935,-2.618,0.4461,-1.8821,-0.3726,0.5188,-0.4629,0.5558,0.08,-1.6354,-0.1161,0.3125,-0.1705,-0.5138,-0.45,-1.6157,0.8123,-0.0537,-0.0766,0.5747,-0.2975,0.3062,1.901,-0.2534,-2.5156,-2.0605,0.4062,-0.2333,0.2377,0.4453,-0.5412,0.2081,-0.5723,-0.7986,-0.1873,0.3671,-1.5398,-0.0784,1.1701,0.2185,-0.3496,-0.408,-0.0473,-2.2887,-0.4256,-0.2854,0.4543,0.2549,-0.9903,0.4031,0.1322,0.7567,-1.4363,-4.2718,-0.4705,0.014,0.5957,-0.9345,-0.1745,0.5554,0.352,-0.7005,0.3755,-0.932,0.5337,0.046,-0.7428,-2.1324,0.2118,-0.8095,-0.3546,1.2702,0.6281,-0.0354,-0.8693,0.8582,0.0559,-0.5805,-0.5479,-0.6188,-6.078,-1.7487,-0.2186,0.804,-3.2805,0.2706,-0.7043,0.025,0.1194,0.2599,-0.2983,-0.3156,0.2629,1.1123,-0.8727,-0.2405,-0.4494,-0.1862,-0.2649,-0.322,0.1574,-1.4396,-0.2338,1.2241,1.1411,-0.3628,-0.8524,-0.7313,-1.4513,-0.7086,0.4303,-0.601,-1.1789,0.3006,-0.0104,0.581,-0.7488,-0.0801,-3.5122,-0.9341,-0.5316,-0.8699,0.1691,-0.2563,0.3286,-0.3108,-1.3047,-0.4262,-0.556,-0.4515,-0.6059,-0.2098,-0.2341,-1.8286,0.2374,0.4314,0.1565,-0.3873,-1.5844,-1.3048,-3.6035,-2.2427,-1.2203,-0.5698,0.6919,-0.7924,-0.5369,0.8104,-0.6598,0.8214,-0.5458,-0.7355,-0.1387,-0.3408,-0.8969,-0.3905,-0.0676,-0.4314,-1.6206,-0.1432,1.0031,-2.7324,-0.6183,0.4236,-0.6595,-1.7245,-1.5693,-1.5787,-0.3221,-0.0488,-0.0072,-1.2114,0.2293,-2.4742,0.4312,0.5947,0.5008,1.6957,0.8341,0.1021,0.3997,0.417,-1.8242,-0.6566,-0.9475,0.8512,-1.0977,-0.004,0.8366,-0.2082,0.0296,0.9549,0.3651,0.7158,-4.504,-0.1604,-0.2584,-0.0299,-0.206,0.7075,0.7765,-0.3493,0.3774,1.7388,0.553,-0.4477,0.3145,-0.0832,0.3866,-2.0504,0.5557,-0.458,-1.6141,-0.6215,-0.8798,-0.3942,-0.0292,-0.9758,-0.2937,0.0382,-1.0848,-0.0604,0.0615,0.007,1.9931,-0.8039,-2.1931,0.0199,0.1249,-0.6874,-0.4252,0.0445,-0.3309,0.2937,-0.4268,-0.0662,-0.4138,0.3503,-0.4377,0.2715,-0.9798,-0.365,0.3733,0.3304,-0.418,0.0734,0.6447,0.5088,-0.7928,-1.4935,-0.0776,0.5214,-0.244,0.2999,0.7378,0.3859,,0.007,-1.5947,-0.5533,0.5228,-0.3494,-1.0722,-1.5262,1.0952,1.7068,0.5758,0.2039,0.0429,0.3184,-0.3002,-0.1932,-0.2847,-1.3719,0.1302,0.9446,0.8492,-0.3054,-1.8712,0.3,-0.401,-0.1889,0.7374,0.2175,-0.0278,-0.7741,0.0133,-0.2898,-1.0887,-1.0686,-0.3452,-0.02,-0.3023,0.2227,-0.1819,-0.9096,-0.3516,0.2508,0.4199,0.7267,0.1461,-4.4063,0.2381,0.3099,1.3086,-0.9927,-0.1418,-0.1135,-0.0304,0.8103,-0.1073,-0.1641,0.5109,0.5962,,0.5094,0.8082,0.5452,-0.3993,-0.7093,-0.7814,1.0678,-1.5634,-0.1759,-1.4712,-0.0398,0.0998,0.855,-0.4623,-0.055,0.019,1.3229,-0.1153,-0.7849,0.1021,-0.463,-0.3739,-1.0895,0.1522,-0.1551,-0.5971,0.42,-0.6984,0.3003,-0.2597,-1.6308,0.6079,-0.4065
015,PT1,SSNA-015-PT1,0.4268,-0.0818,-2.8579,-0.953,2.6551,-0.6218,-0.1857,-0.1027,0.5438,-0.631,0.1504,0.1691,0.3496,-0.3622,-0.7316,-0.5276,-0.3852,-0.6558,-0.7598,-0.2801,-1.6726,-2.5154,-0.0175,-2.3568,0.4024,1.1037,-0.0075,0.9826,-0.0126,-3.0131,0.3436,1.0285,-0.0027,-0.6736,-1.2484,-1.6514,0.1764,0.1576,-0.2142,0.4576,-0.66,0.1993,2.3008,-0.1279,-3.1712,-1.983,0.4155,0.2636,0.0018,0.6806,-0.0437,0.0814,-0.4319,-0.7771,-0.3531,0.2146,-1.7238,-0.0069,1.3114,0.2157,-0.6779,0.2063,0.7849,-2.0655,0.2018,-0.0147,0.5097,0.3289,-1.0412,0.5017,-0.2873,0.5716,-2.0276,-3.7761,-1.1171,0.5278,1.0701,-0.2969,-0.4095,0.7137,-0.0549,-1.6653,0.387,-0.8153,1.444,1.0084,-0.4787,-0.9053,-0.2986,-0.7945,0.1199,1.2991,1.7675,0.1686,-1.1793,1.3752,1.0661,-0.3789,-0.9851,-0.4583,-5.9987,-1.6304,-0.1077,1.2663,-3.4859,0.5545,-0.7488,0.5699,-0.4132,-0.0167,-0.2152,-0.4674,-0.2251,1.8382,-1.2001,-0.5933,-0.7752,-0.12,-0.355,-0.1184,0.7956,-0.9345,-0.424,1.1055,2.4376,0.4492,-0.4422,0.1995,-1.3554,-1.4737,0.3707,-0.4772,-0.4507,0.591,-0.1124,0.6772,-0.2112,-0.3374,-3.5138,0.5141,0.1377,-1.0902,0.6612,-0.8298,0.001,0.0091,-0.5016,-0.2463,-0.1708,0.5056,-0.2664,-0.5261,-0.3486,-0.6024,0.3761,0.1555,-0.1572,-0.2039,-0.8394,-0.7792,-4.7004,-2.0816,-1.8665,-0.0862,0.3214,-0.9592,0.3505,0.3703,-0.8337,0.7052,-0.3766,-1.3926,-0.0126,-0.5651,-0.3273,-0.4475,-0.6289,-0.2695,-0.9723,-0.1027,0.7284,-2.4067,0.1999,0.6416,-0.7329,-1.3576,-1.0126,-1.4966,-0.2143,0.055,0.6996,-1.0374,0.1778,-2.0052,0.2733,-0.0535,1.5224,2.023,0.0673,0.1535,-0.0326,-0.3781,-1.541,-0.4991,-1.0294,1.1714,-0.8862,-0.4362,0.7653,-0.5223,-0.1186,0.6745,0.5632,0.7782,-4.6401,0.0938,0.1163,0.6622,-0.6026,0.9486,0.289,-1.0404,0.1689,2.4372,1.2919,-0.2391,0.3005,0.1163,-0.0427,-2.0691,0.8594,-0.7669,-1.5277,-0.8429,-0.1871,-0.1097,0.3033,-0.0743,-0.3921,-0.1466,-0.265,-0.4454,-0.2803,0.4379,2.0553,-0.9214,-2.5373,0.0651,0.4836,-0.7371,-0.1043,-0.0586,-0.5943,0.1652,-0.2271,-0.1613,-0.4857,0.3973,0.0377,0.1085,-1.0324,0.1125,0.1907,0.2509,-0.645,0.7831,0.9713,1.301,-1.2955,-0.6228,-0.703,0.1939,-0.4304,1.0969,0.4739,0.1945,,0.38,-0.302,-0.0982,0.4924,-0.409,-0.1352,-1.3247,1.2377,1.9488,0.9726,0.5833,0.2921,1.0908,-0.1373,-0.4611,-0.6564,-1.5355,0.1489,0.6401,1.4736,-0.4788,-1.9407,-0.1528,-0.0769,0.0338,0.8223,0.2112,-0.1279,-0.706,0.0411,-0.531,-0.2895,-0.5486,-0.3739,0.0285,0.0699,-0.2679,-0.4998,-1.109,0.1652,0.0267,0.6564,1.5445,-0.3041,-4.3437,1.2967,-0.9876,2.4472,-1.1814,-0.191,0.2776,0.4266,1.0897,0.1116,0.0524,1.7382,1.744,,-0.2623,1.3815,0.8592,-0.1494,-0.2657,-0.8572,1.6778,-2.1082,-0.6242,-1.1753,-0.132,-0.2882,-0.0927,-0.7378,-0.153,-0.0129,0.2808,0.4024,-0.7493,0.5681,-1.0662,-0.1028,0.0136,0.368,0.0767,0.0334,-0.9072,-0.5096,0.4419,-0.4474,-1.3973,1.5252,0.5425
015,PT2,SSNA-015-PT2,-0.3386,-0.6713,-0.2132,-1.1502,2.58,-0.7725,0.2626,-0.703,0.6992,-0.7123,-0.5147,-0.2826,-0.3296,0.1046,-1.2566,-0.6403,-0.1347,-0.286,-0.8459,-0.1604,-2.5292,-2.6433,0.275,-2.4304,-0.6597,0.8879,-0.7348,0.3049,-0.5569,-1.6309,-0.3008,-0.1871,-0.2657,-0.3736,-0.946,-1.267,0.6391,-0.0903,-0.3203,0.5812,-0.4811,1.0312,1.4847,0.5321,-3.1302,-2.149,0.3962,-0.0783,0.1172,0.1451,-0.4632,0.1201,-0.1227,-0.6235,-0.3631,0.2926,-1.9336,0.1461,1.2441,0.0102,-0.5385,-0.1214,-0.7028,-2.4905,0.266,-0.7086,-0.1145,0.202,0.2807,0.3339,-0.7798,1.0941,-2.029,-3.894,0.4663,-0.1618,0.2331,-0.1221,-0.5063,0.1639,0.0908,-1.3774,0.4893,-1.2719,0.41,0.5313,-0.7959,-1.5447,0.2172,-0.8328,-0.3918,1.4692,0.3242,-0.7266,-0.964,0.4478,0.3771,-0.7159,-1.1909,-0.8575,-4.4548,-1.3874,-0.2781,0.287,-3.5029,0.4173,-0.9598,0.0392,-0.3208,-0.0758,-0.2449,-0.5484,-0.0078,1.4972,-1.1547,0.3312,-0.6189,-0.4156,-0.2787,-0.1168,-0.257,-1.2738,-0.2906,1.2776,2.7847,0.2936,-1.101,-0.108,-3.0026,-1.0432,0.1829,-0.5904,-0.4551,0.3382,-0.1989,0.7432,-0.4772,-0.2042,-3.7909,-0.0529,-0.212,-0.7594,0.1204,-0.4172,0.1484,0.003,-2.7261,-0.0886,-0.3125,0.0095,-0.9578,-0.5179,-0.2848,-0.7814,0.269,0.2526,-0.1431,-0.3134,-0.969,-0.5156,-4.3917,-2.2609,-1.2875,-0.9669,0.307,-0.9936,-0.2071,0.1333,-0.7252,0.8093,-0.168,-0.8939,-0.5429,-0.4083,-0.9272,-0.3428,-0.5561,0.9087,-0.6446,-0.1589,0.5237,-3.0638,-1.5265,0.0882,-0.7947,-0.7123,-1.4339,-1.632,-0.3689,-0.104,0.1341,-0.6734,0.1381,-2.3682,0.1332,-0.1685,1.0573,1.8466,0.4302,-0.1953,-0.0823,-0.3872,-1.9834,-0.5537,-1.1308,0.5705,-1.0598,-0.4722,0.8286,-0.196,-0.1236,0.5558,0.7176,1.5247,-4.9613,-0.3206,-0.1839,-0.7378,-0.3578,0.3599,-0.3186,-0.1081,0.2158,0.5607,0.7111,-0.5557,-0.0744,-0.599,0.1071,-1.9669,0.4778,-0.7762,-1.7407,-0.6678,-0.5455,-0.1838,-0.1347,-1.4133,-0.3243,-0.0103,-0.68,-0.4456,0.0509,-0.4089,1.9485,-0.6241,-2.3024,0.0283,0.3127,-0.6402,-0.7413,-0.1876,-0.2843,-0.2925,-0.5706,0.0631,-0.4142,-0.1464,-0.4321,-0.3444,-1.1351,0.206,0.015,0.1206,-0.5342,0.4741,0.1812,0.3171,-1.3093,-1.2498,-0.4338,0.5156,-0.1976,0.3116,0.3567,0.2866,,0.0753,-1.0244,-0.4014,0.3617,-1.6013,-0.8994,-2.0572,1.1497,0.8162,0.3084,0.0022,-0.1998,0.1774,-0.2497,-0.1902,-0.4624,-1.4286,-0.3154,0.653,0.582,-0.518,-1.9722,0.49,-0.3613,-0.3313,0.8836,0.0857,-0.0298,-1.5193,0.3528,-0.4721,-0.981,-0.9264,-0.3335,-0.138,-0.5237,-0.7257,-0.3861,-0.8949,0.3908,0.3548,0.7604,0.3455,0.1519,-5.0284,0.043,-0.8519,0.7871,-1.2539,0.2097,-0.8958,-0.0879,0.5616,-0.0124,-0.4106,1.3914,0.8126,,-0.4211,0.5685,0.0091,-0.2008,-0.6712,-0.7068,0.8313,-2.3577,-0.3517,-1.5322,-0.3626,-0.3903,0.4137,-0.9812,-0.1111,-0.3027,-0.4307,-0.7564,-0.7572,-0.5306,-1.2421,-0.1028,-0.1373,0.072,-0.2917,-0.7394,-0.9026,-0.4087,0.7905,-0.4597,-1.502,0.8984,0.0924
016,PR1,SSNA-016-PR1,2.8179,0.5602,0.2188,0.6251,2.7253,0.2398,-0.216,-0.8667,0.8787,-0.67,0.1585,0.8105,1.9309,-0.4299,2.8468,-0.0487,0.2979,0.244,0.5473,2.2044,-1.2254,-1.8671,0.2683,0.8979,0.236,1.2907,0.0724,3.0629,1.5264,-1.6037,0.2955,0.5731,0.1662,-2.1793,0.0544,-1.256,-0.0121,-0.0677,0.4267,-0.2979,-0.1726,0.6264,2.7808,0.4113,-1.5228,-0.9228,0.2677,-0.6157,0.69,0.0618,0.1921,0.4034,0.4155,0.4689,0.087,0.2821,0.5746,0.1013,1.1705,0.3401,0.2158,0.1912,0.8498,-3.251,1.2659,0.188,0.7592,0.4181,0.1444,-1.6559,-0.1566,0.4651,-0.7356,-3.1416,0.2948,2.0072,1.9634,1.0723,-0.0555,0.0793,-0.1783,0.3082,0.0817,-0.3373,0.1056,1.9076,0.6665,-0.1463,-0.9364,0.8598,0.1535,-0.4691,1.0233,0.8165,0.7798,2.6588,2.5366,0.5089,0.2307,0.1617,-3.4274,0.0011,0.4523,3.7407,-3.3838,0.7004,0.0362,-0.0396,-0.0813,-0.5489,0.5561,0.3309,0.4722,1.497,-0.4909,-1.0833,0.0629,0.3568,-0.3718,0.0386,1.1118,-0.6939,0.2495,0.2223,2.1379,-0.1721,-0.7677,0.1098,-2.8959,-0.539,-0.4479,-0.0312,-0.6669,0.1056,0.2959,0.1617,-0.4878,-0.0137,-3.3869,0.6428,-0.6254,-0.683,1.2041,0.2251,0.0018,0.198,-1.8801,-0.0221,0.8504,1.2264,0.8422,0.22,-0.0254,-0.7541,-0.7863,0.9922,0.185,1.1992,-0.8375,0.2157,-3.3448,-0.6835,0.0677,-0.0421,2.0093,1.4704,0.9712,4.0895,-0.0013,0.4954,0.7406,1.3872,0.3892,-0.323,0.1489,-0.1182,-0.7434,0.4558,0.2982,-0.1148,-0.0683,-1.849,0.1886,0.2865,-0.5029,-1.6893,-1.243,-0.8717,0.3837,0.434,0.1612,-0.0593,-1.1803,-1.8801,0.1088,0.3521,-2.0537,1.336,0.7763,-0.6756,0.9286,0.032,-0.7162,-0.3873,-0.6757,1.7313,0.0119,0.104,0.5032,0.0678,1.0196,0.9092,0.0134,0.9191,-4.3598,-0.494,-0.0346,-0.5522,0.1692,-0.7872,-0.0459,-1.0831,0.6145,2.0811,1.6919,0.4489,0.413,1.4707,1.2172,-0.2097,0.018,1.0244,-0.9181,-0.5441,-0.4197,5.6198,0.3231,-1.1306,0.073,0.689,2.2013,-0.003,-0.0519,0.2244,-0.3633,-0.1848,-0.0385,0.7492,-0.0811,0.2126,0.1268,0.8824,0.4043,-0.3326,0.165,0.3255,-0.0923,-0.1941,-1.2013,0.4843,0.2653,-0.1525,0.3104,0.6545,0.3027,0.4521,4.38,0.8244,0.387,-0.1965,2.3591,-0.1705,0.7973,0.9081,3.3959,0.1793,,-0.418,-0.87,-0.4107,0.3309,7.9921,0.7358,0.0628,2.1852,3.7093,1.3843,0.4858,0.2532,0.5425,0.3519,0.8033,0.0749,-0.8349,0.3904,2.612,1.7325,0.7249,-0.2237,-0.6987,0.275,0.0418,0.43,0.5478,0.0974,-0.2973,-0.0936,-0.0649,-0.1253,-0.1402,0.0346,-0.3305,1.9083,0.1877,0.4726,-0.3967,0.1283,-0.5784,0.4177,1.5795,0.9148,-2.4164,0.5419,-0.8822,1.8703,-0.2384,0.6004,1.6955,-0.1975,1.4762,0.3658,-0.2265,1.9189,1.565,,0.629,0.965,0.8137,-0.409,-0.1141,-0.3576,1.2472,0.5003,-0.2248,0.1502,0.2784,0.7061,2.2268,1.9204,0.4223,1.8854,2.355,0.3542,-0.9429,0.6965,0.7877,0.4747,0.9121,0.5587,-0.4058,0.7112,-0.4942,0.0207,-0.2347,0.4828,0.5625,1.6899,0.3527
016,PR2,SSNA-016-PR2,-0.6348,0.14,-0.0756,0.3503,2.5441,-0.0159,-0.1227,-1.3135,0.8398,0.0653,-1.1424,-0.032,0.3927,-0.1416,2.6843,-0.1868,0.19,-0.1753,0.3146,-0.1691,-2.0219,-2.3536,0.3228,-1.7616,-0.3757,0.3659,-0.2733,-0.0075,0.3908,-1.3965,-0.0573,0.6412,-0.4227,-2.0033,-1.1405,-0.7865,-0.0713,-0.0478,0.1589,-0.3789,-0.2382,0.3774,2.1542,0.4719,-1.8652,-2.2642,0.2561,-1.3322,0.2393,-0.0903,-0.5237,0.1721,0.0821,0.0075,-0.1097,-0.2594,0.2067,0.1494,0.6407,0.1273,-0.0064,-0.7663,0.0442,-3.4413,0.4068,-0.8909,0.2183,0.3906,0.6108,-0.9106,-0.4492,1.3696,-1.3732,-4.0088,0.0725,0.8625,0.3057,0.3748,-0.0811,-0.2988,-0.4721,-1.1236,-0.4362,-1.0423,-0.1249,1.0362,0.2731,-1.5266,-0.761,0.1155,0.0875,-0.28,0.6103,0.3565,0.2846,0.839,-0.7229,-1.0949,-0.8242,-0.5876,-6.1168,0.0975,0.1649,-0.1875,-3.2739,0.0219,-0.1162,0.0597,-0.153,-0.6086,-0.0002,-0.0859,0.5347,1.1312,-0.3926,-1.1216,0.1046,-0.1017,-0.7486,-0.2105,0.327,-0.5158,-0.0285,0.0884,2.0616,-0.4139,-0.5294,-0.1084,-4.4009,-0.7704,-0.5092,-0.3175,-0.4567,-0.1616,-0.0039,-0.0074,0.2869,-0.1282,-3.6451,0.2897,-1.206,-1.3534,0.2641,0.2629,-0.1375,0.1639,-1.8763,-0.7652,-0.8046,0.0008,0.024,-0.0945,-0.0836,-1.0127,-0.1843,0.0331,-0.0175,0.234,-0.8074,-0.7778,-4.5125,-0.4376,-0.1817,-0.4085,-0.2139,-0.4429,-0.3956,0.2077,-0.6439,0.7976,0.3783,-0.55,0.1044,-0.4314,0.0029,-0.0722,-0.7809,0.8334,-0.3107,-0.3056,-1.2801,-2.6466,-0.2348,-0.1911,-0.5152,-0.4983,-1.3643,-1.0371,0.1605,0.3397,-0.0952,0.3342,-0.2852,-2.1321,-0.1276,0.0061,-2.1448,1.2119,1.0891,-1.1423,0.4933,-0.1282,-1.6392,-0.5949,-0.8769,0.7798,-0.3216,-0.5662,-0.5972,-0.0242,0.7368,0.8311,0.014,-0.6563,-5.6989,-0.7217,-0.0662,-1.3899,0.0883,-1.1871,-0.4418,-1.3543,0.4639,1.6424,0.6504,0.0482,0.4677,-0.3482,1.1983,-0.0626,-0.256,0.5228,-2.0796,-0.2957,-0.994,-0.0804,0.3825,-1.1133,-0.0456,0.3417,0.497,-0.0765,-0.4933,-0.8,-0.239,-0.1935,-1.4657,0.5837,0.2053,-0.2675,1.0044,0.1646,-0.1301,-0.7788,0.0609,0.1006,-0.6822,0.067,-0.7647,-0.306,-0.0447,-0.1197,0.1303,0.5306,-0.2628,0.2109,0.6612,0.3873,-0.1029,-0.1987,-0.2027,0.9504,0.6651,0.6969,0.2168,-0.2772,,0.2972,-0.9107,-0.7941,0.1927,7.8804,1.4971,-0.5074,2.0871,0.6757,0.8408,-0.0232,0.0906,0.3065,0.1061,0.3594,0.2169,-0.9058,0.1509,0.8227,0.8781,0.2687,-0.5372,0.179,-0.4436,0.2693,0.1528,0.3205,0.0719,-1.2732,0.4523,0.0091,-1.6081,-0.7303,-0.1312,-0.3661,-0.9027,-0.0306,0.2012,-0.4412,0.8761,-0.4863,0.0766,0.5465,1.0811,-3.7717,0.0809,-1.6538,1.085,-0.3901,0.167,-1.9,-1.0101,0.8303,0.0884,-0.3947,0.3349,0.5759,,0.1065,0.9938,-0.0714,-0.5789,-0.5683,-0.336,0.4963,0.4899,-0.1883,-0.9894,0.0526,-0.3743,1.1327,-0.1063,0.1398,0.2514,1.8005,0.7953,-1.0584,0.3778,0.4786,-0.1578,-0.2681,0.4114,-0.5692,0.0848,-0.1844,-0.3017,0.0033,0.2063,0.4203,1.4445,0.3166
016,PT1,SSNA-016-PT1,0.421,0.6107,-0.0382,0.3542,3.0694,0.315,-0.3631,-0.3183,0.7766,0.0732,-0.9251,0.4673,1.9729,-0.0251,2.9335,-0.0755,0.3355,0.2521,0.4514,-0.1034,-1.46,-2.8459,0.357,-2.123,0.1076,0.9132,-0.0575,0.7103,0.7959,-0.6945,-0.1772,-0.0882,-0.1036,-1.9945,-1.3716,-2.1169,0.0072,0.1402,0.1183,-0.5318,-0.2259,0.0534,2.5016,0.1715,-1.9729,-1.943,0.2214,-0.7017,0.6704,-0.2154,-0.5492,0.351,0.4519,0.6279,0.2983,0.0792,0.4114,0.3996,0.8459,0.5936,0.1125,0.0347,0.6497,-3.142,1.2097,0.1277,0.9828,0.3008,0.7967,-0.388,0.2301,1.117,-0.9542,-2.9231,-0.5845,0.7517,1.0784,0.6264,-0.0725,0.1692,-1.1368,0.7289,-0.0442,-0.5449,-0.2871,1.9031,0.721,0.4407,-0.8321,0.6881,0.2387,-0.3463,0.2127,1.1149,0.5213,1.3643,1.1554,-0.1319,0.2957,-0.6382,-1.9615,0.2903,0.2494,0.7242,-3.1555,-0.2894,-0.2725,0.4993,-0.4729,-0.4625,0.6414,0.2976,0.2062,1.2497,-0.6575,-0.6989,0.2287,0.1114,-0.2565,-0.0862,1.6063,-0.2793,-0.0584,0.0469,3.884,-0.4428,-0.3341,-0.2673,-3.2612,-0.8121,-0.3698,-0.1604,0.0838,0.654,-0.2842,0.0109,-0.0566,0.0452,-3.3385,-6.7024,-0.202,-1.3588,0.9894,0.2462,-0.1991,0.0647,-1.4843,-0.468,0.0826,1.2158,0.6316,0.0216,0.1475,-0.8275,-0.2337,0.5002,0.0905,1.4315,-0.7356,-0.4187,-3.3497,-0.5683,0.0756,-0.6505,-0.2811,-0.4117,-0.8467,0.2012,-0.3512,0.6791,1.2031,1.2755,0.754,-0.1985,0.3884,-0.0613,-0.7079,0.2967,0.7747,-0.1254,0.4518,-1.9665,0.0977,0.0041,-0.4754,0.1228,-0.8702,-0.969,0.3846,0.4266,1.2537,-0.0622,-0.0567,-1.7971,0.379,0.3869,-1.935,1.4579,0.8727,-0.8768,-0.0938,-0.3992,-0.7398,-0.3076,-0.292,2.532,0.1807,0.0317,0.5842,-0.0756,0.8582,1.1832,0.0094,0.2933,-4.0304,-0.5575,-0.1625,-0.3899,0.1182,-0.154,0.0113,-0.2207,0.567,2.4282,1.571,0.7041,0.4577,0.553,1.2454,0.1019,-0.0103,-0.0415,-1.273,-0.4145,-0.2409,0.18,0.3796,-1.2734,0.3411,0.4079,3.1788,-0.2962,0.0272,-0.2388,-1.1809,0.139,-0.4193,0.9171,0.4907,0.3649,0.5288,0.4408,-1.8534,-0.6113,0.2167,-0.1346,-0.2365,-0.3522,-0.3184,0.1171,0.1902,-0.4924,0.4,0.7326,0.0837,0.2101,1.416,1.201,-0.4052,-0.2328,1.7158,-0.2162,0.6917,0.0197,0.7511,0.2896,,0.5624,-1.0949,-0.3985,0.3568,8.1468,0.7866,0.0757,2.1792,1.2173,1.0169,0.7069,0.334,0.3684,0.446,0.2118,0.0866,-0.8933,0.2017,1.1104,1.6016,0.2531,-0.2879,-0.0553,0.3406,0.2461,0.3892,0.4107,0.1322,-0.2283,0.3469,-0.182,-0.8264,0.2218,-0.1376,-0.3134,-0.1754,-0.787,0.6302,-0.5192,0.3611,-0.0945,0.6714,1.7169,1.0581,-3.1438,-0.3189,-1.5321,2.8268,-0.8322,0.7074,-0.3769,-1.2123,1.8098,0.6676,-0.1362,1.3234,2.0244,,0.6975,1.8352,0.5365,-0.5394,-0.0974,-0.3094,1.2992,0.7293,0.2676,0.058,0.0954,-0.27,1.814,1.7792,0.2506,0.5075,1.738,1.2607,-0.8687,0.3361,0.6373,0.2165,0.4742,0.9986,-0.3557,0.4731,-0.8126,-0.056,0.079,0.5295,0.6414,2.2255,0.5154
016,PT2,SSNA-016-PT2,0.6707,0.4686,0.0946,0.5797,2.9126,0.0672,-0.4265,-0.4377,0.8995,-0.3653,-0.585,0.7592,0.776,-0.7293,2.7684,-0.1108,0.4849,0.3702,0.3902,-0.2377,-2.0681,-2.2251,0.5017,-2.1274,0.1717,1.0788,-0.3663,0.2676,0.8781,-1.3894,-0.4443,0.6863,-0.1747,-2.2683,0.2463,-1.5241,-0.0081,0.0879,0.1838,-0.3317,-0.1045,-0.0981,3.5336,0.3476,-1.7689,-1.9168,0.1246,-1.0224,0.1614,-0.132,-0.2399,0.284,0.1711,0.561,-0.2387,-0.2475,0.4683,0.0159,1.036,0.3692,0.0916,-0.4535,0.5389,-3.4967,1.8376,0.7166,0.463,0.3413,0.3512,-1.4488,0.4189,1.4177,-1.476,-2.9814,0.6771,1.1431,1.6344,0.5696,-0.0155,0.1469,-1.0802,-0.709,-0.1266,-0.3703,-0.0182,2.4874,0.5157,-0.1091,-0.853,0.1571,0.1836,0.101,1.3702,1.7316,0.5846,1.8575,1.3926,-0.277,-0.8664,-0.0308,-3.1324,-0.1574,0.4839,0.9491,-3.5649,-0.4029,-0.1816,0.4366,-0.3206,-0.6582,0.0125,0.1926,0.7183,1.5095,-0.6912,-0.4591,0.2362,-0.0874,-0.6465,-0.2598,1.6839,-0.5784,-0.0334,0.216,4.326,-0.137,-0.7544,0.0887,-4.5453,-0.4224,-0.4837,-0.1843,-0.3827,0.2233,-0.5126,0.1258,-0.2816,0.0966,-3.263,-2.8898,-0.698,-1.2968,0.6852,0.119,-0.1625,-0.0684,-1.4618,-0.8594,-0.5976,0.5078,0.1618,0.0022,-0.3383,-0.259,-0.2272,-0.2486,-0.1275,0.0526,-0.4682,-0.9064,-4.1386,-0.2795,-0.2032,-0.2041,-0.3112,0.1787,-0.0844,-0.5814,-0.1819,0.8822,1.4614,-0.4195,0.4035,-0.3491,0.4266,-0.0944,-1.1992,0.0183,0.3818,-0.1841,-0.2853,-1.874,0.5461,0.8694,-0.5061,-0.1806,-0.4044,-0.9677,0.4572,0.475,0.6614,-0.2892,0.444,-1.9879,0.363,0.2191,-1.9999,1.3139,1.4138,-1.0891,-0.0116,-0.2237,-1.2851,-0.707,-0.8321,2.4319,0.2393,-0.1238,-0.0355,-0.1731,0.854,0.7593,0.1436,0.7116,-4.5202,-0.0709,0.2471,0.5973,0.1616,-0.4513,-0.2154,-0.2811,0.5402,3.5359,2.3987,0.6042,1.0529,0.5392,1.4127,-0.0123,0.1803,-0.2183,-1.3786,-0.4798,0.163,0.1159,0.6593,-0.9826,0.1181,0.4477,1.0978,-0.0914,-0.1914,0.31,-0.2123,-0.2142,-0.6694,0.9343,0.6328,0.4983,1.36,0.1702,-2.3784,-0.3574,0.2805,0.2625,-0.6791,-0.0505,-0.4834,0.6313,-0.121,0.2643,0.0671,0.6294,-0.2374,0.5494,1.7095,1.8915,-0.3879,-0.632,-0.2138,0.6895,0.6887,0.6347,0.2605,0.8726,,0.2393,-0.8356,-0.7137,-0.1158,8.123,1.2205,-0.5822,2.166,1.7236,1.7663,0.2373,0.1889,0.4035,0.3008,-0.1812,0.1202,-1.1692,0.6659,1.2783,2.1734,0.212,-0.5418,-0.3376,-0.0827,-0.0499,0.2652,0.4908,-0.0452,-0.2611,-0.0055,-0.1676,0.4449,-0.181,-0.1472,-0.2132,0.2077,0.0785,0.4127,-0.3728,0.4631,-0.0591,0.638,2.1775,0.5806,-3.6903,0.5648,-1.5038,3.0849,-0.3011,0.6251,0.6997,-0.8625,1.3946,0.5504,-0.2451,1.154,2.4963,,0.3571,2.1867,1.8398,-0.569,-0.3861,-0.2854,2.0009,0.3833,-0.6256,-0.8986,0.276,0.8664,1.816,0.3885,0.1197,-0.1613,2.9491,1.2376,-1.1062,0.6481,0.3563,0.1214,0.7122,1.0755,0.4082,0.4008,-0.0422,-0.0594,-0.0737,0.3924,0.5818,2.8334,0.925
018,PR1,SSNA-018-PR1,1.1942,0.9173,-0.2792,0.8119,2.9888,0.1775,-0.1745,-0.349,1.0584,-0.8791,0.4333,1.3545,0.1212,0.6169,0.2602,0.0239,0.3612,0.497,-0.2733,-0.3149,-1.4883,-2.8263,-0.2978,-2.0063,-0.0991,0.5833,0.3956,0.7132,1.5524,-0.4397,0.0399,-0.6049,0.1105,0.5238,-0.3037,-1.2842,0.0225,0.134,0.5796,1.3423,-0.4148,0.9864,4.5922,0.4485,-2.4356,-0.8808,0.6924,-0.0845,0.4174,0.5055,-0.5662,0.4745,-0.0313,0.5218,-0.264,-0.4635,0.2395,0.3971,0.7357,0.3572,0.3277,0.5017,0.7812,-1.7628,1.3163,1.3318,1.1323,0.3861,-0.4725,0.0836,0.3988,1.6603,-1.4233,-3.3462,1.3695,0.8642,2.0047,-0.3984,0.2502,0.7584,-0.0538,-0.0098,0.4741,-0.0165,0.702,3.0135,-0.2849,-2.1682,-1.3241,-1.4403,0.4044,-0.5356,0.7778,1.5386,-0.777,2.2283,2.3419,-0.1238,-0.2253,0.3465,-4.4847,0.6232,0.4137,0.23,-2.9237,0.5359,0.4892,0.707,0.7835,0.2726,0.8745,-0.4791,0.5443,1.5352,-1.1031,-0.3747,0.1258,0.4535,0.1804,0.3624,1.6475,-0.3291,0.161,0.2019,-0.248,0.3205,-0.7927,0.3503,-2.3142,0.0081,-0.0317,0.2158,-0.3618,0.2451,0.1946,0.6597,-0.3559,0.2309,-3.2675,0.7847,0.0399,-0.7573,1.9939,-0.4658,0.1478,0.3568,-1.6074,0.291,-0.2449,0.9457,1.553,0.282,0.2819,-2.1366,0.4265,-0.2028,0.3964,0.387,-0.5297,-0.8007,-4.4653,-1.7084,-1.0627,-0.3697,-0.094,0.0006,0.0752,0.3387,-0.1742,-0.1735,0.0075,-0.2394,0.8101,0.1831,-0.3074,0.1872,-0.1149,-0.4978,0.1258,0.2111,-0.8359,-1.5758,-0.2771,1.2973,-0.1267,-0.9015,-0.4176,-0.4559,0.2438,0.6537,1.721,0.3219,-0.6817,-0.562,0.1119,0.4094,-2.0626,1.8044,-0.2811,-0.6277,1.0602,0.6905,-0.6998,0.0911,-0.547,1.6641,-0.4514,0.2474,-0.4187,-0.2518,-0.1676,1.253,0.0447,0.6563,-4.8227,-0.0418,0.1713,0.668,-0.0591,0.3313,0.7777,-0.4484,0.8365,3.8196,2.1548,-0.0505,1.2971,1.0314,0.006,-0.5449,0.7132,0.3077,-1.1871,0.4982,0.1189,-0.0258,0.5093,-1.9583,0.5065,1.0951,1.3445,0.4039,0.217,0.0005,-0.6201,-0.0491,-1.0506,0.9143,-0.0833,-0.1267,0.6503,1.0235,0.1349,-0.0889,0.068,0.5612,-0.416,0.0755,-0.1047,0.5429,0.1054,0.9564,0.4271,0.3926,-0.0836,0.1691,1.6515,1.4495,1.3179,0.313,-0.3159,0.3947,0.3958,0.8676,0.7904,1.1288,,1.434,-0.8119,-0.9071,0.4794,-0.8643,0.4012,-0.2181,1.3055,1.9468,1.775,0.2973,-0.158,0.8189,0.4309,0.3723,0.2222,-0.9311,-0.9575,1.7063,2.467,0.8257,-0.1645,1.8,0.591,0.5489,-0.2865,0.4061,0.4377,0.1451,1.2011,1.3243,-0.0093,0.4568,0.3264,-0.0747,0.1471,0.6287,-0.2571,-0.0761,1.3772,0.2063,0.5234,2.4544,0.9285,-3.6548,0.3077,-0.0152,3.8111,0.0204,-0.1267,-0.8973,-0.7677,2.4161,-0.5319,-0.1534,1.5333,2.2743,,1.0343,2.5897,1.5157,0.1747,-0.3813,0.3817,2.6382,-0.1894,-0.1047,-0.4223,0.6861,-0.5458,0.2665,0.1914,0.7036,-0.324,1.6235,0.1656,-0.4832,0.3712,-0.8233,-0.5918,0.9515,1.0098,0.2483,-0.3079,-0.2898,0.6766,0.5206,0.7987,0.158,2.9414,0.5771
018,PR2,SSNA-018-PR2,1.2813,0.6381,,0.8479,1.6997,0.6265,,0.1571,0.9275,,,0.0728,,,0.3704,0.3352,1.0741,0.6489,0.6253,,-0.5283,0.8382,0.2222,-0.0962,,,3.5597,,0.9192,,0.4244,,,,,,0.0929,,0.9821,1.5053,-0.396,1.2358,1.7473,,-1.5424,-1.1577,1.0968,1.5193,-0.0596,1.6811,,0.6794,0.5548,0.5069,,-0.0626,0.5511,0.6066,0.6625,0.6914,0.6517,,-0.715,-0.9279,-0.0129,0.2284,1.5382,0.5149,,,,,-1.2614,-2.5928,,,0.9125,,0.4557,1.1252,0.4266,-1.6408,0.6358,0.4032,3.8894,,0.5959,,-0.7319,-1.4288,-0.1716,0.009,2.9058,-0.0503,-0.0752,1.6264,1.6059,0.2144,0.0112,,-0.7784,1.3151,0.4618,0.6755,-3.3725,0.8332,0.3106,0.6463,0.9623,0.7775,0.9372,-0.2121,0.994,,0.0454,,0.7596,0.3224,0.4041,0.4595,0.5135,0.0946,0.3996,0.79,,,,,-3.8974,-1.4247,0.1628,0.4653,,0.3678,,0.8746,,0.342,-3.1297,,0.1925,,-0.03,0.2979,0.7302,0.1026,,0.4903,,,,0.7365,0.8027,,,-0.8787,0.7494,0.113,,,-4.1234,-1.48,-0.6746,2.3861,-0.1048,2.2072,,1.6224,,0.1653,0.4625,0.9345,-0.04,0.7868,0.2407,0.7121,0.1558,,0.8163,0.3962,-0.4485,-1.6404,-0.8131,0.3647,0.0722,,-0.7747,-0.0678,0.7889,0.981,-1.1013,,,-0.2033,0.1668,0.7427,,2.1446,0.203,-0.5596,0.8284,0.8018,1.1221,0.2068,0.0864,0.4784,0.9632,0.4411,,1.1746,0.0672,1.3896,0.486,,-4.0533,,,-0.3235,0.6473,,,,1.0547,,,0.4984,,0.093,0.3025,-0.0424,0.9186,0.4718,-2.0857,0.8199,-0.2378,0.2748,,,0.7989,1.1928,,0.4601,0.414,,,,-0.3475,1.1232,,0.6447,-0.0149,1.2644,0.7561,0.3786,-0.0607,0.9345,-0.1591,,,1.5869,0.2819,,0.6674,0.4273,0.1796,,0.8192,0.503,2.09,,-0.2854,,0.6058,,1.3331,,,,,,,,0.0398,0.1159,1.8216,0.2964,,0.8132,,,0.4639,0.9538,0.5282,,2.8331,0.5781,1.5182,0.7896,0.2193,,1.0921,0.2048,0.2307,0.7532,0.7347,-0.7356,,,,2.7007,0.6395,0.2489,-0.2422,,,0.4014,,0.2768,-0.4104,1.4104,,-3.5123,3.5338,0.0965,1.9501,1.6477,0.2718,-0.4372,,1.5987,,,,0.4662,,1.5484,1.5999,,0.1622,-0.4746,0.6607,0.4949,0.219,,-0.0591,1.1533,,,-0.3497,0.8687,0.066,1.3283,,-0.3731,2.6669,0.107,1.2855,-1.8137,0.355,,-0.2247,0.0852,0.7418,1.0426,1.4997,0.2371,2.1802,
018,PT1,SSNA-018-PT1,1.3089,1.5574,-0.1472,0.7442,3.1619,-0.0087,-0.1591,-0.0564,1.1278,-0.1726,0.2635,2.132,0.7657,0.0508,0.0878,-0.1258,0.2143,0.7158,-0.4449,0.7727,-1.6298,-2.6271,-0.203,-2.3529,0.2788,0.3196,0.5689,1.046,1.268,-2.279,0.0243,0.7602,-0.1179,1.1103,-0.2777,-1.8554,-0.0393,0.1661,0.3601,1.1206,-0.6271,0.9277,4.6006,-0.1299,-2.3723,-1.0683,0.6761,-0.1588,0.6012,0.2819,1.4498,0.3449,-0.1429,0.3137,-0.2337,-0.4692,0.2111,0.4221,0.7788,0.3481,0.0236,0.7427,0.5884,-1.6928,2.2777,2.0452,0.997,0.3252,0.088,0.447,0.1724,1.6998,-0.851,-2.9761,1.6121,0.4123,2.0972,0.0105,0.1049,0.802,-0.4429,-0.407,0.3906,-0.0255,0.6085,3.1099,-0.3911,-1.5037,-1.6309,-1.6883,-0.1498,-0.3422,0.7435,2.1134,-0.5819,2.5519,2.8972,-0.1322,-0.2758,0.1648,-3.9283,0.9715,0.1161,0.9829,-2.9831,0.1354,0.4023,0.5486,0.5196,0.0483,0.5985,-0.476,0.4772,1.4058,-0.9665,-0.1607,-0.0022,0.1408,-0.0992,-0.0654,2.5097,0.0063,0.2356,0.452,0.019,-0.2426,-0.4656,0.2502,-2.5368,-0.2475,-0.1142,0.1417,0.5073,0.3064,-0.2037,0.2392,-0.3342,0.0585,-3.4528,1.2756,-0.2563,-0.9814,2.2749,-0.0777,0.1352,0.2807,-1.3618,-0.4526,-0.917,1.5118,1.6788,0.1802,0.2133,-2.307,0.0312,-0.0526,0.2312,0.5808,-0.2268,-1.1222,-4.3691,-1.8565,-0.9869,-0.4972,0.0904,0.2843,0.4338,-0.1265,-0.9393,0.0613,0.1592,-0.2815,0.84,0.2458,-0.324,0.3119,-0.3731,-0.1197,0.1495,0.0622,-0.4152,-2.5823,0.1493,1.2296,-0.158,0.0546,-0.0225,-0.5099,0.4431,0.6769,2.031,-0.0216,-0.7702,-0.6526,0.147,0.2515,-2.1616,2.1689,-0.1285,-0.9447,0.3378,0.2934,-0.4535,-0.0758,-0.4306,3.3252,-0.4605,0.422,0.579,-0.4064,-0.2149,1.2917,0.1824,1.3376,-5.0595,0.1896,-0.0942,1.8473,-0.2135,-0.4717,0.0672,-0.7193,0.7424,3.8663,2.7637,-0.0891,1.4187,1.2394,0.0058,-0.4285,0.7753,-0.1159,-0.8272,0.4279,0.3467,5.2848,1.0185,-0.3298,0.3716,1.0674,0.7735,-0.016,0.1393,-0.0961,-0.7612,-0.0754,0.1299,0.7705,-0.0779,0.0436,0.6292,0.8447,0.2695,-0.6159,0.0991,0.5986,-0.2794,0.3229,-0.0731,0.8827,-0.3127,1.221,0.6018,0.3532,-0.4695,0.2021,2.3597,1.8583,-0.1398,-1.0006,-0.2808,0.028,0.2003,0.4044,0.6851,0.789,,0.5108,-0.7612,-1.4292,0.7554,-1.4133,0.6371,0.1549,1.2914,2.2571,2.0212,0.757,-0.109,0.4175,0.378,0.3453,0.1648,-1.6702,-1.0316,1.4507,2.9379,0.657,-0.1987,1.7235,0.305,0.3393,-0.2187,0.1832,0.5487,0.3383,1.039,1.3705,-0.0732,0.3051,0.3341,0.0283,0.9127,0.7093,0.1608,-0.3304,1.2776,0.5264,0.7951,2.8603,0.4129,-3.6574,0.004,-0.4046,4.4352,-0.8406,-0.0073,-1.078,0.1977,2.7281,1.2256,-0.2948,1.4734,3.0384,,1.1148,2.9028,1.6522,0.0129,-0.2782,0.2907,3.0416,-0.0747,-0.0511,-0.1447,0.442,0.3314,0.6248,0.5963,0.5215,0.0553,3.1088,-0.0135,-0.5866,0.3039,0.2658,-0.4642,1.4676,1.3678,0.4719,-0.7557,-0.1131,0.4054,0.5876,0.9576,0.0905,3.7585,1.2389
018,PT2,SSNA-018-PT2,2.0545,2.722,-0.5962,1.0782,2.9713,0.3091,-0.5708,-0.2272,0.9728,-0.0246,-0.169,3.4068,1.5794,0.5688,0.1418,0.0118,0.342,0.6059,-0.3016,0.6922,-1.0631,-1.2153,-0.0967,-1.8632,0.6347,1.1443,0.9669,1.5852,2.4054,-1.3008,0.2219,0.6746,-0.493,-0.6014,0.6852,-1.6156,0.075,-0.3768,0.6505,0.8766,-0.5748,0.9048,5.9964,-1.0561,-2.4591,0.1352,0.718,0.221,0.2088,0.5149,-0.1685,0.4832,-0.0136,0.2996,0.1567,-0.7061,0.3021,0.1436,0.5235,0.4687,0.2104,1.074,1.8584,-1.7333,3.4166,2.9874,0.791,0.2855,-1.4266,1.5645,0.3246,2.9478,-2.1812,-3.3638,1.3071,2.0714,3.2294,-0.6432,0.142,1.8703,-0.3559,0.6845,0.1436,0.0595,0.9336,4.6578,-0.3316,-1.2431,-1.0606,-1.7494,-0.3002,0.1604,0.8827,3.6269,-0.3381,3.4646,3.798,0.8631,-0.1762,0.4994,-3.2215,0.7777,0.1581,2.3695,-2.7041,0.4,1.1238,1.2959,0.636,0.1416,0.5316,-0.4718,0.55,1.9713,-0.2163,-0.3811,0.4578,0.1093,0.2082,0.1654,4.1546,0.0794,-0.0366,0.7527,0.0272,0.0648,-1.08,0.1748,-4.3062,-0.2688,0.0009,0.0433,-0.074,0.3038,0.4941,0.5633,0.1188,0.2993,-3.4981,0.1777,-0.2311,-0.2868,3.5012,-0.0167,0.2351,0.1744,-0.0762,-0.2924,-0.1472,2.5191,1.5925,0.2524,0.3106,-3.2998,0.3626,-0.7959,0.328,1.0457,-0.1179,-1.0021,-4.0656,-1.5836,-1.0203,0.0122,-0.0025,1.4437,0.9491,0.1278,-0.7075,-0.0063,0.169,-0.3698,1.7654,-0.0416,-0.4296,0.2708,-0.2801,-1.0699,0.3201,0.0787,-0.5511,-1.3963,2.073,2.3845,-0.1069,0.0639,0.5838,-0.4571,0.3969,0.7146,2.8969,-0.423,-0.1947,-0.4028,0.3045,0.3215,-2.952,1.7978,0.1545,-0.68,0.5519,0.1948,-0.4175,-0.0454,-0.1264,4.5886,-0.1621,0.0704,-0.1702,0.1035,-0.4,1.0988,-0.1046,0.2453,-4.8559,0.0932,-0.3527,1.2202,0.2579,-0.036,0.8317,-0.4767,0.7869,5.7336,4.3803,0.4686,2.4245,2.401,0.1683,-0.4922,0.8304,-0.2756,0.0929,0.3704,1.2691,0.3576,1.5053,-0.7401,0.4866,0.9187,0.7629,-0.0172,0.3863,0.2887,-0.3819,0.4668,-0.0843,0.901,0.3947,0.2164,0.7064,1.1984,-0.7615,-0.3934,0.5277,0.6673,-0.6687,0.1317,0.3359,2.0255,-0.329,0.949,0.2145,0.5539,-0.1798,0.2245,3.5773,3.545,0.3285,-0.0328,-0.9512,0.2346,0.284,0.4391,1.011,1.5715,,0.3892,-0.7046,-0.4526,0.3166,-0.1763,0.2322,-0.1244,1.3642,3.5727,2.9791,1.2908,0.5613,0.7472,0.5216,0.136,0.1855,-1.5464,-0.4351,2.6681,4.2357,0.4999,-0.0059,1.6179,0.2269,0.6138,-0.2595,0.4296,0.3232,1.1719,0.6284,1.0723,1.1656,1.152,0.3217,0.0309,2.1596,1.385,0.0827,-0.098,2.7839,0.4646,0.8694,4.3476,0.0235,-3.1198,0.2095,-0.4497,6.0739,0.3036,0.1479,0.931,0.8662,3.8169,2.1689,-0.0167,2.6019,4.4991,,1.0975,4.2072,2.6414,-0.0037,-0.263,0.3977,4.3634,0.3815,0.1923,-0.6037,0.573,-0.0188,0.8632,1.3161,0.6621,0.5429,4.0821,0.4231,-0.6474,0.9778,0.1088,-0.5857,2.2679,2.7289,-0.1806,-0.9332,-0.4684,0.4341,0.5605,1.1329,0.0627,5.122,1.9557
019,PR1,SSNA-019-PR1,0.2956,0.2221,-0.9678,0.2395,2.3194,-0.397,-0.2123,-0.6703,0.6645,0.601,-0.6976,0.1229,0.4976,-0.1154,-1.8182,-0.3325,-0.4207,1.9686,0.2643,0.8954,-2.4328,-2.8131,-0.3257,-2.2858,-0.1251,0.4871,-0.5932,-0.3369,-0.3217,-0.9896,0.1115,0.0203,0.0228,-0.0976,-0.5297,-1.2603,-0.9098,0.3459,0.3638,0.9576,-0.3776,0.4587,2.7296,0.612,-1.9714,-2.1628,0.3101,-1.216,0.5989,-0.3472,-0.4579,-0.1835,-0.4159,-1.4244,-0.4316,-1.0723,-0.3949,-0.0404,-0.1132,0.7362,-0.7098,0.0878,-0.2055,-1.6743,1.0704,0.6267,0.9416,0.0092,0.736,-0.3985,-0.4758,1.289,-0.9525,-4.2494,0.0956,0.1193,0.7721,0.6411,-0.3678,-0.1353,0.8348,-1.1315,0.0342,-1.0543,0.5274,0.9243,-0.6105,0.2664,0.951,-1.5784,-0.6498,-0.6398,0.4598,0.7994,-0.5961,1.2122,1.6906,-0.2099,-0.9541,-0.2247,-6.0044,1.1032,-0.1518,0.412,-3.3875,0.7084,-0.83,0.0039,0.4517,0.3668,0.4236,-0.2652,-0.0602,1.5651,-1.2538,0.2253,-0.3732,0.2219,-0.2069,0.1841,0.7143,-0.1458,-0.1474,-0.3286,-0.2604,-0.0125,-1.0648,0.1048,-0.9416,-1.0753,-0.1157,-0.2825,-0.4694,-0.069,0.2353,0.0916,-0.3306,-0.38,-4.3126,0.4154,-0.6949,-0.6419,0.8813,0.1166,0.062,0.0761,-0.2198,-0.3804,0.531,0.3131,-0.4283,-0.3056,-0.443,-2.6792,0.2373,-1.6724,0.399,-0.4059,-0.8917,-0.4899,-3.8211,-1.2975,-1.0134,-0.7291,0.5472,-0.4586,0.0398,0.1027,-0.1593,0.028,-0.6465,-0.4235,0.7252,-0.3669,-1.3637,0.0455,-0.5903,0.3192,-0.4952,-0.5689,-1.7721,-2.3492,-1.1176,-0.9003,-0.1622,-0.2441,-0.9382,-0.9889,0.891,-0.4997,-0.3776,0.2822,-0.3435,-1.1253,0.0017,0.1115,-1.4671,0.7024,-0.0949,-2.1156,0.5916,0.0966,-0.8651,-0.5873,-0.235,1.4325,0.2475,0.3351,-0.0468,-0.1824,-1.0158,1.1452,-0.9529,0.7932,-4.346,-0.5571,-0.2319,0.1554,0.6247,-0.5344,0.4163,-0.121,0.2049,2.3295,1.4173,-0.4536,0.6977,0.199,1.5481,1.2789,-0.39,0.4055,-1.6473,-0.9509,-0.2857,4.7575,0.4214,-1.4919,0.0348,0.4137,0.3589,0.0492,0.6099,0.1041,-0.3553,0.3676,-0.2217,0.7833,0.0573,0.0314,-0.4902,0.0821,0.7378,0.2201,-0.3423,-0.2212,-0.3672,0.3013,-0.4332,-0.6643,-0.3915,0.8572,0.1814,0.9414,-0.6508,0.6411,0.9602,0.7427,-2.384,0.2575,-0.3079,0.6106,0.4671,1.2013,0.272,-0.0576,,-0.5316,-1.5575,-0.7725,0.6889,-1.372,-1.3449,0.0392,1.7952,1.1114,1.3867,0.6019,-0.4539,0.5818,0.3457,0.6976,-1.233,-0.8997,-0.7718,0.794,1.4185,0.4093,-0.7737,-0.7072,-0.0245,-0.3905,-1.0771,0.7617,0.2747,-1.1201,-0.1918,-0.1208,-0.3372,-0.2901,-0.199,-0.4215,-0.1138,-0.707,-0.4183,0.0164,0.8907,-0.0868,1.102,1.0389,0.2155,-3.7601,-0.2607,0.1599,1.893,-1.38,0.2218,-0.9353,-0.8189,1.0478,0.6324,0.0112,0.3309,0.9331,,0.3086,1.7243,0.3857,0.0179,-0.347,-0.5304,1.4925,-0.5078,-0.0778,0.2667,0.1179,-1.387,0.0116,-0.2907,0.8159,0.2381,1.1183,0.479,-0.79,-0.0784,-1.7875,-1.4541,0.2485,0.233,-0.1034,-1.0516,-0.8205,-0.5377,0.1239,0.5211,-1.2471,1.7367,0.2817
019,PR2,SSNA-019-PR2,0.3583,-0.1196,-0.1819,0.2133,2.3461,-0.3598,0.1035,-0.53,0.4786,-0.7944,0.1341,-0.4122,-0.003,0.1513,-2.119,-0.3516,-0.2279,1.7393,0.0854,0.9787,-2.2666,-3.3681,-1.0054,-2.6161,0.2775,-0.2137,-0.998,0.7018,0.2013,-1.1421,-0.1286,0.3476,-0.1938,0.5389,-1.1495,-1.7267,-0.7066,0.202,0.3146,1.2023,-0.696,0.2713,2.1988,-0.0568,-2.321,-2.4687,0.4244,-1.3009,0.1272,-0.3207,-0.4521,-0.2372,-0.8463,-1.148,-0.0963,-1.0268,-0.4531,-0.3001,-0.1907,0.6003,-0.6545,-0.7439,0.7094,-1.7599,0.2677,0.0839,1.0476,0.203,0.5137,0.9934,-1.0841,0.8485,-1.1325,-3.3704,-0.631,0.6111,0.4928,0.1121,-0.2246,-0.1324,0.7528,-1.6105,-0.0246,-0.5329,0.5709,0.7184,-0.7959,0.7033,1.2916,-1.4356,-0.9616,-0.5117,0.3121,0.3566,-0.9808,0.8766,1.103,-0.0093,-0.6306,-0.8019,-6.2904,1.388,-0.0639,-0.2233,-3.9135,0.9869,-0.8058,-0.3348,0.299,0.5374,0.5622,-0.2562,-0.044,1.5587,-1.5814,0.3088,-0.2512,0.202,0.1731,0.1657,-0.1895,-0.4401,-0.1812,-0.125,-1.1299,0.3116,-0.8,0.1673,-1.4695,-0.4896,0.114,-0.0565,0.3662,-0.5219,0.1195,0.0399,-0.088,-0.5825,-4.3102,0.6611,-0.7988,-0.9502,0.3428,0.0983,0.2176,-0.0581,-1.2003,-0.6022,0.0845,0.4296,-1.1772,-0.2104,-0.0961,-2.1585,-0.2229,-1.3117,0.2102,-0.829,-1.7836,-0.6616,-4.0324,-0.8061,-1.1731,-0.6635,0.4504,-0.3298,-0.5271,-0.419,-0.6543,0.1024,-1.0555,-0.6517,0.3237,-0.2471,-1.5895,-0.1217,-0.2394,-0.2622,-0.0616,-0.3993,-1.7207,-3.1076,-1.1059,0.2683,-0.4268,-0.3481,-1.2528,-0.9894,0.6526,-0.4077,0.3955,0.1892,-0.9774,-1.0149,-0.0526,0.0381,-1.2649,0.6554,0.3481,-1.954,0.7876,0.1438,-1.1544,-0.1876,0.0631,0.2804,0.4329,0.6747,-0.1263,-0.3051,-1.1551,1.0731,-0.8637,0.354,-5.149,0.1568,0.4426,0.1839,0.9783,0.6398,0.2475,-0.4055,0.091,1.8422,1.1137,-0.3959,-0.372,-0.449,1.8341,1.506,-0.3941,0.4415,-2.0062,-0.6975,-1.1932,-0.276,0.2742,-1.8148,0.1824,0.514,-0.3942,-0.0098,0.7602,0.2059,0.2725,0.6539,0.3082,0.8742,0.5251,-0.2249,-0.5197,-0.0806,0.3979,-0.2653,-0.3435,-0.314,-0.5834,0.1917,-0.25,-1.0575,-0.5716,0.765,0.0543,0.9434,-0.2852,0.709,0.2916,0.2129,-2.0637,-0.9395,-0.3104,-0.0794,0.4759,1.2727,0.204,0.3768,,-0.0045,-1.3396,-0.5741,0.526,-1.427,-1.8786,-0.5612,1.842,0.5189,0.9089,0.4253,0.0844,0.0761,0.4338,0.6406,-0.9542,-1.0979,-0.5899,-0.032,1.0353,0.4187,-0.5452,-0.2518,0.1507,-0.1937,-1.0919,0.6272,0.19,-1.2737,-0.4788,-0.087,-0.9843,-0.4682,-0.1395,-0.3814,-1.0929,-0.7114,-0.2523,0.0818,0.3032,-0.1037,1.1722,0.3683,0.6223,-4.0131,-0.1767,0.2052,1.2624,-1.56,0.5096,-1.7123,-1.2253,0.5624,0.2257,-0.2197,0.078,0.0788,,1.1831,0.8505,0.3792,0.1004,-0.7038,-0.5749,0.7236,-0.5831,-0.1339,-0.5879,0.1843,-0.8186,-0.2091,-0.7887,0.9644,0.1905,1.6231,0.5564,-0.5811,-0.0184,-1.1575,-1.0344,-0.0536,0.2048,0.3544,-1.2534,-0.5984,-0.3985,0.2377,0.5082,-1.2346,0.9947,0.2447
019,PT1,SSNA-019-PT1,1.2203,1.0959,0.9457,0.4147,2.9531,-0.2065,-0.203,-0.0872,0.9116,-0.1113,0.1055,1.5246,0.4999,-0.0432,-1.7979,-0.2375,-0.4183,2.2947,0.1351,1.2255,-1.987,-1.9801,-0.1013,-1.9686,-0.0822,-0.1375,-0.2554,0.2647,0.7665,-1.5512,-0.2979,0.2399,0.1427,-0.1335,0.0951,-2.5505,-0.5661,0.4336,0.1525,1.2475,-0.3005,0.2947,3.8523,-0.1465,-2.0655,-1.898,0.7138,-1.1349,0.7271,-0.0705,-0.1612,0.0203,-0.6027,-1.2017,-0.5482,-0.7413,-0.2049,-0.147,0.0147,0.8931,-0.0911,0.2734,0.2511,-1.7284,1.8049,1.7904,0.9795,0.2388,0.0589,-0.222,-0.6387,1.4119,-1.2594,-3.3609,-0.5782,0.926,1.4914,-0.0407,-0.186,0.5859,0.8194,-0.4064,0.2291,-0.2597,0.9233,2.028,-0.4156,1.2525,1.2858,-1.2328,-1.0756,0.1448,0.7595,1.6193,-0.4592,2.1396,2.4872,0.1237,-0.5325,-0.5324,-4.2829,1.532,0.0532,1.3863,-3.5207,0.687,-0.2953,0.6154,0.3769,0.6634,0.7181,0.0242,0.4225,1.4787,-0.7342,0.3993,0.0645,0.2992,0.1656,0.2965,1.7789,-0.1008,-0.0489,0.1969,0.2911,0.4707,-0.8024,0.0135,-1.079,-0.8099,0.0018,0.1239,-0.0501,0.4579,0.1745,0.2552,-0.0719,0.1192,-4.16,0.5303,-0.0563,-0.5657,1.9347,-0.0068,0.3185,-0.0033,-2.9559,-0.4663,-0.1799,0.684,-1.0189,-0.0853,0.0746,-2.1606,0.0938,-1.0854,0.6003,-0.2747,-0.9107,-1.1672,-3.8617,-0.8721,-0.9053,-0.1762,0.7686,0.3633,-0.4078,0.3817,-0.7027,0.3021,0.1708,-0.4139,1.0182,-0.2012,-1.0005,0.001,-0.4818,-0.6854,0.1874,-0.4227,-1.6751,-2.912,0.0104,0.3494,-0.1294,-0.4247,-0.4399,-0.9321,1.1013,-0.3208,1.5307,0.7951,-0.9979,-0.794,0.4662,0.2473,-1.8509,1.1126,0.13,-1.8799,0.6056,0.1705,-0.9531,-0.3706,0.0131,2.0625,0.7608,0.9156,-0.0606,-0.0962,-0.7611,1.3748,-1.0056,0.6712,-4.8833,-0.538,-0.0387,1.0599,0.6782,-0.1595,0.3859,-1.7963,0.4453,3.1311,2.4,-0.0562,0.805,1.0912,1.9439,1.5486,-0.1814,0.113,-1.7726,-0.6418,0.0099,4.8355,0.9392,-1.7159,0.0994,0.7413,0.4357,-0.0899,0.8548,0.3379,-0.4127,0.2557,0.4182,1.0703,0.3645,0.3505,0.0885,0.372,-0.184,0.2199,0.132,-0.222,-0.1819,-0.1297,-0.1524,0.1529,-0.2533,0.7484,0.2698,1.1503,-0.35,0.1705,1.8072,1.734,-2.4069,-0.3388,0.0317,0.0294,0.702,0.9124,0.5778,0.1641,,-1.09,-1.371,-0.4434,0.298,-1.7496,-0.7287,-0.6381,1.9973,1.9118,1.4155,0.7947,0.2269,0.6655,0.6498,0.3499,-1.0005,-0.878,-0.0443,1.0392,2.6538,0.4595,-0.5505,-0.216,0.3392,-0.2975,-0.7619,1.0565,0.4786,-0.2935,0.2812,-0.3191,-0.1357,0.2913,0.0946,-0.1872,0.5477,0.1854,-0.6423,0.1671,0.681,0.2775,1.4944,2.2873,0.1225,-3.272,0.0034,-0.0782,3.5927,-0.6066,0.6846,-0.9262,-0.5506,2.2033,0.5453,0.1025,1.9705,2.2151,,0.4673,2.3782,0.9349,0.2004,0.0092,-0.2608,2.3171,-0.4184,-0.3074,0.7499,0.3408,-0.6943,-0.1887,0.3093,1.0863,0.6077,3.084,0.8056,-0.3607,0.3998,-0.4136,-1.0297,0.6319,1.2538,-0.1807,-0.7797,-0.5811,-0.3567,0.6207,1.0257,-1.0501,2.9827,0.8081
019,PT2,SSNA-019-PT2,1.5497,1.3618,0.3176,0.3934,2.5839,-0.1967,0.1173,-0.1645,0.7348,-1.3537,0.133,2.3423,1.4637,0.4764,-1.8641,-0.3127,-0.2557,1.9323,-0.0913,1.1373,-1.4946,-2.4502,-0.4618,-2.2673,0.5039,0.7356,0.1198,1.1913,1.2426,-0.8602,0.0723,0.3892,0.349,0.2601,-0.5163,-0.9226,-0.5407,0.4496,0.3943,1.0287,-0.4326,-0.3712,4.236,0.2232,-2.1598,-1.6988,0.47,-0.9221,0.5816,-0.2269,-0.2711,-0.2176,0.0502,-0.7001,-0.1664,-1.0395,-0.2388,0.0921,-0.8089,1.1051,-0.3792,0.7191,1.0546,-1.5771,2.5348,2.4049,1.536,0.1567,-0.0089,1.2329,-0.6676,1.8029,-0.7988,-2.9063,-0.0501,1.5823,2.1432,0.416,-0.1903,0.6678,0.4682,0.1808,-0.0524,-0.643,1.0496,2.794,-0.7228,1.4146,1.4009,-1.3726,-1.3742,-0.2097,0.981,2.4805,-0.9857,2.6919,3.3537,0.2626,-0.9129,-0.5135,-4.7502,1.4236,0.029,1.7933,-3.3267,0.3836,-0.2781,0.9029,0.3926,0.4447,0.7835,-0.2102,0.2715,1.5503,-0.8778,0.6687,-0.0917,0.0511,0.1058,0.149,2.5492,-0.2041,-0.2089,0.2685,-0.0672,0.3539,-1.3896,-0.1156,-1.5143,-0.5045,0.1656,-0.0278,-0.0525,0.6321,0.308,-0.0007,0.0588,-0.2654,-4.2188,-1.7426,-0.6382,-1.2061,1.9974,0.2711,0.2634,0.241,-1.2798,-0.4945,-0.0571,1.1266,-1.14,-0.3342,0.0833,-2.8419,-0.4051,-0.4956,0.2363,-0.4282,-0.5198,-0.6818,-4.4774,-0.7117,-1.0364,0.1834,0.2812,0.273,0.2088,0.1711,-0.8029,0.5628,0.0597,-0.546,1.0315,-0.1713,-1.5815,0.0595,-0.5705,-0.2391,-0.0976,-0.3694,-1.0322,-1.9557,0.8193,0.7326,-0.321,-0.3389,-0.2697,-0.8355,0.9921,-0.3627,2.1349,0.5626,-0.1828,-1.0293,0.2604,0.1739,-1.0227,1.0189,0.4845,-1.9475,0.1876,0.1289,-0.8907,-0.2154,0.1072,2.6362,0.6283,0.9826,0.5043,-0.5523,-0.988,1.2807,-0.7804,0.1824,-4.6707,-0.0854,-0.1453,1.5389,1.0517,-0.1361,-0.3154,-0.9784,0.3287,4.0561,3.0361,0.3921,1.2074,1.3638,2.0417,1.5511,-0.3546,-0.2417,-0.9908,-0.9059,0.4543,0.0325,1.0499,-1.5085,0.1977,0.6299,-0.3479,-0.0792,0.8693,0.0704,-0.4742,-0.146,0.6915,1.0487,0.1851,0.4412,0.1791,0.5305,-1.0955,-0.208,0.195,-0.2943,-0.3365,0.1498,-0.4757,0.4318,-0.6071,0.4826,0.0357,0.7964,-0.31,0.2049,2.0577,2.2898,-2.3284,-0.0208,0.0222,0.3489,0.4211,1.6031,0.4027,0.4632,,0.2566,-1.1787,-0.877,0.5779,-1.4686,-0.7459,-0.4439,1.8873,2.255,2.0652,1.1829,-0.3368,1.24,0.5006,-0.2167,-1.328,-0.2831,-0.071,1.3261,3.2693,0.1543,-0.5069,0.164,0.3472,0.0544,-0.7303,0.6845,0.2005,-0.1298,-0.0625,0.3458,0.6218,0.2898,-0.0988,-0.4015,1.0824,-0.4961,-0.6757,-0.0032,1.5877,0.5316,1.3933,2.7505,0.6809,-3.2286,0.4493,0.069,4.4343,-0.8524,0.808,-0.3449,0.3381,2.487,1.1548,-0.1905,0.8114,2.7265,,0.0995,3.1881,1.8079,0.0718,-0.5715,-0.3418,2.8621,-0.2984,-0.4952,-0.8356,0.2359,-1.0471,0.0797,0.3461,1.0437,0.738,2.5025,0.7575,-0.4362,0.363,-0.4205,-0.9462,1.3783,1.5367,-0.5526,-1.1382,-0.4454,-0.3291,0.667,0.8906,-1.0959,3.8179,1.485
,,CONTROL_SAMPLE_US_CS_AS_2-1,-0.9869,-0.8613,0.4363,0.1538,1.6982,-0.1681,-0.3797,1.3458,0.6761,0.2667,-0.11,-0.0342,-1.53,-0.214,-1.8887,-0.1418,-0.1885,0.1027,-0.1738,-0.5523,-2.2303,-3.14,-0.1995,-2.4239,0.0853,0.4166,-0.887,-0.3297,-0.4484,-0.8973,0.0434,1.0931,0.0139,-0.1788,0.1108,-1.2807,-0.0328,0.0346,0.2981,0.5748,-0.2112,0.1081,-1.2047,0.4771,-2.0193,-2.4866,-0.028,-0.7913,-0.2929,-0.1296,-0.7032,-0.2733,-0.2352,-0.0059,-0.0503,-0.1999,0.0252,0.4555,0.1929,0.0471,-0.3666,-0.3379,-0.5255,-0.3995,-1.0365,-0.8285,0.7541,0.0224,-0.0539,0.1425,-1.26,1.0002,0.0332,-2.8099,-0.1899,0.0976,-1.1514,-0.4608,-0.3528,-0.3103,-0.5541,-1.692,-0.2299,-0.5848,0.0311,-0.9367,-0.3272,-0.4412,0.1926,-0.4598,0.0475,-0.7155,0.6836,-1.2149,-0.0334,-1.1652,0.1971,1.2418,-0.4621,-0.239,-1.2756,-0.1407,-0.0511,-0.7062,-3.3204,-0.5274,-0.7344,0.2719,0.0225,0.007,0.0664,0.0342,0.2189,0.8834,-1.3402,-0.0146,-0.5106,0.1711,-0.1509,-0.0399,-1.0989,-0.1268,-0.0517,-0.4499,-0.2356,-0.0047,-1.6912,-0.236,-1.7305,-0.8813,-0.2387,-0.3479,-1.298,-0.3764,0.1057,-0.0088,-0.2687,-0.2999,-0.1352,1.5977,-0.4904,-0.9482,-0.6155,-0.753,0.1429,0.2642,-0.7532,-0.1124,-0.2556,0.3908,1.06,-0.2201,-0.1206,-2.2174,-1.4943,0.9187,-0.0179,0.5288,3.1606,-0.0084,-3.9782,1.1224,0.1066,-0.5003,-0.4707,-0.8766,-0.1831,-0.7676,-0.2936,0.392,-0.4542,-0.1333,-0.342,-0.052,-0.2593,-0.0262,-0.202,-1.4788,-0.0429,-0.6641,-0.4603,-2.0474,-1.6355,0.5591,-0.4938,-1.5456,-1.623,-1.2385,0.2332,-0.3455,-1.2956,0.7882,-0.2708,-0.614,-0.6301,0.0783,-0.3681,0.5971,-1.9087,-0.9416,-0.0478,-0.1749,1.7835,-0.4689,-0.1101,0.484,-1.4825,0.0175,2.2812,-0.3434,-0.5846,0.7798,-0.2502,0.1968,-4.7055,-0.4318,0.7346,-0.5933,-0.2681,0.3235,0.1356,-1.5104,0.2054,-0.2239,-0.2009,-0.4477,-0.485,-0.477,-0.3094,0.6889,0.247,-0.1965,-1.293,0.0662,-1.3293,6.2077,-0.2019,-1.4934,-0.0453,0.503,1.5052,-0.2314,0.102,-1.1536,-0.4197,-0.5415,-2.1524,0.7927,-0.0159,-0.3464,-0.166,0.2473,-0.7729,-0.2322,0.1745,-0.0384,-0.3169,0.8913,-0.5226,-1.8889,-0.0327,0.2983,0.1379,-0.0765,-0.621,0.2497,-2.0067,-1.1436,-0.1595,-0.6718,-0.2579,0.4029,0.0103,0.5689,-0.0533,0.506,,0.0993,-1.0503,-0.8342,0.8191,-1.3574,0.4114,0.255,1.0125,-1.3166,0.2528,0.1488,-0.089,0.3383,0.3737,-0.5035,-0.1098,-0.4109,0.4181,-0.3046,-0.2147,-0.0718,-0.0107,-0.3054,0.2289,-0.2482,-0.5054,0.0371,-0.2969,-0.8519,-0.5882,-0.1801,1.5734,-0.2856,-0.3854,-0.0553,-1.2464,-0.9444,0.1794,-0.153,0.0247,0.3749,0.8058,-1.8968,0.4439,-2.0559,-1.2289,-0.4271,-1.6611,-1.676,0.4211,-1.9929,-1.6411,0.2735,0.0007,0.267,0.6479,-0.7738,,0.2715,-0.4334,-0.5875,-0.2177,-1.1615,-0.3119,-0.8623,0.1182,-0.2957,-0.7091,-0.0792,-0.6446,-0.2099,-0.38,0.1102,-0.8233,-1.1066,0.2176,-0.6479,-0.4238,-0.02,0.5433,-0.5001,-0.4063,0.1953,-0.564,-0.3574,0.0467,-0.577,0.2121,-0.0842,-0.385,-0.5462
,,CONTROL_SAMPLE_US_CS_AS_2-2,-1.1352,-0.4759,-0.7975,0.175,1.7888,-0.0492,-0.0742,1.4629,0.5766,0.2072,0.7165,0.2234,-0.5014,-0.6193,-2.1244,-0.1374,-0.3919,-0.1346,-0.2628,0.1818,-2.2277,-3.222,-0.2371,-2.4504,-0.843,0.4771,-0.4167,-0.2405,-0.8492,-0.58,0.1803,0.9162,-0.9644,-0.1897,-0.4287,-1.7911,0.0174,-0.2401,0.3641,0.5473,-0.5965,0.2779,-1.6131,-0.189,-1.8756,-2.2028,0.0603,-0.6961,-0.2848,-0.2794,-0.8189,-0.274,-0.5428,0.1896,-0.3031,-0.334,0.0316,0.3584,0.0748,0.0876,-0.7724,-0.1752,-0.292,-0.6237,-2.3297,-0.6411,0.982,0.095,-0.5461,-0.3425,-0.5549,-0.7641,-0.0778,-3.0617,-0.0094,-0.2955,-0.819,-0.1916,-0.2547,-0.6865,-0.5188,-1.3423,0.0131,-0.2488,0.0474,-1.4594,-0.1368,-0.412,0.1274,-0.3141,0.1721,-0.6104,0.9082,-0.4953,-0.1608,-1.2146,-0.5995,1.4046,-0.7457,-0.3863,-1.9316,0.0089,-0.2143,-0.91,-3.5245,-0.4633,-0.499,0.3066,0.0684,0.1062,0.0988,-0.0314,0.2836,0.4858,-1.2437,-0.3095,-0.4212,0.2743,-0.1279,0.0476,-1.1252,-0.1142,-0.018,-0.5648,0.2375,0.3202,-0.8337,-0.1019,-1.6928,-0.7407,-0.0271,-0.0271,0.0024,0.0076,-0.1455,0.0536,-0.3313,-0.296,-0.0807,1.067,-0.393,-1.0268,-0.6733,-0.4464,0.1644,0.0277,-1.9578,0.0658,0.0679,0.6951,0.9986,-0.238,0.0391,-1.7861,-1.2735,0.9285,0.055,0.1656,3.0644,0.1882,-5.6068,1.1564,-0.0266,-0.4945,-0.4586,-1.0658,-0.1689,-0.7982,-0.6321,0.4598,-0.6819,-0.0413,-0.0805,-0.1868,-0.3973,-0.011,-0.197,-0.6235,-0.3317,-0.3983,-0.5917,-2.2185,-1.5039,-0.3194,-0.4163,-0.3835,-1.3024,-1.2856,0.0511,-0.3109,-1.1769,0.7891,-0.8286,-0.4533,-0.4387,-0.0131,-0.4228,0.6511,-1.9471,-0.9517,-0.0833,-0.0307,1.6743,-0.609,-0.0348,0.2199,-1.6897,0.0431,1.6322,-0.4043,-0.5531,0.7587,-0.3169,1.1538,-5.0228,-0.0539,-0.7196,-0.0622,-0.1736,-0.3815,0.4168,-0.374,0.1902,-0.6136,-0.9467,-0.3085,-1.0376,-0.5873,-0.248,0.6899,0.3472,-0.2444,-1.8617,0.073,-1.2461,0.0385,-0.5313,-1.5359,-0.1126,0.4683,1.1926,-0.1481,0.0241,-1.1146,-0.1106,-0.3987,-2.2646,0.8441,-0.095,-0.4621,-0.971,0.2541,-0.7746,0.0667,0.0497,-0.0854,-0.4041,0.2013,0.0726,-1.938,0.0576,0.0249,-0.1083,-0.1477,-0.5956,0.3315,-0.6779,-0.7059,-0.2038,-0.3452,-0.6963,0.5403,0.1988,0.2007,-0.346,-0.354,,-0.2809,-1.4676,-1.1335,0.0825,-1.2042,0.3685,0.5565,1.0845,-1.2444,0.5641,0.3972,0.2066,0.7703,0.3854,0.0833,0.0244,-1.1242,0.2497,-0.2364,-0.1838,-0.0233,-0.0394,-0.6893,-0.0944,-0.0204,-0.5229,-0.0407,-0.3942,-1.1319,-0.4991,-0.3379,1.109,-0.5416,-0.3731,-0.0371,-1.3893,-0.6626,-0.4576,-0.1033,-0.6161,0.185,0.8896,-1.9331,0.1246,-2.1955,-0.736,-0.4272,-1.5946,-1.6833,0.4383,-2.6323,-0.4432,0.0054,-0.3282,-0.4214,0.903,-0.4532,,0.2809,-0.9843,0.1615,0.0315,-1.1264,-0.2381,-0.7881,0.2683,-0.4895,-0.4423,-0.1573,-0.142,-1.0316,-0.5488,0.2212,-0.4892,-1.2628,-0.3421,-0.4727,-0.1753,-0.1885,0.5911,-1.164,-0.4013,0.3333,-0.7229,-0.2093,0.2618,-0.5043,0.1972,0.0674,-0.2937,-0.1372
