comparison	panel	assay_id	n_loo	n_sign_match	sign_match_rate	baseline_q	retained_q_lt_05	n_retained_q_lt_05	n_retained_q_lt_10
PR2-PR1	Neurology	OID20983	2	2	1	0.9898101864326513	false	0	0
PR2-PR1	Inflammation	OID20635	2	2	1	0.9898101864326513	false	0	0
PR2-PR1	Oncology	OID21388	2	2	1	0.9898101864326513	false	0	0
PR2-PR1	Cardiometabolic_II	OID30239	2	2	1	0.930074841250774	false	0	0
PR2-PR1	Neurology	OID21015	2	2	1	0.9898101864326513	false	0	0
PR2-PR1	Inflammation_II	OID30672	2	2	1	0.9898101864326513	false	0	0
PR2-PR1	Inflammation	OID20582	2	2	1	0.9898101864326513	false	0	0
PR2-PR1	Oncology_II	OID31456	2	2	1	0.9898101864326513	false	0	0
PR2-PR1	Neurology_II	OID30814	2	2	1	0.9898101864326513	false	0	0
PR2-PR1	Inflammation_II	OID30435	2	2	1	0.8307676297895593	false	0	0
PR2-PR1	Neurology_II	OID30985	2	2	1	0.9898101864326513	false	0	0
PR2-PR1	Inflammation	OID20726	2	2	1	0.9898101864326513	false	0	0
PR2-PR1	Inflammation	OID20531	2	2	1	0.9898101864326513	false	0	0
PR2-PR1	Inflammation_II	OID30651	2	2	1	0.9898101864326513	false	0	0
PR2-PR1	Inflammation	OID20575	2	2	1	0.9898101864326513	false	0	0
PR2-PR1	Inflammation	OID20787	2	2	1	0.9898101864326513	false	0	0
PR2-PR1	Cardiometabolic	OID20190	2	2	1	0.9309663360528255	false	0	0
PR2-PR1	Neurology_II	OID30828	2	2	1	0.9898101864326513	false	0	0
PR2-PR1	Oncology	OID21354	2	2	1	0.9898101864326513	false	0	0
PR2-PR1	Neurology_II	OID31128	2	2	1	0.9898101864326513	false	0	0
PR2-PR1	Oncology_II	OID31355	2	2	1	0.9898101864326513	false	0	0
PR2-PR1	Inflammation_II	OID30770	2	2	1	0.9898101864326513	false	0	0
PR2-PR1	Oncology	OID21173	2	2	1	0.9906935130730229	false	0	0
PR2-PR1	Cardiometabolic	OID20159	2	2	1	0.9898101864326513	false	0	0
PR2-PR1	Oncology	OID21201	2	2	1	0.9898101864326513	false	0	0
PR2-PR1	Inflammation	OID20561	2	2	1	0.9898101864326513	false	0	0
PR2-PR1	Inflammation	OID20447	2	2	1	0.8636638751909406	false	0	0
PR2-PR1	Cardiometabolic	OID20296	2	2	1	0.996366439459726	false	0	0
PR2-PR1	Neurology_II	OID31105	2	2	1	0.9898101864326513	false	0	0
PR2-PR1	Cardiometabolic	OID20110	2	2	1	0.9898101864326513	false	0	0
PR2-PR1	Inflammation_II	OID30502	2	2	1	0.9898101864326513	false	0	0
PR2-PR1	Neurology_II	OID30848	2	2	1	0.9970866059385488	false	0	0
PR2-PR1	Oncology_II	OID31303	2	2	1	0.9898101864326513	false	0	0
PR2-PR1	Cardiometabolic	OID20056	2	2	1	0.9898101864326513	false	0	0
PR2-PR1	Inflammation_II	OID30488	2	2	1	0.9898101864326513	false	0	0
PR2-PR1	Cardiometabolic_II	OID30271	2	2	1	0.9898101864326513	false	0	0
PR2-PR1	Inflammation	OID20691	2	2	1	0.9898101864326513	false	0	0
PR2-PR1	Inflammation	OID20559	2	2	1	0.9898101864326513	false	0	0
PR2-PR1	Cardiometabolic_II	OID30183	2	2	1	0.9898101864326513	false	0	0
PR2-PR1	Cardiometabolic	OID20247	2	2	1	0.9760611257664702	false	0	0
PR2-PR1	Neurology_II	OID30829	2	2	1	0.9898101864326513	false	0	0
PR2-PR1	Cardiometabolic_II	OID30130	2	2	1	0.8676465249033395	false	0	0
PR2-PR1	Inflammation	OID20550	2	2	1	0.9898101864326513	false	0	0
PR2-PR1	Cardiometabolic	OID20125	2	2	1	0.9898101864326513	false	0	0
PR2-PR1	Oncology_II	OID31235	2	2	1	0.9898101864326513	false	0	0
PR2-PR1	Neurology_II	OID31131	2	2	1	0.9898101864326513	false	0	0
PR2-PR1	Oncology	OID21494	2	2	1	0.9898101864326513	false	0	0
PR2-PR1	Cardiometabolic	OID20218	2	2	1	0.9898101864326513	false	0	0
PR2-PR1	Inflammation_II	OID30455	2	2	1	0.9898101864326513	false	0	0
PR2-PR1	Neurology_II	OID31097	2	2	1	0.9898101864326513	false	0	0
PR2-PR1	Oncology	OID21199	2	2	1	0.9898101864326513	false	0	0
PR2-PR1	Inflammation	OID20547	2	2	1	0.9898101864326513	false	0	0
PR2-PR1	Cardiometabolic	OID20078	2	2	1	0.9898101864326513	false	0	0
PR2-PR1	Inflammation	OID20678	2	2	1	0.9898101864326513	false	0	0
PR2-PR1	Cardiometabolic	OID20367	2	2	1	0.2275155400725977	false	0	0
PR2-PR1	Neurology	OID20939	2	2	1	0.9898101864326513	false	0	0
PR2-PR1	Inflammation_II	OID30555	2	2	1	0.994346371754364	false	0	0
PR2-PR1	Neurology_II	OID31000	2	2	1	0.9898101864326513	false	0	0
PR2-PR1	Cardiometabolic	OID20194	2	2	1	0.9898101864326513	false	0	0
PR2-PR1	Inflammation_II	OID30619	2	2	1	0.9898101864326513	false	0	0
PR2-PR1	Oncology_II	OID31272	2	2	1	0.9898101864326513	false	0	0
PR2-PR1	Inflammation	OID20637	2	2	1	0.9898101864326513	false	0	0
PR2-PR1	Oncology_II	OID31427	2	2	1	0.930074841250774	false	0	0
PR2-PR1	Cardiometabolic	OID20164	2	2	1	0.9898101864326513	false	0	0
PR2-PR1	Inflammation_II	OID30789	2	2	1	0.9898101864326513	false	0	0
PR2-PR1	Neurology	OID20922	2	2	1	0.9937260657131372	false	0	0
PR2-PR1	Neurology_II	OID30980	2	2	1	0.9990092596695851	false	0	0
PR2-PR1	Oncology	OID21188	2	2	1	0.9898101864326513	false	0	0
PR2-PR1	Oncology_II	OID31374	2	2	1	0.9898101864326513	false	0	0
PR2-PR1	Inflammation_II	OID30708	2	2	1	0.9898101864326513	false	0	0
PR2-PR1	Neurology_II	OID31042	2	2	1	0.9898101864326513	false	0	0
PR2-PR1	Inflammation_II	OID30678	2	2	1	0.9898101864326513	false	0	0
PR2-PR1	Inflammation	OID20767	2	2	1	0.9898101864326513	false	0	0
PR2-PR1	Inflammation_II	OID30423	2	2	1	0.9952701721682232	false	0	0
PR2-PR1	Oncology	OID21516	2	2	1	0.9898101864326513	false	0	0
PR2-PR1	Oncology_II	OID31215	2	2	1	0.9898101864326513	false	0	0
PR2-PR1	Inflammation	OID20535	2	2	1	0.9898101864326513	false	0	0
PR2-PR1	Cardiometabolic_II	OID30345	2	2	1	0.9898101864326513	false	0	0
PR2-PR1	Cardiometabolic	OID20081	2	2	1	0.9898101864326513	false	0	0
PR2-PR1	Neurology_II	OID30931	2	2	1	0.9898101864326513	false	0	0
PR2-PR1	Cardiometabolic	OID20322	2	2	1	0.9898101864326513	false	0	0
PR2-PR1	Neurology_II	OID30824	2	2	1	0.9898101864326513	false	0	0
PR2-PR1	Inflammation	OID20502	2	2	1	0.9898101864326513	false	0	0
PR2-PR1	Cardiometabolic	OID20080	2	2	1	0.9952701721682232	false	0	0
PR2-PR1	Inflammation	OID20590	2	2	1	0.9898101864326513	false	0	0
PR2-PR1	Cardiometabolic	OID20151	2	2	1	0.9898101864326513	false	0	0
PR2-PR1	Cardiometabolic_II	OID30198	2	2	1	0.9898101864326513	false	0	0
PR2-PR1	Neurology_II	OID30807	2	2	1	0.994346371754364	false	0	0
PR2-PR1	Inflammation	OID20456	2	2	1	0.9898101864326513	false	0	0
PR2-PR1	Inflammation	OID20715	2	2	1	0.9898101864326513	false	0	0
PR2-PR1	Cardiometabolic	OID20097	2	2	1	0.9898101864326513	false	0	0
PR2-PR1	Oncology_II	OID31358	2	2	1	0.9898101864326513	false	0	0
PR2-PR1	Neurology	OID21144	2	2	1	0.9898101864326513	false	0	0
PR2-PR1	Neurology_II	OID30820	2	2	1	0.9898101864326513	false	0	0
PR2-PR1	Oncology	OID21317	2	2	1	0.9918138607325128	false	0	0
PR2-PR1	Oncology_II	OID31523	2	2	1	0.9898101864326513	false	0	0
PR2-PR1	Cardiometabolic_II	OID30411	2	2	1	0.9898101864326513	false	0	0
PR2-PR1	Oncology_II	OID31185	2	2	1	0.9898101864326513	false	0	0
PR2-PR1	Oncology	OID21216	2	2	1	0.9898101864326513	false	0	0
PR2-PR1	Cardiometabolic	OID20241	2	2	1	0.9898101864326513	false	0	0
PR2-PR1	Inflammation	OID20611	2	2	1	0.9898101864326513	false	0	0
PR2-PR1	Oncology_II	OID31393	2	2	1	0.9898101864326513	false	0	0
PR2-PR1	Neurology	OID20946	2	2	1	0.9898101864326513	false	0	0
PR2-PR1	Inflammation_II	OID30784	2	2	1	0.9898101864326513	false	0	0
PR2-PR1	Oncology_II	OID31268	2	2	1	0.9898101864326513	false	0	0
PR2-PR1	Inflammation	OID20674	2	2	1	0.9898101864326513	false	0	0
PR2-PR1	Oncology_II	OID31349	2	2	1	0.9898101864326513	false	0	0
PR2-PR1	Inflammation_II	OID30637	2	2	1	0.996366439459726	false	0	0
PR2-PR1	Oncology_II	OID31354	2	2	1	0.9898101864326513	false	0	0
PR2-PR1	Cardiometabolic_II	OID30325	2	2	1	0.9898101864326513	false	0	0
PR2-PR1	Neurology_II	OID31016	2	2	1	0.9898101864326513	false	0	0
PR2-PR1	Oncology_II	OID31359	2	2	1	0.9898101864326513	false	0	0
PR2-PR1	Cardiometabolic_II	OID30191	2	2	1	0.9898101864326513	false	0	0
PR2-PR1	Oncology	OID21492	2	2	1	0.9952701721682232	false	0	0
PR2-PR1	Neurology	OID20954	2	2	1	0.9898101864326513	false	0	0
PR2-PR1	Inflammation	OID20708	2	2	1	0.6392540208559647	false	0	0
PR2-PR1	Neurology	OID20872	2	2	1	0.9918138607325128	false	0	0
PR2-PR1	Oncology	OID21419	2	2	1	0.6683278792240702	false	0	0
PR2-PR1	Neurology_II	OID30977	2	2	1	0.9898101864326513	false	0	0
PR2-PR1	Oncology	OID21361	2	2	1	0.9898101864326513	false	0	0
PR2-PR1	Neurology	OID20795	2	2	1	0.9309663360528255	false	0	0
PR2-PR1	Cardiometabolic_II	OID30347	2	2	1	0.9898101864326513	false	0	0
PR2-PR1	Neurology	OID20951	2	2	1	0.9898101864326513	false	0	0
PR2-PR1	Inflammation_II	OID30578	2	2	1	0.9970866059385488	false	0	0
PR2-PR1	Cardiometabolic	OID20086	2	2	1	0.9898101864326513	false	0	0
PR2-PR1	Cardiometabolic	OID20348	2	2	1	0.9898101864326513	false	0	0
PR2-PR1	Cardiometabolic	OID20211	2	2	1	0.9952701721682232	false	0	0
PR2-PR1	Cardiometabolic	OID20176	2	2	1	0.9898101864326513	false	0	0
PR2-PR1	Oncology_II	OID31386	2	2	1	0.9898101864326513	false	0	0
PR2-PR1	Oncology	OID21482	2	2	1	0.9898101864326513	false	0	0
PR2-PR1	Neurology	OID20863	2	2	1	0.9898101864326513	false	0	0
PR2-PR1	Inflammation	OID20567	2	2	1	0.9898101864326513	false	0	0
PR2-PR1	Oncology	OID21466	2	2	1	0.9898101864326513	false	0	0
PR2-PR1	Inflammation_II	OID30726	2	2	1	0.9898101864326513	false	0	0
PR2-PR1	Inflammation_II	OID30635	2	2	1	0.9898101864326513	false	0	0
PR2-PR1	Neurology	OID20856	2	2	1	0.9898101864326513	false	0	0
PR2-PR1	Cardiometabolic_II	OID30090	2	2	1	0.9898101864326513	false	0	0
PR2-PR1	Neurology	OID21151	2	2	1	0.9898101864326513	false	0	0
PR2-PR1	Cardiometabolic_II	OID30262	2	2	1	0.9898101864326513	false	0	0
PR2-PR1	Inflammation_II	OID30727	2	2	1	0.9898101864326513	false	0	0
PR2-PR1	Neurology_II	OID30852	2	2	1	0.9898101864326513	false	0	0
PR2-PR1	Oncology_II	OID31389	2	2	1	0.9898101864326513	false	0	0
PR2-PR1	Oncology_II	OID31309	2	2	1	0.9898101864326513	false	0	0
PR2-PR1	Oncology	OID21418	2	2	1	0.9898101864326513	false	0	0
PR2-PR1	Cardiometabolic_II	OID30142	2	2	1	0.9898101864326513	false	0	0
PR2-PR1	Cardiometabolic_II	OID30327	2	2	1	0.9898101864326513	false	0	0
PR2-PR1	Neurology_II	OID31077	2	2	1	0.9898101864326513	false	0	0
PR2-PR1	Neurology_II	OID30917	2	2	1	0.9898101864326513	false	0	0
PR2-PR1	Inflammation_II	OID30688	2	2	1	0.9898101864326513	false	0	0
PR2-PR1	Oncology_II	OID31260	2	2	1	0.9898101864326513	false	0	0
PR2-PR1	Oncology_II	OID31236	2	2	1	0.9898101864326513	false	0	0
PR2-PR1	Oncology_II	OID31379	2	2	1	0.9898101864326513	false	0	0
PR2-PR1	Neurology	OID20866	2	2	1	0.9898101864326513	false	0	0
PR2-PR1	Oncology_II	OID31381	2	2	1	0.9898101864326513	false	0	0
PR2-PR1	Cardiometabolic_II	OID30224	2	2	1	0.9898101864326513	false	0	0
PR2-PR1	Inflammation_II	OID30668	2	2	1	0.9898101864326513	false	0	0
PR2-PR1	Cardiometabolic_II	OID30259	2	2	1	0.994346371754364	false	0	0
PR2-PR1	Cardiometabolic_II	OID30075	2	2	1	0.9898101864326513	false	0	0
PR2-PR1	Neurology	OID20882	2	2	1	0.9898101864326513	false	0	0
PR2-PR1	Oncology	OID21503	2	2	1	0.9898101864326513	false	0	0
PR2-PR1	Cardiometabolic	OID20152	2	2	1	0.9898101864326513	false	0	0
PR2-PR1	Oncology	OID21389	2	2	1	0.9898101864326513	false	0	0
PR2-PR1	Oncology_II	OID31166	2	2	1	0.9898101864326513	false	0	0
PR2-PR1	Cardiometabolic_II	OID30357	2	2	1	0.9898101864326513	false	0	0
PR2-PR1	Inflammation	OID20656	2	2	1	0.9898101864326513	false	0	0
PR2-PR1	Oncology	OID21378	2	2	1	0.9898101864326513	false	0	0
PR2-PR1	Neurology	OID20880	2	2	1	0.9898101864326513	false	0	0
PR2-PR1	Neurology_II	OID31040	2	2	1	0.9898101864326513	false	0	0
PR2-PR1	Inflammation	OID20621	2	2	1	0.9898101864326513	false	0	0
PR2-PR1	Oncology	OID21166	2	2	1	0.9898101864326513	false	0	0
PR2-PR1	Cardiometabolic_II	OID30151	2	2	1	0.996366439459726	false	0	0
PR2-PR1	Inflammation_II	OID30762	2	2	1	0.9898101864326513	false	0	0
PR2-PR1	Oncology	OID21432	2	2	1	0.9898101864326513	false	0	0
PR2-PR1	Neurology	OID21118	2	2	1	0.9898101864326513	false	0	0
PR2-PR1	Neurology	OID20919	2	2	1	0.9898101864326513	false	0	0
PR2-PR1	Neurology	OID20832	2	2	1	0.9898101864326513	false	0	0
PR2-PR1	Inflammation	OID20744	2	2	1	0.9898101864326513	false	0	0
PR2-PR1	Inflammation_II	OID30501	2	2	1	0.9898101864326513	false	0	0
PR2-PR1	Oncology	OID21219	2	2	1	0.9898101864326513	false	0	0
PR2-PR1	Neurology_II	OID30915	2	2	1	0.2275155400725977	false	0	0
PR2-PR1	Inflammation	OID20763	2	2	1	0.9898101864326513	false	0	0
PR2-PR1	Oncology	OID21307	2	2	1	0.9898101864326513	false	0	0
PR2-PR1	Oncology	OID21245	2	2	1	0.9898101864326513	false	0	0
PR2-PR1	Inflammation_II	OID30473	2	2	1	0.9952701721682232	false	0	0
PR2-PR1	Neurology	OID20920	2	2	1	0.9898101864326513	false	0	0
PR2-PR1	Neurology_II	OID31012	2	2	1	0.9898101864326513	false	0	0
PR2-PR1	Neurology_II	OID30975	2	2	1	0.9898101864326513	false	0	0
PR2-PR1	Cardiometabolic_II	OID30286	2	2	1	0.9898101864326513	false	0	0
PR2-PR1	Neurology	OID21008	2	2	1	0.9898101864326513	false	0	0
PR2-PR1	Inflammation	OID20540	2	2	1	0.9898101864326513	false	0	0
PR2-PR1	Inflammation	OID20657	2	2	1	0.9898101864326513	false	0	0
PR2-PR1	Cardiometabolic_II	OID30193	2	2	1	0.9898101864326513	false	0	0
PR2-PR1	Oncology_II	OID31290	2	2	1	0.9898101864326513	false	0	0
PR2-PR1	Inflammation	OID20527	2	2	1	0.9898101864326513	false	0	0
PR2-PR1	Oncology_II	OID31410	2	2	1	0.9898101864326513	false	0	0
PR2-PR1	Inflammation_II	OID30612	2	2	1	0.9898101864326513	false	0	0
PR2-PR1	Neurology_II	OID30988	2	2	1	0.9898101864326513	false	0	0
PR2-PR1	Oncology	OID21441	2	2	1	0.9898101864326513	false	0	0
PR2-PR1	Neurology_II	OID31057	2	2	1	0.9898101864326513	false	0	0
PR2-PR1	Oncology	OID21489	2	2	1	0.9898101864326513	false	0	0
PR2-PR1	Inflammation_II	OID30589	2	2	1	0.9898101864326513	false	0	0
PR2-PR1	Inflammation	OID20425	2	2	1	0.9898101864326513	false	0	0
PR2-PR1	Oncology_II	OID31256	2	2	1	0.9898101864326513	false	0	0
PR2-PR1	Neurology	OID20906	2	2	1	0.9898101864326513	false	0	0
PR2-PR1	Inflammation	OID20636	2	2	1	0.9898101864326513	false	0	0
PR2-PR1	Cardiometabolic_II	OID30379	2	2	1	0.9898101864326513	false	0	0
PR2-PR1	Oncology_II	OID31164	2	2	1	0.9898101864326513	false	0	0
PR2-PR1	Inflammation_II	OID30465	2	2	1	0.9898101864326513	false	0	0
PR2-PR1	Inflammation_II	OID30683	2	2	1	0.9898101864326513	false	0	0
PR2-PR1	Inflammation	OID20658	2	2	1	0.9898101864326513	false	0	0
PR2-PR1	Neurology_II	OID30861	2	2	1	0.9898101864326513	false	0	0
PR2-PR1	Oncology	OID21302	2	2	1	0.9898101864326513	false	0	0
PR2-PR1	Neurology_II	OID30910	2	2	1	0.9898101864326513	false	0	0
PR2-PR1	Oncology_II	OID31190	2	2	1	0.9906935130730229	false	0	0
PR2-PR1	Oncology	OID21186	2	2	1	0.9898101864326513	false	0	0
PR2-PR1	Inflammation	OID20442	2	2	1	0.9898101864326513	false	0	0
PR2-PR1	Oncology_II	OID31433	2	2	1	0.9898101864326513	false	0	0
PR2-PR1	Oncology	OID21511	2	2	1	0.9898101864326513	false	0	0
PR2-PR1	Cardiometabolic_II	OID30097	2	2	1	0.9898101864326513	false	0	0
PR2-PR1	Neurology	OID20822	2	2	1	0.9898101864326513	false	0	0
PR2-PR1	Inflammation_II	OID30550	2	2	1	0.9898101864326513	false	0	0
PR2-PR1	Cardiometabolic_II	OID30246	2	2	1	0.9898101864326513	false	0	0
PR2-PR1	Inflammation_II	OID30677	2	2	1	0.9898101864326513	false	0	0
PR2-PR1	Inflammation_II	OID30552	2	2	1	0.9898101864326513	false	0	0
PR2-PR1	Oncology	OID21449	2	2	1	0.9898101864326513	false	0	0
PR2-PR1	Inflammation	OID20524	2	2	1	0.9898101864326513	false	0	0
PR2-PR1	Inflammation	OID20780	2	2	1	0.9898101864326513	false	0	0
PR2-PR1	Oncology	OID21498	2	2	1	0.994346371754364	false	0	0
PR2-PR1	Cardiometabolic	OID20343	2	2	1	0.9898101864326513	false	0	0
PR2-PR1	Oncology	OID21238	2	2	1	0.9898101864326513	false	0	0
PR2-PR1	Cardiometabolic_II	OID30057	2	2	1	0.9898101864326513	false	0	0
PR2-PR1	Oncology	OID21463	2	2	1	0.9898101864326513	false	0	0
PR2-PR1	Oncology_II	OID31398	2	2	1	0.9898101864326513	false	0	0
PR2-PR1	Inflammation_II	OID30721	2	2	1	0.9898101864326513	false	0	0
PR2-PR1	Cardiometabolic_II	OID30241	2	2	1	0.9952701721682232	false	0	0
PR2-PR1	Inflammation	OID20681	2	2	1	0.9898101864326513	false	0	0
PR2-PR1	Inflammation_II	OID30504	2	2	1	0.9898101864326513	false	0	0
PR2-PR1	Inflammation	OID20501	2	2	1	0.9898101864326513	false	0	0
PR2-PR1	Neurology_II	OID30911	2	2	1	0.9898101864326513	false	0	0
PR2-PR1	Inflammation_II	OID30767	2	2	1	0.9918138607325128	false	0	0
PR2-PR1	Cardiometabolic	OID20274	2	2	1	0.9898101864326513	false	0	0
PR2-PR1	Oncology_II	OID31360	2	2	1	0.9898101864326513	false	0	0
PR2-PR1	Cardiometabolic_II	OID30220	2	2	1	0.9898101864326513	false	0	0
PR2-PR1	Cardiometabolic	OID20345	2	2	1	0.9898101864326513	false	0	0
PR2-PR1	Neurology_II	OID30809	2	2	1	0.9898101864326513	false	0	0
PR2-PR1	Cardiometabolic	OID20134	2	2	1	0.9898101864326513	false	0	0
PR2-PR1	Neurology	OID20897	2	2	1	0.9898101864326513	false	0	0
PR2-PR1	Neurology	OID21076	2	2	1	0.9898101864326513	false	0	0
PR2-PR1	Oncology_II	OID31255	2	2	1	0.9898101864326513	false	0	0
PR2-PR1	Cardiometabolic_II	OID30418	2	2	1	0.9898101864326513	false	0	0
PR2-PR1	Oncology	OID21362	2	2	1	0.9898101864326513	false	0	0
PR2-PR1	Cardiometabolic_II	OID30319	2	2	1	0.9898101864326513	false	0	0
PR2-PR1	Oncology	OID21527	2	2	1	0.9898101864326513	false	0	0
PR2-PR1	Neurology	OID20861	2	2	1	0.9898101864326513	false	0	0
PR2-PR1	Oncology_II	OID31189	2	2	1	0.9898101864326513	false	0	0
PR2-PR1	Inflammation	OID20675	2	2	1	0.9898101864326513	false	0	0
PR2-PR1	Neurology_II	OID31107	2	2	1	0.9898101864326513	false	0	0
PR2-PR1	Oncology	OID21510	2	2	1	0.9898101864326513	false	0	0
PR2-PR1	Inflammation	OID20717	2	2	1	0.9898101864326513	false	0	0
PR2-PR1	Inflammation_II	OID30764	2	2	1	0.9898101864326513	false	0	0
PR2-PR1	Cardiometabolic_II	OID30257	2	2	1	0.9898101864326513	false	0	0
PR2-PR1	Oncology	OID21521	2	2	1	0.9898101864326513	false	0	0
PR2-PR1	Cardiometabolic_II	OID30314	2	2	1	0.9898101864326513	false	0	0
PR2-PR1	Neurology	OID21131	2	2	1	0.9898101864326513	false	0	0
PR2-PR1	Oncology_II	OID31304	2	2	1	0.9898101864326513	false	0	0
PR2-PR1	Oncology	OID21422	2	2	1	0.9898101864326513	false	0	0
PR2-PR1	Inflammation_II	OID30777	2	2	1	0.9898101864326513	false	0	0
PR2-PR1	Neurology_II	OID31119	2	2	1	0.9898101864326513	false	0	0
PR2-PR1	Oncology	OID21399	2	2	1	0.9898101864326513	false	0	0
PR2-PR1	Inflammation_II	OID30756	2	2	1	0.9898101864326513	false	0	0
PR2-PR1	Neurology_II	OID31075	2	2	1	0.9898101864326513	false	0	0
PR2-PR1	Cardiometabolic	OID20374	2	2	1	0.9898101864326513	false	0	0
PR2-PR1	Oncology	OID21234	2	2	1	0.9898101864326513	false	0	0
PR2-PR1	Inflammation	OID20532	2	2	1	0.9898101864326513	false	0	0
PR2-PR1	Inflammation_II	OID30748	2	2	1	0.7637166031015569	false	0	0
PR2-PR1	Inflammation_II	OID30579	2	2	1	0.9898101864326513	false	0	0
PR2-PR1	Cardiometabolic_II	OID30326	2	2	1	0.9898101864326513	false	0	0
PR2-PR1	Cardiometabolic_II	OID30225	2	2	1	0.9898101864326513	false	0	0
PR2-PR1	Inflammation	OID20632	2	2	1	0.9898101864326513	false	0	0
PR2-PR1	Cardiometabolic	OID20232	2	2	1	0.9898101864326513	false	0	0
PR2-PR1	Inflammation_II	OID30772	2	2	1	0.9898101864326513	false	0	0
PR2-PR1	Cardiometabolic_II	OID30260	2	2	1	0.930074841250774	false	0	0
PR2-PR1	Cardiometabolic_II	OID30219	2	2	1	0.9898101864326513	false	0	0
PR2-PR1	Cardiometabolic_II	OID30180	2	2	1	0.9898101864326513	false	0	0
PR2-PR1	Inflammation_II	OID30788	2	2	1	0.9898101864326513	false	0	0
PR2-PR1	Cardiometabolic_II	OID30380	2	2	1	0.9898101864326513	false	0	0
PR2-PR1	Oncology	OID21314	2	2	1	0.9898101864326513	false	0	0
PR2-PR1	Cardiometabolic_II	OID30178	2	2	1	0.9898101864326513	false	0	0
PR2-PR1	Inflammation_II	OID30728	2	2	1	0.9898101864326513	false	0	0
PR2-PR1	Cardiometabolic	OID20349	2	2	1	0.9898101864326513	false	0	0
PR2-PR1	Cardiometabolic_II	OID30346	2	2	1	0.9898101864326513	false	0	0
PR2-PR1	Inflammation	OID20444	2	2	1	0.994346371754364	false	0	0
PR2-PR1	Oncology_II	OID31161	2	2	1	0.9898101864326513	false	0	0
PR2-PR1	Inflammation_II	OID30765	2	2	1	0.9898101864326513	false	0	0
PR2-PR1	Inflammation_II	OID30434	2	2	1	0.6392540208559647	false	0	0
PR2-PR1	Neurology	OID20862	2	2	1	0.9898101864326513	false	0	0
PR2-PR1	Inflammation	OID20552	2	2	1	0.9898101864326513	false	0	0
PR2-PR1	Inflammation	OID20714	2	2	1	0.9898101864326513	false	0	0
PR2-PR1	Cardiometabolic_II	OID30277	2	2	1	0.9898101864326513	false	0	0
PR2-PR1	Cardiometabolic_II	OID30250	2	2	1	0.9760611257664702	false	0	0
PR2-PR1	Cardiometabolic_II	OID30400	2	2	1	0.9898101864326513	false	0	0
PR2-PR1	Neurology_II	OID30864	2	2	1	0.9898101864326513	false	0	0
PR2-PR1	Oncology_II	OID31252	2	2	1	0.6051646855990032	false	0	0
PR2-PR1	Neurology_II	OID30799	2	2	1	0.994346371754364	false	0	0
PR2-PR1	Neurology	OID20817	2	2	1	0.9898101864326513	false	0	0
PR2-PR1	Neurology_II	OID30987	2	2	1	0.9898101864326513	false	0	0
PR2-PR1	Oncology	OID21480	2	2	1	0.9898101864326513	false	0	0
PR2-PR1	Neurology_II	OID31112	2	2	1	0.9898101864326513	false	0	0
PR2-PR1	Neurology_II	OID30831	2	2	1	0.9898101864326513	false	0	0
PR2-PR1	Inflammation_II	OID30749	2	2	1	0.9898101864326513	false	0	0
PR2-PR1	Cardiometabolic_II	OID30091	2	2	1	0.9898101864326513	false	0	0
PR2-PR1	Neurology_II	OID31135	2	2	1	0.9898101864326513	false	0	0
PR2-PR1	Cardiometabolic_II	OID30083	2	2	1	0.9898101864326513	false	0	0
PR2-PR1	Oncology_II	OID31391	2	2	1	0.9898101864326513	false	0	0
PR2-PR1	Neurology	OID20886	2	2	1	0.9898101864326513	false	0	0
PR2-PR1	Neurology	OID21105	2	2	1	0.8636638751909406	false	0	0
PR2-PR1	Neurology	OID21141	2	2	1	0.9898101864326513	false	0	0
PR2-PR1	Cardiometabolic_II	OID30054	2	2	1	0.9898101864326513	false	0	0
PR2-PR1	Cardiometabolic_II	OID30308	2	2	1	0.9898101864326513	false	0	0
PR2-PR1	Inflammation	OID20676	2	2	1	0.9898101864326513	false	0	0
PR2-PR1	Cardiometabolic	OID20288	2	2	1	0.9898101864326513	false	0	0
PR2-PR1	Oncology	OID21305	2	2	1	0.9952701721682232	false	0	0
PR2-PR1	Neurology_II	OID31115	2	2	1	0.9898101864326513	false	0	0
PR2-PR1	Neurology	OID20936	2	2	1	0.9898101864326513	false	0	0
PR2-PR1	Neurology	OID20921	2	2	1	0.930074841250774	false	0	0
PR2-PR1	Inflammation_II	OID30703	2	2	1	0.9898101864326513	false	0	0
PR2-PR1	Neurology	OID21018	2	2	1	0.9898101864326513	false	0	0
PR2-PR1	Inflammation	OID20596	2	2	1	0.9898101864326513	false	0	0
PR2-PR1	Neurology_II	OID31149	2	2	1	0.9898101864326513	false	0	0
PR2-PR1	Inflammation_II	OID30659	2	2	1	0.9898101864326513	false	0	0
PR2-PR1	Oncology	OID21290	2	2	1	0.9898101864326513	false	0	0
PR2-PR1	Oncology_II	OID31312	2	2	1	0.9898101864326513	false	0	0
PR2-PR1	Neurology	OID20974	2	2	1	0.9898101864326513	false	0	0
PR2-PR1	Inflammation	OID20607	2	2	1	0.9898101864326513	false	0	0
PR2-PR1	Neurology	OID21090	2	2	1	0.8676465249033395	false	0	0
PR2-PR1	Oncology_II	OID31447	2	2	1	0.9952701721682232	false	0	0
PR2-PR1	Cardiometabolic_II	OID30111	2	2	1	0.9898101864326513	false	0	0
PR2-PR1	Cardiometabolic_II	OID30188	2	2	1	0.9898101864326513	false	0	0
PR2-PR1	Cardiometabolic	OID20178	2	2	1	0.9898101864326513	false	0	0
PR2-PR1	Inflammation_II	OID30493	2	2	1	0.9898101864326513	false	0	0
PR2-PR1	Oncology	OID21331	2	2	1	0.9898101864326513	false	0	0
PR2-PR1	Inflammation_II	OID30746	2	2	1	0.9898101864326513	false	0	0
PR2-PR1	Oncology	OID21358	2	2	1	0.9898101864326513	false	0	0
PR2-PR1	Neurology	OID20990	2	2	1	0.9898101864326513	false	0	0
PR2-PR1	Inflammation_II	OID30536	2	2	1	0.9898101864326513	false	0	0
PR2-PR1	Oncology	OID21189	2	2	1	0.9898101864326513	false	0	0
PR2-PR1	Neurology	OID20904	2	2	1	0.9898101864326513	false	0	0
PR2-PR1	Neurology	OID21011	2	2	1	0.9898101864326513	false	0	0
PR2-PR1	Inflammation_II	OID30572	2	2	1	0.9898101864326513	false	0	0
PR2-PR1	Cardiometabolic	OID20144	2	2	1	0.9898101864326513	false	0	0
PR2-PR1	Oncology_II	OID31399	2	2	1	0.9898101864326513	false	0	0
PR2-PR1	Inflammation_II	OID30436	2	2	1	0.9898101864326513	false	0	0
PR2-PR1	Cardiometabolic	OID20338	2	2	1	0.9898101864326513	false	0	0
PR2-PR1	Oncology	OID21425	2	2	1	0.9898101864326513	false	0	0
PR2-PR1	Oncology_II	OID31453	2	2	1	0.9898101864326513	false	0	0
PR2-PR1	Cardiometabolic	OID20310	2	2	1	0.9898101864326513	false	0	0
PR2-PR1	Neurology	OID20833	2	2	1	0.9898101864326513	false	0	0
PR2-PR1	Neurology_II	OID30966	2	2	1	0.9898101864326513	false	0	0
PR2-PR1	Inflammation	OID20546	2	2	1	0.9898101864326513	false	0	0
PR2-PR1	Neurology	OID21058	2	2	1	0.9898101864326513	false	0	0
PR2-PR1	Cardiometabolic	OID20400	2	2	1	0.9898101864326513	false	0	0
PR2-PR1	Oncology_II	OID31160	2	2	1	0.8117758000001806	false	0	0
PR2-PR1	Neurology_II	OID31108	2	2	1	0.9898101864326513	false	0	0
PR2-PR1	Neurology	OID21099	2	2	1	0.9898101864326513	false	0	0
PR2-PR1	Neurology_II	OID31017	2	2	1	0.9898101864326513	false	0	0
PR2-PR1	Oncology_II	OID31196	2	2	1	0.9898101864326513	false	0	0
PR2-PR1	Cardiometabolic_II	OID30268	2	2	1	0.9898101864326513	false	0	0
PR2-PR1	Oncology	OID21398	2	2	1	0.9898101864326513	false	0	0
PR2-PR1	Inflammation_II	OID30630	2	2	1	0.9898101864326513	false	0	0
PR2-PR1	Oncology_II	OID31514	2	2	1	0.9898101864326513	false	0	0
PR2-PR1	Neurology	OID20978	2	2	1	0.9898101864326513	false	0	0
PR2-PR1	Neurology	OID21033	2	2	1	0.9898101864326513	false	0	0
PR2-PR1	Neurology_II	OID30993	2	2	1	0.9898101864326513	false	0	0
PR2-PR1	Inflammation_II	OID30476	2	2	1	0.9898101864326513	false	0	0
PR2-PR1	Cardiometabolic_II	OID30205	2	2	1	0.987398319940843	false	0	0
PR2-PR1	Cardiometabolic_II	OID30382	2	2	1	0.9898101864326513	false	0	0
PR2-PR1	Neurology_II	OID31150	2	2	1	0.9898101864326513	false	0	0
PR2-PR1	Oncology	OID21255	2	2	1	0.9898101864326513	false	0	0
PR2-PR1	Oncology_II	OID31519	2	2	1	0.9898101864326513	false	0	0
PR2-PR1	Inflammation_II	OID30422	2	2	1	0.9898101864326513	false	0	0
PR2-PR1	Oncology_II	OID31372	2	2	1	0.9898101864326513	false	0	0
PR2-PR1	Inflammation_II	OID30704	2	2	1	0.9898101864326513	false	0	0
PR2-PR1	Oncology	OID21470	2	2	1	0.9898101864326513	false	0	0
PR2-PR1	Inflammation_II	OID30516	2	2	1	0.9898101864326513	false	0	0
PR2-PR1	Neurology	OID20981	2	2	1	0.9898101864326513	false	0	0
PR2-PR1	Inflammation_II	OID30657	2	2	1	0.9898101864326513	false	0	0
PR2-PR1	Inflammation_II	OID30652	2	2	1	0.9898101864326513	false	0	0
PR2-PR1	Inflammation	OID20685	2	2	1	0.9898101864326513	false	0	0
PR2-PR1	Neurology_II	OID31129	2	2	1	0.9898101864326513	false	0	0
PR2-PR1	Cardiometabolic	OID20315	2	2	1	0.9898101864326513	false	0	0
PR2-PR1	Oncology	OID21224	2	2	1	0.9898101864326513	false	0	0
PR2-PR1	Neurology	OID20809	2	2	1	0.9898101864326513	false	0	0
PR2-PR1	Cardiometabolic	OID20301	2	2	1	0.9898101864326513	false	0	0
PR2-PR1	Inflammation_II	OID30750	2	2	1	0.9168171635428559	false	0	0
PR2-PR1	Oncology_II	OID31264	2	2	1	0.9898101864326513	false	0	0
PR2-PR1	Cardiometabolic_II	OID30221	2	2	1	0.9898101864326513	false	0	0
PR2-PR1	Cardiometabolic_II	OID30093	2	2	1	0.9898101864326513	false	0	0
PR2-PR1	Oncology_II	OID31346	2	2	1	0.9898101864326513	false	0	0
PR2-PR1	Cardiometabolic	OID20309	2	2	1	0.9898101864326513	false	0	0
PR2-PR1	Neurology	OID20869	2	2	1	0.6614456454606914	false	0	0
PR2-PR1	Oncology_II	OID31281	2	2	1	0.9898101864326513	false	0	0
PR2-PR1	Cardiometabolic_II	OID30172	2	2	1	0.9898101864326513	false	0	0
PR2-PR1	Inflammation	OID20543	2	2	1	0.99853172005994	false	0	0
PR2-PR1	Cardiometabolic_II	OID30332	2	2	1	0.9898101864326513	false	0	0
PR2-PR1	Inflammation	OID20493	2	2	1	0.9898101864326513	false	0	0
PR2-PR1	Neurology	OID21082	2	2	1	0.9898101864326513	false	0	0
PR2-PR1	Neurology_II	OID30921	2	2	1	0.9898101864326513	false	0	0
PR2-PR1	Oncology	OID21491	2	2	1	0.9898101864326513	false	0	0
PR2-PR1	Cardiometabolic	OID20256	2	2	1	0.9898101864326513	false	0	0
PR2-PR1	Oncology	OID21453	2	2	1	0.9898101864326513	false	0	0
PR2-PR1	Inflammation_II	OID30558	2	2	1	0.9898101864326513	false	0	0
PR2-PR1	Oncology_II	OID31251	2	2	1	0.9898101864326513	false	0	0
PR2-PR1	Oncology	OID21214	2	2	1	0.9898101864326513	false	0	0
PR2-PR1	Inflammation	OID20696	2	2	1	0.9898101864326513	false	0	0
PR2-PR1	Inflammation	OID20565	2	2	1	0.9898101864326513	false	0	0
PR2-PR1	Oncology	OID21210	2	2	1	0.9898101864326513	false	0	0
PR2-PR1	Neurology	OID20887	2	2	1	0.9898101864326513	false	0	0
PR2-PR1	Neurology	OID21054	2	2	1	0.8636638751909406	false	0	0
PR2-PR1	Cardiometabolic	OID20133	2	2	1	0.9898101864326513	false	0	0
PR2-PR1	Inflammation	OID20748	2	2	1	0.9898101864326513	false	0	0
PR2-PR1	Cardiometabolic	OID20238	2	2	1	0.9898101864326513	false	0	0
PR2-PR1	Neurology_II	OID30969	2	2	1	0.9898101864326513	false	0	0
PR2-PR1	Neurology_II	OID30804	2	2	1	0.9898101864326513	false	0	0
PR2-PR1	Inflammation	OID20541	2	2	1	0.9898101864326513	false	0	0
PR2-PR1	Inflammation_II	OID30433	2	2	1	0.9169480698552053	false	0	0
PR2-PR1	Inflammation_II	OID30599	2	2	1	0.9898101864326513	false	0	0
PR2-PR1	Cardiometabolic	OID20407	2	2	1	0.9898101864326513	false	0	0
PR2-PR1	Inflammation	OID20667	2	2	1	0.9898101864326513	false	0	0
PR2-PR1	Cardiometabolic_II	OID30270	2	2	1	0.9898101864326513	false	0	0
PR2-PR1	Oncology_II	OID31499	2	2	1	0.9898101864326513	false	0	0
PR2-PR1	Oncology_II	OID31321	2	2	1	0.9898101864326513	false	0	0
PR2-PR1	Cardiometabolic_II	OID30210	2	2	1	0.9898101864326513	false	0	0
PR2-PR1	Cardiometabolic_II	OID30078	2	2	1	0.9898101864326513	false	0	0
PR2-PR1	Oncology	OID21332	2	2	1	0.9898101864326513	false	0	0
PR2-PR1	Inflammation	OID20736	2	2	1	0.9898101864326513	false	0	0
PR2-PR1	Neurology	OID20850	2	2	1	0.9898101864326513	false	0	0
PR2-PR1	Cardiometabolic	OID20317	2	2	1	0.9898101864326513	false	0	0
PR2-PR1	Cardiometabolic	OID20104	2	2	1	0.9898101864326513	false	0	0
PR2-PR1	Oncology_II	OID31501	2	2	1	0.994346371754364	false	0	0
PR2-PR1	Oncology	OID21184	2	2	1	0.994346371754364	false	0	0
PR2-PR1	Cardiometabolic_II	OID30230	2	2	1	0.9898101864326513	false	0	0
PR2-PR1	Neurology_II	OID31078	2	2	1	0.9898101864326513	false	0	0
PR2-PR1	Cardiometabolic_II	OID30104	2	2	1	0.6051646855990032	false	0	0
PR2-PR1	Cardiometabolic	OID20375	2	2	1	0.9898101864326513	false	0	0
PR2-PR1	Cardiometabolic_II	OID30365	2	2	1	0.9898101864326513	false	0	0
PR2-PR1	Neurology_II	OID31036	2	2	1	0.994346371754364	false	0	0
PR2-PR1	Neurology	OID20825	2	2	1	0.996366439459726	false	0	0
PR2-PR1	Oncology	OID21322	2	2	1	0.996366439459726	false	0	0
PR2-PR1	Cardiometabolic	OID20093	2	2	1	0.9898101864326513	false	0	0
PR2-PR1	Neurology_II	OID30923	2	2	1	0.987398319940843	false	0	0
PR2-PR1	Neurology_II	OID30965	2	2	1	0.9898101864326513	false	0	0
PR2-PR1	Inflammation	OID20545	2	2	1	0.9898101864326513	false	0	0
PR2-PR1	Neurology	OID20800	2	2	1	0.9898101864326513	false	0	0
PR2-PR1	Inflammation_II	OID30580	2	2	1	0.9898101864326513	false	0	0
PR2-PR1	Neurology	OID20988	2	2	1	0.9898101864326513	false	0	0
PR2-PR1	Neurology	OID20970	2	2	1	0.9898101864326513	false	0	0
PR2-PR1	Cardiometabolic_II	OID30265	2	2	1	0.9906935130730229	false	0	0
PR2-PR1	Neurology	OID20896	2	2	1	0.9925559381663952	false	0	0
PR2-PR1	Inflammation	OID20679	2	2	1	0.9898101864326513	false	0	0
PR2-PR1	Cardiometabolic_II	OID30263	2	2	1	0.9898101864326513	false	0	0
PR2-PR1	Neurology_II	OID30944	2	2	1	0.994346371754364	false	0	0
PR2-PR1	Neurology	OID21045	2	2	1	0.9898101864326513	false	0	0
PR2-PR1	Oncology	OID21349	2	2	1	0.9898101864326513	false	0	0
PR2-PR1	Oncology	OID21213	2	2	1	0.9898101864326513	false	0	0
PR2-PR1	Cardiometabolic	OID20388	2	2	1	0.9760611257664702	false	0	0
PR2-PR1	Neurology_II	OID30926	2	2	1	0.9898101864326513	false	0	0
PR2-PR1	Neurology	OID21073	2	2	1	0.9898101864326513	false	0	0
PR2-PR1	Cardiometabolic_II	OID30138	2	2	1	0.9898101864326513	false	0	0
PR2-PR1	Cardiometabolic_II	OID30184	2	2	1	0.9898101864326513	false	0	0
PR2-PR1	Cardiometabolic	OID20239	2	2	1	0.9898101864326513	false	0	0
PR2-PR1	Oncology_II	OID31289	2	2	1	0.9898101864326513	false	0	0
PR2-PR1	Neurology_II	OID31048	2	2	1	0.9898101864326513	false	0	0
PR2-PR1	Neurology_II	OID31024	2	2	1	0.9898101864326513	false	0	0
PR2-PR1	Neurology	OID21013	2	2	1	0.9898101864326513	false	0	0
PR2-PR1	Inflammation	OID20732	2	2	1	0.9898101864326513	false	0	0
PR2-PR1	Neurology_II	OID31142	2	2	1	0.9906935130730229	false	0	0
PR2-PR1	Neurology	OID21043	2	2	1	0.9898101864326513	false	0	0
PR2-PR1	Neurology	OID21140	2	2	1	0.9898101864326513	false	0	0
PR2-PR1	Oncology_II	OID31339	2	2	1	0.9898101864326513	false	0	0
PR2-PR1	Cardiometabolic	OID20281	2	2	1	0.9898101864326513	false	0	0
PR2-PR1	Oncology_II	OID31511	2	2	1	0.930074841250774	false	0	0
PR2-PR1	Oncology	OID21467	2	2	1	0.9898101864326513	false	0	0
PR2-PR1	Cardiometabolic_II	OID30413	2	2	1	0.9898101864326513	false	0	0
PR2-PR1	Neurology	OID20969	2	2	1	0.9898101864326513	false	0	0
PR2-PR1	Inflammation_II	OID30643	2	2	1	0.9898101864326513	false	0	0
PR2-PR1	Oncology	OID21220	2	2	1	0.9898101864326513	false	0	0
PR2-PR1	Neurology	OID20967	2	2	1	0.9898101864326513	false	0	0
PR2-PR1	Oncology_II	OID31493	2	2	1	0.5736594684890178	false	0	0
PR2-PR1	Neurology_II	OID31101	2	2	1	0.9898101864326513	false	0	0
PR2-PR1	Neurology	OID20885	2	2	1	0.9898101864326513	false	0	0
PR2-PR1	Cardiometabolic	OID20321	2	2	1	0.9898101864326513	false	0	0
PR2-PR1	Inflammation_II	OID30773	2	2	1	0.9898101864326513	false	0	0
PR2-PR1	Cardiometabolic	OID20227	2	2	1	0.9906935130730229	false	0	0
PR2-PR1	Inflammation	OID20419	2	2	1	0.9898101864326513	false	0	0
PR2-PR1	Cardiometabolic_II	OID30339	2	2	1	0.9898101864326513	false	0	0
PR2-PR1	Oncology_II	OID31483	2	2	1	0.9898101864326513	false	0	0
PR2-PR1	Cardiometabolic_II	OID30234	2	2	1	0.9898101864326513	false	0	0
PR2-PR1	Cardiometabolic_II	OID30320	2	2	1	0.9168171635428559	false	0	0
PR2-PR1	Cardiometabolic_II	OID30061	2	2	1	0.9952701721682232	false	0	0
PR2-PR1	Inflammation	OID20452	2	2	1	0.9898101864326513	false	0	0
PR2-PR1	Oncology_II	OID31178	2	2	1	0.9898101864326513	false	0	0
PR2-PR1	Oncology	OID21246	2	2	1	0.9898101864326513	false	0	0
PR2-PR1	Neurology_II	OID30803	2	2	1	0.9898101864326513	false	0	0
PR2-PR1	Inflammation_II	OID30454	2	2	1	0.9898101864326513	false	0	0
PR2-PR1	Inflammation_II	OID30569	2	2	1	0.8307676297895593	false	0	0
PR2-PR1	Oncology	OID21376	2	2	1	0.9898101864326513	false	0	0
PR2-PR1	Cardiometabolic_II	OID30146	2	2	1	0.9898101864326513	false	0	0
PR2-PR1	Inflammation_II	OID30685	2	2	1	0.9898101864326513	false	0	0
PR2-PR1	Cardiometabolic_II	OID30171	2	2	1	0.8636638751909406	false	0	0
PR2-PR1	Cardiometabolic	OID20410	2	2	1	0.9898101864326513	false	0	0
PR2-PR1	Neurology	OID20794	2	2	1	0.9898101864326513	false	0	0
PR2-PR1	Neurology_II	OID30960	2	2	1	0.9898101864326513	false	0	0
PR2-PR1	Cardiometabolic	OID20272	2	2	1	0.9898101864326513	false	0	0
PR2-PR1	Neurology	OID20854	2	2	1	0.9898101864326513	false	0	0
PR2-PR1	Inflammation_II	OID30529	2	2	1	0.9898101864326513	false	0	0
PR2-PR1	Cardiometabolic	OID20415	2	2	1	0.9898101864326513	false	0	0
PR2-PR1	Inflammation_II	OID30714	2	2	1	0.9898101864326513	false	0	0
PR2-PR1	Neurology	OID21014	2	2	1	0.9898101864326513	false	0	0
PR2-PR1	Cardiometabolic	OID20304	2	2	1	0.9898101864326513	false	0	0
PR2-PR1	Cardiometabolic	OID20191	2	2	1	0.9898101864326513	false	0	0
PR2-PR1	Neurology_II	OID31138	2	2	1	0.9898101864326513	false	0	0
PR2-PR1	Neurology_II	OID30888	2	2	1	0.9898101864326513	false	0	0
PR2-PR1	Neurology	OID21110	2	2	1	0.9309663360528255	false	0	0
PR2-PR1	Oncology	OID21202	2	2	1	0.9898101864326513	false	0	0
PR2-PR1	Oncology	OID21450	2	2	1	0.9898101864326513	false	0	0
PR2-PR1	Neurology_II	OID30957	2	2	1	0.9898101864326513	false	0	0
PR2-PR1	Oncology_II	OID31299	2	2	1	0.9898101864326513	false	0	0
PR2-PR1	Inflammation	OID20514	2	2	1	0.9906935130730229	false	0	0
PR2-PR1	Oncology_II	OID31357	2	2	1	0.9898101864326513	false	0	0
PR2-PR1	Oncology_II	OID31494	2	2	1	0.9898101864326513	false	0	0
PR2-PR1	Neurology_II	OID30830	2	2	1	0.987398319940843	false	0	0
PR2-PR1	Neurology_II	OID30877	2	2	1	0.9898101864326513	false	0	0
PR2-PR1	Cardiometabolic_II	OID30161	2	2	1	0.9898101864326513	false	0	0
PR2-PR1	Inflammation	OID20551	2	2	1	0.9898101864326513	false	0	0
PR2-PR1	Cardiometabolic_II	OID30336	2	2	1	0.997699649352696	false	0	0
PR2-PR1	Oncology_II	OID31441	2	2	1	0.9898101864326513	false	0	0
PR2-PR1	Inflammation_II	OID30719	2	2	1	0.9898101864326513	false	0	0
PR2-PR1	Oncology	OID21165	2	2	1	0.9898101864326513	false	0	0
PR2-PR1	Oncology_II	OID31211	2	2	1	0.9898101864326513	false	0	0
PR2-PR1	Cardiometabolic	OID20066	2	2	1	0.9898101864326513	false	0	0
PR2-PR1	Oncology	OID21209	2	2	1	0.9898101864326513	false	0	0
PR2-PR1	Neurology	OID21060	2	2	1	0.9898101864326513	false	0	0
PR2-PR1	Neurology_II	OID31117	2	2	1	0.996366439459726	false	0	0
PR2-PR1	Cardiometabolic	OID20116	2	2	1	0.9898101864326513	false	0	0
PR2-PR1	Cardiometabolic	OID20359	2	2	1	0.930074841250774	false	0	0
PR2-PR1	Oncology_II	OID31477	2	2	1	0.9898101864326513	false	0	0
PR2-PR1	Inflammation	OID20699	2	2	1	0.9898101864326513	false	0	0
PR2-PR1	Oncology	OID21171	2	2	1	0.1461624822990496	false	0	0
PR2-PR1	Inflammation	OID20587	2	2	1	0.9898101864326513	false	0	0
PR2-PR1	Oncology_II	OID31382	2	2	1	0.9898101864326513	false	0	0
PR2-PR1	Inflammation	OID20430	2	2	1	0.9898101864326513	false	0	0
PR2-PR1	Oncology	OID21167	2	2	1	0.9898101864326513	false	0	0
PR2-PR1	Oncology_II	OID31283	2	2	1	0.9898101864326513	false	0	0
PR2-PR1	Neurology	OID21038	2	2	1	0.9898101864326513	false	0	0
PR2-PR1	Inflammation	OID20529	2	2	1	0.9898101864326513	false	0	0
PR2-PR1	Oncology_II	OID31192	2	2	1	0.9898101864326513	false	0	0
PR2-PR1	Cardiometabolic_II	OID30253	2	2	1	0.9775304639192719	false	0	0
PR2-PR1	Neurology	OID20791	2	2	1	0.930074841250774	false	0	0
PR2-PR1	Cardiometabolic_II	OID30174	2	2	1	0.9898101864326513	false	0	0
PR2-PR1	Neurology_II	OID30990	2	2	1	0.9898101864326513	false	0	0
PR2-PR1	Inflammation	OID20488	2	2	1	0.9898101864326513	false	0	0
PR2-PR1	Oncology_II	OID31336	2	2	1	0.9898101864326513	false	0	0
PR2-PR1	Inflammation	OID20585	2	2	1	0.9898101864326513	false	0	0
PR2-PR1	Cardiometabolic	OID20392	2	2	1	0.9906935130730229	false	0	0
PR2-PR1	Inflammation	OID20516	2	2	1	0.9898101864326513	false	0	0
PR2-PR1	Neurology	OID20792	2	2	1	0.9898101864326513	false	0	0
PR2-PR1	Inflammation	OID20601	2	2	1	0.9898101864326513	false	0	0
PR2-PR1	Neurology	OID21125	2	2	1	0.9898101864326513	false	0	0
PR2-PR1	Oncology_II	OID31275	2	2	1	0.9918138607325128	false	0	0
PR2-PR1	Inflammation	OID20711	2	2	1	0.9898101864326513	false	0	0
PR2-PR1	Oncology	OID21364	2	2	1	0.9952701721682232	false	0	0
PR2-PR1	Oncology_II	OID31417	2	2	1	0.9898101864326513	false	0	0
PR2-PR1	Neurology	OID21115	2	2	1	0.9898101864326513	false	0	0
PR2-PR1	Neurology_II	OID31071	2	2	1	0.994346371754364	false	0	0
PR2-PR1	Cardiometabolic	OID20243	2	2	1	0.9898101864326513	false	0	0
PR2-PR1	Inflammation_II	OID30568	2	2	1	0.9898101864326513	false	0	0
PR2-PR1	Oncology_II	OID31344	2	2	1	0.9898101864326513	false	0	0
PR2-PR1	Neurology	OID20940	2	2	1	0.9898101864326513	false	0	0
PR2-PR1	Oncology	OID21465	2	2	1	0.9898101864326513	false	0	0
PR2-PR1	Oncology_II	OID31503	2	2	1	0.9898101864326513	false	0	0
PR2-PR1	Oncology_II	OID31270	2	2	1	0.9898101864326513	false	0	0
PR2-PR1	Oncology	OID21289	2	2	1	0.9898101864326513	false	0	0
PR2-PR1	Oncology	OID21303	2	2	1	0.994346371754364	false	0	0
PR2-PR1	Oncology_II	OID31406	2	2	1	0.9898101864326513	false	0	0
PR2-PR1	Neurology	OID21149	2	2	1	0.9898101864326513	false	0	0
PR2-PR1	Cardiometabolic_II	OID30213	2	2	1	0.9898101864326513	false	0	0
PR2-PR1	Cardiometabolic_II	OID30340	2	2	1	0.9898101864326513	false	0	0
PR2-PR1	Oncology_II	OID31158	2	2	1	0.994346371754364	false	0	0
PR2-PR1	Oncology_II	OID31269	2	2	1	0.9898101864326513	false	0	0
PR2-PR1	Oncology_II	OID31484	2	2	1	0.9898101864326513	false	0	0
PR2-PR1	Oncology_II	OID31364	2	2	1	0.9898101864326513	false	0	0
PR2-PR1	Neurology	OID20966	2	2	1	0.994346371754364	false	0	0
PR2-PR1	Oncology_II	OID31169	2	2	1	0.9898101864326513	false	0	0
PR2-PR1	Neurology_II	OID30896	2	2	1	0.9898101864326513	false	0	0
PR2-PR1	Inflammation_II	OID30468	2	2	1	0.9898101864326513	false	0	0
PR2-PR1	Cardiometabolic_II	OID30363	2	2	1	0.9898101864326513	false	0	0
PR2-PR1	Cardiometabolic	OID20363	2	2	1	0.9898101864326513	false	0	0
PR2-PR1	Cardiometabolic	OID20138	2	2	1	0.9898101864326513	false	0	0
PR2-PR1	Cardiometabolic	OID20213	2	2	1	0.9898101864326513	false	0	0
PR2-PR1	Oncology	OID21313	2	2	1	0.9898101864326513	false	0	0
PR2-PR1	Inflammation	OID20528	2	2	1	0.9760611257664702	false	0	0
PR2-PR1	Neurology_II	OID31034	2	2	1	0.9168171635428559	false	0	0
PR2-PR1	Cardiometabolic_II	OID30128	2	2	1	0.9898101864326513	false	0	0
PR2-PR1	Neurology	OID20874	2	2	1	0.9898101864326513	false	0	0
PR2-PR1	Neurology	OID20925	2	2	1	0.9898101864326513	false	0	0
PR2-PR1	Cardiometabolic	OID20124	2	2	1	0.9898101864326513	false	0	0
PR2-PR1	Cardiometabolic	OID20396	2	2	1	0.9898101864326513	false	0	0
PR2-PR1	Inflammation	OID20568	2	2	1	0.9898101864326513	false	0	0
PR2-PR1	Oncology_II	OID31469	2	2	1	0.9898101864326513	false	0	0
PR2-PR1	Cardiometabolic	OID20115	2	2	1	0.9898101864326513	false	0	0
PR2-PR1	Cardiometabolic	OID20292	2	2	1	0.9760611257664702	false	0	0
PR2-PR1	Inflammation	OID20617	2	2	1	0.9898101864326513	false	0	0
PR2-PR1	Cardiometabolic_II	OID30056	2	2	1	0.9898101864326513	false	0	0
PR2-PR1	Cardiometabolic	OID20054	2	2	1	0.9898101864326513	false	0	0
PR2-PR1	Cardiometabolic	OID20269	2	2	1	0.996366439459726	false	0	0
PR2-PR1	Inflammation_II	OID30724	2	2	1	0.9898101864326513	false	0	0
PR2-PR1	Cardiometabolic	OID20069	2	2	1	0.9898101864326513	false	0	0
PR2-PR1	Inflammation	OID20720	2	2	1	0.9898101864326513	false	0	0
PR2-PR1	Neurology	OID20873	2	2	1	0.9898101864326513	false	0	0
PR2-PR1	Inflammation_II	OID30443	2	2	1	0.9898101864326513	false	0	0
PR2-PR1	Inflammation	OID20439	2	2	1	0.9898101864326513	false	0	0
PR2-PR1	Neurology	OID20827	2	2	1	0.9898101864326513	false	0	0
PR2-PR1	Oncology	OID21382	2	2	1	0.9898101864326513	false	0	0
PR2-PR1	Cardiometabolic_II	OID30304	2	2	1	0.9952701721682232	false	0	0
PR2-PR1	Inflammation_II	OID30521	2	2	1	0.9898101864326513	false	0	0
PR2-PR1	Neurology_II	OID30792	2	2	1	0.9898101864326513	false	0	0
PR2-PR1	Neurology_II	OID30989	2	2	1	0.9898101864326513	false	0	0
PR2-PR1	Inflammation_II	OID30615	2	2	1	0.9898101864326513	false	0	0
PR2-PR1	Oncology	OID21330	2	2	1	0.9898101864326513	false	0	0
PR2-PR1	Inflammation	OID20661	2	2	1	0.9898101864326513	false	0	0
PR2-PR1	Inflammation	OID20600	2	2	1	0.9898101864326513	false	0	0
PR2-PR1	Inflammation_II	OID30705	2	2	1	0.9898101864326513	false	0	0
PR2-PR1	Neurology	OID20916	2	2	1	0.9952701721682232	false	0	0
PR2-PR1	Neurology_II	OID30819	2	2	1	0.9898101864326513	false	0	0
PR2-PR1	Cardiometabolic_II	OID30396	2	2	1	0.9898101864326513	false	0	0
PR2-PR1	Cardiometabolic_II	OID30238	2	2	1	0.994346371754364	false	0	0
PR2-PR1	Inflammation	OID20738	2	2	1	0.9898101864326513	false	0	0
PR2-PR1	Oncology	OID21182	2	2	1	0.996366439459726	false	0	0
PR2-PR1	Neurology	OID20884	2	2	1	0.9898101864326513	false	0	0
PR2-PR1	Inflammation	OID20544	2	2	1	0.9898101864326513	false	0	0
PR2-PR1	Inflammation	OID20489	2	2	1	0.9898101864326513	false	0	0
PR2-PR1	Inflammation_II	OID30783	2	2	1	0.9898101864326513	false	0	0
PR2-PR1	Neurology_II	OID30947	2	2	1	0.9898101864326513	false	0	0
PR2-PR1	Cardiometabolic_II	OID30386	2	2	1	0.9898101864326513	false	0	0
PR2-PR1	Inflammation	OID20664	2	2	1	0.9898101864326513	false	0	0
PR2-PR1	Oncology_II	OID31411	2	2	1	0.994346371754364	false	0	0
PR2-PR1	Inflammation	OID20760	2	2	1	0.9898101864326513	false	0	0
PR2-PR1	Inflammation	OID20584	2	2	1	0.9898101864326513	false	0	0
PR2-PR1	Cardiometabolic_II	OID30103	2	2	1	0.9898101864326513	false	0	0
PR2-PR1	Neurology	OID20938	2	2	1	0.9898101864326513	false	0	0
PR2-PR1	Oncology_II	OID31306	2	2	1	0.9898101864326513	false	0	0
PR2-PR1	Neurology_II	OID30998	2	2	1	0.994346371754364	false	0	0
PR2-PR1	Oncology	OID21509	2	2	1	0.9898101864326513	false	0	0
PR2-PR1	Inflammation	OID20706	2	2	1	0.9898101864326513	false	0	0
PR2-PR1	Inflammation_II	OID30680	2	2	1	0.9898101864326513	false	0	0
PR2-PR1	Neurology_II	OID31145	2	2	1	0.9898101864326513	false	0	0
PR2-PR1	Cardiometabolic	OID20405	2	2	1	0.9898101864326513	false	0	0
PR2-PR1	Inflammation	OID20605	2	2	1	0.9898101864326513	false	0	0
PR2-PR1	Cardiometabolic	OID20277	2	2	1	0.9898101864326513	false	0	0
PR2-PR1	Inflammation	OID20770	2	2	1	0.9898101864326513	false	0	0
PR2-PR1	Cardiometabolic_II	OID30194	2	2	1	0.9898101864326513	false	0	0
PR2-PR1	Inflammation_II	OID30601	2	2	1	0.9898101864326513	false	0	0
PR2-PR1	Inflammation_II	OID30596	2	2	1	0.9898101864326513	false	0	0
PR2-PR1	Cardiometabolic	OID20077	2	2	1	0.9898101864326513	false	0	0
PR2-PR1	Inflammation	OID20579	2	2	1	0.9898101864326513	false	0	0
PR2-PR1	Cardiometabolic	OID20268	2	2	1	0.9898101864326513	false	0	0
PR2-PR1	Cardiometabolic	OID20065	2	2	1	0.9309663360528255	false	0	0
PR2-PR1	Inflammation_II	OID30585	2	2	1	0.9898101864326513	false	0	0
PR2-PR1	Inflammation_II	OID30706	2	2	1	0.9898101864326513	false	0	0
PR2-PR1	Neurology_II	OID30837	2	2	1	0.930074841250774	false	0	0
PR2-PR1	Inflammation_II	OID30741	2	2	1	0.9169480698552053	false	0	0
PR2-PR1	Inflammation	OID20440	2	2	1	0.9898101864326513	false	0	0
PR2-PR1	Cardiometabolic	OID20402	2	2	1	0.9898101864326513	false	0	0
PR2-PR1	Inflammation	OID20426	2	2	1	0.9898101864326513	false	0	0
PR2-PR1	Oncology_II	OID31500	2	2	1	0.9898101864326513	false	0	0
PR2-PR1	Cardiometabolic_II	OID30212	2	2	1	0.9898101864326513	false	0	0
PR2-PR1	Neurology_II	OID31051	2	2	1	0.9905401280940258	false	0	0
PR2-PR1	Neurology	OID20989	2	2	1	0.9898101864326513	false	0	0
PR2-PR1	Inflammation	OID20522	2	2	1	0.9898101864326513	false	0	0
PR2-PR1	Inflammation	OID20628	2	2	1	0.9898101864326513	false	0	0
PR2-PR1	Cardiometabolic	OID20136	2	2	1	0.9898101864326513	false	0	0
PR2-PR1	Inflammation_II	OID30743	2	2	1	0.9898101864326513	false	0	0
PR2-PR1	Oncology_II	OID31227	2	2	1	0.9898101864326513	false	0	0
PR2-PR1	Inflammation	OID20695	2	2	1	0.9898101864326513	false	0	0
PR2-PR1	Cardiometabolic	OID20341	2	2	1	0.9898101864326513	false	0	0
PR2-PR1	Cardiometabolic	OID20141	2	2	1	0.9898101864326513	false	0	0
PR2-PR1	Cardiometabolic_II	OID30299	2	2	1	0.9168171635428559	false	0	0
PR2-PR1	Neurology_II	OID30933	2	2	1	0.9898101864326513	false	0	0
PR2-PR1	Cardiometabolic_II	OID30328	2	2	1	0.9898101864326513	false	0	0
PR2-PR1	Inflammation	OID20554	2	2	1	0.9898101864326513	false	0	0
PR2-PR1	Cardiometabolic_II	OID30095	2	2	1	0.9898101864326513	false	0	0
PR2-PR1	Oncology_II	OID31271	2	2	1	0.9898101864326513	false	0	0
PR2-PR1	Cardiometabolic_II	OID30098	2	2	1	0.9898101864326513	false	0	0
PR2-PR1	Inflammation	OID20768	2	2	1	0.8636638751909406	false	0	0
PR2-PR1	Neurology	OID21143	2	2	1	0.9898101864326513	false	0	0
PR2-PR1	Neurology_II	OID31140	2	2	1	0.9898101864326513	false	0	0
PR2-PR1	Inflammation_II	OID30515	2	2	1	0.9898101864326513	false	0	0
PR2-PR1	Cardiometabolic	OID20406	2	2	1	0.9898101864326513	false	0	0
PR2-PR1	Inflammation_II	OID30617	2	2	1	0.9898101864326513	false	0	0
PR2-PR1	Neurology_II	OID31029	2	2	1	0.9898101864326513	false	0	0
PR2-PR1	Oncology_II	OID31431	2	2	1	0.994346371754364	false	0	0
PR2-PR1	Cardiometabolic_II	OID30109	2	2	1	0.9898101864326513	false	0	0
PR2-PR1	Cardiometabolic	OID20112	2	2	1	0.9898101864326513	false	0	0
PR2-PR1	Inflammation_II	OID30662	2	2	1	0.9898101864326513	false	0	0
PR2-PR1	Cardiometabolic_II	OID30231	2	2	1	0.9760611257664702	false	0	0
PR2-PR1	Oncology_II	OID31174	2	2	1	0.9898101864326513	false	0	0
PR2-PR1	Oncology_II	OID31439	2	2	1	0.5736594684890178	false	0	0
PR2-PR1	Oncology	OID21486	2	2	1	0.9898101864326513	false	0	0
PR2-PR1	Cardiometabolic_II	OID30108	2	2	1	0.9906935130730229	false	0	0
PR2-PR1	Oncology	OID21407	2	2	1	0.02155743316801151	true	1	1
PR2-PR1	Neurology_II	OID30843	2	2	1	0.9898101864326513	false	0	0
PR2-PR1	Oncology_II	OID31376	2	2	1	0.9898101864326513	false	0	0
PR2-PR1	Cardiometabolic_II	OID30324	2	2	1	0.9898101864326513	false	0	0
PR2-PR1	Oncology	OID21360	2	2	1	0.9898101864326513	false	0	0
PR2-PR1	Oncology_II	OID31473	2	2	1	0.5698918331858016	false	0	0
PR2-PR1	Oncology	OID21512	2	2	1	0.9898101864326513	false	0	0
PR2-PR1	Cardiometabolic	OID20262	2	2	1	0.9898101864326513	false	0	0
PR2-PR1	Neurology_II	OID30871	2	2	1	0.9898101864326513	false	0	0
PR2-PR1	Oncology_II	OID31276	2	2	1	0.9898101864326513	false	0	0
PR2-PR1	Cardiometabolic_II	OID30112	2	2	1	0.9898101864326513	false	0	0
PR2-PR1	Inflammation_II	OID30654	2	2	1	0.9898101864326513	false	0	0
PR2-PR1	Inflammation_II	OID30497	2	2	1	0.996366439459726	false	0	0
PR2-PR1	Cardiometabolic	OID20068	2	2	1	0.9898101864326513	false	0	0
PR2-PR1	Oncology_II	OID31400	2	2	1	0.9898101864326513	false	0	0
PR2-PR1	Cardiometabolic_II	OID30358	2	2	1	0.9898101864326513	false	0	0
PR2-PR1	Oncology	OID21169	2	2	1	0.9898101864326513	false	0	0
PR2-PR1	Cardiometabolic	OID20362	2	2	1	0.9898101864326513	false	0	0
PR2-PR1	Inflammation_II	OID30656	2	2	1	0.9898101864326513	false	0	0
PR2-PR1	Inflammation_II	OID30739	2	2	1	0.9898101864326513	false	0	0
PR2-PR1	Cardiometabolic	OID20120	2	2	1	0.9898101864326513	false	0	0
PR2-PR1	Neurology	OID21003	2	2	1	0.994346371754364	false	0	0
PR2-PR1	Neurology_II	OID30802	2	2	1	0.9952701721682232	false	0	0
PR2-PR1	Neurology_II	OID31003	2	2	1	0.996366439459726	false	0	0
PR2-PR1	Neurology	OID20912	2	2	1	0.9898101864326513	false	0	0
PR2-PR1	Inflammation	OID20472	2	2	1	0.9898101864326513	false	0	0
PR2-PR1	Cardiometabolic_II	OID30248	2	2	1	0.9898101864326513	false	0	0
PR2-PR1	Oncology	OID21353	2	2	1	0.9898101864326513	false	0	0
PR2-PR1	Neurology	OID20930	2	2	1	0.9898101864326513	false	0	0
PR2-PR1	Oncology	OID21206	2	2	1	0.9898101864326513	false	0	0
PR2-PR1	Oncology_II	OID31287	2	2	1	0.987398319940843	false	0	0
PR2-PR1	Inflammation	OID20673	2	2	1	0.9898101864326513	false	0	0
PR2-PR1	Neurology	OID21137	2	2	1	0.9898101864326513	false	0	0
PR2-PR1	Neurology	OID20913	2	2	1	0.9898101864326513	false	0	0
PR2-PR1	Neurology	OID20982	2	2	1	0.9898101864326513	false	0	0
PR2-PR1	Cardiometabolic	OID20380	2	2	1	0.9898101864326513	false	0	0
PR2-PR1	Oncology	OID21187	2	2	1	0.9898101864326513	false	0	0
PR2-PR1	Cardiometabolic	OID20123	2	2	1	0.9898101864326513	false	0	0
PR2-PR1	Cardiometabolic_II	OID30081	2	2	1	0.9898101864326513	false	0	0
PR2-PR1	Cardiometabolic	OID20352	2	2	1	0.9898101864326513	false	0	0
PR2-PR1	Neurology_II	OID31122	2	2	1	0.9898101864326513	false	0	0
PR2-PR1	Neurology_II	OID31086	2	2	1	0.996366439459726	false	0	0
PR2-PR1	Oncology	OID21295	2	2	1	0.9898101864326513	false	0	0
PR2-PR1	Oncology_II	OID31347	2	2	1	0.9898101864326513	false	0	0
PR2-PR1	Cardiometabolic	OID20346	2	2	1	0.9898101864326513	false	0	0
PR2-PR1	Neurology	OID20959	2	2	1	0.9898101864326513	false	0	0
PR2-PR1	Oncology_II	OID31182	2	2	1	0.9898101864326513	false	0	0
PR2-PR1	Inflammation	OID20638	2	2	1	0.9898101864326513	false	0	0
PR2-PR1	Inflammation	OID20591	2	2	1	0.9534302837280701	false	0	0
PR2-PR1	Oncology_II	OID31311	2	2	1	0.9898101864326513	false	0	0
PR2-PR1	Inflammation_II	OID30745	2	2	1	0.9898101864326513	false	0	0
PR2-PR1	Cardiometabolic_II	OID30401	2	2	1	0.9898101864326513	false	0	0
PR2-PR1	Oncology_II	OID31397	2	2	1	0.9898101864326513	false	0	0
PR2-PR1	Inflammation	OID20473	2	2	1	0.9898101864326513	false	0	0
PR2-PR1	Neurology	OID20855	2	2	1	0.9898101864326513	false	0	0
PR2-PR1	Inflammation_II	OID30496	2	2	1	0.9898101864326513	false	0	0
PR2-PR1	Oncology_II	OID31258	2	2	1	0.9760611257664702	false	0	0
PR2-PR1	Inflammation	OID20519	2	2	1	0.9898101864326513	false	0	0
PR2-PR1	Neurology	OID20812	2	2	1	0.9898101864326513	false	0	0
PR2-PR1	Inflammation	OID20782	2	2	1	0.9169480698552053	false	0	0
PR2-PR1	Neurology	OID20956	2	2	1	0.9898101864326513	false	0	0
PR2-PR1	Oncology_II	OID31408	2	2	1	0.9898101864326513	false	0	0
PR2-PR1	Cardiometabolic	OID20282	2	2	1	0.9898101864326513	false	0	0
PR2-PR1	Oncology	OID21417	2	2	1	0.9898101864326513	false	0	0
PR2-PR1	Inflammation_II	OID30730	2	2	1	0.9898101864326513	false	0	0
PR2-PR1	Neurology	OID21009	2	2	1	0.9898101864326513	false	0	0
PR2-PR1	Cardiometabolic_II	OID30192	2	2	1	0.994346371754364	false	0	0
PR2-PR1	Neurology_II	OID30801	2	2	1	0.9898101864326513	false	0	0
PR2-PR1	Oncology	OID21412	2	2	1	0.9898101864326513	false	0	0
PR2-PR1	Oncology	OID21416	2	2	1	0.930074841250774	false	0	0
PR2-PR1	Inflammation	OID20491	2	2	1	0.9898101864326513	false	0	0
PR2-PR1	Inflammation	OID20758	2	2	1	0.9898101864326513	false	0	0
PR2-PR1	Inflammation	OID20643	2	2	1	0.9898101864326513	false	0	0
PR2-PR1	Cardiometabolic	OID20255	2	2	1	0.9898101864326513	false	0	0
PR2-PR1	Inflammation	OID20484	2	2	1	0.9898101864326513	false	0	0
PR2-PR1	Cardiometabolic_II	OID30217	2	2	1	0.9952701721682232	false	0	0
PR2-PR1	Neurology_II	OID30880	2	2	1	0.9898101864326513	false	0	0
PR2-PR1	Oncology_II	OID31450	2	2	1	0.9898101864326513	false	0	0
PR2-PR1	Inflammation_II	OID30458	2	2	1	0.9898101864326513	false	0	0
PR2-PR1	Oncology_II	OID31380	2	2	1	0.9898101864326513	false	0	0
PR2-PR1	Cardiometabolic	OID20128	2	2	1	0.9898101864326513	false	0	0
PR2-PR1	Inflammation_II	OID30565	2	2	1	0.9898101864326513	false	0	0
PR2-PR1	Cardiometabolic_II	OID30334	2	2	1	0.9898101864326513	false	0	0
PR2-PR1	Oncology	OID21517	2	2	1	0.930074841250774	false	0	0
PR2-PR1	Neurology	OID21132	2	2	1	0.9898101864326513	false	0	0
PR2-PR1	Inflammation_II	OID30679	2	2	1	0.9898101864326513	false	0	0
PR2-PR1	Inflammation_II	OID30736	2	2	1	0.9898101864326513	false	0	0
PR2-PR1	Cardiometabolic	OID20368	2	2	1	0.9898101864326513	false	0	0
PR2-PR1	Cardiometabolic_II	OID30099	2	2	1	0.9898101864326513	false	0	0
PR2-PR1	Neurology_II	OID31045	2	2	1	0.9898101864326513	false	0	0
PR2-PR1	Cardiometabolic	OID20379	2	2	1	0.9898101864326513	false	0	0
PR2-PR1	Oncology	OID21525	2	2	1	0.9898101864326513	false	0	0
PR2-PR1	Cardiometabolic	OID20205	2	2	1	0.9898101864326513	false	0	0
PR2-PR1	Oncology	OID21519	2	2	1	0.9898101864326513	false	0	0
PR2-PR1	Oncology_II	OID31179	2	2	1	0.9898101864326513	false	0	0
PR2-PR1	Cardiometabolic_II	OID30321	2	2	1	0.9898101864326513	false	0	0
PR2-PR1	Neurology_II	OID30805	2	2	1	0.9898101864326513	false	0	0
PR2-PR1	Oncology	OID21328	2	2	1	0.9168171635428559	false	0	0
PR2-PR1	Oncology_II	OID31457	2	2	1	0.9898101864326513	false	0	0
PR2-PR1	Inflammation_II	OID30437	2	2	1	0.9169480698552053	false	0	0
PR2-PR1	Inflammation_II	OID30709	2	2	1	0.9898101864326513	false	0	0
PR2-PR1	Cardiometabolic	OID20318	2	2	1	0.9898101864326513	false	0	0
PR2-PR1	Neurology	OID20945	2	2	1	0.930074841250774	false	0	0
PR2-PR1	Inflammation	OID20754	2	2	1	0.970876576585037	false	0	0
PR2-PR1	Cardiometabolic_II	OID30349	2	2	1	0.9898101864326513	false	0	0
PR2-PR1	Inflammation	OID20701	2	2	1	0.9898101864326513	false	0	0
PR2-PR1	Neurology_II	OID30838	2	2	1	0.9898101864326513	false	0	0
PR2-PR1	Cardiometabolic	OID20196	2	2	1	0.9898101864326513	false	0	0
PR2-PR1	Oncology_II	OID31207	2	2	1	0.9898101864326513	false	0	0
PR2-PR1	Neurology_II	OID30867	2	2	1	0.9898101864326513	false	0	0
PR2-PR1	Inflammation	OID20719	2	2	1	0.9898101864326513	false	0	0
PR2-PR1	Neurology	OID20947	2	2	1	0.9898101864326513	false	0	0
PR2-PR1	Inflammation	OID20648	2	2	1	0.9898101864326513	false	0	0
PR2-PR1	Oncology_II	OID31315	2	2	1	0.9898101864326513	false	0	0
PR2-PR1	Inflammation_II	OID30487	2	2	1	0.9898101864326513	false	0	0
PR2-PR1	Cardiometabolic	OID20229	2	2	1	0.9898101864326513	false	0	0
PR2-PR1	Inflammation	OID20713	2	2	1	0.9898101864326513	false	0	0
PR2-PR1	Oncology_II	OID31510	2	2	1	0.9898101864326513	false	0	0
PR2-PR1	Oncology	OID21377	2	2	1	0.930074841250774	false	0	0
PR2-PR1	Oncology_II	OID31495	2	2	1	0.9898101864326513	false	0	0
PR2-PR1	Inflammation_II	OID30576	2	2	1	0.9898101864326513	false	0	0
PR2-PR1	Inflammation	OID20464	2	2	1	0.9898101864326513	false	0	0
PR2-PR1	Oncology_II	OID31521	2	2	1	0.9898101864326513	false	0	0
PR2-PR1	Oncology_II	OID31515	2	2	1	0.6392540208559647	false	0	0
PR2-PR1	Inflammation_II	OID30466	2	2	1	0.9898101864326513	false	0	0
PR2-PR1	Cardiometabolic_II	OID30186	2	2	1	0.9898101864326513	false	0	0
PR2-PR1	Cardiometabolic_II	OID30256	2	2	1	0.9898101864326513	false	0	0
PR2-PR1	Oncology	OID21198	2	2	1	0.9898101864326513	false	0	0
PR2-PR1	Oncology_II	OID31448	2	2	1	0.9898101864326513	false	0	0
PR2-PR1	Neurology	OID21035	2	2	1	0.9898101864326513	false	0	0
PR2-PR1	Oncology_II	OID31462	2	2	1	0.9962287569275192	false	0	0
PR2-PR1	Cardiometabolic_II	OID30110	2	2	1	0.9898101864326513	false	0	0
PR2-PR1	Neurology_II	OID30886	2	2	1	0.9898101864326513	false	0	0
PR2-PR1	Inflammation	OID20683	2	2	1	0.9898101864326513	false	0	0
PR2-PR1	Oncology	OID21301	2	2	1	0.9898101864326513	false	0	0
PR2-PR1	Inflammation	OID20598	2	2	1	0.9898101864326513	false	0	0
PR2-PR1	Neurology	OID21107	2	2	1	0.9898101864326513	false	0	0
PR2-PR1	Neurology_II	OID31089	2	2	1	0.9898101864326513	false	0	0
PR2-PR1	Oncology	OID21520	2	2	1	0.9898101864326513	false	0	0
PR2-PR1	Neurology	OID21001	2	2	1	0.9898101864326513	false	0	0
PR2-PR1	Inflammation	OID20465	2	2	1	0.9898101864326513	false	0	0
PR2-PR1	Neurology_II	OID31093	2	2	1	0.9898101864326513	false	0	0
PR2-PR1	Neurology	OID21091	2	2	1	0.9898101864326513	false	0	0
PR2-PR1	Cardiometabolic	OID20079	2	2	1	0.9898101864326513	false	0	0
PR2-PR1	Neurology_II	OID31049	2	2	1	0.9898101864326513	false	0	0
PR2-PR1	Neurology	OID20889	2	2	1	0.9898101864326513	false	0	0
PR2-PR1	Cardiometabolic_II	OID30307	2	2	1	0.9898101864326513	false	0	0
PR2-PR1	Neurology	OID21052	2	2	1	0.9898101864326513	false	0	0
PR2-PR1	Inflammation_II	OID30528	2	2	1	0.9898101864326513	false	0	0
PR2-PR1	Neurology	OID20894	2	2	1	0.9898101864326513	false	0	0
PR2-PR1	Neurology_II	OID31146	2	2	1	0.9898101864326513	false	0	0
PR2-PR1	Inflammation_II	OID30779	2	2	1	0.9898101864326513	false	0	0
PR2-PR1	Oncology	OID21460	2	2	1	0.9898101864326513	false	0	0
PR2-PR1	Neurology_II	OID30823	2	2	1	0.9952701721682232	false	0	0
PR2-PR1	Cardiometabolic_II	OID30127	2	2	1	0.996366439459726	false	0	0
PR2-PR1	Neurology	OID20957	2	2	1	0.9898101864326513	false	0	0
PR2-PR1	Cardiometabolic	OID20181	2	2	1	0.9898101864326513	false	0	0
PR2-PR1	Inflammation	OID20741	2	2	1	0.9898101864326513	false	0	0
PR2-PR1	Neurology	OID21071	2	2	1	0.9898101864326513	false	0	0
PR2-PR1	Cardiometabolic	OID20062	2	2	1	0.9898101864326513	false	0	0
PR2-PR1	Oncology	OID21451	2	2	1	0.9169480698552053	false	0	0
PR2-PR1	Neurology	OID20845	2	2	1	0.9898101864326513	false	0	0
PR2-PR1	Neurology_II	OID31103	2	2	1	0.9898101864326513	false	0	0
PR2-PR1	Cardiometabolic_II	OID30362	2	2	1	0.6051646855990032	false	0	0
PR2-PR1	Inflammation	OID20460	2	2	1	0.987398319940843	false	0	0
PR2-PR1	Oncology_II	OID31177	2	2	1	0.09907811743626274	false	0	1
PR2-PR1	Neurology_II	OID31094	2	2	1	0.9898101864326513	false	0	0
PR2-PR1	Inflammation	OID20654	2	2	1	0.6392540208559647	false	0	0
PR2-PR1	Neurology_II	OID30825	2	2	1	0.9898101864326513	false	0	0
PR2-PR1	Inflammation_II	OID30633	2	2	1	0.9898101864326513	false	0	0
PR2-PR1	Inflammation	OID20474	2	2	1	0.9898101864326513	false	0	0
PR2-PR1	Oncology_II	OID31279	2	2	1	0.9898101864326513	false	0	0
PR2-PR1	Neurology_II	OID31109	2	2	1	0.9898101864326513	false	0	0
PR2-PR1	Inflammation	OID20525	2	2	1	0.9898101864326513	false	0	0
PR2-PR1	Oncology	OID21185	2	2	1	0.9898101864326513	false	0	0
PR2-PR1	Inflammation_II	OID30492	2	2	1	0.9898101864326513	false	0	0
PR2-PR1	Inflammation_II	OID30759	2	2	1	0.9898101864326513	false	0	0
PR2-PR1	Oncology	OID21523	2	2	1	0.9898101864326513	false	0	0
PR2-PR1	Inflammation	OID20666	2	2	1	0.9952701721682232	false	0	0
PR2-PR1	Inflammation_II	OID30525	2	2	1	0.9898101864326513	false	0	0
PR2-PR1	Cardiometabolic_II	OID30302	2	2	1	0.9898101864326513	false	0	0
PR2-PR1	Neurology	OID21154	2	2	1	0.9898101864326513	false	0	0
PR2-PR1	Oncology_II	OID31175	2	2	1	0.9898101864326513	false	0	0
PR2-PR1	Oncology_II	OID31259	2	2	1	0.9898101864326513	false	0	0
PR2-PR1	Cardiometabolic	OID20399	2	2	1	0.9898101864326513	false	0	0
PR2-PR1	Inflammation_II	OID30639	2	2	1	0.9898101864326513	false	0	0
PR2-PR1	Neurology_II	OID31076	2	2	1	0.9898101864326513	false	0	0
PR2-PR1	Inflammation_II	OID30444	2	2	1	0.9898101864326513	false	0	0
PR2-PR1	Oncology	OID21340	2	2	1	0.9898101864326513	false	0	0
PR2-PR1	Neurology	OID20964	2	2	1	0.9898101864326513	false	0	0
PR2-PR1	Oncology_II	OID31220	2	2	1	0.9905401280940258	false	0	0
PR2-PR1	Cardiometabolic	OID20071	2	2	1	0.9898101864326513	false	0	0
PR2-PR1	Oncology	OID21211	2	2	1	0.9898101864326513	false	0	0
PR2-PR1	Cardiometabolic_II	OID30201	2	2	1	0.9898101864326513	false	0	0
PR2-PR1	Oncology_II	OID31232	2	2	1	0.9898101864326513	false	0	0
PR2-PR1	Neurology_II	OID30970	2	2	1	0.9898101864326513	false	0	0
PR2-PR1	Neurology_II	OID31054	2	2	1	0.9898101864326513	false	0	0
PR2-PR1	Inflammation_II	OID30495	2	2	1	0.9898101864326513	false	0	0
PR2-PR1	Cardiometabolic	OID20100	2	2	1	0.9898101864326513	false	0	0
PR2-PR1	Inflammation_II	OID30499	2	2	1	0.9898101864326513	false	0	0
PR2-PR1	Neurology	OID21145	2	2	1	0.9898101864326513	false	0	0
PR2-PR1	Cardiometabolic_II	OID30354	2	2	1	0.9898101864326513	false	0	0
PR2-PR1	Neurology	OID21030	2	2	1	0.930074841250774	false	0	0
PR2-PR1	Inflammation	OID20427	2	2	1	0.9760611257664702	false	0	0
PR2-PR1	Oncology	OID21296	2	2	1	0.9898101864326513	false	0	0
PR2-PR1	Cardiometabolic_II	OID30303	2	2	1	0.9898101864326513	false	0	0
PR2-PR1	Cardiometabolic	OID20108	2	2	1	0.9898101864326513	false	0	0
PR2-PR1	Inflammation	OID20647	2	2	1	0.9169480698552053	false	0	0
PR2-PR1	Neurology	OID21000	2	2	1	0.9898101864326513	false	0	0
PR2-PR1	Neurology_II	OID31041	2	2	1	0.9898101864326513	false	0	0
PR2-PR1	Cardiometabolic_II	OID30050	2	2	1	0.9309663360528255	false	0	0
PR2-PR1	Inflammation_II	OID30682	2	2	1	0.9898101864326513	false	0	0
PR2-PR1	Oncology_II	OID31291	2	2	1	0.9011226008929123	false	0	0
PR2-PR1	Oncology_II	OID31458	2	2	1	0.9950125632490762	false	0	0
PR2-PR1	Inflammation_II	OID30554	2	2	1	0.9952701721682232	false	0	0
PR2-PR1	Neurology_II	OID31021	2	2	1	0.9898101864326513	false	0	0
PR2-PR1	Inflammation_II	OID30597	2	2	1	0.9898101864326513	false	0	0
PR2-PR1	Cardiometabolic	OID20202	2	2	1	0.9898101864326513	false	0	0
PR2-PR1	Cardiometabolic	OID20224	2	2	1	0.9898101864326513	false	0	0
PR2-PR1	Neurology_II	OID30833	2	2	1	0.9898101864326513	false	0	0
PR2-PR1	Inflammation_II	OID30512	2	2	1	0.994346371754364	false	0	0
PR2-PR1	Inflammation	OID20476	2	2	1	0.9898101864326513	false	0	0
PR2-PR1	Inflammation	OID20733	2	2	1	0.9898101864326513	false	0	0
PR2-PR1	Neurology	OID20923	2	2	1	0.9898101864326513	false	0	0
PR2-PR1	Neurology	OID20948	2	2	1	0.9898101864326513	false	0	0
PR2-PR1	Oncology_II	OID31414	2	2	1	0.9898101864326513	false	0	0
PR2-PR1	Oncology	OID21247	2	2	1	0.9898101864326513	false	0	0
PR2-PR1	Oncology	OID21230	2	2	1	0.9898101864326513	false	0	0
PR2-PR1	Inflammation_II	OID30470	2	2	1	0.9898101864326513	false	0	0
PR2-PR1	Cardiometabolic_II	OID30077	2	2	1	0.9898101864326513	false	0	0
PR2-PR1	Cardiometabolic	OID20360	2	2	1	0.9898101864326513	false	0	0
PR2-PR1	Oncology_II	OID31460	2	2	1	0.9898101864326513	false	0	0
PR2-PR1	Oncology_II	OID31308	2	2	1	0.9760611257664702	false	0	0
PR2-PR1	Inflammation_II	OID30661	2	2	1	0.9898101864326513	false	0	0
PR2-PR1	Inflammation_II	OID30548	2	2	1	0.9580064346972086	false	0	0
PR2-PR1	Neurology_II	OID30952	2	2	1	0.9898101864326513	false	0	0
PR2-PR1	Cardiometabolic_II	OID30118	2	2	1	0.7341669236631853	false	0	0
PR2-PR1	Oncology_II	OID31492	2	2	1	0.9898101864326513	false	0	0
PR2-PR1	Cardiometabolic	OID20096	2	2	1	0.9898101864326513	false	0	0
PR2-PR1	Neurology	OID21130	2	2	1	0.9898101864326513	false	0	0
PR2-PR1	Oncology_II	OID31330	2	2	1	0.9898101864326513	false	0	0
PR2-PR1	Inflammation	OID20731	2	2	1	0.9898101864326513	false	0	0
PR2-PR1	Oncology	OID21304	2	2	1	0.9898101864326513	false	0	0
PR2-PR1	Neurology_II	OID30859	2	2	1	0.9898101864326513	false	0	0
PR2-PR1	Cardiometabolic	OID20132	2	2	1	0.9898101864326513	false	0	0
PR2-PR1	Cardiometabolic	OID20414	2	2	1	0.9898101864326513	false	0	0
PR2-PR1	Cardiometabolic_II	OID30051	2	2	1	0.9898101864326513	false	0	0
PR2-PR1	Oncology	OID21446	2	2	1	0.9898101864326513	false	0	0
PR2-PR1	Cardiometabolic	OID20231	2	2	1	0.9898101864326513	false	0	0
PR2-PR1	Inflammation	OID20693	2	2	1	0.9898101864326513	false	0	0
PR2-PR1	Neurology_II	OID31005	2	2	1	0.9898101864326513	false	0	0
PR2-PR1	Cardiometabolic	OID20204	2	2	1	0.9898101864326513	false	0	0
PR2-PR1	Oncology_II	OID31298	2	2	1	0.9915578392332176	false	0	0
PR2-PR1	Inflammation	OID20740	2	2	1	0.9898101864326513	false	0	0
PR2-PR1	Inflammation_II	OID30477	2	2	1	0.9898101864326513	false	0	0
PR2-PR1	Cardiometabolic	OID20246	2	2	1	0.9898101864326513	false	0	0
PR2-PR1	Cardiometabolic_II	OID30272	2	2	1	0.9898101864326513	false	0	0
PR2-PR1	Inflammation	OID20771	2	2	1	0.9898101864326513	false	0	0
PR2-PR1	Oncology	OID21271	2	2	1	0.6610909765216092	false	0	0
PR2-PR1	Inflammation	OID20595	2	2	1	0.9898101864326513	false	0	0
PR2-PR1	Inflammation_II	OID30566	2	2	1	0.9898101864326513	false	0	0
PR2-PR1	Neurology_II	OID30849	2	2	1	0.9898101864326513	false	0	0
PR2-PR1	Oncology	OID21194	2	2	1	0.9898101864326513	false	0	0
PR2-PR1	Neurology	OID21158	2	2	1	0.9898101864326513	false	0	0
PR2-PR1	Neurology	OID20931	2	2	1	0.9898101864326513	false	0	0
PR2-PR1	Neurology	OID21006	2	2	1	0.9898101864326513	false	0	0
PR2-PR1	Oncology_II	OID31362	2	2	1	0.9898101864326513	false	0	0
PR2-PR1	Cardiometabolic	OID20163	2	2	1	0.9898101864326513	false	0	0
PR2-PR1	Oncology_II	OID31241	2	2	1	0.996366439459726	false	0	0
PR2-PR1	Oncology_II	OID31488	2	2	1	0.9898101864326513	false	0	0
PR2-PR1	Neurology	OID21061	2	2	1	0.9898101864326513	false	0	0
PR2-PR1	Neurology	OID20905	2	2	1	0.9898101864326513	false	0	0
PR2-PR1	Oncology	OID21181	2	2	1	0.9898101864326513	false	0	0
PR2-PR1	Oncology	OID21204	2	2	1	0.9906935130730229	false	0	0
PR2-PR1	Inflammation_II	OID30624	2	2	1	0.9898101864326513	false	0	0
PR2-PR1	Inflammation	OID20652	2	2	1	0.9898101864326513	false	0	0
PR2-PR1	Neurology	OID20955	2	2	1	0.9898101864326513	false	0	0
PR2-PR1	Cardiometabolic_II	OID30374	2	2	1	0.9898101864326513	false	0	0
PR2-PR1	Cardiometabolic	OID20186	2	2	1	0.9952701721682232	false	0	0
PR2-PR1	Cardiometabolic_II	OID30164	2	2	1	0.9898101864326513	false	0	0
PR2-PR1	Cardiometabolic_II	OID30330	2	2	1	0.9898101864326513	false	0	0
PR2-PR1	Inflammation_II	OID30697	2	2	1	0.9898101864326513	false	0	0
PR2-PR1	Cardiometabolic_II	OID30237	2	2	1	0.9760611257664702	false	0	0
PR2-PR1	Neurology	OID20883	2	2	1	0.9898101864326513	false	0	0
PR2-PR1	Cardiometabolic	OID20153	2	2	1	0.9996369119338651	false	0	0
PR2-PR1	Cardiometabolic_II	OID30189	2	2	1	0.6683278792240702	false	0	0
PR2-PR1	Oncology	OID21321	2	2	1	0.9898101864326513	false	0	0
PR2-PR1	Neurology	OID21080	2	2	1	0.9898101864326513	false	0	0
PR2-PR1	Neurology	OID20975	2	2	1	0.9898101864326513	false	0	0
PR2-PR1	Neurology	OID21068	2	2	1	0.9898101864326513	false	0	0
PR2-PR1	Neurology	OID21089	2	2	1	0.9760611257664702	false	0	0
PR2-PR1	Oncology	OID21350	2	2	1	0.9898101864326513	false	0	0
PR2-PR1	Neurology	OID20851	2	2	1	0.9898101864326513	false	0	0
PR2-PR1	Inflammation	OID20604	2	2	1	0.9898101864326513	false	0	0
PR2-PR1	Cardiometabolic_II	OID30228	2	2	1	0.9898101864326513	false	0	0
PR2-PR1	Oncology	OID21327	2	2	1	0.9898101864326513	false	0	0
PR2-PR1	Cardiometabolic_II	OID30126	2	2	1	0.9898101864326513	false	0	0
PR2-PR1	Cardiometabolic_II	OID30153	2	2	1	0.9898101864326513	false	0	0
PR2-PR1	Cardiometabolic	OID20336	2	2	1	0.9898101864326513	false	0	0
PR2-PR1	Neurology_II	OID31007	2	2	1	0.9898101864326513	false	0	0
PR2-PR1	Oncology_II	OID31434	2	2	1	0.9898101864326513	false	0	0
PR2-PR1	Cardiometabolic	OID20401	2	2	1	0.9898101864326513	false	0	0
PR2-PR1	Oncology_II	OID31377	2	2	1	0.9898101864326513	false	0	0
PR2-PR1	Oncology_II	OID31213	2	2	1	0.9168171635428559	false	0	0
PR2-PR1	Oncology_II	OID31402	2	2	1	0.9898101864326513	false	0	0
PR2-PR1	Inflammation	OID20668	2	2	1	0.9898101864326513	false	0	0
PR2-PR1	Neurology	OID21066	2	2	1	0.9898101864326513	false	0	0
PR2-PR1	Cardiometabolic_II	OID30143	2	2	1	0.9898101864326513	false	0	0
PR2-PR1	Cardiometabolic_II	OID30064	2	2	1	0.9898101864326513	false	0	0
PR2-PR1	Inflammation_II	OID30663	2	2	1	0.9898101864326513	false	0	0
PR2-PR1	Cardiometabolic_II	OID30055	2	2	1	0.9898101864326513	false	0	0
PR2-PR1	Cardiometabolic	OID20385	2	2	1	0.9898101864326513	false	0	0
PR2-PR1	Cardiometabolic	OID20302	2	2	1	0.9898101864326513	false	0	0
PR2-PR1	Inflammation	OID20437	2	2	1	0.9898101864326513	false	0	0
PR2-PR1	Neurology	OID21100	2	2	1	0.9898101864326513	false	0	0
PR2-PR1	Cardiometabolic_II	OID30070	2	2	1	0.9898101864326513	false	0	0
PR2-PR1	Inflammation	OID20789	2	2	1	0.9898101864326513	false	0	0
PR2-PR1	Neurology_II	OID30839	2	2	1	0.9898101864326513	false	0	0
PR2-PR1	Neurology	OID20830	2	2	1	0.9898101864326513	false	0	0
PR2-PR1	Neurology	OID21102	2	2	1	0.9898101864326513	false	0	0
PR2-PR1	Inflammation	OID20653	2	2	1	0.9898101864326513	false	0	0
PR2-PR1	Cardiometabolic_II	OID30179	2	2	1	0.9952701721682232	false	0	0
PR2-PR1	Oncology	OID21233	2	2	1	0.9898101864326513	false	0	0
PR2-PR1	Oncology_II	OID31508	2	2	1	0.9898101864326513	false	0	0
PR2-PR1	Inflammation_II	OID30553	2	2	1	0.9898101864326513	false	0	0
PR2-PR1	Oncology_II	OID31242	2	2	1	0.9898101864326513	false	0	0
PR2-PR1	Oncology	OID21381	2	2	1	0.9898101864326513	false	0	0
PR2-PR1	Cardiometabolic_II	OID30116	2	2	1	0.9898101864326513	false	0	0
PR2-PR1	Neurology_II	OID30928	2	2	1	0.9898101864326513	false	0	0
PR2-PR1	Oncology	OID21324	2	2	1	0.9898101864326513	false	0	0
PR2-PR1	Oncology	OID21275	2	2	1	0.9898101864326513	false	0	0
PR2-PR1	Oncology	OID21400	2	2	1	0.9898101864326513	false	0	0
PR2-PR1	Oncology_II	OID31212	2	2	1	0.9898101864326513	false	0	0
PR2-PR1	Inflammation	OID20570	2	2	1	0.9898101864326513	false	0	0
PR2-PR1	Neurology_II	OID31110	2	2	1	0.9898101864326513	false	0	0
PR2-PR1	Oncology	OID21496	2	2	1	0.9898101864326513	false	0	0
PR2-PR1	Cardiometabolic_II	OID30068	2	2	1	0.994346371754364	false	0	0
PR2-PR1	Inflammation_II	OID30738	2	2	1	0.9898101864326513	false	0	0
PR2-PR1	Neurology_II	OID30862	2	2	1	0.9898101864326513	false	0	0
PR2-PR1	Inflammation	OID20589	2	2	1	0.9898101864326513	false	0	0
PR2-PR1	Neurology	OID21047	2	2	1	0.9898101864326513	false	0	0
PR2-PR1	Neurology	OID20977	2	2	1	0.9898101864326513	false	0	0
PR2-PR1	Neurology	OID20935	2	2	1	0.9898101864326513	false	0	0
PR2-PR1	Cardiometabolic	OID20316	2	2	1	0.994346371754364	false	0	0
PR2-PR1	Oncology_II	OID31351	2	2	1	0.9952701721682232	false	0	0
PR2-PR1	Cardiometabolic_II	OID30060	2	2	1	0.9952701721682232	false	0	0
PR2-PR1	Inflammation_II	OID30735	2	2	1	0.9898101864326513	false	0	0
PR2-PR1	Inflammation	OID20510	2	2	1	0.9898101864326513	false	0	0
PR2-PR1	Neurology	OID21111	2	2	1	0.6392540208559647	false	0	0
PR2-PR1	Cardiometabolic	OID20090	2	2	1	0.9898101864326513	false	0	0
PR2-PR1	Inflammation_II	OID30486	2	2	1	0.9898101864326513	false	0	0
PR2-PR1	Inflammation_II	OID30513	2	2	1	0.9898101864326513	false	0	0
PR2-PR1	Inflammation_II	OID30611	2	2	1	0.9898101864326513	false	0	0
PR2-PR1	Cardiometabolic	OID20214	2	2	1	0.9775304639192719	false	0	0
PR2-PR1	Cardiometabolic_II	OID30166	2	2	1	0.9898101864326513	false	0	0
PR2-PR1	Cardiometabolic_II	OID30399	2	2	1	0.9898101864326513	false	0	0
PR2-PR1	Neurology	OID21044	2	2	1	0.9898101864326513	false	0	0
PR2-PR1	Inflammation_II	OID30582	2	2	1	0.9898101864326513	false	0	0
PR2-PR1	Cardiometabolic_II	OID30157	2	2	1	0.9898101864326513	false	0	0
PR2-PR1	Oncology	OID21248	2	2	1	0.9898101864326513	false	0	0
PR2-PR1	Neurology	OID20797	2	2	1	0.9898101864326513	false	0	0
PR2-PR1	Oncology	OID21477	2	2	1	0.9898101864326513	false	0	0
PR2-PR1	Inflammation	OID20702	2	2	1	0.9898101864326513	false	0	0
PR2-PR1	Inflammation_II	OID30587	2	2	1	0.9898101864326513	false	0	0
PR2-PR1	Cardiometabolic_II	OID30287	2	2	1	0.9952701721682232	false	0	0
PR2-PR1	Cardiometabolic	OID20276	2	2	1	0.9898101864326513	false	0	0
PR2-PR1	Cardiometabolic_II	OID30187	2	2	1	0.9898101864326513	false	0	0
PR2-PR1	Neurology_II	OID30851	2	2	1	0.9898101864326513	false	0	0
PR2-PR1	Cardiometabolic_II	OID30300	2	2	1	0.9898101864326513	false	0	0
PR2-PR1	Inflammation	OID20622	2	2	1	0.9898101864326513	false	0	0
PR2-PR1	Inflammation	OID20479	2	2	1	0.9898101864326513	false	0	0
PR2-PR1	Oncology	OID21493	2	2	1	0.9898101864326513	false	0	0
PR2-PR1	Neurology_II	OID31098	2	2	1	0.9898101864326513	false	0	0
PR2-PR1	Cardiometabolic	OID20139	2	2	1	0.9898101864326513	false	0	0
PR2-PR1	Cardiometabolic_II	OID30310	2	2	1	0.9898101864326513	false	0	0
PR2-PR1	Inflammation	OID20436	2	2	1	0.9952701721682232	false	0	0
PR2-PR1	Inflammation_II	OID30510	2	2	1	0.9898101864326513	false	0	0
PR2-PR1	Oncology	OID21531	2	2	1	0.14293828780947032	false	0	0
PR2-PR1	Neurology	OID20820	2	2	1	0.9898101864326513	false	0	0
PR2-PR1	Inflammation	OID20485	2	2	1	0.9898101864326513	false	0	0
PR2-PR1	Oncology_II	OID31231	2	2	1	0.9898101864326513	false	0	0
PR2-PR1	Oncology_II	OID31210	2	2	1	0.9898101864326513	false	0	0
PR2-PR1	Inflammation	OID20672	2	2	1	0.9937260657131372	false	0	0
PR2-PR1	Inflammation	OID20558	2	2	1	0.9898101864326513	false	0	0
PR2-PR1	Cardiometabolic_II	OID30185	2	2	1	0.9898101864326513	false	0	0
PR2-PR1	Neurology_II	OID31053	2	2	1	0.9898101864326513	false	0	0
PR2-PR1	Inflammation_II	OID30457	2	2	1	0.9898101864326513	false	0	0
PR2-PR1	Inflammation_II	OID30620	2	2	1	0.9898101864326513	false	0	0
PR2-PR1	Inflammation_II	OID30731	2	2	1	0.9898101864326513	false	0	0
PR2-PR1	Oncology	OID21285	2	2	1	0.9898101864326513	false	0	0
PR2-PR1	Neurology_II	OID31004	2	2	1	0.9898101864326513	false	0	0
PR2-PR1	Oncology_II	OID31415	2	2	1	0.9898101864326513	false	0	0
PR2-PR1	Oncology	OID21161	2	2	1	0.9898101864326513	false	0	0
PR2-PR1	Oncology	OID21455	2	2	1	0.9918138607325128	false	0	0
PR2-PR1	Inflammation_II	OID30686	2	2	1	0.9898101864326513	false	0	0
PR2-PR1	Oncology	OID21427	2	2	1	0.9898101864326513	false	0	0
PR2-PR1	Inflammation_II	OID30544	2	2	1	0.9898101864326513	false	0	0
PR2-PR1	Neurology_II	OID30826	2	2	1	0.9898101864326513	false	0	0
PR2-PR1	Cardiometabolic_II	OID30216	2	2	1	0.9898101864326513	false	0	0
PR2-PR1	Neurology_II	OID30873	2	2	1	0.9898101864326513	false	0	0
PR2-PR1	Oncology_II	OID31505	2	2	1	0.9898101864326513	false	0	0
PR2-PR1	Inflammation	OID20515	2	2	1	0.9898101864326513	false	0	0
PR2-PR1	Neurology	OID20801	2	2	1	0.9898101864326513	false	0	0
PR2-PR1	Neurology_II	OID31001	2	2	1	0.994346371754364	false	0	0
PR2-PR1	Inflammation	OID20538	2	2	1	0.9898101864326513	false	0	0
PR2-PR1	Inflammation	OID20612	2	2	1	0.9898101864326513	false	0	0
PR2-PR1	Inflammation	OID20421	2	2	1	0.9898101864326513	false	0	0
PR2-PR1	Neurology_II	OID31143	2	2	1	0.9898101864326513	false	0	0
PR2-PR1	Inflammation_II	OID30508	2	2	1	0.9898101864326513	false	0	0
PR2-PR1	Oncology	OID21267	2	2	1	0.9898101864326513	false	0	0
PR2-PR1	Oncology_II	OID31273	2	2	1	0.8636638751909406	false	0	0
PR2-PR1	Oncology	OID21472	2	2	1	0.9898101864326513	false	0	0
PR2-PR1	Neurology_II	OID31100	2	2	1	0.9898101864326513	false	0	0
PR2-PR1	Inflammation	OID20764	2	2	1	0.9898101864326513	false	0	0
PR2-PR1	Oncology_II	OID31475	2	2	1	0.9898101864326513	false	0	0
PR2-PR1	Cardiometabolic_II	OID30338	2	2	1	0.9898101864326513	false	0	0
PR2-PR1	Cardiometabolic_II	OID30071	2	2	1	0.9898101864326513	false	0	0
PR2-PR1	Inflammation	OID20556	2	2	1	0.9898101864326513	false	0	0
PR2-PR1	Neurology	OID20943	2	2	1	0.9898101864326513	false	0	0
PR2-PR1	Oncology_II	OID31322	2	2	1	0.9898101864326513	false	0	0
PR2-PR1	Oncology_II	OID31214	2	2	1	0.996366439459726	false	0	0
PR2-PR1	Cardiometabolic	OID20177	2	2	1	0.9898101864326513	false	0	0
PR2-PR1	Neurology	OID21128	2	2	1	0.9898101864326513	false	0	0
PR2-PR1	Cardiometabolic_II	OID30410	2	2	1	0.9898101864326513	false	0	0
PR2-PR1	Inflammation	OID20428	2	2	1	0.6392540208559647	false	0	0
PR2-PR1	Oncology_II	OID31194	2	2	1	0.9898101864326513	false	0	0
PR2-PR1	Neurology	OID21034	2	2	1	0.9898101864326513	false	0	0
PR2-PR1	Inflammation	OID20583	2	2	1	0.9898101864326513	false	0	0
PR2-PR1	Inflammation_II	OID30432	2	2	1	0.9898101864326513	false	0	0
PR2-PR1	Inflammation	OID20703	2	2	1	0.9898101864326513	false	0	0
PR2-PR1	Neurology_II	OID30948	2	2	1	0.9898101864326513	false	0	0
PR2-PR1	Inflammation_II	OID30463	2	2	1	0.930074841250774	false	0	0
PR2-PR1	Cardiometabolic_II	OID30215	2	2	1	0.994346371754364	false	0	0
PR2-PR1	Cardiometabolic	OID20308	2	2	1	0.9760611257664702	false	0	0
PR2-PR1	Oncology	OID21462	2	2	1	0.8307676297895593	false	0	0
PR2-PR1	Neurology	OID20810	2	2	1	0.9898101864326513	false	0	0
PR2-PR1	Oncology_II	OID31394	2	2	1	0.9169480698552053	false	0	0
PR2-PR1	Inflammation	OID20750	2	2	1	0.9952701721682232	false	0	0
PR2-PR1	Inflammation	OID20680	2	2	1	0.9760611257664702	false	0	0
PR2-PR1	Cardiometabolic_II	OID30123	2	2	1	0.9906935130730229	false	0	0
PR2-PR1	Cardiometabolic_II	OID30227	2	2	1	0.9898101864326513	false	0	0
PR2-PR1	Inflammation_II	OID30556	2	2	1	0.9898101864326513	false	0	0
PR2-PR1	Cardiometabolic	OID20220	2	2	1	0.9898101864326513	false	0	0
PR2-PR1	Oncology_II	OID31262	2	2	1	0.9898101864326513	false	0	0
PR2-PR1	Oncology	OID21311	2	2	1	0.9898101864326513	false	0	0
PR2-PR1	Inflammation	OID20730	2	2	1	0.994346371754364	false	0	0
PR2-PR1	Neurology	OID21063	2	2	1	0.9898101864326513	false	0	0
PR2-PR1	Neurology_II	OID30935	2	2	1	0.9952701721682232	false	0	0
PR2-PR1	Neurology	OID21122	2	2	1	0.6392540208559647	false	0	0
PR2-PR1	Inflammation	OID20566	2	2	1	0.9898101864326513	false	0	0
PR2-PR1	Neurology	OID21021	2	2	1	0.987398319940843	false	0	0
PR2-PR1	Cardiometabolic	OID20092	2	2	1	0.9898101864326513	false	0	0
PR2-PR1	Oncology	OID21410	2	2	1	0.9898101864326513	false	0	0
PR2-PR1	Inflammation_II	OID30602	2	2	1	0.9898101864326513	false	0	0
PR2-PR1	Neurology_II	OID30984	2	2	1	0.9898101864326513	false	0	0
PR2-PR1	Inflammation_II	OID30549	2	2	1	0.9898101864326513	false	0	0
PR2-PR1	Cardiometabolic	OID20418	2	2	1	0.9898101864326513	false	0	0
PR2-PR1	Cardiometabolic_II	OID30244	2	2	1	0.9898101864326513	false	0	0
PR2-PR1	Neurology_II	OID30971	2	2	1	0.9898101864326513	false	0	0
PR2-PR1	Cardiometabolic	OID20366	2	2	1	0.9898101864326513	false	0	0
PR2-PR1	Inflammation_II	OID30505	2	2	1	0.9898101864326513	false	0	0
PR2-PR1	Cardiometabolic_II	OID30255	2	2	1	0.9898101864326513	false	0	0
PR2-PR1	Cardiometabolic	OID20389	2	2	1	0.9898101864326513	false	0	0
PR2-PR1	Cardiometabolic	OID20059	2	2	1	0.6392540208559647	false	0	0
PR2-PR1	Neurology	OID20806	2	2	1	0.9898101864326513	false	0	0
PR2-PR1	Inflammation_II	OID30718	2	2	1	0.9898101864326513	false	0	0
PR2-PR1	Cardiometabolic_II	OID30125	2	2	1	0.9898101864326513	false	0	0
PR2-PR1	Oncology_II	OID31446	2	2	1	0.9898101864326513	false	0	0
PR2-PR1	Oncology_II	OID31282	2	2	1	0.9898101864326513	false	0	0
PR2-PR1	Inflammation_II	OID30467	2	2	1	0.9898101864326513	false	0	0
PR2-PR1	Inflammation_II	OID30607	2	2	1	0.9898101864326513	false	0	0
PR2-PR1	Inflammation_II	OID30674	2	2	1	0.9898101864326513	false	0	0
PR2-PR1	Cardiometabolic	OID20140	2	2	1	0.9898101864326513	false	0	0
PR2-PR1	Neurology_II	OID31020	2	2	1	0.9898101864326513	false	0	0
PR2-PR1	Cardiometabolic	OID20265	2	2	1	0.9898101864326513	false	0	0
PR2-PR1	Neurology_II	OID30954	2	2	1	0.9898101864326513	false	0	0
PR2-PR1	Cardiometabolic	OID20273	2	2	1	0.9903287896943036	false	0	0
PR2-PR1	Inflammation	OID20669	2	2	1	0.9898101864326513	false	0	0
PR2-PR1	Cardiometabolic_II	OID30168	2	2	1	0.9898101864326513	false	0	0
PR2-PR1	Inflammation_II	OID30590	2	2	1	0.9898101864326513	false	0	0
PR2-PR1	Oncology_II	OID31257	2	2	1	0.9898101864326513	false	0	0
PR2-PR1	Inflammation	OID20655	2	2	1	0.9898101864326513	false	0	0
PR2-PR1	Cardiometabolic	OID20376	2	2	1	0.9898101864326513	false	0	0
PR2-PR1	Oncology_II	OID31482	2	2	1	0.9898101864326513	false	0	0
PR2-PR1	Neurology	OID20790	2	2	1	0.9898101864326513	false	0	0
PR2-PR1	Inflammation_II	OID30694	2	2	1	0.9898101864326513	false	0	0
PR2-PR1	Oncology_II	OID31390	2	2	1	0.9898101864326513	false	0	0
PR2-PR1	Cardiometabolic	OID20150	2	2	1	0.9898101864326513	false	0	0
PR2-PR1	Cardiometabolic_II	OID30074	2	2	1	0.9898101864326513	false	0	0
PR2-PR1	Neurology_II	OID30991	2	2	1	0.9898101864326513	false	0	0
PR2-PR1	Oncology	OID21355	2	2	1	0.9898101864326513	false	0	0
PR2-PR1	Cardiometabolic	OID20331	2	2	1	0.9898101864326513	false	0	0
PR2-PR1	Inflammation	OID20756	2	2	1	0.9898101864326513	false	0	0
PR2-PR1	Inflammation_II	OID30675	2	2	1	0.9898101864326513	false	0	0
PR2-PR1	Inflammation_II	OID30645	2	2	1	0.9898101864326513	false	0	0
PR2-PR1	Neurology_II	OID30906	2	2	1	0.9898101864326513	false	0	0
PR2-PR1	Neurology_II	OID31064	2	2	1	0.9898101864326513	false	0	0
PR2-PR1	Oncology	OID21227	2	2	1	0.9906935130730229	false	0	0
PR2-PR1	Neurology_II	OID31087	2	2	1	0.9952701721682232	false	0	0
PR2-PR1	Cardiometabolic	OID20142	2	2	1	0.9898101864326513	false	0	0
PR2-PR1	Cardiometabolic_II	OID30124	2	2	1	0.9898101864326513	false	0	0
PR2-PR1	Neurology_II	OID30893	2	2	1	0.9898101864326513	false	0	0
PR2-PR1	Cardiometabolic_II	OID30383	2	2	1	0.9898101864326513	false	0	0
PR2-PR1	Neurology	OID20994	2	2	1	0.9898101864326513	false	0	0
PR2-PR1	Cardiometabolic	OID20372	2	2	1	0.9898101864326513	false	0	0
PR2-PR1	Neurology	OID20910	2	2	1	0.9898101864326513	false	0	0
PR2-PR1	Neurology	OID20796	2	2	1	0.9898101864326513	false	0	0
PR2-PR1	Inflammation_II	OID30684	2	2	1	0.9898101864326513	false	0	0
PR2-PR1	Cardiometabolic_II	OID30173	2	2	1	0.9898101864326513	false	0	0
PR2-PR1	Neurology_II	OID31134	2	2	1	0.9898101864326513	false	0	0
PR2-PR1	Neurology	OID20893	2	2	1	0.9898101864326513	false	0	0
PR2-PR1	Oncology_II	OID31350	2	2	1	0.9898101864326513	false	0	0
PR2-PR1	Inflammation_II	OID30758	2	2	1	0.9898101864326513	false	0	0
PR2-PR1	Inflammation_II	OID30691	2	2	1	0.9898101864326513	false	0	0
PR2-PR1	Inflammation_II	OID30460	2	2	1	0.9898101864326513	false	0	0
PR2-PR1	Oncology_II	OID31168	2	2	1	0.9898101864326513	false	0	0
PR2-PR1	Neurology_II	OID31123	2	2	1	0.9898101864326513	false	0	0
PR2-PR1	Inflammation	OID20431	2	2	1	0.9898101864326513	false	0	0
PR2-PR1	Cardiometabolic_II	OID30389	2	2	1	0.9898101864326513	false	0	0
PR2-PR1	Inflammation	OID20549	2	2	1	0.9898101864326513	false	0	0
PR2-PR1	Neurology	OID21017	2	2	1	0.9898101864326513	false	0	0
PR2-PR1	Oncology_II	OID31419	2	2	1	0.9898101864326513	false	0	0
PR2-PR1	Neurology	OID20867	2	2	1	0.9898101864326513	false	0	0
PR2-PR1	Cardiometabolic	OID20377	2	2	1	0.9898101864326513	false	0	0
PR2-PR1	Cardiometabolic_II	OID30063	2	2	1	0.9898101864326513	false	0	0
PR2-PR1	Neurology	OID21010	2	2	1	0.9898101864326513	false	0	0
PR2-PR1	Cardiometabolic	OID20307	2	2	1	0.9898101864326513	false	0	0
PR2-PR1	Inflammation	OID20682	2	2	1	0.9898101864326513	false	0	0
PR2-PR1	Inflammation	OID20448	2	2	1	0.9898101864326513	false	0	0
PR2-PR1	Inflammation_II	OID30609	2	2	1	0.9898101864326513	false	0	0
PR2-PR1	Cardiometabolic_II	OID30258	2	2	1	0.9898101864326513	false	0	0
PR2-PR1	Inflammation_II	OID30712	2	2	1	0.9898101864326513	false	0	0
PR2-PR1	Neurology_II	OID31019	2	2	1	0.9898101864326513	false	0	0
PR2-PR1	Inflammation_II	OID30532	2	2	1	0.9898101864326513	false	0	0
PR2-PR1	Inflammation_II	OID30438	2	2	1	0.9906935130730229	false	0	0
PR2-PR1	Neurology_II	OID30927	2	2	1	0.9898101864326513	false	0	0
PR2-PR1	Inflammation	OID20784	2	2	1	0.9898101864326513	false	0	0
PR2-PR1	Cardiometabolic_II	OID30381	2	2	1	0.9898101864326513	false	0	0
PR2-PR1	Oncology	OID21337	2	2	1	0.9898101864326513	false	0	0
PR2-PR1	Inflammation_II	OID30531	2	2	1	0.9898101864326513	false	0	0
PR2-PR1	Oncology_II	OID31429	2	2	1	0.9898101864326513	false	0	0
PR2-PR1	Oncology_II	OID31396	2	2	1	0.9898101864326513	false	0	0
PR2-PR1	Cardiometabolic_II	OID30335	2	2	1	0.9898101864326513	false	0	0
PR2-PR1	Neurology_II	OID30968	2	2	1	0.9898101864326513	false	0	0
PR2-PR1	Neurology	OID21074	2	2	1	0.930074841250774	false	0	0
PR2-PR1	Inflammation_II	OID30723	2	2	1	0.9898101864326513	false	0	0
PR2-PR1	Inflammation	OID20614	2	2	1	0.9898101864326513	false	0	0
PR2-PR1	Neurology_II	OID31063	2	2	1	0.9898101864326513	false	0	0
PR2-PR1	Cardiometabolic	OID20286	2	2	1	0.9898101864326513	false	0	0
PR2-PR1	Inflammation_II	OID30754	2	2	1	0.9898101864326513	false	0	0
PR2-PR1	Oncology	OID21495	2	2	1	0.9898101864326513	false	0	0
PR2-PR1	Inflammation_II	OID30484	2	2	1	0.9898101864326513	false	0	0
PR2-PR1	Oncology_II	OID31403	2	2	1	0.9898101864326513	false	0	0
PR2-PR1	Cardiometabolic_II	OID30120	2	2	1	0.9898101864326513	false	0	0
PR2-PR1	Inflammation_II	OID30650	2	2	1	0.9898101864326513	false	0	0
PR2-PR1	Oncology_II	OID31480	2	2	1	0.9898101864326513	false	0	0
PR2-PR1	Oncology	OID21249	2	2	1	0.994346371754364	false	0	0
PR2-PR1	Neurology	OID21023	2	2	1	0.9898101864326513	false	0	0
PR2-PR1	Neurology_II	OID31044	2	2	1	0.9898101864326513	false	0	0
PR2-PR1	Oncology	OID21299	2	2	1	0.9898101864326513	false	0	0
PR2-PR1	Neurology_II	OID30916	2	2	1	0.9898101864326513	false	0	0
PR2-PR1	Oncology_II	OID31383	2	2	1	0.9898101864326513	false	0	0
PR2-PR1	Cardiometabolic_II	OID30049	2	2	1	0.996366439459726	false	0	0
PR2-PR1	Inflammation_II	OID30450	2	2	1	0.994346371754364	false	0	0
PR2-PR1	Oncology	OID21205	2	2	1	0.9898101864326513	false	0	0
PR2-PR1	Neurology	OID21051	2	2	1	0.9898101864326513	false	0	0
PR2-PR1	Cardiometabolic	OID20107	2	2	1	0.9898101864326513	false	0	0
PR2-PR1	Cardiometabolic_II	OID30402	2	2	1	0.9898101864326513	false	0	0
PR2-PR1	Neurology	OID20879	2	2	1	0.9283312380842483	false	0	0
PR2-PR1	Cardiometabolic_II	OID30235	2	2	1	0.19078898674164954	false	0	0
PR2-PR1	Inflammation	OID20694	2	2	1	0.9898101864326513	false	0	0
PR2-PR1	Oncology_II	OID31201	2	2	1	0.9898101864326513	false	0	0
PR2-PR1	Inflammation	OID20482	2	2	1	0.9898101864326513	false	0	0
PR2-PR1	Inflammation	OID20639	2	2	1	0.9898101864326513	false	0	0
PR2-PR1	Cardiometabolic	OID20283	2	2	1	0.9898101864326513	false	0	0
PR2-PR1	Inflammation	OID20692	2	2	1	0.9898101864326513	false	0	0
PR2-PR1	Oncology_II	OID31369	2	2	1	0.9898101864326513	false	0	0
PR2-PR1	Cardiometabolic	OID20103	2	2	1	0.9898101864326513	false	0	0
PR2-PR1	Oncology	OID21294	2	2	1	0.9898101864326513	false	0	0
PR2-PR1	Oncology_II	OID31440	2	2	1	0.9011226008929123	false	0	0
PR2-PR1	Cardiometabolic_II	OID30149	2	2	1	0.9898101864326513	false	0	0
PR2-PR1	Oncology_II	OID31206	2	2	1	0.6683278792240702	false	0	0
PR2-PR1	Oncology_II	OID31324	2	2	1	0.9898101864326513	false	0	0
PR2-PR1	Cardiometabolic	OID20210	2	2	1	0.9898101864326513	false	0	0
PR2-PR1	Inflammation_II	OID30469	2	2	1	0.9898101864326513	false	0	0
PR2-PR1	Oncology	OID21395	2	2	1	0.9898101864326513	false	0	0
PR2-PR1	Cardiometabolic	OID20135	2	2	1	0.9898101864326513	false	0	0
PR2-PR1	Cardiometabolic_II	OID30062	2	2	1	0.9898101864326513	false	0	0
PR2-PR1	Oncology	OID21415	2	2	1	0.9898101864326513	false	0	0
PR2-PR1	Neurology_II	OID31148	2	2	1	0.994346371754364	false	0	0
PR2-PR1	Oncology_II	OID31191	2	2	1	0.9898101864326513	false	0	0
PR2-PR1	Oncology	OID21218	2	2	1	0.9952701721682232	false	0	0
PR2-PR1	Inflammation_II	OID30600	2	2	1	0.996366439459726	false	0	0
PR2-PR1	Neurology_II	OID30797	2	2	1	0.9898101864326513	false	0	0
PR2-PR1	Oncology	OID21430	2	2	1	0.9898101864326513	false	0	0
PR2-PR1	Oncology	OID21279	2	2	1	0.9898101864326513	false	0	0
PR2-PR1	Cardiometabolic	OID20370	2	2	1	0.9898101864326513	false	0	0
PR2-PR1	Cardiometabolic	OID20279	2	2	1	0.9898101864326513	false	0	0
PR2-PR1	Inflammation	OID20572	2	2	1	0.9898101864326513	false	0	0
PR2-PR1	Oncology	OID21444	2	2	1	0.9898101864326513	false	0	0
PR2-PR1	Oncology_II	OID31226	2	2	1	0.9898101864326513	false	0	0
PR2-PR1	Cardiometabolic_II	OID30412	2	2	1	0.6051646855990032	false	0	0
PR2-PR1	Neurology_II	OID30856	2	2	1	0.9898101864326513	false	0	0
PR2-PR1	Oncology_II	OID31307	2	2	1	0.9898101864326513	false	0	0
PR2-PR1	Cardiometabolic_II	OID30211	2	2	1	0.9952701721682232	false	0	0
PR2-PR1	Neurology	OID20908	2	2	1	0.9898101864326513	false	0	0
PR2-PR1	Inflammation_II	OID30507	2	2	1	0.9898101864326513	false	0	0
PR2-PR1	Cardiometabolic	OID20073	2	2	1	0.9898101864326513	false	0	0
PR2-PR1	Oncology	OID21293	2	2	1	0.9898101864326513	false	0	0
PR2-PR1	Cardiometabolic	OID20252	2	2	1	0.9952701721682232	false	0	0
PR2-PR1	Inflammation_II	OID30441	2	2	1	0.9898101864326513	false	0	0
PR2-PR1	Inflammation_II	OID30753	2	2	1	0.9898101864326513	false	0	0
PR2-PR1	Oncology_II	OID31317	2	2	1	0.9898101864326513	false	0	0
PR2-PR1	Oncology	OID21356	2	2	1	0.9923374843324348	false	0	0
PR2-PR1	Neurology_II	OID30879	2	2	1	0.9898101864326513	false	0	0
PR2-PR1	Neurology	OID20848	2	2	1	0.9898101864326513	false	0	0
PR2-PR1	Oncology_II	OID31266	2	2	1	0.9898101864326513	false	0	0
PR2-PR1	Neurology	OID21097	2	2	1	0.9898101864326513	false	0	0
PR2-PR1	Neurology_II	OID31037	2	2	1	0.9898101864326513	false	0	0
PR2-PR1	Cardiometabolic_II	OID30385	2	2	1	0.9898101864326513	false	0	0
PR2-PR1	Cardiometabolic	OID20222	2	2	1	0.9898101864326513	false	0	0
PR2-PR1	Inflammation	OID20728	2	2	1	0.9898101864326513	false	0	0
PR2-PR1	Oncology	OID21339	2	2	1	0.9898101864326513	false	0	0
PR2-PR1	Oncology	OID21365	2	2	1	0.9952701721682232	false	0	0
PR2-PR1	Inflammation	OID20689	2	2	1	0.9898101864326513	false	0	0
PR2-PR1	Cardiometabolic	OID20119	2	2	1	0.9898101864326513	false	0	0
PR2-PR1	Oncology	OID21164	2	2	1	0.9898101864326513	false	0	0
PR2-PR1	Cardiometabolic_II	OID30309	2	2	1	0.9898101864326513	false	0	0
PR2-PR1	Oncology_II	OID31263	2	2	1	0.9898101864326513	false	0	0
PR2-PR1	Cardiometabolic	OID20326	2	2	1	0.9898101864326513	false	0	0
PR2-PR1	Neurology	OID21157	2	2	1	0.9898101864326513	false	0	0
PR2-PR1	Inflammation	OID20581	2	2	1	0.9898101864326513	false	0	0
PR2-PR1	Cardiometabolic	OID20267	2	2	1	0.9898101864326513	false	0	0
PR2-PR1	Oncology_II	OID31464	2	2	1	0.9898101864326513	false	0	0
PR2-PR1	Oncology	OID21347	2	2	1	0.9898101864326513	false	0	0
PR2-PR1	Inflammation	OID20468	2	2	1	0.9898101864326513	false	0	0
PR2-PR1	Cardiometabolic_II	OID30206	2	2	1	0.9898101864326513	false	0	0
PR2-PR1	Cardiometabolic	OID20083	2	2	1	0.9898101864326513	false	0	0
PR2-PR1	Neurology_II	OID31026	2	2	1	0.9898101864326513	false	0	0
PR2-PR1	Neurology_II	OID30822	2	2	1	0.9898101864326513	false	0	0
PR2-PR1	Cardiometabolic_II	OID30343	2	2	1	0.9898101864326513	false	0	0
PR2-PR1	Inflammation_II	OID30479	2	2	1	0.9898101864326513	false	0	0
PR2-PR1	Oncology_II	OID31361	2	2	1	0.9898101864326513	false	0	0
PR2-PR1	Neurology_II	OID30963	2	2	1	0.9898101864326513	false	0	0
PR2-PR1	Cardiometabolic_II	OID30275	2	2	1	0.9898101864326513	false	0	0
PR2-PR1	Neurology_II	OID30903	2	2	1	0.9898101864326513	false	0	0
PR2-PR1	Inflammation_II	OID30701	2	2	1	0.9898101864326513	false	0	0
PR2-PR1	Neurology	OID21081	2	2	1	0.9898101864326513	false	0	0
PR2-PR1	Oncology_II	OID31467	2	2	1	0.9952701721682232	false	0	0
PR2-PR1	Inflammation	OID20429	2	2	1	0.9898101864326513	false	0	0
PR2-PR1	Cardiometabolic	OID20386	2	2	1	0.9898101864326513	false	0	0
PR2-PR1	Neurology_II	OID31130	2	2	1	0.9898101864326513	false	0	0
PR2-PR1	Neurology_II	OID30943	2	2	1	0.9898101864326513	false	0	0
PR2-PR1	Inflammation_II	OID30526	2	2	1	0.9898101864326513	false	0	0
PR2-PR1	Cardiometabolic	OID20109	2	2	1	0.9898101864326513	false	0	0
PR2-PR1	Oncology_II	OID31451	2	2	1	0.9898101864326513	false	0	0
PR2-PR1	Inflammation	OID20729	2	2	1	0.9898101864326513	false	0	0
PR2-PR1	Neurology_II	OID31022	2	2	1	0.9898101864326513	false	0	0
PR2-PR1	Neurology_II	OID30958	2	2	1	0.9898101864326513	false	0	0
PR2-PR1	Inflammation_II	OID30768	2	2	1	0.9898101864326513	false	0	0
PR2-PR1	Oncology	OID21241	2	2	1	0.9898101864326513	false	0	0
PR2-PR1	Cardiometabolic	OID20412	2	2	1	0.996366439459726	false	0	0
PR2-PR1	Neurology_II	OID31125	2	2	1	0.9898101864326513	false	0	0
PR2-PR1	Neurology_II	OID31059	2	2	1	0.9898101864326513	false	0	0
PR2-PR1	Inflammation_II	OID30447	2	2	1	0.9898101864326513	false	0	0
PR2-PR1	Neurology	OID20835	2	2	1	0.9898101864326513	false	0	0
PR2-PR1	Cardiometabolic	OID20074	2	2	1	0.9898101864326513	false	0	0
PR2-PR1	Inflammation_II	OID30658	2	2	1	0.9898101864326513	false	0	0
PR2-PR1	Cardiometabolic_II	OID30113	2	2	1	0.9011226008929123	false	0	0
PR2-PR1	Neurology_II	OID30932	2	2	1	0.9898101864326513	false	0	0
PR2-PR1	Neurology	OID20878	2	2	1	0.9898101864326513	false	0	0
PR2-PR1	Oncology	OID21258	2	2	1	0.9898101864326513	false	0	0
PR2-PR1	Neurology_II	OID30900	2	2	1	0.9898101864326513	false	0	0
PR2-PR1	Cardiometabolic	OID20208	2	2	1	0.9169480698552053	false	0	0
PR2-PR1	Inflammation	OID20445	2	2	1	0.9898101864326513	false	0	0
PR2-PR1	Cardiometabolic	OID20084	2	2	1	0.9898101864326513	false	0	0
PR2-PR1	Oncology_II	OID31524	2	2	1	0.9898101864326513	false	0	0
PR2-PR1	Cardiometabolic	OID20192	2	2	1	0.9898101864326513	false	0	0
PR2-PR1	Inflammation	OID20742	2	2	1	0.9898101864326513	false	0	0
PR2-PR1	Inflammation_II	OID30522	2	2	1	0.9898101864326513	false	0	0
PR2-PR1	Neurology_II	OID30853	2	2	1	0.9898101864326513	false	0	0
PR2-PR1	Oncology_II	OID31502	2	2	1	0.9898101864326513	false	0	0
PR2-PR1	Cardiometabolic_II	OID30269	2	2	1	0.9898101864326513	false	0	0
PR2-PR1	Inflammation	OID20759	2	2	1	0.9898101864326513	false	0	0
PR2-PR1	Oncology_II	OID31238	2	2	1	0.9898101864326513	false	0	0
PR2-PR1	Oncology_II	OID31173	2	2	1	0.9898101864326513	false	0	0
PR2-PR1	Oncology_II	OID31463	2	2	1	0.9898101864326513	false	0	0
PR2-PR1	Cardiometabolic	OID20193	2	2	1	0.9898101864326513	false	0	0
PR2-PR1	Oncology_II	OID31416	2	2	1	0.9898101864326513	false	0	0
PR2-PR1	Neurology_II	OID31132	2	2	1	0.9898101864326513	false	0	0
PR2-PR1	Inflammation_II	OID30490	2	2	1	0.9898101864326513	false	0	0
PR2-PR1	Oncology_II	OID31526	2	2	1	0.9898101864326513	false	0	0
PR2-PR1	Cardiometabolic	OID20207	2	2	1	0.9898101864326513	false	0	0
PR2-PR1	Neurology	OID20934	2	2	1	0.9898101864326513	false	0	0
PR2-PR1	Neurology_II	OID30939	2	2	1	0.9898101864326513	false	0	0
PR2-PR1	Neurology_II	OID31038	2	2	1	0.9898101864326513	false	0	0
PR2-PR1	Cardiometabolic_II	OID30369	2	2	1	0.987398319940843	false	0	0
PR2-PR1	Oncology	OID21459	2	2	1	0.9898101864326513	false	0	0
PR2-PR1	Inflammation	OID20783	2	2	1	0.9898101864326513	false	0	0
PR2-PR1	Oncology	OID21464	2	2	1	0.9898101864326513	false	0	0
PR2-PR1	Oncology	OID21372	2	2	1	0.9898101864326513	false	0	0
PR2-PR1	Cardiometabolic	OID20397	2	2	1	0.9898101864326513	false	0	0
PR2-PR1	Oncology	OID21409	2	2	1	0.9898101864326513	false	0	0
PR2-PR1	Cardiometabolic_II	OID30391	2	2	1	0.9898101864326513	false	0	0
PR2-PR1	Inflammation	OID20662	2	2	1	0.9898101864326513	false	0	0
PR2-PR1	Inflammation_II	OID30482	2	2	1	0.9898101864326513	false	0	0
PR2-PR1	Neurology	OID20915	2	2	1	0.9898101864326513	false	0	0
PR2-PR1	Cardiometabolic_II	OID30283	2	2	1	0.9898101864326513	false	0	0
PR2-PR1	Oncology	OID21242	2	2	1	0.9169480698552053	false	0	0
PR2-PR1	Neurology_II	OID31070	2	2	1	0.9898101864326513	false	0	0
PR2-PR1	Neurology_II	OID30875	2	2	1	0.9898101864326513	false	0	0
PR2-PR1	Cardiometabolic_II	OID30092	2	2	1	0.9898101864326513	false	0	0
PR2-PR1	Neurology_II	OID31155	2	2	1	0.9898101864326513	false	0	0
PR2-PR1	Neurology_II	OID31015	2	2	1	0.9898101864326513	false	0	0
PR2-PR1	Cardiometabolic	OID20369	2	2	1	0.9898101864326513	false	0	0
PR2-PR1	Neurology	OID20965	2	2	1	0.9898101864326513	false	0	0
PR2-PR1	Inflammation_II	OID30673	2	2	1	0.9898101864326513	false	0	0
PR2-PR1	Inflammation	OID20563	2	2	1	0.9898101864326513	false	0	0
PR2-PR1	Neurology	OID20864	2	2	1	0.9898101864326513	false	0	0
PR2-PR1	Cardiometabolic_II	OID30119	2	2	1	0.9898101864326513	false	0	0
PR2-PR1	Cardiometabolic	OID20354	2	2	1	0.930074841250774	false	0	0
PR2-PR1	Inflammation	OID20649	2	2	1	0.9898101864326513	false	0	0
PR2-PR1	Oncology_II	OID31234	2	2	1	0.9898101864326513	false	0	0
PR2-PR1	Inflammation_II	OID30445	2	2	1	0.9898101864326513	false	0	0
PR2-PR1	Cardiometabolic	OID20298	2	2	1	0.9898101864326513	false	0	0
PR2-PR1	Oncology	OID21172	2	2	1	0.9970866059385488	false	0	0
PR2-PR1	Neurology_II	OID30974	2	2	1	0.9898101864326513	false	0	0
PR2-PR1	Neurology_II	OID31092	2	2	1	0.9898101864326513	false	0	0
PR2-PR1	Neurology	OID21113	2	2	1	0.9898101864326513	false	0	0
PR2-PR1	Oncology	OID21175	2	2	1	0.9898101864326513	false	0	0
PR2-PR1	Inflammation	OID20686	2	2	1	0.9898101864326513	false	0	0
PR2-PR1	Oncology	OID21240	2	2	1	0.9898101864326513	false	0	0
PR2-PR1	Inflammation	OID20603	2	2	1	0.9760611257664702	false	0	0
PR2-PR1	Inflammation	OID20577	2	2	1	0.9898101864326513	false	0	0
PR2-PR1	Oncology	OID21231	2	2	1	0.9898101864326513	false	0	0
PR2-PR1	Neurology	OID20890	2	2	1	0.9898101864326513	false	0	0
PR2-PR1	Neurology	OID21133	2	2	1	0.6392540208559647	false	0	0
PR2-PR1	Neurology_II	OID31141	2	2	1	0.9898101864326513	false	0	0
PR2-PR1	Cardiometabolic	OID20371	2	2	1	0.9898101864326513	false	0	0
PR2-PR1	Neurology	OID21114	2	2	1	0.9898101864326513	false	0	0
PR2-PR1	Oncology	OID21448	2	2	1	0.9898101864326513	false	0	0
PR2-PR1	Oncology_II	OID31466	2	2	1	0.9898101864326513	false	0	0
PR2-PR1	Inflammation_II	OID30561	2	2	1	0.9898101864326513	false	0	0
PR2-PR1	Neurology_II	OID30894	2	2	1	0.9898101864326513	false	0	0
PR2-PR1	Inflammation_II	OID30426	2	2	1	0.9898101864326513	false	0	0
PR2-PR1	Inflammation_II	OID30634	2	2	1	0.9898101864326513	false	0	0
PR2-PR1	Oncology	OID21268	2	2	1	0.9898101864326513	false	0	0
PR2-PR1	Inflammation_II	OID30604	2	2	1	0.9898101864326513	false	0	0
PR2-PR1	Inflammation	OID20762	2	2	1	0.9960315805214133	false	0	0
PR2-PR1	Oncology_II	OID31245	2	2	1	0.9898101864326513	false	0	0
PR2-PR1	Oncology	OID21367	2	2	1	0.9898101864326513	false	0	0
PR2-PR1	Inflammation	OID20734	2	2	1	0.9898101864326513	false	0	0
PR2-PR1	Cardiometabolic_II	OID30366	2	2	1	0.9898101864326513	false	0	0
PR2-PR1	Oncology	OID21529	2	2	1	0.9898101864326513	false	0	0
PR2-PR1	Cardiometabolic_II	OID30406	2	2	1	0.9898101864326513	false	0	0
PR2-PR1	Cardiometabolic	OID20206	2	2	1	0.9898101864326513	false	0	0
PR2-PR1	Inflammation	OID20745	2	2	1	0.9898101864326513	false	0	0
PR2-PR1	Inflammation_II	OID30598	2	2	1	0.9898101864326513	false	0	0
PR2-PR1	Inflammation_II	OID30527	2	2	1	0.9898101864326513	false	0	0
PR2-PR1	Oncology_II	OID31293	2	2	1	0.9898101864326513	false	0	0
PR2-PR1	Cardiometabolic_II	OID30195	2	2	1	0.9898101864326513	false	0	0
PR2-PR1	Oncology_II	OID31490	2	2	1	0.09907811743626274	false	0	1
PR2-PR1	Cardiometabolic_II	OID30377	2	2	1	0.9898101864326513	false	0	0
PR2-PR1	Neurology_II	OID30863	2	2	1	0.9898101864326513	false	0	0
PR2-PR1	Oncology	OID21524	2	2	1	0.9898101864326513	false	0	0
PR2-PR1	Neurology	OID21150	2	2	1	0.9898101864326513	false	0	0
PR2-PR1	Oncology_II	OID31193	2	2	1	0.9898101864326513	false	0	0
PR2-PR1	Cardiometabolic_II	OID30353	2	2	1	0.9898101864326513	false	0	0
PR2-PR1	Oncology	OID21168	2	2	1	0.9898101864326513	false	0	0
PR2-PR1	Oncology_II	OID31297	2	2	1	0.9898101864326513	false	0	0
PR2-PR1	Oncology	OID21237	2	2	1	0.9898101864326513	false	0	0
PR2-PR1	Neurology	OID20992	2	2	1	0.9898101864326513	false	0	0
PR2-PR1	Cardiometabolic_II	OID30384	2	2	1	0.9898101864326513	false	0	0
PR2-PR1	Inflammation_II	OID30584	2	2	1	0.9898101864326513	false	0	0
PR2-PR1	Cardiometabolic_II	OID30084	2	2	1	0.9898101864326513	false	0	0
PR2-PR1	Oncology	OID21370	2	2	1	0.9898101864326513	false	0	0
PR2-PR1	Cardiometabolic_II	OID30322	2	2	1	0.994346371754364	false	0	0
PR2-PR1	Inflammation_II	OID30573	2	2	1	0.9898101864326513	false	0	0
PR2-PR1	Neurology	OID20895	2	2	1	0.9898101864326513	false	0	0
PR2-PR1	Neurology	OID21155	2	2	1	0.994346371754364	false	0	0
PR2-PR1	Neurology_II	OID31074	2	2	1	0.9898101864326513	false	0	0
PR2-PR1	Neurology_II	OID30981	2	2	1	0.9898101864326513	false	0	0
PR2-PR1	Inflammation_II	OID30687	2	2	1	0.9898101864326513	false	0	0
PR2-PR1	Cardiometabolic_II	OID30350	2	2	1	0.9898101864326513	false	0	0
PR2-PR1	Neurology_II	OID31043	2	2	1	0.9898101864326513	false	0	0
PR2-PR1	Oncology	OID21262	2	2	1	0.9898101864326513	false	0	0
PR2-PR1	Inflammation_II	OID30591	2	2	1	0.9898101864326513	false	0	0
PR2-PR1	Neurology_II	OID31025	2	2	1	0.9898101864326513	false	0	0
PR2-PR1	Cardiometabolic_II	OID30100	2	2	1	0.9898101864326513	false	0	0
PR2-PR1	Inflammation_II	OID30732	2	2	1	0.996366439459726	false	0	0
PR2-PR1	Cardiometabolic	OID20187	2	2	1	0.9898101864326513	false	0	0
PR2-PR1	Cardiometabolic	OID20061	2	2	1	0.9898101864326513	false	0	0
PR2-PR1	Neurology	OID20877	2	2	1	0.9898101864326513	false	0	0
PR2-PR1	Oncology_II	OID31319	2	2	1	0.9898101864326513	false	0	0
PR2-PR1	Neurology	OID20902	2	2	1	0.9898101864326513	false	0	0
PR2-PR1	Cardiometabolic_II	OID30408	2	2	1	0.9898101864326513	false	0	0
PR2-PR1	Cardiometabolic	OID20076	2	2	1	0.9898101864326513	false	0	0
PR2-PR1	Inflammation_II	OID30574	2	2	1	0.9898101864326513	false	0	0
PR2-PR1	Oncology_II	OID31335	2	2	1	0.9898101864326513	false	0	0
PR2-PR1	Inflammation_II	OID30427	2	2	1	0.9898101864326513	false	0	0
PR2-PR1	Cardiometabolic_II	OID30342	2	2	1	0.9898101864326513	false	0	0
PR2-PR1	Oncology	OID21228	2	2	1	0.9898101864326513	false	0	0
PR2-PR1	Cardiometabolic	OID20185	2	2	1	0.9898101864326513	false	0	0
PR2-PR1	Neurology	OID21005	2	2	1	0.9898101864326513	false	0	0
PR2-PR1	Neurology_II	OID30997	2	2	1	0.9898101864326513	false	0	0
PR2-PR1	Neurology	OID20818	2	2	1	0.994346371754364	false	0	0
PR2-PR1	Oncology	OID21288	2	2	1	0.9898101864326513	false	0	0
PR2-PR1	Oncology_II	OID31498	2	2	1	0.9898101864326513	false	0	0
PR2-PR1	Inflammation	OID20578	2	2	1	0.9898101864326513	false	0	0
PR2-PR1	Oncology	OID21506	2	2	1	0.9898101864326513	false	0	0
PR2-PR1	Cardiometabolic	OID20067	2	2	1	0.9898101864326513	false	0	0
PR2-PR1	Neurology	OID20838	2	2	1	0.9898101864326513	false	0	0
PR2-PR1	Inflammation	OID20574	2	2	1	0.9898101864326513	false	0	0
PR2-PR1	Cardiometabolic	OID20072	2	2	1	0.9898101864326513	false	0	0
PR2-PR1	Cardiometabolic	OID20353	2	2	1	0.9898101864326513	false	0	0
PR2-PR1	Inflammation	OID20453	2	2	1	0.9898101864326513	false	0	0
PR2-PR1	Inflammation	OID20487	2	2	1	0.9952701721682232	false	0	0
PR2-PR1	Neurology	OID20815	2	2	1	0.9898101864326513	false	0	0
PR2-PR1	Neurology	OID21124	2	2	1	0.9898101864326513	false	0	0
PR2-PR1	Neurology	OID20962	2	2	1	0.9898101864326513	false	0	0
PR2-PR1	Oncology_II	OID31468	2	2	1	0.9898101864326513	false	0	0
PR2-PR1	Neurology	OID21050	2	2	1	0.9898101864326513	false	0	0
PR2-PR1	Inflammation_II	OID30774	2	2	1	0.9898101864326513	false	0	0
PR2-PR1	Neurology_II	OID30936	2	2	1	0.9898101864326513	false	0	0
PR2-PR1	Cardiometabolic_II	OID30197	2	2	1	0.9898101864326513	false	0	0
PR2-PR1	Neurology_II	OID30835	2	2	1	0.9898101864326513	false	0	0
PR2-PR1	Oncology	OID21505	2	2	1	0.9898101864326513	false	0	0
PR2-PR1	Inflammation	OID20785	2	2	1	0.9898101864326513	false	0	0
PR2-PR1	Cardiometabolic	OID20197	2	2	1	0.9898101864326513	false	0	0
PR2-PR1	Inflammation	OID20481	2	2	1	0.7041419980109912	false	0	0
PR2-PR1	Oncology_II	OID31413	2	2	1	0.9898101864326513	false	0	0
PR2-PR1	Cardiometabolic_II	OID30167	2	2	1	0.9898101864326513	false	0	0
PR2-PR1	Cardiometabolic_II	OID30121	2	2	1	0.9898101864326513	false	0	0
PR2-PR1	Neurology	OID20958	2	2	1	0.9898101864326513	false	0	0
PR2-PR1	Oncology	OID21396	2	2	1	0.9898101864326513	false	0	0
PR2-PR1	Neurology	OID21028	2	2	1	0.9898101864326513	false	0	0
PR2-PR1	Oncology	OID21476	2	2	1	0.9898101864326513	false	0	0
PR2-PR1	Cardiometabolic	OID20333	2	2	1	0.9898101864326513	false	0	0
PR2-PR1	Inflammation	OID20645	2	2	1	0.9898101864326513	false	0	0
PR2-PR1	Cardiometabolic	OID20259	2	2	1	0.9898101864326513	false	0	0
PR2-PR1	Neurology_II	OID30999	2	2	1	0.9898101864326513	false	0	0
PR2-PR1	Oncology_II	OID31240	2	2	1	0.9898101864326513	false	0	0
PR2-PR1	Oncology	OID21522	2	2	1	0.9898101864326513	false	0	0
PR2-PR1	Neurology_II	OID30868	2	2	1	0.9898101864326513	false	0	0
PR2-PR1	Cardiometabolic	OID20216	2	2	1	0.9898101864326513	false	0	0
PR2-PR1	Cardiometabolic_II	OID30150	2	2	1	0.9898101864326513	false	0	0
PR2-PR1	Inflammation	OID20521	2	2	1	0.9898101864326513	false	0	0
PR2-PR1	Cardiometabolic_II	OID30163	2	2	1	0.9898101864326513	false	0	0
PR2-PR1	Neurology_II	OID31027	2	2	1	0.9898101864326513	false	0	0
PR2-PR1	Neurology	OID21032	2	2	1	0.9898101864326513	false	0	0
PR2-PR1	Cardiometabolic_II	OID30360	2	2	1	0.9898101864326513	false	0	0
PR2-PR1	Oncology	OID21177	2	2	1	0.9898101864326513	false	0	0
PR2-PR1	Neurology_II	OID31084	2	2	1	0.9898101864326513	false	0	0
PR2-PR1	Cardiometabolic	OID20266	2	2	1	0.9898101864326513	false	0	0
PR2-PR1	Inflammation_II	OID30628	2	2	1	0.9898101864326513	false	0	0
PR2-PR1	Cardiometabolic_II	OID30291	2	2	1	0.9898101864326513	false	0	0
PR2-PR1	Cardiometabolic_II	OID30352	2	2	1	0.9898101864326513	false	0	0
PR2-PR1	Neurology	OID21025	2	2	1	0.9898101864326513	false	0	0
PR2-PR1	Cardiometabolic	OID20052	2	2	1	0.9898101864326513	false	0	0
PR2-PR1	Neurology_II	OID31095	2	2	1	0.9908769280795049	false	0	0
PR2-PR1	Cardiometabolic_II	OID30341	2	2	1	0.9898101864326513	false	0	0
PR2-PR1	Cardiometabolic	OID20075	2	2	1	0.9898101864326513	false	0	0
PR2-PR1	Neurology_II	OID30813	2	2	1	0.9898101864326513	false	0	0
PR2-PR1	Oncology	OID21257	2	2	1	0.9898101864326513	false	0	0
PR2-PR1	Cardiometabolic	OID20105	2	2	1	0.9898101864326513	false	0	0
PR2-PR1	Cardiometabolic	OID20095	2	2	1	0.9168171635428559	false	0	0
PR2-PR1	Oncology_II	OID31225	2	2	1	0.9898101864326513	false	0	0
PR2-PR1	Neurology_II	OID30895	2	2	1	0.9898101864326513	false	0	0
PR2-PR1	Cardiometabolic_II	OID30261	2	2	1	0.9898101864326513	false	0	0
PR2-PR1	Inflammation	OID20613	2	2	1	0.9898101864326513	false	0	0
PR2-PR1	Neurology	OID21065	2	2	1	0.9898101864326513	false	0	0
PR2-PR1	Neurology	OID20803	2	2	1	0.9898101864326513	false	0	0
PR2-PR1	Cardiometabolic_II	OID30181	2	2	1	0.9898101864326513	false	0	0
PR2-PR1	Oncology_II	OID31338	2	2	1	0.9898101864326513	false	0	0
PR2-PR1	Cardiometabolic	OID20165	2	2	1	0.9898101864326513	false	0	0
PR2-PR1	Neurology	OID21112	2	2	1	0.9898101864326513	false	0	0
PR2-PR1	Oncology_II	OID31187	2	2	1	0.9898101864326513	false	0	0
PR2-PR1	Oncology	OID21318	2	2	1	0.9898101864326513	false	0	0
PR2-PR1	Oncology_II	OID31274	2	2	1	0.9898101864326513	false	0	0
PR2-PR1	Neurology_II	OID30913	2	2	1	0.9898101864326513	false	0	0
PR2-PR1	Cardiometabolic_II	OID30162	2	2	1	0.9898101864326513	false	0	0
PR2-PR1	Oncology	OID21272	2	2	1	0.9898101864326513	false	0	0
PR2-PR1	Cardiometabolic_II	OID30085	2	2	1	0.9898101864326513	false	0	0
PR2-PR1	Neurology_II	OID31091	2	2	1	0.9898101864326513	false	0	0
PR2-PR1	Neurology_II	OID30898	2	2	1	0.9898101864326513	false	0	0
PR2-PR1	Cardiometabolic_II	OID30117	2	2	1	0.9898101864326513	false	0	0
PR2-PR1	Oncology	OID21526	2	2	1	0.9898101864326513	false	0	0
PR2-PR1	Cardiometabolic_II	OID30296	2	2	1	0.9898101864326513	false	0	0
PR2-PR1	Cardiometabolic	OID20051	2	2	1	0.9898101864326513	false	0	0
PR2-PR1	Oncology_II	OID31481	2	2	1	0.9898101864326513	false	0	0
PR2-PR1	Inflammation	OID20688	2	2	1	0.9898101864326513	false	0	0
PR2-PR1	Cardiometabolic_II	OID30152	2	2	1	0.9898101864326513	false	0	0
PR2-PR1	Inflammation_II	OID30425	2	2	1	0.9898101864326513	false	0	0
PR2-PR1	Oncology	OID21363	2	2	1	0.9898101864326513	false	0	0
PR2-PR1	Neurology_II	OID30955	2	2	1	0.9898101864326513	false	0	0
PR2-PR1	Oncology	OID21326	2	2	1	0.9898101864326513	false	0	0
PR2-PR1	Oncology_II	OID31504	2	2	1	0.9898101864326513	false	0	0
PR2-PR1	Inflammation	OID20777	2	2	1	0.9898101864326513	false	0	0
PR2-PR1	Neurology_II	OID31139	2	2	1	0.9898101864326513	false	0	0
PR2-PR1	Oncology	OID21264	2	2	1	0.9898101864326513	false	0	0
PR2-PR1	Neurology_II	OID31124	2	2	1	0.9898101864326513	false	0	0
PR2-PR1	Inflammation	OID20710	2	2	1	0.9898101864326513	false	0	0
PR2-PR1	Oncology_II	OID31197	2	2	1	0.9898101864326513	false	0	0
PR2-PR1	Inflammation	OID20670	2	2	1	0.9898101864326513	false	0	0
PR2-PR1	Cardiometabolic	OID20180	2	2	1	0.9898101864326513	false	0	0
PR2-PR1	Oncology_II	OID31476	2	2	1	0.9168171635428559	false	0	0
PR2-PR1	Inflammation_II	OID30524	2	2	1	0.9898101864326513	false	0	0
PR2-PR1	Inflammation_II	OID30670	2	2	1	0.9898101864326513	false	0	0
PR2-PR1	Neurology_II	OID30872	2	2	1	0.9898101864326513	false	0	0
PR2-PR1	Inflammation	OID20753	2	2	1	0.9898101864326513	false	0	0
PR2-PR1	Oncology_II	OID31420	2	2	1	0.9898101864326513	false	0	0
PR2-PR1	Cardiometabolic	OID20198	2	2	1	0.996366439459726	false	0	0
PR2-PR1	Inflammation_II	OID30483	2	2	1	0.9898101864326513	false	0	0
PR2-PR1	Neurology_II	OID30962	2	2	1	0.9952701721682232	false	0	0
PR2-PR1	Inflammation_II	OID30420	2	2	1	0.9898101864326513	false	0	0
PR2-PR1	Oncology	OID21163	2	2	1	0.6051646855990032	false	0	0
PR2-PR1	Neurology_II	OID31052	2	2	1	0.9898101864326513	false	0	0
PR2-PR1	Neurology	OID20846	2	2	1	0.9898101864326513	false	0	0
PR2-PR1	Oncology	OID21440	2	2	1	0.9898101864326513	false	0	0
PR2-PR1	Inflammation_II	OID30543	2	2	1	0.9898101864326513	false	0	0
PR2-PR1	Neurology	OID20831	2	2	1	0.9898101864326513	false	0	0
PR2-PR1	Inflammation	OID20454	2	2	1	0.9898101864326513	false	0	0
PR2-PR1	Cardiometabolic	OID20240	2	2	1	0.9898101864326513	false	0	0
PR2-PR1	Neurology_II	OID30902	2	2	1	0.9898101864326513	false	0	0
PR2-PR1	Neurology_II	OID30956	2	2	1	0.9898101864326513	false	0	0
PR2-PR1	Inflammation_II	OID30707	2	2	1	0.994346371754364	false	0	0
PR2-PR1	Cardiometabolic	OID20236	2	2	1	0.996366439459726	false	0	0
PR2-PR1	Inflammation_II	OID30520	2	2	1	0.9011226008929123	false	0	0
PR2-PR1	Cardiometabolic_II	OID30313	2	2	1	0.9898101864326513	false	0	0
PR2-PR1	Neurology_II	OID30889	2	2	1	0.9898101864326513	false	0	0
PR2-PR1	Cardiometabolic_II	OID30393	2	2	1	0.9898101864326513	false	0	0
PR2-PR1	Cardiometabolic	OID20126	2	2	1	0.9898101864326513	false	0	0
PR2-PR1	Inflammation	OID20477	2	2	1	0.9898101864326513	false	0	0
PR2-PR1	Oncology	OID21468	2	2	1	0.9898101864326513	false	0	0
PR2-PR1	Oncology_II	OID31247	2	2	1	0.9898101864326513	false	0	0
PR2-PR1	Cardiometabolic_II	OID30312	2	2	1	0.9898101864326513	false	0	0
PR2-PR1	Inflammation	OID20610	2	2	1	0.9898101864326513	false	0	0
PR2-PR1	Neurology_II	OID31088	2	2	1	0.9898101864326513	false	0	0
PR2-PR1	Neurology	OID20987	2	2	1	0.9898101864326513	false	0	0
PR2-PR1	Oncology_II	OID31183	2	2	1	0.9898101864326513	false	0	0
PR2-PR1	Neurology	OID20926	2	2	1	0.9898101864326513	false	0	0
PR2-PR1	Neurology_II	OID30925	2	2	1	0.9898101864326513	false	0	0
PR2-PR1	Oncology	OID21474	2	2	1	0.9898101864326513	false	0	0
PR2-PR1	Oncology	OID21514	2	2	1	0.9760611257664702	false	0	0
PR2-PR1	Neurology	OID21064	2	2	1	0.9898101864326513	false	0	0
PR2-PR1	Neurology_II	OID31136	2	2	1	0.9898101864326513	false	0	0
PR2-PR1	Cardiometabolic	OID20137	2	2	1	0.9898101864326513	false	0	0
PR2-PR1	Neurology	OID21123	2	2	1	0.9898101864326513	false	0	0
PR2-PR1	Oncology_II	OID31243	2	2	1	0.9898101864326513	false	0	0
PR2-PR1	Oncology	OID21283	2	2	1	0.9898101864326513	false	0	0
PR2-PR1	Neurology	OID20836	2	2	1	0.9898101864326513	false	0	0
PR2-PR1	Neurology_II	OID30901	2	2	1	0.9898101864326513	false	0	0
PR2-PR1	Neurology_II	OID30884	2	2	1	0.9898101864326513	false	0	0
PR2-PR1	Cardiometabolic_II	OID30218	2	2	1	0.9898101864326513	false	0	0
PR2-PR1	Cardiometabolic	OID20113	2	2	1	0.9898101864326513	false	0	0
PR2-PR1	Neurology	OID20857	2	2	1	0.9898101864326513	false	0	0
PR2-PR1	Cardiometabolic	OID20063	2	2	1	0.9898101864326513	false	0	0
PR2-PR1	Cardiometabolic_II	OID30348	2	2	1	0.9898101864326513	false	0	0
PR2-PR1	Oncology_II	OID31407	2	2	1	0.9898101864326513	false	0	0
PR2-PR1	Neurology_II	OID30847	2	2	1	0.9898101864326513	false	0	0
PR2-PR1	Inflammation	OID20602	2	2	1	0.9898101864326513	false	0	0
PR2-PR1	Cardiometabolic	OID20171	2	2	1	0.9898101864326513	false	0	0
PR2-PR1	Inflammation_II	OID30626	2	2	1	0.9898101864326513	false	0	0
PR2-PR1	Neurology	OID21136	2	2	1	0.9168171635428559	false	0	0
PR2-PR1	Oncology_II	OID31195	2	2	1	0.9898101864326513	false	0	0
PR2-PR1	Inflammation	OID20755	2	2	1	0.9898101864326513	false	0	0
PR2-PR1	Cardiometabolic_II	OID30416	2	2	1	0.9898101864326513	false	0	0
PR2-PR1	Neurology_II	OID30934	2	2	1	0.9898101864326513	false	0	0
PR2-PR1	Cardiometabolic_II	OID30106	2	2	1	0.9898101864326513	false	0	0
PR2-PR1	Oncology_II	OID31176	2	2	1	0.9898101864326513	false	0	0
PR2-PR1	Oncology_II	OID31188	2	2	1	0.9898101864326513	false	0	0
PR2-PR1	Neurology	OID20899	2	2	1	0.9898101864326513	false	0	0
PR2-PR1	Inflammation	OID20651	2	2	1	0.9898101864326513	false	0	0
PR2-PR1	Neurology_II	OID31031	2	2	1	0.9898101864326513	false	0	0
PR2-PR1	Inflammation_II	OID30494	2	2	1	0.9898101864326513	false	0	0
PR2-PR1	Inflammation	OID20463	2	2	1	0.9898101864326513	false	0	0
PR2-PR1	Cardiometabolic_II	OID30159	2	2	1	0.9898101864326513	false	0	0
PR2-PR1	Oncology_II	OID31388	2	2	1	0.9898101864326513	false	0	0
PR2-PR1	Neurology_II	OID31060	2	2	1	0.990180058242225	false	0	0
PR2-PR1	Inflammation_II	OID30560	2	2	1	0.9952701721682232	false	0	0
PR2-PR1	Oncology	OID21368	2	2	1	0.9898101864326513	false	0	0
PR2-PR1	Neurology	OID20813	2	2	1	0.9898101864326513	false	0	0
PR2-PR1	Inflammation	OID20435	2	2	1	0.9898101864326513	false	0	0
PR2-PR1	Cardiometabolic	OID20330	2	2	1	0.9898101864326513	false	0	0
PR2-PR1	Inflammation	OID20509	2	2	1	0.9898101864326513	false	0	0
PR2-PR1	Neurology_II	OID31028	2	2	1	0.9898101864326513	false	0	0
PR2-PR1	Oncology	OID21170	2	2	1	0.9952701721682232	false	0	0
PR2-PR1	Cardiometabolic_II	OID30285	2	2	1	0.9898101864326513	false	0	0
PR2-PR1	Inflammation	OID20526	2	2	1	0.9898101864326513	false	0	0
PR2-PR1	Inflammation_II	OID30535	2	2	1	0.9898101864326513	false	0	0
PR2-PR1	Neurology_II	OID30942	2	2	1	0.9898101864326513	false	0	0
PR2-PR1	Inflammation_II	OID30737	2	2	1	0.9898101864326513	false	0	0
PR2-PR1	Neurology	OID20798	2	2	1	0.9898101864326513	false	0	0
PR2-PR1	Oncology	OID21435	2	2	1	0.9898101864326513	false	0	0
PR2-PR1	Inflammation	OID20724	2	2	1	0.9898101864326513	false	0	0
PR2-PR1	Oncology_II	OID31512	2	2	1	0.9898101864326513	false	0	0
PR2-PR1	Cardiometabolic_II	OID30080	2	2	1	0.9898101864326513	false	0	0
PR2-PR1	Cardiometabolic_II	OID30135	2	2	1	0.9898101864326513	false	0	0
PR2-PR1	Oncology_II	OID31180	2	2	1	0.9898101864326513	false	0	0
PR2-PR1	Neurology	OID21160	2	2	1	0.9898101864326513	false	0	0
PR2-PR1	Oncology	OID21359	2	2	1	0.9898101864326513	false	0	0
PR2-PR1	Oncology	OID21387	2	2	1	0.9898101864326513	false	0	0
PR2-PR1	Neurology_II	OID30812	2	2	1	0.9898101864326513	false	0	0
PR2-PR1	Neurology	OID21092	2	2	1	0.9898101864326513	false	0	0
PR2-PR1	Inflammation	OID20553	2	2	1	0.9898101864326513	false	0	0
PR2-PR1	Oncology_II	OID31437	2	2	1	0.9898101864326513	false	0	0
PR2-PR1	Oncology	OID21251	2	2	1	0.9898101864326513	false	0	0
PR2-PR1	Oncology_II	OID31181	2	2	1	0.9898101864326513	false	0	0
PR2-PR1	Inflammation	OID20533	2	2	1	0.994346371754364	false	0	0
PR2-PR1	Cardiometabolic_II	OID30317	2	2	1	0.9898101864326513	false	0	0
PR2-PR1	Inflammation_II	OID30588	2	2	1	0.9898101864326513	false	0	0
PR2-PR1	Neurology	OID20859	2	2	1	0.9898101864326513	false	0	0
PR2-PR1	Inflammation_II	OID30608	2	2	1	0.9772738414375325	false	0	0
PR2-PR1	Oncology_II	OID31200	2	2	1	0.9898101864326513	false	0	0
PR2-PR1	Neurology_II	OID30885	2	2	1	0.9898101864326513	false	0	0
PR2-PR1	Cardiometabolic_II	OID30207	2	2	1	0.9898101864326513	false	0	0
PR2-PR1	Cardiometabolic	OID20303	2	2	1	0.9898101864326513	false	0	0
PR2-PR1	Oncology_II	OID31250	2	2	1	0.9898101864326513	false	0	0
PR2-PR1	Neurology	OID20852	2	2	1	0.9898101864326513	false	0	0
PR2-PR1	Inflammation_II	OID30547	2	2	1	0.9898101864326513	false	0	0
PR2-PR1	Inflammation	OID20779	2	2	1	0.9898101864326513	false	0	0
PR2-PR1	Inflammation	OID20506	2	2	1	0.9898101864326513	false	0	0
PR2-PR1	Cardiometabolic_II	OID30094	2	2	1	0.9898101864326513	false	0	0
PR2-PR1	Inflammation	OID20593	2	2	1	0.9898101864326513	false	0	0
PR2-PR1	Oncology	OID21333	2	2	1	0.9898101864326513	false	0	0
PR2-PR1	Inflammation	OID20471	2	2	1	0.9898101864326513	false	0	0
PR2-PR1	Neurology_II	OID31008	2	2	1	0.9898101864326513	false	0	0
PR2-PR1	Neurology_II	OID30866	2	2	1	0.9898101864326513	false	0	0
PR2-PR1	Neurology_II	OID31032	2	2	1	0.9898101864326513	false	0	0
PR2-PR1	Oncology	OID21197	2	2	1	0.994346371754364	false	0	0
PR2-PR1	Inflammation	OID20470	2	2	1	0.9898101864326513	false	0	0
PR2-PR1	Inflammation_II	OID30551	2	2	1	0.9898101864326513	false	0	0
PR2-PR1	Cardiometabolic_II	OID30281	2	2	1	0.9898101864326513	false	0	0
PR2-PR1	Neurology_II	OID31065	2	2	1	0.9898101864326513	false	0	0
PR2-PR1	Inflammation	OID20774	2	2	1	0.9898101864326513	false	0	0
PR2-PR1	Cardiometabolic_II	OID30355	2	2	1	0.9898101864326513	false	0	0
PR2-PR1	Oncology	OID21508	2	2	1	0.9898101864326513	false	0	0
PR2-PR1	Oncology	OID21371	2	2	1	0.9898101864326513	false	0	0
PR2-PR1	Cardiometabolic	OID20270	2	2	1	0.9898101864326513	false	0	0
PR2-PR1	Neurology_II	OID30878	2	2	1	0.9760611257664702	false	0	0
PR2-PR1	Cardiometabolic	OID20209	2	2	1	0.9898101864326513	false	0	0
PR2-PR1	Inflammation	OID20705	2	2	1	0.9898101864326513	false	0	0
PR2-PR1	Neurology_II	OID30795	2	2	1	0.9898101864326513	false	0	0
PR2-PR1	Neurology_II	OID31013	2	2	1	0.9898101864326513	false	0	0
PR2-PR1	Cardiometabolic	OID20244	2	2	1	0.9898101864326513	false	0	0
PR2-PR1	Inflammation_II	OID30530	2	2	1	0.9898101864326513	false	0	0
PR2-PR1	Cardiometabolic	OID20383	2	2	1	0.9898101864326513	false	0	0
PR2-PR1	Cardiometabolic	OID20098	2	2	1	0.9760611257664702	false	0	0
PR2-PR1	Oncology	OID21374	2	2	1	0.9898101864326513	false	0	0
PR2-PR1	Neurology_II	OID31067	2	2	1	0.9898101864326513	false	0	0
PR2-PR1	Neurology	OID20808	2	2	1	0.9898101864326513	false	0	0
PR2-PR1	Cardiometabolic	OID20357	2	2	1	0.9898101864326513	false	0	0
PR2-PR1	Inflammation	OID20690	2	2	1	0.9898101864326513	false	0	0
PR2-PR1	Cardiometabolic_II	OID30158	2	2	1	0.9898101864326513	false	0	0
PR2-PR1	Neurology	OID20891	2	2	1	0.9898101864326513	false	0	0
PR2-PR1	Oncology_II	OID31395	2	2	1	0.9898101864326513	false	0	0
PR2-PR1	Cardiometabolic_II	OID30394	2	2	1	0.9898101864326513	false	0	0
PR2-PR1	Oncology	OID21345	2	2	1	0.9898101864326513	false	0	0
PR2-PR1	Neurology_II	OID30890	2	2	1	0.9898101864326513	false	0	0
PR2-PR1	Oncology_II	OID31436	2	2	1	0.9898101864326513	false	0	0
PR2-PR1	Oncology	OID21501	2	2	1	0.9898101864326513	false	0	0
PR2-PR1	Cardiometabolic_II	OID30088	2	2	1	0.9898101864326513	false	0	0
PR2-PR1	Inflammation_II	OID30666	2	2	1	0.9898101864326513	false	0	0
PR2-PR1	Oncology	OID21454	2	2	1	0.9898101864326513	false	0	0
PR2-PR1	Cardiometabolic_II	OID30140	2	2	1	0.9898101864326513	false	0	0
PR2-PR1	Inflammation	OID20627	2	2	1	0.9898101864326513	false	0	0
PR2-PR1	Cardiometabolic	OID20324	2	2	1	0.9898101864326513	false	0	0
PR2-PR1	Oncology_II	OID31216	2	2	1	0.9898101864326513	false	0	0
PR2-PR1	Inflammation_II	OID30763	2	2	1	0.9898101864326513	false	0	0
PR2-PR1	Oncology_II	OID31470	2	2	1	0.9898101864326513	false	0	0
PR2-PR1	Neurology_II	OID31133	2	2	1	0.990180058242225	false	0	0
PR2-PR1	Oncology	OID21507	2	2	1	0.9760611257664702	false	0	0
PR2-PR1	Neurology_II	OID30842	2	2	1	0.9898101864326513	false	0	0
PR2-PR1	Cardiometabolic	OID20121	2	2	1	0.9898101864326513	false	0	0
PR2-PR1	Oncology	OID21375	2	2	1	0.9898101864326513	false	0	0
PR2-PR1	Inflammation	OID20721	2	2	1	0.9898101864326513	false	0	0
PR2-PR1	Oncology	OID21413	2	2	1	0.9898101864326513	false	0	0
PR2-PR1	Neurology_II	OID30817	2	2	1	0.994346371754364	false	0	0
PR2-PR1	Inflammation	OID20438	2	2	1	0.9760611257664702	false	0	0
PR2-PR1	Inflammation_II	OID30744	2	2	1	0.9898101864326513	false	0	0
PR2-PR1	Cardiometabolic_II	OID30177	2	2	1	0.9898101864326513	false	0	0
PR2-PR1	Cardiometabolic	OID20263	2	2	1	0.994346371754364	false	0	0
PR2-PR1	Inflammation_II	OID30485	2	2	1	0.9898101864326513	false	0	0
PR2-PR1	Inflammation_II	OID30698	2	2	1	0.9962287569275192	false	0	0
PR2-PR1	Cardiometabolic_II	OID30294	2	2	1	0.9898101864326513	false	0	0
PR2-PR1	Oncology_II	OID31368	2	2	1	0.9898101864326513	false	0	0
PR2-PR1	Inflammation	OID20539	2	2	1	0.9898101864326513	false	0	0
PR2-PR1	Cardiometabolic	OID20148	2	2	1	0.9898101864326513	false	0	0
PR2-PR1	Cardiometabolic_II	OID30390	2	2	1	0.9898101864326513	false	0	0
PR2-PR1	Cardiometabolic_II	OID30196	2	2	1	0.9898101864326513	false	0	0
PR2-PR1	Inflammation	OID20478	2	2	1	0.9898101864326513	false	0	0
PR2-PR1	Inflammation	OID20503	2	2	1	0.9898101864326513	false	0	0
PR2-PR1	Cardiometabolic	OID20172	2	2	1	0.9898101864326513	false	0	0
PR2-PR1	Inflammation	OID20697	2	2	1	0.9898101864326513	false	0	0
PR2-PR1	Inflammation	OID20765	2	2	1	0.6051646855990032	false	0	0
PR2-PR1	Inflammation	OID20450	2	2	1	0.9898101864326513	false	0	0
PR2-PR1	Neurology_II	OID30891	2	2	1	0.9898101864326513	false	0	0
PR2-PR1	Neurology	OID21148	2	2	1	0.9906935130730229	false	0	0
PR2-PR1	Cardiometabolic	OID20311	2	2	1	0.9898101864326513	false	0	0
PR2-PR1	Oncology	OID21222	2	2	1	0.9898101864326513	false	0	0
PR2-PR1	Neurology_II	OID31081	2	2	1	0.9898101864326513	false	0	0
PR2-PR1	Inflammation	OID20633	2	2	1	0.9898101864326513	false	0	0
PR2-PR1	Cardiometabolic	OID20250	2	2	1	0.9898101864326513	false	0	0
PR2-PR1	Inflammation_II	OID30542	2	2	1	0.9898101864326513	false	0	0
PR2-PR1	Cardiometabolic	OID20347	2	2	1	0.9898101864326513	false	0	0
PR2-PR1	Neurology	OID21095	2	2	1	0.9898101864326513	false	0	0
PR2-PR1	Cardiometabolic_II	OID30337	2	2	1	0.9898101864326513	false	0	0
PR2-PR1	Inflammation_II	OID30594	2	2	1	0.9898101864326513	false	0	0
PR2-PR1	Neurology_II	OID31137	2	2	1	0.996366439459726	false	0	0
PR2-PR1	Cardiometabolic_II	OID30364	2	2	1	0.9898101864326513	false	0	0
PR2-PR1	Neurology	OID21069	2	2	1	0.9898101864326513	false	0	0
PR2-PR1	Inflammation	OID20592	2	2	1	0.9898101864326513	false	0	0
PR2-PR1	Oncology	OID21236	2	2	1	0.9898101864326513	false	0	0
PR2-PR1	Neurology_II	OID31047	2	2	1	0.9898101864326513	false	0	0
PR2-PR1	Oncology_II	OID31454	2	2	1	0.9898101864326513	false	0	0
PR2-PR1	Inflammation	OID20743	2	2	1	0.996366439459726	false	0	0
PR2-PR1	Cardiometabolic_II	OID30086	2	2	1	0.9898101864326513	false	0	0
PR2-PR1	Neurology	OID20927	2	2	1	0.9898101864326513	false	0	0
PR2-PR1	Inflammation_II	OID30440	2	2	1	0.9898101864326513	false	0	0
PR2-PR1	Oncology_II	OID31205	2	2	1	0.930074841250774	false	0	0
PR2-PR1	Oncology_II	OID31222	2	2	1	0.996366439459726	false	0	0
PR2-PR1	Inflammation	OID20496	2	2	1	0.9898101864326513	false	0	0
PR2-PR1	Neurology_II	OID31082	2	2	1	0.9906935130730229	false	0	0
PR2-PR1	Inflammation_II	OID30782	2	2	1	0.9898101864326513	false	0	0
PR2-PR1	Neurology_II	OID31002	2	2	1	0.9898101864326513	false	0	0
PR2-PR1	Inflammation_II	OID30648	2	2	1	0.9898101864326513	false	0	0
PR2-PR1	Neurology	OID21138	2	2	1	0.9898101864326513	false	0	0
PR2-PR1	Neurology	OID20907	2	2	1	0.9898101864326513	false	0	0
PR2-PR1	Oncology	OID21298	2	2	1	0.9898101864326513	false	0	0
PR2-PR1	Cardiometabolic_II	OID30155	2	2	1	0.9898101864326513	false	0	0
PR2-PR1	Oncology_II	OID31217	2	2	1	0.9898101864326513	false	0	0
PR2-PR1	Cardiometabolic	OID20411	2	2	1	0.9898101864326513	false	0	0
PR2-PR1	Oncology	OID21274	2	2	1	0.996366439459726	false	0	0
PR2-PR1	Inflammation	OID20642	2	2	1	0.9898101864326513	false	0	0
PR2-PR1	Cardiometabolic	OID20295	2	2	1	0.9898101864326513	false	0	0
PR2-PR1	Oncology	OID21287	2	2	1	0.9898101864326513	false	0	0
PR2-PR1	Inflammation_II	OID30676	2	2	1	0.9898101864326513	false	0	0
PR2-PR1	Cardiometabolic	OID20203	2	2	1	0.9898101864326513	false	0	0
PR2-PR1	Neurology_II	OID31118	2	2	1	0.994346371754364	false	0	0
PR2-PR1	Neurology	OID20999	2	2	1	0.9898101864326513	false	0	0
PR2-PR1	Inflammation_II	OID30559	2	2	1	0.9898101864326513	false	0	0
PR2-PR1	Oncology_II	OID31313	2	2	1	0.9898101864326513	false	0	0
PR2-PR1	Oncology	OID21260	2	2	1	0.9168171635428559	false	0	0
PR2-PR1	Inflammation_II	OID30760	2	2	1	0.9898101864326513	false	0	0
PR2-PR1	Neurology_II	OID30914	2	2	1	0.9898101864326513	false	0	0
PR2-PR1	Cardiometabolic	OID20294	2	2	1	0.9898101864326513	false	0	0
PR2-PR1	Oncology	OID21320	2	2	1	0.9898101864326513	false	0	0
PR2-PR1	Cardiometabolic_II	OID30351	2	2	1	0.9906935130730229	false	0	0
PR2-PR1	Inflammation	OID20455	2	2	1	0.9898101864326513	false	0	0
PR2-PR1	Oncology_II	OID31280	2	2	1	0.9898101864326513	false	0	0
PR2-PR1	Oncology_II	OID31422	2	2	1	0.5698918331858016	false	0	0
PR2-PR1	Oncology_II	OID31331	2	2	1	0.9898101864326513	false	0	0
PR2-PR1	Oncology	OID21386	2	2	1	0.9898101864326513	false	0	0
PR2-PR1	Cardiometabolic	OID20217	2	2	1	0.9898101864326513	false	0	0
PR2-PR1	Neurology_II	OID30836	2	2	1	0.9898101864326513	false	0	0
PR2-PR1	Neurology_II	OID30904	2	2	1	0.9898101864326513	false	0	0
PR2-PR1	Neurology	OID20840	2	2	1	0.9898101864326513	false	0	0
PR2-PR1	Oncology_II	OID31229	2	2	1	0.9898101864326513	false	0	0
PR2-PR1	Inflammation	OID20707	2	2	1	0.9898101864326513	false	0	0
PR2-PR1	Cardiometabolic	OID20329	2	2	1	0.9898101864326513	false	0	0
PR2-PR1	Inflammation_II	OID30664	2	2	1	0.9898101864326513	false	0	0
PR2-PR1	Neurology_II	OID30815	2	2	1	0.9898101864326513	false	0	0
PR2-PR1	Cardiometabolic	OID20342	2	2	1	0.9898101864326513	false	0	0
PR2-PR1	Neurology	OID21096	2	2	1	0.06166881860520664	false	0	1
PR2-PR1	Inflammation_II	OID30636	2	2	1	0.9898101864326513	false	0	0
PR2-PR1	Neurology_II	OID30920	2	2	1	0.6392540208559647	false	0	0
PR2-PR1	Oncology	OID21414	2	2	1	0.9898101864326513	false	0	0
PR2-PR1	Neurology_II	OID30967	2	2	1	0.9898101864326513	false	0	0
PR2-PR1	Neurology	OID20917	2	2	1	0.9898101864326513	false	0	0
PR2-PR1	Inflammation	OID20576	2	2	1	0.9898101864326513	false	0	0
PR2-PR1	Cardiometabolic	OID20365	2	2	1	0.9898101864326513	false	0	0
PR2-PR1	Neurology	OID20853	2	2	1	0.9898101864326513	false	0	0
PR2-PR1	Cardiometabolic	OID20064	2	2	1	0.9898101864326513	false	0	0
PR2-PR1	Inflammation_II	OID30462	2	2	1	0.9898101864326513	false	0	0
PR2-PR1	Oncology_II	OID31459	2	2	1	0.9898101864326513	false	0	0
PR2-PR1	Cardiometabolic	OID20212	2	2	1	0.9898101864326513	false	0	0
PR2-PR1	Inflammation_II	OID30545	2	2	1	0.9898101864326513	false	0	0
PR2-PR1	Neurology	OID21048	2	2	1	0.9898101864326513	false	0	0
PR2-PR1	Cardiometabolic_II	OID30072	2	2	1	0.9962287569275192	false	0	0
PR2-PR1	Inflammation	OID20709	2	2	1	0.9898101864326513	false	0	0
PR2-PR1	Neurology	OID21156	2	2	1	0.9760611257664702	false	0	0
PR2-PR1	Neurology_II	OID31066	2	2	1	0.9898101864326513	false	0	0
PR2-PR1	Inflammation	OID20757	2	2	1	0.9898101864326513	false	0	0
PR2-PR1	Cardiometabolic_II	OID30415	2	2	1	0.9898101864326513	false	0	0
PR2-PR1	Inflammation_II	OID30430	2	2	1	0.9898101864326513	false	0	0
PR2-PR1	Cardiometabolic	OID20070	2	2	1	0.9898101864326513	false	0	0
PR2-PR1	Neurology	OID20804	2	2	1	0.994346371754364	false	0	0
PR2-PR1	Cardiometabolic	OID20106	2	2	1	0.9898101864326513	false	0	0
PR2-PR1	Cardiometabolic	OID20403	2	2	1	0.9898101864326513	false	0	0
PR2-PR1	Inflammation	OID20608	2	2	1	0.994346371754364	false	0	0
PR2-PR1	Neurology_II	OID30810	2	2	1	0.8307676297895593	false	0	0
PR2-PR1	Neurology	OID21087	2	2	1	0.9898101864326513	false	0	0
PR2-PR1	Neurology	OID21093	2	2	1	0.9898101864326513	false	0	0
PR2-PR1	Inflammation_II	OID30533	2	2	1	0.9898101864326513	false	0	0
PR2-PR1	Inflammation_II	OID30693	2	2	1	0.996366439459726	false	0	0
PR2-PR1	Cardiometabolic_II	OID30136	2	2	1	0.5730698437792336	false	0	0
PR2-PR1	Cardiometabolic	OID20233	2	2	1	0.9898101864326513	false	0	0
PR2-PR1	Neurology	OID21004	2	2	1	0.9898101864326513	false	0	0
PR2-PR1	Inflammation	OID20650	2	2	1	0.9898101864326513	false	0	0
PR2-PR1	Inflammation_II	OID30778	2	2	1	0.9898101864326513	false	0	0
PR2-PR1	Inflammation_II	OID30625	2	2	1	0.9898101864326513	false	0	0
PR2-PR1	Cardiometabolic_II	OID30267	2	2	1	0.9898101864326513	false	0	0
PR2-PR1	Inflammation_II	OID30498	2	2	1	0.930074841250774	false	0	0
PR2-PR1	Cardiometabolic_II	OID30397	2	2	1	0.9898101864326513	false	0	0
PR2-PR1	Inflammation	OID20420	2	2	1	0.9898101864326513	false	0	0
PR2-PR1	Cardiometabolic	OID20356	2	2	1	0.9898101864326513	false	0	0
PR2-PR1	Cardiometabolic_II	OID30240	2	2	1	0.9898101864326513	false	0	0
PR2-PR1	Oncology	OID21306	2	2	1	0.9898101864326513	false	0	0
PR2-PR1	Inflammation_II	OID30511	2	2	1	0.9898101864326513	false	0	0
PR2-PR1	Cardiometabolic_II	OID30203	2	2	1	0.9898101864326513	false	0	0
PR2-PR1	Neurology	OID20807	2	2	1	0.9898101864326513	false	0	0
PR2-PR1	Inflammation	OID20434	2	2	1	0.9169480698552053	false	0	0
PR2-PR1	Inflammation_II	OID30570	2	2	1	0.9898101864326513	false	0	0
PR2-PR1	Cardiometabolic	OID20184	2	2	1	0.9898101864326513	false	0	0
PR2-PR1	Neurology_II	OID30811	2	2	1	0.9898101864326513	false	0	0
PR2-PR1	Inflammation	OID20616	2	2	1	0.9898101864326513	false	0	0
PR2-PR1	Inflammation_II	OID30442	2	2	1	0.9898101864326513	false	0	0
PR2-PR1	Neurology_II	OID31127	2	2	1	0.9898101864326513	false	0	0
PR2-PR1	Oncology	OID21518	2	2	1	0.9898101864326513	false	0	0
PR2-PR1	Neurology	OID21078	2	2	1	0.9898101864326513	false	0	0
PR2-PR1	Cardiometabolic_II	OID30378	2	2	1	0.9898101864326513	false	0	0
PR2-PR1	Neurology_II	OID31090	2	2	1	0.9898101864326513	false	0	0
PR2-PR1	Neurology	OID21007	2	2	1	0.9898101864326513	false	0	0
PR2-PR1	Inflammation_II	OID30618	2	2	1	0.9898101864326513	false	0	0
PR2-PR1	Inflammation_II	OID30581	2	2	1	0.9898101864326513	false	0	0
PR2-PR1	Neurology	OID21139	2	2	1	0.9539170967703412	false	0	0
PR2-PR1	Oncology	OID21292	2	2	1	0.9898101864326513	false	0	0
PR2-PR1	Oncology	OID21225	2	2	1	0.9898101864326513	false	0	0
PR2-PR1	Inflammation	OID20644	2	2	1	0.9898101864326513	false	0	0
PR2-PR1	Cardiometabolic	OID20393	2	2	1	0.9898101864326513	false	0	0
PR2-PR1	Oncology_II	OID31265	2	2	1	0.9898101864326513	false	0	0
PR2-PR1	Inflammation	OID20580	2	2	1	0.9898101864326513	false	0	0
PR2-PR1	Cardiometabolic_II	OID30236	2	2	1	0.9898101864326513	false	0	0
PR2-PR1	Oncology	OID21384	2	2	1	0.9898101864326513	false	0	0
PR2-PR1	Inflammation	OID20671	2	2	1	0.9760611257664702	false	0	0
PR2-PR1	Neurology_II	OID30821	2	2	1	0.9898101864326513	false	0	0
PR2-PR1	Oncology_II	OID31277	2	2	1	0.9898101864326513	false	0	0
PR2-PR1	Inflammation	OID20557	2	2	1	0.9898101864326513	false	0	0
PR2-PR1	Neurology	OID20968	2	2	1	0.9898101864326513	false	0	0
PR2-PR1	Oncology	OID21217	2	2	1	0.9898101864326513	false	0	0
PR2-PR1	Neurology_II	OID30992	2	2	1	0.9898101864326513	false	0	0
PR2-PR1	Inflammation_II	OID30653	2	2	1	0.9898101864326513	false	0	0
PR2-PR1	Oncology	OID21343	2	2	1	0.9898101864326513	false	0	0
PR2-PR1	Oncology	OID21329	2	2	1	0.9952701721682232	false	0	0
PR2-PR1	Inflammation	OID20517	2	2	1	0.9898101864326513	false	0	0
PR2-PR1	Neurology_II	OID30800	2	2	1	0.9898101864326513	false	0	0
PR2-PR1	Neurology	OID20997	2	2	1	0.9962287569275192	false	0	0
PR2-PR1	Neurology_II	OID31014	2	2	1	0.9898101864326513	false	0	0
PR2-PR1	Neurology	OID20799	2	2	1	0.9898101864326513	false	0	0
PR2-PR1	Cardiometabolic	OID20087	2	2	1	0.06499107926290311	false	0	1
PR2-PR1	Oncology_II	OID31244	2	2	1	0.9898101864326513	false	0	0
PR2-PR1	Neurology_II	OID31061	2	2	1	0.9898101864326513	false	0	0
PR2-PR1	Cardiometabolic_II	OID30114	2	2	1	0.9898101864326513	false	0	0
PR2-PR1	Neurology	OID21116	2	2	1	0.9898101864326513	false	0	0
PR2-PR1	Neurology	OID20971	2	2	1	0.996366439459726	false	0	0
PR2-PR1	Inflammation	OID20507	2	2	1	0.9898101864326513	false	0	0
PR2-PR1	Inflammation_II	OID30428	2	2	1	0.9898101864326513	false	0	0
PR2-PR1	Cardiometabolic_II	OID30089	2	2	1	0.9898101864326513	false	0	0
PR2-PR1	Inflammation	OID20495	2	2	1	0.9898101864326513	false	0	0
PR2-PR1	Cardiometabolic	OID20305	2	2	1	0.9898101864326513	false	0	0
PR2-PR1	Oncology_II	OID31294	2	2	1	0.9898101864326513	false	0	0
PR2-PR1	Oncology_II	OID31432	2	2	1	0.9898101864326513	false	0	0
PR2-PR1	Cardiometabolic	OID20264	2	2	1	0.9898101864326513	false	0	0
PR2-PR1	Neurology	OID21039	2	2	1	0.9898101864326513	false	0	0
PR2-PR1	Neurology	OID21134	2	2	1	0.9898101864326513	false	0	0
PR2-PR1	Oncology	OID21212	2	2	1	0.994346371754364	false	0	0
PR2-PR1	Inflammation_II	OID30563	2	2	1	0.9898101864326513	false	0	0
PR2-PR1	Inflammation_II	OID30752	2	2	1	0.9898101864326513	false	0	0
PR2-PR1	Oncology	OID21483	2	2	1	0.9952701721682232	false	0	0
PR2-PR1	Inflammation	OID20571	2	2	1	0.9898101864326513	false	0	0
PR2-PR1	Neurology_II	OID30919	2	2	1	0.9898101864326513	false	0	0
PR2-PR1	Neurology_II	OID30964	2	2	1	0.9898101864326513	false	0	0
PR2-PR1	Inflammation	OID20461	2	2	1	0.9898101864326513	false	0	0
PR2-PR1	Neurology	OID20871	2	2	1	0.9898101864326513	false	0	0
PR2-PR1	Inflammation_II	OID30452	2	2	1	0.9898101864326513	false	0	0
PR2-PR1	Oncology	OID21263	2	2	1	0.9898101864326513	false	0	0
PR2-PR1	Cardiometabolic	OID20285	2	2	1	0.9898101864326513	false	0	0
PR2-PR1	Neurology_II	OID31083	2	2	1	0.9898101864326513	false	0	0
PR2-PR1	Inflammation	OID20739	2	2	1	0.9898101864326513	false	0	0
PR2-PR1	Neurology	OID20942	2	2	1	0.9898101864326513	false	0	0
PR2-PR1	Neurology_II	OID31050	2	2	1	0.994346371754364	false	0	0
PR2-PR1	Cardiometabolic	OID20161	2	2	1	0.9898101864326513	false	0	0
PR2-PR1	Neurology	OID21101	2	2	1	0.9898101864326513	false	0	0
PR2-PR1	Inflammation	OID20504	2	2	1	0.9898101864326513	false	0	0
PR2-PR1	Cardiometabolic	OID20089	2	2	1	0.996366439459726	false	0	0
PR2-PR1	Oncology	OID21266	2	2	1	0.9309663360528255	false	0	0
PR2-PR1	Neurology	OID20876	2	2	1	0.9898101864326513	false	0	0
PR2-PR1	Cardiometabolic_II	OID30306	2	2	1	0.9898101864326513	false	0	0
PR2-PR1	Cardiometabolic	OID20189	2	2	1	0.9937260657131372	false	0	0
PR2-PR1	Cardiometabolic_II	OID30058	2	2	1	0.9898101864326513	false	0	0
PR2-PR1	Cardiometabolic	OID20245	2	2	1	0.996366439459726	false	0	0
PR2-PR1	Cardiometabolic_II	OID30222	2	2	1	0.9898101864326513	false	0	0
PR2-PR1	Oncology	OID21408	2	2	1	0.9898101864326513	false	0	0
PR2-PR1	Oncology	OID21179	2	2	1	0.9898101864326513	false	0	0
PR2-PR1	Cardiometabolic	OID20145	2	2	1	0.9898101864326513	false	0	0
PR2-PR1	Cardiometabolic	OID20102	2	2	1	0.9898101864326513	false	0	0
PR2-PR1	Oncology_II	OID31452	2	2	1	0.9898101864326513	false	0	0
PR2-PR1	Oncology_II	OID31497	2	2	1	0.9898101864326513	false	0	0
PR2-PR1	Neurology	OID20909	2	2	1	0.9918138607325128	false	0	0
PR2-PR1	Oncology_II	OID31248	2	2	1	0.9898101864326513	false	0	0
PR2-PR1	Cardiometabolic_II	OID30356	2	2	1	0.9898101864326513	false	0	0
PR2-PR1	Oncology	OID21193	2	2	1	0.9898101864326513	false	0	0
PR2-PR1	Cardiometabolic	OID20284	2	2	1	0.9898101864326513	false	0	0
PR2-PR1	Oncology	OID21406	2	2	1	0.9898101864326513	false	0	0
PR2-PR1	Oncology_II	OID31233	2	2	1	0.9898101864326513	false	0	0
PR2-PR1	Cardiometabolic_II	OID30298	2	2	1	0.9898101864326513	false	0	0
PR2-PR1	Inflammation_II	OID30692	2	2	1	0.9898101864326513	false	0	0
PR2-PR1	Neurology_II	OID30854	2	2	1	0.9898101864326513	false	0	0
PR2-PR1	Oncology	OID21504	2	2	1	0.9898101864326513	false	0	0
PR2-PR1	Cardiometabolic	OID20373	2	2	1	0.9898101864326513	false	0	0
PR2-PR1	Inflammation_II	OID30787	2	2	1	0.9898101864326513	false	0	0
PR2-PR1	Inflammation	OID20631	2	2	1	0.994346371754364	false	0	0
PR2-PR1	Oncology_II	OID31428	2	2	1	0.996366439459726	false	0	0
PR2-PR1	Oncology	OID21351	2	2	1	0.9898101864326513	false	0	0
PR2-PR1	Cardiometabolic_II	OID30182	2	2	1	0.9898101864326513	false	0	0
PR2-PR1	Neurology	OID20979	2	2	1	0.9898101864326513	false	0	0
PR2-PR1	Inflammation	OID20457	2	2	1	0.9898101864326513	false	0	0
PR2-PR1	Oncology_II	OID31292	2	2	1	0.9898101864326513	false	0	0
PR2-PR1	Cardiometabolic_II	OID30274	2	2	1	0.9898101864326513	false	0	0
PR2-PR1	Neurology_II	OID31030	2	2	1	0.9906935130730229	false	0	0
PR2-PR1	Neurology	OID20933	2	2	1	0.9898101864326513	false	0	0
PR2-PR1	Oncology	OID21429	2	2	1	0.9898101864326513	false	0	0
PR2-PR1	Cardiometabolic_II	OID30419	2	2	1	0.9898101864326513	false	0	0
PR2-PR1	Inflammation_II	OID30665	2	2	1	0.9898101864326513	false	0	0
PR2-PR1	Neurology_II	OID30844	2	2	1	0.9898101864326513	false	0	0
PR2-PR1	Oncology	OID21456	2	2	1	0.5736594684890178	false	0	0
PR2-PR1	Cardiometabolic	OID20162	2	2	1	0.9898101864326513	false	0	0
PR2-PR1	Inflammation	OID20766	2	2	1	0.9898101864326513	false	0	0
PR2-PR1	Inflammation	OID20630	2	2	1	0.9898101864326513	false	0	0
PR2-PR1	Inflammation_II	OID30690	2	2	1	0.9898101864326513	false	0	0
PR2-PR1	Oncology_II	OID31487	2	2	1	0.9898101864326513	false	0	0
PR2-PR1	Neurology	OID20849	2	2	1	0.9898101864326513	false	0	0
PR2-PR1	Inflammation	OID20619	2	2	1	0.9898101864326513	false	0	0
PR2-PR1	Oncology	OID21192	2	2	1	0.02155743316801151	true	1	1
PR2-PR1	Inflammation	OID20462	2	2	1	0.9898101864326513	false	0	0
PR2-PR1	Cardiometabolic_II	OID30288	2	2	1	0.9898101864326513	false	0	0
PR2-PR1	Inflammation_II	OID30577	2	2	1	0.9898101864326513	false	0	0
PR2-PR1	Oncology	OID21424	2	2	1	0.9898101864326513	false	0	0
PR2-PR1	Oncology	OID21484	2	2	1	0.9898101864326513	false	0	0
PR2-PR1	Oncology	OID21325	2	2	1	0.9898101864326513	false	0	0
PR2-PR1	Inflammation_II	OID30446	2	2	1	0.9898101864326513	false	0	0
PR2-PR1	Inflammation	OID20665	2	2	1	0.8636638751909406	false	0	0
PR2-PR1	Inflammation_II	OID30575	2	2	1	0.9898101864326513	false	0	0
PR2-PR1	Oncology	OID21380	2	2	1	0.9898101864326513	false	0	0
PR2-PR1	Neurology_II	OID31062	2	2	1	0.9898101864326513	false	0	0
PR2-PR1	Inflammation_II	OID30699	2	2	1	0.9898101864326513	false	0	0
PR2-PR1	Cardiometabolic	OID20221	2	2	1	0.9898101864326513	false	0	0
PR2-PR1	Neurology_II	OID30909	2	2	1	0.9898101864326513	false	0	0
PR2-PR1	Oncology_II	OID31285	2	2	1	0.9898101864326513	false	0	0
PR2-PR1	Inflammation_II	OID30785	2	2	1	0.9898101864326513	false	0	0
PR2-PR1	Cardiometabolic_II	OID30131	2	2	1	0.9898101864326513	false	0	0
PR2-PR1	Cardiometabolic_II	OID30122	2	2	1	0.9898101864326513	false	0	0
PR2-PR1	Cardiometabolic_II	OID30101	2	2	1	0.996366439459726	false	0	0
PR2-PR1	Oncology_II	OID31392	2	2	1	0.9898101864326513	false	0	0
PR2-PR1	Cardiometabolic	OID20094	2	2	1	0.9898101864326513	false	0	0
PR2-PR1	Oncology_II	OID31513	2	2	1	0.9898101864326513	false	0	0
PR2-PR1	Cardiometabolic	OID20248	2	2	1	0.994346371754364	false	0	0
PR2-PR1	Oncology_II	OID31370	2	2	1	0.9898101864326513	false	0	0
PR2-PR1	Cardiometabolic	OID20355	2	2	1	0.9898101864326513	false	0	0
PR2-PR1	Inflammation	OID20500	2	2	1	0.9898101864326513	false	0	0
PR2-PR1	Neurology_II	OID30983	2	2	1	0.9898101864326513	false	0	0
PR2-PR1	Oncology_II	OID31320	2	2	1	0.9898101864326513	false	0	0
PR2-PR1	Oncology_II	OID31267	2	2	1	0.9898101864326513	false	0	0
PR2-PR1	Oncology_II	OID31198	2	2	1	0.9898101864326513	false	0	0
PR2-PR1	Cardiometabolic	OID20382	2	2	1	0.9169480698552053	false	0	0
PR2-PR1	Oncology_II	OID31162	2	2	1	0.9898101864326513	false	0	0
PR2-PR1	Cardiometabolic	OID20253	2	2	1	0.9898101864326513	false	0	0
PR2-PR1	Inflammation_II	OID30720	2	2	1	0.9898101864326513	false	0	0
PR2-PR1	Inflammation_II	OID30583	2	2	1	0.9898101864326513	false	0	0
PR2-PR1	Neurology	OID20828	2	2	1	0.9898101864326513	false	0	0
PR2-PR1	Oncology_II	OID31525	2	2	1	0.9898101864326513	false	0	0
PR2-PR1	Oncology_II	OID31318	2	2	1	0.9898101864326513	false	0	0
PR2-PR1	Cardiometabolic	OID20179	2	2	1	0.9898101864326513	false	0	0
PR2-PR1	Neurology	OID20888	2	2	1	0.9898101864326513	false	0	0
PR2-PR1	Inflammation_II	OID30534	2	2	1	0.930074841250774	false	0	0
PR2-PR1	Inflammation	OID20716	2	2	1	0.9898101864326513	false	0	0
PR2-PR1	Inflammation	OID20634	2	2	1	0.9898101864326513	false	0	0
PR2-PR1	Cardiometabolic_II	OID30176	2	2	1	0.996366439459726	false	0	0
PR2-PR1	Neurology	OID21042	2	2	1	0.9898101864326513	false	0	0
PR2-PR1	Neurology	OID21153	2	2	1	0.7341669236631853	false	0	0
PR2-PR1	Oncology	OID21310	2	2	1	0.9898101864326513	false	0	0
PR2-PR1	Oncology	OID21502	2	2	1	0.9898101864326513	false	0	0
PR2-PR1	Cardiometabolic	OID20117	2	2	1	0.9898101864326513	false	0	0
PR2-PR1	Neurology	OID20996	2	2	1	0.9898101864326513	false	0	0
PR2-PR1	Neurology	OID20805	2	2	1	0.9898101864326513	false	0	0
PR2-PR1	Oncology_II	OID31230	2	2	1	0.930074841250774	false	0	0
PR2-PR1	Inflammation_II	OID30622	2	2	1	0.9898101864326513	false	0	0
PR2-PR1	Neurology_II	OID31126	2	2	1	0.9898101864326513	false	0	0
PR2-PR1	Inflammation	OID20534	2	2	1	0.987398319940843	false	0	0
PR2-PR1	Oncology_II	OID31496	2	2	1	0.9898101864326513	false	0	0
PR2-PR1	Cardiometabolic	OID20335	2	2	1	0.9898101864326513	false	0	0
PR2-PR1	Cardiometabolic_II	OID30297	2	2	1	0.9898101864326513	false	0	0
PR2-PR1	Inflammation_II	OID30710	2	2	1	0.9898101864326513	false	0	0
PR2-PR1	Neurology_II	OID30827	2	2	1	0.9898101864326513	false	0	0
PR2-PR1	Inflammation	OID20449	2	2	1	0.9898101864326513	false	0	0
PR2-PR1	Inflammation	OID20537	2	2	1	0.9898101864326513	false	0	0
PR2-PR1	Neurology_II	OID30793	2	2	1	0.9898101864326513	false	0	0
PR2-PR1	Neurology_II	OID30953	2	2	1	0.9898101864326513	false	0	0
PR2-PR1	Neurology_II	OID30899	2	2	1	0.9898101864326513	false	0	0
PR2-PR1	Inflammation_II	OID30702	2	2	1	0.9898101864326513	false	0	0
PR2-PR1	Cardiometabolic	OID20223	2	2	1	0.9898101864326513	false	0	0
PR2-PR1	Neurology	OID20841	2	2	1	0.9898101864326513	false	0	0
PR2-PR1	Inflammation	OID20422	2	2	1	0.9962287569275192	false	0	0
PR2-PR1	Oncology_II	OID31522	2	2	1	0.9898101864326513	false	0	0
PR2-PR1	Oncology_II	OID31316	2	2	1	0.9898101864326513	false	0	0
PR2-PR1	Neurology_II	OID30865	2	2	1	0.9898101864326513	false	0	0
PR2-PR1	Oncology_II	OID31343	2	2	1	0.9898101864326513	false	0	0
PR2-PR1	Neurology	OID21012	2	2	1	0.9898101864326513	false	0	0
PR2-PR1	Inflammation	OID20536	2	2	1	0.9898101864326513	false	0	0
PR2-PR1	Inflammation	OID20737	2	2	1	0.9898101864326513	false	0	0
PR2-PR1	Inflammation	OID20718	2	2	1	0.9898101864326513	false	0	0
PR2-PR1	Neurology_II	OID30832	2	2	1	0.6392540208559647	false	0	0
PR2-PR1	Neurology_II	OID30860	2	2	1	0.9898101864326513	false	0	0
PR2-PR1	Neurology	OID20826	2	2	1	0.9898101864326513	false	0	0
PR2-PR1	Oncology_II	OID31438	2	2	1	0.9996369119338651	false	0	0
PR2-PR1	Inflammation	OID20446	2	2	1	0.9898101864326513	false	0	0
PR2-PR1	Oncology	OID21443	2	2	1	0.9898101864326513	false	0	0
PR2-PR1	Cardiometabolic_II	OID30251	2	2	1	0.9898101864326513	false	0	0
PR2-PR1	Oncology_II	OID31204	2	2	1	0.9898101864326513	false	0	0
PR2-PR1	Neurology_II	OID31039	2	2	1	0.9898101864326513	false	0	0
PR2-PR1	Neurology_II	OID30978	2	2	1	0.9952701721682232	false	0	0
PR2-PR1	Inflammation_II	OID30616	2	2	1	0.9898101864326513	false	0	0
PR2-PR1	Oncology_II	OID31223	2	2	1	0.9898101864326513	false	0	0
PR2-PR1	Neurology_II	OID30876	2	2	1	0.9898101864326513	false	0	0
PR2-PR1	Oncology_II	OID31387	2	2	1	0.9898101864326513	false	0	0
PR2-PR1	Cardiometabolic	OID20195	2	2	1	0.9898101864326513	false	0	0
PR2-PR1	Neurology_II	OID30870	2	2	1	0.9898101864326513	false	0	0
PR2-PR1	Neurology_II	OID30905	2	2	1	0.9898101864326513	false	0	0
PR2-PR1	Cardiometabolic_II	OID30292	2	2	1	0.9898101864326513	false	0	0
PR2-PR1	Cardiometabolic_II	OID30373	2	2	1	0.9898101864326513	false	0	0
PR2-PR1	Neurology	OID20950	2	2	1	0.9898101864326513	false	0	0
PR2-PR1	Cardiometabolic_II	OID30165	2	2	1	0.930074841250774	false	0	0
PR2-PR1	Neurology_II	OID30841	2	2	1	0.9898101864326513	false	0	0
PR2-PR1	Cardiometabolic_II	OID30295	2	2	1	0.9898101864326513	false	0	0
PR2-PR1	Cardiometabolic	OID20188	2	2	1	0.9898101864326513	false	0	0
PR2-PR1	Oncology_II	OID31449	2	2	1	0.9898101864326513	false	0	0
PR2-PR1	Neurology	OID20993	2	2	1	0.9898101864326513	false	0	0
PR2-PR1	Cardiometabolic_II	OID30331	2	2	1	0.9898101864326513	false	0	0
PR2-PR1	Inflammation	OID20560	2	2	1	0.9898101864326513	false	0	0
PR2-PR1	Oncology	OID21497	2	2	1	0.9898101864326513	false	0	0
PR2-PR1	Cardiometabolic_II	OID30315	2	2	1	0.9898101864326513	false	0	0
PR2-PR1	Neurology_II	OID30887	2	2	1	0.9898101864326513	false	0	0
PR2-PR1	Cardiometabolic	OID20157	2	2	1	0.9898101864326513	false	0	0
PR2-PR1	Cardiometabolic	OID20237	2	2	1	0.994346371754364	false	0	0
PR2-PR1	Inflammation_II	OID30478	2	2	1	0.930074841250774	false	0	0
PR2-PR1	Neurology_II	OID30845	2	2	1	0.9898101864326513	false	0	0
PR2-PR1	Oncology	OID21433	2	2	1	0.9898101864326513	false	0	0
PR2-PR1	Neurology	OID21104	2	2	1	0.9898101864326513	false	0	0
PR2-PR1	Cardiometabolic_II	OID30280	2	2	1	0.9898101864326513	false	0	0
PR2-PR1	Neurology	OID21147	2	2	1	0.9898101864326513	false	0	0
PR2-PR1	Oncology_II	OID31203	2	2	1	0.9898101864326513	false	0	0
PR2-PR1	Cardiometabolic_II	OID30370	2	2	1	0.994346371754364	false	0	0
PR2-PR1	Oncology_II	OID31202	2	2	1	0.9898101864326513	false	0	0
PR2-PR1	Cardiometabolic	OID20147	2	2	1	0.9898101864326513	false	0	0
PR2-PR1	Neurology_II	OID31121	2	2	1	0.9952701721682232	false	0	0
PR2-PR1	Oncology_II	OID31516	2	2	1	0.9309663360528255	false	0	0
PR2-PR1	Cardiometabolic	OID20201	2	2	1	0.9309663360528255	false	0	0
PR2-PR1	Neurology	OID20868	2	2	1	0.9898101864326513	false	0	0
PR2-PR1	Cardiometabolic	OID20319	2	2	1	0.9898101864326513	false	0	0
PR2-PR1	Neurology	OID21135	2	2	1	0.9898101864326513	false	0	0
PR2-PR1	Neurology_II	OID31079	2	2	1	0.9898101864326513	false	0	0
PR2-PR1	Inflammation_II	OID30775	2	2	1	0.9898101864326513	false	0	0
PR2-PR1	Inflammation_II	OID30461	2	2	1	0.9898101864326513	false	0	0
PR2-PR1	Inflammation	OID20458	2	2	1	0.9898101864326513	false	0	0
PR2-PR1	Oncology	OID21458	2	2	1	0.9898101864326513	false	0	0
PR2-PR1	Oncology	OID21221	2	2	1	0.9898101864326513	false	0	0
PR2-PR1	Neurology	OID21062	2	2	1	0.9898101864326513	false	0	0
PR2-PR1	Neurology	OID20881	2	2	1	0.9898101864326513	false	0	0
PR2-PR1	Inflammation	OID20443	2	2	1	0.9898101864326513	false	0	0
PR2-PR1	Inflammation	OID20548	2	2	1	0.9898101864326513	false	0	0
PR2-PR1	Cardiometabolic	OID20381	2	2	1	0.9898101864326513	false	0	0
PR2-PR1	Oncology_II	OID31310	2	2	1	0.9898101864326513	false	0	0
PR2-PR1	Oncology_II	OID31334	2	2	1	0.9898101864326513	false	0	0
PR2-PR1	Inflammation	OID20623	2	2	1	0.9898101864326513	false	0	0
PR2-PR1	Oncology_II	OID31326	2	2	1	0.9898101864326513	false	0	0
PR2-PR1	Oncology	OID21469	2	2	1	0.9898101864326513	false	0	0
PR2-PR1	Cardiometabolic	OID20155	2	2	1	0.9898101864326513	false	0	0
PR2-PR1	Neurology_II	OID30794	2	2	1	0.994346371754364	false	0	0
PR2-PR1	Oncology	OID21226	2	2	1	0.9898101864326513	false	0	0
PR2-PR1	Oncology	OID21243	2	2	1	0.9898101864326513	false	0	0
PR2-PR1	Inflammation_II	OID30734	2	2	1	0.9898101864326513	false	0	0
PR2-PR1	Neurology_II	OID30972	2	2	1	0.9898101864326513	false	0	0
PR2-PR1	Inflammation	OID20594	2	2	1	0.9898101864326513	false	0	0
PR2-PR1	Cardiometabolic	OID20099	2	2	1	0.9898101864326513	false	0	0
PR2-PR1	Cardiometabolic	OID20122	2	2	1	0.9898101864326513	false	0	0
PR2-PR1	Oncology	OID21357	2	2	1	0.9898101864326513	false	0	0
PR2-PR1	Cardiometabolic	OID20361	2	2	1	0.9898101864326513	false	0	0
PR2-PR1	Oncology_II	OID31288	2	2	1	0.9617734165328415	false	0	0
PR2-PR1	Inflammation	OID20467	2	2	1	0.996366439459726	false	0	0
PR2-PR1	Neurology	OID21083	2	2	1	0.9898101864326513	false	0	0
PR2-PR1	Oncology	OID21479	2	2	1	0.9898101864326513	false	0	0
PR2-PR1	Inflammation	OID20684	2	2	1	0.9898101864326513	false	0	0
PR2-PR1	Inflammation_II	OID30523	2	2	1	0.996366439459726	false	0	0
PR2-PR1	Neurology	OID21088	2	2	1	0.9898101864326513	false	0	0
PR2-PR1	Cardiometabolic	OID20328	2	2	1	0.9898101864326513	false	0	0
PR2-PR1	Oncology_II	OID31340	2	2	1	0.9898101864326513	false	0	0
PR2-PR1	Neurology_II	OID30996	2	2	1	0.9898101864326513	false	0	0
PR2-PR1	Inflammation	OID20424	2	2	1	0.9898101864326513	false	0	0
PR2-PR1	Cardiometabolic_II	OID30407	2	2	1	0.9898101864326513	false	0	0
PR2-PR1	Neurology	OID21117	2	2	1	0.9898101864326513	false	0	0
PR2-PR1	Cardiometabolic_II	OID30067	2	2	1	0.9898101864326513	false	0	0
PR2-PR1	Neurology	OID21059	2	2	1	0.9898101864326513	false	0	0
PR2-PR1	Cardiometabolic	OID20416	2	2	1	0.9898101864326513	false	0	0
PR2-PR1	Oncology	OID21252	2	2	1	0.9898101864326513	false	0	0
PR2-PR1	Oncology_II	OID31278	2	2	1	0.9898101864326513	false	0	0
PR2-PR1	Oncology	OID21434	2	2	1	0.9898101864326513	false	0	0
PR2-PR1	Cardiometabolic	OID20339	2	2	1	0.9898101864326513	false	0	0
PR2-PR1	Oncology	OID21394	2	2	1	0.9898101864326513	false	0	0
PR2-PR1	Cardiometabolic	OID20166	2	2	1	0.9962287569275192	false	0	0
PR2-PR1	Neurology	OID20914	2	2	1	0.9898101864326513	false	0	0
PR2-PR1	Neurology_II	OID30973	2	2	1	0.9898101864326513	false	0	0
PR2-PR1	Cardiometabolic_II	OID30069	2	2	1	0.9898101864326513	false	0	0
PR2-PR1	Neurology_II	OID30883	2	2	1	0.9898101864326513	false	0	0
PR2-PR1	Cardiometabolic_II	OID30139	2	2	1	0.9898101864326513	false	0	0
PR2-PR1	Neurology_II	OID30796	2	2	1	0.9898101864326513	false	0	0
PR2-PR1	Oncology	OID21490	2	2	1	0.8307676297895593	false	0	0
PR2-PR1	Neurology	OID21120	2	2	1	0.9898101864326513	false	0	0
PR2-PR1	Cardiometabolic_II	OID30232	2	2	1	0.9898101864326513	false	0	0
PR2-PR1	Neurology_II	OID31018	2	2	1	0.9898101864326513	false	0	0
PR2-PR1	Oncology	OID21174	2	2	1	0.9898101864326513	false	0	0
PR2-PR1	Oncology	OID21341	2	2	1	0.9898101864326513	false	0	0
PR2-PR1	Cardiometabolic_II	OID30264	2	2	1	0.9906935130730229	false	0	0
PR2-PR1	Cardiometabolic	OID20350	2	2	1	0.9898101864326513	false	0	0
PR2-PR1	Inflammation_II	OID30632	2	2	1	0.9898101864326513	false	0	0
PR2-PR1	Cardiometabolic	OID20082	2	2	1	0.996366439459726	false	0	0
PR2-PR1	Neurology	OID20972	2	2	1	0.9898101864326513	false	0	0
PR2-PR1	Inflammation	OID20469	2	2	1	0.9898101864326513	false	0	0
PR2-PR1	Neurology	OID20842	2	2	1	0.9898101864326513	false	0	0
PR2-PR1	Oncology	OID21180	2	2	1	0.9962287569275192	false	0	0
PR2-PR1	Oncology	OID21183	2	2	1	0.9898101864326513	false	0	0
PR2-PR1	Neurology_II	OID30986	2	2	1	0.9904859381260896	false	0	0
PR2-PR1	Neurology	OID20986	2	2	1	0.9898101864326513	false	0	0
PR2-PR1	Cardiometabolic_II	OID30160	2	2	1	0.9898101864326513	false	0	0
PR2-PR1	Inflammation	OID20722	2	2	1	0.9898101864326513	false	0	0
PR2-PR1	Oncology_II	OID31228	2	2	1	0.9898101864326513	false	0	0
PR2-PR1	Cardiometabolic_II	OID30372	2	2	1	0.9898101864326513	false	0	0
PR2-PR1	Cardiometabolic_II	OID30311	2	2	1	0.9898101864326513	false	0	0
PR2-PR1	Inflammation	OID20423	2	2	1	0.9898101864326513	false	0	0
PR2-PR1	Neurology_II	OID31046	2	2	1	0.9952701721682232	false	0	0
PR2-PR1	Oncology_II	OID31345	2	2	1	0.9898101864326513	false	0	0
PR2-PR1	Cardiometabolic_II	OID30279	2	2	1	0.9168171635428559	false	0	0
PR2-PR1	Neurology	OID20963	2	2	1	0.9952701721682232	false	0	0
PR2-PR1	Neurology_II	OID30959	2	2	1	0.9898101864326513	false	0	0
PR2-PR1	Neurology	OID21049	2	2	1	0.9898101864326513	false	0	0
PR2-PR1	Oncology	OID21438	2	2	1	0.9952701721682232	false	0	0
PR2-PR1	Oncology	OID21344	2	2	1	0.9898101864326513	false	0	0
PR2-PR1	Cardiometabolic_II	OID30284	2	2	1	0.996366439459726	false	0	0
PR2-PR1	Inflammation	OID20530	2	2	1	0.9898101864326513	false	0	0
PR2-PR1	Cardiometabolic	OID20413	2	2	1	0.9168171635428559	false	0	0
PR2-PR1	Cardiometabolic_II	OID30141	2	2	1	0.9898101864326513	false	0	0
PR2-PR1	Cardiometabolic_II	OID30087	2	2	1	0.9898101864326513	false	0	0
PR2-PR1	Cardiometabolic	OID20226	2	2	1	0.9898101864326513	false	0	0
PR2-PR1	Neurology	OID21142	2	2	1	0.9898101864326513	false	0	0
PR2-PR1	Neurology	OID20892	2	2	1	0.9898101864326513	false	0	0
PR2-PR1	Neurology_II	OID30961	2	2	1	0.9898101864326513	false	0	0
PR2-PR1	Cardiometabolic	OID20050	2	2	1	0.9898101864326513	false	0	0
PR2-PR1	Neurology_II	OID30816	2	2	1	0.9898101864326513	false	0	0
PR2-PR1	Inflammation_II	OID30761	2	2	1	0.9898101864326513	false	0	0
PR2-PR1	Cardiometabolic_II	OID30199	2	2	1	0.9898101864326513	false	0	0
PR2-PR1	Oncology_II	OID31353	2	2	1	0.9898101864326513	false	0	0
PR2-PR1	Neurology	OID20843	2	2	1	0.9898101864326513	false	0	0
PR2-PR1	Cardiometabolic	OID20131	2	2	1	0.9898101864326513	false	0	0
PR2-PR1	Cardiometabolic_II	OID30252	2	2	1	0.9617734165328415	false	0	0
PR2-PR1	Neurology	OID21152	2	2	1	0.9898101864326513	false	0	0
PR2-PR1	Oncology	OID21200	2	2	1	0.9898101864326513	false	0	0
PR2-PR1	Oncology_II	OID31159	2	2	1	0.9898101864326513	false	0	0
PR2-PR1	Oncology_II	OID31337	2	2	1	0.9898101864326513	false	0	0
PR2-PR1	Neurology	OID20847	2	2	1	0.9898101864326513	false	0	0
PR2-PR1	Oncology	OID21405	2	2	1	0.9898101864326513	false	0	0
PR2-PR1	Cardiometabolic_II	OID30147	2	2	1	0.9898101864326513	false	0	0
PR2-PR1	Cardiometabolic	OID20167	2	2	1	0.9898101864326513	false	0	0
PR2-PR1	Cardiometabolic	OID20149	2	2	1	0.9898101864326513	false	0	0
PR2-PR1	Neurology_II	OID31111	2	2	1	0.9898101864326513	false	0	0
PR2-PR1	Neurology	OID20834	2	2	1	0.9898101864326513	false	0	0
PR2-PR1	Inflammation_II	OID30564	2	2	1	0.9898101864326513	false	0	0
PR2-PR1	Oncology	OID21316	2	2	1	0.9898101864326513	false	0	0
PR2-PR1	Neurology	OID20821	2	2	1	0.9898101864326513	false	0	0
PR2-PR1	Neurology	OID20814	2	2	1	0.9898101864326513	false	0	0
PR2-PR1	Oncology_II	OID31341	2	2	1	0.9898101864326513	false	0	0
PR2-PR1	Inflammation	OID20786	2	2	1	0.9898101864326513	false	0	0
PR2-PR1	Oncology	OID21309	2	2	1	0.9898101864326513	false	0	0
PR2-PR1	Neurology	OID20952	2	2	1	0.9898101864326513	false	0	0
PR2-PR1	Neurology	OID21027	2	2	1	0.9898101864326513	false	0	0
PR2-PR1	Neurology	OID20858	2	2	1	0.9898101864326513	false	0	0
PR2-PR1	Cardiometabolic_II	OID30059	2	2	1	0.9898101864326513	false	0	0
PR2-PR1	Inflammation	OID20626	2	2	1	0.9898101864326513	false	0	0
PR2-PR1	Cardiometabolic	OID20160	2	2	1	0.9898101864326513	false	0	0
PR2-PR1	Oncology	OID21291	2	2	1	0.9898101864326513	false	0	0
PR2-PR1	Inflammation	OID20459	2	2	1	0.9898101864326513	false	0	0
PR2-PR1	Inflammation_II	OID30517	2	2	1	0.9168171635428559	false	0	0
PR2-PR1	Neurology	OID21126	2	2	1	0.9168171635428559	false	0	0
PR2-PR1	Neurology	OID20900	2	2	1	0.9898101864326513	false	0	0
PR2-PR1	Inflammation	OID20494	2	2	1	0.9898101864326513	false	0	0
PR2-PR1	Oncology	OID21445	2	2	1	0.9898101864326513	false	0	0
PR2-PR1	Neurology_II	OID31035	2	2	1	0.9898101864326513	false	0	0
PR2-PR1	Neurology	OID20811	2	2	1	0.9898101864326513	false	0	0
PR2-PR1	Inflammation_II	OID30631	2	2	1	0.9898101864326513	false	0	0
PR2-PR1	Cardiometabolic_II	OID30395	2	2	1	0.9898101864326513	false	0	0
PR2-PR1	Oncology	OID21431	2	2	1	0.9898101864326513	false	0	0
PR2-PR1	Cardiometabolic	OID20219	2	2	1	0.9898101864326513	false	0	0
PR2-PR1	Neurology	OID21046	2	2	1	0.9898101864326513	false	0	0
PR2-PR1	Inflammation	OID20542	2	2	1	0.9898101864326513	false	0	0
PR2-PR1	Oncology	OID21352	2	2	1	0.9898101864326513	false	0	0
PR2-PR1	Oncology	OID21478	2	2	1	0.9898101864326513	false	0	0
PR2-PR1	Cardiometabolic	OID20234	2	2	1	0.9898101864326513	false	0	0
PR2-PR1	Inflammation	OID20776	2	2	1	0.9898101864326513	false	0	0
PR2-PR1	Neurology_II	OID31069	2	2	1	0.9898101864326513	false	0	0
PR2-PR1	Inflammation_II	OID30715	2	2	1	0.9898101864326513	false	0	0
PR2-PR1	Cardiometabolic	OID20257	2	2	1	0.9898101864326513	false	0	0
PR2-PR1	Inflammation	OID20788	2	2	1	0.9918138607325128	false	0	0
PR2-PR1	Neurology	OID21084	2	2	1	0.9169480698552053	false	0	0
PR2-PR1	Oncology_II	OID31167	2	2	1	0.9898101864326513	false	0	0
PR2-PR1	Oncology	OID21276	2	2	1	0.9898101864326513	false	0	0
PR2-PR1	Cardiometabolic_II	OID30414	2	2	1	0.9898101864326513	false	0	0
PR2-PR1	Inflammation_II	OID30474	2	2	1	0.9898101864326513	false	0	0
PR2-PR1	Cardiometabolic	OID20332	2	2	1	0.9898101864326513	false	0	0
PR2-PR1	Cardiometabolic_II	OID30242	2	2	1	0.9970866059385488	false	0	0
PR2-PR1	Oncology_II	OID31184	2	2	1	0.9898101864326513	false	0	0
PR2-PR1	Oncology_II	OID31327	2	2	1	0.9898101864326513	false	0	0
PR2-PR1	Neurology_II	OID31072	2	2	1	0.9898101864326513	false	0	0
PR2-PR1	Neurology	OID20932	2	2	1	0.9898101864326513	false	0	0
PR2-PR1	Cardiometabolic	OID20154	2	2	1	0.9898101864326513	false	0	0
PR2-PR1	Oncology	OID21442	2	2	1	0.9898101864326513	false	0	0
PR2-PR1	Oncology	OID21256	2	2	1	0.9898101864326513	false	0	0
PR2-PR1	Cardiometabolic	OID20299	2	2	1	0.9898101864326513	false	0	0
PR2-PR1	Cardiometabolic_II	OID30316	2	2	1	0.9898101864326513	false	0	0
PR2-PR1	Oncology	OID21335	2	2	1	0.9898101864326513	false	0	0
PR2-PR1	Inflammation_II	OID30696	2	2	1	0.9898101864326513	false	0	0
PR2-PR1	Oncology_II	OID31465	2	2	1	0.9952701721682232	false	0	0
PR2-PR1	Cardiometabolic_II	OID30404	2	2	1	0.9309663360528255	false	0	0
PR2-PR1	Oncology_II	OID31489	2	2	1	0.9898101864326513	false	0	0
PR2-PR1	Neurology	OID21019	2	2	1	0.9898101864326513	false	0	0
PR2-PR1	Cardiometabolic_II	OID30053	2	2	1	0.9898101864326513	false	0	0
PR2-PR1	Oncology_II	OID31517	2	2	1	0.930074841250774	false	0	0
PR2-PR1	Cardiometabolic_II	OID30134	2	2	1	0.9898101864326513	false	0	0
PR2-PR1	Cardiometabolic_II	OID30226	2	2	1	0.9898101864326513	false	0	0
PR2-PR1	Cardiometabolic_II	OID30137	2	2	1	0.9898101864326513	false	0	0
PR2-PR1	Cardiometabolic	OID20300	2	2	1	0.9952701721682232	false	0	0
PR2-PR1	Neurology	OID21053	2	2	1	0.9898101864326513	false	0	0
PR2-PR1	Inflammation_II	OID30689	2	2	1	0.994346371754364	false	0	0
PR2-PR1	Oncology_II	OID31485	2	2	1	0.9898101864326513	false	0	0
PR2-PR1	Cardiometabolic	OID20417	2	2	1	0.9772738414375325	false	0	0
PR2-PR1	Neurology_II	OID30938	2	2	1	0.9898101864326513	false	0	0
PR2-PR1	Oncology_II	OID31442	2	2	1	0.9898101864326513	false	0	0
PR2-PR1	Oncology	OID21273	2	2	1	0.9898101864326513	false	0	0
PR2-PR1	Oncology_II	OID31363	2	2	1	0.9898101864326513	false	0	0
PR2-PR1	Inflammation	OID20751	2	2	1	0.9898101864326513	false	0	0
PR2-PR1	Neurology_II	OID30950	2	2	1	0.996366439459726	false	0	0
PR2-PR1	Oncology	OID21253	2	2	1	0.9898101864326513	false	0	0
PR2-PR1	Cardiometabolic	OID20055	2	2	1	0.9898101864326513	false	0	0
PR2-PR1	Inflammation_II	OID30700	2	2	1	0.9898101864326513	false	0	0
PR2-PR1	Inflammation_II	OID30431	2	2	1	0.9898101864326513	false	0	0
PR2-PR1	Oncology_II	OID31323	2	2	1	0.9898101864326513	false	0	0
PR2-PR1	Oncology	OID21436	2	2	1	0.9898101864326513	false	0	0
PR2-PR1	Cardiometabolic_II	OID30376	2	2	1	0.9898101864326513	false	0	0
PR2-PR1	Inflammation_II	OID30729	2	2	1	0.9898101864326513	false	0	0
PR2-PR1	Oncology	OID21485	2	2	1	0.9898101864326513	false	0	0
PR2-PR1	Inflammation	OID20451	2	2	1	0.9898101864326513	false	0	0
PR2-PR1	Oncology	OID21208	2	2	1	0.9898101864326513	false	0	0
PR2-PR1	Neurology_II	OID30882	2	2	1	0.9898101864326513	false	0	0
PR2-PR1	Inflammation	OID20752	2	2	1	0.9898101864326513	false	0	0
PR2-PR1	Neurology_II	OID31099	2	2	1	0.9898101864326513	false	0	0
PR2-PR1	Neurology_II	OID31104	2	2	1	0.9898101864326513	false	0	0
PR2-PR1	Neurology_II	OID31023	2	2	1	0.9898101864326513	false	0	0
PR2-PR1	Neurology	OID20918	2	2	1	0.9898101864326513	false	0	0
PR2-PR1	Neurology	OID20837	2	2	1	0.9898101864326513	false	0	0
PR2-PR1	Inflammation_II	OID30644	2	2	1	0.9898101864326513	false	0	0
PR2-PR1	Neurology_II	OID30994	2	2	1	0.9898101864326513	false	0	0
PR2-PR1	Neurology	OID21086	2	2	1	0.9898101864326513	false	0	0
PR2-PR1	Oncology	OID21379	2	2	1	0.9898101864326513	false	0	0
PR2-PR1	Inflammation_II	OID30629	2	2	1	0.9898101864326513	false	0	0
PR2-PR1	Cardiometabolic	OID20053	2	2	1	0.9898101864326513	false	0	0
PR2-PR1	Neurology	OID20937	2	2	1	0.9898101864326513	false	0	0
PR2-PR1	Cardiometabolic	OID20394	2	2	1	0.9898101864326513	false	0	0
PR2-PR1	Cardiometabolic_II	OID30273	2	2	1	0.9898101864326513	false	0	0
PR2-PR1	Neurology	OID20924	2	2	1	0.9898101864326513	false	0	0
PR2-PR1	Oncology	OID21195	2	2	1	0.9898101864326513	false	0	0
PR2-PR1	Neurology	OID20976	2	2	1	0.9898101864326513	false	0	0
PR2-PR1	Inflammation_II	OID30586	2	2	1	0.9898101864326513	false	0	0
PR2-PR1	Inflammation	OID20433	2	2	1	0.9898101864326513	false	0	0
PR2-PR1	Neurology_II	OID30979	2	2	1	0.9898101864326513	false	0	0
PR2-PR1	Oncology	OID21369	2	2	1	0.9898101864326513	false	0	0
PR2-PR1	Inflammation_II	OID30638	2	2	1	0.9898101864326513	false	0	0
PR2-PR1	Neurology	OID20839	2	2	1	0.9898101864326513	false	0	0
PR2-PR1	Cardiometabolic	OID20271	2	2	1	0.9898101864326513	false	0	0
PR2-PR1	Inflammation	OID20746	2	2	1	0.9898101864326513	false	0	0
PR2-PR1	Cardiometabolic	OID20169	2	2	1	0.9898101864326513	false	0	0
PR2-PR1	Oncology_II	OID31384	2	2	1	0.9908769280795049	false	0	0
PR2-PR1	Inflammation_II	OID30640	2	2	1	0.994346371754364	false	0	0
PR2-PR1	Neurology	OID20973	2	2	1	0.9898101864326513	false	0	0
PR2-PR1	Neurology	OID21103	2	2	1	0.9898101864326513	false	0	0
PR2-PR1	Cardiometabolic	OID20049	2	2	1	0.9948155965060317	false	0	0
PR2-PR1	Oncology_II	OID31518	2	2	1	0.9898101864326513	false	0	0
PR2-PR1	Oncology	OID21338	2	2	1	0.9898101864326513	false	0	0
PR2-PR1	Oncology	OID21229	2	2	1	0.9937260657131372	false	0	0
PR2-PR1	Cardiometabolic	OID20327	2	2	1	0.9898101864326513	false	0	0
PR2-PR1	Inflammation_II	OID30424	2	2	1	0.9309663360528255	false	0	0
PR2-PR1	Oncology_II	OID31443	2	2	1	0.9898101864326513	false	0	0
PR2-PR1	Cardiometabolic	OID20323	2	2	1	0.9898101864326513	false	0	0
PR2-PR1	Oncology	OID21319	2	2	1	0.9898101864326513	false	0	0
PR2-PR1	Oncology_II	OID31423	2	2	1	0.9898101864326513	false	0	0
PR2-PR1	Oncology_II	OID31435	2	2	1	0.9898101864326513	false	0	0
PR2-PR1	Oncology	OID21250	2	2	1	0.996366439459726	false	0	0
PR2-PR1	Cardiometabolic_II	OID30403	2	2	1	0.9898101864326513	false	0	0
PR2-PR1	Oncology_II	OID31333	2	2	1	0.9898101864326513	false	0	0
PR2-PR1	Oncology_II	OID31246	2	2	1	0.994346371754364	false	0	0
PR2-PR1	Inflammation_II	OID30448	2	2	1	0.9898101864326513	false	0	0
PR2-PR1	Oncology	OID21282	2	2	1	0.9975186801151705	false	0	0
PR2-PR1	Inflammation	OID20466	2	2	1	0.9898101864326513	false	0	0
PR2-PR1	Inflammation_II	OID30646	2	2	1	0.9898101864326513	false	0	0
PR2-PR1	Cardiometabolic	OID20340	2	2	1	0.9898101864326513	false	0	0
PR2-PR1	Cardiometabolic_II	OID30405	2	2	1	0.9898101864326513	false	0	0
PR2-PR1	Cardiometabolic_II	OID30065	2	2	1	0.9898101864326513	false	0	0
PR2-PR1	Neurology_II	OID31116	2	2	1	0.9898101864326513	false	0	0
PR2-PR1	Inflammation_II	OID30571	2	2	1	0.9898101864326513	false	0	0
PR2-PR1	Inflammation	OID20597	2	2	1	0.9898101864326513	false	0	0
PR2-PR1	Inflammation_II	OID30595	2	2	1	0.9898101864326513	false	0	0
PR2-PR1	Cardiometabolic	OID20390	2	2	1	0.9309663360528255	false	0	0
PR2-PR1	Neurology_II	OID30982	2	2	1	0.9898101864326513	false	0	0
PR2-PR1	Neurology	OID21016	2	2	1	0.9898101864326513	false	0	0
PR2-PR1	Oncology	OID21259	2	2	1	0.9898101864326513	false	0	0
PR2-PR1	Oncology_II	OID31286	2	2	1	0.9898101864326513	false	0	0
PR2-PR1	Inflammation	OID20606	2	2	1	0.9898101864326513	false	0	0
PR2-PR1	Oncology_II	OID31219	2	2	1	0.9898101864326513	false	0	0
PR2-PR1	Neurology	OID21109	2	2	1	0.930074841250774	false	0	0
PR2-PR1	Neurology	OID20793	2	2	1	0.9898101864326513	false	0	0
PR2-PR1	Neurology	OID21108	2	2	1	0.9168171635428559	false	0	0
PR2-PR1	Oncology	OID21176	2	2	1	0.9898101864326513	false	0	0
PR2-PR1	Neurology_II	OID31073	2	2	1	0.9898101864326513	false	0	0
PR2-PR1	Inflammation	OID20640	2	2	1	0.9898101864326513	false	0	0
PR2-PR1	Neurology	OID20860	2	2	1	0.9898101864326513	false	0	0
PR2-PR1	Cardiometabolic_II	OID30333	2	2	1	0.9898101864326513	false	0	0
PR2-PR1	Oncology	OID21269	2	2	1	0.9898101864326513	false	0	0
PR2-PR1	Cardiometabolic_II	OID30066	2	2	1	0.9898101864326513	false	0	0
PR2-PR1	Inflammation	OID20432	2	2	1	0.9898101864326513	false	0	0
PR2-PR1	Neurology_II	OID31010	2	2	1	0.9898101864326513	false	0	0
PR2-PR1	Oncology	OID21207	2	2	1	0.9898101864326513	false	0	0
PR2-PR1	Inflammation_II	OID30781	2	2	1	0.9898101864326513	false	0	0
PR2-PR1	Neurology_II	OID31106	2	2	1	0.9898101864326513	false	0	0
PR2-PR1	Inflammation_II	OID30471	2	2	1	0.9898101864326513	false	0	0
PR2-PR1	Oncology	OID21390	2	2	1	0.9898101864326513	false	0	0
PR2-PR1	Neurology	OID21094	2	2	1	0.9898101864326513	false	0	0
PR2-PR1	Cardiometabolic	OID20085	2	2	1	0.996366439459726	false	0	0
PR2-PR1	Cardiometabolic_II	OID30254	2	2	1	0.9898101864326513	false	0	0
PR2-PR1	Inflammation_II	OID30751	2	2	1	0.9898101864326513	false	0	0
PR2-PR1	Inflammation	OID20498	2	2	1	0.9952701721682232	false	0	0
PR2-PR1	Cardiometabolic_II	OID30102	2	2	1	0.9898101864326513	false	0	0
PR2-PR1	Cardiometabolic	OID20364	2	2	1	0.9898101864326513	false	0	0
PR2-PR1	Cardiometabolic	OID20409	2	2	1	0.9898101864326513	false	0	0
PR2-PR1	Cardiometabolic	OID20395	2	2	1	0.994346371754364	false	0	0
PR2-PR1	Cardiometabolic_II	OID30076	2	2	1	0.9962287569275192	false	0	0
PR2-PR1	Oncology_II	OID31305	2	2	1	0.9898101864326513	false	0	0
PR2-PR1	Cardiometabolic	OID20146	2	2	1	0.9898101864326513	false	0	0
PR2-PR1	Oncology	OID21471	2	2	1	0.9898101864326513	false	0	0
PR2-PR1	Cardiometabolic_II	OID30200	2	2	1	0.9898101864326513	false	0	0
PR2-PR1	Neurology	OID20949	2	2	1	0.9906733002840219	false	0	0
PR2-PR1	Inflammation	OID20775	2	2	1	0.9898101864326513	false	0	0
PR2-PR1	Cardiometabolic	OID20261	2	2	1	0.9898101864326513	false	0	0
PR2-PR1	Oncology_II	OID31378	2	2	1	0.9898101864326513	false	0	0
PR2-PR1	Inflammation	OID20620	2	2	1	0.9898101864326513	false	0	0
PR2-PR1	Inflammation_II	OID30449	2	2	1	0.9937260657131372	false	0	0
PR2-PR1	Cardiometabolic_II	OID30305	2	2	1	0.9898101864326513	false	0	0
PR2-PR1	Inflammation_II	OID30642	2	2	1	0.9898101864326513	false	0	0
PR2-PR1	Cardiometabolic	OID20182	2	2	1	0.9898101864326513	false	0	0
PR2-PR1	Cardiometabolic_II	OID30096	2	2	1	0.9898101864326513	false	0	0
PR2-PR1	Oncology	OID21439	2	2	1	0.9898101864326513	false	0	0
PR2-PR1	Neurology_II	OID30892	2	2	1	0.9898101864326513	false	0	0
PR2-PR1	Oncology_II	OID31421	2	2	1	0.9898101864326513	false	0	0
PR2-PR1	Oncology	OID21428	2	2	1	0.9898101864326513	false	0	0
PR2-PR1	Oncology	OID21270	2	2	1	0.9898101864326513	false	0	0
PR2-PR1	Inflammation	OID20562	2	2	1	0.9898101864326513	false	0	0
PR2-PR1	Oncology	OID21342	2	2	1	0.9898101864326513	false	0	0
PR2-PR1	Cardiometabolic_II	OID30278	2	2	1	0.9898101864326513	false	0	0
PR2-PR1	Oncology_II	OID31365	2	2	1	0.9898101864326513	false	0	0
PR2-PR1	Inflammation_II	OID30771	2	2	1	0.9898101864326513	false	0	0
PR2-PR1	Oncology_II	OID31507	2	2	1	0.9898101864326513	false	0	0
PR2-PR1	Cardiometabolic_II	OID30247	2	2	1	0.9898101864326513	false	0	0
PR2-PR1	Oncology_II	OID31284	2	2	1	0.9898101864326513	false	0	0
PR2-PR1	Oncology_II	OID31295	2	2	1	0.9898101864326513	false	0	0
PR2-PR1	Neurology_II	OID30937	2	2	1	0.9898101864326513	false	0	0
PR2-PR1	Oncology	OID21203	2	2	1	0.9898101864326513	false	0	0
PR2-PR1	Neurology	OID20953	2	2	1	0.9898101864326513	false	0	0
PR2-PR1	Oncology	OID21515	2	2	1	0.996366439459726	false	0	0
PR2-PR1	Cardiometabolic_II	OID30170	2	2	1	0.9898101864326513	false	0	0
PR2-PR1	Cardiometabolic_II	OID30375	2	2	1	0.9898101864326513	false	0	0
PR2-PR1	Cardiometabolic	OID20143	2	2	1	0.9898101864326513	false	0	0
PR2-PR1	Cardiometabolic_II	OID30169	2	2	1	0.9898101864326513	false	0	0
PR2-PR1	Oncology	OID21528	2	2	1	0.9898101864326513	false	0	0
PR2-PR1	Inflammation_II	OID30606	2	2	1	0.9898101864326513	false	0	0
PR2-PR1	Cardiometabolic	OID20313	2	2	1	0.9898101864326513	false	0	0
PR2-PR1	Inflammation_II	OID30519	2	2	1	0.9898101864326513	false	0	0
PR2-PR1	Oncology_II	OID31366	2	2	1	0.9898101864326513	false	0	0
PR2-PR1	Cardiometabolic	OID20091	2	2	1	0.9898101864326513	false	0	0
PR2-PR1	Inflammation_II	OID30717	2	2	1	0.9898101864326513	false	0	0
PR2-PR1	Oncology	OID21393	2	2	1	0.9898101864326513	false	0	0
PR2-PR1	Oncology	OID21530	2	2	1	0.53664849932428	false	0	0
PR2-PR1	Inflammation_II	OID30537	2	2	1	0.9898101864326513	false	0	0
PR2-PR1	Cardiometabolic_II	OID30398	2	2	1	0.9760611257664702	false	0	0
PR2-PR1	Cardiometabolic_II	OID30243	2	2	1	0.9898101864326513	false	0	0
PR2-PR1	Inflammation_II	OID30514	2	2	1	0.9898101864326513	false	0	0
PR2-PR1	Cardiometabolic_II	OID30245	2	2	1	0.9898101864326513	false	0	0
PR2-PR1	Oncology	OID21385	2	2	1	0.9898101864326513	false	0	0
PR2-PR1	Inflammation_II	OID30518	2	2	1	0.9898101864326513	false	0	0
PR2-PR1	Inflammation	OID20609	2	2	1	0.9898101864326513	false	0	0
PR2-PR1	Cardiometabolic	OID20387	2	2	1	0.9898101864326513	false	0	0
PR2-PR1	Oncology_II	OID31455	2	2	1	0.9898101864326513	false	0	0
PR2-PR1	Inflammation_II	OID30541	2	2	1	0.994346371754364	false	0	0
PR2-PR1	Neurology	OID20824	2	2	1	0.9898101864326513	false	0	0
PR2-PR1	Cardiometabolic_II	OID30082	2	2	1	0.9898101864326513	false	0	0
PR2-PR1	Cardiometabolic	OID20249	2	2	1	0.9898101864326513	false	0	0
PR2-PR1	Cardiometabolic_II	OID30359	2	2	1	0.9898101864326513	false	0	0
PR2-PR1	Neurology	OID21026	2	2	1	0.9898101864326513	false	0	0
PR2-PR1	Oncology	OID21308	2	2	1	0.9898101864326513	false	0	0
PR2-PR1	Cardiometabolic	OID20114	2	2	1	0.9898101864326513	false	0	0
PR2-PR1	Neurology	OID20960	2	2	1	0.9898101864326513	false	0	0
PR2-PR1	Oncology	OID21235	2	2	1	0.9898101864326513	false	0	0
PR2-PR1	Neurology	OID20829	2	2	1	0.9898101864326513	false	0	0
PR2-PR1	Oncology_II	OID31237	2	2	1	0.996366439459726	false	0	0
PR2-PR1	Neurology_II	OID31068	2	2	1	0.9906935130730229	false	0	0
PR2-PR1	Oncology	OID21421	2	2	1	0.9898101864326513	false	0	0
PR2-PR1	Oncology	OID21323	2	2	1	0.9898101864326513	false	0	0
PR2-PR1	Neurology	OID21002	2	2	1	0.9898101864326513	false	0	0
PR2-PR1	Oncology	OID21383	2	2	1	0.9898101864326513	false	0	0
PR2-PR1	Oncology_II	OID31301	2	2	1	0.9898101864326513	false	0	0
PR2-PR1	Cardiometabolic	OID20200	2	2	1	0.9898101864326513	false	0	0
PR2-PR1	Neurology_II	OID31056	2	2	1	0.9898101864326513	false	0	0
PR2-PR1	Oncology_II	OID31314	2	2	1	0.996366439459726	false	0	0
PR2-PR1	Cardiometabolic	OID20258	2	2	1	0.9898101864326513	false	0	0
PR2-PR1	Neurology_II	OID30995	2	2	1	0.9898101864326513	false	0	0
PR2-PR1	Inflammation	OID20618	2	2	1	0.9898101864326513	false	0	0
PR2-PR1	Neurology	OID20980	2	2	1	0.8307676297895593	false	0	0
PR2-PR1	Cardiometabolic	OID20275	2	2	1	0.9898101864326513	false	0	0
PR2-PR1	Oncology_II	OID31461	2	2	1	0.9898101864326513	false	0	0
PR2-PR1	Oncology	OID21499	2	2	1	0.9898101864326513	false	0	0
PR2-PR1	Cardiometabolic	OID20158	2	2	1	0.9898101864326513	false	0	0
PR2-PR1	Inflammation_II	OID30722	2	2	1	0.9898101864326513	false	0	0
PR2-PR1	Inflammation_II	OID30733	2	2	1	0.996366439459726	false	0	0
PR2-PR1	Inflammation_II	OID30500	2	2	1	0.9898101864326513	false	0	0
PR2-PR1	Cardiometabolic_II	OID30233	2	2	1	0.9898101864326513	false	0	0
PR2-PR1	Cardiometabolic	OID20351	2	2	1	0.9898101864326513	false	0	0
PR2-PR1	Oncology	OID21265	2	2	1	0.930074841250774	false	0	0
PR2-PR1	Inflammation	OID20773	2	2	1	0.9898101864326513	false	0	0
PR2-PR1	Inflammation	OID20663	2	2	1	0.9898101864326513	false	0	0
PR2-PR1	Inflammation	OID20586	2	2	1	0.9898101864326513	false	0	0
PR2-PR1	Inflammation	OID20508	2	2	1	0.9898101864326513	false	0	0
PR2-PR1	Oncology_II	OID31253	2	2	1	0.9898101864326513	false	0	0
PR2-PR1	Oncology_II	OID31300	2	2	1	0.9898101864326513	false	0	0
PR2-PR1	Oncology_II	OID31249	2	2	1	0.9898101864326513	false	0	0
PR2-PR1	Neurology	OID20865	2	2	1	0.9898101864326513	false	0	0
PR2-PR1	Neurology_II	OID30881	2	2	1	0.9898101864326513	false	0	0
PR2-PR1	Inflammation_II	OID30669	2	2	1	0.9898101864326513	false	0	0
PR2-PR1	Cardiometabolic_II	OID30132	2	2	1	0.9898101864326513	false	0	0
PR2-PR1	Oncology_II	OID31221	2	2	1	0.9898101864326513	false	0	0
PR2-PR1	Inflammation	OID20441	2	2	1	0.9898101864326513	false	0	0
PR2-PR1	Inflammation	OID20490	2	2	1	0.9898101864326513	false	0	0
PR2-PR1	Inflammation_II	OID30649	2	2	1	0.9898101864326513	false	0	0
PR2-PR1	Inflammation	OID20712	2	2	1	0.06499107926290311	false	0	1
PR2-PR1	Neurology_II	OID31147	2	2	1	0.9898101864326513	false	0	0
PR2-PR1	Oncology	OID21411	2	2	1	0.9898101864326513	false	0	0
PR2-PR1	Neurology_II	OID31058	2	2	1	0.9898101864326513	false	0	0
PR2-PR1	Cardiometabolic_II	OID30276	2	2	1	0.9898101864326513	false	0	0
PR2-PR1	Neurology	OID21127	2	2	1	0.9898101864326513	false	0	0
PR2-PR1	Inflammation	OID20505	2	2	1	0.9898101864326513	false	0	0
PR2-PR1	Oncology_II	OID31163	2	2	1	0.9898101864326513	false	0	0
PR2-PR1	Cardiometabolic	OID20156	2	2	1	0.994346371754364	false	0	0
PR2-PR1	Neurology	OID21098	2	2	1	0.9898101864326513	false	0	0
PR2-PR1	Neurology	OID21106	2	2	1	0.7341669236631853	false	0	0
PR2-PR1	Cardiometabolic	OID20174	2	2	1	0.9898101864326513	false	0	0
PR2-PR1	Neurology	OID21079	2	2	1	0.9898101864326513	false	0	0
PR2-PR1	Cardiometabolic_II	OID30208	2	2	1	0.9898101864326513	false	0	0
PR2-PR1	Oncology_II	OID31371	2	2	1	0.9898101864326513	false	0	0
PR2-PR1	Cardiometabolic	OID20306	2	2	1	0.9898101864326513	false	0	0
PR2-PR1	Inflammation_II	OID30742	2	2	1	0.9898101864326513	false	0	0
PR2-PR1	Inflammation_II	OID30429	2	2	1	0.9898101864326513	false	0	0
PR2-PR1	Neurology_II	OID31055	2	2	1	0.994346371754364	false	0	0
PR2-PR1	Neurology	OID21075	2	2	1	0.9898101864326513	false	0	0
PR2-PR1	Neurology	OID21077	2	2	1	0.9898101864326513	false	0	0
PR2-PR1	Inflammation	OID20761	2	2	1	0.9898101864326513	false	0	0
PR2-PR1	Inflammation_II	OID30592	2	2	1	0.9898101864326513	false	0	0
PR2-PR1	Oncology	OID21297	2	2	1	0.9898101864326513	false	0	0
PR2-PR1	Oncology	OID21346	2	2	1	0.9898101864326513	false	0	0
PR2-PR1	Neurology_II	OID30907	2	2	1	0.9760611257664702	false	0	0
PR2-PR1	Cardiometabolic_II	OID30293	2	2	1	0.9898101864326513	false	0	0
PR2-PR1	Cardiometabolic_II	OID30417	2	2	1	0.9898101864326513	false	0	0
PR2-PR1	Neurology_II	OID31157	2	2	1	0.9898101864326513	false	0	0
PR2-PR1	Oncology_II	OID31444	2	2	1	0.9898101864326513	false	0	0
PR2-PR1	Neurology_II	OID31085	2	2	1	0.9898101864326513	false	0	0
PR2-PR1	Neurology	OID20998	2	2	1	0.9898101864326513	false	0	0
PR2-PR1	Neurology	OID21037	2	2	1	0.9898101864326513	false	0	0
PR2-PR1	Neurology_II	OID30874	2	2	1	0.9898101864326513	false	0	0
PR2-PR1	Neurology	OID20911	2	2	1	0.9898101864326513	false	0	0
PR2-PR1	Neurology	OID20961	2	2	1	0.9898101864326513	false	0	0
PR2-PR1	Oncology_II	OID31342	2	2	1	0.9898101864326513	false	0	0
PR2-PR1	Cardiometabolic	OID20287	2	2	1	0.9898101864326513	false	0	0
PR2-PR1	Cardiometabolic	OID20129	2	2	1	0.9898101864326513	false	0	0
PR2-PR1	Neurology_II	OID30857	2	2	1	0.9898101864326513	false	0	0
PR2-PR1	Cardiometabolic	OID20334	2	2	1	0.9898101864326513	false	0	0
PR2-PR1	Cardiometabolic_II	OID30148	2	2	1	0.9898101864326513	false	0	0
PR2-PR1	Cardiometabolic	OID20111	2	2	1	0.9898101864326513	false	0	0
PR2-PR1	Cardiometabolic	OID20230	2	2	1	0.9898101864326513	false	0	0
PR2-PR1	Neurology_II	OID31114	2	2	1	0.9898101864326513	false	0	0
PR2-PR1	Inflammation_II	OID30667	2	2	1	0.9168171635428559	false	0	0
PR2-PR1	Inflammation_II	OID30540	2	2	1	0.9898101864326513	false	0	0
PR2-PR1	Oncology	OID21457	2	2	1	0.9898101864326513	false	0	0
PR2-PR1	Cardiometabolic	OID20314	2	2	1	0.9898101864326513	false	0	0
PR2-PR1	Oncology	OID21488	2	2	1	0.9898101864326513	false	0	0
PR2-PR1	Inflammation	OID20704	2	2	1	0.996366439459726	false	0	0
PR2-PR1	Oncology_II	OID31430	2	2	1	0.9898101864326513	false	0	0
PR2-PR1	Inflammation_II	OID30557	2	2	1	0.9898101864326513	false	0	0
PR2-PR1	Oncology_II	OID31165	2	2	1	0.9898101864326513	false	0	0
PR2-PR1	Inflammation_II	OID30546	2	2	1	0.9898101864326513	false	0	0
PR2-PR1	Neurology	OID21121	2	2	1	0.9898101864326513	false	0	0
PR2-PR1	Inflammation_II	OID30786	2	2	1	0.9898101864326513	false	0	0
PR2-PR1	Oncology_II	OID31486	2	2	1	0.9952701721682232	false	0	0
PR2-PR1	Inflammation	OID20723	2	2	1	0.9898101864326513	false	0	0
PR2-PR1	Cardiometabolic	OID20297	2	2	1	0.9898101864326513	false	0	0
PR2-PR1	Inflammation_II	OID30605	2	2	1	0.9898101864326513	false	0	0
PR2-PR1	Cardiometabolic	OID20130	2	2	1	0.9898101864326513	false	0	0
PR2-PR1	Oncology_II	OID31385	2	2	1	0.9898101864326513	false	0	0
PR2-PR1	Inflammation	OID20573	2	2	1	0.9898101864326513	false	0	0
PR2-PR1	Cardiometabolic_II	OID30209	2	2	1	0.9898101864326513	false	0	0
PR2-PR1	Neurology	OID21159	2	2	1	0.9898101864326513	false	0	0
PR2-PR1	Inflammation_II	OID30491	2	2	1	0.9898101864326513	false	0	0
PR2-PR1	Inflammation	OID20625	2	2	1	0.9898101864326513	false	0	0
PR2-PR1	Inflammation_II	OID30603	2	2	1	0.9898101864326513	false	0	0
PR2-PR1	Cardiometabolic_II	OID30387	2	2	1	0.9898101864326513	false	0	0
PR2-PR1	Oncology_II	OID31302	2	2	1	0.9898101864326513	false	0	0
PR2-PR1	Cardiometabolic_II	OID30388	2	2	1	0.9898101864326513	false	0	0
PR2-PR1	Inflammation_II	OID30593	2	2	1	0.9898101864326513	false	0	0
PR2-PR1	Neurology	OID20984	2	2	1	0.9898101864326513	false	0	0
PR2-PR1	Cardiometabolic	OID20293	2	2	1	0.9898101864326513	false	0	0
PR2-PR1	Cardiometabolic	OID20312	2	2	1	0.994346371754364	false	0	0
PR2-PR1	Inflammation_II	OID30480	2	2	1	0.9898101864326513	false	0	0
PR2-PR1	Oncology_II	OID31479	2	2	1	0.9898101864326513	false	0	0
PR2-PR1	Neurology_II	OID30855	2	2	1	0.9898101864326513	false	0	0
PR2-PR1	Inflammation	OID20480	2	2	1	0.9898101864326513	false	0	0
PR2-PR1	Inflammation_II	OID30538	2	2	1	0.9898101864326513	false	0	0
PR2-PR1	Oncology	OID21366	2	2	1	0.9898101864326513	false	0	0
PR2-PR1	Cardiometabolic	OID20175	2	2	1	0.9898101864326513	false	0	0
PR2-PR1	Oncology_II	OID31404	2	2	1	0.9898101864326513	false	0	0
PR2-PR1	Oncology_II	OID31352	2	2	1	0.6392540208559647	false	0	0
PR2-PR1	Oncology_II	OID31329	2	2	1	0.9898101864326513	false	0	0
PR2-PR1	Neurology	OID21072	2	2	1	0.9898101864326513	false	0	0
PR2-PR1	Cardiometabolic	OID20291	2	2	1	0.9898101864326513	false	0	0
PR2-PR1	Neurology	OID20985	2	2	1	0.9898101864326513	false	0	0
PR2-PR1	Cardiometabolic_II	OID30156	2	2	1	0.9898101864326513	false	0	0
PR2-PR1	Inflammation_II	OID30740	2	2	1	0.9898101864326513	false	0	0
PR2-PR1	Oncology	OID21281	2	2	1	0.9898101864326513	false	0	0
PR2-PR1	Neurology	OID21057	2	2	1	0.9898101864326513	false	0	0
PR2-PR1	Inflammation	OID20555	2	2	1	0.9906935130730229	false	0	0
PR2-PR1	Oncology	OID21401	2	2	1	0.9898101864326513	false	0	0
PR2-PR1	Cardiometabolic_II	OID30367	2	2	1	0.9169480698552053	false	0	0
PR2-PR1	Oncology_II	OID31218	2	2	1	0.9906935130730229	false	0	0
PR2-PR1	Inflammation	OID20781	2	2	1	0.9898101864326513	false	0	0
PR2-PR1	Oncology	OID21254	2	2	1	0.9952701721682232	false	0	0
PR2-PR1	Oncology_II	OID31199	2	2	1	0.9898101864326513	false	0	0
PR2-PR1	Cardiometabolic	OID20337	2	2	1	0.9898101864326513	false	0	0
PR2-PR1	Inflammation_II	OID30776	2	2	1	0.9898101864326513	false	0	0
PR2-PR1	Inflammation	OID20772	2	2	1	0.9898101864326513	false	0	0
PR2-PR1	Oncology_II	OID31254	2	2	1	0.9898101864326513	false	0	0
PR2-PR1	Neurology	OID20901	2	2	1	0.9898101864326513	false	0	0
PR2-PR1	Oncology_II	OID31332	2	2	1	0.9898101864326513	false	0	0
PR2-PR1	Inflammation	OID20629	2	2	1	0.9898101864326513	false	0	0
PR2-PR1	Neurology_II	OID31096	2	2	1	0.44900916327265566	false	0	0
PR2-PR1	Neurology_II	OID30808	2	2	1	0.9898101864326513	false	0	0
PR2-PR1	Cardiometabolic	OID20408	2	2	1	0.9898101864326513	false	0	0
PR2-PR1	Oncology_II	OID31424	2	2	1	0.9952701721682232	false	0	0
PR2-PR1	Inflammation	OID20569	2	2	1	0.930074841250774	false	0	0
PR2-PR1	Inflammation	OID20475	2	2	1	0.9898101864326513	false	0	0
PR2-PR1	Inflammation_II	OID30456	2	2	1	0.9898101864326513	false	0	0
PR2-PR1	Inflammation	OID20641	2	2	1	0.9898101864326513	false	0	0
PR2-PR1	Oncology	OID21239	2	2	1	0.9898101864326513	false	0	0
PR2-PR1	Neurology	OID21022	2	2	1	0.9898101864326513	false	0	0
PR2-PR1	Neurology	OID20816	2	2	1	0.9898101864326513	false	0	0
PR2-PR1	Oncology	OID21284	2	2	1	0.9898101864326513	false	0	0
PR2-PR1	Oncology	OID21500	2	2	1	0.9898101864326513	false	0	0
PR2-PR1	Inflammation_II	OID30623	2	2	1	0.9898101864326513	false	0	0
PR2-PR1	Oncology	OID21487	2	2	1	0.9898101864326513	false	0	0
PR2-PR1	Oncology_II	OID31418	2	2	1	0.9898101864326513	false	0	0
PR2-PR1	Inflammation	OID20747	2	2	1	0.9898101864326513	false	0	0
PR2-PR1	Neurology_II	OID30945	2	2	1	0.9898101864326513	false	0	0
PR2-PR1	Oncology	OID21348	2	2	1	0.9898101864326513	false	0	0
PR2-PR1	Inflammation	OID20615	2	2	1	0.9898101864326513	false	0	0
PR2-PR1	Neurology	OID20995	2	2	1	0.9898101864326513	false	0	0
PR2-PR1	Inflammation_II	OID30757	2	2	1	0.9898101864326513	false	0	0
PR2-PR1	Neurology	OID21129	2	2	1	0.9898101864326513	false	0	0
PR2-PR1	Inflammation	OID20588	2	2	1	0.9898101864326513	false	0	0
PR2-PR1	Neurology_II	OID31151	2	2	1	0.9898101864326513	false	0	0
PR2-PR1	Oncology_II	OID31356	2	2	1	0.9898101864326513	false	0	0
PR2-PR1	Cardiometabolic	OID20278	2	2	1	0.9898101864326513	false	0	0
PR2-PR1	Inflammation	OID20520	2	2	1	0.9898101864326513	false	0	0
PR2-PR1	Cardiometabolic_II	OID30204	2	2	1	0.9898101864326513	false	0	0
PR2-PR1	Inflammation_II	OID30790	2	2	1	0.9898101864326513	false	0	0
PR2-PR1	Neurology	OID21036	2	2	1	0.9898101864326513	false	0	0
PR2-PR1	Inflammation_II	OID30459	2	2	1	0.9898101864326513	false	0	0
PR2-PR1	Oncology_II	OID31296	2	2	1	0.9898101864326513	false	0	0
PR2-PR1	Cardiometabolic_II	OID30223	2	2	1	0.9898101864326513	false	0	0
PR2-PR1	Inflammation_II	OID30567	2	2	1	0.9898101864326513	false	0	0
PR2-PR1	Neurology	OID20941	2	2	1	0.9898101864326513	false	0	0
PR2-PR1	Cardiometabolic	OID20228	2	2	1	0.9898101864326513	false	0	0
PR2-PR1	Inflammation_II	OID30421	2	2	1	0.9898101864326513	false	0	0
PR2-PR1	Neurology	OID20903	2	2	1	0.9898101864326513	false	0	0
PR2-PR1	Neurology_II	OID30806	2	2	1	0.9898101864326513	false	0	0
PR2-PR1	Oncology	OID21244	2	2	1	0.9898101864326513	false	0	0
PR2-PR1	Oncology	OID21473	2	2	1	0.9898101864326513	false	0	0
PR2-PR1	Neurology	OID20819	2	2	1	0.9898101864326513	false	0	0
PR2-PR1	Cardiometabolic_II	OID30133	2	2	1	0.9898101864326513	false	0	0
PR2-PR1	Oncology_II	OID31520	2	2	1	0.9898101864326513	false	0	0
PR2-PR1	Inflammation_II	OID30472	2	2	1	0.6683278792240702	false	0	0
PR2-PR1	Cardiometabolic_II	OID30190	2	2	1	0.9898101864326513	false	0	0
PR2-PR1	Cardiometabolic_II	OID30154	2	2	1	0.9898101864326513	false	0	0
PR2-PR1	Cardiometabolic_II	OID30105	2	2	1	0.9898101864326513	false	0	0
PR2-PR1	Oncology_II	OID31405	2	2	1	0.9898101864326513	false	0	0
PR2-PR1	Oncology	OID21397	2	2	1	0.9898101864326513	false	0	0
PR2-PR1	Neurology_II	OID30858	2	2	1	0.9898101864326513	false	0	0
PR2-PR1	Oncology_II	OID31491	2	2	1	0.9898101864326513	false	0	0
PR2-PR1	Neurology_II	OID30850	2	2	1	0.9898101864326513	false	0	0
PR2-PR1	Inflammation	OID20492	2	2	1	0.9898101864326513	false	0	0
PR2-PR1	Oncology	OID21404	2	2	1	0.9898101864326513	false	0	0
PR2-PR1	Oncology	OID21261	2	2	1	0.987398319940843	false	0	0
PR2-PR1	Oncology	OID21475	2	2	1	0.9898101864326513	false	0	0
PR2-PR1	Cardiometabolic_II	OID30290	2	2	1	0.9898101864326513	false	0	0
PR2-PR1	Inflammation_II	OID30713	2	2	1	0.9898101864326513	false	0	0
PR2-PR1	Cardiometabolic_II	OID30301	2	2	1	0.9898101864326513	false	0	0
PR2-PR1	Oncology_II	OID31506	2	2	1	0.9898101864326513	false	0	0
PR2-PR1	Oncology_II	OID31426	2	2	1	0.9898101864326513	false	0	0
PR2-PR1	Cardiometabolic	OID20057	2	2	1	0.9898101864326513	false	0	0
PR2-PR1	Neurology_II	OID30924	2	2	1	0.9898101864326513	false	0	0
PR2-PR1	Inflammation	OID20513	2	2	1	0.9898101864326513	false	0	0
PR2-PR1	Inflammation_II	OID30671	2	2	1	0.9898101864326513	false	0	0
PR2-PR1	Neurology	OID20823	2	2	1	0.9898101864326513	false	0	0
PR2-PR1	Cardiometabolic	OID20058	2	2	1	0.9898101864326513	false	0	0
PR2-PR1	Inflammation_II	OID30716	2	2	1	0.994346371754364	false	0	0
PR2-PR1	Inflammation_II	OID30475	2	2	1	0.9962287569275192	false	0	0
PR2-PR1	Oncology	OID21481	2	2	1	0.9898101864326513	false	0	0
PR2-PR1	Neurology	OID20844	2	2	1	0.9898101864326513	false	0	0
PR2-PR1	Inflammation	OID20725	2	2	1	0.996366439459726	false	0	0
PR2-PR1	Oncology_II	OID31224	2	2	1	0.9898101864326513	false	0	0
PR2-PR1	Cardiometabolic_II	OID30282	2	2	1	0.9898101864326513	false	0	0
PR2-PR1	Inflammation_II	OID30509	2	2	1	0.987398319940843	false	0	0
PR2-PR1	Inflammation_II	OID30647	2	2	1	0.9898101864326513	false	0	0
PR2-PR1	Inflammation	OID20646	2	2	1	0.9898101864326513	false	0	0
PR2-PR1	Inflammation	OID20486	2	2	1	0.9898101864326513	false	0	0
PR2-PR1	Oncology_II	OID31509	2	2	1	0.6392540208559647	false	0	0
PR2-PR1	Neurology	OID21041	2	2	1	0.9898101864326513	false	0	0
PR2-PR1	Oncology	OID21232	2	2	1	0.9898101864326513	false	0	0
PR2-PR1	Oncology	OID21461	2	2	1	0.9898101864326513	false	0	0
PR2-PR1	Oncology_II	OID31425	2	2	1	0.9898101864326513	false	0	0
PR2-PR1	Inflammation_II	OID30489	2	2	1	0.9898101864326513	false	0	0
PR2-PR1	Oncology	OID21191	2	2	1	0.9898101864326513	false	0	0
PR2-PR1	Inflammation	OID20497	2	2	1	0.9775304639192719	false	0	0
PR2-PR1	Neurology_II	OID31152	2	2	1	0.9898101864326513	false	0	0
PR2-PR1	Inflammation	OID20687	2	2	1	0.9898101864326513	false	0	0
PR2-PR1	Inflammation_II	OID30439	2	2	1	0.9898101864326513	false	0	0
PR2-PR1	Oncology_II	OID31261	2	2	1	0.9898101864326513	false	0	0
PR2-PR1	Cardiometabolic	OID20118	2	2	1	0.9898101864326513	false	0	0
PR2-PR1	Inflammation	OID20624	2	2	1	0.9898101864326513	false	0	0
PR2-PR1	Neurology_II	OID30908	2	2	1	0.9898101864326513	false	0	0
PR2-PR1	Oncology	OID21334	2	2	1	0.9898101864326513	false	0	0
PR2-PR1	Neurology	OID21067	2	2	1	0.9898101864326513	false	0	0
PR2-PR1	Cardiometabolic_II	OID30214	2	2	1	0.9898101864326513	false	0	0
PR2-PR1	Cardiometabolic	OID20170	2	2	1	0.9898101864326513	false	0	0
PR2-PR1	Oncology	OID21286	2	2	1	0.9898101864326513	false	0	0
PR2-PR1	Oncology	OID21196	2	2	1	0.9898101864326513	false	0	0
PR2-PR1	Oncology	OID21403	2	2	1	0.9898101864326513	false	0	0
PR2-PR1	Neurology_II	OID30846	2	2	1	0.9898101864326513	false	0	0
PR2-PR1	Cardiometabolic	OID20280	2	2	1	0.9906935130730229	false	0	0
PR2-PR1	Inflammation_II	OID30503	2	2	1	0.9952701721682232	false	0	0
PR2-PR1	Neurology_II	OID30818	2	2	1	0.9898101864326513	false	0	0
PR2-PR1	Oncology_II	OID31325	2	2	1	0.9898101864326513	false	0	0
PR2-PR1	Inflammation_II	OID30747	2	2	1	0.9898101864326513	false	0	0
PR2-PR1	Cardiometabolic	OID20168	2	2	1	0.9898101864326513	false	0	0
PR2-PR1	Cardiometabolic_II	OID30107	2	2	1	0.9898101864326513	false	0	0
PR2-PR1	Cardiometabolic	OID20289	2	2	1	0.9898101864326513	false	0	0
PR2-PR1	Cardiometabolic_II	OID30266	2	2	1	0.994346371754364	false	0	0
PR2-PR1	Inflammation	OID20735	2	2	1	0.930074841250774	false	0	0
PR2-PR1	Cardiometabolic_II	OID30115	2	2	1	0.9898101864326513	false	0	0
PR2-PR1	Oncology_II	OID31208	2	2	1	0.9898101864326513	false	0	0
PR2-PR1	Oncology	OID21452	2	2	1	0.9898101864326513	false	0	0
PR2-PR1	Cardiometabolic	OID20344	2	2	1	0.9898101864326513	false	0	0
PR2-PR1	Neurology_II	OID30941	2	2	1	0.6683278792240702	false	0	0
PR2-PR1	Cardiometabolic	OID20183	2	2	1	0.9898101864326513	false	0	0
PR2-PR1	Neurology	OID20875	2	2	1	0.9898101864326513	false	0	0
PR2-PR1	Neurology_II	OID30798	2	2	1	0.9898101864326513	false	0	0
PR2-PR1	Oncology	OID21513	2	2	1	0.9898101864326513	false	0	0
PR2-PR1	Inflammation_II	OID30481	2	2	1	0.9898101864326513	false	0	0
PR2-PR1	Inflammation_II	OID30660	2	2	1	0.9898101864326513	false	0	0
PR2-PR1	Inflammation	OID20599	2	2	1	0.9898101864326513	false	0	0
PR2-PR1	Neurology_II	OID30791	2	2	1	0.9898101864326513	false	0	0
PR2-PR1	Neurology_II	OID30951	2	2	1	0.9898101864326513	false	0	0
PR2-PR1	Inflammation_II	OID30627	2	2	1	0.9898101864326513	false	0	0
PR2-PR1	Oncology_II	OID31472	2	2	1	0.9898101864326513	false	0	0
PR2-PR1	Oncology	OID21278	2	2	1	0.994346371754364	false	0	0
PR2-PR1	Neurology_II	OID30976	2	2	1	0.9898101864326513	false	0	0
PR2-PR1	Neurology_II	OID31113	2	2	1	0.9898101864326513	false	0	0
PR2-PR1	Cardiometabolic	OID20235	2	2	1	0.9898101864326513	false	0	0
PR2-PR1	Inflammation	OID20523	2	2	1	0.9898101864326513	false	0	0
PR2-PR1	Neurology_II	OID30912	2	2	1	0.9898101864326513	false	0	0
PR2-PR1	Oncology	OID21215	2	2	1	0.9898101864326513	false	0	0
PR2-PR1	Neurology	OID20870	2	2	1	0.9898101864326513	false	0	0
PR2-PR1	Cardiometabolic	OID20251	2	2	1	0.9898101864326513	false	0	0
PR2-PR1	Cardiometabolic	OID20290	2	2	1	0.9898101864326513	false	0	0
PR2-PR1	Oncology_II	OID31328	2	2	1	0.9898101864326513	false	0	0
PR2-PR1	Inflammation_II	OID30766	2	2	1	0.9898101864326513	false	0	0
PR2-PR1	Inflammation	OID20511	2	2	1	0.9898101864326513	false	0	0
PR2-PR1	Neurology	OID21020	2	2	1	0.9898101864326513	false	0	0
PR2-PR1	Inflammation	OID20677	2	2	1	0.9898101864326513	false	0	0
PR2-PR1	Neurology	OID20928	2	2	1	0.994346371754364	false	0	0
PR2-PR1	Cardiometabolic_II	OID30329	2	2	1	0.9952701721682232	false	0	0
PR2-PR1	Oncology_II	OID31170	2	2	1	0.6683278792240702	false	0	0
PR2-PR1	Oncology_II	OID31445	2	2	1	0.9898101864326513	false	0	0
PR2-PR1	Cardiometabolic_II	OID30079	2	2	1	0.9898101864326513	false	0	0
PR2-PR1	Cardiometabolic	OID20199	2	2	1	0.9898101864326513	false	0	0
PR2-PR1	Oncology	OID21277	2	2	1	0.9898101864326513	false	0	0
PR2-PR1	Neurology_II	OID30940	2	2	1	0.9898101864326513	false	0	0
PR2-PR1	Cardiometabolic_II	OID30289	2	2	1	0.994346371754364	false	0	0
PR2-PR1	Cardiometabolic_II	OID30323	2	2	1	0.994346371754364	false	0	0
PR2-PR1	Cardiometabolic	OID20173	2	2	1	0.9898101864326513	false	0	0
PR2-PR1	Cardiometabolic	OID20378	2	2	1	0.9898101864326513	false	0	0
PR2-PR1	Inflammation_II	OID30610	2	2	1	0.9898101864326513	false	0	0
PR2-PR1	Cardiometabolic	OID20320	2	2	1	0.9898101864326513	false	0	0
PR2-PR1	Oncology	OID21162	2	2	1	0.9898101864326513	false	0	0
PR2-PR1	Oncology_II	OID31478	2	2	1	0.9898101864326513	false	0	0
PR2-PR1	Inflammation	OID20700	2	2	1	0.9898101864326513	false	0	0
PR2-PR1	Neurology	OID21029	2	2	1	0.9898101864326513	false	0	0
PR2-PR1	Neurology	OID21146	2	2	1	0.9898101864326513	false	0	0
PR2-PR1	Oncology	OID21373	2	2	1	0.9898101864326513	false	0	0
PR2-PR1	Neurology_II	OID30930	2	2	1	0.9898101864326513	false	0	0
PR2-PR1	Oncology_II	OID31474	2	2	1	0.9898101864326513	false	0	0
PR2-PR1	Neurology_II	OID30922	2	2	1	0.9898101864326513	false	0	0
PR2-PR1	Neurology	OID21056	2	2	1	0.9898101864326513	false	0	0
PR2-PR1	Cardiometabolic	OID20127	2	2	1	0.9898101864326513	false	0	0
PR2-PR1	Cardiometabolic	OID20404	2	2	1	0.9898101864326513	false	0	0
PR2-PR1	Inflammation_II	OID30613	2	2	1	0.9906935130730229	false	0	0
PR2-PR1	Cardiometabolic_II	OID30361	2	2	1	0.9898101864326513	false	0	0
PR2-PR1	Neurology	OID21085	2	2	1	0.9898101864326513	false	0	0
PR2-PR1	Neurology_II	OID31009	2	2	1	0.9925282913421917	false	0	0
PR2-PR1	Neurology_II	OID31033	2	2	1	0.9952701721682232	false	0	0
PR2-PR1	Neurology_II	OID30929	2	2	1	0.8471243926502945	false	0	0
PR2-PR1	Neurology_II	OID31156	2	2	1	0.9898101864326513	false	0	0
PR2-PR1	Inflammation_II	OID30641	2	2	1	0.9898101864326513	false	0	0
PR2-PR1	Cardiometabolic	OID20101	2	2	1	0.9898101864326513	false	0	0
PR2-PR1	Oncology_II	OID31348	2	2	1	0.9898101864326513	false	0	0
PR2-PR1	Oncology_II	OID31239	2	2	1	0.9898101864326513	false	0	0
PR2-PR1	Oncology_II	OID31172	2	2	1	0.994346371754364	false	0	0
PR2-PR1	Neurology_II	OID30946	2	2	1	0.9898101864326513	false	0	0
PR2-PR1	Cardiometabolic_II	OID30144	2	2	1	0.9898101864326513	false	0	0
PR2-PR1	Neurology_II	OID31154	2	2	1	0.9898101864326513	false	0	0
PR2-PR1	Neurology_II	OID31006	2	2	1	0.9898101864326513	false	0	0
PR2-PR1	Inflammation	OID20483	2	2	1	0.9169480698552053	false	0	0
PR2-PR1	Cardiometabolic_II	OID30229	2	2	1	0.9898101864326513	false	0	0
PR2-PR1	Cardiometabolic_II	OID30409	2	2	1	0.9898101864326513	false	0	0
PR2-PR1	Inflammation	OID20660	2	2	1	0.9898101864326513	false	0	0
PR2-PR1	Inflammation	OID20778	2	2	1	0.9898101864326513	false	0	0
PR2-PR1	Cardiometabolic	OID20225	2	2	1	0.9898101864326513	false	0	0
PR2-PR1	Neurology_II	OID31102	2	2	1	0.9898101864326513	false	0	0
PR2-PR1	Oncology	OID21423	2	2	1	0.9898101864326513	false	0	0
PR2-PR1	Neurology	OID21119	2	2	1	0.9898101864326513	false	0	0
PR2-PR1	Inflammation_II	OID30681	2	2	1	0.9898101864326513	false	0	0
PR2-PR1	Inflammation_II	OID30539	2	2	1	0.9898101864326513	false	0	0
PR2-PR1	Oncology	OID21312	2	2	1	0.9898101864326513	false	0	0
PR2-PR1	Neurology_II	OID30897	2	2	1	0.8835744094331471	false	0	0
PR2-PR1	Oncology	OID21402	2	2	1	0.9898101864326513	false	0	0
PR2-PR1	Neurology_II	OID30869	2	2	1	0.9898101864326513	false	0	0
PR2-PR1	Cardiometabolic	OID20088	2	2	1	0.930074841250774	false	0	0
PR2-PR1	Inflammation_II	OID30725	2	2	1	0.9898101864326513	false	0	0
PR2-PR1	Neurology_II	OID31120	2	2	1	0.9898101864326513	false	0	0
PR2-PR1	Inflammation_II	OID30464	2	2	1	0.9898101864326513	false	0	0
PR2-PR1	Oncology_II	OID31209	2	2	1	0.9952701721682232	false	0	0
PR2-PR1	Oncology_II	OID31409	2	2	1	0.996366439459726	false	0	0
PR2-PR1	Neurology	OID21070	2	2	1	0.9898101864326513	false	0	0
PR2-PR1	Cardiometabolic	OID20215	2	2	1	0.9898101864326513	false	0	0
PR2-PR1	Cardiometabolic_II	OID30318	2	2	1	0.9898101864326513	false	0	0
PR2-PR1	Cardiometabolic	OID20391	2	2	1	0.9898101864326513	false	0	0
PR2-PR1	Neurology	OID21024	2	2	1	0.9898101864326513	false	0	0
PR2-PR1	Inflammation	OID20769	2	2	1	0.9898101864326513	false	0	0
PR2-PR1	Inflammation_II	OID30711	2	2	1	0.9898101864326513	false	0	0
PR2-PR1	Oncology	OID21392	2	2	1	0.9169480698552053	false	0	0
PR2-PR1	Oncology_II	OID31373	2	2	1	0.9898101864326513	false	0	0
PR2-PR1	Cardiometabolic	OID20254	2	2	1	0.9898101864326513	false	0	0
PR2-PR1	Inflammation_II	OID30453	2	2	1	0.9898101864326513	false	0	0
PR2-PR1	Neurology	OID21040	2	2	1	0.9309663360528255	false	0	0
PR2-PR1	Inflammation_II	OID30755	2	2	1	0.9898101864326513	false	0	0
PR2-PR1	Oncology	OID21437	2	2	1	0.9898101864326513	false	0	0
PR2-PR1	Oncology_II	OID31471	2	2	1	0.9898101864326513	false	0	0
PR2-PR1	Oncology	OID21280	2	2	1	0.9898101864326513	false	0	0
PR2-PR1	Cardiometabolic	OID20398	2	2	1	0.9898101864326513	false	0	0
PR2-PR1	Inflammation_II	OID30451	2	2	1	0.9898101864326513	false	0	0
PR2-PR1	Oncology_II	OID31375	2	2	1	0.994346371754364	false	0	0
PR2-PR1	Neurology	OID21055	2	2	1	0.9169480698552053	false	0	0
PR2-PR1	Neurology_II	OID31080	2	2	1	0.9898101864326513	false	0	0
PR2-PR1	Cardiometabolic	OID20260	2	2	1	0.9898101864326513	false	0	0
PR2-PR1	Neurology_II	OID30840	2	2	1	0.9898101864326513	false	0	0
PR2-PR1	Neurology_II	OID30918	2	2	1	0.9898101864326513	false	0	0
PR2-PR1	Oncology_II	OID31367	2	2	1	0.9898101864326513	false	0	0
PR2-PR1	Cardiometabolic_II	OID30344	2	2	1	0.994346371754364	false	0	0
PR2-PR1	Inflammation_II	OID30780	2	2	1	0.9898101864326513	false	0	0
PR2-PR1	Inflammation	OID20698	2	2	1	0.9898101864326513	false	0	0
PR2-PR1	Neurology_II	OID31153	2	2	1	0.9898101864326513	false	0	0
PR2-PR1	Oncology_II	OID31412	2	2	1	0.9898101864326513	false	0	0
PR2-PR1	Cardiometabolic	OID20358	2	2	1	0.9898101864326513	false	0	0
PR2-PR1	Cardiometabolic_II	OID30249	2	2	1	0.9898101864326513	false	0	0
PR2-PR1	Neurology_II	OID30834	2	2	1	0.9898101864326513	false	0	0
PR2-PR1	Cardiometabolic_II	OID30052	2	2	1	0.9760611257664702	false	0	0
PR2-PR1	Cardiometabolic_II	OID30145	2	2	1	0.9898101864326513	false	0	0
PR2-PR1	Neurology_II	OID30949	2	2	1	0.9898101864326513	false	0	0
PR2-PR1	Inflammation_II	OID30614	2	2	1	0.9898101864326513	false	0	0
PR2-PR1	Cardiometabolic_II	OID30202	2	2	1	0.9898101864326513	false	0	0
PR2-PR1	Oncology	OID21391	2	2	1	0.9898101864326513	false	0	0
PR2-PR1	Oncology_II	OID31186	2	2	1	0.9169480698552053	false	0	0
PR2-PR1	Inflammation_II	OID30506	2	2	1	0.9898101864326513	false	0	0
PR2-PR1	Oncology	OID21336	2	2	1	0.9898101864326513	false	0	0
PR2-PR1	Neurology	OID21031	2	2	1	0.9898101864326513	false	0	0
PR2-PR1	Inflammation	OID20749	2	2	1	0.9898101864326513	false	0	0
PR2-PR1	Cardiometabolic	OID20242	2	2	1	0.930074841250774	false	0	0
PR2-PR1	Neurology_II	OID31144	2	2	1	0.9898101864326513	false	0	0
PR2-PR1	Oncology	OID21178	2	2	1	0.7341669236631853	false	0	0
PR2-PR1	Oncology	OID21315	2	2	1	0.9898101864326513	false	0	0
PR2-PR1	Oncology_II	OID31171	2	2	1	0.9898101864326513	false	0	0
PR2-PR1	Inflammation_II	OID30655	2	2	1	0.9898101864326513	false	0	0
PR2-PR1	Inflammation	OID20727	2	2	1	0.9898101864326513	false	0	0
PR2-PR1	Oncology	OID21426	2	2	1	0.9898101864326513	false	0	0
PR2-PR1	Inflammation	OID20564	2	2	1	0.9898101864326513	false	0	0
PR2-PR1	Inflammation_II	OID30769	2	2	1	0.9898101864326513	false	0	0
PR2-PR1	Inflammation_II	OID30621	2	2	1	0.994346371754364	false	0	0
PR2-PR1	Neurology	OID20944	2	2	1	0.9898101864326513	false	0	0
PR2-PR1	Cardiometabolic_II	OID30175	2	2	1	0.9898101864326513	false	0	0
PR2-PR1	Cardiometabolic_II	OID30129	2	2	1	0.9898101864326513	false	0	0
PR2-PR1	Neurology_II	OID31011	2	2	1	0.9898101864326513	false	0	0
PT1-PR1	Inflammation_II	OID30569	2	2	1	0.4303032712367902	false	0	0
PT1-PR1	Cardiometabolic_II	OID30406	2	2	1	0.5951760483874294	false	0	0
PT1-PR1	Inflammation	OID20608	2	2	1	0.90507554582413	false	0	0
PT1-PR1	Inflammation_II	OID30634	2	2	1	0.6061362548123523	false	0	0
PT1-PR1	Inflammation_II	OID30744	2	2	1	0.6857963720367243	false	0	0
PT1-PR1	Inflammation	OID20473	2	2	1	0.9258422409472196	false	0	0
PT1-PR1	Cardiometabolic_II	OID30410	2	2	1	0.9284924568666642	false	0	0
PT1-PR1	Inflammation_II	OID30748	2	2	1	0.3316495208313242	false	0	0
PT1-PR1	Neurology_II	OID30902	2	2	1	0.8883949555376502	false	0	0
PT1-PR1	Neurology	OID21087	2	2	1	0.7865539697497551	false	0	0
PT1-PR1	Neurology_II	OID31114	2	2	1	0.6839430789082684	false	0	0
PT1-PR1	Cardiometabolic_II	OID30329	2	2	1	0.972677198998018	false	0	0
PT1-PR1	Inflammation	OID20592	2	2	1	0.06910900951679812	false	0	2
PT1-PR1	Oncology_II	OID31505	2	2	1	0.4041251000726499	false	0	0
PT1-PR1	Oncology_II	OID31222	2	2	1	0.49444668629239236	false	0	0
PT1-PR1	Oncology_II	OID31174	2	2	1	0.7413585573943823	false	0	0
PT1-PR1	Cardiometabolic_II	OID30346	2	2	1	0.5998131769617217	false	0	0
PT1-PR1	Oncology_II	OID31366	2	2	1	0.8515030334141831	false	0	0
PT1-PR1	Neurology	OID21088	2	2	1	0.23362760166379726	false	0	0
PT1-PR1	Oncology_II	OID31337	2	2	1	0.39528249178933855	false	0	0
PT1-PR1	Neurology	OID20986	2	2	1	0.5573222945343594	false	0	0
PT1-PR1	Cardiometabolic_II	OID30418	2	2	1	0.24713119009512272	false	0	0
PT1-PR1	Neurology	OID20881	2	2	1	0.9705591421312598	false	0	0
PT1-PR1	Cardiometabolic_II	OID30370	2	2	1	0.28125263982963283	false	0	0
PT1-PR1	Oncology	OID21175	2	2	1	0.9284924568666642	false	0	0
PT1-PR1	Cardiometabolic	OID20298	2	2	1	0.24063280371349857	false	0	0
PT1-PR1	Inflammation	OID20467	2	2	1	0.7924826018280086	false	0	0
PT1-PR1	Neurology_II	OID30974	2	2	1	0.43794522326766905	false	0	0
PT1-PR1	Cardiometabolic_II	OID30051	2	2	1	0.9967161633850071	false	0	0
PT1-PR1	Oncology	OID21349	2	2	1	0.9044109840540877	false	0	0
PT1-PR1	Inflammation	OID20707	2	2	1	0.20240610399962683	false	0	0
PT1-PR1	Cardiometabolic	OID20070	2	2	1	0.81693535695267	false	0	0
PT1-PR1	Cardiometabolic_II	OID30362	2	2	1	0.18170757096257256	false	0	0
PT1-PR1	Oncology_II	OID31323	2	2	1	0.8603211243941672	false	0	0
PT1-PR1	Neurology	OID21084	2	2	1	0.8731861330433064	false	0	0
PT1-PR1	Inflammation	OID20769	2	2	1	0.03509975341492703	true	1	1
PT1-PR1	Oncology	OID21202	2	2	1	0.4949487869906066	false	0	0
PT1-PR1	Neurology_II	OID31008	2	2	1	0.8508320689485201	false	0	0
PT1-PR1	Inflammation_II	OID30717	2	2	1	0.42793670176773585	false	0	0
PT1-PR1	Oncology	OID21400	2	2	1	0.8777618404745446	false	0	0
PT1-PR1	Neurology_II	OID31150	2	2	1	0.6985613691177467	false	0	0
PT1-PR1	Neurology	OID20832	2	2	1	0.8515030334141831	false	0	0
PT1-PR1	Neurology	OID21067	2	2	1	0.1879239673091708	false	0	0
PT1-PR1	Inflammation	OID20520	2	2	1	0.9398840363485746	false	0	0
PT1-PR1	Inflammation	OID20682	2	2	1	0.30411539809549465	false	0	0
PT1-PR1	Oncology	OID21246	2	2	1	0.943116175586593	false	0	0
PT1-PR1	Inflammation	OID20714	2	2	1	0.2581595471999848	false	0	0
PT1-PR1	Neurology_II	OID30984	2	2	1	0.6993987976246439	false	0	0
PT1-PR1	Oncology	OID21221	2	2	1	0.9398840363485746	false	0	0
PT1-PR1	Cardiometabolic	OID20069	2	2	1	0.9758711404665182	false	0	0
PT1-PR1	Cardiometabolic_II	OID30302	2	2	1	0.22434922053807593	false	0	0
PT1-PR1	Inflammation_II	OID30519	2	2	1	0.21482755378190807	false	0	0
PT1-PR1	Neurology	OID20999	2	2	1	0.569564737465743	false	0	0
PT1-PR1	Neurology	OID21160	2	2	1	0.6857963720367243	false	0	0
PT1-PR1	Neurology_II	OID31124	2	2	1	0.012330268353103207	true	1	1
PT1-PR1	Neurology_II	OID31090	2	2	1	0.7832167855079465	false	0	0
PT1-PR1	Neurology_II	OID30989	2	2	1	0.6857963720367243	false	0	0
PT1-PR1	Inflammation_II	OID30750	2	2	1	0.7496558826679998	false	0	0
PT1-PR1	Cardiometabolic	OID20239	2	2	1	0.9293818768674351	false	0	0
PT1-PR1	Cardiometabolic_II	OID30407	2	2	1	0.40053656191245207	false	0	0
PT1-PR1	Cardiometabolic	OID20211	2	2	1	0.4851579798250568	false	0	0
PT1-PR1	Oncology	OID21211	2	2	1	0.6857963720367243	false	0	0
PT1-PR1	Oncology_II	OID31496	2	2	1	0.3167716917376624	false	0	0
PT1-PR1	Cardiometabolic_II	OID30263	2	2	1	0.4678993083835782	false	0	0
PT1-PR1	Oncology_II	OID31233	2	2	1	0.4832004598407335	false	0	0
PT1-PR1	Cardiometabolic	OID20319	2	2	1	0.6717705944539869	false	0	0
PT1-PR1	Neurology	OID21123	2	2	1	0.4523663227130019	false	0	0
PT1-PR1	Oncology	OID21233	2	2	1	0.20252457753886394	false	0	0
PT1-PR1	Oncology	OID21531	2	2	1	0.20724242143994087	false	0	0
PT1-PR1	Inflammation_II	OID30618	2	2	1	0.32487738713183417	false	0	0
PT1-PR1	Neurology_II	OID30895	2	2	1	0.8130062618566851	false	0	0
PT1-PR1	Inflammation	OID20574	2	2	1	0.8640766952030622	false	0	0
PT1-PR1	Oncology_II	OID31464	2	2	1	0.7824539115564167	false	0	0
PT1-PR1	Inflammation	OID20424	2	2	1	0.9267259592316033	false	0	0
PT1-PR1	Inflammation	OID20787	2	2	1	0.1580847658673264	false	0	0
PT1-PR1	Inflammation	OID20742	2	2	1	0.21462401213258436	false	0	0
PT1-PR1	Cardiometabolic	OID20236	2	2	1	0.1470856944478668	false	0	0
PT1-PR1	Oncology_II	OID31226	2	2	1	0.8286988415917577	false	0	0
PT1-PR1	Neurology	OID21126	2	2	1	0.9870537533283661	false	0	0
PT1-PR1	Inflammation	OID20696	2	2	1	0.1879239673091708	false	0	0
PT1-PR1	Neurology	OID21042	2	2	1	0.20208599072969813	false	0	0
PT1-PR1	Inflammation_II	OID30763	2	2	1	0.6451445017097144	false	0	0
PT1-PR1	Inflammation	OID20486	2	2	1	0.9219347890305947	false	0	0
PT1-PR1	Oncology	OID21284	2	2	1	0.7053714014902638	false	0	0
PT1-PR1	Oncology_II	OID31211	2	2	1	0.9558530380725615	false	0	0
PT1-PR1	Neurology_II	OID31140	2	2	1	0.7248060558244311	false	0	0
PT1-PR1	Oncology	OID21335	2	2	1	0.17686374724798617	false	0	0
PT1-PR1	Oncology	OID21353	2	2	1	0.16229553232400104	false	0	0
PT1-PR1	Cardiometabolic	OID20064	2	2	1	0.6853124768051392	false	0	0
PT1-PR1	Inflammation_II	OID30706	2	2	1	0.6226313852272086	false	0	0
PT1-PR1	Cardiometabolic	OID20116	2	2	1	0.2673348220248901	false	0	0
PT1-PR1	Inflammation	OID20563	2	2	1	0.5469219668213468	false	0	0
PT1-PR1	Inflammation_II	OID30742	2	2	1	0.4851579798250568	false	0	0
PT1-PR1	Oncology_II	OID31281	2	2	1	0.8349519806418779	false	0	0
PT1-PR1	Neurology	OID20819	2	2	1	0.6555758334229168	false	0	0
PT1-PR1	Neurology	OID20907	2	2	1	0.3026201110175475	false	0	0
PT1-PR1	Oncology_II	OID31491	2	2	1	0.8015104464845287	false	0	0
PT1-PR1	Cardiometabolic_II	OID30161	2	2	1	0.9996241698076513	false	0	0
PT1-PR1	Neurology	OID20980	2	2	1	0.006822141540862618	true	2	2
PT1-PR1	Neurology_II	OID31039	2	2	1	0.2472453453292038	false	0	0
PT1-PR1	Inflammation_II	OID30426	2	2	1	0.7261548992986028	false	0	0
PT1-PR1	Oncology_II	OID31223	2	2	1	0.8937681928979396	false	0	0
PT1-PR1	Cardiometabolic	OID20378	2	2	1	0.37730147137714454	false	0	0
PT1-PR1	Inflammation	OID20699	2	2	1	0.47892752005249867	false	0	0
PT1-PR1	Neurology	OID20965	2	2	1	0.28944474925273134	false	0	0
PT1-PR1	Inflammation_II	OID30688	2	2	1	0.5283511686112629	false	0	0
PT1-PR1	Inflammation_II	OID30643	2	2	1	0.5639966495022014	false	0	0
PT1-PR1	Neurology	OID20892	2	2	1	0.8270717054761594	false	0	0
PT1-PR1	Inflammation_II	OID30785	2	2	1	0.526361010995418	false	0	0
PT1-PR1	Neurology_II	OID31060	2	2	1	0.31314764291103875	false	0	0
PT1-PR1	Inflammation_II	OID30606	2	2	1	0.9258422409472196	false	0	0
PT1-PR1	Inflammation	OID20639	2	2	1	0.9415628051776938	false	0	0
PT1-PR1	Neurology_II	OID30896	2	2	1	0.5630435581098899	false	0	0
PT1-PR1	Neurology	OID20875	2	2	1	0.19465958039720935	false	0	0
PT1-PR1	Inflammation_II	OID30560	2	2	1	0.22551429244478366	false	0	0
PT1-PR1	Oncology	OID21164	2	2	1	0.8429639878188299	false	0	0
PT1-PR1	Oncology_II	OID31360	2	2	1	0.1879239673091708	false	0	0
PT1-PR1	Cardiometabolic_II	OID30087	2	2	1	0.275079202439685	false	0	0
PT1-PR1	Neurology_II	OID30963	2	2	1	0.6704247183175179	false	0	0
PT1-PR1	Inflammation_II	OID30504	2	2	1	0.7047524970652931	false	0	0
PT1-PR1	Oncology	OID21268	2	2	1	0.44445475082462316	false	0	0
PT1-PR1	Oncology	OID21294	2	2	1	0.09384957351927072	false	0	1
PT1-PR1	Neurology_II	OID30942	2	2	1	0.5766024160394976	false	0	0
PT1-PR1	Oncology_II	OID31284	2	2	1	0.8899097403406186	false	0	0
PT1-PR1	Inflammation_II	OID30561	2	2	1	0.9841356341591918	false	0	0
PT1-PR1	Inflammation	OID20724	2	2	1	0.1470856944478668	false	0	0
PT1-PR1	Cardiometabolic_II	OID30358	2	2	1	0.2406568752117279	false	0	0
PT1-PR1	Oncology	OID21191	2	2	1	0.40338385611843075	false	0	0
PT1-PR1	Cardiometabolic_II	OID30122	2	2	1	0.21706690505232618	false	0	0
PT1-PR1	Inflammation	OID20708	2	2	1	0.1470856944478668	false	0	0
PT1-PR1	Cardiometabolic_II	OID30245	2	2	1	0.2698293843932463	false	0	0
PT1-PR1	Neurology_II	OID31029	2	2	1	0.25392364275635954	false	0	0
PT1-PR1	Cardiometabolic	OID20065	2	2	1	0.40591406614067066	false	0	0
PT1-PR1	Inflammation	OID20557	2	2	1	0.8286988415917577	false	0	0
PT1-PR1	Cardiometabolic	OID20414	2	2	1	0.6482885363089184	false	0	0
PT1-PR1	Neurology	OID20911	2	2	1	0.24685823074111	false	0	0
PT1-PR1	Inflammation	OID20540	2	2	1	0.6226313852272086	false	0	0
PT1-PR1	Inflammation_II	OID30523	2	2	1	0.46690046372357424	false	0	0
PT1-PR1	Cardiometabolic	OID20272	2	2	1	0.301414447174611	false	0	0
PT1-PR1	Oncology	OID21183	2	2	1	0.4477889452645226	false	0	0
PT1-PR1	Oncology	OID21507	2	2	1	0.22434922053807593	false	0	0
PT1-PR1	Inflammation	OID20750	2	2	1	0.09223047695391083	false	0	1
PT1-PR1	Neurology	OID21035	2	2	1	0.7094598524813656	false	0	0
PT1-PR1	Cardiometabolic	OID20413	2	2	1	0.8882760281987468	false	0	0
PT1-PR1	Inflammation_II	OID30622	2	2	1	0.40591406614067066	false	0	0
PT1-PR1	Neurology	OID21133	2	2	1	0.16058218162856164	false	0	0
PT1-PR1	Cardiometabolic_II	OID30322	2	2	1	0.5143672814697988	false	0	0
PT1-PR1	Cardiometabolic	OID20303	2	2	1	0.47892752005249867	false	0	0
PT1-PR1	Inflammation	OID20643	2	2	1	0.2512398195379668	false	0	0
PT1-PR1	Cardiometabolic_II	OID30391	2	2	1	0.8534118446762324	false	0	0
PT1-PR1	Inflammation_II	OID30483	2	2	1	0.2772284023946699	false	0	0
PT1-PR1	Neurology	OID20913	2	2	1	0.8882760281987468	false	0	0
PT1-PR1	Cardiometabolic_II	OID30149	2	2	1	0.6162949482377682	false	0	0
PT1-PR1	Oncology_II	OID31500	2	2	1	0.4931233661936945	false	0	0
PT1-PR1	Cardiometabolic_II	OID30317	2	2	1	0.5118637081429822	false	0	0
PT1-PR1	Neurology_II	OID31094	2	2	1	0.554071307249579	false	0	0
PT1-PR1	Inflammation	OID20564	2	2	1	0.782767404729817	false	0	0
PT1-PR1	Neurology	OID21000	2	2	1	0.9761541754617213	false	0	0
PT1-PR1	Neurology_II	OID30829	2	2	1	0.8743928126718284	false	0	0
PT1-PR1	Oncology_II	OID31247	2	2	1	0.30411539809549465	false	0	0
PT1-PR1	Neurology	OID21113	2	2	1	0.21482755378190807	false	0	0
PT1-PR1	Inflammation	OID20472	2	2	1	0.9305256142302756	false	0	0
PT1-PR1	Oncology	OID21524	2	2	1	0.2319707558413246	false	0	0
PT1-PR1	Neurology	OID21016	2	2	1	0.6254400502296807	false	0	0
PT1-PR1	Neurology_II	OID30887	2	2	1	0.6328501639491518	false	0	0
PT1-PR1	Inflammation_II	OID30715	2	2	1	0.4851579798250568	false	0	0
PT1-PR1	Oncology	OID21238	2	2	1	0.4300999120549692	false	0	0
PT1-PR1	Oncology_II	OID31488	2	2	1	0.09384957351927072	false	0	2
PT1-PR1	Cardiometabolic_II	OID30279	2	2	1	0.8406522906676724	false	0	0
PT1-PR1	Inflammation_II	OID30480	2	2	1	0.37730147137714454	false	0	0
PT1-PR1	Inflammation_II	OID30507	2	2	1	0.8406522906676724	false	0	0
PT1-PR1	Inflammation	OID20669	2	2	1	0.90507554582413	false	0	0
PT1-PR1	Cardiometabolic	OID20337	2	2	1	0.5833406420742734	false	0	0
PT1-PR1	Cardiometabolic_II	OID30382	2	2	1	0.34020880062287584	false	0	0
PT1-PR1	Cardiometabolic	OID20054	2	2	1	0.528113372487969	false	0	0
PT1-PR1	Neurology	OID20976	2	2	1	0.7094584885870746	false	0	0
PT1-PR1	Inflammation_II	OID30747	2	2	1	0.37730147137714454	false	0	0
PT1-PR1	Oncology_II	OID31255	2	2	1	0.7386761994088887	false	0	0
PT1-PR1	Inflammation	OID20671	2	2	1	0.5154114892674692	false	0	0
PT1-PR1	Neurology	OID21008	2	2	1	0.8508320689485201	false	0	0
PT1-PR1	Neurology_II	OID31123	2	2	1	0.16058218162856164	false	0	1
PT1-PR1	Neurology	OID21013	2	2	1	0.3994250125690602	false	0	0
PT1-PR1	Oncology_II	OID31512	2	2	1	0.4273084059016929	false	0	0
PT1-PR1	Oncology	OID21184	2	2	1	0.927953562529242	false	0	0
PT1-PR1	Neurology_II	OID30980	2	2	1	0.9736752521360468	false	0	0
PT1-PR1	Neurology_II	OID30910	2	2	1	0.8882760281987468	false	0	0
PT1-PR1	Cardiometabolic	OID20224	2	2	1	0.5121577500587207	false	0	0
PT1-PR1	Neurology	OID21074	2	2	1	0.9487554263750009	false	0	0
PT1-PR1	Cardiometabolic	OID20140	2	2	1	0.13245572414749635	false	0	1
PT1-PR1	Neurology	OID20967	2	2	1	0.36099344616277385	false	0	0
PT1-PR1	Inflammation	OID20756	2	2	1	0.04871692006978671	true	1	1
PT1-PR1	Cardiometabolic	OID20094	2	2	1	0.7047524970652931	false	0	0
PT1-PR1	Neurology	OID20989	2	2	1	0.9284924568666642	false	0	0
PT1-PR1	Inflammation_II	OID30516	2	2	1	0.8357755500914461	false	0	0
PT1-PR1	Cardiometabolic	OID20150	2	2	1	0.21482755378190807	false	0	0
PT1-PR1	Inflammation_II	OID30575	2	2	1	0.5517909239287312	false	0	0
PT1-PR1	Inflammation	OID20483	2	2	1	0.6247929926113869	false	0	0
PT1-PR1	Cardiometabolic	OID20083	2	2	1	0.09125283112806355	false	0	2
PT1-PR1	Cardiometabolic_II	OID30307	2	2	1	0.5704330152159405	false	0	0
PT1-PR1	Neurology	OID20982	2	2	1	0.8937681928979396	false	0	0
PT1-PR1	Oncology_II	OID31181	2	2	1	0.10938170971166229	false	0	1
PT1-PR1	Neurology	OID20872	2	2	1	0.5337442985489026	false	0	0
PT1-PR1	Neurology	OID20815	2	2	1	0.9170689209537634	false	0	0
PT1-PR1	Cardiometabolic_II	OID30351	2	2	1	0.9487554263750009	false	0	0
PT1-PR1	Oncology_II	OID31321	2	2	1	0.8534118446762324	false	0	0
PT1-PR1	Inflammation_II	OID30746	2	2	1	0.6846620519596632	false	0	0
PT1-PR1	Oncology	OID21253	2	2	1	0.20252457753886394	false	0	0
PT1-PR1	Oncology_II	OID31163	2	2	1	0.44445475082462316	false	0	0
PT1-PR1	Oncology_II	OID31471	2	2	1	0.42793670176773585	false	0	0
PT1-PR1	Cardiometabolic_II	OID30244	2	2	1	0.08125167462210672	false	0	1
PT1-PR1	Neurology_II	OID30872	2	2	1	0.9219347890305947	false	0	0
PT1-PR1	Inflammation_II	OID30617	2	2	1	0.6717470226381966	false	0	0
PT1-PR1	Cardiometabolic_II	OID30079	2	2	1	0.7539644719220813	false	0	0
PT1-PR1	Neurology_II	OID30857	2	2	1	0.19557345994543077	false	0	0
PT1-PR1	Inflammation_II	OID30564	2	2	1	0.5031647903983809	false	0	0
PT1-PR1	Oncology	OID21430	2	2	1	0.7047524970652931	false	0	0
PT1-PR1	Neurology_II	OID31110	2	2	1	0.4026273903403381	false	0	0
PT1-PR1	Oncology_II	OID31399	2	2	1	0.24669092772415877	false	0	0
PT1-PR1	Neurology	OID20930	2	2	1	0.37603465512651757	false	0	0
PT1-PR1	Cardiometabolic_II	OID30159	2	2	1	0.38667618544054505	false	0	0
PT1-PR1	Inflammation	OID20597	2	2	1	0.15175029437745483	false	0	1
PT1-PR1	Oncology	OID21461	2	2	1	0.03509975341492703	true	1	2
PT1-PR1	Neurology	OID21072	2	2	1	0.7335426222524212	false	0	0
PT1-PR1	Neurology_II	OID31127	2	2	1	0.7865539697497551	false	0	0
PT1-PR1	Cardiometabolic_II	OID30118	2	2	1	0.2673348220248901	false	0	0
PT1-PR1	Inflammation	OID20786	2	2	1	0.09223047695391083	false	0	1
PT1-PR1	Oncology	OID21332	2	2	1	0.20786128426204795	false	0	0
PT1-PR1	Oncology_II	OID31274	2	2	1	0.4477889452645226	false	0	0
PT1-PR1	Cardiometabolic	OID20379	2	2	1	0.23195863423496899	false	0	0
PT1-PR1	Inflammation	OID20439	2	2	1	0.4686880630811272	false	0	0
PT1-PR1	Cardiometabolic_II	OID30132	2	2	1	0.5088539848446151	false	0	0
PT1-PR1	Inflammation_II	OID30608	2	2	1	0.41856752744297404	false	0	0
PT1-PR1	Oncology	OID21296	2	2	1	0.6405902076508441	false	0	0
PT1-PR1	Cardiometabolic_II	OID30190	2	2	1	0.7311260672933307	false	0	0
PT1-PR1	Oncology_II	OID31192	2	2	1	0.43517707880458445	false	0	0
PT1-PR1	Inflammation	OID20431	2	2	1	0.6606790951966205	false	0	0
PT1-PR1	Oncology_II	OID31378	2	2	1	0.8323020693560035	false	0	0
PT1-PR1	Neurology	OID21055	2	2	1	0.8520571965372096	false	0	0
PT1-PR1	Neurology_II	OID30840	2	2	1	0.9277730916674573	false	0	0
PT1-PR1	Cardiometabolic	OID20266	2	2	1	0.9350388878801952	false	0	0
PT1-PR1	Inflammation	OID20730	2	2	1	0.40591406614067066	false	0	0
PT1-PR1	Inflammation	OID20662	2	2	1	0.41856752744297404	false	0	0
PT1-PR1	Cardiometabolic	OID20395	2	2	1	0.5981749670688076	false	0	0
PT1-PR1	Oncology	OID21260	2	2	1	0.1435831699600775	false	0	0
PT1-PR1	Inflammation	OID20612	2	2	1	0.7024240633570628	false	0	0
PT1-PR1	Inflammation_II	OID30736	2	2	1	0.6985613691177467	false	0	0
PT1-PR1	Inflammation	OID20672	2	2	1	0.7993683470794023	false	0	0
PT1-PR1	Inflammation_II	OID30525	2	2	1	0.33681629263938623	false	0	0
PT1-PR1	Oncology_II	OID31425	2	2	1	0.2772284023946699	false	0	0
PT1-PR1	Inflammation_II	OID30605	2	2	1	0.6551169953113508	false	0	0
PT1-PR1	Neurology	OID21081	2	2	1	0.20240610399962683	false	0	0
PT1-PR1	Neurology_II	OID30924	2	2	1	0.7789560826975397	false	0	0
PT1-PR1	Inflammation_II	OID30659	2	2	1	0.6510497319670547	false	0	0
PT1-PR1	Oncology_II	OID31312	2	2	1	0.7570985640356703	false	0	0
PT1-PR1	Inflammation_II	OID30707	2	2	1	0.38248972835972883	false	0	0
PT1-PR1	Neurology_II	OID31082	2	2	1	0.3979084954203552	false	0	0
PT1-PR1	Oncology	OID21194	2	2	1	0.7683961001035383	false	0	0
PT1-PR1	Neurology	OID21092	2	2	1	0.9619715151992978	false	0	0
PT1-PR1	Oncology	OID21375	2	2	1	0.6328501639491518	false	0	0
PT1-PR1	Neurology	OID20955	2	2	1	0.7413585573943823	false	0	0
PT1-PR1	Neurology	OID21076	2	2	1	0.7475657010454957	false	0	0
PT1-PR1	Neurology	OID20800	2	2	1	0.9919097202490103	false	0	0
PT1-PR1	Cardiometabolic_II	OID30332	2	2	1	0.24506165518077414	false	0	0
PT1-PR1	Cardiometabolic_II	OID30375	2	2	1	0.5951760483874294	false	0	0
PT1-PR1	Neurology_II	OID30947	2	2	1	0.663353562116822	false	0	0
PT1-PR1	Cardiometabolic_II	OID30305	2	2	1	0.27642052738419853	false	0	0
PT1-PR1	Cardiometabolic_II	OID30404	2	2	1	0.9841356341591918	false	0	0
PT1-PR1	Oncology_II	OID31324	2	2	1	0.3648200325444098	false	0	0
PT1-PR1	Oncology	OID21210	2	2	1	0.6226313852272086	false	0	0
PT1-PR1	Inflammation_II	OID30529	2	2	1	0.9671800782887962	false	0	0
PT1-PR1	Neurology_II	OID30953	2	2	1	0.9044109840540877	false	0	0
PT1-PR1	Oncology_II	OID31357	2	2	1	0.5154114892674692	false	0	0
PT1-PR1	Cardiometabolic	OID20380	2	2	1	0.2814084060297926	false	0	0
PT1-PR1	Oncology	OID21496	2	2	1	0.37603465512651757	false	0	0
PT1-PR1	Inflammation	OID20420	2	2	1	0.7376858293634059	false	0	0
PT1-PR1	Cardiometabolic_II	OID30372	2	2	1	0.7011926086684571	false	0	0
PT1-PR1	Cardiometabolic_II	OID30386	2	2	1	0.190092049961791	false	0	0
PT1-PR1	Cardiometabolic_II	OID30142	2	2	1	0.13245572414749635	false	0	1
PT1-PR1	Inflammation_II	OID30543	2	2	1	0.6717470226381966	false	0	0
PT1-PR1	Oncology_II	OID31329	2	2	1	0.9672511726289366	false	0	0
PT1-PR1	Oncology	OID21510	2	2	1	0.8763138167463241	false	0	0
PT1-PR1	Cardiometabolic	OID20159	2	2	1	0.16229553232400104	false	0	0
PT1-PR1	Inflammation	OID20679	2	2	1	0.4041251000726499	false	0	0
PT1-PR1	Neurology	OID20957	2	2	1	0.27409397706590605	false	0	0
PT1-PR1	Inflammation	OID20733	2	2	1	0.06910900951679812	false	0	1
PT1-PR1	Neurology	OID20890	2	2	1	0.2838657619815303	false	0	0
PT1-PR1	Oncology	OID21481	2	2	1	0.41856752744297404	false	0	0
PT1-PR1	Neurology	OID20867	2	2	1	0.4214768127980317	false	0	0
PT1-PR1	Oncology_II	OID31452	2	2	1	0.5478660419465804	false	0	0
PT1-PR1	Neurology	OID20966	2	2	1	0.5826324126828418	false	0	0
PT1-PR1	Oncology_II	OID31297	2	2	1	0.8270717054761594	false	0	0
PT1-PR1	Cardiometabolic	OID20177	2	2	1	0.8287375502460337	false	0	0
PT1-PR1	Oncology	OID21386	2	2	1	0.939765183409459	false	0	0
PT1-PR1	Inflammation	OID20555	2	2	1	0.2772284023946699	false	0	0
PT1-PR1	Inflammation_II	OID30640	2	2	1	0.23195863423496899	false	0	0
PT1-PR1	Neurology_II	OID31108	2	2	1	0.0011507739646821058	true	2	2
PT1-PR1	Cardiometabolic	OID20110	2	2	1	0.2581595471999848	false	0	0
PT1-PR1	Inflammation	OID20709	2	2	1	0.2800796086339832	false	0	0
PT1-PR1	Neurology_II	OID30856	2	2	1	0.31487407659015865	false	0	0
PT1-PR1	Cardiometabolic_II	OID30262	2	2	1	0.3464405951839334	false	0	0
PT1-PR1	Cardiometabolic	OID20294	2	2	1	0.7094598524813656	false	0	0
PT1-PR1	Inflammation_II	OID30458	2	2	1	0.8862333638067312	false	0	0
PT1-PR1	Neurology	OID20822	2	2	1	0.45597929079389937	false	0	0
PT1-PR1	Oncology_II	OID31270	2	2	1	0.943116175586593	false	0	0
PT1-PR1	Inflammation_II	OID30521	2	2	1	0.9841356341591918	false	0	0
PT1-PR1	Inflammation_II	OID30437	2	2	1	0.4041251000726499	false	0	0
PT1-PR1	Inflammation	OID20444	2	2	1	0.7278712198992003	false	0	0
PT1-PR1	Inflammation	OID20789	2	2	1	0.2319707558413246	false	0	0
PT1-PR1	Neurology	OID21077	2	2	1	0.6405902076508441	false	0	0
PT1-PR1	Oncology	OID21235	2	2	1	0.7617724571162633	false	0	0
PT1-PR1	Inflammation	OID20685	2	2	1	0.1969277351035456	false	0	0
PT1-PR1	Inflammation	OID20435	2	2	1	0.8092461618313108	false	0	0
PT1-PR1	Inflammation	OID20684	2	2	1	0.1470856944478668	false	0	1
PT1-PR1	Cardiometabolic	OID20246	2	2	1	0.8517935536635753	false	0	0
PT1-PR1	Neurology	OID20950	2	2	1	0.21800963362928164	false	0	0
PT1-PR1	Neurology	OID20828	2	2	1	0.40658693249112277	false	0	0
PT1-PR1	Neurology	OID21028	2	2	1	0.5511945610863715	false	0	0
PT1-PR1	Oncology_II	OID31292	2	2	1	0.9258422409472196	false	0	0
PT1-PR1	Cardiometabolic	OID20304	2	2	1	0.8492717256175026	false	0	0
PT1-PR1	Cardiometabolic_II	OID30336	2	2	1	0.3661403459054302	false	0	0
PT1-PR1	Cardiometabolic	OID20151	2	2	1	0.19465958039720935	false	0	0
PT1-PR1	Neurology_II	OID30938	2	2	1	0.16229553232400104	false	0	0
PT1-PR1	Cardiometabolic_II	OID30139	2	2	1	0.9854333601335953	false	0	0
PT1-PR1	Oncology	OID21402	2	2	1	0.6973974566412652	false	0	0
PT1-PR1	Neurology	OID21051	2	2	1	0.8795228110402316	false	0	0
PT1-PR1	Neurology	OID21033	2	2	1	0.00896261804426378	true	2	2
PT1-PR1	Neurology	OID20884	2	2	1	0.7976314874199357	false	0	0
PT1-PR1	Inflammation_II	OID30443	2	2	1	0.8808440101844924	false	0	0
PT1-PR1	Neurology_II	OID30820	2	2	1	0.9238257045340277	false	0	0
PT1-PR1	Cardiometabolic	OID20361	2	2	1	0.9646304586330735	false	0	0
PT1-PR1	Neurology_II	OID30885	2	2	1	0.8866068408381098	false	0	0
PT1-PR1	Cardiometabolic	OID20128	2	2	1	0.21920327173696064	false	0	0
PT1-PR1	Inflammation	OID20752	2	2	1	0.7376858293634059	false	0	0
PT1-PR1	Oncology_II	OID31400	2	2	1	0.7396383153516111	false	0	0
PT1-PR1	Inflammation	OID20558	2	2	1	0.45401209833477535	false	0	0
PT1-PR1	Oncology	OID21384	2	2	1	0.22490362064141323	false	0	0
PT1-PR1	Inflammation	OID20519	2	2	1	0.16229553232400104	false	0	0
PT1-PR1	Oncology	OID21378	2	2	1	0.9644171170946545	false	0	0
PT1-PR1	Cardiometabolic_II	OID30261	2	2	1	0.9719783704628531	false	0	0
PT1-PR1	Inflammation	OID20648	2	2	1	0.2809660564288594	false	0	0
PT1-PR1	Neurology	OID20917	2	2	1	0.41343533838148355	false	0	0
PT1-PR1	Inflammation	OID20623	2	2	1	0.23362760166379726	false	0	0
PT1-PR1	Cardiometabolic_II	OID30259	2	2	1	0.8390037126258327	false	0	0
PT1-PR1	Oncology_II	OID31434	2	2	1	0.19007762056294628	false	0	0
PT1-PR1	Neurology_II	OID30971	2	2	1	0.21389133779899092	false	0	0
PT1-PR1	Cardiometabolic_II	OID30417	2	2	1	0.8226680070470223	false	0	0
PT1-PR1	Neurology_II	OID30853	2	2	1	0.8887312337514206	false	0	0
PT1-PR1	Inflammation_II	OID30537	2	2	1	0.9219347890305947	false	0	0
PT1-PR1	Inflammation_II	OID30737	2	2	1	0.6108990312529102	false	0	0
PT1-PR1	Inflammation	OID20419	2	2	1	0.312732167576426	false	0	0
PT1-PR1	Neurology_II	OID30972	2	2	1	0.8633216675020248	false	0	0
PT1-PR1	Cardiometabolic	OID20348	2	2	1	0.4620039827509227	false	0	0
PT1-PR1	Inflammation	OID20575	2	2	1	0.6457432180114044	false	0	0
PT1-PR1	Cardiometabolic_II	OID30359	2	2	1	0.2581595471999848	false	0	0
PT1-PR1	Inflammation_II	OID30454	2	2	1	0.8515030334141831	false	0	0
PT1-PR1	Cardiometabolic_II	OID30054	2	2	1	0.46468959825069434	false	0	0
PT1-PR1	Inflammation	OID20644	2	2	1	0.275079202439685	false	0	0
PT1-PR1	Neurology	OID20899	2	2	1	0.29781255742742246	false	0	0
PT1-PR1	Inflammation	OID20488	2	2	1	0.7999938816979245	false	0	0
PT1-PR1	Neurology_II	OID30839	2	2	1	0.634017586923037	false	0	0
PT1-PR1	Neurology_II	OID30822	2	2	1	0.6248565909387822	false	0	0
PT1-PR1	Cardiometabolic_II	OID30143	2	2	1	0.8708243453580182	false	0	0
PT1-PR1	Neurology	OID20862	2	2	1	0.29703827515148623	false	0	0
PT1-PR1	Cardiometabolic_II	OID30251	2	2	1	0.3316495208313242	false	0	0
PT1-PR1	Cardiometabolic_II	OID30075	2	2	1	0.3376898379052468	false	0	0
PT1-PR1	Inflammation_II	OID30654	2	2	1	0.9258422409472196	false	0	0
PT1-PR1	Cardiometabolic_II	OID30129	2	2	1	0.6485897074319799	false	0	0
PT1-PR1	Cardiometabolic	OID20099	2	2	1	0.9044109840540877	false	0	0
PT1-PR1	Oncology_II	OID31346	2	2	1	0.8130062618566851	false	0	0
PT1-PR1	Cardiometabolic	OID20114	2	2	1	0.21537709065064028	false	0	0
PT1-PR1	Cardiometabolic	OID20059	2	2	1	0.9258422409472196	false	0	0
PT1-PR1	Inflammation_II	OID30466	2	2	1	0.9531837136469947	false	0	0
PT1-PR1	Cardiometabolic_II	OID30170	2	2	1	0.827188043332369	false	0	0
PT1-PR1	Inflammation_II	OID30436	2	2	1	0.42336304839073907	false	0	0
PT1-PR1	Neurology_II	OID31132	2	2	1	0.8234016843296172	false	0	0
PT1-PR1	Inflammation	OID20658	2	2	1	0.672633355444394	false	0	0
PT1-PR1	Cardiometabolic_II	OID30360	2	2	1	0.16058218162856164	false	0	0
PT1-PR1	Neurology_II	OID30929	2	2	1	0.642258017569023	false	0	0
PT1-PR1	Neurology	OID20896	2	2	1	0.910967786004107	false	0	0
PT1-PR1	Inflammation_II	OID30566	2	2	1	0.6247929926113869	false	0	0
PT1-PR1	Cardiometabolic	OID20147	2	2	1	0.2130743348315494	false	0	0
PT1-PR1	Neurology_II	OID31017	2	2	1	0.24063280371349857	false	0	0
PT1-PR1	Oncology_II	OID31253	2	2	1	0.6325472943952023	false	0	0
PT1-PR1	Inflammation_II	OID30765	2	2	1	0.3077862783333998	false	0	0
PT1-PR1	Oncology	OID21322	2	2	1	0.1607836095052691	false	0	0
PT1-PR1	Inflammation_II	OID30696	2	2	1	0.3978364162294138	false	0	0
PT1-PR1	Oncology	OID21263	2	2	1	0.5300207530087514	false	0	0
PT1-PR1	Oncology_II	OID31472	2	2	1	0.8891674808110246	false	0	0
PT1-PR1	Cardiometabolic_II	OID30065	2	2	1	0.7837452545309088	false	0	0
PT1-PR1	Oncology	OID21425	2	2	1	0.8913418004616522	false	0	0
PT1-PR1	Cardiometabolic	OID20160	2	2	1	0.16058218162856164	false	0	0
PT1-PR1	Oncology_II	OID31370	2	2	1	0.6725715027749128	false	0	0
PT1-PR1	Inflammation	OID20632	2	2	1	0.6853124768051392	false	0	0
PT1-PR1	Inflammation	OID20670	2	2	1	0.9622827519629863	false	0	0
PT1-PR1	Cardiometabolic	OID20391	2	2	1	0.5989666326589661	false	0	0
PT1-PR1	Oncology_II	OID31423	2	2	1	0.1933665732280522	false	0	0
PT1-PR1	Oncology_II	OID31426	2	2	1	0.2512398195379668	false	0	0
PT1-PR1	Inflammation_II	OID30629	2	2	1	0.4439796539566261	false	0	0
PT1-PR1	Inflammation	OID20548	2	2	1	0.642258017569023	false	0	0
PT1-PR1	Neurology	OID20983	2	2	1	0.0009551540331220743	true	2	2
PT1-PR1	Cardiometabolic_II	OID30136	2	2	1	0.19521272280194557	false	0	0
PT1-PR1	Inflammation_II	OID30438	2	2	1	0.20141570570411466	false	0	0
PT1-PR1	Oncology	OID21244	2	2	1	0.33104379552189445	false	0	0
PT1-PR1	Neurology_II	OID31052	2	2	1	0.32918626561802716	false	0	0
PT1-PR1	Oncology	OID21435	2	2	1	0.6857963720367243	false	0	0
PT1-PR1	Cardiometabolic	OID20215	2	2	1	0.7496558826679998	false	0	0
PT1-PR1	Cardiometabolic_II	OID30361	2	2	1	0.2512398195379668	false	0	0
PT1-PR1	Inflammation_II	OID30460	2	2	1	0.6528565515007582	false	0	0
PT1-PR1	Oncology_II	OID31289	2	2	1	0.5949669145886314	false	0	0
PT1-PR1	Inflammation_II	OID30601	2	2	1	0.4216712795060666	false	0	0
PT1-PR1	Oncology	OID21272	2	2	1	0.7056949940377363	false	0	0
PT1-PR1	Neurology	OID20926	2	2	1	0.6846620519596632	false	0	0
PT1-PR1	Neurology	OID21089	2	2	1	0.7097673442765621	false	0	0
PT1-PR1	Oncology_II	OID31398	2	2	1	0.8035409746860251	false	0	0
PT1-PR1	Inflammation_II	OID30431	2	2	1	0.3254380000518813	false	0	0
PT1-PR1	Inflammation_II	OID30761	2	2	1	0.34798063169783966	false	0	0
PT1-PR1	Cardiometabolic_II	OID30266	2	2	1	0.8216529527842891	false	0	0
PT1-PR1	Cardiometabolic	OID20075	2	2	1	0.9091161222172509	false	0	0
PT1-PR1	Neurology	OID20987	2	2	1	0.7496558826679998	false	0	0
PT1-PR1	Oncology	OID21240	2	2	1	0.683773413945289	false	0	0
PT1-PR1	Inflammation_II	OID30503	2	2	1	0.755221529058241	false	0	0
PT1-PR1	Cardiometabolic	OID20253	2	2	1	0.963021930730643	false	0	0
PT1-PR1	Cardiometabolic_II	OID30295	2	2	1	0.9748462983536845	false	0	0
PT1-PR1	Neurology	OID21106	2	2	1	0.9819644190701046	false	0	0
PT1-PR1	Cardiometabolic_II	OID30364	2	2	1	0.4627806845639106	false	0	0
PT1-PR1	Cardiometabolic_II	OID30146	2	2	1	0.8295693331587422	false	0	0
PT1-PR1	Oncology	OID21469	2	2	1	0.42793670176773585	false	0	0
PT1-PR1	Inflammation_II	OID30461	2	2	1	0.6857963720367243	false	0	0
PT1-PR1	Cardiometabolic_II	OID30130	2	2	1	0.37730147137714454	false	0	0
PT1-PR1	Inflammation	OID20713	2	2	1	0.40302844209126226	false	0	0
PT1-PR1	Cardiometabolic_II	OID30164	2	2	1	0.8959630930966368	false	0	0
PT1-PR1	Neurology_II	OID30898	2	2	1	0.9322915702490518	false	0	0
PT1-PR1	Neurology	OID20853	2	2	1	0.3296238050186713	false	0	0
PT1-PR1	Oncology_II	OID31254	2	2	1	0.8777618404745446	false	0	0
PT1-PR1	Oncology	OID21405	2	2	1	0.27261682190560516	false	0	0
PT1-PR1	Oncology	OID21274	2	2	1	0.927953562529242	false	0	0
PT1-PR1	Neurology_II	OID31057	2	2	1	0.5337442985489026	false	0	0
PT1-PR1	Neurology	OID21059	2	2	1	0.24506165518077414	false	0	0
PT1-PR1	Cardiometabolic_II	OID30287	2	2	1	0.642258017569023	false	0	0
PT1-PR1	Cardiometabolic_II	OID30115	2	2	1	0.4303032712367902	false	0	0
PT1-PR1	Neurology_II	OID30798	2	2	1	0.9545898141356722	false	0	0
PT1-PR1	Inflammation	OID20442	2	2	1	0.9841356341591918	false	0	0
PT1-PR1	Inflammation_II	OID30440	2	2	1	0.30155929771617807	false	0	0
PT1-PR1	Cardiometabolic_II	OID30383	2	2	1	0.40591406614067066	false	0	0
PT1-PR1	Neurology	OID21079	2	2	1	0.9284924568666642	false	0	0
PT1-PR1	Inflammation_II	OID30522	2	2	1	0.34464621384179955	false	0	0
PT1-PR1	Oncology	OID21269	2	2	1	0.8883949555376502	false	0	0
PT1-PR1	Cardiometabolic_II	OID30222	2	2	1	0.4304231445036459	false	0	0
PT1-PR1	Cardiometabolic_II	OID30309	2	2	1	0.8882760281987468	false	0	0
PT1-PR1	Inflammation_II	OID30471	2	2	1	0.8882760281987468	false	0	0
PT1-PR1	Neurology	OID20848	2	2	1	0.9285407293778397	false	0	0
PT1-PR1	Neurology	OID20903	2	2	1	0.3744455459470576	false	0	0
PT1-PR1	Cardiometabolic_II	OID30188	2	2	1	0.32654441785895993	false	0	0
PT1-PR1	Oncology_II	OID31291	2	2	1	0.18170757096257256	false	0	0
PT1-PR1	Neurology_II	OID31102	2	2	1	0.40095330326841144	false	0	0
PT1-PR1	Neurology	OID21047	2	2	1	0.6045935860013536	false	0	0
PT1-PR1	Oncology_II	OID31432	2	2	1	0.6205202268486135	false	0	0
PT1-PR1	Oncology_II	OID31480	2	2	1	0.190092049961791	false	0	0
PT1-PR1	Inflammation	OID20559	2	2	1	0.1580847658673264	false	0	1
PT1-PR1	Cardiometabolic	OID20172	2	2	1	0.11561566538248778	false	0	0
PT1-PR1	Inflammation	OID20462	2	2	1	0.6457432180114044	false	0	0
PT1-PR1	Cardiometabolic_II	OID30224	2	2	1	0.031073852779438423	true	2	2
PT1-PR1	Cardiometabolic	OID20155	2	2	1	0.25306652687523834	false	0	0
PT1-PR1	Inflammation_II	OID30753	2	2	1	0.5388640154381916	false	0	0
PT1-PR1	Oncology	OID21457	2	2	1	0.6489158478007896	false	0	0
PT1-PR1	Cardiometabolic_II	OID30310	2	2	1	0.4142344404301531	false	0	0
PT1-PR1	Cardiometabolic_II	OID30401	2	2	1	0.6643747071829288	false	0	0
PT1-PR1	Inflammation	OID20748	2	2	1	0.6861719718434894	false	0	0
PT1-PR1	Inflammation_II	OID30703	2	2	1	0.3811797294655639	false	0	0
PT1-PR1	Neurology_II	OID30890	2	2	1	0.4392511516345002	false	0	0
PT1-PR1	Cardiometabolic_II	OID30388	2	2	1	0.6698072874265902	false	0	0
PT1-PR1	Oncology_II	OID31506	2	2	1	0.2478808981104473	false	0	0
PT1-PR1	Oncology_II	OID31314	2	2	1	0.45597929079389937	false	0	0
PT1-PR1	Cardiometabolic	OID20050	2	2	1	0.8534560473999538	false	0	0
PT1-PR1	Inflammation	OID20421	2	2	1	0.7689578216580897	false	0	0
PT1-PR1	Oncology	OID21404	2	2	1	0.8796330121560532	false	0	0
PT1-PR1	Inflammation_II	OID30698	2	2	1	0.9558530380725615	false	0	0
PT1-PR1	Neurology	OID20838	2	2	1	0.7363873629746376	false	0	0
PT1-PR1	Cardiometabolic	OID20122	2	2	1	0.8515030334141831	false	0	0
PT1-PR1	Inflammation	OID20758	2	2	1	0.02158624386319241	true	1	1
PT1-PR1	Inflammation	OID20511	2	2	1	0.2478808981104473	false	0	0
PT1-PR1	Cardiometabolic_II	OID30089	2	2	1	0.7991566123379051	false	0	0
PT1-PR1	Neurology_II	OID31095	2	2	1	0.9284924568666642	false	0	0
PT1-PR1	Cardiometabolic	OID20271	2	2	1	0.126713392787382	false	0	0
PT1-PR1	Oncology	OID21266	2	2	1	0.45648521374635004	false	0	0
PT1-PR1	Inflammation	OID20741	2	2	1	0.2710580828396734	false	0	0
PT1-PR1	Cardiometabolic_II	OID30141	2	2	1	0.851338593910318	false	0	0
PT1-PR1	Oncology	OID21473	2	2	1	0.9091161222172509	false	0	0
PT1-PR1	Cardiometabolic_II	OID30387	2	2	1	0.25601055239665643	false	0	0
PT1-PR1	Neurology	OID20790	2	2	1	0.529260817675058	false	0	0
PT1-PR1	Cardiometabolic	OID20397	2	2	1	0.6120645402227859	false	0	0
PT1-PR1	Inflammation_II	OID30624	2	2	1	0.9258422409472196	false	0	0
PT1-PR1	Inflammation	OID20735	2	2	1	0.13245572414749635	false	0	0
PT1-PR1	Oncology_II	OID31282	2	2	1	0.3811797294655639	false	0	0
PT1-PR1	Cardiometabolic	OID20174	2	2	1	0.42742295195083974	false	0	0
PT1-PR1	Oncology_II	OID31523	2	2	1	0.17300073034918154	false	0	0
PT1-PR1	Cardiometabolic	OID20182	2	2	1	0.4392511516345002	false	0	0
PT1-PR1	Cardiometabolic	OID20277	2	2	1	0.30973607727262326	false	0	0
PT1-PR1	Oncology_II	OID31315	2	2	1	0.6423376268951515	false	0	0
PT1-PR1	Oncology	OID21514	2	2	1	0.5342254590104261	false	0	0
PT1-PR1	Cardiometabolic_II	OID30158	2	2	1	0.6857963720367243	false	0	0
PT1-PR1	Inflammation_II	OID30639	2	2	1	0.3098625660310689	false	0	0
PT1-PR1	Cardiometabolic	OID20162	2	2	1	0.7355303496819817	false	0	0
PT1-PR1	Oncology_II	OID31286	2	2	1	0.9044109840540877	false	0	0
PT1-PR1	Cardiometabolic_II	OID30301	2	2	1	0.9134970611177062	false	0	0
PT1-PR1	Cardiometabolic_II	OID30223	2	2	1	0.37152361133378936	false	0	0
PT1-PR1	Inflammation	OID20620	2	2	1	0.8015104464845287	false	0	0
PT1-PR1	Oncology_II	OID31380	2	2	1	0.2858293238383514	false	0	0
PT1-PR1	Cardiometabolic	OID20148	2	2	1	0.933109704034074	false	0	0
PT1-PR1	Oncology_II	OID31502	2	2	1	0.4012329863301714	false	0	0
PT1-PR1	Inflammation_II	OID30473	2	2	1	0.9962401235238806	false	0	0
PT1-PR1	Cardiometabolic_II	OID30064	2	2	1	0.37603465512651757	false	0	0
PT1-PR1	Cardiometabolic_II	OID30221	2	2	1	0.33681629263938623	false	0	0
PT1-PR1	Neurology_II	OID30855	2	2	1	0.6219689166920748	false	0	0
PT1-PR1	Neurology	OID21075	2	2	1	0.4851579798250568	false	0	0
PT1-PR1	Cardiometabolic	OID20254	2	2	1	0.8913745191791198	false	0	0
PT1-PR1	Oncology_II	OID31462	2	2	1	0.22434922053807593	false	0	0
PT1-PR1	Inflammation_II	OID30427	2	2	1	0.9672511726289366	false	0	0
PT1-PR1	Cardiometabolic	OID20339	2	2	1	0.51344918722235	false	0	0
PT1-PR1	Oncology	OID21205	2	2	1	0.15333869242085968	false	0	0
PT1-PR1	Cardiometabolic_II	OID30144	2	2	1	0.5283511686112629	false	0	0
PT1-PR1	Cardiometabolic_II	OID30273	2	2	1	0.5640127274393067	false	0	0
PT1-PR1	Cardiometabolic	OID20247	2	2	1	0.06910900951679812	false	0	2
PT1-PR1	Oncology_II	OID31271	2	2	1	0.38519150472792557	false	0	0
PT1-PR1	Neurology_II	OID30923	2	2	1	0.5880142753605353	false	0	0
PT1-PR1	Oncology	OID21237	2	2	1	0.7475657010454957	false	0	0
PT1-PR1	Oncology	OID21530	2	2	1	0.6528565515007582	false	0	0
PT1-PR1	Cardiometabolic_II	OID30083	2	2	1	0.8150509869182505	false	0	0
PT1-PR1	Inflammation_II	OID30486	2	2	1	0.5801408172356083	false	0	0
PT1-PR1	Inflammation_II	OID30444	2	2	1	0.8015104464845287	false	0	0
PT1-PR1	Cardiometabolic_II	OID30116	2	2	1	0.9267999712101903	false	0	0
PT1-PR1	Cardiometabolic	OID20170	2	2	1	0.20232110775686962	false	0	0
PT1-PR1	Oncology_II	OID31463	2	2	1	0.2711620494100073	false	0	0
PT1-PR1	Cardiometabolic_II	OID30194	2	2	1	0.4627806845639106	false	0	0
PT1-PR1	Inflammation_II	OID30570	2	2	1	0.8517935536635753	false	0	0
PT1-PR1	Oncology	OID21176	2	2	1	0.25306652687523834	false	0	0
PT1-PR1	Cardiometabolic	OID20402	2	2	1	0.29863362456653575	false	0	0
PT1-PR1	Inflammation	OID20647	2	2	1	0.9920082047082678	false	0	0
PT1-PR1	Oncology_II	OID31336	2	2	1	0.22492231806111831	false	0	0
PT1-PR1	Oncology	OID21478	2	2	1	0.30233156246012904	false	0	0
PT1-PR1	Cardiometabolic_II	OID30078	2	2	1	0.5797037768246115	false	0	0
PT1-PR1	Neurology_II	OID31135	2	2	1	0.787998119838154	false	0	0
PT1-PR1	Oncology	OID21377	2	2	1	0.21706690505232618	false	0	0
PT1-PR1	Oncology_II	OID31347	2	2	1	0.781896002401052	false	0	0
PT1-PR1	Cardiometabolic	OID20261	2	2	1	0.8899691909338197	false	0	0
PT1-PR1	Inflammation_II	OID30587	2	2	1	0.2809660564288594	false	0	0
PT1-PR1	Oncology_II	OID31303	2	2	1	0.9044109840540877	false	0	0
PT1-PR1	Oncology_II	OID31301	2	2	1	0.6677152997353736	false	0	0
PT1-PR1	Cardiometabolic	OID20370	2	2	1	0.39844177118123403	false	0	0
PT1-PR1	Neurology_II	OID31059	2	2	1	0.9044109840540877	false	0	0
PT1-PR1	Cardiometabolic_II	OID30055	2	2	1	0.8937681928979396	false	0	0
PT1-PR1	Inflammation	OID20655	2	2	1	0.02158624386319241	true	1	2
PT1-PR1	Inflammation	OID20732	2	2	1	0.17795102772492177	false	0	0
PT1-PR1	Inflammation_II	OID30755	2	2	1	0.4300999120549692	false	0	0
PT1-PR1	Cardiometabolic	OID20367	2	2	1	0.5337442985489026	false	0	0
PT1-PR1	Neurology	OID20977	2	2	1	0.5549961595954446	false	0	0
PT1-PR1	Neurology	OID20850	2	2	1	0.20786128426204795	false	0	0
PT1-PR1	Inflammation_II	OID30718	2	2	1	0.4686880630811272	false	0	0
PT1-PR1	Cardiometabolic_II	OID30415	2	2	1	0.2651812298255586	false	0	0
PT1-PR1	Cardiometabolic_II	OID30293	2	2	1	0.48772686138662946	false	0	0
PT1-PR1	Neurology_II	OID31066	2	2	1	0.70771559311486	false	0	0
PT1-PR1	Oncology_II	OID31474	2	2	1	0.7662221323432007	false	0	0
PT1-PR1	Oncology	OID21395	2	2	1	0.8833198427143698	false	0	0
PT1-PR1	Oncology	OID21209	2	2	1	0.404616488588769	false	0	0
PT1-PR1	Oncology	OID21431	2	2	1	0.20232110775686962	false	0	0
PT1-PR1	Oncology_II	OID31412	2	2	1	0.9909796279575089	false	0	0
PT1-PR1	Inflammation	OID20514	2	2	1	0.33681629263938623	false	0	0
PT1-PR1	Inflammation_II	OID30704	2	2	1	0.48352464393896033	false	0	0
PT1-PR1	Oncology_II	OID31164	2	2	1	0.8777618404745446	false	0	0
PT1-PR1	Neurology_II	OID31113	2	2	1	0.9125468278239511	false	0	0
PT1-PR1	Neurology_II	OID31122	2	2	1	0.6555758334229168	false	0	0
PT1-PR1	Cardiometabolic_II	OID30186	2	2	1	0.9662530196474987	false	0	0
PT1-PR1	Oncology_II	OID31447	2	2	1	0.8912376032863424	false	0	0
PT1-PR1	Neurology_II	OID31034	2	2	1	0.023871252641835206	true	2	2
PT1-PR1	Oncology	OID21439	2	2	1	0.586327978195203	false	0	0
PT1-PR1	Inflammation_II	OID30782	2	2	1	0.39215100992929264	false	0	0
PT1-PR1	Cardiometabolic	OID20336	2	2	1	0.526361010995418	false	0	0
PT1-PR1	Cardiometabolic	OID20169	2	2	1	0.1607836095052691	false	0	0
PT1-PR1	Neurology_II	OID31053	2	2	1	0.6502132620219653	false	0	0
PT1-PR1	Oncology_II	OID31486	2	2	1	0.23362760166379726	false	0	0
PT1-PR1	Neurology_II	OID31069	2	2	1	0.4768077784068218	false	0	0
PT1-PR1	Oncology	OID21410	2	2	1	0.6503983206415461	false	0	0
PT1-PR1	Inflammation	OID20544	2	2	1	0.2581595471999848	false	0	0
PT1-PR1	Oncology_II	OID31465	2	2	1	0.31688616812810516	false	0	0
PT1-PR1	Oncology	OID21480	2	2	1	0.8707607464532211	false	0	0
PT1-PR1	Inflammation_II	OID30518	2	2	1	0.2671409703767259	false	0	0
PT1-PR1	Cardiometabolic_II	OID30256	2	2	1	0.9004230606878022	false	0	0
PT1-PR1	Cardiometabolic	OID20093	2	2	1	0.39589727909160527	false	0	0
PT1-PR1	Cardiometabolic	OID20400	2	2	1	0.9219347890305947	false	0	0
PT1-PR1	Neurology	OID20936	2	2	1	0.933109704034074	false	0	0
PT1-PR1	Oncology	OID21337	2	2	1	0.25507621631412397	false	0	0
PT1-PR1	Inflammation	OID20527	2	2	1	0.4969718568352529	false	0	0
PT1-PR1	Neurology	OID21154	2	2	1	0.5226613946666054	false	0	0
PT1-PR1	Oncology_II	OID31308	2	2	1	0.7047524970652931	false	0	0
PT1-PR1	Neurology	OID21065	2	2	1	0.8121236622538731	false	0	0
PT1-PR1	Cardiometabolic	OID20284	2	2	1	0.6857963720367243	false	0	0
PT1-PR1	Neurology_II	OID30993	2	2	1	0.8015077731918167	false	0	0
PT1-PR1	Oncology	OID21312	2	2	1	0.7832167855079465	false	0	0
PT1-PR1	Oncology_II	OID31327	2	2	1	0.37603465512651757	false	0	0
PT1-PR1	Cardiometabolic	OID20138	2	2	1	0.126713392787382	false	0	1
PT1-PR1	Oncology_II	OID31217	2	2	1	0.22191281459923173	false	0	0
PT1-PR1	Cardiometabolic	OID20398	2	2	1	0.5478660419465804	false	0	0
PT1-PR1	Cardiometabolic_II	OID30338	2	2	1	0.41343533838148355	false	0	0
PT1-PR1	Neurology	OID21110	2	2	1	0.447656583174977	false	0	0
PT1-PR1	Cardiometabolic_II	OID30411	2	2	1	0.6683498324845235	false	0	0
PT1-PR1	Inflammation	OID20697	2	2	1	0.9044109840540877	false	0	0
PT1-PR1	Cardiometabolic_II	OID30363	2	2	1	0.8406522906676724	false	0	0
PT1-PR1	Neurology	OID20837	2	2	1	0.9605484970537589	false	0	0
PT1-PR1	Oncology_II	OID31375	2	2	1	0.5640127274393067	false	0	0
PT1-PR1	Oncology_II	OID31300	2	2	1	0.5157970151296475	false	0	0
PT1-PR1	Cardiometabolic	OID20111	2	2	1	0.1879239673091708	false	0	0
PT1-PR1	Neurology_II	OID30791	2	2	1	0.918996491917309	false	0	0
PT1-PR1	Inflammation_II	OID30577	2	2	1	0.8753149244600927	false	0	0
PT1-PR1	Inflammation_II	OID30709	2	2	1	0.5569482893054486	false	0	0
PT1-PR1	Neurology_II	OID30886	2	2	1	0.8015104464845287	false	0	0
PT1-PR1	Neurology	OID21137	2	2	1	0.5704330152159405	false	0	0
PT1-PR1	Neurology	OID21045	2	2	1	0.43607292463528985	false	0	0
PT1-PR1	Inflammation_II	OID30641	2	2	1	0.9048339757407797	false	0	0
PT1-PR1	Neurology_II	OID30955	2	2	1	0.554071307249579	false	0	0
PT1-PR1	Neurology	OID20868	2	2	1	0.8577284250272156	false	0	0
PT1-PR1	Neurology	OID21125	2	2	1	0.2478808981104473	false	0	0
PT1-PR1	Oncology	OID21424	2	2	1	0.5998131769617217	false	0	0
PT1-PR1	Inflammation_II	OID30669	2	2	1	0.6482885363089184	false	0	0
PT1-PR1	Inflammation_II	OID30677	2	2	1	0.6529141894137103	false	0	0
PT1-PR1	Inflammation	OID20440	2	2	1	0.8913745191791198	false	0	0
PT1-PR1	Oncology_II	OID31483	2	2	1	0.9919097202490103	false	0	0
PT1-PR1	Cardiometabolic	OID20322	2	2	1	0.0535158991647083	false	0	1
PT1-PR1	Neurology_II	OID30985	2	2	1	0.5539419678142449	false	0	0
PT1-PR1	Oncology_II	OID31295	2	2	1	0.6325688412166506	false	0	0
PT1-PR1	Oncology	OID21440	2	2	1	0.6153792544946582	false	0	0
PT1-PR1	Oncology	OID21517	2	2	1	0.7277524098184064	false	0	0
PT1-PR1	Inflammation	OID20711	2	2	1	0.17686374724798617	false	0	0
PT1-PR1	Oncology	OID21389	2	2	1	0.8815882970842694	false	0	0
PT1-PR1	Oncology_II	OID31246	2	2	1	0.9841356341591918	false	0	0
PT1-PR1	Oncology	OID21186	2	2	1	0.02298958013203428	true	1	2
PT1-PR1	Inflammation_II	OID30469	2	2	1	0.9162292709136489	false	0	0
PT1-PR1	Neurology	OID21050	2	2	1	0.9580805560399106	false	0	0
PT1-PR1	Neurology	OID21117	2	2	1	0.6853124768051392	false	0	0
PT1-PR1	Cardiometabolic	OID20136	2	2	1	0.2044984311175195	false	0	0
PT1-PR1	Neurology_II	OID31049	2	2	1	0.4053370932926321	false	0	0
PT1-PR1	Inflammation_II	OID30683	2	2	1	0.3077862783333998	false	0	0
PT1-PR1	Inflammation_II	OID30474	2	2	1	0.6294720661282766	false	0	0
PT1-PR1	Inflammation	OID20704	2	2	1	0.4119088314969529	false	0	0
PT1-PR1	Inflammation_II	OID30680	2	2	1	0.5861813974210932	false	0	0
PT1-PR1	Cardiometabolic_II	OID30169	2	2	1	0.24663336281814996	false	0	0
PT1-PR1	Oncology	OID21406	2	2	1	0.21968853206968075	false	0	0
PT1-PR1	Cardiometabolic	OID20287	2	2	1	0.3296238050186713	false	0	0
PT1-PR1	Oncology	OID21445	2	2	1	0.41856752744297404	false	0	0
PT1-PR1	Cardiometabolic	OID20234	2	2	1	0.21800963362928164	false	0	0
PT1-PR1	Oncology	OID21441	2	2	1	0.031073852779438423	true	2	2
PT1-PR1	Inflammation_II	OID30544	2	2	1	0.5469219668213468	false	0	0
PT1-PR1	Inflammation	OID20513	2	2	1	0.31487407659015865	false	0	0
PT1-PR1	Neurology	OID20821	2	2	1	0.6572831822344791	false	0	0
PT1-PR1	Cardiometabolic_II	OID30066	2	2	1	0.619770910630084	false	0	0
PT1-PR1	Inflammation	OID20445	2	2	1	0.918996491917309	false	0	0
PT1-PR1	Inflammation	OID20576	2	2	1	0.9258422409472196	false	0	0
PT1-PR1	Cardiometabolic	OID20382	2	2	1	0.48282741429031356	false	0	0
PT1-PR1	Inflammation_II	OID30602	2	2	1	0.28231712391936675	false	0	0
PT1-PR1	Inflammation_II	OID30726	2	2	1	0.7671350430956897	false	0	0
PT1-PR1	Neurology_II	OID31119	2	2	1	0.28387845509055654	false	0	0
PT1-PR1	Neurology_II	OID30870	2	2	1	0.6405902076508441	false	0	0
PT1-PR1	Inflammation	OID20463	2	2	1	0.6857963720367243	false	0	0
PT1-PR1	Inflammation	OID20541	2	2	1	0.3230514571943113	false	0	0
PT1-PR1	Oncology	OID21475	2	2	1	0.1226134934158546	false	0	1
PT1-PR1	Oncology_II	OID31476	2	2	1	0.8130062618566851	false	0	0
PT1-PR1	Cardiometabolic	OID20388	2	2	1	0.3320072698064521	false	0	0
PT1-PR1	Oncology_II	OID31431	2	2	1	0.6857963720367243	false	0	0
PT1-PR1	Inflammation_II	OID30772	2	2	1	0.3296238050186713	false	0	0
PT1-PR1	Neurology_II	OID31089	2	2	1	0.9277730916674573	false	0	0
PT1-PR1	Oncology	OID21448	2	2	1	0.13245572414749635	false	0	0
PT1-PR1	Cardiometabolic	OID20290	2	2	1	0.6226313852272086	false	0	0
PT1-PR1	Oncology_II	OID31326	2	2	1	0.6703083197505263	false	0	0
PT1-PR1	Cardiometabolic_II	OID30399	2	2	1	0.7047524970652931	false	0	0
PT1-PR1	Neurology_II	OID30978	2	2	1	0.392298797734521	false	0	0
PT1-PR1	Cardiometabolic	OID20340	2	2	1	0.6687355471527501	false	0	0
PT1-PR1	Cardiometabolic	OID20360	2	2	1	0.7486568275552513	false	0	0
PT1-PR1	Cardiometabolic_II	OID30226	2	2	1	0.8577284250272156	false	0	0
PT1-PR1	Cardiometabolic	OID20297	2	2	1	0.15199545914247536	false	0	0
PT1-PR1	Oncology	OID21256	2	2	1	0.4593559292978349	false	0	0
PT1-PR1	Oncology	OID21171	2	2	1	0.5337442985489026	false	0	0
PT1-PR1	Inflammation_II	OID30512	2	2	1	0.5909161466958062	false	0	0
PT1-PR1	Inflammation	OID20600	2	2	1	0.2858293238383514	false	0	0
PT1-PR1	Neurology_II	OID31097	2	2	1	0.13245572414749635	false	0	0
PT1-PR1	Cardiometabolic	OID20189	2	2	1	0.32653440577707776	false	0	0
PT1-PR1	Oncology_II	OID31475	2	2	1	0.5983517551515246	false	0	0
PT1-PR1	Neurology_II	OID31030	2	2	1	0.3098625660310689	false	0	0
PT1-PR1	Inflammation	OID20782	2	2	1	0.13245572414749635	false	0	0
PT1-PR1	Inflammation	OID20543	2	2	1	0.16058218162856164	false	0	0
PT1-PR1	Neurology	OID21136	2	2	1	0.5928387215699688	false	0	0
PT1-PR1	Inflammation	OID20496	2	2	1	0.6809058977962866	false	0	0
PT1-PR1	Inflammation_II	OID30541	2	2	1	0.7865539697497551	false	0	0
PT1-PR1	Cardiometabolic_II	OID30277	2	2	1	0.9258422409472196	false	0	0
PT1-PR1	Cardiometabolic	OID20229	2	2	1	0.23355976789259006	false	0	0
PT1-PR1	Cardiometabolic_II	OID30163	2	2	1	0.24685823074111	false	0	0
PT1-PR1	Inflammation_II	OID30479	2	2	1	0.8913745191791198	false	0	0
PT1-PR1	Cardiometabolic	OID20232	2	2	1	0.6226313852272086	false	0	0
PT1-PR1	Inflammation_II	OID30788	2	2	1	0.5711282798350019	false	0	0
PT1-PR1	Inflammation_II	OID30644	2	2	1	0.46597583288000866	false	0	0
PT1-PR1	Oncology_II	OID31368	2	2	1	0.9459199667843781	false	0	0
PT1-PR1	Cardiometabolic_II	OID30110	2	2	1	0.918996491917309	false	0	0
PT1-PR1	Cardiometabolic	OID20117	2	2	1	0.9554135319669063	false	0	0
PT1-PR1	Inflammation	OID20700	2	2	1	0.13245572414749635	false	0	0
PT1-PR1	Inflammation_II	OID30481	2	2	1	0.27506780661232716	false	0	0
PT1-PR1	Neurology_II	OID30921	2	2	1	0.9870537533283661	false	0	0
PT1-PR1	Oncology	OID21465	2	2	1	0.3811369697299855	false	0	0
PT1-PR1	Inflammation_II	OID30714	2	2	1	0.6992097789408485	false	0	0
PT1-PR1	Neurology_II	OID31058	2	2	1	0.9421733947746201	false	0	0
PT1-PR1	Neurology	OID20889	2	2	1	0.9557274488463187	false	0	0
PT1-PR1	Cardiometabolic	OID20201	2	2	1	0.15199545914247536	false	0	0
PT1-PR1	Cardiometabolic	OID20158	2	2	1	0.6455032882723184	false	0	0
PT1-PR1	Inflammation_II	OID30686	2	2	1	0.2044984311175195	false	0	0
PT1-PR1	Oncology_II	OID31414	2	2	1	0.7091673845080962	false	0	0
PT1-PR1	Cardiometabolic_II	OID30311	2	2	1	0.8994774256760435	false	0	0
PT1-PR1	Neurology_II	OID31117	2	2	1	0.2319707558413246	false	0	0
PT1-PR1	Inflammation	OID20590	2	2	1	0.6710616027888815	false	0	0
PT1-PR1	Neurology_II	OID30865	2	2	1	0.42793670176773585	false	0	0
PT1-PR1	Neurology	OID20974	2	2	1	0.9925764580321779	false	0	0
PT1-PR1	Oncology	OID21508	2	2	1	0.447656583174977	false	0	0
PT1-PR1	Neurology_II	OID31106	2	2	1	0.31891148200416924	false	0	0
PT1-PR1	Cardiometabolic	OID20295	2	2	1	0.9293818768674351	false	0	0
PT1-PR1	Neurology	OID21128	2	2	1	0.17467710366353442	false	0	0
PT1-PR1	Inflammation_II	OID30457	2	2	1	0.8937681928979396	false	0	0
PT1-PR1	Neurology_II	OID31107	2	2	1	0.18170757096257256	false	0	0
PT1-PR1	Oncology	OID21355	2	2	1	0.42336304839073907	false	0	0
PT1-PR1	Cardiometabolic	OID20309	2	2	1	0.8220570495039814	false	0	0
PT1-PR1	Neurology	OID20932	2	2	1	0.37730147137714454	false	0	0
PT1-PR1	Cardiometabolic_II	OID30209	2	2	1	0.782767404729817	false	0	0
PT1-PR1	Inflammation_II	OID30727	2	2	1	0.8534118446762324	false	0	0
PT1-PR1	Inflammation_II	OID30439	2	2	1	0.9145600345143572	false	0	0
PT1-PR1	Neurology	OID21056	2	2	1	0.27520027762166377	false	0	0
PT1-PR1	Neurology	OID21132	2	2	1	0.13245572414749635	false	0	0
PT1-PR1	Oncology	OID21196	2	2	1	0.8882760281987468	false	0	0
PT1-PR1	Oncology_II	OID31285	2	2	1	0.8390037126258327	false	0	0
PT1-PR1	Inflammation	OID20759	2	2	1	0.08956288225290007	false	0	1
PT1-PR1	Neurology	OID21095	2	2	1	0.2581595471999848	false	0	0
PT1-PR1	Inflammation_II	OID30692	2	2	1	0.2673348220248901	false	0	0
PT1-PR1	Cardiometabolic	OID20091	2	2	1	0.13245572414749635	false	0	1
PT1-PR1	Neurology_II	OID30889	2	2	1	0.2858293238383514	false	0	0
PT1-PR1	Neurology	OID21119	2	2	1	0.40591406614067066	false	0	0
PT1-PR1	Oncology_II	OID31441	2	2	1	0.42136967383649854	false	0	0
PT1-PR1	Inflammation_II	OID30699	2	2	1	0.526361010995418	false	0	0
PT1-PR1	Oncology_II	OID31470	2	2	1	0.617898299256942	false	0	0
PT1-PR1	Cardiometabolic_II	OID30334	2	2	1	0.5961996475264938	false	0	0
PT1-PR1	Cardiometabolic_II	OID30397	2	2	1	0.619770910630084	false	0	0
PT1-PR1	Neurology_II	OID31121	2	2	1	0.3627559278033133	false	0	0
PT1-PR1	Cardiometabolic	OID20245	2	2	1	0.569564737465743	false	0	0
PT1-PR1	Cardiometabolic_II	OID30365	2	2	1	0.18170757096257256	false	0	0
PT1-PR1	Oncology	OID21376	2	2	1	0.6878028604448454	false	0	0
PT1-PR1	Oncology	OID21340	2	2	1	0.700828554206244	false	0	0
PT1-PR1	Neurology	OID21071	2	2	1	0.8406522906676724	false	0	0
PT1-PR1	Cardiometabolic_II	OID30220	2	2	1	0.8605274676981503	false	0	0
PT1-PR1	Neurology_II	OID31027	2	2	1	0.22434922053807593	false	0	0
PT1-PR1	Cardiometabolic_II	OID30120	2	2	1	0.619119108323793	false	0	0
PT1-PR1	Cardiometabolic	OID20327	2	2	1	0.9258422409472196	false	0	0
PT1-PR1	Inflammation_II	OID30693	2	2	1	0.9414974779899126	false	0	0
PT1-PR1	Inflammation_II	OID30739	2	2	1	0.24454706870110388	false	0	0
PT1-PR1	Neurology	OID21017	2	2	1	0.9415628051776938	false	0	0
PT1-PR1	Oncology_II	OID31352	2	2	1	0.6160814582788938	false	0	0
PT1-PR1	Oncology	OID21254	2	2	1	0.7613421442346525	false	0	0
PT1-PR1	Cardiometabolic	OID20219	2	2	1	0.8035392526134699	false	0	0
PT1-PR1	Neurology	OID21011	2	2	1	0.8970100999795196	false	0	0
PT1-PR1	Cardiometabolic_II	OID30303	2	2	1	0.6755493062533295	false	0	0
PT1-PR1	Cardiometabolic_II	OID30150	2	2	1	0.3813834821263083	false	0	0
PT1-PR1	Oncology	OID21319	2	2	1	0.16229553232400104	false	0	0
PT1-PR1	Oncology	OID21198	2	2	1	0.6405902076508441	false	0	0
PT1-PR1	Cardiometabolic	OID20127	2	2	1	0.13245572414749635	false	0	1
PT1-PR1	Inflammation	OID20784	2	2	1	0.33681629263938623	false	0	0
PT1-PR1	Oncology	OID21304	2	2	1	0.44902313854932624	false	0	0
PT1-PR1	Inflammation	OID20482	2	2	1	0.7278712198992003	false	0	0
PT1-PR1	Neurology	OID20972	2	2	1	0.8062887815380521	false	0	0
PT1-PR1	Cardiometabolic_II	OID30286	2	2	1	0.8753149244600927	false	0	0
PT1-PR1	Cardiometabolic_II	OID30135	2	2	1	0.8913745191791198	false	0	0
PT1-PR1	Neurology_II	OID30878	2	2	1	0.7352533703143326	false	0	0
PT1-PR1	Inflammation	OID20601	2	2	1	0.4832004598407335	false	0	0
PT1-PR1	Oncology	OID21370	2	2	1	0.966764923725756	false	0	0
PT1-PR1	Neurology_II	OID30922	2	2	1	0.823924748659685	false	0	0
PT1-PR1	Inflammation_II	OID30733	2	2	1	0.9666666148170057	false	0	0
PT1-PR1	Neurology_II	OID31134	2	2	1	0.1580847658673264	false	0	1
PT1-PR1	Inflammation	OID20479	2	2	1	0.7500365578313959	false	0	0
PT1-PR1	Oncology	OID21267	2	2	1	0.7475657010454957	false	0	0
PT1-PR1	Oncology	OID21339	2	2	1	0.09001359731599567	false	0	1
PT1-PR1	Oncology	OID21354	2	2	1	0.2403130125506639	false	0	0
PT1-PR1	Oncology	OID21226	2	2	1	0.8708243453580182	false	0	0
PT1-PR1	Neurology	OID21147	2	2	1	0.008800581559013945	true	2	2
PT1-PR1	Neurology	OID20939	2	2	1	0.2472453453292038	false	0	0
PT1-PR1	Oncology	OID21225	2	2	1	0.6846620519596632	false	0	0
PT1-PR1	Oncology_II	OID31265	2	2	1	0.7549910882889711	false	0	0
PT1-PR1	Cardiometabolic	OID20262	2	2	1	0.35000896149157457	false	0	0
PT1-PR1	Cardiometabolic	OID20315	2	2	1	0.4781121572191136	false	0	0
PT1-PR1	Oncology	OID21503	2	2	1	0.15333869242085968	false	0	0
PT1-PR1	Oncology	OID21283	2	2	1	0.5640127274393067	false	0	0
PT1-PR1	Inflammation	OID20425	2	2	1	0.8357755500914461	false	0	0
PT1-PR1	Oncology	OID21204	2	2	1	0.2044984311175195	false	0	0
PT1-PR1	Neurology_II	OID30867	2	2	1	0.8799798874665312	false	0	0
PT1-PR1	Neurology	OID21068	2	2	1	0.9535477417503729	false	0	0
PT1-PR1	Oncology_II	OID31338	2	2	1	0.9748462983536845	false	0	0
PT1-PR1	Inflammation	OID20504	2	2	1	0.40591406614067066	false	0	0
PT1-PR1	Cardiometabolic	OID20352	2	2	1	0.45995110520930205	false	0	0
PT1-PR1	Oncology_II	OID31492	2	2	1	0.2524872122798024	false	0	0
PT1-PR1	Neurology	OID21061	2	2	1	0.09372185786825055	false	0	2
PT1-PR1	Inflammation_II	OID30559	2	2	1	0.6377451452876763	false	0	0
PT1-PR1	Oncology_II	OID31207	2	2	1	0.6846620519596632	false	0	0
PT1-PR1	Neurology	OID21114	2	2	1	0.8448131827854107	false	0	0
PT1-PR1	Inflammation	OID20457	2	2	1	0.918996491917309	false	0	0
PT1-PR1	Oncology	OID21310	2	2	1	0.2894653903347651	false	0	0
PT1-PR1	Inflammation	OID20737	2	2	1	0.312732167576426	false	0	0
PT1-PR1	Cardiometabolic	OID20112	2	2	1	0.1860244144517902	false	0	0
PT1-PR1	Cardiometabolic	OID20285	2	2	1	0.39476911646528035	false	0	0
PT1-PR1	Inflammation	OID20515	2	2	1	0.9350388878801952	false	0	0
PT1-PR1	Oncology_II	OID31220	2	2	1	0.6226313852272086	false	0	0
PT1-PR1	Oncology_II	OID31408	2	2	1	0.5018722976549109	false	0	0
PT1-PR1	Inflammation_II	OID30597	2	2	1	0.634933146009403	false	0	0
PT1-PR1	Oncology_II	OID31170	2	2	1	0.943116175586593	false	0	0
PT1-PR1	Oncology	OID21201	2	2	1	0.9748462983536845	false	0	0
PT1-PR1	Cardiometabolic_II	OID30106	2	2	1	0.9748462983536845	false	0	0
PT1-PR1	Oncology	OID21511	2	2	1	0.5744888256410154	false	0	0
PT1-PR1	Cardiometabolic	OID20357	2	2	1	0.9091161222172509	false	0	0
PT1-PR1	Oncology_II	OID31320	2	2	1	0.49008061371866607	false	0	0
PT1-PR1	Cardiometabolic_II	OID30111	2	2	1	0.9841356341591918	false	0	0
PT1-PR1	Oncology	OID21401	2	2	1	0.9841356341591918	false	0	0
PT1-PR1	Oncology_II	OID31343	2	2	1	0.21482755378190807	false	0	0
PT1-PR1	Inflammation_II	OID30713	2	2	1	0.4961699303001338	false	0	0
PT1-PR1	Oncology	OID21516	2	2	1	0.404616488588769	false	0	0
PT1-PR1	Neurology	OID20928	2	2	1	0.9473512676925412	false	0	0
PT1-PR1	Cardiometabolic	OID20417	2	2	1	0.3291033865805761	false	0	0
PT1-PR1	Neurology_II	OID30943	2	2	1	0.7565948954997626	false	0	0
PT1-PR1	Neurology	OID21027	2	2	1	0.7165666119710259	false	0	0
PT1-PR1	Cardiometabolic	OID20217	2	2	1	0.25306652687523834	false	0	0
PT1-PR1	Neurology	OID20975	2	2	1	0.20240610399962683	false	0	0
PT1-PR1	Cardiometabolic	OID20273	2	2	1	0.2858293238383514	false	0	0
PT1-PR1	Cardiometabolic_II	OID30326	2	2	1	0.3049286519342412	false	0	0
PT1-PR1	Inflammation_II	OID30428	2	2	1	0.5337442985489026	false	0	0
PT1-PR1	Neurology_II	OID31142	2	2	1	0.13245572414749635	false	0	1
PT1-PR1	Cardiometabolic	OID20344	2	2	1	0.5804239901598686	false	0	0
PT1-PR1	Cardiometabolic_II	OID30352	2	2	1	0.9638608952373483	false	0	0
PT1-PR1	Neurology_II	OID30904	2	2	1	0.8596990868565002	false	0	0
PT1-PR1	Cardiometabolic_II	OID30071	2	2	1	0.5826324126828418	false	0	0
PT1-PR1	Inflammation_II	OID30613	2	2	1	0.3707294316010052	false	0	0
PT1-PR1	Oncology_II	OID31310	2	2	1	0.913374966078438	false	0	0
PT1-PR1	Oncology	OID21291	2	2	1	0.1607836095052691	false	0	0
PT1-PR1	Cardiometabolic_II	OID30398	2	2	1	0.6523774997467394	false	0	0
PT1-PR1	Oncology	OID21285	2	2	1	0.18170757096257256	false	0	0
PT1-PR1	Cardiometabolic	OID20252	2	2	1	0.29544507895651473	false	0	0
PT1-PR1	Oncology	OID21455	2	2	1	0.8079392938428258	false	0	0
PT1-PR1	Cardiometabolic_II	OID30191	2	2	1	0.8913745191791198	false	0	0
PT1-PR1	Cardiometabolic	OID20341	2	2	1	0.3259208752316714	false	0	0
PT1-PR1	Oncology	OID21173	2	2	1	0.1607836095052691	false	0	0
PT1-PR1	Oncology_II	OID31313	2	2	1	0.35023773215875004	false	0	0
PT1-PR1	Oncology	OID21464	2	2	1	0.10298322967824897	false	0	0
PT1-PR1	Neurology	OID20992	2	2	1	0.51344918722235	false	0	0
PT1-PR1	Inflammation	OID20492	2	2	1	0.5418862932315216	false	0	0
PT1-PR1	Inflammation_II	OID30701	2	2	1	0.5547837750973358	false	0	0
PT1-PR1	Cardiometabolic	OID20265	2	2	1	0.3065191131319525	false	0	0
PT1-PR1	Neurology	OID21034	2	2	1	0.2446378263645688	false	0	0
PT1-PR1	Cardiometabolic	OID20371	2	2	1	0.5469219668213468	false	0	0
PT1-PR1	Inflammation	OID20579	2	2	1	0.24669092772415877	false	0	0
PT1-PR1	Oncology	OID21414	2	2	1	0.6853124768051392	false	0	0
PT1-PR1	Neurology	OID21037	2	2	1	0.3316495208313242	false	0	0
PT1-PR1	Cardiometabolic_II	OID30103	2	2	1	0.6853124768051392	false	0	0
PT1-PR1	Neurology	OID20920	2	2	1	0.7510433087958659	false	0	0
PT1-PR1	Cardiometabolic	OID20231	2	2	1	0.1580847658673264	false	0	0
PT1-PR1	Cardiometabolic	OID20313	2	2	1	0.3316495208313242	false	0	0
PT1-PR1	Oncology_II	OID31515	2	2	1	0.9704945256078928	false	0	0
PT1-PR1	Oncology	OID21217	2	2	1	0.9666666148170057	false	0	0
PT1-PR1	Neurology	OID20981	2	2	1	0.40591406614067066	false	0	0
PT1-PR1	Neurology_II	OID30937	2	2	1	0.4041251000726499	false	0	0
PT1-PR1	Neurology_II	OID30814	2	2	1	0.5548427053900193	false	0	0
PT1-PR1	Inflammation	OID20535	2	2	1	0.7051259090614398	false	0	0
PT1-PR1	Neurology_II	OID30950	2	2	1	0.30918845189096	false	0	0
PT1-PR1	Oncology_II	OID31353	2	2	1	0.6502132620219653	false	0	0
PT1-PR1	Neurology_II	OID30954	2	2	1	0.8883949555376502	false	0	0
PT1-PR1	Oncology_II	OID31517	2	2	1	0.2581595471999848	false	0	0
PT1-PR1	Inflammation	OID20470	2	2	1	0.6351999235904557	false	0	0
PT1-PR1	Oncology_II	OID31257	2	2	1	0.31487407659015865	false	0	0
PT1-PR1	Inflammation_II	OID30775	2	2	1	0.37603465512651757	false	0	0
PT1-PR1	Cardiometabolic	OID20269	2	2	1	0.37603465512651757	false	0	0
PT1-PR1	Oncology_II	OID31450	2	2	1	0.37730147137714454	false	0	0
PT1-PR1	Inflammation_II	OID30771	2	2	1	0.6319856820797879	false	0	0
PT1-PR1	Neurology	OID20857	2	2	1	0.9440881422567806	false	0	0
PT1-PR1	Inflammation	OID20534	2	2	1	0.21482755378190807	false	0	0
PT1-PR1	Neurology_II	OID30874	2	2	1	0.8035906760115719	false	0	0
PT1-PR1	Neurology_II	OID31075	2	2	1	0.29206133423704805	false	0	0
PT1-PR1	Oncology	OID21388	2	2	1	0.8737224502262335	false	0	0
PT1-PR1	Neurology_II	OID31011	2	2	1	0.24522842423044952	false	0	0
PT1-PR1	Inflammation	OID20508	2	2	1	0.7852884656336919	false	0	0
PT1-PR1	Cardiometabolic	OID20393	2	2	1	0.3978364162294138	false	0	0
PT1-PR1	Neurology_II	OID31088	2	2	1	0.13245572414749635	false	0	1
PT1-PR1	Cardiometabolic	OID20251	2	2	1	0.03509975341492703	true	1	1
PT1-PR1	Oncology_II	OID31187	2	2	1	0.6853124768051392	false	0	0
PT1-PR1	Oncology_II	OID31350	2	2	1	0.6931851882192495	false	0	0
PT1-PR1	Cardiometabolic	OID20168	2	2	1	0.20240610399962683	false	0	0
PT1-PR1	Neurology	OID20864	2	2	1	0.4851579798250568	false	0	0
PT1-PR1	Inflammation	OID20456	2	2	1	0.5899321072117032	false	0	0
PT1-PR1	Neurology	OID20942	2	2	1	0.41496798756883096	false	0	0
PT1-PR1	Inflammation	OID20422	2	2	1	0.9705591421312598	false	0	0
PT1-PR1	Neurology	OID20839	2	2	1	0.9554135319669063	false	0	0
PT1-PR1	Cardiometabolic_II	OID30105	2	2	1	0.37603465512651757	false	0	0
PT1-PR1	Cardiometabolic_II	OID30192	2	2	1	0.8795228110402316	false	0	0
PT1-PR1	Oncology_II	OID31392	2	2	1	0.9421733947746201	false	0	0
PT1-PR1	Inflammation	OID20668	2	2	1	0.373749454663433	false	0	0
PT1-PR1	Oncology_II	OID31158	2	2	1	0.8406522906676724	false	0	0
PT1-PR1	Inflammation	OID20480	2	2	1	0.8626662272675986	false	0	0
PT1-PR1	Cardiometabolic_II	OID30162	2	2	1	0.8596990868565002	false	0	0
PT1-PR1	Neurology	OID20807	2	2	1	0.45747394486663023	false	0	0
PT1-PR1	Oncology_II	OID31293	2	2	1	0.24063280371349857	false	0	0
PT1-PR1	Oncology_II	OID31213	2	2	1	0.979806738621849	false	0	0
PT1-PR1	Inflammation_II	OID30556	2	2	1	0.8182965854529518	false	0	0
PT1-PR1	Cardiometabolic_II	OID30296	2	2	1	0.3316495208313242	false	0	0
PT1-PR1	Cardiometabolic_II	OID30288	2	2	1	0.18170757096257256	false	0	0
PT1-PR1	Inflammation	OID20481	2	2	1	0.4092255244871852	false	0	0
PT1-PR1	Neurology	OID20844	2	2	1	0.5984213487152399	false	0	0
PT1-PR1	Cardiometabolic	OID20188	2	2	1	0.935055779841809	false	0	0
PT1-PR1	Inflammation_II	OID30514	2	2	1	0.5639966495022014	false	0	0
PT1-PR1	Neurology_II	OID30879	2	2	1	0.6405902076508441	false	0	0
PT1-PR1	Oncology	OID21418	2	2	1	0.6528565515007582	false	0	0
PT1-PR1	Cardiometabolic	OID20305	2	2	1	0.24685823074111	false	0	0
PT1-PR1	Cardiometabolic_II	OID30369	2	2	1	0.4458987811495774	false	0	0
PT1-PR1	Cardiometabolic	OID20165	2	2	1	0.2658009761270766	false	0	0
PT1-PR1	Inflammation_II	OID30615	2	2	1	0.31620994933897356	false	0	0
PT1-PR1	Cardiometabolic	OID20071	2	2	1	0.5826324126828418	false	0	0
PT1-PR1	Neurology_II	OID30997	2	2	1	0.6684315525029902	false	0	0
PT1-PR1	Inflammation	OID20693	2	2	1	0.23362760166379726	false	0	0
PT1-PR1	Cardiometabolic	OID20179	2	2	1	0.8508320689485201	false	0	0
PT1-PR1	Inflammation	OID20454	2	2	1	0.8534118446762324	false	0	0
PT1-PR1	Cardiometabolic	OID20084	2	2	1	0.7352533703143326	false	0	0
PT1-PR1	Neurology	OID20792	2	2	1	0.9748462983536845	false	0	0
PT1-PR1	Neurology_II	OID30915	2	2	1	0.8882760281987468	false	0	0
PT1-PR1	Inflammation_II	OID30533	2	2	1	0.24663336281814996	false	0	0
PT1-PR1	Cardiometabolic	OID20130	2	2	1	0.3811797294655639	false	0	0
PT1-PR1	Inflammation	OID20582	2	2	1	0.16229553232400104	false	0	0
PT1-PR1	Cardiometabolic_II	OID30206	2	2	1	0.6857963720367243	false	0	0
PT1-PR1	Oncology_II	OID31173	2	2	1	0.6456455478404598	false	0	0
PT1-PR1	Oncology	OID21275	2	2	1	0.38080577745454725	false	0	0
PT1-PR1	Oncology_II	OID31459	2	2	1	0.8453107921675166	false	0	0
PT1-PR1	Cardiometabolic	OID20131	2	2	1	0.15333869242085968	false	0	0
PT1-PR1	Inflammation_II	OID30447	2	2	1	0.9619715151992978	false	0	0
PT1-PR1	Inflammation_II	OID30573	2	2	1	0.8908228925443039	false	0	0
PT1-PR1	Neurology	OID21005	2	2	1	0.7094598524813656	false	0	0
PT1-PR1	Oncology	OID21308	2	2	1	0.6992097789408485	false	0	0
PT1-PR1	Oncology	OID21489	2	2	1	0.10218566111478254	false	0	0
PT1-PR1	Cardiometabolic	OID20187	2	2	1	0.4303032712367902	false	0	0
PT1-PR1	Oncology	OID21468	2	2	1	0.404616488588769	false	0	0
PT1-PR1	Cardiometabolic	OID20244	2	2	1	0.24063280371349857	false	0	0
PT1-PR1	Oncology_II	OID31193	2	2	1	0.60090835602658	false	0	0
PT1-PR1	Oncology	OID21472	2	2	1	0.312732167576426	false	0	0
PT1-PR1	Inflammation	OID20550	2	2	1	0.3297414940753737	false	0	0
PT1-PR1	Neurology	OID20834	2	2	1	0.2673348220248901	false	0	0
PT1-PR1	Cardiometabolic_II	OID30377	2	2	1	0.4675795227104666	false	0	0
PT1-PR1	Inflammation_II	OID30760	2	2	1	0.5588302640336948	false	0	0
PT1-PR1	Neurology_II	OID30880	2	2	1	0.6131161432388168	false	0	0
PT1-PR1	Cardiometabolic	OID20264	2	2	1	0.8122086327901731	false	0	0
PT1-PR1	Oncology	OID21423	2	2	1	0.974754556180631	false	0	0
PT1-PR1	Inflammation_II	OID30751	2	2	1	0.9387109522878271	false	0	0
PT1-PR1	Oncology	OID21327	2	2	1	0.24303989342050378	false	0	0
PT1-PR1	Inflammation	OID20529	2	2	1	0.45597929079389937	false	0	0
PT1-PR1	Cardiometabolic_II	OID30210	2	2	1	0.7526860022034773	false	0	0
PT1-PR1	Neurology_II	OID31044	2	2	1	0.4792560799607902	false	0	0
PT1-PR1	Inflammation	OID20446	2	2	1	0.8534118446762324	false	0	0
PT1-PR1	Neurology	OID20902	2	2	1	0.31461716897029945	false	0	0
PT1-PR1	Cardiometabolic_II	OID30250	2	2	1	0.9258422409472196	false	0	0
PT1-PR1	Cardiometabolic_II	OID30127	2	2	1	0.5797037768246115	false	0	0
PT1-PR1	Cardiometabolic	OID20089	2	2	1	0.2478808981104473	false	0	0
PT1-PR1	Inflammation_II	OID30442	2	2	1	0.8429294682752491	false	0	0
PT1-PR1	Oncology	OID21255	2	2	1	0.4992086939270473	false	0	0
PT1-PR1	Neurology_II	OID31018	2	2	1	0.4834134700734837	false	0	0
PT1-PR1	Neurology_II	OID30797	2	2	1	0.27345832082277255	false	0	0
PT1-PR1	Inflammation	OID20743	2	2	1	0.29703827515148623	false	0	0
PT1-PR1	Neurology_II	OID31005	2	2	1	0.9170689209537634	false	0	0
PT1-PR1	Inflammation	OID20666	2	2	1	0.22434922053807593	false	0	0
PT1-PR1	Cardiometabolic_II	OID30183	2	2	1	0.27390017268661127	false	0	0
PT1-PR1	Inflammation	OID20629	2	2	1	0.8296233396792074	false	0	0
PT1-PR1	Oncology_II	OID31372	2	2	1	0.6059347251126296	false	0	0
PT1-PR1	Oncology_II	OID31363	2	2	1	0.37603465512651757	false	0	0
PT1-PR1	Inflammation_II	OID30656	2	2	1	0.30411539809549465	false	0	0
PT1-PR1	Neurology_II	OID31086	2	2	1	0.3640822261578791	false	0	0
PT1-PR1	Neurology	OID21101	2	2	1	0.6046023072424	false	0	0
PT1-PR1	Inflammation_II	OID30571	2	2	1	0.8286988415917577	false	0	0
PT1-PR1	Oncology	OID21477	2	2	1	0.19946561812565075	false	0	0
PT1-PR1	Oncology_II	OID31499	2	2	1	0.6514038180094338	false	0	0
PT1-PR1	Cardiometabolic_II	OID30207	2	2	1	0.9993888566974212	false	0	0
PT1-PR1	Cardiometabolic	OID20149	2	2	1	0.6622101474554118	false	0	0
PT1-PR1	Cardiometabolic_II	OID30098	2	2	1	0.6697343548598681	false	0	0
PT1-PR1	Cardiometabolic_II	OID30094	2	2	1	0.7335426222524212	false	0	0
PT1-PR1	Inflammation_II	OID30651	2	2	1	0.9584424708657573	false	0	0
PT1-PR1	Cardiometabolic_II	OID30278	2	2	1	0.5655700586006138	false	0	0
PT1-PR1	Inflammation_II	OID30657	2	2	1	0.2711620494100073	false	0	0
PT1-PR1	Cardiometabolic	OID20275	2	2	1	0.8882760281987468	false	0	0
PT1-PR1	Inflammation_II	OID30490	2	2	1	0.31487407659015865	false	0	0
PT1-PR1	Inflammation_II	OID30422	2	2	1	0.6697965699121267	false	0	0
PT1-PR1	Oncology_II	OID31501	2	2	1	0.8122086327901731	false	0	0
PT1-PR1	Cardiometabolic	OID20256	2	2	1	0.361779265704067	false	0	0
PT1-PR1	Inflammation	OID20695	2	2	1	0.16096083670154016	false	0	0
PT1-PR1	Inflammation	OID20715	2	2	1	0.447656583174977	false	0	0
PT1-PR1	Oncology_II	OID31438	2	2	1	0.6640301558522244	false	0	0
PT1-PR1	Neurology	OID21127	2	2	1	0.5640127274393067	false	0	0
PT1-PR1	Inflammation	OID20595	2	2	1	0.8448131827854107	false	0	0
PT1-PR1	Inflammation	OID20580	2	2	1	0.8527706523641325	false	0	0
PT1-PR1	Cardiometabolic	OID20124	2	2	1	0.8743928126718284	false	0	0
PT1-PR1	Neurology	OID21153	2	2	1	0.373749454663433	false	0	0
PT1-PR1	Inflammation_II	OID30645	2	2	1	0.9076186166528517	false	0	0
PT1-PR1	Inflammation_II	OID30532	2	2	1	0.974754556180631	false	0	0
PT1-PR1	Inflammation_II	OID30502	2	2	1	0.7413585573943823	false	0	0
PT1-PR1	Oncology_II	OID31201	2	2	1	0.6451445017097144	false	0	0
PT1-PR1	Inflammation_II	OID30530	2	2	1	0.37598051818741257	false	0	0
PT1-PR1	Inflammation_II	OID30777	2	2	1	0.40591406614067066	false	0	0
PT1-PR1	Neurology	OID20934	2	2	1	0.2814084060297926	false	0	0
PT1-PR1	Neurology_II	OID30913	2	2	1	0.40766792166967464	false	0	0
PT1-PR1	Oncology_II	OID31424	2	2	1	0.9967161633850071	false	0	0
PT1-PR1	Neurology_II	OID31138	2	2	1	0.16738291361376967	false	0	0
PT1-PR1	Inflammation_II	OID30528	2	2	1	0.22492231806111831	false	0	0
PT1-PR1	Oncology_II	OID31288	2	2	1	0.6247929926113869	false	0	0
PT1-PR1	Neurology	OID21156	2	2	1	0.5549961595954446	false	0	0
PT1-PR1	Oncology_II	OID31319	2	2	1	0.2998615666555281	false	0	0
PT1-PR1	Neurology	OID20874	2	2	1	0.5539419678142449	false	0	0
PT1-PR1	Neurology	OID21102	2	2	1	0.9170689209537634	false	0	0
PT1-PR1	Cardiometabolic_II	OID30185	2	2	1	0.8492717256175026	false	0	0
PT1-PR1	Cardiometabolic_II	OID30314	2	2	1	0.44442456765770433	false	0	0
PT1-PR1	Cardiometabolic	OID20225	2	2	1	0.13245572414749635	false	0	1
PT1-PR1	Cardiometabolic	OID20073	2	2	1	0.2732060370304541	false	0	0
PT1-PR1	Neurology_II	OID30804	2	2	1	0.9967161633850071	false	0	0
PT1-PR1	Neurology	OID20882	2	2	1	0.943116175586593	false	0	0
PT1-PR1	Oncology	OID21343	2	2	1	0.2581595471999848	false	0	0
PT1-PR1	Oncology_II	OID31420	2	2	1	0.404616488588769	false	0	0
PT1-PR1	Cardiometabolic_II	OID30063	2	2	1	0.5640127274393067	false	0	0
PT1-PR1	Oncology	OID21476	2	2	1	0.43952703540787447	false	0	0
PT1-PR1	Inflammation	OID20614	2	2	1	0.8866068408381098	false	0	0
PT1-PR1	Cardiometabolic_II	OID30197	2	2	1	0.3065191131319525	false	0	0
PT1-PR1	Oncology_II	OID31248	2	2	1	0.9967161633850071	false	0	0
PT1-PR1	Cardiometabolic_II	OID30114	2	2	1	0.9276666224102094	false	0	0
PT1-PR1	Inflammation_II	OID30589	2	2	1	0.24663336281814996	false	0	0
PT1-PR1	Cardiometabolic_II	OID30070	2	2	1	0.6843207280938423	false	0	0
PT1-PR1	Cardiometabolic	OID20096	2	2	1	0.1580847658673264	false	0	0
PT1-PR1	Cardiometabolic_II	OID30342	2	2	1	0.21800963362928164	false	0	0
PT1-PR1	Neurology	OID21083	2	2	1	0.010747495616342206	true	1	2
PT1-PR1	Inflammation	OID20753	2	2	1	0.5248887623246705	false	0	0
PT1-PR1	Cardiometabolic	OID20333	2	2	1	0.6299546472832277	false	0	0
PT1-PR1	Neurology	OID20923	2	2	1	0.5484458013437638	false	0	0
PT1-PR1	Cardiometabolic_II	OID30154	2	2	1	0.6823265080132088	false	0	0
PT1-PR1	Cardiometabolic_II	OID30345	2	2	1	0.7324676564515328	false	0	0
PT1-PR1	Oncology	OID21506	2	2	1	0.13245572414749635	false	0	1
PT1-PR1	Inflammation	OID20448	2	2	1	0.5511945610863715	false	0	0
PT1-PR1	Cardiometabolic	OID20317	2	2	1	0.27345832082277255	false	0	0
PT1-PR1	Inflammation	OID20521	2	2	1	0.1879239673091708	false	0	0
PT1-PR1	Cardiometabolic_II	OID30058	2	2	1	0.7755632695528251	false	0	0
PT1-PR1	Neurology	OID21010	2	2	1	0.6755493062533295	false	0	0
PT1-PR1	Inflammation	OID20532	2	2	1	0.4026273903403381	false	0	0
PT1-PR1	Oncology_II	OID31237	2	2	1	0.4851579798250568	false	0	0
PT1-PR1	Oncology	OID21382	2	2	1	0.6288986704939005	false	0	0
PT1-PR1	Oncology	OID21366	2	2	1	0.9459199667843781	false	0	0
PT1-PR1	Inflammation_II	OID30453	2	2	1	0.4755138104248028	false	0	0
PT1-PR1	Neurology	OID20941	2	2	1	0.702372628397851	false	0	0
PT1-PR1	Cardiometabolic_II	OID30177	2	2	1	0.9044109840540877	false	0	0
PT1-PR1	Oncology_II	OID31481	2	2	1	0.22212152319335446	false	0	0
PT1-PR1	Neurology	OID20893	2	2	1	0.9044109840540877	false	0	0
PT1-PR1	Oncology	OID21323	2	2	1	0.1580847658673264	false	0	1
PT1-PR1	Cardiometabolic	OID20135	2	2	1	0.6264389857826779	false	0	0
PT1-PR1	Inflammation_II	OID30578	2	2	1	0.275079202439685	false	0	0
PT1-PR1	Oncology	OID21432	2	2	1	0.7047524970652931	false	0	0
PT1-PR1	Oncology_II	OID31428	2	2	1	0.29863362456653575	false	0	0
PT1-PR1	Neurology_II	OID31153	2	2	1	0.928962380617253	false	0	0
PT1-PR1	Inflammation_II	OID30776	2	2	1	0.4851579798250568	false	0	0
PT1-PR1	Cardiometabolic	OID20377	2	2	1	0.9421733947746201	false	0	0
PT1-PR1	Inflammation	OID20531	2	2	1	0.1969277351035456	false	0	0
PT1-PR1	Inflammation_II	OID30557	2	2	1	0.8287375502460337	false	0	0
PT1-PR1	Oncology_II	OID31362	2	2	1	0.18170757096257256	false	0	0
PT1-PR1	Neurology_II	OID30795	2	2	1	0.1607836095052691	false	0	1
PT1-PR1	Neurology	OID20945	2	2	1	0.9920630175092323	false	0	0
PT1-PR1	Neurology_II	OID31064	2	2	1	0.16058218162856164	false	0	0
PT1-PR1	Inflammation	OID20676	2	2	1	0.16058218162856164	false	0	0
PT1-PR1	Neurology	OID21141	2	2	1	0.2478808981104473	false	0	0
PT1-PR1	Cardiometabolic_II	OID30180	2	2	1	0.4851579798250568	false	0	0
PT1-PR1	Cardiometabolic	OID20355	2	2	1	0.9470769197794631	false	0	0
PT1-PR1	Oncology_II	OID31449	2	2	1	0.9638608952373483	false	0	0
PT1-PR1	Oncology_II	OID31176	2	2	1	0.8777618404745446	false	0	0
PT1-PR1	Inflammation	OID20705	2	2	1	0.22423198787697643	false	0	0
PT1-PR1	Inflammation_II	OID30540	2	2	1	0.7121296448043075	false	0	0
PT1-PR1	Cardiometabolic_II	OID30367	2	2	1	0.4216712795060666	false	0	0
PT1-PR1	Inflammation_II	OID30672	2	2	1	0.6743621376289968	false	0	0
PT1-PR1	Neurology	OID20962	2	2	1	0.6226313852272086	false	0	0
PT1-PR1	Oncology_II	OID31468	2	2	1	0.31487407659015865	false	0	0
PT1-PR1	Neurology_II	OID30945	2	2	1	0.8590990020931384	false	0	0
PT1-PR1	Inflammation_II	OID30568	2	2	1	0.3800015844244498	false	0	0
PT1-PR1	Neurology	OID21107	2	2	1	0.7526860022034773	false	0	0
PT1-PR1	Neurology	OID20842	2	2	1	0.42688312460653316	false	0	0
PT1-PR1	Cardiometabolic	OID20193	2	2	1	0.16058218162856164	false	0	0
PT1-PR1	Cardiometabolic_II	OID30258	2	2	1	0.8816336719228025	false	0	0
PT1-PR1	Neurology	OID21122	2	2	1	0.9415628051776938	false	0	0
PT1-PR1	Cardiometabolic_II	OID30316	2	2	1	0.7264356130835679	false	0	0
PT1-PR1	Inflammation	OID20764	2	2	1	0.29206133423704805	false	0	0
PT1-PR1	Cardiometabolic_II	OID30215	2	2	1	0.5726119086616369	false	0	0
PT1-PR1	Inflammation	OID20774	2	2	1	0.1580847658673264	false	0	0
PT1-PR1	Cardiometabolic	OID20372	2	2	1	0.32227342513243035	false	0	0
PT1-PR1	Neurology	OID20960	2	2	1	0.6555758334229168	false	0	0
PT1-PR1	Inflammation	OID20689	2	2	1	0.28944474925273134	false	0	0
PT1-PR1	Oncology	OID21409	2	2	1	0.9854333601335953	false	0	0
PT1-PR1	Oncology	OID21392	2	2	1	0.40338385611843075	false	0	0
PT1-PR1	Inflammation	OID20459	2	2	1	0.6857963720367243	false	0	0
PT1-PR1	Oncology_II	OID31244	2	2	1	0.6188983566297164	false	0	0
PT1-PR1	Oncology_II	OID31190	2	2	1	0.6377451452876763	false	0	0
PT1-PR1	Oncology	OID21307	2	2	1	0.6829529168043058	false	0	0
PT1-PR1	Cardiometabolic	OID20292	2	2	1	0.4041251000726499	false	0	0
PT1-PR1	Cardiometabolic	OID20365	2	2	1	0.9529978531694909	false	0	0
PT1-PR1	Neurology_II	OID31033	2	2	1	0.8062887815380521	false	0	0
PT1-PR1	Oncology_II	OID31209	2	2	1	0.9805492846292054	false	0	0
PT1-PR1	Neurology	OID20938	2	2	1	0.13434595592260076	false	0	0
PT1-PR1	Inflammation_II	OID30527	2	2	1	0.21389133779899092	false	0	0
PT1-PR1	Oncology	OID21362	2	2	1	0.21706690505232618	false	0	0
PT1-PR1	Neurology	OID20914	2	2	1	0.4686880630811272	false	0	0
PT1-PR1	Inflammation	OID20464	2	2	1	0.45663317134241915	false	0	0
PT1-PR1	Oncology_II	OID31516	2	2	1	0.49576330523872747	false	0	0
PT1-PR1	Oncology	OID21265	2	2	1	0.36099344616277385	false	0	0
PT1-PR1	Cardiometabolic_II	OID30308	2	2	1	0.5337442985489026	false	0	0
PT1-PR1	Cardiometabolic_II	OID30119	2	2	1	0.7141483421203942	false	0	0
PT1-PR1	Inflammation_II	OID30554	2	2	1	0.8737224502262335	false	0	0
PT1-PR1	Neurology_II	OID30817	2	2	1	0.5759420503475717	false	0	0
PT1-PR1	Cardiometabolic	OID20227	2	2	1	0.6743621376289968	false	0	0
PT1-PR1	Neurology	OID20801	2	2	1	0.34445974533576107	false	0	0
PT1-PR1	Inflammation	OID20725	2	2	1	0.27409397706590605	false	0	0
PT1-PR1	Neurology	OID20824	2	2	1	0.8341654051655633	false	0	0
PT1-PR1	Cardiometabolic_II	OID30275	2	2	1	0.4501142885789551	false	0	0
PT1-PR1	Inflammation_II	OID30534	2	2	1	0.6853124768051392	false	0	0
PT1-PR1	Oncology_II	OID31328	2	2	1	0.7117894521464734	false	0	0
PT1-PR1	Neurology_II	OID30871	2	2	1	0.8255129178886152	false	0	0
PT1-PR1	Neurology	OID20994	2	2	1	0.8777618404745446	false	0	0
PT1-PR1	Inflammation	OID20573	2	2	1	0.982667932839329	false	0	0
PT1-PR1	Inflammation	OID20451	2	2	1	0.3316495208313242	false	0	0
PT1-PR1	Oncology	OID21289	2	2	1	0.791350608432715	false	0	0
PT1-PR1	Oncology_II	OID31344	2	2	1	0.6093727349931956	false	0	0
PT1-PR1	Cardiometabolic_II	OID30280	2	2	1	0.7866843661093367	false	0	0
PT1-PR1	Neurology_II	OID30982	2	2	1	0.728788910407145	false	0	0
PT1-PR1	Oncology	OID21522	2	2	1	0.03509975341492703	true	1	2
PT1-PR1	Oncology_II	OID31179	2	2	1	0.7568390837305207	false	0	0
PT1-PR1	Neurology_II	OID30800	2	2	1	0.5892237650859382	false	0	0
PT1-PR1	Neurology	OID21026	2	2	1	0.13245572414749635	false	0	0
PT1-PR1	Neurology	OID21057	2	2	1	0.8932888216945811	false	0	0
PT1-PR1	Cardiometabolic_II	OID30057	2	2	1	0.4851579798250568	false	0	0
PT1-PR1	Oncology	OID21251	2	2	1	0.8994774256760435	false	0	0
PT1-PR1	Oncology	OID21365	2	2	1	0.5517909239287312	false	0	0
PT1-PR1	Cardiometabolic_II	OID30053	2	2	1	0.8937681928979396	false	0	0
PT1-PR1	Neurology	OID20937	2	2	1	0.2382277323123695	false	0	0
PT1-PR1	Neurology_II	OID30933	2	2	1	0.4832004598407335	false	0	0
PT1-PR1	Neurology_II	OID31054	2	2	1	0.05519253003609387	false	1	2
PT1-PR1	Oncology_II	OID31473	2	2	1	0.2707082045790658	false	0	0
PT1-PR1	Oncology	OID21525	2	2	1	0.6482885363089184	false	0	0
PT1-PR1	Cardiometabolic_II	OID30312	2	2	1	0.8882760281987468	false	0	0
PT1-PR1	Inflammation	OID20721	2	2	1	0.9219347890305947	false	0	0
PT1-PR1	Neurology	OID21124	2	2	1	0.21482755378190807	false	0	0
PT1-PR1	Oncology	OID21227	2	2	1	0.4230311755525027	false	0	0
PT1-PR1	Oncology	OID21293	2	2	1	0.5506119444403784	false	0	0
PT1-PR1	Neurology_II	OID30939	2	2	1	0.8534118446762324	false	0	0
PT1-PR1	Cardiometabolic	OID20409	2	2	1	0.28989809381338905	false	0	0
PT1-PR1	Oncology	OID21451	2	2	1	0.7864942894288922	false	0	0
PT1-PR1	Oncology	OID21243	2	2	1	0.9421733947746201	false	0	0
PT1-PR1	Neurology	OID20818	2	2	1	0.911028028575233	false	0	0
PT1-PR1	Oncology_II	OID31236	2	2	1	0.9454642524707855	false	0	0
PT1-PR1	Inflammation	OID20631	2	2	1	0.8970100999795196	false	0	0
PT1-PR1	Cardiometabolic	OID20132	2	2	1	0.13245572414749635	false	0	0
PT1-PR1	Inflammation_II	OID30648	2	2	1	0.23195863423496899	false	0	0
PT1-PR1	Neurology_II	OID30813	2	2	1	0.9125468278239511	false	0	0
PT1-PR1	Cardiometabolic	OID20213	2	2	1	0.1860244144517902	false	0	0
PT1-PR1	Cardiometabolic_II	OID30117	2	2	1	0.5639966495022014	false	0	0
PT1-PR1	Oncology_II	OID31364	2	2	1	0.8937681928979396	false	0	0
PT1-PR1	Inflammation_II	OID30563	2	2	1	0.584965981383218	false	0	0
PT1-PR1	Neurology	OID21063	2	2	1	0.37730147137714454	false	0	0
PT1-PR1	Cardiometabolic	OID20057	2	2	1	0.8912833363586424	false	0	0
PT1-PR1	Neurology	OID21085	2	2	1	0.8913217909742971	false	0	0
PT1-PR1	Oncology_II	OID31318	2	2	1	0.2928987635334171	false	0	0
PT1-PR1	Inflammation_II	OID30774	2	2	1	0.42793670176773585	false	0	0
PT1-PR1	Inflammation_II	OID30697	2	2	1	0.5337442985489026	false	0	0
PT1-PR1	Cardiometabolic	OID20326	2	2	1	0.404616488588769	false	0	0
PT1-PR1	Neurology	OID21052	2	2	1	0.8796330121560532	false	0	0
PT1-PR1	Oncology_II	OID31260	2	2	1	0.21800963362928164	false	0	0
PT1-PR1	Neurology_II	OID31078	2	2	1	0.7065544658945796	false	0	0
PT1-PR1	Oncology_II	OID31448	2	2	1	0.918996491917309	false	0	0
PT1-PR1	Cardiometabolic	OID20221	2	2	1	0.20240610399962683	false	0	0
PT1-PR1	Oncology	OID21360	2	2	1	0.8451496270822559	false	0	0
PT1-PR1	Oncology	OID21452	2	2	1	0.8678423796447033	false	0	0
PT1-PR1	Cardiometabolic_II	OID30291	2	2	1	0.927953562529242	false	0	0
PT1-PR1	Neurology_II	OID30810	2	2	1	0.8862333638067312	false	0	0
PT1-PR1	Inflammation	OID20770	2	2	1	0.04012308091676696	true	1	2
PT1-PR1	Neurology_II	OID30903	2	2	1	0.5832965096164565	false	0	0
PT1-PR1	Oncology_II	OID31245	2	2	1	0.27409397706590605	false	0	0
PT1-PR1	Oncology	OID21216	2	2	1	0.6299546472832277	false	0	0
PT1-PR1	Neurology_II	OID31063	2	2	1	0.16229553232400104	false	0	1
PT1-PR1	Cardiometabolic	OID20139	2	2	1	0.35023773215875004	false	0	0
PT1-PR1	Oncology_II	OID31498	2	2	1	0.2106511795471645	false	0	0
PT1-PR1	Oncology	OID21419	2	2	1	0.7378856948962348	false	0	0
PT1-PR1	Neurology	OID21086	2	2	1	0.23362760166379726	false	0	0
PT1-PR1	Inflammation_II	OID30690	2	2	1	0.8406522906676724	false	0	0
PT1-PR1	Inflammation	OID20728	2	2	1	0.918996491917309	false	0	0
PT1-PR1	Cardiometabolic	OID20076	2	2	1	0.31688616812810516	false	0	0
PT1-PR1	Inflammation	OID20537	2	2	1	0.927953562529242	false	0	0
PT1-PR1	Cardiometabolic_II	OID30201	2	2	1	0.2905237858969725	false	0	0
PT1-PR1	Inflammation	OID20740	2	2	1	0.37603465512651757	false	0	0
PT1-PR1	Oncology	OID21181	2	2	1	0.4477889452645226	false	0	0
PT1-PR1	Inflammation	OID20775	2	2	1	0.6228932271167764	false	0	0
PT1-PR1	Neurology	OID20943	2	2	1	0.5548424870864147	false	0	0
PT1-PR1	Oncology	OID21169	2	2	1	0.9580805560399106	false	0	0
PT1-PR1	Cardiometabolic_II	OID30104	2	2	1	0.5655700586006138	false	0	0
PT1-PR1	Cardiometabolic	OID20051	2	2	1	0.5436834191081938	false	0	0
PT1-PR1	Inflammation_II	OID30614	2	2	1	0.4438351946407804	false	0	0
PT1-PR1	Neurology	OID20954	2	2	1	0.982667932839329	false	0	0
PT1-PR1	Oncology_II	OID31234	2	2	1	0.9293818768674351	false	0	0
PT1-PR1	Inflammation	OID20565	2	2	1	0.5229107284038063	false	0	0
PT1-PR1	Oncology_II	OID31384	2	2	1	0.3296238050186713	false	0	0
PT1-PR1	Inflammation_II	OID30787	2	2	1	0.5056141403694154	false	0	0
PT1-PR1	Oncology	OID21454	2	2	1	0.6883549515243398	false	0	0
PT1-PR1	Inflammation	OID20702	2	2	1	0.39528249178933855	false	0	0
PT1-PR1	Neurology	OID20996	2	2	1	0.7865539697497551	false	0	0
PT1-PR1	Neurology	OID20969	2	2	1	0.943116175586593	false	0	0
PT1-PR1	Inflammation	OID20578	2	2	1	0.3065191131319525	false	0	0
PT1-PR1	Neurology_II	OID31050	2	2	1	0.620077343292725	false	0	0
PT1-PR1	Neurology_II	OID31020	2	2	1	0.8714112356090216	false	0	0
PT1-PR1	Inflammation	OID20773	2	2	1	0.1607836095052691	false	0	0
PT1-PR1	Inflammation	OID20788	2	2	1	0.16058218162856164	false	0	1
PT1-PR1	Oncology_II	OID31225	2	2	1	0.8913745191791198	false	0	0
PT1-PR1	Neurology	OID20935	2	2	1	0.48352464393896033	false	0	0
PT1-PR1	Cardiometabolic	OID20351	2	2	1	0.5557557329503284	false	0	0
PT1-PR1	Oncology_II	OID31325	2	2	1	0.6061362548123523	false	0	0
PT1-PR1	Cardiometabolic_II	OID30300	2	2	1	0.8504384607961796	false	0	0
PT1-PR1	Neurology	OID20863	2	2	1	0.9170689209537634	false	0	0
PT1-PR1	Cardiometabolic_II	OID30304	2	2	1	0.6424865073128431	false	0	0
PT1-PR1	Neurology_II	OID30818	2	2	1	0.977634014268178	false	0	0
PT1-PR1	Inflammation_II	OID30485	2	2	1	0.2472453453292038	false	0	0
PT1-PR1	Cardiometabolic	OID20053	2	2	1	0.7313057857470576	false	0	0
PT1-PR1	Oncology_II	OID31224	2	2	1	0.22551429244478366	false	0	0
PT1-PR1	Neurology	OID20964	2	2	1	0.5845452458198807	false	0	0
PT1-PR1	Cardiometabolic	OID20222	2	2	1	0.6264389857826779	false	0	0
PT1-PR1	Inflammation	OID20458	2	2	1	0.5826324126828418	false	0	0
PT1-PR1	Oncology	OID21417	2	2	1	0.9091161222172509	false	0	0
PT1-PR1	Inflammation_II	OID30531	2	2	1	0.8357755500914461	false	0	0
PT1-PR1	Oncology	OID21411	2	2	1	0.3978364162294138	false	0	0
PT1-PR1	Cardiometabolic	OID20401	2	2	1	0.5300650778580067	false	0	0
PT1-PR1	Inflammation	OID20501	2	2	1	0.7117894521464734	false	0	0
PT1-PR1	Oncology_II	OID31214	2	2	1	0.4663709736607309	false	0	0
PT1-PR1	Oncology	OID21421	2	2	1	0.5785402703506091	false	0	0
PT1-PR1	Neurology	OID21158	2	2	1	0.4637060548693642	false	0	0
PT1-PR1	Inflammation	OID20441	2	2	1	0.6857963720367243	false	0	0
PT1-PR1	Inflammation_II	OID30780	2	2	1	0.40591406614067066	false	0	0
PT1-PR1	Oncology_II	OID31503	2	2	1	0.15333869242085968	false	0	1
PT1-PR1	Neurology_II	OID30842	2	2	1	0.6551169953113508	false	0	0
PT1-PR1	Oncology	OID21234	2	2	1	0.6710616027888815	false	0	0
PT1-PR1	Inflammation_II	OID30786	2	2	1	0.7548442324750803	false	0	0
PT1-PR1	Neurology_II	OID30860	2	2	1	0.7581344546722212	false	0	0
PT1-PR1	Neurology	OID20910	2	2	1	0.22247970818960902	false	0	0
PT1-PR1	Oncology_II	OID31250	2	2	1	0.7865524956428197	false	0	0
PT1-PR1	Cardiometabolic_II	OID30080	2	2	1	0.3372902320259335	false	0	0
PT1-PR1	Cardiometabolic	OID20118	2	2	1	0.8092461618313108	false	0	0
PT1-PR1	Inflammation_II	OID30510	2	2	1	0.8234016843296172	false	0	0
PT1-PR1	Cardiometabolic	OID20274	2	2	1	0.19557345994543077	false	0	0
PT1-PR1	Oncology	OID21412	2	2	1	0.16738291361376967	false	0	0
PT1-PR1	Neurology_II	OID30916	2	2	1	0.22932361634189852	false	0	0
PT1-PR1	Neurology	OID20900	2	2	1	0.7371266755582039	false	0	0
PT1-PR1	Oncology	OID21442	2	2	1	0.2768487116276825	false	0	0
PT1-PR1	Cardiometabolic	OID20359	2	2	1	0.03509975341492703	true	1	2
PT1-PR1	Cardiometabolic	OID20209	2	2	1	0.312732167576426	false	0	0
PT1-PR1	Cardiometabolic	OID20396	2	2	1	0.38519150472792557	false	0	0
PT1-PR1	Oncology	OID21228	2	2	1	0.9091161222172509	false	0	0
PT1-PR1	Oncology	OID21484	2	2	1	0.9487554263750009	false	0	0
PT1-PR1	Oncology_II	OID31417	2	2	1	0.918996491917309	false	0	0
PT1-PR1	Neurology_II	OID30931	2	2	1	0.9284924568666642	false	0	0
PT1-PR1	Neurology_II	OID31155	2	2	1	0.2478808981104473	false	0	0
PT1-PR1	Oncology	OID21187	2	2	1	0.4012329863301714	false	0	0
PT1-PR1	Neurology	OID20795	2	2	1	0.9584424708657573	false	0	0
PT1-PR1	Cardiometabolic_II	OID30174	2	2	1	0.21482755378190807	false	0	0
PT1-PR1	Oncology	OID21471	2	2	1	0.21800963362928164	false	0	0
PT1-PR1	Inflammation_II	OID30642	2	2	1	0.9219347890305947	false	0	0
PT1-PR1	Cardiometabolic_II	OID30318	2	2	1	0.6823265080132088	false	0	0
PT1-PR1	Oncology	OID21249	2	2	1	0.2478808981104473	false	0	0
PT1-PR1	Oncology	OID21463	2	2	1	0.37265949732681036	false	0	0
PT1-PR1	Neurology_II	OID30847	2	2	1	0.8912376032863424	false	0	0
PT1-PR1	Cardiometabolic_II	OID30068	2	2	1	0.21482755378190807	false	0	0
PT1-PR1	Inflammation_II	OID30741	2	2	1	0.3300128141131273	false	0	0
PT1-PR1	Inflammation	OID20568	2	2	1	0.44476686143948324	false	0	0
PT1-PR1	Neurology_II	OID31091	2	2	1	0.3296238050186713	false	0	0
PT1-PR1	Cardiometabolic	OID20204	2	2	1	0.10150113085829639	false	0	1
PT1-PR1	Neurology_II	OID31156	2	2	1	0.20252457753886394	false	0	0
PT1-PR1	Neurology_II	OID31074	2	2	1	0.21482755378190807	false	0	0
PT1-PR1	Oncology_II	OID31279	2	2	1	0.24588302982940882	false	0	0
PT1-PR1	Neurology	OID20831	2	2	1	0.4766290741828886	false	0	0
PT1-PR1	Cardiometabolic_II	OID30081	2	2	1	0.676396345129705	false	0	0
PT1-PR1	Neurology_II	OID30909	2	2	1	0.705440824599606	false	0	0
PT1-PR1	Cardiometabolic_II	OID30123	2	2	1	0.1860244144517902	false	0	0
PT1-PR1	Inflammation_II	OID30607	2	2	1	0.2673348220248901	false	0	0
PT1-PR1	Cardiometabolic	OID20385	2	2	1	0.628294628668689	false	0	0
PT1-PR1	Inflammation_II	OID30720	2	2	1	0.7524149812210599	false	0	0
PT1-PR1	Oncology	OID21413	2	2	1	0.9284924568666642	false	0	0
PT1-PR1	Neurology	OID20804	2	2	1	0.9919097202490103	false	0	0
PT1-PR1	Cardiometabolic	OID20381	2	2	1	0.34914948197787826	false	0	0
PT1-PR1	Cardiometabolic	OID20353	2	2	1	0.619770910630084	false	0	0
PT1-PR1	Inflammation	OID20745	2	2	1	0.16058218162856164	false	0	0
PT1-PR1	Cardiometabolic	OID20066	2	2	1	0.943116175586593	false	0	0
PT1-PR1	Neurology_II	OID30808	2	2	1	0.4012329863301714	false	0	0
PT1-PR1	Cardiometabolic	OID20183	2	2	1	0.5469219668213468	false	0	0
PT1-PR1	Oncology	OID21248	2	2	1	0.28125263982963283	false	0	0
PT1-PR1	Oncology_II	OID31429	2	2	1	0.3372902320259335	false	0	0
PT1-PR1	Inflammation	OID20495	2	2	1	0.6827097922419272	false	0	0
PT1-PR1	Cardiometabolic	OID20331	2	2	1	0.13245572414749635	false	0	1
PT1-PR1	Cardiometabolic	OID20085	2	2	1	0.18170757096257256	false	0	0
PT1-PR1	Inflammation	OID20747	2	2	1	0.2711620494100073	false	0	0
PT1-PR1	Neurology_II	OID30899	2	2	1	0.6149784434392116	false	0	0
PT1-PR1	Neurology_II	OID31139	2	2	1	0.312732167576426	false	0	0
PT1-PR1	Oncology_II	OID31317	2	2	1	0.7331583465323114	false	0	0
PT1-PR1	Inflammation	OID20466	2	2	1	0.7712127302249755	false	0	0
PT1-PR1	Cardiometabolic	OID20410	2	2	1	0.5961996475264938	false	0	0
PT1-PR1	Inflammation	OID20760	2	2	1	0.16058218162856164	false	0	1
PT1-PR1	Neurology_II	OID31003	2	2	1	0.2044984311175195	false	0	0
PT1-PR1	Oncology	OID21313	2	2	1	0.30280828140814914	false	0	0
PT1-PR1	Inflammation	OID20604	2	2	1	0.2546313625143299	false	0	0
PT1-PR1	Neurology	OID20811	2	2	1	0.4994910279723913	false	0	0
PT1-PR1	Neurology	OID21094	2	2	1	0.5914384033275331	false	0	0
PT1-PR1	Cardiometabolic	OID20198	2	2	1	0.22853483887907858	false	0	0
PT1-PR1	Inflammation	OID20538	2	2	1	0.21482755378190807	false	0	0
PT1-PR1	Cardiometabolic_II	OID30350	2	2	1	0.4477271966731319	false	0	0
PT1-PR1	Cardiometabolic_II	OID30097	2	2	1	0.9057955058732099	false	0	0
PT1-PR1	Oncology_II	OID31333	2	2	1	0.9463622057091792	false	0	0
PT1-PR1	Oncology	OID21437	2	2	1	0.4362408070590612	false	0	0
PT1-PR1	Neurology	OID20803	2	2	1	0.8349519806418779	false	0	0
PT1-PR1	Neurology	OID21145	2	2	1	0.37730147137714454	false	0	0
PT1-PR1	Inflammation_II	OID30499	2	2	1	0.9622827519629863	false	0	0
PT1-PR1	Oncology	OID21479	2	2	1	0.28944474925273134	false	0	0
PT1-PR1	Neurology	OID20947	2	2	1	0.7945802293208062	false	0	0
PT1-PR1	Inflammation	OID20429	2	2	1	0.6043733302914638	false	0	0
PT1-PR1	Neurology_II	OID31103	2	2	1	0.16229553232400104	false	0	0
PT1-PR1	Inflammation	OID20681	2	2	1	0.19557345994543077	false	0	0
PT1-PR1	Inflammation	OID20506	2	2	1	0.6254400502296807	false	0	0
PT1-PR1	Oncology_II	OID31183	2	2	1	0.8906743431661261	false	0	0
PT1-PR1	Neurology_II	OID30892	2	2	1	0.37265949732681036	false	0	0
PT1-PR1	Cardiometabolic	OID20257	2	2	1	0.392298797734521	false	0	0
PT1-PR1	Cardiometabolic_II	OID30325	2	2	1	0.21800963362928164	false	0	0
PT1-PR1	Inflammation	OID20485	2	2	1	0.1607836095052691	false	0	0
PT1-PR1	Oncology	OID21470	2	2	1	0.2698293843932463	false	0	0
PT1-PR1	Cardiometabolic	OID20314	2	2	1	0.7378856948962348	false	0	0
PT1-PR1	Inflammation	OID20619	2	2	1	0.4815666153674647	false	0	0
PT1-PR1	Cardiometabolic	OID20062	2	2	1	0.9128632674107148	false	0	0
PT1-PR1	Cardiometabolic_II	OID30179	2	2	1	0.9841356341591918	false	0	0
PT1-PR1	Inflammation	OID20617	2	2	1	0.6555758334229168	false	0	0
PT1-PR1	Inflammation	OID20667	2	2	1	0.7278863869211178	false	0	0
PT1-PR1	Inflammation_II	OID30603	2	2	1	0.9091161222172509	false	0	0
PT1-PR1	Cardiometabolic	OID20238	2	2	1	0.37603465512651757	false	0	0
PT1-PR1	Inflammation_II	OID30497	2	2	1	0.10218566111478254	false	0	0
PT1-PR1	Oncology	OID21170	2	2	1	0.3372902320259335	false	0	0
PT1-PR1	Inflammation	OID20477	2	2	1	0.9870537533283661	false	0	0
PT1-PR1	Neurology	OID20921	2	2	1	0.7735774941591437	false	0	0
PT1-PR1	Inflammation_II	OID30434	2	2	1	0.7141483421203942	false	0	0
PT1-PR1	Inflammation_II	OID30700	2	2	1	0.587241312421937	false	0	0
PT1-PR1	Neurology	OID20993	2	2	1	0.3176492638178648	false	0	0
PT1-PR1	Neurology_II	OID31000	2	2	1	0.40591406614067066	false	0	0
PT1-PR1	Oncology_II	OID31204	2	2	1	0.5797037768246115	false	0	0
PT1-PR1	Cardiometabolic_II	OID30381	2	2	1	0.6201352719279354	false	0	0
PT1-PR1	Cardiometabolic_II	OID30285	2	2	1	0.40800748796893715	false	0	0
PT1-PR1	Cardiometabolic_II	OID30355	2	2	1	0.6247929926113869	false	0	0
PT1-PR1	Neurology	OID20833	2	2	1	0.8448131827854107	false	0	0
PT1-PR1	Neurology	OID21022	2	2	1	0.7904310553646242	false	0	0
PT1-PR1	Cardiometabolic_II	OID30297	2	2	1	0.37603465512651757	false	0	0
PT1-PR1	Neurology	OID20906	2	2	1	0.6777986689937695	false	0	0
PT1-PR1	Inflammation_II	OID30585	2	2	1	0.8445338452321518	false	0	0
PT1-PR1	Neurology_II	OID31028	2	2	1	0.25306652687523834	false	0	0
PT1-PR1	Neurology_II	OID31025	2	2	1	0.9765503184085444	false	0	0
PT1-PR1	Oncology	OID21528	2	2	1	0.26745744024490303	false	0	0
PT1-PR1	Neurology	OID20968	2	2	1	0.03509975341492703	true	1	1
PT1-PR1	Oncology_II	OID31215	2	2	1	0.8790861291768385	false	0	0
PT1-PR1	Inflammation_II	OID30450	2	2	1	0.9421733947746201	false	0	0
PT1-PR1	Cardiometabolic_II	OID30320	2	2	1	0.9170689209537634	false	0	0
PT1-PR1	Inflammation	OID20567	2	2	1	0.9258422409472196	false	0	0
PT1-PR1	Inflammation_II	OID30635	2	2	1	0.9870537533283661	false	0	0
PT1-PR1	Neurology_II	OID31062	2	2	1	0.2673348220248901	false	0	0
PT1-PR1	Oncology	OID21336	2	2	1	0.7824539115564167	false	0	0
PT1-PR1	Inflammation_II	OID30581	2	2	1	0.308607838802471	false	0	0
PT1-PR1	Inflammation	OID20502	2	2	1	0.47892752005249867	false	0	0
PT1-PR1	Oncology	OID21317	2	2	1	0.13245572414749635	false	0	1
PT1-PR1	Cardiometabolic	OID20296	2	2	1	0.4667829942431534	false	0	0
PT1-PR1	Cardiometabolic_II	OID30337	2	2	1	0.5797037768246115	false	0	0
PT1-PR1	Neurology_II	OID30897	2	2	1	0.5928387215699688	false	0	0
PT1-PR1	Neurology_II	OID30827	2	2	1	0.39185868172773836	false	0	0
PT1-PR1	Inflammation	OID20633	2	2	1	0.7173117481558432	false	0	0
PT1-PR1	Oncology	OID21306	2	2	1	0.2044984311175195	false	0	0
PT1-PR1	Neurology_II	OID30792	2	2	1	0.7870407314470905	false	0	0
PT1-PR1	Inflammation	OID20712	2	2	1	0.22434922053807593	false	0	0
PT1-PR1	Inflammation_II	OID30670	2	2	1	0.46597583288000866	false	0	0
PT1-PR1	Inflammation_II	OID30633	2	2	1	0.7924826018280086	false	0	0
PT1-PR1	Oncology	OID21219	2	2	1	0.18170757096257256	false	0	0
PT1-PR1	Cardiometabolic_II	OID30373	2	2	1	0.4675795227104666	false	0	0
PT1-PR1	Cardiometabolic	OID20100	2	2	1	0.7401951218347504	false	0	0
PT1-PR1	Cardiometabolic_II	OID30203	2	2	1	0.588680222360979	false	0	0
PT1-PR1	Cardiometabolic	OID20126	2	2	1	0.8363611456684932	false	0	0
PT1-PR1	Inflammation_II	OID30538	2	2	1	0.918996491917309	false	0	0
PT1-PR1	Neurology_II	OID30836	2	2	1	0.7941004669960431	false	0	0
PT1-PR1	Inflammation_II	OID30501	2	2	1	0.1470856944478668	false	0	1
PT1-PR1	Neurology_II	OID31037	2	2	1	0.7696902694796084	false	0	0
PT1-PR1	Oncology_II	OID31287	2	2	1	0.2814084060297926	false	0	0
PT1-PR1	Inflammation	OID20637	2	2	1	0.5458890010922985	false	0	0
PT1-PR1	Oncology	OID21381	2	2	1	0.2478808981104473	false	0	0
PT1-PR1	Neurology_II	OID30863	2	2	1	0.6749128371476532	false	0	0
PT1-PR1	Cardiometabolic	OID20185	2	2	1	0.5892237650859382	false	0	0
PT1-PR1	Neurology	OID20799	2	2	1	0.3110969142529537	false	0	0
PT1-PR1	Cardiometabolic	OID20098	2	2	1	0.40591406614067066	false	0	0
PT1-PR1	Neurology_II	OID31038	2	2	1	0.6155831885156817	false	0	0
PT1-PR1	Oncology	OID21456	2	2	1	0.9044109840540877	false	0	0
PT1-PR1	Neurology_II	OID30992	2	2	1	0.9584424708657573	false	0	0
PT1-PR1	Oncology_II	OID31296	2	2	1	0.9819644190701046	false	0	0
PT1-PR1	Neurology_II	OID31076	2	2	1	0.15333869242085968	false	0	0
PT1-PR1	Cardiometabolic	OID20123	2	2	1	0.17439144846874433	false	0	0
PT1-PR1	Inflammation	OID20694	2	2	1	0.32918626561802716	false	0	0
PT1-PR1	Inflammation	OID20497	2	2	1	0.2044984311175195	false	0	0
PT1-PR1	Oncology_II	OID31490	2	2	1	0.09384957351927072	false	0	1
PT1-PR1	Inflammation_II	OID30588	2	2	1	0.4053370932926321	false	0	0
PT1-PR1	Inflammation_II	OID30745	2	2	1	0.5832965096164565	false	0	0
PT1-PR1	Cardiometabolic_II	OID30343	2	2	1	0.40591406614067066	false	0	0
PT1-PR1	Cardiometabolic_II	OID30378	2	2	1	0.30233156246012904	false	0	0
PT1-PR1	Cardiometabolic	OID20347	2	2	1	0.646472387130219	false	0	0
PT1-PR1	Cardiometabolic_II	OID30242	2	2	1	0.8544411504821945	false	0	0
PT1-PR1	Cardiometabolic	OID20173	2	2	1	0.16726593732319014	false	0	0
PT1-PR1	Oncology	OID21236	2	2	1	0.31023811609717616	false	0	0
PT1-PR1	Inflammation_II	OID30496	2	2	1	0.6405902076508441	false	0	0
PT1-PR1	Neurology_II	OID30812	2	2	1	0.6846620519596632	false	0	0
PT1-PR1	Cardiometabolic	OID20206	2	2	1	0.13980957567924293	false	0	1
PT1-PR1	Inflammation	OID20729	2	2	1	0.1580847658673264	false	0	1
PT1-PR1	Neurology_II	OID30862	2	2	1	0.9584424708657573	false	0	0
PT1-PR1	Neurology_II	OID31068	2	2	1	0.13245572414749635	false	0	1
PT1-PR1	Neurology_II	OID30932	2	2	1	0.781896002401052	false	0	0
PT1-PR1	Inflammation	OID20739	2	2	1	0.20240610399962683	false	0	0
PT1-PR1	Neurology_II	OID30908	2	2	1	0.9261545121329031	false	0	0
PT1-PR1	Cardiometabolic_II	OID30074	2	2	1	0.9758711404665182	false	0	0
PT1-PR1	Inflammation	OID20751	2	2	1	0.15320092945605232	false	0	0
PT1-PR1	Cardiometabolic	OID20233	2	2	1	0.905566967463548	false	0	0
PT1-PR1	Neurology_II	OID30968	2	2	1	0.5998131769617217	false	0	0
PT1-PR1	Inflammation_II	OID30558	2	2	1	0.24669092772415877	false	0	0
PT1-PR1	Neurology	OID21139	2	2	1	0.8406522906676724	false	0	0
PT1-PR1	Neurology	OID20877	2	2	1	0.4026273903403381	false	0	0
PT1-PR1	Inflammation	OID20776	2	2	1	0.5923154984446001	false	0	0
PT1-PR1	Inflammation_II	OID30625	2	2	1	0.8534118446762324	false	0	0
PT1-PR1	Cardiometabolic_II	OID30356	2	2	1	0.19125399108505553	false	0	0
PT1-PR1	Cardiometabolic_II	OID30389	2	2	1	0.40591406614067066	false	0	0
PT1-PR1	Neurology	OID21100	2	2	1	0.6224380340181705	false	0	0
PT1-PR1	Cardiometabolic	OID20306	2	2	1	0.4226774518811643	false	0	0
PT1-PR1	Inflammation_II	OID30449	2	2	1	0.8880590087517024	false	0	0
PT1-PR1	Inflammation_II	OID30721	2	2	1	0.8970100999795196	false	0	0
PT1-PR1	Cardiometabolic_II	OID30181	2	2	1	0.7345566214909754	false	0	0
PT1-PR1	Cardiometabolic_II	OID30236	2	2	1	0.8357755500914461	false	0	0
PT1-PR1	Oncology_II	OID31444	2	2	1	0.9048339757407797	false	0	0
PT1-PR1	Cardiometabolic_II	OID30333	2	2	1	0.6328501639491518	false	0	0
PT1-PR1	Cardiometabolic	OID20237	2	2	1	0.21109384186801675	false	0	0
PT1-PR1	Neurology_II	OID30882	2	2	1	0.2814084060297926	false	0	0
PT1-PR1	Cardiometabolic	OID20369	2	2	1	0.7299464008374967	false	0	0
PT1-PR1	Inflammation_II	OID30759	2	2	1	0.6745514176099985	false	0	0
PT1-PR1	Cardiometabolic_II	OID30238	2	2	1	0.9613236253001766	false	0	0
PT1-PR1	Neurology_II	OID30998	2	2	1	0.9967161633850071	false	0	0
PT1-PR1	Inflammation	OID20701	2	2	1	0.005640339336324907	true	1	2
PT1-PR1	Oncology	OID21368	2	2	1	0.5909161466958062	false	0	0
PT1-PR1	Cardiometabolic	OID20055	2	2	1	0.8753149244600927	false	0	0
PT1-PR1	Neurology_II	OID30838	2	2	1	0.9841356341591918	false	0	0
PT1-PR1	Oncology_II	OID31455	2	2	1	0.2319707558413246	false	0	0
PT1-PR1	Neurology_II	OID30805	2	2	1	0.6857963720367243	false	0	0
PT1-PR1	Neurology	OID21001	2	2	1	0.9557876334426331	false	0	0
PT1-PR1	Neurology_II	OID31016	2	2	1	0.27409397706590605	false	0	0
PT1-PR1	Cardiometabolic_II	OID30419	2	2	1	0.34265017339507525	false	0	0
PT1-PR1	Inflammation_II	OID30729	2	2	1	0.4214768127980317	false	0	0
PT1-PR1	Cardiometabolic_II	OID30107	2	2	1	0.787998119838154	false	0	0
PT1-PR1	Neurology_II	OID30823	2	2	1	0.7601265126898945	false	0	0
PT1-PR1	Inflammation_II	OID30752	2	2	1	0.34072087310721577	false	0	0
PT1-PR1	Neurology_II	OID31120	2	2	1	0.21968853206968075	false	0	0
PT1-PR1	Cardiometabolic	OID20258	2	2	1	0.2740043612356348	false	0	0
PT1-PR1	Neurology_II	OID30944	2	2	1	0.9259469881053023	false	0	0
PT1-PR1	Neurology_II	OID31045	2	2	1	0.9558530380725615	false	0	0
PT1-PR1	Oncology_II	OID31186	2	2	1	0.9605484970537589	false	0	0
PT1-PR1	Inflammation_II	OID30612	2	2	1	0.40591406614067066	false	0	0
PT1-PR1	Oncology	OID21374	2	2	1	0.49497306064013247	false	0	0
PT1-PR1	Cardiometabolic	OID20072	2	2	1	0.1580847658673264	false	0	0
PT1-PR1	Inflammation	OID20761	2	2	1	0.1607836095052691	false	0	1
PT1-PR1	Cardiometabolic	OID20200	2	2	1	0.21537709065064028	false	0	0
PT1-PR1	Inflammation_II	OID30712	2	2	1	0.6555758334229168	false	0	0
PT1-PR1	Neurology_II	OID30794	2	2	1	0.5088539848446151	false	0	0
PT1-PR1	Cardiometabolic	OID20282	2	2	1	0.31922484508837135	false	0	0
PT1-PR1	Inflammation	OID20585	2	2	1	0.892021833911983	false	0	0
PT1-PR1	Inflammation_II	OID30627	2	2	1	0.13245572414749635	false	0	0
PT1-PR1	Cardiometabolic_II	OID30289	2	2	1	0.37428369485932145	false	0	0
PT1-PR1	Cardiometabolic_II	OID30213	2	2	1	0.2417561543995084	false	0	0
PT1-PR1	Inflammation	OID20615	2	2	1	0.21800963362928164	false	0	0
PT1-PR1	Oncology_II	OID31264	2	2	1	0.4523663227130019	false	0	0
PT1-PR1	Neurology	OID20944	2	2	1	0.8534118446762324	false	0	0
PT1-PR1	Oncology_II	OID31445	2	2	1	0.0685277440295063	false	0	2
PT1-PR1	Oncology	OID21485	2	2	1	0.21800963362928164	false	0	0
PT1-PR1	Neurology	OID20970	2	2	1	0.42793670176773585	false	0	0
PT1-PR1	Neurology	OID20806	2	2	1	0.301414447174611	false	0	0
PT1-PR1	Oncology_II	OID31178	2	2	1	0.9258422409472196	false	0	0
PT1-PR1	Oncology	OID21286	2	2	1	0.1807052583607468	false	0	0
PT1-PR1	Oncology_II	OID31460	2	2	1	0.1807052583607468	false	0	0
PT1-PR1	Oncology_II	OID31263	2	2	1	0.8205801602098044	false	0	0
PT1-PR1	Neurology	OID21118	2	2	1	0.8295693331587422	false	0	0
PT1-PR1	Inflammation_II	OID30472	2	2	1	0.1607836095052691	false	0	1
PT1-PR1	Neurology	OID21121	2	2	1	0.006822141540862618	true	2	2
PT1-PR1	Inflammation	OID20763	2	2	1	0.126713392787382	false	0	0
PT1-PR1	Oncology	OID21512	2	2	1	0.13245572414749635	false	0	0
PT1-PR1	Neurology_II	OID31115	2	2	1	0.8662560342589101	false	0	0
PT1-PR1	Neurology	OID20971	2	2	1	0.9459496023485229	false	0	0
PT1-PR1	Oncology_II	OID31177	2	2	1	0.683773413945289	false	0	0
PT1-PR1	Oncology	OID21179	2	2	1	0.41496798756883096	false	0	0
PT1-PR1	Neurology_II	OID31084	2	2	1	0.7278712198992003	false	0	0
PT1-PR1	Cardiometabolic_II	OID30252	2	2	1	0.6857963720367243	false	0	0
PT1-PR1	Inflammation_II	OID30477	2	2	1	0.7355303496819817	false	0	0
PT1-PR1	Neurology_II	OID30884	2	2	1	0.9044109840540877	false	0	0
PT1-PR1	Oncology	OID21292	2	2	1	0.16058218162856164	false	0	1
PT1-PR1	Inflammation	OID20432	2	2	1	0.9844602464838915	false	0	0
PT1-PR1	Oncology_II	OID31228	2	2	1	0.927953562529242	false	0	0
PT1-PR1	Neurology	OID20843	2	2	1	0.8796330121560532	false	0	0
PT1-PR1	Inflammation_II	OID30508	2	2	1	0.1913244378412772	false	0	0
PT1-PR1	Cardiometabolic_II	OID30216	2	2	1	0.6294550357343982	false	0	0
PT1-PR1	Cardiometabolic_II	OID30152	2	2	1	0.8913745191791198	false	0	0
PT1-PR1	Neurology	OID20948	2	2	1	0.9345132721820394	false	0	0
PT1-PR1	Cardiometabolic	OID20346	2	2	1	0.6423376268951515	false	0	0
PT1-PR1	Oncology_II	OID31210	2	2	1	0.5089428937819565	false	0	0
PT1-PR1	Oncology_II	OID31169	2	2	1	0.6853124768051392	false	0	0
PT1-PR1	Oncology_II	OID31294	2	2	1	0.7396383153516111	false	0	0
PT1-PR1	Oncology_II	OID31477	2	2	1	0.886521178074235	false	0	0
PT1-PR1	Oncology	OID21311	2	2	1	0.9258422409472196	false	0	0
PT1-PR1	Oncology	OID21396	2	2	1	0.4903477096671562	false	0	0
PT1-PR1	Inflammation_II	OID30675	2	2	1	0.8130062618566851	false	0	0
PT1-PR1	Neurology_II	OID30911	2	2	1	0.41256531452153905	false	0	0
PT1-PR1	Inflammation_II	OID30448	2	2	1	0.2858293238383514	false	0	0
PT1-PR1	Cardiometabolic	OID20186	2	2	1	0.22434922053807593	false	0	0
PT1-PR1	Inflammation_II	OID30685	2	2	1	0.40591406614067066	false	0	0
PT1-PR1	Cardiometabolic	OID20350	2	2	1	0.9967161633850071	false	0	0
PT1-PR1	Oncology	OID21241	2	2	1	0.44333524910406014	false	0	0
PT1-PR1	Inflammation	OID20607	2	2	1	0.4041251000726499	false	0	0
PT1-PR1	Inflammation_II	OID30420	2	2	1	0.8777618404745446	false	0	0
PT1-PR1	Oncology_II	OID31322	2	2	1	0.2905237858969725	false	0	0
PT1-PR1	Neurology	OID20865	2	2	1	0.37603465512651757	false	0	0
PT1-PR1	Cardiometabolic	OID20392	2	2	1	0.404616488588769	false	0	0
PT1-PR1	Oncology_II	OID31212	2	2	1	0.8292213689599636	false	0	0
PT1-PR1	Oncology_II	OID31208	2	2	1	0.8901046283234534	false	0	0
PT1-PR1	Cardiometabolic	OID20240	2	2	1	0.1607836095052691	false	0	0
PT1-PR1	Oncology	OID21428	2	2	1	0.19557345994543077	false	0	0
PT1-PR1	Inflammation_II	OID30491	2	2	1	0.8948143793253555	false	0	0
PT1-PR1	Neurology_II	OID30925	2	2	1	0.9187295282631764	false	0	0
PT1-PR1	Neurology	OID20985	2	2	1	0.6947070923250315	false	0	0
PT1-PR1	Inflammation	OID20566	2	2	1	0.22664692310237858	false	0	0
PT1-PR1	Cardiometabolic	OID20199	2	2	1	0.37603465512651757	false	0	0
PT1-PR1	Neurology	OID20846	2	2	1	0.4304231445036459	false	0	0
PT1-PR1	Oncology	OID21333	2	2	1	0.5116970311233059	false	0	0
PT1-PR1	Cardiometabolic_II	OID30155	2	2	1	0.5341051625957308	false	0	0
PT1-PR1	Neurology_II	OID30816	2	2	1	0.918996491917309	false	0	0
PT1-PR1	Neurology	OID21078	2	2	1	0.27806923248998505	false	0	0
PT1-PR1	Cardiometabolic	OID20307	2	2	1	0.7190442012373367	false	0	0
PT1-PR1	Cardiometabolic	OID20105	2	2	1	0.5744888256410154	false	0	0
PT1-PR1	Neurology_II	OID30833	2	2	1	0.9691852771791897	false	0	0
PT1-PR1	Inflammation_II	OID30660	2	2	1	0.1913244378412772	false	0	0
PT1-PR1	Neurology	OID21032	2	2	1	0.03764807680266806	true	1	2
PT1-PR1	Inflammation_II	OID30689	2	2	1	0.532614606147842	false	0	0
PT1-PR1	Inflammation_II	OID30542	2	2	1	0.578622557150352	false	0	0
PT1-PR1	Oncology_II	OID31229	2	2	1	0.7054601090946399	false	0	0
PT1-PR1	Oncology	OID21371	2	2	1	0.8015077731918167	false	0	0
PT1-PR1	Cardiometabolic	OID20338	2	2	1	0.312732167576426	false	0	0
PT1-PR1	Inflammation_II	OID30628	2	2	1	0.36190425947815835	false	0	0
PT1-PR1	Oncology	OID21189	2	2	1	0.4226774518811643	false	0	0
PT1-PR1	Oncology	OID21229	2	2	1	0.3464405951839334	false	0	0
PT1-PR1	Oncology_II	OID31458	2	2	1	0.09372185786825055	false	0	2
PT1-PR1	Cardiometabolic_II	OID30339	2	2	1	0.16058218162856164	false	0	0
PT1-PR1	Cardiometabolic_II	OID30093	2	2	1	0.4103557820627125	false	0	0
PT1-PR1	Cardiometabolic	OID20335	2	2	1	0.16167373208005026	false	0	0
PT1-PR1	Neurology_II	OID30848	2	2	1	0.43607292463528985	false	0	0
PT1-PR1	Cardiometabolic	OID20144	2	2	1	0.4686880630811272	false	0	0
PT1-PR1	Cardiometabolic	OID20088	2	2	1	0.526361010995418	false	0	0
PT1-PR1	Neurology_II	OID31013	2	2	1	0.7866526864624037	false	0	0
PT1-PR1	Neurology	OID21003	2	2	1	0.8357755500914461	false	0	0
PT1-PR1	Neurology	OID21138	2	2	1	0.5088539848446151	false	0	0
PT1-PR1	Cardiometabolic_II	OID30354	2	2	1	0.20240610399962683	false	0	0
PT1-PR1	Cardiometabolic_II	OID30344	2	2	1	0.6857963720367243	false	0	0
PT1-PR1	Neurology	OID20835	2	2	1	0.3316495208313242	false	0	0
PT1-PR1	Cardiometabolic_II	OID30167	2	2	1	0.7924826018280086	false	0	0
PT1-PR1	Oncology	OID21515	2	2	1	0.6113044930198906	false	0	0
PT1-PR1	Cardiometabolic	OID20063	2	2	1	0.55933485949255	false	0	0
PT1-PR1	Oncology	OID21495	2	2	1	0.6853124768051392	false	0	0
PT1-PR1	Inflammation	OID20780	2	2	1	0.3221117472892054	false	0	0
PT1-PR1	Oncology_II	OID31216	2	2	1	0.6749128371476532	false	0	0
PT1-PR1	Oncology_II	OID31361	2	2	1	0.20240610399962683	false	0	0
PT1-PR1	Neurology_II	OID31093	2	2	1	0.6749128371476532	false	0	0
PT1-PR1	Inflammation_II	OID30452	2	2	1	0.8490200966010365	false	0	0
PT1-PR1	Oncology	OID21407	2	2	1	0.529260817675058	false	0	0
PT1-PR1	Inflammation	OID20749	2	2	1	0.9293818768674351	false	0	0
PT1-PR1	Inflammation	OID20777	2	2	1	0.9293818768674351	false	0	0
PT1-PR1	Oncology_II	OID31342	2	2	1	0.5157970151296475	false	0	0
PT1-PR1	Inflammation_II	OID30728	2	2	1	0.6126357038150287	false	0	0
PT1-PR1	Cardiometabolic	OID20270	2	2	1	0.5766024160394976	false	0	0
PT1-PR1	Cardiometabolic	OID20166	2	2	1	0.5832965096164565	false	0	0
PT1-PR1	Inflammation	OID20785	2	2	1	0.5121577500587207	false	0	0
PT1-PR1	Oncology	OID21218	2	2	1	0.9239218934713257	false	0	0
PT1-PR1	Cardiometabolic_II	OID30315	2	2	1	0.8621005794957188	false	0	0
PT1-PR1	Oncology	OID21330	2	2	1	0.9267259592316033	false	0	0
PT1-PR1	Inflammation_II	OID30650	2	2	1	0.6846620519596632	false	0	0
PT1-PR1	Neurology	OID20861	2	2	1	0.9849541375918917	false	0	0
PT1-PR1	Inflammation	OID20570	2	2	1	0.19946561812565075	false	0	0
PT1-PR1	Inflammation	OID20656	2	2	1	0.29781255742742246	false	0	0
PT1-PR1	Cardiometabolic_II	OID30182	2	2	1	0.8464258113200415	false	0	0
PT1-PR1	Inflammation	OID20661	2	2	1	0.04871692006978671	true	1	1
PT1-PR1	Neurology	OID21006	2	2	1	0.5539419678142449	false	0	0
PT1-PR1	Oncology_II	OID31252	2	2	1	0.19946561812565075	false	0	0
PT1-PR1	Cardiometabolic	OID20176	2	2	1	0.262829699335581	false	0	0
PT1-PR1	Inflammation_II	OID30781	2	2	1	0.47006057483068536	false	0	0
PT1-PR1	Cardiometabolic_II	OID30219	2	2	1	0.45597929079389937	false	0	0
PT1-PR1	Oncology_II	OID31387	2	2	1	0.8451496270822559	false	0	0
PT1-PR1	Oncology	OID21387	2	2	1	0.2950878347014748	false	0	0
PT1-PR1	Neurology	OID20949	2	2	1	0.9408582690468619	false	0	0
PT1-PR1	Cardiometabolic	OID20243	2	2	1	0.4041251000726499	false	0	0
PT1-PR1	Inflammation_II	OID30684	2	2	1	0.7819001488465885	false	0	0
PT1-PR1	Neurology_II	OID31024	2	2	1	0.7866843661093367	false	0	0
PT1-PR1	Inflammation	OID20428	2	2	1	0.47706580021856515	false	0	0
PT1-PR1	Neurology_II	OID30958	2	2	1	0.8406522906676724	false	0	0
PT1-PR1	Cardiometabolic_II	OID30061	2	2	1	0.9117959496082911	false	0	0
PT1-PR1	Cardiometabolic	OID20081	2	2	1	0.9170689209537634	false	0	0
PT1-PR1	Oncology	OID21232	2	2	1	0.41066504313002844	false	0	0
PT1-PR1	Cardiometabolic	OID20356	2	2	1	0.5283511686112629	false	0	0
PT1-PR1	Cardiometabolic_II	OID30156	2	2	1	0.9844602464838915	false	0	0
PT1-PR1	Neurology_II	OID30891	2	2	1	0.8796330121560532	false	0	0
PT1-PR1	Neurology	OID20829	2	2	1	0.6773535287776695	false	0	0
PT1-PR1	Neurology	OID21146	2	2	1	0.943116175586593	false	0	0
PT1-PR1	Inflammation	OID20626	2	2	1	0.10137141630023262	false	0	0
PT1-PR1	Neurology	OID20988	2	2	1	0.21800963362928164	false	0	0
PT1-PR1	Cardiometabolic_II	OID30131	2	2	1	0.39386995902140054	false	0	0
PT1-PR1	Neurology	OID20887	2	2	1	0.9219347890305947	false	0	0
PT1-PR1	Neurology	OID21029	2	2	1	0.7696658445396923	false	0	0
PT1-PR1	Oncology	OID21487	2	2	1	0.3782602704144018	false	0	0
PT1-PR1	Oncology_II	OID31348	2	2	1	0.1879239673091708	false	0	0
PT1-PR1	Inflammation_II	OID30470	2	2	1	0.7698061994753752	false	0	0
PT1-PR1	Neurology_II	OID30811	2	2	1	0.918996491917309	false	0	0
PT1-PR1	Cardiometabolic_II	OID30138	2	2	1	0.4012329863301714	false	0	0
PT1-PR1	Inflammation_II	OID30711	2	2	1	0.45597929079389937	false	0	0
PT1-PR1	Neurology	OID20953	2	2	1	0.6085314818236917	false	0	0
PT1-PR1	Cardiometabolic	OID20208	2	2	1	0.2524872122798024	false	0	0
PT1-PR1	Neurology	OID21152	2	2	1	0.6790663939893281	false	0	0
PT1-PR1	Oncology_II	OID31504	2	2	1	0.8743928126718284	false	0	0
PT1-PR1	Inflammation_II	OID30743	2	2	1	0.47892752005249867	false	0	0
PT1-PR1	Neurology	OID21044	2	2	1	0.44863881353607815	false	0	0
PT1-PR1	Oncology_II	OID31221	2	2	1	0.6045935860013536	false	0	0
PT1-PR1	Oncology	OID21444	2	2	1	0.8234016843296172	false	0	0
PT1-PR1	Neurology	OID20808	2	2	1	0.8670784471778199	false	0	0
PT1-PR1	Cardiometabolic_II	OID30235	2	2	1	0.9277768199504469	false	0	0
PT1-PR1	Neurology	OID20847	2	2	1	0.9522117129989288	false	0	0
PT1-PR1	Inflammation_II	OID30623	2	2	1	0.7067480266166462	false	0	0
PT1-PR1	Inflammation_II	OID30673	2	2	1	0.6122855326095277	false	0	0
PT1-PR1	Oncology_II	OID31161	2	2	1	0.7171801357319596	false	0	0
PT1-PR1	Neurology_II	OID31128	2	2	1	0.9658585484178887	false	0	0
PT1-PR1	Cardiometabolic	OID20230	2	2	1	0.1580847658673264	false	0	1
PT1-PR1	Neurology	OID21038	2	2	1	0.19465958039720935	false	0	0
PT1-PR1	Cardiometabolic_II	OID30376	2	2	1	0.37603465512651757	false	0	0
PT1-PR1	Cardiometabolic_II	OID30134	2	2	1	0.9258422409472196	false	0	0
PT1-PR1	Oncology	OID21303	2	2	1	0.9825290540674534	false	0	0
PT1-PR1	Inflammation_II	OID30553	2	2	1	0.9922373647433073	false	0	0
PT1-PR1	Inflammation_II	OID30723	2	2	1	0.7904310553646242	false	0	0
PT1-PR1	Cardiometabolic_II	OID30240	2	2	1	0.24521218464555958	false	0	0
PT1-PR1	Oncology_II	OID31433	2	2	1	0.03509975341492703	true	1	1
PT1-PR1	Oncology_II	OID31418	2	2	1	0.6528565515007582	false	0	0
PT1-PR1	Cardiometabolic_II	OID30409	2	2	1	0.1860244144517902	false	0	0
PT1-PR1	Inflammation	OID20754	2	2	1	0.49063696314914534	false	0	0
PT1-PR1	Oncology_II	OID31419	2	2	1	0.17467710366353442	false	0	0
PT1-PR1	Cardiometabolic	OID20156	2	2	1	0.5998131769617217	false	0	0
PT1-PR1	Inflammation_II	OID30694	2	2	1	0.23362760166379726	false	0	0
PT1-PR1	Cardiometabolic_II	OID30088	2	2	1	0.7376858293634059	false	0	0
PT1-PR1	Inflammation_II	OID30609	2	2	1	0.29703827515148623	false	0	0
PT1-PR1	Oncology_II	OID31394	2	2	1	0.6773535287776695	false	0	0
PT1-PR1	Oncology_II	OID31261	2	2	1	0.9854333601335953	false	0	0
PT1-PR1	Neurology_II	OID31073	2	2	1	0.37730147137714454	false	0	0
PT1-PR1	Neurology_II	OID30987	2	2	1	0.2711620494100073	false	0	0
PT1-PR1	Neurology	OID21080	2	2	1	0.4414140285371247	false	0	0
PT1-PR1	Neurology_II	OID30888	2	2	1	0.6691948284002092	false	0	0
PT1-PR1	Neurology	OID21131	2	2	1	0.4961699303001338	false	0	0
PT1-PR1	Inflammation_II	OID30766	2	2	1	0.2478808981104473	false	0	0
PT1-PR1	Oncology	OID21385	2	2	1	0.25991168270596904	false	0	0
PT1-PR1	Inflammation_II	OID30758	2	2	1	0.8913745191791198	false	0	0
PT1-PR1	Neurology	OID20827	2	2	1	0.9395893014972178	false	0	0
PT1-PR1	Cardiometabolic	OID20137	2	2	1	0.20591960527563014	false	0	0
PT1-PR1	Inflammation	OID20591	2	2	1	0.24766451270971584	false	0	0
PT1-PR1	Oncology_II	OID31256	2	2	1	0.6853124768051392	false	0	0
PT1-PR1	Inflammation_II	OID30619	2	2	1	0.9414974779899126	false	0	0
PT1-PR1	Inflammation	OID20525	2	2	1	0.21800963362928164	false	0	0
PT1-PR1	Neurology_II	OID31072	2	2	1	0.8341654051655633	false	0	0
PT1-PR1	Cardiometabolic	OID20373	2	2	1	0.51344918722235	false	0	0
PT1-PR1	Cardiometabolic_II	OID30412	2	2	1	0.13245572414749635	false	0	0
PT1-PR1	Cardiometabolic	OID20300	2	2	1	0.42793670176773585	false	0	0
PT1-PR1	Neurology	OID20880	2	2	1	0.9576959117734382	false	0	0
PT1-PR1	Neurology_II	OID30806	2	2	1	0.6247929926113869	false	0	0
PT1-PR1	Inflammation_II	OID30500	2	2	1	0.6248565909387822	false	0	0
PT1-PR1	Oncology	OID21214	2	2	1	0.9638608952373483	false	0	0
PT1-PR1	Neurology_II	OID31146	2	2	1	0.17146746900879323	false	0	0
PT1-PR1	Inflammation_II	OID30539	2	2	1	0.21706690505232618	false	0	0
PT1-PR1	Oncology	OID21493	2	2	1	0.5854127491991956	false	0	0
PT1-PR1	Oncology	OID21367	2	2	1	0.2814084060297926	false	0	0
PT1-PR1	Inflammation	OID20717	2	2	1	0.20240610399962683	false	0	0
PT1-PR1	Cardiometabolic	OID20293	2	2	1	0.02853420495311561	true	1	1
PT1-PR1	Oncology_II	OID31175	2	2	1	0.6857963720367243	false	0	0
PT1-PR1	Neurology_II	OID31111	2	2	1	0.16058218162856164	false	0	1
PT1-PR1	Inflammation_II	OID30475	2	2	1	0.8994774256760435	false	0	0
PT1-PR1	Neurology_II	OID30881	2	2	1	0.5797037768246115	false	0	0
PT1-PR1	Inflammation_II	OID30769	2	2	1	0.37730147137714454	false	0	0
PT1-PR1	Inflammation_II	OID30778	2	2	1	0.2858293238383514	false	0	0
PT1-PR1	Inflammation_II	OID30637	2	2	1	0.9704945256078928	false	0	0
PT1-PR1	Neurology_II	OID30936	2	2	1	0.9733051077407754	false	0	0
PT1-PR1	Neurology	OID21130	2	2	1	0.9816965665410526	false	0	0
PT1-PR1	Neurology_II	OID30988	2	2	1	0.7524149812210599	false	0	0
PT1-PR1	Oncology	OID21501	2	2	1	0.29703827515148623	false	0	0
PT1-PR1	Cardiometabolic_II	OID30267	2	2	1	0.8796330121560532	false	0	0
PT1-PR1	Cardiometabolic	OID20406	2	2	1	0.41343533838148355	false	0	0
PT1-PR1	Inflammation	OID20719	2	2	1	0.23362760166379726	false	0	0
PT1-PR1	Inflammation	OID20526	2	2	1	0.24344501253085232	false	0	0
PT1-PR1	Inflammation	OID20692	2	2	1	0.21537709065064028	false	0	0
PT1-PR1	Oncology	OID21408	2	2	1	0.27337991728485816	false	0	0
PT1-PR1	Cardiometabolic_II	OID30165	2	2	1	0.33529431398618037	false	0	0
PT1-PR1	Neurology_II	OID30854	2	2	1	0.6985613691177467	false	0	0
PT1-PR1	Oncology	OID21247	2	2	1	0.8781681788165822	false	0	0
PT1-PR1	Neurology	OID20963	2	2	1	0.9219347890305947	false	0	0
PT1-PR1	Inflammation	OID20450	2	2	1	0.701644873199872	false	0	0
PT1-PR1	Inflammation_II	OID30636	2	2	1	0.48554373579270377	false	0	0
PT1-PR1	Oncology	OID21295	2	2	1	0.16738291361376967	false	0	0
PT1-PR1	Oncology	OID21347	2	2	1	0.8994774256760435	false	0	0
PT1-PR1	Inflammation	OID20509	2	2	1	0.7318274708515252	false	0	0
PT1-PR1	Inflammation	OID20484	2	2	1	0.8808440101844924	false	0	0
PT1-PR1	Inflammation	OID20755	2	2	1	0.8974683125654123	false	0	0
PT1-PR1	Cardiometabolic	OID20210	2	2	1	0.6405902076508441	false	0	0
PT1-PR1	Neurology_II	OID31100	2	2	1	0.07566625993085271	false	0	2
PT1-PR1	Inflammation	OID20654	2	2	1	0.43794522326766905	false	0	0
PT1-PR1	Cardiometabolic	OID20216	2	2	1	0.31838012626964723	false	0	0
PT1-PR1	Inflammation_II	OID30468	2	2	1	0.8891674808110246	false	0	0
PT1-PR1	Neurology_II	OID31065	2	2	1	0.1607836095052691	false	0	0
PT1-PR1	Cardiometabolic	OID20299	2	2	1	0.2417561543995084	false	0	0
PT1-PR1	Neurology	OID20845	2	2	1	0.642258017569023	false	0	0
PT1-PR1	Neurology	OID21073	2	2	1	0.4851579798250568	false	0	0
PT1-PR1	Neurology_II	OID30809	2	2	1	0.7413585573943823	false	0	0
PT1-PR1	Inflammation	OID20542	2	2	1	0.870442244397099	false	0	0
PT1-PR1	Oncology_II	OID31385	2	2	1	0.9284924568666642	false	0	0
PT1-PR1	Inflammation_II	OID30591	2	2	1	0.9421733947746201	false	0	0
PT1-PR1	Cardiometabolic_II	OID30271	2	2	1	0.2472453453292038	false	0	0
PT1-PR1	Inflammation_II	OID30674	2	2	1	0.3026201110175475	false	0	0
PT1-PR1	Neurology_II	OID31043	2	2	1	0.38519150472792557	false	0	0
PT1-PR1	Inflammation_II	OID30435	2	2	1	0.631541779201927	false	0	0
PT1-PR1	Cardiometabolic	OID20268	2	2	1	0.6131161432388168	false	0	0
PT1-PR1	Oncology	OID21245	2	2	1	0.672633355444394	false	0	0
PT1-PR1	Cardiometabolic_II	OID30095	2	2	1	0.5928387215699688	false	0	0
PT1-PR1	Cardiometabolic_II	OID30205	2	2	1	0.9044109840540877	false	0	0
PT1-PR1	Oncology_II	OID31371	2	2	1	0.22434922053807593	false	0	0
PT1-PR1	Inflammation	OID20727	2	2	1	0.24063280371349857	false	0	0
PT1-PR1	Inflammation_II	OID30735	2	2	1	0.6319856820797879	false	0	0
PT1-PR1	Cardiometabolic	OID20194	2	2	1	0.6325472943952023	false	0	0
PT1-PR1	Cardiometabolic	OID20097	2	2	1	0.2478808981104473	false	0	0
PT1-PR1	Oncology_II	OID31413	2	2	1	0.4900744056688637	false	0	0
PT1-PR1	Inflammation	OID20556	2	2	1	0.6698072874265902	false	0	0
PT1-PR1	Oncology	OID21350	2	2	1	0.1879239673091708	false	0	0
PT1-PR1	Neurology_II	OID31149	2	2	1	0.6325688412166506	false	0	0
PT1-PR1	Oncology_II	OID31180	2	2	1	0.7176228233571682	false	0	0
PT1-PR1	Neurology_II	OID31067	2	2	1	0.5293749179715949	false	0	0
PT1-PR1	Cardiometabolic_II	OID30049	2	2	1	0.7299464008374967	false	0	0
PT1-PR1	Inflammation_II	OID30482	2	2	1	0.7866843661093367	false	0	0
PT1-PR1	Neurology	OID20809	2	2	1	0.823924748659685	false	0	0
PT1-PR1	Cardiometabolic_II	OID30172	2	2	1	0.5640127274393067	false	0	0
PT1-PR1	Oncology_II	OID31393	2	2	1	0.23362760166379726	false	0	0
PT1-PR1	Neurology	OID20908	2	2	1	0.2809660564288594	false	0	0
PT1-PR1	Cardiometabolic	OID20375	2	2	1	0.631541779201927	false	0	0
PT1-PR1	Inflammation_II	OID30705	2	2	1	0.36749360342336906	false	0	0
PT1-PR1	Oncology_II	OID31377	2	2	1	0.45071369912424186	false	0	0
PT1-PR1	Neurology_II	OID31133	2	2	1	0.2478808981104473	false	0	0
PT1-PR1	Neurology	OID21064	2	2	1	0.6853124768051392	false	0	0
PT1-PR1	Inflammation_II	OID30494	2	2	1	0.6857963720367243	false	0	0
PT1-PR1	Cardiometabolic	OID20345	2	2	1	0.950041354791074	false	0	0
PT1-PR1	Oncology	OID21504	2	2	1	0.9557876334426331	false	0	0
PT1-PR1	Oncology_II	OID31171	2	2	1	0.312732167576426	false	0	0
PT1-PR1	Oncology_II	OID31389	2	2	1	0.6510497319670547	false	0	0
PT1-PR1	Neurology	OID20901	2	2	1	0.20240610399962683	false	0	0
PT1-PR1	Inflammation	OID20638	2	2	1	0.676396345129705	false	0	0
PT1-PR1	Neurology_II	OID30930	2	2	1	0.7919533842772323	false	0	0
PT1-PR1	Inflammation_II	OID30574	2	2	1	0.8374756970814041	false	0	0
PT1-PR1	Neurology_II	OID30830	2	2	1	0.9604104719572518	false	0	0
PT1-PR1	Cardiometabolic_II	OID30214	2	2	1	0.47479719749016064	false	0	0
PT1-PR1	Neurology_II	OID30849	2	2	1	0.5795399345352339	false	0	0
PT1-PR1	Cardiometabolic_II	OID30137	2	2	1	0.5640127274393067	false	0	0
PT1-PR1	Neurology_II	OID30907	2	2	1	0.45597929079389937	false	0	0
PT1-PR1	Inflammation	OID20491	2	2	1	0.6559528240392744	false	0	0
PT1-PR1	Oncology_II	OID31205	2	2	1	0.8962044166564832	false	0	0
PT1-PR1	Oncology_II	OID31238	2	2	1	0.9666824300205568	false	0	0
PT1-PR1	Oncology	OID21280	2	2	1	0.21482755378190807	false	0	0
PT1-PR1	Inflammation_II	OID30653	2	2	1	0.3879756124432933	false	0	0
PT1-PR1	Inflammation	OID20465	2	2	1	0.8534118446762324	false	0	0
PT1-PR1	Cardiometabolic_II	OID30092	2	2	1	0.918996491917309	false	0	0
PT1-PR1	Cardiometabolic_II	OID30147	2	2	1	0.6146894550071292	false	0	0
PT1-PR1	Neurology	OID20793	2	2	1	0.9584424708657573	false	0	0
PT1-PR1	Inflammation	OID20698	2	2	1	0.19557179071526837	false	0	0
PT1-PR1	Neurology_II	OID30803	2	2	1	0.7941004669960431	false	0	0
PT1-PR1	Oncology	OID21276	2	2	1	0.1580847658673264	false	0	0
PT1-PR1	Neurology_II	OID31125	2	2	1	0.6873135120828402	false	0	0
PT1-PR1	Neurology_II	OID30952	2	2	1	0.7696658445396923	false	0	0
PT1-PR1	Neurology_II	OID31035	2	2	1	0.6606232055041837	false	0	0
PT1-PR1	Inflammation_II	OID30790	2	2	1	0.42688312460653316	false	0	0
PT1-PR1	Oncology	OID21341	2	2	1	0.5892237650859382	false	0	0
PT1-PR1	Cardiometabolic	OID20049	2	2	1	0.8115082360526054	false	0	0
PT1-PR1	Cardiometabolic	OID20280	2	2	1	0.8238479900575555	false	0	0
PT1-PR1	Cardiometabolic_II	OID30200	2	2	1	0.9854333601335953	false	0	0
PT1-PR1	Inflammation	OID20627	2	2	1	0.20252457753886394	false	0	0
PT1-PR1	Neurology_II	OID30859	2	2	1	0.8560533710438442	false	0	0
PT1-PR1	Neurology_II	OID30970	2	2	1	0.5880060319975877	false	0	0
PT1-PR1	Inflammation	OID20778	2	2	1	0.1580847658673264	false	0	0
PT1-PR1	Cardiometabolic_II	OID30125	2	2	1	0.19125399108505553	false	0	0
PT1-PR1	Inflammation	OID20722	2	2	1	0.26020075354316485	false	0	0
PT1-PR1	Inflammation	OID20609	2	2	1	0.5785402703506091	false	0	0
PT1-PR1	Inflammation_II	OID30430	2	2	1	0.9638608952373483	false	0	0
PT1-PR1	Cardiometabolic	OID20279	2	2	1	0.8534118446762324	false	0	0
PT1-PR1	Oncology	OID21328	2	2	1	0.2858293238383514	false	0	0
PT1-PR1	Neurology_II	OID30977	2	2	1	0.7593911408727313	false	0	0
PT1-PR1	Oncology_II	OID31369	2	2	1	0.6160814582788938	false	0	0
PT1-PR1	Inflammation_II	OID30455	2	2	1	0.6985613691177467	false	0	0
PT1-PR1	Oncology_II	OID31197	2	2	1	0.9043515731466725	false	0	0
PT1-PR1	Neurology_II	OID30834	2	2	1	0.9284924568666642	false	0	0
PT1-PR1	Inflammation	OID20571	2	2	1	0.9622827519629863	false	0	0
PT1-PR1	Cardiometabolic_II	OID30225	2	2	1	0.2472453453292038	false	0	0
PT1-PR1	Inflammation	OID20490	2	2	1	0.9293818768674351	false	0	0
PT1-PR1	Oncology_II	OID31497	2	2	1	0.24766451270971584	false	0	0
PT1-PR1	Oncology	OID21220	2	2	1	0.3026201110175475	false	0	0
PT1-PR1	Inflammation	OID20507	2	2	1	0.3821952612170406	false	0	0
PT1-PR1	Cardiometabolic	OID20192	2	2	1	0.13245572414749635	false	0	1
PT1-PR1	Neurology_II	OID30825	2	2	1	0.8451496270822559	false	0	0
PT1-PR1	Cardiometabolic_II	OID30290	2	2	1	0.42793670176773585	false	0	0
PT1-PR1	Cardiometabolic_II	OID30233	2	2	1	0.9748462983536845	false	0	0
PT1-PR1	Inflammation	OID20616	2	2	1	0.22191281459923173	false	0	0
PT1-PR1	Oncology_II	OID31482	2	2	1	0.18170757096257256	false	0	0
PT1-PR1	Cardiometabolic	OID20342	2	2	1	0.7117894521464734	false	0	0
PT1-PR1	Inflammation_II	OID30465	2	2	1	0.4289348706207198	false	0	0
PT1-PR1	Inflammation_II	OID30545	2	2	1	0.9748462983536845	false	0	0
PT1-PR1	Inflammation	OID20602	2	2	1	0.3167716917376624	false	0	0
PT1-PR1	Oncology_II	OID31278	2	2	1	0.5984213487152399	false	0	0
PT1-PR1	Neurology	OID21070	2	2	1	0.47479719749016064	false	0	0
PT1-PR1	Neurology_II	OID30828	2	2	1	0.2044984311175195	false	0	0
PT1-PR1	Oncology_II	OID31349	2	2	1	0.20591960527563014	false	0	0
PT1-PR1	Cardiometabolic	OID20278	2	2	1	0.3384853663175607	false	0	0
PT1-PR1	Cardiometabolic	OID20316	2	2	1	0.9170689209537634	false	0	0
PT1-PR1	Cardiometabolic_II	OID30282	2	2	1	0.3213950298926833	false	0	0
PT1-PR1	Neurology_II	OID30981	2	2	1	0.43794522326766905	false	0	0
PT1-PR1	Inflammation	OID20688	2	2	1	0.20252457753886394	false	0	0
PT1-PR1	Cardiometabolic	OID20362	2	2	1	0.5549961595954446	false	0	0
PT1-PR1	Oncology	OID21499	2	2	1	0.6113044930198906	false	0	0
PT1-PR1	Inflammation	OID20436	2	2	1	0.6247929926113869	false	0	0
PT1-PR1	Inflammation	OID20584	2	2	1	0.1580847658673264	false	0	0
PT1-PR1	Neurology	OID21025	2	2	1	0.8010702413316375	false	0	0
PT1-PR1	Neurology_II	OID30815	2	2	1	0.8519369788092215	false	0	0
PT1-PR1	Cardiometabolic_II	OID30349	2	2	1	0.40658693249112277	false	0	0
PT1-PR1	Neurology_II	OID30826	2	2	1	0.642258017569023	false	0	0
PT1-PR1	Neurology_II	OID30876	2	2	1	0.9056425616263463	false	0	0
PT1-PR1	Inflammation_II	OID30551	2	2	1	0.2983170113804272	false	0	0
PT1-PR1	Oncology	OID21195	2	2	1	0.6622101474554118	false	0	0
PT1-PR1	Neurology	OID20915	2	2	1	0.7683961001035383	false	0	0
PT1-PR1	Oncology_II	OID31386	2	2	1	0.17146746900879323	false	0	0
PT1-PR1	Neurology_II	OID31023	2	2	1	0.6827097922419272	false	0	0
PT1-PR1	Oncology	OID21279	2	2	1	0.7411894298834747	false	0	0
PT1-PR1	Oncology_II	OID31397	2	2	1	0.16058218162856164	false	0	0
PT1-PR1	Cardiometabolic	OID20180	2	2	1	0.1879239673091708	false	0	0
PT1-PR1	Inflammation_II	OID30421	2	2	1	0.7051209296800323	false	0	0
PT1-PR1	Cardiometabolic_II	OID30393	2	2	1	0.9170689209537634	false	0	0
PT1-PR1	Oncology	OID21161	2	2	1	0.7016740357957005	false	0	0
PT1-PR1	Inflammation_II	OID30687	2	2	1	0.9258422409472196	false	0	0
PT1-PR1	Neurology_II	OID31157	2	2	1	0.545251195873549	false	0	0
PT1-PR1	Inflammation	OID20552	2	2	1	0.20252457753886394	false	0	0
PT1-PR1	Cardiometabolic_II	OID30217	2	2	1	0.8626662272675986	false	0	0
PT1-PR1	Inflammation_II	OID30515	2	2	1	0.8937681928979396	false	0	0
PT1-PR1	Neurology	OID20840	2	2	1	0.8621005794957188	false	0	0
PT1-PR1	Cardiometabolic	OID20175	2	2	1	0.8168205977969728	false	0	0
PT1-PR1	Neurology	OID20797	2	2	1	0.9284924568666642	false	0	0
PT1-PR1	Inflammation	OID20783	2	2	1	0.1580847658673264	false	0	0
PT1-PR1	Oncology_II	OID31379	2	2	1	0.6162949482377682	false	0	0
PT1-PR1	Neurology_II	OID30967	2	2	1	0.8255129178886152	false	0	0
PT1-PR1	Oncology	OID21299	2	2	1	0.4675795227104666	false	0	0
PT1-PR1	Neurology	OID21157	2	2	1	0.532614606147842	false	0	0
PT1-PR1	Oncology_II	OID31440	2	2	1	0.13245572414749635	false	0	0
PT1-PR1	Oncology_II	OID31165	2	2	1	0.9117959496082911	false	0	0
PT1-PR1	Cardiometabolic_II	OID30208	2	2	1	0.9258422409472196	false	0	0
PT1-PR1	Neurology_II	OID30869	2	2	1	0.6839430789082684	false	0	0
PT1-PR1	Oncology_II	OID31241	2	2	1	0.9421733947746201	false	0	0
PT1-PR1	Cardiometabolic_II	OID30268	2	2	1	0.29703827515148623	false	0	0
PT1-PR1	Neurology_II	OID30973	2	2	1	0.6985613691177467	false	0	0
PT1-PR1	Inflammation	OID20510	2	2	1	0.5570827462602775	false	0	0
PT1-PR1	Oncology_II	OID31416	2	2	1	0.5951760483874294	false	0	0
PT1-PR1	Oncology	OID21318	2	2	1	0.8777618404745446	false	0	0
PT1-PR1	Oncology_II	OID31243	2	2	1	0.6712699366406947	false	0	0
PT1-PR1	Oncology_II	OID31409	2	2	1	0.3797418713267157	false	0	0
PT1-PR1	Oncology	OID21453	2	2	1	0.9032999384674076	false	0	0
PT1-PR1	Cardiometabolic_II	OID30173	2	2	1	0.4439796539566261	false	0	0
PT1-PR1	Inflammation	OID20503	2	2	1	0.49372831911524434	false	0	0
PT1-PR1	Cardiometabolic	OID20142	2	2	1	0.2606827379882813	false	0	0
PT1-PR1	Cardiometabolic	OID20404	2	2	1	0.5640127274393067	false	0	0
PT1-PR1	Neurology	OID21030	2	2	1	0.6467408449683123	false	0	0
PT1-PR1	Cardiometabolic	OID20354	2	2	1	0.47706580021856515	false	0	0
PT1-PR1	Cardiometabolic_II	OID30379	2	2	1	0.5548427053900193	false	0	0
PT1-PR1	Cardiometabolic_II	OID30082	2	2	1	0.6423376268951515	false	0	0
PT1-PR1	Oncology	OID21287	2	2	1	0.21537709065064028	false	0	0
PT1-PR1	Cardiometabolic	OID20125	2	2	1	0.870442244397099	false	0	0
PT1-PR1	Oncology	OID21188	2	2	1	0.8534118446762324	false	0	0
PT1-PR1	Cardiometabolic_II	OID30102	2	2	1	0.6749128371476532	false	0	0
PT1-PR1	Inflammation	OID20613	2	2	1	0.5797037768246115	false	0	0
PT1-PR1	Oncology	OID21329	2	2	1	0.6328501639491518	false	0	0
PT1-PR1	Oncology	OID21521	2	2	1	0.13628675704029572	false	0	1
PT1-PR1	Inflammation_II	OID30423	2	2	1	0.447656583174977	false	0	0
PT1-PR1	Cardiometabolic	OID20415	2	2	1	0.6684315525029902	false	0	0
PT1-PR1	Inflammation	OID20471	2	2	1	0.6160814582788938	false	0	0
PT1-PR1	Cardiometabolic	OID20407	2	2	1	0.5011465706670591	false	0	0
PT1-PR1	Inflammation_II	OID30595	2	2	1	0.9905276709075723	false	0	0
PT1-PR1	Inflammation	OID20660	2	2	1	0.126713392787382	false	0	0
PT1-PR1	Inflammation_II	OID30509	2	2	1	0.8115082360526054	false	0	0
PT1-PR1	Oncology	OID21361	2	2	1	0.2858293238383514	false	0	0
PT1-PR1	Cardiometabolic_II	OID30292	2	2	1	0.6463349511466591	false	0	0
PT1-PR1	Oncology	OID21498	2	2	1	0.3213950298926833	false	0	0
PT1-PR1	Neurology_II	OID30986	2	2	1	0.9531084571792157	false	0	0
PT1-PR1	Inflammation_II	OID30584	2	2	1	0.263686767087459	false	0	0
PT1-PR1	Inflammation_II	OID30652	2	2	1	0.13245572414749635	false	0	0
PT1-PR1	Cardiometabolic	OID20248	2	2	1	0.33104379552189445	false	0	0
PT1-PR1	Cardiometabolic	OID20310	2	2	1	0.5549961595954446	false	0	0
PT1-PR1	Cardiometabolic_II	OID30414	2	2	1	0.4851579798250568	false	0	0
PT1-PR1	Inflammation	OID20675	2	2	1	0.6697343548598681	false	0	0
PT1-PR1	Neurology_II	OID31048	2	2	1	0.25724200764532806	false	0	0
PT1-PR1	Neurology	OID20924	2	2	1	0.04871692006978671	true	1	1
PT1-PR1	Neurology_II	OID30969	2	2	1	0.31487407659015865	false	0	0
PT1-PR1	Oncology	OID21309	2	2	1	0.43538131057020074	false	0	0
PT1-PR1	Neurology	OID21069	2	2	1	0.4703485514281814	false	0	0
PT1-PR1	Oncology	OID21297	2	2	1	0.13245572414749635	false	0	1
PT1-PR1	Cardiometabolic	OID20308	2	2	1	0.6947070923250315	false	0	0
PT1-PR1	Oncology	OID21399	2	2	1	0.5826324126828418	false	0	0
PT1-PR1	Cardiometabolic	OID20212	2	2	1	0.6252099050136118	false	0	0
PT1-PR1	Inflammation	OID20683	2	2	1	0.22551429244478366	false	0	0
PT1-PR1	Cardiometabolic_II	OID30384	2	2	1	0.7047524970652931	false	0	0
PT1-PR1	Inflammation	OID20494	2	2	1	0.7051259090614398	false	0	0
PT1-PR1	Inflammation	OID20460	2	2	1	0.7278712198992003	false	0	0
PT1-PR1	Inflammation_II	OID30489	2	2	1	0.7500365578313959	false	0	0
PT1-PR1	Neurology	OID20904	2	2	1	0.7500365578313959	false	0	0
PT1-PR1	Inflammation_II	OID30517	2	2	1	0.8796330121560532	false	0	0
PT1-PR1	Inflammation	OID20588	2	2	1	0.1879239673091708	false	0	0
PT1-PR1	Cardiometabolic_II	OID30270	2	2	1	0.6777986689937695	false	0	0
PT1-PR1	Inflammation_II	OID30583	2	2	1	0.9034208944851988	false	0	0
PT1-PR1	Oncology_II	OID31430	2	2	1	0.9258422409472196	false	0	0
PT1-PR1	Neurology_II	OID30940	2	2	1	0.9922373647433073	false	0	0
PT1-PR1	Inflammation_II	OID30535	2	2	1	0.8994774256760435	false	0	0
PT1-PR1	Cardiometabolic	OID20068	2	2	1	0.9986281333501009	false	0	0
PT1-PR1	Neurology_II	OID31145	2	2	1	0.7024240633570628	false	0	0
PT1-PR1	Cardiometabolic	OID20157	2	2	1	0.2478808981104473	false	0	0
PT1-PR1	Oncology_II	OID31456	2	2	1	0.8205801602098044	false	0	0
PT1-PR1	Neurology	OID20951	2	2	1	0.8270717054761594	false	0	0
PT1-PR1	Oncology	OID21482	2	2	1	0.8866068408381098	false	0	0
PT1-PR1	Oncology_II	OID31376	2	2	1	0.9044109840540877	false	0	0
PT1-PR1	Inflammation	OID20610	2	2	1	0.9837726821634117	false	0	0
PT1-PR1	Inflammation_II	OID30664	2	2	1	0.30411539809549465	false	0	0
PT1-PR1	Neurology_II	OID31040	2	2	1	0.29544507895651473	false	0	0
PT1-PR1	Oncology	OID21519	2	2	1	0.8451496270822559	false	0	0
PT1-PR1	Oncology_II	OID31331	2	2	1	0.9283610911472951	false	0	0
PT1-PR1	Neurology_II	OID31152	2	2	1	0.9506205331208784	false	0	0
PT1-PR1	Cardiometabolic	OID20383	2	2	1	0.38667618544054505	false	0	0
PT1-PR1	Inflammation_II	OID30731	2	2	1	0.6727042500630819	false	0	0
PT1-PR1	Neurology	OID20916	2	2	1	0.7924826018280086	false	0	0
PT1-PR1	Neurology_II	OID31061	2	2	1	0.5097456582390626	false	0	0
PT1-PR1	Inflammation_II	OID30632	2	2	1	0.9042039836041014	false	0	0
PT1-PR1	Inflammation	OID20461	2	2	1	0.3351952019781536	false	0	0
PT1-PR1	Oncology_II	OID31487	2	2	1	0.29781255742742246	false	0	0
PT1-PR1	Inflammation_II	OID30567	2	2	1	0.40591406614067066	false	0	0
PT1-PR1	Inflammation_II	OID30596	2	2	1	0.4074828647512426	false	0	0
PT1-PR1	Oncology	OID21270	2	2	1	0.8560533710438442	false	0	0
PT1-PR1	Neurology	OID20894	2	2	1	0.7324676564515328	false	0	0
PT1-PR1	Inflammation	OID20562	2	2	1	0.7053714014902638	false	0	0
PT1-PR1	Cardiometabolic_II	OID30202	2	2	1	0.9542787808462618	false	0	0
PT1-PR1	Cardiometabolic_II	OID30248	2	2	1	0.24454706870110388	false	0	0
PT1-PR1	Cardiometabolic_II	OID30195	2	2	1	0.9408582690468619	false	0	0
PT1-PR1	Neurology_II	OID31047	2	2	1	0.9557876334426331	false	0	0
PT1-PR1	Cardiometabolic	OID20086	2	2	1	0.3632335129990919	false	0	0
PT1-PR1	Oncology_II	OID31332	2	2	1	0.6384055711049111	false	0	0
PT1-PR1	Neurology_II	OID31147	2	2	1	0.2182963411986425	false	0	0
PT1-PR1	Neurology	OID20836	2	2	1	0.5005027952366357	false	0	0
PT1-PR1	Cardiometabolic_II	OID30241	2	2	1	0.38248972835972883	false	0	0
PT1-PR1	Cardiometabolic_II	OID30274	2	2	1	0.4214768127980317	false	0	0
PT1-PR1	Oncology_II	OID31159	2	2	1	0.8588199177268666	false	0	0
PT1-PR1	Oncology	OID21505	2	2	1	0.8534560473999538	false	0	0
PT1-PR1	Oncology_II	OID31340	2	2	1	0.8079392938428258	false	0	0
PT1-PR1	Inflammation	OID20624	2	2	1	0.10218566111478254	false	0	0
PT1-PR1	Inflammation	OID20553	2	2	1	0.20252457753886394	false	0	0
PT1-PR1	Cardiometabolic_II	OID30396	2	2	1	0.31323041041405403	false	0	0
PT1-PR1	Neurology_II	OID31130	2	2	1	0.41227594105962695	false	0	0
PT1-PR1	Inflammation	OID20635	2	2	1	0.126713392787382	false	0	0
PT1-PR1	Inflammation	OID20628	2	2	1	0.19557345994543077	false	0	0
PT1-PR1	Inflammation_II	OID30524	2	2	1	0.3230514571943113	false	0	0
PT1-PR1	Cardiometabolic_II	OID30380	2	2	1	0.5826324126828418	false	0	0
PT1-PR1	Oncology	OID21502	2	2	1	0.5283511686112629	false	0	0
PT1-PR1	Neurology_II	OID30819	2	2	1	0.6858351008133986	false	0	0
PT1-PR1	Inflammation_II	OID30549	2	2	1	0.2814084060297926	false	0	0
PT1-PR1	Cardiometabolic_II	OID30335	2	2	1	0.24506165518077414	false	0	0
PT1-PR1	Oncology	OID21429	2	2	1	0.6247929926113869	false	0	0
PT1-PR1	Oncology	OID21252	2	2	1	0.879303713184054	false	0	0
PT1-PR1	Inflammation_II	OID30433	2	2	1	0.13245572414749635	false	0	0
PT1-PR1	Cardiometabolic	OID20205	2	2	1	0.23003171250758833	false	0	0
PT1-PR1	Inflammation	OID20589	2	2	1	0.31487407659015865	false	0	0
PT1-PR1	Neurology_II	OID31081	2	2	1	0.21800963362928164	false	0	0
PT1-PR1	Neurology	OID21020	2	2	1	0.4226774518811643	false	0	0
PT1-PR1	Cardiometabolic	OID20214	2	2	1	0.17798116371289754	false	0	0
PT1-PR1	Cardiometabolic	OID20181	2	2	1	0.3026201110175475	false	0	0
PT1-PR1	Cardiometabolic_II	OID30108	2	2	1	0.47310414493000563	false	0	0
PT1-PR1	Oncology	OID21172	2	2	1	0.856767585668284	false	0	0
PT1-PR1	Cardiometabolic	OID20202	2	2	1	0.0924965613318068	false	0	1
PT1-PR1	Oncology	OID21326	2	2	1	0.1873223343467619	false	0	0
PT1-PR1	Cardiometabolic_II	OID30231	2	2	1	0.4961699303001338	false	0	0
PT1-PR1	Cardiometabolic_II	OID30145	2	2	1	0.28125263982963283	false	0	0
PT1-PR1	Cardiometabolic_II	OID30193	2	2	1	0.5998131769617217	false	0	0
PT1-PR1	Neurology	OID20883	2	2	1	0.37603465512651757	false	0	0
PT1-PR1	Cardiometabolic_II	OID30281	2	2	1	0.6113044930198906	false	0	0
PT1-PR1	Oncology	OID21342	2	2	1	0.8082658135781361	false	0	0
PT1-PR1	Cardiometabolic_II	OID30187	2	2	1	0.8882760281987468	false	0	0
PT1-PR1	Neurology_II	OID31141	2	2	1	0.5797037768246115	false	0	0
PT1-PR1	Cardiometabolic	OID20329	2	2	1	0.7063338092377032	false	0	0
PT1-PR1	Oncology_II	OID31269	2	2	1	0.9130239298497946	false	0	0
PT1-PR1	Cardiometabolic_II	OID30175	2	2	1	0.9170689209537634	false	0	0
PT1-PR1	Cardiometabolic	OID20267	2	2	1	0.9350388878801952	false	0	0
PT1-PR1	Neurology	OID21023	2	2	1	0.2603228448549083	false	0	0
PT1-PR1	Oncology	OID21434	2	2	1	0.43794522326766905	false	0	0
PT1-PR1	Oncology	OID21359	2	2	1	0.7833294911363183	false	0	0
PT1-PR1	Neurology_II	OID30959	2	2	1	0.8970100999795196	false	0	0
PT1-PR1	Cardiometabolic	OID20312	2	2	1	0.90507554582413	false	0	0
PT1-PR1	Inflammation_II	OID30550	2	2	1	0.9748462983536845	false	0	0
PT1-PR1	Neurology	OID21103	2	2	1	0.9170689209537634	false	0	0
PT1-PR1	Oncology	OID21500	2	2	1	0.1860244144517902	false	0	0
PT1-PR1	Neurology_II	OID31077	2	2	1	0.918996491917309	false	0	0
PT1-PR1	Inflammation	OID20744	2	2	1	0.9440881422567806	false	0	0
PT1-PR1	Neurology	OID21039	2	2	1	0.38067982598526734	false	0	0
PT1-PR1	Cardiometabolic_II	OID30313	2	2	1	0.23409147662705274	false	0	0
PT1-PR1	Inflammation_II	OID30536	2	2	1	0.31838012626964723	false	0	0
PT1-PR1	Inflammation_II	OID30484	2	2	1	0.827188043332369	false	0	0
PT1-PR1	Inflammation	OID20522	2	2	1	0.5283511686112629	false	0	0
PT1-PR1	Oncology_II	OID31219	2	2	1	0.7367367471841474	false	0	0
PT1-PR1	Neurology	OID20825	2	2	1	0.9398840363485746	false	0	0
PT1-PR1	Inflammation_II	OID30451	2	2	1	0.7824539115564167	false	0	0
PT1-PR1	Cardiometabolic	OID20095	2	2	1	0.5984213487152399	false	0	0
PT1-PR1	Neurology_II	OID30799	2	2	1	0.9546195062355417	false	0	0
PT1-PR1	Oncology	OID21290	2	2	1	0.9558530380725615	false	0	0
PT1-PR1	Neurology	OID21093	2	2	1	0.8534118446762324	false	0	0
PT1-PR1	Cardiometabolic_II	OID30264	2	2	1	0.5406596634556073	false	0	0
PT1-PR1	Oncology	OID21182	2	2	1	0.9877247598786855	false	0	0
PT1-PR1	Cardiometabolic	OID20167	2	2	1	0.2403130125506639	false	0	0
PT1-PR1	Inflammation_II	OID30464	2	2	1	0.16058218162856164	false	0	0
PT1-PR1	Cardiometabolic	OID20323	2	2	1	0.4768077784068218	false	0	0
PT1-PR1	Neurology	OID21140	2	2	1	0.1580847658673264	false	0	1
PT1-PR1	Neurology_II	OID31083	2	2	1	0.5839116495240747	false	0	0
PT1-PR1	Oncology_II	OID31514	2	2	1	0.8790098495128726	false	0	0
PT1-PR1	Oncology	OID21242	2	2	1	0.4392511516345002	false	0	0
PT1-PR1	Cardiometabolic	OID20056	2	2	1	0.9841356341591918	false	0	0
PT1-PR1	Inflammation	OID20449	2	2	1	0.8995098832602696	false	0	0
PT1-PR1	Inflammation_II	OID30663	2	2	1	0.36916078553248977	false	0	0
PT1-PR1	Oncology	OID21509	2	2	1	0.13245572414749635	false	0	0
PT1-PR1	Cardiometabolic	OID20332	2	2	1	0.20252457753886394	false	0	0
PT1-PR1	Cardiometabolic	OID20190	2	2	1	0.5140288087465964	false	0	0
PT1-PR1	Inflammation_II	OID30649	2	2	1	0.287969820168074	false	0	0
PT1-PR1	Oncology	OID21416	2	2	1	0.4703485514281814	false	0	0
PT1-PR1	Oncology_II	OID31489	2	2	1	0.3316495208313242	false	0	0
PT1-PR1	Inflammation	OID20716	2	2	1	0.6683498324845235	false	0	0
PT1-PR1	Oncology_II	OID31391	2	2	1	0.7376858293634059	false	0	0
PT1-PR1	Oncology	OID21450	2	2	1	0.8913418004616522	false	0	0
PT1-PR1	Cardiometabolic	OID20197	2	2	1	0.5469219668213468	false	0	0
PT1-PR1	Cardiometabolic_II	OID30390	2	2	1	0.4652804152849979	false	0	0
PT1-PR1	Cardiometabolic	OID20328	2	2	1	0.18170757096257256	false	0	0
PT1-PR1	Neurology_II	OID31055	2	2	1	0.9368177868820646	false	0	0
PT1-PR1	Neurology_II	OID31056	2	2	1	0.16058218162856164	false	0	0
PT1-PR1	Inflammation_II	OID30476	2	2	1	0.9421733947746201	false	0	0
PT1-PR1	Neurology	OID20814	2	2	1	0.361779265704067	false	0	0
PT1-PR1	Cardiometabolic	OID20286	2	2	1	0.20208599072969813	false	0	0
PT1-PR1	Neurology	OID21046	2	2	1	0.29703827515148623	false	0	0
PT1-PR1	Neurology	OID21036	2	2	1	0.1607836095052691	false	0	0
PT1-PR1	Neurology_II	OID31151	2	2	1	0.0713602049943572	false	0	1
PT1-PR1	Neurology_II	OID30866	2	2	1	0.43386602399410484	false	0	0
PT1-PR1	Neurology	OID20956	2	2	1	0.2581595471999848	false	0	0
PT1-PR1	Oncology_II	OID31485	2	2	1	0.19557345994543077	false	0	0
PT1-PR1	Cardiometabolic_II	OID30246	2	2	1	0.46690046372357424	false	0	0
PT1-PR1	Cardiometabolic_II	OID30413	2	2	1	0.5478660419465804	false	0	0
PT1-PR1	Neurology_II	OID31014	2	2	1	0.5826324126828418	false	0	0
PT1-PR1	Inflammation	OID20437	2	2	1	0.6777986689937695	false	0	0
PT1-PR1	Neurology	OID20979	2	2	1	0.13434595592260076	false	0	0
PT1-PR1	Cardiometabolic_II	OID30091	2	2	1	0.5984213487152399	false	0	0
PT1-PR1	Neurology	OID21159	2	2	1	0.32065038461049544	false	0	0
PT1-PR1	Cardiometabolic	OID20376	2	2	1	0.6857963720367243	false	0	0
PT1-PR1	Neurology_II	OID30919	2	2	1	0.7053049174763598	false	0	0
PT1-PR1	Inflammation_II	OID30495	2	2	1	0.716412923087348	false	0	0
PT1-PR1	Inflammation	OID20426	2	2	1	0.8172165490670741	false	0	0
PT1-PR1	Cardiometabolic	OID20107	2	2	1	0.8448131827854107	false	0	0
PT1-PR1	Oncology	OID21262	2	2	1	0.8534118446762324	false	0	0
PT1-PR1	Oncology	OID21363	2	2	1	0.9057955058732099	false	0	0
PT1-PR1	Inflammation_II	OID30506	2	2	1	0.5707254032848775	false	0	0
PT1-PR1	Inflammation	OID20596	2	2	1	0.918996491917309	false	0	0
PT1-PR1	Oncology	OID21358	2	2	1	0.8766910127143397	false	0	0
PT1-PR1	Neurology	OID20933	2	2	1	0.9758711404665182	false	0	0
PT1-PR1	Oncology_II	OID31427	2	2	1	0.1607836095052691	false	0	0
PT1-PR1	Neurology	OID20895	2	2	1	0.31487407659015865	false	0	0
PT1-PR1	Neurology_II	OID30951	2	2	1	0.42793670176773585	false	0	0
PT1-PR1	Cardiometabolic	OID20318	2	2	1	0.9511826843031006	false	0	0
PT1-PR1	Cardiometabolic	OID20102	2	2	1	0.3232669105078119	false	0	0
PT1-PR1	Neurology	OID20870	2	2	1	0.2478808981104473	false	0	0
PT1-PR1	Neurology	OID20805	2	2	1	0.43494921041379375	false	0	0
PT1-PR1	Inflammation	OID20476	2	2	1	0.3074652619258547	false	0	0
PT1-PR1	Cardiometabolic	OID20358	2	2	1	0.4745547465745364	false	0	0
PT1-PR1	Oncology_II	OID31203	2	2	1	0.5529680705195447	false	0	0
PT1-PR1	Oncology	OID21331	2	2	1	0.5892237650859382	false	0	0
PT1-PR1	Neurology_II	OID30852	2	2	1	0.9293818768674351	false	0	0
PT1-PR1	Oncology_II	OID31484	2	2	1	0.2337783341931036	false	0	0
PT1-PR1	Oncology	OID21298	2	2	1	0.4686880630811272	false	0	0
PT1-PR1	Oncology_II	OID31374	2	2	1	0.47706580021856515	false	0	0
PT1-PR1	Inflammation_II	OID30463	2	2	1	0.8620430951040879	false	0	0
PT1-PR1	Cardiometabolic_II	OID30232	2	2	1	0.7737909665218179	false	0	0
PT1-PR1	Oncology	OID21397	2	2	1	0.26173984481135054	false	0	0
PT1-PR1	Inflammation	OID20524	2	2	1	0.933109704034074	false	0	0
PT1-PR1	Cardiometabolic_II	OID30348	2	2	1	0.24669092772415877	false	0	0
PT1-PR1	Inflammation_II	OID30665	2	2	1	0.34020880062287584	false	0	0
PT1-PR1	Inflammation	OID20738	2	2	1	0.16058218162856164	false	0	0
PT1-PR1	Oncology_II	OID31182	2	2	1	0.831973195711398	false	0	0
PT1-PR1	Oncology_II	OID31407	2	2	1	0.9258422409472196	false	0	0
PT1-PR1	Inflammation_II	OID30546	2	2	1	0.27390017268661127	false	0	0
PT1-PR1	Oncology_II	OID31524	2	2	1	0.2749983407881135	false	0	0
PT1-PR1	Oncology_II	OID31199	2	2	1	0.4847446540489688	false	0	0
PT1-PR1	Neurology	OID20855	2	2	1	0.634017586923037	false	0	0
PT1-PR1	Inflammation_II	OID30730	2	2	1	0.8520571965372096	false	0	0
PT1-PR1	Oncology_II	OID31354	2	2	1	0.9691852771791897	false	0	0
PT1-PR1	Oncology_II	OID31415	2	2	1	0.17795102772492177	false	0	0
PT1-PR1	Cardiometabolic_II	OID30294	2	2	1	0.2905237858969725	false	0	0
PT1-PR1	Inflammation_II	OID30734	2	2	1	0.36190425947815835	false	0	0
PT1-PR1	Oncology_II	OID31258	2	2	1	0.5121577500587207	false	0	0
PT1-PR1	Cardiometabolic_II	OID30060	2	2	1	0.24506165518077414	false	0	0
PT1-PR1	Cardiometabolic_II	OID30402	2	2	1	0.4851579798250568	false	0	0
PT1-PR1	Inflammation_II	OID30425	2	2	1	0.38519150472792557	false	0	0
PT1-PR1	Neurology	OID20919	2	2	1	0.2772284023946699	false	0	0
PT1-PR1	Oncology	OID21494	2	2	1	0.20240610399962683	false	0	0
PT1-PR1	Oncology_II	OID31446	2	2	1	0.23532773352499034	false	0	0
PT1-PR1	Neurology	OID21090	2	2	1	0.6616584184314712	false	0	0
PT1-PR1	Neurology_II	OID30990	2	2	1	0.7496558826679998	false	0	0
PT1-PR1	Neurology_II	OID30793	2	2	1	0.870496066083823	false	0	0
PT1-PR1	Inflammation_II	OID30647	2	2	1	0.4686880630811272	false	0	0
PT1-PR1	Neurology_II	OID30844	2	2	1	0.3631437404635384	false	0	0
PT1-PR1	Inflammation	OID20427	2	2	1	0.60953502817604	false	0	0
PT1-PR1	Inflammation_II	OID30749	2	2	1	0.5892237650859382	false	0	0
PT1-PR1	Inflammation	OID20657	2	2	1	0.9258422409472196	false	0	0
PT1-PR1	Neurology	OID20854	2	2	1	0.6043733302914638	false	0	0
PT1-PR1	Oncology_II	OID31365	2	2	1	0.9526236186728708	false	0	0
PT1-PR1	Oncology_II	OID31262	2	2	1	0.6985613691177467	false	0	0
PT1-PR1	Oncology	OID21200	2	2	1	0.308607838802471	false	0	0
PT1-PR1	Inflammation_II	OID30768	2	2	1	0.9421733947746201	false	0	0
PT1-PR1	Neurology_II	OID30841	2	2	1	0.928208587992318	false	0	0
PT1-PR1	Inflammation_II	OID30661	2	2	1	0.9841356341591918	false	0	0
PT1-PR1	Cardiometabolic	OID20171	2	2	1	0.262829699335581	false	0	0
PT1-PR1	Oncology	OID21460	2	2	1	0.24663336281814996	false	0	0
PT1-PR1	Inflammation_II	OID30478	2	2	1	0.18170757096257256	false	0	0
PT1-PR1	Oncology_II	OID31373	2	2	1	0.13245572414749635	false	0	0
PT1-PR1	Inflammation	OID20731	2	2	1	0.3098625660310689	false	0	0
PT1-PR1	Inflammation_II	OID30579	2	2	1	0.26793286059760085	false	0	0
PT1-PR1	Cardiometabolic	OID20207	2	2	1	0.13245572414749635	false	0	1
PT1-PR1	Oncology	OID21165	2	2	1	0.47706580021856515	false	0	0
PT1-PR1	Oncology_II	OID31402	2	2	1	0.5689114484272673	false	0	0
PT1-PR1	Inflammation	OID20766	2	2	1	0.8882760281987468	false	0	0
PT1-PR1	Oncology	OID21277	2	2	1	0.9044109840540877	false	0	0
PT1-PR1	Inflammation	OID20438	2	2	1	0.6179974751668134	false	0	0
PT1-PR1	Neurology	OID21062	2	2	1	0.9044109840540877	false	0	0
PT1-PR1	Neurology_II	OID31012	2	2	1	0.7480521406008305	false	0	0
PT1-PR1	Inflammation	OID20703	2	2	1	0.005640339336324907	true	2	2
PT1-PR1	Cardiometabolic_II	OID30330	2	2	1	0.10218566111478254	false	0	0
PT1-PR1	Neurology_II	OID31071	2	2	1	0.16229553232400104	false	0	0
PT1-PR1	Neurology	OID20866	2	2	1	0.37730147137714454	false	0	0
PT1-PR1	Cardiometabolic	OID20077	2	2	1	0.5826324126828418	false	0	0
PT1-PR1	Neurology	OID20820	2	2	1	0.6894021170804109	false	0	0
PT1-PR1	Oncology_II	OID31188	2	2	1	0.9203725168553902	false	0	0
PT1-PR1	Oncology_II	OID31466	2	2	1	0.23368842595581843	false	0	0
PT1-PR1	Cardiometabolic_II	OID30204	2	2	1	0.46873403719894485	false	0	0
PT1-PR1	Oncology	OID21462	2	2	1	0.9091161222172509	false	0	0
PT1-PR1	Cardiometabolic	OID20368	2	2	1	0.10218566111478254	false	0	0
PT1-PR1	Cardiometabolic_II	OID30084	2	2	1	0.9761541754617213	false	0	0
PT1-PR1	Neurology	OID20869	2	2	1	0.3296238050186713	false	0	0
PT1-PR1	Oncology_II	OID31335	2	2	1	0.20240610399962683	false	0	0
PT1-PR1	Cardiometabolic_II	OID30126	2	2	1	0.9922373647433073	false	0	0
PT1-PR1	Cardiometabolic_II	OID30151	2	2	1	0.20786128426204795	false	0	0
PT1-PR1	Inflammation	OID20642	2	2	1	0.30411539809549465	false	0	0
PT1-PR1	Oncology	OID21215	2	2	1	0.4216712795060666	false	0	0
PT1-PR1	Inflammation	OID20587	2	2	1	0.6528565515007582	false	0	0
PT1-PR1	Neurology	OID21108	2	2	1	0.6693964718965115	false	0	0
PT1-PR1	Oncology_II	OID31467	2	2	1	0.460366631315535	false	0	0
PT1-PR1	Oncology_II	OID31266	2	2	1	0.7836855744857006	false	0	0
PT1-PR1	Cardiometabolic_II	OID30239	2	2	1	0.5797037768246115	false	0	0
PT1-PR1	Neurology	OID21144	2	2	1	0.8529963934304021	false	0	0
PT1-PR1	Oncology_II	OID31280	2	2	1	0.4953330015206969	false	0	0
PT1-PR1	Cardiometabolic_II	OID30086	2	2	1	0.6131161432388168	false	0	0
PT1-PR1	Oncology	OID21231	2	2	1	0.8693992651631284	false	0	0
PT1-PR1	Inflammation_II	OID30702	2	2	1	0.4026273903403381	false	0	0
PT1-PR1	Neurology	OID21031	2	2	1	0.1879239673091708	false	0	0
PT1-PR1	Neurology_II	OID30991	2	2	1	0.24669092772415877	false	0	0
PT1-PR1	Oncology_II	OID31495	2	2	1	0.3026201110175475	false	0	0
PT1-PR1	Neurology	OID20879	2	2	1	0.49497306064013247	false	0	0
PT1-PR1	Neurology_II	OID31051	2	2	1	0.5293749179715949	false	0	0
PT1-PR1	Neurology_II	OID30979	2	2	1	0.8115082360526054	false	0	0
PT1-PR1	Neurology	OID21098	2	2	1	0.7526860022034773	false	0	0
PT1-PR1	Inflammation_II	OID30580	2	2	1	0.2849651761192182	false	0	0
PT1-PR1	Cardiometabolic_II	OID30218	2	2	1	0.830033955560778	false	0	0
PT1-PR1	Neurology_II	OID30996	2	2	1	0.6698072874265902	false	0	0
PT1-PR1	Oncology	OID21372	2	2	1	0.8708243453580182	false	0	0
PT1-PR1	Neurology_II	OID31143	2	2	1	0.892021833911983	false	0	0
PT1-PR1	Oncology_II	OID31202	2	2	1	0.9398298692907944	false	0	0
PT1-PR1	Cardiometabolic_II	OID30148	2	2	1	0.9580805560399106	false	0	0
PT1-PR1	Inflammation	OID20539	2	2	1	0.1470856944478668	false	0	0
PT1-PR1	Inflammation	OID20547	2	2	1	0.9840193040114222	false	0	0
PT1-PR1	Inflammation_II	OID30604	2	2	1	0.8932888216945811	false	0	0
PT1-PR1	Inflammation_II	OID30432	2	2	1	0.8862333638067312	false	0	0
PT1-PR1	Oncology	OID21403	2	2	1	0.24766451270971584	false	0	0
PT1-PR1	Neurology_II	OID30807	2	2	1	0.60953502817604	false	0	0
PT1-PR1	Cardiometabolic_II	OID30059	2	2	1	0.8167369296525732	false	0	0
PT1-PR1	Cardiometabolic_II	OID30283	2	2	1	0.16231944524016573	false	0	1
PT1-PR1	Inflammation_II	OID30590	2	2	1	0.2698293843932463	false	0	0
PT1-PR1	Inflammation	OID20765	2	2	1	0.34914948197787826	false	0	0
PT1-PR1	Oncology_II	OID31525	2	2	1	0.16058218162856164	false	0	0
PT1-PR1	Oncology_II	OID31309	2	2	1	0.7755032805053309	false	0	0
PT1-PR1	Cardiometabolic	OID20154	2	2	1	0.8115082360526054	false	0	0
PT1-PR1	Cardiometabolic_II	OID30072	2	2	1	0.943116175586593	false	0	0
PT1-PR1	Cardiometabolic_II	OID30276	2	2	1	0.9583895142359148	false	0	0
PT1-PR1	Cardiometabolic_II	OID30255	2	2	1	0.9584424708657573	false	0	0
PT1-PR1	Inflammation	OID20430	2	2	1	0.42793670176773585	false	0	0
PT1-PR1	Oncology_II	OID31231	2	2	1	0.9170689209537634	false	0	0
PT1-PR1	Oncology_II	OID31166	2	2	1	0.9844602464838915	false	0	0
PT1-PR1	Inflammation_II	OID30725	2	2	1	0.44797563859252093	false	0	0
PT1-PR1	Oncology_II	OID31508	2	2	1	0.7953773383063393	false	0	0
PT1-PR1	Oncology_II	OID31403	2	2	1	0.9841356341591918	false	0	0
PT1-PR1	Neurology	OID21109	2	2	1	0.9993969426626491	false	0	0
PT1-PR1	Cardiometabolic_II	OID30157	2	2	1	0.9415839529352694	false	0	0
PT1-PR1	Oncology	OID21222	2	2	1	0.2627764193317631	false	0	0
PT1-PR1	Cardiometabolic_II	OID30306	2	2	1	0.42930478989738685	false	0	0
PT1-PR1	Oncology	OID21373	2	2	1	0.5436618412009127	false	0	0
PT1-PR1	Oncology_II	OID31454	2	2	1	0.430262153366714	false	0	0
PT1-PR1	Cardiometabolic	OID20320	2	2	1	0.8796330121560532	false	0	0
PT1-PR1	Inflammation_II	OID30666	2	2	1	0.39185868172773836	false	0	0
PT1-PR1	Cardiometabolic	OID20134	2	2	1	0.8937681928979396	false	0	0
PT1-PR1	Oncology_II	OID31185	2	2	1	0.9394332020598588	false	0	0
PT1-PR1	Oncology	OID21321	2	2	1	0.9421733947746201	false	0	0
PT1-PR1	Cardiometabolic	OID20087	2	2	1	0.25392364275635954	false	0	0
PT1-PR1	Inflammation_II	OID30764	2	2	1	0.5342154230547832	false	0	0
PT1-PR1	Cardiometabolic	OID20288	2	2	1	0.7486568275552513	false	0	0
PT1-PR1	Cardiometabolic	OID20302	2	2	1	0.7687821300873579	false	0	0
PT1-PR1	Inflammation_II	OID30620	2	2	1	0.2673348220248901	false	0	0
PT1-PR1	Oncology_II	OID31316	2	2	1	0.821873457004367	false	0	0
PT1-PR1	Inflammation_II	OID30658	2	2	1	0.29206133423704805	false	0	0
PT1-PR1	Oncology_II	OID31406	2	2	1	0.3316495208313242	false	0	0
PT1-PR1	Neurology_II	OID31137	2	2	1	0.933109704034074	false	0	0
PT1-PR1	Inflammation	OID20469	2	2	1	0.8795228110402316	false	0	0
PT1-PR1	Neurology_II	OID31092	2	2	1	0.2478808981104473	false	0	0
PT1-PR1	Neurology	OID20946	2	2	1	0.5826324126828418	false	0	0
PT1-PR1	Neurology	OID21149	2	2	1	0.6121573926880445	false	0	0
PT1-PR1	Neurology_II	OID30926	2	2	1	0.9605484970537589	false	0	0
PT1-PR1	Oncology	OID21334	2	2	1	0.37603465512651757	false	0	0
PT1-PR1	Cardiometabolic	OID20191	2	2	1	0.6381708692621839	false	0	0
PT1-PR1	Neurology_II	OID30906	2	2	1	0.7822366297318314	false	0	0
PT1-PR1	Oncology	OID21433	2	2	1	0.308607838802471	false	0	0
PT1-PR1	Neurology_II	OID30821	2	2	1	0.8017501189477829	false	0	0
PT1-PR1	Inflammation_II	OID30592	2	2	1	0.37265949732681036	false	0	0
PT1-PR1	Inflammation	OID20781	2	2	1	0.3482392696865071	false	0	0
PT1-PR1	Oncology_II	OID31167	2	2	1	0.8708243453580182	false	0	0
PT1-PR1	Neurology_II	OID30832	2	2	1	0.8346975310725804	false	0	0
PT1-PR1	Oncology	OID21345	2	2	1	0.905566967463548	false	0	0
PT1-PR1	Cardiometabolic	OID20241	2	2	1	0.25507621631412397	false	0	0
PT1-PR1	Cardiometabolic	OID20250	2	2	1	0.3143269525404156	false	0	0
PT1-PR1	Inflammation_II	OID30732	2	2	1	0.8801496574394138	false	0	0
PT1-PR1	Inflammation_II	OID30586	2	2	1	0.9177144822387032	false	0	0
PT1-PR1	Inflammation_II	OID30462	2	2	1	0.4464114133618473	false	0	0
PT1-PR1	Oncology_II	OID31382	2	2	1	0.312732167576426	false	0	0
PT1-PR1	Cardiometabolic_II	OID30353	2	2	1	0.37730147137714454	false	0	0
PT1-PR1	Cardiometabolic_II	OID30328	2	2	1	0.47706580021856515	false	0	0
PT1-PR1	Oncology_II	OID31521	2	2	1	0.08956288225290007	false	0	2
PT1-PR1	Neurology	OID21120	2	2	1	0.2658009761270766	false	0	0
PT1-PR1	Inflammation_II	OID30676	2	2	1	0.5061500220723686	false	0	0
PT1-PR1	Inflammation_II	OID30681	2	2	1	0.5549961595954446	false	0	0
PT1-PR1	Oncology_II	OID31191	2	2	1	0.5702363821276868	false	0	0
PT1-PR1	Cardiometabolic	OID20389	2	2	1	0.6149784434392116	false	0	0
PT1-PR1	Neurology_II	OID31032	2	2	1	0.6873135120828402	false	0	0
PT1-PR1	Oncology	OID21314	2	2	1	0.1879239673091708	false	0	0
PT1-PR1	Oncology	OID21316	2	2	1	0.2478808981104473	false	0	0
PT1-PR1	Oncology_II	OID31351	2	2	1	0.2671409703767259	false	0	0
PT1-PR1	Neurology	OID20958	2	2	1	0.43794522326766905	false	0	0
PT1-PR1	Neurology_II	OID31096	2	2	1	0.20240610399962683	false	0	0
PT1-PR1	Inflammation_II	OID30682	2	2	1	0.5156802062484053	false	0	0
PT1-PR1	Neurology_II	OID31001	2	2	1	0.30411539809549465	false	0	0
PT1-PR1	Cardiometabolic_II	OID30112	2	2	1	0.7486568275552513	false	0	0
PT1-PR1	Inflammation_II	OID30582	2	2	1	0.9145600345143572	false	0	0
PT1-PR1	Cardiometabolic	OID20363	2	2	1	0.9440881422567806	false	0	0
PT1-PR1	Oncology_II	OID31239	2	2	1	0.9791066176062614	false	0	0
PT1-PR1	Inflammation	OID20533	2	2	1	0.2581595471999848	false	0	0
PT1-PR1	Oncology_II	OID31268	2	2	1	0.8899097403406186	false	0	0
PT1-PR1	Oncology	OID21398	2	2	1	0.5261684340297412	false	0	0
PT1-PR1	Cardiometabolic	OID20080	2	2	1	0.4686880630811272	false	0	0
PT1-PR1	Neurology_II	OID30864	2	2	1	0.9486016543096542	false	0	0
PT1-PR1	Oncology	OID21206	2	2	1	0.918996491917309	false	0	0
PT1-PR1	Neurology	OID20997	2	2	1	0.9900953934795585	false	0	0
PT1-PR1	Oncology_II	OID31230	2	2	1	0.9989699874779202	false	0	0
PT1-PR1	Neurology_II	OID30843	2	2	1	0.9841356341591918	false	0	0
PT1-PR1	Oncology_II	OID31304	2	2	1	0.755221529058241	false	0	0
PT1-PR1	Oncology_II	OID31439	2	2	1	0.4214768127980317	false	0	0
PT1-PR1	Neurology_II	OID31010	2	2	1	0.4620039827509227	false	0	0
PT1-PR1	Inflammation_II	OID30738	2	2	1	0.2581595471999848	false	0	0
PT1-PR1	Oncology	OID21208	2	2	1	0.972677198998018	false	0	0
PT1-PR1	Inflammation_II	OID30488	2	2	1	0.24766451270971584	false	0	0
PT1-PR1	Inflammation	OID20779	2	2	1	0.1607836095052691	false	0	0
PT1-PR1	Oncology_II	OID31273	2	2	1	0.23355976789259006	false	0	0
PT1-PR1	Inflammation	OID20630	2	2	1	0.1580847658673264	false	0	0
PT1-PR1	Oncology_II	OID31305	2	2	1	0.2858293238383514	false	0	0
PT1-PR1	Oncology_II	OID31334	2	2	1	0.3632335129990919	false	0	0
PT1-PR1	Neurology_II	OID31002	2	2	1	0.8341654051655633	false	0	0
PT1-PR1	Cardiometabolic_II	OID30067	2	2	1	0.9953432082097547	false	0	0
PT1-PR1	Inflammation	OID20687	2	2	1	0.24454706870110388	false	0	0
PT1-PR1	Neurology_II	OID30999	2	2	1	0.09402516083223852	false	0	2
PT1-PR1	Oncology_II	OID31461	2	2	1	0.6743621376289968	false	0	0
PT1-PR1	Oncology	OID21315	2	2	1	0.6423376268951515	false	0	0
PT1-PR1	Oncology_II	OID31259	2	2	1	0.39844177118123403	false	0	0
PT1-PR1	Neurology_II	OID30894	2	2	1	0.6808844785992886	false	0	0
PT1-PR1	Oncology_II	OID31162	2	2	1	0.9736752521360468	false	0	0
PT1-PR1	Cardiometabolic_II	OID30196	2	2	1	0.6690799462165815	false	0	0
PT1-PR1	Neurology_II	OID31112	2	2	1	0.676396345129705	false	0	0
PT1-PR1	Neurology	OID21009	2	2	1	0.9675740090418964	false	0	0
PT1-PR1	Oncology	OID21348	2	2	1	0.18013945555887007	false	0	0
PT1-PR1	Cardiometabolic_II	OID30140	2	2	1	0.13175086321779694	false	0	1
PT1-PR1	Neurology_II	OID31098	2	2	1	0.8166730637236123	false	0	0
PT1-PR1	Oncology	OID21415	2	2	1	0.3884593268638948	false	0	0
PT1-PR1	Neurology	OID20891	2	2	1	0.8901046283234534	false	0	0
PT1-PR1	Cardiometabolic	OID20228	2	2	1	0.16058218162856164	false	0	0
PT1-PR1	Cardiometabolic	OID20390	2	2	1	0.36044994501633065	false	0	0
PT1-PR1	Neurology	OID21116	2	2	1	0.5154114892674692	false	0	0
PT1-PR1	Oncology	OID21474	2	2	1	0.4667829942431534	false	0	0
PT1-PR1	Cardiometabolic	OID20104	2	2	1	0.8778600121813059	false	0	0
PT1-PR1	Cardiometabolic_II	OID30109	2	2	1	0.9350388878801952	false	0	0
PT1-PR1	Oncology	OID21446	2	2	1	0.8346975310725804	false	0	0
PT1-PR1	Inflammation_II	OID30631	2	2	1	0.918996491917309	false	0	0
PT1-PR1	Cardiometabolic	OID20416	2	2	1	0.6325472943952023	false	0	0
PT1-PR1	Oncology_II	OID31493	2	2	1	0.1630905694246546	false	0	0
PT1-PR1	Inflammation	OID20603	2	2	1	0.6691868617474314	false	0	0
PT1-PR1	Cardiometabolic	OID20113	2	2	1	0.1607836095052691	false	0	0
PT1-PR1	Inflammation_II	OID30754	2	2	1	0.6126357038150287	false	0	0
PT1-PR1	Oncology_II	OID31307	2	2	1	0.6044096525524086	false	0	0
PT1-PR1	Cardiometabolic	OID20226	2	2	1	0.5268042985639739	false	0	0
PT1-PR1	Cardiometabolic	OID20412	2	2	1	0.22191281459923173	false	0	0
PT1-PR1	Oncology_II	OID31172	2	2	1	0.8341654051655633	false	0	0
PT1-PR1	Neurology	OID20851	2	2	1	0.8777618404745446	false	0	0
PT1-PR1	Neurology_II	OID30957	2	2	1	0.8947865946639235	false	0	0
PT1-PR1	Neurology	OID20925	2	2	1	0.5640127274393067	false	0	0
PT1-PR1	Oncology	OID21185	2	2	1	0.9170689209537634	false	0	0
PT1-PR1	Oncology	OID21163	2	2	1	0.5293749179715949	false	0	0
PT1-PR1	Cardiometabolic_II	OID30113	2	2	1	0.3066142780797342	false	0	0
PT1-PR1	Oncology_II	OID31189	2	2	1	0.8484998546431941	false	0	0
PT1-PR1	Cardiometabolic	OID20196	2	2	1	0.25510477330529735	false	0	0
PT1-PR1	Cardiometabolic_II	OID30227	2	2	1	0.308607838802471	false	0	0
PT1-PR1	Inflammation	OID20677	2	2	1	0.37265949732681036	false	0	0
PT1-PR1	Inflammation	OID20478	2	2	1	0.4891980637984324	false	0	0
PT1-PR1	Oncology_II	OID31277	2	2	1	0.672633355444394	false	0	0
PT1-PR1	Inflammation	OID20665	2	2	1	0.9057955058732099	false	0	0
PT1-PR1	Neurology	OID20860	2	2	1	0.4537413616780627	false	0	0
PT1-PR1	Inflammation_II	OID30446	2	2	1	0.9185373403994	false	0	0
PT1-PR1	Inflammation	OID20673	2	2	1	0.24506165518077414	false	0	0
PT1-PR1	Inflammation	OID20577	2	2	1	0.40591406614067066	false	0	0
PT1-PR1	Inflammation	OID20663	2	2	1	0.10502129880667217	false	0	0
PT1-PR1	Oncology	OID21466	2	2	1	0.2774991145713726	false	0	0
PT1-PR1	Neurology	OID20973	2	2	1	0.9305256142302756	false	0	0
PT1-PR1	Inflammation_II	OID30621	2	2	1	0.2603228448549083	false	0	0
PT1-PR1	Oncology_II	OID31457	2	2	1	0.301414447174611	false	0	0
PT1-PR1	Inflammation_II	OID30756	2	2	1	0.5536056436753012	false	0	0
PT1-PR1	Neurology_II	OID30935	2	2	1	0.9487455631894418	false	0	0
PT1-PR1	Neurology	OID20940	2	2	1	0.6622101474554118	false	0	0
PT1-PR1	Cardiometabolic	OID20301	2	2	1	0.706747979230545	false	0	0
PT1-PR1	Oncology_II	OID31356	2	2	1	0.5826324126828418	false	0	0
PT1-PR1	Cardiometabolic	OID20106	2	2	1	0.6693964718965115	false	0	0
PT1-PR1	Neurology	OID20830	2	2	1	0.7371266755582039	false	0	0
PT1-PR1	Inflammation_II	OID30724	2	2	1	0.6857963720367243	false	0	0
PT1-PR1	Neurology	OID20823	2	2	1	0.9091161222172509	false	0	0
PT1-PR1	Oncology	OID21180	2	2	1	0.5640127274393067	false	0	0
PT1-PR1	Cardiometabolic_II	OID30052	2	2	1	0.9057955058732099	false	0	0
PT1-PR1	Inflammation	OID20468	2	2	1	0.9635309190325461	false	0	0
PT1-PR1	Neurology	OID21148	2	2	1	0.08125167462210672	false	0	1
PT1-PR1	Neurology	OID20927	2	2	1	0.5588302640336948	false	0	0
PT1-PR1	Inflammation	OID20452	2	2	1	0.9076505994784865	false	0	0
PT1-PR1	Neurology	OID20998	2	2	1	0.2666577997317391	false	0	0
PT1-PR1	Cardiometabolic_II	OID30062	2	2	1	0.7047524970652931	false	0	0
PT1-PR1	Neurology_II	OID31041	2	2	1	0.6824582462959353	false	0	0
PT1-PR1	Inflammation	OID20423	2	2	1	0.33529431398618037	false	0	0
PT1-PR1	Neurology_II	OID30914	2	2	1	0.2044984311175195	false	0	0
PT1-PR1	Inflammation	OID20528	2	2	1	0.545251195873549	false	0	0
PT1-PR1	Cardiometabolic_II	OID30121	2	2	1	0.6405902076508441	false	0	0
PT1-PR1	Neurology_II	OID30861	2	2	1	0.6992097789408485	false	0	0
PT1-PR1	Oncology_II	OID31443	2	2	1	0.22191281459923173	false	0	0
PT1-PR1	Neurology	OID21018	2	2	1	0.0535158991647083	false	0	1
PT1-PR1	Oncology_II	OID31355	2	2	1	0.5547837750973358	false	0	0
PT1-PR1	Oncology	OID21523	2	2	1	0.03509975341492703	true	1	1
PT1-PR1	Oncology	OID21520	2	2	1	0.4876790675118365	false	0	0
PT1-PR1	Cardiometabolic_II	OID30340	2	2	1	0.1879239673091708	false	0	0
PT1-PR1	Cardiometabolic	OID20366	2	2	1	0.20601977792686288	false	0	0
PT1-PR1	Inflammation_II	OID30710	2	2	1	0.5536056436753012	false	0	0
PT1-PR1	Neurology_II	OID30851	2	2	1	0.7325586369522097	false	0	0
PT1-PR1	Oncology_II	OID31383	2	2	1	0.7524149812210599	false	0	0
PT1-PR1	Neurology_II	OID30966	2	2	1	0.8707607464532211	false	0	0
PT1-PR1	Oncology_II	OID31478	2	2	1	0.21482755378190807	false	0	0
PT1-PR1	Neurology_II	OID30905	2	2	1	0.6857963720367243	false	0	0
PT1-PR1	Inflammation	OID20618	2	2	1	0.2417561543995084	false	0	0
PT1-PR1	Oncology_II	OID31509	2	2	1	0.7662221323432007	false	0	0
PT1-PR1	Inflammation_II	OID30511	2	2	1	0.8448131827854107	false	0	0
PT1-PR1	Oncology_II	OID31469	2	2	1	0.6992097789408485	false	0	0
PT1-PR1	Oncology	OID21391	2	2	1	0.9967161633850071	false	0	0
PT1-PR1	Neurology_II	OID31070	2	2	1	0.20252457753886394	false	0	0
PT1-PR1	Inflammation_II	OID30594	2	2	1	0.8182965854529518	false	0	0
PT1-PR1	Oncology_II	OID31232	2	2	1	0.8363230051589338	false	0	0
PT1-PR1	Inflammation	OID20598	2	2	1	0.6451445017097144	false	0	0
PT1-PR1	Inflammation_II	OID30572	2	2	1	0.8777618404745446	false	0	0
PT1-PR1	Inflammation	OID20653	2	2	1	0.9062740651331198	false	0	0
PT1-PR1	Cardiometabolic_II	OID30323	2	2	1	0.5797037768246115	false	0	0
PT1-PR1	Cardiometabolic	OID20291	2	2	1	0.9177144822387032	false	0	0
PT1-PR1	Oncology_II	OID31206	2	2	1	0.6247929926113869	false	0	0
PT1-PR1	Oncology_II	OID31339	2	2	1	0.8777618404745446	false	0	0
PT1-PR1	Oncology	OID21356	2	2	1	0.37152361133378936	false	0	0
PT1-PR1	Cardiometabolic_II	OID30069	2	2	1	0.805067199015691	false	0	0
PT1-PR1	Cardiometabolic_II	OID30331	2	2	1	0.15333869242085968	false	0	1
PT1-PR1	Neurology_II	OID31109	2	2	1	0.9255811024694988	false	0	0
PT1-PR1	Oncology_II	OID31302	2	2	1	0.9415628051776938	false	0	0
PT1-PR1	Neurology_II	OID30976	2	2	1	0.943116175586593	false	0	0
PT1-PR1	Inflammation	OID20572	2	2	1	0.5731130822217497	false	0	0
PT1-PR1	Cardiometabolic	OID20255	2	2	1	0.42793670176773585	false	0	0
PT1-PR1	Cardiometabolic	OID20218	2	2	1	0.126713392787382	false	0	1
PT1-PR1	Inflammation	OID20645	2	2	1	0.9558530380725615	false	0	0
PT1-PR1	Neurology	OID20826	2	2	1	0.9145600345143572	false	0	0
PT1-PR1	Neurology_II	OID30934	2	2	1	0.8621563275882685	false	0	0
PT1-PR1	Oncology_II	OID31359	2	2	1	0.8182965854529518	false	0	0
PT1-PR1	Neurology	OID21142	2	2	1	0.40763132326225343	false	0	0
PT1-PR1	Inflammation_II	OID30783	2	2	1	0.3742482888035904	false	0	0
PT1-PR1	Oncology_II	OID31437	2	2	1	0.4598457606246363	false	0	0
PT1-PR1	Oncology_II	OID31311	2	2	1	0.7411894298834747	false	0	0
PT1-PR1	Neurology_II	OID30941	2	2	1	0.5847062503139064	false	0	0
PT1-PR1	Inflammation	OID20560	2	2	1	0.2858293238383514	false	0	0
PT1-PR1	Oncology	OID21273	2	2	1	0.6381196334521311	false	0	0
PT1-PR1	Neurology	OID21021	2	2	1	0.870442244397099	false	0	0
PT1-PR1	Inflammation	OID20690	2	2	1	0.9942128912018333	false	0	0
PT1-PR1	Neurology	OID20858	2	2	1	0.8472445356195247	false	0	0
PT1-PR1	Cardiometabolic_II	OID30234	2	2	1	0.987831535318044	false	0	0
PT1-PR1	Oncology_II	OID31242	2	2	1	0.6692312465020024	false	0	0
PT1-PR1	Inflammation_II	OID30667	2	2	1	0.20240610399962683	false	0	0
PT1-PR1	Cardiometabolic_II	OID30249	2	2	1	0.42793670176773585	false	0	0
PT1-PR1	Oncology	OID21529	2	2	1	0.4439796539566261	false	0	0
PT1-PR1	Oncology_II	OID31290	2	2	1	0.7016740357957005	false	0	0
PT1-PR1	Inflammation_II	OID30662	2	2	1	0.9216173367998146	false	0	0
PT1-PR1	Cardiometabolic_II	OID30243	2	2	1	0.8534118446762324	false	0	0
PT1-PR1	Oncology	OID21427	2	2	1	0.967505592063349	false	0	0
PT1-PR1	Cardiometabolic	OID20235	2	2	1	0.8472445356195247	false	0	0
PT1-PR1	Inflammation_II	OID30526	2	2	1	0.6673136755354409	false	0	0
PT1-PR1	Oncology	OID21527	2	2	1	0.33681629263938623	false	0	0
PT1-PR1	Inflammation	OID20622	2	2	1	0.008909542493025835	true	1	2
PT1-PR1	Oncology	OID21224	2	2	1	0.5705344004631514	false	0	0
PT1-PR1	Oncology	OID21178	2	2	1	0.9258422409472196	false	0	0
PT1-PR1	Cardiometabolic	OID20058	2	2	1	0.7650491476325431	false	0	0
PT1-PR1	Neurology	OID20990	2	2	1	0.10137141630023262	false	0	0
PT1-PR1	Neurology	OID20816	2	2	1	0.9758711404665182	false	0	0
PT1-PR1	Inflammation	OID20517	2	2	1	0.39476911646528035	false	0	0
PT1-PR1	Neurology	OID21150	2	2	1	0.03509975341492703	true	1	1
PT1-PR1	Inflammation	OID20487	2	2	1	0.308607838802471	false	0	0
PT1-PR1	Neurology_II	OID31004	2	2	1	0.7411894298834747	false	0	0
PT1-PR1	Inflammation_II	OID30552	2	2	1	0.24063280371349857	false	0	0
PT1-PR1	Cardiometabolic	OID20108	2	2	1	0.24685823074111	false	0	0
PT1-PR1	Inflammation_II	OID30762	2	2	1	0.6857963720367243	false	0	0
PT1-PR1	Inflammation	OID20605	2	2	1	0.6712699366406947	false	0	0
PT1-PR1	Inflammation	OID20523	2	2	1	0.6053085564326146	false	0	0
PT1-PR1	Oncology	OID21259	2	2	1	0.1937458094646515	false	0	0
PT1-PR1	Neurology	OID20813	2	2	1	0.4678993083835782	false	0	0
PT1-PR1	Neurology_II	OID30965	2	2	1	0.816318597961179	false	0	0
PT1-PR1	Oncology	OID21324	2	2	1	0.9856403017020321	false	0	0
PT1-PR1	Cardiometabolic	OID20260	2	2	1	0.7165666119710259	false	0	0
PT1-PR1	Inflammation_II	OID30492	2	2	1	0.9841356341591918	false	0	0
PT1-PR1	Cardiometabolic_II	OID30171	2	2	1	0.8349519806418779	false	0	0
PT1-PR1	Neurology_II	OID31116	2	2	1	0.9187295282631764	false	0	0
PT1-PR1	Cardiometabolic_II	OID30357	2	2	1	0.9345132721820394	false	0	0
PT1-PR1	Cardiometabolic_II	OID30168	2	2	1	0.8534560473999538	false	0	0
PT1-PR1	Neurology_II	OID30868	2	2	1	0.7549910882889711	false	0	0
PT1-PR1	Cardiometabolic_II	OID30189	2	2	1	0.7158889543383107	false	0	0
PT1-PR1	Cardiometabolic	OID20399	2	2	1	0.6394959463436934	false	0	0
PT1-PR1	Neurology_II	OID30845	2	2	1	0.21482755378190807	false	0	0
PT1-PR1	Cardiometabolic	OID20283	2	2	1	0.7824539115564167	false	0	0
PT1-PR1	Cardiometabolic	OID20324	2	2	1	0.9522092043529696	false	0	0
PT1-PR1	Cardiometabolic_II	OID30403	2	2	1	0.8994774256760435	false	0	0
PT1-PR1	Neurology_II	OID31099	2	2	1	0.24819267120610364	false	0	0
PT1-PR1	Cardiometabolic	OID20195	2	2	1	0.9945811572582636	false	0	0
PT1-PR1	Inflammation	OID20691	2	2	1	0.1918807741957621	false	0	0
PT1-PR1	Neurology	OID21014	2	2	1	0.9748462983536845	false	0	0
PT1-PR1	Oncology_II	OID31421	2	2	1	0.37603465512651757	false	0	0
PT1-PR1	Oncology	OID21422	2	2	1	0.3707294316010052	false	0	0
PT1-PR1	Inflammation_II	OID30691	2	2	1	0.7133186265162852	false	0	0
PT1-PR1	Cardiometabolic	OID20152	2	2	1	0.9043515731466725	false	0	0
PT1-PR1	Neurology	OID20922	2	2	1	0.48595930569622886	false	0	0
PT1-PR1	Inflammation_II	OID30767	2	2	1	0.5658300412312071	false	0	0
PT1-PR1	Neurology_II	OID31079	2	2	1	0.9091161222172509	false	0	0
PT1-PR1	Neurology	OID21002	2	2	1	0.30918845189096	false	0	0
PT1-PR1	Inflammation	OID20561	2	2	1	0.9258422409472196	false	0	0
PT1-PR1	Neurology_II	OID30928	2	2	1	0.6703083197505263	false	0	0
PT1-PR1	Oncology_II	OID31196	2	2	1	0.9320742407638795	false	0	0
PT1-PR1	Neurology_II	OID30912	2	2	1	0.9421733947746201	false	0	0
PT1-PR1	Neurology	OID21054	2	2	1	0.5342896447110063	false	0	0
PT1-PR1	Cardiometabolic_II	OID30416	2	2	1	0.4664063865873961	false	0	0
PT1-PR1	Inflammation_II	OID30505	2	2	1	0.782767404729817	false	0	0
PT1-PR1	Neurology	OID20791	2	2	1	0.37730147137714454	false	0	0
PT1-PR1	Oncology_II	OID31519	2	2	1	0.8115082360526054	false	0	0
PT1-PR1	Oncology	OID21458	2	2	1	0.9057955058732099	false	0	0
PT1-PR1	Cardiometabolic_II	OID30327	2	2	1	0.24646429766171302	false	0	0
PT1-PR1	Cardiometabolic	OID20387	2	2	1	0.4012329863301714	false	0	0
PT1-PR1	Cardiometabolic_II	OID30347	2	2	1	0.8707607464532211	false	0	0
PT1-PR1	Neurology_II	OID31104	2	2	1	0.8913745191791198	false	0	0
PT1-PR1	Inflammation	OID20594	2	2	1	0.16058218162856164	false	0	1
PT1-PR1	Cardiometabolic_II	OID30178	2	2	1	0.43794522326766905	false	0	0
PT1-PR1	Cardiometabolic_II	OID30319	2	2	1	0.24063280371349857	false	0	0
PT1-PR1	Neurology_II	OID30995	2	2	1	0.7067480266166462	false	0	0
PT1-PR1	Cardiometabolic_II	OID30212	2	2	1	0.8534560473999538	false	0	0
PT1-PR1	Inflammation_II	OID30429	2	2	1	0.9044109840540877	false	0	0
PT1-PR1	Oncology	OID21352	2	2	1	0.46335472143985085	false	0	0
PT1-PR1	Cardiometabolic	OID20052	2	2	1	0.9398840363485746	false	0	0
PT1-PR1	Cardiometabolic	OID20103	2	2	1	0.975493825539066	false	0	0
PT1-PR1	Neurology_II	OID30846	2	2	1	0.9841356341591918	false	0	0
PT1-PR1	Oncology	OID21394	2	2	1	0.6528565515007582	false	0	0
PT1-PR1	Cardiometabolic_II	OID30085	2	2	1	0.683773413945289	false	0	0
PT1-PR1	Neurology_II	OID30975	2	2	1	0.9909796279575089	false	0	0
PT1-PR1	Neurology	OID20856	2	2	1	0.5729530051909084	false	0	0
PT1-PR1	Neurology	OID20995	2	2	1	0.8590990020931384	false	0	0
PT1-PR1	Inflammation_II	OID30770	2	2	1	0.4538236488935644	false	0	0
PT1-PR1	Neurology	OID20841	2	2	1	0.9841356341591918	false	0	0
PT1-PR1	Inflammation	OID20634	2	2	1	0.6405902076508441	false	0	0
PT1-PR1	Inflammation_II	OID30626	2	2	1	0.6247929926113869	false	0	0
PT1-PR1	Inflammation	OID20447	2	2	1	0.6423376268951515	false	0	0
PT1-PR1	Oncology	OID21380	2	2	1	0.6857963720367243	false	0	0
PT1-PR1	Oncology_II	OID31451	2	2	1	0.43794522326766905	false	0	0
PT1-PR1	Neurology	OID21155	2	2	1	0.7065544658945796	false	0	0
PT1-PR1	Oncology_II	OID31411	2	2	1	0.32553354788557304	false	0	0
PT1-PR1	Oncology_II	OID31184	2	2	1	0.8406522906676724	false	0	0
PT1-PR1	Neurology_II	OID30917	2	2	1	0.5163421482999621	false	0	0
PT1-PR1	Cardiometabolic	OID20343	2	2	1	0.45597929079389937	false	0	0
PT1-PR1	Inflammation	OID20686	2	2	1	0.9888285086476962	false	0	0
PT1-PR1	Inflammation	OID20768	2	2	1	0.7194585730814018	false	0	0
PT1-PR1	Inflammation_II	OID30638	2	2	1	0.25189793047153464	false	0	0
PT1-PR1	Inflammation	OID20772	2	2	1	0.22032513802130105	false	0	0
PT1-PR1	Inflammation_II	OID30467	2	2	1	0.7915415371147105	false	0	0
PT1-PR1	Inflammation	OID20746	2	2	1	0.3077862783333998	false	0	0
PT1-PR1	Inflammation	OID20641	2	2	1	0.7737909665218179	false	0	0
PT1-PR1	Cardiometabolic_II	OID30076	2	2	1	0.32553354788557304	false	0	0
PT1-PR1	Oncology	OID21338	2	2	1	0.22032513802130105	false	0	0
PT1-PR1	Oncology	OID21301	2	2	1	0.15736734253710385	false	0	0
PT1-PR1	Inflammation	OID20516	2	2	1	0.6992097789408485	false	0	0
PT1-PR1	Inflammation_II	OID30493	2	2	1	0.5549961595954446	false	0	0
PT1-PR1	Cardiometabolic_II	OID30272	2	2	1	0.39528249178933855	false	0	0
PT1-PR1	Neurology_II	OID31036	2	2	1	0.4851579798250568	false	0	0
PT1-PR1	Neurology	OID21066	2	2	1	0.1607836095052691	false	0	0
PT1-PR1	Neurology	OID20849	2	2	1	0.6947070923250315	false	0	0
PT1-PR1	Inflammation	OID20500	2	2	1	0.6160814582788938	false	0	0
PT1-PR1	Inflammation	OID20680	2	2	1	0.7649490838259454	false	0	0
PT1-PR1	Oncology	OID21467	2	2	1	0.7866526864624037	false	0	0
PT1-PR1	Cardiometabolic	OID20405	2	2	1	0.30233156246012904	false	0	0
PT1-PR1	Neurology_II	OID31046	2	2	1	0.3296238050186713	false	0	0
PT1-PR1	Cardiometabolic	OID20242	2	2	1	0.30411539809549465	false	0	0
PT1-PR1	Neurology	OID21099	2	2	1	0.1607836095052691	false	0	0
PT1-PR1	Inflammation	OID20493	2	2	1	0.4477889452645226	false	0	0
PT1-PR1	Neurology_II	OID30920	2	2	1	0.5121577500587207	false	0	0
PT1-PR1	Oncology	OID21459	2	2	1	0.8064174172901735	false	0	0
PT1-PR1	Oncology_II	OID31404	2	2	1	0.6697965699121267	false	0	0
PT1-PR1	Inflammation	OID20706	2	2	1	0.39386995902140054	false	0	0
PT1-PR1	Inflammation	OID20455	2	2	1	0.8620430951040879	false	0	0
PT1-PR1	Neurology	OID21007	2	2	1	0.6551169953113508	false	0	0
PT1-PR1	Oncology	OID21264	2	2	1	0.9048339757407797	false	0	0
PT1-PR1	Neurology	OID20810	2	2	1	0.9130239298497946	false	0	0
PT1-PR1	Neurology_II	OID30956	2	2	1	0.9584424708657573	false	0	0
PT1-PR1	Oncology_II	OID31298	2	2	1	0.47892752005249867	false	0	0
PT1-PR1	Neurology	OID21082	2	2	1	0.32108653658785585	false	0	0
PT1-PR1	Cardiometabolic_II	OID30100	2	2	1	0.41343533838148355	false	0	0
PT1-PR1	Neurology_II	OID31129	2	2	1	0.126713392787382	false	0	0
PT1-PR1	Oncology	OID21166	2	2	1	0.4851579798250568	false	0	0
PT1-PR1	Cardiometabolic_II	OID30321	2	2	1	0.2950878347014748	false	0	0
PT1-PR1	Neurology_II	OID30835	2	2	1	0.4891980637984324	false	0	0
PT1-PR1	Neurology	OID21134	2	2	1	0.8937681928979396	false	0	0
PT1-PR1	Oncology	OID21207	2	2	1	0.9953432082097547	false	0	0
PT1-PR1	Cardiometabolic	OID20184	2	2	1	0.13245572414749635	false	0	1
PT1-PR1	Cardiometabolic	OID20079	2	2	1	0.6972429207478461	false	0	0
PT1-PR1	Inflammation	OID20650	2	2	1	0.21537709065064028	false	0	0
PT1-PR1	Neurology	OID21105	2	2	1	0.20591960527563014	false	0	0
PT1-PR1	Neurology_II	OID30873	2	2	1	0.6162614816896121	false	0	0
PT1-PR1	Oncology_II	OID31330	2	2	1	0.5088539848446151	false	0	0
PT1-PR1	Neurology_II	OID31080	2	2	1	0.38702688866786134	false	0	0
PT1-PR1	Neurology_II	OID31021	2	2	1	0.6857963720367243	false	0	0
PT1-PR1	Cardiometabolic	OID20092	2	2	1	0.7091673845080962	false	0	0
PT1-PR1	Inflammation	OID20771	2	2	1	0.22434922053807593	false	0	0
PT1-PR1	Cardiometabolic	OID20220	2	2	1	0.1580847658673264	false	0	1
PT1-PR1	Cardiometabolic	OID20321	2	2	1	0.5469219668213468	false	0	0
PT1-PR1	Inflammation	OID20664	2	2	1	0.7705373788171165	false	0	0
PT1-PR1	Oncology	OID21213	2	2	1	0.40845656368459776	false	0	0
PT1-PR1	Inflammation	OID20530	2	2	1	0.8937681928979396	false	0	0
PT1-PR1	Neurology_II	OID30877	2	2	1	0.9091161222172509	false	0	0
PT1-PR1	Oncology	OID21168	2	2	1	0.9909796279575089	false	0	0
PT1-PR1	Cardiometabolic_II	OID30374	2	2	1	0.6510497319670547	false	0	0
PT1-PR1	Neurology	OID20878	2	2	1	0.851338593910318	false	0	0
PT1-PR1	Cardiometabolic	OID20374	2	2	1	0.24506165518077414	false	0	0
PT1-PR1	Neurology_II	OID30948	2	2	1	0.5797037768246115	false	0	0
PT1-PR1	Cardiometabolic	OID20120	2	2	1	0.5928387215699688	false	0	0
PT1-PR1	Oncology_II	OID31276	2	2	1	0.2403130125506639	false	0	0
PT1-PR1	Inflammation	OID20545	2	2	1	0.33104379552189445	false	0	0
PT1-PR1	Cardiometabolic_II	OID30385	2	2	1	0.8707607464532211	false	0	0
PT1-PR1	Inflammation	OID20569	2	2	1	0.9170615043700553	false	0	0
PT1-PR1	Neurology	OID21135	2	2	1	0.5655700586006138	false	0	0
PT1-PR1	Inflammation_II	OID30708	2	2	1	0.5418862932315216	false	0	0
PT1-PR1	Cardiometabolic	OID20141	2	2	1	0.4367448058606893	false	0	0
PT1-PR1	Neurology	OID21091	2	2	1	0.19465958039720935	false	0	0
PT1-PR1	Cardiometabolic	OID20163	2	2	1	0.31487407659015865	false	0	0
PT1-PR1	Inflammation_II	OID30716	2	2	1	0.5337442985489026	false	0	0
PT1-PR1	Neurology	OID20909	2	2	1	0.38849335415729347	false	0	0
PT1-PR1	Oncology	OID21369	2	2	1	0.40591406614067066	false	0	0
PT1-PR1	Inflammation_II	OID30513	2	2	1	0.5797037768246115	false	0	0
PT1-PR1	Oncology_II	OID31453	2	2	1	0.8157119303638595	false	0	0
PT1-PR1	Oncology_II	OID31194	2	2	1	0.9736752521360468	false	0	0
PT1-PR1	Oncology_II	OID31381	2	2	1	0.1539647326088936	false	0	0
PT1-PR1	Oncology	OID21271	2	2	1	0.6226313852272086	false	0	0
PT1-PR1	Inflammation	OID20498	2	2	1	0.943116175586593	false	0	0
PT1-PR1	Inflammation	OID20720	2	2	1	0.22551429244478366	false	0	0
PT1-PR1	Cardiometabolic_II	OID30133	2	2	1	0.5711282798350019	false	0	0
PT1-PR1	Oncology_II	OID31367	2	2	1	0.6456455478404598	false	0	0
PT1-PR1	Oncology_II	OID31345	2	2	1	0.9203725168553902	false	0	0
PT1-PR1	Neurology	OID20905	2	2	1	0.5909161466958062	false	0	0
PT1-PR1	Oncology	OID21281	2	2	1	0.21800963362928164	false	0	0
PT1-PR1	Oncology	OID21197	2	2	1	0.5630435581098899	false	0	0
PT1-PR1	Cardiometabolic	OID20161	2	2	1	0.2698293843932463	false	0	0
PT1-PR1	Inflammation	OID20621	2	2	1	0.2928987635334171	false	0	0
PT1-PR1	Neurology_II	OID31042	2	2	1	0.38248972835972883	false	0	0
PT1-PR1	Neurology	OID21129	2	2	1	0.9393767996130393	false	0	0
PT1-PR1	Neurology	OID20918	2	2	1	0.40591406614067066	false	0	0
PT1-PR1	Oncology_II	OID31436	2	2	1	0.9277730916674573	false	0	0
PT1-PR1	Inflammation_II	OID30668	2	2	1	0.5121577500587207	false	0	0
PT1-PR1	Cardiometabolic	OID20121	2	2	1	0.5328932038611187	false	0	0
PT1-PR1	Oncology	OID21320	2	2	1	0.1607836095052691	false	0	0
PT1-PR1	Inflammation	OID20505	2	2	1	0.8753149244600927	false	0	0
PT1-PR1	Neurology	OID21012	2	2	1	0.7067480266166462	false	0	0
PT1-PR1	Oncology_II	OID31405	2	2	1	0.8753149244600927	false	0	0
PT1-PR1	Neurology	OID21111	2	2	1	0.9558530380725615	false	0	0
PT1-PR1	Neurology_II	OID31019	2	2	1	0.46874173361459326	false	0	0
PT1-PR1	Cardiometabolic_II	OID30211	2	2	1	0.4057322107424673	false	0	0
PT1-PR1	Oncology_II	OID31272	2	2	1	0.308607838802471	false	0	0
PT1-PR1	Inflammation_II	OID30779	2	2	1	0.6325688412166506	false	0	0
PT1-PR1	Cardiometabolic_II	OID30366	2	2	1	0.6778262899733273	false	0	0
PT1-PR1	Oncology_II	OID31518	2	2	1	0.4620039827509227	false	0	0
PT1-PR1	Inflammation_II	OID30565	2	2	1	0.7514320545529884	false	0	0
PT1-PR1	Inflammation_II	OID30593	2	2	1	0.0349873708489709	true	1	1
PT1-PR1	Neurology	OID20796	2	2	1	0.8363611456684932	false	0	0
PT1-PR1	Cardiometabolic	OID20259	2	2	1	0.312732167576426	false	0	0
PT1-PR1	Oncology	OID21167	2	2	1	0.8390037126258327	false	0	0
PT1-PR1	Cardiometabolic	OID20386	2	2	1	0.8937681928979396	false	0	0
PT1-PR1	Inflammation	OID20710	2	2	1	0.6121573926880445	false	0	0
PT1-PR1	Neurology_II	OID30961	2	2	1	0.9048339757407797	false	0	0
PT1-PR1	Neurology	OID21104	2	2	1	0.38702688866786134	false	0	0
PT1-PR1	Cardiometabolic	OID20364	2	2	1	0.49497306064013247	false	0	0
PT1-PR1	Inflammation	OID20453	2	2	1	0.6319856820797879	false	0	0
PT1-PR1	Inflammation	OID20489	2	2	1	0.706493023820488	false	0	0
PT1-PR1	Neurology_II	OID31131	2	2	1	0.8262748005081508	false	0	0
PT1-PR1	Neurology	OID21040	2	2	1	0.28944474925273134	false	0	0
PT1-PR1	Inflammation	OID20475	2	2	1	0.34020880062287584	false	0	0
PT1-PR1	Inflammation	OID20434	2	2	1	0.17686374724798617	false	0	0
PT1-PR1	Inflammation_II	OID30441	2	2	1	0.8948143793253555	false	0	0
PT1-PR1	Oncology	OID21486	2	2	1	0.9170689209537634	false	0	0
PT1-PR1	Inflammation_II	OID30616	2	2	1	0.8534118446762324	false	0	0
PT1-PR1	Neurology	OID21048	2	2	1	0.4853158997839387	false	0	0
PT1-PR1	Oncology_II	OID31479	2	2	1	0.5892237650859382	false	0	0
PT1-PR1	Oncology	OID21491	2	2	1	0.8899097403406186	false	0	0
PT1-PR1	Oncology	OID21199	2	2	1	0.787998119838154	false	0	0
PT1-PR1	Cardiometabolic	OID20078	2	2	1	0.9415839529352694	false	0	0
PT1-PR1	Oncology_II	OID31494	2	2	1	0.2603228448549083	false	0	0
PT1-PR1	Neurology_II	OID30946	2	2	1	0.4214768127980317	false	0	0
PT1-PR1	Oncology	OID21526	2	2	1	0.6555758334229168	false	0	0
PT1-PR1	Neurology	OID21041	2	2	1	0.16058218162856164	false	0	0
PT1-PR1	Cardiometabolic_II	OID30101	2	2	1	0.7924826018280086	false	0	0
PT1-PR1	Oncology_II	OID31283	2	2	1	0.528113372487969	false	0	0
PT1-PR1	Inflammation_II	OID30789	2	2	1	0.40591406614067066	false	0	0
PT1-PR1	Cardiometabolic_II	OID30257	2	2	1	0.27409397706590605	false	0	0
PT1-PR1	Cardiometabolic_II	OID30260	2	2	1	0.15333869242085968	false	0	0
PT1-PR1	Neurology_II	OID31022	2	2	1	0.2478808981104473	false	0	0
PT1-PR1	Cardiometabolic_II	OID30405	2	2	1	0.48802184749891	false	0	0
PT1-PR1	Neurology	OID20897	2	2	1	0.8515030334141831	false	0	0
PT1-PR1	Cardiometabolic_II	OID30408	2	2	1	0.21800963362928164	false	0	0
PT1-PR1	Inflammation	OID20636	2	2	1	0.9421733947746201	false	0	0
PT1-PR1	Neurology	OID21004	2	2	1	0.31496776481036937	false	0	0
PT1-PR1	Inflammation	OID20757	2	2	1	0.47706580021856515	false	0	0
PT1-PR1	Neurology	OID20959	2	2	1	0.2463822759668883	false	0	0
PT1-PR1	Cardiometabolic	OID20129	2	2	1	0.37265949732681036	false	0	0
PT1-PR1	Oncology	OID21162	2	2	1	0.977634014268178	false	0	0
PT1-PR1	Cardiometabolic	OID20411	2	2	1	0.20252457753886394	false	0	0
PT1-PR1	Neurology_II	OID30831	2	2	1	0.9162498210161896	false	0	0
PT1-PR1	Oncology	OID21488	2	2	1	0.9258422409472196	false	0	0
PT1-PR1	Cardiometabolic_II	OID30184	2	2	1	0.21482755378190807	false	0	0
PT1-PR1	Neurology	OID21015	2	2	1	0.4703485514281814	false	0	0
PT1-PR1	Neurology_II	OID31154	2	2	1	0.17071276139344144	false	0	0
PT1-PR1	Oncology	OID21364	2	2	1	0.892021833911983	false	0	0
PT1-PR1	Inflammation	OID20734	2	2	1	0.2606827379882813	false	0	0
PT1-PR1	Oncology_II	OID31510	2	2	1	0.39120143848762695	false	0	0
PT1-PR1	Neurology	OID20794	2	2	1	0.5785402703506091	false	0	0
PT1-PR1	Cardiometabolic_II	OID30160	2	2	1	0.42793670176773585	false	0	0
PT1-PR1	Oncology	OID21513	2	2	1	0.1607836095052691	false	0	0
PT1-PR1	Neurology_II	OID30858	2	2	1	0.3077862783333998	false	0	0
PT1-PR1	Inflammation_II	OID30598	2	2	1	0.31487407659015865	false	0	0
PT1-PR1	Neurology_II	OID30893	2	2	1	0.3296238050186713	false	0	0
PT1-PR1	Inflammation	OID20606	2	2	1	0.5711282798350019	false	0	0
PT1-PR1	Neurology	OID21096	2	2	1	0.821873457004367	false	0	0
PT1-PR1	Oncology_II	OID31200	2	2	1	0.8883949555376502	false	0	0
PT1-PR1	Oncology	OID21325	2	2	1	0.7011926086684571	false	0	0
PT1-PR1	Neurology_II	OID30900	2	2	1	0.943116175586593	false	0	0
PT1-PR1	Neurology	OID20912	2	2	1	0.1860244144517902	false	0	0
PT1-PR1	Cardiometabolic_II	OID30284	2	2	1	0.9605484970537589	false	0	0
PT1-PR1	Inflammation_II	OID30548	2	2	1	0.7743256869210405	false	0	0
PT1-PR1	Neurology	OID20812	2	2	1	0.9967161633850071	false	0	0
PT1-PR1	Inflammation	OID20551	2	2	1	0.2478808981104473	false	0	0
PT1-PR1	Neurology_II	OID31031	2	2	1	0.29703827515148623	false	0	0
PT1-PR1	Oncology	OID21278	2	2	1	0.13245572414749635	false	0	1
PT1-PR1	Neurology	OID21043	2	2	1	0.4620039827509227	false	0	0
PT1-PR1	Oncology_II	OID31341	2	2	1	0.7324676564515328	false	0	0
PT1-PR1	Neurology	OID21058	2	2	1	0.9522092043529696	false	0	0
PT1-PR1	Cardiometabolic	OID20133	2	2	1	0.9134970611177062	false	0	0
PT1-PR1	Oncology	OID21261	2	2	1	0.787998119838154	false	0	0
PT1-PR1	Inflammation	OID20640	2	2	1	0.20085065118444873	false	0	0
PT1-PR1	Oncology	OID21379	2	2	1	0.1607836095052691	false	0	0
PT1-PR1	Cardiometabolic	OID20330	2	2	1	0.48916408966801256	false	0	0
PT1-PR1	Neurology_II	OID30875	2	2	1	0.8033211645739287	false	0	0
PT1-PR1	Cardiometabolic_II	OID30237	2	2	1	0.8023966220775036	false	0	0
PT1-PR1	Neurology	OID20888	2	2	1	0.8743928126718284	false	0	0
PT1-PR1	Inflammation_II	OID30599	2	2	1	0.8957338318665906	false	0	0
PT1-PR1	Oncology_II	OID31435	2	2	1	0.5121577500587207	false	0	0
PT1-PR1	Cardiometabolic_II	OID30247	2	2	1	0.46690046372357424	false	0	0
PT1-PR1	Oncology_II	OID31251	2	2	1	0.2524872122798024	false	0	0
PT1-PR1	Oncology	OID21518	2	2	1	0.8007303428925205	false	0	0
PT1-PR1	Cardiometabolic_II	OID30056	2	2	1	0.9115015708909945	false	0	0
PT1-PR1	Oncology_II	OID31195	2	2	1	0.6489158478007896	false	0	0
PT1-PR1	Cardiometabolic	OID20403	2	2	1	0.3251111892965413	false	0	0
PT1-PR1	Inflammation_II	OID30740	2	2	1	0.30411539809549465	false	0	0
PT1-PR1	Cardiometabolic_II	OID30230	2	2	1	0.5766024160394976	false	0	0
PT1-PR1	Oncology	OID21174	2	2	1	0.9841186196310318	false	0	0
PT1-PR1	Inflammation	OID20723	2	2	1	0.04871692006978671	true	1	1
PT1-PR1	Inflammation	OID20767	2	2	1	0.02298958013203428	true	1	2
PT1-PR1	Inflammation_II	OID30678	2	2	1	0.24506165518077414	false	0	0
PT1-PR1	Oncology	OID21344	2	2	1	0.22434922053807593	false	0	0
PT1-PR1	Inflammation	OID20536	2	2	1	0.2673348220248901	false	0	0
PT1-PR1	Cardiometabolic	OID20349	2	2	1	0.24669092772415877	false	0	0
PT1-PR1	Neurology	OID21143	2	2	1	0.4183333234910965	false	0	0
PT1-PR1	Inflammation_II	OID30722	2	2	1	0.5418862932315216	false	0	0
PT1-PR1	Neurology_II	OID30802	2	2	1	0.7396383153516111	false	0	0
PT1-PR1	Oncology_II	OID31395	2	2	1	0.262829699335581	false	0	0
PT1-PR1	Inflammation	OID20593	2	2	1	0.5630435581098899	false	0	0
PT1-PR1	Oncology	OID21497	2	2	1	0.1580847658673264	false	0	0
PT1-PR1	Inflammation_II	OID30498	2	2	1	0.19557345994543077	false	0	0
PT1-PR1	Neurology	OID21049	2	2	1	0.8035409746860251	false	0	0
PT1-PR1	Cardiometabolic_II	OID30341	2	2	1	0.8148500208377691	false	0	0
PT1-PR1	Neurology	OID20885	2	2	1	0.8708243453580182	false	0	0
PT1-PR1	Inflammation_II	OID30655	2	2	1	0.7805695700341093	false	0	0
PT1-PR1	Inflammation	OID20674	2	2	1	0.9125468278239511	false	0	0
PT1-PR1	Inflammation	OID20599	2	2	1	0.9748462983536845	false	0	0
PT1-PR1	Neurology	OID21112	2	2	1	0.6857963720367243	false	0	0
PT1-PR1	Inflammation_II	OID30576	2	2	1	0.526449062972039	false	0	0
PT1-PR1	Inflammation	OID20433	2	2	1	0.8737224502262335	false	0	0
PT1-PR1	Oncology_II	OID31522	2	2	1	0.24063280371349857	false	0	0
PT1-PR1	Cardiometabolic_II	OID30090	2	2	1	0.3661403459054302	false	0	0
PT1-PR1	Inflammation	OID20554	2	2	1	0.21800963362928164	false	0	0
PT1-PR1	Cardiometabolic	OID20119	2	2	1	0.2814084060297926	false	0	0
PT1-PR1	Neurology	OID21115	2	2	1	0.5410158174106608	false	0	0
PT1-PR1	Oncology	OID21203	2	2	1	0.9134970611177062	false	0	0
PT1-PR1	Cardiometabolic	OID20101	2	2	1	0.3801386513925832	false	0	0
PT1-PR1	Neurology_II	OID31136	2	2	1	0.21537709065064028	false	0	0
PT1-PR1	Inflammation	OID20611	2	2	1	0.41856752744297404	false	0	0
PT1-PR1	Oncology	OID21390	2	2	1	0.5797037768246115	false	0	0
PT1-PR1	Oncology	OID21393	2	2	1	0.8796330121560532	false	0	0
PT1-PR1	Cardiometabolic_II	OID30153	2	2	1	0.7727518730603635	false	0	0
PT1-PR1	Cardiometabolic	OID20145	2	2	1	0.33104379552189445	false	0	0
PT1-PR1	Neurology_II	OID31105	2	2	1	0.4620039827509227	false	0	0
PT1-PR1	Neurology	OID21024	2	2	1	0.03764807680266806	true	1	2
PT1-PR1	Neurology_II	OID30927	2	2	1	0.33189425303629405	false	0	0
PT1-PR1	Neurology_II	OID30949	2	2	1	0.6773535287776695	false	0	0
PT1-PR1	Cardiometabolic	OID20408	2	2	1	0.7067480266166462	false	0	0
PT1-PR1	Oncology	OID21449	2	2	1	0.8708243453580182	false	0	0
PT1-PR1	Cardiometabolic_II	OID30229	2	2	1	0.24506165518077414	false	0	0
PT1-PR1	Neurology_II	OID30960	2	2	1	0.9226294695204041	false	0	0
PT1-PR1	Neurology_II	OID31007	2	2	1	0.8899097403406186	false	0	0
PT1-PR1	Oncology_II	OID31520	2	2	1	0.45597929079389937	false	0	0
PT1-PR1	Neurology	OID21151	2	2	1	0.21706690505232618	false	0	0
PT1-PR1	Oncology_II	OID31358	2	2	1	0.9219347890305947	false	0	0
PT1-PR1	Cardiometabolic_II	OID30395	2	2	1	0.6391230770428518	false	0	0
PT1-PR1	Cardiometabolic_II	OID30050	2	2	1	0.4012329863301714	false	0	0
PT1-PR1	Neurology	OID20886	2	2	1	0.2842318585150156	false	0	0
PT1-PR1	Neurology_II	OID30994	2	2	1	0.3213950298926833	false	0	0
PT1-PR1	Inflammation_II	OID30459	2	2	1	0.9967161633850071	false	0	0
PT1-PR1	Inflammation_II	OID30646	2	2	1	0.1860244144517902	false	0	0
PT1-PR1	Cardiometabolic_II	OID30299	2	2	1	0.528113372487969	false	0	0
PT1-PR1	Oncology	OID21230	2	2	1	0.9719587485535267	false	0	0
PT1-PR1	Inflammation	OID20718	2	2	1	0.49576330523872747	false	0	0
PT1-PR1	Cardiometabolic	OID20418	2	2	1	0.4216712795060666	false	0	0
PT1-PR1	Oncology	OID21436	2	2	1	0.7861516696920234	false	0	0
PT1-PR1	Oncology_II	OID31198	2	2	1	0.8106989874814069	false	0	0
PT1-PR1	Inflammation_II	OID30424	2	2	1	0.5005027952366357	false	0	0
PT1-PR1	Cardiometabolic	OID20090	2	2	1	0.2531653792151812	false	0	0
PT1-PR1	Cardiometabolic_II	OID30166	2	2	1	0.24063280371349857	false	0	0
PT1-PR1	Cardiometabolic_II	OID30254	2	2	1	0.9945811572582636	false	0	0
PT1-PR1	Neurology_II	OID30824	2	2	1	0.24663336281814996	false	0	0
PT1-PR1	Cardiometabolic	OID20074	2	2	1	0.19125399108505553	false	0	0
PT1-PR1	Neurology	OID20961	2	2	1	0.6247929926113869	false	0	0
PT1-PR1	Neurology_II	OID31087	2	2	1	0.1879239673091708	false	0	0
PT1-PR1	Cardiometabolic	OID20115	2	2	1	0.8006937907145464	false	0	0
PT1-PR1	Oncology_II	OID31160	2	2	1	0.9905276709075723	false	0	0
PT1-PR1	Oncology	OID21239	2	2	1	0.1969277351035456	false	0	0
PT1-PR1	Oncology_II	OID31511	2	2	1	0.7593803437066988	false	0	0
PT1-PR1	Cardiometabolic	OID20276	2	2	1	0.8406522906676724	false	0	0
PT1-PR1	Oncology	OID21282	2	2	1	0.5153337644967306	false	0	0
PT1-PR1	Inflammation	OID20646	2	2	1	0.33598932449496044	false	0	0
PT1-PR1	Inflammation_II	OID30610	2	2	1	0.33504366727209284	false	0	0
PT1-PR1	Cardiometabolic	OID20143	2	2	1	0.3632335129990919	false	0	0
PT1-PR1	Neurology_II	OID30901	2	2	1	0.8862333638067312	false	0	0
PT1-PR1	Inflammation_II	OID30719	2	2	1	0.6244665439364356	false	0	0
PT1-PR1	Inflammation_II	OID30547	2	2	1	0.4477889452645226	false	0	0
PT1-PR1	Cardiometabolic_II	OID30198	2	2	1	0.928208587992318	false	0	0
PT1-PR1	Neurology_II	OID31118	2	2	1	0.6846620519596632	false	0	0
PT1-PR1	Cardiometabolic_II	OID30253	2	2	1	0.9421733947746201	false	0	0
PT1-PR1	Cardiometabolic	OID20263	2	2	1	0.07532314503237038	false	0	2
PT1-PR1	Cardiometabolic_II	OID30298	2	2	1	0.3213950298926833	false	0	0
PT1-PR1	Cardiometabolic	OID20394	2	2	1	0.5458890010922985	false	0	0
PT1-PR1	Oncology	OID21305	2	2	1	0.46391436775479866	false	0	0
PT1-PR1	Oncology	OID21212	2	2	1	0.7870407314470905	false	0	0
PT1-PR1	Inflammation_II	OID30757	2	2	1	0.9044109840540877	false	0	0
PT1-PR1	Neurology	OID21019	2	2	1	0.4216712795060666	false	0	0
PT1-PR1	Cardiometabolic_II	OID30394	2	2	1	0.25601055239665643	false	0	0
PT1-PR1	Cardiometabolic_II	OID30099	2	2	1	0.9463622057091792	false	0	0
PT1-PR1	Neurology	OID20952	2	2	1	0.4627806845639106	false	0	0
PT1-PR1	Oncology_II	OID31218	2	2	1	0.6853124768051392	false	0	0
PT1-PR1	Oncology_II	OID31507	2	2	1	0.16058218162856164	false	0	1
PT1-PR1	Cardiometabolic	OID20061	2	2	1	0.10218566111478254	false	0	1
PT1-PR1	Inflammation	OID20651	2	2	1	0.8789634339611359	false	0	0
PT1-PR1	Inflammation	OID20581	2	2	1	0.9748462983536845	false	0	0
PT1-PR1	Neurology_II	OID31009	2	2	1	0.1580847658673264	false	0	1
PT1-PR1	Cardiometabolic_II	OID30269	2	2	1	0.7002156715985914	false	0	0
PT1-PR1	Oncology_II	OID31513	2	2	1	0.21706690505232618	false	0	0
PT1-PR1	Oncology	OID21490	2	2	1	0.528113372487969	false	0	0
PT1-PR1	Inflammation_II	OID30456	2	2	1	0.7324676564515328	false	0	0
PT1-PR1	Neurology_II	OID30983	2	2	1	0.911028028575233	false	0	0
PT1-PR1	Neurology_II	OID31015	2	2	1	0.9870537533283661	false	0	0
PT1-PR1	Neurology	OID20871	2	2	1	0.9736752521360468	false	0	0
PT1-PR1	Oncology	OID21302	2	2	1	0.24894686466191532	false	0	0
PT1-PR1	Oncology_II	OID31240	2	2	1	0.9586997895839042	false	0	0
PT1-PR1	Cardiometabolic	OID20289	2	2	1	0.6773535287776695	false	0	0
PT1-PR1	Cardiometabolic_II	OID30324	2	2	1	0.39844177118123403	false	0	0
PT1-PR1	Neurology_II	OID31006	2	2	1	0.642258017569023	false	0	0
PT1-PR1	Oncology_II	OID31299	2	2	1	0.4304231445036459	false	0	0
PT1-PR1	Oncology	OID21257	2	2	1	0.6970412185365132	false	0	0
PT1-PR1	Inflammation_II	OID30671	2	2	1	0.8455547080609443	false	0	0
PT1-PR1	Inflammation	OID20736	2	2	1	0.29863362456653575	false	0	0
PT1-PR1	Cardiometabolic_II	OID30096	2	2	1	0.8912376032863424	false	0	0
PT1-PR1	Neurology_II	OID30796	2	2	1	0.9962039440895785	false	0	0
PT1-PR1	Cardiometabolic	OID20082	2	2	1	0.501230134804576	false	0	0
PT1-PR1	Oncology	OID21193	2	2	1	0.8412271183577623	false	0	0
PT1-PR1	Inflammation_II	OID30487	2	2	1	0.21800963362928164	false	0	0
PT1-PR1	Inflammation_II	OID30773	2	2	1	0.28000135779490043	false	0	0
PT1-PR1	Inflammation_II	OID30784	2	2	1	0.38667618544054505	false	0	0
PT1-PR1	Inflammation	OID20443	2	2	1	0.42336304839073907	false	0	0
PT1-PR1	Inflammation	OID20726	2	2	1	0.5813751226039319	false	0	0
PT1-PR1	Oncology_II	OID31388	2	2	1	0.25507621631412397	false	0	0
PT1-PR1	Neurology_II	OID31148	2	2	1	0.6247929926113869	false	0	0
PT1-PR1	Oncology_II	OID31267	2	2	1	0.8796330121560532	false	0	0
PT1-PR1	Oncology_II	OID31396	2	2	1	0.4477889452645226	false	0	0
PT1-PR1	Oncology	OID21192	2	2	1	0.2478808981104473	false	0	0
PT1-PR1	Oncology_II	OID31442	2	2	1	0.2472453453292038	false	0	0
PT1-PR1	Inflammation	OID20583	2	2	1	0.38080577745454725	false	0	0
PT1-PR1	Cardiometabolic	OID20203	2	2	1	0.8287375502460337	false	0	0
PT1-PR1	Inflammation	OID20678	2	2	1	0.6853124768051392	false	0	0
PT1-PR1	Neurology_II	OID31101	2	2	1	0.8844988029322078	false	0	0
PT1-PR1	Oncology_II	OID31235	2	2	1	0.40591406614067066	false	0	0
PT1-PR1	Oncology	OID21426	2	2	1	0.28125263982963283	false	0	0
PT1-PR1	Cardiometabolic	OID20146	2	2	1	0.22434922053807593	false	0	0
PT1-PR1	Cardiometabolic_II	OID30228	2	2	1	0.5826324126828418	false	0	0
PT1-PR1	Neurology_II	OID30918	2	2	1	0.642258017569023	false	0	0
PT1-PR1	Inflammation_II	OID30630	2	2	1	0.7539644719220813	false	0	0
PT1-PR1	Oncology_II	OID31410	2	2	1	0.9055467050421546	false	0	0
PT1-PR1	Oncology_II	OID31168	2	2	1	0.9091161222172509	false	0	0
PT1-PR1	Oncology	OID21443	2	2	1	0.7091673845080962	false	0	0
PT1-PR1	Cardiometabolic_II	OID30128	2	2	1	0.9879304926793941	false	0	0
PT1-PR1	Oncology	OID21492	2	2	1	0.40658693249112277	false	0	0
PT1-PR1	Neurology_II	OID30962	2	2	1	0.7278712198992003	false	0	0
PT1-PR1	Neurology	OID20798	2	2	1	0.7129751850134503	false	0	0
PT1-PR1	Cardiometabolic	OID20178	2	2	1	0.9018010886814491	false	0	0
PT1-PR1	Inflammation_II	OID30679	2	2	1	0.9945811572582636	false	0	0
PT1-PR1	Cardiometabolic	OID20334	2	2	1	0.8974683125654123	false	0	0
PT1-PR1	Neurology_II	OID31085	2	2	1	0.4851579798250568	false	0	0
PT1-PR1	Inflammation	OID20586	2	2	1	0.5005027952366357	false	0	0
PT1-PR1	Cardiometabolic_II	OID30077	2	2	1	0.5854127491991956	false	0	0
PT1-PR1	Oncology_II	OID31526	2	2	1	0.6294720661282766	false	0	0
PT1-PR1	Oncology	OID21288	2	2	1	0.42793670176773585	false	0	0
PT1-PR1	Cardiometabolic_II	OID30176	2	2	1	0.8882760281987468	false	0	0
PT1-PR1	Neurology_II	OID31144	2	2	1	0.3797418713267157	false	0	0
PT1-PR1	Oncology_II	OID31422	2	2	1	0.2478808981104473	false	0	0
PT1-PR1	Cardiometabolic	OID20109	2	2	1	0.4477889452645226	false	0	0
PT1-PR1	Inflammation_II	OID30445	2	2	1	0.617898299256942	false	0	0
PT1-PR1	Oncology	OID21357	2	2	1	0.05167630312759641	false	0	1
PT1-PR1	Neurology	OID20873	2	2	1	0.5674707994609669	false	0	0
PT1-PR1	Oncology	OID21483	2	2	1	0.6120645402227859	false	0	0
PT1-PR1	Neurology_II	OID30837	2	2	1	0.2671409703767259	false	0	0
PT1-PR1	Neurology	OID21060	2	2	1	0.6325516250061218	false	0	0
PT1-PR1	Cardiometabolic_II	OID30124	2	2	1	0.6377451452876763	false	0	0
PT1-PR1	Neurology	OID21053	2	2	1	0.8665036623077361	false	0	0
PT1-PR1	Inflammation_II	OID30520	2	2	1	0.8708243453580182	false	0	0
PT1-PR1	Neurology	OID20978	2	2	1	0.48207875084427415	false	0	0
PT1-PR1	Oncology_II	OID31390	2	2	1	0.6878028604448454	false	0	0
PT1-PR1	Neurology_II	OID30964	2	2	1	0.4362408070590612	false	0	0
PT1-PR1	Inflammation_II	OID30600	2	2	1	0.40591406614067066	false	0	0
PT1-PR1	Oncology	OID21177	2	2	1	0.619770910630084	false	0	0
PT1-PR1	Cardiometabolic_II	OID30400	2	2	1	0.5797037768246115	false	0	0
PT1-PR1	Neurology_II	OID31026	2	2	1	0.8708243453580182	false	0	0
PT1-PR1	Inflammation	OID20652	2	2	1	0.6717470226381966	false	0	0
PT1-PR1	Inflammation_II	OID30611	2	2	1	0.2478808981104473	false	0	0
PT1-PR1	Cardiometabolic	OID20311	2	2	1	0.37152361133378936	false	0	0
PT1-PR1	Inflammation	OID20649	2	2	1	0.6857963720367243	false	0	0
PT1-PR1	Neurology	OID20817	2	2	1	0.8341654051655633	false	0	0
PT1-PR1	Neurology_II	OID30850	2	2	1	0.5949669145886314	false	0	0
PT1-PR1	Oncology_II	OID31227	2	2	1	0.9584424708657573	false	0	0
PT1-PR1	Oncology	OID21351	2	2	1	0.7376858293634059	false	0	0
PT1-PR1	Neurology	OID20984	2	2	1	0.15333869242085968	false	0	1
PT1-PR1	Oncology	OID21383	2	2	1	0.5234073946735646	false	0	0
PT1-PR1	Neurology_II	OID31126	2	2	1	0.4664063865873961	false	0	0
PT1-PR1	Oncology_II	OID31249	2	2	1	0.34914948197787826	false	0	0
PT1-PR1	Cardiometabolic	OID20067	2	2	1	0.6683498324845235	false	0	0
PT1-PR1	Neurology_II	OID30883	2	2	1	0.38153039819070544	false	0	0
PT1-PR1	Oncology	OID21346	2	2	1	0.4462684742983572	false	0	0
PT1-PR1	Oncology	OID21250	2	2	1	0.48536526181718953	false	0	0
PT1-PR1	Inflammation_II	OID30555	2	2	1	0.21800963362928164	false	0	0
PT1-PR1	Cardiometabolic_II	OID30199	2	2	1	0.6809058977962866	false	0	0
PT1-PR1	Neurology	OID20931	2	2	1	0.4686880630811272	false	0	0
PT1-PR1	Cardiometabolic	OID20153	2	2	1	0.6857963720367243	false	0	0
PT1-PR1	Inflammation	OID20546	2	2	1	0.7749221257885437	false	0	0
PT1-PR1	Cardiometabolic	OID20223	2	2	1	0.9277768199504469	false	0	0
PT1-PR1	Cardiometabolic_II	OID30265	2	2	1	0.6489158478007896	false	0	0
PT1-PR1	Oncology_II	OID31275	2	2	1	0.7121296448043075	false	0	0
PT1-PR1	Cardiometabolic	OID20249	2	2	1	0.39969684126849075	false	0	0
PT1-PR1	Neurology	OID21097	2	2	1	0.7024058081706019	false	0	0
PT1-PR1	Inflammation	OID20549	2	2	1	0.8882760281987468	false	0	0
PT1-PR1	Inflammation	OID20762	2	2	1	0.47706580021856515	false	0	0
PT1-PR1	Oncology	OID21258	2	2	1	0.9057054680441463	false	0	0
PT1-PR1	Oncology_II	OID31306	2	2	1	0.928208587992318	false	0	0
PT1-PR1	Neurology	OID20876	2	2	1	0.9967161633850071	false	0	0
PT1-PR1	Neurology	OID20859	2	2	1	0.4678993083835782	false	0	0
PT1-PR1	Oncology	OID21438	2	2	1	0.8777618404745446	false	0	0
PT1-PR1	Neurology	OID20852	2	2	1	0.7363873629746376	false	0	0
PT1-PR1	Cardiometabolic	OID20164	2	2	1	0.8363611456684932	false	0	0
PT1-PR1	Inflammation	OID20625	2	2	1	0.22191281459923173	false	0	0
PT1-PR1	Neurology_II	OID30801	2	2	1	0.7865705516903782	false	0	0
PT1-PR1	Cardiometabolic	OID20281	2	2	1	0.9909796279575089	false	0	0
PT1-PR1	Inflammation	OID20474	2	2	1	0.9170689209537634	false	0	0
PT2-PR2	Inflammation	OID20474	2	2	1	0.6427092313848723	false	0	0
PT2-PR2	Cardiometabolic_II	OID30236	2	2	1	0.7249284409133901	false	0	0
PT2-PR2	Oncology_II	OID31281	2	2	1	0.8715012946586164	false	0	0
PT2-PR2	Neurology	OID21036	2	2	1	0.12476952763594483	false	0	1
PT2-PR2	Inflammation_II	OID30489	2	2	1	0.8163298356494755	false	0	0
PT2-PR2	Cardiometabolic_II	OID30307	2	2	1	0.581071443758214	false	0	0
PT2-PR2	Inflammation	OID20753	2	2	1	0.880200139854938	false	0	0
PT2-PR2	Inflammation	OID20469	2	2	1	0.81289187988532	false	0	0
PT2-PR2	Cardiometabolic_II	OID30112	2	2	1	0.47919432476489254	false	0	0
PT2-PR2	Neurology	OID20899	2	2	1	0.08052943908467501	false	1	2
PT2-PR2	Oncology	OID21408	2	2	1	0.517483105404097	false	0	0
PT2-PR2	Inflammation	OID20596	2	2	1	0.7342477257924049	false	0	0
PT2-PR2	Neurology	OID21020	2	2	1	0.7647020009882598	false	0	0
PT2-PR2	Neurology	OID21002	2	2	1	0.7679910073726174	false	0	0
PT2-PR2	Oncology	OID21166	2	2	1	0.35213656038437713	false	0	0
PT2-PR2	Inflammation_II	OID30564	2	2	1	0.9456074279954793	false	0	0
PT2-PR2	Neurology	OID20940	2	2	1	0.9654868662558697	false	0	0
PT2-PR2	Cardiometabolic_II	OID30391	2	2	1	0.8732681958911408	false	0	0
PT2-PR2	Neurology	OID21058	2	2	1	0.46979781110655844	false	0	0
PT2-PR2	Cardiometabolic_II	OID30196	2	2	1	0.7016982939034493	false	0	0
PT2-PR2	Neurology	OID20865	2	2	1	0.7318665630938184	false	0	0
PT2-PR2	Neurology_II	OID30820	2	2	1	0.09825808407700982	false	1	2
PT2-PR2	Oncology_II	OID31264	2	2	1	0.3383239649008152	false	0	0
PT2-PR2	Oncology_II	OID31244	2	2	1	0.9789879386654142	false	0	0
PT2-PR2	Inflammation	OID20516	2	2	1	0.8448632587024234	false	0	0
PT2-PR2	Oncology	OID21185	2	2	1	0.3189384031601367	false	0	0
PT2-PR2	Oncology_II	OID31184	2	2	1	0.9261945497661958	false	0	0
PT2-PR2	Inflammation_II	OID30757	2	2	1	0.7679910073726174	false	0	0
PT2-PR2	Cardiometabolic_II	OID30215	2	2	1	0.7259873160344543	false	0	0
PT2-PR2	Oncology	OID21197	2	2	1	0.5745246840875267	false	0	0
PT2-PR2	Neurology	OID20980	2	2	1	0.09495500617310468	false	0	2
PT2-PR2	Neurology	OID21051	2	2	1	0.3333468991605051	false	0	0
PT2-PR2	Inflammation	OID20713	2	2	1	0.5756129252833521	false	0	0
PT2-PR2	Cardiometabolic_II	OID30176	2	2	1	0.8448632587024234	false	0	0
PT2-PR2	Inflammation	OID20763	2	2	1	0.1153271571490519	false	0	0
PT2-PR2	Inflammation_II	OID30472	2	2	1	0.9903801979512499	false	0	0
PT2-PR2	Inflammation	OID20531	2	2	1	0.14185331357945438	false	0	1
PT2-PR2	Inflammation	OID20526	2	2	1	0.18990950360554174	false	0	1
PT2-PR2	Oncology	OID21308	2	2	1	0.3661838775951341	false	0	0
PT2-PR2	Cardiometabolic_II	OID30288	2	2	1	0.6500931983361826	false	0	0
PT2-PR2	Cardiometabolic_II	OID30092	2	2	1	0.8036975489613205	false	0	0
PT2-PR2	Cardiometabolic	OID20322	2	2	1	0.01485244556377444	true	1	2
PT2-PR2	Inflammation_II	OID30753	2	2	1	0.8224982846757548	false	0	0
PT2-PR2	Oncology	OID21184	2	2	1	0.6779131380593545	false	0	0
PT2-PR2	Neurology	OID20982	2	2	1	0.7259873160344543	false	0	0
PT2-PR2	Inflammation	OID20515	2	2	1	0.5595495267385381	false	0	0
PT2-PR2	Oncology_II	OID31400	2	2	1	0.8333445459475451	false	0	0
PT2-PR2	Inflammation	OID20647	2	2	1	0.5166769321109329	false	0	0
PT2-PR2	Oncology_II	OID31310	2	2	1	0.5621063246539008	false	0	0
PT2-PR2	Oncology_II	OID31408	2	2	1	0.9409556325851016	false	0	0
PT2-PR2	Neurology_II	OID31048	2	2	1	0.7563114658599622	false	0	0
PT2-PR2	Neurology_II	OID30989	2	2	1	0.9938023440830316	false	0	0
PT2-PR2	Cardiometabolic_II	OID30194	2	2	1	0.19110960841017133	false	0	0
PT2-PR2	Cardiometabolic	OID20128	2	2	1	0.7641833155022247	false	0	0
PT2-PR2	Cardiometabolic_II	OID30260	2	2	1	0.09495500617310468	false	0	1
PT2-PR2	Neurology	OID21087	2	2	1	0.09968436135564417	false	1	2
PT2-PR2	Inflammation_II	OID30465	2	2	1	0.09495500617310468	false	1	2
PT2-PR2	Oncology_II	OID31186	2	2	1	0.43067168124660177	false	0	0
PT2-PR2	Inflammation_II	OID30575	2	2	1	0.6088414670122313	false	0	0
PT2-PR2	Neurology	OID20792	2	2	1	0.8382021469063867	false	0	0
PT2-PR2	Neurology	OID20964	2	2	1	0.9738702899475289	false	0	0
PT2-PR2	Cardiometabolic	OID20383	2	2	1	0.3886680508452597	false	0	0
PT2-PR2	Neurology_II	OID30988	2	2	1	0.805479008460396	false	0	0
PT2-PR2	Oncology	OID21439	2	2	1	0.6534097454391922	false	0	0
PT2-PR2	Cardiometabolic_II	OID30227	2	2	1	0.12037870442858432	false	0	1
PT2-PR2	Cardiometabolic	OID20374	2	2	1	0.34403209522422634	false	0	0
PT2-PR2	Cardiometabolic	OID20118	2	2	1	0.49968731186684223	false	0	0
PT2-PR2	Oncology	OID21440	2	2	1	0.5489028835649943	false	0	0
PT2-PR2	Cardiometabolic_II	OID30134	2	2	1	0.8193866752624124	false	0	0
PT2-PR2	Cardiometabolic_II	OID30050	2	2	1	0.5742087194231098	false	0	0
PT2-PR2	Neurology	OID20850	2	2	1	0.11371616180726739	false	1	1
PT2-PR2	Neurology	OID21056	2	2	1	0.09968436135564417	false	0	1
PT2-PR2	Cardiometabolic_II	OID30283	2	2	1	0.1705860505958213	false	0	1
PT2-PR2	Cardiometabolic_II	OID30318	2	2	1	0.30246045049028886	false	0	0
PT2-PR2	Cardiometabolic	OID20051	2	2	1	0.3846496132492084	false	0	0
PT2-PR2	Oncology	OID21525	2	2	1	0.6914139085199361	false	0	0
PT2-PR2	Cardiometabolic_II	OID30220	2	2	1	0.27842069576859824	false	0	0
PT2-PR2	Neurology_II	OID30853	2	2	1	0.7078344276782892	false	0	0
PT2-PR2	Cardiometabolic	OID20380	2	2	1	0.32258376159541197	false	0	0
PT2-PR2	Inflammation	OID20599	2	2	1	0.8753515792388737	false	0	0
PT2-PR2	Inflammation_II	OID30595	2	2	1	0.8159957791399535	false	0	0
PT2-PR2	Oncology_II	OID31209	2	2	1	0.8930608978998051	false	0	0
PT2-PR2	Oncology_II	OID31275	2	2	1	0.9736348597939938	false	0	0
PT2-PR2	Oncology	OID21256	2	2	1	0.9192362384686131	false	0	0
PT2-PR2	Oncology	OID21246	2	2	1	0.17584417885139017	false	0	0
PT2-PR2	Inflammation_II	OID30591	2	2	1	0.29089861710524917	false	0	0
PT2-PR2	Oncology_II	OID31167	2	2	1	0.8478107380488429	false	0	0
PT2-PR2	Oncology_II	OID31386	2	2	1	0.20301723884021758	false	0	0
PT2-PR2	Oncology_II	OID31413	2	2	1	0.76031291194511	false	0	0
PT2-PR2	Neurology_II	OID31003	2	2	1	0.44461227764569167	false	0	0
PT2-PR2	Inflammation	OID20689	2	2	1	0.2358333844508535	false	0	0
PT2-PR2	Neurology	OID20882	2	2	1	0.645130226669229	false	0	0
PT2-PR2	Oncology	OID21172	2	2	1	0.7637062039963547	false	0	0
PT2-PR2	Cardiometabolic	OID20191	2	2	1	0.031102338375112767	true	2	2
PT2-PR2	Inflammation	OID20700	2	2	1	0.6297200566042689	false	0	0
PT2-PR2	Oncology	OID21352	2	2	1	0.07198964174580882	false	1	2
PT2-PR2	Inflammation_II	OID30554	2	2	1	0.8448002584323068	false	0	0
PT2-PR2	Inflammation	OID20597	2	2	1	0.1038091966627311	false	1	1
PT2-PR2	Neurology	OID21001	2	2	1	0.6381781497830815	false	0	0
PT2-PR2	Oncology	OID21343	2	2	1	0.0783329525622673	false	1	2
PT2-PR2	Neurology_II	OID30867	2	2	1	0.9665469627857688	false	0	0
PT2-PR2	Oncology_II	OID31299	2	2	1	0.2666320178299678	false	0	0
PT2-PR2	Oncology_II	OID31171	2	2	1	0.8460788959800094	false	0	0
PT2-PR2	Neurology	OID20863	2	2	1	0.9936294736266511	false	0	0
PT2-PR2	Oncology_II	OID31355	2	2	1	0.9832708276762787	false	0	0
PT2-PR2	Cardiometabolic_II	OID30244	2	2	1	0.09863113153934502	false	0	1
PT2-PR2	Oncology	OID21168	2	2	1	0.25705713905690597	false	0	0
PT2-PR2	Neurology	OID21138	2	2	1	0.9789879386654142	false	0	0
PT2-PR2	Oncology_II	OID31517	2	2	1	0.46258568013406215	false	0	0
PT2-PR2	Cardiometabolic_II	OID30336	2	2	1	0.11638591618464442	false	0	1
PT2-PR2	Neurology	OID21061	2	2	1	0.09495500617310468	false	1	2
PT2-PR2	Inflammation_II	OID30470	2	2	1	0.8159957791399535	false	0	0
PT2-PR2	Inflammation_II	OID30621	2	2	1	0.11430549446691643	false	1	1
PT2-PR2	Oncology_II	OID31449	2	2	1	0.4965044184070709	false	0	0
PT2-PR2	Cardiometabolic	OID20382	2	2	1	0.19603837595247106	false	0	0
PT2-PR2	Inflammation_II	OID30772	2	2	1	0.4187794899368741	false	0	0
PT2-PR2	Cardiometabolic	OID20229	2	2	1	0.5286681885955652	false	0	0
PT2-PR2	Cardiometabolic_II	OID30077	2	2	1	0.14129952833858533	false	0	0
PT2-PR2	Cardiometabolic	OID20317	2	2	1	0.1453630935068654	false	0	0
PT2-PR2	Oncology	OID21288	2	2	1	0.15544650454089287	false	0	1
PT2-PR2	Inflammation_II	OID30787	2	2	1	0.18245704918778982	false	0	0
PT2-PR2	Neurology_II	OID30868	2	2	1	0.1371808356751935	false	0	1
PT2-PR2	Neurology	OID21097	2	2	1	0.4801735962446561	false	0	0
PT2-PR2	Cardiometabolic_II	OID30086	2	2	1	0.607553591290749	false	0	0
PT2-PR2	Neurology_II	OID31115	2	2	1	0.7912215885111493	false	0	0
PT2-PR2	Cardiometabolic_II	OID30174	2	2	1	0.0892673509613903	false	1	2
PT2-PR2	Inflammation_II	OID30740	2	2	1	0.8448002584323068	false	0	0
PT2-PR2	Oncology_II	OID31526	2	2	1	0.6780591774201858	false	0	0
PT2-PR2	Inflammation_II	OID30773	2	2	1	0.14081302805373405	false	0	0
PT2-PR2	Neurology	OID20793	2	2	1	0.3497508345538959	false	0	0
PT2-PR2	Neurology	OID20995	2	2	1	0.5384558530499923	false	0	0
PT2-PR2	Neurology	OID20824	2	2	1	0.8213779081903841	false	0	0
PT2-PR2	Oncology	OID21409	2	2	1	0.8460788959800094	false	0	0
PT2-PR2	Oncology_II	OID31283	2	2	1	0.14507687487320417	false	0	0
PT2-PR2	Cardiometabolic_II	OID30228	2	2	1	0.4029939679594989	false	0	0
PT2-PR2	Neurology_II	OID30949	2	2	1	0.2767331270015072	false	0	0
PT2-PR2	Inflammation_II	OID30551	2	2	1	0.3385803131438515	false	0	0
PT2-PR2	Inflammation	OID20787	2	2	1	0.4599728474183063	false	0	0
PT2-PR2	Cardiometabolic_II	OID30126	2	2	1	0.10398219314744422	false	0	1
PT2-PR2	Oncology	OID21489	2	2	1	0.0982227002601891	false	1	2
PT2-PR2	Oncology_II	OID31364	2	2	1	0.5137793837561453	false	0	0
PT2-PR2	Neurology_II	OID30964	2	2	1	0.8404176714141491	false	0	0
PT2-PR2	Oncology	OID21521	2	2	1	0.0892673509613903	false	1	2
PT2-PR2	Oncology_II	OID31521	2	2	1	0.06830305115159559	false	1	2
PT2-PR2	Neurology	OID21015	2	2	1	0.09581604283035061	false	1	2
PT2-PR2	Neurology_II	OID30961	2	2	1	0.4414031620545226	false	0	0
PT2-PR2	Neurology	OID20933	2	2	1	0.8360194872315904	false	0	0
PT2-PR2	Cardiometabolic_II	OID30096	2	2	1	0.9078917229211629	false	0	0
PT2-PR2	Inflammation_II	OID30783	2	2	1	0.9097461042118211	false	0	0
PT2-PR2	Oncology	OID21336	2	2	1	0.9531730780145391	false	0	0
PT2-PR2	Oncology_II	OID31381	2	2	1	0.47341072078332574	false	0	0
PT2-PR2	Cardiometabolic_II	OID30173	2	2	1	0.19482949612805336	false	0	0
PT2-PR2	Inflammation	OID20583	2	2	1	0.21536352833131034	false	0	0
PT2-PR2	Cardiometabolic	OID20269	2	2	1	0.27028480718032827	false	0	0
PT2-PR2	Cardiometabolic_II	OID30137	2	2	1	0.9304204020587921	false	0	0
PT2-PR2	Inflammation_II	OID30625	2	2	1	0.14992369663285762	false	0	0
PT2-PR2	Inflammation_II	OID30585	2	2	1	0.4544606890465384	false	0	0
PT2-PR2	Neurology_II	OID31068	2	2	1	0.28759939852150257	false	0	0
PT2-PR2	Neurology	OID20848	2	2	1	0.6882218936927672	false	0	0
PT2-PR2	Neurology	OID20917	2	2	1	0.49710294518311354	false	0	0
PT2-PR2	Inflammation	OID20508	2	2	1	0.8016229101334515	false	0	0
PT2-PR2	Oncology	OID21405	2	2	1	0.01485244556377444	true	2	2
PT2-PR2	Oncology_II	OID31314	2	2	1	0.44586078518296257	false	0	0
PT2-PR2	Cardiometabolic	OID20189	2	2	1	0.6873715019479151	false	0	0
PT2-PR2	Cardiometabolic_II	OID30197	2	2	1	0.6010789109171362	false	0	0
PT2-PR2	Inflammation	OID20568	2	2	1	0.4676788214981998	false	0	0
PT2-PR2	Inflammation_II	OID30459	2	2	1	0.5739333039902091	false	0	0
PT2-PR2	Inflammation_II	OID30650	2	2	1	0.16347787465584196	false	0	0
PT2-PR2	Inflammation	OID20425	2	2	1	0.09423861822839431	false	1	2
PT2-PR2	Cardiometabolic_II	OID30192	2	2	1	0.5520144229378695	false	0	0
PT2-PR2	Cardiometabolic_II	OID30373	2	2	1	0.7633751010311037	false	0	0
PT2-PR2	Oncology	OID21500	2	2	1	0.281959400656506	false	0	0
PT2-PR2	Neurology_II	OID30854	2	2	1	0.2964811196900702	false	0	0
PT2-PR2	Oncology	OID21222	2	2	1	0.10398219314744422	false	1	1
PT2-PR2	Oncology	OID21421	2	2	1	0.6783071590037014	false	0	0
PT2-PR2	Oncology_II	OID31301	2	2	1	0.6873759978625038	false	0	0
PT2-PR2	Inflammation	OID20687	2	2	1	0.1908630156238567	false	0	0
PT2-PR2	Neurology_II	OID31042	2	2	1	0.9516915218648048	false	0	0
PT2-PR2	Cardiometabolic_II	OID30249	2	2	1	0.09495500617310468	false	1	2
PT2-PR2	Inflammation	OID20585	2	2	1	0.8745988882986531	false	0	0
PT2-PR2	Neurology_II	OID30984	2	2	1	0.8961303102321065	false	0	0
PT2-PR2	Oncology	OID21302	2	2	1	0.11638591618464442	false	0	1
PT2-PR2	Oncology_II	OID31220	2	2	1	0.5734585752111353	false	0	0
PT2-PR2	Inflammation	OID20611	2	2	1	0.8081335597150096	false	0	0
PT2-PR2	Cardiometabolic_II	OID30287	2	2	1	0.9659562638568314	false	0	0
PT2-PR2	Oncology	OID21362	2	2	1	0.8826640176750842	false	0	0
PT2-PR2	Oncology	OID21201	2	2	1	0.2711852433524271	false	0	0
PT2-PR2	Neurology_II	OID30960	2	2	1	0.8321358495002182	false	0	0
PT2-PR2	Cardiometabolic_II	OID30139	2	2	1	0.8427335747764954	false	0	0
PT2-PR2	Neurology	OID20993	2	2	1	0.09851817447883832	false	1	2
PT2-PR2	Cardiometabolic	OID20404	2	2	1	0.47593432725675633	false	0	0
PT2-PR2	Cardiometabolic	OID20302	2	2	1	0.6028978000865308	false	0	0
PT2-PR2	Oncology	OID21267	2	2	1	0.23393234788379966	false	0	0
PT2-PR2	Oncology_II	OID31161	2	2	1	0.6185319187346542	false	0	0
PT2-PR2	Inflammation_II	OID30670	2	2	1	0.32351425030815634	false	0	0
PT2-PR2	Neurology_II	OID30922	2	2	1	0.7798062135541607	false	0	0
PT2-PR2	Neurology	OID21160	2	2	1	0.10013064300764882	false	1	1
PT2-PR2	Oncology_II	OID31253	2	2	1	0.9416909367350083	false	0	0
PT2-PR2	Inflammation	OID20575	2	2	1	0.9885692158681705	false	0	0
PT2-PR2	Neurology_II	OID31070	2	2	1	0.1261983283427151	false	0	1
PT2-PR2	Oncology_II	OID31229	2	2	1	0.6413272439618136	false	0	0
PT2-PR2	Oncology	OID21399	2	2	1	0.10632861959021978	false	1	1
PT2-PR2	Cardiometabolic	OID20171	2	2	1	0.41065133488366806	false	0	0
PT2-PR2	Oncology	OID21327	2	2	1	0.20770697927745865	false	0	0
PT2-PR2	Neurology_II	OID31078	2	2	1	0.5453623375611591	false	0	0
PT2-PR2	Neurology_II	OID30858	2	2	1	0.7349284795604984	false	0	0
PT2-PR2	Neurology_II	OID30970	2	2	1	0.959329648025411	false	0	0
PT2-PR2	Neurology	OID21039	2	2	1	0.8149987101121716	false	0	0
PT2-PR2	Inflammation_II	OID30633	2	2	1	0.5104207632126864	false	0	0
PT2-PR2	Inflammation	OID20489	2	2	1	0.3516237535086444	false	0	0
PT2-PR2	Neurology	OID21081	2	2	1	0.11399168176846315	false	0	0
PT2-PR2	Inflammation	OID20563	2	2	1	0.5298073915128537	false	0	0
PT2-PR2	Inflammation_II	OID30785	2	2	1	0.6311507007126641	false	0	0
PT2-PR2	Cardiometabolic_II	OID30053	2	2	1	0.6401531980925513	false	0	0
PT2-PR2	Inflammation_II	OID30608	2	2	1	0.7914281913884343	false	0	0
PT2-PR2	Cardiometabolic	OID20119	2	2	1	0.8081335597150096	false	0	0
PT2-PR2	Cardiometabolic	OID20268	2	2	1	0.9263876383592042	false	0	0
PT2-PR2	Inflammation_II	OID30643	2	2	1	0.46592392007127953	false	0	0
PT2-PR2	Cardiometabolic_II	OID30363	2	2	1	0.8367123654075493	false	0	0
PT2-PR2	Neurology	OID21146	2	2	1	0.9561666786000049	false	0	0
PT2-PR2	Cardiometabolic	OID20364	2	2	1	0.5742053641669963	false	0	0
PT2-PR2	Oncology_II	OID31292	2	2	1	0.783867998478878	false	0	0
PT2-PR2	Oncology	OID21333	2	2	1	0.9938023440830316	false	0	0
PT2-PR2	Oncology	OID21493	2	2	1	0.9176373007759073	false	0	0
PT2-PR2	Cardiometabolic_II	OID30301	2	2	1	0.37137449474805284	false	0	0
PT2-PR2	Neurology_II	OID30802	2	2	1	0.7898355622306772	false	0	0
PT2-PR2	Inflammation_II	OID30581	2	2	1	0.5316377862803751	false	0	0
PT2-PR2	Inflammation	OID20472	2	2	1	0.8389014977916057	false	0	0
PT2-PR2	Neurology_II	OID31076	2	2	1	0.32351425030815634	false	0	0
PT2-PR2	Neurology_II	OID31141	2	2	1	0.7406007473266127	false	0	0
PT2-PR2	Oncology_II	OID31431	2	2	1	0.9654868662558697	false	0	0
PT2-PR2	Neurology	OID20928	2	2	1	0.985147322720206	false	0	0
PT2-PR2	Inflammation_II	OID30471	2	2	1	0.9086519109157284	false	0	0
PT2-PR2	Neurology	OID21103	2	2	1	0.8055872647917702	false	0	0
PT2-PR2	Cardiometabolic_II	OID30302	2	2	1	0.13583746298696894	false	0	1
PT2-PR2	Oncology	OID21367	2	2	1	0.25902951341388947	false	0	0
PT2-PR2	Neurology_II	OID30913	2	2	1	0.8448632587024234	false	0	0
PT2-PR2	Neurology	OID20979	2	2	1	0.15974054116481726	false	0	0
PT2-PR2	Cardiometabolic	OID20412	2	2	1	0.21536352833131034	false	0	0
PT2-PR2	Inflammation	OID20735	2	2	1	0.1191103326365607	false	0	0
PT2-PR2	Neurology_II	OID30980	2	2	1	0.9738702899475289	false	0	0
PT2-PR2	Inflammation	OID20544	2	2	1	0.10544128274397349	false	1	1
PT2-PR2	Neurology_II	OID30926	2	2	1	0.6231935087212453	false	0	0
PT2-PR2	Neurology	OID20840	2	2	1	0.45949071036132777	false	0	0
PT2-PR2	Cardiometabolic	OID20373	2	2	1	0.4029939679594989	false	0	0
PT2-PR2	Cardiometabolic	OID20408	2	2	1	0.3732020236268169	false	0	0
PT2-PR2	Cardiometabolic	OID20120	2	2	1	0.7750655887238844	false	0	0
PT2-PR2	Oncology_II	OID31370	2	2	1	0.2445207668898946	false	0	0
PT2-PR2	Inflammation	OID20589	2	2	1	0.10780471071221329	false	1	1
PT2-PR2	Inflammation_II	OID30464	2	2	1	0.8829703847292578	false	0	0
PT2-PR2	Inflammation_II	OID30542	2	2	1	0.7898355622306772	false	0	0
PT2-PR2	Inflammation_II	OID30500	2	2	1	0.7626302162748343	false	0	0
PT2-PR2	Neurology_II	OID30812	2	2	1	0.6468068627268624	false	0	0
PT2-PR2	Inflammation_II	OID30755	2	2	1	0.7950454773775215	false	0	0
PT2-PR2	Cardiometabolic	OID20240	2	2	1	0.09495500617310468	false	0	1
PT2-PR2	Neurology_II	OID31009	2	2	1	0.1793473451592713	false	0	1
PT2-PR2	Cardiometabolic_II	OID30401	2	2	1	0.3661838775951341	false	0	0
PT2-PR2	Neurology_II	OID31052	2	2	1	0.299889354370618	false	0	0
PT2-PR2	Cardiometabolic_II	OID30172	2	2	1	0.6534279208053758	false	0	0
PT2-PR2	Neurology_II	OID31075	2	2	1	0.12689273070135876	false	0	1
PT2-PR2	Inflammation	OID20737	2	2	1	0.43893126419424106	false	0	0
PT2-PR2	Inflammation_II	OID30566	2	2	1	0.9589617350731853	false	0	0
PT2-PR2	Oncology_II	OID31518	2	2	1	0.9012005861394177	false	0	0
PT2-PR2	Oncology_II	OID31513	2	2	1	0.12149713735902705	false	0	1
PT2-PR2	Inflammation	OID20494	2	2	1	0.18316392669996445	false	0	0
PT2-PR2	Neurology	OID20820	2	2	1	0.6037813068603134	false	0	0
PT2-PR2	Neurology	OID20968	2	2	1	0.13190800444512216	false	0	1
PT2-PR2	Inflammation_II	OID30750	2	2	1	0.28696128207443977	false	0	0
PT2-PR2	Neurology	OID21134	2	2	1	0.3711265744259855	false	0	0
PT2-PR2	Inflammation	OID20602	2	2	1	0.9038359442495106	false	0	0
PT2-PR2	Neurology_II	OID30877	2	2	1	0.4400239662438912	false	0	0
PT2-PR2	Cardiometabolic	OID20329	2	2	1	0.7039451054819084	false	0	0
PT2-PR2	Inflammation	OID20534	2	2	1	0.6168935922582357	false	0	0
PT2-PR2	Inflammation_II	OID30508	2	2	1	0.9456074279954793	false	0	0
PT2-PR2	Neurology_II	OID31086	2	2	1	0.07198964174580882	false	1	2
PT2-PR2	Oncology	OID21484	2	2	1	0.9825641205520478	false	0	0
PT2-PR2	Inflammation_II	OID30781	2	2	1	0.5786265415596594	false	0	0
PT2-PR2	Cardiometabolic_II	OID30332	2	2	1	0.6880481481404909	false	0	0
PT2-PR2	Inflammation_II	OID30790	2	2	1	0.7342477257924049	false	0	0
PT2-PR2	Inflammation	OID20672	2	2	1	0.9334539849563392	false	0	0
PT2-PR2	Neurology	OID20893	2	2	1	0.7611598643662032	false	0	0
PT2-PR2	Inflammation_II	OID30678	2	2	1	0.1030659320246437	false	1	1
PT2-PR2	Cardiometabolic	OID20394	2	2	1	0.3373734755181553	false	0	0
PT2-PR2	Neurology_II	OID30841	2	2	1	0.5660158836072984	false	0	0
PT2-PR2	Oncology	OID21243	2	2	1	0.6646313371301347	false	0	0
PT2-PR2	Neurology_II	OID31044	2	2	1	0.31838123181830874	false	0	0
PT2-PR2	Neurology_II	OID30832	2	2	1	0.12457787341508755	false	0	0
PT2-PR2	Neurology	OID20859	2	2	1	0.8081335597150096	false	0	0
PT2-PR2	Inflammation	OID20663	2	2	1	0.15194119598572853	false	0	0
PT2-PR2	Cardiometabolic	OID20250	2	2	1	0.06354117391403745	false	0	1
PT2-PR2	Neurology_II	OID30928	2	2	1	0.920747135196078	false	0	0
PT2-PR2	Cardiometabolic_II	OID30097	2	2	1	0.9199960516153203	false	0	0
PT2-PR2	Inflammation	OID20590	2	2	1	0.8096620063234375	false	0	0
PT2-PR2	Cardiometabolic	OID20224	2	2	1	0.9890752300323578	false	0	0
PT2-PR2	Cardiometabolic	OID20348	2	2	1	0.4400239662438912	false	0	0
PT2-PR2	Inflammation	OID20676	2	2	1	0.10101818580292711	false	0	0
PT2-PR2	Neurology_II	OID31020	2	2	1	0.1705860505958213	false	0	0
PT2-PR2	Neurology_II	OID30940	2	2	1	0.9901831474630517	false	0	0
PT2-PR2	Inflammation	OID20539	2	2	1	0.2722033008627062	false	0	0
PT2-PR2	Inflammation	OID20447	2	2	1	0.5188242007253745	false	0	0
PT2-PR2	Inflammation	OID20535	2	2	1	0.9485859605885241	false	0	0
PT2-PR2	Inflammation_II	OID30499	2	2	1	0.8419232766219514	false	0	0
PT2-PR2	Oncology_II	OID31484	2	2	1	0.11430549446691643	false	0	1
PT2-PR2	Oncology	OID21263	2	2	1	0.24391209314231801	false	0	0
PT2-PR2	Oncology_II	OID31374	2	2	1	0.46762799539426453	false	0	0
PT2-PR2	Oncology_II	OID31227	2	2	1	0.4877726501845069	false	0	0
PT2-PR2	Inflammation_II	OID30713	2	2	1	0.27705234980216253	false	0	0
PT2-PR2	Cardiometabolic_II	OID30299	2	2	1	0.2771809426249942	false	0	0
PT2-PR2	Neurology_II	OID30794	2	2	1	0.5658531472351523	false	0	0
PT2-PR2	Cardiometabolic_II	OID30379	2	2	1	0.7753329291246618	false	0	0
PT2-PR2	Oncology	OID21448	2	2	1	0.0892673509613903	false	1	2
PT2-PR2	Neurology	OID21073	2	2	1	0.09968436135564417	false	1	2
PT2-PR2	Neurology	OID20930	2	2	1	0.11716525323692807	false	1	1
PT2-PR2	Oncology	OID21479	2	2	1	0.9933609129665555	false	0	0
PT2-PR2	Oncology_II	OID31478	2	2	1	0.09387583957661225	false	1	2
PT2-PR2	Oncology	OID21250	2	2	1	0.7753329291246618	false	0	0
PT2-PR2	Inflammation	OID20636	2	2	1	0.9456074279954793	false	0	0
PT2-PR2	Cardiometabolic_II	OID30104	2	2	1	0.1839114217727039	false	0	0
PT2-PR2	Cardiometabolic	OID20352	2	2	1	0.27694200102742306	false	0	0
PT2-PR2	Inflammation	OID20525	2	2	1	0.1887983007345858	false	0	0
PT2-PR2	Inflammation	OID20528	2	2	1	0.32348343578963934	false	0	0
PT2-PR2	Oncology_II	OID31429	2	2	1	0.1491399371066153	false	0	1
PT2-PR2	Inflammation_II	OID30460	2	2	1	0.9304738797651941	false	0	0
PT2-PR2	Cardiometabolic_II	OID30331	2	2	1	0.09968436135564417	false	1	2
PT2-PR2	Oncology_II	OID31330	2	2	1	0.44461227764569167	false	0	0
PT2-PR2	Cardiometabolic	OID20187	2	2	1	0.4035497073776981	false	0	0
PT2-PR2	Neurology	OID21153	2	2	1	0.03854551562872159	true	1	2
PT2-PR2	Cardiometabolic_II	OID30361	2	2	1	0.1030659320246437	false	1	1
PT2-PR2	Inflammation_II	OID30572	2	2	1	0.4400239662438912	false	0	0
PT2-PR2	Oncology_II	OID31390	2	2	1	0.7750655887238844	false	0	0
PT2-PR2	Oncology	OID21344	2	2	1	0.9456074279954793	false	0	0
PT2-PR2	Oncology	OID21208	2	2	1	0.22834926461339713	false	0	0
PT2-PR2	Oncology_II	OID31293	2	2	1	0.35590429931705386	false	0	0
PT2-PR2	Cardiometabolic	OID20387	2	2	1	0.6882218936927672	false	0	0
PT2-PR2	Cardiometabolic	OID20161	2	2	1	0.6381781497830815	false	0	0
PT2-PR2	Neurology_II	OID31091	2	2	1	0.5759119419853613	false	0	0
PT2-PR2	Neurology_II	OID30843	2	2	1	0.8398089992408281	false	0	0
PT2-PR2	Neurology	OID20948	2	2	1	0.5953202108806344	false	0	0
PT2-PR2	Inflammation	OID20623	2	2	1	0.12917053896370348	false	0	1
PT2-PR2	Neurology_II	OID31096	2	2	1	0.584897270880356	false	0	0
PT2-PR2	Inflammation	OID20620	2	2	1	0.1269462276572724	false	0	1
PT2-PR2	Oncology_II	OID31450	2	2	1	0.17427195485465546	false	0	0
PT2-PR2	Cardiometabolic	OID20310	2	2	1	0.15974054116481726	false	0	0
PT2-PR2	Oncology_II	OID31215	2	2	1	0.7850574752927808	false	0	0
PT2-PR2	Neurology_II	OID30884	2	2	1	0.8047133783655821	false	0	0
PT2-PR2	Cardiometabolic	OID20270	2	2	1	0.9985286435303368	false	0	0
PT2-PR2	Oncology_II	OID31170	2	2	1	0.2455608745837927	false	0	0
PT2-PR2	Inflammation	OID20490	2	2	1	0.5668909572387015	false	0	0
PT2-PR2	Oncology	OID21340	2	2	1	0.6534279208053758	false	0	0
PT2-PR2	Neurology	OID20879	2	2	1	0.5476159967519365	false	0	0
PT2-PR2	Oncology	OID21474	2	2	1	0.7637062039963547	false	0	0
PT2-PR2	Inflammation	OID20562	2	2	1	0.2837285600306879	false	0	0
PT2-PR2	Neurology_II	OID30846	2	2	1	0.4400239662438912	false	0	0
PT2-PR2	Oncology	OID21465	2	2	1	0.8514328113524884	false	0	0
PT2-PR2	Inflammation	OID20760	2	2	1	0.12149713735902705	false	0	1
PT2-PR2	Oncology_II	OID31298	2	2	1	0.955990962185343	false	0	0
PT2-PR2	Cardiometabolic	OID20386	2	2	1	0.15121321363809972	false	0	0
PT2-PR2	Oncology_II	OID31178	2	2	1	0.8977392084166023	false	0	0
PT2-PR2	Inflammation_II	OID30602	2	2	1	0.39246138583119866	false	0	0
PT2-PR2	Neurology_II	OID30878	2	2	1	0.1705860505958213	false	0	0
PT2-PR2	Cardiometabolic	OID20360	2	2	1	0.8894677399596032	false	0	0
PT2-PR2	Neurology_II	OID30992	2	2	1	0.9159866977165221	false	0	0
PT2-PR2	Inflammation	OID20454	2	2	1	0.9761842656483019	false	0	0
PT2-PR2	Cardiometabolic	OID20069	2	2	1	0.9663571999286151	false	0	0
PT2-PR2	Neurology_II	OID31066	2	2	1	0.8611726780541974	false	0	0
PT2-PR2	Inflammation	OID20670	2	2	1	0.9188617772211866	false	0	0
PT2-PR2	Cardiometabolic	OID20080	2	2	1	0.8333445459475451	false	0	0
PT2-PR2	Inflammation	OID20638	2	2	1	0.7396474908025529	false	0	0
PT2-PR2	Inflammation	OID20522	2	2	1	0.18743431103805971	false	0	0
PT2-PR2	Cardiometabolic	OID20065	2	2	1	0.3390530971187424	false	0	0
PT2-PR2	Inflammation	OID20651	2	2	1	0.3497508345538959	false	0	0
PT2-PR2	Inflammation	OID20495	2	2	1	0.9123443540640642	false	0	0
PT2-PR2	Cardiometabolic	OID20338	2	2	1	0.9708690345995161	false	0	0
PT2-PR2	Cardiometabolic	OID20085	2	2	1	0.1393514004384314	false	0	1
PT2-PR2	Oncology	OID21272	2	2	1	0.9203498853294739	false	0	0
PT2-PR2	Neurology	OID21136	2	2	1	0.14129952833858533	false	0	0
PT2-PR2	Inflammation	OID20702	2	2	1	0.45520966584429157	false	0	0
PT2-PR2	Oncology	OID21329	2	2	1	0.8524647587758819	false	0	0
PT2-PR2	Inflammation_II	OID30699	2	2	1	0.5372701648687043	false	0	0
PT2-PR2	Oncology_II	OID31265	2	2	1	0.9346701611182474	false	0	0
PT2-PR2	Oncology	OID21454	2	2	1	0.6987690261871071	false	0	0
PT2-PR2	Inflammation	OID20718	2	2	1	0.0962516432243371	false	1	2
PT2-PR2	Cardiometabolic	OID20116	2	2	1	0.9855505561952512	false	0	0
PT2-PR2	Oncology_II	OID31243	2	2	1	0.6196485136306039	false	0	0
PT2-PR2	Oncology	OID21487	2	2	1	0.7259873160344543	false	0	0
PT2-PR2	Neurology_II	OID30944	2	2	1	0.8599407998604025	false	0	0
PT2-PR2	Neurology_II	OID31089	2	2	1	0.09495500617310468	false	0	2
PT2-PR2	Oncology	OID21354	2	2	1	0.09495500617310468	false	0	2
PT2-PR2	Neurology	OID20959	2	2	1	0.09968436135564417	false	1	2
PT2-PR2	Cardiometabolic	OID20123	2	2	1	0.14185331357945438	false	0	1
PT2-PR2	Inflammation	OID20679	2	2	1	0.45949071036132777	false	0	0
PT2-PR2	Inflammation_II	OID30724	2	2	1	0.6780591774201858	false	0	0
PT2-PR2	Cardiometabolic_II	OID30387	2	2	1	0.6921173677823078	false	0	0
PT2-PR2	Oncology_II	OID31437	2	2	1	0.7453857322753913	false	0	0
PT2-PR2	Cardiometabolic	OID20185	2	2	1	0.7750655887238844	false	0	0
PT2-PR2	Neurology_II	OID30864	2	2	1	0.7277055962045896	false	0	0
PT2-PR2	Cardiometabolic	OID20367	2	2	1	0.03854551562872159	true	1	2
PT2-PR2	Oncology	OID21182	2	2	1	0.7637062039963547	false	0	0
PT2-PR2	Neurology	OID20984	2	2	1	0.050911729357066275	false	1	2
PT2-PR2	Inflammation_II	OID30483	2	2	1	0.8152068256948477	false	0	0
PT2-PR2	Neurology	OID20816	2	2	1	0.8538422506610444	false	0	0
PT2-PR2	Inflammation_II	OID30589	2	2	1	0.5408982034753638	false	0	0
PT2-PR2	Oncology_II	OID31214	2	2	1	0.6500931983361826	false	0	0
PT2-PR2	Cardiometabolic_II	OID30415	2	2	1	0.9456074279954793	false	0	0
PT2-PR2	Oncology	OID21475	2	2	1	0.07275197278646951	false	1	2
PT2-PR2	Neurology_II	OID30795	2	2	1	0.03587780918609784	true	2	2
PT2-PR2	Inflammation	OID20437	2	2	1	0.9736348597939938	false	0	0
PT2-PR2	Oncology	OID21480	2	2	1	0.09968436135564417	false	0	2
PT2-PR2	Inflammation_II	OID30584	2	2	1	0.19139535476085004	false	0	0
PT2-PR2	Neurology	OID21108	2	2	1	0.623815367494021	false	0	0
PT2-PR2	Inflammation_II	OID30520	2	2	1	0.4801735962446561	false	0	0
PT2-PR2	Oncology	OID21347	2	2	1	0.1261983283427151	false	0	1
PT2-PR2	Neurology_II	OID31059	2	2	1	0.6310648883505502	false	0	0
PT2-PR2	Oncology	OID21416	2	2	1	0.9120766397291942	false	0	0
PT2-PR2	Inflammation	OID20661	2	2	1	0.050911729357066275	false	0	2
PT2-PR2	Neurology_II	OID31088	2	2	1	0.09387583957661225	false	1	2
PT2-PR2	Inflammation	OID20671	2	2	1	0.10042271686228539	false	0	0
PT2-PR2	Neurology	OID20909	2	2	1	0.5261298669009403	false	0	0
PT2-PR2	Neurology_II	OID30859	2	2	1	0.8294038487046788	false	0	0
PT2-PR2	Oncology_II	OID31326	2	2	1	0.9301963097473105	false	0	0
PT2-PR2	Cardiometabolic_II	OID30374	2	2	1	0.6156702099394497	false	0	0
PT2-PR2	Neurology_II	OID31154	2	2	1	0.09863113153934502	false	1	2
PT2-PR2	Cardiometabolic_II	OID30365	2	2	1	0.10425158837055179	false	0	0
PT2-PR2	Inflammation	OID20691	2	2	1	0.20392113351232005	false	0	0
PT2-PR2	Oncology	OID21407	2	2	1	0.23058168530236856	false	0	0
PT2-PR2	Cardiometabolic_II	OID30380	2	2	1	0.7051189729663573	false	0	0
PT2-PR2	Inflammation	OID20722	2	2	1	0.09387583957661225	false	1	2
PT2-PR2	Oncology_II	OID31479	2	2	1	0.8246641921380342	false	0	0
PT2-PR2	Oncology	OID21277	2	2	1	0.19454989807016265	false	0	0
PT2-PR2	Oncology_II	OID31460	2	2	1	0.9995347960537714	false	0	0
PT2-PR2	Oncology	OID21412	2	2	1	0.2819073450057672	false	0	0
PT2-PR2	Neurology_II	OID30979	2	2	1	0.7014950054999818	false	0	0
PT2-PR2	Inflammation	OID20429	2	2	1	0.27943683463631436	false	0	0
PT2-PR2	Oncology	OID21245	2	2	1	0.6856189979011665	false	0	0
PT2-PR2	Oncology_II	OID31327	2	2	1	0.6895609254650288	false	0	0
PT2-PR2	Oncology_II	OID31470	2	2	1	0.7750655887238844	false	0	0
PT2-PR2	Cardiometabolic	OID20101	2	2	1	0.2388310528487898	false	0	0
PT2-PR2	Inflammation	OID20634	2	2	1	0.9663571999286151	false	0	0
PT2-PR2	Inflammation	OID20464	2	2	1	0.15709974527377984	false	0	0
PT2-PR2	Oncology	OID21359	2	2	1	0.7318665630938184	false	0	0
PT2-PR2	Cardiometabolic	OID20204	2	2	1	0.10042271686228539	false	0	1
PT2-PR2	Oncology_II	OID31304	2	2	1	0.9695939683204317	false	0	0
PT2-PR2	Cardiometabolic_II	OID30115	2	2	1	0.3366425015278673	false	0	0
PT2-PR2	Cardiometabolic_II	OID30074	2	2	1	0.9767713011235242	false	0	0
PT2-PR2	Inflammation_II	OID30582	2	2	1	0.6319108833347521	false	0	0
PT2-PR2	Cardiometabolic	OID20054	2	2	1	0.9479601526838818	false	0	0
PT2-PR2	Inflammation	OID20466	2	2	1	0.09968436135564417	false	0	1
PT2-PR2	Neurology_II	OID30935	2	2	1	0.9741843881381604	false	0	0
PT2-PR2	Inflammation_II	OID30778	2	2	1	0.13232707130474003	false	0	0
PT2-PR2	Cardiometabolic	OID20251	2	2	1	0.031102338375112767	true	2	2
PT2-PR2	Cardiometabolic_II	OID30181	2	2	1	0.09702558983946065	false	1	2
PT2-PR2	Oncology	OID21339	2	2	1	0.3272868914059075	false	0	0
PT2-PR2	Inflammation	OID20630	2	2	1	0.47919432476489254	false	0	0
PT2-PR2	Cardiometabolic_II	OID30390	2	2	1	0.6846318660271467	false	0	0
PT2-PR2	Oncology	OID21312	2	2	1	0.2100045469612644	false	0	0
PT2-PR2	Inflammation_II	OID30486	2	2	1	0.46258568013406215	false	0	0
PT2-PR2	Neurology_II	OID30927	2	2	1	0.7051189729663573	false	0	0
PT2-PR2	Inflammation	OID20699	2	2	1	0.8448632587024234	false	0	0
PT2-PR2	Inflammation	OID20752	2	2	1	0.07634209903368042	false	0	1
PT2-PR2	Oncology_II	OID31249	2	2	1	0.6310648883505502	false	0	0
PT2-PR2	Neurology	OID20992	2	2	1	0.9411254014045988	false	0	0
PT2-PR2	Inflammation_II	OID30661	2	2	1	0.1705860505958213	false	0	0
PT2-PR2	Oncology	OID21510	2	2	1	0.9981638582409197	false	0	0
PT2-PR2	Neurology_II	OID31143	2	2	1	0.10931654372901278	false	0	1
PT2-PR2	Cardiometabolic_II	OID30268	2	2	1	0.11206611699608995	false	1	1
PT2-PR2	Oncology_II	OID31271	2	2	1	0.9738702899475289	false	0	0
PT2-PR2	Cardiometabolic_II	OID30316	2	2	1	0.7036060838174731	false	0	0
PT2-PR2	Neurology	OID21131	2	2	1	0.03587780918609784	true	2	2
PT2-PR2	Inflammation	OID20649	2	2	1	0.3839839210852684	false	0	0
PT2-PR2	Inflammation_II	OID30492	2	2	1	0.44586078518296257	false	0	0
PT2-PR2	Neurology_II	OID30936	2	2	1	0.49235069347020105	false	0	0
PT2-PR2	Inflammation	OID20527	2	2	1	0.5384558530499923	false	0	0
PT2-PR2	Cardiometabolic	OID20102	2	2	1	0.09495500617310468	false	0	2
PT2-PR2	Oncology_II	OID31492	2	2	1	0.11029325967694563	false	1	1
PT2-PR2	Inflammation	OID20514	2	2	1	0.25916259798484653	false	0	0
PT2-PR2	Inflammation_II	OID30693	2	2	1	0.7294692445456431	false	0	0
PT2-PR2	Cardiometabolic_II	OID30075	2	2	1	0.7654790232960828	false	0	0
PT2-PR2	Cardiometabolic	OID20392	2	2	1	0.7679910073726174	false	0	0
PT2-PR2	Neurology	OID21032	2	2	1	0.050911729357066275	false	1	2
PT2-PR2	Cardiometabolic	OID20225	2	2	1	0.12469683609801943	false	0	1
PT2-PR2	Inflammation_II	OID30505	2	2	1	0.9214148326684807	false	0	0
PT2-PR2	Oncology_II	OID31458	2	2	1	0.1525402993207112	false	0	1
PT2-PR2	Neurology	OID21090	2	2	1	0.20127629634060082	false	0	0
PT2-PR2	Neurology_II	OID31114	2	2	1	0.8404176714141491	false	0	0
PT2-PR2	Cardiometabolic_II	OID30130	2	2	1	0.9364216909176123	false	0	0
PT2-PR2	Oncology_II	OID31312	2	2	1	0.3875814175702578	false	0	0
PT2-PR2	Neurology_II	OID30809	2	2	1	0.9225962387408825	false	0	0
PT2-PR2	Oncology_II	OID31409	2	2	1	0.21073232272356446	false	0	0
PT2-PR2	Oncology_II	OID31452	2	2	1	0.1453630935068654	false	0	1
PT2-PR2	Oncology	OID21178	2	2	1	0.8727686605442376	false	0	0
PT2-PR2	Cardiometabolic	OID20330	2	2	1	0.6453697186018426	false	0	0
PT2-PR2	Cardiometabolic	OID20090	2	2	1	0.2232596122816137	false	0	0
PT2-PR2	Neurology_II	OID31013	2	2	1	0.13638983965633336	false	0	0
PT2-PR2	Oncology_II	OID31407	2	2	1	0.8745988882986531	false	0	0
PT2-PR2	Neurology_II	OID30850	2	2	1	0.4701808032193519	false	0	0
PT2-PR2	Oncology	OID21383	2	2	1	0.7933783537897178	false	0	0
PT2-PR2	Neurology_II	OID31125	2	2	1	0.25916259798484653	false	0	0
PT2-PR2	Cardiometabolic	OID20226	2	2	1	0.9083645923193987	false	0	0
PT2-PR2	Oncology_II	OID31523	2	2	1	0.14968356651807782	false	0	1
PT2-PR2	Neurology	OID20906	2	2	1	0.1464280991606098	false	0	1
PT2-PR2	Neurology	OID20923	2	2	1	0.09495500617310468	false	1	2
PT2-PR2	Cardiometabolic_II	OID30198	2	2	1	0.42036451753120985	false	0	0
PT2-PR2	Neurology_II	OID31102	2	2	1	0.8448632587024234	false	0	0
PT2-PR2	Cardiometabolic_II	OID30273	2	2	1	0.6283378170351374	false	0	0
PT2-PR2	Oncology_II	OID31514	2	2	1	0.8123638630844247	false	0	0
PT2-PR2	Cardiometabolic	OID20261	2	2	1	0.6441748793282037	false	0	0
PT2-PR2	Inflammation_II	OID30513	2	2	1	0.6492069326152065	false	0	0
PT2-PR2	Inflammation_II	OID30730	2	2	1	0.9099953335625782	false	0	0
PT2-PR2	Oncology	OID21528	2	2	1	0.6010734173642583	false	0	0
PT2-PR2	Oncology	OID21279	2	2	1	0.5019012509333199	false	0	0
PT2-PR2	Inflammation	OID20655	2	2	1	0.1764027530767346	false	0	0
PT2-PR2	Inflammation_II	OID30498	2	2	1	0.5729407736044884	false	0	0
PT2-PR2	Inflammation_II	OID30721	2	2	1	0.6500931983361826	false	0	0
PT2-PR2	Neurology	OID21143	2	2	1	0.09968436135564417	false	1	2
PT2-PR2	Cardiometabolic	OID20109	2	2	1	0.10425158837055179	false	0	0
PT2-PR2	Cardiometabolic_II	OID30348	2	2	1	0.3461571439816305	false	0	0
PT2-PR2	Oncology	OID21234	2	2	1	0.4965044184070709	false	0	0
PT2-PR2	Cardiometabolic_II	OID30411	2	2	1	0.5552532745353177	false	0	0
PT2-PR2	Neurology_II	OID30870	2	2	1	0.6665992357073866	false	0	0
PT2-PR2	Neurology_II	OID31106	2	2	1	0.09495500617310468	false	0	2
PT2-PR2	Neurology	OID21115	2	2	1	0.10425158837055179	false	0	1
PT2-PR2	Cardiometabolic_II	OID30122	2	2	1	0.06745399800476476	false	1	2
PT2-PR2	Neurology	OID20854	2	2	1	0.62892762104928	false	0	0
PT2-PR2	Cardiometabolic_II	OID30154	2	2	1	0.7342477257924049	false	0	0
PT2-PR2	Cardiometabolic_II	OID30161	2	2	1	0.9729880670325548	false	0	0
PT2-PR2	Cardiometabolic_II	OID30150	2	2	1	0.5397318939627807	false	0	0
PT2-PR2	Neurology	OID20841	2	2	1	0.9812084569252875	false	0	0
PT2-PR2	Oncology	OID21203	2	2	1	0.47960093481770383	false	0	0
PT2-PR2	Oncology	OID21189	2	2	1	0.8400898433150942	false	0	0
PT2-PR2	Oncology	OID21451	2	2	1	0.8367123654075493	false	0	0
PT2-PR2	Inflammation	OID20537	2	2	1	0.7301359216309792	false	0	0
PT2-PR2	Neurology	OID20969	2	2	1	0.23058168530236856	false	0	0
PT2-PR2	Oncology_II	OID31174	2	2	1	0.8990699581304309	false	0	0
PT2-PR2	Cardiometabolic_II	OID30253	2	2	1	0.20392113351232005	false	0	0
PT2-PR2	Inflammation	OID20733	2	2	1	0.6381781497830815	false	0	0
PT2-PR2	Cardiometabolic_II	OID30408	2	2	1	0.31810358715166825	false	0	0
PT2-PR2	Cardiometabolic_II	OID30293	2	2	1	0.6005979632742305	false	0	0
PT2-PR2	Inflammation	OID20765	2	2	1	0.1607444864883561	false	0	0
PT2-PR2	Inflammation	OID20571	2	2	1	0.6813163011170342	false	0	0
PT2-PR2	Oncology_II	OID31235	2	2	1	0.7301359216309792	false	0	0
PT2-PR2	Neurology_II	OID31094	2	2	1	0.7750655887238844	false	0	0
PT2-PR2	Oncology	OID21442	2	2	1	0.10760499143849882	false	1	1
PT2-PR2	Inflammation_II	OID30676	2	2	1	0.8644787931365007	false	0	0
PT2-PR2	Inflammation	OID20491	2	2	1	0.9202417671995526	false	0	0
PT2-PR2	Neurology_II	OID31156	2	2	1	0.10042271686228539	false	1	1
PT2-PR2	Inflammation	OID20730	2	2	1	0.9623263010155867	false	0	0
PT2-PR2	Oncology_II	OID31455	2	2	1	0.13248994335622813	false	0	1
PT2-PR2	Neurology_II	OID31008	2	2	1	0.9879089066979382	false	0	0
PT2-PR2	Cardiometabolic_II	OID30257	2	2	1	0.09495500617310468	false	1	2
PT2-PR2	Cardiometabolic_II	OID30309	2	2	1	0.5098648206851514	false	0	0
PT2-PR2	Neurology	OID20804	2	2	1	0.9309394790383752	false	0	0
PT2-PR2	Cardiometabolic	OID20291	2	2	1	0.5037619591627784	false	0	0
PT2-PR2	Neurology_II	OID31144	2	2	1	0.12170979082589019	false	0	1
PT2-PR2	Neurology	OID21109	2	2	1	0.8152068256948477	false	0	0
PT2-PR2	Inflammation_II	OID30635	2	2	1	0.23816353375798427	false	0	0
PT2-PR2	Oncology	OID21346	2	2	1	0.9164638309706428	false	0	0
PT2-PR2	Neurology	OID20972	2	2	1	0.9663571999286151	false	0	0
PT2-PR2	Oncology_II	OID31512	2	2	1	0.7056997988476983	false	0	0
PT2-PR2	Inflammation	OID20588	2	2	1	0.09495500617310468	false	1	2
PT2-PR2	Neurology	OID20950	2	2	1	0.09495500617310468	false	1	2
PT2-PR2	Oncology	OID21508	2	2	1	0.6767507076673199	false	0	0
PT2-PR2	Oncology_II	OID31499	2	2	1	0.7677422973687577	false	0	0
PT2-PR2	Cardiometabolic_II	OID30148	2	2	1	0.7912215885111493	false	0	0
PT2-PR2	Oncology_II	OID31430	2	2	1	0.7399179670907343	false	0	0
PT2-PR2	Neurology	OID21018	2	2	1	0.0232144244405168	true	2	2
PT2-PR2	Cardiometabolic_II	OID30294	2	2	1	0.14338459616241722	false	0	1
PT2-PR2	Cardiometabolic	OID20141	2	2	1	0.8526711405448547	false	0	0
PT2-PR2	Cardiometabolic_II	OID30160	2	2	1	0.22155468475988652	false	0	0
PT2-PR2	Oncology_II	OID31510	2	2	1	0.1582264546186025	false	0	1
PT2-PR2	Inflammation_II	OID30599	2	2	1	0.384993723411842	false	0	0
PT2-PR2	Inflammation_II	OID30534	2	2	1	0.6384226258987624	false	0	0
PT2-PR2	Inflammation_II	OID30432	2	2	1	0.8640232129911612	false	0	0
PT2-PR2	Cardiometabolic	OID20365	2	2	1	0.9479601526838818	false	0	0
PT2-PR2	Neurology_II	OID30967	2	2	1	0.9938023440830316	false	0	0
PT2-PR2	Oncology_II	OID31159	2	2	1	0.9820120105327387	false	0	0
PT2-PR2	Neurology	OID21075	2	2	1	0.8294038487046788	false	0	0
PT2-PR2	Oncology_II	OID31425	2	2	1	0.0363662247798656	true	2	2
PT2-PR2	Oncology_II	OID31515	2	2	1	0.09387583957661225	false	0	1
PT2-PR2	Oncology	OID21511	2	2	1	0.9479601526838818	false	0	0
PT2-PR2	Inflammation	OID20552	2	2	1	0.09968436135564417	false	1	2
PT2-PR2	Oncology_II	OID31269	2	2	1	0.9741843881381604	false	0	0
PT2-PR2	Inflammation	OID20710	2	2	1	0.10425158837055179	false	0	1
PT2-PR2	Cardiometabolic_II	OID30157	2	2	1	0.15836593843020552	false	0	0
PT2-PR2	Cardiometabolic_II	OID30414	2	2	1	0.15730951365397325	false	0	0
PT2-PR2	Neurology_II	OID30851	2	2	1	0.23058168530236856	false	0	0
PT2-PR2	Neurology	OID20830	2	2	1	0.4027953046685166	false	0	0
PT2-PR2	Oncology_II	OID31391	2	2	1	0.24391209314231801	false	0	0
PT2-PR2	Cardiometabolic	OID20284	2	2	1	0.40864171816446687	false	0	0
PT2-PR2	Cardiometabolic	OID20078	2	2	1	0.6185319187346542	false	0	0
PT2-PR2	Neurology_II	OID30793	2	2	1	0.6780591774201858	false	0	0
PT2-PR2	Cardiometabolic	OID20256	2	2	1	0.8796735991045572	false	0	0
PT2-PR2	Oncology_II	OID31321	2	2	1	0.8942949537223859	false	0	0
PT2-PR2	Neurology_II	OID31150	2	2	1	0.9126630283892254	false	0	0
PT2-PR2	Inflammation	OID20586	2	2	1	0.6555250918880517	false	0	0
PT2-PR2	Neurology_II	OID31007	2	2	1	0.3390530971187424	false	0	0
PT2-PR2	Oncology	OID21304	2	2	1	0.7407385990141435	false	0	0
PT2-PR2	Inflammation_II	OID30729	2	2	1	0.6055498693364204	false	0	0
PT2-PR2	Inflammation_II	OID30593	2	2	1	0.12581335007985464	false	0	0
PT2-PR2	Cardiometabolic_II	OID30153	2	2	1	0.6867785638096914	false	0	0
PT2-PR2	Oncology_II	OID31194	2	2	1	0.8036975489613205	false	0	0
PT2-PR2	Neurology	OID21128	2	2	1	0.7506859676097962	false	0	0
PT2-PR2	Oncology	OID21331	2	2	1	0.9199960516153203	false	0	0
PT2-PR2	Neurology	OID20986	2	2	1	0.7677422973687577	false	0	0
PT2-PR2	Cardiometabolic_II	OID30317	2	2	1	0.2971995022818091	false	0	0
PT2-PR2	Cardiometabolic_II	OID30208	2	2	1	0.21140062731973389	false	0	0
PT2-PR2	Inflammation_II	OID30573	2	2	1	0.39141650487976515	false	0	0
PT2-PR2	Cardiometabolic_II	OID30078	2	2	1	0.5828173605723291	false	0	0
PT2-PR2	Neurology	OID21094	2	2	1	0.6914139085199361	false	0	0
PT2-PR2	Oncology	OID21379	2	2	1	0.8123638630844247	false	0	0
PT2-PR2	Neurology	OID21031	2	2	1	0.10291824152316335	false	1	1
PT2-PR2	Neurology_II	OID31097	2	2	1	0.17573609264650286	false	0	0
PT2-PR2	Oncology	OID21221	2	2	1	0.5668909572387015	false	0	0
PT2-PR2	Inflammation_II	OID30449	2	2	1	0.8769470735034646	false	0	0
PT2-PR2	Oncology_II	OID31416	2	2	1	0.9877794065405153	false	0	0
PT2-PR2	Cardiometabolic_II	OID30335	2	2	1	0.12632698930755035	false	0	1
PT2-PR2	Neurology_II	OID31058	2	2	1	0.49968731186684223	false	0	0
PT2-PR2	Cardiometabolic	OID20230	2	2	1	0.1987885003482253	false	0	1
PT2-PR2	Cardiometabolic_II	OID30330	2	2	1	0.9938023440830316	false	0	0
PT2-PR2	Neurology_II	OID31000	2	2	1	0.34174803008395777	false	0	0
PT2-PR2	Oncology	OID21391	2	2	1	0.6872099726224189	false	0	0
PT2-PR2	Inflammation	OID20446	2	2	1	0.8193866752624124	false	0	0
PT2-PR2	Inflammation_II	OID30738	2	2	1	0.6620078001495919	false	0	0
PT2-PR2	Neurology	OID20924	2	2	1	0.08928843696673099	false	0	2
PT2-PR2	Neurology_II	OID31137	2	2	1	0.6739364322085759	false	0	0
PT2-PR2	Neurology	OID20823	2	2	1	0.8432659569152515	false	0	0
PT2-PR2	Oncology	OID21334	2	2	1	0.09968436135564417	false	1	2
PT2-PR2	Neurology	OID20851	2	2	1	0.6827774340002203	false	0	0
PT2-PR2	Neurology	OID20938	2	2	1	0.11399168176846315	false	0	1
PT2-PR2	Inflammation_II	OID30636	2	2	1	0.07198964174580882	false	1	2
PT2-PR2	Neurology	OID20810	2	2	1	0.6914139085199361	false	0	0
PT2-PR2	Cardiometabolic_II	OID30409	2	2	1	0.23513598773840746	false	0	0
PT2-PR2	Inflammation_II	OID30600	2	2	1	0.25953589268478977	false	0	0
PT2-PR2	Neurology_II	OID31092	2	2	1	0.7084568745379571	false	0	0
PT2-PR2	Cardiometabolic	OID20309	2	2	1	0.7294692445456431	false	0	0
PT2-PR2	Inflammation_II	OID30734	2	2	1	0.11100535742326563	false	0	0
PT2-PR2	Cardiometabolic_II	OID30094	2	2	1	0.7677422973687577	false	0	0
PT2-PR2	Oncology	OID21261	2	2	1	0.1582264546186025	false	0	0
PT2-PR2	Neurology	OID20894	2	2	1	0.8466612775525664	false	0	0
PT2-PR2	Oncology_II	OID31362	2	2	1	0.22613621394097916	false	0	0
PT2-PR2	Inflammation	OID20584	2	2	1	0.19811206245151392	false	0	0
PT2-PR2	Cardiometabolic_II	OID30095	2	2	1	0.9301180344247898	false	0	0
PT2-PR2	Cardiometabolic	OID20265	2	2	1	0.9886588209580197	false	0	0
PT2-PR2	Oncology_II	OID31334	2	2	1	0.9363010296279696	false	0	0
PT2-PR2	Neurology	OID21116	2	2	1	0.1261983283427151	false	0	0
PT2-PR2	Cardiometabolic	OID20262	2	2	1	0.6555250918880517	false	0	0
PT2-PR2	Oncology_II	OID31488	2	2	1	0.8213779081903841	false	0	0
PT2-PR2	Oncology	OID21330	2	2	1	0.8789463408148128	false	0	0
PT2-PR2	Inflammation	OID20530	2	2	1	0.8977392084166023	false	0	0
PT2-PR2	Cardiometabolic_II	OID30305	2	2	1	0.6634306212092103	false	0	0
PT2-PR2	Cardiometabolic_II	OID30285	2	2	1	0.13564832232760224	false	0	1
PT2-PR2	Inflammation_II	OID30703	2	2	1	0.31789374283279775	false	0	0
PT2-PR2	Cardiometabolic_II	OID30084	2	2	1	0.5535061522716396	false	0	0
PT2-PR2	Cardiometabolic	OID20147	2	2	1	0.9048499083545032	false	0	0
PT2-PR2	Inflammation	OID20581	2	2	1	0.9879089066979382	false	0	0
PT2-PR2	Inflammation_II	OID30744	2	2	1	0.8080700860769354	false	0	0
PT2-PR2	Neurology	OID20799	2	2	1	0.49228251092246333	false	0	0
PT2-PR2	Inflammation_II	OID30495	2	2	1	0.8543768357104381	false	0	0
PT2-PR2	Oncology	OID21504	2	2	1	0.8606368318951155	false	0	0
PT2-PR2	Cardiometabolic	OID20158	2	2	1	0.9623263010155867	false	0	0
PT2-PR2	Oncology	OID21523	2	2	1	0.09968436135564417	false	0	1
PT2-PR2	Neurology_II	OID31032	2	2	1	0.8418182513758243	false	0	0
PT2-PR2	Oncology	OID21390	2	2	1	0.7912215885111493	false	0	0
PT2-PR2	Neurology	OID20888	2	2	1	0.15979057394658464	false	0	0
PT2-PR2	Neurology	OID20919	2	2	1	0.9094677661433247	false	0	0
PT2-PR2	Oncology	OID21219	2	2	1	0.09772900575722565	false	1	2
PT2-PR2	Cardiometabolic_II	OID30402	2	2	1	0.5668909572387015	false	0	0
PT2-PR2	Neurology	OID20876	2	2	1	0.1219404154617117	false	0	1
PT2-PR2	Inflammation_II	OID30517	2	2	1	0.8937081033466374	false	0	0
PT2-PR2	Neurology	OID20791	2	2	1	0.9855505561952512	false	0	0
PT2-PR2	Cardiometabolic	OID20210	2	2	1	0.9387022383076377	false	0	0
PT2-PR2	Inflammation	OID20714	2	2	1	0.09968436135564417	false	1	2
PT2-PR2	Oncology_II	OID31343	2	2	1	0.13908004113476646	false	0	1
PT2-PR2	Inflammation_II	OID30714	2	2	1	0.6283378170351374	false	0	0
PT2-PR2	Neurology	OID21011	2	2	1	0.9814555216537227	false	0	0
PT2-PR2	Cardiometabolic	OID20110	2	2	1	0.03854551562872159	true	2	2
PT2-PR2	Neurology_II	OID30815	2	2	1	0.5098648206851514	false	0	0
PT2-PR2	Cardiometabolic_II	OID30214	2	2	1	0.1552943469056716	false	0	1
PT2-PR2	Oncology_II	OID31336	2	2	1	0.4414031620545226	false	0	0
PT2-PR2	Oncology_II	OID31372	2	2	1	0.7889033483013848	false	0	0
PT2-PR2	Cardiometabolic	OID20370	2	2	1	0.5453623375611591	false	0	0
PT2-PR2	Cardiometabolic_II	OID30190	2	2	1	0.8448632587024234	false	0	0
PT2-PR2	Neurology	OID20872	2	2	1	0.21536352833131034	false	0	0
PT2-PR2	Neurology	OID21013	2	2	1	0.8111901421379824	false	0	0
PT2-PR2	Neurology	OID21026	2	2	1	0.09495500617310468	false	0	1
PT2-PR2	Inflammation	OID20492	2	2	1	0.8360194872315904	false	0	0
PT2-PR2	Cardiometabolic_II	OID30203	2	2	1	0.19159466368670383	false	0	0
PT2-PR2	Cardiometabolic	OID20324	2	2	1	0.5136214591587923	false	0	0
PT2-PR2	Neurology	OID20826	2	2	1	0.46592392007127953	false	0	0
PT2-PR2	Oncology_II	OID31474	2	2	1	0.4086328742414374	false	0	0
PT2-PR2	Cardiometabolic_II	OID30110	2	2	1	0.7349284795604984	false	0	0
PT2-PR2	Inflammation_II	OID30771	2	2	1	0.9329241168740963	false	0	0
PT2-PR2	Inflammation	OID20711	2	2	1	0.10042271686228539	false	1	1
PT2-PR2	Inflammation	OID20554	2	2	1	0.08928843696673099	false	1	2
PT2-PR2	Oncology_II	OID31489	2	2	1	0.6414981522779667	false	0	0
PT2-PR2	Oncology_II	OID31465	2	2	1	0.14129952833858533	false	0	1
PT2-PR2	Neurology	OID21062	2	2	1	0.384993723411842	false	0	0
PT2-PR2	Neurology_II	OID30814	2	2	1	0.7349284795604984	false	0	0
PT2-PR2	Inflammation	OID20523	2	2	1	0.8894141355095465	false	0	0
PT2-PR2	Oncology	OID21213	2	2	1	0.7750655887238844	false	0	0
PT2-PR2	Neurology_II	OID30848	2	2	1	0.8796735991045572	false	0	0
PT2-PR2	Oncology_II	OID31282	2	2	1	0.8159957791399535	false	0	0
PT2-PR2	Oncology_II	OID31461	2	2	1	0.9406481506669303	false	0	0
PT2-PR2	Oncology	OID21266	2	2	1	0.9562101679505246	false	0	0
PT2-PR2	Cardiometabolic	OID20286	2	2	1	0.09495500617310468	false	1	2
PT2-PR2	Oncology_II	OID31385	2	2	1	0.8055872647917702	false	0	0
PT2-PR2	Oncology	OID21299	2	2	1	0.732258564370271	false	0	0
PT2-PR2	Inflammation	OID20613	2	2	1	0.6594813242484425	false	0	0
PT2-PR2	Oncology	OID21423	2	2	1	0.9398805002711187	false	0	0
PT2-PR2	Oncology_II	OID31279	2	2	1	0.8938921056034823	false	0	0
PT2-PR2	Neurology	OID20926	2	2	1	0.09949915124208311	false	1	2
PT2-PR2	Oncology_II	OID31177	2	2	1	0.2110393048032878	false	0	0
PT2-PR2	Cardiometabolic_II	OID30271	2	2	1	0.18403608250514567	false	0	0
PT2-PR2	Cardiometabolic	OID20244	2	2	1	0.19409435912788545	false	0	0
PT2-PR2	Neurology_II	OID30995	2	2	1	0.5261298669009403	false	0	0
PT2-PR2	Cardiometabolic_II	OID30399	2	2	1	0.4535157959910139	false	0	0
PT2-PR2	Inflammation	OID20692	2	2	1	0.8157822794051178	false	0	0
PT2-PR2	Inflammation	OID20731	2	2	1	0.4167681325333464	false	0	0
PT2-PR2	Neurology	OID20831	2	2	1	0.8246641921380342	false	0	0
PT2-PR2	Cardiometabolic	OID20074	2	2	1	0.44023714233725997	false	0	0
PT2-PR2	Oncology_II	OID31333	2	2	1	0.4819486355448318	false	0	0
PT2-PR2	Inflammation_II	OID30627	2	2	1	0.32597300059285184	false	0	0
PT2-PR2	Inflammation_II	OID30443	2	2	1	0.5085872343897957	false	0	0
PT2-PR2	Inflammation_II	OID30435	2	2	1	0.30388558354968914	false	0	0
PT2-PR2	Neurology	OID20874	2	2	1	0.8220710320580427	false	0	0
PT2-PR2	Neurology	OID20796	2	2	1	0.8145674935678141	false	0	0
PT2-PR2	Cardiometabolic	OID20294	2	2	1	0.5353371397335237	false	0	0
PT2-PR2	Neurology_II	OID31134	2	2	1	0.09281971577632822	false	1	2
PT2-PR2	Neurology_II	OID30959	2	2	1	0.5145622193576683	false	0	0
PT2-PR2	Cardiometabolic_II	OID30054	2	2	1	0.5660158836072984	false	0	0
PT2-PR2	Oncology	OID21285	2	2	1	0.09863113153934502	false	1	2
PT2-PR2	Cardiometabolic_II	OID30356	2	2	1	0.10042271686228539	false	1	1
PT2-PR2	Neurology_II	OID31085	2	2	1	0.8526424992269838	false	0	0
PT2-PR2	Cardiometabolic	OID20274	2	2	1	0.09968436135564417	false	0	2
PT2-PR2	Inflammation	OID20498	2	2	1	0.7285774093116192	false	0	0
PT2-PR2	Neurology_II	OID31157	2	2	1	0.2767331270015072	false	0	0
PT2-PR2	Cardiometabolic	OID20154	2	2	1	0.6231668163640895	false	0	0
PT2-PR2	Cardiometabolic	OID20293	2	2	1	0.08219509543912824	false	0	2
PT2-PR2	Inflammation	OID20579	2	2	1	0.11716525323692807	false	1	1
PT2-PR2	Inflammation_II	OID30605	2	2	1	0.12802510555170823	false	0	1
PT2-PR2	Oncology_II	OID31300	2	2	1	0.7928828940840426	false	0	0
PT2-PR2	Neurology	OID20843	2	2	1	0.8418182513758243	false	0	0
PT2-PR2	Oncology	OID21350	2	2	1	0.15391331000354744	false	0	1
PT2-PR2	Neurology_II	OID31002	2	2	1	0.6310648883505502	false	0	0
PT2-PR2	Oncology_II	OID31288	2	2	1	0.09549548730055347	false	0	2
PT2-PR2	Cardiometabolic_II	OID30376	2	2	1	0.9676581529287273	false	0	0
PT2-PR2	Inflammation	OID20781	2	2	1	0.46566111436411645	false	0	0
PT2-PR2	Cardiometabolic_II	OID30166	2	2	1	0.11846755618096272	false	1	1
PT2-PR2	Cardiometabolic	OID20211	2	2	1	0.6913481714084093	false	0	0
PT2-PR2	Oncology	OID21348	2	2	1	0.09312586324948734	false	1	2
PT2-PR2	Oncology_II	OID31524	2	2	1	0.41938445987531725	false	0	0
PT2-PR2	Cardiometabolic	OID20316	2	2	1	0.7276037501236994	false	0	0
PT2-PR2	Inflammation	OID20738	2	2	1	0.7637062039963547	false	0	0
PT2-PR2	Neurology	OID20936	2	2	1	0.8145674935678141	false	0	0
PT2-PR2	Cardiometabolic_II	OID30229	2	2	1	0.12149713735902705	false	0	1
PT2-PR2	Cardiometabolic_II	OID30398	2	2	1	0.9301963097473105	false	0	0
PT2-PR2	Neurology	OID21120	2	2	1	0.16087162201964866	false	0	0
PT2-PR2	Oncology	OID21400	2	2	1	0.07198964174580882	false	0	1
PT2-PR2	Inflammation	OID20747	2	2	1	0.2096884906682393	false	0	0
PT2-PR2	Inflammation	OID20668	2	2	1	0.7747011795270037	false	0	0
PT2-PR2	Neurology	OID21057	2	2	1	0.9263876383592042	false	0	0
PT2-PR2	Inflammation_II	OID30557	2	2	1	0.2767331270015072	false	0	0
PT2-PR2	Oncology	OID21441	2	2	1	0.07275197278646951	false	1	2
PT2-PR2	Inflammation_II	OID30580	2	2	1	0.10042271686228539	false	1	1
PT2-PR2	Neurology	OID21125	2	2	1	0.448561002269731	false	0	0
PT2-PR2	Cardiometabolic	OID20159	2	2	1	0.830493731885151	false	0	0
PT2-PR2	Cardiometabolic_II	OID30417	2	2	1	0.8333445459475451	false	0	0
PT2-PR2	Oncology_II	OID31357	2	2	1	0.6175448219473327	false	0	0
PT2-PR2	Oncology	OID21427	2	2	1	0.7014950054999818	false	0	0
PT2-PR2	Inflammation	OID20764	2	2	1	0.9548697294334818	false	0	0
PT2-PR2	Inflammation	OID20566	2	2	1	0.7898355622306772	false	0	0
PT2-PR2	Neurology_II	OID31147	2	2	1	0.11716525323692807	false	1	1
PT2-PR2	Cardiometabolic	OID20104	2	2	1	0.22278667922203022	false	0	0
PT2-PR2	Neurology	OID20904	2	2	1	0.6298112677393515	false	0	0
PT2-PR2	Cardiometabolic_II	OID30279	2	2	1	0.20770697927745865	false	0	0
PT2-PR2	Inflammation_II	OID30421	2	2	1	0.7113543895612595	false	0	0
PT2-PR2	Oncology_II	OID31325	2	2	1	0.730121048036459	false	0	0
PT2-PR2	Oncology	OID21453	2	2	1	0.3232850769517361	false	0	0
PT2-PR2	Inflammation_II	OID30475	2	2	1	0.9646043194908283	false	0	0
PT2-PR2	Cardiometabolic	OID20280	2	2	1	0.4180446100079636	false	0	0
PT2-PR2	Oncology_II	OID31350	2	2	1	0.6841645397295595	false	0	0
PT2-PR2	Inflammation_II	OID30614	2	2	1	0.7719525781865686	false	0	0
PT2-PR2	Inflammation_II	OID30715	2	2	1	0.27842069576859824	false	0	0
PT2-PR2	Cardiometabolic	OID20178	2	2	1	0.9654868662558697	false	0	0
PT2-PR2	Cardiometabolic_II	OID30277	2	2	1	0.9359471117647086	false	0	0
PT2-PR2	Cardiometabolic	OID20170	2	2	1	0.8667241035576174	false	0	0
PT2-PR2	Oncology_II	OID31328	2	2	1	0.6421446769804672	false	0	0
PT2-PR2	Neurology_II	OID30829	2	2	1	0.1582264546186025	false	0	0
PT2-PR2	Oncology	OID21501	2	2	1	0.0892673509613903	false	1	2
PT2-PR2	Neurology	OID21034	2	2	1	0.1289182150588009	false	0	1
PT2-PR2	Neurology	OID20958	2	2	1	0.09772900575722565	false	1	2
PT2-PR2	Neurology	OID21047	2	2	1	0.8895140035850078	false	0	0
PT2-PR2	Neurology_II	OID30830	2	2	1	0.18755223492186052	false	0	0
PT2-PR2	Cardiometabolic	OID20176	2	2	1	0.16000067057421652	false	0	0
PT2-PR2	Oncology_II	OID31392	2	2	1	0.5535061522716396	false	0	0
PT2-PR2	Oncology_II	OID31435	2	2	1	0.7845874316972844	false	0	0
PT2-PR2	Neurology	OID20889	2	2	1	0.9753176055139688	false	0	0
PT2-PR2	Oncology	OID21278	2	2	1	0.2859797399376245	false	0	0
PT2-PR2	Neurology	OID21033	2	2	1	0.03587780918609784	true	2	2
PT2-PR2	Cardiometabolic_II	OID30135	2	2	1	0.49777469186182244	false	0	0
PT2-PR2	Neurology	OID21066	2	2	1	0.8427335747764954	false	0	0
PT2-PR2	Cardiometabolic	OID20221	2	2	1	0.23058168530236856	false	0	0
PT2-PR2	Neurology	OID20896	2	2	1	0.7195771102780507	false	0	0
PT2-PR2	Oncology_II	OID31369	2	2	1	0.45072515904971433	false	0	0
PT2-PR2	Inflammation	OID20635	2	2	1	0.6427092313848723	false	0	0
PT2-PR2	Neurology	OID21099	2	2	1	0.08790245739808451	false	1	2
PT2-PR2	Neurology	OID20886	2	2	1	0.8156186369044697	false	0	0
PT2-PR2	Inflammation_II	OID30479	2	2	1	0.8526711405448547	false	0	0
PT2-PR2	Oncology_II	OID31287	2	2	1	0.4400239662438912	false	0	0
PT2-PR2	Oncology	OID21482	2	2	1	0.5595495267385381	false	0	0
PT2-PR2	Inflammation	OID20460	2	2	1	0.9665469627857688	false	0	0
PT2-PR2	Neurology	OID21085	2	2	1	0.8745463365067246	false	0	0
PT2-PR2	Inflammation	OID20653	2	2	1	0.7995543347432	false	0	0
PT2-PR2	Cardiometabolic_II	OID30314	2	2	1	0.09772900575722565	false	1	2
PT2-PR2	Inflammation_II	OID30496	2	2	1	0.07198964174580882	false	1	2
PT2-PR2	Inflammation_II	OID30603	2	2	1	0.1691507739488844	false	0	1
PT2-PR2	Inflammation_II	OID30634	2	2	1	0.18453994770010373	false	0	0
PT2-PR2	Oncology_II	OID31260	2	2	1	0.9903801979512499	false	0	0
PT2-PR2	Oncology_II	OID31509	2	2	1	0.6594813242484425	false	0	0
PT2-PR2	Neurology	OID21022	2	2	1	0.11367457135008531	false	0	1
PT2-PR2	Inflammation	OID20604	2	2	1	0.03854551562872159	true	2	2
PT2-PR2	Cardiometabolic	OID20079	2	2	1	0.2388310528487898	false	0	0
PT2-PR2	Oncology	OID21317	2	2	1	0.13248994335622813	false	0	1
PT2-PR2	Cardiometabolic_II	OID30193	2	2	1	0.5914837560007573	false	0	0
PT2-PR2	Oncology	OID21355	2	2	1	0.11702597140546266	false	1	1
PT2-PR2	Neurology_II	OID31149	2	2	1	0.12568141721381176	false	0	1
PT2-PR2	Cardiometabolic	OID20081	2	2	1	0.645130226669229	false	0	0
PT2-PR2	Cardiometabolic_II	OID30226	2	2	1	0.7202754641843835	false	0	0
PT2-PR2	Cardiometabolic	OID20295	2	2	1	0.9665469627857688	false	0	0
PT2-PR2	Cardiometabolic_II	OID30242	2	2	1	0.30514012840295707	false	0	0
PT2-PR2	Inflammation_II	OID30727	2	2	1	0.09825808407700982	false	0	1
PT2-PR2	Oncology_II	OID31302	2	2	1	0.3841636099062149	false	0	0
PT2-PR2	Oncology	OID21264	2	2	1	0.9302371975036919	false	0	0
PT2-PR2	Neurology_II	OID30822	2	2	1	0.9943330059364448	false	0	0
PT2-PR2	Oncology	OID21506	2	2	1	0.08644438433743734	false	1	2
PT2-PR2	Neurology_II	OID31071	2	2	1	0.09968436135564417	false	1	2
PT2-PR2	Neurology	OID20962	2	2	1	0.09064037466984164	false	1	2
PT2-PR2	Oncology	OID21515	2	2	1	0.8895140035850078	false	0	0
PT2-PR2	Cardiometabolic_II	OID30310	2	2	1	0.10797441847051428	false	0	0
PT2-PR2	Cardiometabolic	OID20233	2	2	1	0.384993723411842	false	0	0
PT2-PR2	Inflammation_II	OID30756	2	2	1	0.5893034848807798	false	0	0
PT2-PR2	Inflammation	OID20778	2	2	1	0.09772900575722565	false	1	2
PT2-PR2	Inflammation_II	OID30558	2	2	1	0.11716525323692807	false	0	1
PT2-PR2	Neurology	OID20812	2	2	1	0.6534005170612226	false	0	0
PT2-PR2	Inflammation_II	OID30619	2	2	1	0.15974054116481726	false	0	0
PT2-PR2	Cardiometabolic_II	OID30247	2	2	1	0.09968436135564417	false	1	2
PT2-PR2	Neurology	OID20957	2	2	1	0.31399620901200803	false	0	0
PT2-PR2	Neurology_II	OID30889	2	2	1	0.2210862004186418	false	0	0
PT2-PR2	Inflammation_II	OID30549	2	2	1	0.122307327406273	false	0	1
PT2-PR2	Oncology	OID21210	2	2	1	0.32546264461601415	false	0	0
PT2-PR2	Cardiometabolic	OID20414	2	2	1	0.15648322394451647	false	0	0
PT2-PR2	Oncology_II	OID31191	2	2	1	0.35061775619601127	false	0	0
PT2-PR2	Cardiometabolic	OID20272	2	2	1	0.4965044184070709	false	0	0
PT2-PR2	Inflammation_II	OID30433	2	2	1	0.5192698186360686	false	0	0
PT2-PR2	Inflammation_II	OID30561	2	2	1	0.6745945031096556	false	0	0
PT2-PR2	Cardiometabolic_II	OID30105	2	2	1	0.6088414670122313	false	0	0
PT2-PR2	Oncology	OID21179	2	2	1	0.13359107511031193	false	0	1
PT2-PR2	Inflammation_II	OID30640	2	2	1	0.10398219314744422	false	1	1
PT2-PR2	Inflammation	OID20519	2	2	1	0.1691507739488844	false	0	1
PT2-PR2	Inflammation_II	OID30510	2	2	1	0.10780471071221329	false	0	0
PT2-PR2	Oncology	OID21231	2	2	1	0.44519687709145295	false	0	0
PT2-PR2	Neurology	OID21091	2	2	1	0.11399168176846315	false	0	1
PT2-PR2	Neurology_II	OID30847	2	2	1	0.3071731518155575	false	0	0
PT2-PR2	Inflammation_II	OID30739	2	2	1	0.8293993835276707	false	0	0
PT2-PR2	Inflammation_II	OID30641	2	2	1	0.21536352833131034	false	0	0
PT2-PR2	Inflammation	OID20684	2	2	1	0.29393566529348114	false	0	0
PT2-PR2	Neurology	OID20916	2	2	1	0.6297200566042689	false	0	0
PT2-PR2	Inflammation_II	OID30527	2	2	1	0.25972938802093115	false	0	0
PT2-PR2	Cardiometabolic	OID20235	2	2	1	0.694884337982748	false	0	0
PT2-PR2	Cardiometabolic	OID20246	2	2	1	0.6966150258155823	false	0	0
PT2-PR2	Oncology	OID21485	2	2	1	0.9023793353717184	false	0	0
PT2-PR2	Oncology_II	OID31332	2	2	1	0.9355805254443222	false	0	0
PT2-PR2	Oncology_II	OID31218	2	2	1	0.8670714491947281	false	0	0
PT2-PR2	Cardiometabolic	OID20053	2	2	1	0.9479601526838818	false	0	0
PT2-PR2	Neurology_II	OID30852	2	2	1	0.3970458714066474	false	0	0
PT2-PR2	Oncology	OID21397	2	2	1	0.20506259583834738	false	0	0
PT2-PR2	Oncology	OID21326	2	2	1	0.10042271686228539	false	1	1
PT2-PR2	Neurology	OID20798	2	2	1	0.40859458058123266	false	0	0
PT2-PR2	Cardiometabolic_II	OID30389	2	2	1	0.9938023440830316	false	0	0
PT2-PR2	Inflammation	OID20482	2	2	1	0.1987885003482253	false	0	0
PT2-PR2	Inflammation_II	OID30576	2	2	1	0.9276996197143562	false	0	0
PT2-PR2	Inflammation	OID20673	2	2	1	0.5296908418865115	false	0	0
PT2-PR2	Oncology	OID21271	2	2	1	0.5902891451095835	false	0	0
PT2-PR2	Oncology_II	OID31237	2	2	1	0.9855505561952512	false	0	0
PT2-PR2	Oncology_II	OID31197	2	2	1	0.9479601526838818	false	0	0
PT2-PR2	Neurology_II	OID30941	2	2	1	0.7089212952264105	false	0	0
PT2-PR2	Cardiometabolic	OID20096	2	2	1	0.09863113153934502	false	0	2
PT2-PR2	Cardiometabolic	OID20180	2	2	1	0.09387583957661225	false	0	1
PT2-PR2	Neurology_II	OID31073	2	2	1	0.3800276019007644	false	0	0
PT2-PR2	Oncology_II	OID31410	2	2	1	0.6813163011170342	false	0	0
PT2-PR2	Inflammation	OID20435	2	2	1	0.9388757827046537	false	0	0
PT2-PR2	Oncology	OID21418	2	2	1	0.9855505561952512	false	0	0
PT2-PR2	Oncology_II	OID31443	2	2	1	0.7850238456368963	false	0	0
PT2-PR2	Oncology_II	OID31463	2	2	1	0.13291131449918514	false	0	1
PT2-PR2	Cardiometabolic_II	OID30321	2	2	1	0.11100535742326563	false	0	1
PT2-PR2	Neurology	OID21016	2	2	1	0.10780471071221329	false	1	1
PT2-PR2	Oncology	OID21468	2	2	1	0.8961303102321065	false	0	0
PT2-PR2	Oncology	OID21435	2	2	1	0.45072515904971433	false	0	0
PT2-PR2	Cardiometabolic	OID20068	2	2	1	0.43755316620197277	false	0	0
PT2-PR2	Neurology_II	OID30987	2	2	1	0.9094677661433247	false	0	0
PT2-PR2	Inflammation	OID20641	2	2	1	0.13190800444512216	false	0	1
PT2-PR2	Neurology_II	OID31112	2	2	1	0.15025727446274253	false	0	1
PT2-PR2	Oncology_II	OID31247	2	2	1	0.8016229101334515	false	0	0
PT2-PR2	Inflammation	OID20770	2	2	1	0.2380559059944603	false	0	0
PT2-PR2	Cardiometabolic	OID20321	2	2	1	0.8526424992269838	false	0	0
PT2-PR2	Inflammation	OID20629	2	2	1	0.9247105385411581	false	0	0
PT2-PR2	Cardiometabolic_II	OID30093	2	2	1	0.47919432476489254	false	0	0
PT2-PR2	Inflammation_II	OID30615	2	2	1	0.4400239662438912	false	0	0
PT2-PR2	Inflammation	OID20441	2	2	1	0.5229338518144967	false	0	0
PT2-PR2	Cardiometabolic	OID20343	2	2	1	0.9459539976027139	false	0	0
PT2-PR2	Cardiometabolic	OID20220	2	2	1	0.0783329525622673	false	1	2
PT2-PR2	Cardiometabolic	OID20223	2	2	1	0.3141240445682689	false	0	0
PT2-PR2	Neurology_II	OID31100	2	2	1	0.4801735962446561	false	0	0
PT2-PR2	Oncology_II	OID31211	2	2	1	0.9736348597939938	false	0	0
PT2-PR2	Neurology_II	OID31116	2	2	1	0.974530180246495	false	0	0
PT2-PR2	Oncology	OID21381	2	2	1	0.9353065585214344	false	0	0
PT2-PR2	Cardiometabolic	OID20287	2	2	1	0.09772900575722565	false	0	1
PT2-PR2	Cardiometabolic	OID20092	2	2	1	0.8016229101334515	false	0	0
PT2-PR2	Oncology	OID21386	2	2	1	0.783867998478878	false	0	0
PT2-PR2	Inflammation	OID20422	2	2	1	0.5239937123918569	false	0	0
PT2-PR2	Oncology	OID21292	2	2	1	0.11670254058984855	false	1	1
PT2-PR2	Oncology_II	OID31248	2	2	1	0.8691316589490707	false	0	0
PT2-PR2	Inflammation_II	OID30662	2	2	1	0.718755025438514	false	0	0
PT2-PR2	Oncology	OID21305	2	2	1	0.8213779081903841	false	0	0
PT2-PR2	Cardiometabolic_II	OID30071	2	2	1	0.8884760447337474	false	0	0
PT2-PR2	Neurology	OID20900	2	2	1	0.9793018336498786	false	0	0
PT2-PR2	Inflammation_II	OID30629	2	2	1	0.19811206245151392	false	0	0
PT2-PR2	Inflammation_II	OID30521	2	2	1	0.8445117651049152	false	0	0
PT2-PR2	Oncology	OID21215	2	2	1	0.5037619591627784	false	0	0
PT2-PR2	Neurology	OID21150	2	2	1	0.5729407736044884	false	0	0
PT2-PR2	Neurology_II	OID30953	2	2	1	0.9741843881381604	false	0	0
PT2-PR2	Neurology	OID20809	2	2	1	0.6214723373061044	false	0	0
PT2-PR2	Oncology_II	OID31525	2	2	1	0.10780471071221329	false	1	1
PT2-PR2	Oncology	OID21373	2	2	1	0.545065369539254	false	0	0
PT2-PR2	Cardiometabolic_II	OID30234	2	2	1	0.645130226669229	false	0	0
PT2-PR2	Oncology_II	OID31208	2	2	1	0.8448002584323068	false	0	0
PT2-PR2	Neurology	OID21141	2	2	1	0.18743431103805971	false	0	0
PT2-PR2	Inflammation_II	OID30530	2	2	1	0.8155702931962823	false	0	0
PT2-PR2	Inflammation	OID20685	2	2	1	0.09968436135564417	false	1	2
PT2-PR2	Inflammation	OID20536	2	2	1	0.14507687487320417	false	0	1
PT2-PR2	Inflammation_II	OID30454	2	2	1	0.2280773856210487	false	0	0
PT2-PR2	Oncology	OID21512	2	2	1	0.18990950360554174	false	0	0
PT2-PR2	Cardiometabolic	OID20288	2	2	1	0.5036286834543829	false	0	0
PT2-PR2	Neurology_II	OID30827	2	2	1	0.6199966311421061	false	0	0
PT2-PR2	Oncology	OID21194	2	2	1	0.653063917613481	false	0	0
PT2-PR2	Oncology	OID21395	2	2	1	0.6827774340002203	false	0	0
PT2-PR2	Inflammation_II	OID30675	2	2	1	0.44461227764569167	false	0	0
PT2-PR2	Cardiometabolic	OID20132	2	2	1	0.6400219428291499	false	0	0
PT2-PR2	Oncology	OID21180	2	2	1	0.31789374283279775	false	0	0
PT2-PR2	Oncology_II	OID31469	2	2	1	0.8448002584323068	false	0	0
PT2-PR2	Oncology_II	OID31234	2	2	1	0.9013243110323796	false	0	0
PT2-PR2	Cardiometabolic	OID20326	2	2	1	0.7318665630938184	false	0	0
PT2-PR2	Inflammation	OID20504	2	2	1	0.6196485136306039	false	0	0
PT2-PR2	Oncology_II	OID31306	2	2	1	0.9026297497218775	false	0	0
PT2-PR2	Oncology	OID21220	2	2	1	0.19648603522811123	false	0	1
PT2-PR2	Neurology_II	OID30808	2	2	1	0.521589990281201	false	0	0
PT2-PR2	Oncology	OID21430	2	2	1	0.8955038682639535	false	0	0
PT2-PR2	Neurology_II	OID30813	2	2	1	0.4573153387022812	false	0	0
PT2-PR2	Inflammation	OID20543	2	2	1	0.10042271686228539	false	0	0
PT2-PR2	Oncology_II	OID31363	2	2	1	0.8478107380488429	false	0	0
PT2-PR2	Inflammation_II	OID30501	2	2	1	0.13083395964939168	false	0	1
PT2-PR2	Cardiometabolic	OID20372	2	2	1	0.39452840648511717	false	0	0
PT2-PR2	Cardiometabolic_II	OID30403	2	2	1	0.4400239662438912	false	0	0
PT2-PR2	Neurology_II	OID31087	2	2	1	0.131850558170161	false	0	1
PT2-PR2	Oncology	OID21260	2	2	1	0.5384558530499923	false	0	0
PT2-PR2	Inflammation_II	OID30529	2	2	1	0.7633751010311037	false	0	0
PT2-PR2	Cardiometabolic	OID20257	2	2	1	0.0585414149208349	false	0	1
PT2-PR2	Neurology	OID20947	2	2	1	0.42829156078328157	false	0	0
PT2-PR2	Oncology	OID21324	2	2	1	0.8246641921380342	false	0	0
PT2-PR2	Neurology_II	OID31033	2	2	1	0.9818395344666544	false	0	0
PT2-PR2	Cardiometabolic_II	OID30067	2	2	1	0.6530546807260585	false	0	0
PT2-PR2	Oncology	OID21188	2	2	1	0.6381862404431513	false	0	0
PT2-PR2	Oncology	OID21193	2	2	1	0.873970737295003	false	0	0
PT2-PR2	Inflammation	OID20476	2	2	1	0.8973322312800036	false	0	0
PT2-PR2	Oncology_II	OID31424	2	2	1	0.3189384031601367	false	0	0
PT2-PR2	Cardiometabolic_II	OID30060	2	2	1	0.12149713735902705	false	1	1
PT2-PR2	Inflammation	OID20457	2	2	1	0.44586078518296257	false	0	0
PT2-PR2	Oncology	OID21499	2	2	1	0.6914139085199361	false	0	0
PT2-PR2	Cardiometabolic	OID20228	2	2	1	0.7496235789607811	false	0	0
PT2-PR2	Oncology	OID21273	2	2	1	0.9741843881381604	false	0	0
PT2-PR2	Neurology_II	OID31120	2	2	1	0.11716525323692807	false	0	1
PT2-PR2	Cardiometabolic	OID20188	2	2	1	0.24639909520947512	false	0	0
PT2-PR2	Oncology	OID21162	2	2	1	0.2388310528487898	false	0	0
PT2-PR2	Neurology_II	OID31131	2	2	1	0.4898297475459073	false	0	0
PT2-PR2	Oncology_II	OID31206	2	2	1	0.2251436122702724	false	0	0
PT2-PR2	Cardiometabolic	OID20363	2	2	1	0.4934752924326412	false	0	0
PT2-PR2	Inflammation	OID20664	2	2	1	0.9717830682769378	false	0	0
PT2-PR2	Neurology	OID20914	2	2	1	0.9665469627857688	false	0	0
PT2-PR2	Oncology_II	OID31268	2	2	1	0.9981638582409197	false	0	0
PT2-PR2	Cardiometabolic	OID20401	2	2	1	0.836461830934563	false	0	0
PT2-PR2	Oncology_II	OID31375	2	2	1	0.24863642070632208	false	0	0
PT2-PR2	Neurology_II	OID31001	2	2	1	0.5916734853689739	false	0	0
PT2-PR2	Cardiometabolic	OID20150	2	2	1	0.27073323704105867	false	0	0
PT2-PR2	Neurology_II	OID31065	2	2	1	0.3875814175702578	false	0	0
PT2-PR2	Cardiometabolic_II	OID30129	2	2	1	0.8419232766219514	false	0	0
PT2-PR2	Neurology_II	OID31077	2	2	1	0.8432659569152515	false	0	0
PT2-PR2	Neurology_II	OID30836	2	2	1	0.5916734853689739	false	0	0
PT2-PR2	Inflammation	OID20503	2	2	1	0.08945185066478142	false	1	2
PT2-PR2	Neurology_II	OID31140	2	2	1	0.39326977734447643	false	0	0
PT2-PR2	Oncology_II	OID31263	2	2	1	0.7262849389387167	false	0	0
PT2-PR2	Neurology_II	OID31142	2	2	1	0.11414660000028361	false	1	1
PT2-PR2	Inflammation	OID20697	2	2	1	0.9327478079093131	false	0	0
PT2-PR2	Inflammation_II	OID30545	2	2	1	0.9938023440830316	false	0	0
PT2-PR2	Oncology	OID21286	2	2	1	0.10760499143849882	false	1	1
PT2-PR2	Neurology_II	OID31151	2	2	1	0.4533234054803661	false	0	0
PT2-PR2	Cardiometabolic_II	OID30099	2	2	1	0.8894677399596032	false	0	0
PT2-PR2	Cardiometabolic	OID20067	2	2	1	0.9039931743977094	false	0	0
PT2-PR2	Inflammation_II	OID30597	2	2	1	0.2805094178751811	false	0	0
PT2-PR2	Neurology_II	OID30817	2	2	1	0.8015703096719983	false	0	0
PT2-PR2	Inflammation_II	OID30552	2	2	1	0.9083645923193987	false	0	0
PT2-PR2	Oncology	OID21396	2	2	1	0.39514858535859504	false	0	0
PT2-PR2	Cardiometabolic	OID20198	2	2	1	0.5552532745353177	false	0	0
PT2-PR2	Neurology_II	OID30965	2	2	1	0.6924611662572542	false	0	0
PT2-PR2	Oncology	OID21338	2	2	1	0.5648981614804492	false	0	0
PT2-PR2	Oncology_II	OID31501	2	2	1	0.9334539849563392	false	0	0
PT2-PR2	Inflammation	OID20473	2	2	1	0.9736348597939938	false	0	0
PT2-PR2	Neurology	OID20801	2	2	1	0.19350200556632435	false	0	0
PT2-PR2	Cardiometabolic_II	OID30133	2	2	1	0.9938023440830316	false	0	0
PT2-PR2	Inflammation	OID20645	2	2	1	0.12917053896370348	false	0	0
PT2-PR2	Cardiometabolic_II	OID30323	2	2	1	0.27842069576859824	false	0	0
PT2-PR2	Cardiometabolic_II	OID30057	2	2	1	0.8006087151358428	false	0	0
PT2-PR2	Neurology	OID21158	2	2	1	0.31898441627924956	false	0	0
PT2-PR2	Oncology_II	OID31423	2	2	1	0.13843209949213356	false	0	1
PT2-PR2	Inflammation_II	OID30696	2	2	1	0.5953822015284104	false	0	0
PT2-PR2	Oncology_II	OID31212	2	2	1	0.7550211592520333	false	0	0
PT2-PR2	Oncology_II	OID31231	2	2	1	0.7633751010311037	false	0	0
PT2-PR2	Neurology	OID20946	2	2	1	0.9247105385411581	false	0	0
PT2-PR2	Cardiometabolic_II	OID30250	2	2	1	0.2409176815112741	false	0	0
PT2-PR2	Cardiometabolic	OID20307	2	2	1	0.8448002584323068	false	0	0
PT2-PR2	Neurology	OID21030	2	2	1	0.09968436135564417	false	0	1
PT2-PR2	Inflammation	OID20592	2	2	1	0.4787538231954797	false	0	0
PT2-PR2	Neurology_II	OID31025	2	2	1	0.6739364322085759	false	0	0
PT2-PR2	Neurology_II	OID31132	2	2	1	0.8299876019468739	false	0	0
PT2-PR2	Neurology	OID21102	2	2	1	0.8670910610058911	false	0	0
PT2-PR2	Oncology	OID21205	2	2	1	0.09968436135564417	false	1	2
PT2-PR2	Neurology_II	OID31109	2	2	1	0.9462929305432075	false	0	0
PT2-PR2	Inflammation	OID20463	2	2	1	0.9602676352642286	false	0	0
PT2-PR2	Cardiometabolic	OID20076	2	2	1	0.9741843881381604	false	0	0
PT2-PR2	Neurology_II	OID30918	2	2	1	0.9363010296279696	false	0	0
PT2-PR2	Oncology_II	OID31309	2	2	1	0.5756129252833521	false	0	0
PT2-PR2	Neurology_II	OID30921	2	2	1	0.2861674526079037	false	0	0
PT2-PR2	Oncology_II	OID31485	2	2	1	0.10042271686228539	false	1	1
PT2-PR2	Oncology_II	OID31313	2	2	1	0.8728797842492423	false	0	0
PT2-PR2	Neurology	OID21149	2	2	1	0.6780591774201858	false	0	0
PT2-PR2	Inflammation_II	OID30630	2	2	1	0.7098782657030622	false	0	0
PT2-PR2	Neurology_II	OID31041	2	2	1	0.7898355622306772	false	0	0
PT2-PR2	Neurology_II	OID30824	2	2	1	0.2202425989252045	false	0	0
PT2-PR2	Inflammation	OID20421	2	2	1	0.49260563510100763	false	0	0
PT2-PR2	Inflammation	OID20436	2	2	1	0.6914139085199361	false	0	0
PT2-PR2	Oncology	OID21307	2	2	1	0.9741843881381604	false	0	0
PT2-PR2	Inflammation_II	OID30642	2	2	1	0.2358333844508535	false	0	0
PT2-PR2	Oncology_II	OID31456	2	2	1	0.8016229101334515	false	0	0
PT2-PR2	Neurology_II	OID30875	2	2	1	0.11371616180726739	false	0	1
PT2-PR2	Neurology_II	OID31026	2	2	1	0.1711401155389028	false	0	0
PT2-PR2	Inflammation	OID20637	2	2	1	0.7753329291246618	false	0	0
PT2-PR2	Cardiometabolic_II	OID30397	2	2	1	0.7633751010311037	false	0	0
PT2-PR2	Neurology	OID21041	2	2	1	0.07198964174580882	false	1	2
PT2-PR2	Oncology_II	OID31447	2	2	1	0.6780591774201858	false	0	0
PT2-PR2	Neurology_II	OID31145	2	2	1	0.6761606494750071	false	0	0
PT2-PR2	Inflammation	OID20521	2	2	1	0.12149713735902705	false	1	1
PT2-PR2	Neurology_II	OID30911	2	2	1	0.7300318104954714	false	0	0
PT2-PR2	Inflammation	OID20576	2	2	1	0.7766336611095299	false	0	0
PT2-PR2	Oncology	OID21456	2	2	1	0.9035834412932151	false	0	0
PT2-PR2	Cardiometabolic	OID20259	2	2	1	0.3822970636236521	false	0	0
PT2-PR2	Oncology_II	OID31466	2	2	1	0.10398219314744422	false	1	1
PT2-PR2	Neurology	OID21070	2	2	1	0.8894677399596032	false	0	0
PT2-PR2	Neurology_II	OID30907	2	2	1	0.2660859232075585	false	0	0
PT2-PR2	Inflammation_II	OID30617	2	2	1	0.8526424992269838	false	0	0
PT2-PR2	Cardiometabolic_II	OID30418	2	2	1	0.36412495074304996	false	0	0
PT2-PR2	Oncology	OID21413	2	2	1	0.5071960584281889	false	0	0
PT2-PR2	Neurology	OID21050	2	2	1	0.31898441627924956	false	0	0
PT2-PR2	Oncology_II	OID31367	2	2	1	0.6882218936927672	false	0	0
PT2-PR2	Oncology_II	OID31516	2	2	1	0.762272857950503	false	0	0
PT2-PR2	Cardiometabolic	OID20366	2	2	1	0.384993723411842	false	0	0
PT2-PR2	Neurology_II	OID30958	2	2	1	0.8895140035850078	false	0	0
PT2-PR2	Inflammation	OID20788	2	2	1	0.11030147269601391	false	1	1
PT2-PR2	Inflammation_II	OID30716	2	2	1	0.14985194344505054	false	0	0
PT2-PR2	Inflammation_II	OID30526	2	2	1	0.39949119023916774	false	0	0
PT2-PR2	Neurology	OID21147	2	2	1	0.01485244556377444	true	2	2
PT2-PR2	Cardiometabolic_II	OID30357	2	2	1	0.09968436135564417	false	1	2
PT2-PR2	Oncology_II	OID31366	2	2	1	0.17427195485465546	false	0	0
PT2-PR2	Oncology_II	OID31172	2	2	1	0.24126952914339808	false	0	0
PT2-PR2	Oncology	OID21505	2	2	1	0.2726378119030751	false	0	0
PT2-PR2	Neurology	OID21027	2	2	1	0.0892673509613903	false	1	2
PT2-PR2	Inflammation	OID20517	2	2	1	0.3005208808918593	false	0	0
PT2-PR2	Inflammation_II	OID30760	2	2	1	0.36493986836186765	false	0	0
PT2-PR2	Oncology	OID21470	2	2	1	0.19603410620332537	false	0	0
PT2-PR2	Oncology_II	OID31296	2	2	1	0.49710294518311354	false	0	0
PT2-PR2	Neurology	OID20960	2	2	1	0.8163298356494755	false	0	0
PT2-PR2	Neurology_II	OID31006	2	2	1	0.8370413556746089	false	0	0
PT2-PR2	Cardiometabolic	OID20087	2	2	1	0.1552943469056716	false	0	0
PT2-PR2	Inflammation_II	OID30490	2	2	1	0.15648322394451647	false	0	1
PT2-PR2	Inflammation_II	OID30766	2	2	1	0.9309394790383752	false	0	0
PT2-PR2	Cardiometabolic_II	OID30081	2	2	1	0.873970737295003	false	0	0
PT2-PR2	Oncology_II	OID31453	2	2	1	0.18899520351680074	false	0	0
PT2-PR2	Neurology	OID20967	2	2	1	0.9903801979512499	false	0	0
PT2-PR2	Oncology_II	OID31256	2	2	1	0.841186575752431	false	0	0
PT2-PR2	Cardiometabolic_II	OID30049	2	2	1	0.49710294518311354	false	0	0
PT2-PR2	Oncology	OID21244	2	2	1	0.2096884906682393	false	0	0
PT2-PR2	Neurology_II	OID31105	2	2	1	0.8894008214370296	false	0	0
PT2-PR2	Neurology	OID21119	2	2	1	0.713568557607041	false	0	0
PT2-PR2	Cardiometabolic	OID20403	2	2	1	0.1018394258469581	false	0	0
PT2-PR2	Cardiometabolic_II	OID30354	2	2	1	0.10425158837055179	false	1	1
PT2-PR2	Neurology	OID21145	2	2	1	0.39888982161145814	false	0	0
PT2-PR2	Inflammation_II	OID30579	2	2	1	0.7318665630938184	false	0	0
PT2-PR2	Neurology	OID20951	2	2	1	0.9665469627857688	false	0	0
PT2-PR2	Oncology_II	OID31204	2	2	1	0.6780591774201858	false	0	0
PT2-PR2	Cardiometabolic	OID20112	2	2	1	0.20974264429100767	false	0	0
PT2-PR2	Oncology	OID21494	2	2	1	0.2199450229660392	false	0	0
PT2-PR2	Oncology	OID21353	2	2	1	0.08928843696673099	false	0	1
PT2-PR2	Neurology_II	OID31080	2	2	1	0.1056139026773493	false	0	1
PT2-PR2	Cardiometabolic_II	OID30284	2	2	1	0.2280773856210487	false	0	0
PT2-PR2	Cardiometabolic	OID20399	2	2	1	0.4180446100079636	false	0	0
PT2-PR2	Cardiometabolic_II	OID30410	2	2	1	0.5482412282321869	false	0	0
PT2-PR2	Oncology_II	OID31241	2	2	1	0.6620078001495919	false	0	0
PT2-PR2	Neurology	OID20941	2	2	1	0.719726679608711	false	0	0
PT2-PR2	Neurology_II	OID31035	2	2	1	0.12149713735902705	false	0	1
PT2-PR2	Cardiometabolic_II	OID30052	2	2	1	0.39452840648511717	false	0	0
PT2-PR2	Inflammation	OID20451	2	2	1	0.07198964174580882	false	1	2
PT2-PR2	Inflammation	OID20459	2	2	1	0.2771809426249942	false	0	0
PT2-PR2	Inflammation	OID20786	2	2	1	0.10042271686228539	false	0	0
PT2-PR2	Oncology	OID21313	2	2	1	0.873970737295003	false	0	0
PT2-PR2	Inflammation_II	OID30705	2	2	1	0.05453716944668711	false	0	1
PT2-PR2	Cardiometabolic_II	OID30237	2	2	1	0.1688992307177984	false	0	0
PT2-PR2	Inflammation	OID20724	2	2	1	0.08945185066478142	false	1	2
PT2-PR2	Neurology_II	OID30904	2	2	1	0.8275812788105897	false	0	0
PT2-PR2	Inflammation_II	OID30518	2	2	1	0.06164671332214936	false	1	2
PT2-PR2	Neurology_II	OID30969	2	2	1	0.32956224531668254	false	0	0
PT2-PR2	Cardiometabolic	OID20169	2	2	1	0.9038359442495106	false	0	0
PT2-PR2	Inflammation	OID20601	2	2	1	0.7318665630938184	false	0	0
PT2-PR2	Cardiometabolic_II	OID30251	2	2	1	0.11363137753101098	false	0	0
PT2-PR2	Neurology	OID21009	2	2	1	0.7294692445456431	false	0	0
PT2-PR2	Cardiometabolic_II	OID30375	2	2	1	0.09495500617310468	false	1	2
PT2-PR2	Oncology	OID21402	2	2	1	0.9012005861394177	false	0	0
PT2-PR2	Cardiometabolic_II	OID30346	2	2	1	0.55868656935002	false	0	0
PT2-PR2	Inflammation	OID20427	2	2	1	0.2835717695962898	false	0	0
PT2-PR2	Inflammation	OID20501	2	2	1	0.9479601526838818	false	0	0
PT2-PR2	Neurology	OID20813	2	2	1	0.9981638582409197	false	0	0
PT2-PR2	Inflammation_II	OID30648	2	2	1	0.1705860505958213	false	0	0
PT2-PR2	Cardiometabolic_II	OID30304	2	2	1	0.2002861117454869	false	0	0
PT2-PR2	Neurology_II	OID31081	2	2	1	0.46592392007127953	false	0	0
PT2-PR2	Inflammation	OID20614	2	2	1	0.8987648115920529	false	0	0
PT2-PR2	Inflammation	OID20500	2	2	1	0.7750655887238844	false	0	0
PT2-PR2	Cardiometabolic	OID20301	2	2	1	0.49260563510100763	false	0	0
PT2-PR2	Oncology_II	OID31294	2	2	1	0.7496235789607811	false	0	0
PT2-PR2	Neurology_II	OID30888	2	2	1	0.47425197652736517	false	0	0
PT2-PR2	Neurology_II	OID30885	2	2	1	0.9094677661433247	false	0	0
PT2-PR2	Neurology_II	OID31014	2	2	1	0.4672542118280718	false	0	0
PT2-PR2	Inflammation_II	OID30711	2	2	1	0.8432659569152515	false	0	0
PT2-PR2	Neurology_II	OID30924	2	2	1	0.773537381752728	false	0	0
PT2-PR2	Cardiometabolic_II	OID30296	2	2	1	0.8661094240373596	false	0	0
PT2-PR2	Neurology_II	OID31135	2	2	1	0.14968356651807782	false	0	1
PT2-PR2	Oncology	OID21297	2	2	1	0.4971673025914877	false	0	0
PT2-PR2	Cardiometabolic_II	OID30116	2	2	1	0.9819581951115155	false	0	0
PT2-PR2	Cardiometabolic_II	OID30149	2	2	1	0.4162324582411514	false	0	0
PT2-PR2	Inflammation	OID20542	2	2	1	0.7928828940840426	false	0	0
PT2-PR2	Inflammation_II	OID30503	2	2	1	0.9855505561952512	false	0	0
PT2-PR2	Neurology	OID20945	2	2	1	0.7753329291246618	false	0	0
PT2-PR2	Inflammation_II	OID30477	2	2	1	0.9820120105327387	false	0	0
PT2-PR2	Cardiometabolic_II	OID30058	2	2	1	0.8036975489613205	false	0	0
PT2-PR2	Cardiometabolic_II	OID30246	2	2	1	0.8975988358260605	false	0	0
PT2-PR2	Inflammation_II	OID30649	2	2	1	0.10425158837055179	false	1	1
PT2-PR2	Oncology_II	OID31185	2	2	1	0.458919991994361	false	0	0
PT2-PR2	Neurology	OID20905	2	2	1	0.8448632587024234	false	0	0
PT2-PR2	Oncology_II	OID31393	2	2	1	0.3457078759583462	false	0	0
PT2-PR2	Oncology	OID21478	2	2	1	0.46420408203148683	false	0	0
PT2-PR2	Oncology_II	OID31273	2	2	1	0.7928828940840426	false	0	0
PT2-PR2	Inflammation_II	OID30741	2	2	1	0.25699067961164274	false	0	0
PT2-PR2	Neurology	OID20971	2	2	1	0.7889033483013848	false	0	0
PT2-PR2	Cardiometabolic_II	OID30272	2	2	1	0.11430549446691643	false	1	1
PT2-PR2	Cardiometabolic_II	OID30170	2	2	1	0.6766202970328506	false	0	0
PT2-PR2	Cardiometabolic_II	OID30369	2	2	1	0.6970792293577546	false	0	0
PT2-PR2	Cardiometabolic_II	OID30178	2	2	1	0.7407385990141435	false	0	0
PT2-PR2	Oncology_II	OID31378	2	2	1	0.12680709219590403	false	0	1
PT2-PR2	Cardiometabolic	OID20219	2	2	1	0.11308645927650084	false	0	0
PT2-PR2	Neurology_II	OID30906	2	2	1	0.7430419756219293	false	0	0
PT2-PR2	Oncology_II	OID31420	2	2	1	0.12680709219590403	false	0	1
PT2-PR2	Neurology_II	OID31060	2	2	1	0.1705860505958213	false	0	0
PT2-PR2	Cardiometabolic	OID20125	2	2	1	0.17573609264650286	false	0	0
PT2-PR2	Neurology	OID20931	2	2	1	0.8201934518872944	false	0	0
PT2-PR2	Oncology_II	OID31493	2	2	1	0.49235069347020105	false	0	0
PT2-PR2	Cardiometabolic	OID20200	2	2	1	0.21536352833131034	false	0	0
PT2-PR2	Inflammation	OID20732	2	2	1	0.2645845385140257	false	0	0
PT2-PR2	Neurology	OID20825	2	2	1	0.5756129252833521	false	0	0
PT2-PR2	Neurology	OID20822	2	2	1	0.6671310876047704	false	0	0
PT2-PR2	Inflammation_II	OID30623	2	2	1	0.12149713735902705	false	0	1
PT2-PR2	Cardiometabolic	OID20142	2	2	1	0.8080700860769354	false	0	0
PT2-PR2	Oncology	OID21514	2	2	1	0.38244453092191577	false	0	0
PT2-PR2	Inflammation	OID20606	2	2	1	0.9012005861394177	false	0	0
PT2-PR2	Cardiometabolic	OID20376	2	2	1	0.44461227764569167	false	0	0
PT2-PR2	Inflammation	OID20617	2	2	1	0.9767713011235242	false	0	0
PT2-PR2	Inflammation_II	OID30669	2	2	1	0.13638983965633336	false	0	0
PT2-PR2	Neurology_II	OID30950	2	2	1	0.3333468991605051	false	0	0
PT2-PR2	Oncology	OID21351	2	2	1	0.7487533194554234	false	0	0
PT2-PR2	Oncology_II	OID31427	2	2	1	0.8975988358260605	false	0	0
PT2-PR2	Neurology_II	OID31110	2	2	1	0.9289377615435461	false	0	0
PT2-PR2	Neurology_II	OID31023	2	2	1	0.8606368318951155	false	0	0
PT2-PR2	Neurology	OID20835	2	2	1	0.1453630935068654	false	0	0
PT2-PR2	Neurology	OID20797	2	2	1	0.7804572708661675	false	0	0
PT2-PR2	Neurology_II	OID30901	2	2	1	0.46863402636238644	false	0	0
PT2-PR2	Inflammation	OID20642	2	2	1	0.4725789953538096	false	0	0
PT2-PR2	Oncology	OID21377	2	2	1	0.45747334306088466	false	0	0
PT2-PR2	Inflammation	OID20478	2	2	1	0.9855505561952512	false	0	0
PT2-PR2	Oncology	OID21181	2	2	1	0.8526424992269838	false	0	0
PT2-PR2	Cardiometabolic_II	OID30087	2	2	1	0.7178813376604232	false	0	0
PT2-PR2	Cardiometabolic_II	OID30059	2	2	1	0.7178813376604232	false	0	0
PT2-PR2	Cardiometabolic	OID20086	2	2	1	0.14050841081360826	false	0	1
PT2-PR2	Neurology_II	OID31016	2	2	1	0.9276996197143562	false	0	0
PT2-PR2	Inflammation	OID20742	2	2	1	0.09495500617310468	false	1	2
PT2-PR2	Inflammation_II	OID30569	2	2	1	0.3141240445682689	false	0	0
PT2-PR2	Neurology_II	OID30905	2	2	1	0.4757684599923058	false	0	0
PT2-PR2	Cardiometabolic_II	OID30367	2	2	1	0.6159077670048198	false	0	0
PT2-PR2	Inflammation_II	OID30784	2	2	1	0.6671940737676898	false	0	0
PT2-PR2	Oncology	OID21207	2	2	1	0.63603403274993	false	0	0
PT2-PR2	Cardiometabolic_II	OID30386	2	2	1	0.11029325967694563	false	1	1
PT2-PR2	Neurology_II	OID30893	2	2	1	0.48179565184427475	false	0	0
PT2-PR2	Neurology	OID20973	2	2	1	0.24639909520947512	false	0	0
PT2-PR2	Cardiometabolic	OID20094	2	2	1	0.7635839661638846	false	0	0
PT2-PR2	Oncology	OID21161	2	2	1	0.8771774105545225	false	0	0
PT2-PR2	Inflammation	OID20616	2	2	1	0.5813112505904612	false	0	0
PT2-PR2	Oncology	OID21369	2	2	1	0.5016780453500581	false	0	0
PT2-PR2	Inflammation	OID20771	2	2	1	0.24126952914339808	false	0	0
PT2-PR2	Neurology	OID20819	2	2	1	0.8089058576692796	false	0	0
PT2-PR2	Neurology	OID20912	2	2	1	0.0186238678207446	true	2	2
PT2-PR2	Inflammation_II	OID30637	2	2	1	0.08039678490427857	false	1	2
PT2-PR2	Oncology_II	OID31360	2	2	1	0.11716525323692807	false	0	1
PT2-PR2	Oncology	OID21258	2	2	1	0.5357152005900322	false	0	0
PT2-PR2	Inflammation	OID20550	2	2	1	0.8448002584323068	false	0	0
PT2-PR2	Oncology_II	OID31433	2	2	1	0.8511527764695758	false	0	0
PT2-PR2	Neurology	OID20996	2	2	1	0.927961691812084	false	0	0
PT2-PR2	Neurology	OID21156	2	2	1	0.14932751256580118	false	0	0
PT2-PR2	Oncology_II	OID31261	2	2	1	0.11716525323692807	false	0	0
PT2-PR2	Neurology	OID21021	2	2	1	0.21536352833131034	false	0	0
PT2-PR2	Neurology	OID20911	2	2	1	0.11371616180726739	false	0	1
PT2-PR2	Cardiometabolic_II	OID30063	2	2	1	0.20770697927745865	false	0	0
PT2-PR2	Inflammation_II	OID30453	2	2	1	0.8275812788105897	false	0	0
PT2-PR2	Neurology_II	OID30978	2	2	1	0.49235069347020105	false	0	0
PT2-PR2	Inflammation_II	OID30610	2	2	1	0.5481476741782645	false	0	0
PT2-PR2	Inflammation_II	OID30717	2	2	1	0.3901623305749468	false	0	0
PT2-PR2	Neurology	OID21096	2	2	1	0.20156600207848765	false	0	0
PT2-PR2	Cardiometabolic_II	OID30202	2	2	1	0.6783071590037014	false	0	0
PT2-PR2	Inflammation	OID20545	2	2	1	0.07198964174580882	false	1	2
PT2-PR2	Cardiometabolic	OID20290	2	2	1	0.2943533942649386	false	0	0
PT2-PR2	Neurology	OID20999	2	2	1	0.7753329291246618	false	0	0
PT2-PR2	Oncology	OID21449	2	2	1	0.8163298356494755	false	0	0
PT2-PR2	Oncology_II	OID31267	2	2	1	0.7154509272311773	false	0	0
PT2-PR2	Neurology_II	OID30876	2	2	1	0.5620406083475403	false	0	0
PT2-PR2	Cardiometabolic_II	OID30156	2	2	1	0.6500931983361826	false	0	0
PT2-PR2	Oncology_II	OID31250	2	2	1	0.8193866752624124	false	0	0
PT2-PR2	Oncology	OID21164	2	2	1	0.6311507007126641	false	0	0
PT2-PR2	Cardiometabolic	OID20418	2	2	1	0.8818370201521669	false	0	0
PT2-PR2	Neurology	OID21105	2	2	1	0.03587780918609784	true	1	1
PT2-PR2	Oncology	OID21196	2	2	1	0.7922747266565211	false	0	0
PT2-PR2	Cardiometabolic	OID20179	2	2	1	0.9086519109157284	false	0	0
PT2-PR2	Neurology	OID21100	2	2	1	0.9741843881381604	false	0	0
PT2-PR2	Inflammation_II	OID30466	2	2	1	0.6389417547890923	false	0	0
PT2-PR2	Cardiometabolic_II	OID30151	2	2	1	0.09825808407700982	false	1	2
PT2-PR2	Inflammation	OID20701	2	2	1	0.09495500617310468	false	0	2
PT2-PR2	Oncology	OID21375	2	2	1	0.09968436135564417	false	1	2
PT2-PR2	Neurology	OID20862	2	2	1	0.29797738091945625	false	0	0
PT2-PR2	Neurology	OID21079	2	2	1	0.6168935922582357	false	0	0
PT2-PR2	Neurology_II	OID30909	2	2	1	0.7202754641843835	false	0	0
PT2-PR2	Inflammation_II	OID30777	2	2	1	0.8514328113524884	false	0	0
PT2-PR2	Neurology	OID20875	2	2	1	0.08928843696673099	false	1	2
PT2-PR2	Oncology_II	OID31331	2	2	1	0.4692010924442443	false	0	0
PT2-PR2	Oncology	OID21298	2	2	1	0.9247105385411581	false	0	0
PT2-PR2	Neurology	OID20903	2	2	1	0.09387583957661225	false	1	2
PT2-PR2	Cardiometabolic_II	OID30120	2	2	1	0.630694169059143	false	0	0
PT2-PR2	Cardiometabolic_II	OID30345	2	2	1	0.6258877521490676	false	0	0
PT2-PR2	Neurology	OID20934	2	2	1	0.22784415904637242	false	0	0
PT2-PR2	Inflammation_II	OID30441	2	2	1	0.7898355622306772	false	0	0
PT2-PR2	Cardiometabolic_II	OID30123	2	2	1	0.10042271686228539	false	1	1
PT2-PR2	Cardiometabolic_II	OID30121	2	2	1	0.10042271686228539	false	1	1
PT2-PR2	Cardiometabolic	OID20201	2	2	1	0.46656091661779686	false	0	0
PT2-PR2	Inflammation	OID20777	2	2	1	0.12917053896370348	false	0	0
PT2-PR2	Oncology_II	OID31415	2	2	1	0.12457787341508755	false	0	0
PT2-PR2	Oncology	OID21522	2	2	1	0.09772900575722565	false	1	2
PT2-PR2	Oncology_II	OID31254	2	2	1	0.27824640438755344	false	0	0
PT2-PR2	Inflammation_II	OID30609	2	2	1	0.10425158837055179	false	1	1
PT2-PR2	Oncology_II	OID31397	2	2	1	0.38845433357321507	false	0	0
PT2-PR2	Oncology_II	OID31477	2	2	1	0.3008012489614828	false	0	0
PT2-PR2	Cardiometabolic_II	OID30182	2	2	1	0.8389014977916057	false	0	0
PT2-PR2	Cardiometabolic	OID20066	2	2	1	0.8364253421865057	false	0	0
PT2-PR2	Neurology_II	OID31036	2	2	1	0.9877794065405153	false	0	0
PT2-PR2	Oncology	OID21363	2	2	1	0.15730951365397325	false	0	1
PT2-PR2	Oncology_II	OID31252	2	2	1	0.5528236349647327	false	0	0
PT2-PR2	Inflammation_II	OID30708	2	2	1	0.9024524445249733	false	0	0
PT2-PR2	Cardiometabolic	OID20184	2	2	1	0.1705860505958213	false	0	1
PT2-PR2	Cardiometabolic_II	OID30256	2	2	1	0.8727686605442376	false	0	0
PT2-PR2	Inflammation	OID20674	2	2	1	0.9306368181069283	false	0	0
PT2-PR2	Inflammation	OID20680	2	2	1	0.9828839854363829	false	0	0
PT2-PR2	Inflammation_II	OID30522	2	2	1	0.12799111359431933	false	0	1
PT2-PR2	Oncology_II	OID31246	2	2	1	0.4187794899368741	false	0	0
PT2-PR2	Cardiometabolic	OID20177	2	2	1	0.2914799110757638	false	0	0
PT2-PR2	Oncology_II	OID31189	2	2	1	0.9664002070634994	false	0	0
PT2-PR2	Oncology	OID21365	2	2	1	0.3206505057028434	false	0	0
PT2-PR2	Oncology_II	OID31365	2	2	1	0.7259873160344543	false	0	0
PT2-PR2	Oncology_II	OID31233	2	2	1	0.9789879386654142	false	0	0
PT2-PR2	Cardiometabolic_II	OID30140	2	2	1	0.8526424992269838	false	0	0
PT2-PR2	Neurology	OID21040	2	2	1	0.13583746298696894	false	0	0
PT2-PR2	Neurology_II	OID30799	2	2	1	0.6873715019479151	false	0	0
PT2-PR2	Cardiometabolic_II	OID30183	2	2	1	0.07198964174580882	false	1	2
PT2-PR2	Cardiometabolic	OID20391	2	2	1	0.3461571439816305	false	0	0
PT2-PR2	Neurology	OID20942	2	2	1	0.10042271686228539	false	1	1
PT2-PR2	Oncology	OID21387	2	2	1	0.12917053896370348	false	0	1
PT2-PR2	Neurology	OID20811	2	2	1	0.9720160127488118	false	0	0
PT2-PR2	Cardiometabolic	OID20127	2	2	1	0.11716525323692807	false	1	1
PT2-PR2	Neurology	OID20794	2	2	1	0.9717830682769378	false	0	0
PT2-PR2	Cardiometabolic	OID20195	2	2	1	0.9820120105327387	false	0	0
PT2-PR2	Inflammation_II	OID30718	2	2	1	0.2835717695962898	false	0	0
PT2-PR2	Inflammation_II	OID30646	2	2	1	0.40864171816446687	false	0	0
PT2-PR2	Oncology_II	OID31187	2	2	1	0.5192018942087884	false	0	0
PT2-PR2	Cardiometabolic_II	OID30341	2	2	1	0.4533234054803661	false	0	0
PT2-PR2	Inflammation	OID20574	2	2	1	0.6505247140736108	false	0	0
PT2-PR2	Cardiometabolic_II	OID30187	2	2	1	0.37186030372752216	false	0	0
PT2-PR2	Cardiometabolic_II	OID30326	2	2	1	0.9589617350731853	false	0	0
PT2-PR2	Inflammation_II	OID30439	2	2	1	0.8839955821604785	false	0	0
PT2-PR2	Neurology	OID21139	2	2	1	0.10291824152316335	false	0	0
PT2-PR2	Cardiometabolic	OID20350	2	2	1	0.7753329291246618	false	0	0
PT2-PR2	Inflammation_II	OID30660	2	2	1	0.5069423438061385	false	0	0
PT2-PR2	Neurology_II	OID31155	2	2	1	0.5489028835649943	false	0	0
PT2-PR2	Neurology	OID20944	2	2	1	0.7544677828685673	false	0	0
PT2-PR2	Cardiometabolic_II	OID30138	2	2	1	0.7014950054999818	false	0	0
PT2-PR2	Oncology_II	OID31358	2	2	1	0.3362628928473178	false	0	0
PT2-PR2	Inflammation_II	OID30758	2	2	1	0.9038437375258193	false	0	0
PT2-PR2	Cardiometabolic_II	OID30158	2	2	1	0.060633835749225276	false	1	2
PT2-PR2	Neurology_II	OID30865	2	2	1	0.35061775619601127	false	0	0
PT2-PR2	Inflammation	OID20715	2	2	1	0.5037619591627784	false	0	0
PT2-PR2	Oncology_II	OID31507	2	2	1	0.12118580028966143	false	0	1
PT2-PR2	Oncology_II	OID31520	2	2	1	0.0892673509613903	false	1	2
PT2-PR2	Neurology_II	OID31005	2	2	1	0.5786265415596594	false	0	0
PT2-PR2	Oncology	OID21434	2	2	1	0.6581250941473368	false	0	0
PT2-PR2	Neurology	OID20852	2	2	1	0.7178813376604232	false	0	0
PT2-PR2	Oncology	OID21206	2	2	1	0.6783071590037014	false	0	0
PT2-PR2	Oncology	OID21472	2	2	1	0.7538249950486902	false	0	0
PT2-PR2	Oncology_II	OID31165	2	2	1	0.7826765422633392	false	0	0
PT2-PR2	Neurology_II	OID30866	2	2	1	0.8670714491947281	false	0	0
PT2-PR2	Inflammation	OID20458	2	2	1	0.13861438894078748	false	0	0
PT2-PR2	Neurology	OID21086	2	2	1	0.09495500617310468	false	1	2
PT2-PR2	Neurology	OID21114	2	2	1	0.03854551562872159	true	1	2
PT2-PR2	Oncology_II	OID31262	2	2	1	0.40859458058123266	false	0	0
PT2-PR2	Inflammation_II	OID30594	2	2	1	0.40864171816446687	false	0	0
PT2-PR2	Cardiometabolic	OID20172	2	2	1	0.5071960584281889	false	0	0
PT2-PR2	Neurology	OID21135	2	2	1	0.03854551562872159	true	2	2
PT2-PR2	Oncology	OID21301	2	2	1	0.15648322394451647	false	0	0
PT2-PR2	Oncology	OID21199	2	2	1	0.6534005170612226	false	0	0
PT2-PR2	Neurology_II	OID30991	2	2	1	0.5192018942087884	false	0	0
PT2-PR2	Cardiometabolic_II	OID30221	2	2	1	0.35400990714710384	false	0	0
PT2-PR2	Cardiometabolic_II	OID30406	2	2	1	0.7641833155022247	false	0	0
PT2-PR2	Inflammation	OID20640	2	2	1	0.1056139026773493	false	1	1
PT2-PR2	Oncology	OID21491	2	2	1	0.7685651848464489	false	0	0
PT2-PR2	Neurology_II	OID30861	2	2	1	0.7929590196195804	false	0	0
PT2-PR2	Oncology	OID21463	2	2	1	0.07275197278646951	false	0	2
PT2-PR2	Neurology_II	OID31124	2	2	1	0.8016229101334515	false	0	0
PT2-PR2	Oncology	OID21209	2	2	1	0.8133045273668984	false	0	0
PT2-PR2	Cardiometabolic	OID20215	2	2	1	0.8219488771019313	false	0	0
PT2-PR2	Neurology_II	OID30930	2	2	1	0.8246641921380342	false	0	0
PT2-PR2	Oncology_II	OID31168	2	2	1	0.8389014977916057	false	0	0
PT2-PR2	Inflammation_II	OID30494	2	2	1	0.39672382917965543	false	0	0
PT2-PR2	Neurology_II	OID31012	2	2	1	0.880200139854938	false	0	0
PT2-PR2	Oncology_II	OID31198	2	2	1	0.995832273894331	false	0	0
PT2-PR2	Inflammation_II	OID30789	2	2	1	0.521589990281201	false	0	0
PT2-PR2	Oncology_II	OID31239	2	2	1	0.11030147269601391	false	0	0
PT2-PR2	Neurology_II	OID30951	2	2	1	0.0585414149208349	false	1	2
PT2-PR2	Neurology	OID21080	2	2	1	0.40859458058123266	false	0	0
PT2-PR2	Cardiometabolic	OID20121	2	2	1	0.8096620063234375	false	0	0
PT2-PR2	Neurology_II	OID31039	2	2	1	0.08434589743122439	false	1	2
PT2-PR2	Oncology_II	OID31472	2	2	1	0.3695551503952183	false	0	0
PT2-PR2	Cardiometabolic_II	OID30177	2	2	1	0.8448632587024234	false	0	0
PT2-PR2	Cardiometabolic_II	OID30184	2	2	1	0.06361224118133242	false	1	2
PT2-PR2	Oncology	OID21283	2	2	1	0.8670714491947281	false	0	0
PT2-PR2	Neurology_II	OID30880	2	2	1	0.45072515904971433	false	0	0
PT2-PR2	Neurology_II	OID30948	2	2	1	0.8687780254145558	false	0	0
PT2-PR2	Neurology	OID20963	2	2	1	0.8978770544446205	false	0	0
PT2-PR2	Oncology_II	OID31179	2	2	1	0.9613759299672108	false	0	0
PT2-PR2	Oncology_II	OID31192	2	2	1	0.9094545750391246	false	0	0
PT2-PR2	Neurology_II	OID30946	2	2	1	0.20974264429100767	false	0	0
PT2-PR2	Neurology_II	OID30916	2	2	1	0.5403829136991511	false	0	0
PT2-PR2	Neurology_II	OID31122	2	2	1	0.8445117651049152	false	0	0
PT2-PR2	Oncology_II	OID31405	2	2	1	0.07198964174580882	false	1	2
PT2-PR2	Cardiometabolic_II	OID30142	2	2	1	0.2430765859550706	false	0	0
PT2-PR2	Neurology_II	OID31128	2	2	1	0.9481723138206128	false	0	0
PT2-PR2	Oncology_II	OID31258	2	2	1	0.5634095524563174	false	0	0
PT2-PR2	Cardiometabolic	OID20333	2	2	1	0.33266811963233617	false	0	0
PT2-PR2	Oncology	OID21280	2	2	1	0.09968436135564417	false	1	2
PT2-PR2	Inflammation_II	OID30751	2	2	1	0.880200139854938	false	0	0
PT2-PR2	Inflammation_II	OID30606	2	2	1	0.2445207668898946	false	0	0
PT2-PR2	Oncology	OID21368	2	2	1	0.15025727446274253	false	0	0
PT2-PR2	Neurology_II	OID30894	2	2	1	0.6441748793282037	false	0	0
PT2-PR2	Oncology_II	OID31163	2	2	1	0.9214148326684807	false	0	0
PT2-PR2	Inflammation_II	OID30743	2	2	1	0.9756201968211626	false	0	0
PT2-PR2	Neurology	OID20976	2	2	1	0.8471182007235019	false	0	0
PT2-PR2	Oncology	OID21492	2	2	1	0.805479008460396	false	0	0
PT2-PR2	Cardiometabolic_II	OID30159	2	2	1	0.25916259798484653	false	0	0
PT2-PR2	Inflammation	OID20485	2	2	1	0.1018394258469581	false	1	1
PT2-PR2	Inflammation_II	OID30583	2	2	1	0.1582264546186025	false	0	0
PT2-PR2	Cardiometabolic	OID20196	2	2	1	0.699219062449074	false	0	0
PT2-PR2	Cardiometabolic	OID20129	2	2	1	0.9123443540640642	false	0	0
PT2-PR2	Neurology_II	OID30828	2	2	1	0.7633751010311037	false	0	0
PT2-PR2	Cardiometabolic	OID20163	2	2	1	0.07275197278646951	false	0	1
PT2-PR2	Inflammation_II	OID30657	2	2	1	0.13083395964939168	false	0	1
PT2-PR2	Inflammation_II	OID30658	2	2	1	0.10760499143849882	false	1	1
PT2-PR2	Inflammation	OID20594	2	2	1	0.09281971577632822	false	1	2
PT2-PR2	Cardiometabolic	OID20214	2	2	1	0.1705860505958213	false	0	0
PT2-PR2	Neurology_II	OID31056	2	2	1	0.22243134477970897	false	0	0
PT2-PR2	Neurology_II	OID30966	2	2	1	0.30766417972486354	false	0	0
PT2-PR2	Oncology_II	OID31276	2	2	1	0.5520144229378695	false	0	0
PT2-PR2	Oncology	OID21248	2	2	1	0.12118580028966143	false	0	1
PT2-PR2	Inflammation	OID20696	2	2	1	0.47608622851857746	false	0	0
PT2-PR2	Cardiometabolic	OID20168	2	2	1	0.7364708118981825	false	0	0
PT2-PR2	Oncology_II	OID31213	2	2	1	0.7443097188340403	false	0	0
PT2-PR2	Oncology_II	OID31315	2	2	1	0.09495500617310468	false	0	2
PT2-PR2	Oncology	OID21398	2	2	1	0.2609637258317446	false	0	0
PT2-PR2	Cardiometabolic_II	OID30175	2	2	1	0.2616697394244787	false	0	0
PT2-PR2	Inflammation_II	OID30531	2	2	1	0.7422754685339019	false	0	0
PT2-PR2	Cardiometabolic	OID20199	2	2	1	0.2711852433524271	false	0	0
PT2-PR2	Inflammation_II	OID30732	2	2	1	0.9593447414669493	false	0	0
PT2-PR2	Neurology_II	OID30796	2	2	1	0.9729880670325548	false	0	0
PT2-PR2	Inflammation	OID20780	2	2	1	0.2859797399376245	false	0	0
PT2-PR2	Oncology	OID21425	2	2	1	0.5668909572387015	false	0	0
PT2-PR2	Oncology	OID21444	2	2	1	0.8448632587024234	false	0	0
PT2-PR2	Oncology_II	OID31399	2	2	1	0.09557117323182802	false	1	2
PT2-PR2	Cardiometabolic_II	OID30292	2	2	1	0.21536352833131034	false	0	0
PT2-PR2	Oncology	OID21163	2	2	1	0.9214148326684807	false	0	0
PT2-PR2	Cardiometabolic_II	OID30339	2	2	1	0.0875750218189784	false	1	2
PT2-PR2	Oncology_II	OID31388	2	2	1	0.6671940737676898	false	0	0
PT2-PR2	Oncology	OID21198	2	2	1	0.3516237535086444	false	0	0
PT2-PR2	Inflammation_II	OID30431	2	2	1	0.880200139854938	false	0	0
PT2-PR2	Cardiometabolic	OID20072	2	2	1	0.12652229520499958	false	0	1
PT2-PR2	Cardiometabolic_II	OID30090	2	2	1	0.9304738797651941	false	0	0
PT2-PR2	Inflammation	OID20749	2	2	1	0.18867547900591514	false	0	0
PT2-PR2	Neurology	OID21028	2	2	1	0.7405836360155587	false	0	0
PT2-PR2	Oncology	OID21165	2	2	1	0.8448002584323068	false	0	0
PT2-PR2	Inflammation_II	OID30586	2	2	1	0.4167681325333464	false	0	0
PT2-PR2	Cardiometabolic_II	OID30164	2	2	1	0.37579178362982757	false	0	0
PT2-PR2	Oncology	OID21417	2	2	1	0.5031432164273852	false	0	0
PT2-PR2	Neurology	OID20818	2	2	1	0.7933783537897178	false	0	0
PT2-PR2	Inflammation	OID20502	2	2	1	0.05895650261375607	false	1	2
PT2-PR2	Neurology_II	OID30920	2	2	1	0.7014950054999818	false	0	0
PT2-PR2	Inflammation	OID20462	2	2	1	0.8894677399596032	false	0	0
PT2-PR2	Neurology	OID21005	2	2	1	0.9699180312233475	false	0	0
PT2-PR2	Neurology	OID21042	2	2	1	0.2609637258317446	false	0	0
PT2-PR2	Oncology_II	OID31448	2	2	1	0.30658631621443516	false	0	0
PT2-PR2	Cardiometabolic_II	OID30064	2	2	1	0.8766293944580896	false	0	0
PT2-PR2	Oncology_II	OID31322	2	2	1	0.16660030921902164	false	0	1
PT2-PR2	Inflammation	OID20734	2	2	1	0.18467468428296754	false	0	0
PT2-PR2	Cardiometabolic_II	OID30364	2	2	1	0.28049329032635834	false	0	0
PT2-PR2	Inflammation_II	OID30543	2	2	1	0.9158878073337887	false	0	0
PT2-PR2	Cardiometabolic	OID20175	2	2	1	0.5261298669009403	false	0	0
PT2-PR2	Inflammation	OID20621	2	2	1	0.8771774105545225	false	0	0
PT2-PR2	Oncology	OID21518	2	2	1	0.6761606494750071	false	0	0
PT2-PR2	Oncology_II	OID31462	2	2	1	0.1560192091187144	false	0	1
PT2-PR2	Cardiometabolic_II	OID30290	2	2	1	0.15888311374713068	false	0	0
PT2-PR2	Cardiometabolic_II	OID30303	2	2	1	0.9738702899475289	false	0	0
PT2-PR2	Neurology_II	OID31121	2	2	1	0.09772900575722565	false	1	2
PT2-PR2	Oncology_II	OID31473	2	2	1	0.8745463365067246	false	0	0
PT2-PR2	Oncology_II	OID31311	2	2	1	0.2358333844508535	false	0	0
PT2-PR2	Neurology	OID20837	2	2	1	0.10655581328851256	false	0	1
PT2-PR2	Inflammation_II	OID30674	2	2	1	0.07198964174580882	false	1	2
PT2-PR2	Oncology_II	OID31353	2	2	1	0.7757732486194955	false	0	0
PT2-PR2	Oncology_II	OID31284	2	2	1	0.3232850769517361	false	0	0
PT2-PR2	Oncology_II	OID31329	2	2	1	0.34403209522422634	false	0	0
PT2-PR2	Oncology_II	OID31471	2	2	1	0.9663571999286151	false	0	0
PT2-PR2	Neurology_II	OID31029	2	2	1	0.15979057394658464	false	0	1
PT2-PR2	Inflammation_II	OID30725	2	2	1	0.877719560187169	false	0	0
PT2-PR2	Cardiometabolic_II	OID30261	2	2	1	0.7912215885111493	false	0	0
PT2-PR2	Cardiometabolic_II	OID30355	2	2	1	0.43476594956227066	false	0	0
PT2-PR2	Oncology_II	OID31428	2	2	1	0.16970933658020396	false	0	0
PT2-PR2	Cardiometabolic	OID20292	2	2	1	0.3233739019774069	false	0	0
PT2-PR2	Oncology	OID21230	2	2	1	0.384993723411842	false	0	0
PT2-PR2	Cardiometabolic_II	OID30101	2	2	1	0.5756129252833521	false	0	0
PT2-PR2	Neurology	OID20815	2	2	1	0.09950544018095833	false	0	2
PT2-PR2	Oncology	OID21328	2	2	1	0.9173419378894834	false	0	0
PT2-PR2	Oncology	OID21169	2	2	1	0.652788707361705	false	0	0
PT2-PR2	Neurology_II	OID30818	2	2	1	0.8478107380488429	false	0	0
PT2-PR2	Cardiometabolic	OID20389	2	2	1	0.4445343843853427	false	0	0
PT2-PR2	Cardiometabolic	OID20313	2	2	1	0.6392605755628127	false	0	0
PT2-PR2	Cardiometabolic_II	OID30066	2	2	1	0.27842069576859824	false	0	0
PT2-PR2	Neurology_II	OID30895	2	2	1	0.4889835009696887	false	0	0
PT2-PR2	Cardiometabolic	OID20059	2	2	1	0.9531730780145391	false	0	0
PT2-PR2	Inflammation_II	OID30616	2	2	1	0.1896327770510829	false	0	0
PT2-PR2	Cardiometabolic	OID20298	2	2	1	0.6783071590037014	false	0	0
PT2-PR2	Inflammation_II	OID30468	2	2	1	0.12917053896370348	false	0	0
PT2-PR2	Inflammation	OID20426	2	2	1	0.2696552651316728	false	0	0
PT2-PR2	Neurology_II	OID31083	2	2	1	0.8460788959800094	false	0	0
PT2-PR2	Oncology_II	OID31259	2	2	1	0.70387165566188	false	0	0
PT2-PR2	Cardiometabolic_II	OID30056	2	2	1	0.805094753553951	false	0	0
PT2-PR2	Neurology	OID20935	2	2	1	0.9203498853294739	false	0	0
PT2-PR2	Cardiometabolic	OID20190	2	2	1	0.9548697294334818	false	0	0
PT2-PR2	Cardiometabolic	OID20266	2	2	1	0.9695939683204317	false	0	0
PT2-PR2	Inflammation_II	OID30652	2	2	1	0.3092614604015838	false	0	0
PT2-PR2	Cardiometabolic_II	OID30162	2	2	1	0.2280773856210487	false	0	0
PT2-PR2	Inflammation	OID20712	2	2	1	0.6127018191016645	false	0	0
PT2-PR2	Oncology	OID21394	2	2	1	0.7677422973687577	false	0	0
PT2-PR2	Cardiometabolic	OID20279	2	2	1	0.384993723411842	false	0	0
PT2-PR2	Neurology_II	OID30982	2	2	1	0.753095566508741	false	0	0
PT2-PR2	Inflammation_II	OID30568	2	2	1	0.10042271686228539	false	1	1
PT2-PR2	Inflammation_II	OID30440	2	2	1	0.4167681325333464	false	0	0
PT2-PR2	Neurology_II	OID30873	2	2	1	0.10425158837055179	false	1	1
PT2-PR2	Neurology	OID20994	2	2	1	0.7914281913884343	false	0	0
PT2-PR2	Inflammation	OID20667	2	2	1	0.7487533194554234	false	0	0
PT2-PR2	Cardiometabolic	OID20327	2	2	1	0.9741843881381604	false	0	0
PT2-PR2	Cardiometabolic_II	OID30219	2	2	1	0.07275197278646951	false	1	2
PT2-PR2	Inflammation	OID20524	2	2	1	0.09890940054971756	false	1	2
PT2-PR2	Oncology	OID21252	2	2	1	0.11030147269601391	false	0	0
PT2-PR2	Neurology_II	OID30837	2	2	1	0.1475150613722206	false	0	1
PT2-PR2	Cardiometabolic_II	OID30168	2	2	1	0.5489028835649943	false	0	0
PT2-PR2	Neurology_II	OID30990	2	2	1	0.805479008460396	false	0	0
PT2-PR2	Inflammation	OID20567	2	2	1	0.9877794065405153	false	0	0
PT2-PR2	Inflammation	OID20448	2	2	1	0.49710294518311354	false	0	0
PT2-PR2	Cardiometabolic_II	OID30322	2	2	1	0.17899165890343716	false	0	0
PT2-PR2	Oncology_II	OID31305	2	2	1	0.6457502652080304	false	0	0
PT2-PR2	Inflammation	OID20558	2	2	1	0.09968436135564417	false	1	2
PT2-PR2	Inflammation_II	OID30666	2	2	1	0.0892673509613903	false	0	1
PT2-PR2	Neurology_II	OID30945	2	2	1	0.5914837560007573	false	0	0
PT2-PR2	Cardiometabolic	OID20082	2	2	1	0.711387691959999	false	0	0
PT2-PR2	Oncology	OID21235	2	2	1	0.8074984581398974	false	0	0
PT2-PR2	Oncology_II	OID31432	2	2	1	0.8333445459475451	false	0	0
PT2-PR2	Cardiometabolic	OID20144	2	2	1	0.14976240299892457	false	0	1
PT2-PR2	Oncology	OID21253	2	2	1	0.18899520351680074	false	0	1
PT2-PR2	Cardiometabolic	OID20115	2	2	1	0.9828839854363829	false	0	0
PT2-PR2	Inflammation	OID20719	2	2	1	0.705949296002935	false	0	0
PT2-PR2	Cardiometabolic_II	OID30079	2	2	1	0.49235069347020105	false	0	0
PT2-PR2	Inflammation	OID20488	2	2	1	0.6297200566042689	false	0	0
PT2-PR2	Cardiometabolic_II	OID30118	2	2	1	0.7496235789607811	false	0	0
PT2-PR2	Cardiometabolic	OID20197	2	2	1	0.9738702899475289	false	0	0
PT2-PR2	Inflammation_II	OID30553	2	2	1	0.9890174489235448	false	0	0
PT2-PR2	Neurology_II	OID31055	2	2	1	0.4692010924442443	false	0	0
PT2-PR2	Oncology	OID21496	2	2	1	0.5641783103235806	false	0	0
PT2-PR2	Oncology_II	OID31376	2	2	1	0.9247105385411581	false	0	0
PT2-PR2	Inflammation_II	OID30437	2	2	1	0.6671310876047704	false	0	0
PT2-PR2	Neurology	OID20855	2	2	1	0.9531730780145391	false	0	0
PT2-PR2	Cardiometabolic	OID20103	2	2	1	0.9873272840567184	false	0	0
PT2-PR2	Inflammation	OID20555	2	2	1	0.2358333844508535	false	0	0
PT2-PR2	Oncology_II	OID31496	2	2	1	0.26401907372105005	false	0	0
PT2-PR2	Inflammation	OID20540	2	2	1	0.6662767700859141	false	0	0
PT2-PR2	Cardiometabolic	OID20131	2	2	1	0.09495500617310468	false	1	2
PT2-PR2	Cardiometabolic	OID20354	2	2	1	0.1896751097855839	false	0	0
PT2-PR2	Neurology_II	OID31133	2	2	1	0.09968436135564417	false	1	2
PT2-PR2	Oncology_II	OID31446	2	2	1	0.1038091966627311	false	0	1
PT2-PR2	Cardiometabolic_II	OID30266	2	2	1	0.8016229101334515	false	0	0
PT2-PR2	Oncology_II	OID31200	2	2	1	0.650287509949405	false	0	0
PT2-PR2	Inflammation	OID20481	2	2	1	0.1560192091187144	false	0	0
PT2-PR2	Oncology_II	OID31497	2	2	1	0.14129952833858533	false	0	1
PT2-PR2	Neurology	OID21129	2	2	1	0.5745246840875267	false	0	0
PT2-PR2	Neurology_II	OID30831	2	2	1	0.10042271686228539	false	0	1
PT2-PR2	Neurology_II	OID30915	2	2	1	0.4182261068837236	false	0	0
PT2-PR2	Inflammation_II	OID30442	2	2	1	0.7643191429581384	false	0	0
PT2-PR2	Cardiometabolic	OID20050	2	2	1	0.8448002584323068	false	0	0
PT2-PR2	Oncology	OID21503	2	2	1	0.5634095524563174	false	0	0
PT2-PR2	Cardiometabolic	OID20088	2	2	1	0.4029939679594989	false	0	0
PT2-PR2	Oncology_II	OID31195	2	2	1	0.27842069576859824	false	0	0
PT2-PR2	Inflammation	OID20549	2	2	1	0.6319108833347521	false	0	0
PT2-PR2	Cardiometabolic_II	OID30378	2	2	1	0.5916734853689739	false	0	0
PT2-PR2	Inflammation_II	OID30482	2	2	1	0.4187794899368741	false	0	0
PT2-PR2	Inflammation	OID20762	2	2	1	0.7810580529732003	false	0	0
PT2-PR2	Oncology_II	OID31190	2	2	1	0.8016229101334515	false	0	0
PT2-PR2	Cardiometabolic	OID20212	2	2	1	0.9832708276762787	false	0	0
PT2-PR2	Neurology_II	OID31037	2	2	1	0.8231538518962527	false	0	0
PT2-PR2	Inflammation_II	OID30687	2	2	1	0.8973322312800036	false	0	0
PT2-PR2	Neurology_II	OID31057	2	2	1	0.9479601526838818	false	0	0
PT2-PR2	Cardiometabolic_II	OID30269	2	2	1	0.213463218104804	false	0	0
PT2-PR2	Inflammation	OID20665	2	2	1	0.8017270303006611	false	0	0
PT2-PR2	Cardiometabolic_II	OID30291	2	2	1	0.7089212952264105	false	0	0
PT2-PR2	Inflammation_II	OID30611	2	2	1	0.2358333844508535	false	0	0
PT2-PR2	Oncology	OID21239	2	2	1	0.8367393656308778	false	0	0
PT2-PR2	Cardiometabolic	OID20346	2	2	1	0.7922747266565211	false	0	0
PT2-PR2	Inflammation	OID20706	2	2	1	0.9346701611182474	false	0	0
PT2-PR2	Inflammation	OID20541	2	2	1	0.1987885003482253	false	0	0
PT2-PR2	Cardiometabolic_II	OID30083	2	2	1	0.5754730002711785	false	0	0
PT2-PR2	Inflammation_II	OID30709	2	2	1	0.8321358495002182	false	0	0
PT2-PR2	Inflammation	OID20695	2	2	1	0.45634387222295664	false	0	0
PT2-PR2	Oncology_II	OID31272	2	2	1	0.879941420090651	false	0	0
PT2-PR2	Inflammation	OID20669	2	2	1	0.4555714129362072	false	0	0
PT2-PR2	Oncology_II	OID31266	2	2	1	0.6856189979011665	false	0	0
PT2-PR2	Neurology	OID21064	2	2	1	0.880200139854938	false	0	0
PT2-PR2	Inflammation_II	OID30769	2	2	1	0.6987690261871071	false	0	0
PT2-PR2	Oncology_II	OID31347	2	2	1	0.9710862462738541	false	0	0
PT2-PR2	Cardiometabolic	OID20375	2	2	1	0.20770697927745865	false	0	0
PT2-PR2	Oncology	OID21316	2	2	1	0.35590429931705386	false	0	0
PT2-PR2	Cardiometabolic	OID20283	2	2	1	0.12457787341508755	false	0	0
PT2-PR2	Cardiometabolic_II	OID30377	2	2	1	0.1734827701732105	false	0	0
PT2-PR2	Neurology	OID21126	2	2	1	0.27943683463631436	false	0	0
PT2-PR2	Inflammation_II	OID30672	2	2	1	0.552599922003065	false	0	0
PT2-PR2	Neurology_II	OID30902	2	2	1	0.6500931983361826	false	0	0
PT2-PR2	Cardiometabolic_II	OID30233	2	2	1	0.7846753822391966	false	0	0
PT2-PR2	Inflammation	OID20484	2	2	1	0.45343956425985193	false	0	0
PT2-PR2	Neurology	OID20913	2	2	1	0.6534279208053758	false	0	0
PT2-PR2	Neurology	OID21007	2	2	1	0.8036975489613205	false	0	0
PT2-PR2	Cardiometabolic_II	OID30306	2	2	1	0.9325688213985447	false	0	0
PT2-PR2	Cardiometabolic	OID20156	2	2	1	0.584897270880356	false	0	0
PT2-PR2	Neurology_II	OID31104	2	2	1	0.7285774093116192	false	0	0
PT2-PR2	Inflammation_II	OID30770	2	2	1	0.5756129252833521	false	0	0
PT2-PR2	Neurology_II	OID30957	2	2	1	0.6159077670048198	false	0	0
PT2-PR2	Neurology	OID20890	2	2	1	0.11029325967694563	false	0	0
PT2-PR2	Cardiometabolic_II	OID30069	2	2	1	0.5841408706868637	false	0	0
PT2-PR2	Cardiometabolic	OID20148	2	2	1	0.5489028835649943	false	0	0
PT2-PR2	Inflammation	OID20438	2	2	1	0.0892673509613903	false	0	1
PT2-PR2	Oncology	OID21318	2	2	1	0.9247403361769354	false	0	0
PT2-PR2	Oncology_II	OID31348	2	2	1	0.09065588056774038	false	1	2
PT2-PR2	Oncology_II	OID31354	2	2	1	0.9304738797651941	false	0	0
PT2-PR2	Oncology	OID21424	2	2	1	0.8159957791399535	false	0	0
PT2-PR2	Oncology_II	OID31337	2	2	1	0.5759119419853613	false	0	0
PT2-PR2	Cardiometabolic	OID20073	2	2	1	0.15025727446274253	false	0	0
PT2-PR2	Inflammation	OID20744	2	2	1	0.2726378119030751	false	0	0
PT2-PR2	Oncology	OID21176	2	2	1	0.6283378170351374	false	0	0
PT2-PR2	Oncology_II	OID31181	2	2	1	0.18243757026941382	false	0	0
PT2-PR2	Cardiometabolic	OID20336	2	2	1	0.050911729357066275	false	0	1
PT2-PR2	Cardiometabolic_II	OID30144	2	2	1	0.6530546807260585	false	0	0
PT2-PR2	Cardiometabolic_II	OID30382	2	2	1	0.14507687487320417	false	0	1
PT2-PR2	Oncology	OID21490	2	2	1	0.20530988816473789	false	0	0
PT2-PR2	Inflammation_II	OID30710	2	2	1	0.5296908418865115	false	0	0
PT2-PR2	Neurology	OID21052	2	2	1	0.8753515792388737	false	0	0
PT2-PR2	Neurology	OID20795	2	2	1	0.35061775619601127	false	0	0
PT2-PR2	Inflammation_II	OID30788	2	2	1	0.5037619591627784	false	0	0
PT2-PR2	Cardiometabolic_II	OID30061	2	2	1	0.721601912313634	false	0	0
PT2-PR2	Cardiometabolic_II	OID30114	2	2	1	0.13638983965633336	false	0	0
PT2-PR2	Inflammation	OID20548	2	2	1	0.6069167648419692	false	0	0
PT2-PR2	Inflammation	OID20467	2	2	1	0.7889033483013848	false	0	0
PT2-PR2	Oncology	OID21236	2	2	1	0.12006774799805146	false	0	1
PT2-PR2	Neurology_II	OID31079	2	2	1	0.8161099383753627	false	0	0
PT2-PR2	Oncology	OID21357	2	2	1	0.4056858229449847	false	0	0
PT2-PR2	Inflammation	OID20757	2	2	1	0.49027657825164	false	0	0
PT2-PR2	Oncology	OID21376	2	2	1	0.8442232296268586	false	0	0
PT2-PR2	Cardiometabolic	OID20137	2	2	1	0.26052198375292746	false	0	0
PT2-PR2	Neurology	OID20907	2	2	1	0.05453716944668711	false	1	2
PT2-PR2	Cardiometabolic_II	OID30189	2	2	1	0.8050945599235438	false	0	0
PT2-PR2	Oncology	OID21371	2	2	1	0.8727686605442376	false	0	0
PT2-PR2	Inflammation_II	OID30726	2	2	1	0.9247105385411581	false	0	0
PT2-PR2	Oncology_II	OID31335	2	2	1	0.17899165890343716	false	0	0
PT2-PR2	Inflammation	OID20486	2	2	1	0.7249284409133901	false	0	0
PT2-PR2	Oncology_II	OID31490	2	2	1	0.7051189729663573	false	0	0
PT2-PR2	Cardiometabolic_II	OID30200	2	2	1	0.9164638309706428	false	0	0
PT2-PR2	Inflammation_II	OID30686	2	2	1	0.9855505561952512	false	0	0
PT2-PR2	Neurology_II	OID30819	2	2	1	0.9890752300323578	false	0	0
PT2-PR2	Inflammation_II	OID30450	2	2	1	0.7800256896580926	false	0	0
PT2-PR2	Oncology_II	OID31324	2	2	1	0.46592392007127953	false	0	0
PT2-PR2	Oncology	OID21460	2	2	1	0.49710294518311354	false	0	0
PT2-PR2	Neurology	OID21004	2	2	1	0.723669127262868	false	0	0
PT2-PR2	Cardiometabolic	OID20234	2	2	1	0.15103644524568866	false	0	1
PT2-PR2	Neurology	OID21068	2	2	1	0.5552532745353177	false	0	0
PT2-PR2	Inflammation_II	OID30701	2	2	1	0.16699911644503668	false	0	0
PT2-PR2	Inflammation	OID20577	2	2	1	0.09495500617310468	false	1	2
PT2-PR2	Inflammation_II	OID30645	2	2	1	0.197001836704554	false	0	0
PT2-PR2	Neurology_II	OID31045	2	2	1	0.9202417671995526	false	0	0
PT2-PR2	Oncology_II	OID31245	2	2	1	0.9738702899475289	false	0	0
PT2-PR2	Oncology	OID21247	2	2	1	0.70387165566188	false	0	0
PT2-PR2	Neurology_II	OID31111	2	2	1	0.09968436135564417	false	1	2
PT2-PR2	Inflammation_II	OID30455	2	2	1	0.9507587962414961	false	0	0
PT2-PR2	Cardiometabolic	OID20318	2	2	1	0.38672219528257307	false	0	0
PT2-PR2	Oncology	OID21309	2	2	1	0.22024737131161276	false	0	0
PT2-PR2	Oncology_II	OID31341	2	2	1	0.9485859605885241	false	0	0
PT2-PR2	Cardiometabolic_II	OID30395	2	2	1	0.9485859605885241	false	0	0
PT2-PR2	Inflammation_II	OID30590	2	2	1	0.13638983965633336	false	0	1
PT2-PR2	Cardiometabolic	OID20397	2	2	1	0.39323195998436733	false	0	0
PT2-PR2	Oncology	OID21228	2	2	1	0.43301734535371295	false	0	0
PT2-PR2	Oncology	OID21382	2	2	1	0.5261298669009403	false	0	0
PT2-PR2	Inflammation_II	OID30511	2	2	1	0.6827774340002203	false	0	0
PT2-PR2	Oncology	OID21293	2	2	1	0.7725498004514622	false	0	0
PT2-PR2	Cardiometabolic	OID20255	2	2	1	0.7187642810315963	false	0	0
PT2-PR2	Cardiometabolic_II	OID30085	2	2	1	0.10101818580292711	false	0	1
PT2-PR2	Inflammation	OID20424	2	2	1	0.5659545641172334	false	0	0
PT2-PR2	Oncology_II	OID31349	2	2	1	0.8973322312800036	false	0	0
PT2-PR2	Cardiometabolic_II	OID30396	2	2	1	0.24965204472196417	false	0	0
PT2-PR2	Inflammation_II	OID30764	2	2	1	0.8065556613600019	false	0	0
PT2-PR2	Neurology	OID20970	2	2	1	0.46592392007127953	false	0	0
PT2-PR2	Inflammation_II	OID30688	2	2	1	0.9890752300323578	false	0	0
PT2-PR2	Inflammation_II	OID30782	2	2	1	0.6813163011170342	false	0	0
PT2-PR2	Inflammation	OID20768	2	2	1	0.9793018336498786	false	0	0
PT2-PR2	Inflammation	OID20509	2	2	1	0.9992483829672777	false	0	0
PT2-PR2	Cardiometabolic_II	OID30238	2	2	1	0.46592392007127953	false	0	0
PT2-PR2	Inflammation_II	OID30707	2	2	1	0.49710294518311354	false	0	0
PT2-PR2	Cardiometabolic	OID20393	2	2	1	0.5384558530499923	false	0	0
PT2-PR2	Inflammation	OID20430	2	2	1	0.7061192703320908	false	0	0
PT2-PR2	Oncology	OID21462	2	2	1	0.8163298356494755	false	0	0
PT2-PR2	Cardiometabolic	OID20174	2	2	1	0.30260844957630717	false	0	0
PT2-PR2	Oncology_II	OID31384	2	2	1	0.8448632587024234	false	0	0
PT2-PR2	Neurology	OID20870	2	2	1	0.5756129252833521	false	0	0
PT2-PR2	Neurology	OID20961	2	2	1	0.23847485249440184	false	0	0
PT2-PR2	Inflammation	OID20560	2	2	1	0.7249284409133901	false	0	0
PT2-PR2	Cardiometabolic_II	OID30243	2	2	1	0.4166838897283884	false	0	0
PT2-PR2	Oncology_II	OID31481	2	2	1	0.10760499143849882	false	1	1
PT2-PR2	Oncology	OID21276	2	2	1	0.1705860505958213	false	0	0
PT2-PR2	Cardiometabolic	OID20124	2	2	1	0.49235069347020105	false	0	0
PT2-PR2	Inflammation	OID20675	2	2	1	0.09968436135564417	false	0	1
PT2-PR2	Neurology_II	OID30910	2	2	1	0.8460788959800094	false	0	0
PT2-PR2	Cardiometabolic_II	OID30282	2	2	1	0.2542717011067634	false	0	0
PT2-PR2	Neurology_II	OID30807	2	2	1	0.3841636099062149	false	0	0
PT2-PR2	Cardiometabolic	OID20356	2	2	1	0.5353371397335237	false	0	0
PT2-PR2	Oncology	OID21167	2	2	1	0.7750655887238844	false	0	0
PT2-PR2	Inflammation	OID20767	2	2	1	0.04063308662327875	true	2	2
PT2-PR2	Neurology	OID20897	2	2	1	0.6358191945892586	false	0	0
PT2-PR2	Neurology	OID21029	2	2	1	0.20515139701653792	false	0	0
PT2-PR2	Neurology	OID20925	2	2	1	0.8753515792388737	false	0	0
PT2-PR2	Inflammation_II	OID30448	2	2	1	0.9716509686061515	false	0	0
PT2-PR2	Oncology	OID21372	2	2	1	0.8016229101334515	false	0	0
PT2-PR2	Oncology	OID21466	2	2	1	0.6913481714084093	false	0	0
PT2-PR2	Neurology	OID21137	2	2	1	0.9820120105327387	false	0	0
PT2-PR2	Oncology_II	OID31486	2	2	1	0.2388310528487898	false	0	0
PT2-PR2	Inflammation_II	OID30680	2	2	1	0.163111060546002	false	0	0
PT2-PR2	Cardiometabolic	OID20239	2	2	1	0.8432659569152515	false	0	0
PT2-PR2	Neurology_II	OID30881	2	2	1	0.3082642532202973	false	0	0
PT2-PR2	Cardiometabolic	OID20097	2	2	1	0.05453716944668711	false	1	2
PT2-PR2	Cardiometabolic_II	OID30400	2	2	1	0.6069167648419692	false	0	0
PT2-PR2	Cardiometabolic	OID20056	2	2	1	0.7889033483013848	false	0	0
PT2-PR2	Oncology_II	OID31387	2	2	1	0.7044701314260132	false	0	0
PT2-PR2	Inflammation_II	OID30571	2	2	1	0.6987690261871071	false	0	0
PT2-PR2	Neurology_II	OID30896	2	2	1	0.7689632041259234	false	0	0
PT2-PR2	Cardiometabolic	OID20245	2	2	1	0.7838034676399999	false	0	0
PT2-PR2	Oncology_II	OID31210	2	2	1	0.9363010296279696	false	0	0
PT2-PR2	Neurology	OID20965	2	2	1	0.24044184090566303	false	0	0
PT2-PR2	Cardiometabolic	OID20052	2	2	1	0.8081335597150096	false	0	0
PT2-PR2	Cardiometabolic_II	OID30231	2	2	1	0.1691507739488844	false	0	1
PT2-PR2	Neurology	OID20866	2	2	1	0.7929590196195804	false	0	0
PT2-PR2	Oncology_II	OID31439	2	2	1	0.18743431103805971	false	0	0
PT2-PR2	Cardiometabolic_II	OID30281	2	2	1	0.2830908498291973	false	0	0
PT2-PR2	Inflammation_II	OID30728	2	2	1	0.5099299844641886	false	0	0
PT2-PR2	Neurology	OID21157	2	2	1	0.6780591774201858	false	0	0
PT2-PR2	Cardiometabolic	OID20105	2	2	1	0.7753329291246618	false	0	0
PT2-PR2	Cardiometabolic	OID20077	2	2	1	0.12469683609801943	false	0	1
PT2-PR2	Oncology	OID21473	2	2	1	0.7563114658599622	false	0	0
PT2-PR2	Oncology	OID21275	2	2	1	0.20301723884021758	false	0	0
PT2-PR2	Oncology_II	OID31224	2	2	1	0.6127018191016645	false	0	0
PT2-PR2	Inflammation	OID20595	2	2	1	0.853725547313879	false	0	0
PT2-PR2	Inflammation	OID20569	2	2	1	0.9479601526838818	false	0	0
PT2-PR2	Oncology_II	OID31379	2	2	1	0.958190011875368	false	0	0
PT2-PR2	Cardiometabolic	OID20388	2	2	1	0.03968539353920643	true	1	1
PT2-PR2	Cardiometabolic	OID20135	2	2	1	0.10425158837055179	false	0	1
PT2-PR2	Inflammation	OID20622	2	2	1	0.01485244556377444	true	2	2
PT2-PR2	Oncology_II	OID31232	2	2	1	0.8894141355095465	false	0	0
PT2-PR2	Cardiometabolic	OID20306	2	2	1	0.35061775619601127	false	0	0
PT2-PR2	Oncology_II	OID31494	2	2	1	0.1056139026773493	false	1	1
PT2-PR2	Inflammation	OID20741	2	2	1	0.4552489886911912	false	0	0
PT2-PR2	Neurology	OID20806	2	2	1	0.7051189729663573	false	0	0
PT2-PR2	Oncology_II	OID31160	2	2	1	0.09495500617310468	false	0	2
PT2-PR2	Neurology_II	OID30801	2	2	1	0.7753329291246618	false	0	0
PT2-PR2	Cardiometabolic_II	OID30212	2	2	1	0.5384830680700898	false	0	0
PT2-PR2	Neurology_II	OID31067	2	2	1	0.10931654372901278	false	0	0
PT2-PR2	Cardiometabolic	OID20207	2	2	1	0.28049329032635834	false	0	0
PT2-PR2	Inflammation_II	OID30752	2	2	1	0.46312250316907777	false	0	0
PT2-PR2	Cardiometabolic_II	OID30169	2	2	1	0.6185319187346542	false	0	0
PT2-PR2	Cardiometabolic	OID20138	2	2	1	0.10425158837055179	false	1	1
PT2-PR2	Oncology_II	OID31475	2	2	1	0.1582264546186025	false	0	1
PT2-PR2	Inflammation_II	OID30683	2	2	1	0.2358333844508535	false	0	0
PT2-PR2	Inflammation	OID20557	2	2	1	0.4672542118280718	false	0	0
PT2-PR2	Inflammation_II	OID30767	2	2	1	0.43426461850808656	false	0	0
PT2-PR2	Cardiometabolic_II	OID30147	2	2	1	0.507315121373961	false	0	0
PT2-PR2	Oncology_II	OID31502	2	2	1	0.24242346819993738	false	0	0
PT2-PR2	Oncology	OID21174	2	2	1	0.5253078191231886	false	0	0
PT2-PR2	Neurology_II	OID30947	2	2	1	0.35590429931705386	false	0	0
PT2-PR2	Oncology	OID21224	2	2	1	0.3564286379772568	false	0	0
PT2-PR2	Cardiometabolic	OID20136	2	2	1	0.6258877521490676	false	0	0
PT2-PR2	Neurology	OID20891	2	2	1	0.16000067057421652	false	0	0
PT2-PR2	Neurology	OID20827	2	2	1	0.6671940737676898	false	0	0
PT2-PR2	Cardiometabolic	OID20075	2	2	1	0.09466259726961714	false	0	2
PT2-PR2	Inflammation_II	OID30601	2	2	1	0.9952473802372004	false	0	0
PT2-PR2	Cardiometabolic_II	OID30353	2	2	1	0.08080276836421987	false	1	2
PT2-PR2	Inflammation	OID20728	2	2	1	0.08409598688458607	false	0	1
PT2-PR2	Neurology_II	OID31054	2	2	1	0.10042271686228539	false	1	1
PT2-PR2	Oncology	OID21404	2	2	1	0.9247105385411581	false	0	0
PT2-PR2	Cardiometabolic_II	OID30239	2	2	1	0.20156600207848765	false	0	0
PT2-PR2	Inflammation	OID20587	2	2	1	0.7826765422633392	false	0	0
PT2-PR2	Inflammation	OID20609	2	2	1	0.7652247899934101	false	0	0
PT2-PR2	Neurology	OID20915	2	2	1	0.8404176714141491	false	0	0
PT2-PR2	Cardiometabolic_II	OID30325	2	2	1	0.12149713735902705	false	0	1
PT2-PR2	Cardiometabolic_II	OID30358	2	2	1	0.630694169059143	false	0	0
PT2-PR2	Inflammation_II	OID30577	2	2	1	0.12917053896370348	false	0	0
PT2-PR2	Cardiometabolic	OID20249	2	2	1	0.13359107511031193	false	0	0
PT2-PR2	Neurology	OID20868	2	2	1	0.6319108833347521	false	0	0
PT2-PR2	Neurology	OID20864	2	2	1	0.6822163908679512	false	0	0
PT2-PR2	Neurology	OID21127	2	2	1	0.20558363591993953	false	0	0
PT2-PR2	Neurology	OID20989	2	2	1	0.47582654564841553	false	0	0
PT2-PR2	Cardiometabolic_II	OID30333	2	2	1	0.6310648883505502	false	0	0
PT2-PR2	Inflammation	OID20573	2	2	1	0.788079580988674	false	0	0
PT2-PR2	Cardiometabolic_II	OID30113	2	2	1	0.8081335597150096	false	0	0
PT2-PR2	Inflammation	OID20580	2	2	1	0.8630238019038711	false	0	0
PT2-PR2	Neurology_II	OID30955	2	2	1	0.7928828940840426	false	0	0
PT2-PR2	Oncology	OID21187	2	2	1	0.9346701611182474	false	0	0
PT2-PR2	Oncology_II	OID31356	2	2	1	0.4339560396131387	false	0	0
PT2-PR2	Cardiometabolic	OID20242	2	2	1	0.9023793353717184	false	0	0
PT2-PR2	Inflammation_II	OID30667	2	2	1	0.6555250918880517	false	0	0
PT2-PR2	Neurology	OID20954	2	2	1	0.7178813376604232	false	0	0
PT2-PR2	Oncology	OID21171	2	2	1	0.880200139854938	false	0	0
PT2-PR2	Oncology	OID21415	2	2	1	0.07198964174580882	false	0	1
PT2-PR2	Oncology	OID21242	2	2	1	0.9123443540640642	false	0	0
PT2-PR2	Oncology_II	OID31228	2	2	1	0.7496235789607811	false	0	0
PT2-PR2	Oncology	OID21429	2	2	1	0.7717574527790821	false	0	0
PT2-PR2	Neurology	OID20932	2	2	1	0.11650559759010246	false	0	1
PT2-PR2	Inflammation_II	OID30632	2	2	1	0.25916259798484653	false	0	0
PT2-PR2	Inflammation_II	OID30700	2	2	1	0.4877726501845069	false	0	0
PT2-PR2	Neurology_II	OID31127	2	2	1	0.8460788959800094	false	0	0
PT2-PR2	Neurology_II	OID30939	2	2	1	0.9741843881381604	false	0	0
PT2-PR2	Cardiometabolic	OID20217	2	2	1	0.7677422973687577	false	0	0
PT2-PR2	Oncology	OID21461	2	2	1	0.027693482874576514	true	2	2
PT2-PR2	Cardiometabolic_II	OID30352	2	2	1	0.46592392007127953	false	0	0
PT2-PR2	Oncology_II	OID31196	2	2	1	0.5129468058390598	false	0	0
PT2-PR2	Neurology	OID20974	2	2	1	0.8314729793927946	false	0	0
PT2-PR2	Cardiometabolic	OID20332	2	2	1	0.05453716944668711	false	0	1
PT2-PR2	Oncology	OID21364	2	2	1	0.8016229101334515	false	0	0
PT2-PR2	Neurology	OID20985	2	2	1	0.979409822956439	false	0	0
PT2-PR2	Cardiometabolic	OID20243	2	2	1	0.22784415904637242	false	0	0
PT2-PR2	Neurology_II	OID31062	2	2	1	0.13083395964939168	false	0	1
PT2-PR2	Oncology	OID21467	2	2	1	0.31898441627924956	false	0	0
PT2-PR2	Neurology	OID21082	2	2	1	0.08039678490427857	false	0	2
PT2-PR2	Cardiometabolic_II	OID30179	2	2	1	0.8448002584323068	false	0	0
PT2-PR2	Inflammation	OID20639	2	2	1	0.9886588209580197	false	0	0
PT2-PR2	Neurology_II	OID31098	2	2	1	0.9276996197143562	false	0	0
PT2-PR2	Cardiometabolic_II	OID30413	2	2	1	0.8460788959800094	false	0	0
PT2-PR2	Neurology_II	OID31024	2	2	1	0.5678270822663899	false	0	0
PT2-PR2	Neurology_II	OID30954	2	2	1	0.9879089066979382	false	0	0
PT2-PR2	Neurology_II	OID30857	2	2	1	0.46592392007127953	false	0	0
PT2-PR2	Oncology	OID21332	2	2	1	0.09968436135564417	false	1	2
PT2-PR2	Cardiometabolic	OID20062	2	2	1	0.8543768357104381	false	0	0
PT2-PR2	Cardiometabolic_II	OID30340	2	2	1	0.11650559759010246	false	0	1
PT2-PR2	Cardiometabolic	OID20407	2	2	1	0.37186030372752216	false	0	0
PT2-PR2	Oncology	OID21446	2	2	1	0.9936294736266511	false	0	0
PT2-PR2	Inflammation	OID20627	2	2	1	0.09495500617310468	false	1	2
PT2-PR2	Neurology	OID20871	2	2	1	0.36168819520402407	false	0	0
PT2-PR2	Oncology_II	OID31221	2	2	1	0.9630647544314507	false	0	0
PT2-PR2	Neurology	OID20901	2	2	1	0.13083395964939168	false	0	0
PT2-PR2	Inflammation_II	OID30624	2	2	1	0.2466192802942949	false	0	0
PT2-PR2	Cardiometabolic_II	OID30076	2	2	1	0.8764882668497871	false	0	0
PT2-PR2	Oncology_II	OID31506	2	2	1	0.11708645422404473	false	1	1
PT2-PR2	Cardiometabolic	OID20071	2	2	1	0.35590429931705386	false	0	0
PT2-PR2	Oncology_II	OID31274	2	2	1	0.545065369539254	false	0	0
PT2-PR2	Inflammation_II	OID30458	2	2	1	0.9620864804119237	false	0	0
PT2-PR2	Inflammation_II	OID30469	2	2	1	0.5491739104543286	false	0	0
PT2-PR2	Cardiometabolic_II	OID30366	2	2	1	0.9589617350731853	false	0	0
PT2-PR2	Cardiometabolic	OID20186	2	2	1	0.1691507739488844	false	0	0
PT2-PR2	Oncology	OID21356	2	2	1	0.25902951341388947	false	0	0
PT2-PR2	Cardiometabolic	OID20353	2	2	1	0.5357152005900322	false	0	0
PT2-PR2	Inflammation	OID20654	2	2	1	0.2390498085494373	false	0	0
PT2-PR2	Oncology_II	OID31308	2	2	1	0.7766336611095299	false	0	0
PT2-PR2	Cardiometabolic	OID20236	2	2	1	0.060537490223939124	false	0	2
PT2-PR2	Cardiometabolic	OID20095	2	2	1	0.5192018942087884	false	0	0
PT2-PR2	Inflammation_II	OID30618	2	2	1	0.8358961528639766	false	0	0
PT2-PR2	Neurology_II	OID30834	2	2	1	0.8977392084166023	false	0	0
PT2-PR2	Neurology_II	OID30805	2	2	1	0.9380102152741221	false	0	0
PT2-PR2	Cardiometabolic	OID20345	2	2	1	0.7928828940840426	false	0	0
PT2-PR2	Cardiometabolic_II	OID30240	2	2	1	0.08945185066478142	false	1	2
PT2-PR2	Neurology_II	OID31031	2	2	1	0.14338459616241722	false	0	0
PT2-PR2	Neurology_II	OID30835	2	2	1	0.5296908418865115	false	0	0
PT2-PR2	Neurology	OID21154	2	2	1	0.08409598688458607	false	0	1
PT2-PR2	Cardiometabolic_II	OID30337	2	2	1	0.47228693876914896	false	0	0
PT2-PR2	Inflammation_II	OID30478	2	2	1	0.09495500617310468	false	0	2
PT2-PR2	Neurology_II	OID30883	2	2	1	0.3390530971187424	false	0	0
PT2-PR2	Inflammation_II	OID30639	2	2	1	0.6381781497830815	false	0	0
PT2-PR2	Inflammation_II	OID30467	2	2	1	0.6611949250578923	false	0	0
PT2-PR2	Inflammation	OID20455	2	2	1	0.7294692445456431	false	0	0
PT2-PR2	Neurology_II	OID30874	2	2	1	0.7850574752927808	false	0	0
PT2-PR2	Inflammation	OID20443	2	2	1	0.27842069576859824	false	0	0
PT2-PR2	Oncology	OID21486	2	2	1	0.6842689455805718	false	0	0
PT2-PR2	Cardiometabolic	OID20208	2	2	1	0.23058168530236856	false	0	0
PT2-PR2	Neurology	OID21118	2	2	1	0.8081335597150096	false	0	0
PT2-PR2	Cardiometabolic_II	OID30372	2	2	1	0.8466612775525664	false	0	0
PT2-PR2	Oncology_II	OID31201	2	2	1	0.8606368318951155	false	0	0
PT2-PR2	Neurology	OID20883	2	2	1	0.9103684440351114	false	0	0
PT2-PR2	Inflammation	OID20487	2	2	1	0.2388310528487898	false	0	0
PT2-PR2	Neurology_II	OID31130	2	2	1	0.955990962185343	false	0	0
PT2-PR2	Cardiometabolic	OID20183	2	2	1	0.6913481714084093	false	0	0
PT2-PR2	Cardiometabolic	OID20349	2	2	1	0.4086328742414374	false	0	0
PT2-PR2	Inflammation	OID20444	2	2	1	0.2785904298037161	false	0	0
PT2-PR2	Cardiometabolic_II	OID30152	2	2	1	0.44889557866978325	false	0	0
PT2-PR2	Cardiometabolic	OID20155	2	2	1	0.15730203695732772	false	0	0
PT2-PR2	Oncology	OID21251	2	2	1	0.7506859676097962	false	0	0
PT2-PR2	Oncology_II	OID31323	2	2	1	0.8213779081903841	false	0	0
PT2-PR2	Cardiometabolic	OID20371	2	2	1	0.8611726780541974	false	0	0
PT2-PR2	Oncology_II	OID31202	2	2	1	0.9086519109157284	false	0	0
PT2-PR2	Neurology	OID21025	2	2	1	0.9168910590574934	false	0	0
PT2-PR2	Inflammation	OID20605	2	2	1	0.6779131380593545	false	0	0
PT2-PR2	Inflammation	OID20477	2	2	1	0.9353065585214344	false	0	0
PT2-PR2	Oncology_II	OID31422	2	2	1	0.9738702899475289	false	0	0
PT2-PR2	Inflammation	OID20452	2	2	1	0.43476594956227066	false	0	0
PT2-PR2	Inflammation_II	OID30512	2	2	1	0.5148444414397046	false	0	0
PT2-PR2	Oncology	OID21227	2	2	1	0.5505288748050423	false	0	0
PT2-PR2	Cardiometabolic	OID20320	2	2	1	0.8424712558163315	false	0	0
PT2-PR2	Neurology_II	OID31022	2	2	1	0.10042271686228539	false	1	1
PT2-PR2	Inflammation_II	OID30745	2	2	1	0.14081302805373405	false	0	0
PT2-PR2	Neurology_II	OID30994	2	2	1	0.12483992860121838	false	0	1
PT2-PR2	Cardiometabolic	OID20341	2	2	1	0.0232144244405168	true	1	1
PT2-PR2	Cardiometabolic	OID20232	2	2	1	0.521589990281201	false	0	0
PT2-PR2	Cardiometabolic	OID20357	2	2	1	0.8231538518962527	false	0	0
PT2-PR2	Cardiometabolic	OID20413	2	2	1	0.8231538518962527	false	0	0
PT2-PR2	Inflammation	OID20559	2	2	1	0.09890940054971756	false	1	2
PT2-PR2	Cardiometabolic_II	OID30263	2	2	1	0.12802510555170823	false	0	1
PT2-PR2	Inflammation	OID20456	2	2	1	0.4228208395212766	false	0	0
PT2-PR2	Oncology	OID21191	2	2	1	0.5621063246539008	false	0	0
PT2-PR2	Inflammation_II	OID30428	2	2	1	0.6453697186018426	false	0	0
PT2-PR2	Oncology_II	OID31162	2	2	1	0.7483366440979653	false	0	0
PT2-PR2	Neurology	OID20975	2	2	1	0.9759039812769212	false	0	0
PT2-PR2	Oncology_II	OID31297	2	2	1	0.9346701611182474	false	0	0
PT2-PR2	Neurology_II	OID30997	2	2	1	0.6634306212092103	false	0	0
PT2-PR2	Oncology_II	OID31395	2	2	1	0.8538422506610444	false	0	0
PT2-PR2	Inflammation_II	OID30474	2	2	1	0.2409176815112741	false	0	0
PT2-PR2	Inflammation	OID20746	2	2	1	0.5713029350638769	false	0	0
PT2-PR2	Cardiometabolic_II	OID30186	2	2	1	0.0892673509613903	false	1	2
PT2-PR2	Inflammation_II	OID30731	2	2	1	0.42050220074757866	false	0	0
PT2-PR2	Inflammation_II	OID30541	2	2	1	0.8367393656308778	false	0	0
PT2-PR2	Cardiometabolic	OID20385	2	2	1	0.37887901642840316	false	0	0
PT2-PR2	Cardiometabolic_II	OID30267	2	2	1	0.19811206245151392	false	0	0
PT2-PR2	Oncology_II	OID31180	2	2	1	0.8239468874588337	false	0	0
PT2-PR2	Oncology_II	OID31444	2	2	1	0.7938553680563735	false	0	0
PT2-PR2	Neurology_II	OID31011	2	2	1	0.09495500617310468	false	1	2
PT2-PR2	Neurology	OID21132	2	2	1	0.09851817447883832	false	0	2
PT2-PR2	Neurology_II	OID31064	2	2	1	0.2939551872183118	false	0	0
PT2-PR2	Oncology_II	OID31188	2	2	1	0.7633751010311037	false	0	0
PT2-PR2	Neurology_II	OID31027	2	2	1	0.8499871761451866	false	0	0
PT2-PR2	Oncology_II	OID31203	2	2	1	0.9073877706333767	false	0	0
PT2-PR2	Cardiometabolic	OID20070	2	2	1	0.4781380829323552	false	0	0
PT2-PR2	Neurology_II	OID30963	2	2	1	0.4138547517559269	false	0	0
PT2-PR2	Neurology	OID21010	2	2	1	0.2941507185540341	false	0	0
PT2-PR2	Inflammation_II	OID30550	2	2	1	0.7898355622306772	false	0	0
PT2-PR2	Oncology_II	OID31522	2	2	1	0.1394237122719909	false	0	1
PT2-PR2	Neurology	OID20790	2	2	1	0.122307327406273	false	0	1
PT2-PR2	Neurology_II	OID30804	2	2	1	0.39323195998436733	false	0	0
PT2-PR2	Cardiometabolic_II	OID30383	2	2	1	0.5892496020648316	false	0	0
PT2-PR2	Inflammation	OID20572	2	2	1	0.8398089992408281	false	0	0
PT2-PR2	Cardiometabolic	OID20405	2	2	1	0.36412495074304996	false	0	0
PT2-PR2	Inflammation_II	OID30451	2	2	1	0.6987690261871071	false	0	0
PT2-PR2	Oncology_II	OID31383	2	2	1	0.2726378119030751	false	0	0
PT2-PR2	Cardiometabolic	OID20247	2	2	1	0.09772900575722565	false	0	2
PT2-PR2	Neurology_II	OID30855	2	2	1	0.5024384868002036	false	0	0
PT2-PR2	Cardiometabolic	OID20277	2	2	1	0.6358191945892586	false	0	0
PT2-PR2	Neurology	OID21003	2	2	1	0.8017270303006611	false	0	0
PT2-PR2	Oncology_II	OID31307	2	2	1	0.6037813068603134	false	0	0
PT2-PR2	Inflammation_II	OID30481	2	2	1	0.5841408706868637	false	0	0
PT2-PR2	Cardiometabolic_II	OID30248	2	2	1	0.09141445887546176	false	1	2
PT2-PR2	Neurology_II	OID30981	2	2	1	0.6914139085199361	false	0	0
PT2-PR2	Inflammation_II	OID30689	2	2	1	0.43476594956227066	false	0	0
PT2-PR2	Cardiometabolic	OID20305	2	2	1	0.1030659320246437	false	1	1
PT2-PR2	Inflammation_II	OID30487	2	2	1	0.723669127262868	false	0	0
PT2-PR2	Oncology_II	OID31317	2	2	1	0.6646299973075214	false	0	0
PT2-PR2	Inflammation	OID20721	2	2	1	0.6047859586520843	false	0	0
PT2-PR2	Oncology	OID21527	2	2	1	0.6780591774201858	false	0	0
PT2-PR2	Inflammation	OID20698	2	2	1	0.29300570931707604	false	0	0
PT2-PR2	Neurology	OID20908	2	2	1	0.10042271686228539	false	1	1
PT2-PR2	Oncology_II	OID31404	2	2	1	0.567393762262299	false	0	0
PT2-PR2	Cardiometabolic	OID20379	2	2	1	0.09495500617310468	false	0	2
PT2-PR2	Neurology	OID20847	2	2	1	0.7044701314260132	false	0	0
PT2-PR2	Cardiometabolic	OID20299	2	2	1	0.8163298356494755	false	0	0
PT2-PR2	Cardiometabolic_II	OID30065	2	2	1	0.9624224226594484	false	0	0
PT2-PR2	Inflammation	OID20442	2	2	1	0.764083824664786	false	0	0
PT2-PR2	Inflammation	OID20619	2	2	1	0.9561666786000049	false	0	0
PT2-PR2	Inflammation	OID20650	2	2	1	0.9890752300323578	false	0	0
PT2-PR2	Neurology	OID21046	2	2	1	0.10042271686228539	false	1	1
PT2-PR2	Oncology	OID21290	2	2	1	0.6310648883505502	false	0	0
PT2-PR2	Cardiometabolic_II	OID30344	2	2	1	0.2859797399376245	false	0	0
PT2-PR2	Cardiometabolic_II	OID30132	2	2	1	0.8670714491947281	false	0	0
PT2-PR2	Inflammation_II	OID30647	2	2	1	0.14992369663285762	false	0	1
PT2-PR2	Cardiometabolic_II	OID30362	2	2	1	0.9531730780145391	false	0	0
PT2-PR2	Oncology	OID21519	2	2	1	0.10425158837055179	false	1	1
PT2-PR2	Inflammation	OID20520	2	2	1	0.4819486355448318	false	0	0
PT2-PR2	Inflammation	OID20743	2	2	1	0.35061775619601127	false	0	0
PT2-PR2	Oncology	OID21238	2	2	1	0.12328929552286455	false	0	1
PT2-PR2	Oncology	OID21291	2	2	1	0.1705860505958213	false	0	0
PT2-PR2	Inflammation	OID20582	2	2	1	0.1475150613722206	false	0	1
PT2-PR2	Neurology_II	OID30872	2	2	1	0.35244131732517947	false	0	0
PT2-PR2	Cardiometabolic	OID20273	2	2	1	0.4860527105784162	false	0	0
PT2-PR2	Inflammation_II	OID30548	2	2	1	0.5099299844641886	false	0	0
PT2-PR2	Neurology_II	OID30840	2	2	1	0.5649045884365784	false	0	0
PT2-PR2	Neurology_II	OID31028	2	2	1	0.2742437545812221	false	0	0
PT2-PR2	Inflammation	OID20475	2	2	1	0.6185319187346542	false	0	0
PT2-PR2	Cardiometabolic_II	OID30300	2	2	1	0.6867785638096914	false	0	0
PT2-PR2	Cardiometabolic_II	OID30102	2	2	1	0.7928828940840426	false	0	0
PT2-PR2	Cardiometabolic_II	OID30199	2	2	1	0.880200139854938	false	0	0
PT2-PR2	Cardiometabolic_II	OID30381	2	2	1	0.9741843881381604	false	0	0
PT2-PR2	Neurology	OID21107	2	2	1	0.569696979497093	false	0	0
PT2-PR2	Inflammation_II	OID30690	2	2	1	0.8448632587024234	false	0	0
PT2-PR2	Neurology	OID21124	2	2	1	0.07275197278646951	false	0	1
PT2-PR2	Inflammation_II	OID30620	2	2	1	0.2311435983872175	false	0	0
PT2-PR2	Inflammation_II	OID30749	2	2	1	0.8793137316669628	false	0	0
PT2-PR2	Neurology	OID20922	2	2	1	0.6873759978625038	false	0	0
PT2-PR2	Oncology_II	OID31193	2	2	1	0.631144316100254	false	0	0
PT2-PR2	Cardiometabolic_II	OID30245	2	2	1	0.10425158837055179	false	0	0
PT2-PR2	Oncology	OID21526	2	2	1	0.05453716944668711	false	0	2
PT2-PR2	Cardiometabolic	OID20182	2	2	1	0.16366680969015338	false	0	0
PT2-PR2	Oncology	OID21211	2	2	1	0.45949071036132777	false	0	0
PT2-PR2	Neurology	OID21060	2	2	1	0.9359471117647086	false	0	0
PT2-PR2	Neurology_II	OID30914	2	2	1	0.7677422973687577	false	0	0
PT2-PR2	Inflammation	OID20708	2	2	1	0.8894141355095465	false	0	0
PT2-PR2	Neurology_II	OID30839	2	2	1	0.9479601526838818	false	0	0
PT2-PR2	Cardiometabolic	OID20369	2	2	1	0.8096620063234375	false	0	0
PT2-PR2	Cardiometabolic_II	OID30155	2	2	1	0.11371616180726739	false	1	1
PT2-PR2	Neurology_II	OID30956	2	2	1	0.8526711405448547	false	0	0
PT2-PR2	Neurology	OID20955	2	2	1	0.09968436135564417	false	1	2
PT2-PR2	Inflammation	OID20600	2	2	1	0.8640232129911612	false	0	0
PT2-PR2	Inflammation	OID20428	2	2	1	0.19603410620332537	false	0	0
PT2-PR2	Inflammation	OID20779	2	2	1	0.11716525323692807	false	0	1
PT2-PR2	Neurology	OID21151	2	2	1	0.07198964174580882	false	1	2
PT2-PR2	Cardiometabolic_II	OID30360	2	2	1	0.09495500617310468	false	1	2
PT2-PR2	Neurology	OID20814	2	2	1	0.4312855335428389	false	0	0
PT2-PR2	Inflammation	OID20625	2	2	1	0.11650559759010246	false	1	1
PT2-PR2	Neurology	OID20921	2	2	1	0.2202425989252045	false	0	0
PT2-PR2	Cardiometabolic	OID20361	2	2	1	0.4819132915097119	false	0	0
PT2-PR2	Inflammation_II	OID30736	2	2	1	0.5329849957172088	false	0	0
PT2-PR2	Oncology	OID21436	2	2	1	0.1691507739488844	false	0	1
PT2-PR2	Neurology	OID20910	2	2	1	0.1734827701732105	false	0	1
PT2-PR2	Inflammation_II	OID30712	2	2	1	0.8081335597150096	false	0	0
PT2-PR2	Inflammation_II	OID30504	2	2	1	0.8965217389100102	false	0	0
PT2-PR2	Inflammation	OID20578	2	2	1	0.9094677661433247	false	0	0
PT2-PR2	Inflammation_II	OID30436	2	2	1	0.9202417671995526	false	0	0
PT2-PR2	Neurology	OID21048	2	2	1	0.7929590196195804	false	0	0
PT2-PR2	Cardiometabolic_II	OID30062	2	2	1	0.6500931983361826	false	0	0
PT2-PR2	Oncology	OID21438	2	2	1	0.9263876383592042	false	0	0
PT2-PR2	Cardiometabolic_II	OID30350	2	2	1	0.3173731985610657	false	0	0
PT2-PR2	Neurology	OID21083	2	2	1	0.07198964174580882	false	0	2
PT2-PR2	Cardiometabolic	OID20130	2	2	1	0.5637934822156209	false	0	0
PT2-PR2	Oncology_II	OID31207	2	2	1	0.9531730780145391	false	0	0
PT2-PR2	Neurology_II	OID31107	2	2	1	0.10971685662673318	false	1	1
PT2-PR2	Neurology	OID21008	2	2	1	0.6620078001495919	false	0	0
PT2-PR2	Oncology_II	OID31359	2	2	1	0.46560933837840507	false	0	0
PT2-PR2	Oncology_II	OID31270	2	2	1	0.6069167648419692	false	0	0
PT2-PR2	Cardiometabolic	OID20402	2	2	1	0.5520144229378695	false	0	0
PT2-PR2	Inflammation	OID20723	2	2	1	0.09851817447883832	false	0	1
PT2-PR2	Oncology	OID21524	2	2	1	0.6550312634098732	false	0	0
PT2-PR2	Neurology_II	OID30993	2	2	1	0.9086519109157284	false	0	0
PT2-PR2	Cardiometabolic	OID20271	2	2	1	0.09495500617310468	false	0	2
PT2-PR2	Cardiometabolic_II	OID30213	2	2	1	0.8017270303006611	false	0	0
PT2-PR2	Inflammation	OID20748	2	2	1	0.8548575128670243	false	0	0
PT2-PR2	Neurology_II	OID30887	2	2	1	0.22834926461339713	false	0	0
PT2-PR2	Inflammation_II	OID30722	2	2	1	0.718755025438514	false	0	0
PT2-PR2	Neurology_II	OID31047	2	2	1	0.09968436135564417	false	0	2
PT2-PR2	Oncology	OID21200	2	2	1	0.5907039023318611	false	0	0
PT2-PR2	Inflammation	OID20720	2	2	1	0.13861438894078748	false	0	0
PT2-PR2	Inflammation	OID20598	2	2	1	0.6159077670048198	false	0	0
PT2-PR2	Cardiometabolic	OID20063	2	2	1	0.8081335597150096	false	0	0
PT2-PR2	Cardiometabolic_II	OID30107	2	2	1	0.8096620063234375	false	0	0
PT2-PR2	Inflammation	OID20505	2	2	1	0.31313833162916177	false	0	0
PT2-PR2	Inflammation_II	OID30587	2	2	1	0.6360506049854701	false	0	0
PT2-PR2	Inflammation_II	OID30563	2	2	1	0.18743431103805971	false	0	0
PT2-PR2	Neurology_II	OID30985	2	2	1	0.9921065363157776	false	0	0
PT2-PR2	Neurology	OID21054	2	2	1	0.29169407343516396	false	0	0
PT2-PR2	Cardiometabolic_II	OID30111	2	2	1	0.8182646291417913	false	0	0
PT2-PR2	Cardiometabolic_II	OID30165	2	2	1	0.8460788959800094	false	0	0
PT2-PR2	Oncology	OID21192	2	2	1	0.1987885003482253	false	0	0
PT2-PR2	Cardiometabolic_II	OID30124	2	2	1	0.879941420090651	false	0	0
PT2-PR2	Cardiometabolic_II	OID30258	2	2	1	0.28759939852150257	false	0	0
PT2-PR2	Inflammation	OID20766	2	2	1	0.4965044184070709	false	0	0
PT2-PR2	Cardiometabolic	OID20139	2	2	1	0.607553591290749	false	0	0
PT2-PR2	Cardiometabolic_II	OID30109	2	2	1	0.955990962185343	false	0	0
PT2-PR2	Inflammation_II	OID30502	2	2	1	0.09772900575722565	false	0	2
PT2-PR2	Cardiometabolic_II	OID30274	2	2	1	0.12457787341508755	false	0	1
PT2-PR2	Inflammation_II	OID30509	2	2	1	0.1557098033866497	false	0	0
PT2-PR2	Inflammation	OID20449	2	2	1	0.31765897327145926	false	0	0
PT2-PR2	Oncology_II	OID31417	2	2	1	0.521589990281201	false	0	0
PT2-PR2	Oncology_II	OID31505	2	2	1	0.8894677399596032	false	0	0
PT2-PR2	Neurology	OID20857	2	2	1	0.6833256652511213	false	0	0
PT2-PR2	Neurology_II	OID30937	2	2	1	0.7141979992934874	false	0	0
PT2-PR2	Inflammation_II	OID30656	2	2	1	0.10934316610438058	false	1	1
PT2-PR2	Inflammation	OID20783	2	2	1	0.6633186722860102	false	0	0
PT2-PR2	Neurology_II	OID31108	2	2	1	0.0363662247798656	true	2	2
PT2-PR2	Inflammation_II	OID30426	2	2	1	0.1691507739488844	false	0	0
PT2-PR2	Oncology_II	OID31440	2	2	1	0.3247788439421083	false	0	0
PT2-PR2	Neurology	OID21148	2	2	1	0.9391632517215948	false	0	0
PT2-PR2	Oncology	OID21476	2	2	1	0.09772900575722565	false	1	2
PT2-PR2	Neurology	OID21067	2	2	1	0.09495500617310468	false	1	2
PT2-PR2	Cardiometabolic_II	OID30180	2	2	1	0.1416539841639817	false	0	1
PT2-PR2	Cardiometabolic	OID20164	2	2	1	0.3085033379224964	false	0	0
PT2-PR2	Cardiometabolic_II	OID30207	2	2	1	0.7933783537897178	false	0	0
PT2-PR2	Cardiometabolic	OID20203	2	2	1	0.9879089066979382	false	0	0
PT2-PR2	Neurology	OID21089	2	2	1	0.1453630935068654	false	0	0
PT2-PR2	Cardiometabolic_II	OID30404	2	2	1	0.7202754641843835	false	0	0
PT2-PR2	Neurology_II	OID31118	2	2	1	0.3815110713549325	false	0	0
PT2-PR2	Cardiometabolic_II	OID30128	2	2	1	0.6403234096953242	false	0	0
PT2-PR2	Oncology	OID21445	2	2	1	0.5756129252833521	false	0	0
PT2-PR2	Neurology_II	OID30938	2	2	1	0.8511527764695758	false	0	0
PT2-PR2	Oncology_II	OID31278	2	2	1	0.9741843881381604	false	0	0
PT2-PR2	Inflammation	OID20471	2	2	1	0.9781073555121346	false	0	0
PT2-PR2	Oncology_II	OID31508	2	2	1	0.13248994335622813	false	0	1
PT2-PR2	Inflammation	OID20707	2	2	1	0.0875750218189784	false	1	2
PT2-PR2	Cardiometabolic	OID20151	2	2	1	0.3469483250610657	false	0	0
PT2-PR2	Inflammation_II	OID30476	2	2	1	0.6970792293577546	false	0	0
PT2-PR2	Oncology	OID21422	2	2	1	0.8163298356494755	false	0	0
PT2-PR2	Inflammation	OID20420	2	2	1	0.9247105385411581	false	0	0
PT2-PR2	Inflammation	OID20773	2	2	1	0.11780969751068403	false	0	0
PT2-PR2	Oncology	OID21342	2	2	1	0.8163298356494755	false	0	0
PT2-PR2	Oncology_II	OID31230	2	2	1	0.395030994585803	false	0	0
PT2-PR2	Cardiometabolic	OID20377	2	2	1	0.9247403361769354	false	0	0
PT2-PR2	Oncology_II	OID31418	2	2	1	0.9300496716560084	false	0	0
PT2-PR2	Cardiometabolic	OID20409	2	2	1	0.5902891451095835	false	0	0
PT2-PR2	Inflammation_II	OID30673	2	2	1	0.7850238456368963	false	0	0
PT2-PR2	Neurology	OID21037	2	2	1	0.1705860505958213	false	0	1
PT2-PR2	Cardiometabolic	OID20281	2	2	1	0.837803024442683	false	0	0
PT2-PR2	Inflammation_II	OID30706	2	2	1	0.24965204472196417	false	0	0
PT2-PR2	Oncology	OID21374	2	2	1	0.8314729793927946	false	0	0
PT2-PR2	Oncology_II	OID31176	2	2	1	0.8016229101334515	false	0	0
PT2-PR2	Neurology	OID21000	2	2	1	0.10425158837055179	false	1	1
PT2-PR2	Cardiometabolic_II	OID30280	2	2	1	0.8427335747764954	false	0	0
PT2-PR2	Oncology	OID21310	2	2	1	0.9696262618034384	false	0	0
PT2-PR2	Neurology	OID21155	2	2	1	0.806263168503121	false	0	0
PT2-PR2	Neurology	OID21014	2	2	1	0.9655600585817428	false	0	0
PT2-PR2	Neurology_II	OID30797	2	2	1	0.7938553680563735	false	0	0
PT2-PR2	Oncology_II	OID31352	2	2	1	0.09863113153934502	false	0	2
PT2-PR2	Cardiometabolic	OID20312	2	2	1	0.8474157467012674	false	0	0
PT2-PR2	Cardiometabolic_II	OID30289	2	2	1	0.14968356651807782	false	0	1
PT2-PR2	Neurology_II	OID31113	2	2	1	0.4516618185785957	false	0	0
PT2-PR2	Inflammation_II	OID30697	2	2	1	0.7198903526456103	false	0	0
PT2-PR2	Oncology	OID21437	2	2	1	0.10042271686228539	false	1	1
PT2-PR2	Cardiometabolic	OID20351	2	2	1	0.2652069135817219	false	0	0
PT2-PR2	Neurology_II	OID31019	2	2	1	0.10042271686228539	false	0	1
PT2-PR2	Cardiometabolic	OID20111	2	2	1	0.2388310528487898	false	0	0
PT2-PR2	Neurology_II	OID30932	2	2	1	0.8163298356494755	false	0	0
PT2-PR2	Neurology	OID20838	2	2	1	0.8660871469849716	false	0	0
PT2-PR2	Inflammation	OID20419	2	2	1	0.6123066116063423	false	0	0
PT2-PR2	Oncology	OID21426	2	2	1	0.05453716944668711	false	1	2
PT2-PR2	Inflammation	OID20432	2	2	1	0.6101880007983717	false	0	0
PT2-PR2	Neurology	OID21112	2	2	1	0.10042271686228539	false	0	0
PT2-PR2	Cardiometabolic	OID20152	2	2	1	0.7678672991215844	false	0	0
PT2-PR2	Inflammation_II	OID30677	2	2	1	0.7750655887238844	false	0	0
PT2-PR2	Inflammation_II	OID30528	2	2	1	0.8474157467012674	false	0	0
PT2-PR2	Oncology	OID21241	2	2	1	0.3497060431740575	false	0	0
PT2-PR2	Inflammation_II	OID30493	2	2	1	0.10760499143849882	false	1	1
PT2-PR2	Inflammation_II	OID30612	2	2	1	0.5052676693825522	false	0	0
PT2-PR2	Inflammation_II	OID30420	2	2	1	0.45634387222295664	false	0	0
PT2-PR2	Inflammation	OID20608	2	2	1	0.8545204527815015	false	0	0
PT2-PR2	Inflammation_II	OID30447	2	2	1	0.9708865467546106	false	0	0
PT2-PR2	Neurology_II	OID30923	2	2	1	0.7515574846144234	false	0	0
PT2-PR2	Neurology_II	OID31136	2	2	1	0.09863113153934502	false	1	2
PT2-PR2	Cardiometabolic_II	OID30223	2	2	1	0.11430549446691643	false	0	1
PT2-PR2	Neurology	OID21059	2	2	1	0.10566829786558098	false	0	0
PT2-PR2	Inflammation	OID20727	2	2	1	0.16615284668494118	false	0	0
PT2-PR2	Oncology_II	OID31454	2	2	1	0.76031291194511	false	0	0
PT2-PR2	Cardiometabolic_II	OID30127	2	2	1	0.20392113351232005	false	0	0
PT2-PR2	Inflammation_II	OID30429	2	2	1	0.8432659569152515	false	0	0
PT2-PR2	Cardiometabolic	OID20340	2	2	1	0.490687965318066	false	0	0
PT2-PR2	Oncology	OID21229	2	2	1	0.09495500617310468	false	1	2
PT2-PR2	Cardiometabolic_II	OID30232	2	2	1	0.35666512053595484	false	0	0
PT2-PR2	Oncology_II	OID31495	2	2	1	0.7753329291246618	false	0	0
PT2-PR2	Neurology_II	OID31119	2	2	1	0.12680709219590403	false	0	1
PT2-PR2	Oncology	OID21380	2	2	1	0.14633239127912767	false	0	0
PT2-PR2	Oncology	OID21337	2	2	1	0.7014950054999818	false	0	0
PT2-PR2	Oncology_II	OID31280	2	2	1	0.692624860127804	false	0	0
PT2-PR2	Neurology	OID20949	2	2	1	0.8299296308334445	false	0	0
PT2-PR2	Neurology_II	OID30976	2	2	1	0.9223763285079876	false	0	0
PT2-PR2	Oncology	OID21384	2	2	1	0.01485244556377444	true	2	2
PT2-PR2	Cardiometabolic	OID20390	2	2	1	0.17333699751682247	false	0	0
PT2-PR2	Neurology_II	OID30811	2	2	1	0.8764882668497871	false	0	0
PT2-PR2	Neurology_II	OID31095	2	2	1	0.6555250918880517	false	0	0
PT2-PR2	Inflammation	OID20782	2	2	1	0.5193958036972965	false	0	0
PT2-PR2	Neurology_II	OID30891	2	2	1	0.46592392007127953	false	0	0
PT2-PR2	Cardiometabolic_II	OID30225	2	2	1	0.10042271686228539	false	1	1
PT2-PR2	Cardiometabolic	OID20252	2	2	1	0.4180446100079636	false	0	0
PT2-PR2	Cardiometabolic_II	OID30388	2	2	1	0.48179565184427475	false	0	0
PT2-PR2	Oncology_II	OID31223	2	2	1	0.46863402636238644	false	0	0
PT2-PR2	Cardiometabolic	OID20098	2	2	1	0.9152165077345612	false	0	0
PT2-PR2	Oncology	OID21520	2	2	1	0.9352249189198373	false	0	0
PT2-PR2	Inflammation	OID20556	2	2	1	0.0875750218189784	false	1	2
PT2-PR2	Oncology	OID21516	2	2	1	0.09495500617310468	false	1	2
PT2-PR2	Inflammation	OID20660	2	2	1	0.09495500617310468	false	0	1
PT2-PR2	Inflammation_II	OID30663	2	2	1	0.09968436135564417	false	1	2
PT2-PR2	Neurology_II	OID31129	2	2	1	0.33441101014596974	false	0	0
PT2-PR2	Neurology	OID20990	2	2	1	0.2479901259801973	false	0	0
PT2-PR2	Inflammation	OID20496	2	2	1	0.6310648883505502	false	0	0
PT2-PR2	Oncology	OID21378	2	2	1	0.18713435961819716	false	0	1
PT2-PR2	Neurology	OID20953	2	2	1	0.9729880670325548	false	0	0
PT2-PR2	Neurology_II	OID30849	2	2	1	0.7757732486194955	false	0	0
PT2-PR2	Cardiometabolic_II	OID30275	2	2	1	0.37139756599095575	false	0	0
PT2-PR2	Cardiometabolic	OID20410	2	2	1	0.25902951341388947	false	0	0
PT2-PR2	Cardiometabolic	OID20057	2	2	1	0.6622442429526908	false	0	0
PT2-PR2	Inflammation	OID20624	2	2	1	0.3469483250610657	false	0	0
PT2-PR2	Neurology_II	OID31153	2	2	1	0.6813163011170342	false	0	0
PT2-PR2	Oncology	OID21320	2	2	1	0.18755223492186052	false	0	1
PT2-PR2	Oncology	OID21385	2	2	1	0.4197492566730575	false	0	0
PT2-PR2	Neurology	OID20877	2	2	1	0.11030147269601391	false	1	1
PT2-PR2	Oncology_II	OID31468	2	2	1	0.12641360546796115	false	0	1
PT2-PR2	Cardiometabolic	OID20241	2	2	1	0.42036451753120985	false	0	0
PT2-PR2	Neurology_II	OID31046	2	2	1	0.43067168124660177	false	0	0
PT2-PR2	Cardiometabolic	OID20355	2	2	1	0.2445207668898946	false	0	0
PT2-PR2	Oncology	OID21314	2	2	1	0.13083395964939168	false	0	1
PT2-PR2	Inflammation_II	OID30457	2	2	1	0.7443097188340403	false	0	0
PT2-PR2	Oncology_II	OID31257	2	2	1	0.7677422973687577	false	0	0
PT2-PR2	Neurology_II	OID30919	2	2	1	0.37137449474805284	false	0	0
PT2-PR2	Inflammation	OID20643	2	2	1	0.14932751256580118	false	0	1
PT2-PR2	Neurology	OID21072	2	2	1	0.6381781497830815	false	0	0
PT2-PR2	Cardiometabolic_II	OID30252	2	2	1	0.15244128156727518	false	0	1
PT2-PR2	Inflammation	OID20538	2	2	1	0.8050945599235438	false	0	0
PT2-PR2	Neurology_II	OID30900	2	2	1	0.7082731454877154	false	0	0
PT2-PR2	Oncology_II	OID31503	2	2	1	0.08928843696673099	false	1	2
PT2-PR2	Inflammation_II	OID30720	2	2	1	0.0892673509613903	false	0	1
PT2-PR2	Cardiometabolic	OID20282	2	2	1	0.10932757868125736	false	0	0
PT2-PR2	Cardiometabolic	OID20296	2	2	1	0.7098782657030622	false	0	0
PT2-PR2	Neurology_II	OID30996	2	2	1	0.29169407343516396	false	0	0
PT2-PR2	Oncology	OID21294	2	2	1	0.14667097002621976	false	0	0
PT2-PR2	Inflammation	OID20678	2	2	1	0.7165222419741704	false	0	0
PT2-PR2	Inflammation	OID20686	2	2	1	0.8081335597150096	false	0	0
PT2-PR2	Cardiometabolic	OID20300	2	2	1	0.15070637470463644	false	0	0
PT2-PR2	Neurology	OID21023	2	2	1	0.07596341301198203	false	1	2
PT2-PR2	Oncology_II	OID31255	2	2	1	0.5756129252833521	false	0	0
PT2-PR2	Inflammation_II	OID30560	2	2	1	0.0892673509613903	false	1	2
PT2-PR2	Neurology	OID21006	2	2	1	0.4086328742414374	false	0	0
PT2-PR2	Oncology_II	OID31291	2	2	1	0.5098648206851514	false	0	0
PT2-PR2	Oncology_II	OID31205	2	2	1	0.18990950360554174	false	0	1
PT2-PR2	Inflammation_II	OID30525	2	2	1	0.29393566529348114	false	0	0
PT2-PR2	Inflammation	OID20612	2	2	1	0.6846318660271467	false	0	0
PT2-PR2	Oncology_II	OID31389	2	2	1	0.8889193631768715	false	0	0
PT2-PR2	Cardiometabolic_II	OID30098	2	2	1	0.9123443540640642	false	0	0
PT2-PR2	Cardiometabolic	OID20181	2	2	1	0.9516915218648048	false	0	0
PT2-PR2	Oncology_II	OID31318	2	2	1	0.9767773312229717	false	0	0
PT2-PR2	Neurology_II	OID31030	2	2	1	0.11430549446691643	false	0	1
PT2-PR2	Inflammation_II	OID30737	2	2	1	0.8597447852465949	false	0	0
PT2-PR2	Neurology_II	OID30833	2	2	1	0.8246641921380342	false	0	0
PT2-PR2	Inflammation	OID20751	2	2	1	0.06830305115159559	false	0	2
PT2-PR2	Oncology	OID21411	2	2	1	0.7263766424092918	false	0	0
PT2-PR2	Cardiometabolic	OID20055	2	2	1	0.8360194872315904	false	0	0
PT2-PR2	Neurology_II	OID31063	2	2	1	0.15025727446274253	false	0	1
PT2-PR2	Inflammation_II	OID30596	2	2	1	0.14341129793065785	false	0	1
PT2-PR2	Cardiometabolic_II	OID30206	2	2	1	0.5729407736044884	false	0	0
PT2-PR2	Inflammation	OID20533	2	2	1	0.10425158837055179	false	0	1
PT2-PR2	Neurology_II	OID30862	2	2	1	0.3299068168554053	false	0	0
PT2-PR2	Cardiometabolic	OID20337	2	2	1	0.33392575646451417	false	0	0
PT2-PR2	Oncology	OID21403	2	2	1	0.09851817447883832	false	1	2
PT2-PR2	Oncology	OID21452	2	2	1	0.7633751010311037	false	0	0
PT2-PR2	Neurology	OID20833	2	2	1	0.8526424992269838	false	0	0
PT2-PR2	Oncology	OID21255	2	2	1	0.9366826508978043	false	0	0
PT2-PR2	Oncology	OID21217	2	2	1	0.5739333039902091	false	0	0
PT2-PR2	Inflammation	OID20716	2	2	1	0.607553591290749	false	0	0
PT2-PR2	Neurology	OID20856	2	2	1	0.8186088703868112	false	0	0
PT2-PR2	Inflammation_II	OID30444	2	2	1	0.723669127262868	false	0	0
PT2-PR2	Cardiometabolic	OID20304	2	2	1	0.8197714550433265	false	0	0
PT2-PR2	Inflammation	OID20736	2	2	1	0.49777469186182244	false	0	0
PT2-PR2	Oncology_II	OID31182	2	2	1	0.3149726972505072	false	0	0
PT2-PR2	Oncology	OID21464	2	2	1	0.11399168176846315	false	0	0
PT2-PR2	Inflammation_II	OID30452	2	2	1	0.77964878936803	false	0	0
PT2-PR2	Inflammation_II	OID30547	2	2	1	0.49710294518311354	false	0	0
PT2-PR2	Cardiometabolic	OID20323	2	2	1	0.5334833831101078	false	0	0
PT2-PR2	Inflammation	OID20775	2	2	1	0.8503803678560984	false	0	0
PT2-PR2	Cardiometabolic	OID20328	2	2	1	0.46592392007127953	false	0	0
PT2-PR2	Inflammation	OID20725	2	2	1	0.26482692736033875	false	0	0
PT2-PR2	Cardiometabolic_II	OID30089	2	2	1	0.9054575495094874	false	0	0
PT2-PR2	Inflammation_II	OID30786	2	2	1	0.8224982846757548	false	0	0
PT2-PR2	Oncology	OID21488	2	2	1	0.6457502652080304	false	0	0
PT2-PR2	Neurology_II	OID30798	2	2	1	0.7928828940840426	false	0	0
PT2-PR2	Cardiometabolic	OID20238	2	2	1	0.6159077670048198	false	0	0
PT2-PR2	Cardiometabolic	OID20089	2	2	1	0.27694200102742306	false	0	0
PT2-PR2	Inflammation	OID20610	2	2	1	0.8080700860769354	false	0	0
PT2-PR2	Oncology	OID21265	2	2	1	0.9202417671995526	false	0	0
PT2-PR2	Inflammation_II	OID30638	2	2	1	0.2358333844508535	false	0	0
PT2-PR2	Oncology	OID21469	2	2	1	0.5637934822156209	false	0	0
PT2-PR2	Oncology	OID21498	2	2	1	0.6441748793282037	false	0	0
PT2-PR2	Cardiometabolic	OID20395	2	2	1	0.6448973275932874	false	0	0
PT2-PR2	Neurology	OID20952	2	2	1	0.10013064300764882	false	1	1
PT2-PR2	Neurology_II	OID31152	2	2	1	0.11716525323692807	false	0	1
PT2-PR2	Inflammation_II	OID30628	2	2	1	0.9263876383592042	false	0	0
PT2-PR2	Neurology_II	OID30942	2	2	1	0.35061775619601127	false	0	0
PT2-PR2	Neurology	OID20844	2	2	1	0.7487533194554234	false	0	0
PT2-PR2	Cardiometabolic_II	OID30264	2	2	1	0.10544128274397349	false	0	1
PT2-PR2	Cardiometabolic_II	OID30255	2	2	1	0.5019012509333199	false	0	0
PT2-PR2	Oncology_II	OID31438	2	2	1	0.3872384969614975	false	0	0
PT2-PR2	Oncology	OID21240	2	2	1	0.4117743345738768	false	0	0
PT2-PR2	Oncology	OID21401	2	2	1	0.6620078001495919	false	0	0
PT2-PR2	Neurology	OID21049	2	2	1	0.49228251092246333	false	0	0
PT2-PR2	Oncology_II	OID31426	2	2	1	0.8448632587024234	false	0	0
PT2-PR2	Cardiometabolic	OID20216	2	2	1	0.8611726780541974	false	0	0
PT2-PR2	Cardiometabolic_II	OID30163	2	2	1	0.15548654186814995	false	0	1
PT2-PR2	Oncology	OID21502	2	2	1	0.9304738797651941	false	0	0
PT2-PR2	Inflammation_II	OID30456	2	2	1	0.6283378170351374	false	0	0
PT2-PR2	Oncology	OID21530	2	2	1	0.9695939683204317	false	0	0
PT2-PR2	Cardiometabolic	OID20378	2	2	1	0.5832181002656546	false	0	0
PT2-PR2	Neurology_II	OID30943	2	2	1	0.6555250918880517	false	0	0
PT2-PR2	Neurology	OID20939	2	2	1	0.9276996197143562	false	0	0
PT2-PR2	Inflammation	OID20570	2	2	1	0.9380102152741221	false	0	0
PT2-PR2	Oncology_II	OID31219	2	2	1	0.7889033483013848	false	0	0
PT2-PR2	Cardiometabolic	OID20396	2	2	1	0.19139535476085004	false	0	0
PT2-PR2	Neurology_II	OID30912	2	2	1	0.18755223492186052	false	0	0
PT2-PR2	Inflammation_II	OID30484	2	2	1	0.8670910610058911	false	0	0
PT2-PR2	Oncology	OID21311	2	2	1	0.21536352833131034	false	0	0
PT2-PR2	Oncology_II	OID31412	2	2	1	0.7406007473266127	false	0	0
PT2-PR2	Cardiometabolic_II	OID30210	2	2	1	0.7889033483013848	false	0	0
PT2-PR2	Oncology	OID21322	2	2	1	0.10398219314744422	false	0	0
PT2-PR2	Cardiometabolic	OID20206	2	2	1	0.11836666639495674	false	1	1
PT2-PR2	Oncology_II	OID31406	2	2	1	0.19454989807016265	false	0	0
PT2-PR2	Cardiometabolic	OID20149	2	2	1	0.6921173677823078	false	0	0
PT2-PR2	Oncology	OID21325	2	2	1	0.8448632587024234	false	0	0
PT2-PR2	Oncology	OID21410	2	2	1	0.5137793837561453	false	0	0
PT2-PR2	Inflammation	OID20657	2	2	1	0.7276037501236994	false	0	0
PT2-PR2	Oncology_II	OID31320	2	2	1	0.8036975489613205	false	0	0
PT2-PR2	Inflammation	OID20593	2	2	1	0.9223019807262834	false	0	0
PT2-PR2	Cardiometabolic	OID20133	2	2	1	0.9819548518075859	false	0	0
PT2-PR2	Inflammation_II	OID30613	2	2	1	0.09495500617310468	false	1	2
PT2-PR2	Neurology_II	OID31049	2	2	1	0.6882218936927672	false	0	0
PT2-PR2	Oncology	OID21419	2	2	1	0.9558869402600305	false	0	0
PT2-PR2	Oncology_II	OID31346	2	2	1	0.3875814175702578	false	0	0
PT2-PR2	Inflammation	OID20551	2	2	1	0.14274657884572323	false	0	1
PT2-PR2	Inflammation_II	OID30473	2	2	1	0.5745246840875267	false	0	0
PT2-PR2	Neurology_II	OID30898	2	2	1	0.6780591774201858	false	0	0
PT2-PR2	Cardiometabolic_II	OID30313	2	2	1	0.07198964174580882	false	1	2
PT2-PR2	Oncology	OID21306	2	2	1	0.5035452915752647	false	0	0
PT2-PR2	Oncology_II	OID31498	2	2	1	0.4877726501845069	false	0	0
PT2-PR2	Cardiometabolic	OID20162	2	2	1	0.4582421032982355	false	0	0
PT2-PR2	Inflammation_II	OID30622	2	2	1	0.1634525327095067	false	0	0
PT2-PR2	Neurology	OID20808	2	2	1	0.6310648883505502	false	0	0
PT2-PR2	Neurology_II	OID31090	2	2	1	0.09968436135564417	false	0	1
PT2-PR2	Cardiometabolic_II	OID30359	2	2	1	0.7637062039963547	false	0	0
PT2-PR2	Cardiometabolic_II	OID30195	2	2	1	0.7968130153074372	false	0	0
PT2-PR2	Oncology_II	OID31238	2	2	1	0.8074984581398974	false	0	0
PT2-PR2	Cardiometabolic_II	OID30088	2	2	1	0.9086519109157284	false	0	0
PT2-PR2	Neurology_II	OID31101	2	2	1	0.4817359949084869	false	0	0
PT2-PR2	Inflammation_II	OID30462	2	2	1	0.4858206362646973	false	0	0
PT2-PR2	Inflammation_II	OID30535	2	2	1	0.7753329291246618	false	0	0
PT2-PR2	Oncology	OID21281	2	2	1	0.10042271686228539	false	1	1
PT2-PR2	Neurology_II	OID31053	2	2	1	0.9088485462947816	false	0	0
PT2-PR2	Neurology	OID20880	2	2	1	0.5489028835649943	false	0	0
PT2-PR2	Cardiometabolic	OID20358	2	2	1	0.45520966584429157	false	0	0
PT2-PR2	Neurology	OID20892	2	2	1	0.5131263615607357	false	0	0
PT2-PR2	Cardiometabolic	OID20411	2	2	1	0.4555714129362072	false	0	0
PT2-PR2	Neurology_II	OID30998	2	2	1	0.940484095417826	false	0	0
PT2-PR2	Inflammation_II	OID30681	2	2	1	0.12149713735902705	false	0	0
PT2-PR2	Cardiometabolic	OID20173	2	2	1	0.8922282085890356	false	0	0
PT2-PR2	Neurology_II	OID30973	2	2	1	0.44385686240833233	false	0	0
PT2-PR2	Inflammation_II	OID30533	2	2	1	0.09851817447883832	false	1	2
PT2-PR2	Inflammation	OID20493	2	2	1	0.9123443540640642	false	0	0
PT2-PR2	Inflammation_II	OID30776	2	2	1	0.9738702899475289	false	0	0
PT2-PR2	Neurology_II	OID30983	2	2	1	0.6238331960484544	false	0	0
PT2-PR2	Inflammation	OID20662	2	2	1	0.4180446100079636	false	0	0
PT2-PR2	Neurology_II	OID31093	2	2	1	0.7168067436885669	false	0	0
PT2-PR2	Neurology_II	OID30838	2	2	1	0.8159957791399535	false	0	0
PT2-PR2	Inflammation	OID20694	2	2	1	0.027693482874576514	true	1	2
PT2-PR2	Inflammation	OID20759	2	2	1	0.04218554874429976	true	2	2
PT2-PR2	Cardiometabolic	OID20083	2	2	1	0.2835717695962898	false	0	0
PT2-PR2	Neurology	OID21012	2	2	1	0.11650559759010246	false	0	1
PT2-PR2	Oncology_II	OID31394	2	2	1	0.2019099433540196	false	0	0
PT2-PR2	Inflammation_II	OID30480	2	2	1	0.30371431533907034	false	0	0
PT2-PR2	Neurology_II	OID30934	2	2	1	0.31765897327145926	false	0	0
PT2-PR2	Cardiometabolic	OID20202	2	2	1	0.13359107511031193	false	0	0
PT2-PR2	Inflammation	OID20683	2	2	1	0.08928843696673099	false	1	2
PT2-PR2	Inflammation	OID20433	2	2	1	0.6551211396891216	false	0	0
PT2-PR2	Inflammation	OID20688	2	2	1	0.34102904941393686	false	0	0
PT2-PR2	Oncology	OID21204	2	2	1	0.1038091966627311	false	1	1
PT2-PR2	Neurology	OID20878	2	2	1	0.7717574527790821	false	0	0
PT2-PR2	Neurology	OID20987	2	2	1	0.368803745377282	false	0	0
PT2-PR2	Neurology	OID21077	2	2	1	0.09495500617310468	false	1	2
PT2-PR2	Inflammation_II	OID30506	2	2	1	0.5239937123918569	false	0	0
PT2-PR2	Inflammation	OID20546	2	2	1	0.6870275592485252	false	0	0
PT2-PR2	Oncology	OID21443	2	2	1	0.8764276983787201	false	0	0
PT2-PR2	Inflammation_II	OID30754	2	2	1	0.8959733979395642	false	0	0
PT2-PR2	Neurology_II	OID30806	2	2	1	0.9199960516153203	false	0	0
PT2-PR2	Inflammation_II	OID30668	2	2	1	0.9985286435303368	false	0	0
PT2-PR2	Inflammation_II	OID30719	2	2	1	0.7032156297751859	false	0	0
PT2-PR2	Oncology	OID21321	2	2	1	0.723669127262868	false	0	0
PT2-PR2	Cardiometabolic_II	OID30224	2	2	1	0.003176848137485866	true	2	2
PT2-PR2	Inflammation	OID20726	2	2	1	0.08143978290766035	false	0	2
PT2-PR2	Oncology	OID21284	2	2	1	0.3841636099062149	false	0	0
PT2-PR2	Neurology	OID20966	2	2	1	0.4180446100079636	false	0	0
PT2-PR2	Inflammation	OID20603	2	2	1	0.3804999396761024	false	0	0
PT2-PR2	Neurology	OID20988	2	2	1	0.36724576711161516	false	0	0
PT2-PR2	Inflammation	OID20789	2	2	1	0.48179565184427475	false	0	0
PT2-PR2	Neurology	OID20885	2	2	1	0.6822163908679512	false	0	0
PT2-PR2	Cardiometabolic_II	OID30125	2	2	1	0.05704902935368908	false	1	2
PT2-PR2	Neurology	OID20981	2	2	1	0.7898413844086245	false	0	0
PT2-PR2	Neurology	OID20845	2	2	1	0.7928828940840426	false	0	0
PT2-PR2	Neurology_II	OID31084	2	2	1	0.5139197034694641	false	0	0
PT2-PR2	Inflammation_II	OID30665	2	2	1	0.6534097454391922	false	0	0
PT2-PR2	Oncology_II	OID31338	2	2	1	0.6867785638096914	false	0	0
PT2-PR2	Oncology	OID21303	2	2	1	0.4180446100079636	false	0	0
PT2-PR2	Cardiometabolic	OID20335	2	2	1	0.1278031614958063	false	0	0
PT2-PR2	Oncology	OID21392	2	2	1	0.7753329291246618	false	0	0
PT2-PR2	Neurology	OID21106	2	2	1	0.42677731508522787	false	0	0
PT2-PR2	Oncology	OID21450	2	2	1	0.23237682294274756	false	0	0
PT2-PR2	Oncology_II	OID31483	2	2	1	0.3875814175702578	false	0	0
PT2-PR2	Oncology	OID21414	2	2	1	0.10042271686228539	false	0	1
PT2-PR2	Inflammation_II	OID30723	2	2	1	0.711387691959999	false	0	0
PT2-PR2	Inflammation	OID20461	2	2	1	0.8368310362740164	false	0	0
PT2-PR2	Oncology	OID21517	2	2	1	0.3483205525315303	false	0	0
PT2-PR2	Inflammation_II	OID30519	2	2	1	0.122307327406273	false	0	1
PT2-PR2	Inflammation	OID20666	2	2	1	0.8017270303006611	false	0	0
PT2-PR2	Cardiometabolic_II	OID30308	2	2	1	0.15648322394451647	false	0	1
PT2-PR2	Oncology	OID21296	2	2	1	0.7142989620319171	false	0	0
PT2-PR2	Oncology_II	OID31482	2	2	1	0.10849815694351508	false	1	1
PT2-PR2	Neurology_II	OID31018	2	2	1	0.9069937054331397	false	0	0
PT2-PR2	Oncology	OID21177	2	2	1	0.9827351371392138	false	0	0
PT2-PR2	Oncology_II	OID31277	2	2	1	0.4414031620545226	false	0	0
PT2-PR2	Neurology	OID20861	2	2	1	0.6532825058328513	false	0	0
PT2-PR2	Inflammation	OID20785	2	2	1	0.701787698263739	false	0	0
PT2-PR2	Neurology	OID21019	2	2	1	0.908259734900678	false	0	0
PT2-PR2	Cardiometabolic_II	OID30315	2	2	1	0.21650250929651846	false	0	0
PT2-PR2	Inflammation	OID20677	2	2	1	0.3071731518155575	false	0	0
PT2-PR2	Inflammation_II	OID30653	2	2	1	0.10042271686228539	false	1	1
PT2-PR2	Neurology	OID21088	2	2	1	0.09968436135564417	false	1	2
PT2-PR2	Oncology_II	OID31303	2	2	1	0.8460788959800094	false	0	0
PT2-PR2	Oncology	OID21233	2	2	1	0.9479601526838818	false	0	0
PT2-PR2	Cardiometabolic	OID20194	2	2	1	0.7276037501236994	false	0	0
PT2-PR2	Cardiometabolic_II	OID30100	2	2	1	0.9829806250805295	false	0	0
PT2-PR2	Inflammation	OID20615	2	2	1	0.09495500617310468	false	1	2
PT2-PR2	Inflammation_II	OID30659	2	2	1	0.1148915171717162	false	0	1
PT2-PR2	Oncology	OID21257	2	2	1	0.12802510555170823	false	0	1
PT2-PR2	Neurology_II	OID31123	2	2	1	0.09495500617310468	false	1	2
PT2-PR2	Oncology_II	OID31414	2	2	1	0.7168067436885669	false	0	0
PT2-PR2	Oncology	OID21186	2	2	1	0.11308645927650084	false	0	1
PT2-PR2	Neurology_II	OID31072	2	2	1	0.30351642447032856	false	0	0
PT2-PR2	Neurology_II	OID30933	2	2	1	0.3483205525315303	false	0	0
PT2-PR2	Neurology	OID20800	2	2	1	0.22015113720747717	false	0	0
PT2-PR2	Cardiometabolic	OID20347	2	2	1	0.43301734535371295	false	0	0
PT2-PR2	Oncology_II	OID31199	2	2	1	0.5448191304243898	false	0	0
PT2-PR2	Inflammation_II	OID30532	2	2	1	0.32348343578963934	false	0	0
PT2-PR2	Inflammation_II	OID30497	2	2	1	0.17427195485465546	false	0	0
PT2-PR2	Inflammation_II	OID30567	2	2	1	0.1222513390606134	false	0	1
PT2-PR2	Oncology_II	OID31491	2	2	1	0.5250541660460225	false	0	0
PT2-PR2	Cardiometabolic_II	OID30051	2	2	1	0.6088414670122313	false	0	0
PT2-PR2	Neurology_II	OID30863	2	2	1	0.7364395168049852	false	0	0
PT2-PR2	Oncology	OID21393	2	2	1	0.8540373627706626	false	0	0
PT2-PR2	Oncology_II	OID31173	2	2	1	0.7318665630938184	false	0	0
PT2-PR2	Oncology	OID21226	2	2	1	0.3152855683932543	false	0	0
PT2-PR2	Oncology_II	OID31459	2	2	1	0.7165222419741704	false	0	0
PT2-PR2	Inflammation_II	OID30556	2	2	1	0.9276996197143562	false	0	0
PT2-PR2	Cardiometabolic	OID20381	2	2	1	0.15989189788613312	false	0	0
PT2-PR2	Neurology	OID21101	2	2	1	0.384993723411842	false	0	0
PT2-PR2	Inflammation	OID20652	2	2	1	0.9261945497661958	false	0	0
PT2-PR2	Inflammation_II	OID30544	2	2	1	0.8670714491947281	false	0	0
PT2-PR2	Cardiometabolic	OID20400	2	2	1	0.9301963097473105	false	0	0
PT2-PR2	Oncology_II	OID31419	2	2	1	0.9366826508978043	false	0	0
PT2-PR2	Inflammation	OID20656	2	2	1	0.7804572708661675	false	0	0
PT2-PR2	Cardiometabolic	OID20417	2	2	1	0.13638983965633336	false	0	0
PT2-PR2	Neurology_II	OID31021	2	2	1	0.5024384868002036	false	0	0
PT2-PR2	Inflammation	OID20709	2	2	1	0.6356862182640576	false	0	0
PT2-PR2	Neurology_II	OID30871	2	2	1	0.7679910073726174	false	0	0
PT2-PR2	Cardiometabolic	OID20140	2	2	1	0.11430549446691643	false	1	1
PT2-PR2	Neurology	OID21055	2	2	1	0.3944414495834365	false	0	0
PT2-PR2	Neurology	OID20998	2	2	1	0.10042271686228539	false	0	1
PT2-PR2	Cardiometabolic_II	OID30319	2	2	1	0.14164575047065484	false	0	1
PT2-PR2	Neurology	OID21076	2	2	1	0.23237682294274756	false	0	0
PT2-PR2	Oncology_II	OID31164	2	2	1	0.3216197544633341	false	0	0
PT2-PR2	Oncology_II	OID31402	2	2	1	0.07198964174580882	false	1	2
PT2-PR2	Neurology_II	OID30879	2	2	1	0.9593447414669493	false	0	0
PT2-PR2	Neurology_II	OID30821	2	2	1	0.0892673509613903	false	1	2
PT2-PR2	Oncology_II	OID31222	2	2	1	0.09495500617310468	false	1	2
PT2-PR2	Neurology	OID20937	2	2	1	0.07198964174580882	false	1	2
PT2-PR2	Inflammation_II	OID30570	2	2	1	0.31290694985460216	false	0	0
PT2-PR2	Inflammation_II	OID30698	2	2	1	0.8548271602423122	false	0	0
PT2-PR2	Oncology_II	OID31457	2	2	1	0.09387583957661225	false	1	2
PT2-PR2	Cardiometabolic	OID20160	2	2	1	0.18265511299098103	false	0	0
PT2-PR2	Neurology_II	OID31061	2	2	1	0.1503401489560796	false	0	1
PT2-PR2	Cardiometabolic_II	OID30370	2	2	1	0.10931654372901278	false	0	0
PT2-PR2	Inflammation_II	OID30424	2	2	1	0.648069908757984	false	0	0
PT2-PR2	Oncology	OID21481	2	2	1	0.6970792293577546	false	0	0
PT2-PR2	Cardiometabolic	OID20108	2	2	1	0.19454989807016265	false	0	0
PT2-PR2	Inflammation_II	OID30768	2	2	1	0.8526424992269838	false	0	0
PT2-PR2	Inflammation	OID20480	2	2	1	0.8894141355095465	false	0	0
PT2-PR2	Cardiometabolic_II	OID30394	2	2	1	0.9479601526838818	false	0	0
PT2-PR2	Oncology	OID21477	2	2	1	0.09772900575722565	false	1	2
PT2-PR2	Neurology	OID20829	2	2	1	0.9695939683204317	false	0	0
PT2-PR2	Cardiometabolic	OID20117	2	2	1	0.8606368318951155	false	0	0
PT2-PR2	Inflammation_II	OID30682	2	2	1	0.7259873160344543	false	0	0
PT2-PR2	Neurology_II	OID30974	2	2	1	0.48179565184427475	false	0	0
PT2-PR2	Cardiometabolic_II	OID30338	2	2	1	0.5756129252833521	false	0	0
PT2-PR2	Inflammation	OID20507	2	2	1	0.12149713735902705	false	1	1
PT2-PR2	Oncology_II	OID31339	2	2	1	0.5634095524563174	false	0	0
PT2-PR2	Cardiometabolic_II	OID30106	2	2	1	0.1582264546186025	false	0	0
PT2-PR2	Oncology	OID21195	2	2	1	0.8894677399596032	false	0	0
PT2-PR2	Inflammation_II	OID30765	2	2	1	0.985147322720206	false	0	0
PT2-PR2	Oncology	OID21497	2	2	1	0.898071532798459	false	0	0
PT2-PR2	Oncology	OID21471	2	2	1	0.12581335007985464	false	0	1
PT2-PR2	Oncology	OID21295	2	2	1	0.11430549446691643	false	1	1
PT2-PR2	Cardiometabolic_II	OID30416	2	2	1	0.7750655887238844	false	0	0
PT2-PR2	Neurology_II	OID30882	2	2	1	0.13083395964939168	false	0	1
PT2-PR2	Inflammation_II	OID30759	2	2	1	0.5660158836072984	false	0	0
PT2-PR2	Cardiometabolic	OID20166	2	2	1	0.2964811196900702	false	0	0
PT2-PR2	Neurology_II	OID31139	2	2	1	0.48179565184427475	false	0	0
PT2-PR2	Inflammation	OID20745	2	2	1	0.5236006694019065	false	0	0
PT2-PR2	Inflammation	OID20755	2	2	1	0.979409822956439	false	0	0
PT2-PR2	Neurology	OID21142	2	2	1	0.6780591774201858	false	0	0
PT2-PR2	Cardiometabolic_II	OID30205	2	2	1	0.4029939679594989	false	0	0
PT2-PR2	Cardiometabolic	OID20331	2	2	1	0.060537490223939124	false	1	2
PT2-PR2	Neurology_II	OID30825	2	2	1	0.34470664022653846	false	0	0
PT2-PR2	Oncology_II	OID31361	2	2	1	0.34776258221914624	false	0	0
PT2-PR2	Inflammation_II	OID30565	2	2	1	0.7753329291246618	false	0	0
PT2-PR2	Oncology	OID21361	2	2	1	0.12917053896370348	false	0	1
PT2-PR2	Cardiometabolic	OID20122	2	2	1	0.8439432132676477	false	0	0
PT2-PR2	Inflammation	OID20756	2	2	1	0.10042271686228539	false	0	0
PT2-PR2	Cardiometabolic	OID20264	2	2	1	0.384993723411842	false	0	0
PT2-PR2	Neurology_II	OID31099	2	2	1	0.01485244556377444	true	2	2
PT2-PR2	Inflammation	OID20628	2	2	1	0.09495500617310468	false	0	1
PT2-PR2	Neurology	OID21053	2	2	1	0.09968436135564417	false	0	2
PT2-PR2	Inflammation_II	OID30536	2	2	1	0.16662304030389138	false	0	0
PT2-PR2	Cardiometabolic_II	OID30241	2	2	1	0.1731964174552423	false	0	0
PT2-PR2	Inflammation_II	OID30507	2	2	1	0.3084317530280048	false	0	0
PT2-PR2	Neurology	OID20803	2	2	1	0.39141650487976515	false	0	0
PT2-PR2	Neurology	OID21071	2	2	1	0.6987690261871071	false	0	0
PT2-PR2	Inflammation_II	OID30748	2	2	1	0.7294692445456431	false	0	0
PT2-PR2	Neurology_II	OID30897	2	2	1	0.7798062135541607	false	0	0
PT2-PR2	Cardiometabolic	OID20311	2	2	1	0.5637934822156209	false	0	0
PT2-PR2	Neurology	OID21140	2	2	1	0.1070326553394016	false	1	1
PT2-PR2	Inflammation_II	OID30746	2	2	1	0.8548271602423122	false	0	0
PT2-PR2	Cardiometabolic	OID20260	2	2	1	0.9456074279954793	false	0	0
PT2-PR2	Neurology	OID20881	2	2	1	0.09495500617310468	false	0	2
PT2-PR2	Neurology_II	OID31038	2	2	1	0.959329648025411	false	0	0
PT2-PR2	Cardiometabolic	OID20049	2	2	1	0.8957359895898159	false	0	0
PT2-PR2	Inflammation_II	OID30434	2	2	1	0.14090769621129817	false	0	0
PT2-PR2	Neurology	OID20918	2	2	1	0.07664706345352444	false	1	2
PT2-PR2	Cardiometabolic_II	OID30286	2	2	1	0.7301359216309792	false	0	0
PT2-PR2	Neurology	OID20860	2	2	1	0.6867785638096914	false	0	0
PT2-PR2	Oncology	OID21459	2	2	1	0.9654868662558697	false	0	0
PT2-PR2	Neurology	OID21084	2	2	1	0.07198964174580882	false	0	1
PT2-PR2	Inflammation	OID20510	2	2	1	0.10042271686228539	false	1	1
PT2-PR2	Inflammation	OID20423	2	2	1	0.9957003057400695	false	0	0
PT2-PR2	Cardiometabolic_II	OID30276	2	2	1	0.7294692445456431	false	0	0
PT2-PR2	Cardiometabolic_II	OID30327	2	2	1	0.05453716944668711	false	1	2
PT2-PR2	Neurology_II	OID30971	2	2	1	0.12149713735902705	false	0	1
PT2-PR2	Oncology_II	OID31421	2	2	1	0.1552943469056716	false	0	1
PT2-PR2	Cardiometabolic	OID20276	2	2	1	0.32597300059285184	false	0	0
PT2-PR2	Oncology	OID21349	2	2	1	0.4086328742414374	false	0	0
PT2-PR2	Cardiometabolic	OID20061	2	2	1	0.3336562335220606	false	0	0
PT2-PR2	Inflammation	OID20690	2	2	1	0.7863900351033571	false	0	0
PT2-PR2	Oncology	OID21531	2	2	1	0.5739333039902091	false	0	0
PT2-PR2	Cardiometabolic_II	OID30108	2	2	1	0.853725547313879	false	0	0
PT2-PR2	Cardiometabolic	OID20153	2	2	1	0.9300496716560084	false	0	0
PT2-PR2	Inflammation	OID20644	2	2	1	0.09890940054971756	false	1	2
PT2-PR2	Neurology_II	OID30826	2	2	1	0.9235113941528642	false	0	0
PT2-PR2	Oncology_II	OID31289	2	2	1	0.35590429931705386	false	0	0
PT2-PR2	Cardiometabolic	OID20342	2	2	1	0.9479601526838818	false	0	0
PT2-PR2	Inflammation	OID20729	2	2	1	0.09495500617310468	false	1	2
PT2-PR2	Neurology	OID21093	2	2	1	0.4400239662438912	false	0	0
PT2-PR2	Oncology_II	OID31480	2	2	1	0.8543768357104381	false	0	0
PT2-PR2	Inflammation	OID20776	2	2	1	0.8159957791399535	false	0	0
PT2-PR2	Oncology	OID21388	2	2	1	0.8884760447337474	false	0	0
PT2-PR2	Cardiometabolic	OID20254	2	2	1	0.1368698518461681	false	0	0
PT2-PR2	Inflammation_II	OID30423	2	2	1	0.28049329032635834	false	0	0
PT2-PR2	Inflammation	OID20750	2	2	1	0.3691072703718596	false	0	0
PT2-PR2	Oncology_II	OID31403	2	2	1	0.9770039548685928	false	0	0
PT2-PR2	Neurology_II	OID31082	2	2	1	0.8080700860769354	false	0	0
PT2-PR2	Inflammation_II	OID30491	2	2	1	0.8749534661375069	false	0	0
PT2-PR2	Inflammation_II	OID30684	2	2	1	0.18173008296505044	false	0	0
PT2-PR2	Inflammation_II	OID30537	2	2	1	0.8894141355095465	false	0	0
PT2-PR2	Inflammation	OID20704	2	2	1	0.6792758960373299	false	0	0
PT2-PR2	Oncology_II	OID31377	2	2	1	0.10042271686228539	false	0	1
PT2-PR2	Inflammation_II	OID30446	2	2	1	0.6646299973075214	false	0	0
PT2-PR2	Inflammation	OID20772	2	2	1	0.13083395964939168	false	0	0
PT2-PR2	Cardiometabolic_II	OID30103	2	2	1	0.7914281913884343	false	0	0
PT2-PR2	Neurology_II	OID30869	2	2	1	0.1691507739488844	false	0	1
PT2-PR2	Cardiometabolic_II	OID30349	2	2	1	0.7294692445456431	false	0	0
PT2-PR2	Neurology	OID21043	2	2	1	0.09141445887546176	false	1	2
PT2-PR2	Oncology	OID21225	2	2	1	0.8016229101334515	false	0	0
PT2-PR2	Oncology_II	OID31451	2	2	1	0.9456074279954793	false	0	0
PT2-PR2	Neurology	OID21069	2	2	1	0.1705860505958213	false	0	0
PT2-PR2	Cardiometabolic	OID20275	2	2	1	0.3386251786124748	false	0	0
PT2-PR2	Cardiometabolic_II	OID30070	2	2	1	0.36325192323551236	false	0	0
PT2-PR2	Neurology_II	OID31138	2	2	1	0.11716525323692807	false	0	0
PT2-PR2	Cardiometabolic_II	OID30328	2	2	1	0.34174803008395777	false	0	0
PT2-PR2	Oncology	OID21457	2	2	1	0.5902891451095835	false	0	0
PT2-PR2	Cardiometabolic	OID20315	2	2	1	0.8152068256948477	false	0	0
PT2-PR2	Cardiometabolic_II	OID30119	2	2	1	0.14263658816933536	false	0	0
PT2-PR2	Neurology	OID20997	2	2	1	0.9938023440830316	false	0	0
PT2-PR2	Inflammation_II	OID30631	2	2	1	0.7938553680563735	false	0	0
PT2-PR2	Neurology_II	OID31051	2	2	1	0.4804216334791171	false	0	0
PT2-PR2	Cardiometabolic	OID20267	2	2	1	0.545065369539254	false	0	0
PT2-PR2	Inflammation	OID20506	2	2	1	0.6761606494750071	false	0	0
PT2-PR2	Cardiometabolic_II	OID30419	2	2	1	0.9985286435303368	false	0	0
PT2-PR2	Cardiometabolic_II	OID30211	2	2	1	0.630694169059143	false	0	0
PT2-PR2	Neurology_II	OID30908	2	2	1	0.6500931983361826	false	0	0
PT2-PR2	Cardiometabolic_II	OID30254	2	2	1	0.9738702899475289	false	0	0
PT2-PR2	Cardiometabolic	OID20193	2	2	1	0.9456074279954793	false	0	0
PT2-PR2	Inflammation	OID20470	2	2	1	0.28049329032635834	false	0	0
PT2-PR2	Neurology	OID21117	2	2	1	0.3190051196933882	false	0	0
PT2-PR2	Cardiometabolic_II	OID30265	2	2	1	0.7679910073726174	false	0	0
PT2-PR2	Cardiometabolic_II	OID30072	2	2	1	0.7826076321575132	false	0	0
PT2-PR2	Cardiometabolic_II	OID30167	2	2	1	0.4740879947721754	false	0	0
PT2-PR2	Cardiometabolic	OID20289	2	2	1	0.6290246031922547	false	0	0
PT2-PR2	Cardiometabolic	OID20263	2	2	1	0.031102338375112767	true	2	2
PT2-PR2	Oncology_II	OID31467	2	2	1	0.6489536348152378	false	0	0
PT2-PR2	Oncology_II	OID31216	2	2	1	0.8938921056034823	false	0	0
PT2-PR2	Cardiometabolic_II	OID30235	2	2	1	0.9391632517215948	false	0	0
PT2-PR2	Oncology_II	OID31319	2	2	1	0.2380559059944603	false	0	0
PT2-PR2	Inflammation	OID20439	2	2	1	0.8448002584323068	false	0	0
PT2-PR2	Oncology_II	OID31445	2	2	1	0.8576240130942056	false	0	0
PT2-PR2	Oncology_II	OID31476	2	2	1	0.535973219411341	false	0	0
PT2-PR2	Cardiometabolic_II	OID30312	2	2	1	0.46776221647836036	false	0	0
PT2-PR2	Inflammation	OID20434	2	2	1	0.905449974244039	false	0	0
PT2-PR2	Neurology	OID21121	2	2	1	0.0406670141265318	true	2	2
PT2-PR2	Neurology	OID20836	2	2	1	0.10042271686228539	false	1	1
PT2-PR2	Neurology	OID21123	2	2	1	0.3958229063315896	false	0	0
PT2-PR2	Cardiometabolic	OID20416	2	2	1	0.41862390154718576	false	0	0
PT2-PR2	Cardiometabolic_II	OID30259	2	2	1	0.7062367325265256	false	0	0
PT2-PR2	Oncology_II	OID31286	2	2	1	0.8884760447337474	false	0	0
PT2-PR2	Inflammation	OID20450	2	2	1	0.898843796881593	false	0	0
PT2-PR2	Cardiometabolic_II	OID30068	2	2	1	0.9873272840567184	false	0	0
PT2-PR2	Cardiometabolic	OID20362	2	2	1	0.8857655728720633	false	0	0
PT2-PR2	Neurology_II	OID30856	2	2	1	0.8016229101334515	false	0	0
PT2-PR2	Oncology	OID21431	2	2	1	0.6550312634098732	false	0	0
PT2-PR2	Oncology	OID21274	2	2	1	0.7342477257924049	false	0	0
PT2-PR2	Inflammation_II	OID30427	2	2	1	0.5820150324454142	false	0	0
PT2-PR2	Cardiometabolic	OID20303	2	2	1	0.8734038687464085	false	0	0
PT2-PR2	Neurology	OID20983	2	2	1	0.07198964174580882	false	1	2
PT2-PR2	Inflammation	OID20754	2	2	1	0.9825641205520478	false	0	0
PT2-PR2	Oncology	OID21360	2	2	1	0.24825728514209416	false	0	0
PT2-PR2	Neurology	OID20978	2	2	1	0.8231538518962527	false	0	0
PT2-PR2	Cardiometabolic	OID20278	2	2	1	0.08850094622161016	false	0	1
PT2-PR2	Inflammation	OID20553	2	2	1	0.1148915171717162	false	1	1
PT2-PR2	Neurology	OID21038	2	2	1	0.18245704918778982	false	0	0
PT2-PR2	Neurology_II	OID31074	2	2	1	0.3959202186217408	false	0	0
PT2-PR2	Inflammation	OID20532	2	2	1	0.4187794899368741	false	0	0
PT2-PR2	Neurology	OID20807	2	2	1	0.5014901577168669	false	0	0
PT2-PR2	Inflammation_II	OID30761	2	2	1	0.7677422973687577	false	0	0
PT2-PR2	Inflammation_II	OID30763	2	2	1	0.962757563837023	false	0	0
PT2-PR2	Inflammation_II	OID30747	2	2	1	0.20770697927745865	false	0	0
PT2-PR2	Cardiometabolic_II	OID30117	2	2	1	0.4750833567315561	false	0	0
PT2-PR2	Oncology	OID21289	2	2	1	0.8448632587024234	false	0	0
PT2-PR2	Oncology_II	OID31434	2	2	1	0.10760499143849882	false	0	1
PT2-PR2	Neurology_II	OID30903	2	2	1	0.9695939683204317	false	0	0
PT2-PR2	Oncology	OID21249	2	2	1	0.09495500617310468	false	1	2
PT2-PR2	Cardiometabolic	OID20406	2	2	1	0.36412495074304996	false	0	0
PT2-PR2	Oncology	OID21495	2	2	1	0.9708865467546106	false	0	0
PT2-PR2	Inflammation	OID20740	2	2	1	0.7898355622306772	false	0	0
PT2-PR2	Inflammation_II	OID30555	2	2	1	0.09495500617310468	false	1	2
PT2-PR2	Oncology_II	OID31169	2	2	1	0.49895244168452696	false	0	0
PT2-PR2	Cardiometabolic_II	OID30188	2	2	1	0.11371616180726739	false	1	1
PT2-PR2	Oncology_II	OID31464	2	2	1	0.8096620063234375	false	0	0
PT2-PR2	Inflammation	OID20511	2	2	1	0.4601511278038679	false	0	0
PT2-PR2	Inflammation_II	OID30644	2	2	1	0.6159077670048198	false	0	0
PT2-PR2	Cardiometabolic_II	OID30405	2	2	1	0.8445117651049152	false	0	0
PT2-PR2	Inflammation_II	OID30540	2	2	1	0.1329507932112667	false	0	0
PT2-PR2	Cardiometabolic	OID20143	2	2	1	0.25902951341388947	false	0	0
PT2-PR2	Cardiometabolic	OID20415	2	2	1	0.5137793837561453	false	0	0
PT2-PR2	Inflammation_II	OID30588	2	2	1	0.2943533942649386	false	0	0
PT2-PR2	Neurology_II	OID30962	2	2	1	0.5754730002711785	false	0	0
PT2-PR2	Cardiometabolic	OID20258	2	2	1	0.13638983965633336	false	0	0
PT2-PR2	Oncology_II	OID31411	2	2	1	0.7648960959513214	false	0	0
PT2-PR2	Neurology_II	OID30925	2	2	1	0.8448632587024234	false	0	0
PT2-PR2	Oncology_II	OID31251	2	2	1	0.21536352833131034	false	0	0
PT2-PR2	Inflammation_II	OID30651	2	2	1	0.483716239156342	false	0	0
PT2-PR2	Cardiometabolic_II	OID30342	2	2	1	0.12469683609801943	false	0	1
PT2-PR2	Neurology_II	OID31146	2	2	1	0.10042271686228539	false	1	1
PT2-PR2	Oncology_II	OID31345	2	2	1	0.20770697927745865	false	0	0
PT2-PR2	Cardiometabolic_II	OID30385	2	2	1	0.49235069347020105	false	0	0
PT2-PR2	Cardiometabolic_II	OID30298	2	2	1	0.8152068256948477	false	0	0
PT2-PR2	Oncology	OID21428	2	2	1	0.09772900575722565	false	1	2
PT2-PR2	Oncology	OID21202	2	2	1	0.15391331000354744	false	0	0
PT2-PR2	Oncology	OID21287	2	2	1	0.16156354753896282	false	0	1
PT2-PR2	Oncology	OID21270	2	2	1	0.17573609264650286	false	0	0
PT2-PR2	Cardiometabolic_II	OID30217	2	2	1	0.39591996495081616	false	0	0
PT2-PR2	Cardiometabolic	OID20237	2	2	1	0.4556924530890784	false	0	0
PT2-PR2	Oncology_II	OID31441	2	2	1	0.163111060546002	false	0	1
PT2-PR2	Oncology_II	OID31236	2	2	1	0.5225262164705452	false	0	0
PT2-PR2	Inflammation_II	OID30514	2	2	1	0.7677422973687577	false	0	0
PT2-PR2	Oncology_II	OID31226	2	2	1	0.44917787321501806	false	0	0
PT2-PR2	Neurology_II	OID30800	2	2	1	0.8406267646979255	false	0	0
PT2-PR2	Neurology	OID20842	2	2	1	0.8427335747764954	false	0	0
PT2-PR2	Inflammation_II	OID30461	2	2	1	0.8727686605442376	false	0	0
PT2-PR2	Inflammation	OID20693	2	2	1	0.09863113153934502	false	0	1
PT2-PR2	Inflammation_II	OID30694	2	2	1	0.9759039812769212	false	0	0
PT2-PR2	Inflammation	OID20591	2	2	1	0.04218554874429976	true	2	2
PT2-PR2	Neurology	OID21063	2	2	1	0.6534005170612226	false	0	0
PT2-PR2	Oncology	OID21319	2	2	1	0.10027058413584436	false	1	1
PT2-PR2	Oncology	OID21175	2	2	1	0.6959023117720351	false	0	0
PT2-PR2	Neurology	OID21095	2	2	1	0.7753329291246618	false	0	0
PT2-PR2	Inflammation	OID20561	2	2	1	0.7766336611095299	false	0	0
PT2-PR2	Oncology_II	OID31396	2	2	1	0.7753329291246618	false	0	0
PT2-PR2	Cardiometabolic	OID20222	2	2	1	0.7968130153074372	false	0	0
PT2-PR2	Neurology	OID20849	2	2	1	0.8938921056034823	false	0	0
PT2-PR2	Neurology	OID21065	2	2	1	0.9012005861394177	false	0	0
PT2-PR2	Cardiometabolic_II	OID30136	2	2	1	0.7136813152717983	false	0	0
PT2-PR2	Neurology_II	OID30917	2	2	1	0.8448002584323068	false	0	0
PT2-PR2	Neurology	OID20846	2	2	1	0.9123443540640642	false	0	0
PT2-PR2	Cardiometabolic_II	OID30145	2	2	1	0.9741843881381604	false	0	0
PT2-PR2	Neurology	OID20873	2	2	1	0.3149726972505072	false	0	0
PT2-PR2	Cardiometabolic	OID20227	2	2	1	0.9820120105327387	false	0	0
PT2-PR2	Cardiometabolic	OID20192	2	2	1	0.10291824152316335	false	1	1
PT2-PR2	Oncology	OID21370	2	2	1	0.9276996197143562	false	0	0
PT2-PR2	Neurology_II	OID31034	2	2	1	0.7633751010311037	false	0	0
PT2-PR2	Cardiometabolic_II	OID30131	2	2	1	0.4819486355448318	false	0	0
PT2-PR2	Oncology_II	OID31342	2	2	1	0.7165222419741704	false	0	0
PT2-PR2	Cardiometabolic_II	OID30055	2	2	1	0.5139197034694641	false	0	0
PT2-PR2	Neurology	OID21159	2	2	1	0.3011743916119717	false	0	0
PT2-PR2	Neurology_II	OID30890	2	2	1	0.880200139854938	false	0	0
PT2-PR2	Inflammation	OID20465	2	2	1	0.3841636099062149	false	0	0
PT2-PR2	Cardiometabolic_II	OID30329	2	2	1	0.46323853446979235	false	0	0
PT2-PR2	Oncology	OID21483	2	2	1	0.9716375957981632	false	0	0
PT2-PR2	Inflammation_II	OID30779	2	2	1	0.7898355622306772	false	0	0
PT2-PR2	Cardiometabolic	OID20205	2	2	1	0.8389014977916057	false	0	0
PT2-PR2	Neurology_II	OID30892	2	2	1	0.8973322312800036	false	0	0
PT2-PR2	Cardiometabolic	OID20359	2	2	1	0.03190875310758862	true	2	2
PT2-PR2	Inflammation_II	OID30679	2	2	1	0.9789879386654142	false	0	0
PT2-PR2	Neurology_II	OID30845	2	2	1	0.6367935971782043	false	0	0
PT2-PR2	Inflammation	OID20431	2	2	1	0.8432659569152515	false	0	0
PT2-PR2	Neurology_II	OID30791	2	2	1	0.5535061522716396	false	0	0
PT2-PR2	Neurology	OID20977	2	2	1	0.45949071036132777	false	0	0
PT2-PR2	Cardiometabolic	OID20064	2	2	1	0.7089212952264105	false	0	0
PT2-PR2	Cardiometabolic_II	OID30191	2	2	1	0.13190800444512216	false	0	1
PT2-PR2	Inflammation_II	OID30742	2	2	1	0.7928828940840426	false	0	0
PT2-PR2	Oncology_II	OID31295	2	2	1	0.8008243721695143	false	0	0
PT2-PR2	Cardiometabolic	OID20100	2	2	1	0.8445117651049152	false	0	0
PT2-PR2	Cardiometabolic_II	OID30209	2	2	1	0.8358961528639766	false	0	0
PT2-PR2	Cardiometabolic	OID20218	2	2	1	0.1552943469056716	false	0	1
PT2-PR2	Oncology_II	OID31175	2	2	1	0.9820120105327387	false	0	0
PT2-PR2	Cardiometabolic	OID20339	2	2	1	0.5902573698772413	false	0	0
PT2-PR2	Inflammation_II	OID30704	2	2	1	0.13520376988853722	false	0	0
PT2-PR2	Oncology	OID21458	2	2	1	0.4649213649454039	false	0	0
PT2-PR2	Neurology	OID21035	2	2	1	0.4902557364011165	false	0	0
PT2-PR2	Cardiometabolic	OID20231	2	2	1	0.5916734853689739	false	0	0
PT2-PR2	Inflammation	OID20547	2	2	1	0.6671940737676898	false	0	0
PT2-PR2	Oncology_II	OID31487	2	2	1	0.3148800885698783	false	0	0
PT2-PR2	Oncology_II	OID31380	2	2	1	0.6780591774201858	false	0	0
PT2-PR2	Inflammation_II	OID30626	2	2	1	0.8333445459475451	false	0	0
PT2-PR2	Cardiometabolic	OID20165	2	2	1	0.676580519424395	false	0	0
PT2-PR2	Neurology	OID20895	2	2	1	0.9559425468034436	false	0	0
PT2-PR2	Inflammation_II	OID30655	2	2	1	0.5756129252833521	false	0	0
PT2-PR2	Cardiometabolic_II	OID30091	2	2	1	0.8123638630844247	false	0	0
PT2-PR2	Neurology_II	OID30972	2	2	1	0.8755717760158558	false	0	0
PT2-PR2	Neurology_II	OID31017	2	2	1	0.2358333844508535	false	0	0
PT2-PR2	Neurology	OID20828	2	2	1	0.8975988358260605	false	0	0
PT2-PR2	Neurology_II	OID30975	2	2	1	0.4400239662438912	false	0	0
PT2-PR2	Inflammation_II	OID30485	2	2	1	0.9099953335625782	false	0	0
PT2-PR2	Cardiometabolic_II	OID30393	2	2	1	0.9938023440830316	false	0	0
PT2-PR2	Inflammation	OID20703	2	2	1	0.09495500617310468	false	1	2
PT2-PR2	Neurology_II	OID31040	2	2	1	0.8111901421379824	false	0	0
PT2-PR2	Oncology_II	OID31316	2	2	1	0.19811206245151392	false	0	0
PT2-PR2	Oncology	OID21315	2	2	1	0.9938023440830316	false	0	0
PT2-PR2	Oncology	OID21183	2	2	1	0.8400898433150942	false	0	0
PT2-PR2	Cardiometabolic	OID20114	2	2	1	0.09968436135564417	false	0	2
PT2-PR2	Inflammation_II	OID30664	2	2	1	0.09772900575722565	false	1	2
PT2-PR2	Oncology_II	OID31344	2	2	1	0.07198964174580882	false	0	2
PT2-PR2	Oncology	OID21509	2	2	1	0.11029325967694563	false	0	0
PT2-PR2	Neurology	OID21024	2	2	1	0.1890722250496637	false	0	0
PT2-PR2	Cardiometabolic	OID20145	2	2	1	0.17427195485465546	false	0	0
PT2-PR2	Neurology	OID20927	2	2	1	0.09742161362078569	false	1	2
PT2-PR2	Neurology	OID20839	2	2	1	0.19811206245151392	false	0	0
PT2-PR2	Cardiometabolic_II	OID30171	2	2	1	0.3846496132492084	false	0	0
PT2-PR2	Neurology_II	OID31148	2	2	1	0.45606906056810237	false	0	0
PT2-PR2	Neurology	OID21122	2	2	1	0.1793047783723366	false	0	0
PT2-PR2	Inflammation	OID20784	2	2	1	0.46592392007127953	false	0	0
PT2-PR2	Cardiometabolic_II	OID30080	2	2	1	0.6214723373061044	false	0	0
PT2-PR2	Neurology_II	OID31117	2	2	1	0.10291824152316335	false	0	1
PT2-PR2	Oncology_II	OID31373	2	2	1	0.7774285162722464	false	0	0
PT2-PR2	Inflammation	OID20564	2	2	1	0.8400898433150942	false	0	0
PT2-PR2	Cardiometabolic	OID20314	2	2	1	0.4220449550880402	false	0	0
PT2-PR2	Oncology_II	OID31500	2	2	1	0.5137793837561453	false	0	0
PT2-PR2	Inflammation_II	OID30780	2	2	1	0.8796735991045572	false	0	0
PT2-PR2	Cardiometabolic_II	OID30146	2	2	1	0.44586078518296257	false	0	0
PT2-PR2	Inflammation_II	OID30430	2	2	1	0.6550312634098732	false	0	0
PT2-PR2	Cardiometabolic_II	OID30412	2	2	1	0.8358961528639766	false	0	0
PT2-PR2	Cardiometabolic	OID20334	2	2	1	0.5481476741782645	false	0	0
PT2-PR2	Neurology	OID20832	2	2	1	0.8163298356494755	false	0	0
PT2-PR2	Inflammation	OID20774	2	2	1	0.03587780918609784	true	2	2
PT2-PR2	Neurology	OID20805	2	2	1	0.2358333844508535	false	0	0
PT2-PR2	Neurology_II	OID30999	2	2	1	0.35400990714710384	false	0	0
PT2-PR2	Oncology	OID21389	2	2	1	0.6026602472140271	false	0	0
PT2-PR2	Inflammation	OID20453	2	2	1	0.8987648115920529	false	0	0
PT2-PR2	Oncology	OID21335	2	2	1	0.4180446100079636	false	0	0
PT2-PR2	Cardiometabolic_II	OID30384	2	2	1	0.48179565184427475	false	0	0
PT2-PR2	Cardiometabolic	OID20398	2	2	1	0.4692010924442443	false	0	0
PT2-PR2	Cardiometabolic	OID20297	2	2	1	0.10425158837055179	false	0	1
PT2-PR2	Inflammation	OID20681	2	2	1	0.0892673509613903	false	1	2
PT2-PR2	Neurology	OID20817	2	2	1	0.12149713735902705	false	0	1
PT2-PR2	Cardiometabolic	OID20106	2	2	1	0.47919432476489254	false	0	0
PT2-PR2	Inflammation	OID20626	2	2	1	0.7531420600906882	false	0	0
PT2-PR2	Neurology_II	OID30899	2	2	1	0.24489507057081292	false	0	0
PT2-PR2	Oncology_II	OID31371	2	2	1	0.8389014977916057	false	0	0
PT2-PR2	Cardiometabolic_II	OID30311	2	2	1	0.3822970636236521	false	0	0
PT2-PR2	Inflammation_II	OID30524	2	2	1	0.8163298356494755	false	0	0
PT2-PR2	Inflammation	OID20483	2	2	1	0.10632861959021978	false	1	1
PT2-PR2	Inflammation_II	OID30592	2	2	1	0.03587780918609784	true	1	1
PT2-PR2	Neurology_II	OID30929	2	2	1	0.3158092686807715	false	0	0
PT2-PR2	Cardiometabolic	OID20285	2	2	1	0.3749364497466938	false	0	0
PT2-PR2	Neurology_II	OID30803	2	2	1	0.5877356640025825	false	0	0
PT2-PR2	Cardiometabolic_II	OID30295	2	2	1	0.8618721074522381	false	0	0
PT2-PR2	Neurology	OID20943	2	2	1	0.9741843881381604	false	0	0
PT2-PR2	Neurology	OID20853	2	2	1	0.12118580028966143	false	0	1
PT2-PR2	Neurology	OID21074	2	2	1	0.384993723411842	false	0	0
PT2-PR2	Cardiometabolic	OID20248	2	2	1	0.8294038487046788	false	0	0
PT2-PR2	Oncology	OID21358	2	2	1	0.5668909572387015	false	0	0
PT2-PR2	Neurology	OID21130	2	2	1	0.36256418348711733	false	0	0
PT2-PR2	Cardiometabolic_II	OID30347	2	2	1	0.5695902585149178	false	0	0
PT2-PR2	Inflammation	OID20682	2	2	1	0.5729407736044884	false	0	0
PT2-PR2	Cardiometabolic_II	OID30185	2	2	1	0.6780591774201858	false	0	0
PT2-PR2	Inflammation	OID20769	2	2	1	0.10425158837055179	false	0	0
PT2-PR2	Cardiometabolic_II	OID30201	2	2	1	0.10425158837055179	false	0	1
PT2-PR2	Cardiometabolic_II	OID30141	2	2	1	0.8367393656308778	false	0	0
PT2-PR2	Cardiometabolic_II	OID30278	2	2	1	0.9276996197143562	false	0	0
PT2-PR2	Neurology_II	OID30844	2	2	1	0.49777469186182244	false	0	0
PT2-PR2	Oncology	OID21513	2	2	1	0.04032340443239888	true	2	2
PT2-PR2	Oncology	OID21259	2	2	1	0.08332174264785984	false	1	2
PT2-PR2	Neurology_II	OID31126	2	2	1	0.9620864804119237	false	0	0
PT2-PR2	Inflammation_II	OID30438	2	2	1	0.962757563837023	false	0	0
PT2-PR2	Neurology_II	OID30968	2	2	1	0.7982082405558899	false	0	0
PT2-PR2	Neurology_II	OID31043	2	2	1	0.1691507739488844	false	0	1
PT2-PR2	Inflammation	OID20717	2	2	1	0.11650559759010246	false	1	1
PT2-PR2	Cardiometabolic	OID20319	2	2	1	0.18867547900591514	false	0	0
PT2-PR2	Oncology	OID21433	2	2	1	0.3071731518155575	false	0	0
PT2-PR2	Inflammation	OID20758	2	2	1	0.1261983283427151	false	0	0
PT2-PR2	Neurology	OID21092	2	2	1	0.41231482742435027	false	0	0
PT2-PR2	Inflammation_II	OID30578	2	2	1	0.08790245739808451	false	1	2
PT2-PR2	Cardiometabolic_II	OID30320	2	2	1	0.5745246840875267	false	0	0
PT2-PR2	Oncology	OID21212	2	2	1	0.5768625038887988	false	0	0
PT2-PR2	Cardiometabolic_II	OID30324	2	2	1	0.6127018191016645	false	0	0
PT2-PR2	Neurology	OID21017	2	2	1	0.7633751010311037	false	0	0
PT2-PR2	Oncology	OID21529	2	2	1	0.7898355622306772	false	0	0
PT2-PR2	Inflammation_II	OID30654	2	2	1	0.09823297169360296	false	1	2
PT2-PR2	Cardiometabolic_II	OID30143	2	2	1	0.2964811196900702	false	0	0
PT2-PR2	Oncology	OID21232	2	2	1	0.8418182513758243	false	0	0
PT2-PR2	Neurology	OID21104	2	2	1	0.9202417671995526	false	0	0
PT2-PR2	Neurology	OID21098	2	2	1	0.5261298669009403	false	0	0
PT2-PR2	Inflammation_II	OID30445	2	2	1	0.9590919806972361	false	0	0
PT2-PR2	Inflammation_II	OID30607	2	2	1	0.988457873915351	false	0	0
PT2-PR2	Cardiometabolic_II	OID30222	2	2	1	0.12149713735902705	false	0	1
PT2-PR2	Inflammation	OID20529	2	2	1	0.9741843881381604	false	0	0
PT2-PR2	Cardiometabolic_II	OID30204	2	2	1	0.9479601526838818	false	0	0
PT2-PR2	Oncology_II	OID31368	2	2	1	0.11451038506039553	false	0	0
PT2-PR2	Inflammation	OID20607	2	2	1	0.6381641781986134	false	0	0
PT2-PR2	Oncology	OID21237	2	2	1	0.718755025438514	false	0	0
PT2-PR2	Inflammation_II	OID30538	2	2	1	0.1371808356751935	false	0	1
PT2-PR2	Inflammation	OID20513	2	2	1	0.9761842656483019	false	0	0
PT2-PR2	Neurology_II	OID30986	2	2	1	0.3233739019774069	false	0	0
PT2-PR2	Oncology_II	OID31290	2	2	1	0.5729407736044884	false	0	0
PT2-PR2	Cardiometabolic_II	OID30230	2	2	1	0.607553591290749	false	0	0
PT2-PR2	Cardiometabolic_II	OID30262	2	2	1	0.9719307644921286	false	0	0
PT2-PR2	Inflammation	OID20658	2	2	1	0.9855505561952512	false	0	0
PT2-PR2	Oncology	OID21173	2	2	1	0.4414031620545226	false	0	0
PT2-PR2	Inflammation_II	OID30692	2	2	1	0.10655581328851256	false	0	1
PT2-PR2	Neurology	OID21152	2	2	1	0.13248994335622813	false	0	0
PT2-PR2	Neurology	OID20920	2	2	1	0.783867998478878	false	0	0
PT2-PR2	Inflammation	OID20479	2	2	1	0.2358333844508535	false	0	0
PT2-PR2	Neurology_II	OID30810	2	2	1	0.1453630935068654	false	0	0
PT2-PR2	Cardiometabolic	OID20113	2	2	1	0.1335075663420769	false	0	0
PT2-PR2	Cardiometabolic	OID20099	2	2	1	0.36412495074304996	false	0	0
PT2-PR2	Neurology	OID21111	2	2	1	0.4180446100079636	false	0	0
PT2-PR2	Inflammation_II	OID30702	2	2	1	0.48179565184427475	false	0	0
PT2-PR2	Cardiometabolic_II	OID30334	2	2	1	0.6421446769804672	false	0	0
PT2-PR2	Inflammation_II	OID30546	2	2	1	0.13083395964939168	false	0	1
PT2-PR2	Neurology	OID20884	2	2	1	0.696304750651777	false	0	0
PT2-PR2	Oncology	OID21455	2	2	1	0.5530252001670486	false	0	0
PT2-PR2	Neurology_II	OID31015	2	2	1	0.13248994335622813	false	0	0
PT2-PR2	Cardiometabolic	OID20209	2	2	1	0.76031291194511	false	0	0
PT2-PR2	Cardiometabolic_II	OID30343	2	2	1	0.8163298356494755	false	0	0
PT2-PR2	Oncology_II	OID31242	2	2	1	0.3390530971187424	false	0	0
PT2-PR2	Oncology_II	OID31436	2	2	1	0.46592392007127953	false	0	0
PT2-PR2	Inflammation_II	OID30516	2	2	1	0.9023793353717184	false	0	0
PT2-PR2	Cardiometabolic	OID20146	2	2	1	0.2280773856210487	false	0	0
PT2-PR2	Inflammation	OID20632	2	2	1	0.27842069576859824	false	0	0
PT2-PR2	Neurology_II	OID30952	2	2	1	0.456110079308479	false	0	0
PT2-PR2	Oncology_II	OID31217	2	2	1	0.7136151507769246	false	0	0
PT2-PR2	Neurology_II	OID30842	2	2	1	0.7753329291246618	false	0	0
PT2-PR2	Oncology_II	OID31158	2	2	1	0.7928828940840426	false	0	0
PT2-PR2	Inflammation_II	OID30515	2	2	1	0.8400898433150942	false	0	0
PT2-PR2	Neurology	OID21110	2	2	1	0.08945185066478142	false	0	1
PT2-PR2	Neurology_II	OID30886	2	2	1	0.39672382917965543	false	0	0
PT2-PR2	Neurology	OID21044	2	2	1	0.8894141355095465	false	0	0
PT2-PR2	Neurology_II	OID31004	2	2	1	0.9039081856070073	false	0	0
PT2-PR2	Cardiometabolic	OID20253	2	2	1	0.9103684440351114	false	0	0
PT2-PR2	Oncology_II	OID31285	2	2	1	0.9832708276762787	false	0	0
PT2-PR2	Inflammation_II	OID30559	2	2	1	0.19811206245151392	false	0	0
PT2-PR2	Cardiometabolic_II	OID30270	2	2	1	0.1018394258469581	false	1	1
PT2-PR2	Neurology	OID20956	2	2	1	0.09065588056774038	false	1	2
PT2-PR2	Cardiometabolic	OID20091	2	2	1	0.09466259726961714	false	1	2
PT2-PR2	Oncology	OID21269	2	2	1	0.1811250161998334	false	0	0
PT2-PR2	Inflammation	OID20440	2	2	1	0.21905733245808778	false	0	0
PT2-PR2	Inflammation	OID20761	2	2	1	0.0875750218189784	false	1	2
PT2-PR2	Cardiometabolic	OID20308	2	2	1	0.14968356651807782	false	0	0
PT2-PR2	Oncology_II	OID31225	2	2	1	0.35061775619601127	false	0	0
PT2-PR2	Oncology_II	OID31340	2	2	1	0.46592392007127953	false	0	0
PT2-PR2	Neurology	OID20887	2	2	1	0.35590429931705386	false	0	0
PT2-PR2	Neurology_II	OID30816	2	2	1	0.8299296308334445	false	0	0
PT2-PR2	Inflammation_II	OID30774	2	2	1	0.8727686605442376	false	0	0
PT2-PR2	Cardiometabolic_II	OID30407	2	2	1	0.9276996197143562	false	0	0
PT2-PR2	Cardiometabolic	OID20368	2	2	1	0.1453630935068654	false	0	0
PT2-PR2	Cardiometabolic	OID20126	2	2	1	0.7988743450571156	false	0	0
PT2-PR2	Oncology_II	OID31183	2	2	1	0.5131998084447597	false	0	0
PT2-PR2	Oncology	OID21170	2	2	1	0.1453630935068654	false	0	1
PT2-PR2	Neurology	OID21078	2	2	1	0.5031155319128191	false	0	0
PT2-PR2	Oncology	OID21406	2	2	1	0.360512384317358	false	0	0
PT2-PR2	Neurology_II	OID31050	2	2	1	0.9720160127488118	false	0	0
PT2-PR2	Cardiometabolic	OID20093	2	2	1	0.21129444755970397	false	0	0
PT2-PR2	Inflammation	OID20739	2	2	1	0.9346701611182474	false	0	0
PT2-PR2	Neurology_II	OID30931	2	2	1	0.8096620063234375	false	0	0
PT2-PR2	Inflammation	OID20633	2	2	1	0.9928282841335008	false	0	0
PT2-PR2	Cardiometabolic	OID20344	2	2	1	0.5906113392980932	false	0	0
PT2-PR2	Oncology	OID21216	2	2	1	0.8766293944580896	false	0	0
PT2-PR2	Inflammation_II	OID30488	2	2	1	0.9035834412932151	false	0	0
PT2-PR2	Neurology	OID20869	2	2	1	0.5841408706868637	false	0	0
PT2-PR2	Oncology	OID21214	2	2	1	0.7249284409133901	false	0	0
PT2-PR2	Cardiometabolic_II	OID30218	2	2	1	0.13083395964939168	false	0	1
PT2-PR2	Cardiometabolic	OID20084	2	2	1	0.1705860505958213	false	0	0
PT2-PR2	Neurology_II	OID30860	2	2	1	0.7228513405570007	false	0	0
PT2-PR2	Inflammation_II	OID30425	2	2	1	0.7633751010311037	false	0	0
PT2-PR2	Oncology	OID21218	2	2	1	0.8096620063234375	false	0	0
PT2-PR2	Oncology_II	OID31504	2	2	1	0.6550312634098732	false	0	0
PT2-PR2	Inflammation	OID20565	2	2	1	0.8432659569152515	false	0	0
PT2-PR2	Cardiometabolic_II	OID30351	2	2	1	0.11430549446691643	false	0	1
PT2-PR2	Inflammation_II	OID30574	2	2	1	0.43350111598267976	false	0	0
PT2-PR2	Oncology_II	OID31166	2	2	1	0.09968436135564417	false	1	2
PT2-PR2	Inflammation_II	OID30775	2	2	1	0.19985318271331504	false	0	0
PT2-PR2	Cardiometabolic	OID20157	2	2	1	0.3608370311462369	false	0	0
PT2-PR2	Oncology	OID21366	2	2	1	0.4404538570081193	false	0	0
PT2-PR2	Oncology	OID21262	2	2	1	0.6185319187346542	false	0	0
PT2-PR2	Inflammation_II	OID30762	2	2	1	0.9202417671995526	false	0	0
PT2-PR2	Oncology	OID21507	2	2	1	0.8133045273668984	false	0	0
PT2-PR2	Oncology_II	OID31398	2	2	1	0.20563282646068606	false	0	0
PT2-PR2	Inflammation_II	OID30463	2	2	1	0.8275812788105897	false	0	0
PT2-PR2	Inflammation	OID20646	2	2	1	0.841186575752431	false	0	0
PT2-PR2	Neurology	OID21144	2	2	1	0.0875750218189784	false	0	1
PT2-PR2	Inflammation	OID20468	2	2	1	0.5820150324454142	false	0	0
PT2-PR2	Inflammation	OID20497	2	2	1	0.19603410620332537	false	0	0
PT2-PR2	Oncology	OID21432	2	2	1	0.30738612157513234	false	0	0
PT2-PR2	Inflammation_II	OID30671	2	2	1	0.7633751010311037	false	0	0
PT2-PR2	Cardiometabolic_II	OID30297	2	2	1	0.8448002584323068	false	0	0
PT2-PR2	Oncology	OID21323	2	2	1	0.09968436135564417	false	1	2
PT2-PR2	Neurology	OID21133	2	2	1	0.07198964174580882	false	0	2
PT2-PR2	Cardiometabolic	OID20167	2	2	1	0.17427195485465546	false	0	0
PT2-PR2	Neurology	OID20834	2	2	1	0.10291824152316335	false	0	1
PT2-PR2	Inflammation_II	OID30523	2	2	1	0.3366425015278673	false	0	0
PT2-PR2	Cardiometabolic_II	OID30216	2	2	1	0.8016229101334515	false	0	0
PT2-PR2	Neurology	OID21113	2	2	1	0.6530546807260585	false	0	0
PT2-PR2	Neurology_II	OID30977	2	2	1	0.34174803008395777	false	0	0
PT2-PR2	Neurology_II	OID31010	2	2	1	0.4310531918417624	false	0	0
PT2-PR2	Oncology_II	OID31240	2	2	1	0.6585444614086664	false	0	0
PT2-PR2	Oncology	OID21341	2	2	1	0.6055498693364204	false	0	0
PT2-PR2	Neurology	OID20858	2	2	1	0.10931654372901278	false	0	1
PT2-PR2	Inflammation_II	OID30422	2	2	1	0.2645845385140257	false	0	0
PT2-PR2	Neurology	OID20867	2	2	1	0.10291824152316335	false	1	1
PT2-PR2	Oncology_II	OID31351	2	2	1	0.10291824152316335	false	0	0
PT2-PR2	Inflammation	OID20705	2	2	1	0.27694200102742306	false	0	0
PT2-PR2	Inflammation	OID20445	2	2	1	0.46045336979891927	false	0	0
PT2-PR2	Inflammation_II	OID30539	2	2	1	0.705949296002935	false	0	0
PT2-PR2	Oncology	OID21282	2	2	1	0.8152068256948477	false	0	0
PT2-PR2	Inflammation_II	OID30691	2	2	1	0.8727686605442376	false	0	0
PT2-PR2	Oncology	OID21268	2	2	1	0.7677422973687577	false	0	0
PT2-PR2	Inflammation_II	OID30598	2	2	1	0.9276996197143562	false	0	0
PT2-PR2	Inflammation	OID20648	2	2	1	0.09968436135564417	false	1	2
PT2-PR2	Inflammation	OID20618	2	2	1	0.1705860505958213	false	0	0
PT2-PR2	Oncology_II	OID31519	2	2	1	0.46592392007127953	false	0	0
PT2-PR2	Oncology_II	OID31511	2	2	1	0.5199163011993742	false	0	0
PT2-PR2	Neurology_II	OID30823	2	2	1	0.8016229101334515	false	0	0
PT2-PR2	Neurology	OID20902	2	2	1	0.09495500617310468	false	1	2
PT2-PR2	Neurology_II	OID31103	2	2	1	0.6780591774201858	false	0	0
PT2-PR2	Oncology_II	OID31442	2	2	1	0.09495500617310468	false	1	2
PT2-PR2	Cardiometabolic	OID20107	2	2	1	0.3564286379772568	false	0	0
PT2-PR2	Inflammation_II	OID30735	2	2	1	0.6046432124687654	false	0	0
PT2-PR2	Inflammation_II	OID30685	2	2	1	0.6360506049854701	false	0	0
PT2-PR2	Oncology	OID21254	2	2	1	0.7626302162748343	false	0	0
PT2-PR2	Cardiometabolic	OID20213	2	2	1	0.9300496716560084	false	0	0
PT2-PR2	Neurology_II	OID30792	2	2	1	0.9663571999286151	false	0	0
PT2-PR2	Oncology_II	OID31382	2	2	1	0.740992199442095	false	0	0
PT2-PR2	Neurology	OID21045	2	2	1	0.47182782943686363	false	0	0
PT2-PR2	Neurology	OID20821	2	2	1	0.34470664022653846	false	0	0
PT2-PR2	Cardiometabolic	OID20134	2	2	1	0.4187794899368741	false	0	0
PT2-PR2	Cardiometabolic_II	OID30082	2	2	1	0.04032340443239888	true	2	2
PT2-PR2	Inflammation_II	OID30733	2	2	1	0.9642817610687007	false	0	0
PT2-PR2	Inflammation_II	OID30604	2	2	1	0.8369396741234986	false	0	0
PT2-PR2	Inflammation	OID20631	2	2	1	0.9516915218648048	false	0	0
PT2-PR2	Cardiometabolic	OID20058	2	2	1	0.5489028835649943	false	0	0
PT2-PR2	Neurology_II	OID31069	2	2	1	0.20770697927745865	false	0	0
PT2-PR2	Oncology	OID21345	2	2	1	0.3362628928473178	false	0	0
PT2-PT1	Inflammation_II	OID30593	2	2	1	0.9625778198237628	false	0	0
PT2-PT1	Oncology_II	OID31477	2	2	1	0.9979191426699315	false	0	0
PT2-PT1	Inflammation_II	OID30531	2	2	1	0.9951604113195697	false	0	0
PT2-PT1	Oncology_II	OID31437	2	2	1	0.8422855044736588	false	0	0
PT2-PT1	Oncology	OID21288	2	2	1	0.9951604113195697	false	0	0
PT2-PT1	Neurology	OID20909	2	2	1	0.9951604113195697	false	0	0
PT2-PT1	Oncology_II	OID31206	2	2	1	0.9951604113195697	false	0	0
PT2-PT1	Inflammation_II	OID30575	2	2	1	0.9951604113195697	false	0	0
PT2-PT1	Inflammation	OID20621	2	2	1	0.9951604113195697	false	0	0
PT2-PT1	Oncology	OID21335	2	2	1	0.9951604113195697	false	0	0
PT2-PT1	Inflammation_II	OID30567	2	2	1	0.9951604113195697	false	0	0
PT2-PT1	Neurology_II	OID30830	2	2	1	0.9951604113195697	false	0	0
PT2-PT1	Cardiometabolic_II	OID30367	2	2	1	0.9951604113195697	false	0	0
PT2-PT1	Cardiometabolic	OID20234	2	2	1	0.9951604113195697	false	0	0
PT2-PT1	Inflammation	OID20591	2	2	1	0.8974840318589288	false	0	0
PT2-PT1	Neurology	OID20790	2	2	1	0.9951604113195697	false	0	0
PT2-PT1	Neurology_II	OID31064	2	2	1	0.9951604113195697	false	0	0
PT2-PT1	Oncology	OID21242	2	2	1	0.9951604113195697	false	0	0
PT2-PT1	Oncology_II	OID31470	2	2	1	0.9951604113195697	false	0	0
PT2-PT1	Neurology	OID21038	2	2	1	0.9625778198237628	false	0	0
PT2-PT1	Cardiometabolic	OID20158	2	2	1	0.9951604113195697	false	0	0
PT2-PT1	Neurology	OID21053	2	2	1	0.9951604113195697	false	0	0
PT2-PT1	Inflammation_II	OID30764	2	2	1	0.9951604113195697	false	0	0
PT2-PT1	Oncology	OID21337	2	2	1	0.9951604113195697	false	0	0
PT2-PT1	Cardiometabolic	OID20160	2	2	1	0.9951604113195697	false	0	0
PT2-PT1	Cardiometabolic	OID20313	2	2	1	0.9951604113195697	false	0	0
PT2-PT1	Oncology	OID21297	2	2	1	0.9951604113195697	false	0	0
PT2-PT1	Neurology	OID20804	2	2	1	0.9951604113195697	false	0	0
PT2-PT1	Oncology	OID21376	2	2	1	0.9951604113195697	false	0	0
PT2-PT1	Neurology	OID20814	2	2	1	0.9951604113195697	false	0	0
PT2-PT1	Neurology_II	OID31092	2	2	1	0.9951604113195697	false	0	0
PT2-PT1	Oncology	OID21176	2	2	1	0.9951604113195697	false	0	0
PT2-PT1	Oncology	OID21307	2	2	1	0.9951604113195697	false	0	0
PT2-PT1	Neurology_II	OID30949	2	2	1	0.9951604113195697	false	0	0
PT2-PT1	Neurology_II	OID31070	2	2	1	0.9951604113195697	false	0	0
PT2-PT1	Inflammation	OID20589	2	2	1	0.9951604113195697	false	0	0
PT2-PT1	Neurology_II	OID31018	2	2	1	0.9951604113195697	false	0	0
PT2-PT1	Inflammation	OID20679	2	2	1	0.9951604113195697	false	0	0
PT2-PT1	Cardiometabolic_II	OID30197	2	2	1	0.9951604113195697	false	0	0
PT2-PT1	Neurology	OID21141	2	2	1	0.9951604113195697	false	0	0
PT2-PT1	Inflammation_II	OID30439	2	2	1	0.9951604113195697	false	0	0
PT2-PT1	Inflammation	OID20515	2	2	1	0.9951604113195697	false	0	0
PT2-PT1	Cardiometabolic	OID20240	2	2	1	0.9951604113195697	false	0	0
PT2-PT1	Inflammation_II	OID30458	2	2	1	0.9951604113195697	false	0	0
PT2-PT1	Inflammation_II	OID30664	2	2	1	0.9951604113195697	false	0	0
PT2-PT1	Inflammation_II	OID30760	2	2	1	0.9951604113195697	false	0	0
PT2-PT1	Neurology_II	OID31029	2	2	1	0.9951604113195697	false	0	0
PT2-PT1	Cardiometabolic_II	OID30212	2	2	1	0.9951604113195697	false	0	0
PT2-PT1	Neurology_II	OID30858	2	2	1	0.9951604113195697	false	0	0
PT2-PT1	Inflammation_II	OID30738	2	2	1	0.9951604113195697	false	0	0
PT2-PT1	Oncology_II	OID31362	2	2	1	0.9979191426699315	false	0	0
PT2-PT1	Neurology_II	OID31051	2	2	1	0.9951604113195697	false	0	0
PT2-PT1	Cardiometabolic_II	OID30055	2	2	1	0.9951604113195697	false	0	0
PT2-PT1	Inflammation_II	OID30556	2	2	1	0.9951604113195697	false	0	0
PT2-PT1	Cardiometabolic_II	OID30217	2	2	1	0.9951604113195697	false	0	0
PT2-PT1	Cardiometabolic	OID20116	2	2	1	0.9951604113195697	false	0	0
PT2-PT1	Oncology_II	OID31426	2	2	1	0.9951604113195697	false	0	0
PT2-PT1	Oncology_II	OID31393	2	2	1	0.9951604113195697	false	0	0
PT2-PT1	Cardiometabolic_II	OID30127	2	2	1	0.7089952253733611	false	0	0
PT2-PT1	Inflammation_II	OID30455	2	2	1	0.9951604113195697	false	0	0
PT2-PT1	Inflammation	OID20445	2	2	1	0.9951604113195697	false	0	0
PT2-PT1	Neurology	OID21113	2	2	1	0.9951604113195697	false	0	0
PT2-PT1	Oncology	OID21439	2	2	1	0.9951604113195697	false	0	0
PT2-PT1	Oncology_II	OID31193	2	2	1	0.9625778198237628	false	0	0
PT2-PT1	Cardiometabolic	OID20095	2	2	1	0.9951604113195697	false	0	0
PT2-PT1	Inflammation_II	OID30778	2	2	1	0.9951604113195697	false	0	0
PT2-PT1	Oncology_II	OID31493	2	2	1	0.9951604113195697	false	0	0
PT2-PT1	Neurology	OID20986	2	2	1	0.9951604113195697	false	0	0
PT2-PT1	Inflammation	OID20748	2	2	1	0.9951604113195697	false	0	0
PT2-PT1	Inflammation_II	OID30685	2	2	1	0.9951604113195697	false	0	0
PT2-PT1	Cardiometabolic	OID20268	2	2	1	0.9951604113195697	false	0	0
PT2-PT1	Cardiometabolic	OID20229	2	2	1	0.8870183540111473	false	0	0
PT2-PT1	Oncology_II	OID31371	2	2	1	0.9951604113195697	false	0	0
PT2-PT1	Inflammation_II	OID30661	2	2	1	0.9951604113195697	false	0	0
PT2-PT1	Oncology	OID21506	2	2	1	0.9951604113195697	false	0	0
PT2-PT1	Inflammation	OID20662	2	2	1	0.9951604113195697	false	0	0
PT2-PT1	Inflammation_II	OID30424	2	2	1	0.9951604113195697	false	0	0
PT2-PT1	Inflammation_II	OID30503	2	2	1	0.9951604113195697	false	0	0
PT2-PT1	Inflammation_II	OID30790	2	2	1	0.9951604113195697	false	0	0
PT2-PT1	Oncology_II	OID31352	2	2	1	0.9951604113195697	false	0	0
PT2-PT1	Inflammation	OID20639	2	2	1	0.9951604113195697	false	0	0
PT2-PT1	Neurology	OID21040	2	2	1	0.8368737157887016	false	0	0
PT2-PT1	Neurology_II	OID31147	2	2	1	0.9951604113195697	false	0	0
PT2-PT1	Neurology	OID20795	2	2	1	0.9951604113195697	false	0	0
PT2-PT1	Neurology	OID21143	2	2	1	0.9951604113195697	false	0	0
PT2-PT1	Oncology_II	OID31425	2	2	1	0.4336523901627007	false	0	0
PT2-PT1	Oncology	OID21388	2	2	1	0.9951604113195697	false	0	0
PT2-PT1	Oncology	OID21168	2	2	1	0.9951604113195697	false	0	0
PT2-PT1	Inflammation	OID20666	2	2	1	0.9951604113195697	false	0	0
PT2-PT1	Neurology	OID21036	2	2	1	0.9960557995478858	false	0	0
PT2-PT1	Inflammation_II	OID30667	2	2	1	0.9984804550089146	false	0	0
PT2-PT1	Oncology_II	OID31463	2	2	1	0.9991395494835748	false	0	0
PT2-PT1	Cardiometabolic	OID20080	2	2	1	0.2991265795595037	false	0	0
PT2-PT1	Inflammation	OID20627	2	2	1	0.9979191426699315	false	0	0
PT2-PT1	Oncology	OID21438	2	2	1	0.9951604113195697	false	0	0
PT2-PT1	Neurology	OID21084	2	2	1	0.9951604113195697	false	0	0
PT2-PT1	Inflammation	OID20725	2	2	1	0.9951604113195697	false	0	0
PT2-PT1	Inflammation_II	OID30521	2	2	1	0.9951604113195697	false	0	0
PT2-PT1	Cardiometabolic_II	OID30320	2	2	1	0.9951604113195697	false	0	0
PT2-PT1	Oncology	OID21524	2	2	1	0.9951604113195697	false	0	0
PT2-PT1	Neurology	OID21149	2	2	1	0.9951604113195697	false	0	0
PT2-PT1	Neurology	OID20840	2	2	1	0.9951604113195697	false	0	0
PT2-PT1	Inflammation	OID20555	2	2	1	0.9951604113195697	false	0	0
PT2-PT1	Oncology	OID21293	2	2	1	0.8870183540111473	false	0	0
PT2-PT1	Cardiometabolic	OID20088	2	2	1	0.9951604113195697	false	0	0
PT2-PT1	Inflammation	OID20508	2	2	1	0.9951604113195697	false	0	0
PT2-PT1	Cardiometabolic	OID20367	2	2	1	0.9951604113195697	false	0	0
PT2-PT1	Inflammation_II	OID30525	2	2	1	0.9951604113195697	false	0	0
PT2-PT1	Cardiometabolic	OID20311	2	2	1	0.9951604113195697	false	0	0
PT2-PT1	Inflammation_II	OID30714	2	2	1	0.9951604113195697	false	0	0
PT2-PT1	Neurology_II	OID31110	2	2	1	0.9951604113195697	false	0	0
PT2-PT1	Inflammation	OID20552	2	2	1	0.9979191426699315	false	0	0
PT2-PT1	Neurology	OID20824	2	2	1	0.9951604113195697	false	0	0
PT2-PT1	Inflammation_II	OID30637	2	2	1	0.9951604113195697	false	0	0
PT2-PT1	Neurology_II	OID30965	2	2	1	0.9951604113195697	false	0	0
PT2-PT1	Neurology	OID20903	2	2	1	0.9951604113195697	false	0	0
PT2-PT1	Oncology	OID21311	2	2	1	0.9951604113195697	false	0	0
PT2-PT1	Neurology	OID20889	2	2	1	0.9951604113195697	false	0	0
PT2-PT1	Inflammation	OID20759	2	2	1	0.9951604113195697	false	0	0
PT2-PT1	Inflammation	OID20496	2	2	1	0.9951604113195697	false	0	0
PT2-PT1	Inflammation_II	OID30737	2	2	1	0.9979191426699315	false	0	0
PT2-PT1	Cardiometabolic	OID20057	2	2	1	0.9951604113195697	false	0	0
PT2-PT1	Neurology	OID21089	2	2	1	0.9951604113195697	false	0	0
PT2-PT1	Inflammation	OID20704	2	2	1	0.9979191426699315	false	0	0
PT2-PT1	Oncology_II	OID31218	2	2	1	0.9951604113195697	false	0	0
PT2-PT1	Oncology_II	OID31525	2	2	1	0.9951604113195697	false	0	0
PT2-PT1	Neurology	OID20849	2	2	1	0.9952922322230938	false	0	0
PT2-PT1	Neurology_II	OID30962	2	2	1	0.9951604113195697	false	0	0
PT2-PT1	Cardiometabolic	OID20247	2	2	1	0.11356435717682101	false	0	0
PT2-PT1	Neurology	OID20951	2	2	1	0.9951604113195697	false	0	0
PT2-PT1	Inflammation_II	OID30704	2	2	1	0.9951604113195697	false	0	0
PT2-PT1	Cardiometabolic_II	OID30134	2	2	1	0.9951604113195697	false	0	0
PT2-PT1	Neurology	OID20821	2	2	1	0.9951604113195697	false	0	0
PT2-PT1	Cardiometabolic_II	OID30366	2	2	1	0.9979191426699315	false	0	0
PT2-PT1	Oncology	OID21277	2	2	1	0.9951604113195697	false	0	0
PT2-PT1	Inflammation	OID20758	2	2	1	0.9951604113195697	false	0	0
PT2-PT1	Neurology	OID20930	2	2	1	0.9951604113195697	false	0	0
PT2-PT1	Cardiometabolic	OID20083	2	2	1	0.9951604113195697	false	0	0
PT2-PT1	Oncology	OID21315	2	2	1	0.9951604113195697	false	0	0
PT2-PT1	Inflammation_II	OID30518	2	2	1	0.9951604113195697	false	0	0
PT2-PT1	Cardiometabolic	OID20149	2	2	1	0.9951604113195697	false	0	0
PT2-PT1	Inflammation	OID20708	2	2	1	0.9894697482354282	false	0	0
PT2-PT1	Inflammation_II	OID30448	2	2	1	0.9896855733985572	false	0	0
PT2-PT1	Neurology	OID21101	2	2	1	0.9951604113195697	false	0	0
PT2-PT1	Neurology	OID20803	2	2	1	0.5443592817182549	false	0	0
PT2-PT1	Neurology_II	OID30984	2	2	1	0.9951604113195697	false	0	0
PT2-PT1	Cardiometabolic_II	OID30372	2	2	1	0.9951604113195697	false	0	0
PT2-PT1	Cardiometabolic	OID20328	2	2	1	0.9951604113195697	false	0	0
PT2-PT1	Cardiometabolic_II	OID30204	2	2	1	0.9951604113195697	false	0	0
PT2-PT1	Neurology	OID21042	2	2	1	0.9951604113195697	false	0	0
PT2-PT1	Neurology	OID21075	2	2	1	0.9951604113195697	false	0	0
PT2-PT1	Oncology_II	OID31478	2	2	1	0.9951604113195697	false	0	0
PT2-PT1	Oncology_II	OID31335	2	2	1	0.9951604113195697	false	0	0
PT2-PT1	Cardiometabolic_II	OID30326	2	2	1	0.9951604113195697	false	0	0
PT2-PT1	Neurology_II	OID30958	2	2	1	0.9951604113195697	false	0	0
PT2-PT1	Oncology_II	OID31405	2	2	1	0.6847710830904131	false	0	0
PT2-PT1	Oncology	OID21187	2	2	1	0.9951604113195697	false	0	0
PT2-PT1	Cardiometabolic_II	OID30348	2	2	1	0.9951604113195697	false	0	0
PT2-PT1	Neurology	OID20946	2	2	1	0.9951604113195697	false	0	0
PT2-PT1	Cardiometabolic	OID20343	2	2	1	0.9951604113195697	false	0	0
PT2-PT1	Oncology_II	OID31296	2	2	1	0.9951604113195697	false	0	0
PT2-PT1	Oncology	OID21296	2	2	1	0.9951604113195697	false	0	0
PT2-PT1	Oncology_II	OID31364	2	2	1	0.9951604113195697	false	0	0
PT2-PT1	Oncology	OID21321	2	2	1	0.9951604113195697	false	0	0
PT2-PT1	Oncology	OID21414	2	2	1	0.9951604113195697	false	0	0
PT2-PT1	Oncology	OID21324	2	2	1	0.9894697482354282	false	0	0
PT2-PT1	Oncology_II	OID31432	2	2	1	0.9951604113195697	false	0	0
PT2-PT1	Inflammation_II	OID30662	2	2	1	0.9951604113195697	false	0	0
PT2-PT1	Neurology_II	OID31134	2	2	1	0.9951604113195697	false	0	0
PT2-PT1	Inflammation_II	OID30541	2	2	1	0.9951604113195697	false	0	0
PT2-PT1	Oncology	OID21413	2	2	1	0.9951604113195697	false	0	0
PT2-PT1	Inflammation	OID20689	2	2	1	0.9951604113195697	false	0	0
PT2-PT1	Oncology	OID21170	2	2	1	0.9951604113195697	false	0	0
PT2-PT1	Inflammation	OID20431	2	2	1	0.9951604113195697	false	0	0
PT2-PT1	Inflammation_II	OID30470	2	2	1	0.9951604113195697	false	0	0
PT2-PT1	Inflammation_II	OID30618	2	2	1	0.9625778198237628	false	0	0
PT2-PT1	Oncology_II	OID31222	2	2	1	0.31787882744572543	false	0	0
PT2-PT1	Cardiometabolic	OID20346	2	2	1	0.9951604113195697	false	0	0
PT2-PT1	Inflammation	OID20670	2	2	1	0.9951604113195697	false	0	0
PT2-PT1	Oncology	OID21432	2	2	1	0.9951604113195697	false	0	0
PT2-PT1	Inflammation_II	OID30621	2	2	1	0.9951604113195697	false	0	0
PT2-PT1	Neurology_II	OID31103	2	2	1	0.9951604113195697	false	0	0
PT2-PT1	Cardiometabolic	OID20342	2	2	1	0.9979191426699315	false	0	0
PT2-PT1	Inflammation_II	OID30740	2	2	1	0.9951604113195697	false	0	0
PT2-PT1	Inflammation	OID20519	2	2	1	0.9951604113195697	false	0	0
PT2-PT1	Neurology_II	OID30853	2	2	1	0.9951604113195697	false	0	0
PT2-PT1	Inflammation_II	OID30724	2	2	1	0.9951604113195697	false	0	0
PT2-PT1	Inflammation_II	OID30499	2	2	1	0.9951604113195697	false	0	0
PT2-PT1	Neurology_II	OID31125	2	2	1	0.9951604113195697	false	0	0
PT2-PT1	Neurology_II	OID30859	2	2	1	0.9979191426699315	false	0	0
PT2-PT1	Neurology_II	OID31154	2	2	1	0.9979191426699315	false	0	0
PT2-PT1	Oncology	OID21462	2	2	1	0.7089952253733611	false	0	0
PT2-PT1	Cardiometabolic_II	OID30409	2	2	1	0.9951604113195697	false	0	0
PT2-PT1	Inflammation_II	OID30474	2	2	1	0.8368737157887016	false	0	0
PT2-PT1	Cardiometabolic_II	OID30081	2	2	1	0.9951604113195697	false	0	0
PT2-PT1	Inflammation_II	OID30655	2	2	1	0.9951604113195697	false	0	0
PT2-PT1	Oncology	OID21333	2	2	1	0.9951604113195697	false	0	0
PT2-PT1	Cardiometabolic_II	OID30164	2	2	1	0.8974840318589288	false	0	0
PT2-PT1	Neurology_II	OID30924	2	2	1	0.9951604113195697	false	0	0
PT2-PT1	Inflammation	OID20707	2	2	1	0.9951604113195697	false	0	0
PT2-PT1	Inflammation	OID20448	2	2	1	0.9951604113195697	false	0	0
PT2-PT1	Neurology_II	OID30975	2	2	1	0.9951604113195697	false	0	0
PT2-PT1	Inflammation	OID20763	2	2	1	0.9502861830440976	false	0	0
PT2-PT1	Neurology	OID20842	2	2	1	0.9951604113195697	false	0	0
PT2-PT1	Inflammation	OID20661	2	2	1	0.9951604113195697	false	0	0
PT2-PT1	Oncology_II	OID31410	2	2	1	0.9951604113195697	false	0	0
PT2-PT1	Inflammation_II	OID30574	2	2	1	0.9951604113195697	false	0	0
PT2-PT1	Neurology_II	OID30981	2	2	1	0.9625778198237628	false	0	0
PT2-PT1	Cardiometabolic_II	OID30328	2	2	1	0.9593214092583979	false	0	0
PT2-PT1	Neurology	OID21150	2	2	1	0.9951604113195697	false	0	0
PT2-PT1	Cardiometabolic_II	OID30325	2	2	1	0.9979191426699315	false	0	0
PT2-PT1	Oncology_II	OID31415	2	2	1	0.9951604113195697	false	0	0
PT2-PT1	Cardiometabolic_II	OID30274	2	2	1	0.9951604113195697	false	0	0
PT2-PT1	Neurology_II	OID31045	2	2	1	0.9951604113195697	false	0	0
PT2-PT1	Inflammation_II	OID30628	2	2	1	0.9951604113195697	false	0	0
PT2-PT1	Cardiometabolic	OID20329	2	2	1	0.9951604113195697	false	0	0
PT2-PT1	Cardiometabolic	OID20168	2	2	1	0.9951604113195697	false	0	0
PT2-PT1	Inflammation	OID20467	2	2	1	0.9951604113195697	false	0	0
PT2-PT1	Inflammation	OID20438	2	2	1	0.9951604113195697	false	0	0
PT2-PT1	Oncology	OID21305	2	2	1	0.9951604113195697	false	0	0
PT2-PT1	Inflammation_II	OID30489	2	2	1	0.9951604113195697	false	0	0
PT2-PT1	Cardiometabolic_II	OID30389	2	2	1	0.9951604113195697	false	0	0
PT2-PT1	Neurology	OID20863	2	2	1	0.9979191426699315	false	0	0
PT2-PT1	Neurology	OID20885	2	2	1	0.9979191426699315	false	0	0
PT2-PT1	Cardiometabolic_II	OID30369	2	2	1	0.9951604113195697	false	0	0
PT2-PT1	Oncology_II	OID31380	2	2	1	0.39166138930998723	false	0	0
PT2-PT1	Neurology	OID20935	2	2	1	0.9951604113195697	false	0	0
PT2-PT1	Neurology_II	OID31081	2	2	1	0.9951604113195697	false	0	0
PT2-PT1	Cardiometabolic_II	OID30273	2	2	1	0.9951604113195697	false	0	0
PT2-PT1	Neurology	OID20833	2	2	1	0.9951604113195697	false	0	0
PT2-PT1	Inflammation_II	OID30502	2	2	1	0.9951604113195697	false	0	0
PT2-PT1	Oncology	OID21370	2	2	1	0.25243966682290336	false	0	0
PT2-PT1	Inflammation_II	OID30434	2	2	1	0.9951604113195697	false	0	0
PT2-PT1	Neurology_II	OID31146	2	2	1	0.9951604113195697	false	0	0
PT2-PT1	Cardiometabolic	OID20353	2	2	1	0.9951604113195697	false	0	0
PT2-PT1	Inflammation_II	OID30472	2	2	1	0.9951604113195697	false	0	0
PT2-PT1	Inflammation_II	OID30648	2	2	1	0.9951604113195697	false	0	0
PT2-PT1	Neurology	OID21127	2	2	1	0.9951604113195697	false	0	0
PT2-PT1	Inflammation_II	OID30772	2	2	1	0.9951604113195697	false	0	0
PT2-PT1	Oncology	OID21278	2	2	1	0.9979191426699315	false	0	0
PT2-PT1	Inflammation	OID20498	2	2	1	0.9951604113195697	false	0	0
PT2-PT1	Neurology_II	OID31151	2	2	1	0.9951604113195697	false	0	0
PT2-PT1	Cardiometabolic_II	OID30198	2	2	1	0.9951604113195697	false	0	0
PT2-PT1	Inflammation	OID20654	2	2	1	0.8368737157887016	false	0	0
PT2-PT1	Inflammation_II	OID30770	2	2	1	0.9951604113195697	false	0	0
PT2-PT1	Neurology	OID20865	2	2	1	0.9951604113195697	false	0	0
PT2-PT1	Cardiometabolic	OID20331	2	2	1	0.9951604113195697	false	0	0
PT2-PT1	Inflammation_II	OID30786	2	2	1	0.9951604113195697	false	0	0
PT2-PT1	Neurology	OID20954	2	2	1	0.9951604113195697	false	0	0
PT2-PT1	Neurology	OID20864	2	2	1	0.9951604113195697	false	0	0
PT2-PT1	Oncology_II	OID31434	2	2	1	0.9951604113195697	false	0	0
PT2-PT1	Inflammation	OID20514	2	2	1	0.9951604113195697	false	0	0
PT2-PT1	Oncology_II	OID31272	2	2	1	0.9951604113195697	false	0	0
PT2-PT1	Neurology	OID21124	2	2	1	0.9979191426699315	false	0	0
PT2-PT1	Inflammation_II	OID30682	2	2	1	0.9951604113195697	false	0	0
PT2-PT1	Cardiometabolic	OID20078	2	2	1	0.9951604113195697	false	0	0
PT2-PT1	Inflammation	OID20537	2	2	1	0.9951604113195697	false	0	0
PT2-PT1	Oncology	OID21235	2	2	1	0.9951604113195697	false	0	0
PT2-PT1	Oncology_II	OID31229	2	2	1	0.9951604113195697	false	0	0
PT2-PT1	Neurology_II	OID30930	2	2	1	0.9951604113195697	false	0	0
PT2-PT1	Oncology_II	OID31355	2	2	1	0.9951604113195697	false	0	0
PT2-PT1	Oncology	OID21174	2	2	1	0.9951604113195697	false	0	0
PT2-PT1	Cardiometabolic	OID20203	2	2	1	0.9951604113195697	false	0	0
PT2-PT1	Neurology	OID21077	2	2	1	0.9951604113195697	false	0	0
PT2-PT1	Inflammation_II	OID30513	2	2	1	0.9951604113195697	false	0	0
PT2-PT1	Inflammation	OID20454	2	2	1	0.9951604113195697	false	0	0
PT2-PT1	Inflammation_II	OID30631	2	2	1	0.9951604113195697	false	0	0
PT2-PT1	Cardiometabolic	OID20244	2	2	1	0.9951604113195697	false	0	0
PT2-PT1	Oncology_II	OID31447	2	2	1	0.9951604113195697	false	0	0
PT2-PT1	Cardiometabolic	OID20211	2	2	1	0.9951604113195697	false	0	0
PT2-PT1	Inflammation_II	OID30626	2	2	1	0.9951604113195697	false	0	0
PT2-PT1	Neurology_II	OID30939	2	2	1	0.9951604113195697	false	0	0
PT2-PT1	Inflammation_II	OID30583	2	2	1	0.9951604113195697	false	0	0
PT2-PT1	Cardiometabolic	OID20236	2	2	1	0.9951604113195697	false	0	0
PT2-PT1	Inflammation	OID20691	2	2	1	0.9979191426699315	false	0	0
PT2-PT1	Neurology_II	OID31074	2	2	1	0.9951604113195697	false	0	0
PT2-PT1	Neurology	OID20826	2	2	1	0.9951604113195697	false	0	0
PT2-PT1	Oncology_II	OID31291	2	2	1	0.9951604113195697	false	0	0
PT2-PT1	Neurology	OID20964	2	2	1	0.9951604113195697	false	0	0
PT2-PT1	Cardiometabolic_II	OID30131	2	2	1	0.9951604113195697	false	0	0
PT2-PT1	Neurology	OID21129	2	2	1	0.9984804550089146	false	0	0
PT2-PT1	Cardiometabolic	OID20183	2	2	1	0.9951604113195697	false	0	0
PT2-PT1	Neurology	OID20797	2	2	1	0.9951604113195697	false	0	0
PT2-PT1	Oncology	OID21284	2	2	1	0.9951604113195697	false	0	0
PT2-PT1	Cardiometabolic_II	OID30152	2	2	1	0.9951604113195697	false	0	0
PT2-PT1	Oncology_II	OID31301	2	2	1	0.7089952253733611	false	0	0
PT2-PT1	Neurology_II	OID30834	2	2	1	0.9951604113195697	false	0	0
PT2-PT1	Inflammation	OID20600	2	2	1	0.9951604113195697	false	0	0
PT2-PT1	Oncology_II	OID31171	2	2	1	0.9951604113195697	false	0	0
PT2-PT1	Oncology	OID21269	2	2	1	0.9951604113195697	false	0	0
PT2-PT1	Cardiometabolic_II	OID30053	2	2	1	0.9951604113195697	false	0	0
PT2-PT1	Oncology_II	OID31338	2	2	1	0.9951604113195697	false	0	0
PT2-PT1	Inflammation_II	OID30529	2	2	1	0.909675247226852	false	0	0
PT2-PT1	Cardiometabolic	OID20317	2	2	1	0.9951604113195697	false	0	0
PT2-PT1	Cardiometabolic	OID20135	2	2	1	0.9979191426699315	false	0	0
PT2-PT1	Inflammation_II	OID30656	2	2	1	0.9951604113195697	false	0	0
PT2-PT1	Neurology	OID20874	2	2	1	0.9951604113195697	false	0	0
PT2-PT1	Inflammation	OID20698	2	2	1	0.9951604113195697	false	0	0
PT2-PT1	Neurology_II	OID30817	2	2	1	0.9951604113195697	false	0	0
PT2-PT1	Cardiometabolic_II	OID30272	2	2	1	0.9951604113195697	false	0	0
PT2-PT1	Cardiometabolic	OID20064	2	2	1	0.9951604113195697	false	0	0
PT2-PT1	Cardiometabolic_II	OID30416	2	2	1	0.9951604113195697	false	0	0
PT2-PT1	Cardiometabolic	OID20305	2	2	1	0.9951604113195697	false	0	0
PT2-PT1	Cardiometabolic_II	OID30140	2	2	1	0.9951604113195697	false	0	0
PT2-PT1	Cardiometabolic_II	OID30157	2	2	1	0.9625778198237628	false	0	0
PT2-PT1	Cardiometabolic_II	OID30311	2	2	1	0.9951604113195697	false	0	0
PT2-PT1	Inflammation_II	OID30594	2	2	1	0.9951604113195697	false	0	0
PT2-PT1	Neurology_II	OID30806	2	2	1	0.9951604113195697	false	0	0
PT2-PT1	Cardiometabolic	OID20082	2	2	1	0.6847710830904131	false	0	0
PT2-PT1	Cardiometabolic_II	OID30133	2	2	1	0.9951604113195697	false	0	0
PT2-PT1	Inflammation	OID20773	2	2	1	0.9951604113195697	false	0	0
PT2-PT1	Oncology	OID21362	2	2	1	0.9951604113195697	false	0	0
PT2-PT1	Inflammation_II	OID30702	2	2	1	0.9951604113195697	false	0	0
PT2-PT1	Neurology	OID21057	2	2	1	0.9979191426699315	false	0	0
PT2-PT1	Cardiometabolic_II	OID30304	2	2	1	0.9951604113195697	false	0	0
PT2-PT1	Cardiometabolic	OID20364	2	2	1	0.9951604113195697	false	0	0
PT2-PT1	Neurology_II	OID31100	2	2	1	0.9951604113195697	false	0	0
PT2-PT1	Inflammation_II	OID30437	2	2	1	0.9951604113195697	false	0	0
PT2-PT1	Neurology	OID21145	2	2	1	0.9951604113195697	false	0	0
PT2-PT1	Inflammation_II	OID30551	2	2	1	0.9951604113195697	false	0	0
PT2-PT1	Neurology	OID20978	2	2	1	0.9951604113195697	false	0	0
PT2-PT1	Neurology	OID20948	2	2	1	0.9951604113195697	false	0	0
PT2-PT1	Inflammation	OID20442	2	2	1	0.9951604113195697	false	0	0
PT2-PT1	Neurology	OID20861	2	2	1	0.9951604113195697	false	0	0
PT2-PT1	Inflammation	OID20726	2	2	1	0.9951604113195697	false	0	0
PT2-PT1	Inflammation	OID20422	2	2	1	0.9951604113195697	false	0	0
PT2-PT1	Inflammation	OID20789	2	2	1	0.9951604113195697	false	0	0
PT2-PT1	Oncology_II	OID31226	2	2	1	0.9951604113195697	false	0	0
PT2-PT1	Oncology_II	OID31471	2	2	1	0.9951604113195697	false	0	0
PT2-PT1	Inflammation	OID20764	2	2	1	0.9951604113195697	false	0	0
PT2-PT1	Neurology	OID20957	2	2	1	0.9951604113195697	false	0	0
PT2-PT1	Oncology	OID21171	2	2	1	0.7089952253733611	false	0	0
PT2-PT1	Oncology	OID21271	2	2	1	0.9951604113195697	false	0	0
PT2-PT1	Inflammation	OID20484	2	2	1	0.9951604113195697	false	0	0
PT2-PT1	Neurology_II	OID30987	2	2	1	0.9951604113195697	false	0	0
PT2-PT1	Neurology	OID20867	2	2	1	0.9951604113195697	false	0	0
PT2-PT1	Neurology	OID21094	2	2	1	0.8368737157887016	false	0	0
PT2-PT1	Neurology	OID21023	2	2	1	0.9951604113195697	false	0	0
PT2-PT1	Inflammation	OID20677	2	2	1	0.9951604113195697	false	0	0
PT2-PT1	Inflammation_II	OID30552	2	2	1	0.9951604113195697	false	0	0
PT2-PT1	Neurology_II	OID30929	2	2	1	0.9951604113195697	false	0	0
PT2-PT1	Oncology	OID21285	2	2	1	0.9951604113195697	false	0	0
PT2-PT1	Cardiometabolic	OID20112	2	2	1	0.9951604113195697	false	0	0
PT2-PT1	Inflammation	OID20752	2	2	1	0.9951604113195697	false	0	0
PT2-PT1	Oncology_II	OID31443	2	2	1	0.9951604113195697	false	0	0
PT2-PT1	Cardiometabolic_II	OID30168	2	2	1	0.9951604113195697	false	0	0
PT2-PT1	Inflammation_II	OID30779	2	2	1	0.9951604113195697	false	0	0
PT2-PT1	Neurology	OID20997	2	2	1	0.9979191426699315	false	0	0
PT2-PT1	Oncology_II	OID31178	2	2	1	0.9951604113195697	false	0	0
PT2-PT1	Oncology	OID21401	2	2	1	0.9951604113195697	false	0	0
PT2-PT1	Oncology_II	OID31304	2	2	1	0.9984804550089146	false	0	0
PT2-PT1	Cardiometabolic_II	OID30110	2	2	1	0.9951604113195697	false	0	0
PT2-PT1	Cardiometabolic_II	OID30335	2	2	1	0.9951604113195697	false	0	0
PT2-PT1	Neurology	OID21151	2	2	1	0.9951604113195697	false	0	0
PT2-PT1	Oncology	OID21459	2	2	1	0.9951604113195697	false	0	0
PT2-PT1	Inflammation	OID20531	2	2	1	0.9951604113195697	false	0	0
PT2-PT1	Oncology	OID21163	2	2	1	0.9951604113195697	false	0	0
PT2-PT1	Cardiometabolic_II	OID30263	2	2	1	0.9951604113195697	false	0	0
PT2-PT1	Inflammation_II	OID30734	2	2	1	0.9951604113195697	false	0	0
PT2-PT1	Cardiometabolic	OID20189	2	2	1	0.8368737157887016	false	0	0
PT2-PT1	Cardiometabolic	OID20157	2	2	1	0.9625778198237628	false	0	0
PT2-PT1	Oncology_II	OID31223	2	2	1	0.9951604113195697	false	0	0
PT2-PT1	Oncology	OID21177	2	2	1	0.9951604113195697	false	0	0
PT2-PT1	Cardiometabolic_II	OID30128	2	2	1	0.9951604113195697	false	0	0
PT2-PT1	Neurology	OID20999	2	2	1	0.9951604113195697	false	0	0
PT2-PT1	Neurology_II	OID30902	2	2	1	0.9951604113195697	false	0	0
PT2-PT1	Oncology_II	OID31311	2	2	1	0.9951604113195697	false	0	0
PT2-PT1	Neurology	OID20900	2	2	1	0.9951604113195697	false	0	0
PT2-PT1	Neurology	OID21116	2	2	1	0.9951604113195697	false	0	0
PT2-PT1	Neurology	OID20989	2	2	1	0.9983742427367069	false	0	0
PT2-PT1	Cardiometabolic_II	OID30418	2	2	1	0.9951604113195697	false	0	0
PT2-PT1	Cardiometabolic_II	OID30359	2	2	1	0.9951604113195697	false	0	0
PT2-PT1	Oncology_II	OID31274	2	2	1	0.9951604113195697	false	0	0
PT2-PT1	Inflammation_II	OID30783	2	2	1	0.9951604113195697	false	0	0
PT2-PT1	Oncology	OID21332	2	2	1	0.9951604113195697	false	0	0
PT2-PT1	Inflammation_II	OID30422	2	2	1	0.9951604113195697	false	0	0
PT2-PT1	Cardiometabolic	OID20249	2	2	1	0.9951604113195697	false	0	0
PT2-PT1	Cardiometabolic	OID20178	2	2	1	0.9951604113195697	false	0	0
PT2-PT1	Neurology_II	OID30896	2	2	1	0.9951604113195697	false	0	0
PT2-PT1	Cardiometabolic_II	OID30188	2	2	1	0.9951604113195697	false	0	0
PT2-PT1	Neurology	OID20919	2	2	1	0.9951604113195697	false	0	0
PT2-PT1	Cardiometabolic	OID20140	2	2	1	0.9951604113195697	false	0	0
PT2-PT1	Oncology	OID21421	2	2	1	0.9951604113195697	false	0	0
PT2-PT1	Inflammation	OID20665	2	2	1	0.6847710830904131	false	0	0
PT2-PT1	Cardiometabolic	OID20246	2	2	1	0.9951604113195697	false	0	0
PT2-PT1	Oncology_II	OID31374	2	2	1	0.9951604113195697	false	0	0
PT2-PT1	Neurology	OID20858	2	2	1	0.4336523901627007	false	0	0
PT2-PT1	Neurology_II	OID30898	2	2	1	0.9951604113195697	false	0	0
PT2-PT1	Neurology_II	OID30960	2	2	1	0.9951604113195697	false	0	0
PT2-PT1	Neurology_II	OID31001	2	2	1	0.9951604113195697	false	0	0
PT2-PT1	Neurology	OID20908	2	2	1	0.9951604113195697	false	0	0
PT2-PT1	Oncology_II	OID31459	2	2	1	0.9951604113195697	false	0	0
PT2-PT1	Neurology	OID20810	2	2	1	0.9951604113195697	false	0	0
PT2-PT1	Neurology_II	OID30911	2	2	1	0.9951604113195697	false	0	0
PT2-PT1	Oncology_II	OID31280	2	2	1	0.9951604113195697	false	0	0
PT2-PT1	Neurology	OID21018	2	2	1	0.9951604113195697	false	0	0
PT2-PT1	Cardiometabolic_II	OID30109	2	2	1	0.9951604113195697	false	0	0
PT2-PT1	Oncology_II	OID31213	2	2	1	0.9502861830440976	false	0	0
PT2-PT1	Inflammation	OID20419	2	2	1	0.9951604113195697	false	0	0
PT2-PT1	Cardiometabolic	OID20084	2	2	1	0.9951604113195697	false	0	0
PT2-PT1	Neurology_II	OID30906	2	2	1	0.9951604113195697	false	0	0
PT2-PT1	Oncology_II	OID31418	2	2	1	0.9951604113195697	false	0	0
PT2-PT1	Inflammation_II	OID30728	2	2	1	0.9951604113195697	false	0	0
PT2-PT1	Cardiometabolic	OID20163	2	2	1	0.9951604113195697	false	0	0
PT2-PT1	Cardiometabolic_II	OID30233	2	2	1	0.9979191426699315	false	0	0
PT2-PT1	Oncology	OID21329	2	2	1	0.9951604113195697	false	0	0
PT2-PT1	Neurology_II	OID31059	2	2	1	0.9951604113195697	false	0	0
PT2-PT1	Inflammation	OID20762	2	2	1	0.9951604113195697	false	0	0
PT2-PT1	Cardiometabolic	OID20338	2	2	1	0.9951604113195697	false	0	0
PT2-PT1	Cardiometabolic_II	OID30247	2	2	1	0.9951604113195697	false	0	0
PT2-PT1	Cardiometabolic_II	OID30069	2	2	1	0.9951604113195697	false	0	0
PT2-PT1	Inflammation_II	OID30774	2	2	1	0.9951604113195697	false	0	0
PT2-PT1	Inflammation	OID20601	2	2	1	0.9951604113195697	false	0	0
PT2-PT1	Cardiometabolic	OID20324	2	2	1	0.9951604113195697	false	0	0
PT2-PT1	Inflammation_II	OID30754	2	2	1	0.9951604113195697	false	0	0
PT2-PT1	Inflammation_II	OID30747	2	2	1	0.9951604113195697	false	0	0
PT2-PT1	Neurology_II	OID31089	2	2	1	0.9625778198237628	false	0	0
PT2-PT1	Oncology_II	OID31514	2	2	1	0.9951604113195697	false	0	0
PT2-PT1	Neurology_II	OID30937	2	2	1	0.9951604113195697	false	0	0
PT2-PT1	Oncology_II	OID31313	2	2	1	0.9951604113195697	false	0	0
PT2-PT1	Oncology	OID21212	2	2	1	0.9951604113195697	false	0	0
PT2-PT1	Oncology_II	OID31282	2	2	1	0.9951604113195697	false	0	0
PT2-PT1	Inflammation	OID20682	2	2	1	0.9951604113195697	false	0	0
PT2-PT1	Oncology_II	OID31208	2	2	1	0.9951604113195697	false	0	0
PT2-PT1	Oncology	OID21436	2	2	1	0.9951604113195697	false	0	0
PT2-PT1	Cardiometabolic	OID20315	2	2	1	0.9951604113195697	false	0	0
PT2-PT1	Cardiometabolic_II	OID30339	2	2	1	0.9951604113195697	false	0	0
PT2-PT1	Neurology	OID21108	2	2	1	0.9951604113195697	false	0	0
PT2-PT1	Oncology_II	OID31468	2	2	1	0.9951604113195697	false	0	0
PT2-PT1	Oncology_II	OID31162	2	2	1	0.9951604113195697	false	0	0
PT2-PT1	Cardiometabolic_II	OID30080	2	2	1	0.9951604113195697	false	0	0
PT2-PT1	Neurology	OID20820	2	2	1	0.9951604113195697	false	0	0
PT2-PT1	Cardiometabolic_II	OID30298	2	2	1	0.9951604113195697	false	0	0
PT2-PT1	Cardiometabolic	OID20091	2	2	1	0.9951604113195697	false	0	0
PT2-PT1	Cardiometabolic_II	OID30363	2	2	1	0.9951604113195697	false	0	0
PT2-PT1	Inflammation_II	OID30557	2	2	1	0.9951604113195697	false	0	0
PT2-PT1	Inflammation	OID20727	2	2	1	0.9951604113195697	false	0	0
PT2-PT1	Neurology	OID21039	2	2	1	0.9951604113195697	false	0	0
PT2-PT1	Neurology_II	OID30935	2	2	1	0.9951604113195697	false	0	0
PT2-PT1	Inflammation_II	OID30501	2	2	1	0.9951604113195697	false	0	0
PT2-PT1	Oncology_II	OID31314	2	2	1	0.9951604113195697	false	0	0
PT2-PT1	Inflammation_II	OID30687	2	2	1	0.9951604113195697	false	0	0
PT2-PT1	Cardiometabolic	OID20321	2	2	1	0.9951604113195697	false	0	0
PT2-PT1	Cardiometabolic_II	OID30414	2	2	1	0.9951604113195697	false	0	0
PT2-PT1	Cardiometabolic	OID20061	2	2	1	0.9951604113195697	false	0	0
PT2-PT1	Cardiometabolic	OID20390	2	2	1	0.9951604113195697	false	0	0
PT2-PT1	Neurology_II	OID30797	2	2	1	0.9952922322230938	false	0	0
PT2-PT1	Cardiometabolic_II	OID30336	2	2	1	0.9951604113195697	false	0	0
PT2-PT1	Cardiometabolic	OID20117	2	2	1	0.9951604113195697	false	0	0
PT2-PT1	Cardiometabolic_II	OID30295	2	2	1	0.9951604113195697	false	0	0
PT2-PT1	Cardiometabolic_II	OID30293	2	2	1	0.9951604113195697	false	0	0
PT2-PT1	Neurology	OID21003	2	2	1	0.9951604113195697	false	0	0
PT2-PT1	Cardiometabolic	OID20264	2	2	1	0.9951604113195697	false	0	0
PT2-PT1	Oncology	OID21523	2	2	1	0.9951604113195697	false	0	0
PT2-PT1	Oncology	OID21310	2	2	1	0.9951604113195697	false	0	0
PT2-PT1	Neurology_II	OID30966	2	2	1	0.9951604113195697	false	0	0
PT2-PT1	Oncology	OID21244	2	2	1	0.9951604113195697	false	0	0
PT2-PT1	Neurology_II	OID30889	2	2	1	0.9951604113195697	false	0	0
PT2-PT1	Cardiometabolic	OID20092	2	2	1	0.9951604113195697	false	0	0
PT2-PT1	Inflammation	OID20781	2	2	1	0.9951604113195697	false	0	0
PT2-PT1	Cardiometabolic	OID20309	2	2	1	0.9951604113195697	false	0	0
PT2-PT1	Oncology_II	OID31233	2	2	1	0.9951604113195697	false	0	0
PT2-PT1	Inflammation_II	OID30428	2	2	1	0.9951604113195697	false	0	0
PT2-PT1	Cardiometabolic	OID20217	2	2	1	0.9951604113195697	false	0	0
PT2-PT1	Inflammation_II	OID30732	2	2	1	0.9951604113195697	false	0	0
PT2-PT1	Inflammation	OID20611	2	2	1	0.9951604113195697	false	0	0
PT2-PT1	Inflammation	OID20434	2	2	1	0.9951604113195697	false	0	0
PT2-PT1	Oncology_II	OID31356	2	2	1	0.9951604113195697	false	0	0
PT2-PT1	Neurology_II	OID31105	2	2	1	0.9951604113195697	false	0	0
PT2-PT1	Inflammation	OID20733	2	2	1	0.9951604113195697	false	0	0
PT2-PT1	Neurology_II	OID31107	2	2	1	0.9951604113195697	false	0	0
PT2-PT1	Oncology	OID21456	2	2	1	0.31787882744572543	false	0	0
PT2-PT1	Cardiometabolic_II	OID30277	2	2	1	0.9951604113195697	false	0	0
PT2-PT1	Inflammation_II	OID30759	2	2	1	0.9951604113195697	false	0	0
PT2-PT1	Cardiometabolic	OID20355	2	2	1	0.9951604113195697	false	0	0
PT2-PT1	Inflammation_II	OID30492	2	2	1	0.9951604113195697	false	0	0
PT2-PT1	Cardiometabolic	OID20252	2	2	1	0.9951604113195697	false	0	0
PT2-PT1	Cardiometabolic_II	OID30171	2	2	1	0.9991395494835748	false	0	0
PT2-PT1	Neurology	OID21002	2	2	1	0.9951604113195697	false	0	0
PT2-PT1	Cardiometabolic_II	OID30167	2	2	1	0.9625778198237628	false	0	0
PT2-PT1	Cardiometabolic_II	OID30079	2	2	1	0.9951604113195697	false	0	0
PT2-PT1	Neurology	OID20912	2	2	1	0.041548298674816575	true	1	1
PT2-PT1	Oncology	OID21257	2	2	1	0.9951604113195697	false	0	0
PT2-PT1	Neurology	OID20873	2	2	1	0.9951604113195697	false	0	0
PT2-PT1	Inflammation	OID20441	2	2	1	0.9951604113195697	false	0	0
PT2-PT1	Oncology_II	OID31247	2	2	1	0.9951604113195697	false	0	0
PT2-PT1	Cardiometabolic_II	OID30228	2	2	1	0.9951604113195697	false	0	0
PT2-PT1	Oncology_II	OID31322	2	2	1	0.9951604113195697	false	0	0
PT2-PT1	Inflammation	OID20573	2	2	1	0.9951604113195697	false	0	0
PT2-PT1	Cardiometabolic	OID20239	2	2	1	0.9951604113195697	false	0	0
PT2-PT1	Neurology_II	OID31079	2	2	1	0.9951604113195697	false	0	0
PT2-PT1	Oncology	OID21267	2	2	1	0.9951604113195697	false	0	0
PT2-PT1	Oncology	OID21211	2	2	1	0.9951604113195697	false	0	0
PT2-PT1	Neurology	OID20913	2	2	1	0.9951604113195697	false	0	0
PT2-PT1	Inflammation	OID20635	2	2	1	0.9951604113195697	false	0	0
PT2-PT1	Inflammation_II	OID30548	2	2	1	0.9951604113195697	false	0	0
PT2-PT1	Cardiometabolic_II	OID30147	2	2	1	0.9951604113195697	false	0	0
PT2-PT1	Inflammation	OID20624	2	2	1	0.9951604113195697	false	0	0
PT2-PT1	Cardiometabolic_II	OID30408	2	2	1	0.9979191426699315	false	0	0
PT2-PT1	Cardiometabolic	OID20223	2	2	1	0.9951604113195697	false	0	0
PT2-PT1	Oncology	OID21251	2	2	1	0.9951604113195697	false	0	0
PT2-PT1	Neurology_II	OID31062	2	2	1	0.9951604113195697	false	0	0
PT2-PT1	Inflammation	OID20712	2	2	1	0.011050046461849927	true	1	1
PT2-PT1	Oncology_II	OID31243	2	2	1	0.9951604113195697	false	0	0
PT2-PT1	Oncology	OID21363	2	2	1	0.9951604113195697	false	0	0
PT2-PT1	Inflammation_II	OID30678	2	2	1	0.9951604113195697	false	0	0
PT2-PT1	Cardiometabolic	OID20054	2	2	1	0.9951604113195697	false	0	0
PT2-PT1	Cardiometabolic_II	OID30141	2	2	1	0.9951604113195697	false	0	0
PT2-PT1	Oncology_II	OID31392	2	2	1	0.9951604113195697	false	0	0
PT2-PT1	Neurology	OID21083	2	2	1	0.9951604113195697	false	0	0
PT2-PT1	Cardiometabolic_II	OID30346	2	2	1	0.9502861830440976	false	0	0
PT2-PT1	Neurology_II	OID31048	2	2	1	0.9951604113195697	false	0	0
PT2-PT1	Neurology	OID21041	2	2	1	0.9951604113195697	false	0	0
PT2-PT1	Neurology	OID20950	2	2	1	0.9951604113195697	false	0	0
PT2-PT1	Cardiometabolic_II	OID30285	2	2	1	0.9951604113195697	false	0	0
PT2-PT1	Neurology	OID20940	2	2	1	0.9951604113195697	false	0	0
PT2-PT1	Cardiometabolic_II	OID30315	2	2	1	0.9951604113195697	false	0	0
PT2-PT1	Cardiometabolic	OID20154	2	2	1	0.9951604113195697	false	0	0
PT2-PT1	Neurology	OID20945	2	2	1	0.9951604113195697	false	0	0
PT2-PT1	Neurology	OID20911	2	2	1	0.9951604113195697	false	0	0
PT2-PT1	Cardiometabolic	OID20162	2	2	1	0.9951604113195697	false	0	0
PT2-PT1	Neurology_II	OID31057	2	2	1	0.9951604113195697	false	0	0
PT2-PT1	Oncology_II	OID31310	2	2	1	0.9951604113195697	false	0	0
PT2-PT1	Inflammation_II	OID30641	2	2	1	0.9951604113195697	false	0	0
PT2-PT1	Neurology	OID20805	2	2	1	0.9951604113195697	false	0	0
PT2-PT1	Inflammation	OID20696	2	2	1	0.9951604113195697	false	0	0
PT2-PT1	Neurology_II	OID31071	2	2	1	0.9951604113195697	false	0	0
PT2-PT1	Oncology	OID21255	2	2	1	0.9951604113195697	false	0	0
PT2-PT1	Oncology_II	OID31417	2	2	1	0.9951604113195697	false	0	0
PT2-PT1	Inflammation	OID20526	2	2	1	0.9951604113195697	false	0	0
PT2-PT1	Inflammation	OID20713	2	2	1	0.9951604113195697	false	0	0
PT2-PT1	Oncology	OID21457	2	2	1	0.9951604113195697	false	0	0
PT2-PT1	Cardiometabolic_II	OID30076	2	2	1	0.9951604113195697	false	0	0
PT2-PT1	Cardiometabolic_II	OID30405	2	2	1	0.9951604113195697	false	0	0
PT2-PT1	Inflammation_II	OID30613	2	2	1	0.9951604113195697	false	0	0
PT2-PT1	Inflammation	OID20561	2	2	1	0.9951604113195697	false	0	0
PT2-PT1	Inflammation	OID20729	2	2	1	0.9984804550089146	false	0	0
PT2-PT1	Cardiometabolic	OID20121	2	2	1	0.9951604113195697	false	0	0
PT2-PT1	Oncology	OID21167	2	2	1	0.6847710830904131	false	0	0
PT2-PT1	Cardiometabolic_II	OID30309	2	2	1	0.9951604113195697	false	0	0
PT2-PT1	Neurology_II	OID30844	2	2	1	0.9951604113195697	false	0	0
PT2-PT1	Cardiometabolic_II	OID30224	2	2	1	0.9951604113195697	false	0	0
PT2-PT1	Cardiometabolic_II	OID30402	2	2	1	0.9951604113195697	false	0	0
PT2-PT1	Inflammation_II	OID30767	2	2	1	0.9951604113195697	false	0	0
PT2-PT1	Oncology	OID21468	2	2	1	0.9951604113195697	false	0	0
PT2-PT1	Inflammation_II	OID30571	2	2	1	0.9951604113195697	false	0	0
PT2-PT1	Inflammation_II	OID30420	2	2	1	0.6300266892441037	false	0	0
PT2-PT1	Cardiometabolic	OID20261	2	2	1	0.9625778198237628	false	0	0
PT2-PT1	Inflammation	OID20492	2	2	1	0.9951604113195697	false	0	0
PT2-PT1	Neurology_II	OID30964	2	2	1	0.9951604113195697	false	0	0
PT2-PT1	Cardiometabolic	OID20302	2	2	1	0.9951604113195697	false	0	0
PT2-PT1	Inflammation_II	OID30700	2	2	1	0.9951604113195697	false	0	0
PT2-PT1	Inflammation_II	OID30532	2	2	1	0.9979191426699315	false	0	0
PT2-PT1	Inflammation	OID20550	2	2	1	0.9951604113195697	false	0	0
PT2-PT1	Neurology	OID21059	2	2	1	0.9951604113195697	false	0	0
PT2-PT1	Neurology	OID21032	2	2	1	0.9951604113195697	false	0	0
PT2-PT1	Oncology_II	OID31497	2	2	1	0.9951604113195697	false	0	0
PT2-PT1	Neurology_II	OID30963	2	2	1	0.9951604113195697	false	0	0
PT2-PT1	Inflammation	OID20655	2	2	1	0.9951604113195697	false	0	0
PT2-PT1	Inflammation_II	OID30595	2	2	1	0.9951604113195697	false	0	0
PT2-PT1	Neurology_II	OID30803	2	2	1	0.9951604113195697	false	0	0
PT2-PT1	Oncology_II	OID31464	2	2	1	0.9951604113195697	false	0	0
PT2-PT1	Oncology_II	OID31440	2	2	1	0.9951604113195697	false	0	0
PT2-PT1	Inflammation_II	OID30744	2	2	1	0.9951604113195697	false	0	0
PT2-PT1	Oncology_II	OID31521	2	2	1	0.9951604113195697	false	0	0
PT2-PT1	Inflammation_II	OID30654	2	2	1	0.9951604113195697	false	0	0
PT2-PT1	Inflammation_II	OID30476	2	2	1	0.9951604113195697	false	0	0
PT2-PT1	Cardiometabolic	OID20087	2	2	1	0.026204439808791502	true	1	1
PT2-PT1	Neurology	OID20846	2	2	1	0.9951604113195697	false	0	0
PT2-PT1	Neurology	OID21069	2	2	1	0.9951604113195697	false	0	0
PT2-PT1	Oncology	OID21191	2	2	1	0.9951604113195697	false	0	0
PT2-PT1	Neurology	OID21088	2	2	1	0.9951604113195697	false	0	0
PT2-PT1	Neurology	OID21070	2	2	1	0.9951604113195697	false	0	0
PT2-PT1	Cardiometabolic_II	OID30364	2	2	1	0.9979191426699315	false	0	0
PT2-PT1	Inflammation_II	OID30473	2	2	1	0.9951604113195697	false	0	0
PT2-PT1	Neurology_II	OID31068	2	2	1	0.9951604113195697	false	0	0
PT2-PT1	Cardiometabolic	OID20307	2	2	1	0.9951604113195697	false	0	0
PT2-PT1	Inflammation	OID20755	2	2	1	0.9951604113195697	false	0	0
PT2-PT1	Inflammation	OID20694	2	2	1	0.9951604113195697	false	0	0
PT2-PT1	Cardiometabolic	OID20379	2	2	1	0.9951604113195697	false	0	0
PT2-PT1	Neurology_II	OID30970	2	2	1	0.9951604113195697	false	0	0
PT2-PT1	Cardiometabolic	OID20417	2	2	1	0.9951604113195697	false	0	0
PT2-PT1	Cardiometabolic_II	OID30350	2	2	1	0.9951604113195697	false	0	0
PT2-PT1	Cardiometabolic	OID20194	2	2	1	0.9951604113195697	false	0	0
PT2-PT1	Neurology_II	OID30940	2	2	1	0.9951604113195697	false	0	0
PT2-PT1	Cardiometabolic	OID20106	2	2	1	0.990454196760421	false	0	0
PT2-PT1	Oncology_II	OID31435	2	2	1	0.8974840318589288	false	0	0
PT2-PT1	Oncology_II	OID31284	2	2	1	0.9951604113195697	false	0	0
PT2-PT1	Neurology	OID21031	2	2	1	0.9951604113195697	false	0	0
PT2-PT1	Neurology	OID20852	2	2	1	0.9951604113195697	false	0	0
PT2-PT1	Cardiometabolic	OID20227	2	2	1	0.9951604113195697	false	0	0
PT2-PT1	Neurology	OID21114	2	2	1	0.9951604113195697	false	0	0
PT2-PT1	Cardiometabolic_II	OID30316	2	2	1	0.9951604113195697	false	0	0
PT2-PT1	Oncology	OID21262	2	2	1	0.9951604113195697	false	0	0
PT2-PT1	Neurology_II	OID30904	2	2	1	0.9951604113195697	false	0	0
PT2-PT1	Neurology	OID20961	2	2	1	0.9951604113195697	false	0	0
PT2-PT1	Oncology_II	OID31444	2	2	1	0.9502861830440976	false	0	0
PT2-PT1	Oncology	OID21217	2	2	1	0.9951604113195697	false	0	0
PT2-PT1	Oncology_II	OID31324	2	2	1	0.9951604113195697	false	0	0
PT2-PT1	Neurology	OID20880	2	2	1	0.9951604113195697	false	0	0
PT2-PT1	Oncology_II	OID31512	2	2	1	0.9951604113195697	false	0	0
PT2-PT1	Inflammation_II	OID30484	2	2	1	0.9951604113195697	false	0	0
PT2-PT1	Cardiometabolic_II	OID30150	2	2	1	0.9951604113195697	false	0	0
PT2-PT1	Neurology_II	OID30908	2	2	1	0.9951604113195697	false	0	0
PT2-PT1	Inflammation	OID20743	2	2	1	0.9951604113195697	false	0	0
PT2-PT1	Neurology	OID21135	2	2	1	0.9951604113195697	false	0	0
PT2-PT1	Inflammation_II	OID30789	2	2	1	0.9951604113195697	false	0	0
PT2-PT1	Inflammation_II	OID30616	2	2	1	0.9979191426699315	false	0	0
PT2-PT1	Cardiometabolic_II	OID30085	2	2	1	0.9951604113195697	false	0	0
PT2-PT1	Cardiometabolic	OID20344	2	2	1	0.9951604113195697	false	0	0
PT2-PT1	Neurology	OID21029	2	2	1	0.9951604113195697	false	0	0
PT2-PT1	Inflammation	OID20779	2	2	1	0.9951604113195697	false	0	0
PT2-PT1	Cardiometabolic_II	OID30056	2	2	1	0.9951604113195697	false	0	0
PT2-PT1	Neurology	OID20825	2	2	1	0.9951604113195697	false	0	0
PT2-PT1	Cardiometabolic_II	OID30353	2	2	1	0.9951604113195697	false	0	0
PT2-PT1	Oncology_II	OID31386	2	2	1	0.9951604113195697	false	0	0
PT2-PT1	Oncology_II	OID31513	2	2	1	0.9951604113195697	false	0	0
PT2-PT1	Inflammation_II	OID30672	2	2	1	0.9951604113195697	false	0	0
PT2-PT1	Neurology	OID20970	2	2	1	0.9951604113195697	false	0	0
PT2-PT1	Oncology	OID21183	2	2	1	0.9951604113195697	false	0	0
PT2-PT1	Neurology_II	OID31140	2	2	1	0.8974840318589288	false	0	0
PT2-PT1	Neurology	OID21095	2	2	1	0.9951604113195697	false	0	0
PT2-PT1	Neurology	OID20813	2	2	1	0.9951604113195697	false	0	0
PT2-PT1	Oncology	OID21200	2	2	1	0.9951604113195697	false	0	0
PT2-PT1	Inflammation_II	OID30771	2	2	1	0.9991395494835748	false	0	0
PT2-PT1	Oncology	OID21266	2	2	1	0.9951604113195697	false	0	0
PT2-PT1	Neurology_II	OID31086	2	2	1	0.8368737157887016	false	0	0
PT2-PT1	Inflammation_II	OID30719	2	2	1	0.9951604113195697	false	0	0
PT2-PT1	Oncology_II	OID31407	2	2	1	0.9951604113195697	false	0	0
PT2-PT1	Cardiometabolic	OID20388	2	2	1	0.9951604113195697	false	0	0
PT2-PT1	Inflammation	OID20483	2	2	1	0.9979191426699315	false	0	0
PT2-PT1	Inflammation_II	OID30510	2	2	1	0.9625778198237628	false	0	0
PT2-PT1	Oncology_II	OID31288	2	2	1	0.9951604113195697	false	0	0
PT2-PT1	Inflammation_II	OID30713	2	2	1	0.9951604113195697	false	0	0
PT2-PT1	Cardiometabolic	OID20357	2	2	1	1	false	0	0
PT2-PT1	Cardiometabolic	OID20130	2	2	1	0.9951604113195697	false	0	0
PT2-PT1	Oncology	OID21185	2	2	1	0.9951604113195697	false	0	0
PT2-PT1	Neurology	OID21011	2	2	1	0.9951604113195697	false	0	0
PT2-PT1	Cardiometabolic	OID20267	2	2	1	0.9951604113195697	false	0	0
PT2-PT1	Cardiometabolic	OID20396	2	2	1	0.9951604113195697	false	0	0
PT2-PT1	Neurology	OID20956	2	2	1	0.9951604113195697	false	0	0
PT2-PT1	Inflammation	OID20468	2	2	1	0.9951604113195697	false	0	0
PT2-PT1	Neurology_II	OID30942	2	2	1	0.9951604113195697	false	0	0
PT2-PT1	Inflammation_II	OID30508	2	2	1	0.9951604113195697	false	0	0
PT2-PT1	Neurology_II	OID30974	2	2	1	0.9951604113195697	false	0	0
PT2-PT1	Oncology_II	OID31196	2	2	1	0.9951604113195697	false	0	0
PT2-PT1	Oncology_II	OID31273	2	2	1	0.9951604113195697	false	0	0
PT2-PT1	Neurology	OID21037	2	2	1	0.9951604113195697	false	0	0
PT2-PT1	Neurology_II	OID31109	2	2	1	0.9951604113195697	false	0	0
PT2-PT1	Inflammation	OID20774	2	2	1	0.9951604113195697	false	0	0
PT2-PT1	Cardiometabolic_II	OID30121	2	2	1	0.9951604113195697	false	0	0
PT2-PT1	Neurology_II	OID30867	2	2	1	0.9951604113195697	false	0	0
PT2-PT1	Cardiometabolic_II	OID30112	2	2	1	0.9951604113195697	false	0	0
PT2-PT1	Inflammation	OID20427	2	2	1	0.9951604113195697	false	0	0
PT2-PT1	Oncology_II	OID31507	2	2	1	0.9951604113195697	false	0	0
PT2-PT1	Oncology_II	OID31163	2	2	1	0.8414123384760958	false	0	0
PT2-PT1	Neurology	OID20943	2	2	1	0.9951604113195697	false	0	0
PT2-PT1	Oncology	OID21345	2	2	1	0.9951604113195697	false	0	0
PT2-PT1	Cardiometabolic	OID20146	2	2	1	0.9951604113195697	false	0	0
PT2-PT1	Cardiometabolic	OID20409	2	2	1	0.9979191426699315	false	0	0
PT2-PT1	Inflammation_II	OID30426	2	2	1	0.9951604113195697	false	0	0
PT2-PT1	Neurology	OID20921	2	2	1	0.9951604113195697	false	0	0
PT2-PT1	Oncology	OID21336	2	2	1	0.9951604113195697	false	0	0
PT2-PT1	Oncology	OID21314	2	2	1	0.9951604113195697	false	0	0
PT2-PT1	Neurology	OID20883	2	2	1	0.29051481380373345	false	0	0
PT2-PT1	Neurology_II	OID30950	2	2	1	0.9951604113195697	false	0	0
PT2-PT1	Inflammation	OID20565	2	2	1	0.9951604113195697	false	0	0
PT2-PT1	Neurology_II	OID30822	2	2	1	0.9951604113195697	false	0	0
PT2-PT1	Oncology	OID21467	2	2	1	0.9951604113195697	false	0	0
PT2-PT1	Oncology	OID21381	2	2	1	0.9951604113195697	false	0	0
PT2-PT1	Inflammation	OID20692	2	2	1	0.9951604113195697	false	0	0
PT2-PT1	Neurology_II	OID30913	2	2	1	0.9951604113195697	false	0	0
PT2-PT1	Oncology_II	OID31285	2	2	1	0.9951604113195697	false	0	0
PT2-PT1	Cardiometabolic	OID20176	2	2	1	0.9951604113195697	false	0	0
PT2-PT1	Oncology	OID21233	2	2	1	0.9951604113195697	false	0	0
PT2-PT1	Neurology	OID21102	2	2	1	0.9951604113195697	false	0	0
PT2-PT1	Inflammation_II	OID30465	2	2	1	0.9951604113195697	false	0	0
PT2-PT1	Oncology	OID21259	2	2	1	0.9951604113195697	false	0	0
PT2-PT1	Neurology	OID21136	2	2	1	0.9951604113195697	false	0	0
PT2-PT1	Oncology	OID21517	2	2	1	0.9951604113195697	false	0	0
PT2-PT1	Cardiometabolic_II	OID30383	2	2	1	0.9951604113195697	false	0	0
PT2-PT1	Cardiometabolic	OID20271	2	2	1	0.9951604113195697	false	0	0
PT2-PT1	Oncology	OID21478	2	2	1	0.421096884573178	false	0	0
PT2-PT1	Inflammation	OID20453	2	2	1	0.9951604113195697	false	0	0
PT2-PT1	Cardiometabolic	OID20339	2	2	1	0.9951604113195697	false	0	0
PT2-PT1	Inflammation_II	OID30647	2	2	1	0.9951604113195697	false	0	0
PT2-PT1	Cardiometabolic	OID20147	2	2	1	0.29051481380373345	false	0	0
PT2-PT1	Inflammation	OID20482	2	2	1	0.9951604113195697	false	0	0
PT2-PT1	Cardiometabolic_II	OID30327	2	2	1	0.9951604113195697	false	0	0
PT2-PT1	Oncology_II	OID31368	2	2	1	0.9951604113195697	false	0	0
PT2-PT1	Oncology_II	OID31501	2	2	1	0.9951604113195697	false	0	0
PT2-PT1	Oncology_II	OID31430	2	2	1	0.9951604113195697	false	0	0
PT2-PT1	Inflammation_II	OID30633	2	2	1	0.9951604113195697	false	0	0
PT2-PT1	Cardiometabolic	OID20099	2	2	1	0.9951604113195697	false	0	0
PT2-PT1	Inflammation	OID20580	2	2	1	0.9951604113195697	false	0	0
PT2-PT1	Neurology_II	OID30909	2	2	1	0.9951604113195697	false	0	0
PT2-PT1	Cardiometabolic_II	OID30106	2	2	1	0.9951604113195697	false	0	0
PT2-PT1	Inflammation	OID20769	2	2	1	0.9951604113195697	false	0	0
PT2-PT1	Neurology	OID21073	2	2	1	0.9951604113195697	false	0	0
PT2-PT1	Inflammation	OID20522	2	2	1	0.9951604113195697	false	0	0
PT2-PT1	Neurology	OID21072	2	2	1	0.9951604113195697	false	0	0
PT2-PT1	Oncology	OID21431	2	2	1	0.9502861830440976	false	0	0
PT2-PT1	Oncology_II	OID31200	2	2	1	0.9951604113195697	false	0	0
PT2-PT1	Neurology_II	OID30838	2	2	1	0.9951604113195697	false	0	0
PT2-PT1	Oncology_II	OID31441	2	2	1	0.9951604113195697	false	0	0
PT2-PT1	Cardiometabolic_II	OID30114	2	2	1	0.9951604113195697	false	0	0
PT2-PT1	Oncology	OID21216	2	2	1	0.9951604113195697	false	0	0
PT2-PT1	Inflammation	OID20478	2	2	1	0.9951604113195697	false	0	0
PT2-PT1	Oncology_II	OID31216	2	2	1	0.8974840318589288	false	0	0
PT2-PT1	Inflammation	OID20778	2	2	1	0.9951604113195697	false	0	0
PT2-PT1	Neurology_II	OID30809	2	2	1	0.9951604113195697	false	0	0
PT2-PT1	Cardiometabolic_II	OID30390	2	2	1	0.9951604113195697	false	0	0
PT2-PT1	Inflammation	OID20469	2	2	1	0.9951604113195697	false	0	0
PT2-PT1	Cardiometabolic_II	OID30296	2	2	1	0.9951604113195697	false	0	0
PT2-PT1	Neurology	OID21019	2	2	1	0.9951604113195697	false	0	0
PT2-PT1	Cardiometabolic	OID20120	2	2	1	0.9951604113195697	false	0	0
PT2-PT1	Oncology	OID21509	2	2	1	0.9951604113195697	false	0	0
PT2-PT1	Cardiometabolic_II	OID30281	2	2	1	0.9951604113195697	false	0	0
PT2-PT1	Inflammation	OID20582	2	2	1	0.9951604113195697	false	0	0
PT2-PT1	Cardiometabolic_II	OID30136	2	2	1	0.9951604113195697	false	0	0
PT2-PT1	Oncology_II	OID31354	2	2	1	0.9951604113195697	false	0	0
PT2-PT1	Neurology	OID21115	2	2	1	0.9951604113195697	false	0	0
PT2-PT1	Oncology_II	OID31186	2	2	1	0.9951604113195697	false	0	0
PT2-PT1	Oncology	OID21522	2	2	1	0.9979191426699315	false	0	0
PT2-PT1	Oncology_II	OID31302	2	2	1	0.9951604113195697	false	0	0
PT2-PT1	Cardiometabolic	OID20330	2	2	1	0.9951604113195697	false	0	0
PT2-PT1	Oncology	OID21405	2	2	1	0.9951604113195697	false	0	0
PT2-PT1	Cardiometabolic	OID20074	2	2	1	0.9951604113195697	false	0	0
PT2-PT1	Cardiometabolic	OID20278	2	2	1	0.9951604113195697	false	0	0
PT2-PT1	Cardiometabolic	OID20127	2	2	1	0.9951604113195697	false	0	0
PT2-PT1	Inflammation_II	OID30462	2	2	1	0.9502861830440976	false	0	0
PT2-PT1	Neurology_II	OID30995	2	2	1	0.9951604113195697	false	0	0
PT2-PT1	Oncology	OID21404	2	2	1	0.9951604113195697	false	0	0
PT2-PT1	Cardiometabolic	OID20250	2	2	1	0.9951604113195697	false	0	0
PT2-PT1	Inflammation	OID20723	2	2	1	0.9951604113195697	false	0	0
PT2-PT1	Cardiometabolic_II	OID30357	2	2	1	0.9951604113195697	false	0	0
PT2-PT1	Inflammation	OID20753	2	2	1	0.9951604113195697	false	0	0
PT2-PT1	Neurology	OID21047	2	2	1	0.9951604113195697	false	0	0
PT2-PT1	Oncology_II	OID31378	2	2	1	0.9951604113195697	false	0	0
PT2-PT1	Oncology	OID21222	2	2	1	0.9951604113195697	false	0	0
PT2-PT1	Cardiometabolic	OID20257	2	2	1	0.9979191426699315	false	0	0
PT2-PT1	Neurology_II	OID31083	2	2	1	0.9951604113195697	false	0	0
PT2-PT1	Neurology_II	OID31129	2	2	1	0.9951604113195697	false	0	0
PT2-PT1	Inflammation	OID20452	2	2	1	0.9951604113195697	false	0	0
PT2-PT1	Neurology	OID21000	2	2	1	0.9951604113195697	false	0	0
PT2-PT1	Oncology	OID21422	2	2	1	0.9951604113195697	false	0	0
PT2-PT1	Neurology	OID20990	2	2	1	0.9502861830440976	false	0	0
PT2-PT1	Cardiometabolic_II	OID30260	2	2	1	0.9502861830440976	false	0	0
PT2-PT1	Cardiometabolic	OID20288	2	2	1	0.9951604113195697	false	0	0
PT2-PT1	Oncology_II	OID31472	2	2	1	0.9951604113195697	false	0	0
PT2-PT1	Inflammation_II	OID30520	2	2	1	0.9951604113195697	false	0	0
PT2-PT1	Cardiometabolic_II	OID30377	2	2	1	0.8368737157887016	false	0	0
PT2-PT1	Inflammation_II	OID30461	2	2	1	0.9951604113195697	false	0	0
PT2-PT1	Neurology	OID20818	2	2	1	0.9951604113195697	false	0	0
PT2-PT1	Cardiometabolic_II	OID30093	2	2	1	0.9951604113195697	false	0	0
PT2-PT1	Oncology_II	OID31366	2	2	1	0.6847710830904131	false	0	0
PT2-PT1	Neurology	OID21065	2	2	1	0.6847710830904131	false	0	0
PT2-PT1	Neurology_II	OID30877	2	2	1	0.9951604113195697	false	0	0
PT2-PT1	Oncology	OID21530	2	2	1	0.24317183826631425	false	0	0
PT2-PT1	Inflammation	OID20510	2	2	1	0.9951604113195697	false	0	0
PT2-PT1	Oncology	OID21254	2	2	1	0.9951604113195697	false	0	0
PT2-PT1	Oncology	OID21385	2	2	1	0.9951604113195697	false	0	0
PT2-PT1	Oncology	OID21435	2	2	1	0.9951604113195697	false	0	0
PT2-PT1	Cardiometabolic	OID20294	2	2	1	0.9625778198237628	false	0	0
PT2-PT1	Oncology_II	OID31395	2	2	1	0.9951604113195697	false	0	0
PT2-PT1	Oncology	OID21492	2	2	1	0.9951604113195697	false	0	0
PT2-PT1	Neurology_II	OID30886	2	2	1	0.9951604113195697	false	0	0
PT2-PT1	Cardiometabolic	OID20237	2	2	1	0.9951604113195697	false	0	0
PT2-PT1	Inflammation_II	OID30642	2	2	1	0.9951604113195697	false	0	0
PT2-PT1	Neurology_II	OID30871	2	2	1	0.8368737157887016	false	0	0
PT2-PT1	Neurology_II	OID31116	2	2	1	0.9951604113195697	false	0	0
PT2-PT1	Oncology	OID21505	2	2	1	0.9951604113195697	false	0	0
PT2-PT1	Cardiometabolic_II	OID30264	2	2	1	0.9951604113195697	false	0	0
PT2-PT1	Neurology	OID20878	2	2	1	0.9951604113195697	false	0	0
PT2-PT1	Inflammation_II	OID30566	2	2	1	0.9979191426699315	false	0	0
PT2-PT1	Neurology	OID20853	2	2	1	0.9625778198237628	false	0	0
PT2-PT1	Neurology_II	OID30795	2	2	1	0.9951604113195697	false	0	0
PT2-PT1	Neurology	OID20920	2	2	1	0.9951604113195697	false	0	0
PT2-PT1	Cardiometabolic_II	OID30049	2	2	1	0.9951604113195697	false	0	0
PT2-PT1	Neurology	OID20924	2	2	1	0.9951604113195697	false	0	0
PT2-PT1	Cardiometabolic_II	OID30083	2	2	1	0.9951604113195697	false	0	0
PT2-PT1	Oncology_II	OID31172	2	2	1	0.8368737157887016	false	0	0
PT2-PT1	Neurology_II	OID31014	2	2	1	0.9951604113195697	false	0	0
PT2-PT1	Oncology	OID21463	2	2	1	0.9951604113195697	false	0	0
PT2-PT1	Inflammation_II	OID30775	2	2	1	0.9951604113195697	false	0	0
PT2-PT1	Neurology	OID21048	2	2	1	0.9951604113195697	false	0	0
PT2-PT1	Inflammation	OID20740	2	2	1	0.9951604113195697	false	0	0
PT2-PT1	Inflammation_II	OID30545	2	2	1	0.9951604113195697	false	0	0
PT2-PT1	Oncology_II	OID31499	2	2	1	0.9951604113195697	false	0	0
PT2-PT1	Inflammation	OID20576	2	2	1	0.9951604113195697	false	0	0
PT2-PT1	Cardiometabolic	OID20387	2	2	1	0.9625778198237628	false	0	0
PT2-PT1	Inflammation_II	OID30453	2	2	1	0.9951604113195697	false	0	0
PT2-PT1	Oncology_II	OID31188	2	2	1	0.9275405225070051	false	0	0
PT2-PT1	Cardiometabolic	OID20411	2	2	1	0.9951604113195697	false	0	0
PT2-PT1	Oncology	OID21375	2	2	1	0.9951604113195697	false	0	0
PT2-PT1	Cardiometabolic_II	OID30376	2	2	1	0.9951604113195697	false	0	0
PT2-PT1	Oncology_II	OID31481	2	2	1	0.9951604113195697	false	0	0
PT2-PT1	Inflammation_II	OID30712	2	2	1	0.9951604113195697	false	0	0
PT2-PT1	Inflammation	OID20489	2	2	1	0.7089952253733611	false	0	0
PT2-PT1	Oncology_II	OID31197	2	2	1	0.9894697482354282	false	0	0
PT2-PT1	Cardiometabolic	OID20272	2	2	1	0.9951604113195697	false	0	0
PT2-PT1	Inflammation_II	OID30624	2	2	1	0.999886743532437	false	0	0
PT2-PT1	Inflammation	OID20539	2	2	1	0.9951604113195697	false	0	0
PT2-PT1	Neurology	OID20975	2	2	1	0.9951604113195697	false	0	0
PT2-PT1	Cardiometabolic	OID20156	2	2	1	0.9951604113195697	false	0	0
PT2-PT1	Cardiometabolic	OID20293	2	2	1	0.9951604113195697	false	0	0
PT2-PT1	Inflammation	OID20749	2	2	1	0.9951604113195697	false	0	0
PT2-PT1	Cardiometabolic	OID20129	2	2	1	0.9951604113195697	false	0	0
PT2-PT1	Neurology_II	OID30907	2	2	1	0.9951604113195697	false	0	0
PT2-PT1	Inflammation_II	OID30671	2	2	1	0.9951604113195697	false	0	0
PT2-PT1	Cardiometabolic	OID20380	2	2	1	0.9951604113195697	false	0	0
PT2-PT1	Cardiometabolic	OID20089	2	2	1	0.2991265795595037	false	0	0
PT2-PT1	Inflammation_II	OID30467	2	2	1	0.9951604113195697	false	0	0
PT2-PT1	Oncology_II	OID31256	2	2	1	0.9951604113195697	false	0	0
PT2-PT1	Oncology	OID21527	2	2	1	0.9979191426699315	false	0	0
PT2-PT1	Neurology	OID20965	2	2	1	0.9951604113195697	false	0	0
PT2-PT1	Oncology	OID21402	2	2	1	0.9951604113195697	false	0	0
PT2-PT1	Cardiometabolic	OID20169	2	2	1	0.8368737157887016	false	0	0
PT2-PT1	Oncology	OID21482	2	2	1	0.9951604113195697	false	0	0
PT2-PT1	Inflammation	OID20509	2	2	1	0.9951604113195697	false	0	0
PT2-PT1	Neurology	OID20988	2	2	1	0.9979191426699315	false	0	0
PT2-PT1	Cardiometabolic	OID20210	2	2	1	0.6847710830904131	false	0	0
PT2-PT1	Oncology_II	OID31424	2	2	1	0.9951604113195697	false	0	0
PT2-PT1	Oncology	OID21275	2	2	1	0.9951604113195697	false	0	0
PT2-PT1	Cardiometabolic	OID20171	2	2	1	0.9979191426699315	false	0	0
PT2-PT1	Inflammation_II	OID30589	2	2	1	0.9951604113195697	false	0	0
PT2-PT1	Inflammation_II	OID30573	2	2	1	0.9951604113195697	false	0	0
PT2-PT1	Inflammation_II	OID30535	2	2	1	0.9951604113195697	false	0	0
PT2-PT1	Inflammation	OID20559	2	2	1	0.9951604113195697	false	0	0
PT2-PT1	Oncology	OID21238	2	2	1	0.9951604113195697	false	0	0
PT2-PT1	Oncology	OID21322	2	2	1	0.9951604113195697	false	0	0
PT2-PT1	Neurology	OID21034	2	2	1	0.9951604113195697	false	0	0
PT2-PT1	Inflammation	OID20597	2	2	1	0.9951604113195697	false	0	0
PT2-PT1	Inflammation	OID20553	2	2	1	0.9979191426699315	false	0	0
PT2-PT1	Oncology_II	OID31278	2	2	1	0.9951604113195697	false	0	0
PT2-PT1	Inflammation_II	OID30460	2	2	1	0.9951604113195697	false	0	0
PT2-PT1	Oncology_II	OID31161	2	2	1	0.9951604113195697	false	0	0
PT2-PT1	Neurology_II	OID31080	2	2	1	0.9951604113195697	false	0	0
PT2-PT1	Cardiometabolic	OID20377	2	2	1	0.9951604113195697	false	0	0
PT2-PT1	Inflammation	OID20577	2	2	1	0.9951604113195697	false	0	0
PT2-PT1	Neurology	OID20974	2	2	1	0.9951604113195697	false	0	0
PT2-PT1	Neurology_II	OID30899	2	2	1	0.9951604113195697	false	0	0
PT2-PT1	Inflammation_II	OID30555	2	2	1	0.9979191426699315	false	0	0
PT2-PT1	Cardiometabolic	OID20399	2	2	1	0.9951604113195697	false	0	0
PT2-PT1	Neurology	OID20876	2	2	1	0.9951604113195697	false	0	0
PT2-PT1	Neurology	OID20899	2	2	1	0.9951604113195697	false	0	0
PT2-PT1	Cardiometabolic	OID20398	2	2	1	0.9951604113195697	false	0	0
PT2-PT1	Inflammation_II	OID30542	2	2	1	0.9951604113195697	false	0	0
PT2-PT1	Oncology	OID21196	2	2	1	0.9951604113195697	false	0	0
PT2-PT1	Oncology	OID21198	2	2	1	0.9951604113195697	false	0	0
PT2-PT1	Neurology	OID21138	2	2	1	0.9951604113195697	false	0	0
PT2-PT1	Oncology_II	OID31174	2	2	1	0.9951604113195697	false	0	0
PT2-PT1	Inflammation	OID20678	2	2	1	0.9951604113195697	false	0	0
PT2-PT1	Cardiometabolic	OID20273	2	2	1	0.9951604113195697	false	0	0
PT2-PT1	Oncology	OID21248	2	2	1	0.9951604113195697	false	0	0
PT2-PT1	Neurology_II	OID30921	2	2	1	0.9951604113195697	false	0	0
PT2-PT1	Neurology_II	OID30918	2	2	1	0.9625778198237628	false	0	0
PT2-PT1	Inflammation_II	OID30652	2	2	1	0.9951604113195697	false	0	0
PT2-PT1	Neurology_II	OID30931	2	2	1	0.9979191426699315	false	0	0
PT2-PT1	Cardiometabolic_II	OID30062	2	2	1	0.9951604113195697	false	0	0
PT2-PT1	Inflammation	OID20575	2	2	1	0.9951604113195697	false	0	0
PT2-PT1	Oncology_II	OID31305	2	2	1	0.9951604113195697	false	0	0
PT2-PT1	Oncology	OID21215	2	2	1	0.9951604113195697	false	0	0
PT2-PT1	Neurology	OID20855	2	2	1	0.9951604113195697	false	0	0
PT2-PT1	Inflammation_II	OID30606	2	2	1	0.9951604113195697	false	0	0
PT2-PT1	Neurology_II	OID30892	2	2	1	0.9951604113195697	false	0	0
PT2-PT1	Inflammation_II	OID30765	2	2	1	0.9951604113195697	false	0	0
PT2-PT1	Neurology	OID20851	2	2	1	0.9951604113195697	false	0	0
PT2-PT1	Inflammation_II	OID30758	2	2	1	0.9951604113195697	false	0	0
PT2-PT1	Cardiometabolic_II	OID30230	2	2	1	0.9979191426699315	false	0	0
PT2-PT1	Neurology	OID20828	2	2	1	0.9979191426699315	false	0	0
PT2-PT1	Oncology	OID21514	2	2	1	0.9951604113195697	false	0	0
PT2-PT1	Oncology_II	OID31384	2	2	1	0.9951604113195697	false	0	0
PT2-PT1	Cardiometabolic	OID20142	2	2	1	0.9979191426699315	false	0	0
PT2-PT1	Cardiometabolic	OID20259	2	2	1	0.9951604113195697	false	0	0
PT2-PT1	Inflammation	OID20744	2	2	1	0.9951604113195697	false	0	0
PT2-PT1	Oncology	OID21313	2	2	1	0.9951604113195697	false	0	0
PT2-PT1	Neurology_II	OID30856	2	2	1	0.9951604113195697	false	0	0
PT2-PT1	Cardiometabolic_II	OID30244	2	2	1	0.9951604113195697	false	0	0
PT2-PT1	Cardiometabolic_II	OID30401	2	2	1	0.9951604113195697	false	0	0
PT2-PT1	Inflammation_II	OID30504	2	2	1	0.9979191426699315	false	0	0
PT2-PT1	Inflammation_II	OID30514	2	2	1	0.9951604113195697	false	0	0
PT2-PT1	Inflammation	OID20768	2	2	1	0.9951604113195697	false	0	0
PT2-PT1	Neurology_II	OID30849	2	2	1	0.9951604113195697	false	0	0
PT2-PT1	Neurology_II	OID30860	2	2	1	0.9951604113195697	false	0	0
PT2-PT1	Inflammation_II	OID30523	2	2	1	0.9951604113195697	false	0	0
PT2-PT1	Inflammation_II	OID30688	2	2	1	0.9951604113195697	false	0	0
PT2-PT1	Cardiometabolic	OID20263	2	2	1	0.9951604113195697	false	0	0
PT2-PT1	Neurology_II	OID30943	2	2	1	0.9951604113195697	false	0	0
PT2-PT1	Oncology_II	OID31375	2	2	1	0.9951604113195697	false	0	0
PT2-PT1	Oncology_II	OID31248	2	2	1	0.9951604113195697	false	0	0
PT2-PT1	Oncology	OID21364	2	2	1	0.9951604113195697	false	0	0
PT2-PT1	Inflammation	OID20432	2	2	1	0.9951604113195697	false	0	0
PT2-PT1	Inflammation_II	OID30749	2	2	1	0.9951604113195697	false	0	0
PT2-PT1	Cardiometabolic_II	OID30312	2	2	1	0.6847710830904131	false	0	0
PT2-PT1	Neurology_II	OID31044	2	2	1	0.9951604113195697	false	0	0
PT2-PT1	Neurology_II	OID30825	2	2	1	0.9951604113195697	false	0	0
PT2-PT1	Oncology_II	OID31413	2	2	1	0.9625778198237628	false	0	0
PT2-PT1	Cardiometabolic_II	OID30386	2	2	1	0.9951604113195697	false	0	0
PT2-PT1	Neurology	OID21100	2	2	1	0.9951604113195697	false	0	0
PT2-PT1	Oncology_II	OID31409	2	2	1	0.9951604113195697	false	0	0
PT2-PT1	Cardiometabolic	OID20193	2	2	1	0.47586464726437727	false	0	0
PT2-PT1	Oncology_II	OID31346	2	2	1	0.9502861830440976	false	0	0
PT2-PT1	Cardiometabolic_II	OID30200	2	2	1	0.9951604113195697	false	0	0
PT2-PT1	Cardiometabolic	OID20291	2	2	1	0.9951604113195697	false	0	0
PT2-PT1	Inflammation_II	OID30441	2	2	1	0.9951604113195697	false	0	0
PT2-PT1	Oncology_II	OID31255	2	2	1	0.9951604113195697	false	0	0
PT2-PT1	Cardiometabolic_II	OID30071	2	2	1	0.9951604113195697	false	0	0
PT2-PT1	Cardiometabolic_II	OID30160	2	2	1	0.9951604113195697	false	0	0
PT2-PT1	Cardiometabolic_II	OID30122	2	2	1	0.9951604113195697	false	0	0
PT2-PT1	Oncology_II	OID31502	2	2	1	0.9951604113195697	false	0	0
PT2-PT1	Inflammation_II	OID30755	2	2	1	0.9951604113195697	false	0	0
PT2-PT1	Cardiometabolic_II	OID30165	2	2	1	0.9951604113195697	false	0	0
PT2-PT1	Oncology	OID21398	2	2	1	0.9951604113195697	false	0	0
PT2-PT1	Neurology	OID21066	2	2	1	0.9951604113195697	false	0	0
PT2-PT1	Cardiometabolic	OID20090	2	2	1	0.941375465220064	false	0	0
PT2-PT1	Cardiometabolic	OID20081	2	2	1	0.9951604113195697	false	0	0
PT2-PT1	Oncology	OID21234	2	2	1	0.9951604113195697	false	0	0
PT2-PT1	Neurology	OID20932	2	2	1	0.9951604113195697	false	0	0
PT2-PT1	Oncology_II	OID31450	2	2	1	0.9951604113195697	false	0	0
PT2-PT1	Inflammation	OID20780	2	2	1	0.9951604113195697	false	0	0
PT2-PT1	Cardiometabolic	OID20110	2	2	1	0.9951604113195697	false	0	0
PT2-PT1	Neurology_II	OID30926	2	2	1	0.9951604113195697	false	0	0
PT2-PT1	Neurology	OID21121	2	2	1	0.9951604113195697	false	0	0
PT2-PT1	Cardiometabolic	OID20186	2	2	1	0.9951604113195697	false	0	0
PT2-PT1	Cardiometabolic_II	OID30173	2	2	1	0.9951604113195697	false	0	0
PT2-PT1	Neurology_II	OID30890	2	2	1	0.9979191426699315	false	0	0
PT2-PT1	Inflammation	OID20732	2	2	1	0.9951604113195697	false	0	0
PT2-PT1	Inflammation	OID20610	2	2	1	0.9951604113195697	false	0	0
PT2-PT1	Neurology	OID20796	2	2	1	0.9951604113195697	false	0	0
PT2-PT1	Cardiometabolic_II	OID30227	2	2	1	0.9951604113195697	false	0	0
PT2-PT1	Cardiometabolic	OID20358	2	2	1	0.9951604113195697	false	0	0
PT2-PT1	Cardiometabolic	OID20393	2	2	1	0.8368737157887016	false	0	0
PT2-PT1	Cardiometabolic	OID20141	2	2	1	0.9951604113195697	false	0	0
PT2-PT1	Neurology_II	OID30905	2	2	1	0.9951604113195697	false	0	0
PT2-PT1	Neurology_II	OID31055	2	2	1	0.9951604113195697	false	0	0
PT2-PT1	Cardiometabolic_II	OID30292	2	2	1	0.9951604113195697	false	0	0
PT2-PT1	Oncology	OID21481	2	2	1	0.9951604113195697	false	0	0
PT2-PT1	Cardiometabolic_II	OID30196	2	2	1	0.9951604113195697	false	0	0
PT2-PT1	Inflammation_II	OID30731	2	2	1	0.9979191426699315	false	0	0
PT2-PT1	Oncology	OID21460	2	2	1	0.9951604113195697	false	0	0
PT2-PT1	Inflammation_II	OID30430	2	2	1	0.9951604113195697	false	0	0
PT2-PT1	Cardiometabolic_II	OID30419	2	2	1	0.9951604113195697	false	0	0
PT2-PT1	Neurology_II	OID30882	2	2	1	0.9951604113195697	false	0	0
PT2-PT1	Cardiometabolic	OID20214	2	2	1	0.8974840318589288	false	0	0
PT2-PT1	Neurology_II	OID30927	2	2	1	0.9951604113195697	false	0	0
PT2-PT1	Cardiometabolic	OID20254	2	2	1	0.9951604113195697	false	0	0
PT2-PT1	Cardiometabolic	OID20182	2	2	1	0.9951604113195697	false	0	0
PT2-PT1	Neurology_II	OID30840	2	2	1	0.9951604113195697	false	0	0
PT2-PT1	Inflammation_II	OID30526	2	2	1	0.9951604113195697	false	0	0
PT2-PT1	Oncology_II	OID31309	2	2	1	0.9951604113195697	false	0	0
PT2-PT1	Oncology_II	OID31181	2	2	1	0.9951604113195697	false	0	0
PT2-PT1	Inflammation	OID20721	2	2	1	0.9951604113195697	false	0	0
PT2-PT1	Oncology	OID21166	2	2	1	0.9951604113195697	false	0	0
PT2-PT1	Neurology	OID20987	2	2	1	0.9951604113195697	false	0	0
PT2-PT1	Cardiometabolic	OID20153	2	2	1	0.9951604113195697	false	0	0
PT2-PT1	Oncology	OID21270	2	2	1	0.9951604113195697	false	0	0
PT2-PT1	Cardiometabolic	OID20251	2	2	1	0.9951604113195697	false	0	0
PT2-PT1	Neurology	OID20955	2	2	1	0.9951604113195697	false	0	0
PT2-PT1	Oncology	OID21464	2	2	1	0.9951604113195697	false	0	0
PT2-PT1	Cardiometabolic_II	OID30226	2	2	1	0.9951604113195697	false	0	0
PT2-PT1	Neurology	OID20993	2	2	1	0.9951604113195697	false	0	0
PT2-PT1	Inflammation_II	OID30528	2	2	1	0.9951604113195697	false	0	0
PT2-PT1	Neurology	OID20808	2	2	1	0.9951604113195697	false	0	0
PT2-PT1	Inflammation	OID20784	2	2	1	0.9951604113195697	false	0	0
PT2-PT1	Inflammation	OID20656	2	2	1	0.9951604113195697	false	0	0
PT2-PT1	Cardiometabolic_II	OID30398	2	2	1	0.041548298674816575	true	1	1
PT2-PT1	Oncology_II	OID31325	2	2	1	0.9951604113195697	false	0	0
PT2-PT1	Oncology	OID21408	2	2	1	0.9951604113195697	false	0	0
PT2-PT1	Inflammation	OID20613	2	2	1	0.9951604113195697	false	0	0
PT2-PT1	Neurology	OID20819	2	2	1	0.9951604113195697	false	0	0
PT2-PT1	Neurology	OID21153	2	2	1	0.9951604113195697	false	0	0
PT2-PT1	Oncology	OID21312	2	2	1	0.9951604113195697	false	0	0
PT2-PT1	Cardiometabolic_II	OID30054	2	2	1	0.9951604113195697	false	0	0
PT2-PT1	Oncology	OID21475	2	2	1	0.9951604113195697	false	0	0
PT2-PT1	Oncology	OID21426	2	2	1	0.9625778198237628	false	0	0
PT2-PT1	Cardiometabolic_II	OID30184	2	2	1	0.9951604113195697	false	0	0
PT2-PT1	Cardiometabolic_II	OID30104	2	2	1	0.11299354244427467	false	0	0
PT2-PT1	Oncology	OID21299	2	2	1	0.9951604113195697	false	0	0
PT2-PT1	Inflammation_II	OID30423	2	2	1	0.9951604113195697	false	0	0
PT2-PT1	Oncology_II	OID31268	2	2	1	0.9951604113195697	false	0	0
PT2-PT1	Inflammation_II	OID30550	2	2	1	0.9951604113195697	false	0	0
PT2-PT1	Cardiometabolic	OID20067	2	2	1	0.9979191426699315	false	0	0
PT2-PT1	Inflammation_II	OID30680	2	2	1	0.9979191426699315	false	0	0
PT2-PT1	Neurology	OID21063	2	2	1	0.9951604113195697	false	0	0
PT2-PT1	Inflammation_II	OID30708	2	2	1	0.9951604113195697	false	0	0
PT2-PT1	Cardiometabolic_II	OID30101	2	2	1	0.9951604113195697	false	0	0
PT2-PT1	Cardiometabolic_II	OID30214	2	2	1	0.9951604113195697	false	0	0
PT2-PT1	Inflammation	OID20616	2	2	1	0.9951604113195697	false	0	0
PT2-PT1	Cardiometabolic_II	OID30251	2	2	1	0.9951604113195697	false	0	0
PT2-PT1	Neurology_II	OID30983	2	2	1	0.9951604113195697	false	0	0
PT2-PT1	Inflammation_II	OID30494	2	2	1	0.9951604113195697	false	0	0
PT2-PT1	Oncology_II	OID31203	2	2	1	0.9951604113195697	false	0	0
PT2-PT1	Neurology	OID20941	2	2	1	0.9951604113195697	false	0	0
PT2-PT1	Neurology_II	OID30969	2	2	1	0.9951604113195697	false	0	0
PT2-PT1	Inflammation	OID20542	2	2	1	0.9979191426699315	false	0	0
PT2-PT1	Neurology_II	OID31037	2	2	1	0.9951604113195697	false	0	0
PT2-PT1	Cardiometabolic	OID20265	2	2	1	0.9951604113195697	false	0	0
PT2-PT1	Inflammation	OID20618	2	2	1	0.9951604113195697	false	0	0
PT2-PT1	Neurology_II	OID30982	2	2	1	0.9951604113195697	false	0	0
PT2-PT1	Inflammation	OID20701	2	2	1	0.9951604113195697	false	0	0
PT2-PT1	Oncology_II	OID31306	2	2	1	0.421096884573178	false	0	0
PT2-PT1	Oncology	OID21372	2	2	1	0.9593214092583979	false	0	0
PT2-PT1	Cardiometabolic	OID20150	2	2	1	0.9951604113195697	false	0	0
PT2-PT1	Cardiometabolic	OID20070	2	2	1	0.9951604113195697	false	0	0
PT2-PT1	Inflammation	OID20716	2	2	1	0.9951604113195697	false	0	0
PT2-PT1	Neurology	OID20812	2	2	1	0.9979191426699315	false	0	0
PT2-PT1	Oncology	OID21327	2	2	1	0.9951604113195697	false	0	0
PT2-PT1	Neurology	OID20994	2	2	1	0.9951604113195697	false	0	0
PT2-PT1	Neurology_II	OID30824	2	2	1	0.921616656762061	false	0	0
PT2-PT1	Cardiometabolic_II	OID30125	2	2	1	0.9951604113195697	false	0	0
PT2-PT1	Cardiometabolic	OID20375	2	2	1	0.8414123384760958	false	0	0
PT2-PT1	Neurology	OID21030	2	2	1	0.9951604113195697	false	0	0
PT2-PT1	Neurology_II	OID31131	2	2	1	0.9951604113195697	false	0	0
PT2-PT1	Cardiometabolic_II	OID30284	2	2	1	0.9951604113195697	false	0	0
PT2-PT1	Inflammation_II	OID30463	2	2	1	0.9979191426699315	false	0	0
PT2-PT1	Inflammation	OID20475	2	2	1	0.9951604113195697	false	0	0
PT2-PT1	Neurology_II	OID30793	2	2	1	0.9951604113195697	false	0	0
PT2-PT1	Cardiometabolic	OID20077	2	2	1	0.8972742798570328	false	0	0
PT2-PT1	Cardiometabolic_II	OID30332	2	2	1	0.9502861830440976	false	0	0
PT2-PT1	Cardiometabolic	OID20188	2	2	1	0.9951604113195697	false	0	0
PT2-PT1	Neurology_II	OID30941	2	2	1	0.9951604113195697	false	0	0
PT2-PT1	Cardiometabolic	OID20372	2	2	1	0.9951604113195697	false	0	0
PT2-PT1	Neurology_II	OID30947	2	2	1	0.9951604113195697	false	0	0
PT2-PT1	Cardiometabolic_II	OID30354	2	2	1	0.9951604113195697	false	0	0
PT2-PT1	Cardiometabolic	OID20402	2	2	1	0.9951604113195697	false	0	0
PT2-PT1	Cardiometabolic	OID20180	2	2	1	0.9951604113195697	false	0	0
PT2-PT1	Oncology_II	OID31341	2	2	1	0.9951604113195697	false	0	0
PT2-PT1	Inflammation	OID20783	2	2	1	0.9951604113195697	false	0	0
PT2-PT1	Inflammation_II	OID30522	2	2	1	0.9951604113195697	false	0	0
PT2-PT1	Cardiometabolic	OID20403	2	2	1	0.9951604113195697	false	0	0
PT2-PT1	Cardiometabolic	OID20245	2	2	1	0.9951604113195697	false	0	0
PT2-PT1	Inflammation	OID20671	2	2	1	0.9951604113195697	false	0	0
PT2-PT1	Cardiometabolic	OID20382	2	2	1	0.9655285372207307	false	0	0
PT2-PT1	Neurology	OID20847	2	2	1	0.9951604113195697	false	0	0
PT2-PT1	Cardiometabolic	OID20185	2	2	1	0.9951604113195697	false	0	0
PT2-PT1	Cardiometabolic_II	OID30151	2	2	1	0.9951604113195697	false	0	0
PT2-PT1	Neurology_II	OID31094	2	2	1	0.9951604113195697	false	0	0
PT2-PT1	Neurology_II	OID30815	2	2	1	0.9951604113195697	false	0	0
PT2-PT1	Oncology	OID21214	2	2	1	0.9951604113195697	false	0	0
PT2-PT1	Inflammation	OID20500	2	2	1	0.9951604113195697	false	0	0
PT2-PT1	Inflammation	OID20604	2	2	1	0.9951604113195697	false	0	0
PT2-PT1	Oncology_II	OID31406	2	2	1	0.9951604113195697	false	0	0
PT2-PT1	Neurology_II	OID30808	2	2	1	0.9951604113195697	false	0	0
PT2-PT1	Oncology_II	OID31503	2	2	1	0.9951604113195697	false	0	0
PT2-PT1	Cardiometabolic	OID20327	2	2	1	0.9951604113195697	false	0	0
PT2-PT1	Oncology_II	OID31500	2	2	1	0.9951604113195697	false	0	0
PT2-PT1	Cardiometabolic	OID20197	2	2	1	0.9951604113195697	false	0	0
PT2-PT1	Neurology	OID21050	2	2	1	0.9951604113195697	false	0	0
PT2-PT1	Oncology	OID21245	2	2	1	0.9951604113195697	false	0	0
PT2-PT1	Inflammation_II	OID30427	2	2	1	0.9951604113195697	false	0	0
PT2-PT1	Cardiometabolic_II	OID30257	2	2	1	0.9951604113195697	false	0	0
PT2-PT1	Inflammation	OID20535	2	2	1	0.9979191426699315	false	0	0
PT2-PT1	Cardiometabolic	OID20400	2	2	1	0.9951604113195697	false	0	0
PT2-PT1	Cardiometabolic_II	OID30142	2	2	1	0.9951604113195697	false	0	0
PT2-PT1	Oncology_II	OID31290	2	2	1	0.9951604113195697	false	0	0
PT2-PT1	Oncology	OID21175	2	2	1	0.9951604113195697	false	0	0
PT2-PT1	Oncology	OID21282	2	2	1	0.9951604113195697	false	0	0
PT2-PT1	Neurology_II	OID30979	2	2	1	0.9951604113195697	false	0	0
PT2-PT1	Cardiometabolic_II	OID30113	2	2	1	0.9951604113195697	false	0	0
PT2-PT1	Oncology	OID21351	2	2	1	0.9951604113195697	false	0	0
PT2-PT1	Neurology_II	OID30837	2	2	1	0.9951604113195697	false	0	0
PT2-PT1	Oncology_II	OID31177	2	2	1	0.9951604113195697	false	0	0
PT2-PT1	Neurology	OID21128	2	2	1	0.9951604113195697	false	0	0
PT2-PT1	Inflammation_II	OID30638	2	2	1	0.9951604113195697	false	0	0
PT2-PT1	Oncology_II	OID31526	2	2	1	0.9951604113195697	false	0	0
PT2-PT1	Inflammation	OID20695	2	2	1	0.9979191426699315	false	0	0
PT2-PT1	Neurology	OID21118	2	2	1	0.9951604113195697	false	0	0
PT2-PT1	Cardiometabolic	OID20351	2	2	1	0.9951604113195697	false	0	0
PT2-PT1	Oncology	OID21502	2	2	1	0.9502861830440976	false	0	0
PT2-PT1	Cardiometabolic	OID20337	2	2	1	0.9951604113195697	false	0	0
PT2-PT1	Cardiometabolic	OID20363	2	2	1	0.9951604113195697	false	0	0
PT2-PT1	Cardiometabolic	OID20269	2	2	1	0.9951604113195697	false	0	0
PT2-PT1	Inflammation_II	OID30750	2	2	1	0.9951604113195697	false	0	0
PT2-PT1	Oncology	OID21361	2	2	1	0.9951604113195697	false	0	0
PT2-PT1	Cardiometabolic_II	OID30265	2	2	1	0.9951604113195697	false	0	0
PT2-PT1	Cardiometabolic	OID20079	2	2	1	0.9625778198237628	false	0	0
PT2-PT1	Oncology	OID21274	2	2	1	0.9951604113195697	false	0	0
PT2-PT1	Inflammation_II	OID30646	2	2	1	0.9951604113195697	false	0	0
PT2-PT1	Oncology_II	OID31431	2	2	1	0.9951604113195697	false	0	0
PT2-PT1	Cardiometabolic	OID20310	2	2	1	0.9951604113195697	false	0	0
PT2-PT1	Oncology	OID21518	2	2	1	0.9951604113195697	false	0	0
PT2-PT1	Oncology	OID21239	2	2	1	0.8414123384760958	false	0	0
PT2-PT1	Neurology_II	OID30862	2	2	1	0.921616656762061	false	0	0
PT2-PT1	Neurology_II	OID30910	2	2	1	0.9951604113195697	false	0	0
PT2-PT1	Oncology_II	OID31228	2	2	1	0.9951604113195697	false	0	0
PT2-PT1	Cardiometabolic_II	OID30276	2	2	1	0.9951604113195697	false	0	0
PT2-PT1	Cardiometabolic_II	OID30095	2	2	1	0.9951604113195697	false	0	0
PT2-PT1	Inflammation	OID20626	2	2	1	0.9625778198237628	false	0	0
PT2-PT1	Cardiometabolic_II	OID30178	2	2	1	0.9951604113195697	false	0	0
PT2-PT1	Cardiometabolic_II	OID30268	2	2	1	0.9951604113195697	false	0	0
PT2-PT1	Oncology_II	OID31398	2	2	1	0.9951604113195697	false	0	0
PT2-PT1	Inflammation	OID20599	2	2	1	0.9951604113195697	false	0	0
PT2-PT1	Neurology_II	OID31011	2	2	1	0.9951604113195697	false	0	0
PT2-PT1	Neurology_II	OID30827	2	2	1	0.9951604113195697	false	0	0
PT2-PT1	Cardiometabolic	OID20248	2	2	1	0.9951604113195697	false	0	0
PT2-PT1	Inflammation_II	OID30436	2	2	1	0.9951604113195697	false	0	0
PT2-PT1	Inflammation_II	OID30706	2	2	1	0.9951604113195697	false	0	0
PT2-PT1	Inflammation_II	OID30496	2	2	1	0.9951604113195697	false	0	0
PT2-PT1	Inflammation_II	OID30584	2	2	1	0.9951604113195697	false	0	0
PT2-PT1	Oncology_II	OID31252	2	2	1	0.9951604113195697	false	0	0
PT2-PT1	Cardiometabolic_II	OID30096	2	2	1	0.9951604113195697	false	0	0
PT2-PT1	Inflammation	OID20641	2	2	1	0.9951604113195697	false	0	0
PT2-PT1	Inflammation	OID20676	2	2	1	0.9951604113195697	false	0	0
PT2-PT1	Inflammation_II	OID30588	2	2	1	0.9951604113195697	false	0	0
PT2-PT1	Cardiometabolic_II	OID30287	2	2	1	0.9951604113195697	false	0	0
PT2-PT1	Inflammation	OID20471	2	2	1	0.9951604113195697	false	0	0
PT2-PT1	Cardiometabolic	OID20395	2	2	1	0.9991395494835748	false	0	0
PT2-PT1	Inflammation	OID20730	2	2	1	0.9951604113195697	false	0	0
PT2-PT1	Oncology	OID21441	2	2	1	0.9951604113195697	false	0	0
PT2-PT1	Inflammation	OID20710	2	2	1	0.9979191426699315	false	0	0
PT2-PT1	Inflammation_II	OID30602	2	2	1	0.9951604113195697	false	0	0
PT2-PT1	Inflammation	OID20690	2	2	1	0.9951604113195697	false	0	0
PT2-PT1	Oncology_II	OID31167	2	2	1	0.9951604113195697	false	0	0
PT2-PT1	Neurology_II	OID31067	2	2	1	0.9951604113195697	false	0	0
PT2-PT1	Inflammation_II	OID30576	2	2	1	0.9951604113195697	false	0	0
PT2-PT1	Inflammation_II	OID30498	2	2	1	0.9951604113195697	false	0	0
PT2-PT1	Cardiometabolic	OID20401	2	2	1	0.8956543062625636	false	0	0
PT2-PT1	Inflammation	OID20657	2	2	1	0.9625778198237628	false	0	0
PT2-PT1	Oncology_II	OID31488	2	2	1	0.9951604113195697	false	0	0
PT2-PT1	Oncology_II	OID31519	2	2	1	0.9951604113195697	false	0	0
PT2-PT1	Cardiometabolic_II	OID30088	2	2	1	0.9951604113195697	false	0	0
PT2-PT1	Oncology_II	OID31427	2	2	1	0.9951604113195697	false	0	0
PT2-PT1	Oncology	OID21445	2	2	1	0.9951604113195697	false	0	0
PT2-PT1	Inflammation_II	OID30752	2	2	1	0.9951604113195697	false	0	0
PT2-PT1	Oncology	OID21427	2	2	1	0.9951604113195697	false	0	0
PT2-PT1	Cardiometabolic	OID20202	2	2	1	0.9951604113195697	false	0	0
PT2-PT1	Inflammation	OID20548	2	2	1	0.9951604113195697	false	0	0
PT2-PT1	Neurology	OID21131	2	2	1	0.9951604113195697	false	0	0
PT2-PT1	Oncology	OID21453	2	2	1	0.9951604113195697	false	0	0
PT2-PT1	Cardiometabolic	OID20103	2	2	1	0.9951604113195697	false	0	0
PT2-PT1	Neurology_II	OID30936	2	2	1	0.9951604113195697	false	0	0
PT2-PT1	Oncology	OID21224	2	2	1	0.9951604113195697	false	0	0
PT2-PT1	Neurology	OID20830	2	2	1	0.7089952253733611	false	0	0
PT2-PT1	Inflammation	OID20615	2	2	1	0.9951604113195697	false	0	0
PT2-PT1	Cardiometabolic_II	OID30254	2	2	1	0.9951604113195697	false	0	0
PT2-PT1	Oncology_II	OID31351	2	2	1	0.9951604113195697	false	0	0
PT2-PT1	Cardiometabolic_II	OID30351	2	2	1	0.9951604113195697	false	0	0
PT2-PT1	Inflammation_II	OID30543	2	2	1	0.9951604113195697	false	0	0
PT2-PT1	Neurology_II	OID31130	2	2	1	0.9951604113195697	false	0	0
PT2-PT1	Cardiometabolic_II	OID30075	2	2	1	0.9951604113195697	false	0	0
PT2-PT1	Cardiometabolic_II	OID30119	2	2	1	0.9951604113195697	false	0	0
PT2-PT1	Neurology	OID20933	2	2	1	0.9951604113195697	false	0	0
PT2-PT1	Inflammation_II	OID30639	2	2	1	0.9951604113195697	false	0	0
PT2-PT1	Inflammation	OID20456	2	2	1	0.9951604113195697	false	0	0
PT2-PT1	Cardiometabolic_II	OID30163	2	2	1	0.9951604113195697	false	0	0
PT2-PT1	Inflammation	OID20619	2	2	1	0.9951604113195697	false	0	0
PT2-PT1	Cardiometabolic_II	OID30381	2	2	1	0.9951604113195697	false	0	0
PT2-PT1	Cardiometabolic_II	OID30307	2	2	1	0.9951604113195697	false	0	0
PT2-PT1	Neurology_II	OID31141	2	2	1	0.9951604113195697	false	0	0
PT2-PT1	Cardiometabolic_II	OID30385	2	2	1	0.9951604113195697	false	0	0
PT2-PT1	Cardiometabolic	OID20280	2	2	1	0.9951604113195697	false	0	0
PT2-PT1	Cardiometabolic_II	OID30155	2	2	1	0.8870183540111473	false	0	0
PT2-PT1	Inflammation_II	OID30784	2	2	1	0.9951604113195697	false	0	0
PT2-PT1	Inflammation_II	OID30581	2	2	1	0.9951604113195697	false	0	0
PT2-PT1	Oncology_II	OID31267	2	2	1	0.9951604113195697	false	0	0
PT2-PT1	Neurology	OID20838	2	2	1	0.9951604113195697	false	0	0
PT2-PT1	Cardiometabolic_II	OID30411	2	2	1	0.9951604113195697	false	0	0
PT2-PT1	Cardiometabolic	OID20102	2	2	1	0.9951604113195697	false	0	0
PT2-PT1	Cardiometabolic	OID20105	2	2	1	0.9951604113195697	false	0	0
PT2-PT1	Neurology_II	OID30880	2	2	1	0.9951604113195697	false	0	0
PT2-PT1	Cardiometabolic_II	OID30117	2	2	1	0.9951604113195697	false	0	0
PT2-PT1	Cardiometabolic_II	OID30061	2	2	1	0.9951604113195697	false	0	0
PT2-PT1	Inflammation_II	OID30788	2	2	1	0.9951604113195697	false	0	0
PT2-PT1	Inflammation_II	OID30721	2	2	1	0.9951604113195697	false	0	0
PT2-PT1	Neurology	OID20798	2	2	1	0.9951604113195697	false	0	0
PT2-PT1	Cardiometabolic	OID20332	2	2	1	0.9951604113195697	false	0	0
PT2-PT1	Inflammation_II	OID30730	2	2	1	0.9951604113195697	false	0	0
PT2-PT1	Cardiometabolic_II	OID30146	2	2	1	0.9951604113195697	false	0	0
PT2-PT1	Neurology_II	OID30945	2	2	1	0.9951604113195697	false	0	0
PT2-PT1	Neurology_II	OID31108	2	2	1	0.9951604113195697	false	0	0
PT2-PT1	Neurology_II	OID31136	2	2	1	0.9951604113195697	false	0	0
PT2-PT1	Inflammation	OID20711	2	2	1	0.9979191426699315	false	0	0
PT2-PT1	Inflammation	OID20563	2	2	1	0.9951604113195697	false	0	0
PT2-PT1	Inflammation	OID20715	2	2	1	0.9593214092583979	false	0	0
PT2-PT1	Cardiometabolic_II	OID30149	2	2	1	0.9951604113195697	false	0	0
PT2-PT1	Oncology	OID21496	2	2	1	0.9951604113195697	false	0	0
PT2-PT1	Inflammation	OID20506	2	2	1	0.9951604113195697	false	0	0
PT2-PT1	Cardiometabolic	OID20069	2	2	1	0.9951604113195697	false	0	0
PT2-PT1	Neurology	OID20982	2	2	1	0.9951604113195697	false	0	0
PT2-PT1	Neurology	OID21006	2	2	1	0.9951604113195697	false	0	0
PT2-PT1	Oncology	OID21356	2	2	1	0.9951604113195697	false	0	0
PT2-PT1	Cardiometabolic_II	OID30064	2	2	1	0.9951604113195697	false	0	0
PT2-PT1	Oncology	OID21294	2	2	1	0.9951604113195697	false	0	0
PT2-PT1	Neurology_II	OID30883	2	2	1	0.9951604113195697	false	0	0
PT2-PT1	Oncology	OID21491	2	2	1	0.9979191426699315	false	0	0
PT2-PT1	Oncology	OID21172	2	2	1	0.9951604113195697	false	0	0
PT2-PT1	Oncology	OID21344	2	2	1	0.9625778198237628	false	0	0
PT2-PT1	Inflammation	OID20459	2	2	1	0.9951604113195697	false	0	0
PT2-PT1	Neurology	OID20887	2	2	1	0.9951604113195697	false	0	0
PT2-PT1	Neurology	OID20835	2	2	1	0.9951604113195697	false	0	0
PT2-PT1	Cardiometabolic	OID20371	2	2	1	0.9951604113195697	false	0	0
PT2-PT1	Inflammation_II	OID30697	2	2	1	0.9951604113195697	false	0	0
PT2-PT1	Inflammation	OID20667	2	2	1	0.9951604113195697	false	0	0
PT2-PT1	Neurology	OID20914	2	2	1	0.9951604113195697	false	0	0
PT2-PT1	Cardiometabolic	OID20308	2	2	1	0.9951604113195697	false	0	0
PT2-PT1	Oncology	OID21264	2	2	1	0.9951604113195697	false	0	0
PT2-PT1	Inflammation_II	OID30591	2	2	1	0.9951604113195697	false	0	0
PT2-PT1	Oncology	OID21437	2	2	1	0.9951604113195697	false	0	0
PT2-PT1	Inflammation_II	OID30717	2	2	1	0.9951604113195697	false	0	0
PT2-PT1	Neurology_II	OID30956	2	2	1	0.9951604113195697	false	0	0
PT2-PT1	Neurology	OID21119	2	2	1	0.9951604113195697	false	0	0
PT2-PT1	Inflammation	OID20754	2	2	1	0.4336523901627007	false	0	0
PT2-PT1	Inflammation_II	OID30457	2	2	1	0.9951604113195697	false	0	0
PT2-PT1	Oncology_II	OID31245	2	2	1	0.9951604113195697	false	0	0
PT2-PT1	Oncology	OID21480	2	2	1	0.9979191426699315	false	0	0
PT2-PT1	Inflammation_II	OID30722	2	2	1	0.8414123384760958	false	0	0
PT2-PT1	Inflammation	OID20760	2	2	1	0.9951604113195697	false	0	0
PT2-PT1	Inflammation	OID20534	2	2	1	0.9951604113195697	false	0	0
PT2-PT1	Cardiometabolic_II	OID30396	2	2	1	0.9951604113195697	false	0	0
PT2-PT1	Oncology_II	OID31215	2	2	1	0.9951604113195697	false	0	0
PT2-PT1	Inflammation	OID20590	2	2	1	0.9951604113195697	false	0	0
PT2-PT1	Cardiometabolic	OID20068	2	2	1	0.9951604113195697	false	0	0
PT2-PT1	Oncology_II	OID31486	2	2	1	0.9951604113195697	false	0	0
PT2-PT1	Oncology_II	OID31328	2	2	1	0.9951604113195697	false	0	0
PT2-PT1	Neurology	OID20894	2	2	1	0.9951604113195697	false	0	0
PT2-PT1	Oncology_II	OID31382	2	2	1	0.9951604113195697	false	0	0
PT2-PT1	Oncology_II	OID31175	2	2	1	0.9951604113195697	false	0	0
PT2-PT1	Cardiometabolic_II	OID30185	2	2	1	0.9951604113195697	false	0	0
PT2-PT1	Neurology_II	OID30985	2	2	1	0.6678049647858526	false	0	0
PT2-PT1	Oncology_II	OID31164	2	2	1	0.9951604113195697	false	0	0
PT2-PT1	Oncology	OID21371	2	2	1	0.9951604113195697	false	0	0
PT2-PT1	Neurology_II	OID30811	2	2	1	0.9951604113195697	false	0	0
PT2-PT1	Inflammation_II	OID30478	2	2	1	0.9951604113195697	false	0	0
PT2-PT1	Oncology	OID21503	2	2	1	0.9951604113195697	false	0	0
PT2-PT1	Cardiometabolic_II	OID30103	2	2	1	0.9951604113195697	false	0	0
PT2-PT1	Cardiometabolic	OID20206	2	2	1	0.9951604113195697	false	0	0
PT2-PT1	Inflammation	OID20646	2	2	1	0.9951604113195697	false	0	0
PT2-PT1	Cardiometabolic	OID20383	2	2	1	0.9951604113195697	false	0	0
PT2-PT1	Inflammation	OID20603	2	2	1	0.9951604113195697	false	0	0
PT2-PT1	Inflammation_II	OID30676	2	2	1	0.9951604113195697	false	0	0
PT2-PT1	Inflammation	OID20720	2	2	1	0.9951604113195697	false	0	0
PT2-PT1	Inflammation	OID20513	2	2	1	0.9951604113195697	false	0	0
PT2-PT1	Neurology	OID21137	2	2	1	0.9951604113195697	false	0	0
PT2-PT1	Inflammation_II	OID30517	2	2	1	0.9502861830440976	false	0	0
PT2-PT1	Inflammation_II	OID30429	2	2	1	0.9951604113195697	false	0	0
PT2-PT1	Oncology_II	OID31277	2	2	1	0.9951604113195697	false	0	0
PT2-PT1	Inflammation	OID20501	2	2	1	0.9951604113195697	false	0	0
PT2-PT1	Cardiometabolic	OID20052	2	2	1	0.9951604113195697	false	0	0
PT2-PT1	Cardiometabolic_II	OID30191	2	2	1	0.8974840318589288	false	0	0
PT2-PT1	Neurology_II	OID31060	2	2	1	0.9951604113195697	false	0	0
PT2-PT1	Inflammation	OID20435	2	2	1	0.9951604113195697	false	0	0
PT2-PT1	Inflammation	OID20547	2	2	1	0.9951604113195697	false	0	0
PT2-PT1	Inflammation	OID20719	2	2	1	0.8368737157887016	false	0	0
PT2-PT1	Oncology_II	OID31332	2	2	1	0.9951604113195697	false	0	0
PT2-PT1	Neurology_II	OID31053	2	2	1	0.9951604113195697	false	0	0
PT2-PT1	Inflammation_II	OID30707	2	2	1	0.9951604113195697	false	0	0
PT2-PT1	Cardiometabolic	OID20101	2	2	1	0.9951604113195697	false	0	0
PT2-PT1	Inflammation_II	OID30670	2	2	1	0.9951604113195697	false	0	0
PT2-PT1	Cardiometabolic_II	OID30378	2	2	1	0.9951604113195697	false	0	0
PT2-PT1	Oncology	OID21290	2	2	1	0.9951604113195697	false	0	0
PT2-PT1	Oncology	OID21209	2	2	1	0.9951604113195697	false	0	0
PT2-PT1	Oncology	OID21444	2	2	1	0.9951604113195697	false	0	0
PT2-PT1	Oncology	OID21499	2	2	1	0.9951604113195697	false	0	0
PT2-PT1	Oncology	OID21301	2	2	1	0.9979191426699315	false	0	0
PT2-PT1	Cardiometabolic_II	OID30078	2	2	1	0.8974840318589288	false	0	0
PT2-PT1	Inflammation	OID20494	2	2	1	0.9951604113195697	false	0	0
PT2-PT1	Cardiometabolic	OID20301	2	2	1	0.9951604113195697	false	0	0
PT2-PT1	Inflammation	OID20490	2	2	1	0.9951604113195697	false	0	0
PT2-PT1	Cardiometabolic_II	OID30391	2	2	1	0.9951604113195697	false	0	0
PT2-PT1	Inflammation	OID20420	2	2	1	0.9951604113195697	false	0	0
PT2-PT1	Oncology_II	OID31439	2	2	1	0.9951604113195697	false	0	0
PT2-PT1	Oncology_II	OID31349	2	2	1	0.9625778198237628	false	0	0
PT2-PT1	Oncology_II	OID31212	2	2	1	0.9951604113195697	false	0	0
PT2-PT1	Neurology	OID20915	2	2	1	0.9951604113195697	false	0	0
PT2-PT1	Oncology	OID21507	2	2	1	0.9951604113195697	false	0	0
PT2-PT1	Inflammation	OID20772	2	2	1	0.9951604113195697	false	0	0
PT2-PT1	Oncology_II	OID31261	2	2	1	0.9951604113195697	false	0	0
PT2-PT1	Neurology	OID20832	2	2	1	0.8217692069677823	false	0	0
PT2-PT1	Cardiometabolic_II	OID30270	2	2	1	0.9951604113195697	false	0	0
PT2-PT1	Neurology	OID20996	2	2	1	0.9951604113195697	false	0	0
PT2-PT1	Inflammation_II	OID30564	2	2	1	0.9625778198237628	false	0	0
PT2-PT1	Cardiometabolic_II	OID30275	2	2	1	0.9951604113195697	false	0	0
PT2-PT1	Neurology	OID21076	2	2	1	0.9951604113195697	false	0	0
PT2-PT1	Cardiometabolic	OID20179	2	2	1	0.9951604113195697	false	0	0
PT2-PT1	Inflammation_II	OID30533	2	2	1	0.9984804550089146	false	0	0
PT2-PT1	Oncology_II	OID31365	2	2	1	0.9979191426699315	false	0	0
PT2-PT1	Oncology_II	OID31522	2	2	1	0.9951604113195697	false	0	0
PT2-PT1	Cardiometabolic	OID20407	2	2	1	0.9951604113195697	false	0	0
PT2-PT1	Oncology	OID21347	2	2	1	0.9951604113195697	false	0	0
PT2-PT1	Neurology	OID21109	2	2	1	0.9951604113195697	false	0	0
PT2-PT1	Oncology	OID21369	2	2	1	0.9951604113195697	false	0	0
PT2-PT1	Neurology_II	OID31084	2	2	1	0.9951604113195697	false	0	0
PT2-PT1	Inflammation	OID20520	2	2	1	0.9951604113195697	false	0	0
PT2-PT1	Neurology_II	OID30977	2	2	1	0.9625778198237628	false	0	0
PT2-PT1	Cardiometabolic_II	OID30330	2	2	1	0.8422855044736588	false	0	0
PT2-PT1	Cardiometabolic_II	OID30355	2	2	1	0.9951604113195697	false	0	0
PT2-PT1	Cardiometabolic_II	OID30231	2	2	1	0.9951604113195697	false	0	0
PT2-PT1	Neurology	OID20953	2	2	1	0.9951604113195697	false	0	0
PT2-PT1	Inflammation	OID20566	2	2	1	0.9951604113195697	false	0	0
PT2-PT1	Neurology	OID21026	2	2	1	0.9951604113195697	false	0	0
PT2-PT1	Neurology	OID20800	2	2	1	0.9979191426699315	false	0	0
PT2-PT1	Cardiometabolic	OID20059	2	2	1	0.9894697482354282	false	0	0
PT2-PT1	Cardiometabolic_II	OID30126	2	2	1	0.9625778198237628	false	0	0
PT2-PT1	Neurology	OID21098	2	2	1	0.9951604113195697	false	0	0
PT2-PT1	Oncology_II	OID31455	2	2	1	0.9951604113195697	false	0	0
PT2-PT1	Oncology	OID21483	2	2	1	0.9951604113195697	false	0	0
PT2-PT1	Neurology	OID21106	2	2	1	0.9951604113195697	false	0	0
PT2-PT1	Inflammation_II	OID30679	2	2	1	0.9951604113195697	false	0	0
PT2-PT1	Inflammation	OID20700	2	2	1	0.9951604113195697	false	0	0
PT2-PT1	Neurology_II	OID30916	2	2	1	0.9951604113195697	false	0	0
PT2-PT1	Neurology_II	OID31133	2	2	1	0.9951604113195697	false	0	0
PT2-PT1	Oncology	OID21287	2	2	1	0.9951604113195697	false	0	0
PT2-PT1	Cardiometabolic	OID20131	2	2	1	0.9951604113195697	false	0	0
PT2-PT1	Neurology	OID20949	2	2	1	0.9951604113195697	false	0	0
PT2-PT1	Oncology	OID21451	2	2	1	0.9951604113195697	false	0	0
PT2-PT1	Cardiometabolic	OID20391	2	2	1	0.9951604113195697	false	0	0
PT2-PT1	Cardiometabolic_II	OID30373	2	2	1	0.9951604113195697	false	0	0
PT2-PT1	Cardiometabolic_II	OID30210	2	2	1	0.9951604113195697	false	0	0
PT2-PT1	Neurology_II	OID30796	2	2	1	0.9951604113195697	false	0	0
PT2-PT1	Oncology_II	OID31232	2	2	1	0.9951604113195697	false	0	0
PT2-PT1	Cardiometabolic	OID20300	2	2	1	0.9951604113195697	false	0	0
PT2-PT1	Neurology_II	OID30917	2	2	1	0.9979191426699315	false	0	0
PT2-PT1	Cardiometabolic	OID20159	2	2	1	0.8368737157887016	false	0	0
PT2-PT1	Neurology	OID21148	2	2	1	0.9625778198237628	false	0	0
PT2-PT1	Inflammation_II	OID30582	2	2	1	0.9951604113195697	false	0	0
PT2-PT1	Oncology	OID21455	2	2	1	0.9951604113195697	false	0	0
PT2-PT1	Inflammation	OID20672	2	2	1	0.9951604113195697	false	0	0
PT2-PT1	Oncology	OID21391	2	2	1	0.9951604113195697	false	0	0
PT2-PT1	Cardiometabolic_II	OID30170	2	2	1	0.9951604113195697	false	0	0
PT2-PT1	Oncology_II	OID31209	2	2	1	0.9951604113195697	false	0	0
PT2-PT1	Neurology_II	OID31065	2	2	1	0.9951604113195697	false	0	0
PT2-PT1	Cardiometabolic	OID20199	2	2	1	0.9951604113195697	false	0	0
PT2-PT1	Inflammation_II	OID30742	2	2	1	0.9951604113195697	false	0	0
PT2-PT1	Inflammation	OID20756	2	2	1	0.9951604113195697	false	0	0
PT2-PT1	Neurology	OID21064	2	2	1	0.9951604113195697	false	0	0
PT2-PT1	Oncology_II	OID31461	2	2	1	0.9951604113195697	false	0	0
PT2-PT1	Inflammation_II	OID30536	2	2	1	0.9951604113195697	false	0	0
PT2-PT1	Neurology_II	OID30823	2	2	1	0.8217692069677823	false	0	0
PT2-PT1	Neurology	OID20959	2	2	1	0.9951604113195697	false	0	0
PT2-PT1	Neurology_II	OID30948	2	2	1	0.9951604113195697	false	0	0
PT2-PT1	Neurology_II	OID30903	2	2	1	0.9951604113195697	false	0	0
PT2-PT1	Cardiometabolic_II	OID30218	2	2	1	0.2991265795595037	false	0	0
PT2-PT1	Neurology	OID20881	2	2	1	0.9894697482354282	false	0	0
PT2-PT1	Neurology_II	OID30925	2	2	1	0.9951604113195697	false	0	0
PT2-PT1	Inflammation	OID20477	2	2	1	0.9951604113195697	false	0	0
PT2-PT1	Oncology_II	OID31388	2	2	1	0.9951604113195697	false	0	0
PT2-PT1	Oncology	OID21379	2	2	1	0.9951604113195697	false	0	0
PT2-PT1	Neurology_II	OID31123	2	2	1	0.9951604113195697	false	0	0
PT2-PT1	Oncology	OID21272	2	2	1	0.9951604113195697	false	0	0
PT2-PT1	Neurology_II	OID31047	2	2	1	0.9951604113195697	false	0	0
PT2-PT1	Neurology_II	OID30832	2	2	1	0.9951604113195697	false	0	0
PT2-PT1	Neurology_II	OID31038	2	2	1	0.9951604113195697	false	0	0
PT2-PT1	Inflammation_II	OID30568	2	2	1	0.9951604113195697	false	0	0
PT2-PT1	Cardiometabolic	OID20111	2	2	1	0.9951604113195697	false	0	0
PT2-PT1	Oncology_II	OID31460	2	2	1	0.9951604113195697	false	0	0
PT2-PT1	Inflammation_II	OID30756	2	2	1	0.9951604113195697	false	0	0
PT2-PT1	Oncology	OID21236	2	2	1	0.9951604113195697	false	0	0
PT2-PT1	Oncology_II	OID31300	2	2	1	0.9951604113195697	false	0	0
PT2-PT1	Oncology	OID21164	2	2	1	0.9951604113195697	false	0	0
PT2-PT1	Inflammation_II	OID30578	2	2	1	0.9979191426699315	false	0	0
PT2-PT1	Neurology_II	OID30829	2	2	1	0.9951604113195697	false	0	0
PT2-PT1	Neurology_II	OID31077	2	2	1	0.9951604113195697	false	0	0
PT2-PT1	Neurology_II	OID31142	2	2	1	0.9951604113195697	false	0	0
PT2-PT1	Oncology_II	OID31225	2	2	1	0.9951604113195697	false	0	0
PT2-PT1	Inflammation	OID20527	2	2	1	0.9951604113195697	false	0	0
PT2-PT1	Neurology	OID20870	2	2	1	0.9951604113195697	false	0	0
PT2-PT1	Cardiometabolic_II	OID30303	2	2	1	0.9951604113195697	false	0	0
PT2-PT1	Cardiometabolic_II	OID30175	2	2	1	0.9951604113195697	false	0	0
PT2-PT1	Oncology_II	OID31485	2	2	1	0.9951604113195697	false	0	0
PT2-PT1	Cardiometabolic	OID20191	2	2	1	0.12682359770488122	false	0	0
PT2-PT1	Oncology_II	OID31176	2	2	1	0.9951604113195697	false	0	0
PT2-PT1	Neurology	OID20936	2	2	1	0.9951604113195697	false	0	0
PT2-PT1	Neurology	OID21054	2	2	1	0.9625778198237628	false	0	0
PT2-PT1	Cardiometabolic_II	OID30181	2	2	1	0.9951604113195697	false	0	0
PT2-PT1	Inflammation	OID20473	2	2	1	0.9951604113195697	false	0	0
PT2-PT1	Cardiometabolic	OID20326	2	2	1	0.9951604113195697	false	0	0
PT2-PT1	Neurology_II	OID30798	2	2	1	0.9951604113195697	false	0	0
PT2-PT1	Inflammation_II	OID30711	2	2	1	0.9894697482354282	false	0	0
PT2-PT1	Cardiometabolic_II	OID30393	2	2	1	0.9951604113195697	false	0	0
PT2-PT1	Oncology_II	OID31397	2	2	1	0.9951604113195697	false	0	0
PT2-PT1	Cardiometabolic	OID20104	2	2	1	0.9951604113195697	false	0	0
PT2-PT1	Inflammation_II	OID30703	2	2	1	0.9951604113195697	false	0	0
PT2-PT1	Oncology	OID21495	2	2	1	0.9951604113195697	false	0	0
PT2-PT1	Oncology	OID21206	2	2	1	0.9951604113195697	false	0	0
PT2-PT1	Neurology_II	OID31061	2	2	1	0.9951604113195697	false	0	0
PT2-PT1	Inflammation	OID20429	2	2	1	0.1961574011145637	false	0	0
PT2-PT1	Oncology	OID21500	2	2	1	0.9951604113195697	false	0	0
PT2-PT1	Cardiometabolic_II	OID30407	2	2	1	0.9979191426699315	false	0	0
PT2-PT1	Oncology	OID21440	2	2	1	0.9984804550089146	false	0	0
PT2-PT1	Cardiometabolic_II	OID30308	2	2	1	0.9979191426699315	false	0	0
PT2-PT1	Neurology_II	OID30986	2	2	1	0.9951604113195697	false	0	0
PT2-PT1	Neurology	OID20976	2	2	1	0.9951604113195697	false	0	0
PT2-PT1	Oncology	OID21261	2	2	1	0.9951604113195697	false	0	0
PT2-PT1	Cardiometabolic_II	OID30084	2	2	1	0.9951604113195697	false	0	0
PT2-PT1	Inflammation_II	OID30512	2	2	1	0.9979191426699315	false	0	0
PT2-PT1	Neurology	OID21058	2	2	1	0.9951604113195697	false	0	0
PT2-PT1	Neurology_II	OID30901	2	2	1	0.9951604113195697	false	0	0
PT2-PT1	Cardiometabolic_II	OID30203	2	2	1	0.8974840318589288	false	0	0
PT2-PT1	Inflammation_II	OID30497	2	2	1	0.9951604113195697	false	0	0
PT2-PT1	Cardiometabolic_II	OID30130	2	2	1	0.9951604113195697	false	0	0
PT2-PT1	Cardiometabolic	OID20098	2	2	1	0.9951604113195697	false	0	0
PT2-PT1	Inflammation_II	OID30660	2	2	1	0.9951604113195697	false	0	0
PT2-PT1	Inflammation_II	OID30440	2	2	1	0.9951604113195697	false	0	0
PT2-PT1	Neurology_II	OID31056	2	2	1	0.9951604113195697	false	0	0
PT2-PT1	Neurology_II	OID31010	2	2	1	0.9951604113195697	false	0	0
PT2-PT1	Inflammation_II	OID30445	2	2	1	0.9951604113195697	false	0	0
PT2-PT1	Oncology	OID21424	2	2	1	0.9951604113195697	false	0	0
PT2-PT1	Cardiometabolic	OID20071	2	2	1	0.9951604113195697	false	0	0
PT2-PT1	Neurology_II	OID30843	2	2	1	0.9951604113195697	false	0	0
PT2-PT1	Cardiometabolic	OID20187	2	2	1	0.9951604113195697	false	0	0
PT2-PT1	Neurology_II	OID30991	2	2	1	0.9951604113195697	false	0	0
PT2-PT1	Cardiometabolic	OID20221	2	2	1	0.9951604113195697	false	0	0
PT2-PT1	Oncology_II	OID31170	2	2	1	0.9979191426699315	false	0	0
PT2-PT1	Neurology_II	OID30836	2	2	1	0.9951604113195697	false	0	0
PT2-PT1	Inflammation	OID20493	2	2	1	0.9951604113195697	false	0	0
PT2-PT1	Inflammation	OID20536	2	2	1	0.9951604113195697	false	0	0
PT2-PT1	Neurology	OID20843	2	2	1	0.9951604113195697	false	0	0
PT2-PT1	Oncology_II	OID31327	2	2	1	0.9951604113195697	false	0	0
PT2-PT1	Neurology_II	OID31027	2	2	1	0.9951604113195697	false	0	0
PT2-PT1	Inflammation_II	OID30490	2	2	1	1	false	0	0
PT2-PT1	Cardiometabolic_II	OID30108	2	2	1	0.9951604113195697	false	0	0
PT2-PT1	Oncology	OID21525	2	2	1	0.9951604113195697	false	0	0
PT2-PT1	Inflammation	OID20528	2	2	1	0.9951604113195697	false	0	0
PT2-PT1	Oncology	OID21485	2	2	1	0.9951604113195697	false	0	0
PT2-PT1	Inflammation	OID20480	2	2	1	0.9951604113195697	false	0	0
PT2-PT1	Oncology_II	OID31262	2	2	1	0.9951604113195697	false	0	0
PT2-PT1	Oncology	OID21367	2	2	1	0.9951604113195697	false	0	0
PT2-PT1	Oncology_II	OID31402	2	2	1	0.24317183826631425	false	0	0
PT2-PT1	Neurology	OID20877	2	2	1	0.9951604113195697	false	0	0
PT2-PT1	Inflammation	OID20423	2	2	1	0.9951604113195697	false	0	0
PT2-PT1	Cardiometabolic	OID20207	2	2	1	0.9951604113195697	false	0	0
PT2-PT1	Inflammation_II	OID30739	2	2	1	0.9951604113195697	false	0	0
PT2-PT1	Neurology	OID20809	2	2	1	0.9951604113195697	false	0	0
PT2-PT1	Inflammation	OID20777	2	2	1	0.9951604113195697	false	0	0
PT2-PT1	Inflammation	OID20558	2	2	1	0.9951604113195697	false	0	0
PT2-PT1	Oncology	OID21353	2	2	1	0.9951604113195697	false	0	0
PT2-PT1	Inflammation	OID20474	2	2	1	0.9951604113195697	false	0	0
PT2-PT1	Neurology_II	OID30884	2	2	1	0.9951604113195697	false	0	0
PT2-PT1	Inflammation	OID20425	2	2	1	0.9951604113195697	false	0	0
PT2-PT1	Cardiometabolic_II	OID30063	2	2	1	0.9951604113195697	false	0	0
PT2-PT1	Neurology	OID20983	2	2	1	0.8368737157887016	false	0	0
PT2-PT1	Neurology	OID21147	2	2	1	0.9502861830440976	false	0	0
PT2-PT1	Neurology_II	OID31157	2	2	1	0.9951604113195697	false	0	0
PT2-PT1	Neurology_II	OID30851	2	2	1	0.9979191426699315	false	0	0
PT2-PT1	Cardiometabolic_II	OID30262	2	2	1	0.9951604113195697	false	0	0
PT2-PT1	Inflammation_II	OID30450	2	2	1	0.9951604113195697	false	0	0
PT2-PT1	Oncology	OID21448	2	2	1	0.9502861830440976	false	0	0
PT2-PT1	Inflammation	OID20481	2	2	1	0.9951604113195697	false	0	0
PT2-PT1	Oncology_II	OID31495	2	2	1	0.9951604113195697	false	0	0
PT2-PT1	Neurology	OID21155	2	2	1	0.9951604113195697	false	0	0
PT2-PT1	Inflammation_II	OID30483	2	2	1	0.9951604113195697	false	0	0
PT2-PT1	Inflammation_II	OID30487	2	2	1	0.9951604113195697	false	0	0
PT2-PT1	Neurology_II	OID30932	2	2	1	0.9951604113195697	false	0	0
PT2-PT1	Oncology	OID21306	2	2	1	0.9951604113195697	false	0	0
PT2-PT1	Cardiometabolic_II	OID30100	2	2	1	0.9951604113195697	false	0	0
PT2-PT1	Cardiometabolic	OID20373	2	2	1	0.9979191426699315	false	0	0
PT2-PT1	Inflammation_II	OID30735	2	2	1	0.9979191426699315	false	0	0
PT2-PT1	Cardiometabolic_II	OID30394	2	2	1	0.9951604113195697	false	0	0
PT2-PT1	Inflammation_II	OID30444	2	2	1	0.9951604113195697	false	0	0
PT2-PT1	Oncology_II	OID31195	2	2	1	0.9625778198237628	false	0	0
PT2-PT1	Oncology_II	OID31466	2	2	1	0.9951604113195697	false	0	0
PT2-PT1	Inflammation	OID20658	2	2	1	0.9951604113195697	false	0	0
PT2-PT1	Neurology	OID21022	2	2	1	0.9951604113195697	false	0	0
PT2-PT1	Oncology	OID21520	2	2	1	0.9951604113195697	false	0	0
PT2-PT1	Neurology	OID20811	2	2	1	0.9951604113195697	false	0	0
PT2-PT1	Neurology	OID21024	2	2	1	0.9625778198237628	false	0	0
PT2-PT1	Inflammation	OID20770	2	2	1	0.9951604113195697	false	0	0
PT2-PT1	Neurology	OID20816	2	2	1	0.9979191426699315	false	0	0
PT2-PT1	Oncology	OID21341	2	2	1	0.9951604113195697	false	0	0
PT2-PT1	Oncology_II	OID31283	2	2	1	0.9625778198237628	false	0	0
PT2-PT1	Oncology_II	OID31469	2	2	1	0.9951604113195697	false	0	0
PT2-PT1	Oncology_II	OID31189	2	2	1	0.9951604113195697	false	0	0
PT2-PT1	Oncology	OID21203	2	2	1	0.9951604113195697	false	0	0
PT2-PT1	Cardiometabolic_II	OID30229	2	2	1	0.9951604113195697	false	0	0
PT2-PT1	Inflammation	OID20738	2	2	1	0.9951604113195697	false	0	0
PT2-PT1	Cardiometabolic	OID20109	2	2	1	0.9951604113195697	false	0	0
PT2-PT1	Inflammation	OID20569	2	2	1	0.9951604113195697	false	0	0
PT2-PT1	Oncology_II	OID31494	2	2	1	0.9951604113195697	false	0	0
PT2-PT1	Neurology	OID20875	2	2	1	0.9951604113195697	false	0	0
PT2-PT1	Cardiometabolic_II	OID30094	2	2	1	0.9951604113195697	false	0	0
PT2-PT1	Cardiometabolic_II	OID30314	2	2	1	0.9951604113195697	false	0	0
PT2-PT1	Inflammation	OID20728	2	2	1	0.4422891589164934	false	0	0
PT2-PT1	Neurology_II	OID30869	2	2	1	0.9951604113195697	false	0	0
PT2-PT1	Neurology	OID20806	2	2	1	0.9951604113195697	false	0	0
PT2-PT1	Cardiometabolic_II	OID30169	2	2	1	0.9951604113195697	false	0	0
PT2-PT1	Oncology	OID21458	2	2	1	0.9951604113195697	false	0	0
PT2-PT1	Neurology	OID20859	2	2	1	0.9951604113195697	false	0	0
PT2-PT1	Cardiometabolic	OID20368	2	2	1	0.9951604113195697	false	0	0
PT2-PT1	Cardiometabolic_II	OID30215	2	2	1	0.9951604113195697	false	0	0
PT2-PT1	Oncology_II	OID31416	2	2	1	0.9951604113195697	false	0	0
PT2-PT1	Oncology	OID21434	2	2	1	0.9951604113195697	false	0	0
PT2-PT1	Neurology_II	OID31007	2	2	1	0.9951604113195697	false	0	0
PT2-PT1	Cardiometabolic	OID20260	2	2	1	0.9951604113195697	false	0	0
PT2-PT1	Oncology	OID21419	2	2	1	0.9951604113195697	false	0	0
PT2-PT1	Oncology	OID21454	2	2	1	0.9951604113195697	false	0	0
PT2-PT1	Neurology_II	OID31145	2	2	1	0.9951604113195697	false	0	0
PT2-PT1	Inflammation_II	OID30757	2	2	1	0.9951604113195697	false	0	0
PT2-PT1	Inflammation	OID20685	2	2	1	0.9951604113195697	false	0	0
PT2-PT1	Oncology	OID21428	2	2	1	0.9951604113195697	false	0	0
PT2-PT1	Oncology	OID21415	2	2	1	0.9951604113195697	false	0	0
PT2-PT1	Neurology	OID20968	2	2	1	0.9951604113195697	false	0	0
PT2-PT1	Inflammation	OID20592	2	2	1	0.9502861830440976	false	0	0
PT2-PT1	Inflammation_II	OID30600	2	2	1	0.9951604113195697	false	0	0
PT2-PT1	Neurology_II	OID30846	2	2	1	0.921616656762061	false	0	0
PT2-PT1	Oncology_II	OID31166	2	2	1	0.9951604113195697	false	0	0
PT2-PT1	Oncology_II	OID31423	2	2	1	0.9951604113195697	false	0	0
PT2-PT1	Inflammation	OID20593	2	2	1	0.9951604113195697	false	0	0
PT2-PT1	Neurology_II	OID31090	2	2	1	0.9951604113195697	false	0	0
PT2-PT1	Inflammation_II	OID30482	2	2	1	0.9951604113195697	false	0	0
PT2-PT1	Neurology	OID20890	2	2	1	0.8974840318589288	false	0	0
PT2-PT1	Cardiometabolic	OID20173	2	2	1	0.5168086065208732	false	0	0
PT2-PT1	Oncology_II	OID31484	2	2	1	0.9951604113195697	false	0	0
PT2-PT1	Inflammation_II	OID30480	2	2	1	0.9951604113195697	false	0	0
PT2-PT1	Oncology_II	OID31524	2	2	1	0.9951604113195697	false	0	0
PT2-PT1	Oncology	OID21260	2	2	1	0.9951604113195697	false	0	0
PT2-PT1	Inflammation_II	OID30608	2	2	1	0.9625778198237628	false	0	0
PT2-PT1	Oncology_II	OID31511	2	2	1	0.9951604113195697	false	0	0
PT2-PT1	Inflammation_II	OID30619	2	2	1	0.9951604113195697	false	0	0
PT2-PT1	Oncology_II	OID31159	2	2	1	0.9951604113195697	false	0	0
PT2-PT1	Oncology	OID21325	2	2	1	0.9951604113195697	false	0	0
PT2-PT1	Neurology_II	OID30864	2	2	1	0.9951604113195697	false	0	0
PT2-PT1	Oncology	OID21504	2	2	1	0.9951604113195697	false	0	0
PT2-PT1	Neurology	OID20973	2	2	1	0.9951604113195697	false	0	0
PT2-PT1	Inflammation	OID20516	2	2	1	0.9951604113195697	false	0	0
PT2-PT1	Cardiometabolic_II	OID30250	2	2	1	0.9951604113195697	false	0	0
PT2-PT1	Neurology_II	OID30852	2	2	1	0.9951604113195697	false	0	0
PT2-PT1	Inflammation_II	OID30421	2	2	1	0.9951604113195697	false	0	0
PT2-PT1	Oncology_II	OID31275	2	2	1	0.9951604113195697	false	0	0
PT2-PT1	Neurology	OID20967	2	2	1	0.9951604113195697	false	0	0
PT2-PT1	Cardiometabolic	OID20279	2	2	1	0.9951604113195697	false	0	0
PT2-PT1	Cardiometabolic	OID20381	2	2	1	0.9951604113195697	false	0	0
PT2-PT1	Cardiometabolic	OID20319	2	2	1	0.9951604113195697	false	0	0
PT2-PT1	Cardiometabolic_II	OID30342	2	2	1	0.9951604113195697	false	0	0
PT2-PT1	Oncology	OID21430	2	2	1	0.9951604113195697	false	0	0
PT2-PT1	Inflammation	OID20705	2	2	1	0.9951604113195697	false	0	0
PT2-PT1	Oncology_II	OID31242	2	2	1	0.9894697482354282	false	0	0
PT2-PT1	Cardiometabolic_II	OID30099	2	2	1	0.9951604113195697	false	0	0
PT2-PT1	Neurology_II	OID30818	2	2	1	0.9951604113195697	false	0	0
PT2-PT1	Inflammation	OID20633	2	2	1	0.9951604113195697	false	0	0
PT2-PT1	Cardiometabolic	OID20108	2	2	1	0.9951604113195697	false	0	0
PT2-PT1	Oncology_II	OID31316	2	2	1	0.9951604113195697	false	0	0
PT2-PT1	Inflammation_II	OID30733	2	2	1	0.9951604113195697	false	0	0
PT2-PT1	Inflammation	OID20570	2	2	1	0.9951604113195697	false	0	0
PT2-PT1	Inflammation_II	OID30553	2	2	1	0.9951604113195697	false	0	0
PT2-PT1	Cardiometabolic	OID20133	2	2	1	0.9951604113195697	false	0	0
PT2-PT1	Cardiometabolic	OID20405	2	2	1	0.9951604113195697	false	0	0
PT2-PT1	Neurology	OID20841	2	2	1	0.9951604113195697	false	0	0
PT2-PT1	Oncology	OID21194	2	2	1	0.9979191426699315	false	0	0
PT2-PT1	Neurology	OID21156	2	2	1	0.9951604113195697	false	0	0
PT2-PT1	Neurology_II	OID31121	2	2	1	0.9951604113195697	false	0	0
PT2-PT1	Neurology	OID20822	2	2	1	0.9951604113195697	false	0	0
PT2-PT1	Oncology_II	OID31308	2	2	1	0.9951604113195697	false	0	0
PT2-PT1	Neurology_II	OID30870	2	2	1	0.9951604113195697	false	0	0
PT2-PT1	Neurology	OID21055	2	2	1	0.9951604113195697	false	0	0
PT2-PT1	Neurology	OID20944	2	2	1	0.9951604113195697	false	0	0
PT2-PT1	Neurology_II	OID30804	2	2	1	0.9951604113195697	false	0	0
PT2-PT1	Neurology	OID21062	2	2	1	0.9951604113195697	false	0	0
PT2-PT1	Cardiometabolic	OID20406	2	2	1	0.9951604113195697	false	0	0
PT2-PT1	Inflammation	OID20584	2	2	1	0.9951604113195697	false	0	0
PT2-PT1	Inflammation	OID20487	2	2	1	0.9979191426699315	false	0	0
PT2-PT1	Inflammation_II	OID30762	2	2	1	0.9979191426699315	false	0	0
PT2-PT1	Inflammation	OID20709	2	2	1	0.9951604113195697	false	0	0
PT2-PT1	Inflammation_II	OID30580	2	2	1	0.9979191426699315	false	0	0
PT2-PT1	Cardiometabolic_II	OID30319	2	2	1	0.9951604113195697	false	0	0
PT2-PT1	Cardiometabolic_II	OID30300	2	2	1	0.9951604113195697	false	0	0
PT2-PT1	Oncology_II	OID31367	2	2	1	0.9951604113195697	false	0	0
PT2-PT1	Neurology_II	OID31024	2	2	1	0.9951604113195697	false	0	0
PT2-PT1	Neurology_II	OID31132	2	2	1	0.9951604113195697	false	0	0
PT2-PT1	Cardiometabolic_II	OID30374	2	2	1	0.9951604113195697	false	0	0
PT2-PT1	Oncology_II	OID31456	2	2	1	0.9951604113195697	false	0	0
PT2-PT1	Inflammation	OID20560	2	2	1	0.9951604113195697	false	0	0
PT2-PT1	Neurology_II	OID30857	2	2	1	0.8870183540111473	false	0	0
PT2-PT1	Cardiometabolic	OID20143	2	2	1	0.9979191426699315	false	0	0
PT2-PT1	Inflammation_II	OID30629	2	2	1	0.9979191426699315	false	0	0
PT2-PT1	Cardiometabolic	OID20205	2	2	1	0.041548298674816575	true	1	1
PT2-PT1	Cardiometabolic_II	OID30360	2	2	1	0.9951604113195697	false	0	0
PT2-PT1	Oncology	OID21387	2	2	1	0.9951604113195697	false	0	0
PT2-PT1	Cardiometabolic_II	OID30297	2	2	1	0.9951604113195697	false	0	0
PT2-PT1	Inflammation	OID20554	2	2	1	0.9951604113195697	false	0	0
PT2-PT1	Oncology	OID21228	2	2	1	0.9951604113195697	false	0	0
PT2-PT1	Neurology	OID20937	2	2	1	0.9951604113195697	false	0	0
PT2-PT1	Inflammation	OID20652	2	2	1	0.9625778198237628	false	0	0
PT2-PT1	Oncology_II	OID31190	2	2	1	0.9502861830440976	false	0	0
PT2-PT1	Oncology_II	OID31234	2	2	1	0.9951604113195697	false	0	0
PT2-PT1	Oncology	OID21229	2	2	1	0.9951604113195697	false	0	0
PT2-PT1	Neurology	OID20792	2	2	1	0.9951604113195697	false	0	0
PT2-PT1	Inflammation_II	OID30471	2	2	1	0.9951604113195697	false	0	0
PT2-PT1	Oncology	OID21474	2	2	1	0.9951604113195697	false	0	0
PT2-PT1	Oncology	OID21409	2	2	1	0.9951604113195697	false	0	0
PT2-PT1	Cardiometabolic	OID20096	2	2	1	0.7660037172474338	false	0	0
PT2-PT1	Cardiometabolic	OID20213	2	2	1	0.9625778198237628	false	0	0
PT2-PT1	Cardiometabolic	OID20283	2	2	1	0.9951604113195697	false	0	0
PT2-PT1	Inflammation_II	OID30673	2	2	1	0.9951604113195697	false	0	0
PT2-PT1	Oncology_II	OID31420	2	2	1	0.9951604113195697	false	0	0
PT2-PT1	Inflammation_II	OID30506	2	2	1	0.9951604113195697	false	0	0
PT2-PT1	Neurology	OID20791	2	2	1	0.9951604113195697	false	0	0
PT2-PT1	Oncology_II	OID31250	2	2	1	0.9951604113195697	false	0	0
PT2-PT1	Cardiometabolic	OID20085	2	2	1	0.9951604113195697	false	0	0
PT2-PT1	Neurology_II	OID30992	2	2	1	0.9951604113195697	false	0	0
PT2-PT1	Oncology	OID21407	2	2	1	0.041548298674816575	true	1	1
PT2-PT1	Neurology_II	OID31039	2	2	1	0.9951604113195697	false	0	0
PT2-PT1	Neurology_II	OID31032	2	2	1	0.9951604113195697	false	0	0
PT2-PT1	Neurology	OID21079	2	2	1	0.9951604113195697	false	0	0
PT2-PT1	Cardiometabolic_II	OID30221	2	2	1	0.6300266892441037	false	0	0
PT2-PT1	Oncology	OID21208	2	2	1	0.8253431855209672	false	0	0
PT2-PT1	Cardiometabolic_II	OID30153	2	2	1	0.9951604113195697	false	0	0
PT2-PT1	Neurology_II	OID31137	2	2	1	0.9951604113195697	false	0	0
PT2-PT1	Inflammation_II	OID30763	2	2	1	0.9951604113195697	false	0	0
PT2-PT1	Cardiometabolic_II	OID30329	2	2	1	0.9951604113195697	false	0	0
PT2-PT1	Oncology_II	OID31312	2	2	1	0.9951604113195697	false	0	0
PT2-PT1	Inflammation_II	OID30604	2	2	1	0.9951604113195697	false	0	0
PT2-PT1	Inflammation_II	OID30469	2	2	1	0.9951604113195697	false	0	0
PT2-PT1	Neurology	OID20939	2	2	1	0.9951604113195697	false	0	0
PT2-PT1	Neurology_II	OID30915	2	2	1	0.9951604113195697	false	0	0
PT2-PT1	Oncology	OID21410	2	2	1	0.9951604113195697	false	0	0
PT2-PT1	Inflammation	OID20523	2	2	1	0.9951604113195697	false	0	0
PT2-PT1	Inflammation_II	OID30782	2	2	1	0.9951604113195697	false	0	0
PT2-PT1	Cardiometabolic_II	OID30291	2	2	1	0.9951604113195697	false	0	0
PT2-PT1	Oncology_II	OID31270	2	2	1	0.9951604113195697	false	0	0
PT2-PT1	Cardiometabolic	OID20235	2	2	1	0.9951604113195697	false	0	0
PT2-PT1	Cardiometabolic_II	OID30158	2	2	1	0.9951604113195697	false	0	0
PT2-PT1	Neurology_II	OID30879	2	2	1	0.9502861830440976	false	0	0
PT2-PT1	Oncology_II	OID31517	2	2	1	0.9951604113195697	false	0	0
PT2-PT1	Inflammation_II	OID30617	2	2	1	0.9951604113195697	false	0	0
PT2-PT1	Oncology	OID21393	2	2	1	0.9951604113195697	false	0	0
PT2-PT1	Oncology	OID21486	2	2	1	0.9951604113195697	false	0	0
PT2-PT1	Oncology_II	OID31479	2	2	1	0.9951604113195697	false	0	0
PT2-PT1	Neurology_II	OID30920	2	2	1	0.9951604113195697	false	0	0
PT2-PT1	Neurology_II	OID31030	2	2	1	0.9951604113195697	false	0	0
PT2-PT1	Neurology_II	OID31036	2	2	1	0.9951604113195697	false	0	0
PT2-PT1	Oncology	OID21399	2	2	1	0.9951604113195697	false	0	0
PT2-PT1	Neurology_II	OID30866	2	2	1	0.9951604113195697	false	0	0
PT2-PT1	Oncology	OID21334	2	2	1	0.9951604113195697	false	0	0
PT2-PT1	Cardiometabolic	OID20161	2	2	1	0.7089952253733611	false	0	0
PT2-PT1	Neurology	OID20836	2	2	1	0.9951604113195697	false	0	0
PT2-PT1	Oncology_II	OID31387	2	2	1	0.9951604113195697	false	0	0
PT2-PT1	Inflammation_II	OID30692	2	2	1	0.9951604113195697	false	0	0
PT2-PT1	Oncology_II	OID31516	2	2	1	0.9951604113195697	false	0	0
PT2-PT1	Neurology_II	OID31101	2	2	1	0.9951604113195697	false	0	0
PT2-PT1	Cardiometabolic	OID20352	2	2	1	0.9951604113195697	false	0	0
PT2-PT1	Neurology_II	OID31087	2	2	1	0.9951604113195697	false	0	0
PT2-PT1	Cardiometabolic	OID20107	2	2	1	0.9951604113195697	false	0	0
PT2-PT1	Cardiometabolic	OID20312	2	2	1	0.9951604113195697	false	0	0
PT2-PT1	Neurology_II	OID30980	2	2	1	0.9951604113195697	false	0	0
PT2-PT1	Cardiometabolic_II	OID30362	2	2	1	0.9951604113195697	false	0	0
PT2-PT1	Oncology_II	OID31217	2	2	1	0.9979191426699315	false	0	0
PT2-PT1	Oncology_II	OID31337	2	2	1	0.9951604113195697	false	0	0
PT2-PT1	Inflammation_II	OID30736	2	2	1	0.9951604113195697	false	0	0
PT2-PT1	Oncology_II	OID31330	2	2	1	0.9625778198237628	false	0	0
PT2-PT1	Inflammation	OID20622	2	2	1	0.8368737157887016	false	0	0
PT2-PT1	Oncology	OID21382	2	2	1	0.8368737157887016	false	0	0
PT2-PT1	Inflammation_II	OID30534	2	2	1	0.9951604113195697	false	0	0
PT2-PT1	Oncology	OID21241	2	2	1	0.9951604113195697	false	0	0
PT2-PT1	Cardiometabolic_II	OID30207	2	2	1	0.9951604113195697	false	0	0
PT2-PT1	Neurology	OID21132	2	2	1	0.9951604113195697	false	0	0
PT2-PT1	Cardiometabolic_II	OID30072	2	2	1	0.9951604113195697	false	0	0
PT2-PT1	Cardiometabolic	OID20155	2	2	1	0.9951604113195697	false	0	0
PT2-PT1	Neurology	OID20923	2	2	1	0.9979191426699315	false	0	0
PT2-PT1	Cardiometabolic	OID20290	2	2	1	0.9951604113195697	false	0	0
PT2-PT1	Oncology	OID21193	2	2	1	0.9951604113195697	false	0	0
PT2-PT1	Cardiometabolic_II	OID30220	2	2	1	0.9625778198237628	false	0	0
PT2-PT1	Cardiometabolic	OID20224	2	2	1	0.9951604113195697	false	0	0
PT2-PT1	Inflammation	OID20544	2	2	1	0.9951604113195697	false	0	0
PT2-PT1	Oncology_II	OID31363	2	2	1	0.9951604113195697	false	0	0
PT2-PT1	Cardiometabolic_II	OID30211	2	2	1	0.9979191426699315	false	0	0
PT2-PT1	Inflammation	OID20426	2	2	1	0.9951604113195697	false	0	0
PT2-PT1	Neurology	OID21122	2	2	1	0.9951604113195697	false	0	0
PT2-PT1	Neurology	OID20934	2	2	1	0.9979191426699315	false	0	0
PT2-PT1	Inflammation_II	OID30599	2	2	1	0.9951604113195697	false	0	0
PT2-PT1	Inflammation_II	OID30612	2	2	1	0.9951604113195697	false	0	0
PT2-PT1	Neurology	OID20866	2	2	1	0.9951604113195697	false	0	0
PT2-PT1	Oncology	OID21497	2	2	1	0.9951604113195697	false	0	0
PT2-PT1	Cardiometabolic	OID20230	2	2	1	0.9951604113195697	false	0	0
PT2-PT1	Oncology_II	OID31199	2	2	1	0.9951604113195697	false	0	0
PT2-PT1	Oncology	OID21221	2	2	1	0.9951604113195697	false	0	0
PT2-PT1	Cardiometabolic_II	OID30058	2	2	1	0.9951604113195697	false	0	0
PT2-PT1	Neurology_II	OID31120	2	2	1	0.9951604113195697	false	0	0
PT2-PT1	Cardiometabolic	OID20323	2	2	1	0.9951604113195697	false	0	0
PT2-PT1	Inflammation	OID20660	2	2	1	0.9951604113195697	false	0	0
PT2-PT1	Inflammation_II	OID30766	2	2	1	0.9951604113195697	false	0	0
PT2-PT1	Cardiometabolic	OID20076	2	2	1	0.9979191426699315	false	0	0
PT2-PT1	Inflammation	OID20587	2	2	1	0.9979191426699315	false	0	0
PT2-PT1	Neurology	OID20860	2	2	1	0.9951604113195697	false	0	0
PT2-PT1	Cardiometabolic_II	OID30190	2	2	1	0.9951604113195697	false	0	0
PT2-PT1	Neurology_II	OID31119	2	2	1	0.9951604113195697	false	0	0
PT2-PT1	Cardiometabolic	OID20385	2	2	1	0.9951604113195697	false	0	0
PT2-PT1	Inflammation	OID20745	2	2	1	0.9979191426699315	false	0	0
PT2-PT1	Cardiometabolic_II	OID30154	2	2	1	0.9951604113195697	false	0	0
PT2-PT1	Inflammation	OID20674	2	2	1	0.9951604113195697	false	0	0
PT2-PT1	Oncology	OID21210	2	2	1	0.9951604113195697	false	0	0
PT2-PT1	Cardiometabolic	OID20075	2	2	1	0.9951604113195697	false	0	0
PT2-PT1	Inflammation	OID20595	2	2	1	0.9951604113195697	false	0	0
PT2-PT1	Oncology_II	OID31342	2	2	1	0.9951604113195697	false	0	0
PT2-PT1	Inflammation	OID20502	2	2	1	0.9951604113195697	false	0	0
PT2-PT1	Neurology_II	OID31034	2	2	1	0.9625778198237628	false	0	0
PT2-PT1	Inflammation	OID20683	2	2	1	0.9951604113195697	false	0	0
PT2-PT1	Oncology	OID21199	2	2	1	0.9951604113195697	false	0	0
PT2-PT1	Oncology_II	OID31350	2	2	1	0.9979191426699315	false	0	0
PT2-PT1	Cardiometabolic_II	OID30358	2	2	1	0.9951604113195697	false	0	0
PT2-PT1	Inflammation	OID20747	2	2	1	0.9951604113195697	false	0	0
PT2-PT1	Inflammation_II	OID30516	2	2	1	0.9951604113195697	false	0	0
PT2-PT1	Neurology	OID21049	2	2	1	0.9951604113195697	false	0	0
PT2-PT1	Neurology	OID20891	2	2	1	0.8414123384760958	false	0	0
PT2-PT1	Cardiometabolic_II	OID30375	2	2	1	0.8217692069677823	false	0	0
PT2-PT1	Oncology_II	OID31158	2	2	1	0.9951604113195697	false	0	0
PT2-PT1	Cardiometabolic	OID20262	2	2	1	0.9502861830440976	false	0	0
PT2-PT1	Oncology_II	OID31221	2	2	1	0.9951604113195697	false	0	0
PT2-PT1	Cardiometabolic	OID20298	2	2	1	0.9951604113195697	false	0	0
PT2-PT1	Cardiometabolic	OID20253	2	2	1	0.9951604113195697	false	0	0
PT2-PT1	Inflammation	OID20722	2	2	1	0.9951604113195697	false	0	0
PT2-PT1	Inflammation	OID20785	2	2	1	0.9951604113195697	false	0	0
PT2-PT1	Oncology	OID21243	2	2	1	0.9951604113195697	false	0	0
PT2-PT1	Neurology	OID21126	2	2	1	0.9951604113195697	false	0	0
PT2-PT1	Cardiometabolic	OID20397	2	2	1	0.9951604113195697	false	0	0
PT2-PT1	Oncology	OID21316	2	2	1	0.9951604113195697	false	0	0
PT2-PT1	Inflammation	OID20504	2	2	1	0.9951604113195697	false	0	0
PT2-PT1	Neurology_II	OID30821	2	2	1	0.9951604113195697	false	0	0
PT2-PT1	Inflammation_II	OID30488	2	2	1	0.9951604113195697	false	0	0
PT2-PT1	Oncology_II	OID31377	2	2	1	0.9951604113195697	false	0	0
PT2-PT1	Cardiometabolic_II	OID30306	2	2	1	0.9951604113195697	false	0	0
PT2-PT1	Inflammation_II	OID30449	2	2	1	0.9951604113195697	false	0	0
PT2-PT1	Inflammation_II	OID30668	2	2	1	0.9951604113195697	false	0	0
PT2-PT1	Neurology	OID21017	2	2	1	0.9951604113195697	false	0	0
PT2-PT1	Inflammation_II	OID30777	2	2	1	0.9951604113195697	false	0	0
PT2-PT1	Neurology_II	OID31050	2	2	1	0.9951604113195697	false	0	0
PT2-PT1	Neurology_II	OID31016	2	2	1	0.22775088132528704	false	0	0
PT2-PT1	Cardiometabolic_II	OID30313	2	2	1	0.9951604113195697	false	0	0
PT2-PT1	Inflammation_II	OID30773	2	2	1	0.9951604113195697	false	0	0
PT2-PT1	Neurology	OID20905	2	2	1	0.9951604113195697	false	0	0
PT2-PT1	Cardiometabolic_II	OID30123	2	2	1	0.9979191426699315	false	0	0
PT2-PT1	Oncology	OID21470	2	2	1	0.9951604113195697	false	0	0
PT2-PT1	Oncology	OID21442	2	2	1	0.9951604113195697	false	0	0
PT2-PT1	Cardiometabolic	OID20304	2	2	1	0.9951604113195697	false	0	0
PT2-PT1	Cardiometabolic_II	OID30365	2	2	1	0.9951604113195697	false	0	0
PT2-PT1	Oncology	OID21295	2	2	1	0.9991395494835748	false	0	0
PT2-PT1	Oncology	OID21230	2	2	1	0.9951604113195697	false	0	0
PT2-PT1	Oncology	OID21465	2	2	1	0.9951604113195697	false	0	0
PT2-PT1	Neurology_II	OID31040	2	2	1	0.9951604113195697	false	0	0
PT2-PT1	Oncology_II	OID31315	2	2	1	0.9951604113195697	false	0	0
PT2-PT1	Neurology	OID20998	2	2	1	0.421096884573178	false	0	0
PT2-PT1	Inflammation	OID20637	2	2	1	0.9951604113195697	false	0	0
PT2-PT1	Inflammation_II	OID30741	2	2	1	0.9951604113195697	false	0	0
PT2-PT1	Cardiometabolic_II	OID30271	2	2	1	0.9951604113195697	false	0	0
PT2-PT1	Inflammation	OID20543	2	2	1	0.9951604113195697	false	0	0
PT2-PT1	Oncology_II	OID31231	2	2	1	0.9979191426699315	false	0	0
PT2-PT1	Neurology_II	OID30820	2	2	1	0.24317183826631425	false	0	0
PT2-PT1	Oncology_II	OID31326	2	2	1	0.9951604113195697	false	0	0
PT2-PT1	Neurology_II	OID31009	2	2	1	0.9951604113195697	false	0	0
PT2-PT1	Oncology	OID21529	2	2	1	0.9951604113195697	false	0	0
PT2-PT1	Inflammation_II	OID30709	2	2	1	0.9951604113195697	false	0	0
PT2-PT1	Cardiometabolic_II	OID30206	2	2	1	0.9951604113195697	false	0	0
PT2-PT1	Neurology_II	OID31058	2	2	1	0.9951604113195697	false	0	0
PT2-PT1	Cardiometabolic	OID20361	2	2	1	0.9951604113195697	false	0	0
PT2-PT1	Inflammation	OID20464	2	2	1	0.9951604113195697	false	0	0
PT2-PT1	Inflammation_II	OID30596	2	2	1	0.9951604113195697	false	0	0
PT2-PT1	Oncology	OID21220	2	2	1	0.9951604113195697	false	0	0
PT2-PT1	Cardiometabolic_II	OID30290	2	2	1	0.9951604113195697	false	0	0
PT2-PT1	Neurology_II	OID30872	2	2	1	0.9951604113195697	false	0	0
PT2-PT1	Oncology	OID21411	2	2	1	0.9951604113195697	false	0	0
PT2-PT1	Oncology	OID21291	2	2	1	0.9979191426699315	false	0	0
PT2-PT1	Oncology	OID21186	2	2	1	0.9951604113195697	false	0	0
PT2-PT1	Cardiometabolic	OID20051	2	2	1	0.9951604113195697	false	0	0
PT2-PT1	Cardiometabolic_II	OID30057	2	2	1	0.9951604113195697	false	0	0
PT2-PT1	Inflammation_II	OID30524	2	2	1	0.9951604113195697	false	0	0
PT2-PT1	Neurology_II	OID31115	2	2	1	0.9951604113195697	false	0	0
PT2-PT1	Inflammation_II	OID30425	2	2	1	0.9502861830440976	false	0	0
PT2-PT1	Oncology_II	OID31343	2	2	1	0.9979191426699315	false	0	0
PT2-PT1	Neurology_II	OID31019	2	2	1	0.9951604113195697	false	0	0
PT2-PT1	Oncology	OID21443	2	2	1	0.9951604113195697	false	0	0
PT2-PT1	Oncology_II	OID31287	2	2	1	0.9979191426699315	false	0	0
PT2-PT1	Neurology_II	OID30814	2	2	1	0.9951604113195697	false	0	0
PT2-PT1	Cardiometabolic_II	OID30070	2	2	1	0.5168086065208732	false	0	0
PT2-PT1	Inflammation	OID20717	2	2	1	0.9951604113195697	false	0	0
PT2-PT1	Inflammation_II	OID30699	2	2	1	0.9951604113195697	false	0	0
PT2-PT1	Inflammation	OID20693	2	2	1	0.9625778198237628	false	0	0
PT2-PT1	Cardiometabolic_II	OID30098	2	2	1	0.9951604113195697	false	0	0
PT2-PT1	Inflammation	OID20750	2	2	1	0.9951604113195697	false	0	0
PT2-PT1	Oncology_II	OID31227	2	2	1	0.9951604113195697	false	0	0
PT2-PT1	Neurology_II	OID31008	2	2	1	0.9951604113195697	false	0	0
PT2-PT1	Oncology	OID21161	2	2	1	0.9951604113195697	false	0	0
PT2-PT1	Cardiometabolic	OID20066	2	2	1	0.9951604113195697	false	0	0
PT2-PT1	Inflammation_II	OID30623	2	2	1	0.9959309728030199	false	0	0
PT2-PT1	Neurology	OID20901	2	2	1	0.9951604113195697	false	0	0
PT2-PT1	Oncology	OID21508	2	2	1	0.6300266892441037	false	0	0
PT2-PT1	Neurology_II	OID30801	2	2	1	0.9951604113195697	false	0	0
PT2-PT1	Neurology	OID20916	2	2	1	0.9951604113195697	false	0	0
PT2-PT1	Oncology_II	OID31240	2	2	1	0.9951604113195697	false	0	0
PT2-PT1	Cardiometabolic	OID20359	2	2	1	0.9951604113195697	false	0	0
PT2-PT1	Neurology	OID20910	2	2	1	0.9951604113195697	false	0	0
PT2-PT1	Oncology	OID21317	2	2	1	0.9951604113195697	false	0	0
PT2-PT1	Oncology_II	OID31399	2	2	1	0.9951604113195697	false	0	0
PT2-PT1	Neurology_II	OID30810	2	2	1	0.9951604113195697	false	0	0
PT2-PT1	Neurology	OID21085	2	2	1	0.9951604113195697	false	0	0
PT2-PT1	Neurology_II	OID31072	2	2	1	0.9951604113195697	false	0	0
PT2-PT1	Neurology	OID21139	2	2	1	0.9951604113195697	false	0	0
PT2-PT1	Cardiometabolic_II	OID30065	2	2	1	0.9951604113195697	false	0	0
PT2-PT1	Cardiometabolic_II	OID30138	2	2	1	0.9951604113195697	false	0	0
PT2-PT1	Neurology_II	OID31104	2	2	1	0.9951604113195697	false	0	0
PT2-PT1	Neurology_II	OID31076	2	2	1	0.9951604113195697	false	0	0
PT2-PT1	Neurology_II	OID31099	2	2	1	0.2868154830946685	false	0	0
PT2-PT1	Neurology_II	OID30826	2	2	1	0.9951604113195697	false	0	0
PT2-PT1	Neurology	OID21061	2	2	1	0.9951604113195697	false	0	0
PT2-PT1	Oncology	OID21283	2	2	1	0.9951604113195697	false	0	0
PT2-PT1	Oncology	OID21452	2	2	1	0.9951604113195697	false	0	0
PT2-PT1	Inflammation	OID20628	2	2	1	0.9951604113195697	false	0	0
PT2-PT1	Cardiometabolic	OID20350	2	2	1	0.9951604113195697	false	0	0
PT2-PT1	Oncology_II	OID31263	2	2	1	0.9951604113195697	false	0	0
PT2-PT1	Oncology_II	OID31281	2	2	1	0.9951604113195697	false	0	0
PT2-PT1	Cardiometabolic	OID20386	2	2	1	0.9951604113195697	false	0	0
PT2-PT1	Inflammation_II	OID30663	2	2	1	0.9951604113195697	false	0	0
PT2-PT1	Oncology	OID21359	2	2	1	0.9951604113195697	false	0	0
PT2-PT1	Cardiometabolic	OID20233	2	2	1	0.9951604113195697	false	0	0
PT2-PT1	Neurology_II	OID31082	2	2	1	0.9951604113195697	false	0	0
PT2-PT1	Cardiometabolic_II	OID30090	2	2	1	0.9951604113195697	false	0	0
PT2-PT1	Oncology_II	OID31236	2	2	1	0.9951604113195697	false	0	0
PT2-PT1	Cardiometabolic	OID20094	2	2	1	0.9502861830440976	false	0	0
PT2-PT1	Oncology	OID21488	2	2	1	0.9951604113195697	false	0	0
PT2-PT1	Inflammation	OID20457	2	2	1	0.9951604113195697	false	0	0
PT2-PT1	Neurology	OID20927	2	2	1	0.9951604113195697	false	0	0
PT2-PT1	Neurology	OID21144	2	2	1	0.8368737157887016	false	0	0
PT2-PT1	Inflammation	OID20446	2	2	1	0.9951604113195697	false	0	0
PT2-PT1	Inflammation	OID20491	2	2	1	0.8368737157887016	false	0	0
PT2-PT1	Oncology	OID21493	2	2	1	0.9951604113195697	false	0	0
PT2-PT1	Inflammation	OID20458	2	2	1	0.9984804550089146	false	0	0
PT2-PT1	Neurology_II	OID31069	2	2	1	0.9951604113195697	false	0	0
PT2-PT1	Oncology	OID21276	2	2	1	0.9951604113195697	false	0	0
PT2-PT1	Inflammation	OID20449	2	2	1	0.9951604113195697	false	0	0
PT2-PT1	Cardiometabolic	OID20195	2	2	1	0.9502861830440976	false	0	0
PT2-PT1	Cardiometabolic	OID20148	2	2	1	0.9894697482354282	false	0	0
PT2-PT1	Oncology	OID21400	2	2	1	0.24317183826631425	false	0	0
PT2-PT1	Inflammation	OID20588	2	2	1	0.9951604113195697	false	0	0
PT2-PT1	Neurology	OID20977	2	2	1	0.9951604113195697	false	0	0
PT2-PT1	Oncology	OID21446	2	2	1	0.9951604113195697	false	0	0
PT2-PT1	Neurology_II	OID31088	2	2	1	0.9951604113195697	false	0	0
PT2-PT1	Oncology	OID21231	2	2	1	0.9951604113195697	false	0	0
PT2-PT1	Inflammation	OID20497	2	2	1	0.4336523901627007	false	0	0
PT2-PT1	Oncology_II	OID31518	2	2	1	0.9951604113195697	false	0	0
PT2-PT1	Inflammation	OID20447	2	2	1	0.9951604113195697	false	0	0
PT2-PT1	Cardiometabolic_II	OID30066	2	2	1	0.9951604113195697	false	0	0
PT2-PT1	Inflammation	OID20634	2	2	1	0.9951604113195697	false	0	0
PT2-PT1	Oncology	OID21397	2	2	1	0.9951604113195697	false	0	0
PT2-PT1	Oncology_II	OID31359	2	2	1	0.9951604113195697	false	0	0
PT2-PT1	Cardiometabolic_II	OID30283	2	2	1	0.9951604113195697	false	0	0
PT2-PT1	Oncology	OID21450	2	2	1	0.9951604113195697	false	0	0
PT2-PT1	Oncology_II	OID31318	2	2	1	0.9951604113195697	false	0	0
PT2-PT1	Neurology	OID21152	2	2	1	0.9951604113195697	false	0	0
PT2-PT1	Neurology	OID20823	2	2	1	0.9951604113195697	false	0	0
PT2-PT1	Neurology_II	OID31023	2	2	1	0.9979191426699315	false	0	0
PT2-PT1	Neurology_II	OID30997	2	2	1	0.9951604113195697	false	0	0
PT2-PT1	Oncology_II	OID31198	2	2	1	0.9979191426699315	false	0	0
PT2-PT1	Cardiometabolic	OID20241	2	2	1	0.9951604113195697	false	0	0
PT2-PT1	Cardiometabolic_II	OID30323	2	2	1	0.9951604113195697	false	0	0
PT2-PT1	Inflammation_II	OID30725	2	2	1	0.9979191426699315	false	0	0
PT2-PT1	Oncology	OID21309	2	2	1	0.9951604113195697	false	0	0
PT2-PT1	Cardiometabolic	OID20056	2	2	1	0.9951604113195697	false	0	0
PT2-PT1	Cardiometabolic	OID20218	2	2	1	0.9951604113195697	false	0	0
PT2-PT1	Oncology	OID21302	2	2	1	0.9951604113195697	false	0	0
PT2-PT1	Oncology_II	OID31396	2	2	1	0.9951604113195697	false	0	0
PT2-PT1	Inflammation	OID20669	2	2	1	0.9951604113195697	false	0	0
PT2-PT1	Cardiometabolic_II	OID30352	2	2	1	0.9951604113195697	false	0	0
PT2-PT1	Neurology_II	OID31095	2	2	1	0.9951604113195697	false	0	0
PT2-PT1	Inflammation_II	OID30507	2	2	1	0.9951604113195697	false	0	0
PT2-PT1	Neurology_II	OID30951	2	2	1	0.9951604113195697	false	0	0
PT2-PT1	Inflammation_II	OID30727	2	2	1	0.9951604113195697	false	0	0
PT2-PT1	Neurology_II	OID31138	2	2	1	0.9951604113195697	false	0	0
PT2-PT1	Cardiometabolic	OID20097	2	2	1	0.9625778198237628	false	0	0
PT2-PT1	Neurology_II	OID30881	2	2	1	0.9951604113195697	false	0	0
PT2-PT1	Cardiometabolic_II	OID30344	2	2	1	0.9951604113195697	false	0	0
PT2-PT1	Oncology_II	OID31454	2	2	1	0.9951604113195697	false	0	0
PT2-PT1	Neurology	OID21133	2	2	1	0.9951604113195697	false	0	0
PT2-PT1	Oncology_II	OID31492	2	2	1	0.9951604113195697	false	0	0
PT2-PT1	Inflammation_II	OID30447	2	2	1	0.9951604113195697	false	0	0
PT2-PT1	Cardiometabolic	OID20062	2	2	1	0.9951604113195697	false	0	0
PT2-PT1	Neurology	OID21068	2	2	1	0.9951604113195697	false	0	0
PT2-PT1	Oncology_II	OID31369	2	2	1	0.9951604113195697	false	0	0
PT2-PT1	Cardiometabolic	OID20216	2	2	1	0.9951604113195697	false	0	0
PT2-PT1	Oncology_II	OID31258	2	2	1	0.9951604113195697	false	0	0
PT2-PT1	Cardiometabolic_II	OID30102	2	2	1	0.9951604113195697	false	0	0
PT2-PT1	Inflammation_II	OID30539	2	2	1	0.9951604113195697	false	0	0
PT2-PT1	Cardiometabolic	OID20374	2	2	1	0.9951604113195697	false	0	0
PT2-PT1	Neurology_II	OID30855	2	2	1	0.9951604113195697	false	0	0
PT2-PT1	Oncology_II	OID31205	2	2	1	0.9951604113195697	false	0	0
PT2-PT1	Neurology	OID20888	2	2	1	0.9951604113195697	false	0	0
PT2-PT1	Oncology	OID21252	2	2	1	0.9951604113195697	false	0	0
PT2-PT1	Cardiometabolic_II	OID30252	2	2	1	0.9951604113195697	false	0	0
PT2-PT1	Oncology	OID21378	2	2	1	0.9951604113195697	false	0	0
PT2-PT1	Inflammation	OID20640	2	2	1	0.9951604113195697	false	0	0
PT2-PT1	Oncology_II	OID31192	2	2	1	0.9951604113195697	false	0	0
PT2-PT1	Neurology_II	OID30954	2	2	1	0.9951604113195697	false	0	0
PT2-PT1	Neurology	OID21020	2	2	1	0.9951604113195697	false	0	0
PT2-PT1	Cardiometabolic_II	OID30068	2	2	1	0.9951604113195697	false	0	0
PT2-PT1	Neurology	OID20902	2	2	1	0.9951604113195697	false	0	0
PT2-PT1	Inflammation	OID20786	2	2	1	0.9951604113195697	false	0	0
PT2-PT1	Cardiometabolic_II	OID30145	2	2	1	0.9951604113195697	false	0	0
PT2-PT1	Inflammation	OID20668	2	2	1	0.9951604113195697	false	0	0
PT2-PT1	Neurology_II	OID30999	2	2	1	0.9951604113195697	false	0	0
PT2-PT1	Inflammation_II	OID30537	2	2	1	0.9951604113195697	false	0	0
PT2-PT1	Cardiometabolic	OID20124	2	2	1	0.9951604113195697	false	0	0
PT2-PT1	Inflammation_II	OID30527	2	2	1	0.8368737157887016	false	0	0
PT2-PT1	Oncology_II	OID31266	2	2	1	0.9951604113195697	false	0	0
PT2-PT1	Neurology_II	OID30885	2	2	1	0.9951604113195697	false	0	0
PT2-PT1	Oncology_II	OID31279	2	2	1	0.9951604113195697	false	0	0
PT2-PT1	Neurology_II	OID31035	2	2	1	0.9951604113195697	false	0	0
PT2-PT1	Cardiometabolic	OID20219	2	2	1	0.9951604113195697	false	0	0
PT2-PT1	Cardiometabolic_II	OID30395	2	2	1	0.9951604113195697	false	0	0
PT2-PT1	Inflammation_II	OID30632	2	2	1	0.9951604113195697	false	0	0
PT2-PT1	Inflammation	OID20737	2	2	1	0.9951604113195697	false	0	0
PT2-PT1	Neurology_II	OID30968	2	2	1	0.9894697482354282	false	0	0
PT2-PT1	Inflammation_II	OID30485	2	2	1	0.9951604113195697	false	0	0
PT2-PT1	Inflammation	OID20605	2	2	1	0.9951604113195697	false	0	0
PT2-PT1	Neurology	OID20794	2	2	1	0.9951604113195697	false	0	0
PT2-PT1	Neurology_II	OID30835	2	2	1	0.9625778198237628	false	0	0
PT2-PT1	Oncology_II	OID31265	2	2	1	0.9502861830440976	false	0	0
PT2-PT1	Oncology_II	OID31345	2	2	1	0.9625778198237628	false	0	0
PT2-PT1	Neurology	OID20931	2	2	1	0.9951604113195697	false	0	0
PT2-PT1	Cardiometabolic_II	OID30161	2	2	1	0.9951604113195697	false	0	0
PT2-PT1	Oncology	OID21292	2	2	1	0.9951604113195697	false	0	0
PT2-PT1	Neurology	OID21120	2	2	1	0.9951604113195697	false	0	0
PT2-PT1	Oncology	OID21227	2	2	1	0.9951604113195697	false	0	0
PT2-PT1	Cardiometabolic_II	OID30087	2	2	1	0.9979191426699315	false	0	0
PT2-PT1	Oncology_II	OID31414	2	2	1	0.9951604113195697	false	0	0
PT2-PT1	Inflammation	OID20538	2	2	1	0.9951604113195697	false	0	0
PT2-PT1	Neurology	OID21013	2	2	1	0.9951604113195697	false	0	0
PT2-PT1	Oncology_II	OID31168	2	2	1	0.9951604113195697	false	0	0
PT2-PT1	Neurology_II	OID31026	2	2	1	0.9951604113195697	false	0	0
PT2-PT1	Oncology_II	OID31333	2	2	1	0.9951604113195697	false	0	0
PT2-PT1	Oncology_II	OID31219	2	2	1	0.9951604113195697	false	0	0
PT2-PT1	Cardiometabolic_II	OID30248	2	2	1	0.9951604113195697	false	0	0
PT2-PT1	Neurology	OID20854	2	2	1	0.9951604113195697	false	0	0
PT2-PT1	Neurology	OID21016	2	2	1	0.9951604113195697	false	0	0
PT2-PT1	Neurology	OID20962	2	2	1	0.9951604113195697	false	0	0
PT2-PT1	Oncology_II	OID31446	2	2	1	0.9951604113195697	false	0	0
PT2-PT1	Cardiometabolic	OID20134	2	2	1	0.8870183540111473	false	0	0
PT2-PT1	Inflammation	OID20440	2	2	1	0.9951604113195697	false	0	0
PT2-PT1	Neurology_II	OID30865	2	2	1	0.9979191426699315	false	0	0
PT2-PT1	Inflammation	OID20638	2	2	1	0.9951604113195697	false	0	0
PT2-PT1	Cardiometabolic_II	OID30370	2	2	1	0.9979191426699315	false	0	0
PT2-PT1	Oncology	OID21250	2	2	1	0.9951604113195697	false	0	0
PT2-PT1	Oncology_II	OID31465	2	2	1	0.9951604113195697	false	0	0
PT2-PT1	Neurology	OID20869	2	2	1	0.9951604113195697	false	0	0
PT2-PT1	Neurology_II	OID30812	2	2	1	0.9951604113195697	false	0	0
PT2-PT1	Oncology	OID21202	2	2	1	0.9951604113195697	false	0	0
PT2-PT1	Neurology	OID20862	2	2	1	0.9951604113195697	false	0	0
PT2-PT1	Oncology_II	OID31194	2	2	1	0.9951604113195697	false	0	0
PT2-PT1	Inflammation	OID20439	2	2	1	0.9951604113195697	false	0	0
PT2-PT1	Oncology_II	OID31241	2	2	1	0.9951604113195697	false	0	0
PT2-PT1	Cardiometabolic	OID20348	2	2	1	0.9951604113195697	false	0	0
PT2-PT1	Inflammation	OID20782	2	2	1	0.9951604113195697	false	0	0
PT2-PT1	Cardiometabolic_II	OID30237	2	2	1	0.9951604113195697	false	0	0
PT2-PT1	Cardiometabolic_II	OID30115	2	2	1	0.9951604113195697	false	0	0
PT2-PT1	Oncology	OID21320	2	2	1	0.9951604113195697	false	0	0
PT2-PT1	Cardiometabolic	OID20303	2	2	1	0.9951604113195697	false	0	0
PT2-PT1	Inflammation	OID20485	2	2	1	0.9951604113195697	false	0	0
PT2-PT1	Inflammation	OID20598	2	2	1	0.9625778198237628	false	0	0
PT2-PT1	Oncology	OID21179	2	2	1	0.9951604113195697	false	0	0
PT2-PT1	Neurology	OID20896	2	2	1	0.9951604113195697	false	0	0
PT2-PT1	Oncology_II	OID31254	2	2	1	0.9951604113195697	false	0	0
PT2-PT1	Cardiometabolic	OID20389	2	2	1	0.9951604113195697	false	0	0
PT2-PT1	Oncology_II	OID31429	2	2	1	0.9951604113195697	false	0	0
PT2-PT1	Cardiometabolic	OID20362	2	2	1	0.9951604113195697	false	0	0
PT2-PT1	Cardiometabolic_II	OID30245	2	2	1	0.9951604113195697	false	0	0
PT2-PT1	Oncology_II	OID31344	2	2	1	0.9951604113195697	false	0	0
PT2-PT1	Inflammation	OID20476	2	2	1	0.9951604113195697	false	0	0
PT2-PT1	Cardiometabolic	OID20125	2	2	1	0.9951604113195697	false	0	0
PT2-PT1	Oncology_II	OID31298	2	2	1	0.9951604113195697	false	0	0
PT2-PT1	Neurology_II	OID30994	2	2	1	0.9951604113195697	false	0	0
PT2-PT1	Cardiometabolic	OID20299	2	2	1	0.9951604113195697	false	0	0
PT2-PT1	Neurology_II	OID31000	2	2	1	0.9951604113195697	false	0	0
PT2-PT1	Cardiometabolic_II	OID30174	2	2	1	0.9951604113195697	false	0	0
PT2-PT1	Neurology	OID21142	2	2	1	0.9951604113195697	false	0	0
PT2-PT1	Neurology	OID20868	2	2	1	0.9951604113195697	false	0	0
PT2-PT1	Inflammation	OID20424	2	2	1	0.9951604113195697	false	0	0
PT2-PT1	Oncology_II	OID31422	2	2	1	0.9951604113195697	false	0	0
PT2-PT1	Oncology_II	OID31491	2	2	1	0.9951604113195697	false	0	0
PT2-PT1	Neurology	OID21010	2	2	1	0.9951604113195697	false	0	0
PT2-PT1	Cardiometabolic_II	OID30116	2	2	1	0.9951604113195697	false	0	0
PT2-PT1	Cardiometabolic_II	OID30091	2	2	1	0.9951604113195697	false	0	0
PT2-PT1	Cardiometabolic_II	OID30082	2	2	1	0.9951604113195697	false	0	0
PT2-PT1	Neurology_II	OID31127	2	2	1	0.9951604113195697	false	0	0
PT2-PT1	Inflammation	OID20724	2	2	1	0.9951604113195697	false	0	0
PT2-PT1	Oncology_II	OID31428	2	2	1	0.9951604113195697	false	0	0
PT2-PT1	Neurology	OID21078	2	2	1	0.9951604113195697	false	0	0
PT2-PT1	Inflammation_II	OID30577	2	2	1	0.9951604113195697	false	0	0
PT2-PT1	Inflammation_II	OID30546	2	2	1	0.9951604113195697	false	0	0
PT2-PT1	Neurology_II	OID31078	2	2	1	0.9951604113195697	false	0	0
PT2-PT1	Neurology	OID20995	2	2	1	0.9894697482354282	false	0	0
PT2-PT1	Oncology_II	OID31448	2	2	1	0.9951604113195697	false	0	0
PT2-PT1	Cardiometabolic_II	OID30107	2	2	1	0.9951604113195697	false	0	0
PT2-PT1	Oncology	OID21412	2	2	1	0.9951604113195697	false	0	0
PT2-PT1	Inflammation	OID20741	2	2	1	0.9984804550089146	false	0	0
PT2-PT1	Inflammation_II	OID30570	2	2	1	0.9951604113195697	false	0	0
PT2-PT1	Cardiometabolic_II	OID30412	2	2	1	0.9951604113195697	false	0	0
PT2-PT1	Cardiometabolic_II	OID30288	2	2	1	0.9979191426699315	false	0	0
PT2-PT1	Oncology_II	OID31289	2	2	1	0.9951604113195697	false	0	0
PT2-PT1	Cardiometabolic	OID20181	2	2	1	0.9951604113195697	false	0	0
PT2-PT1	Cardiometabolic_II	OID30347	2	2	1	0.9951604113195697	false	0	0
PT2-PT1	Oncology_II	OID31480	2	2	1	0.9951604113195697	false	0	0
PT2-PT1	Inflammation_II	OID30491	2	2	1	0.9951604113195697	false	0	0
PT2-PT1	Neurology_II	OID30938	2	2	1	0.9951604113195697	false	0	0
PT2-PT1	Cardiometabolic	OID20174	2	2	1	0.9951604113195697	false	0	0
PT2-PT1	Oncology_II	OID31520	2	2	1	0.9951604113195697	false	0	0
PT2-PT1	Neurology	OID20906	2	2	1	0.9951604113195697	false	0	0
PT2-PT1	Cardiometabolic_II	OID30180	2	2	1	0.24317183826631425	false	0	0
PT2-PT1	Neurology_II	OID31148	2	2	1	0.9951604113195697	false	0	0
PT2-PT1	Oncology	OID21181	2	2	1	0.9951604113195697	false	0	0
PT2-PT1	Inflammation	OID20430	2	2	1	0.9951604113195697	false	0	0
PT2-PT1	Cardiometabolic_II	OID30182	2	2	1	0.9951604113195697	false	0	0
PT2-PT1	Oncology	OID21355	2	2	1	0.9951604113195697	false	0	0
PT2-PT1	Oncology_II	OID31452	2	2	1	0.9951604113195697	false	0	0
PT2-PT1	Inflammation_II	OID30587	2	2	1	0.9951604113195697	false	0	0
PT2-PT1	Inflammation	OID20787	2	2	1	0.9951604113195697	false	0	0
PT2-PT1	Inflammation	OID20540	2	2	1	0.9951604113195697	false	0	0
PT2-PT1	Cardiometabolic_II	OID30415	2	2	1	0.9951604113195697	false	0	0
PT2-PT1	Inflammation	OID20680	2	2	1	0.9951604113195697	false	0	0
PT2-PT1	Cardiometabolic_II	OID30086	2	2	1	0.9951604113195697	false	0	0
PT2-PT1	Cardiometabolic	OID20138	2	2	1	0.9951604113195697	false	0	0
PT2-PT1	Cardiometabolic_II	OID30399	2	2	1	0.9951604113195697	false	0	0
PT2-PT1	Neurology_II	OID31102	2	2	1	0.9951604113195697	false	0	0
PT2-PT1	Oncology_II	OID31508	2	2	1	0.9951604113195697	false	0	0
PT2-PT1	Neurology_II	OID30848	2	2	1	0.9951604113195697	false	0	0
PT2-PT1	Cardiometabolic	OID20408	2	2	1	0.921616656762061	false	0	0
PT2-PT1	Cardiometabolic	OID20204	2	2	1	0.9951604113195697	false	0	0
PT2-PT1	Neurology_II	OID31126	2	2	1	0.9951604113195697	false	0	0
PT2-PT1	Oncology	OID21484	2	2	1	0.9951604113195697	false	0	0
PT2-PT1	Oncology	OID21365	2	2	1	0.9951604113195697	false	0	0
PT2-PT1	Neurology	OID21103	2	2	1	0.9951604113195697	false	0	0
PT2-PT1	Inflammation	OID20549	2	2	1	0.9951604113195697	false	0	0
PT2-PT1	Cardiometabolic	OID20416	2	2	1	0.9951604113195697	false	0	0
PT2-PT1	Inflammation_II	OID30579	2	2	1	0.9951604113195697	false	0	0
PT2-PT1	Inflammation	OID20620	2	2	1	0.9951604113195697	false	0	0
PT2-PT1	Oncology	OID21343	2	2	1	0.9625778198237628	false	0	0
PT2-PT1	Cardiometabolic_II	OID30074	2	2	1	0.9951604113195697	false	0	0
PT2-PT1	Inflammation_II	OID30530	2	2	1	0.9951604113195697	false	0	0
PT2-PT1	Oncology	OID21268	2	2	1	0.9951604113195697	false	0	0
PT2-PT1	Cardiometabolic_II	OID30255	2	2	1	0.9951604113195697	false	0	0
PT2-PT1	Inflammation	OID20647	2	2	1	0.9951604113195697	false	0	0
PT2-PT1	Cardiometabolic	OID20255	2	2	1	0.9951604113195697	false	0	0
PT2-PT1	Inflammation	OID20651	2	2	1	0.9979191426699315	false	0	0
PT2-PT1	Inflammation	OID20623	2	2	1	0.9951604113195697	false	0	0
PT2-PT1	Neurology_II	OID30878	2	2	1	0.9951604113195697	false	0	0
PT2-PT1	Neurology_II	OID30971	2	2	1	0.8956543062625636	false	0	0
PT2-PT1	Oncology_II	OID31347	2	2	1	0.9951604113195697	false	0	0
PT2-PT1	Oncology_II	OID31473	2	2	1	0.9502861830440976	false	0	0
PT2-PT1	Inflammation_II	OID30607	2	2	1	0.9951604113195697	false	0	0
PT2-PT1	Oncology_II	OID31303	2	2	1	0.9951604113195697	false	0	0
PT2-PT1	Oncology_II	OID31269	2	2	1	0.9951604113195697	false	0	0
PT2-PT1	Inflammation_II	OID30701	2	2	1	0.9951604113195697	false	0	0
PT2-PT1	Neurology_II	OID30819	2	2	1	0.9951604113195697	false	0	0
PT2-PT1	Cardiometabolic	OID20414	2	2	1	0.9951604113195697	false	0	0
PT2-PT1	Neurology_II	OID31054	2	2	1	0.9979191426699315	false	0	0
PT2-PT1	Oncology_II	OID31319	2	2	1	0.9951604113195697	false	0	0
PT2-PT1	Neurology_II	OID30807	2	2	1	0.9951604113195697	false	0	0
PT2-PT1	Cardiometabolic	OID20242	2	2	1	0.9951604113195697	false	0	0
PT2-PT1	Inflammation	OID20664	2	2	1	0.9951604113195697	false	0	0
PT2-PT1	Cardiometabolic	OID20285	2	2	1	0.9951604113195697	false	0	0
PT2-PT1	Oncology_II	OID31376	2	2	1	0.9951604113195697	false	0	0
PT2-PT1	Cardiometabolic	OID20413	2	2	1	0.9502861830440976	false	0	0
PT2-PT1	Neurology_II	OID30976	2	2	1	0.9951604113195697	false	0	0
PT2-PT1	Cardiometabolic	OID20360	2	2	1	0.8368737157887016	false	0	0
PT2-PT1	Oncology	OID21368	2	2	1	0.9951604113195697	false	0	0
PT2-PT1	Neurology	OID20979	2	2	1	0.9951604113195697	false	0	0
PT2-PT1	Oncology_II	OID31211	2	2	1	0.9951604113195697	false	0	0
PT2-PT1	Cardiometabolic_II	OID30092	2	2	1	0.9979191426699315	false	0	0
PT2-PT1	Oncology	OID21184	2	2	1	0.9951604113195697	false	0	0
PT2-PT1	Neurology_II	OID31122	2	2	1	0.9951604113195697	false	0	0
PT2-PT1	Cardiometabolic	OID20349	2	2	1	0.9951604113195697	false	0	0
PT2-PT1	Oncology_II	OID31160	2	2	1	0.9951604113195697	false	0	0
PT2-PT1	Inflammation	OID20746	2	2	1	0.9951604113195697	false	0	0
PT2-PT1	Neurology_II	OID31153	2	2	1	0.9951604113195697	false	0	0
PT2-PT1	Inflammation	OID20650	2	2	1	0.9951604113195697	false	0	0
PT2-PT1	Neurology_II	OID30990	2	2	1	0.9951604113195697	false	0	0
PT2-PT1	Cardiometabolic_II	OID30280	2	2	1	0.9951604113195697	false	0	0
PT2-PT1	Oncology	OID21469	2	2	1	0.9951604113195697	false	0	0
PT2-PT1	Cardiometabolic	OID20320	2	2	1	0.9951604113195697	false	0	0
PT2-PT1	Inflammation_II	OID30634	2	2	1	0.9951604113195697	false	0	0
PT2-PT1	Inflammation_II	OID30650	2	2	1	0.9951604113195697	false	0	0
PT2-PT1	Oncology_II	OID31210	2	2	1	0.7336922992890397	false	0	0
PT2-PT1	Neurology_II	OID30828	2	2	1	0.8870183540111473	false	0	0
PT2-PT1	Neurology_II	OID30800	2	2	1	0.9951604113195697	false	0	0
PT2-PT1	Neurology	OID20969	2	2	1	0.9951604113195697	false	0	0
PT2-PT1	Inflammation	OID20488	2	2	1	0.9951604113195697	false	0	0
PT2-PT1	Inflammation	OID20675	2	2	1	0.9951604113195697	false	0	0
PT2-PT1	Oncology	OID21357	2	2	1	0.9951604113195697	false	0	0
PT2-PT1	Inflammation_II	OID30509	2	2	1	0.9951604113195697	false	0	0
PT2-PT1	Inflammation_II	OID30464	2	2	1	0.9951604113195697	false	0	0
PT2-PT1	Oncology_II	OID31260	2	2	1	0.9951604113195697	false	0	0
PT2-PT1	Inflammation	OID20653	2	2	1	0.9951604113195697	false	0	0
PT2-PT1	Neurology_II	OID31113	2	2	1	0.9951604113195697	false	0	0
PT2-PT1	Neurology	OID21082	2	2	1	0.9951604113195697	false	0	0
PT2-PT1	Oncology_II	OID31292	2	2	1	0.9979191426699315	false	0	0
PT2-PT1	Inflammation	OID20788	2	2	1	0.9951604113195697	false	0	0
PT2-PT1	Cardiometabolic_II	OID30159	2	2	1	0.9951604113195697	false	0	0
PT2-PT1	Neurology	OID21060	2	2	1	0.9951604113195697	false	0	0
PT2-PT1	Cardiometabolic_II	OID30166	2	2	1	0.9951604113195697	false	0	0
PT2-PT1	Cardiometabolic_II	OID30301	2	2	1	0.9951604113195697	false	0	0
PT2-PT1	Neurology	OID21015	2	2	1	0.9951604113195697	false	0	0
PT2-PT1	Oncology	OID21348	2	2	1	0.9951604113195697	false	0	0
PT2-PT1	Neurology_II	OID30967	2	2	1	0.9951604113195697	false	0	0
PT2-PT1	Inflammation_II	OID30493	2	2	1	0.9951604113195697	false	0	0
PT2-PT1	Neurology_II	OID30833	2	2	1	0.9951604113195697	false	0	0
PT2-PT1	Oncology_II	OID31357	2	2	1	0.9625778198237628	false	0	0
PT2-PT1	Cardiometabolic	OID20058	2	2	1	0.9951604113195697	false	0	0
PT2-PT1	Cardiometabolic	OID20334	2	2	1	0.9951604113195697	false	0	0
PT2-PT1	Inflammation	OID20631	2	2	1	0.9951604113195697	false	0	0
PT2-PT1	Cardiometabolic_II	OID30341	2	2	1	0.9951604113195697	false	0	0
PT2-PT1	Inflammation_II	OID30698	2	2	1	0.9951604113195697	false	0	0
PT2-PT1	Inflammation_II	OID30544	2	2	1	0.9951604113195697	false	0	0
PT2-PT1	Inflammation	OID20472	2	2	1	0.9951604113195697	false	0	0
PT2-PT1	Cardiometabolic	OID20347	2	2	1	0.9951604113195697	false	0	0
PT2-PT1	Neurology	OID20799	2	2	1	0.9951604113195697	false	0	0
PT2-PT1	Inflammation	OID20608	2	2	1	0.9951604113195697	false	0	0
PT2-PT1	Cardiometabolic	OID20277	2	2	1	0.9951604113195697	false	0	0
PT2-PT1	Neurology	OID21080	2	2	1	0.9951604113195697	false	0	0
PT2-PT1	Neurology_II	OID31143	2	2	1	0.9951604113195697	false	0	0
PT2-PT1	Neurology	OID21105	2	2	1	0.9951604113195697	false	0	0
PT2-PT1	Oncology_II	OID31239	2	2	1	0.9951604113195697	false	0	0
PT2-PT1	Inflammation_II	OID30726	2	2	1	0.9951604113195697	false	0	0
PT2-PT1	Neurology	OID21112	2	2	1	0.9951604113195697	false	0	0
PT2-PT1	Oncology_II	OID31183	2	2	1	0.9979191426699315	false	0	0
PT2-PT1	Inflammation	OID20460	2	2	1	0.9951604113195697	false	0	0
PT2-PT1	Cardiometabolic_II	OID30111	2	2	1	0.9951604113195697	false	0	0
PT2-PT1	Neurology	OID21097	2	2	1	0.9951604113195697	false	0	0
PT2-PT1	Neurology_II	OID31096	2	2	1	0.9951604113195697	false	0	0
PT2-PT1	Oncology_II	OID31246	2	2	1	0.9951604113195697	false	0	0
PT2-PT1	Neurology	OID20992	2	2	1	0.9951604113195697	false	0	0
PT2-PT1	Cardiometabolic	OID20113	2	2	1	0.9951604113195697	false	0	0
PT2-PT1	Cardiometabolic_II	OID30278	2	2	1	0.9951604113195697	false	0	0
PT2-PT1	Inflammation_II	OID30683	2	2	1	0.9951604113195697	false	0	0
PT2-PT1	Oncology	OID21195	2	2	1	0.9951604113195697	false	0	0
PT2-PT1	Oncology	OID21318	2	2	1	0.9951604113195697	false	0	0
PT2-PT1	Oncology	OID21383	2	2	1	0.9951604113195697	false	0	0
PT2-PT1	Neurology	OID21099	2	2	1	0.9951604113195697	false	0	0
PT2-PT1	Cardiometabolic	OID20336	2	2	1	0.9502861830440976	false	0	0
PT2-PT1	Neurology_II	OID31028	2	2	1	0.9951604113195697	false	0	0
PT2-PT1	Cardiometabolic_II	OID30176	2	2	1	0.9951604113195697	false	0	0
PT2-PT1	Oncology	OID21263	2	2	1	0.9951604113195697	false	0	0
PT2-PT1	Oncology_II	OID31293	2	2	1	0.9951604113195697	false	0	0
PT2-PT1	Oncology_II	OID31408	2	2	1	0.9894697482354282	false	0	0
PT2-PT1	Cardiometabolic	OID20050	2	2	1	0.8368737157887016	false	0	0
PT2-PT1	Cardiometabolic	OID20152	2	2	1	0.9951604113195697	false	0	0
PT2-PT1	Oncology_II	OID31295	2	2	1	0.9951604113195697	false	0	0
PT2-PT1	Cardiometabolic_II	OID30317	2	2	1	0.9951604113195697	false	0	0
PT2-PT1	Cardiometabolic_II	OID30387	2	2	1	0.9951604113195697	false	0	0
PT2-PT1	Inflammation	OID20757	2	2	1	0.9951604113195697	false	0	0
PT2-PT1	Cardiometabolic_II	OID30417	2	2	1	0.9951604113195697	false	0	0
PT2-PT1	Neurology	OID21091	2	2	1	0.9951604113195697	false	0	0
PT2-PT1	Oncology_II	OID31230	2	2	1	0.9951604113195697	false	0	0
PT2-PT1	Cardiometabolic_II	OID30388	2	2	1	0.9951604113195697	false	0	0
PT2-PT1	Oncology	OID21429	2	2	1	0.9951604113195697	false	0	0
PT2-PT1	Neurology	OID21044	2	2	1	0.9951604113195697	false	0	0
PT2-PT1	Inflammation_II	OID30748	2	2	1	0.9951604113195697	false	0	0
PT2-PT1	Neurology	OID21035	2	2	1	0.9951604113195697	false	0	0
PT2-PT1	Cardiometabolic	OID20369	2	2	1	0.9951604113195697	false	0	0
PT2-PT1	Oncology	OID21280	2	2	1	0.9951604113195697	false	0	0
PT2-PT1	Inflammation	OID20761	2	2	1	0.9951604113195697	false	0	0
PT2-PT1	Neurology_II	OID31006	2	2	1	0.9951604113195697	false	0	0
PT2-PT1	Oncology	OID21286	2	2	1	0.9951604113195697	false	0	0
PT2-PT1	Oncology	OID21473	2	2	1	0.8381105124419349	false	0	0
PT2-PT1	Oncology	OID21516	2	2	1	0.9951604113195697	false	0	0
PT2-PT1	Oncology	OID21350	2	2	1	0.9951604113195697	false	0	0
PT2-PT1	Inflammation_II	OID30635	2	2	1	0.9951604113195697	false	0	0
PT2-PT1	Inflammation_II	OID30585	2	2	1	0.9951604113195697	false	0	0
PT2-PT1	Cardiometabolic_II	OID30334	2	2	1	0.9951604113195697	false	0	0
PT2-PT1	Inflammation	OID20617	2	2	1	0.9951604113195697	false	0	0
PT2-PT1	Oncology	OID21449	2	2	1	0.9951604113195697	false	0	0
PT2-PT1	Oncology_II	OID31370	2	2	1	0.9951604113195697	false	0	0
PT2-PT1	Neurology	OID20857	2	2	1	0.9951604113195697	false	0	0
PT2-PT1	Inflammation_II	OID30658	2	2	1	0.9951604113195697	false	0	0
PT2-PT1	Neurology	OID21051	2	2	1	0.9951604113195697	false	0	0
PT2-PT1	Cardiometabolic	OID20190	2	2	1	0.5102238330788043	false	0	0
PT2-PT1	Neurology_II	OID30946	2	2	1	0.9951604113195697	false	0	0
PT2-PT1	Neurology	OID21090	2	2	1	0.9951604113195697	false	0	0
PT2-PT1	Oncology_II	OID31169	2	2	1	0.9951604113195697	false	0	0
PT2-PT1	Inflammation_II	OID30636	2	2	1	0.9951604113195697	false	0	0
PT2-PT1	Oncology	OID21389	2	2	1	0.9951604113195697	false	0	0
PT2-PT1	Neurology_II	OID31117	2	2	1	0.9951604113195697	false	0	0
PT2-PT1	Oncology	OID21354	2	2	1	0.9951604113195697	false	0	0
PT2-PT1	Neurology_II	OID31031	2	2	1	0.9979191426699315	false	0	0
PT2-PT1	Cardiometabolic	OID20284	2	2	1	0.9951604113195697	false	0	0
PT2-PT1	Oncology_II	OID31235	2	2	1	0.9951604113195697	false	0	0
PT2-PT1	Oncology	OID21197	2	2	1	0.9951604113195697	false	0	0
PT2-PT1	Neurology	OID20947	2	2	1	0.9951604113195697	false	0	0
PT2-PT1	Cardiometabolic	OID20122	2	2	1	0.9951604113195697	false	0	0
PT2-PT1	Oncology_II	OID31165	2	2	1	0.8422855044736588	false	0	0
PT2-PT1	Oncology_II	OID31442	2	2	1	0.9951604113195697	false	0	0
PT2-PT1	Cardiometabolic_II	OID30397	2	2	1	0.9951604113195697	false	0	0
PT2-PT1	Inflammation	OID20663	2	2	1	0.9951604113195697	false	0	0
PT2-PT1	Neurology	OID20966	2	2	1	0.9951604113195697	false	0	0
PT2-PT1	Inflammation	OID20771	2	2	1	0.9951604113195697	false	0	0
PT2-PT1	Oncology_II	OID31490	2	2	1	0.9951604113195697	false	0	0
PT2-PT1	Inflammation_II	OID30572	2	2	1	0.9951604113195697	false	0	0
PT2-PT1	Cardiometabolic_II	OID30077	2	2	1	0.9951604113195697	false	0	0
PT2-PT1	Oncology_II	OID31504	2	2	1	0.9951604113195697	false	0	0
PT2-PT1	Inflammation	OID20521	2	2	1	0.9979191426699315	false	0	0
PT2-PT1	Oncology_II	OID31498	2	2	1	0.9951604113195697	false	0	0
PT2-PT1	Neurology	OID21012	2	2	1	0.9951604113195697	false	0	0
PT2-PT1	Oncology_II	OID31331	2	2	1	0.9951604113195697	false	0	0
PT2-PT1	Cardiometabolic_II	OID30249	2	2	1	0.9951604113195697	false	0	0
PT2-PT1	Neurology	OID21087	2	2	1	0.9951604113195697	false	0	0
PT2-PT1	Inflammation	OID20681	2	2	1	0.9951604113195697	false	0	0
PT2-PT1	Neurology_II	OID30900	2	2	1	0.9951604113195697	false	0	0
PT2-PT1	Neurology	OID21110	2	2	1	0.9951604113195697	false	0	0
PT2-PT1	Neurology	OID21043	2	2	1	0.9951604113195697	false	0	0
PT2-PT1	Cardiometabolic	OID20151	2	2	1	0.9951604113195697	false	0	0
PT2-PT1	Neurology	OID21004	2	2	1	0.9951604113195697	false	0	0
PT2-PT1	Cardiometabolic_II	OID30234	2	2	1	0.9951604113195697	false	0	0
PT2-PT1	Neurology_II	OID30863	2	2	1	0.9951604113195697	false	0	0
PT2-PT1	Oncology_II	OID31510	2	2	1	0.9951604113195697	false	0	0
PT2-PT1	Neurology_II	OID31022	2	2	1	0.9951604113195697	false	0	0
PT2-PT1	Oncology	OID21511	2	2	1	0.9951604113195697	false	0	0
PT2-PT1	Neurology_II	OID31106	2	2	1	0.9625778198237628	false	0	0
PT2-PT1	Oncology	OID21339	2	2	1	0.9951604113195697	false	0	0
PT2-PT1	Oncology_II	OID31271	2	2	1	0.8368737157887016	false	0	0
PT2-PT1	Cardiometabolic	OID20063	2	2	1	0.9951604113195697	false	0	0
PT2-PT1	Inflammation	OID20649	2	2	1	0.9951604113195697	false	0	0
PT2-PT1	Neurology	OID21014	2	2	1	0.9951604113195697	false	0	0
PT2-PT1	Cardiometabolic	OID20295	2	2	1	0.9951604113195697	false	0	0
PT2-PT1	Inflammation_II	OID30643	2	2	1	0.9951604113195697	false	0	0
PT2-PT1	Neurology	OID20918	2	2	1	0.9951604113195697	false	0	0
PT2-PT1	Inflammation_II	OID30438	2	2	1	0.9951604113195697	false	0	0
PT2-PT1	Cardiometabolic	OID20287	2	2	1	0.9951604113195697	false	0	0
PT2-PT1	Cardiometabolic_II	OID30135	2	2	1	0.9951604113195697	false	0	0
PT2-PT1	Cardiometabolic_II	OID30148	2	2	1	0.9951604113195697	false	0	0
PT2-PT1	Oncology	OID21178	2	2	1	0.9625778198237628	false	0	0
PT2-PT1	Oncology_II	OID31453	2	2	1	0.8217692069677823	false	0	0
PT2-PT1	Neurology	OID20882	2	2	1	0.9951604113195697	false	0	0
PT2-PT1	Inflammation_II	OID30745	2	2	1	0.8368737157887016	false	0	0
PT2-PT1	Neurology_II	OID31025	2	2	1	0.9951604113195697	false	0	0
PT2-PT1	Inflammation	OID20648	2	2	1	0.9951604113195697	false	0	0
PT2-PT1	Oncology	OID21265	2	2	1	0.9951604113195697	false	0	0
PT2-PT1	Inflammation_II	OID30442	2	2	1	0.9951604113195697	false	0	0
PT2-PT1	Cardiometabolic	OID20297	2	2	1	0.9951604113195697	false	0	0
PT2-PT1	Neurology_II	OID30792	2	2	1	0.9951604113195697	false	0	0
PT2-PT1	Neurology_II	OID30875	2	2	1	0.9951604113195697	false	0	0
PT2-PT1	Cardiometabolic	OID20115	2	2	1	0.9951604113195697	false	0	0
PT2-PT1	Oncology	OID21180	2	2	1	0.9951604113195697	false	0	0
PT2-PT1	Cardiometabolic_II	OID30225	2	2	1	0.9951604113195697	false	0	0
PT2-PT1	Neurology_II	OID30922	2	2	1	0.9951604113195697	false	0	0
PT2-PT1	Inflammation_II	OID30615	2	2	1	0.9951604113195697	false	0	0
PT2-PT1	Inflammation_II	OID30689	2	2	1	0.9951604113195697	false	0	0
PT2-PT1	Inflammation_II	OID30684	2	2	1	0.9625778198237628	false	0	0
PT2-PT1	Cardiometabolic_II	OID30361	2	2	1	0.9951604113195697	false	0	0
PT2-PT1	Inflammation_II	OID30481	2	2	1	0.9951604113195697	false	0	0
PT2-PT1	Inflammation_II	OID30435	2	2	1	0.9951604113195697	false	0	0
PT2-PT1	Neurology	OID21157	2	2	1	0.9991197945080419	false	0	0
PT2-PT1	Inflammation_II	OID30614	2	2	1	0.9951604113195697	false	0	0
PT2-PT1	Cardiometabolic_II	OID30331	2	2	1	0.9951604113195697	false	0	0
PT2-PT1	Cardiometabolic	OID20220	2	2	1	0.9625778198237628	false	0	0
PT2-PT1	Cardiometabolic_II	OID30279	2	2	1	0.9951604113195697	false	0	0
PT2-PT1	Neurology_II	OID30953	2	2	1	0.9951604113195697	false	0	0
PT2-PT1	Neurology	OID21046	2	2	1	0.9951604113195697	false	0	0
PT2-PT1	Neurology_II	OID30894	2	2	1	0.9502861830440976	false	0	0
PT2-PT1	Cardiometabolic	OID20340	2	2	1	0.9951604113195697	false	0	0
PT2-PT1	Cardiometabolic_II	OID30299	2	2	1	0.9951604113195697	false	0	0
PT2-PT1	Oncology	OID21346	2	2	1	0.9951604113195697	false	0	0
PT2-PT1	Neurology_II	OID30988	2	2	1	0.9951604113195697	false	0	0
PT2-PT1	Inflammation_II	OID30640	2	2	1	0.9951604113195697	false	0	0
PT2-PT1	Neurology_II	OID31098	2	2	1	0.9951604113195697	false	0	0
PT2-PT1	Cardiometabolic	OID20144	2	2	1	0.9951604113195697	false	0	0
PT2-PT1	Neurology_II	OID31156	2	2	1	0.9951604113195697	false	0	0
PT2-PT1	Inflammation_II	OID30432	2	2	1	0.9951604113195697	false	0	0
PT2-PT1	Inflammation_II	OID30443	2	2	1	0.9951604113195697	false	0	0
PT2-PT1	Oncology	OID21531	2	2	1	0.17385804799643279	false	0	0
PT2-PT1	Oncology_II	OID31403	2	2	1	0.9951604113195697	false	0	0
PT2-PT1	Oncology_II	OID31348	2	2	1	0.9951604113195697	false	0	0
PT2-PT1	Oncology_II	OID31400	2	2	1	0.9951604113195697	false	0	0
PT2-PT1	Inflammation_II	OID30611	2	2	1	0.9951604113195697	false	0	0
PT2-PT1	Oncology	OID21461	2	2	1	0.9951604113195697	false	0	0
PT2-PT1	Oncology_II	OID31185	2	2	1	0.9951604113195697	false	0	0
PT2-PT1	Neurology	OID20960	2	2	1	0.9951604113195697	false	0	0
PT2-PT1	Neurology_II	OID30928	2	2	1	0.9951604113195697	false	0	0
PT2-PT1	Oncology_II	OID31372	2	2	1	0.9951604113195697	false	0	0
PT2-PT1	Inflammation	OID20581	2	2	1	0.9951604113195697	false	0	0
PT2-PT1	Cardiometabolic_II	OID30282	2	2	1	0.9951604113195697	false	0	0
PT2-PT1	Oncology_II	OID31361	2	2	1	0.9502861830440976	false	0	0
PT2-PT1	Cardiometabolic	OID20232	2	2	1	0.9951604113195697	false	0	0
PT2-PT1	Cardiometabolic	OID20093	2	2	1	0.9951604113195697	false	0	0
PT2-PT1	Inflammation	OID20775	2	2	1	0.9951604113195697	false	0	0
PT2-PT1	Inflammation	OID20562	2	2	1	0.9951604113195697	false	0	0
PT2-PT1	Inflammation_II	OID30597	2	2	1	0.9951604113195697	false	0	0
PT2-PT1	Inflammation_II	OID30559	2	2	1	0.9625778198237628	false	0	0
PT2-PT1	Neurology	OID21001	2	2	1	0.9951604113195697	false	0	0
PT2-PT1	Cardiometabolic_II	OID30267	2	2	1	0.9951604113195697	false	0	0
PT2-PT1	Inflammation	OID20556	2	2	1	0.421096884573178	false	0	0
PT2-PT1	Cardiometabolic_II	OID30193	2	2	1	0.9951604113195697	false	0	0
PT2-PT1	Cardiometabolic	OID20192	2	2	1	0.9951604113195697	false	0	0
PT2-PT1	Cardiometabolic_II	OID30172	2	2	1	0.9951604113195697	false	0	0
PT2-PT1	Neurology	OID21130	2	2	1	0.9951604113195697	false	0	0
PT2-PT1	Neurology	OID20925	2	2	1	0.9951604113195697	false	0	0
PT2-PT1	Neurology_II	OID31144	2	2	1	0.9951604113195697	false	0	0
PT2-PT1	Cardiometabolic_II	OID30059	2	2	1	0.9979191426699315	false	0	0
PT2-PT1	Oncology	OID21256	2	2	1	0.9894697482354282	false	0	0
PT2-PT1	Neurology_II	OID31012	2	2	1	0.9951604113195697	false	0	0
PT2-PT1	Neurology	OID20879	2	2	1	0.9979191426699315	false	0	0
PT2-PT1	Inflammation_II	OID30601	2	2	1	0.9951604113195697	false	0	0
PT2-PT1	Cardiometabolic	OID20201	2	2	1	0.9951604113195697	false	0	0
PT2-PT1	Oncology	OID21205	2	2	1	0.9951604113195697	false	0	0
PT2-PT1	Inflammation_II	OID30459	2	2	1	0.9951604113195697	false	0	0
PT2-PT1	Oncology	OID21487	2	2	1	0.9951604113195697	false	0	0
PT2-PT1	Cardiometabolic	OID20366	2	2	1	0.9951604113195697	false	0	0
PT2-PT1	Neurology_II	OID30923	2	2	1	0.9951604113195697	false	0	0
PT2-PT1	Cardiometabolic	OID20376	2	2	1	0.9951604113195697	false	0	0
PT2-PT1	Oncology_II	OID31458	2	2	1	0.9951604113195697	false	0	0
PT2-PT1	Cardiometabolic	OID20238	2	2	1	0.9951604113195697	false	0	0
PT2-PT1	Oncology	OID21331	2	2	1	0.9951604113195697	false	0	0
PT2-PT1	Cardiometabolic	OID20412	2	2	1	0.9951604113195697	false	0	0
PT2-PT1	Oncology	OID21386	2	2	1	0.9951604113195697	false	0	0
PT2-PT1	Oncology	OID21380	2	2	1	0.9951604113195697	false	0	0
PT2-PT1	Cardiometabolic_II	OID30380	2	2	1	0.9951604113195697	false	0	0
PT2-PT1	Oncology	OID21247	2	2	1	0.9951604113195697	false	0	0
PT2-PT1	Inflammation_II	OID30644	2	2	1	0.9951604113195697	false	0	0
PT2-PT1	Neurology_II	OID30873	2	2	1	0.9951604113195697	false	0	0
PT2-PT1	Inflammation_II	OID30598	2	2	1	0.9951604113195697	false	0	0
PT2-PT1	Cardiometabolic	OID20139	2	2	1	0.9951604113195697	false	0	0
PT2-PT1	Neurology_II	OID31085	2	2	1	0.9951604113195697	false	0	0
PT2-PT1	Inflammation_II	OID30674	2	2	1	0.9951604113195697	false	0	0
PT2-PT1	Oncology	OID21512	2	2	1	0.9951604113195697	false	0	0
PT2-PT1	Inflammation_II	OID30669	2	2	1	0.9951604113195697	false	0	0
PT2-PT1	Cardiometabolic	OID20165	2	2	1	0.9951604113195697	false	0	0
PT2-PT1	Cardiometabolic_II	OID30269	2	2	1	0.9951604113195697	false	0	0
PT2-PT1	Inflammation	OID20766	2	2	1	0.9951604113195697	false	0	0
PT2-PT1	Oncology_II	OID31182	2	2	1	0.9951604113195697	false	0	0
PT2-PT1	Neurology	OID21093	2	2	1	0.9951604113195697	false	0	0
PT2-PT1	Neurology_II	OID31075	2	2	1	0.9951604113195697	false	0	0
PT2-PT1	Neurology	OID21134	2	2	1	0.4336523901627007	false	0	0
PT2-PT1	Inflammation_II	OID30433	2	2	1	0.9951604113195697	false	0	0
PT2-PT1	Inflammation_II	OID30477	2	2	1	0.9951604113195697	false	0	0
PT2-PT1	Cardiometabolic_II	OID30179	2	2	1	0.9951604113195697	false	0	0
PT2-PT1	Cardiometabolic_II	OID30052	2	2	1	0.9951604113195697	false	0	0
PT2-PT1	Inflammation	OID20644	2	2	1	0.9979191426699315	false	0	0
PT2-PT1	Oncology	OID21298	2	2	1	0.8870183540111473	false	0	0
PT2-PT1	Cardiometabolic	OID20215	2	2	1	0.8414123384760958	false	0	0
PT2-PT1	Inflammation_II	OID30538	2	2	1	0.9951604113195697	false	0	0
PT2-PT1	Oncology_II	OID31220	2	2	1	0.9951604113195697	false	0	0
PT2-PT1	Oncology_II	OID31475	2	2	1	0.9951604113195697	false	0	0
PT2-PT1	Neurology	OID20845	2	2	1	0.9951604113195697	false	0	0
PT2-PT1	Inflammation	OID20564	2	2	1	0.9951604113195697	false	0	0
PT2-PT1	Oncology_II	OID31276	2	2	1	0.7336922992890397	false	0	0
PT2-PT1	Cardiometabolic_II	OID30261	2	2	1	0.05440193416140615	false	0	1
PT2-PT1	Inflammation	OID20579	2	2	1	0.9951604113195697	false	0	0
PT2-PT1	Oncology	OID21498	2	2	1	0.9951604113195697	false	0	0
PT2-PT1	Neurology_II	OID30839	2	2	1	0.9951604113195697	false	0	0
PT2-PT1	Neurology	OID20807	2	2	1	0.9951604113195697	false	0	0
PT2-PT1	Inflammation_II	OID30456	2	2	1	0.9951604113195697	false	0	0
PT2-PT1	Inflammation_II	OID30781	2	2	1	0.9951604113195697	false	0	0
PT2-PT1	Inflammation_II	OID30691	2	2	1	0.9951604113195697	false	0	0
PT2-PT1	Oncology_II	OID31320	2	2	1	0.9951604113195697	false	0	0
PT2-PT1	Inflammation	OID20586	2	2	1	0.9951604113195697	false	0	0
PT2-PT1	Oncology_II	OID31299	2	2	1	0.9625778198237628	false	0	0
PT2-PT1	Cardiometabolic	OID20055	2	2	1	0.9951604113195697	false	0	0
PT2-PT1	Cardiometabolic_II	OID30241	2	2	1	0.9951604113195697	false	0	0
PT2-PT1	Oncology	OID21188	2	2	1	0.9951604113195697	false	0	0
PT2-PT1	Cardiometabolic	OID20177	2	2	1	0.9951604113195697	false	0	0
PT2-PT1	Cardiometabolic	OID20276	2	2	1	0.9979191426699315	false	0	0
PT2-PT1	Inflammation	OID20583	2	2	1	0.9951604113195697	false	0	0
PT2-PT1	Oncology	OID21490	2	2	1	0.8218927841786092	false	0	0
PT2-PT1	Cardiometabolic_II	OID30143	2	2	1	0.9951604113195697	false	0	0
PT2-PT1	Cardiometabolic	OID20256	2	2	1	0.9951604113195697	false	0	0
PT2-PT1	Oncology_II	OID31404	2	2	1	0.9951604113195697	false	0	0
PT2-PT1	Inflammation	OID20529	2	2	1	0.9951604113195697	false	0	0
PT2-PT1	Cardiometabolic	OID20175	2	2	1	0.6402315735803241	false	0	0
PT2-PT1	Cardiometabolic	OID20289	2	2	1	0.9951604113195697	false	0	0
PT2-PT1	Oncology_II	OID31214	2	2	1	0.9951604113195697	false	0	0
PT2-PT1	Cardiometabolic_II	OID30410	2	2	1	0.9502861830440976	false	0	0
PT2-PT1	Cardiometabolic	OID20172	2	2	1	0.7089952253733611	false	0	0
PT2-PT1	Cardiometabolic	OID20164	2	2	1	0.5102238330788043	false	0	0
PT2-PT1	Oncology	OID21519	2	2	1	0.9951604113195697	false	0	0
PT2-PT1	Inflammation_II	OID30563	2	2	1	0.9951604113195697	false	0	0
PT2-PT1	Inflammation_II	OID30561	2	2	1	0.9951604113195697	false	0	0
PT2-PT1	Inflammation	OID20629	2	2	1	0.9951604113195697	false	0	0
PT2-PT1	Neurology_II	OID30996	2	2	1	0.9951604113195697	false	0	0
PT2-PT1	Neurology	OID21005	2	2	1	0.9951604113195697	false	0	0
PT2-PT1	Oncology	OID21494	2	2	1	0.9979191426699315	false	0	0
PT2-PT1	Oncology_II	OID31483	2	2	1	0.9951604113195697	false	0	0
PT2-PT1	Inflammation	OID20470	2	2	1	0.9951604113195697	false	0	0
PT2-PT1	Inflammation	OID20461	2	2	1	0.9951604113195697	false	0	0
PT2-PT1	Neurology	OID21045	2	2	1	0.9979191426699315	false	0	0
PT2-PT1	Oncology	OID21258	2	2	1	0.9951604113195697	false	0	0
PT2-PT1	Oncology_II	OID31297	2	2	1	0.9951604113195697	false	0	0
PT2-PT1	Oncology_II	OID31436	2	2	1	0.9951604113195697	false	0	0
PT2-PT1	Inflammation	OID20462	2	2	1	0.9951604113195697	false	0	0
PT2-PT1	Oncology_II	OID31251	2	2	1	0.9951604113195697	false	0	0
PT2-PT1	Oncology_II	OID31506	2	2	1	0.9951604113195697	false	0	0
PT2-PT1	Neurology	OID21140	2	2	1	0.9951604113195697	false	0	0
PT2-PT1	Oncology_II	OID31373	2	2	1	0.9951604113195697	false	0	0
PT2-PT1	Inflammation	OID20495	2	2	1	0.9951604113195697	false	0	0
PT2-PT1	Neurology_II	OID30816	2	2	1	0.9951604113195697	false	0	0
PT2-PT1	Cardiometabolic	OID20222	2	2	1	0.9951604113195697	false	0	0
PT2-PT1	Neurology	OID21125	2	2	1	0.9951604113195697	false	0	0
PT2-PT1	Neurology	OID20831	2	2	1	0.9951604113195697	false	0	0
PT2-PT1	Oncology	OID21521	2	2	1	0.9951604113195697	false	0	0
PT2-PT1	Oncology	OID21226	2	2	1	0.9951604113195697	false	0	0
PT2-PT1	Oncology_II	OID31336	2	2	1	0.9951604113195697	false	0	0
PT2-PT1	Cardiometabolic	OID20370	2	2	1	0.9951604113195697	false	0	0
PT2-PT1	Neurology_II	OID30944	2	2	1	0.9951604113195697	false	0	0
PT2-PT1	Inflammation_II	OID30751	2	2	1	0.9951604113195697	false	0	0
PT2-PT1	Inflammation_II	OID30454	2	2	1	0.9951604113195697	false	0	0
PT2-PT1	Oncology_II	OID31184	2	2	1	0.9951604113195697	false	0	0
PT2-PT1	Neurology	OID20834	2	2	1	0.9625778198237628	false	0	0
PT2-PT1	Oncology	OID21289	2	2	1	0.9951604113195697	false	0	0
PT2-PT1	Neurology	OID20984	2	2	1	0.9951604113195697	false	0	0
PT2-PT1	Neurology_II	OID31097	2	2	1	0.9951604113195697	false	0	0
PT2-PT1	Neurology_II	OID30934	2	2	1	0.9951604113195697	false	0	0
PT2-PT1	Oncology	OID21479	2	2	1	0.9951604113195697	false	0	0
PT2-PT1	Neurology	OID21008	2	2	1	0.9951604113195697	false	0	0
PT2-PT1	Cardiometabolic_II	OID30384	2	2	1	0.9951604113195697	false	0	0
PT2-PT1	Neurology_II	OID31149	2	2	1	0.9951604113195697	false	0	0
PT2-PT1	Cardiometabolic	OID20282	2	2	1	0.9951604113195697	false	0	0
PT2-PT1	Cardiometabolic_II	OID30406	2	2	1	0.9951604113195697	false	0	0
PT2-PT1	Oncology_II	OID31419	2	2	1	0.8368737157887016	false	0	0
PT2-PT1	Inflammation	OID20551	2	2	1	0.9951604113195697	false	0	0
PT2-PT1	Oncology_II	OID31191	2	2	1	0.9502861830440976	false	0	0
PT2-PT1	Neurology	OID20871	2	2	1	0.9951604113195697	false	0	0
PT2-PT1	Inflammation	OID20479	2	2	1	0.8368737157887016	false	0	0
PT2-PT1	Inflammation_II	OID30681	2	2	1	0.9951604113195697	false	0	0
PT2-PT1	Oncology_II	OID31264	2	2	1	0.9951604113195697	false	0	0
PT2-PT1	Neurology	OID20848	2	2	1	0.9951604113195697	false	0	0
PT2-PT1	Cardiometabolic	OID20354	2	2	1	0.9951604113195697	false	0	0
PT2-PT1	Neurology	OID20893	2	2	1	0.9951604113195697	false	0	0
PT2-PT1	Inflammation_II	OID30729	2	2	1	0.9951604113195697	false	0	0
PT2-PT1	Oncology_II	OID31457	2	2	1	0.9625778198237628	false	0	0
PT2-PT1	Inflammation_II	OID30554	2	2	1	0.9951604113195697	false	0	0
PT2-PT1	Neurology	OID21028	2	2	1	0.6847710830904131	false	0	0
PT2-PT1	Cardiometabolic	OID20345	2	2	1	0.9951604113195697	false	0	0
PT2-PT1	Oncology	OID21392	2	2	1	0.9951604113195697	false	0	0
PT2-PT1	Neurology	OID20837	2	2	1	0.9951604113195697	false	0	0
PT2-PT1	Oncology	OID21308	2	2	1	0.9951604113195697	false	0	0
PT2-PT1	Cardiometabolic	OID20258	2	2	1	0.9951604113195697	false	0	0
PT2-PT1	Cardiometabolic	OID20392	2	2	1	0.9951604113195697	false	0	0
PT2-PT1	Oncology	OID21213	2	2	1	0.9951604113195697	false	0	0
PT2-PT1	Neurology_II	OID31046	2	2	1	0.9951604113195697	false	0	0
PT2-PT1	Neurology	OID20897	2	2	1	0.9951604113195697	false	0	0
PT2-PT1	Inflammation	OID20596	2	2	1	0.9951604113195697	false	0	0
PT2-PT1	Oncology_II	OID31353	2	2	1	0.9951604113195697	false	0	0
PT2-PT1	Oncology_II	OID31438	2	2	1	0.9951604113195697	false	0	0
PT2-PT1	Oncology_II	OID31204	2	2	1	0.9951604113195697	false	0	0
PT2-PT1	Cardiometabolic_II	OID30310	2	2	1	0.9951604113195697	false	0	0
PT2-PT1	Neurology_II	OID30998	2	2	1	0.9951604113195697	false	0	0
PT2-PT1	Cardiometabolic	OID20365	2	2	1	0.9951604113195697	false	0	0
PT2-PT1	Inflammation_II	OID30686	2	2	1	0.9951604113195697	false	0	0
PT2-PT1	Inflammation	OID20684	2	2	1	0.9951604113195697	false	0	0
PT2-PT1	Oncology	OID21207	2	2	1	0.9951604113195697	false	0	0
PT2-PT1	Inflammation_II	OID30645	2	2	1	0.9951604113195697	false	0	0
PT2-PT1	Neurology_II	OID30959	2	2	1	0.9951604113195697	false	0	0
PT2-PT1	Oncology	OID21204	2	2	1	0.9951604113195697	false	0	0
PT2-PT1	Inflammation_II	OID30519	2	2	1	0.9951604113195697	false	0	0
PT2-PT1	Inflammation	OID20443	2	2	1	0.9951604113195697	false	0	0
PT2-PT1	Cardiometabolic	OID20167	2	2	1	0.9951604113195697	false	0	0
PT2-PT1	Inflammation_II	OID30723	2	2	1	0.9951604113195697	false	0	0
PT2-PT1	Inflammation	OID20642	2	2	1	0.9951604113195697	false	0	0
PT2-PT1	Inflammation_II	OID30446	2	2	1	0.9951604113195697	false	0	0
PT2-PT1	Inflammation	OID20735	2	2	1	0.9502861830440976	false	0	0
PT2-PT1	Neurology	OID21107	2	2	1	0.9979191426699315	false	0	0
PT2-PT1	Neurology	OID20980	2	2	1	0.8217692069677823	false	0	0
PT2-PT1	Cardiometabolic_II	OID30403	2	2	1	0.9951604113195697	false	0	0
PT2-PT1	Neurology	OID20958	2	2	1	0.9951604113195697	false	0	0
PT2-PT1	Inflammation	OID20612	2	2	1	0.9951604113195697	false	0	0
PT2-PT1	Oncology_II	OID31317	2	2	1	0.9979191426699315	false	0	0
PT2-PT1	Inflammation	OID20714	2	2	1	0.9979191426699315	false	0	0
PT2-PT1	Inflammation_II	OID30586	2	2	1	0.9951604113195697	false	0	0
PT2-PT1	Neurology_II	OID30952	2	2	1	0.9951604113195697	false	0	0
PT2-PT1	Oncology	OID21476	2	2	1	0.9951604113195697	false	0	0
PT2-PT1	Neurology	OID20942	2	2	1	0.9951604113195697	false	0	0
PT2-PT1	Cardiometabolic	OID20275	2	2	1	0.9951604113195697	false	0	0
PT2-PT1	Oncology	OID21489	2	2	1	0.9951604113195697	false	0	0
PT2-PT1	Neurology	OID21056	2	2	1	0.9625778198237628	false	0	0
PT2-PT1	Inflammation_II	OID30716	2	2	1	0.9951604113195697	false	0	0
PT2-PT1	Cardiometabolic_II	OID30379	2	2	1	0.9951604113195697	false	0	0
PT2-PT1	Inflammation	OID20739	2	2	1	0.9951604113195697	false	0	0
PT2-PT1	Oncology	OID21360	2	2	1	0.9951604113195697	false	0	0
PT2-PT1	Inflammation_II	OID30710	2	2	1	0.8974840318589288	false	0	0
PT2-PT1	Neurology_II	OID30799	2	2	1	0.9951604113195697	false	0	0
PT2-PT1	Inflammation_II	OID30505	2	2	1	0.9951604113195697	false	0	0
PT2-PT1	Inflammation	OID20505	2	2	1	0.9951604113195697	false	0	0
PT2-PT1	Inflammation_II	OID30649	2	2	1	0.9951604113195697	false	0	0
PT2-PT1	Cardiometabolic	OID20132	2	2	1	0.9625778198237628	false	0	0
PT2-PT1	Inflammation	OID20767	2	2	1	0.9951604113195697	false	0	0
PT2-PT1	Neurology	OID21007	2	2	1	0.9951604113195697	false	0	0
PT2-PT1	Oncology_II	OID31340	2	2	1	0.9951604113195697	false	0	0
PT2-PT1	Inflammation	OID20632	2	2	1	0.9951604113195697	false	0	0
PT2-PT1	Cardiometabolic_II	OID30177	2	2	1	0.9951604113195697	false	0	0
PT2-PT1	Oncology	OID21330	2	2	1	0.9951604113195697	false	0	0
PT2-PT1	Cardiometabolic	OID20196	2	2	1	0.9951604113195697	false	0	0
PT2-PT1	Cardiometabolic_II	OID30286	2	2	1	0.9951604113195697	false	0	0
PT2-PT1	Cardiometabolic_II	OID30202	2	2	1	0.9951604113195697	false	0	0
PT2-PT1	Inflammation	OID20421	2	2	1	0.9951604113195697	false	0	0
PT2-PT1	Inflammation	OID20614	2	2	1	0.9951604113195697	false	0	0
PT2-PT1	Cardiometabolic_II	OID30199	2	2	1	0.9951604113195697	false	0	0
PT2-PT1	Neurology	OID20907	2	2	1	0.9951604113195697	false	0	0
PT2-PT1	Neurology_II	OID31043	2	2	1	0.9951604113195697	false	0	0
PT2-PT1	Inflammation	OID20507	2	2	1	0.9951604113195697	false	0	0
PT2-PT1	Cardiometabolic	OID20086	2	2	1	0.9951604113195697	false	0	0
PT2-PT1	Oncology_II	OID31238	2	2	1	0.9951604113195697	false	0	0
PT2-PT1	Cardiometabolic_II	OID30236	2	2	1	0.9951604113195697	false	0	0
PT2-PT1	Cardiometabolic_II	OID30192	2	2	1	0.9951604113195697	false	0	0
PT2-PT1	Cardiometabolic	OID20184	2	2	1	0.9951604113195697	false	0	0
PT2-PT1	Cardiometabolic_II	OID30194	2	2	1	0.9951604113195697	false	0	0
PT2-PT1	Oncology_II	OID31445	2	2	1	0.9951604113195697	false	0	0
PT2-PT1	Inflammation	OID20450	2	2	1	0.9951604113195697	false	0	0
PT2-PT1	Neurology_II	OID30891	2	2	1	0.9951604113195697	false	0	0
PT2-PT1	Neurology_II	OID31091	2	2	1	0.9951604113195697	false	0	0
PT2-PT1	Neurology	OID20972	2	2	1	0.9979191426699315	false	0	0
PT2-PT1	Oncology	OID21394	2	2	1	0.9951604113195697	false	0	0
PT2-PT1	Inflammation	OID20517	2	2	1	0.9951604113195697	false	0	0
PT2-PT1	Oncology	OID21384	2	2	1	0.24317183826631425	false	0	0
PT2-PT1	Neurology_II	OID30868	2	2	1	0.9951604113195697	false	0	0
PT2-PT1	Oncology	OID21169	2	2	1	0.9951604113195697	false	0	0
PT2-PT1	Inflammation	OID20751	2	2	1	0.9951604113195697	false	0	0
PT2-PT1	Inflammation_II	OID30776	2	2	1	0.9951604113195697	false	0	0
PT2-PT1	Cardiometabolic_II	OID30324	2	2	1	0.9951604113195697	false	0	0
PT2-PT1	Inflammation	OID20687	2	2	1	0.9951604113195697	false	0	0
PT2-PT1	Neurology	OID21159	2	2	1	0.9951604113195697	false	0	0
PT2-PT1	Neurology	OID21117	2	2	1	0.9951604113195697	false	0	0
PT2-PT1	Neurology_II	OID31155	2	2	1	0.9951604113195697	false	0	0
PT2-PT1	Neurology	OID20844	2	2	1	0.9951604113195697	false	0	0
PT2-PT1	Oncology	OID21340	2	2	1	0.9951604113195697	false	0	0
PT2-PT1	Inflammation	OID20463	2	2	1	0.9951604113195697	false	0	0
PT2-PT1	Cardiometabolic_II	OID30139	2	2	1	0.9951604113195697	false	0	0
PT2-PT1	Oncology	OID21165	2	2	1	0.9951604113195697	false	0	0
PT2-PT1	Cardiometabolic_II	OID30333	2	2	1	0.9951604113195697	false	0	0
PT2-PT1	Neurology_II	OID31042	2	2	1	0.9502861830440976	false	0	0
PT2-PT1	Inflammation_II	OID30431	2	2	1	0.9951604113195697	false	0	0
PT2-PT1	Oncology	OID21240	2	2	1	0.9951604113195697	false	0	0
PT2-PT1	Cardiometabolic_II	OID30195	2	2	1	0.9951604113195697	false	0	0
PT2-PT1	Neurology_II	OID31015	2	2	1	0.9951604113195697	false	0	0
PT2-PT1	Cardiometabolic_II	OID30318	2	2	1	0.9951604113195697	false	0	0
PT2-PT1	Oncology_II	OID31249	2	2	1	0.9951604113195697	false	0	0
PT2-PT1	Cardiometabolic_II	OID30259	2	2	1	0.9951604113195697	false	0	0
PT2-PT1	Oncology_II	OID31515	2	2	1	0.9951604113195697	false	0	0
PT2-PT1	Oncology	OID21218	2	2	1	0.9951604113195697	false	0	0
PT2-PT1	Cardiometabolic_II	OID30253	2	2	1	0.9951604113195697	false	0	0
PT2-PT1	Oncology	OID21513	2	2	1	0.9951604113195697	false	0	0
PT2-PT1	Neurology_II	OID31005	2	2	1	0.9951604113195697	false	0	0
PT2-PT1	Cardiometabolic_II	OID30266	2	2	1	0.9951604113195697	false	0	0
PT2-PT1	Inflammation	OID20532	2	2	1	0.9951604113195697	false	0	0
PT2-PT1	Cardiometabolic_II	OID30205	2	2	1	0.9951604113195697	false	0	0
PT2-PT1	Oncology_II	OID31358	2	2	1	0.9951604113195697	false	0	0
PT2-PT1	Inflammation_II	OID30675	2	2	1	0.9951604113195697	false	0	0
PT2-PT1	Neurology_II	OID31052	2	2	1	0.9951604113195697	false	0	0
PT2-PT1	Neurology	OID20850	2	2	1	0.9951604113195697	false	0	0
PT2-PT1	Cardiometabolic_II	OID30201	2	2	1	0.9951604113195697	false	0	0
PT2-PT1	Oncology_II	OID31360	2	2	1	0.9951604113195697	false	0	0
PT2-PT1	Cardiometabolic_II	OID30343	2	2	1	0.9951604113195697	false	0	0
PT2-PT1	Neurology_II	OID30897	2	2	1	0.9951604113195697	false	0	0
PT2-PT1	Neurology_II	OID31150	2	2	1	0.9951604113195697	false	0	0
PT2-PT1	Inflammation_II	OID30743	2	2	1	0.9502861830440976	false	0	0
PT2-PT1	Neurology_II	OID30993	2	2	1	0.9951604113195697	false	0	0
PT2-PT1	Inflammation_II	OID30694	2	2	1	0.9951604113195697	false	0	0
PT2-PT1	Cardiometabolic_II	OID30132	2	2	1	0.9951604113195697	false	0	0
PT2-PT1	Cardiometabolic	OID20212	2	2	1	0.9951604113195697	false	0	0
PT2-PT1	Oncology	OID21366	2	2	1	0.9951604113195697	false	0	0
PT2-PT1	Cardiometabolic	OID20170	2	2	1	0.31629477355027996	false	0	0
PT2-PT1	Neurology_II	OID30919	2	2	1	0.9951604113195697	false	0	0
PT2-PT1	Oncology_II	OID31244	2	2	1	0.9951604113195697	false	0	0
PT2-PT1	Cardiometabolic_II	OID30246	2	2	1	0.9951604113195697	false	0	0
PT2-PT1	Cardiometabolic	OID20341	2	2	1	0.9951604113195697	false	0	0
PT2-PT1	Oncology	OID21225	2	2	1	0.9951604113195697	false	0	0
PT2-PT1	Inflammation	OID20511	2	2	1	0.9951604113195697	false	0	0
PT2-PT1	Neurology	OID20884	2	2	1	0.9951604113195697	false	0	0
PT2-PT1	Inflammation	OID20533	2	2	1	0.9951604113195697	false	0	0
PT2-PT1	Oncology	OID21246	2	2	1	0.9951604113195697	false	0	0
PT2-PT1	Neurology_II	OID30831	2	2	1	0.9951604113195697	false	0	0
PT2-PT1	Cardiometabolic_II	OID30345	2	2	1	0.9951604113195697	false	0	0
PT2-PT1	Cardiometabolic_II	OID30129	2	2	1	0.9951604113195697	false	0	0
PT2-PT1	Neurology_II	OID30989	2	2	1	0.9951604113195697	false	0	0
PT2-PT1	Cardiometabolic_II	OID30400	2	2	1	0.9951604113195697	false	0	0
PT2-PT1	Oncology_II	OID31474	2	2	1	0.9951604113195697	false	0	0
PT2-PT1	Neurology_II	OID30972	2	2	1	0.9951604113195697	false	0	0
PT2-PT1	Neurology_II	OID30893	2	2	1	0.9951604113195697	false	0	0
PT2-PT1	Oncology	OID21237	2	2	1	0.9951604113195697	false	0	0
PT2-PT1	Inflammation	OID20428	2	2	1	0.9951604113195697	false	0	0
PT2-PT1	Inflammation_II	OID30558	2	2	1	0.9951604113195697	false	0	0
PT2-PT1	Cardiometabolic_II	OID30223	2	2	1	0.9951604113195697	false	0	0
PT2-PT1	Inflammation_II	OID30787	2	2	1	0.9951604113195697	false	0	0
PT2-PT1	Inflammation_II	OID30785	2	2	1	0.9951604113195697	false	0	0
PT2-PT1	Cardiometabolic	OID20198	2	2	1	0.9951604113195697	false	0	0
PT2-PT1	Inflammation	OID20609	2	2	1	0.9951604113195697	false	0	0
PT2-PT1	Neurology	OID21104	2	2	1	0.9275405225070051	false	0	0
PT2-PT1	Inflammation	OID20578	2	2	1	0.5102238330788043	false	0	0
PT2-PT1	Oncology	OID21349	2	2	1	0.9951604113195697	false	0	0
PT2-PT1	Cardiometabolic	OID20415	2	2	1	0.9951604113195697	false	0	0
PT2-PT1	Inflammation	OID20776	2	2	1	0.9502861830440976	false	0	0
PT2-PT1	Neurology_II	OID31017	2	2	1	0.9951604113195697	false	0	0
PT2-PT1	Inflammation_II	OID30657	2	2	1	0.9951604113195697	false	0	0
PT2-PT1	Oncology	OID21390	2	2	1	0.9951604113195697	false	0	0
PT2-PT1	Neurology	OID21160	2	2	1	0.9951604113195697	false	0	0
PT2-PT1	Cardiometabolic_II	OID30120	2	2	1	0.9951604113195697	false	0	0
PT2-PT1	Oncology_II	OID31489	2	2	1	0.9951604113195697	false	0	0
PT2-PT1	Cardiometabolic	OID20166	2	2	1	0.9979191426699315	false	0	0
PT2-PT1	Cardiometabolic_II	OID30208	2	2	1	0.9951604113195697	false	0	0
PT2-PT1	Oncology_II	OID31412	2	2	1	0.9984804550089146	false	0	0
PT2-PT1	Cardiometabolic	OID20100	2	2	1	0.9951604113195697	false	0	0
PT2-PT1	Oncology	OID21249	2	2	1	0.9951604113195697	false	0	0
PT2-PT1	Cardiometabolic_II	OID30216	2	2	1	0.9951604113195697	false	0	0
PT2-PT1	Inflammation_II	OID30753	2	2	1	0.9951604113195697	false	0	0
PT2-PT1	Oncology	OID21192	2	2	1	0.9951604113195697	false	0	0
PT2-PT1	Inflammation_II	OID30693	2	2	1	0.9951604113195697	false	0	0
PT2-PT1	Inflammation_II	OID30627	2	2	1	0.9951604113195697	false	0	0
PT2-PT1	Cardiometabolic	OID20145	2	2	1	0.9951604113195697	false	0	0
PT2-PT1	Inflammation	OID20742	2	2	1	0.9951604113195697	false	0	0
PT2-PT1	Cardiometabolic_II	OID30050	2	2	1	0.9951604113195697	false	0	0
PT2-PT1	Cardiometabolic	OID20126	2	2	1	0.8974840318589288	false	0	0
PT2-PT1	Neurology	OID21154	2	2	1	0.9625778198237628	false	0	0
PT2-PT1	Neurology	OID21096	2	2	1	0.041548298674816575	true	1	1
PT2-PT1	Oncology	OID21373	2	2	1	0.9951604113195697	false	0	0
PT2-PT1	Oncology_II	OID31187	2	2	1	0.9951604113195697	false	0	0
PT2-PT1	Neurology_II	OID30955	2	2	1	0.9951604113195697	false	0	0
PT2-PT1	Neurology_II	OID30854	2	2	1	0.9951604113195697	false	0	0
PT2-PT1	Cardiometabolic_II	OID30118	2	2	1	0.9951604113195697	false	0	0
PT2-PT1	Oncology	OID21273	2	2	1	0.9951604113195697	false	0	0
PT2-PT1	Inflammation	OID20734	2	2	1	0.9951604113195697	false	0	0
PT2-PT1	Inflammation	OID20541	2	2	1	0.9951604113195697	false	0	0
PT2-PT1	Inflammation_II	OID30677	2	2	1	0.9951604113195697	false	0	0
PT2-PT1	Inflammation	OID20585	2	2	1	0.9951604113195697	false	0	0
PT2-PT1	Cardiometabolic	OID20243	2	2	1	0.9951604113195697	false	0	0
PT2-PT1	Neurology	OID21074	2	2	1	0.9951604113195697	false	0	0
PT2-PT1	Oncology	OID21326	2	2	1	0.9951604113195697	false	0	0
PT2-PT1	Neurology_II	OID30912	2	2	1	0.9951604113195697	false	0	0
PT2-PT1	Oncology_II	OID31307	2	2	1	0.9951604113195697	false	0	0
PT2-PT1	Neurology	OID21092	2	2	1	0.9979191426699315	false	0	0
PT2-PT1	Inflammation	OID20625	2	2	1	0.9951604113195697	false	0	0
PT2-PT1	Neurology_II	OID31152	2	2	1	0.8974840318589288	false	0	0
PT2-PT1	Cardiometabolic_II	OID30302	2	2	1	0.9951604113195697	false	0	0
PT2-PT1	Cardiometabolic	OID20296	2	2	1	0.9951604113195697	false	0	0
PT2-PT1	Inflammation_II	OID30592	2	2	1	0.9951604113195697	false	0	0
PT2-PT1	Inflammation	OID20437	2	2	1	0.9951604113195697	false	0	0
PT2-PT1	Neurology_II	OID30933	2	2	1	0.9951604113195697	false	0	0
PT2-PT1	Inflammation	OID20731	2	2	1	0.9951604113195697	false	0	0
PT2-PT1	Inflammation_II	OID30653	2	2	1	0.9951604113195697	false	0	0
PT2-PT1	Neurology_II	OID30978	2	2	1	0.9951604113195697	false	0	0
PT2-PT1	Neurology_II	OID31128	2	2	1	0.9951604113195697	false	0	0
PT2-PT1	Cardiometabolic_II	OID30256	2	2	1	0.9951604113195697	false	0	0
PT2-PT1	Neurology_II	OID30961	2	2	1	0.9951604113195697	false	0	0
PT2-PT1	Neurology	OID21033	2	2	1	0.9951604113195697	false	0	0
PT2-PT1	Neurology	OID21021	2	2	1	0.9951604113195697	false	0	0
PT2-PT1	Inflammation	OID20436	2	2	1	0.9979191426699315	false	0	0
PT2-PT1	Cardiometabolic	OID20410	2	2	1	0.9979191426699315	false	0	0
PT2-PT1	Neurology_II	OID30957	2	2	1	0.9951604113195697	false	0	0
PT2-PT1	Oncology	OID21201	2	2	1	0.9951604113195697	false	0	0
PT2-PT1	Inflammation_II	OID30605	2	2	1	0.9951604113195697	false	0	0
PT2-PT1	Cardiometabolic_II	OID30242	2	2	1	0.9951604113195697	false	0	0
PT2-PT1	Inflammation	OID20451	2	2	1	0.9951604113195697	false	0	0
PT2-PT1	Inflammation_II	OID30603	2	2	1	0.9951604113195697	false	0	0
PT2-PT1	Cardiometabolic_II	OID30322	2	2	1	0.9951604113195697	false	0	0
PT2-PT1	Inflammation_II	OID30590	2	2	1	0.9951604113195697	false	0	0
PT2-PT1	Inflammation_II	OID30761	2	2	1	0.9951604113195697	false	0	0
PT2-PT1	Neurology_II	OID31114	2	2	1	0.9951604113195697	false	0	0
PT2-PT1	Neurology_II	OID31118	2	2	1	0.9951604113195697	false	0	0
PT2-PT1	Neurology	OID20917	2	2	1	0.9951604113195697	false	0	0
PT2-PT1	Oncology_II	OID31391	2	2	1	0.9951604113195697	false	0	0
PT2-PT1	Neurology_II	OID31063	2	2	1	0.9951604113195697	false	0	0
PT2-PT1	Oncology_II	OID31451	2	2	1	0.9951604113195697	false	0	0
PT2-PT1	Inflammation_II	OID30565	2	2	1	0.9951604113195697	false	0	0
PT2-PT1	Inflammation_II	OID30630	2	2	1	0.9951604113195697	false	0	0
PT2-PT1	Neurology	OID20815	2	2	1	0.8368737157887016	false	0	0
PT2-PT1	Neurology_II	OID30791	2	2	1	0.9951604113195697	false	0	0
PT2-PT1	Inflammation	OID20602	2	2	1	0.9951604113195697	false	0	0
PT2-PT1	Inflammation_II	OID30486	2	2	1	0.9951604113195697	false	0	0
PT2-PT1	Inflammation_II	OID30451	2	2	1	0.9951604113195697	false	0	0
PT2-PT1	Oncology	OID21417	2	2	1	0.9502861830440976	false	0	0
PT2-PT1	Inflammation	OID20688	2	2	1	0.9951604113195697	false	0	0
PT2-PT1	Oncology_II	OID31476	2	2	1	0.9951604113195697	false	0	0
PT2-PT1	Inflammation	OID20606	2	2	1	0.9951604113195697	false	0	0
PT2-PT1	Neurology	OID20928	2	2	1	0.9979191426699315	false	0	0
PT2-PT1	Cardiometabolic_II	OID30232	2	2	1	0.9951604113195697	false	0	0
PT2-PT1	Cardiometabolic	OID20286	2	2	1	0.9951604113195697	false	0	0
PT2-PT1	Cardiometabolic	OID20073	2	2	1	0.9951604113195697	false	0	0
PT2-PT1	Inflammation_II	OID30500	2	2	1	0.9556346917624624	false	0	0
PT2-PT1	Inflammation_II	OID30768	2	2	1	0.9951604113195697	false	0	0
PT2-PT1	Neurology_II	OID31073	2	2	1	0.9951604113195697	false	0	0
PT2-PT1	Oncology_II	OID31202	2	2	1	0.9979191426699315	false	0	0
PT2-PT1	Cardiometabolic_II	OID30187	2	2	1	0.9951604113195697	false	0	0
PT2-PT1	Inflammation_II	OID30620	2	2	1	0.9951604113195697	false	0	0
PT2-PT1	Neurology_II	OID31004	2	2	1	0.9951604113195697	false	0	0
PT2-PT1	Cardiometabolic	OID20118	2	2	1	0.9951604113195697	false	0	0
PT2-PT1	Inflammation	OID20486	2	2	1	0.9951604113195697	false	0	0
PT2-PT1	Neurology_II	OID30850	2	2	1	0.9951604113195697	false	0	0
PT2-PT1	Oncology	OID21472	2	2	1	0.9979191426699315	false	0	0
PT2-PT1	Inflammation_II	OID30659	2	2	1	0.9951604113195697	false	0	0
PT2-PT1	Cardiometabolic_II	OID30240	2	2	1	0.9951604113195697	false	0	0
PT2-PT1	Neurology	OID21081	2	2	1	0.9951604113195697	false	0	0
PT2-PT1	Cardiometabolic	OID20394	2	2	1	0.9951604113195697	false	0	0
PT2-PT1	Inflammation_II	OID30625	2	2	1	0.9951604113195697	false	0	0
PT2-PT1	Cardiometabolic	OID20266	2	2	1	0.9951604113195697	false	0	0
PT2-PT1	Inflammation	OID20503	2	2	1	0.9951604113195697	false	0	0
PT2-PT1	Inflammation_II	OID30622	2	2	1	0.9502861830440976	false	0	0
PT2-PT1	Cardiometabolic	OID20333	2	2	1	0.9951604113195697	false	0	0
PT2-PT1	Neurology_II	OID30888	2	2	1	0.9951604113195697	false	0	0
PT2-PT1	Cardiometabolic_II	OID30340	2	2	1	0.9951604113195697	false	0	0
PT2-PT1	Inflammation_II	OID30746	2	2	1	0.9951604113195697	false	0	0
PT2-PT1	Oncology	OID21219	2	2	1	0.9951604113195697	false	0	0
PT2-PT1	Oncology	OID21377	2	2	1	0.9951604113195697	false	0	0
PT2-PT1	Cardiometabolic_II	OID30258	2	2	1	0.9951604113195697	false	0	0
PT2-PT1	Oncology	OID21281	2	2	1	0.9951604113195697	false	0	0
PT2-PT1	Inflammation	OID20567	2	2	1	0.9951604113195697	false	0	0
PT2-PT1	Neurology	OID20904	2	2	1	0.9951604113195697	false	0	0
PT2-PT1	Neurology	OID21111	2	2	1	0.921616656762061	false	0	0
PT2-PT1	Neurology_II	OID30847	2	2	1	0.9951604113195697	false	0	0
PT2-PT1	Inflammation_II	OID30540	2	2	1	0.9951604113195697	false	0	0
PT2-PT1	Neurology_II	OID31020	2	2	1	0.6847710830904131	false	0	0
PT2-PT1	Cardiometabolic_II	OID30124	2	2	1	0.9951604113195697	false	0	0
PT2-PT1	Oncology	OID21423	2	2	1	0.7486602814049097	false	0	0
PT2-PT1	Oncology_II	OID31390	2	2	1	0.9951604113195697	false	0	0
PT2-PT1	Oncology_II	OID31411	2	2	1	0.9951604113195697	false	0	0
PT2-PT1	Cardiometabolic	OID20274	2	2	1	0.9951604113195697	false	0	0
PT2-PT1	Oncology_II	OID31207	2	2	1	0.9625778198237628	false	0	0
PT2-PT1	Inflammation_II	OID30479	2	2	1	0.9951604113195697	false	0	0
PT2-PT1	Inflammation	OID20736	2	2	1	0.9951604113195697	false	0	0
PT2-PT1	Inflammation	OID20466	2	2	1	0.9951604113195697	false	0	0
PT2-PT1	Inflammation_II	OID30609	2	2	1	0.9951604113195697	false	0	0
PT2-PT1	Cardiometabolic_II	OID30186	2	2	1	0.9894697482354282	false	0	0
PT2-PT1	Oncology_II	OID31449	2	2	1	0.9951604113195697	false	0	0
PT2-PT1	Inflammation	OID20545	2	2	1	0.9951604113195697	false	0	0
PT2-PT1	Inflammation	OID20765	2	2	1	0.8368737157887016	false	0	0
PT2-PT1	Inflammation	OID20706	2	2	1	0.4336523901627007	false	0	0
PT2-PT1	Inflammation_II	OID30468	2	2	1	0.5270544252145112	false	0	0
PT2-PT1	Oncology	OID21182	2	2	1	0.9951604113195697	false	0	0
PT2-PT1	Neurology	OID20839	2	2	1	0.9951604113195697	false	0	0
PT2-PT1	Neurology_II	OID31066	2	2	1	0.9625778198237628	false	0	0
PT2-PT1	Oncology	OID21395	2	2	1	0.9951604113195697	false	0	0
PT2-PT1	Oncology_II	OID31433	2	2	1	0.9951604113195697	false	0	0
PT2-PT1	Cardiometabolic_II	OID30067	2	2	1	0.9951604113195697	false	0	0
PT2-PT1	Oncology_II	OID31329	2	2	1	0.9951604113195697	false	0	0
PT2-PT1	Neurology	OID20926	2	2	1	0.9951604113195697	false	0	0
PT2-PT1	Neurology	OID20971	2	2	1	0.9951604113195697	false	0	0
PT2-PT1	Oncology_II	OID31462	2	2	1	0.9951604113195697	false	0	0
PT2-PT1	Cardiometabolic	OID20314	2	2	1	0.9951604113195697	false	0	0
PT2-PT1	Oncology_II	OID31180	2	2	1	0.9951604113195697	false	0	0
PT2-PT1	Oncology_II	OID31179	2	2	1	0.9951604113195697	false	0	0
PT2-PT1	Inflammation_II	OID30696	2	2	1	0.9951604113195697	false	0	0
PT2-PT1	Cardiometabolic_II	OID30105	2	2	1	0.9951604113195697	false	0	0
PT2-PT1	Oncology_II	OID31339	2	2	1	0.9951604113195697	false	0	0
PT2-PT1	Neurology	OID21025	2	2	1	0.9951604113195697	false	0	0
PT2-PT1	Inflammation_II	OID30715	2	2	1	0.9951604113195697	false	0	0
PT2-PT1	Neurology	OID21071	2	2	1	0.9951604113195697	false	0	0
PT2-PT1	Cardiometabolic	OID20404	2	2	1	0.9951604113195697	false	0	0
PT2-PT1	Inflammation	OID20574	2	2	1	0.9979191426699315	false	0	0
PT2-PT1	Oncology_II	OID31509	2	2	1	0.9502861830440976	false	0	0
PT2-PT1	Oncology	OID21501	2	2	1	0.9951604113195697	false	0	0
PT2-PT1	Oncology_II	OID31259	2	2	1	0.9979191426699315	false	0	0
PT2-PT1	Cardiometabolic_II	OID30337	2	2	1	0.9951604113195697	false	0	0
PT2-PT1	Neurology	OID21009	2	2	1	0.9951604113195697	false	0	0
PT2-PT1	Oncology_II	OID31385	2	2	1	0.9983742427367069	false	0	0
PT2-PT1	Inflammation	OID20630	2	2	1	0.9951604113195697	false	0	0
PT2-PT1	Oncology	OID21304	2	2	1	0.9951604113195697	false	0	0
PT2-PT1	Inflammation_II	OID30690	2	2	1	0.9951604113195697	false	0	0
PT2-PT1	Oncology	OID21323	2	2	1	0.9951604113195697	false	0	0
PT2-PT1	Cardiometabolic_II	OID30156	2	2	1	0.9951604113195697	false	0	0
PT2-PT1	Oncology	OID21433	2	2	1	0.9951604113195697	false	0	0
PT2-PT1	Oncology	OID21466	2	2	1	0.9951604113195697	false	0	0
PT2-PT1	Oncology_II	OID31394	2	2	1	0.9951604113195697	false	0	0
PT2-PT1	Inflammation_II	OID30560	2	2	1	0.9951604113195697	false	0	0
PT2-PT1	Oncology_II	OID31389	2	2	1	0.9951604113195697	false	0	0
PT2-PT1	Oncology	OID21279	2	2	1	0.9951604113195697	false	0	0
PT2-PT1	Neurology	OID20985	2	2	1	0.9951604113195697	false	0	0
PT2-PT1	Inflammation_II	OID30515	2	2	1	0.9951604113195697	false	0	0
PT2-PT1	Cardiometabolic	OID20114	2	2	1	0.9951604113195697	false	0	0
PT2-PT1	Oncology	OID21232	2	2	1	0.9951604113195697	false	0	0
PT2-PT1	Cardiometabolic_II	OID30209	2	2	1	0.9951604113195697	false	0	0
PT2-PT1	Inflammation_II	OID30495	2	2	1	0.9951604113195697	false	0	0
PT2-PT1	Cardiometabolic	OID20231	2	2	1	0.9951604113195697	false	0	0
PT2-PT1	Neurology_II	OID30813	2	2	1	0.9951604113195697	false	0	0
PT2-PT1	Oncology_II	OID31173	2	2	1	0.9951604113195697	false	0	0
PT2-PT1	Cardiometabolic	OID20225	2	2	1	0.9951604113195697	false	0	0
PT2-PT1	Inflammation	OID20525	2	2	1	0.9951604113195697	false	0	0
PT2-PT1	Cardiometabolic_II	OID30356	2	2	1	0.9951604113195697	false	0	0
PT2-PT1	Cardiometabolic_II	OID30235	2	2	1	0.9502861830440976	false	0	0
PT2-PT1	Oncology	OID21328	2	2	1	0.9951604113195697	false	0	0
PT2-PT1	Neurology_II	OID30794	2	2	1	0.9951604113195697	false	0	0
PT2-PT1	Inflammation	OID20643	2	2	1	0.9951604113195697	false	0	0
PT2-PT1	Neurology_II	OID31033	2	2	1	0.9951604113195697	false	0	0
PT2-PT1	Cardiometabolic	OID20318	2	2	1	0.9951604113195697	false	0	0
PT2-PT1	Neurology_II	OID30841	2	2	1	0.9951604113195697	false	0	0
PT2-PT1	Neurology_II	OID30895	2	2	1	0.9951604113195697	false	0	0
PT2-PT1	Cardiometabolic	OID20281	2	2	1	0.9951604113195697	false	0	0
PT2-PT1	Cardiometabolic	OID20137	2	2	1	0.9951604113195697	false	0	0
PT2-PT1	Cardiometabolic_II	OID30404	2	2	1	0.8164585902584088	false	0	0
PT2-PT1	Oncology	OID21528	2	2	1	0.421096884573178	false	0	0
PT2-PT1	Oncology_II	OID31482	2	2	1	0.9951604113195697	false	0	0
PT2-PT1	Cardiometabolic_II	OID30219	2	2	1	0.9951604113195697	false	0	0
PT2-PT1	Oncology	OID21374	2	2	1	0.9951604113195697	false	0	0
PT2-PT1	Neurology	OID20981	2	2	1	0.9951604113195697	false	0	0
PT2-PT1	Neurology	OID21123	2	2	1	0.9951604113195697	false	0	0
PT2-PT1	Cardiometabolic_II	OID30289	2	2	1	0.9951604113195697	false	0	0
PT2-PT1	Oncology	OID21253	2	2	1	0.9951604113195697	false	0	0
PT2-PT1	Cardiometabolic_II	OID30213	2	2	1	0.9951604113195697	false	0	0
PT2-PT1	Inflammation	OID20572	2	2	1	0.9951604113195697	false	0	0
PT2-PT1	Oncology_II	OID31224	2	2	1	0.6300266892441037	false	0	0
PT2-PT1	Neurology_II	OID30845	2	2	1	0.9951604113195697	false	0	0
PT2-PT1	Neurology_II	OID31112	2	2	1	0.9951604113195697	false	0	0
PT2-PT1	Inflammation	OID20530	2	2	1	0.9951604113195697	false	0	0
PT2-PT1	Oncology_II	OID31467	2	2	1	0.9951604113195697	false	0	0
PT2-PT1	Inflammation_II	OID30666	2	2	1	0.8368737157887016	false	0	0
PT2-PT1	Neurology_II	OID30861	2	2	1	0.9951604113195697	false	0	0
PT2-PT1	Cardiometabolic	OID20418	2	2	1	0.9951604113195697	false	0	0
PT2-PT1	Neurology	OID21158	2	2	1	0.9951604113195697	false	0	0
PT2-PT1	Cardiometabolic_II	OID30137	2	2	1	0.9951604113195697	false	0	0
PT2-PT1	Inflammation_II	OID30705	2	2	1	0.9951604113195697	false	0	0
PT2-PT1	Inflammation	OID20546	2	2	1	0.9951604113195697	false	0	0
PT2-PT1	Neurology_II	OID31013	2	2	1	0.9502861830440976	false	0	0
PT2-PT1	Oncology	OID21162	2	2	1	0.9951604113195697	false	0	0
PT2-PT1	Oncology	OID21342	2	2	1	0.9951604113195697	false	0	0
PT2-PT1	Inflammation_II	OID30549	2	2	1	0.9951604113195697	false	0	0
PT2-PT1	Inflammation	OID20673	2	2	1	0.9979191426699315	false	0	0
PT2-PT1	Neurology_II	OID31049	2	2	1	0.9951604113195697	false	0	0
PT2-PT1	Oncology_II	OID31253	2	2	1	0.9951604113195697	false	0	0
PT2-PT1	Cardiometabolic	OID20378	2	2	1	0.9951604113195697	false	0	0
PT2-PT1	Inflammation_II	OID30547	2	2	1	0.8974840318589288	false	0	0
PT2-PT1	Cardiometabolic_II	OID30413	2	2	1	0.9951604113195697	false	0	0
PT2-PT1	Cardiometabolic	OID20292	2	2	1	0.5102238330788043	false	0	0
PT2-PT1	Cardiometabolic_II	OID30321	2	2	1	0.9951604113195697	false	0	0
PT2-PT1	Cardiometabolic	OID20335	2	2	1	0.9951604113195697	false	0	0
PT2-PT1	Oncology_II	OID31201	2	2	1	0.8974840318589288	false	0	0
PT2-PT1	Oncology	OID21471	2	2	1	0.9951604113195697	false	0	0
PT2-PT1	Inflammation	OID20697	2	2	1	0.9951604113195697	false	0	0
PT2-PT1	Neurology_II	OID31111	2	2	1	0.9951604113195697	false	0	0
PT2-PT1	Inflammation	OID20645	2	2	1	0.9951604113195697	false	0	0
PT2-PT1	Neurology	OID21052	2	2	1	0.9951604113195697	false	0	0
PT2-PT1	Oncology_II	OID31523	2	2	1	0.9951604113195697	false	0	0
PT2-PT1	Neurology	OID20827	2	2	1	0.9979191426699315	false	0	0
PT2-PT1	Neurology	OID20856	2	2	1	0.9951604113195697	false	0	0
PT2-PT1	Oncology_II	OID31334	2	2	1	0.9951604113195697	false	0	0
PT2-PT1	Oncology	OID21303	2	2	1	0.9951604113195697	false	0	0
PT2-PT1	Neurology	OID21086	2	2	1	0.9951604113195697	false	0	0
PT2-PT1	Cardiometabolic	OID20049	2	2	1	0.9951604113195697	false	0	0
PT2-PT1	Cardiometabolic	OID20322	2	2	1	0.9951604113195697	false	0	0
PT2-PT1	Oncology_II	OID31381	2	2	1	0.2750359953563109	false	0	0
PT2-PT1	Inflammation	OID20703	2	2	1	0.9951604113195697	false	0	0
PT2-PT1	Cardiometabolic	OID20200	2	2	1	0.9951604113195697	false	0	0
PT2-PT1	Inflammation	OID20607	2	2	1	0.9951604113195697	false	0	0
PT2-PT1	Cardiometabolic_II	OID30097	2	2	1	0.9951604113195697	false	0	0
PT2-PT1	Neurology	OID20872	2	2	1	0.9951604113195697	false	0	0
PT2-PT1	Oncology_II	OID31505	2	2	1	0.9951604113195697	false	0	0
PT2-PT1	Neurology	OID20892	2	2	1	0.8974840318589288	false	0	0
PT2-PT1	Cardiometabolic	OID20123	2	2	1	0.9951604113195697	false	0	0
PT2-PT1	Cardiometabolic	OID20316	2	2	1	0.9951604113195697	false	0	0
PT2-PT1	Neurology_II	OID30876	2	2	1	0.9951604113195697	false	0	0
PT2-PT1	Oncology_II	OID31379	2	2	1	0.9951604113195697	false	0	0
PT2-PT1	Inflammation	OID20636	2	2	1	0.9951604113195697	false	0	0
PT2-PT1	Cardiometabolic	OID20306	2	2	1	0.9951604113195697	false	0	0
PT2-PT1	Oncology	OID21510	2	2	1	0.9951604113195697	false	0	0
PT2-PT1	Cardiometabolic	OID20065	2	2	1	0.9951604113195697	false	0	0
PT2-PT1	Neurology	OID20952	2	2	1	0.9951604113195697	false	0	0
PT2-PT1	Cardiometabolic	OID20136	2	2	1	0.31787882744572543	false	0	0
PT2-PT1	Neurology_II	OID31003	2	2	1	0.9951604113195697	false	0	0
PT2-PT1	Neurology_II	OID30805	2	2	1	0.9951604113195697	false	0	0
PT2-PT1	Neurology_II	OID31124	2	2	1	0.9951604113195697	false	0	0
PT2-PT1	Oncology_II	OID31321	2	2	1	0.9951604113195697	false	0	0
PT2-PT1	Inflammation_II	OID30651	2	2	1	0.9951604113195697	false	0	0
PT2-PT1	Cardiometabolic_II	OID30183	2	2	1	0.9951604113195697	false	0	0
PT2-PT1	Oncology	OID21406	2	2	1	0.9951604113195697	false	0	0
PT2-PT1	Oncology_II	OID31487	2	2	1	0.9951604113195697	false	0	0
PT2-PT1	Oncology	OID21515	2	2	1	0.9951604113195697	false	0	0
PT2-PT1	Oncology	OID21396	2	2	1	0.9951604113195697	false	0	0
PT2-PT1	Inflammation	OID20699	2	2	1	0.9951604113195697	false	0	0
PT2-PT1	Neurology	OID20886	2	2	1	0.9951604113195697	false	0	0
PT2-PT1	Cardiometabolic	OID20119	2	2	1	0.9951604113195697	false	0	0
PT2-PT1	Cardiometabolic_II	OID30239	2	2	1	0.9951604113195697	false	0	0
PT2-PT1	Oncology_II	OID31286	2	2	1	0.9951604113195697	false	0	0
PT2-PT1	Inflammation	OID20433	2	2	1	0.9951604113195697	false	0	0
PT2-PT1	Oncology_II	OID31323	2	2	1	0.9951604113195697	false	0	0
PT2-PT1	Oncology	OID21416	2	2	1	0.9951604113195697	false	0	0
PT2-PT1	Neurology	OID20817	2	2	1	0.9951604113195697	false	0	0
PT2-PT1	Oncology_II	OID31383	2	2	1	0.9951604113195697	false	0	0
PT2-PT1	Oncology	OID21358	2	2	1	0.9951604113195697	false	0	0
PT2-PT1	Inflammation	OID20686	2	2	1	0.9951604113195697	false	0	0
PT2-PT1	Cardiometabolic	OID20270	2	2	1	0.9951604113195697	false	0	0
PT2-PT1	Inflammation_II	OID30718	2	2	1	0.9979191426699315	false	0	0
PT2-PT1	Cardiometabolic_II	OID30189	2	2	1	0.24317183826631425	false	0	0
PT2-PT1	Cardiometabolic_II	OID30382	2	2	1	0.9951604113195697	false	0	0
PT2-PT1	Neurology	OID20801	2	2	1	0.9951604113195697	false	0	0
PT2-PT1	Neurology_II	OID31021	2	2	1	0.9951604113195697	false	0	0
PT2-PT1	Inflammation	OID20702	2	2	1	0.9894697482354282	false	0	0
PT2-PT1	Neurology	OID20938	2	2	1	0.9951604113195697	false	0	0
PT2-PT1	Cardiometabolic_II	OID30338	2	2	1	0.9951604113195697	false	0	0
PT2-PT1	Inflammation_II	OID30665	2	2	1	0.6847710830904131	false	0	0
PT2-PT1	Neurology	OID20829	2	2	1	0.9951604113195697	false	0	0
PT2-PT1	Oncology	OID21352	2	2	1	0.3474383752250709	false	0	0
PT2-PT1	Cardiometabolic_II	OID30162	2	2	1	0.9502861830440976	false	0	0
PT2-PT1	Cardiometabolic_II	OID30051	2	2	1	0.9951604113195697	false	0	0
PT2-PT1	Inflammation_II	OID30769	2	2	1	0.9951604113195697	false	0	0
PT2-PT1	Cardiometabolic_II	OID30238	2	2	1	0.9951604113195697	false	0	0
PT2-PT1	Inflammation_II	OID30610	2	2	1	0.9951604113195697	false	0	0
PT2-PT1	Cardiometabolic	OID20228	2	2	1	0.9951604113195697	false	0	0
PT2-PT1	Neurology	OID20793	2	2	1	0.9951604113195697	false	0	0
PT2-PT1	Cardiometabolic	OID20209	2	2	1	0.31787882744572543	false	0	0
PT2-PT1	Inflammation	OID20444	2	2	1	0.9951604113195697	false	0	0
PT2-PT1	Oncology	OID21189	2	2	1	0.9979191426699315	false	0	0
PT2-PT1	Oncology	OID21418	2	2	1	0.9951604113195697	false	0	0
PT2-PT1	Cardiometabolic_II	OID30222	2	2	1	0.9951604113195697	false	0	0
PT2-PT1	Neurology_II	OID30887	2	2	1	0.7089952253733611	false	0	0
PT2-PT1	Cardiometabolic_II	OID30243	2	2	1	0.9951604113195697	false	0	0
PT2-PT1	Neurology_II	OID31093	2	2	1	0.9951604113195697	false	0	0
PT2-PT1	Inflammation_II	OID30452	2	2	1	0.9951604113195697	false	0	0
PT2-PT1	Oncology	OID21173	2	2	1	0.9951604113195697	false	0	0
PT2-PT1	Inflammation	OID20568	2	2	1	0.9951604113195697	false	0	0
PT2-PT1	Cardiometabolic_II	OID30294	2	2	1	0.9979191426699315	false	0	0
PT2-PT1	Inflammation	OID20571	2	2	1	0.9951604113195697	false	0	0
PT2-PT1	Cardiometabolic	OID20356	2	2	1	0.9951604113195697	false	0	0
PT2-PT1	Inflammation_II	OID30466	2	2	1	0.9951604113195697	false	0	0
PT2-PT1	Inflammation	OID20718	2	2	1	0.8974840318589288	false	0	0
PT2-PT1	Oncology	OID21319	2	2	1	0.9951604113195697	false	0	0
PT2-PT1	Neurology	OID20922	2	2	1	0.9951604113195697	false	0	0
PT2-PT1	Neurology_II	OID30973	2	2	1	0.9951604113195697	false	0	0
PT2-PT1	Neurology_II	OID31135	2	2	1	0.9951604113195697	false	0	0
PT2-PT1	Cardiometabolic	OID20208	2	2	1	0.9625778198237628	false	0	0
PT2-PT1	Inflammation	OID20594	2	2	1	0.9951604113195697	false	0	0
PT2-PT1	Cardiometabolic_II	OID30060	2	2	1	0.9951604113195697	false	0	0
PT2-PT1	Oncology_II	OID31496	2	2	1	0.9951604113195697	false	0	0
PT2-PT1	Neurology	OID20895	2	2	1	0.9951604113195697	false	0	0
PT2-PT1	Oncology	OID21425	2	2	1	0.9951604113195697	false	0	0
PT2-PT1	Cardiometabolic	OID20053	2	2	1	0.9951604113195697	false	0	0
PT2-PT1	Neurology_II	OID31041	2	2	1	0.9951604113195697	false	0	0
PT2-PT1	Inflammation_II	OID30780	2	2	1	0.9951604113195697	false	0	0
PT2-PT1	Inflammation	OID20557	2	2	1	0.9951604113195697	false	0	0
PT2-PT1	Neurology	OID20963	2	2	1	0.9951604113195697	false	0	0
PT2-PT1	Neurology	OID21027	2	2	1	0.9951604113195697	false	0	0
PT2-PT1	Oncology_II	OID31257	2	2	1	0.9951604113195697	false	0	0
PT2-PT1	Neurology	OID21146	2	2	1	0.9951604113195697	false	0	0
PT2-PT1	Inflammation_II	OID30511	2	2	1	0.9951604113195697	false	0	0
PT2-PT1	Oncology_II	OID31294	2	2	1	0.8974840318589288	false	0	0
PT2-PT1	Inflammation	OID20465	2	2	1	0.9502861830440976	false	0	0
PT2-PT1	Oncology	OID21477	2	2	1	0.9951604113195697	false	0	0
PT2-PT1	Cardiometabolic_II	OID30089	2	2	1	0.9951604113195697	false	0	0
PT2-PT1	Oncology	OID21338	2	2	1	0.9951604113195697	false	0	0
PT2-PT1	Cardiometabolic_II	OID30349	2	2	1	0.9951604113195697	false	0	0
PT2-PT1	Cardiometabolic_II	OID30144	2	2	1	0.2991265795595037	false	0	0
PT2-PT1	Cardiometabolic	OID20128	2	2	1	0.5102238330788043	false	0	0
PT2-PT1	Inflammation	OID20455	2	2	1	0.9951604113195697	false	0	0
PT2-PT1	Oncology	OID21526	2	2	1	0.9951604113195697	false	0	0
PT2-PT1	Cardiometabolic	OID20072	2	2	1	0.9951604113195697	false	0	0
PT2-PT1	Cardiometabolic_II	OID30305	2	2	1	0.9951604113195697	false	0	0
PT2-PT1	Inflammation	OID20524	2	2	1	0.8368737157887016	false	0	0
PT2-PT1	Cardiometabolic	OID20226	2	2	1	0.9951604113195697	false	0	0
PT2-PT1	Oncology	OID21403	2	2	1	0.9951604113195697	false	0	0
PT2-PT1	Inflammation_II	OID30569	2	2	1	0.9951604113195697	false	0	0
PT2-PT1	Neurology_II	OID30802	2	2	1	0.9951604113195697	false	0	0
PT2-PT1	Oncology_II	OID31237	2	2	1	0.9951604113195697	false	0	0
PT2-PT1	Neurology	OID21067	2	2	1	0.9951604113195697	false	0	0
PT2-PT1	Inflammation_II	OID30720	2	2	1	0.9951604113195697	false	0	0
PT2-PT1	Neurology_II	OID30842	2	2	1	0.9951604113195697	false	0	0
PT2-PT1	Neurology_II	OID30874	2	2	1	0.9951604113195697	false	0	0
PT2-PT1	Neurology_II	OID31002	2	2	1	0.9951604113195697	false	0	0
PT2-PT1	Oncology_II	OID31421	2	2	1	0.9951604113195697	false	0	0
PT2-PT1	Neurology_II	OID31139	2	2	1	0.9951604113195697	false	0	0
PT2-PT1	Inflammation_II	OID30475	2	2	1	0.9979191426699315	false	0	0
PT2-PT1	Neurology_II	OID30914	2	2	1	0.9951604113195697	false	0	0
