tool	mode	contrast	perm	q_cutoff	n_rejected	n_tested
atman	paired-t	PT1-PR1	0	0.01	0	2938
atman	paired-t	PT1-PR1	0	0.05	0	2938
atman	paired-t	PT1-PR1	0	0.1	0	2938
atman	moderated	PT1-PR1	0	0.01	0	2938
atman	moderated	PT1-PR1	0	0.05	0	2938
atman	moderated	PT1-PR1	0	0.1	0	2938
atman	welch-t	PT1-PR1	0	0.01	0	2938
atman	welch-t	PT1-PR1	0	0.05	0	2938
atman	welch-t	PT1-PR1	0	0.1	0	2938
atman	paired-t	PT1-PR1	1	0.01	0	2938
atman	paired-t	PT1-PR1	1	0.05	0	2938
atman	paired-t	PT1-PR1	1	0.1	0	2938
atman	moderated	PT1-PR1	1	0.01	0	2938
atman	moderated	PT1-PR1	1	0.05	0	2938
atman	moderated	PT1-PR1	1	0.1	0	2938
atman	welch-t	PT1-PR1	1	0.01	0	2938
atman	welch-t	PT1-PR1	1	0.05	0	2938
atman	welch-t	PT1-PR1	1	0.1	0	2938
atman	paired-t	PT1-PR1	2	0.01	0	2938
atman	paired-t	PT1-PR1	2	0.05	0	2938
atman	paired-t	PT1-PR1	2	0.1	0	2938
atman	moderated	PT1-PR1	2	0.01	0	2938
atman	moderated	PT1-PR1	2	0.05	1	2938
atman	moderated	PT1-PR1	2	0.1	2	2938
atman	welch-t	PT1-PR1	2	0.01	0	2938
atman	welch-t	PT1-PR1	2	0.05	0	2938
atman	welch-t	PT1-PR1	2	0.1	0	2938
atman	paired-t	PT1-PR1	3	0.01	0	2938
atman	paired-t	PT1-PR1	3	0.05	0	2938
atman	paired-t	PT1-PR1	3	0.1	0	2938
atman	moderated	PT1-PR1	3	0.01	0	2938
atman	moderated	PT1-PR1	3	0.05	0	2938
atman	moderated	PT1-PR1	3	0.1	0	2938
atman	welch-t	PT1-PR1	3	0.01	0	2938
atman	welch-t	PT1-PR1	3	0.05	0	2938
atman	welch-t	PT1-PR1	3	0.1	0	2938
atman	paired-t	PT1-PR1	4	0.01	0	2938
atman	paired-t	PT1-PR1	4	0.05	0	2938
atman	paired-t	PT1-PR1	4	0.1	0	2938
atman	moderated	PT1-PR1	4	0.01	0	2938
atman	moderated	PT1-PR1	4	0.05	0	2938
atman	moderated	PT1-PR1	4	0.1	0	2938
atman	welch-t	PT1-PR1	4	0.01	0	2938
atman	welch-t	PT1-PR1	4	0.05	0	2938
atman	welch-t	PT1-PR1	4	0.1	0	2938
atman	paired-t	PT1-PR1	5	0.01	0	2938
atman	paired-t	PT1-PR1	5	0.05	0	2938
atman	paired-t	PT1-PR1	5	0.1	0	2938
atman	moderated	PT1-PR1	5	0.01	0	2938
atman	moderated	PT1-PR1	5	0.05	0	2938
atman	moderated	PT1-PR1	5	0.1	0	2938
atman	welch-t	PT1-PR1	5	0.01	0	2938
atman	welch-t	PT1-PR1	5	0.05	0	2938
atman	welch-t	PT1-PR1	5	0.1	0	2938
atman	paired-t	PT1-PR1	6	0.01	0	2938
atman	paired-t	PT1-PR1	6	0.05	0	2938
atman	paired-t	PT1-PR1	6	0.1	0	2938
atman	moderated	PT1-PR1	6	0.01	0	2938
atman	moderated	PT1-PR1	6	0.05	0	2938
atman	moderated	PT1-PR1	6	0.1	0	2938
atman	welch-t	PT1-PR1	6	0.01	0	2938
atman	welch-t	PT1-PR1	6	0.05	0	2938
atman	welch-t	PT1-PR1	6	0.1	0	2938
atman	paired-t	PT1-PR1	7	0.01	0	2938
atman	paired-t	PT1-PR1	7	0.05	0	2938
atman	paired-t	PT1-PR1	7	0.1	0	2938
atman	moderated	PT1-PR1	7	0.01	0	2938
atman	moderated	PT1-PR1	7	0.05	0	2938
atman	moderated	PT1-PR1	7	0.1	0	2938
atman	welch-t	PT1-PR1	7	0.01	0	2938
atman	welch-t	PT1-PR1	7	0.05	0	2938
atman	welch-t	PT1-PR1	7	0.1	0	2938
atman	paired-t	PT1-PR1	8	0.01	0	2938
atman	paired-t	PT1-PR1	8	0.05	0	2938
atman	paired-t	PT1-PR1	8	0.1	0	2938
atman	moderated	PT1-PR1	8	0.01	0	2938
atman	moderated	PT1-PR1	8	0.05	0	2938
atman	moderated	PT1-PR1	8	0.1	0	2938
atman	welch-t	PT1-PR1	8	0.01	0	2938
atman	welch-t	PT1-PR1	8	0.05	0	2938
atman	welch-t	PT1-PR1	8	0.1	0	2938
atman	paired-t	PT1-PR1	9	0.01	0	2938
atman	paired-t	PT1-PR1	9	0.05	0	2938
atman	paired-t	PT1-PR1	9	0.1	0	2938
atman	moderated	PT1-PR1	9	0.01	0	2938
atman	moderated	PT1-PR1	9	0.05	0	2938
atman	moderated	PT1-PR1	9	0.1	0	2938
atman	welch-t	PT1-PR1	9	0.01	0	2938
atman	welch-t	PT1-PR1	9	0.05	0	2938
atman	welch-t	PT1-PR1	9	0.1	0	2938
atman	paired-t	PT1-PR1	10	0.01	0	2938
atman	paired-t	PT1-PR1	10	0.05	0	2938
atman	paired-t	PT1-PR1	10	0.1	1	2938
atman	moderated	PT1-PR1	10	0.01	0	2938
atman	moderated	PT1-PR1	10	0.05	0	2938
atman	moderated	PT1-PR1	10	0.1	1	2938
atman	welch-t	PT1-PR1	10	0.01	0	2938
atman	welch-t	PT1-PR1	10	0.05	0	2938
atman	welch-t	PT1-PR1	10	0.1	0	2938
atman	paired-t	PT1-PR1	11	0.01	0	2938
atman	paired-t	PT1-PR1	11	0.05	0	2938
atman	paired-t	PT1-PR1	11	0.1	0	2938
atman	moderated	PT1-PR1	11	0.01	0	2938
atman	moderated	PT1-PR1	11	0.05	0	2938
atman	moderated	PT1-PR1	11	0.1	0	2938
atman	welch-t	PT1-PR1	11	0.01	0	2938
atman	welch-t	PT1-PR1	11	0.05	0	2938
atman	welch-t	PT1-PR1	11	0.1	0	2938
atman	paired-t	PT1-PR1	12	0.01	0	2938
atman	paired-t	PT1-PR1	12	0.05	0	2938
atman	paired-t	PT1-PR1	12	0.1	0	2938
atman	moderated	PT1-PR1	12	0.01	0	2938
atman	moderated	PT1-PR1	12	0.05	0	2938
atman	moderated	PT1-PR1	12	0.1	0	2938
atman	welch-t	PT1-PR1	12	0.01	0	2938
atman	welch-t	PT1-PR1	12	0.05	0	2938
atman	welch-t	PT1-PR1	12	0.1	0	2938
atman	paired-t	PT1-PR1	13	0.01	0	2938
atman	paired-t	PT1-PR1	13	0.05	0	2938
atman	paired-t	PT1-PR1	13	0.1	0	2938
atman	moderated	PT1-PR1	13	0.01	0	2938
atman	moderated	PT1-PR1	13	0.05	0	2938
atman	moderated	PT1-PR1	13	0.1	0	2938
atman	welch-t	PT1-PR1	13	0.01	0	2938
atman	welch-t	PT1-PR1	13	0.05	0	2938
atman	welch-t	PT1-PR1	13	0.1	0	2938
atman	paired-t	PT1-PR1	14	0.01	0	2938
atman	paired-t	PT1-PR1	14	0.05	0	2938
atman	paired-t	PT1-PR1	14	0.1	0	2938
atman	moderated	PT1-PR1	14	0.01	0	2938
atman	moderated	PT1-PR1	14	0.05	0	2938
atman	moderated	PT1-PR1	14	0.1	0	2938
atman	welch-t	PT1-PR1	14	0.01	0	2938
atman	welch-t	PT1-PR1	14	0.05	0	2938
atman	welch-t	PT1-PR1	14	0.1	0	2938
atman	paired-t	PT1-PR1	15	0.01	2	2938
atman	paired-t	PT1-PR1	15	0.05	2	2938
atman	paired-t	PT1-PR1	15	0.1	2	2938
atman	moderated	PT1-PR1	15	0.01	1	2938
atman	moderated	PT1-PR1	15	0.05	1	2938
atman	moderated	PT1-PR1	15	0.1	1	2938
atman	welch-t	PT1-PR1	15	0.01	0	2938
atman	welch-t	PT1-PR1	15	0.05	0	2938
atman	welch-t	PT1-PR1	15	0.1	0	2938
atman	paired-t	PT1-PR1	16	0.01	0	2938
atman	paired-t	PT1-PR1	16	0.05	0	2938
atman	paired-t	PT1-PR1	16	0.1	0	2938
atman	moderated	PT1-PR1	16	0.01	0	2938
atman	moderated	PT1-PR1	16	0.05	0	2938
atman	moderated	PT1-PR1	16	0.1	0	2938
atman	welch-t	PT1-PR1	16	0.01	0	2938
atman	welch-t	PT1-PR1	16	0.05	0	2938
atman	welch-t	PT1-PR1	16	0.1	0	2938
atman	paired-t	PT1-PR1	17	0.01	0	2938
atman	paired-t	PT1-PR1	17	0.05	0	2938
atman	paired-t	PT1-PR1	17	0.1	0	2938
atman	moderated	PT1-PR1	17	0.01	0	2938
atman	moderated	PT1-PR1	17	0.05	0	2938
atman	moderated	PT1-PR1	17	0.1	0	2938
atman	welch-t	PT1-PR1	17	0.01	0	2938
atman	welch-t	PT1-PR1	17	0.05	0	2938
atman	welch-t	PT1-PR1	17	0.1	0	2938
atman	paired-t	PT1-PR1	18	0.01	0	2938
atman	paired-t	PT1-PR1	18	0.05	1	2938
atman	paired-t	PT1-PR1	18	0.1	1	2938
atman	moderated	PT1-PR1	18	0.01	0	2938
atman	moderated	PT1-PR1	18	0.05	0	2938
atman	moderated	PT1-PR1	18	0.1	0	2938
atman	welch-t	PT1-PR1	18	0.01	0	2938
atman	welch-t	PT1-PR1	18	0.05	0	2938
atman	welch-t	PT1-PR1	18	0.1	0	2938
atman	paired-t	PT1-PR1	19	0.01	0	2938
atman	paired-t	PT1-PR1	19	0.05	0	2938
atman	paired-t	PT1-PR1	19	0.1	0	2938
atman	moderated	PT1-PR1	19	0.01	0	2938
atman	moderated	PT1-PR1	19	0.05	0	2938
atman	moderated	PT1-PR1	19	0.1	0	2938
atman	welch-t	PT1-PR1	19	0.01	0	2938
atman	welch-t	PT1-PR1	19	0.05	0	2938
atman	welch-t	PT1-PR1	19	0.1	0	2938
atman	paired-t	PT1-PR1	20	0.01	0	2938
atman	paired-t	PT1-PR1	20	0.05	0	2938
atman	paired-t	PT1-PR1	20	0.1	0	2938
atman	moderated	PT1-PR1	20	0.01	0	2938
atman	moderated	PT1-PR1	20	0.05	0	2938
atman	moderated	PT1-PR1	20	0.1	0	2938
atman	welch-t	PT1-PR1	20	0.01	0	2938
atman	welch-t	PT1-PR1	20	0.05	0	2938
atman	welch-t	PT1-PR1	20	0.1	0	2938
atman	paired-t	PT1-PR1	21	0.01	0	2938
atman	paired-t	PT1-PR1	21	0.05	0	2938
atman	paired-t	PT1-PR1	21	0.1	0	2938
atman	moderated	PT1-PR1	21	0.01	0	2938
atman	moderated	PT1-PR1	21	0.05	0	2938
atman	moderated	PT1-PR1	21	0.1	0	2938
atman	welch-t	PT1-PR1	21	0.01	0	2938
atman	welch-t	PT1-PR1	21	0.05	0	2938
atman	welch-t	PT1-PR1	21	0.1	0	2938
atman	paired-t	PT1-PR1	22	0.01	0	2938
atman	paired-t	PT1-PR1	22	0.05	0	2938
atman	paired-t	PT1-PR1	22	0.1	0	2938
atman	moderated	PT1-PR1	22	0.01	0	2938
atman	moderated	PT1-PR1	22	0.05	0	2938
atman	moderated	PT1-PR1	22	0.1	0	2938
atman	welch-t	PT1-PR1	22	0.01	0	2938
atman	welch-t	PT1-PR1	22	0.05	0	2938
atman	welch-t	PT1-PR1	22	0.1	0	2938
atman	paired-t	PT1-PR1	23	0.01	0	2938
atman	paired-t	PT1-PR1	23	0.05	0	2938
atman	paired-t	PT1-PR1	23	0.1	0	2938
atman	moderated	PT1-PR1	23	0.01	0	2938
atman	moderated	PT1-PR1	23	0.05	0	2938
atman	moderated	PT1-PR1	23	0.1	0	2938
atman	welch-t	PT1-PR1	23	0.01	0	2938
atman	welch-t	PT1-PR1	23	0.05	0	2938
atman	welch-t	PT1-PR1	23	0.1	0	2938
atman	paired-t	PT1-PR1	24	0.01	0	2938
atman	paired-t	PT1-PR1	24	0.05	0	2938
atman	paired-t	PT1-PR1	24	0.1	0	2938
atman	moderated	PT1-PR1	24	0.01	0	2938
atman	moderated	PT1-PR1	24	0.05	0	2938
atman	moderated	PT1-PR1	24	0.1	0	2938
atman	welch-t	PT1-PR1	24	0.01	0	2938
atman	welch-t	PT1-PR1	24	0.05	0	2938
atman	welch-t	PT1-PR1	24	0.1	0	2938
atman	paired-t	PT1-PR1	25	0.01	0	2938
atman	paired-t	PT1-PR1	25	0.05	0	2938
atman	paired-t	PT1-PR1	25	0.1	0	2938
atman	moderated	PT1-PR1	25	0.01	0	2938
atman	moderated	PT1-PR1	25	0.05	0	2938
atman	moderated	PT1-PR1	25	0.1	0	2938
atman	welch-t	PT1-PR1	25	0.01	0	2938
atman	welch-t	PT1-PR1	25	0.05	0	2938
atman	welch-t	PT1-PR1	25	0.1	0	2938
atman	paired-t	PT1-PR1	26	0.01	0	2938
atman	paired-t	PT1-PR1	26	0.05	0	2938
atman	paired-t	PT1-PR1	26	0.1	25	2938
atman	moderated	PT1-PR1	26	0.01	0	2938
atman	moderated	PT1-PR1	26	0.05	0	2938
atman	moderated	PT1-PR1	26	0.1	0	2938
atman	welch-t	PT1-PR1	26	0.01	0	2938
atman	welch-t	PT1-PR1	26	0.05	0	2938
atman	welch-t	PT1-PR1	26	0.1	0	2938
atman	paired-t	PT1-PR1	27	0.01	0	2938
atman	paired-t	PT1-PR1	27	0.05	0	2938
atman	paired-t	PT1-PR1	27	0.1	0	2938
atman	moderated	PT1-PR1	27	0.01	0	2938
atman	moderated	PT1-PR1	27	0.05	0	2938
atman	moderated	PT1-PR1	27	0.1	0	2938
atman	welch-t	PT1-PR1	27	0.01	0	2938
atman	welch-t	PT1-PR1	27	0.05	0	2938
atman	welch-t	PT1-PR1	27	0.1	0	2938
atman	paired-t	PT1-PR1	28	0.01	0	2938
atman	paired-t	PT1-PR1	28	0.05	0	2938
atman	paired-t	PT1-PR1	28	0.1	0	2938
atman	moderated	PT1-PR1	28	0.01	0	2938
atman	moderated	PT1-PR1	28	0.05	0	2938
atman	moderated	PT1-PR1	28	0.1	1	2938
atman	welch-t	PT1-PR1	28	0.01	0	2938
atman	welch-t	PT1-PR1	28	0.05	0	2938
atman	welch-t	PT1-PR1	28	0.1	0	2938
atman	paired-t	PT1-PR1	29	0.01	0	2938
atman	paired-t	PT1-PR1	29	0.05	0	2938
atman	paired-t	PT1-PR1	29	0.1	0	2938
atman	moderated	PT1-PR1	29	0.01	0	2938
atman	moderated	PT1-PR1	29	0.05	0	2938
atman	moderated	PT1-PR1	29	0.1	0	2938
atman	welch-t	PT1-PR1	29	0.01	0	2938
atman	welch-t	PT1-PR1	29	0.05	0	2938
atman	welch-t	PT1-PR1	29	0.1	0	2938
atman	paired-t	PT1-PR1	30	0.01	0	2938
atman	paired-t	PT1-PR1	30	0.05	0	2938
atman	paired-t	PT1-PR1	30	0.1	0	2938
atman	moderated	PT1-PR1	30	0.01	0	2938
atman	moderated	PT1-PR1	30	0.05	0	2938
atman	moderated	PT1-PR1	30	0.1	0	2938
atman	welch-t	PT1-PR1	30	0.01	0	2938
atman	welch-t	PT1-PR1	30	0.05	0	2938
atman	welch-t	PT1-PR1	30	0.1	0	2938
atman	paired-t	PT1-PR1	31	0.01	0	2938
atman	paired-t	PT1-PR1	31	0.05	0	2938
atman	paired-t	PT1-PR1	31	0.1	0	2938
atman	moderated	PT1-PR1	31	0.01	0	2938
atman	moderated	PT1-PR1	31	0.05	0	2938
atman	moderated	PT1-PR1	31	0.1	0	2938
atman	welch-t	PT1-PR1	31	0.01	0	2938
atman	welch-t	PT1-PR1	31	0.05	0	2938
atman	welch-t	PT1-PR1	31	0.1	0	2938
atman	paired-t	PT1-PR1	32	0.01	0	2938
atman	paired-t	PT1-PR1	32	0.05	0	2938
atman	paired-t	PT1-PR1	32	0.1	0	2938
atman	moderated	PT1-PR1	32	0.01	0	2938
atman	moderated	PT1-PR1	32	0.05	0	2938
atman	moderated	PT1-PR1	32	0.1	0	2938
atman	welch-t	PT1-PR1	32	0.01	0	2938
atman	welch-t	PT1-PR1	32	0.05	0	2938
atman	welch-t	PT1-PR1	32	0.1	0	2938
atman	paired-t	PT1-PR1	33	0.01	0	2938
atman	paired-t	PT1-PR1	33	0.05	0	2938
atman	paired-t	PT1-PR1	33	0.1	0	2938
atman	moderated	PT1-PR1	33	0.01	0	2938
atman	moderated	PT1-PR1	33	0.05	0	2938
atman	moderated	PT1-PR1	33	0.1	0	2938
atman	welch-t	PT1-PR1	33	0.01	0	2938
atman	welch-t	PT1-PR1	33	0.05	0	2938
atman	welch-t	PT1-PR1	33	0.1	0	2938
atman	paired-t	PT1-PR1	34	0.01	0	2938
atman	paired-t	PT1-PR1	34	0.05	0	2938
atman	paired-t	PT1-PR1	34	0.1	0	2938
atman	moderated	PT1-PR1	34	0.01	0	2938
atman	moderated	PT1-PR1	34	0.05	0	2938
atman	moderated	PT1-PR1	34	0.1	0	2938
atman	welch-t	PT1-PR1	34	0.01	0	2938
atman	welch-t	PT1-PR1	34	0.05	0	2938
atman	welch-t	PT1-PR1	34	0.1	0	2938
atman	paired-t	PT1-PR1	35	0.01	0	2938
atman	paired-t	PT1-PR1	35	0.05	0	2938
atman	paired-t	PT1-PR1	35	0.1	0	2938
atman	moderated	PT1-PR1	35	0.01	0	2938
atman	moderated	PT1-PR1	35	0.05	0	2938
atman	moderated	PT1-PR1	35	0.1	0	2938
atman	welch-t	PT1-PR1	35	0.01	0	2938
atman	welch-t	PT1-PR1	35	0.05	0	2938
atman	welch-t	PT1-PR1	35	0.1	0	2938
atman	paired-t	PT1-PR1	36	0.01	0	2938
atman	paired-t	PT1-PR1	36	0.05	0	2938
atman	paired-t	PT1-PR1	36	0.1	0	2938
atman	moderated	PT1-PR1	36	0.01	0	2938
atman	moderated	PT1-PR1	36	0.05	0	2938
atman	moderated	PT1-PR1	36	0.1	0	2938
atman	welch-t	PT1-PR1	36	0.01	0	2938
atman	welch-t	PT1-PR1	36	0.05	0	2938
atman	welch-t	PT1-PR1	36	0.1	0	2938
atman	paired-t	PT1-PR1	37	0.01	0	2938
atman	paired-t	PT1-PR1	37	0.05	0	2938
atman	paired-t	PT1-PR1	37	0.1	0	2938
atman	moderated	PT1-PR1	37	0.01	0	2938
atman	moderated	PT1-PR1	37	0.05	0	2938
atman	moderated	PT1-PR1	37	0.1	0	2938
atman	welch-t	PT1-PR1	37	0.01	0	2938
atman	welch-t	PT1-PR1	37	0.05	0	2938
atman	welch-t	PT1-PR1	37	0.1	0	2938
atman	paired-t	PT1-PR1	38	0.01	0	2938
atman	paired-t	PT1-PR1	38	0.05	0	2938
atman	paired-t	PT1-PR1	38	0.1	0	2938
atman	moderated	PT1-PR1	38	0.01	0	2938
atman	moderated	PT1-PR1	38	0.05	0	2938
atman	moderated	PT1-PR1	38	0.1	0	2938
atman	welch-t	PT1-PR1	38	0.01	0	2938
atman	welch-t	PT1-PR1	38	0.05	0	2938
atman	welch-t	PT1-PR1	38	0.1	0	2938
atman	paired-t	PT1-PR1	39	0.01	1	2938
atman	paired-t	PT1-PR1	39	0.05	3	2938
atman	paired-t	PT1-PR1	39	0.1	3	2938
atman	moderated	PT1-PR1	39	0.01	0	2938
atman	moderated	PT1-PR1	39	0.05	0	2938
atman	moderated	PT1-PR1	39	0.1	1	2938
atman	welch-t	PT1-PR1	39	0.01	0	2938
atman	welch-t	PT1-PR1	39	0.05	0	2938
atman	welch-t	PT1-PR1	39	0.1	0	2938
atman	paired-t	PT1-PR1	40	0.01	0	2938
atman	paired-t	PT1-PR1	40	0.05	0	2938
atman	paired-t	PT1-PR1	40	0.1	0	2938
atman	moderated	PT1-PR1	40	0.01	0	2938
atman	moderated	PT1-PR1	40	0.05	0	2938
atman	moderated	PT1-PR1	40	0.1	0	2938
atman	welch-t	PT1-PR1	40	0.01	0	2938
atman	welch-t	PT1-PR1	40	0.05	0	2938
atman	welch-t	PT1-PR1	40	0.1	0	2938
atman	paired-t	PT1-PR1	41	0.01	0	2938
atman	paired-t	PT1-PR1	41	0.05	0	2938
atman	paired-t	PT1-PR1	41	0.1	0	2938
atman	moderated	PT1-PR1	41	0.01	0	2938
atman	moderated	PT1-PR1	41	0.05	0	2938
atman	moderated	PT1-PR1	41	0.1	0	2938
atman	welch-t	PT1-PR1	41	0.01	0	2938
atman	welch-t	PT1-PR1	41	0.05	0	2938
atman	welch-t	PT1-PR1	41	0.1	0	2938
atman	paired-t	PT1-PR1	42	0.01	0	2938
atman	paired-t	PT1-PR1	42	0.05	0	2938
atman	paired-t	PT1-PR1	42	0.1	0	2938
atman	moderated	PT1-PR1	42	0.01	0	2938
atman	moderated	PT1-PR1	42	0.05	0	2938
atman	moderated	PT1-PR1	42	0.1	0	2938
atman	welch-t	PT1-PR1	42	0.01	0	2938
atman	welch-t	PT1-PR1	42	0.05	0	2938
atman	welch-t	PT1-PR1	42	0.1	0	2938
atman	paired-t	PT1-PR1	43	0.01	0	2938
atman	paired-t	PT1-PR1	43	0.05	0	2938
atman	paired-t	PT1-PR1	43	0.1	0	2938
atman	moderated	PT1-PR1	43	0.01	0	2938
atman	moderated	PT1-PR1	43	0.05	0	2938
atman	moderated	PT1-PR1	43	0.1	0	2938
atman	welch-t	PT1-PR1	43	0.01	0	2938
atman	welch-t	PT1-PR1	43	0.05	0	2938
atman	welch-t	PT1-PR1	43	0.1	0	2938
atman	paired-t	PT1-PR1	44	0.01	0	2938
atman	paired-t	PT1-PR1	44	0.05	0	2938
atman	paired-t	PT1-PR1	44	0.1	0	2938
atman	moderated	PT1-PR1	44	0.01	0	2938
atman	moderated	PT1-PR1	44	0.05	0	2938
atman	moderated	PT1-PR1	44	0.1	0	2938
atman	welch-t	PT1-PR1	44	0.01	0	2938
atman	welch-t	PT1-PR1	44	0.05	0	2938
atman	welch-t	PT1-PR1	44	0.1	0	2938
atman	paired-t	PT1-PR1	45	0.01	0	2938
atman	paired-t	PT1-PR1	45	0.05	0	2938
atman	paired-t	PT1-PR1	45	0.1	0	2938
atman	moderated	PT1-PR1	45	0.01	0	2938
atman	moderated	PT1-PR1	45	0.05	0	2938
atman	moderated	PT1-PR1	45	0.1	0	2938
atman	welch-t	PT1-PR1	45	0.01	0	2938
atman	welch-t	PT1-PR1	45	0.05	0	2938
atman	welch-t	PT1-PR1	45	0.1	0	2938
atman	paired-t	PT1-PR1	46	0.01	0	2938
atman	paired-t	PT1-PR1	46	0.05	0	2938
atman	paired-t	PT1-PR1	46	0.1	0	2938
atman	moderated	PT1-PR1	46	0.01	0	2938
atman	moderated	PT1-PR1	46	0.05	0	2938
atman	moderated	PT1-PR1	46	0.1	0	2938
atman	welch-t	PT1-PR1	46	0.01	0	2938
atman	welch-t	PT1-PR1	46	0.05	0	2938
atman	welch-t	PT1-PR1	46	0.1	0	2938
atman	paired-t	PT1-PR1	47	0.01	0	2938
atman	paired-t	PT1-PR1	47	0.05	0	2938
atman	paired-t	PT1-PR1	47	0.1	0	2938
atman	moderated	PT1-PR1	47	0.01	0	2938
atman	moderated	PT1-PR1	47	0.05	0	2938
atman	moderated	PT1-PR1	47	0.1	0	2938
atman	welch-t	PT1-PR1	47	0.01	0	2938
atman	welch-t	PT1-PR1	47	0.05	0	2938
atman	welch-t	PT1-PR1	47	0.1	0	2938
atman	paired-t	PT1-PR1	48	0.01	0	2938
atman	paired-t	PT1-PR1	48	0.05	0	2938
atman	paired-t	PT1-PR1	48	0.1	0	2938
atman	moderated	PT1-PR1	48	0.01	0	2938
atman	moderated	PT1-PR1	48	0.05	0	2938
atman	moderated	PT1-PR1	48	0.1	0	2938
atman	welch-t	PT1-PR1	48	0.01	0	2938
atman	welch-t	PT1-PR1	48	0.05	0	2938
atman	welch-t	PT1-PR1	48	0.1	0	2938
atman	paired-t	PT1-PR1	49	0.01	0	2938
atman	paired-t	PT1-PR1	49	0.05	0	2938
atman	paired-t	PT1-PR1	49	0.1	0	2938
atman	moderated	PT1-PR1	49	0.01	0	2938
atman	moderated	PT1-PR1	49	0.05	0	2938
atman	moderated	PT1-PR1	49	0.1	0	2938
atman	welch-t	PT1-PR1	49	0.01	0	2938
atman	welch-t	PT1-PR1	49	0.05	0	2938
atman	welch-t	PT1-PR1	49	0.1	0	2938
atman	paired-t	PT1-PR1	50	0.01	1	2938
atman	paired-t	PT1-PR1	50	0.05	1	2938
atman	paired-t	PT1-PR1	50	0.1	1	2938
atman	moderated	PT1-PR1	50	0.01	1	2938
atman	moderated	PT1-PR1	50	0.05	1	2938
atman	moderated	PT1-PR1	50	0.1	1	2938
atman	welch-t	PT1-PR1	50	0.01	0	2938
atman	welch-t	PT1-PR1	50	0.05	0	2938
atman	welch-t	PT1-PR1	50	0.1	0	2938
atman	paired-t	PT1-PR1	51	0.01	0	2938
atman	paired-t	PT1-PR1	51	0.05	0	2938
atman	paired-t	PT1-PR1	51	0.1	0	2938
atman	moderated	PT1-PR1	51	0.01	0	2938
atman	moderated	PT1-PR1	51	0.05	0	2938
atman	moderated	PT1-PR1	51	0.1	0	2938
atman	welch-t	PT1-PR1	51	0.01	0	2938
atman	welch-t	PT1-PR1	51	0.05	0	2938
atman	welch-t	PT1-PR1	51	0.1	0	2938
atman	paired-t	PT1-PR1	52	0.01	0	2938
atman	paired-t	PT1-PR1	52	0.05	0	2938
atman	paired-t	PT1-PR1	52	0.1	2	2938
atman	moderated	PT1-PR1	52	0.01	0	2938
atman	moderated	PT1-PR1	52	0.05	0	2938
atman	moderated	PT1-PR1	52	0.1	0	2938
atman	welch-t	PT1-PR1	52	0.01	0	2938
atman	welch-t	PT1-PR1	52	0.05	0	2938
atman	welch-t	PT1-PR1	52	0.1	0	2938
atman	paired-t	PT1-PR1	53	0.01	0	2938
atman	paired-t	PT1-PR1	53	0.05	0	2938
atman	paired-t	PT1-PR1	53	0.1	0	2938
atman	moderated	PT1-PR1	53	0.01	0	2938
atman	moderated	PT1-PR1	53	0.05	0	2938
atman	moderated	PT1-PR1	53	0.1	0	2938
atman	welch-t	PT1-PR1	53	0.01	0	2938
atman	welch-t	PT1-PR1	53	0.05	0	2938
atman	welch-t	PT1-PR1	53	0.1	0	2938
atman	paired-t	PT1-PR1	54	0.01	0	2938
atman	paired-t	PT1-PR1	54	0.05	0	2938
atman	paired-t	PT1-PR1	54	0.1	0	2938
atman	moderated	PT1-PR1	54	0.01	0	2938
atman	moderated	PT1-PR1	54	0.05	0	2938
atman	moderated	PT1-PR1	54	0.1	0	2938
atman	welch-t	PT1-PR1	54	0.01	0	2938
atman	welch-t	PT1-PR1	54	0.05	0	2938
atman	welch-t	PT1-PR1	54	0.1	0	2938
atman	paired-t	PT1-PR1	55	0.01	0	2938
atman	paired-t	PT1-PR1	55	0.05	0	2938
atman	paired-t	PT1-PR1	55	0.1	0	2938
atman	moderated	PT1-PR1	55	0.01	0	2938
atman	moderated	PT1-PR1	55	0.05	0	2938
atman	moderated	PT1-PR1	55	0.1	0	2938
atman	welch-t	PT1-PR1	55	0.01	0	2938
atman	welch-t	PT1-PR1	55	0.05	0	2938
atman	welch-t	PT1-PR1	55	0.1	0	2938
atman	paired-t	PT1-PR1	56	0.01	0	2938
atman	paired-t	PT1-PR1	56	0.05	0	2938
atman	paired-t	PT1-PR1	56	0.1	0	2938
atman	moderated	PT1-PR1	56	0.01	0	2938
atman	moderated	PT1-PR1	56	0.05	0	2938
atman	moderated	PT1-PR1	56	0.1	0	2938
atman	welch-t	PT1-PR1	56	0.01	0	2938
atman	welch-t	PT1-PR1	56	0.05	0	2938
atman	welch-t	PT1-PR1	56	0.1	0	2938
atman	paired-t	PT1-PR1	57	0.01	0	2938
atman	paired-t	PT1-PR1	57	0.05	0	2938
atman	paired-t	PT1-PR1	57	0.1	0	2938
atman	moderated	PT1-PR1	57	0.01	0	2938
atman	moderated	PT1-PR1	57	0.05	0	2938
atman	moderated	PT1-PR1	57	0.1	0	2938
atman	welch-t	PT1-PR1	57	0.01	0	2938
atman	welch-t	PT1-PR1	57	0.05	0	2938
atman	welch-t	PT1-PR1	57	0.1	0	2938
atman	paired-t	PT1-PR1	58	0.01	0	2938
atman	paired-t	PT1-PR1	58	0.05	0	2938
atman	paired-t	PT1-PR1	58	0.1	0	2938
atman	moderated	PT1-PR1	58	0.01	0	2938
atman	moderated	PT1-PR1	58	0.05	0	2938
atman	moderated	PT1-PR1	58	0.1	0	2938
atman	welch-t	PT1-PR1	58	0.01	0	2938
atman	welch-t	PT1-PR1	58	0.05	0	2938
atman	welch-t	PT1-PR1	58	0.1	0	2938
atman	paired-t	PT1-PR1	59	0.01	0	2938
atman	paired-t	PT1-PR1	59	0.05	0	2938
atman	paired-t	PT1-PR1	59	0.1	0	2938
atman	moderated	PT1-PR1	59	0.01	0	2938
atman	moderated	PT1-PR1	59	0.05	0	2938
atman	moderated	PT1-PR1	59	0.1	0	2938
atman	welch-t	PT1-PR1	59	0.01	0	2938
atman	welch-t	PT1-PR1	59	0.05	0	2938
atman	welch-t	PT1-PR1	59	0.1	0	2938
atman	paired-t	PT1-PR1	60	0.01	0	2938
atman	paired-t	PT1-PR1	60	0.05	0	2938
atman	paired-t	PT1-PR1	60	0.1	0	2938
atman	moderated	PT1-PR1	60	0.01	0	2938
atman	moderated	PT1-PR1	60	0.05	0	2938
atman	moderated	PT1-PR1	60	0.1	0	2938
atman	welch-t	PT1-PR1	60	0.01	0	2938
atman	welch-t	PT1-PR1	60	0.05	0	2938
atman	welch-t	PT1-PR1	60	0.1	0	2938
atman	paired-t	PT1-PR1	61	0.01	0	2938
atman	paired-t	PT1-PR1	61	0.05	0	2938
atman	paired-t	PT1-PR1	61	0.1	0	2938
atman	moderated	PT1-PR1	61	0.01	0	2938
atman	moderated	PT1-PR1	61	0.05	0	2938
atman	moderated	PT1-PR1	61	0.1	0	2938
atman	welch-t	PT1-PR1	61	0.01	0	2938
atman	welch-t	PT1-PR1	61	0.05	0	2938
atman	welch-t	PT1-PR1	61	0.1	0	2938
atman	paired-t	PT1-PR1	62	0.01	0	2938
atman	paired-t	PT1-PR1	62	0.05	0	2938
atman	paired-t	PT1-PR1	62	0.1	0	2938
atman	moderated	PT1-PR1	62	0.01	0	2938
atman	moderated	PT1-PR1	62	0.05	0	2938
atman	moderated	PT1-PR1	62	0.1	0	2938
atman	welch-t	PT1-PR1	62	0.01	0	2938
atman	welch-t	PT1-PR1	62	0.05	0	2938
atman	welch-t	PT1-PR1	62	0.1	0	2938
atman	paired-t	PT1-PR1	63	0.01	0	2938
atman	paired-t	PT1-PR1	63	0.05	0	2938
atman	paired-t	PT1-PR1	63	0.1	0	2938
atman	moderated	PT1-PR1	63	0.01	0	2938
atman	moderated	PT1-PR1	63	0.05	0	2938
atman	moderated	PT1-PR1	63	0.1	0	2938
atman	welch-t	PT1-PR1	63	0.01	0	2938
atman	welch-t	PT1-PR1	63	0.05	0	2938
atman	welch-t	PT1-PR1	63	0.1	0	2938
atman	paired-t	PT1-PR1	64	0.01	0	2938
atman	paired-t	PT1-PR1	64	0.05	0	2938
atman	paired-t	PT1-PR1	64	0.1	0	2938
atman	moderated	PT1-PR1	64	0.01	0	2938
atman	moderated	PT1-PR1	64	0.05	0	2938
atman	moderated	PT1-PR1	64	0.1	0	2938
atman	welch-t	PT1-PR1	64	0.01	0	2938
atman	welch-t	PT1-PR1	64	0.05	0	2938
atman	welch-t	PT1-PR1	64	0.1	0	2938
atman	paired-t	PT1-PR1	65	0.01	0	2938
atman	paired-t	PT1-PR1	65	0.05	0	2938
atman	paired-t	PT1-PR1	65	0.1	0	2938
atman	moderated	PT1-PR1	65	0.01	0	2938
atman	moderated	PT1-PR1	65	0.05	0	2938
atman	moderated	PT1-PR1	65	0.1	0	2938
atman	welch-t	PT1-PR1	65	0.01	0	2938
atman	welch-t	PT1-PR1	65	0.05	0	2938
atman	welch-t	PT1-PR1	65	0.1	0	2938
atman	paired-t	PT1-PR1	66	0.01	0	2938
atman	paired-t	PT1-PR1	66	0.05	0	2938
atman	paired-t	PT1-PR1	66	0.1	0	2938
atman	moderated	PT1-PR1	66	0.01	0	2938
atman	moderated	PT1-PR1	66	0.05	0	2938
atman	moderated	PT1-PR1	66	0.1	0	2938
atman	welch-t	PT1-PR1	66	0.01	0	2938
atman	welch-t	PT1-PR1	66	0.05	0	2938
atman	welch-t	PT1-PR1	66	0.1	0	2938
atman	paired-t	PT1-PR1	67	0.01	0	2938
atman	paired-t	PT1-PR1	67	0.05	0	2938
atman	paired-t	PT1-PR1	67	0.1	0	2938
atman	moderated	PT1-PR1	67	0.01	0	2938
atman	moderated	PT1-PR1	67	0.05	0	2938
atman	moderated	PT1-PR1	67	0.1	0	2938
atman	welch-t	PT1-PR1	67	0.01	0	2938
atman	welch-t	PT1-PR1	67	0.05	0	2938
atman	welch-t	PT1-PR1	67	0.1	0	2938
atman	paired-t	PT1-PR1	68	0.01	0	2938
atman	paired-t	PT1-PR1	68	0.05	0	2938
atman	paired-t	PT1-PR1	68	0.1	0	2938
atman	moderated	PT1-PR1	68	0.01	0	2938
atman	moderated	PT1-PR1	68	0.05	0	2938
atman	moderated	PT1-PR1	68	0.1	0	2938
atman	welch-t	PT1-PR1	68	0.01	0	2938
atman	welch-t	PT1-PR1	68	0.05	0	2938
atman	welch-t	PT1-PR1	68	0.1	0	2938
atman	paired-t	PT1-PR1	69	0.01	0	2938
atman	paired-t	PT1-PR1	69	0.05	0	2938
atman	paired-t	PT1-PR1	69	0.1	0	2938
atman	moderated	PT1-PR1	69	0.01	0	2938
atman	moderated	PT1-PR1	69	0.05	0	2938
atman	moderated	PT1-PR1	69	0.1	0	2938
atman	welch-t	PT1-PR1	69	0.01	0	2938
atman	welch-t	PT1-PR1	69	0.05	0	2938
atman	welch-t	PT1-PR1	69	0.1	0	2938
atman	paired-t	PT1-PR1	70	0.01	0	2938
atman	paired-t	PT1-PR1	70	0.05	0	2938
atman	paired-t	PT1-PR1	70	0.1	0	2938
atman	moderated	PT1-PR1	70	0.01	0	2938
atman	moderated	PT1-PR1	70	0.05	0	2938
atman	moderated	PT1-PR1	70	0.1	0	2938
atman	welch-t	PT1-PR1	70	0.01	0	2938
atman	welch-t	PT1-PR1	70	0.05	0	2938
atman	welch-t	PT1-PR1	70	0.1	0	2938
atman	paired-t	PT1-PR1	71	0.01	0	2938
atman	paired-t	PT1-PR1	71	0.05	0	2938
atman	paired-t	PT1-PR1	71	0.1	0	2938
atman	moderated	PT1-PR1	71	0.01	0	2938
atman	moderated	PT1-PR1	71	0.05	0	2938
atman	moderated	PT1-PR1	71	0.1	0	2938
atman	welch-t	PT1-PR1	71	0.01	0	2938
atman	welch-t	PT1-PR1	71	0.05	0	2938
atman	welch-t	PT1-PR1	71	0.1	0	2938
atman	paired-t	PT1-PR1	72	0.01	0	2938
atman	paired-t	PT1-PR1	72	0.05	0	2938
atman	paired-t	PT1-PR1	72	0.1	0	2938
atman	moderated	PT1-PR1	72	0.01	0	2938
atman	moderated	PT1-PR1	72	0.05	0	2938
atman	moderated	PT1-PR1	72	0.1	0	2938
atman	welch-t	PT1-PR1	72	0.01	0	2938
atman	welch-t	PT1-PR1	72	0.05	0	2938
atman	welch-t	PT1-PR1	72	0.1	0	2938
atman	paired-t	PT1-PR1	73	0.01	0	2938
atman	paired-t	PT1-PR1	73	0.05	0	2938
atman	paired-t	PT1-PR1	73	0.1	0	2938
atman	moderated	PT1-PR1	73	0.01	0	2938
atman	moderated	PT1-PR1	73	0.05	0	2938
atman	moderated	PT1-PR1	73	0.1	0	2938
atman	welch-t	PT1-PR1	73	0.01	0	2938
atman	welch-t	PT1-PR1	73	0.05	0	2938
atman	welch-t	PT1-PR1	73	0.1	0	2938
atman	paired-t	PT1-PR1	74	0.01	0	2938
atman	paired-t	PT1-PR1	74	0.05	0	2938
atman	paired-t	PT1-PR1	74	0.1	0	2938
atman	moderated	PT1-PR1	74	0.01	0	2938
atman	moderated	PT1-PR1	74	0.05	0	2938
atman	moderated	PT1-PR1	74	0.1	0	2938
atman	welch-t	PT1-PR1	74	0.01	0	2938
atman	welch-t	PT1-PR1	74	0.05	0	2938
atman	welch-t	PT1-PR1	74	0.1	0	2938
atman	paired-t	PT1-PR1	75	0.01	0	2938
atman	paired-t	PT1-PR1	75	0.05	0	2938
atman	paired-t	PT1-PR1	75	0.1	0	2938
atman	moderated	PT1-PR1	75	0.01	0	2938
atman	moderated	PT1-PR1	75	0.05	0	2938
atman	moderated	PT1-PR1	75	0.1	0	2938
atman	welch-t	PT1-PR1	75	0.01	0	2938
atman	welch-t	PT1-PR1	75	0.05	0	2938
atman	welch-t	PT1-PR1	75	0.1	0	2938
atman	paired-t	PT1-PR1	76	0.01	0	2938
atman	paired-t	PT1-PR1	76	0.05	0	2938
atman	paired-t	PT1-PR1	76	0.1	0	2938
atman	moderated	PT1-PR1	76	0.01	0	2938
atman	moderated	PT1-PR1	76	0.05	0	2938
atman	moderated	PT1-PR1	76	0.1	0	2938
atman	welch-t	PT1-PR1	76	0.01	0	2938
atman	welch-t	PT1-PR1	76	0.05	0	2938
atman	welch-t	PT1-PR1	76	0.1	0	2938
atman	paired-t	PT1-PR1	77	0.01	0	2938
atman	paired-t	PT1-PR1	77	0.05	0	2938
atman	paired-t	PT1-PR1	77	0.1	0	2938
atman	moderated	PT1-PR1	77	0.01	0	2938
atman	moderated	PT1-PR1	77	0.05	0	2938
atman	moderated	PT1-PR1	77	0.1	0	2938
atman	welch-t	PT1-PR1	77	0.01	0	2938
atman	welch-t	PT1-PR1	77	0.05	0	2938
atman	welch-t	PT1-PR1	77	0.1	0	2938
atman	paired-t	PT1-PR1	78	0.01	0	2938
atman	paired-t	PT1-PR1	78	0.05	0	2938
atman	paired-t	PT1-PR1	78	0.1	0	2938
atman	moderated	PT1-PR1	78	0.01	0	2938
atman	moderated	PT1-PR1	78	0.05	0	2938
atman	moderated	PT1-PR1	78	0.1	0	2938
atman	welch-t	PT1-PR1	78	0.01	0	2938
atman	welch-t	PT1-PR1	78	0.05	0	2938
atman	welch-t	PT1-PR1	78	0.1	0	2938
atman	paired-t	PT1-PR1	79	0.01	0	2938
atman	paired-t	PT1-PR1	79	0.05	0	2938
atman	paired-t	PT1-PR1	79	0.1	0	2938
atman	moderated	PT1-PR1	79	0.01	0	2938
atman	moderated	PT1-PR1	79	0.05	0	2938
atman	moderated	PT1-PR1	79	0.1	0	2938
atman	welch-t	PT1-PR1	79	0.01	0	2938
atman	welch-t	PT1-PR1	79	0.05	0	2938
atman	welch-t	PT1-PR1	79	0.1	0	2938
atman	paired-t	PT1-PR1	80	0.01	0	2938
atman	paired-t	PT1-PR1	80	0.05	0	2938
atman	paired-t	PT1-PR1	80	0.1	0	2938
atman	moderated	PT1-PR1	80	0.01	0	2938
atman	moderated	PT1-PR1	80	0.05	0	2938
atman	moderated	PT1-PR1	80	0.1	0	2938
atman	welch-t	PT1-PR1	80	0.01	0	2938
atman	welch-t	PT1-PR1	80	0.05	0	2938
atman	welch-t	PT1-PR1	80	0.1	0	2938
atman	paired-t	PT1-PR1	81	0.01	0	2938
atman	paired-t	PT1-PR1	81	0.05	0	2938
atman	paired-t	PT1-PR1	81	0.1	0	2938
atman	moderated	PT1-PR1	81	0.01	0	2938
atman	moderated	PT1-PR1	81	0.05	0	2938
atman	moderated	PT1-PR1	81	0.1	0	2938
atman	welch-t	PT1-PR1	81	0.01	0	2938
atman	welch-t	PT1-PR1	81	0.05	0	2938
atman	welch-t	PT1-PR1	81	0.1	0	2938
atman	paired-t	PT1-PR1	82	0.01	0	2938
atman	paired-t	PT1-PR1	82	0.05	0	2938
atman	paired-t	PT1-PR1	82	0.1	0	2938
atman	moderated	PT1-PR1	82	0.01	0	2938
atman	moderated	PT1-PR1	82	0.05	0	2938
atman	moderated	PT1-PR1	82	0.1	0	2938
atman	welch-t	PT1-PR1	82	0.01	0	2938
atman	welch-t	PT1-PR1	82	0.05	0	2938
atman	welch-t	PT1-PR1	82	0.1	0	2938
atman	paired-t	PT1-PR1	83	0.01	0	2938
atman	paired-t	PT1-PR1	83	0.05	0	2938
atman	paired-t	PT1-PR1	83	0.1	0	2938
atman	moderated	PT1-PR1	83	0.01	0	2938
atman	moderated	PT1-PR1	83	0.05	0	2938
atman	moderated	PT1-PR1	83	0.1	0	2938
atman	welch-t	PT1-PR1	83	0.01	0	2938
atman	welch-t	PT1-PR1	83	0.05	0	2938
atman	welch-t	PT1-PR1	83	0.1	0	2938
atman	paired-t	PT1-PR1	84	0.01	0	2938
atman	paired-t	PT1-PR1	84	0.05	0	2938
atman	paired-t	PT1-PR1	84	0.1	0	2938
atman	moderated	PT1-PR1	84	0.01	0	2938
atman	moderated	PT1-PR1	84	0.05	0	2938
atman	moderated	PT1-PR1	84	0.1	0	2938
atman	welch-t	PT1-PR1	84	0.01	0	2938
atman	welch-t	PT1-PR1	84	0.05	0	2938
atman	welch-t	PT1-PR1	84	0.1	0	2938
atman	paired-t	PT1-PR1	85	0.01	0	2938
atman	paired-t	PT1-PR1	85	0.05	0	2938
atman	paired-t	PT1-PR1	85	0.1	0	2938
atman	moderated	PT1-PR1	85	0.01	0	2938
atman	moderated	PT1-PR1	85	0.05	0	2938
atman	moderated	PT1-PR1	85	0.1	0	2938
atman	welch-t	PT1-PR1	85	0.01	0	2938
atman	welch-t	PT1-PR1	85	0.05	0	2938
atman	welch-t	PT1-PR1	85	0.1	0	2938
atman	paired-t	PT1-PR1	86	0.01	0	2938
atman	paired-t	PT1-PR1	86	0.05	1	2938
atman	paired-t	PT1-PR1	86	0.1	1	2938
atman	moderated	PT1-PR1	86	0.01	0	2938
atman	moderated	PT1-PR1	86	0.05	0	2938
atman	moderated	PT1-PR1	86	0.1	0	2938
atman	welch-t	PT1-PR1	86	0.01	0	2938
atman	welch-t	PT1-PR1	86	0.05	0	2938
atman	welch-t	PT1-PR1	86	0.1	0	2938
atman	paired-t	PT1-PR1	87	0.01	0	2938
atman	paired-t	PT1-PR1	87	0.05	0	2938
atman	paired-t	PT1-PR1	87	0.1	0	2938
atman	moderated	PT1-PR1	87	0.01	0	2938
atman	moderated	PT1-PR1	87	0.05	0	2938
atman	moderated	PT1-PR1	87	0.1	0	2938
atman	welch-t	PT1-PR1	87	0.01	0	2938
atman	welch-t	PT1-PR1	87	0.05	0	2938
atman	welch-t	PT1-PR1	87	0.1	0	2938
atman	paired-t	PT1-PR1	88	0.01	0	2938
atman	paired-t	PT1-PR1	88	0.05	0	2938
atman	paired-t	PT1-PR1	88	0.1	0	2938
atman	moderated	PT1-PR1	88	0.01	0	2938
atman	moderated	PT1-PR1	88	0.05	0	2938
atman	moderated	PT1-PR1	88	0.1	0	2938
atman	welch-t	PT1-PR1	88	0.01	0	2938
atman	welch-t	PT1-PR1	88	0.05	0	2938
atman	welch-t	PT1-PR1	88	0.1	0	2938
atman	paired-t	PT1-PR1	89	0.01	0	2938
atman	paired-t	PT1-PR1	89	0.05	0	2938
atman	paired-t	PT1-PR1	89	0.1	0	2938
atman	moderated	PT1-PR1	89	0.01	0	2938
atman	moderated	PT1-PR1	89	0.05	0	2938
atman	moderated	PT1-PR1	89	0.1	0	2938
atman	welch-t	PT1-PR1	89	0.01	0	2938
atman	welch-t	PT1-PR1	89	0.05	0	2938
atman	welch-t	PT1-PR1	89	0.1	0	2938
atman	paired-t	PT1-PR1	90	0.01	0	2938
atman	paired-t	PT1-PR1	90	0.05	0	2938
atman	paired-t	PT1-PR1	90	0.1	0	2938
atman	moderated	PT1-PR1	90	0.01	0	2938
atman	moderated	PT1-PR1	90	0.05	0	2938
atman	moderated	PT1-PR1	90	0.1	0	2938
atman	welch-t	PT1-PR1	90	0.01	0	2938
atman	welch-t	PT1-PR1	90	0.05	0	2938
atman	welch-t	PT1-PR1	90	0.1	0	2938
atman	paired-t	PT1-PR1	91	0.01	0	2938
atman	paired-t	PT1-PR1	91	0.05	0	2938
atman	paired-t	PT1-PR1	91	0.1	0	2938
atman	moderated	PT1-PR1	91	0.01	0	2938
atman	moderated	PT1-PR1	91	0.05	0	2938
atman	moderated	PT1-PR1	91	0.1	0	2938
atman	welch-t	PT1-PR1	91	0.01	0	2938
atman	welch-t	PT1-PR1	91	0.05	0	2938
atman	welch-t	PT1-PR1	91	0.1	0	2938
atman	paired-t	PT1-PR1	92	0.01	0	2938
atman	paired-t	PT1-PR1	92	0.05	0	2938
atman	paired-t	PT1-PR1	92	0.1	0	2938
atman	moderated	PT1-PR1	92	0.01	0	2938
atman	moderated	PT1-PR1	92	0.05	0	2938
atman	moderated	PT1-PR1	92	0.1	0	2938
atman	welch-t	PT1-PR1	92	0.01	0	2938
atman	welch-t	PT1-PR1	92	0.05	0	2938
atman	welch-t	PT1-PR1	92	0.1	0	2938
atman	paired-t	PT1-PR1	93	0.01	0	2938
atman	paired-t	PT1-PR1	93	0.05	0	2938
atman	paired-t	PT1-PR1	93	0.1	0	2938
atman	moderated	PT1-PR1	93	0.01	0	2938
atman	moderated	PT1-PR1	93	0.05	0	2938
atman	moderated	PT1-PR1	93	0.1	0	2938
atman	welch-t	PT1-PR1	93	0.01	0	2938
atman	welch-t	PT1-PR1	93	0.05	0	2938
atman	welch-t	PT1-PR1	93	0.1	0	2938
atman	paired-t	PT1-PR1	94	0.01	0	2938
atman	paired-t	PT1-PR1	94	0.05	0	2938
atman	paired-t	PT1-PR1	94	0.1	0	2938
atman	moderated	PT1-PR1	94	0.01	0	2938
atman	moderated	PT1-PR1	94	0.05	0	2938
atman	moderated	PT1-PR1	94	0.1	0	2938
atman	welch-t	PT1-PR1	94	0.01	0	2938
atman	welch-t	PT1-PR1	94	0.05	0	2938
atman	welch-t	PT1-PR1	94	0.1	0	2938
atman	paired-t	PT1-PR1	95	0.01	0	2938
atman	paired-t	PT1-PR1	95	0.05	0	2938
atman	paired-t	PT1-PR1	95	0.1	0	2938
atman	moderated	PT1-PR1	95	0.01	0	2938
atman	moderated	PT1-PR1	95	0.05	0	2938
atman	moderated	PT1-PR1	95	0.1	0	2938
atman	welch-t	PT1-PR1	95	0.01	0	2938
atman	welch-t	PT1-PR1	95	0.05	0	2938
atman	welch-t	PT1-PR1	95	0.1	0	2938
atman	paired-t	PT1-PR1	96	0.01	0	2938
atman	paired-t	PT1-PR1	96	0.05	0	2938
atman	paired-t	PT1-PR1	96	0.1	0	2938
atman	moderated	PT1-PR1	96	0.01	0	2938
atman	moderated	PT1-PR1	96	0.05	0	2938
atman	moderated	PT1-PR1	96	0.1	0	2938
atman	welch-t	PT1-PR1	96	0.01	0	2938
atman	welch-t	PT1-PR1	96	0.05	0	2938
atman	welch-t	PT1-PR1	96	0.1	0	2938
atman	paired-t	PT1-PR1	97	0.01	0	2938
atman	paired-t	PT1-PR1	97	0.05	0	2938
atman	paired-t	PT1-PR1	97	0.1	0	2938
atman	moderated	PT1-PR1	97	0.01	0	2938
atman	moderated	PT1-PR1	97	0.05	0	2938
atman	moderated	PT1-PR1	97	0.1	0	2938
atman	welch-t	PT1-PR1	97	0.01	0	2938
atman	welch-t	PT1-PR1	97	0.05	0	2938
atman	welch-t	PT1-PR1	97	0.1	0	2938
atman	paired-t	PT1-PR1	98	0.01	0	2938
atman	paired-t	PT1-PR1	98	0.05	0	2938
atman	paired-t	PT1-PR1	98	0.1	0	2938
atman	moderated	PT1-PR1	98	0.01	0	2938
atman	moderated	PT1-PR1	98	0.05	0	2938
atman	moderated	PT1-PR1	98	0.1	0	2938
atman	welch-t	PT1-PR1	98	0.01	0	2938
atman	welch-t	PT1-PR1	98	0.05	0	2938
atman	welch-t	PT1-PR1	98	0.1	0	2938
atman	paired-t	PT1-PR1	99	0.01	0	2938
atman	paired-t	PT1-PR1	99	0.05	0	2938
atman	paired-t	PT1-PR1	99	0.1	0	2938
atman	moderated	PT1-PR1	99	0.01	0	2938
atman	moderated	PT1-PR1	99	0.05	0	2938
atman	moderated	PT1-PR1	99	0.1	0	2938
atman	welch-t	PT1-PR1	99	0.01	0	2938
atman	welch-t	PT1-PR1	99	0.05	0	2938
atman	welch-t	PT1-PR1	99	0.1	0	2938
atman	paired-t	PT1-PR1	100	0.01	0	2938
atman	paired-t	PT1-PR1	100	0.05	0	2938
atman	paired-t	PT1-PR1	100	0.1	0	2938
atman	moderated	PT1-PR1	100	0.01	0	2938
atman	moderated	PT1-PR1	100	0.05	0	2938
atman	moderated	PT1-PR1	100	0.1	0	2938
atman	welch-t	PT1-PR1	100	0.01	0	2938
atman	welch-t	PT1-PR1	100	0.05	0	2938
atman	welch-t	PT1-PR1	100	0.1	0	2938
atman	paired-t	PT1-PR1	101	0.01	0	2938
atman	paired-t	PT1-PR1	101	0.05	0	2938
atman	paired-t	PT1-PR1	101	0.1	0	2938
atman	moderated	PT1-PR1	101	0.01	0	2938
atman	moderated	PT1-PR1	101	0.05	0	2938
atman	moderated	PT1-PR1	101	0.1	0	2938
atman	welch-t	PT1-PR1	101	0.01	0	2938
atman	welch-t	PT1-PR1	101	0.05	0	2938
atman	welch-t	PT1-PR1	101	0.1	0	2938
atman	paired-t	PT1-PR1	102	0.01	0	2938
atman	paired-t	PT1-PR1	102	0.05	0	2938
atman	paired-t	PT1-PR1	102	0.1	0	2938
atman	moderated	PT1-PR1	102	0.01	0	2938
atman	moderated	PT1-PR1	102	0.05	0	2938
atman	moderated	PT1-PR1	102	0.1	0	2938
atman	welch-t	PT1-PR1	102	0.01	0	2938
atman	welch-t	PT1-PR1	102	0.05	0	2938
atman	welch-t	PT1-PR1	102	0.1	0	2938
atman	paired-t	PT1-PR1	103	0.01	0	2938
atman	paired-t	PT1-PR1	103	0.05	0	2938
atman	paired-t	PT1-PR1	103	0.1	0	2938
atman	moderated	PT1-PR1	103	0.01	0	2938
atman	moderated	PT1-PR1	103	0.05	0	2938
atman	moderated	PT1-PR1	103	0.1	0	2938
atman	welch-t	PT1-PR1	103	0.01	0	2938
atman	welch-t	PT1-PR1	103	0.05	0	2938
atman	welch-t	PT1-PR1	103	0.1	0	2938
atman	paired-t	PT1-PR1	104	0.01	0	2938
atman	paired-t	PT1-PR1	104	0.05	0	2938
atman	paired-t	PT1-PR1	104	0.1	0	2938
atman	moderated	PT1-PR1	104	0.01	0	2938
atman	moderated	PT1-PR1	104	0.05	0	2938
atman	moderated	PT1-PR1	104	0.1	0	2938
atman	welch-t	PT1-PR1	104	0.01	0	2938
atman	welch-t	PT1-PR1	104	0.05	0	2938
atman	welch-t	PT1-PR1	104	0.1	0	2938
atman	paired-t	PT1-PR1	105	0.01	0	2938
atman	paired-t	PT1-PR1	105	0.05	0	2938
atman	paired-t	PT1-PR1	105	0.1	0	2938
atman	moderated	PT1-PR1	105	0.01	0	2938
atman	moderated	PT1-PR1	105	0.05	0	2938
atman	moderated	PT1-PR1	105	0.1	0	2938
atman	welch-t	PT1-PR1	105	0.01	0	2938
atman	welch-t	PT1-PR1	105	0.05	0	2938
atman	welch-t	PT1-PR1	105	0.1	0	2938
atman	paired-t	PT1-PR1	106	0.01	0	2938
atman	paired-t	PT1-PR1	106	0.05	0	2938
atman	paired-t	PT1-PR1	106	0.1	1	2938
atman	moderated	PT1-PR1	106	0.01	0	2938
atman	moderated	PT1-PR1	106	0.05	0	2938
atman	moderated	PT1-PR1	106	0.1	0	2938
atman	welch-t	PT1-PR1	106	0.01	0	2938
atman	welch-t	PT1-PR1	106	0.05	0	2938
atman	welch-t	PT1-PR1	106	0.1	0	2938
atman	paired-t	PT1-PR1	107	0.01	0	2938
atman	paired-t	PT1-PR1	107	0.05	0	2938
atman	paired-t	PT1-PR1	107	0.1	0	2938
atman	moderated	PT1-PR1	107	0.01	0	2938
atman	moderated	PT1-PR1	107	0.05	0	2938
atman	moderated	PT1-PR1	107	0.1	0	2938
atman	welch-t	PT1-PR1	107	0.01	0	2938
atman	welch-t	PT1-PR1	107	0.05	0	2938
atman	welch-t	PT1-PR1	107	0.1	0	2938
atman	paired-t	PT1-PR1	108	0.01	0	2938
atman	paired-t	PT1-PR1	108	0.05	0	2938
atman	paired-t	PT1-PR1	108	0.1	0	2938
atman	moderated	PT1-PR1	108	0.01	0	2938
atman	moderated	PT1-PR1	108	0.05	0	2938
atman	moderated	PT1-PR1	108	0.1	0	2938
atman	welch-t	PT1-PR1	108	0.01	0	2938
atman	welch-t	PT1-PR1	108	0.05	0	2938
atman	welch-t	PT1-PR1	108	0.1	0	2938
atman	paired-t	PT1-PR1	109	0.01	0	2938
atman	paired-t	PT1-PR1	109	0.05	0	2938
atman	paired-t	PT1-PR1	109	0.1	0	2938
atman	moderated	PT1-PR1	109	0.01	0	2938
atman	moderated	PT1-PR1	109	0.05	0	2938
atman	moderated	PT1-PR1	109	0.1	0	2938
atman	welch-t	PT1-PR1	109	0.01	0	2938
atman	welch-t	PT1-PR1	109	0.05	0	2938
atman	welch-t	PT1-PR1	109	0.1	0	2938
atman	paired-t	PT1-PR1	110	0.01	0	2938
atman	paired-t	PT1-PR1	110	0.05	0	2938
atman	paired-t	PT1-PR1	110	0.1	0	2938
atman	moderated	PT1-PR1	110	0.01	0	2938
atman	moderated	PT1-PR1	110	0.05	0	2938
atman	moderated	PT1-PR1	110	0.1	0	2938
atman	welch-t	PT1-PR1	110	0.01	0	2938
atman	welch-t	PT1-PR1	110	0.05	0	2938
atman	welch-t	PT1-PR1	110	0.1	0	2938
atman	paired-t	PT1-PR1	111	0.01	0	2938
atman	paired-t	PT1-PR1	111	0.05	0	2938
atman	paired-t	PT1-PR1	111	0.1	0	2938
atman	moderated	PT1-PR1	111	0.01	0	2938
atman	moderated	PT1-PR1	111	0.05	0	2938
atman	moderated	PT1-PR1	111	0.1	0	2938
atman	welch-t	PT1-PR1	111	0.01	0	2938
atman	welch-t	PT1-PR1	111	0.05	0	2938
atman	welch-t	PT1-PR1	111	0.1	0	2938
atman	paired-t	PT1-PR1	112	0.01	0	2938
atman	paired-t	PT1-PR1	112	0.05	0	2938
atman	paired-t	PT1-PR1	112	0.1	0	2938
atman	moderated	PT1-PR1	112	0.01	0	2938
atman	moderated	PT1-PR1	112	0.05	0	2938
atman	moderated	PT1-PR1	112	0.1	0	2938
atman	welch-t	PT1-PR1	112	0.01	0	2938
atman	welch-t	PT1-PR1	112	0.05	0	2938
atman	welch-t	PT1-PR1	112	0.1	0	2938
atman	paired-t	PT1-PR1	113	0.01	0	2938
atman	paired-t	PT1-PR1	113	0.05	0	2938
atman	paired-t	PT1-PR1	113	0.1	0	2938
atman	moderated	PT1-PR1	113	0.01	0	2938
atman	moderated	PT1-PR1	113	0.05	0	2938
atman	moderated	PT1-PR1	113	0.1	0	2938
atman	welch-t	PT1-PR1	113	0.01	0	2938
atman	welch-t	PT1-PR1	113	0.05	0	2938
atman	welch-t	PT1-PR1	113	0.1	0	2938
atman	paired-t	PT1-PR1	114	0.01	0	2938
atman	paired-t	PT1-PR1	114	0.05	0	2938
atman	paired-t	PT1-PR1	114	0.1	0	2938
atman	moderated	PT1-PR1	114	0.01	0	2938
atman	moderated	PT1-PR1	114	0.05	0	2938
atman	moderated	PT1-PR1	114	0.1	0	2938
atman	welch-t	PT1-PR1	114	0.01	0	2938
atman	welch-t	PT1-PR1	114	0.05	0	2938
atman	welch-t	PT1-PR1	114	0.1	0	2938
atman	paired-t	PT1-PR1	115	0.01	0	2938
atman	paired-t	PT1-PR1	115	0.05	0	2938
atman	paired-t	PT1-PR1	115	0.1	0	2938
atman	moderated	PT1-PR1	115	0.01	0	2938
atman	moderated	PT1-PR1	115	0.05	0	2938
atman	moderated	PT1-PR1	115	0.1	0	2938
atman	welch-t	PT1-PR1	115	0.01	0	2938
atman	welch-t	PT1-PR1	115	0.05	0	2938
atman	welch-t	PT1-PR1	115	0.1	0	2938
atman	paired-t	PT1-PR1	116	0.01	0	2938
atman	paired-t	PT1-PR1	116	0.05	0	2938
atman	paired-t	PT1-PR1	116	0.1	0	2938
atman	moderated	PT1-PR1	116	0.01	0	2938
atman	moderated	PT1-PR1	116	0.05	0	2938
atman	moderated	PT1-PR1	116	0.1	0	2938
atman	welch-t	PT1-PR1	116	0.01	0	2938
atman	welch-t	PT1-PR1	116	0.05	0	2938
atman	welch-t	PT1-PR1	116	0.1	0	2938
atman	paired-t	PT1-PR1	117	0.01	0	2938
atman	paired-t	PT1-PR1	117	0.05	0	2938
atman	paired-t	PT1-PR1	117	0.1	0	2938
atman	moderated	PT1-PR1	117	0.01	0	2938
atman	moderated	PT1-PR1	117	0.05	0	2938
atman	moderated	PT1-PR1	117	0.1	0	2938
atman	welch-t	PT1-PR1	117	0.01	0	2938
atman	welch-t	PT1-PR1	117	0.05	0	2938
atman	welch-t	PT1-PR1	117	0.1	0	2938
atman	paired-t	PT1-PR1	118	0.01	0	2938
atman	paired-t	PT1-PR1	118	0.05	0	2938
atman	paired-t	PT1-PR1	118	0.1	0	2938
atman	moderated	PT1-PR1	118	0.01	0	2938
atman	moderated	PT1-PR1	118	0.05	0	2938
atman	moderated	PT1-PR1	118	0.1	0	2938
atman	welch-t	PT1-PR1	118	0.01	0	2938
atman	welch-t	PT1-PR1	118	0.05	0	2938
atman	welch-t	PT1-PR1	118	0.1	0	2938
atman	paired-t	PT1-PR1	119	0.01	0	2938
atman	paired-t	PT1-PR1	119	0.05	0	2938
atman	paired-t	PT1-PR1	119	0.1	0	2938
atman	moderated	PT1-PR1	119	0.01	0	2938
atman	moderated	PT1-PR1	119	0.05	0	2938
atman	moderated	PT1-PR1	119	0.1	0	2938
atman	welch-t	PT1-PR1	119	0.01	0	2938
atman	welch-t	PT1-PR1	119	0.05	0	2938
atman	welch-t	PT1-PR1	119	0.1	0	2938
atman	paired-t	PT1-PR1	120	0.01	0	2938
atman	paired-t	PT1-PR1	120	0.05	0	2938
atman	paired-t	PT1-PR1	120	0.1	0	2938
atman	moderated	PT1-PR1	120	0.01	0	2938
atman	moderated	PT1-PR1	120	0.05	0	2938
atman	moderated	PT1-PR1	120	0.1	0	2938
atman	welch-t	PT1-PR1	120	0.01	0	2938
atman	welch-t	PT1-PR1	120	0.05	0	2938
atman	welch-t	PT1-PR1	120	0.1	0	2938
atman	paired-t	PT1-PR1	121	0.01	0	2938
atman	paired-t	PT1-PR1	121	0.05	0	2938
atman	paired-t	PT1-PR1	121	0.1	0	2938
atman	moderated	PT1-PR1	121	0.01	0	2938
atman	moderated	PT1-PR1	121	0.05	0	2938
atman	moderated	PT1-PR1	121	0.1	0	2938
atman	welch-t	PT1-PR1	121	0.01	0	2938
atman	welch-t	PT1-PR1	121	0.05	0	2938
atman	welch-t	PT1-PR1	121	0.1	0	2938
atman	paired-t	PT1-PR1	122	0.01	0	2938
atman	paired-t	PT1-PR1	122	0.05	0	2938
atman	paired-t	PT1-PR1	122	0.1	0	2938
atman	moderated	PT1-PR1	122	0.01	0	2938
atman	moderated	PT1-PR1	122	0.05	0	2938
atman	moderated	PT1-PR1	122	0.1	0	2938
atman	welch-t	PT1-PR1	122	0.01	0	2938
atman	welch-t	PT1-PR1	122	0.05	0	2938
atman	welch-t	PT1-PR1	122	0.1	0	2938
atman	paired-t	PT1-PR1	123	0.01	0	2938
atman	paired-t	PT1-PR1	123	0.05	0	2938
atman	paired-t	PT1-PR1	123	0.1	0	2938
atman	moderated	PT1-PR1	123	0.01	0	2938
atman	moderated	PT1-PR1	123	0.05	0	2938
atman	moderated	PT1-PR1	123	0.1	0	2938
atman	welch-t	PT1-PR1	123	0.01	0	2938
atman	welch-t	PT1-PR1	123	0.05	0	2938
atman	welch-t	PT1-PR1	123	0.1	0	2938
atman	paired-t	PT1-PR1	124	0.01	0	2938
atman	paired-t	PT1-PR1	124	0.05	0	2938
atman	paired-t	PT1-PR1	124	0.1	0	2938
atman	moderated	PT1-PR1	124	0.01	0	2938
atman	moderated	PT1-PR1	124	0.05	0	2938
atman	moderated	PT1-PR1	124	0.1	0	2938
atman	welch-t	PT1-PR1	124	0.01	0	2938
atman	welch-t	PT1-PR1	124	0.05	0	2938
atman	welch-t	PT1-PR1	124	0.1	0	2938
atman	paired-t	PT1-PR1	125	0.01	0	2938
atman	paired-t	PT1-PR1	125	0.05	0	2938
atman	paired-t	PT1-PR1	125	0.1	0	2938
atman	moderated	PT1-PR1	125	0.01	0	2938
atman	moderated	PT1-PR1	125	0.05	0	2938
atman	moderated	PT1-PR1	125	0.1	0	2938
atman	welch-t	PT1-PR1	125	0.01	0	2938
atman	welch-t	PT1-PR1	125	0.05	0	2938
atman	welch-t	PT1-PR1	125	0.1	0	2938
atman	paired-t	PT1-PR1	126	0.01	0	2938
atman	paired-t	PT1-PR1	126	0.05	0	2938
atman	paired-t	PT1-PR1	126	0.1	0	2938
atman	moderated	PT1-PR1	126	0.01	0	2938
atman	moderated	PT1-PR1	126	0.05	0	2938
atman	moderated	PT1-PR1	126	0.1	0	2938
atman	welch-t	PT1-PR1	126	0.01	0	2938
atman	welch-t	PT1-PR1	126	0.05	0	2938
atman	welch-t	PT1-PR1	126	0.1	0	2938
atman	paired-t	PT1-PR1	127	0.01	0	2938
atman	paired-t	PT1-PR1	127	0.05	0	2938
atman	paired-t	PT1-PR1	127	0.1	0	2938
atman	moderated	PT1-PR1	127	0.01	0	2938
atman	moderated	PT1-PR1	127	0.05	0	2938
atman	moderated	PT1-PR1	127	0.1	0	2938
atman	welch-t	PT1-PR1	127	0.01	0	2938
atman	welch-t	PT1-PR1	127	0.05	0	2938
atman	welch-t	PT1-PR1	127	0.1	0	2938
atman	paired-t	PT1-PR1	128	0.01	0	2938
atman	paired-t	PT1-PR1	128	0.05	1	2938
atman	paired-t	PT1-PR1	128	0.1	1	2938
atman	moderated	PT1-PR1	128	0.01	0	2938
atman	moderated	PT1-PR1	128	0.05	0	2938
atman	moderated	PT1-PR1	128	0.1	0	2938
atman	welch-t	PT1-PR1	128	0.01	0	2938
atman	welch-t	PT1-PR1	128	0.05	0	2938
atman	welch-t	PT1-PR1	128	0.1	0	2938
atman	paired-t	PT1-PR1	129	0.01	0	2938
atman	paired-t	PT1-PR1	129	0.05	0	2938
atman	paired-t	PT1-PR1	129	0.1	0	2938
atman	moderated	PT1-PR1	129	0.01	0	2938
atman	moderated	PT1-PR1	129	0.05	0	2938
atman	moderated	PT1-PR1	129	0.1	0	2938
atman	welch-t	PT1-PR1	129	0.01	0	2938
atman	welch-t	PT1-PR1	129	0.05	0	2938
atman	welch-t	PT1-PR1	129	0.1	0	2938
atman	paired-t	PT1-PR1	130	0.01	0	2938
atman	paired-t	PT1-PR1	130	0.05	0	2938
atman	paired-t	PT1-PR1	130	0.1	0	2938
atman	moderated	PT1-PR1	130	0.01	0	2938
atman	moderated	PT1-PR1	130	0.05	0	2938
atman	moderated	PT1-PR1	130	0.1	0	2938
atman	welch-t	PT1-PR1	130	0.01	0	2938
atman	welch-t	PT1-PR1	130	0.05	0	2938
atman	welch-t	PT1-PR1	130	0.1	0	2938
atman	paired-t	PT1-PR1	131	0.01	0	2938
atman	paired-t	PT1-PR1	131	0.05	0	2938
atman	paired-t	PT1-PR1	131	0.1	0	2938
atman	moderated	PT1-PR1	131	0.01	0	2938
atman	moderated	PT1-PR1	131	0.05	0	2938
atman	moderated	PT1-PR1	131	0.1	0	2938
atman	welch-t	PT1-PR1	131	0.01	0	2938
atman	welch-t	PT1-PR1	131	0.05	0	2938
atman	welch-t	PT1-PR1	131	0.1	0	2938
atman	paired-t	PT1-PR1	132	0.01	0	2938
atman	paired-t	PT1-PR1	132	0.05	0	2938
atman	paired-t	PT1-PR1	132	0.1	1	2938
atman	moderated	PT1-PR1	132	0.01	0	2938
atman	moderated	PT1-PR1	132	0.05	1	2938
atman	moderated	PT1-PR1	132	0.1	1	2938
atman	welch-t	PT1-PR1	132	0.01	0	2938
atman	welch-t	PT1-PR1	132	0.05	1	2938
atman	welch-t	PT1-PR1	132	0.1	1	2938
atman	paired-t	PT1-PR1	133	0.01	0	2938
atman	paired-t	PT1-PR1	133	0.05	0	2938
atman	paired-t	PT1-PR1	133	0.1	81	2938
atman	moderated	PT1-PR1	133	0.01	0	2938
atman	moderated	PT1-PR1	133	0.05	180	2938
atman	moderated	PT1-PR1	133	0.1	397	2938
atman	welch-t	PT1-PR1	133	0.01	0	2938
atman	welch-t	PT1-PR1	133	0.05	0	2938
atman	welch-t	PT1-PR1	133	0.1	0	2938
atman	paired-t	PT1-PR1	134	0.01	0	2938
atman	paired-t	PT1-PR1	134	0.05	0	2938
atman	paired-t	PT1-PR1	134	0.1	0	2938
atman	moderated	PT1-PR1	134	0.01	0	2938
atman	moderated	PT1-PR1	134	0.05	0	2938
atman	moderated	PT1-PR1	134	0.1	0	2938
atman	welch-t	PT1-PR1	134	0.01	0	2938
atman	welch-t	PT1-PR1	134	0.05	0	2938
atman	welch-t	PT1-PR1	134	0.1	0	2938
atman	paired-t	PT1-PR1	135	0.01	0	2938
atman	paired-t	PT1-PR1	135	0.05	0	2938
atman	paired-t	PT1-PR1	135	0.1	0	2938
atman	moderated	PT1-PR1	135	0.01	0	2938
atman	moderated	PT1-PR1	135	0.05	0	2938
atman	moderated	PT1-PR1	135	0.1	0	2938
atman	welch-t	PT1-PR1	135	0.01	0	2938
atman	welch-t	PT1-PR1	135	0.05	0	2938
atman	welch-t	PT1-PR1	135	0.1	0	2938
atman	paired-t	PT1-PR1	136	0.01	0	2938
atman	paired-t	PT1-PR1	136	0.05	0	2938
atman	paired-t	PT1-PR1	136	0.1	0	2938
atman	moderated	PT1-PR1	136	0.01	0	2938
atman	moderated	PT1-PR1	136	0.05	0	2938
atman	moderated	PT1-PR1	136	0.1	1	2938
atman	welch-t	PT1-PR1	136	0.01	0	2938
atman	welch-t	PT1-PR1	136	0.05	0	2938
atman	welch-t	PT1-PR1	136	0.1	0	2938
atman	paired-t	PT1-PR1	137	0.01	0	2938
atman	paired-t	PT1-PR1	137	0.05	0	2938
atman	paired-t	PT1-PR1	137	0.1	0	2938
atman	moderated	PT1-PR1	137	0.01	0	2938
atman	moderated	PT1-PR1	137	0.05	0	2938
atman	moderated	PT1-PR1	137	0.1	0	2938
atman	welch-t	PT1-PR1	137	0.01	0	2938
atman	welch-t	PT1-PR1	137	0.05	0	2938
atman	welch-t	PT1-PR1	137	0.1	0	2938
atman	paired-t	PT1-PR1	138	0.01	0	2938
atman	paired-t	PT1-PR1	138	0.05	0	2938
atman	paired-t	PT1-PR1	138	0.1	0	2938
atman	moderated	PT1-PR1	138	0.01	0	2938
atman	moderated	PT1-PR1	138	0.05	0	2938
atman	moderated	PT1-PR1	138	0.1	0	2938
atman	welch-t	PT1-PR1	138	0.01	0	2938
atman	welch-t	PT1-PR1	138	0.05	0	2938
atman	welch-t	PT1-PR1	138	0.1	0	2938
atman	paired-t	PT1-PR1	139	0.01	0	2938
atman	paired-t	PT1-PR1	139	0.05	0	2938
atman	paired-t	PT1-PR1	139	0.1	0	2938
atman	moderated	PT1-PR1	139	0.01	0	2938
atman	moderated	PT1-PR1	139	0.05	0	2938
atman	moderated	PT1-PR1	139	0.1	0	2938
atman	welch-t	PT1-PR1	139	0.01	0	2938
atman	welch-t	PT1-PR1	139	0.05	0	2938
atman	welch-t	PT1-PR1	139	0.1	0	2938
atman	paired-t	PT1-PR1	140	0.01	0	2938
atman	paired-t	PT1-PR1	140	0.05	0	2938
atman	paired-t	PT1-PR1	140	0.1	0	2938
atman	moderated	PT1-PR1	140	0.01	0	2938
atman	moderated	PT1-PR1	140	0.05	0	2938
atman	moderated	PT1-PR1	140	0.1	0	2938
atman	welch-t	PT1-PR1	140	0.01	0	2938
atman	welch-t	PT1-PR1	140	0.05	0	2938
atman	welch-t	PT1-PR1	140	0.1	0	2938
atman	paired-t	PT1-PR1	141	0.01	1	2938
atman	paired-t	PT1-PR1	141	0.05	1	2938
atman	paired-t	PT1-PR1	141	0.1	2	2938
atman	moderated	PT1-PR1	141	0.01	1	2938
atman	moderated	PT1-PR1	141	0.05	1	2938
atman	moderated	PT1-PR1	141	0.1	1	2938
atman	welch-t	PT1-PR1	141	0.01	0	2938
atman	welch-t	PT1-PR1	141	0.05	0	2938
atman	welch-t	PT1-PR1	141	0.1	0	2938
atman	paired-t	PT1-PR1	142	0.01	0	2938
atman	paired-t	PT1-PR1	142	0.05	0	2938
atman	paired-t	PT1-PR1	142	0.1	0	2938
atman	moderated	PT1-PR1	142	0.01	0	2938
atman	moderated	PT1-PR1	142	0.05	0	2938
atman	moderated	PT1-PR1	142	0.1	0	2938
atman	welch-t	PT1-PR1	142	0.01	0	2938
atman	welch-t	PT1-PR1	142	0.05	0	2938
atman	welch-t	PT1-PR1	142	0.1	0	2938
atman	paired-t	PT1-PR1	143	0.01	0	2938
atman	paired-t	PT1-PR1	143	0.05	0	2938
atman	paired-t	PT1-PR1	143	0.1	0	2938
atman	moderated	PT1-PR1	143	0.01	0	2938
atman	moderated	PT1-PR1	143	0.05	0	2938
atman	moderated	PT1-PR1	143	0.1	0	2938
atman	welch-t	PT1-PR1	143	0.01	0	2938
atman	welch-t	PT1-PR1	143	0.05	0	2938
atman	welch-t	PT1-PR1	143	0.1	0	2938
atman	paired-t	PT1-PR1	144	0.01	0	2938
atman	paired-t	PT1-PR1	144	0.05	0	2938
atman	paired-t	PT1-PR1	144	0.1	0	2938
atman	moderated	PT1-PR1	144	0.01	0	2938
atman	moderated	PT1-PR1	144	0.05	0	2938
atman	moderated	PT1-PR1	144	0.1	0	2938
atman	welch-t	PT1-PR1	144	0.01	0	2938
atman	welch-t	PT1-PR1	144	0.05	0	2938
atman	welch-t	PT1-PR1	144	0.1	0	2938
atman	paired-t	PT1-PR1	145	0.01	0	2938
atman	paired-t	PT1-PR1	145	0.05	0	2938
atman	paired-t	PT1-PR1	145	0.1	0	2938
atman	moderated	PT1-PR1	145	0.01	0	2938
atman	moderated	PT1-PR1	145	0.05	0	2938
atman	moderated	PT1-PR1	145	0.1	0	2938
atman	welch-t	PT1-PR1	145	0.01	0	2938
atman	welch-t	PT1-PR1	145	0.05	0	2938
atman	welch-t	PT1-PR1	145	0.1	0	2938
atman	paired-t	PT1-PR1	146	0.01	0	2938
atman	paired-t	PT1-PR1	146	0.05	0	2938
atman	paired-t	PT1-PR1	146	0.1	0	2938
atman	moderated	PT1-PR1	146	0.01	0	2938
atman	moderated	PT1-PR1	146	0.05	0	2938
atman	moderated	PT1-PR1	146	0.1	0	2938
atman	welch-t	PT1-PR1	146	0.01	0	2938
atman	welch-t	PT1-PR1	146	0.05	0	2938
atman	welch-t	PT1-PR1	146	0.1	0	2938
atman	paired-t	PT1-PR1	147	0.01	0	2938
atman	paired-t	PT1-PR1	147	0.05	0	2938
atman	paired-t	PT1-PR1	147	0.1	0	2938
atman	moderated	PT1-PR1	147	0.01	0	2938
atman	moderated	PT1-PR1	147	0.05	0	2938
atman	moderated	PT1-PR1	147	0.1	0	2938
atman	welch-t	PT1-PR1	147	0.01	0	2938
atman	welch-t	PT1-PR1	147	0.05	0	2938
atman	welch-t	PT1-PR1	147	0.1	0	2938
atman	paired-t	PT1-PR1	148	0.01	0	2938
atman	paired-t	PT1-PR1	148	0.05	0	2938
atman	paired-t	PT1-PR1	148	0.1	0	2938
atman	moderated	PT1-PR1	148	0.01	0	2938
atman	moderated	PT1-PR1	148	0.05	0	2938
atman	moderated	PT1-PR1	148	0.1	0	2938
atman	welch-t	PT1-PR1	148	0.01	0	2938
atman	welch-t	PT1-PR1	148	0.05	0	2938
atman	welch-t	PT1-PR1	148	0.1	0	2938
atman	paired-t	PT1-PR1	149	0.01	0	2938
atman	paired-t	PT1-PR1	149	0.05	0	2938
atman	paired-t	PT1-PR1	149	0.1	0	2938
atman	moderated	PT1-PR1	149	0.01	0	2938
atman	moderated	PT1-PR1	149	0.05	0	2938
atman	moderated	PT1-PR1	149	0.1	0	2938
atman	welch-t	PT1-PR1	149	0.01	0	2938
atman	welch-t	PT1-PR1	149	0.05	0	2938
atman	welch-t	PT1-PR1	149	0.1	0	2938
atman	paired-t	PT1-PR1	150	0.01	0	2938
atman	paired-t	PT1-PR1	150	0.05	0	2938
atman	paired-t	PT1-PR1	150	0.1	0	2938
atman	moderated	PT1-PR1	150	0.01	0	2938
atman	moderated	PT1-PR1	150	0.05	0	2938
atman	moderated	PT1-PR1	150	0.1	0	2938
atman	welch-t	PT1-PR1	150	0.01	0	2938
atman	welch-t	PT1-PR1	150	0.05	0	2938
atman	welch-t	PT1-PR1	150	0.1	0	2938
atman	paired-t	PT1-PR1	151	0.01	0	2938
atman	paired-t	PT1-PR1	151	0.05	0	2938
atman	paired-t	PT1-PR1	151	0.1	0	2938
atman	moderated	PT1-PR1	151	0.01	0	2938
atman	moderated	PT1-PR1	151	0.05	0	2938
atman	moderated	PT1-PR1	151	0.1	0	2938
atman	welch-t	PT1-PR1	151	0.01	0	2938
atman	welch-t	PT1-PR1	151	0.05	0	2938
atman	welch-t	PT1-PR1	151	0.1	0	2938
atman	paired-t	PT1-PR1	152	0.01	0	2938
atman	paired-t	PT1-PR1	152	0.05	0	2938
atman	paired-t	PT1-PR1	152	0.1	0	2938
atman	moderated	PT1-PR1	152	0.01	0	2938
atman	moderated	PT1-PR1	152	0.05	0	2938
atman	moderated	PT1-PR1	152	0.1	0	2938
atman	welch-t	PT1-PR1	152	0.01	0	2938
atman	welch-t	PT1-PR1	152	0.05	0	2938
atman	welch-t	PT1-PR1	152	0.1	0	2938
atman	paired-t	PT1-PR1	153	0.01	0	2938
atman	paired-t	PT1-PR1	153	0.05	0	2938
atman	paired-t	PT1-PR1	153	0.1	1	2938
atman	moderated	PT1-PR1	153	0.01	0	2938
atman	moderated	PT1-PR1	153	0.05	0	2938
atman	moderated	PT1-PR1	153	0.1	1	2938
atman	welch-t	PT1-PR1	153	0.01	0	2938
atman	welch-t	PT1-PR1	153	0.05	0	2938
atman	welch-t	PT1-PR1	153	0.1	0	2938
atman	paired-t	PT1-PR1	154	0.01	0	2938
atman	paired-t	PT1-PR1	154	0.05	0	2938
atman	paired-t	PT1-PR1	154	0.1	0	2938
atman	moderated	PT1-PR1	154	0.01	0	2938
atman	moderated	PT1-PR1	154	0.05	0	2938
atman	moderated	PT1-PR1	154	0.1	0	2938
atman	welch-t	PT1-PR1	154	0.01	0	2938
atman	welch-t	PT1-PR1	154	0.05	0	2938
atman	welch-t	PT1-PR1	154	0.1	0	2938
atman	paired-t	PT1-PR1	155	0.01	0	2938
atman	paired-t	PT1-PR1	155	0.05	0	2938
atman	paired-t	PT1-PR1	155	0.1	0	2938
atman	moderated	PT1-PR1	155	0.01	0	2938
atman	moderated	PT1-PR1	155	0.05	0	2938
atman	moderated	PT1-PR1	155	0.1	0	2938
atman	welch-t	PT1-PR1	155	0.01	0	2938
atman	welch-t	PT1-PR1	155	0.05	0	2938
atman	welch-t	PT1-PR1	155	0.1	0	2938
atman	paired-t	PT1-PR1	156	0.01	0	2938
atman	paired-t	PT1-PR1	156	0.05	0	2938
atman	paired-t	PT1-PR1	156	0.1	0	2938
atman	moderated	PT1-PR1	156	0.01	0	2938
atman	moderated	PT1-PR1	156	0.05	0	2938
atman	moderated	PT1-PR1	156	0.1	0	2938
atman	welch-t	PT1-PR1	156	0.01	0	2938
atman	welch-t	PT1-PR1	156	0.05	0	2938
atman	welch-t	PT1-PR1	156	0.1	0	2938
atman	paired-t	PT1-PR1	157	0.01	0	2938
atman	paired-t	PT1-PR1	157	0.05	0	2938
atman	paired-t	PT1-PR1	157	0.1	0	2938
atman	moderated	PT1-PR1	157	0.01	0	2938
atman	moderated	PT1-PR1	157	0.05	0	2938
atman	moderated	PT1-PR1	157	0.1	0	2938
atman	welch-t	PT1-PR1	157	0.01	0	2938
atman	welch-t	PT1-PR1	157	0.05	0	2938
atman	welch-t	PT1-PR1	157	0.1	0	2938
atman	paired-t	PT1-PR1	158	0.01	0	2938
atman	paired-t	PT1-PR1	158	0.05	0	2938
atman	paired-t	PT1-PR1	158	0.1	0	2938
atman	moderated	PT1-PR1	158	0.01	0	2938
atman	moderated	PT1-PR1	158	0.05	0	2938
atman	moderated	PT1-PR1	158	0.1	0	2938
atman	welch-t	PT1-PR1	158	0.01	0	2938
atman	welch-t	PT1-PR1	158	0.05	0	2938
atman	welch-t	PT1-PR1	158	0.1	0	2938
atman	paired-t	PT1-PR1	159	0.01	0	2938
atman	paired-t	PT1-PR1	159	0.05	0	2938
atman	paired-t	PT1-PR1	159	0.1	0	2938
atman	moderated	PT1-PR1	159	0.01	0	2938
atman	moderated	PT1-PR1	159	0.05	0	2938
atman	moderated	PT1-PR1	159	0.1	1	2938
atman	welch-t	PT1-PR1	159	0.01	0	2938
atman	welch-t	PT1-PR1	159	0.05	0	2938
atman	welch-t	PT1-PR1	159	0.1	0	2938
atman	paired-t	PT1-PR1	160	0.01	1	2938
atman	paired-t	PT1-PR1	160	0.05	3	2938
atman	paired-t	PT1-PR1	160	0.1	3	2938
atman	moderated	PT1-PR1	160	0.01	0	2938
atman	moderated	PT1-PR1	160	0.05	0	2938
atman	moderated	PT1-PR1	160	0.1	1	2938
atman	welch-t	PT1-PR1	160	0.01	0	2938
atman	welch-t	PT1-PR1	160	0.05	0	2938
atman	welch-t	PT1-PR1	160	0.1	0	2938
atman	paired-t	PT1-PR1	161	0.01	0	2938
atman	paired-t	PT1-PR1	161	0.05	0	2938
atman	paired-t	PT1-PR1	161	0.1	0	2938
atman	moderated	PT1-PR1	161	0.01	0	2938
atman	moderated	PT1-PR1	161	0.05	0	2938
atman	moderated	PT1-PR1	161	0.1	0	2938
atman	welch-t	PT1-PR1	161	0.01	0	2938
atman	welch-t	PT1-PR1	161	0.05	0	2938
atman	welch-t	PT1-PR1	161	0.1	0	2938
atman	paired-t	PT1-PR1	162	0.01	0	2938
atman	paired-t	PT1-PR1	162	0.05	0	2938
atman	paired-t	PT1-PR1	162	0.1	0	2938
atman	moderated	PT1-PR1	162	0.01	0	2938
atman	moderated	PT1-PR1	162	0.05	0	2938
atman	moderated	PT1-PR1	162	0.1	0	2938
atman	welch-t	PT1-PR1	162	0.01	0	2938
atman	welch-t	PT1-PR1	162	0.05	0	2938
atman	welch-t	PT1-PR1	162	0.1	0	2938
atman	paired-t	PT1-PR1	163	0.01	0	2938
atman	paired-t	PT1-PR1	163	0.05	0	2938
atman	paired-t	PT1-PR1	163	0.1	0	2938
atman	moderated	PT1-PR1	163	0.01	0	2938
atman	moderated	PT1-PR1	163	0.05	0	2938
atman	moderated	PT1-PR1	163	0.1	0	2938
atman	welch-t	PT1-PR1	163	0.01	0	2938
atman	welch-t	PT1-PR1	163	0.05	0	2938
atman	welch-t	PT1-PR1	163	0.1	0	2938
atman	paired-t	PT1-PR1	164	0.01	0	2938
atman	paired-t	PT1-PR1	164	0.05	0	2938
atman	paired-t	PT1-PR1	164	0.1	0	2938
atman	moderated	PT1-PR1	164	0.01	0	2938
atman	moderated	PT1-PR1	164	0.05	0	2938
atman	moderated	PT1-PR1	164	0.1	0	2938
atman	welch-t	PT1-PR1	164	0.01	0	2938
atman	welch-t	PT1-PR1	164	0.05	0	2938
atman	welch-t	PT1-PR1	164	0.1	0	2938
atman	paired-t	PT1-PR1	165	0.01	0	2938
atman	paired-t	PT1-PR1	165	0.05	0	2938
atman	paired-t	PT1-PR1	165	0.1	0	2938
atman	moderated	PT1-PR1	165	0.01	0	2938
atman	moderated	PT1-PR1	165	0.05	0	2938
atman	moderated	PT1-PR1	165	0.1	0	2938
atman	welch-t	PT1-PR1	165	0.01	0	2938
atman	welch-t	PT1-PR1	165	0.05	0	2938
atman	welch-t	PT1-PR1	165	0.1	0	2938
atman	paired-t	PT1-PR1	166	0.01	0	2938
atman	paired-t	PT1-PR1	166	0.05	0	2938
atman	paired-t	PT1-PR1	166	0.1	0	2938
atman	moderated	PT1-PR1	166	0.01	0	2938
atman	moderated	PT1-PR1	166	0.05	0	2938
atman	moderated	PT1-PR1	166	0.1	0	2938
atman	welch-t	PT1-PR1	166	0.01	0	2938
atman	welch-t	PT1-PR1	166	0.05	0	2938
atman	welch-t	PT1-PR1	166	0.1	0	2938
atman	paired-t	PT1-PR1	167	0.01	0	2938
atman	paired-t	PT1-PR1	167	0.05	0	2938
atman	paired-t	PT1-PR1	167	0.1	0	2938
atman	moderated	PT1-PR1	167	0.01	0	2938
atman	moderated	PT1-PR1	167	0.05	0	2938
atman	moderated	PT1-PR1	167	0.1	0	2938
atman	welch-t	PT1-PR1	167	0.01	0	2938
atman	welch-t	PT1-PR1	167	0.05	0	2938
atman	welch-t	PT1-PR1	167	0.1	0	2938
atman	paired-t	PT1-PR1	168	0.01	0	2938
atman	paired-t	PT1-PR1	168	0.05	1	2938
atman	paired-t	PT1-PR1	168	0.1	1	2938
atman	moderated	PT1-PR1	168	0.01	0	2938
atman	moderated	PT1-PR1	168	0.05	0	2938
atman	moderated	PT1-PR1	168	0.1	0	2938
atman	welch-t	PT1-PR1	168	0.01	0	2938
atman	welch-t	PT1-PR1	168	0.05	0	2938
atman	welch-t	PT1-PR1	168	0.1	0	2938
atman	paired-t	PT1-PR1	169	0.01	0	2938
atman	paired-t	PT1-PR1	169	0.05	0	2938
atman	paired-t	PT1-PR1	169	0.1	0	2938
atman	moderated	PT1-PR1	169	0.01	0	2938
atman	moderated	PT1-PR1	169	0.05	0	2938
atman	moderated	PT1-PR1	169	0.1	0	2938
atman	welch-t	PT1-PR1	169	0.01	0	2938
atman	welch-t	PT1-PR1	169	0.05	0	2938
atman	welch-t	PT1-PR1	169	0.1	0	2938
atman	paired-t	PT1-PR1	170	0.01	0	2938
atman	paired-t	PT1-PR1	170	0.05	0	2938
atman	paired-t	PT1-PR1	170	0.1	0	2938
atman	moderated	PT1-PR1	170	0.01	0	2938
atman	moderated	PT1-PR1	170	0.05	0	2938
atman	moderated	PT1-PR1	170	0.1	0	2938
atman	welch-t	PT1-PR1	170	0.01	0	2938
atman	welch-t	PT1-PR1	170	0.05	0	2938
atman	welch-t	PT1-PR1	170	0.1	0	2938
atman	paired-t	PT1-PR1	171	0.01	0	2938
atman	paired-t	PT1-PR1	171	0.05	0	2938
atman	paired-t	PT1-PR1	171	0.1	1	2938
atman	moderated	PT1-PR1	171	0.01	0	2938
atman	moderated	PT1-PR1	171	0.05	0	2938
atman	moderated	PT1-PR1	171	0.1	0	2938
atman	welch-t	PT1-PR1	171	0.01	0	2938
atman	welch-t	PT1-PR1	171	0.05	0	2938
atman	welch-t	PT1-PR1	171	0.1	0	2938
atman	paired-t	PT1-PR1	172	0.01	0	2938
atman	paired-t	PT1-PR1	172	0.05	0	2938
atman	paired-t	PT1-PR1	172	0.1	0	2938
atman	moderated	PT1-PR1	172	0.01	0	2938
atman	moderated	PT1-PR1	172	0.05	0	2938
atman	moderated	PT1-PR1	172	0.1	0	2938
atman	welch-t	PT1-PR1	172	0.01	0	2938
atman	welch-t	PT1-PR1	172	0.05	0	2938
atman	welch-t	PT1-PR1	172	0.1	0	2938
atman	paired-t	PT1-PR1	173	0.01	0	2938
atman	paired-t	PT1-PR1	173	0.05	0	2938
atman	paired-t	PT1-PR1	173	0.1	0	2938
atman	moderated	PT1-PR1	173	0.01	0	2938
atman	moderated	PT1-PR1	173	0.05	0	2938
atman	moderated	PT1-PR1	173	0.1	0	2938
atman	welch-t	PT1-PR1	173	0.01	0	2938
atman	welch-t	PT1-PR1	173	0.05	0	2938
atman	welch-t	PT1-PR1	173	0.1	0	2938
atman	paired-t	PT1-PR1	174	0.01	0	2938
atman	paired-t	PT1-PR1	174	0.05	0	2938
atman	paired-t	PT1-PR1	174	0.1	0	2938
atman	moderated	PT1-PR1	174	0.01	0	2938
atman	moderated	PT1-PR1	174	0.05	0	2938
atman	moderated	PT1-PR1	174	0.1	0	2938
atman	welch-t	PT1-PR1	174	0.01	0	2938
atman	welch-t	PT1-PR1	174	0.05	0	2938
atman	welch-t	PT1-PR1	174	0.1	0	2938
atman	paired-t	PT1-PR1	175	0.01	0	2938
atman	paired-t	PT1-PR1	175	0.05	0	2938
atman	paired-t	PT1-PR1	175	0.1	1	2938
atman	moderated	PT1-PR1	175	0.01	0	2938
atman	moderated	PT1-PR1	175	0.05	0	2938
atman	moderated	PT1-PR1	175	0.1	0	2938
atman	welch-t	PT1-PR1	175	0.01	0	2938
atman	welch-t	PT1-PR1	175	0.05	0	2938
atman	welch-t	PT1-PR1	175	0.1	0	2938
atman	paired-t	PT1-PR1	176	0.01	0	2938
atman	paired-t	PT1-PR1	176	0.05	0	2938
atman	paired-t	PT1-PR1	176	0.1	0	2938
atman	moderated	PT1-PR1	176	0.01	0	2938
atman	moderated	PT1-PR1	176	0.05	9	2938
atman	moderated	PT1-PR1	176	0.1	327	2938
atman	welch-t	PT1-PR1	176	0.01	0	2938
atman	welch-t	PT1-PR1	176	0.05	1	2938
atman	welch-t	PT1-PR1	176	0.1	1	2938
atman	paired-t	PT1-PR1	177	0.01	0	2938
atman	paired-t	PT1-PR1	177	0.05	0	2938
atman	paired-t	PT1-PR1	177	0.1	0	2938
atman	moderated	PT1-PR1	177	0.01	0	2938
atman	moderated	PT1-PR1	177	0.05	0	2938
atman	moderated	PT1-PR1	177	0.1	0	2938
atman	welch-t	PT1-PR1	177	0.01	0	2938
atman	welch-t	PT1-PR1	177	0.05	0	2938
atman	welch-t	PT1-PR1	177	0.1	0	2938
atman	paired-t	PT1-PR1	178	0.01	0	2938
atman	paired-t	PT1-PR1	178	0.05	1	2938
atman	paired-t	PT1-PR1	178	0.1	3	2938
atman	moderated	PT1-PR1	178	0.01	0	2938
atman	moderated	PT1-PR1	178	0.05	0	2938
atman	moderated	PT1-PR1	178	0.1	2	2938
atman	welch-t	PT1-PR1	178	0.01	0	2938
atman	welch-t	PT1-PR1	178	0.05	0	2938
atman	welch-t	PT1-PR1	178	0.1	1	2938
atman	paired-t	PT1-PR1	179	0.01	0	2938
atman	paired-t	PT1-PR1	179	0.05	0	2938
atman	paired-t	PT1-PR1	179	0.1	0	2938
atman	moderated	PT1-PR1	179	0.01	0	2938
atman	moderated	PT1-PR1	179	0.05	0	2938
atman	moderated	PT1-PR1	179	0.1	0	2938
atman	welch-t	PT1-PR1	179	0.01	0	2938
atman	welch-t	PT1-PR1	179	0.05	0	2938
atman	welch-t	PT1-PR1	179	0.1	0	2938
atman	paired-t	PT1-PR1	180	0.01	0	2938
atman	paired-t	PT1-PR1	180	0.05	0	2938
atman	paired-t	PT1-PR1	180	0.1	0	2938
atman	moderated	PT1-PR1	180	0.01	0	2938
atman	moderated	PT1-PR1	180	0.05	0	2938
atman	moderated	PT1-PR1	180	0.1	0	2938
atman	welch-t	PT1-PR1	180	0.01	0	2938
atman	welch-t	PT1-PR1	180	0.05	0	2938
atman	welch-t	PT1-PR1	180	0.1	0	2938
atman	paired-t	PT1-PR1	181	0.01	0	2938
atman	paired-t	PT1-PR1	181	0.05	0	2938
atman	paired-t	PT1-PR1	181	0.1	0	2938
atman	moderated	PT1-PR1	181	0.01	0	2938
atman	moderated	PT1-PR1	181	0.05	0	2938
atman	moderated	PT1-PR1	181	0.1	0	2938
atman	welch-t	PT1-PR1	181	0.01	0	2938
atman	welch-t	PT1-PR1	181	0.05	0	2938
atman	welch-t	PT1-PR1	181	0.1	0	2938
atman	paired-t	PT1-PR1	182	0.01	0	2938
atman	paired-t	PT1-PR1	182	0.05	0	2938
atman	paired-t	PT1-PR1	182	0.1	0	2938
atman	moderated	PT1-PR1	182	0.01	0	2938
atman	moderated	PT1-PR1	182	0.05	0	2938
atman	moderated	PT1-PR1	182	0.1	0	2938
atman	welch-t	PT1-PR1	182	0.01	0	2938
atman	welch-t	PT1-PR1	182	0.05	0	2938
atman	welch-t	PT1-PR1	182	0.1	0	2938
atman	paired-t	PT1-PR1	183	0.01	0	2938
atman	paired-t	PT1-PR1	183	0.05	0	2938
atman	paired-t	PT1-PR1	183	0.1	0	2938
atman	moderated	PT1-PR1	183	0.01	0	2938
atman	moderated	PT1-PR1	183	0.05	0	2938
atman	moderated	PT1-PR1	183	0.1	0	2938
atman	welch-t	PT1-PR1	183	0.01	0	2938
atman	welch-t	PT1-PR1	183	0.05	0	2938
atman	welch-t	PT1-PR1	183	0.1	0	2938
atman	paired-t	PT1-PR1	184	0.01	0	2938
atman	paired-t	PT1-PR1	184	0.05	0	2938
atman	paired-t	PT1-PR1	184	0.1	0	2938
atman	moderated	PT1-PR1	184	0.01	0	2938
atman	moderated	PT1-PR1	184	0.05	0	2938
atman	moderated	PT1-PR1	184	0.1	0	2938
atman	welch-t	PT1-PR1	184	0.01	0	2938
atman	welch-t	PT1-PR1	184	0.05	0	2938
atman	welch-t	PT1-PR1	184	0.1	0	2938
atman	paired-t	PT1-PR1	185	0.01	0	2938
atman	paired-t	PT1-PR1	185	0.05	0	2938
atman	paired-t	PT1-PR1	185	0.1	0	2938
atman	moderated	PT1-PR1	185	0.01	0	2938
atman	moderated	PT1-PR1	185	0.05	0	2938
atman	moderated	PT1-PR1	185	0.1	0	2938
atman	welch-t	PT1-PR1	185	0.01	0	2938
atman	welch-t	PT1-PR1	185	0.05	0	2938
atman	welch-t	PT1-PR1	185	0.1	0	2938
atman	paired-t	PT1-PR1	186	0.01	0	2938
atman	paired-t	PT1-PR1	186	0.05	0	2938
atman	paired-t	PT1-PR1	186	0.1	0	2938
atman	moderated	PT1-PR1	186	0.01	0	2938
atman	moderated	PT1-PR1	186	0.05	0	2938
atman	moderated	PT1-PR1	186	0.1	0	2938
atman	welch-t	PT1-PR1	186	0.01	0	2938
atman	welch-t	PT1-PR1	186	0.05	0	2938
atman	welch-t	PT1-PR1	186	0.1	0	2938
atman	paired-t	PT1-PR1	187	0.01	0	2938
atman	paired-t	PT1-PR1	187	0.05	0	2938
atman	paired-t	PT1-PR1	187	0.1	0	2938
atman	moderated	PT1-PR1	187	0.01	0	2938
atman	moderated	PT1-PR1	187	0.05	0	2938
atman	moderated	PT1-PR1	187	0.1	0	2938
atman	welch-t	PT1-PR1	187	0.01	0	2938
atman	welch-t	PT1-PR1	187	0.05	0	2938
atman	welch-t	PT1-PR1	187	0.1	0	2938
atman	paired-t	PT1-PR1	188	0.01	0	2938
atman	paired-t	PT1-PR1	188	0.05	0	2938
atman	paired-t	PT1-PR1	188	0.1	0	2938
atman	moderated	PT1-PR1	188	0.01	0	2938
atman	moderated	PT1-PR1	188	0.05	0	2938
atman	moderated	PT1-PR1	188	0.1	0	2938
atman	welch-t	PT1-PR1	188	0.01	0	2938
atman	welch-t	PT1-PR1	188	0.05	0	2938
atman	welch-t	PT1-PR1	188	0.1	0	2938
atman	paired-t	PT1-PR1	189	0.01	0	2938
atman	paired-t	PT1-PR1	189	0.05	0	2938
atman	paired-t	PT1-PR1	189	0.1	1	2938
atman	moderated	PT1-PR1	189	0.01	0	2938
atman	moderated	PT1-PR1	189	0.05	1	2938
atman	moderated	PT1-PR1	189	0.1	1	2938
atman	welch-t	PT1-PR1	189	0.01	0	2938
atman	welch-t	PT1-PR1	189	0.05	0	2938
atman	welch-t	PT1-PR1	189	0.1	0	2938
atman	paired-t	PT1-PR1	190	0.01	0	2938
atman	paired-t	PT1-PR1	190	0.05	0	2938
atman	paired-t	PT1-PR1	190	0.1	0	2938
atman	moderated	PT1-PR1	190	0.01	0	2938
atman	moderated	PT1-PR1	190	0.05	0	2938
atman	moderated	PT1-PR1	190	0.1	0	2938
atman	welch-t	PT1-PR1	190	0.01	0	2938
atman	welch-t	PT1-PR1	190	0.05	0	2938
atman	welch-t	PT1-PR1	190	0.1	0	2938
atman	paired-t	PT1-PR1	191	0.01	0	2938
atman	paired-t	PT1-PR1	191	0.05	0	2938
atman	paired-t	PT1-PR1	191	0.1	0	2938
atman	moderated	PT1-PR1	191	0.01	0	2938
atman	moderated	PT1-PR1	191	0.05	0	2938
atman	moderated	PT1-PR1	191	0.1	0	2938
atman	welch-t	PT1-PR1	191	0.01	0	2938
atman	welch-t	PT1-PR1	191	0.05	0	2938
atman	welch-t	PT1-PR1	191	0.1	0	2938
atman	paired-t	PT1-PR1	192	0.01	0	2938
atman	paired-t	PT1-PR1	192	0.05	0	2938
atman	paired-t	PT1-PR1	192	0.1	0	2938
atman	moderated	PT1-PR1	192	0.01	0	2938
atman	moderated	PT1-PR1	192	0.05	0	2938
atman	moderated	PT1-PR1	192	0.1	0	2938
atman	welch-t	PT1-PR1	192	0.01	0	2938
atman	welch-t	PT1-PR1	192	0.05	0	2938
atman	welch-t	PT1-PR1	192	0.1	0	2938
atman	paired-t	PT1-PR1	193	0.01	0	2938
atman	paired-t	PT1-PR1	193	0.05	0	2938
atman	paired-t	PT1-PR1	193	0.1	0	2938
atman	moderated	PT1-PR1	193	0.01	0	2938
atman	moderated	PT1-PR1	193	0.05	0	2938
atman	moderated	PT1-PR1	193	0.1	0	2938
atman	welch-t	PT1-PR1	193	0.01	0	2938
atman	welch-t	PT1-PR1	193	0.05	0	2938
atman	welch-t	PT1-PR1	193	0.1	0	2938
atman	paired-t	PT1-PR1	194	0.01	0	2938
atman	paired-t	PT1-PR1	194	0.05	0	2938
atman	paired-t	PT1-PR1	194	0.1	0	2938
atman	moderated	PT1-PR1	194	0.01	0	2938
atman	moderated	PT1-PR1	194	0.05	0	2938
atman	moderated	PT1-PR1	194	0.1	0	2938
atman	welch-t	PT1-PR1	194	0.01	0	2938
atman	welch-t	PT1-PR1	194	0.05	0	2938
atman	welch-t	PT1-PR1	194	0.1	0	2938
atman	paired-t	PT1-PR1	195	0.01	0	2938
atman	paired-t	PT1-PR1	195	0.05	0	2938
atman	paired-t	PT1-PR1	195	0.1	0	2938
atman	moderated	PT1-PR1	195	0.01	0	2938
atman	moderated	PT1-PR1	195	0.05	0	2938
atman	moderated	PT1-PR1	195	0.1	0	2938
atman	welch-t	PT1-PR1	195	0.01	0	2938
atman	welch-t	PT1-PR1	195	0.05	0	2938
atman	welch-t	PT1-PR1	195	0.1	0	2938
atman	paired-t	PT1-PR1	196	0.01	0	2938
atman	paired-t	PT1-PR1	196	0.05	0	2938
atman	paired-t	PT1-PR1	196	0.1	0	2938
atman	moderated	PT1-PR1	196	0.01	0	2938
atman	moderated	PT1-PR1	196	0.05	0	2938
atman	moderated	PT1-PR1	196	0.1	0	2938
atman	welch-t	PT1-PR1	196	0.01	0	2938
atman	welch-t	PT1-PR1	196	0.05	0	2938
atman	welch-t	PT1-PR1	196	0.1	0	2938
atman	paired-t	PT1-PR1	197	0.01	0	2938
atman	paired-t	PT1-PR1	197	0.05	0	2938
atman	paired-t	PT1-PR1	197	0.1	0	2938
atman	moderated	PT1-PR1	197	0.01	0	2938
atman	moderated	PT1-PR1	197	0.05	0	2938
atman	moderated	PT1-PR1	197	0.1	0	2938
atman	welch-t	PT1-PR1	197	0.01	0	2938
atman	welch-t	PT1-PR1	197	0.05	0	2938
atman	welch-t	PT1-PR1	197	0.1	0	2938
atman	paired-t	PT1-PR1	198	0.01	0	2938
atman	paired-t	PT1-PR1	198	0.05	0	2938
atman	paired-t	PT1-PR1	198	0.1	0	2938
atman	moderated	PT1-PR1	198	0.01	0	2938
atman	moderated	PT1-PR1	198	0.05	0	2938
atman	moderated	PT1-PR1	198	0.1	0	2938
atman	welch-t	PT1-PR1	198	0.01	0	2938
atman	welch-t	PT1-PR1	198	0.05	0	2938
atman	welch-t	PT1-PR1	198	0.1	0	2938
atman	paired-t	PT1-PR1	199	0.01	0	2938
atman	paired-t	PT1-PR1	199	0.05	0	2938
atman	paired-t	PT1-PR1	199	0.1	0	2938
atman	moderated	PT1-PR1	199	0.01	0	2938
atman	moderated	PT1-PR1	199	0.05	0	2938
atman	moderated	PT1-PR1	199	0.1	0	2938
atman	welch-t	PT1-PR1	199	0.01	0	2938
atman	welch-t	PT1-PR1	199	0.05	0	2938
atman	welch-t	PT1-PR1	199	0.1	0	2938
atman	paired-t	PT2-PR2	0	0.01	0	2938
atman	paired-t	PT2-PR2	0	0.05	0	2938
atman	paired-t	PT2-PR2	0	0.1	0	2938
atman	moderated	PT2-PR2	0	0.01	0	2938
atman	moderated	PT2-PR2	0	0.05	0	2938
atman	moderated	PT2-PR2	0	0.1	0	2938
atman	welch-t	PT2-PR2	0	0.01	0	2938
atman	welch-t	PT2-PR2	0	0.05	0	2938
atman	welch-t	PT2-PR2	0	0.1	0	2938
atman	paired-t	PT2-PR2	1	0.01	0	2938
atman	paired-t	PT2-PR2	1	0.05	0	2938
atman	paired-t	PT2-PR2	1	0.1	0	2938
atman	moderated	PT2-PR2	1	0.01	0	2938
atman	moderated	PT2-PR2	1	0.05	0	2938
atman	moderated	PT2-PR2	1	0.1	353	2938
atman	welch-t	PT2-PR2	1	0.01	0	2938
atman	welch-t	PT2-PR2	1	0.05	0	2938
atman	welch-t	PT2-PR2	1	0.1	0	2938
atman	paired-t	PT2-PR2	2	0.01	0	2938
atman	paired-t	PT2-PR2	2	0.05	0	2938
atman	paired-t	PT2-PR2	2	0.1	0	2938
atman	moderated	PT2-PR2	2	0.01	0	2938
atman	moderated	PT2-PR2	2	0.05	0	2938
atman	moderated	PT2-PR2	2	0.1	0	2938
atman	welch-t	PT2-PR2	2	0.01	0	2938
atman	welch-t	PT2-PR2	2	0.05	0	2938
atman	welch-t	PT2-PR2	2	0.1	0	2938
atman	paired-t	PT2-PR2	3	0.01	0	2938
atman	paired-t	PT2-PR2	3	0.05	0	2938
atman	paired-t	PT2-PR2	3	0.1	0	2938
atman	moderated	PT2-PR2	3	0.01	0	2938
atman	moderated	PT2-PR2	3	0.05	0	2938
atman	moderated	PT2-PR2	3	0.1	0	2938
atman	welch-t	PT2-PR2	3	0.01	0	2938
atman	welch-t	PT2-PR2	3	0.05	0	2938
atman	welch-t	PT2-PR2	3	0.1	0	2938
atman	paired-t	PT2-PR2	4	0.01	0	2938
atman	paired-t	PT2-PR2	4	0.05	0	2938
atman	paired-t	PT2-PR2	4	0.1	0	2938
atman	moderated	PT2-PR2	4	0.01	0	2938
atman	moderated	PT2-PR2	4	0.05	0	2938
atman	moderated	PT2-PR2	4	0.1	0	2938
atman	welch-t	PT2-PR2	4	0.01	0	2938
atman	welch-t	PT2-PR2	4	0.05	0	2938
atman	welch-t	PT2-PR2	4	0.1	0	2938
atman	paired-t	PT2-PR2	5	0.01	0	2938
atman	paired-t	PT2-PR2	5	0.05	0	2938
atman	paired-t	PT2-PR2	5	0.1	0	2938
atman	moderated	PT2-PR2	5	0.01	0	2938
atman	moderated	PT2-PR2	5	0.05	0	2938
atman	moderated	PT2-PR2	5	0.1	0	2938
atman	welch-t	PT2-PR2	5	0.01	0	2938
atman	welch-t	PT2-PR2	5	0.05	0	2938
atman	welch-t	PT2-PR2	5	0.1	0	2938
atman	paired-t	PT2-PR2	6	0.01	0	2938
atman	paired-t	PT2-PR2	6	0.05	0	2938
atman	paired-t	PT2-PR2	6	0.1	0	2938
atman	moderated	PT2-PR2	6	0.01	0	2938
atman	moderated	PT2-PR2	6	0.05	0	2938
atman	moderated	PT2-PR2	6	0.1	0	2938
atman	welch-t	PT2-PR2	6	0.01	0	2938
atman	welch-t	PT2-PR2	6	0.05	0	2938
atman	welch-t	PT2-PR2	6	0.1	0	2938
atman	paired-t	PT2-PR2	7	0.01	0	2938
atman	paired-t	PT2-PR2	7	0.05	0	2938
atman	paired-t	PT2-PR2	7	0.1	0	2938
atman	moderated	PT2-PR2	7	0.01	0	2938
atman	moderated	PT2-PR2	7	0.05	0	2938
atman	moderated	PT2-PR2	7	0.1	0	2938
atman	welch-t	PT2-PR2	7	0.01	0	2938
atman	welch-t	PT2-PR2	7	0.05	0	2938
atman	welch-t	PT2-PR2	7	0.1	0	2938
atman	paired-t	PT2-PR2	8	0.01	0	2938
atman	paired-t	PT2-PR2	8	0.05	0	2938
atman	paired-t	PT2-PR2	8	0.1	0	2938
atman	moderated	PT2-PR2	8	0.01	0	2938
atman	moderated	PT2-PR2	8	0.05	0	2938
atman	moderated	PT2-PR2	8	0.1	0	2938
atman	welch-t	PT2-PR2	8	0.01	0	2938
atman	welch-t	PT2-PR2	8	0.05	0	2938
atman	welch-t	PT2-PR2	8	0.1	0	2938
atman	paired-t	PT2-PR2	9	0.01	0	2938
atman	paired-t	PT2-PR2	9	0.05	0	2938
atman	paired-t	PT2-PR2	9	0.1	0	2938
atman	moderated	PT2-PR2	9	0.01	0	2938
atman	moderated	PT2-PR2	9	0.05	0	2938
atman	moderated	PT2-PR2	9	0.1	0	2938
atman	welch-t	PT2-PR2	9	0.01	0	2938
atman	welch-t	PT2-PR2	9	0.05	0	2938
atman	welch-t	PT2-PR2	9	0.1	0	2938
atman	paired-t	PT2-PR2	10	0.01	0	2938
atman	paired-t	PT2-PR2	10	0.05	0	2938
atman	paired-t	PT2-PR2	10	0.1	1	2938
atman	moderated	PT2-PR2	10	0.01	0	2938
atman	moderated	PT2-PR2	10	0.05	0	2938
atman	moderated	PT2-PR2	10	0.1	0	2938
atman	welch-t	PT2-PR2	10	0.01	0	2938
atman	welch-t	PT2-PR2	10	0.05	0	2938
atman	welch-t	PT2-PR2	10	0.1	0	2938
atman	paired-t	PT2-PR2	11	0.01	0	2938
atman	paired-t	PT2-PR2	11	0.05	0	2938
atman	paired-t	PT2-PR2	11	0.1	0	2938
atman	moderated	PT2-PR2	11	0.01	0	2938
atman	moderated	PT2-PR2	11	0.05	0	2938
atman	moderated	PT2-PR2	11	0.1	0	2938
atman	welch-t	PT2-PR2	11	0.01	0	2938
atman	welch-t	PT2-PR2	11	0.05	0	2938
atman	welch-t	PT2-PR2	11	0.1	0	2938
atman	paired-t	PT2-PR2	12	0.01	1	2938
atman	paired-t	PT2-PR2	12	0.05	37	2938
atman	paired-t	PT2-PR2	12	0.1	277	2938
atman	moderated	PT2-PR2	12	0.01	1	2938
atman	moderated	PT2-PR2	12	0.05	282	2938
atman	moderated	PT2-PR2	12	0.1	506	2938
atman	welch-t	PT2-PR2	12	0.01	0	2938
atman	welch-t	PT2-PR2	12	0.05	0	2938
atman	welch-t	PT2-PR2	12	0.1	2	2938
atman	paired-t	PT2-PR2	13	0.01	0	2938
atman	paired-t	PT2-PR2	13	0.05	0	2938
atman	paired-t	PT2-PR2	13	0.1	0	2938
atman	moderated	PT2-PR2	13	0.01	0	2938
atman	moderated	PT2-PR2	13	0.05	0	2938
atman	moderated	PT2-PR2	13	0.1	0	2938
atman	welch-t	PT2-PR2	13	0.01	0	2938
atman	welch-t	PT2-PR2	13	0.05	0	2938
atman	welch-t	PT2-PR2	13	0.1	0	2938
atman	paired-t	PT2-PR2	14	0.01	0	2938
atman	paired-t	PT2-PR2	14	0.05	1	2938
atman	paired-t	PT2-PR2	14	0.1	1	2938
atman	moderated	PT2-PR2	14	0.01	1	2938
atman	moderated	PT2-PR2	14	0.05	1	2938
atman	moderated	PT2-PR2	14	0.1	3	2938
atman	welch-t	PT2-PR2	14	0.01	0	2938
atman	welch-t	PT2-PR2	14	0.05	0	2938
atman	welch-t	PT2-PR2	14	0.1	0	2938
atman	paired-t	PT2-PR2	15	0.01	0	2938
atman	paired-t	PT2-PR2	15	0.05	2	2938
atman	paired-t	PT2-PR2	15	0.1	2	2938
atman	moderated	PT2-PR2	15	0.01	0	2938
atman	moderated	PT2-PR2	15	0.05	0	2938
atman	moderated	PT2-PR2	15	0.1	0	2938
atman	welch-t	PT2-PR2	15	0.01	0	2938
atman	welch-t	PT2-PR2	15	0.05	0	2938
atman	welch-t	PT2-PR2	15	0.1	0	2938
atman	paired-t	PT2-PR2	16	0.01	0	2938
atman	paired-t	PT2-PR2	16	0.05	0	2938
atman	paired-t	PT2-PR2	16	0.1	0	2938
atman	moderated	PT2-PR2	16	0.01	0	2938
atman	moderated	PT2-PR2	16	0.05	0	2938
atman	moderated	PT2-PR2	16	0.1	0	2938
atman	welch-t	PT2-PR2	16	0.01	0	2938
atman	welch-t	PT2-PR2	16	0.05	0	2938
atman	welch-t	PT2-PR2	16	0.1	0	2938
atman	paired-t	PT2-PR2	17	0.01	0	2938
atman	paired-t	PT2-PR2	17	0.05	0	2938
atman	paired-t	PT2-PR2	17	0.1	0	2938
atman	moderated	PT2-PR2	17	0.01	0	2938
atman	moderated	PT2-PR2	17	0.05	0	2938
atman	moderated	PT2-PR2	17	0.1	0	2938
atman	welch-t	PT2-PR2	17	0.01	0	2938
atman	welch-t	PT2-PR2	17	0.05	0	2938
atman	welch-t	PT2-PR2	17	0.1	0	2938
atman	paired-t	PT2-PR2	18	0.01	0	2938
atman	paired-t	PT2-PR2	18	0.05	0	2938
atman	paired-t	PT2-PR2	18	0.1	0	2938
atman	moderated	PT2-PR2	18	0.01	0	2938
atman	moderated	PT2-PR2	18	0.05	0	2938
atman	moderated	PT2-PR2	18	0.1	0	2938
atman	welch-t	PT2-PR2	18	0.01	0	2938
atman	welch-t	PT2-PR2	18	0.05	0	2938
atman	welch-t	PT2-PR2	18	0.1	0	2938
atman	paired-t	PT2-PR2	19	0.01	0	2938
atman	paired-t	PT2-PR2	19	0.05	0	2938
atman	paired-t	PT2-PR2	19	0.1	0	2938
atman	moderated	PT2-PR2	19	0.01	0	2938
atman	moderated	PT2-PR2	19	0.05	0	2938
atman	moderated	PT2-PR2	19	0.1	0	2938
atman	welch-t	PT2-PR2	19	0.01	0	2938
atman	welch-t	PT2-PR2	19	0.05	0	2938
atman	welch-t	PT2-PR2	19	0.1	0	2938
atman	paired-t	PT2-PR2	20	0.01	0	2938
atman	paired-t	PT2-PR2	20	0.05	0	2938
atman	paired-t	PT2-PR2	20	0.1	0	2938
atman	moderated	PT2-PR2	20	0.01	0	2938
atman	moderated	PT2-PR2	20	0.05	0	2938
atman	moderated	PT2-PR2	20	0.1	0	2938
atman	welch-t	PT2-PR2	20	0.01	0	2938
atman	welch-t	PT2-PR2	20	0.05	0	2938
atman	welch-t	PT2-PR2	20	0.1	0	2938
atman	paired-t	PT2-PR2	21	0.01	0	2938
atman	paired-t	PT2-PR2	21	0.05	0	2938
atman	paired-t	PT2-PR2	21	0.1	0	2938
atman	moderated	PT2-PR2	21	0.01	0	2938
atman	moderated	PT2-PR2	21	0.05	0	2938
atman	moderated	PT2-PR2	21	0.1	0	2938
atman	welch-t	PT2-PR2	21	0.01	0	2938
atman	welch-t	PT2-PR2	21	0.05	0	2938
atman	welch-t	PT2-PR2	21	0.1	0	2938
atman	paired-t	PT2-PR2	22	0.01	0	2938
atman	paired-t	PT2-PR2	22	0.05	0	2938
atman	paired-t	PT2-PR2	22	0.1	0	2938
atman	moderated	PT2-PR2	22	0.01	0	2938
atman	moderated	PT2-PR2	22	0.05	0	2938
atman	moderated	PT2-PR2	22	0.1	0	2938
atman	welch-t	PT2-PR2	22	0.01	0	2938
atman	welch-t	PT2-PR2	22	0.05	0	2938
atman	welch-t	PT2-PR2	22	0.1	0	2938
atman	paired-t	PT2-PR2	23	0.01	0	2938
atman	paired-t	PT2-PR2	23	0.05	0	2938
atman	paired-t	PT2-PR2	23	0.1	0	2938
atman	moderated	PT2-PR2	23	0.01	0	2938
atman	moderated	PT2-PR2	23	0.05	0	2938
atman	moderated	PT2-PR2	23	0.1	0	2938
atman	welch-t	PT2-PR2	23	0.01	0	2938
atman	welch-t	PT2-PR2	23	0.05	0	2938
atman	welch-t	PT2-PR2	23	0.1	0	2938
atman	paired-t	PT2-PR2	24	0.01	7	2938
atman	paired-t	PT2-PR2	24	0.05	60	2938
atman	paired-t	PT2-PR2	24	0.1	134	2938
atman	moderated	PT2-PR2	24	0.01	1	2938
atman	moderated	PT2-PR2	24	0.05	1	2938
atman	moderated	PT2-PR2	24	0.1	20	2938
atman	welch-t	PT2-PR2	24	0.01	0	2938
atman	welch-t	PT2-PR2	24	0.05	0	2938
atman	welch-t	PT2-PR2	24	0.1	0	2938
atman	paired-t	PT2-PR2	25	0.01	0	2938
atman	paired-t	PT2-PR2	25	0.05	0	2938
atman	paired-t	PT2-PR2	25	0.1	0	2938
atman	moderated	PT2-PR2	25	0.01	0	2938
atman	moderated	PT2-PR2	25	0.05	0	2938
atman	moderated	PT2-PR2	25	0.1	0	2938
atman	welch-t	PT2-PR2	25	0.01	0	2938
atman	welch-t	PT2-PR2	25	0.05	0	2938
atman	welch-t	PT2-PR2	25	0.1	0	2938
atman	paired-t	PT2-PR2	26	0.01	0	2938
atman	paired-t	PT2-PR2	26	0.05	0	2938
atman	paired-t	PT2-PR2	26	0.1	0	2938
atman	moderated	PT2-PR2	26	0.01	0	2938
atman	moderated	PT2-PR2	26	0.05	0	2938
atman	moderated	PT2-PR2	26	0.1	0	2938
atman	welch-t	PT2-PR2	26	0.01	0	2938
atman	welch-t	PT2-PR2	26	0.05	0	2938
atman	welch-t	PT2-PR2	26	0.1	0	2938
atman	paired-t	PT2-PR2	27	0.01	1	2938
atman	paired-t	PT2-PR2	27	0.05	25	2938
atman	paired-t	PT2-PR2	27	0.1	127	2938
atman	moderated	PT2-PR2	27	0.01	0	2938
atman	moderated	PT2-PR2	27	0.05	14	2938
atman	moderated	PT2-PR2	27	0.1	65	2938
atman	welch-t	PT2-PR2	27	0.01	0	2938
atman	welch-t	PT2-PR2	27	0.05	0	2938
atman	welch-t	PT2-PR2	27	0.1	0	2938
atman	paired-t	PT2-PR2	28	0.01	0	2938
atman	paired-t	PT2-PR2	28	0.05	0	2938
atman	paired-t	PT2-PR2	28	0.1	0	2938
atman	moderated	PT2-PR2	28	0.01	0	2938
atman	moderated	PT2-PR2	28	0.05	0	2938
atman	moderated	PT2-PR2	28	0.1	0	2938
atman	welch-t	PT2-PR2	28	0.01	0	2938
atman	welch-t	PT2-PR2	28	0.05	0	2938
atman	welch-t	PT2-PR2	28	0.1	0	2938
atman	paired-t	PT2-PR2	29	0.01	0	2938
atman	paired-t	PT2-PR2	29	0.05	0	2938
atman	paired-t	PT2-PR2	29	0.1	0	2938
atman	moderated	PT2-PR2	29	0.01	0	2938
atman	moderated	PT2-PR2	29	0.05	0	2938
atman	moderated	PT2-PR2	29	0.1	0	2938
atman	welch-t	PT2-PR2	29	0.01	0	2938
atman	welch-t	PT2-PR2	29	0.05	0	2938
atman	welch-t	PT2-PR2	29	0.1	0	2938
atman	paired-t	PT2-PR2	30	0.01	0	2938
atman	paired-t	PT2-PR2	30	0.05	0	2938
atman	paired-t	PT2-PR2	30	0.1	0	2938
atman	moderated	PT2-PR2	30	0.01	0	2938
atman	moderated	PT2-PR2	30	0.05	0	2938
atman	moderated	PT2-PR2	30	0.1	0	2938
atman	welch-t	PT2-PR2	30	0.01	0	2938
atman	welch-t	PT2-PR2	30	0.05	0	2938
atman	welch-t	PT2-PR2	30	0.1	0	2938
atman	paired-t	PT2-PR2	31	0.01	0	2938
atman	paired-t	PT2-PR2	31	0.05	0	2938
atman	paired-t	PT2-PR2	31	0.1	0	2938
atman	moderated	PT2-PR2	31	0.01	0	2938
atman	moderated	PT2-PR2	31	0.05	0	2938
atman	moderated	PT2-PR2	31	0.1	0	2938
atman	welch-t	PT2-PR2	31	0.01	0	2938
atman	welch-t	PT2-PR2	31	0.05	0	2938
atman	welch-t	PT2-PR2	31	0.1	0	2938
atman	paired-t	PT2-PR2	32	0.01	0	2938
atman	paired-t	PT2-PR2	32	0.05	0	2938
atman	paired-t	PT2-PR2	32	0.1	0	2938
atman	moderated	PT2-PR2	32	0.01	0	2938
atman	moderated	PT2-PR2	32	0.05	0	2938
atman	moderated	PT2-PR2	32	0.1	353	2938
atman	welch-t	PT2-PR2	32	0.01	0	2938
atman	welch-t	PT2-PR2	32	0.05	0	2938
atman	welch-t	PT2-PR2	32	0.1	0	2938
atman	paired-t	PT2-PR2	33	0.01	0	2938
atman	paired-t	PT2-PR2	33	0.05	0	2938
atman	paired-t	PT2-PR2	33	0.1	0	2938
atman	moderated	PT2-PR2	33	0.01	0	2938
atman	moderated	PT2-PR2	33	0.05	0	2938
atman	moderated	PT2-PR2	33	0.1	0	2938
atman	welch-t	PT2-PR2	33	0.01	0	2938
atman	welch-t	PT2-PR2	33	0.05	0	2938
atman	welch-t	PT2-PR2	33	0.1	0	2938
atman	paired-t	PT2-PR2	34	0.01	0	2938
atman	paired-t	PT2-PR2	34	0.05	0	2938
atman	paired-t	PT2-PR2	34	0.1	0	2938
atman	moderated	PT2-PR2	34	0.01	0	2938
atman	moderated	PT2-PR2	34	0.05	0	2938
atman	moderated	PT2-PR2	34	0.1	0	2938
atman	welch-t	PT2-PR2	34	0.01	0	2938
atman	welch-t	PT2-PR2	34	0.05	0	2938
atman	welch-t	PT2-PR2	34	0.1	0	2938
atman	paired-t	PT2-PR2	35	0.01	0	2938
atman	paired-t	PT2-PR2	35	0.05	0	2938
atman	paired-t	PT2-PR2	35	0.1	0	2938
atman	moderated	PT2-PR2	35	0.01	0	2938
atman	moderated	PT2-PR2	35	0.05	0	2938
atman	moderated	PT2-PR2	35	0.1	0	2938
atman	welch-t	PT2-PR2	35	0.01	0	2938
atman	welch-t	PT2-PR2	35	0.05	0	2938
atman	welch-t	PT2-PR2	35	0.1	0	2938
atman	paired-t	PT2-PR2	36	0.01	0	2938
atman	paired-t	PT2-PR2	36	0.05	0	2938
atman	paired-t	PT2-PR2	36	0.1	0	2938
atman	moderated	PT2-PR2	36	0.01	0	2938
atman	moderated	PT2-PR2	36	0.05	0	2938
atman	moderated	PT2-PR2	36	0.1	0	2938
atman	welch-t	PT2-PR2	36	0.01	0	2938
atman	welch-t	PT2-PR2	36	0.05	0	2938
atman	welch-t	PT2-PR2	36	0.1	0	2938
atman	paired-t	PT2-PR2	37	0.01	0	2938
atman	paired-t	PT2-PR2	37	0.05	0	2938
atman	paired-t	PT2-PR2	37	0.1	0	2938
atman	moderated	PT2-PR2	37	0.01	0	2938
atman	moderated	PT2-PR2	37	0.05	0	2938
atman	moderated	PT2-PR2	37	0.1	0	2938
atman	welch-t	PT2-PR2	37	0.01	0	2938
atman	welch-t	PT2-PR2	37	0.05	0	2938
atman	welch-t	PT2-PR2	37	0.1	0	2938
atman	paired-t	PT2-PR2	38	0.01	0	2938
atman	paired-t	PT2-PR2	38	0.05	0	2938
atman	paired-t	PT2-PR2	38	0.1	0	2938
atman	moderated	PT2-PR2	38	0.01	0	2938
atman	moderated	PT2-PR2	38	0.05	0	2938
atman	moderated	PT2-PR2	38	0.1	0	2938
atman	welch-t	PT2-PR2	38	0.01	0	2938
atman	welch-t	PT2-PR2	38	0.05	0	2938
atman	welch-t	PT2-PR2	38	0.1	0	2938
atman	paired-t	PT2-PR2	39	0.01	0	2938
atman	paired-t	PT2-PR2	39	0.05	0	2938
atman	paired-t	PT2-PR2	39	0.1	0	2938
atman	moderated	PT2-PR2	39	0.01	0	2938
atman	moderated	PT2-PR2	39	0.05	0	2938
atman	moderated	PT2-PR2	39	0.1	0	2938
atman	welch-t	PT2-PR2	39	0.01	0	2938
atman	welch-t	PT2-PR2	39	0.05	0	2938
atman	welch-t	PT2-PR2	39	0.1	0	2938
atman	paired-t	PT2-PR2	40	0.01	0	2938
atman	paired-t	PT2-PR2	40	0.05	0	2938
atman	paired-t	PT2-PR2	40	0.1	3	2938
atman	moderated	PT2-PR2	40	0.01	0	2938
atman	moderated	PT2-PR2	40	0.05	0	2938
atman	moderated	PT2-PR2	40	0.1	0	2938
atman	welch-t	PT2-PR2	40	0.01	0	2938
atman	welch-t	PT2-PR2	40	0.05	0	2938
atman	welch-t	PT2-PR2	40	0.1	0	2938
atman	paired-t	PT2-PR2	41	0.01	0	2938
atman	paired-t	PT2-PR2	41	0.05	0	2938
atman	paired-t	PT2-PR2	41	0.1	0	2938
atman	moderated	PT2-PR2	41	0.01	0	2938
atman	moderated	PT2-PR2	41	0.05	0	2938
atman	moderated	PT2-PR2	41	0.1	0	2938
atman	welch-t	PT2-PR2	41	0.01	0	2938
atman	welch-t	PT2-PR2	41	0.05	0	2938
atman	welch-t	PT2-PR2	41	0.1	0	2938
atman	paired-t	PT2-PR2	42	0.01	0	2938
atman	paired-t	PT2-PR2	42	0.05	0	2938
atman	paired-t	PT2-PR2	42	0.1	0	2938
atman	moderated	PT2-PR2	42	0.01	0	2938
atman	moderated	PT2-PR2	42	0.05	0	2938
atman	moderated	PT2-PR2	42	0.1	0	2938
atman	welch-t	PT2-PR2	42	0.01	0	2938
atman	welch-t	PT2-PR2	42	0.05	0	2938
atman	welch-t	PT2-PR2	42	0.1	0	2938
atman	paired-t	PT2-PR2	43	0.01	0	2938
atman	paired-t	PT2-PR2	43	0.05	0	2938
atman	paired-t	PT2-PR2	43	0.1	0	2938
atman	moderated	PT2-PR2	43	0.01	0	2938
atman	moderated	PT2-PR2	43	0.05	0	2938
atman	moderated	PT2-PR2	43	0.1	0	2938
atman	welch-t	PT2-PR2	43	0.01	0	2938
atman	welch-t	PT2-PR2	43	0.05	0	2938
atman	welch-t	PT2-PR2	43	0.1	0	2938
atman	paired-t	PT2-PR2	44	0.01	0	2938
atman	paired-t	PT2-PR2	44	0.05	0	2938
atman	paired-t	PT2-PR2	44	0.1	0	2938
atman	moderated	PT2-PR2	44	0.01	0	2938
atman	moderated	PT2-PR2	44	0.05	0	2938
atman	moderated	PT2-PR2	44	0.1	0	2938
atman	welch-t	PT2-PR2	44	0.01	0	2938
atman	welch-t	PT2-PR2	44	0.05	0	2938
atman	welch-t	PT2-PR2	44	0.1	0	2938
atman	paired-t	PT2-PR2	45	0.01	0	2938
atman	paired-t	PT2-PR2	45	0.05	0	2938
atman	paired-t	PT2-PR2	45	0.1	0	2938
atman	moderated	PT2-PR2	45	0.01	0	2938
atman	moderated	PT2-PR2	45	0.05	0	2938
atman	moderated	PT2-PR2	45	0.1	0	2938
atman	welch-t	PT2-PR2	45	0.01	0	2938
atman	welch-t	PT2-PR2	45	0.05	0	2938
atman	welch-t	PT2-PR2	45	0.1	0	2938
atman	paired-t	PT2-PR2	46	0.01	0	2938
atman	paired-t	PT2-PR2	46	0.05	0	2938
atman	paired-t	PT2-PR2	46	0.1	0	2938
atman	moderated	PT2-PR2	46	0.01	0	2938
atman	moderated	PT2-PR2	46	0.05	0	2938
atman	moderated	PT2-PR2	46	0.1	0	2938
atman	welch-t	PT2-PR2	46	0.01	0	2938
atman	welch-t	PT2-PR2	46	0.05	0	2938
atman	welch-t	PT2-PR2	46	0.1	0	2938
atman	paired-t	PT2-PR2	47	0.01	0	2938
atman	paired-t	PT2-PR2	47	0.05	0	2938
atman	paired-t	PT2-PR2	47	0.1	0	2938
atman	moderated	PT2-PR2	47	0.01	0	2938
atman	moderated	PT2-PR2	47	0.05	0	2938
atman	moderated	PT2-PR2	47	0.1	0	2938
atman	welch-t	PT2-PR2	47	0.01	0	2938
atman	welch-t	PT2-PR2	47	0.05	0	2938
atman	welch-t	PT2-PR2	47	0.1	0	2938
atman	paired-t	PT2-PR2	48	0.01	0	2938
atman	paired-t	PT2-PR2	48	0.05	0	2938
atman	paired-t	PT2-PR2	48	0.1	0	2938
atman	moderated	PT2-PR2	48	0.01	0	2938
atman	moderated	PT2-PR2	48	0.05	0	2938
atman	moderated	PT2-PR2	48	0.1	0	2938
atman	welch-t	PT2-PR2	48	0.01	0	2938
atman	welch-t	PT2-PR2	48	0.05	0	2938
atman	welch-t	PT2-PR2	48	0.1	0	2938
atman	paired-t	PT2-PR2	49	0.01	0	2938
atman	paired-t	PT2-PR2	49	0.05	1	2938
atman	paired-t	PT2-PR2	49	0.1	1	2938
atman	moderated	PT2-PR2	49	0.01	0	2938
atman	moderated	PT2-PR2	49	0.05	0	2938
atman	moderated	PT2-PR2	49	0.1	0	2938
atman	welch-t	PT2-PR2	49	0.01	0	2938
atman	welch-t	PT2-PR2	49	0.05	0	2938
atman	welch-t	PT2-PR2	49	0.1	0	2938
atman	paired-t	PT2-PR2	50	0.01	0	2938
atman	paired-t	PT2-PR2	50	0.05	0	2938
atman	paired-t	PT2-PR2	50	0.1	0	2938
atman	moderated	PT2-PR2	50	0.01	0	2938
atman	moderated	PT2-PR2	50	0.05	0	2938
atman	moderated	PT2-PR2	50	0.1	338	2938
atman	welch-t	PT2-PR2	50	0.01	0	2938
atman	welch-t	PT2-PR2	50	0.05	0	2938
atman	welch-t	PT2-PR2	50	0.1	0	2938
atman	paired-t	PT2-PR2	51	0.01	0	2938
atman	paired-t	PT2-PR2	51	0.05	0	2938
atman	paired-t	PT2-PR2	51	0.1	0	2938
atman	moderated	PT2-PR2	51	0.01	0	2938
atman	moderated	PT2-PR2	51	0.05	0	2938
atman	moderated	PT2-PR2	51	0.1	353	2938
atman	welch-t	PT2-PR2	51	0.01	0	2938
atman	welch-t	PT2-PR2	51	0.05	0	2938
atman	welch-t	PT2-PR2	51	0.1	0	2938
atman	paired-t	PT2-PR2	52	0.01	0	2938
atman	paired-t	PT2-PR2	52	0.05	0	2938
atman	paired-t	PT2-PR2	52	0.1	0	2938
atman	moderated	PT2-PR2	52	0.01	0	2938
atman	moderated	PT2-PR2	52	0.05	0	2938
atman	moderated	PT2-PR2	52	0.1	0	2938
atman	welch-t	PT2-PR2	52	0.01	0	2938
atman	welch-t	PT2-PR2	52	0.05	0	2938
atman	welch-t	PT2-PR2	52	0.1	0	2938
atman	paired-t	PT2-PR2	53	0.01	0	2938
atman	paired-t	PT2-PR2	53	0.05	0	2938
atman	paired-t	PT2-PR2	53	0.1	0	2938
atman	moderated	PT2-PR2	53	0.01	0	2938
atman	moderated	PT2-PR2	53	0.05	0	2938
atman	moderated	PT2-PR2	53	0.1	0	2938
atman	welch-t	PT2-PR2	53	0.01	0	2938
atman	welch-t	PT2-PR2	53	0.05	0	2938
atman	welch-t	PT2-PR2	53	0.1	0	2938
atman	paired-t	PT2-PR2	54	0.01	0	2938
atman	paired-t	PT2-PR2	54	0.05	0	2938
atman	paired-t	PT2-PR2	54	0.1	0	2938
atman	moderated	PT2-PR2	54	0.01	0	2938
atman	moderated	PT2-PR2	54	0.05	0	2938
atman	moderated	PT2-PR2	54	0.1	0	2938
atman	welch-t	PT2-PR2	54	0.01	0	2938
atman	welch-t	PT2-PR2	54	0.05	0	2938
atman	welch-t	PT2-PR2	54	0.1	0	2938
atman	paired-t	PT2-PR2	55	0.01	0	2938
atman	paired-t	PT2-PR2	55	0.05	0	2938
atman	paired-t	PT2-PR2	55	0.1	0	2938
atman	moderated	PT2-PR2	55	0.01	0	2938
atman	moderated	PT2-PR2	55	0.05	0	2938
atman	moderated	PT2-PR2	55	0.1	0	2938
atman	welch-t	PT2-PR2	55	0.01	0	2938
atman	welch-t	PT2-PR2	55	0.05	0	2938
atman	welch-t	PT2-PR2	55	0.1	0	2938
atman	paired-t	PT2-PR2	56	0.01	0	2938
atman	paired-t	PT2-PR2	56	0.05	1	2938
atman	paired-t	PT2-PR2	56	0.1	1	2938
atman	moderated	PT2-PR2	56	0.01	0	2938
atman	moderated	PT2-PR2	56	0.05	0	2938
atman	moderated	PT2-PR2	56	0.1	0	2938
atman	welch-t	PT2-PR2	56	0.01	0	2938
atman	welch-t	PT2-PR2	56	0.05	0	2938
atman	welch-t	PT2-PR2	56	0.1	0	2938
atman	paired-t	PT2-PR2	57	0.01	0	2938
atman	paired-t	PT2-PR2	57	0.05	0	2938
atman	paired-t	PT2-PR2	57	0.1	0	2938
atman	moderated	PT2-PR2	57	0.01	0	2938
atman	moderated	PT2-PR2	57	0.05	0	2938
atman	moderated	PT2-PR2	57	0.1	335	2938
atman	welch-t	PT2-PR2	57	0.01	0	2938
atman	welch-t	PT2-PR2	57	0.05	0	2938
atman	welch-t	PT2-PR2	57	0.1	0	2938
atman	paired-t	PT2-PR2	58	0.01	0	2938
atman	paired-t	PT2-PR2	58	0.05	1	2938
atman	paired-t	PT2-PR2	58	0.1	1	2938
atman	moderated	PT2-PR2	58	0.01	0	2938
atman	moderated	PT2-PR2	58	0.05	0	2938
atman	moderated	PT2-PR2	58	0.1	0	2938
atman	welch-t	PT2-PR2	58	0.01	0	2938
atman	welch-t	PT2-PR2	58	0.05	0	2938
atman	welch-t	PT2-PR2	58	0.1	0	2938
atman	paired-t	PT2-PR2	59	0.01	0	2938
atman	paired-t	PT2-PR2	59	0.05	1	2938
atman	paired-t	PT2-PR2	59	0.1	1	2938
atman	moderated	PT2-PR2	59	0.01	0	2938
atman	moderated	PT2-PR2	59	0.05	0	2938
atman	moderated	PT2-PR2	59	0.1	0	2938
atman	welch-t	PT2-PR2	59	0.01	0	2938
atman	welch-t	PT2-PR2	59	0.05	0	2938
atman	welch-t	PT2-PR2	59	0.1	0	2938
atman	paired-t	PT2-PR2	60	0.01	0	2938
atman	paired-t	PT2-PR2	60	0.05	0	2938
atman	paired-t	PT2-PR2	60	0.1	0	2938
atman	moderated	PT2-PR2	60	0.01	0	2938
atman	moderated	PT2-PR2	60	0.05	0	2938
atman	moderated	PT2-PR2	60	0.1	0	2938
atman	welch-t	PT2-PR2	60	0.01	0	2938
atman	welch-t	PT2-PR2	60	0.05	0	2938
atman	welch-t	PT2-PR2	60	0.1	0	2938
atman	paired-t	PT2-PR2	61	0.01	0	2938
atman	paired-t	PT2-PR2	61	0.05	0	2938
atman	paired-t	PT2-PR2	61	0.1	0	2938
atman	moderated	PT2-PR2	61	0.01	0	2938
atman	moderated	PT2-PR2	61	0.05	0	2938
atman	moderated	PT2-PR2	61	0.1	0	2938
atman	welch-t	PT2-PR2	61	0.01	0	2938
atman	welch-t	PT2-PR2	61	0.05	0	2938
atman	welch-t	PT2-PR2	61	0.1	0	2938
atman	paired-t	PT2-PR2	62	0.01	0	2938
atman	paired-t	PT2-PR2	62	0.05	0	2938
atman	paired-t	PT2-PR2	62	0.1	0	2938
atman	moderated	PT2-PR2	62	0.01	0	2938
atman	moderated	PT2-PR2	62	0.05	0	2938
atman	moderated	PT2-PR2	62	0.1	0	2938
atman	welch-t	PT2-PR2	62	0.01	0	2938
atman	welch-t	PT2-PR2	62	0.05	0	2938
atman	welch-t	PT2-PR2	62	0.1	0	2938
atman	paired-t	PT2-PR2	63	0.01	0	2938
atman	paired-t	PT2-PR2	63	0.05	0	2938
atman	paired-t	PT2-PR2	63	0.1	0	2938
atman	moderated	PT2-PR2	63	0.01	0	2938
atman	moderated	PT2-PR2	63	0.05	0	2938
atman	moderated	PT2-PR2	63	0.1	0	2938
atman	welch-t	PT2-PR2	63	0.01	0	2938
atman	welch-t	PT2-PR2	63	0.05	0	2938
atman	welch-t	PT2-PR2	63	0.1	0	2938
atman	paired-t	PT2-PR2	64	0.01	0	2938
atman	paired-t	PT2-PR2	64	0.05	0	2938
atman	paired-t	PT2-PR2	64	0.1	0	2938
atman	moderated	PT2-PR2	64	0.01	0	2938
atman	moderated	PT2-PR2	64	0.05	0	2938
atman	moderated	PT2-PR2	64	0.1	0	2938
atman	welch-t	PT2-PR2	64	0.01	0	2938
atman	welch-t	PT2-PR2	64	0.05	0	2938
atman	welch-t	PT2-PR2	64	0.1	0	2938
atman	paired-t	PT2-PR2	65	0.01	0	2938
atman	paired-t	PT2-PR2	65	0.05	0	2938
atman	paired-t	PT2-PR2	65	0.1	0	2938
atman	moderated	PT2-PR2	65	0.01	0	2938
atman	moderated	PT2-PR2	65	0.05	0	2938
atman	moderated	PT2-PR2	65	0.1	0	2938
atman	welch-t	PT2-PR2	65	0.01	0	2938
atman	welch-t	PT2-PR2	65	0.05	0	2938
atman	welch-t	PT2-PR2	65	0.1	0	2938
atman	paired-t	PT2-PR2	66	0.01	0	2938
atman	paired-t	PT2-PR2	66	0.05	0	2938
atman	paired-t	PT2-PR2	66	0.1	0	2938
atman	moderated	PT2-PR2	66	0.01	0	2938
atman	moderated	PT2-PR2	66	0.05	0	2938
atman	moderated	PT2-PR2	66	0.1	0	2938
atman	welch-t	PT2-PR2	66	0.01	0	2938
atman	welch-t	PT2-PR2	66	0.05	0	2938
atman	welch-t	PT2-PR2	66	0.1	0	2938
atman	paired-t	PT2-PR2	67	0.01	0	2938
atman	paired-t	PT2-PR2	67	0.05	0	2938
atman	paired-t	PT2-PR2	67	0.1	0	2938
atman	moderated	PT2-PR2	67	0.01	0	2938
atman	moderated	PT2-PR2	67	0.05	0	2938
atman	moderated	PT2-PR2	67	0.1	0	2938
atman	welch-t	PT2-PR2	67	0.01	0	2938
atman	welch-t	PT2-PR2	67	0.05	0	2938
atman	welch-t	PT2-PR2	67	0.1	0	2938
atman	paired-t	PT2-PR2	68	0.01	0	2938
atman	paired-t	PT2-PR2	68	0.05	0	2938
atman	paired-t	PT2-PR2	68	0.1	0	2938
atman	moderated	PT2-PR2	68	0.01	0	2938
atman	moderated	PT2-PR2	68	0.05	0	2938
atman	moderated	PT2-PR2	68	0.1	0	2938
atman	welch-t	PT2-PR2	68	0.01	0	2938
atman	welch-t	PT2-PR2	68	0.05	0	2938
atman	welch-t	PT2-PR2	68	0.1	0	2938
atman	paired-t	PT2-PR2	69	0.01	0	2938
atman	paired-t	PT2-PR2	69	0.05	0	2938
atman	paired-t	PT2-PR2	69	0.1	0	2938
atman	moderated	PT2-PR2	69	0.01	0	2938
atman	moderated	PT2-PR2	69	0.05	0	2938
atman	moderated	PT2-PR2	69	0.1	0	2938
atman	welch-t	PT2-PR2	69	0.01	0	2938
atman	welch-t	PT2-PR2	69	0.05	0	2938
atman	welch-t	PT2-PR2	69	0.1	0	2938
atman	paired-t	PT2-PR2	70	0.01	0	2938
atman	paired-t	PT2-PR2	70	0.05	0	2938
atman	paired-t	PT2-PR2	70	0.1	0	2938
atman	moderated	PT2-PR2	70	0.01	0	2938
atman	moderated	PT2-PR2	70	0.05	0	2938
atman	moderated	PT2-PR2	70	0.1	0	2938
atman	welch-t	PT2-PR2	70	0.01	0	2938
atman	welch-t	PT2-PR2	70	0.05	0	2938
atman	welch-t	PT2-PR2	70	0.1	0	2938
atman	paired-t	PT2-PR2	71	0.01	0	2938
atman	paired-t	PT2-PR2	71	0.05	0	2938
atman	paired-t	PT2-PR2	71	0.1	0	2938
atman	moderated	PT2-PR2	71	0.01	0	2938
atman	moderated	PT2-PR2	71	0.05	0	2938
atman	moderated	PT2-PR2	71	0.1	0	2938
atman	welch-t	PT2-PR2	71	0.01	0	2938
atman	welch-t	PT2-PR2	71	0.05	0	2938
atman	welch-t	PT2-PR2	71	0.1	0	2938
atman	paired-t	PT2-PR2	72	0.01	0	2938
atman	paired-t	PT2-PR2	72	0.05	0	2938
atman	paired-t	PT2-PR2	72	0.1	0	2938
atman	moderated	PT2-PR2	72	0.01	0	2938
atman	moderated	PT2-PR2	72	0.05	0	2938
atman	moderated	PT2-PR2	72	0.1	0	2938
atman	welch-t	PT2-PR2	72	0.01	0	2938
atman	welch-t	PT2-PR2	72	0.05	0	2938
atman	welch-t	PT2-PR2	72	0.1	0	2938
atman	paired-t	PT2-PR2	73	0.01	0	2938
atman	paired-t	PT2-PR2	73	0.05	0	2938
atman	paired-t	PT2-PR2	73	0.1	0	2938
atman	moderated	PT2-PR2	73	0.01	0	2938
atman	moderated	PT2-PR2	73	0.05	0	2938
atman	moderated	PT2-PR2	73	0.1	0	2938
atman	welch-t	PT2-PR2	73	0.01	0	2938
atman	welch-t	PT2-PR2	73	0.05	0	2938
atman	welch-t	PT2-PR2	73	0.1	0	2938
atman	paired-t	PT2-PR2	74	0.01	0	2938
atman	paired-t	PT2-PR2	74	0.05	0	2938
atman	paired-t	PT2-PR2	74	0.1	0	2938
atman	moderated	PT2-PR2	74	0.01	0	2938
atman	moderated	PT2-PR2	74	0.05	0	2938
atman	moderated	PT2-PR2	74	0.1	0	2938
atman	welch-t	PT2-PR2	74	0.01	0	2938
atman	welch-t	PT2-PR2	74	0.05	0	2938
atman	welch-t	PT2-PR2	74	0.1	0	2938
atman	paired-t	PT2-PR2	75	0.01	1	2938
atman	paired-t	PT2-PR2	75	0.05	1	2938
atman	paired-t	PT2-PR2	75	0.1	1	2938
atman	moderated	PT2-PR2	75	0.01	0	2938
atman	moderated	PT2-PR2	75	0.05	0	2938
atman	moderated	PT2-PR2	75	0.1	0	2938
atman	welch-t	PT2-PR2	75	0.01	0	2938
atman	welch-t	PT2-PR2	75	0.05	0	2938
atman	welch-t	PT2-PR2	75	0.1	0	2938
atman	paired-t	PT2-PR2	76	0.01	0	2938
atman	paired-t	PT2-PR2	76	0.05	0	2938
atman	paired-t	PT2-PR2	76	0.1	0	2938
atman	moderated	PT2-PR2	76	0.01	0	2938
atman	moderated	PT2-PR2	76	0.05	0	2938
atman	moderated	PT2-PR2	76	0.1	0	2938
atman	welch-t	PT2-PR2	76	0.01	0	2938
atman	welch-t	PT2-PR2	76	0.05	0	2938
atman	welch-t	PT2-PR2	76	0.1	0	2938
atman	paired-t	PT2-PR2	77	0.01	0	2938
atman	paired-t	PT2-PR2	77	0.05	0	2938
atman	paired-t	PT2-PR2	77	0.1	0	2938
atman	moderated	PT2-PR2	77	0.01	0	2938
atman	moderated	PT2-PR2	77	0.05	0	2938
atman	moderated	PT2-PR2	77	0.1	0	2938
atman	welch-t	PT2-PR2	77	0.01	0	2938
atman	welch-t	PT2-PR2	77	0.05	0	2938
atman	welch-t	PT2-PR2	77	0.1	0	2938
atman	paired-t	PT2-PR2	78	0.01	0	2938
atman	paired-t	PT2-PR2	78	0.05	0	2938
atman	paired-t	PT2-PR2	78	0.1	0	2938
atman	moderated	PT2-PR2	78	0.01	0	2938
atman	moderated	PT2-PR2	78	0.05	0	2938
atman	moderated	PT2-PR2	78	0.1	0	2938
atman	welch-t	PT2-PR2	78	0.01	0	2938
atman	welch-t	PT2-PR2	78	0.05	0	2938
atman	welch-t	PT2-PR2	78	0.1	0	2938
atman	paired-t	PT2-PR2	79	0.01	0	2938
atman	paired-t	PT2-PR2	79	0.05	0	2938
atman	paired-t	PT2-PR2	79	0.1	0	2938
atman	moderated	PT2-PR2	79	0.01	0	2938
atman	moderated	PT2-PR2	79	0.05	0	2938
atman	moderated	PT2-PR2	79	0.1	0	2938
atman	welch-t	PT2-PR2	79	0.01	0	2938
atman	welch-t	PT2-PR2	79	0.05	0	2938
atman	welch-t	PT2-PR2	79	0.1	0	2938
atman	paired-t	PT2-PR2	80	0.01	1	2938
atman	paired-t	PT2-PR2	80	0.05	1	2938
atman	paired-t	PT2-PR2	80	0.1	1	2938
atman	moderated	PT2-PR2	80	0.01	0	2938
atman	moderated	PT2-PR2	80	0.05	0	2938
atman	moderated	PT2-PR2	80	0.1	0	2938
atman	welch-t	PT2-PR2	80	0.01	0	2938
atman	welch-t	PT2-PR2	80	0.05	0	2938
atman	welch-t	PT2-PR2	80	0.1	0	2938
atman	paired-t	PT2-PR2	81	0.01	0	2938
atman	paired-t	PT2-PR2	81	0.05	0	2938
atman	paired-t	PT2-PR2	81	0.1	0	2938
atman	moderated	PT2-PR2	81	0.01	0	2938
atman	moderated	PT2-PR2	81	0.05	0	2938
atman	moderated	PT2-PR2	81	0.1	0	2938
atman	welch-t	PT2-PR2	81	0.01	0	2938
atman	welch-t	PT2-PR2	81	0.05	0	2938
atman	welch-t	PT2-PR2	81	0.1	0	2938
atman	paired-t	PT2-PR2	82	0.01	0	2938
atman	paired-t	PT2-PR2	82	0.05	0	2938
atman	paired-t	PT2-PR2	82	0.1	0	2938
atman	moderated	PT2-PR2	82	0.01	0	2938
atman	moderated	PT2-PR2	82	0.05	0	2938
atman	moderated	PT2-PR2	82	0.1	0	2938
atman	welch-t	PT2-PR2	82	0.01	0	2938
atman	welch-t	PT2-PR2	82	0.05	0	2938
atman	welch-t	PT2-PR2	82	0.1	0	2938
atman	paired-t	PT2-PR2	83	0.01	0	2938
atman	paired-t	PT2-PR2	83	0.05	0	2938
atman	paired-t	PT2-PR2	83	0.1	0	2938
atman	moderated	PT2-PR2	83	0.01	0	2938
atman	moderated	PT2-PR2	83	0.05	0	2938
atman	moderated	PT2-PR2	83	0.1	0	2938
atman	welch-t	PT2-PR2	83	0.01	0	2938
atman	welch-t	PT2-PR2	83	0.05	0	2938
atman	welch-t	PT2-PR2	83	0.1	0	2938
atman	paired-t	PT2-PR2	84	0.01	0	2938
atman	paired-t	PT2-PR2	84	0.05	0	2938
atman	paired-t	PT2-PR2	84	0.1	309	2938
atman	moderated	PT2-PR2	84	0.01	0	2938
atman	moderated	PT2-PR2	84	0.05	364	2938
atman	moderated	PT2-PR2	84	0.1	469	2938
atman	welch-t	PT2-PR2	84	0.01	0	2938
atman	welch-t	PT2-PR2	84	0.05	0	2938
atman	welch-t	PT2-PR2	84	0.1	0	2938
atman	paired-t	PT2-PR2	85	0.01	0	2938
atman	paired-t	PT2-PR2	85	0.05	0	2938
atman	paired-t	PT2-PR2	85	0.1	0	2938
atman	moderated	PT2-PR2	85	0.01	0	2938
atman	moderated	PT2-PR2	85	0.05	0	2938
atman	moderated	PT2-PR2	85	0.1	0	2938
atman	welch-t	PT2-PR2	85	0.01	0	2938
atman	welch-t	PT2-PR2	85	0.05	0	2938
atman	welch-t	PT2-PR2	85	0.1	0	2938
atman	paired-t	PT2-PR2	86	0.01	0	2938
atman	paired-t	PT2-PR2	86	0.05	0	2938
atman	paired-t	PT2-PR2	86	0.1	0	2938
atman	moderated	PT2-PR2	86	0.01	0	2938
atman	moderated	PT2-PR2	86	0.05	0	2938
atman	moderated	PT2-PR2	86	0.1	0	2938
atman	welch-t	PT2-PR2	86	0.01	0	2938
atman	welch-t	PT2-PR2	86	0.05	0	2938
atman	welch-t	PT2-PR2	86	0.1	0	2938
atman	paired-t	PT2-PR2	87	0.01	0	2938
atman	paired-t	PT2-PR2	87	0.05	0	2938
atman	paired-t	PT2-PR2	87	0.1	0	2938
atman	moderated	PT2-PR2	87	0.01	0	2938
atman	moderated	PT2-PR2	87	0.05	0	2938
atman	moderated	PT2-PR2	87	0.1	335	2938
atman	welch-t	PT2-PR2	87	0.01	0	2938
atman	welch-t	PT2-PR2	87	0.05	0	2938
atman	welch-t	PT2-PR2	87	0.1	0	2938
atman	paired-t	PT2-PR2	88	0.01	0	2938
atman	paired-t	PT2-PR2	88	0.05	0	2938
atman	paired-t	PT2-PR2	88	0.1	0	2938
atman	moderated	PT2-PR2	88	0.01	0	2938
atman	moderated	PT2-PR2	88	0.05	0	2938
atman	moderated	PT2-PR2	88	0.1	0	2938
atman	welch-t	PT2-PR2	88	0.01	0	2938
atman	welch-t	PT2-PR2	88	0.05	0	2938
atman	welch-t	PT2-PR2	88	0.1	0	2938
atman	paired-t	PT2-PR2	89	0.01	0	2938
atman	paired-t	PT2-PR2	89	0.05	0	2938
atman	paired-t	PT2-PR2	89	0.1	0	2938
atman	moderated	PT2-PR2	89	0.01	0	2938
atman	moderated	PT2-PR2	89	0.05	1	2938
atman	moderated	PT2-PR2	89	0.1	1	2938
atman	welch-t	PT2-PR2	89	0.01	0	2938
atman	welch-t	PT2-PR2	89	0.05	0	2938
atman	welch-t	PT2-PR2	89	0.1	0	2938
atman	paired-t	PT2-PR2	90	0.01	0	2938
atman	paired-t	PT2-PR2	90	0.05	0	2938
atman	paired-t	PT2-PR2	90	0.1	0	2938
atman	moderated	PT2-PR2	90	0.01	0	2938
atman	moderated	PT2-PR2	90	0.05	0	2938
atman	moderated	PT2-PR2	90	0.1	0	2938
atman	welch-t	PT2-PR2	90	0.01	0	2938
atman	welch-t	PT2-PR2	90	0.05	0	2938
atman	welch-t	PT2-PR2	90	0.1	0	2938
atman	paired-t	PT2-PR2	91	0.01	0	2938
atman	paired-t	PT2-PR2	91	0.05	0	2938
atman	paired-t	PT2-PR2	91	0.1	0	2938
atman	moderated	PT2-PR2	91	0.01	0	2938
atman	moderated	PT2-PR2	91	0.05	0	2938
atman	moderated	PT2-PR2	91	0.1	0	2938
atman	welch-t	PT2-PR2	91	0.01	0	2938
atman	welch-t	PT2-PR2	91	0.05	0	2938
atman	welch-t	PT2-PR2	91	0.1	0	2938
atman	paired-t	PT2-PR2	92	0.01	0	2938
atman	paired-t	PT2-PR2	92	0.05	0	2938
atman	paired-t	PT2-PR2	92	0.1	0	2938
atman	moderated	PT2-PR2	92	0.01	0	2938
atman	moderated	PT2-PR2	92	0.05	0	2938
atman	moderated	PT2-PR2	92	0.1	0	2938
atman	welch-t	PT2-PR2	92	0.01	0	2938
atman	welch-t	PT2-PR2	92	0.05	0	2938
atman	welch-t	PT2-PR2	92	0.1	0	2938
atman	paired-t	PT2-PR2	93	0.01	0	2938
atman	paired-t	PT2-PR2	93	0.05	0	2938
atman	paired-t	PT2-PR2	93	0.1	0	2938
atman	moderated	PT2-PR2	93	0.01	0	2938
atman	moderated	PT2-PR2	93	0.05	0	2938
atman	moderated	PT2-PR2	93	0.1	0	2938
atman	welch-t	PT2-PR2	93	0.01	0	2938
atman	welch-t	PT2-PR2	93	0.05	0	2938
atman	welch-t	PT2-PR2	93	0.1	0	2938
atman	paired-t	PT2-PR2	94	0.01	0	2938
atman	paired-t	PT2-PR2	94	0.05	0	2938
atman	paired-t	PT2-PR2	94	0.1	0	2938
atman	moderated	PT2-PR2	94	0.01	0	2938
atman	moderated	PT2-PR2	94	0.05	0	2938
atman	moderated	PT2-PR2	94	0.1	0	2938
atman	welch-t	PT2-PR2	94	0.01	0	2938
atman	welch-t	PT2-PR2	94	0.05	0	2938
atman	welch-t	PT2-PR2	94	0.1	0	2938
atman	paired-t	PT2-PR2	95	0.01	0	2938
atman	paired-t	PT2-PR2	95	0.05	0	2938
atman	paired-t	PT2-PR2	95	0.1	0	2938
atman	moderated	PT2-PR2	95	0.01	0	2938
atman	moderated	PT2-PR2	95	0.05	0	2938
atman	moderated	PT2-PR2	95	0.1	0	2938
atman	welch-t	PT2-PR2	95	0.01	0	2938
atman	welch-t	PT2-PR2	95	0.05	0	2938
atman	welch-t	PT2-PR2	95	0.1	0	2938
atman	paired-t	PT2-PR2	96	0.01	0	2938
atman	paired-t	PT2-PR2	96	0.05	0	2938
atman	paired-t	PT2-PR2	96	0.1	0	2938
atman	moderated	PT2-PR2	96	0.01	0	2938
atman	moderated	PT2-PR2	96	0.05	0	2938
atman	moderated	PT2-PR2	96	0.1	0	2938
atman	welch-t	PT2-PR2	96	0.01	0	2938
atman	welch-t	PT2-PR2	96	0.05	0	2938
atman	welch-t	PT2-PR2	96	0.1	0	2938
atman	paired-t	PT2-PR2	97	0.01	0	2938
atman	paired-t	PT2-PR2	97	0.05	0	2938
atman	paired-t	PT2-PR2	97	0.1	0	2938
atman	moderated	PT2-PR2	97	0.01	0	2938
atman	moderated	PT2-PR2	97	0.05	0	2938
atman	moderated	PT2-PR2	97	0.1	0	2938
atman	welch-t	PT2-PR2	97	0.01	0	2938
atman	welch-t	PT2-PR2	97	0.05	0	2938
atman	welch-t	PT2-PR2	97	0.1	0	2938
atman	paired-t	PT2-PR2	98	0.01	0	2938
atman	paired-t	PT2-PR2	98	0.05	0	2938
atman	paired-t	PT2-PR2	98	0.1	0	2938
atman	moderated	PT2-PR2	98	0.01	0	2938
atman	moderated	PT2-PR2	98	0.05	0	2938
atman	moderated	PT2-PR2	98	0.1	0	2938
atman	welch-t	PT2-PR2	98	0.01	0	2938
atman	welch-t	PT2-PR2	98	0.05	0	2938
atman	welch-t	PT2-PR2	98	0.1	0	2938
atman	paired-t	PT2-PR2	99	0.01	0	2938
atman	paired-t	PT2-PR2	99	0.05	0	2938
atman	paired-t	PT2-PR2	99	0.1	0	2938
atman	moderated	PT2-PR2	99	0.01	0	2938
atman	moderated	PT2-PR2	99	0.05	0	2938
atman	moderated	PT2-PR2	99	0.1	0	2938
atman	welch-t	PT2-PR2	99	0.01	0	2938
atman	welch-t	PT2-PR2	99	0.05	0	2938
atman	welch-t	PT2-PR2	99	0.1	0	2938
atman	paired-t	PT2-PR2	100	0.01	0	2938
atman	paired-t	PT2-PR2	100	0.05	0	2938
atman	paired-t	PT2-PR2	100	0.1	0	2938
atman	moderated	PT2-PR2	100	0.01	0	2938
atman	moderated	PT2-PR2	100	0.05	0	2938
atman	moderated	PT2-PR2	100	0.1	0	2938
atman	welch-t	PT2-PR2	100	0.01	0	2938
atman	welch-t	PT2-PR2	100	0.05	0	2938
atman	welch-t	PT2-PR2	100	0.1	0	2938
atman	paired-t	PT2-PR2	101	0.01	0	2938
atman	paired-t	PT2-PR2	101	0.05	0	2938
atman	paired-t	PT2-PR2	101	0.1	0	2938
atman	moderated	PT2-PR2	101	0.01	0	2938
atman	moderated	PT2-PR2	101	0.05	0	2938
atman	moderated	PT2-PR2	101	0.1	0	2938
atman	welch-t	PT2-PR2	101	0.01	0	2938
atman	welch-t	PT2-PR2	101	0.05	0	2938
atman	welch-t	PT2-PR2	101	0.1	0	2938
atman	paired-t	PT2-PR2	102	0.01	0	2938
atman	paired-t	PT2-PR2	102	0.05	0	2938
atman	paired-t	PT2-PR2	102	0.1	0	2938
atman	moderated	PT2-PR2	102	0.01	0	2938
atman	moderated	PT2-PR2	102	0.05	0	2938
atman	moderated	PT2-PR2	102	0.1	0	2938
atman	welch-t	PT2-PR2	102	0.01	0	2938
atman	welch-t	PT2-PR2	102	0.05	0	2938
atman	welch-t	PT2-PR2	102	0.1	0	2938
atman	paired-t	PT2-PR2	103	0.01	0	2938
atman	paired-t	PT2-PR2	103	0.05	0	2938
atman	paired-t	PT2-PR2	103	0.1	0	2938
atman	moderated	PT2-PR2	103	0.01	0	2938
atman	moderated	PT2-PR2	103	0.05	0	2938
atman	moderated	PT2-PR2	103	0.1	0	2938
atman	welch-t	PT2-PR2	103	0.01	0	2938
atman	welch-t	PT2-PR2	103	0.05	0	2938
atman	welch-t	PT2-PR2	103	0.1	0	2938
atman	paired-t	PT2-PR2	104	0.01	0	2938
atman	paired-t	PT2-PR2	104	0.05	0	2938
atman	paired-t	PT2-PR2	104	0.1	0	2938
atman	moderated	PT2-PR2	104	0.01	0	2938
atman	moderated	PT2-PR2	104	0.05	0	2938
atman	moderated	PT2-PR2	104	0.1	0	2938
atman	welch-t	PT2-PR2	104	0.01	0	2938
atman	welch-t	PT2-PR2	104	0.05	0	2938
atman	welch-t	PT2-PR2	104	0.1	0	2938
atman	paired-t	PT2-PR2	105	0.01	0	2938
atman	paired-t	PT2-PR2	105	0.05	0	2938
atman	paired-t	PT2-PR2	105	0.1	0	2938
atman	moderated	PT2-PR2	105	0.01	0	2938
atman	moderated	PT2-PR2	105	0.05	0	2938
atman	moderated	PT2-PR2	105	0.1	0	2938
atman	welch-t	PT2-PR2	105	0.01	0	2938
atman	welch-t	PT2-PR2	105	0.05	0	2938
atman	welch-t	PT2-PR2	105	0.1	0	2938
atman	paired-t	PT2-PR2	106	0.01	0	2938
atman	paired-t	PT2-PR2	106	0.05	0	2938
atman	paired-t	PT2-PR2	106	0.1	0	2938
atman	moderated	PT2-PR2	106	0.01	0	2938
atman	moderated	PT2-PR2	106	0.05	0	2938
atman	moderated	PT2-PR2	106	0.1	0	2938
atman	welch-t	PT2-PR2	106	0.01	0	2938
atman	welch-t	PT2-PR2	106	0.05	0	2938
atman	welch-t	PT2-PR2	106	0.1	0	2938
atman	paired-t	PT2-PR2	107	0.01	0	2938
atman	paired-t	PT2-PR2	107	0.05	0	2938
atman	paired-t	PT2-PR2	107	0.1	0	2938
atman	moderated	PT2-PR2	107	0.01	0	2938
atman	moderated	PT2-PR2	107	0.05	0	2938
atman	moderated	PT2-PR2	107	0.1	0	2938
atman	welch-t	PT2-PR2	107	0.01	0	2938
atman	welch-t	PT2-PR2	107	0.05	0	2938
atman	welch-t	PT2-PR2	107	0.1	0	2938
atman	paired-t	PT2-PR2	108	0.01	0	2938
atman	paired-t	PT2-PR2	108	0.05	0	2938
atman	paired-t	PT2-PR2	108	0.1	0	2938
atman	moderated	PT2-PR2	108	0.01	0	2938
atman	moderated	PT2-PR2	108	0.05	0	2938
atman	moderated	PT2-PR2	108	0.1	0	2938
atman	welch-t	PT2-PR2	108	0.01	0	2938
atman	welch-t	PT2-PR2	108	0.05	0	2938
atman	welch-t	PT2-PR2	108	0.1	0	2938
atman	paired-t	PT2-PR2	109	0.01	0	2938
atman	paired-t	PT2-PR2	109	0.05	0	2938
atman	paired-t	PT2-PR2	109	0.1	0	2938
atman	moderated	PT2-PR2	109	0.01	0	2938
atman	moderated	PT2-PR2	109	0.05	0	2938
atman	moderated	PT2-PR2	109	0.1	0	2938
atman	welch-t	PT2-PR2	109	0.01	0	2938
atman	welch-t	PT2-PR2	109	0.05	0	2938
atman	welch-t	PT2-PR2	109	0.1	0	2938
atman	paired-t	PT2-PR2	110	0.01	0	2938
atman	paired-t	PT2-PR2	110	0.05	0	2938
atman	paired-t	PT2-PR2	110	0.1	0	2938
atman	moderated	PT2-PR2	110	0.01	0	2938
atman	moderated	PT2-PR2	110	0.05	0	2938
atman	moderated	PT2-PR2	110	0.1	0	2938
atman	welch-t	PT2-PR2	110	0.01	0	2938
atman	welch-t	PT2-PR2	110	0.05	0	2938
atman	welch-t	PT2-PR2	110	0.1	0	2938
atman	paired-t	PT2-PR2	111	0.01	0	2938
atman	paired-t	PT2-PR2	111	0.05	1	2938
atman	paired-t	PT2-PR2	111	0.1	1	2938
atman	moderated	PT2-PR2	111	0.01	0	2938
atman	moderated	PT2-PR2	111	0.05	0	2938
atman	moderated	PT2-PR2	111	0.1	0	2938
atman	welch-t	PT2-PR2	111	0.01	0	2938
atman	welch-t	PT2-PR2	111	0.05	0	2938
atman	welch-t	PT2-PR2	111	0.1	0	2938
atman	paired-t	PT2-PR2	112	0.01	0	2938
atman	paired-t	PT2-PR2	112	0.05	0	2938
atman	paired-t	PT2-PR2	112	0.1	0	2938
atman	moderated	PT2-PR2	112	0.01	0	2938
atman	moderated	PT2-PR2	112	0.05	0	2938
atman	moderated	PT2-PR2	112	0.1	0	2938
atman	welch-t	PT2-PR2	112	0.01	0	2938
atman	welch-t	PT2-PR2	112	0.05	0	2938
atman	welch-t	PT2-PR2	112	0.1	0	2938
atman	paired-t	PT2-PR2	113	0.01	0	2938
atman	paired-t	PT2-PR2	113	0.05	0	2938
atman	paired-t	PT2-PR2	113	0.1	0	2938
atman	moderated	PT2-PR2	113	0.01	0	2938
atman	moderated	PT2-PR2	113	0.05	0	2938
atman	moderated	PT2-PR2	113	0.1	0	2938
atman	welch-t	PT2-PR2	113	0.01	0	2938
atman	welch-t	PT2-PR2	113	0.05	0	2938
atman	welch-t	PT2-PR2	113	0.1	0	2938
atman	paired-t	PT2-PR2	114	0.01	0	2938
atman	paired-t	PT2-PR2	114	0.05	0	2938
atman	paired-t	PT2-PR2	114	0.1	0	2938
atman	moderated	PT2-PR2	114	0.01	0	2938
atman	moderated	PT2-PR2	114	0.05	0	2938
atman	moderated	PT2-PR2	114	0.1	0	2938
atman	welch-t	PT2-PR2	114	0.01	0	2938
atman	welch-t	PT2-PR2	114	0.05	0	2938
atman	welch-t	PT2-PR2	114	0.1	0	2938
atman	paired-t	PT2-PR2	115	0.01	0	2938
atman	paired-t	PT2-PR2	115	0.05	0	2938
atman	paired-t	PT2-PR2	115	0.1	0	2938
atman	moderated	PT2-PR2	115	0.01	0	2938
atman	moderated	PT2-PR2	115	0.05	0	2938
atman	moderated	PT2-PR2	115	0.1	0	2938
atman	welch-t	PT2-PR2	115	0.01	0	2938
atman	welch-t	PT2-PR2	115	0.05	0	2938
atman	welch-t	PT2-PR2	115	0.1	0	2938
atman	paired-t	PT2-PR2	116	0.01	0	2938
atman	paired-t	PT2-PR2	116	0.05	0	2938
atman	paired-t	PT2-PR2	116	0.1	0	2938
atman	moderated	PT2-PR2	116	0.01	0	2938
atman	moderated	PT2-PR2	116	0.05	0	2938
atman	moderated	PT2-PR2	116	0.1	0	2938
atman	welch-t	PT2-PR2	116	0.01	0	2938
atman	welch-t	PT2-PR2	116	0.05	0	2938
atman	welch-t	PT2-PR2	116	0.1	0	2938
atman	paired-t	PT2-PR2	117	0.01	0	2938
atman	paired-t	PT2-PR2	117	0.05	0	2938
atman	paired-t	PT2-PR2	117	0.1	3	2938
atman	moderated	PT2-PR2	117	0.01	0	2938
atman	moderated	PT2-PR2	117	0.05	0	2938
atman	moderated	PT2-PR2	117	0.1	0	2938
atman	welch-t	PT2-PR2	117	0.01	0	2938
atman	welch-t	PT2-PR2	117	0.05	0	2938
atman	welch-t	PT2-PR2	117	0.1	0	2938
atman	paired-t	PT2-PR2	118	0.01	0	2938
atman	paired-t	PT2-PR2	118	0.05	0	2938
atman	paired-t	PT2-PR2	118	0.1	0	2938
atman	moderated	PT2-PR2	118	0.01	0	2938
atman	moderated	PT2-PR2	118	0.05	0	2938
atman	moderated	PT2-PR2	118	0.1	0	2938
atman	welch-t	PT2-PR2	118	0.01	0	2938
atman	welch-t	PT2-PR2	118	0.05	0	2938
atman	welch-t	PT2-PR2	118	0.1	0	2938
atman	paired-t	PT2-PR2	119	0.01	0	2938
atman	paired-t	PT2-PR2	119	0.05	0	2938
atman	paired-t	PT2-PR2	119	0.1	0	2938
atman	moderated	PT2-PR2	119	0.01	0	2938
atman	moderated	PT2-PR2	119	0.05	0	2938
atman	moderated	PT2-PR2	119	0.1	0	2938
atman	welch-t	PT2-PR2	119	0.01	0	2938
atman	welch-t	PT2-PR2	119	0.05	0	2938
atman	welch-t	PT2-PR2	119	0.1	0	2938
atman	paired-t	PT2-PR2	120	0.01	0	2938
atman	paired-t	PT2-PR2	120	0.05	0	2938
atman	paired-t	PT2-PR2	120	0.1	0	2938
atman	moderated	PT2-PR2	120	0.01	0	2938
atman	moderated	PT2-PR2	120	0.05	0	2938
atman	moderated	PT2-PR2	120	0.1	0	2938
atman	welch-t	PT2-PR2	120	0.01	0	2938
atman	welch-t	PT2-PR2	120	0.05	0	2938
atman	welch-t	PT2-PR2	120	0.1	0	2938
atman	paired-t	PT2-PR2	121	0.01	0	2938
atman	paired-t	PT2-PR2	121	0.05	0	2938
atman	paired-t	PT2-PR2	121	0.1	0	2938
atman	moderated	PT2-PR2	121	0.01	0	2938
atman	moderated	PT2-PR2	121	0.05	0	2938
atman	moderated	PT2-PR2	121	0.1	0	2938
atman	welch-t	PT2-PR2	121	0.01	0	2938
atman	welch-t	PT2-PR2	121	0.05	0	2938
atman	welch-t	PT2-PR2	121	0.1	0	2938
atman	paired-t	PT2-PR2	122	0.01	0	2938
atman	paired-t	PT2-PR2	122	0.05	0	2938
atman	paired-t	PT2-PR2	122	0.1	0	2938
atman	moderated	PT2-PR2	122	0.01	0	2938
atman	moderated	PT2-PR2	122	0.05	0	2938
atman	moderated	PT2-PR2	122	0.1	0	2938
atman	welch-t	PT2-PR2	122	0.01	0	2938
atman	welch-t	PT2-PR2	122	0.05	0	2938
atman	welch-t	PT2-PR2	122	0.1	0	2938
atman	paired-t	PT2-PR2	123	0.01	0	2938
atman	paired-t	PT2-PR2	123	0.05	0	2938
atman	paired-t	PT2-PR2	123	0.1	0	2938
atman	moderated	PT2-PR2	123	0.01	0	2938
atman	moderated	PT2-PR2	123	0.05	0	2938
atman	moderated	PT2-PR2	123	0.1	0	2938
atman	welch-t	PT2-PR2	123	0.01	0	2938
atman	welch-t	PT2-PR2	123	0.05	0	2938
atman	welch-t	PT2-PR2	123	0.1	0	2938
atman	paired-t	PT2-PR2	124	0.01	0	2938
atman	paired-t	PT2-PR2	124	0.05	0	2938
atman	paired-t	PT2-PR2	124	0.1	0	2938
atman	moderated	PT2-PR2	124	0.01	0	2938
atman	moderated	PT2-PR2	124	0.05	0	2938
atman	moderated	PT2-PR2	124	0.1	0	2938
atman	welch-t	PT2-PR2	124	0.01	0	2938
atman	welch-t	PT2-PR2	124	0.05	0	2938
atman	welch-t	PT2-PR2	124	0.1	0	2938
atman	paired-t	PT2-PR2	125	0.01	0	2938
atman	paired-t	PT2-PR2	125	0.05	0	2938
atman	paired-t	PT2-PR2	125	0.1	0	2938
atman	moderated	PT2-PR2	125	0.01	0	2938
atman	moderated	PT2-PR2	125	0.05	0	2938
atman	moderated	PT2-PR2	125	0.1	0	2938
atman	welch-t	PT2-PR2	125	0.01	0	2938
atman	welch-t	PT2-PR2	125	0.05	0	2938
atman	welch-t	PT2-PR2	125	0.1	0	2938
atman	paired-t	PT2-PR2	126	0.01	0	2938
atman	paired-t	PT2-PR2	126	0.05	0	2938
atman	paired-t	PT2-PR2	126	0.1	0	2938
atman	moderated	PT2-PR2	126	0.01	0	2938
atman	moderated	PT2-PR2	126	0.05	0	2938
atman	moderated	PT2-PR2	126	0.1	0	2938
atman	welch-t	PT2-PR2	126	0.01	0	2938
atman	welch-t	PT2-PR2	126	0.05	0	2938
atman	welch-t	PT2-PR2	126	0.1	0	2938
atman	paired-t	PT2-PR2	127	0.01	0	2938
atman	paired-t	PT2-PR2	127	0.05	0	2938
atman	paired-t	PT2-PR2	127	0.1	0	2938
atman	moderated	PT2-PR2	127	0.01	0	2938
atman	moderated	PT2-PR2	127	0.05	0	2938
atman	moderated	PT2-PR2	127	0.1	0	2938
atman	welch-t	PT2-PR2	127	0.01	0	2938
atman	welch-t	PT2-PR2	127	0.05	0	2938
atman	welch-t	PT2-PR2	127	0.1	0	2938
atman	paired-t	PT2-PR2	128	0.01	0	2938
atman	paired-t	PT2-PR2	128	0.05	0	2938
atman	paired-t	PT2-PR2	128	0.1	0	2938
atman	moderated	PT2-PR2	128	0.01	0	2938
atman	moderated	PT2-PR2	128	0.05	0	2938
atman	moderated	PT2-PR2	128	0.1	0	2938
atman	welch-t	PT2-PR2	128	0.01	0	2938
atman	welch-t	PT2-PR2	128	0.05	0	2938
atman	welch-t	PT2-PR2	128	0.1	0	2938
atman	paired-t	PT2-PR2	129	0.01	0	2938
atman	paired-t	PT2-PR2	129	0.05	0	2938
atman	paired-t	PT2-PR2	129	0.1	0	2938
atman	moderated	PT2-PR2	129	0.01	0	2938
atman	moderated	PT2-PR2	129	0.05	0	2938
atman	moderated	PT2-PR2	129	0.1	0	2938
atman	welch-t	PT2-PR2	129	0.01	0	2938
atman	welch-t	PT2-PR2	129	0.05	0	2938
atman	welch-t	PT2-PR2	129	0.1	0	2938
atman	paired-t	PT2-PR2	130	0.01	0	2938
atman	paired-t	PT2-PR2	130	0.05	0	2938
atman	paired-t	PT2-PR2	130	0.1	0	2938
atman	moderated	PT2-PR2	130	0.01	0	2938
atman	moderated	PT2-PR2	130	0.05	0	2938
atman	moderated	PT2-PR2	130	0.1	0	2938
atman	welch-t	PT2-PR2	130	0.01	0	2938
atman	welch-t	PT2-PR2	130	0.05	0	2938
atman	welch-t	PT2-PR2	130	0.1	0	2938
atman	paired-t	PT2-PR2	131	0.01	0	2938
atman	paired-t	PT2-PR2	131	0.05	0	2938
atman	paired-t	PT2-PR2	131	0.1	0	2938
atman	moderated	PT2-PR2	131	0.01	0	2938
atman	moderated	PT2-PR2	131	0.05	0	2938
atman	moderated	PT2-PR2	131	0.1	0	2938
atman	welch-t	PT2-PR2	131	0.01	0	2938
atman	welch-t	PT2-PR2	131	0.05	0	2938
atman	welch-t	PT2-PR2	131	0.1	0	2938
atman	paired-t	PT2-PR2	132	0.01	0	2938
atman	paired-t	PT2-PR2	132	0.05	0	2938
atman	paired-t	PT2-PR2	132	0.1	0	2938
atman	moderated	PT2-PR2	132	0.01	0	2938
atman	moderated	PT2-PR2	132	0.05	0	2938
atman	moderated	PT2-PR2	132	0.1	0	2938
atman	welch-t	PT2-PR2	132	0.01	0	2938
atman	welch-t	PT2-PR2	132	0.05	0	2938
atman	welch-t	PT2-PR2	132	0.1	0	2938
atman	paired-t	PT2-PR2	133	0.01	0	2938
atman	paired-t	PT2-PR2	133	0.05	0	2938
atman	paired-t	PT2-PR2	133	0.1	0	2938
atman	moderated	PT2-PR2	133	0.01	0	2938
atman	moderated	PT2-PR2	133	0.05	0	2938
atman	moderated	PT2-PR2	133	0.1	0	2938
atman	welch-t	PT2-PR2	133	0.01	0	2938
atman	welch-t	PT2-PR2	133	0.05	0	2938
atman	welch-t	PT2-PR2	133	0.1	0	2938
atman	paired-t	PT2-PR2	134	0.01	0	2938
atman	paired-t	PT2-PR2	134	0.05	0	2938
atman	paired-t	PT2-PR2	134	0.1	0	2938
atman	moderated	PT2-PR2	134	0.01	0	2938
atman	moderated	PT2-PR2	134	0.05	0	2938
atman	moderated	PT2-PR2	134	0.1	0	2938
atman	welch-t	PT2-PR2	134	0.01	0	2938
atman	welch-t	PT2-PR2	134	0.05	0	2938
atman	welch-t	PT2-PR2	134	0.1	0	2938
atman	paired-t	PT2-PR2	135	0.01	0	2938
atman	paired-t	PT2-PR2	135	0.05	0	2938
atman	paired-t	PT2-PR2	135	0.1	0	2938
atman	moderated	PT2-PR2	135	0.01	0	2938
atman	moderated	PT2-PR2	135	0.05	0	2938
atman	moderated	PT2-PR2	135	0.1	0	2938
atman	welch-t	PT2-PR2	135	0.01	0	2938
atman	welch-t	PT2-PR2	135	0.05	0	2938
atman	welch-t	PT2-PR2	135	0.1	0	2938
atman	paired-t	PT2-PR2	136	0.01	0	2938
atman	paired-t	PT2-PR2	136	0.05	0	2938
atman	paired-t	PT2-PR2	136	0.1	0	2938
atman	moderated	PT2-PR2	136	0.01	0	2938
atman	moderated	PT2-PR2	136	0.05	0	2938
atman	moderated	PT2-PR2	136	0.1	0	2938
atman	welch-t	PT2-PR2	136	0.01	0	2938
atman	welch-t	PT2-PR2	136	0.05	0	2938
atman	welch-t	PT2-PR2	136	0.1	0	2938
atman	paired-t	PT2-PR2	137	0.01	0	2938
atman	paired-t	PT2-PR2	137	0.05	0	2938
atman	paired-t	PT2-PR2	137	0.1	0	2938
atman	moderated	PT2-PR2	137	0.01	0	2938
atman	moderated	PT2-PR2	137	0.05	0	2938
atman	moderated	PT2-PR2	137	0.1	0	2938
atman	welch-t	PT2-PR2	137	0.01	0	2938
atman	welch-t	PT2-PR2	137	0.05	0	2938
atman	welch-t	PT2-PR2	137	0.1	0	2938
atman	paired-t	PT2-PR2	138	0.01	0	2938
atman	paired-t	PT2-PR2	138	0.05	0	2938
atman	paired-t	PT2-PR2	138	0.1	0	2938
atman	moderated	PT2-PR2	138	0.01	0	2938
atman	moderated	PT2-PR2	138	0.05	0	2938
atman	moderated	PT2-PR2	138	0.1	0	2938
atman	welch-t	PT2-PR2	138	0.01	0	2938
atman	welch-t	PT2-PR2	138	0.05	0	2938
atman	welch-t	PT2-PR2	138	0.1	0	2938
atman	paired-t	PT2-PR2	139	0.01	0	2938
atman	paired-t	PT2-PR2	139	0.05	0	2938
atman	paired-t	PT2-PR2	139	0.1	0	2938
atman	moderated	PT2-PR2	139	0.01	0	2938
atman	moderated	PT2-PR2	139	0.05	0	2938
atman	moderated	PT2-PR2	139	0.1	0	2938
atman	welch-t	PT2-PR2	139	0.01	0	2938
atman	welch-t	PT2-PR2	139	0.05	0	2938
atman	welch-t	PT2-PR2	139	0.1	0	2938
atman	paired-t	PT2-PR2	140	0.01	0	2938
atman	paired-t	PT2-PR2	140	0.05	0	2938
atman	paired-t	PT2-PR2	140	0.1	0	2938
atman	moderated	PT2-PR2	140	0.01	0	2938
atman	moderated	PT2-PR2	140	0.05	0	2938
atman	moderated	PT2-PR2	140	0.1	0	2938
atman	welch-t	PT2-PR2	140	0.01	0	2938
atman	welch-t	PT2-PR2	140	0.05	0	2938
atman	welch-t	PT2-PR2	140	0.1	0	2938
atman	paired-t	PT2-PR2	141	0.01	0	2938
atman	paired-t	PT2-PR2	141	0.05	0	2938
atman	paired-t	PT2-PR2	141	0.1	0	2938
atman	moderated	PT2-PR2	141	0.01	0	2938
atman	moderated	PT2-PR2	141	0.05	0	2938
atman	moderated	PT2-PR2	141	0.1	0	2938
atman	welch-t	PT2-PR2	141	0.01	0	2938
atman	welch-t	PT2-PR2	141	0.05	0	2938
atman	welch-t	PT2-PR2	141	0.1	0	2938
atman	paired-t	PT2-PR2	142	0.01	0	2938
atman	paired-t	PT2-PR2	142	0.05	0	2938
atman	paired-t	PT2-PR2	142	0.1	0	2938
atman	moderated	PT2-PR2	142	0.01	0	2938
atman	moderated	PT2-PR2	142	0.05	0	2938
atman	moderated	PT2-PR2	142	0.1	0	2938
atman	welch-t	PT2-PR2	142	0.01	0	2938
atman	welch-t	PT2-PR2	142	0.05	0	2938
atman	welch-t	PT2-PR2	142	0.1	0	2938
atman	paired-t	PT2-PR2	143	0.01	0	2938
atman	paired-t	PT2-PR2	143	0.05	0	2938
atman	paired-t	PT2-PR2	143	0.1	0	2938
atman	moderated	PT2-PR2	143	0.01	0	2938
atman	moderated	PT2-PR2	143	0.05	0	2938
atman	moderated	PT2-PR2	143	0.1	0	2938
atman	welch-t	PT2-PR2	143	0.01	0	2938
atman	welch-t	PT2-PR2	143	0.05	0	2938
atman	welch-t	PT2-PR2	143	0.1	0	2938
atman	paired-t	PT2-PR2	144	0.01	0	2938
atman	paired-t	PT2-PR2	144	0.05	0	2938
atman	paired-t	PT2-PR2	144	0.1	0	2938
atman	moderated	PT2-PR2	144	0.01	0	2938
atman	moderated	PT2-PR2	144	0.05	0	2938
atman	moderated	PT2-PR2	144	0.1	0	2938
atman	welch-t	PT2-PR2	144	0.01	0	2938
atman	welch-t	PT2-PR2	144	0.05	0	2938
atman	welch-t	PT2-PR2	144	0.1	0	2938
atman	paired-t	PT2-PR2	145	0.01	0	2938
atman	paired-t	PT2-PR2	145	0.05	0	2938
atman	paired-t	PT2-PR2	145	0.1	1	2938
atman	moderated	PT2-PR2	145	0.01	0	2938
atman	moderated	PT2-PR2	145	0.05	0	2938
atman	moderated	PT2-PR2	145	0.1	0	2938
atman	welch-t	PT2-PR2	145	0.01	0	2938
atman	welch-t	PT2-PR2	145	0.05	0	2938
atman	welch-t	PT2-PR2	145	0.1	0	2938
atman	paired-t	PT2-PR2	146	0.01	0	2938
atman	paired-t	PT2-PR2	146	0.05	0	2938
atman	paired-t	PT2-PR2	146	0.1	0	2938
atman	moderated	PT2-PR2	146	0.01	0	2938
atman	moderated	PT2-PR2	146	0.05	0	2938
atman	moderated	PT2-PR2	146	0.1	0	2938
atman	welch-t	PT2-PR2	146	0.01	0	2938
atman	welch-t	PT2-PR2	146	0.05	0	2938
atman	welch-t	PT2-PR2	146	0.1	0	2938
atman	paired-t	PT2-PR2	147	0.01	0	2938
atman	paired-t	PT2-PR2	147	0.05	0	2938
atman	paired-t	PT2-PR2	147	0.1	0	2938
atman	moderated	PT2-PR2	147	0.01	0	2938
atman	moderated	PT2-PR2	147	0.05	0	2938
atman	moderated	PT2-PR2	147	0.1	0	2938
atman	welch-t	PT2-PR2	147	0.01	0	2938
atman	welch-t	PT2-PR2	147	0.05	0	2938
atman	welch-t	PT2-PR2	147	0.1	0	2938
atman	paired-t	PT2-PR2	148	0.01	0	2938
atman	paired-t	PT2-PR2	148	0.05	0	2938
atman	paired-t	PT2-PR2	148	0.1	0	2938
atman	moderated	PT2-PR2	148	0.01	0	2938
atman	moderated	PT2-PR2	148	0.05	0	2938
atman	moderated	PT2-PR2	148	0.1	0	2938
atman	welch-t	PT2-PR2	148	0.01	0	2938
atman	welch-t	PT2-PR2	148	0.05	0	2938
atman	welch-t	PT2-PR2	148	0.1	0	2938
atman	paired-t	PT2-PR2	149	0.01	0	2938
atman	paired-t	PT2-PR2	149	0.05	0	2938
atman	paired-t	PT2-PR2	149	0.1	0	2938
atman	moderated	PT2-PR2	149	0.01	0	2938
atman	moderated	PT2-PR2	149	0.05	0	2938
atman	moderated	PT2-PR2	149	0.1	0	2938
atman	welch-t	PT2-PR2	149	0.01	0	2938
atman	welch-t	PT2-PR2	149	0.05	0	2938
atman	welch-t	PT2-PR2	149	0.1	0	2938
atman	paired-t	PT2-PR2	150	0.01	0	2938
atman	paired-t	PT2-PR2	150	0.05	0	2938
atman	paired-t	PT2-PR2	150	0.1	0	2938
atman	moderated	PT2-PR2	150	0.01	0	2938
atman	moderated	PT2-PR2	150	0.05	0	2938
atman	moderated	PT2-PR2	150	0.1	0	2938
atman	welch-t	PT2-PR2	150	0.01	0	2938
atman	welch-t	PT2-PR2	150	0.05	0	2938
atman	welch-t	PT2-PR2	150	0.1	0	2938
atman	paired-t	PT2-PR2	151	0.01	7	2938
atman	paired-t	PT2-PR2	151	0.05	60	2938
atman	paired-t	PT2-PR2	151	0.1	134	2938
atman	moderated	PT2-PR2	151	0.01	1	2938
atman	moderated	PT2-PR2	151	0.05	1	2938
atman	moderated	PT2-PR2	151	0.1	20	2938
atman	welch-t	PT2-PR2	151	0.01	0	2938
atman	welch-t	PT2-PR2	151	0.05	0	2938
atman	welch-t	PT2-PR2	151	0.1	0	2938
atman	paired-t	PT2-PR2	152	0.01	0	2938
atman	paired-t	PT2-PR2	152	0.05	0	2938
atman	paired-t	PT2-PR2	152	0.1	0	2938
atman	moderated	PT2-PR2	152	0.01	0	2938
atman	moderated	PT2-PR2	152	0.05	0	2938
atman	moderated	PT2-PR2	152	0.1	0	2938
atman	welch-t	PT2-PR2	152	0.01	0	2938
atman	welch-t	PT2-PR2	152	0.05	0	2938
atman	welch-t	PT2-PR2	152	0.1	0	2938
atman	paired-t	PT2-PR2	153	0.01	0	2938
atman	paired-t	PT2-PR2	153	0.05	0	2938
atman	paired-t	PT2-PR2	153	0.1	0	2938
atman	moderated	PT2-PR2	153	0.01	0	2938
atman	moderated	PT2-PR2	153	0.05	0	2938
atman	moderated	PT2-PR2	153	0.1	0	2938
atman	welch-t	PT2-PR2	153	0.01	0	2938
atman	welch-t	PT2-PR2	153	0.05	0	2938
atman	welch-t	PT2-PR2	153	0.1	0	2938
atman	paired-t	PT2-PR2	154	0.01	0	2938
atman	paired-t	PT2-PR2	154	0.05	0	2938
atman	paired-t	PT2-PR2	154	0.1	0	2938
atman	moderated	PT2-PR2	154	0.01	0	2938
atman	moderated	PT2-PR2	154	0.05	0	2938
atman	moderated	PT2-PR2	154	0.1	0	2938
atman	welch-t	PT2-PR2	154	0.01	0	2938
atman	welch-t	PT2-PR2	154	0.05	0	2938
atman	welch-t	PT2-PR2	154	0.1	0	2938
atman	paired-t	PT2-PR2	155	0.01	0	2938
atman	paired-t	PT2-PR2	155	0.05	0	2938
atman	paired-t	PT2-PR2	155	0.1	0	2938
atman	moderated	PT2-PR2	155	0.01	0	2938
atman	moderated	PT2-PR2	155	0.05	0	2938
atman	moderated	PT2-PR2	155	0.1	0	2938
atman	welch-t	PT2-PR2	155	0.01	0	2938
atman	welch-t	PT2-PR2	155	0.05	0	2938
atman	welch-t	PT2-PR2	155	0.1	0	2938
atman	paired-t	PT2-PR2	156	0.01	0	2938
atman	paired-t	PT2-PR2	156	0.05	0	2938
atman	paired-t	PT2-PR2	156	0.1	0	2938
atman	moderated	PT2-PR2	156	0.01	0	2938
atman	moderated	PT2-PR2	156	0.05	0	2938
atman	moderated	PT2-PR2	156	0.1	0	2938
atman	welch-t	PT2-PR2	156	0.01	0	2938
atman	welch-t	PT2-PR2	156	0.05	0	2938
atman	welch-t	PT2-PR2	156	0.1	0	2938
atman	paired-t	PT2-PR2	157	0.01	0	2938
atman	paired-t	PT2-PR2	157	0.05	0	2938
atman	paired-t	PT2-PR2	157	0.1	0	2938
atman	moderated	PT2-PR2	157	0.01	0	2938
atman	moderated	PT2-PR2	157	0.05	0	2938
atman	moderated	PT2-PR2	157	0.1	0	2938
atman	welch-t	PT2-PR2	157	0.01	0	2938
atman	welch-t	PT2-PR2	157	0.05	0	2938
atman	welch-t	PT2-PR2	157	0.1	0	2938
atman	paired-t	PT2-PR2	158	0.01	0	2938
atman	paired-t	PT2-PR2	158	0.05	0	2938
atman	paired-t	PT2-PR2	158	0.1	0	2938
atman	moderated	PT2-PR2	158	0.01	0	2938
atman	moderated	PT2-PR2	158	0.05	0	2938
atman	moderated	PT2-PR2	158	0.1	0	2938
atman	welch-t	PT2-PR2	158	0.01	0	2938
atman	welch-t	PT2-PR2	158	0.05	0	2938
atman	welch-t	PT2-PR2	158	0.1	0	2938
atman	paired-t	PT2-PR2	159	0.01	0	2938
atman	paired-t	PT2-PR2	159	0.05	0	2938
atman	paired-t	PT2-PR2	159	0.1	0	2938
atman	moderated	PT2-PR2	159	0.01	0	2938
atman	moderated	PT2-PR2	159	0.05	0	2938
atman	moderated	PT2-PR2	159	0.1	0	2938
atman	welch-t	PT2-PR2	159	0.01	0	2938
atman	welch-t	PT2-PR2	159	0.05	0	2938
atman	welch-t	PT2-PR2	159	0.1	0	2938
atman	paired-t	PT2-PR2	160	0.01	0	2938
atman	paired-t	PT2-PR2	160	0.05	0	2938
atman	paired-t	PT2-PR2	160	0.1	0	2938
atman	moderated	PT2-PR2	160	0.01	0	2938
atman	moderated	PT2-PR2	160	0.05	0	2938
atman	moderated	PT2-PR2	160	0.1	0	2938
atman	welch-t	PT2-PR2	160	0.01	0	2938
atman	welch-t	PT2-PR2	160	0.05	0	2938
atman	welch-t	PT2-PR2	160	0.1	0	2938
atman	paired-t	PT2-PR2	161	0.01	1	2938
atman	paired-t	PT2-PR2	161	0.05	1	2938
atman	paired-t	PT2-PR2	161	0.1	1	2938
atman	moderated	PT2-PR2	161	0.01	0	2938
atman	moderated	PT2-PR2	161	0.05	0	2938
atman	moderated	PT2-PR2	161	0.1	0	2938
atman	welch-t	PT2-PR2	161	0.01	0	2938
atman	welch-t	PT2-PR2	161	0.05	0	2938
atman	welch-t	PT2-PR2	161	0.1	0	2938
atman	paired-t	PT2-PR2	162	0.01	0	2938
atman	paired-t	PT2-PR2	162	0.05	0	2938
atman	paired-t	PT2-PR2	162	0.1	0	2938
atman	moderated	PT2-PR2	162	0.01	0	2938
atman	moderated	PT2-PR2	162	0.05	0	2938
atman	moderated	PT2-PR2	162	0.1	0	2938
atman	welch-t	PT2-PR2	162	0.01	0	2938
atman	welch-t	PT2-PR2	162	0.05	0	2938
atman	welch-t	PT2-PR2	162	0.1	0	2938
atman	paired-t	PT2-PR2	163	0.01	0	2938
atman	paired-t	PT2-PR2	163	0.05	1	2938
atman	paired-t	PT2-PR2	163	0.1	1	2938
atman	moderated	PT2-PR2	163	0.01	0	2938
atman	moderated	PT2-PR2	163	0.05	0	2938
atman	moderated	PT2-PR2	163	0.1	0	2938
atman	welch-t	PT2-PR2	163	0.01	0	2938
atman	welch-t	PT2-PR2	163	0.05	0	2938
atman	welch-t	PT2-PR2	163	0.1	0	2938
atman	paired-t	PT2-PR2	164	0.01	0	2938
atman	paired-t	PT2-PR2	164	0.05	0	2938
atman	paired-t	PT2-PR2	164	0.1	0	2938
atman	moderated	PT2-PR2	164	0.01	0	2938
atman	moderated	PT2-PR2	164	0.05	0	2938
atman	moderated	PT2-PR2	164	0.1	0	2938
atman	welch-t	PT2-PR2	164	0.01	0	2938
atman	welch-t	PT2-PR2	164	0.05	0	2938
atman	welch-t	PT2-PR2	164	0.1	0	2938
atman	paired-t	PT2-PR2	165	0.01	0	2938
atman	paired-t	PT2-PR2	165	0.05	0	2938
atman	paired-t	PT2-PR2	165	0.1	0	2938
atman	moderated	PT2-PR2	165	0.01	0	2938
atman	moderated	PT2-PR2	165	0.05	0	2938
atman	moderated	PT2-PR2	165	0.1	0	2938
atman	welch-t	PT2-PR2	165	0.01	0	2938
atman	welch-t	PT2-PR2	165	0.05	0	2938
atman	welch-t	PT2-PR2	165	0.1	0	2938
atman	paired-t	PT2-PR2	166	0.01	0	2938
atman	paired-t	PT2-PR2	166	0.05	0	2938
atman	paired-t	PT2-PR2	166	0.1	0	2938
atman	moderated	PT2-PR2	166	0.01	0	2938
atman	moderated	PT2-PR2	166	0.05	0	2938
atman	moderated	PT2-PR2	166	0.1	0	2938
atman	welch-t	PT2-PR2	166	0.01	0	2938
atman	welch-t	PT2-PR2	166	0.05	0	2938
atman	welch-t	PT2-PR2	166	0.1	0	2938
atman	paired-t	PT2-PR2	167	0.01	0	2938
atman	paired-t	PT2-PR2	167	0.05	0	2938
atman	paired-t	PT2-PR2	167	0.1	0	2938
atman	moderated	PT2-PR2	167	0.01	0	2938
atman	moderated	PT2-PR2	167	0.05	0	2938
atman	moderated	PT2-PR2	167	0.1	0	2938
atman	welch-t	PT2-PR2	167	0.01	0	2938
atman	welch-t	PT2-PR2	167	0.05	0	2938
atman	welch-t	PT2-PR2	167	0.1	0	2938
atman	paired-t	PT2-PR2	168	0.01	0	2938
atman	paired-t	PT2-PR2	168	0.05	0	2938
atman	paired-t	PT2-PR2	168	0.1	0	2938
atman	moderated	PT2-PR2	168	0.01	0	2938
atman	moderated	PT2-PR2	168	0.05	0	2938
atman	moderated	PT2-PR2	168	0.1	0	2938
atman	welch-t	PT2-PR2	168	0.01	0	2938
atman	welch-t	PT2-PR2	168	0.05	0	2938
atman	welch-t	PT2-PR2	168	0.1	0	2938
atman	paired-t	PT2-PR2	169	0.01	0	2938
atman	paired-t	PT2-PR2	169	0.05	0	2938
atman	paired-t	PT2-PR2	169	0.1	0	2938
atman	moderated	PT2-PR2	169	0.01	0	2938
atman	moderated	PT2-PR2	169	0.05	0	2938
atman	moderated	PT2-PR2	169	0.1	0	2938
atman	welch-t	PT2-PR2	169	0.01	0	2938
atman	welch-t	PT2-PR2	169	0.05	0	2938
atman	welch-t	PT2-PR2	169	0.1	0	2938
atman	paired-t	PT2-PR2	170	0.01	0	2938
atman	paired-t	PT2-PR2	170	0.05	0	2938
atman	paired-t	PT2-PR2	170	0.1	0	2938
atman	moderated	PT2-PR2	170	0.01	0	2938
atman	moderated	PT2-PR2	170	0.05	0	2938
atman	moderated	PT2-PR2	170	0.1	0	2938
atman	welch-t	PT2-PR2	170	0.01	0	2938
atman	welch-t	PT2-PR2	170	0.05	0	2938
atman	welch-t	PT2-PR2	170	0.1	0	2938
atman	paired-t	PT2-PR2	171	0.01	0	2938
atman	paired-t	PT2-PR2	171	0.05	0	2938
atman	paired-t	PT2-PR2	171	0.1	0	2938
atman	moderated	PT2-PR2	171	0.01	0	2938
atman	moderated	PT2-PR2	171	0.05	0	2938
atman	moderated	PT2-PR2	171	0.1	0	2938
atman	welch-t	PT2-PR2	171	0.01	0	2938
atman	welch-t	PT2-PR2	171	0.05	0	2938
atman	welch-t	PT2-PR2	171	0.1	0	2938
atman	paired-t	PT2-PR2	172	0.01	0	2938
atman	paired-t	PT2-PR2	172	0.05	1	2938
atman	paired-t	PT2-PR2	172	0.1	1	2938
atman	moderated	PT2-PR2	172	0.01	0	2938
atman	moderated	PT2-PR2	172	0.05	0	2938
atman	moderated	PT2-PR2	172	0.1	0	2938
atman	welch-t	PT2-PR2	172	0.01	0	2938
atman	welch-t	PT2-PR2	172	0.05	0	2938
atman	welch-t	PT2-PR2	172	0.1	0	2938
atman	paired-t	PT2-PR2	173	0.01	0	2938
atman	paired-t	PT2-PR2	173	0.05	0	2938
atman	paired-t	PT2-PR2	173	0.1	0	2938
atman	moderated	PT2-PR2	173	0.01	0	2938
atman	moderated	PT2-PR2	173	0.05	0	2938
atman	moderated	PT2-PR2	173	0.1	0	2938
atman	welch-t	PT2-PR2	173	0.01	0	2938
atman	welch-t	PT2-PR2	173	0.05	0	2938
atman	welch-t	PT2-PR2	173	0.1	0	2938
atman	paired-t	PT2-PR2	174	0.01	0	2938
atman	paired-t	PT2-PR2	174	0.05	1	2938
atman	paired-t	PT2-PR2	174	0.1	1	2938
atman	moderated	PT2-PR2	174	0.01	0	2938
atman	moderated	PT2-PR2	174	0.05	0	2938
atman	moderated	PT2-PR2	174	0.1	0	2938
atman	welch-t	PT2-PR2	174	0.01	0	2938
atman	welch-t	PT2-PR2	174	0.05	0	2938
atman	welch-t	PT2-PR2	174	0.1	0	2938
atman	paired-t	PT2-PR2	175	0.01	0	2938
atman	paired-t	PT2-PR2	175	0.05	0	2938
atman	paired-t	PT2-PR2	175	0.1	0	2938
atman	moderated	PT2-PR2	175	0.01	0	2938
atman	moderated	PT2-PR2	175	0.05	0	2938
atman	moderated	PT2-PR2	175	0.1	0	2938
atman	welch-t	PT2-PR2	175	0.01	0	2938
atman	welch-t	PT2-PR2	175	0.05	0	2938
atman	welch-t	PT2-PR2	175	0.1	0	2938
atman	paired-t	PT2-PR2	176	0.01	0	2938
atman	paired-t	PT2-PR2	176	0.05	0	2938
atman	paired-t	PT2-PR2	176	0.1	0	2938
atman	moderated	PT2-PR2	176	0.01	0	2938
atman	moderated	PT2-PR2	176	0.05	0	2938
atman	moderated	PT2-PR2	176	0.1	0	2938
atman	welch-t	PT2-PR2	176	0.01	0	2938
atman	welch-t	PT2-PR2	176	0.05	0	2938
atman	welch-t	PT2-PR2	176	0.1	0	2938
atman	paired-t	PT2-PR2	177	0.01	1	2938
atman	paired-t	PT2-PR2	177	0.05	25	2938
atman	paired-t	PT2-PR2	177	0.1	127	2938
atman	moderated	PT2-PR2	177	0.01	0	2938
atman	moderated	PT2-PR2	177	0.05	14	2938
atman	moderated	PT2-PR2	177	0.1	65	2938
atman	welch-t	PT2-PR2	177	0.01	0	2938
atman	welch-t	PT2-PR2	177	0.05	0	2938
atman	welch-t	PT2-PR2	177	0.1	0	2938
atman	paired-t	PT2-PR2	178	0.01	0	2938
atman	paired-t	PT2-PR2	178	0.05	0	2938
atman	paired-t	PT2-PR2	178	0.1	0	2938
atman	moderated	PT2-PR2	178	0.01	0	2938
atman	moderated	PT2-PR2	178	0.05	0	2938
atman	moderated	PT2-PR2	178	0.1	0	2938
atman	welch-t	PT2-PR2	178	0.01	0	2938
atman	welch-t	PT2-PR2	178	0.05	0	2938
atman	welch-t	PT2-PR2	178	0.1	0	2938
atman	paired-t	PT2-PR2	179	0.01	0	2938
atman	paired-t	PT2-PR2	179	0.05	0	2938
atman	paired-t	PT2-PR2	179	0.1	0	2938
atman	moderated	PT2-PR2	179	0.01	0	2938
atman	moderated	PT2-PR2	179	0.05	0	2938
atman	moderated	PT2-PR2	179	0.1	0	2938
atman	welch-t	PT2-PR2	179	0.01	0	2938
atman	welch-t	PT2-PR2	179	0.05	0	2938
atman	welch-t	PT2-PR2	179	0.1	0	2938
atman	paired-t	PT2-PR2	180	0.01	0	2938
atman	paired-t	PT2-PR2	180	0.05	0	2938
atman	paired-t	PT2-PR2	180	0.1	0	2938
atman	moderated	PT2-PR2	180	0.01	0	2938
atman	moderated	PT2-PR2	180	0.05	0	2938
atman	moderated	PT2-PR2	180	0.1	0	2938
atman	welch-t	PT2-PR2	180	0.01	0	2938
atman	welch-t	PT2-PR2	180	0.05	0	2938
atman	welch-t	PT2-PR2	180	0.1	0	2938
atman	paired-t	PT2-PR2	181	0.01	0	2938
atman	paired-t	PT2-PR2	181	0.05	0	2938
atman	paired-t	PT2-PR2	181	0.1	0	2938
atman	moderated	PT2-PR2	181	0.01	0	2938
atman	moderated	PT2-PR2	181	0.05	0	2938
atman	moderated	PT2-PR2	181	0.1	0	2938
atman	welch-t	PT2-PR2	181	0.01	0	2938
atman	welch-t	PT2-PR2	181	0.05	0	2938
atman	welch-t	PT2-PR2	181	0.1	0	2938
atman	paired-t	PT2-PR2	182	0.01	0	2938
atman	paired-t	PT2-PR2	182	0.05	0	2938
atman	paired-t	PT2-PR2	182	0.1	0	2938
atman	moderated	PT2-PR2	182	0.01	0	2938
atman	moderated	PT2-PR2	182	0.05	0	2938
atman	moderated	PT2-PR2	182	0.1	0	2938
atman	welch-t	PT2-PR2	182	0.01	0	2938
atman	welch-t	PT2-PR2	182	0.05	0	2938
atman	welch-t	PT2-PR2	182	0.1	0	2938
atman	paired-t	PT2-PR2	183	0.01	0	2938
atman	paired-t	PT2-PR2	183	0.05	0	2938
atman	paired-t	PT2-PR2	183	0.1	0	2938
atman	moderated	PT2-PR2	183	0.01	0	2938
atman	moderated	PT2-PR2	183	0.05	0	2938
atman	moderated	PT2-PR2	183	0.1	0	2938
atman	welch-t	PT2-PR2	183	0.01	0	2938
atman	welch-t	PT2-PR2	183	0.05	0	2938
atman	welch-t	PT2-PR2	183	0.1	0	2938
atman	paired-t	PT2-PR2	184	0.01	0	2938
atman	paired-t	PT2-PR2	184	0.05	0	2938
atman	paired-t	PT2-PR2	184	0.1	0	2938
atman	moderated	PT2-PR2	184	0.01	0	2938
atman	moderated	PT2-PR2	184	0.05	0	2938
atman	moderated	PT2-PR2	184	0.1	0	2938
atman	welch-t	PT2-PR2	184	0.01	0	2938
atman	welch-t	PT2-PR2	184	0.05	0	2938
atman	welch-t	PT2-PR2	184	0.1	0	2938
atman	paired-t	PT2-PR2	185	0.01	0	2938
atman	paired-t	PT2-PR2	185	0.05	0	2938
atman	paired-t	PT2-PR2	185	0.1	0	2938
atman	moderated	PT2-PR2	185	0.01	0	2938
atman	moderated	PT2-PR2	185	0.05	0	2938
atman	moderated	PT2-PR2	185	0.1	0	2938
atman	welch-t	PT2-PR2	185	0.01	0	2938
atman	welch-t	PT2-PR2	185	0.05	0	2938
atman	welch-t	PT2-PR2	185	0.1	0	2938
atman	paired-t	PT2-PR2	186	0.01	0	2938
atman	paired-t	PT2-PR2	186	0.05	0	2938
atman	paired-t	PT2-PR2	186	0.1	0	2938
atman	moderated	PT2-PR2	186	0.01	0	2938
atman	moderated	PT2-PR2	186	0.05	0	2938
atman	moderated	PT2-PR2	186	0.1	0	2938
atman	welch-t	PT2-PR2	186	0.01	0	2938
atman	welch-t	PT2-PR2	186	0.05	0	2938
atman	welch-t	PT2-PR2	186	0.1	0	2938
atman	paired-t	PT2-PR2	187	0.01	0	2938
atman	paired-t	PT2-PR2	187	0.05	0	2938
atman	paired-t	PT2-PR2	187	0.1	0	2938
atman	moderated	PT2-PR2	187	0.01	0	2938
atman	moderated	PT2-PR2	187	0.05	0	2938
atman	moderated	PT2-PR2	187	0.1	0	2938
atman	welch-t	PT2-PR2	187	0.01	0	2938
atman	welch-t	PT2-PR2	187	0.05	0	2938
atman	welch-t	PT2-PR2	187	0.1	0	2938
atman	paired-t	PT2-PR2	188	0.01	0	2938
atman	paired-t	PT2-PR2	188	0.05	0	2938
atman	paired-t	PT2-PR2	188	0.1	0	2938
atman	moderated	PT2-PR2	188	0.01	0	2938
atman	moderated	PT2-PR2	188	0.05	0	2938
atman	moderated	PT2-PR2	188	0.1	0	2938
atman	welch-t	PT2-PR2	188	0.01	0	2938
atman	welch-t	PT2-PR2	188	0.05	0	2938
atman	welch-t	PT2-PR2	188	0.1	0	2938
atman	paired-t	PT2-PR2	189	0.01	0	2938
atman	paired-t	PT2-PR2	189	0.05	0	2938
atman	paired-t	PT2-PR2	189	0.1	0	2938
atman	moderated	PT2-PR2	189	0.01	0	2938
atman	moderated	PT2-PR2	189	0.05	0	2938
atman	moderated	PT2-PR2	189	0.1	0	2938
atman	welch-t	PT2-PR2	189	0.01	0	2938
atman	welch-t	PT2-PR2	189	0.05	0	2938
atman	welch-t	PT2-PR2	189	0.1	0	2938
atman	paired-t	PT2-PR2	190	0.01	0	2938
atman	paired-t	PT2-PR2	190	0.05	0	2938
atman	paired-t	PT2-PR2	190	0.1	0	2938
atman	moderated	PT2-PR2	190	0.01	0	2938
atman	moderated	PT2-PR2	190	0.05	0	2938
atman	moderated	PT2-PR2	190	0.1	0	2938
atman	welch-t	PT2-PR2	190	0.01	0	2938
atman	welch-t	PT2-PR2	190	0.05	0	2938
atman	welch-t	PT2-PR2	190	0.1	0	2938
atman	paired-t	PT2-PR2	191	0.01	0	2938
atman	paired-t	PT2-PR2	191	0.05	0	2938
atman	paired-t	PT2-PR2	191	0.1	0	2938
atman	moderated	PT2-PR2	191	0.01	0	2938
atman	moderated	PT2-PR2	191	0.05	0	2938
atman	moderated	PT2-PR2	191	0.1	0	2938
atman	welch-t	PT2-PR2	191	0.01	0	2938
atman	welch-t	PT2-PR2	191	0.05	0	2938
atman	welch-t	PT2-PR2	191	0.1	0	2938
atman	paired-t	PT2-PR2	192	0.01	0	2938
atman	paired-t	PT2-PR2	192	0.05	0	2938
atman	paired-t	PT2-PR2	192	0.1	0	2938
atman	moderated	PT2-PR2	192	0.01	0	2938
atman	moderated	PT2-PR2	192	0.05	0	2938
atman	moderated	PT2-PR2	192	0.1	0	2938
atman	welch-t	PT2-PR2	192	0.01	0	2938
atman	welch-t	PT2-PR2	192	0.05	0	2938
atman	welch-t	PT2-PR2	192	0.1	0	2938
atman	paired-t	PT2-PR2	193	0.01	0	2938
atman	paired-t	PT2-PR2	193	0.05	0	2938
atman	paired-t	PT2-PR2	193	0.1	0	2938
atman	moderated	PT2-PR2	193	0.01	0	2938
atman	moderated	PT2-PR2	193	0.05	0	2938
atman	moderated	PT2-PR2	193	0.1	0	2938
atman	welch-t	PT2-PR2	193	0.01	0	2938
atman	welch-t	PT2-PR2	193	0.05	0	2938
atman	welch-t	PT2-PR2	193	0.1	0	2938
atman	paired-t	PT2-PR2	194	0.01	0	2938
atman	paired-t	PT2-PR2	194	0.05	0	2938
atman	paired-t	PT2-PR2	194	0.1	0	2938
atman	moderated	PT2-PR2	194	0.01	0	2938
atman	moderated	PT2-PR2	194	0.05	0	2938
atman	moderated	PT2-PR2	194	0.1	0	2938
atman	welch-t	PT2-PR2	194	0.01	0	2938
atman	welch-t	PT2-PR2	194	0.05	0	2938
atman	welch-t	PT2-PR2	194	0.1	0	2938
atman	paired-t	PT2-PR2	195	0.01	0	2938
atman	paired-t	PT2-PR2	195	0.05	0	2938
atman	paired-t	PT2-PR2	195	0.1	0	2938
atman	moderated	PT2-PR2	195	0.01	0	2938
atman	moderated	PT2-PR2	195	0.05	0	2938
atman	moderated	PT2-PR2	195	0.1	0	2938
atman	welch-t	PT2-PR2	195	0.01	0	2938
atman	welch-t	PT2-PR2	195	0.05	0	2938
atman	welch-t	PT2-PR2	195	0.1	0	2938
atman	paired-t	PT2-PR2	196	0.01	0	2938
atman	paired-t	PT2-PR2	196	0.05	0	2938
atman	paired-t	PT2-PR2	196	0.1	0	2938
atman	moderated	PT2-PR2	196	0.01	0	2938
atman	moderated	PT2-PR2	196	0.05	0	2938
atman	moderated	PT2-PR2	196	0.1	0	2938
atman	welch-t	PT2-PR2	196	0.01	0	2938
atman	welch-t	PT2-PR2	196	0.05	0	2938
atman	welch-t	PT2-PR2	196	0.1	0	2938
atman	paired-t	PT2-PR2	197	0.01	0	2938
atman	paired-t	PT2-PR2	197	0.05	0	2938
atman	paired-t	PT2-PR2	197	0.1	0	2938
atman	moderated	PT2-PR2	197	0.01	0	2938
atman	moderated	PT2-PR2	197	0.05	0	2938
atman	moderated	PT2-PR2	197	0.1	0	2938
atman	welch-t	PT2-PR2	197	0.01	0	2938
atman	welch-t	PT2-PR2	197	0.05	0	2938
atman	welch-t	PT2-PR2	197	0.1	0	2938
atman	paired-t	PT2-PR2	198	0.01	0	2938
atman	paired-t	PT2-PR2	198	0.05	0	2938
atman	paired-t	PT2-PR2	198	0.1	0	2938
atman	moderated	PT2-PR2	198	0.01	0	2938
atman	moderated	PT2-PR2	198	0.05	0	2938
atman	moderated	PT2-PR2	198	0.1	0	2938
atman	welch-t	PT2-PR2	198	0.01	0	2938
atman	welch-t	PT2-PR2	198	0.05	0	2938
atman	welch-t	PT2-PR2	198	0.1	0	2938
atman	paired-t	PT2-PR2	199	0.01	1	2938
atman	paired-t	PT2-PR2	199	0.05	3	2938
atman	paired-t	PT2-PR2	199	0.1	488	2938
atman	moderated	PT2-PR2	199	0.01	1	2938
atman	moderated	PT2-PR2	199	0.05	450	2938
atman	moderated	PT2-PR2	199	0.1	557	2938
atman	welch-t	PT2-PR2	199	0.01	0	2938
atman	welch-t	PT2-PR2	199	0.05	0	2938
atman	welch-t	PT2-PR2	199	0.1	0	2938
atman	paired-t	PT2-PT1	0	0.01	0	2938
atman	paired-t	PT2-PT1	0	0.05	0	2938
atman	paired-t	PT2-PT1	0	0.1	0	2938
atman	moderated	PT2-PT1	0	0.01	0	2938
atman	moderated	PT2-PT1	0	0.05	0	2938
atman	moderated	PT2-PT1	0	0.1	0	2938
atman	welch-t	PT2-PT1	0	0.01	0	2938
atman	welch-t	PT2-PT1	0	0.05	0	2938
atman	welch-t	PT2-PT1	0	0.1	0	2938
atman	paired-t	PT2-PT1	1	0.01	0	2938
atman	paired-t	PT2-PT1	1	0.05	0	2938
atman	paired-t	PT2-PT1	1	0.1	0	2938
atman	moderated	PT2-PT1	1	0.01	0	2938
atman	moderated	PT2-PT1	1	0.05	0	2938
atman	moderated	PT2-PT1	1	0.1	0	2938
atman	welch-t	PT2-PT1	1	0.01	0	2938
atman	welch-t	PT2-PT1	1	0.05	0	2938
atman	welch-t	PT2-PT1	1	0.1	0	2938
atman	paired-t	PT2-PT1	2	0.01	0	2938
atman	paired-t	PT2-PT1	2	0.05	0	2938
atman	paired-t	PT2-PT1	2	0.1	0	2938
atman	moderated	PT2-PT1	2	0.01	0	2938
atman	moderated	PT2-PT1	2	0.05	0	2938
atman	moderated	PT2-PT1	2	0.1	0	2938
atman	welch-t	PT2-PT1	2	0.01	0	2938
atman	welch-t	PT2-PT1	2	0.05	0	2938
atman	welch-t	PT2-PT1	2	0.1	0	2938
atman	paired-t	PT2-PT1	3	0.01	0	2938
atman	paired-t	PT2-PT1	3	0.05	0	2938
atman	paired-t	PT2-PT1	3	0.1	0	2938
atman	moderated	PT2-PT1	3	0.01	0	2938
atman	moderated	PT2-PT1	3	0.05	0	2938
atman	moderated	PT2-PT1	3	0.1	0	2938
atman	welch-t	PT2-PT1	3	0.01	0	2938
atman	welch-t	PT2-PT1	3	0.05	0	2938
atman	welch-t	PT2-PT1	3	0.1	0	2938
atman	paired-t	PT2-PT1	4	0.01	0	2938
atman	paired-t	PT2-PT1	4	0.05	0	2938
atman	paired-t	PT2-PT1	4	0.1	0	2938
atman	moderated	PT2-PT1	4	0.01	0	2938
atman	moderated	PT2-PT1	4	0.05	0	2938
atman	moderated	PT2-PT1	4	0.1	0	2938
atman	welch-t	PT2-PT1	4	0.01	0	2938
atman	welch-t	PT2-PT1	4	0.05	0	2938
atman	welch-t	PT2-PT1	4	0.1	0	2938
atman	paired-t	PT2-PT1	5	0.01	0	2938
atman	paired-t	PT2-PT1	5	0.05	0	2938
atman	paired-t	PT2-PT1	5	0.1	0	2938
atman	moderated	PT2-PT1	5	0.01	0	2938
atman	moderated	PT2-PT1	5	0.05	0	2938
atman	moderated	PT2-PT1	5	0.1	0	2938
atman	welch-t	PT2-PT1	5	0.01	0	2938
atman	welch-t	PT2-PT1	5	0.05	0	2938
atman	welch-t	PT2-PT1	5	0.1	0	2938
atman	paired-t	PT2-PT1	6	0.01	0	2938
atman	paired-t	PT2-PT1	6	0.05	0	2938
atman	paired-t	PT2-PT1	6	0.1	0	2938
atman	moderated	PT2-PT1	6	0.01	0	2938
atman	moderated	PT2-PT1	6	0.05	0	2938
atman	moderated	PT2-PT1	6	0.1	0	2938
atman	welch-t	PT2-PT1	6	0.01	0	2938
atman	welch-t	PT2-PT1	6	0.05	0	2938
atman	welch-t	PT2-PT1	6	0.1	0	2938
atman	paired-t	PT2-PT1	7	0.01	0	2938
atman	paired-t	PT2-PT1	7	0.05	0	2938
atman	paired-t	PT2-PT1	7	0.1	0	2938
atman	moderated	PT2-PT1	7	0.01	0	2938
atman	moderated	PT2-PT1	7	0.05	0	2938
atman	moderated	PT2-PT1	7	0.1	0	2938
atman	welch-t	PT2-PT1	7	0.01	0	2938
atman	welch-t	PT2-PT1	7	0.05	0	2938
atman	welch-t	PT2-PT1	7	0.1	0	2938
atman	paired-t	PT2-PT1	8	0.01	0	2938
atman	paired-t	PT2-PT1	8	0.05	0	2938
atman	paired-t	PT2-PT1	8	0.1	0	2938
atman	moderated	PT2-PT1	8	0.01	0	2938
atman	moderated	PT2-PT1	8	0.05	0	2938
atman	moderated	PT2-PT1	8	0.1	0	2938
atman	welch-t	PT2-PT1	8	0.01	0	2938
atman	welch-t	PT2-PT1	8	0.05	0	2938
atman	welch-t	PT2-PT1	8	0.1	1	2938
atman	paired-t	PT2-PT1	9	0.01	0	2938
atman	paired-t	PT2-PT1	9	0.05	0	2938
atman	paired-t	PT2-PT1	9	0.1	0	2938
atman	moderated	PT2-PT1	9	0.01	0	2938
atman	moderated	PT2-PT1	9	0.05	0	2938
atman	moderated	PT2-PT1	9	0.1	0	2938
atman	welch-t	PT2-PT1	9	0.01	0	2938
atman	welch-t	PT2-PT1	9	0.05	0	2938
atman	welch-t	PT2-PT1	9	0.1	0	2938
atman	paired-t	PT2-PT1	10	0.01	0	2938
atman	paired-t	PT2-PT1	10	0.05	0	2938
atman	paired-t	PT2-PT1	10	0.1	0	2938
atman	moderated	PT2-PT1	10	0.01	0	2938
atman	moderated	PT2-PT1	10	0.05	0	2938
atman	moderated	PT2-PT1	10	0.1	0	2938
atman	welch-t	PT2-PT1	10	0.01	0	2938
atman	welch-t	PT2-PT1	10	0.05	0	2938
atman	welch-t	PT2-PT1	10	0.1	0	2938
atman	paired-t	PT2-PT1	11	0.01	0	2938
atman	paired-t	PT2-PT1	11	0.05	0	2938
atman	paired-t	PT2-PT1	11	0.1	0	2938
atman	moderated	PT2-PT1	11	0.01	0	2938
atman	moderated	PT2-PT1	11	0.05	0	2938
atman	moderated	PT2-PT1	11	0.1	0	2938
atman	welch-t	PT2-PT1	11	0.01	0	2938
atman	welch-t	PT2-PT1	11	0.05	0	2938
atman	welch-t	PT2-PT1	11	0.1	0	2938
atman	paired-t	PT2-PT1	12	0.01	0	2938
atman	paired-t	PT2-PT1	12	0.05	0	2938
atman	paired-t	PT2-PT1	12	0.1	0	2938
atman	moderated	PT2-PT1	12	0.01	0	2938
atman	moderated	PT2-PT1	12	0.05	0	2938
atman	moderated	PT2-PT1	12	0.1	0	2938
atman	welch-t	PT2-PT1	12	0.01	0	2938
atman	welch-t	PT2-PT1	12	0.05	0	2938
atman	welch-t	PT2-PT1	12	0.1	0	2938
atman	paired-t	PT2-PT1	13	0.01	0	2938
atman	paired-t	PT2-PT1	13	0.05	0	2938
atman	paired-t	PT2-PT1	13	0.1	0	2938
atman	moderated	PT2-PT1	13	0.01	0	2938
atman	moderated	PT2-PT1	13	0.05	0	2938
atman	moderated	PT2-PT1	13	0.1	0	2938
atman	welch-t	PT2-PT1	13	0.01	0	2938
atman	welch-t	PT2-PT1	13	0.05	0	2938
atman	welch-t	PT2-PT1	13	0.1	0	2938
atman	paired-t	PT2-PT1	14	0.01	0	2938
atman	paired-t	PT2-PT1	14	0.05	0	2938
atman	paired-t	PT2-PT1	14	0.1	0	2938
atman	moderated	PT2-PT1	14	0.01	0	2938
atman	moderated	PT2-PT1	14	0.05	0	2938
atman	moderated	PT2-PT1	14	0.1	0	2938
atman	welch-t	PT2-PT1	14	0.01	0	2938
atman	welch-t	PT2-PT1	14	0.05	0	2938
atman	welch-t	PT2-PT1	14	0.1	0	2938
atman	paired-t	PT2-PT1	15	0.01	0	2938
atman	paired-t	PT2-PT1	15	0.05	0	2938
atman	paired-t	PT2-PT1	15	0.1	0	2938
atman	moderated	PT2-PT1	15	0.01	0	2938
atman	moderated	PT2-PT1	15	0.05	0	2938
atman	moderated	PT2-PT1	15	0.1	0	2938
atman	welch-t	PT2-PT1	15	0.01	0	2938
atman	welch-t	PT2-PT1	15	0.05	0	2938
atman	welch-t	PT2-PT1	15	0.1	0	2938
atman	paired-t	PT2-PT1	16	0.01	0	2938
atman	paired-t	PT2-PT1	16	0.05	0	2938
atman	paired-t	PT2-PT1	16	0.1	0	2938
atman	moderated	PT2-PT1	16	0.01	0	2938
atman	moderated	PT2-PT1	16	0.05	0	2938
atman	moderated	PT2-PT1	16	0.1	0	2938
atman	welch-t	PT2-PT1	16	0.01	0	2938
atman	welch-t	PT2-PT1	16	0.05	0	2938
atman	welch-t	PT2-PT1	16	0.1	0	2938
atman	paired-t	PT2-PT1	17	0.01	0	2938
atman	paired-t	PT2-PT1	17	0.05	0	2938
atman	paired-t	PT2-PT1	17	0.1	0	2938
atman	moderated	PT2-PT1	17	0.01	0	2938
atman	moderated	PT2-PT1	17	0.05	0	2938
atman	moderated	PT2-PT1	17	0.1	0	2938
atman	welch-t	PT2-PT1	17	0.01	0	2938
atman	welch-t	PT2-PT1	17	0.05	0	2938
atman	welch-t	PT2-PT1	17	0.1	0	2938
atman	paired-t	PT2-PT1	18	0.01	0	2938
atman	paired-t	PT2-PT1	18	0.05	0	2938
atman	paired-t	PT2-PT1	18	0.1	0	2938
atman	moderated	PT2-PT1	18	0.01	0	2938
atman	moderated	PT2-PT1	18	0.05	1	2938
atman	moderated	PT2-PT1	18	0.1	1	2938
atman	welch-t	PT2-PT1	18	0.01	0	2938
atman	welch-t	PT2-PT1	18	0.05	0	2938
atman	welch-t	PT2-PT1	18	0.1	1	2938
atman	paired-t	PT2-PT1	19	0.01	0	2938
atman	paired-t	PT2-PT1	19	0.05	0	2938
atman	paired-t	PT2-PT1	19	0.1	0	2938
atman	moderated	PT2-PT1	19	0.01	0	2938
atman	moderated	PT2-PT1	19	0.05	0	2938
atman	moderated	PT2-PT1	19	0.1	0	2938
atman	welch-t	PT2-PT1	19	0.01	0	2938
atman	welch-t	PT2-PT1	19	0.05	0	2938
atman	welch-t	PT2-PT1	19	0.1	0	2938
atman	paired-t	PT2-PT1	20	0.01	0	2938
atman	paired-t	PT2-PT1	20	0.05	1	2938
atman	paired-t	PT2-PT1	20	0.1	1	2938
atman	moderated	PT2-PT1	20	0.01	0	2938
atman	moderated	PT2-PT1	20	0.05	0	2938
atman	moderated	PT2-PT1	20	0.1	0	2938
atman	welch-t	PT2-PT1	20	0.01	0	2938
atman	welch-t	PT2-PT1	20	0.05	0	2938
atman	welch-t	PT2-PT1	20	0.1	0	2938
atman	paired-t	PT2-PT1	21	0.01	0	2938
atman	paired-t	PT2-PT1	21	0.05	0	2938
atman	paired-t	PT2-PT1	21	0.1	0	2938
atman	moderated	PT2-PT1	21	0.01	0	2938
atman	moderated	PT2-PT1	21	0.05	0	2938
atman	moderated	PT2-PT1	21	0.1	0	2938
atman	welch-t	PT2-PT1	21	0.01	0	2938
atman	welch-t	PT2-PT1	21	0.05	0	2938
atman	welch-t	PT2-PT1	21	0.1	0	2938
atman	paired-t	PT2-PT1	22	0.01	0	2938
atman	paired-t	PT2-PT1	22	0.05	0	2938
atman	paired-t	PT2-PT1	22	0.1	0	2938
atman	moderated	PT2-PT1	22	0.01	0	2938
atman	moderated	PT2-PT1	22	0.05	0	2938
atman	moderated	PT2-PT1	22	0.1	0	2938
atman	welch-t	PT2-PT1	22	0.01	0	2938
atman	welch-t	PT2-PT1	22	0.05	0	2938
atman	welch-t	PT2-PT1	22	0.1	0	2938
atman	paired-t	PT2-PT1	23	0.01	0	2938
atman	paired-t	PT2-PT1	23	0.05	0	2938
atman	paired-t	PT2-PT1	23	0.1	0	2938
atman	moderated	PT2-PT1	23	0.01	0	2938
atman	moderated	PT2-PT1	23	0.05	0	2938
atman	moderated	PT2-PT1	23	0.1	0	2938
atman	welch-t	PT2-PT1	23	0.01	0	2938
atman	welch-t	PT2-PT1	23	0.05	0	2938
atman	welch-t	PT2-PT1	23	0.1	0	2938
atman	paired-t	PT2-PT1	24	0.01	0	2938
atman	paired-t	PT2-PT1	24	0.05	1	2938
atman	paired-t	PT2-PT1	24	0.1	1	2938
atman	moderated	PT2-PT1	24	0.01	0	2938
atman	moderated	PT2-PT1	24	0.05	0	2938
atman	moderated	PT2-PT1	24	0.1	0	2938
atman	welch-t	PT2-PT1	24	0.01	0	2938
atman	welch-t	PT2-PT1	24	0.05	0	2938
atman	welch-t	PT2-PT1	24	0.1	0	2938
atman	paired-t	PT2-PT1	25	0.01	0	2938
atman	paired-t	PT2-PT1	25	0.05	0	2938
atman	paired-t	PT2-PT1	25	0.1	0	2938
atman	moderated	PT2-PT1	25	0.01	0	2938
atman	moderated	PT2-PT1	25	0.05	0	2938
atman	moderated	PT2-PT1	25	0.1	0	2938
atman	welch-t	PT2-PT1	25	0.01	0	2938
atman	welch-t	PT2-PT1	25	0.05	0	2938
atman	welch-t	PT2-PT1	25	0.1	0	2938
atman	paired-t	PT2-PT1	26	0.01	0	2938
atman	paired-t	PT2-PT1	26	0.05	0	2938
atman	paired-t	PT2-PT1	26	0.1	0	2938
atman	moderated	PT2-PT1	26	0.01	0	2938
atman	moderated	PT2-PT1	26	0.05	0	2938
atman	moderated	PT2-PT1	26	0.1	0	2938
atman	welch-t	PT2-PT1	26	0.01	0	2938
atman	welch-t	PT2-PT1	26	0.05	0	2938
atman	welch-t	PT2-PT1	26	0.1	0	2938
atman	paired-t	PT2-PT1	27	0.01	0	2938
atman	paired-t	PT2-PT1	27	0.05	0	2938
atman	paired-t	PT2-PT1	27	0.1	0	2938
atman	moderated	PT2-PT1	27	0.01	0	2938
atman	moderated	PT2-PT1	27	0.05	0	2938
atman	moderated	PT2-PT1	27	0.1	0	2938
atman	welch-t	PT2-PT1	27	0.01	0	2938
atman	welch-t	PT2-PT1	27	0.05	0	2938
atman	welch-t	PT2-PT1	27	0.1	0	2938
atman	paired-t	PT2-PT1	28	0.01	0	2938
atman	paired-t	PT2-PT1	28	0.05	0	2938
atman	paired-t	PT2-PT1	28	0.1	0	2938
atman	moderated	PT2-PT1	28	0.01	0	2938
atman	moderated	PT2-PT1	28	0.05	0	2938
atman	moderated	PT2-PT1	28	0.1	0	2938
atman	welch-t	PT2-PT1	28	0.01	0	2938
atman	welch-t	PT2-PT1	28	0.05	0	2938
atman	welch-t	PT2-PT1	28	0.1	0	2938
atman	paired-t	PT2-PT1	29	0.01	0	2938
atman	paired-t	PT2-PT1	29	0.05	0	2938
atman	paired-t	PT2-PT1	29	0.1	0	2938
atman	moderated	PT2-PT1	29	0.01	0	2938
atman	moderated	PT2-PT1	29	0.05	0	2938
atman	moderated	PT2-PT1	29	0.1	0	2938
atman	welch-t	PT2-PT1	29	0.01	0	2938
atman	welch-t	PT2-PT1	29	0.05	0	2938
atman	welch-t	PT2-PT1	29	0.1	0	2938
atman	paired-t	PT2-PT1	30	0.01	0	2938
atman	paired-t	PT2-PT1	30	0.05	0	2938
atman	paired-t	PT2-PT1	30	0.1	0	2938
atman	moderated	PT2-PT1	30	0.01	0	2938
atman	moderated	PT2-PT1	30	0.05	0	2938
atman	moderated	PT2-PT1	30	0.1	0	2938
atman	welch-t	PT2-PT1	30	0.01	0	2938
atman	welch-t	PT2-PT1	30	0.05	0	2938
atman	welch-t	PT2-PT1	30	0.1	0	2938
atman	paired-t	PT2-PT1	31	0.01	0	2938
atman	paired-t	PT2-PT1	31	0.05	0	2938
atman	paired-t	PT2-PT1	31	0.1	0	2938
atman	moderated	PT2-PT1	31	0.01	0	2938
atman	moderated	PT2-PT1	31	0.05	0	2938
atman	moderated	PT2-PT1	31	0.1	1	2938
atman	welch-t	PT2-PT1	31	0.01	0	2938
atman	welch-t	PT2-PT1	31	0.05	0	2938
atman	welch-t	PT2-PT1	31	0.1	0	2938
atman	paired-t	PT2-PT1	32	0.01	0	2938
atman	paired-t	PT2-PT1	32	0.05	0	2938
atman	paired-t	PT2-PT1	32	0.1	0	2938
atman	moderated	PT2-PT1	32	0.01	0	2938
atman	moderated	PT2-PT1	32	0.05	0	2938
atman	moderated	PT2-PT1	32	0.1	0	2938
atman	welch-t	PT2-PT1	32	0.01	0	2938
atman	welch-t	PT2-PT1	32	0.05	0	2938
atman	welch-t	PT2-PT1	32	0.1	0	2938
atman	paired-t	PT2-PT1	33	0.01	0	2938
atman	paired-t	PT2-PT1	33	0.05	0	2938
atman	paired-t	PT2-PT1	33	0.1	0	2938
atman	moderated	PT2-PT1	33	0.01	0	2938
atman	moderated	PT2-PT1	33	0.05	0	2938
atman	moderated	PT2-PT1	33	0.1	0	2938
atman	welch-t	PT2-PT1	33	0.01	0	2938
atman	welch-t	PT2-PT1	33	0.05	0	2938
atman	welch-t	PT2-PT1	33	0.1	0	2938
atman	paired-t	PT2-PT1	34	0.01	0	2938
atman	paired-t	PT2-PT1	34	0.05	0	2938
atman	paired-t	PT2-PT1	34	0.1	0	2938
atman	moderated	PT2-PT1	34	0.01	0	2938
atman	moderated	PT2-PT1	34	0.05	0	2938
atman	moderated	PT2-PT1	34	0.1	1	2938
atman	welch-t	PT2-PT1	34	0.01	0	2938
atman	welch-t	PT2-PT1	34	0.05	0	2938
atman	welch-t	PT2-PT1	34	0.1	0	2938
atman	paired-t	PT2-PT1	35	0.01	0	2938
atman	paired-t	PT2-PT1	35	0.05	0	2938
atman	paired-t	PT2-PT1	35	0.1	0	2938
atman	moderated	PT2-PT1	35	0.01	0	2938
atman	moderated	PT2-PT1	35	0.05	0	2938
atman	moderated	PT2-PT1	35	0.1	0	2938
atman	welch-t	PT2-PT1	35	0.01	0	2938
atman	welch-t	PT2-PT1	35	0.05	0	2938
atman	welch-t	PT2-PT1	35	0.1	0	2938
atman	paired-t	PT2-PT1	36	0.01	0	2938
atman	paired-t	PT2-PT1	36	0.05	0	2938
atman	paired-t	PT2-PT1	36	0.1	0	2938
atman	moderated	PT2-PT1	36	0.01	0	2938
atman	moderated	PT2-PT1	36	0.05	0	2938
atman	moderated	PT2-PT1	36	0.1	0	2938
atman	welch-t	PT2-PT1	36	0.01	0	2938
atman	welch-t	PT2-PT1	36	0.05	0	2938
atman	welch-t	PT2-PT1	36	0.1	0	2938
atman	paired-t	PT2-PT1	37	0.01	0	2938
atman	paired-t	PT2-PT1	37	0.05	0	2938
atman	paired-t	PT2-PT1	37	0.1	0	2938
atman	moderated	PT2-PT1	37	0.01	0	2938
atman	moderated	PT2-PT1	37	0.05	0	2938
atman	moderated	PT2-PT1	37	0.1	0	2938
atman	welch-t	PT2-PT1	37	0.01	0	2938
atman	welch-t	PT2-PT1	37	0.05	0	2938
atman	welch-t	PT2-PT1	37	0.1	0	2938
atman	paired-t	PT2-PT1	38	0.01	0	2938
atman	paired-t	PT2-PT1	38	0.05	0	2938
atman	paired-t	PT2-PT1	38	0.1	0	2938
atman	moderated	PT2-PT1	38	0.01	0	2938
atman	moderated	PT2-PT1	38	0.05	0	2938
atman	moderated	PT2-PT1	38	0.1	0	2938
atman	welch-t	PT2-PT1	38	0.01	0	2938
atman	welch-t	PT2-PT1	38	0.05	0	2938
atman	welch-t	PT2-PT1	38	0.1	0	2938
atman	paired-t	PT2-PT1	39	0.01	0	2938
atman	paired-t	PT2-PT1	39	0.05	0	2938
atman	paired-t	PT2-PT1	39	0.1	0	2938
atman	moderated	PT2-PT1	39	0.01	0	2938
atman	moderated	PT2-PT1	39	0.05	0	2938
atman	moderated	PT2-PT1	39	0.1	0	2938
atman	welch-t	PT2-PT1	39	0.01	0	2938
atman	welch-t	PT2-PT1	39	0.05	0	2938
atman	welch-t	PT2-PT1	39	0.1	0	2938
atman	paired-t	PT2-PT1	40	0.01	0	2938
atman	paired-t	PT2-PT1	40	0.05	0	2938
atman	paired-t	PT2-PT1	40	0.1	0	2938
atman	moderated	PT2-PT1	40	0.01	0	2938
atman	moderated	PT2-PT1	40	0.05	0	2938
atman	moderated	PT2-PT1	40	0.1	0	2938
atman	welch-t	PT2-PT1	40	0.01	0	2938
atman	welch-t	PT2-PT1	40	0.05	0	2938
atman	welch-t	PT2-PT1	40	0.1	0	2938
atman	paired-t	PT2-PT1	41	0.01	0	2938
atman	paired-t	PT2-PT1	41	0.05	0	2938
atman	paired-t	PT2-PT1	41	0.1	0	2938
atman	moderated	PT2-PT1	41	0.01	0	2938
atman	moderated	PT2-PT1	41	0.05	0	2938
atman	moderated	PT2-PT1	41	0.1	0	2938
atman	welch-t	PT2-PT1	41	0.01	0	2938
atman	welch-t	PT2-PT1	41	0.05	0	2938
atman	welch-t	PT2-PT1	41	0.1	0	2938
atman	paired-t	PT2-PT1	42	0.01	0	2938
atman	paired-t	PT2-PT1	42	0.05	0	2938
atman	paired-t	PT2-PT1	42	0.1	0	2938
atman	moderated	PT2-PT1	42	0.01	0	2938
atman	moderated	PT2-PT1	42	0.05	0	2938
atman	moderated	PT2-PT1	42	0.1	0	2938
atman	welch-t	PT2-PT1	42	0.01	0	2938
atman	welch-t	PT2-PT1	42	0.05	0	2938
atman	welch-t	PT2-PT1	42	0.1	0	2938
atman	paired-t	PT2-PT1	43	0.01	0	2938
atman	paired-t	PT2-PT1	43	0.05	0	2938
atman	paired-t	PT2-PT1	43	0.1	0	2938
atman	moderated	PT2-PT1	43	0.01	0	2938
atman	moderated	PT2-PT1	43	0.05	0	2938
atman	moderated	PT2-PT1	43	0.1	0	2938
atman	welch-t	PT2-PT1	43	0.01	0	2938
atman	welch-t	PT2-PT1	43	0.05	0	2938
atman	welch-t	PT2-PT1	43	0.1	0	2938
atman	paired-t	PT2-PT1	44	0.01	0	2938
atman	paired-t	PT2-PT1	44	0.05	0	2938
atman	paired-t	PT2-PT1	44	0.1	0	2938
atman	moderated	PT2-PT1	44	0.01	0	2938
atman	moderated	PT2-PT1	44	0.05	0	2938
atman	moderated	PT2-PT1	44	0.1	0	2938
atman	welch-t	PT2-PT1	44	0.01	0	2938
atman	welch-t	PT2-PT1	44	0.05	0	2938
atman	welch-t	PT2-PT1	44	0.1	0	2938
atman	paired-t	PT2-PT1	45	0.01	0	2938
atman	paired-t	PT2-PT1	45	0.05	0	2938
atman	paired-t	PT2-PT1	45	0.1	0	2938
atman	moderated	PT2-PT1	45	0.01	0	2938
atman	moderated	PT2-PT1	45	0.05	0	2938
atman	moderated	PT2-PT1	45	0.1	0	2938
atman	welch-t	PT2-PT1	45	0.01	0	2938
atman	welch-t	PT2-PT1	45	0.05	0	2938
atman	welch-t	PT2-PT1	45	0.1	0	2938
atman	paired-t	PT2-PT1	46	0.01	0	2938
atman	paired-t	PT2-PT1	46	0.05	0	2938
atman	paired-t	PT2-PT1	46	0.1	0	2938
atman	moderated	PT2-PT1	46	0.01	0	2938
atman	moderated	PT2-PT1	46	0.05	1	2938
atman	moderated	PT2-PT1	46	0.1	1	2938
atman	welch-t	PT2-PT1	46	0.01	0	2938
atman	welch-t	PT2-PT1	46	0.05	0	2938
atman	welch-t	PT2-PT1	46	0.1	0	2938
atman	paired-t	PT2-PT1	47	0.01	0	2938
atman	paired-t	PT2-PT1	47	0.05	0	2938
atman	paired-t	PT2-PT1	47	0.1	0	2938
atman	moderated	PT2-PT1	47	0.01	0	2938
atman	moderated	PT2-PT1	47	0.05	0	2938
atman	moderated	PT2-PT1	47	0.1	0	2938
atman	welch-t	PT2-PT1	47	0.01	0	2938
atman	welch-t	PT2-PT1	47	0.05	0	2938
atman	welch-t	PT2-PT1	47	0.1	0	2938
atman	paired-t	PT2-PT1	48	0.01	0	2938
atman	paired-t	PT2-PT1	48	0.05	0	2938
atman	paired-t	PT2-PT1	48	0.1	0	2938
atman	moderated	PT2-PT1	48	0.01	0	2938
atman	moderated	PT2-PT1	48	0.05	0	2938
atman	moderated	PT2-PT1	48	0.1	0	2938
atman	welch-t	PT2-PT1	48	0.01	0	2938
atman	welch-t	PT2-PT1	48	0.05	0	2938
atman	welch-t	PT2-PT1	48	0.1	0	2938
atman	paired-t	PT2-PT1	49	0.01	0	2938
atman	paired-t	PT2-PT1	49	0.05	0	2938
atman	paired-t	PT2-PT1	49	0.1	0	2938
atman	moderated	PT2-PT1	49	0.01	0	2938
atman	moderated	PT2-PT1	49	0.05	0	2938
atman	moderated	PT2-PT1	49	0.1	0	2938
atman	welch-t	PT2-PT1	49	0.01	0	2938
atman	welch-t	PT2-PT1	49	0.05	0	2938
atman	welch-t	PT2-PT1	49	0.1	0	2938
atman	paired-t	PT2-PT1	50	0.01	0	2938
atman	paired-t	PT2-PT1	50	0.05	0	2938
atman	paired-t	PT2-PT1	50	0.1	0	2938
atman	moderated	PT2-PT1	50	0.01	0	2938
atman	moderated	PT2-PT1	50	0.05	0	2938
atman	moderated	PT2-PT1	50	0.1	0	2938
atman	welch-t	PT2-PT1	50	0.01	0	2938
atman	welch-t	PT2-PT1	50	0.05	0	2938
atman	welch-t	PT2-PT1	50	0.1	0	2938
atman	paired-t	PT2-PT1	51	0.01	0	2938
atman	paired-t	PT2-PT1	51	0.05	0	2938
atman	paired-t	PT2-PT1	51	0.1	0	2938
atman	moderated	PT2-PT1	51	0.01	0	2938
atman	moderated	PT2-PT1	51	0.05	0	2938
atman	moderated	PT2-PT1	51	0.1	0	2938
atman	welch-t	PT2-PT1	51	0.01	0	2938
atman	welch-t	PT2-PT1	51	0.05	0	2938
atman	welch-t	PT2-PT1	51	0.1	0	2938
atman	paired-t	PT2-PT1	52	0.01	0	2938
atman	paired-t	PT2-PT1	52	0.05	0	2938
atman	paired-t	PT2-PT1	52	0.1	0	2938
atman	moderated	PT2-PT1	52	0.01	0	2938
atman	moderated	PT2-PT1	52	0.05	0	2938
atman	moderated	PT2-PT1	52	0.1	0	2938
atman	welch-t	PT2-PT1	52	0.01	0	2938
atman	welch-t	PT2-PT1	52	0.05	0	2938
atman	welch-t	PT2-PT1	52	0.1	0	2938
atman	paired-t	PT2-PT1	53	0.01	0	2938
atman	paired-t	PT2-PT1	53	0.05	0	2938
atman	paired-t	PT2-PT1	53	0.1	0	2938
atman	moderated	PT2-PT1	53	0.01	0	2938
atman	moderated	PT2-PT1	53	0.05	0	2938
atman	moderated	PT2-PT1	53	0.1	0	2938
atman	welch-t	PT2-PT1	53	0.01	0	2938
atman	welch-t	PT2-PT1	53	0.05	0	2938
atman	welch-t	PT2-PT1	53	0.1	0	2938
atman	paired-t	PT2-PT1	54	0.01	0	2938
atman	paired-t	PT2-PT1	54	0.05	0	2938
atman	paired-t	PT2-PT1	54	0.1	0	2938
atman	moderated	PT2-PT1	54	0.01	0	2938
atman	moderated	PT2-PT1	54	0.05	0	2938
atman	moderated	PT2-PT1	54	0.1	0	2938
atman	welch-t	PT2-PT1	54	0.01	0	2938
atman	welch-t	PT2-PT1	54	0.05	0	2938
atman	welch-t	PT2-PT1	54	0.1	0	2938
atman	paired-t	PT2-PT1	55	0.01	0	2938
atman	paired-t	PT2-PT1	55	0.05	0	2938
atman	paired-t	PT2-PT1	55	0.1	0	2938
atman	moderated	PT2-PT1	55	0.01	0	2938
atman	moderated	PT2-PT1	55	0.05	0	2938
atman	moderated	PT2-PT1	55	0.1	0	2938
atman	welch-t	PT2-PT1	55	0.01	0	2938
atman	welch-t	PT2-PT1	55	0.05	0	2938
atman	welch-t	PT2-PT1	55	0.1	0	2938
atman	paired-t	PT2-PT1	56	0.01	0	2938
atman	paired-t	PT2-PT1	56	0.05	0	2938
atman	paired-t	PT2-PT1	56	0.1	0	2938
atman	moderated	PT2-PT1	56	0.01	0	2938
atman	moderated	PT2-PT1	56	0.05	0	2938
atman	moderated	PT2-PT1	56	0.1	0	2938
atman	welch-t	PT2-PT1	56	0.01	0	2938
atman	welch-t	PT2-PT1	56	0.05	0	2938
atman	welch-t	PT2-PT1	56	0.1	0	2938
atman	paired-t	PT2-PT1	57	0.01	0	2938
atman	paired-t	PT2-PT1	57	0.05	0	2938
atman	paired-t	PT2-PT1	57	0.1	0	2938
atman	moderated	PT2-PT1	57	0.01	0	2938
atman	moderated	PT2-PT1	57	0.05	0	2938
atman	moderated	PT2-PT1	57	0.1	0	2938
atman	welch-t	PT2-PT1	57	0.01	0	2938
atman	welch-t	PT2-PT1	57	0.05	0	2938
atman	welch-t	PT2-PT1	57	0.1	0	2938
atman	paired-t	PT2-PT1	58	0.01	0	2938
atman	paired-t	PT2-PT1	58	0.05	7	2938
atman	paired-t	PT2-PT1	58	0.1	8	2938
atman	moderated	PT2-PT1	58	0.01	0	2938
atman	moderated	PT2-PT1	58	0.05	0	2938
atman	moderated	PT2-PT1	58	0.1	0	2938
atman	welch-t	PT2-PT1	58	0.01	0	2938
atman	welch-t	PT2-PT1	58	0.05	1	2938
atman	welch-t	PT2-PT1	58	0.1	1	2938
atman	paired-t	PT2-PT1	59	0.01	0	2938
atman	paired-t	PT2-PT1	59	0.05	0	2938
atman	paired-t	PT2-PT1	59	0.1	0	2938
atman	moderated	PT2-PT1	59	0.01	0	2938
atman	moderated	PT2-PT1	59	0.05	0	2938
atman	moderated	PT2-PT1	59	0.1	0	2938
atman	welch-t	PT2-PT1	59	0.01	0	2938
atman	welch-t	PT2-PT1	59	0.05	0	2938
atman	welch-t	PT2-PT1	59	0.1	0	2938
atman	paired-t	PT2-PT1	60	0.01	0	2938
atman	paired-t	PT2-PT1	60	0.05	0	2938
atman	paired-t	PT2-PT1	60	0.1	0	2938
atman	moderated	PT2-PT1	60	0.01	0	2938
atman	moderated	PT2-PT1	60	0.05	0	2938
atman	moderated	PT2-PT1	60	0.1	0	2938
atman	welch-t	PT2-PT1	60	0.01	0	2938
atman	welch-t	PT2-PT1	60	0.05	0	2938
atman	welch-t	PT2-PT1	60	0.1	0	2938
atman	paired-t	PT2-PT1	61	0.01	0	2938
atman	paired-t	PT2-PT1	61	0.05	0	2938
atman	paired-t	PT2-PT1	61	0.1	0	2938
atman	moderated	PT2-PT1	61	0.01	0	2938
atman	moderated	PT2-PT1	61	0.05	0	2938
atman	moderated	PT2-PT1	61	0.1	0	2938
atman	welch-t	PT2-PT1	61	0.01	0	2938
atman	welch-t	PT2-PT1	61	0.05	0	2938
atman	welch-t	PT2-PT1	61	0.1	0	2938
atman	paired-t	PT2-PT1	62	0.01	0	2938
atman	paired-t	PT2-PT1	62	0.05	0	2938
atman	paired-t	PT2-PT1	62	0.1	0	2938
atman	moderated	PT2-PT1	62	0.01	0	2938
atman	moderated	PT2-PT1	62	0.05	0	2938
atman	moderated	PT2-PT1	62	0.1	0	2938
atman	welch-t	PT2-PT1	62	0.01	0	2938
atman	welch-t	PT2-PT1	62	0.05	0	2938
atman	welch-t	PT2-PT1	62	0.1	0	2938
atman	paired-t	PT2-PT1	63	0.01	0	2938
atman	paired-t	PT2-PT1	63	0.05	0	2938
atman	paired-t	PT2-PT1	63	0.1	0	2938
atman	moderated	PT2-PT1	63	0.01	0	2938
atman	moderated	PT2-PT1	63	0.05	0	2938
atman	moderated	PT2-PT1	63	0.1	0	2938
atman	welch-t	PT2-PT1	63	0.01	0	2938
atman	welch-t	PT2-PT1	63	0.05	0	2938
atman	welch-t	PT2-PT1	63	0.1	0	2938
atman	paired-t	PT2-PT1	64	0.01	0	2938
atman	paired-t	PT2-PT1	64	0.05	0	2938
atman	paired-t	PT2-PT1	64	0.1	0	2938
atman	moderated	PT2-PT1	64	0.01	0	2938
atman	moderated	PT2-PT1	64	0.05	0	2938
atman	moderated	PT2-PT1	64	0.1	0	2938
atman	welch-t	PT2-PT1	64	0.01	0	2938
atman	welch-t	PT2-PT1	64	0.05	0	2938
atman	welch-t	PT2-PT1	64	0.1	0	2938
atman	paired-t	PT2-PT1	65	0.01	0	2938
atman	paired-t	PT2-PT1	65	0.05	0	2938
atman	paired-t	PT2-PT1	65	0.1	0	2938
atman	moderated	PT2-PT1	65	0.01	0	2938
atman	moderated	PT2-PT1	65	0.05	0	2938
atman	moderated	PT2-PT1	65	0.1	0	2938
atman	welch-t	PT2-PT1	65	0.01	0	2938
atman	welch-t	PT2-PT1	65	0.05	0	2938
atman	welch-t	PT2-PT1	65	0.1	0	2938
atman	paired-t	PT2-PT1	66	0.01	0	2938
atman	paired-t	PT2-PT1	66	0.05	0	2938
atman	paired-t	PT2-PT1	66	0.1	171	2938
atman	moderated	PT2-PT1	66	0.01	0	2938
atman	moderated	PT2-PT1	66	0.05	163	2938
atman	moderated	PT2-PT1	66	0.1	304	2938
atman	welch-t	PT2-PT1	66	0.01	0	2938
atman	welch-t	PT2-PT1	66	0.05	0	2938
atman	welch-t	PT2-PT1	66	0.1	0	2938
atman	paired-t	PT2-PT1	67	0.01	0	2938
atman	paired-t	PT2-PT1	67	0.05	0	2938
atman	paired-t	PT2-PT1	67	0.1	0	2938
atman	moderated	PT2-PT1	67	0.01	0	2938
atman	moderated	PT2-PT1	67	0.05	0	2938
atman	moderated	PT2-PT1	67	0.1	1	2938
atman	welch-t	PT2-PT1	67	0.01	0	2938
atman	welch-t	PT2-PT1	67	0.05	0	2938
atman	welch-t	PT2-PT1	67	0.1	0	2938
atman	paired-t	PT2-PT1	68	0.01	0	2938
atman	paired-t	PT2-PT1	68	0.05	0	2938
atman	paired-t	PT2-PT1	68	0.1	0	2938
atman	moderated	PT2-PT1	68	0.01	0	2938
atman	moderated	PT2-PT1	68	0.05	0	2938
atman	moderated	PT2-PT1	68	0.1	0	2938
atman	welch-t	PT2-PT1	68	0.01	0	2938
atman	welch-t	PT2-PT1	68	0.05	0	2938
atman	welch-t	PT2-PT1	68	0.1	0	2938
atman	paired-t	PT2-PT1	69	0.01	0	2938
atman	paired-t	PT2-PT1	69	0.05	0	2938
atman	paired-t	PT2-PT1	69	0.1	0	2938
atman	moderated	PT2-PT1	69	0.01	0	2938
atman	moderated	PT2-PT1	69	0.05	0	2938
atman	moderated	PT2-PT1	69	0.1	0	2938
atman	welch-t	PT2-PT1	69	0.01	0	2938
atman	welch-t	PT2-PT1	69	0.05	0	2938
atman	welch-t	PT2-PT1	69	0.1	0	2938
atman	paired-t	PT2-PT1	70	0.01	0	2938
atman	paired-t	PT2-PT1	70	0.05	0	2938
atman	paired-t	PT2-PT1	70	0.1	1	2938
atman	moderated	PT2-PT1	70	0.01	0	2938
atman	moderated	PT2-PT1	70	0.05	0	2938
atman	moderated	PT2-PT1	70	0.1	0	2938
atman	welch-t	PT2-PT1	70	0.01	0	2938
atman	welch-t	PT2-PT1	70	0.05	0	2938
atman	welch-t	PT2-PT1	70	0.1	0	2938
atman	paired-t	PT2-PT1	71	0.01	0	2938
atman	paired-t	PT2-PT1	71	0.05	0	2938
atman	paired-t	PT2-PT1	71	0.1	0	2938
atman	moderated	PT2-PT1	71	0.01	0	2938
atman	moderated	PT2-PT1	71	0.05	0	2938
atman	moderated	PT2-PT1	71	0.1	0	2938
atman	welch-t	PT2-PT1	71	0.01	0	2938
atman	welch-t	PT2-PT1	71	0.05	0	2938
atman	welch-t	PT2-PT1	71	0.1	0	2938
atman	paired-t	PT2-PT1	72	0.01	0	2938
atman	paired-t	PT2-PT1	72	0.05	0	2938
atman	paired-t	PT2-PT1	72	0.1	0	2938
atman	moderated	PT2-PT1	72	0.01	0	2938
atman	moderated	PT2-PT1	72	0.05	0	2938
atman	moderated	PT2-PT1	72	0.1	0	2938
atman	welch-t	PT2-PT1	72	0.01	0	2938
atman	welch-t	PT2-PT1	72	0.05	0	2938
atman	welch-t	PT2-PT1	72	0.1	0	2938
atman	paired-t	PT2-PT1	73	0.01	0	2938
atman	paired-t	PT2-PT1	73	0.05	0	2938
atman	paired-t	PT2-PT1	73	0.1	0	2938
atman	moderated	PT2-PT1	73	0.01	0	2938
atman	moderated	PT2-PT1	73	0.05	0	2938
atman	moderated	PT2-PT1	73	0.1	0	2938
atman	welch-t	PT2-PT1	73	0.01	0	2938
atman	welch-t	PT2-PT1	73	0.05	0	2938
atman	welch-t	PT2-PT1	73	0.1	0	2938
atman	paired-t	PT2-PT1	74	0.01	0	2938
atman	paired-t	PT2-PT1	74	0.05	0	2938
atman	paired-t	PT2-PT1	74	0.1	0	2938
atman	moderated	PT2-PT1	74	0.01	0	2938
atman	moderated	PT2-PT1	74	0.05	0	2938
atman	moderated	PT2-PT1	74	0.1	0	2938
atman	welch-t	PT2-PT1	74	0.01	0	2938
atman	welch-t	PT2-PT1	74	0.05	0	2938
atman	welch-t	PT2-PT1	74	0.1	0	2938
atman	paired-t	PT2-PT1	75	0.01	0	2938
atman	paired-t	PT2-PT1	75	0.05	0	2938
atman	paired-t	PT2-PT1	75	0.1	0	2938
atman	moderated	PT2-PT1	75	0.01	0	2938
atman	moderated	PT2-PT1	75	0.05	0	2938
atman	moderated	PT2-PT1	75	0.1	0	2938
atman	welch-t	PT2-PT1	75	0.01	0	2938
atman	welch-t	PT2-PT1	75	0.05	0	2938
atman	welch-t	PT2-PT1	75	0.1	0	2938
atman	paired-t	PT2-PT1	76	0.01	0	2938
atman	paired-t	PT2-PT1	76	0.05	0	2938
atman	paired-t	PT2-PT1	76	0.1	0	2938
atman	moderated	PT2-PT1	76	0.01	0	2938
atman	moderated	PT2-PT1	76	0.05	0	2938
atman	moderated	PT2-PT1	76	0.1	0	2938
atman	welch-t	PT2-PT1	76	0.01	0	2938
atman	welch-t	PT2-PT1	76	0.05	0	2938
atman	welch-t	PT2-PT1	76	0.1	0	2938
atman	paired-t	PT2-PT1	77	0.01	0	2938
atman	paired-t	PT2-PT1	77	0.05	0	2938
atman	paired-t	PT2-PT1	77	0.1	0	2938
atman	moderated	PT2-PT1	77	0.01	0	2938
atman	moderated	PT2-PT1	77	0.05	0	2938
atman	moderated	PT2-PT1	77	0.1	0	2938
atman	welch-t	PT2-PT1	77	0.01	0	2938
atman	welch-t	PT2-PT1	77	0.05	0	2938
atman	welch-t	PT2-PT1	77	0.1	0	2938
atman	paired-t	PT2-PT1	78	0.01	0	2938
atman	paired-t	PT2-PT1	78	0.05	0	2938
atman	paired-t	PT2-PT1	78	0.1	0	2938
atman	moderated	PT2-PT1	78	0.01	0	2938
atman	moderated	PT2-PT1	78	0.05	0	2938
atman	moderated	PT2-PT1	78	0.1	0	2938
atman	welch-t	PT2-PT1	78	0.01	0	2938
atman	welch-t	PT2-PT1	78	0.05	0	2938
atman	welch-t	PT2-PT1	78	0.1	0	2938
atman	paired-t	PT2-PT1	79	0.01	0	2938
atman	paired-t	PT2-PT1	79	0.05	0	2938
atman	paired-t	PT2-PT1	79	0.1	0	2938
atman	moderated	PT2-PT1	79	0.01	0	2938
atman	moderated	PT2-PT1	79	0.05	0	2938
atman	moderated	PT2-PT1	79	0.1	0	2938
atman	welch-t	PT2-PT1	79	0.01	0	2938
atman	welch-t	PT2-PT1	79	0.05	0	2938
atman	welch-t	PT2-PT1	79	0.1	0	2938
atman	paired-t	PT2-PT1	80	0.01	0	2938
atman	paired-t	PT2-PT1	80	0.05	0	2938
atman	paired-t	PT2-PT1	80	0.1	0	2938
atman	moderated	PT2-PT1	80	0.01	0	2938
atman	moderated	PT2-PT1	80	0.05	0	2938
atman	moderated	PT2-PT1	80	0.1	0	2938
atman	welch-t	PT2-PT1	80	0.01	0	2938
atman	welch-t	PT2-PT1	80	0.05	0	2938
atman	welch-t	PT2-PT1	80	0.1	0	2938
atman	paired-t	PT2-PT1	81	0.01	0	2938
atman	paired-t	PT2-PT1	81	0.05	0	2938
atman	paired-t	PT2-PT1	81	0.1	0	2938
atman	moderated	PT2-PT1	81	0.01	0	2938
atman	moderated	PT2-PT1	81	0.05	0	2938
atman	moderated	PT2-PT1	81	0.1	0	2938
atman	welch-t	PT2-PT1	81	0.01	0	2938
atman	welch-t	PT2-PT1	81	0.05	0	2938
atman	welch-t	PT2-PT1	81	0.1	0	2938
atman	paired-t	PT2-PT1	82	0.01	0	2938
atman	paired-t	PT2-PT1	82	0.05	0	2938
atman	paired-t	PT2-PT1	82	0.1	0	2938
atman	moderated	PT2-PT1	82	0.01	0	2938
atman	moderated	PT2-PT1	82	0.05	0	2938
atman	moderated	PT2-PT1	82	0.1	0	2938
atman	welch-t	PT2-PT1	82	0.01	0	2938
atman	welch-t	PT2-PT1	82	0.05	0	2938
atman	welch-t	PT2-PT1	82	0.1	0	2938
atman	paired-t	PT2-PT1	83	0.01	0	2938
atman	paired-t	PT2-PT1	83	0.05	0	2938
atman	paired-t	PT2-PT1	83	0.1	0	2938
atman	moderated	PT2-PT1	83	0.01	0	2938
atman	moderated	PT2-PT1	83	0.05	0	2938
atman	moderated	PT2-PT1	83	0.1	0	2938
atman	welch-t	PT2-PT1	83	0.01	0	2938
atman	welch-t	PT2-PT1	83	0.05	0	2938
atman	welch-t	PT2-PT1	83	0.1	0	2938
atman	paired-t	PT2-PT1	84	0.01	0	2938
atman	paired-t	PT2-PT1	84	0.05	0	2938
atman	paired-t	PT2-PT1	84	0.1	0	2938
atman	moderated	PT2-PT1	84	0.01	0	2938
atman	moderated	PT2-PT1	84	0.05	0	2938
atman	moderated	PT2-PT1	84	0.1	0	2938
atman	welch-t	PT2-PT1	84	0.01	0	2938
atman	welch-t	PT2-PT1	84	0.05	0	2938
atman	welch-t	PT2-PT1	84	0.1	0	2938
atman	paired-t	PT2-PT1	85	0.01	0	2938
atman	paired-t	PT2-PT1	85	0.05	0	2938
atman	paired-t	PT2-PT1	85	0.1	0	2938
atman	moderated	PT2-PT1	85	0.01	0	2938
atman	moderated	PT2-PT1	85	0.05	0	2938
atman	moderated	PT2-PT1	85	0.1	0	2938
atman	welch-t	PT2-PT1	85	0.01	0	2938
atman	welch-t	PT2-PT1	85	0.05	0	2938
atman	welch-t	PT2-PT1	85	0.1	0	2938
atman	paired-t	PT2-PT1	86	0.01	0	2938
atman	paired-t	PT2-PT1	86	0.05	0	2938
atman	paired-t	PT2-PT1	86	0.1	0	2938
atman	moderated	PT2-PT1	86	0.01	0	2938
atman	moderated	PT2-PT1	86	0.05	0	2938
atman	moderated	PT2-PT1	86	0.1	0	2938
atman	welch-t	PT2-PT1	86	0.01	0	2938
atman	welch-t	PT2-PT1	86	0.05	0	2938
atman	welch-t	PT2-PT1	86	0.1	0	2938
atman	paired-t	PT2-PT1	87	0.01	0	2938
atman	paired-t	PT2-PT1	87	0.05	0	2938
atman	paired-t	PT2-PT1	87	0.1	0	2938
atman	moderated	PT2-PT1	87	0.01	0	2938
atman	moderated	PT2-PT1	87	0.05	1	2938
atman	moderated	PT2-PT1	87	0.1	1	2938
atman	welch-t	PT2-PT1	87	0.01	0	2938
atman	welch-t	PT2-PT1	87	0.05	0	2938
atman	welch-t	PT2-PT1	87	0.1	0	2938
atman	paired-t	PT2-PT1	88	0.01	0	2938
atman	paired-t	PT2-PT1	88	0.05	0	2938
atman	paired-t	PT2-PT1	88	0.1	0	2938
atman	moderated	PT2-PT1	88	0.01	0	2938
atman	moderated	PT2-PT1	88	0.05	0	2938
atman	moderated	PT2-PT1	88	0.1	0	2938
atman	welch-t	PT2-PT1	88	0.01	0	2938
atman	welch-t	PT2-PT1	88	0.05	0	2938
atman	welch-t	PT2-PT1	88	0.1	0	2938
atman	paired-t	PT2-PT1	89	0.01	0	2938
atman	paired-t	PT2-PT1	89	0.05	0	2938
atman	paired-t	PT2-PT1	89	0.1	0	2938
atman	moderated	PT2-PT1	89	0.01	0	2938
atman	moderated	PT2-PT1	89	0.05	0	2938
atman	moderated	PT2-PT1	89	0.1	0	2938
atman	welch-t	PT2-PT1	89	0.01	0	2938
atman	welch-t	PT2-PT1	89	0.05	0	2938
atman	welch-t	PT2-PT1	89	0.1	0	2938
atman	paired-t	PT2-PT1	90	0.01	0	2938
atman	paired-t	PT2-PT1	90	0.05	0	2938
atman	paired-t	PT2-PT1	90	0.1	0	2938
atman	moderated	PT2-PT1	90	0.01	0	2938
atman	moderated	PT2-PT1	90	0.05	0	2938
atman	moderated	PT2-PT1	90	0.1	0	2938
atman	welch-t	PT2-PT1	90	0.01	0	2938
atman	welch-t	PT2-PT1	90	0.05	0	2938
atman	welch-t	PT2-PT1	90	0.1	0	2938
atman	paired-t	PT2-PT1	91	0.01	0	2938
atman	paired-t	PT2-PT1	91	0.05	0	2938
atman	paired-t	PT2-PT1	91	0.1	0	2938
atman	moderated	PT2-PT1	91	0.01	0	2938
atman	moderated	PT2-PT1	91	0.05	0	2938
atman	moderated	PT2-PT1	91	0.1	0	2938
atman	welch-t	PT2-PT1	91	0.01	0	2938
atman	welch-t	PT2-PT1	91	0.05	0	2938
atman	welch-t	PT2-PT1	91	0.1	0	2938
atman	paired-t	PT2-PT1	92	0.01	0	2938
atman	paired-t	PT2-PT1	92	0.05	0	2938
atman	paired-t	PT2-PT1	92	0.1	0	2938
atman	moderated	PT2-PT1	92	0.01	0	2938
atman	moderated	PT2-PT1	92	0.05	0	2938
atman	moderated	PT2-PT1	92	0.1	0	2938
atman	welch-t	PT2-PT1	92	0.01	0	2938
atman	welch-t	PT2-PT1	92	0.05	0	2938
atman	welch-t	PT2-PT1	92	0.1	0	2938
atman	paired-t	PT2-PT1	93	0.01	0	2938
atman	paired-t	PT2-PT1	93	0.05	0	2938
atman	paired-t	PT2-PT1	93	0.1	0	2938
atman	moderated	PT2-PT1	93	0.01	0	2938
atman	moderated	PT2-PT1	93	0.05	0	2938
atman	moderated	PT2-PT1	93	0.1	0	2938
atman	welch-t	PT2-PT1	93	0.01	0	2938
atman	welch-t	PT2-PT1	93	0.05	0	2938
atman	welch-t	PT2-PT1	93	0.1	0	2938
atman	paired-t	PT2-PT1	94	0.01	0	2938
atman	paired-t	PT2-PT1	94	0.05	0	2938
atman	paired-t	PT2-PT1	94	0.1	0	2938
atman	moderated	PT2-PT1	94	0.01	0	2938
atman	moderated	PT2-PT1	94	0.05	0	2938
atman	moderated	PT2-PT1	94	0.1	0	2938
atman	welch-t	PT2-PT1	94	0.01	0	2938
atman	welch-t	PT2-PT1	94	0.05	0	2938
atman	welch-t	PT2-PT1	94	0.1	0	2938
atman	paired-t	PT2-PT1	95	0.01	0	2938
atman	paired-t	PT2-PT1	95	0.05	0	2938
atman	paired-t	PT2-PT1	95	0.1	0	2938
atman	moderated	PT2-PT1	95	0.01	0	2938
atman	moderated	PT2-PT1	95	0.05	0	2938
atman	moderated	PT2-PT1	95	0.1	0	2938
atman	welch-t	PT2-PT1	95	0.01	0	2938
atman	welch-t	PT2-PT1	95	0.05	0	2938
atman	welch-t	PT2-PT1	95	0.1	0	2938
atman	paired-t	PT2-PT1	96	0.01	0	2938
atman	paired-t	PT2-PT1	96	0.05	0	2938
atman	paired-t	PT2-PT1	96	0.1	0	2938
atman	moderated	PT2-PT1	96	0.01	0	2938
atman	moderated	PT2-PT1	96	0.05	0	2938
atman	moderated	PT2-PT1	96	0.1	0	2938
atman	welch-t	PT2-PT1	96	0.01	0	2938
atman	welch-t	PT2-PT1	96	0.05	0	2938
atman	welch-t	PT2-PT1	96	0.1	0	2938
atman	paired-t	PT2-PT1	97	0.01	0	2938
atman	paired-t	PT2-PT1	97	0.05	0	2938
atman	paired-t	PT2-PT1	97	0.1	0	2938
atman	moderated	PT2-PT1	97	0.01	0	2938
atman	moderated	PT2-PT1	97	0.05	0	2938
atman	moderated	PT2-PT1	97	0.1	0	2938
atman	welch-t	PT2-PT1	97	0.01	0	2938
atman	welch-t	PT2-PT1	97	0.05	0	2938
atman	welch-t	PT2-PT1	97	0.1	0	2938
atman	paired-t	PT2-PT1	98	0.01	0	2938
atman	paired-t	PT2-PT1	98	0.05	0	2938
atman	paired-t	PT2-PT1	98	0.1	0	2938
atman	moderated	PT2-PT1	98	0.01	0	2938
atman	moderated	PT2-PT1	98	0.05	0	2938
atman	moderated	PT2-PT1	98	0.1	0	2938
atman	welch-t	PT2-PT1	98	0.01	0	2938
atman	welch-t	PT2-PT1	98	0.05	0	2938
atman	welch-t	PT2-PT1	98	0.1	0	2938
atman	paired-t	PT2-PT1	99	0.01	0	2938
atman	paired-t	PT2-PT1	99	0.05	0	2938
atman	paired-t	PT2-PT1	99	0.1	0	2938
atman	moderated	PT2-PT1	99	0.01	0	2938
atman	moderated	PT2-PT1	99	0.05	0	2938
atman	moderated	PT2-PT1	99	0.1	0	2938
atman	welch-t	PT2-PT1	99	0.01	0	2938
atman	welch-t	PT2-PT1	99	0.05	0	2938
atman	welch-t	PT2-PT1	99	0.1	0	2938
atman	paired-t	PT2-PT1	100	0.01	0	2938
atman	paired-t	PT2-PT1	100	0.05	0	2938
atman	paired-t	PT2-PT1	100	0.1	0	2938
atman	moderated	PT2-PT1	100	0.01	0	2938
atman	moderated	PT2-PT1	100	0.05	0	2938
atman	moderated	PT2-PT1	100	0.1	0	2938
atman	welch-t	PT2-PT1	100	0.01	0	2938
atman	welch-t	PT2-PT1	100	0.05	0	2938
atman	welch-t	PT2-PT1	100	0.1	0	2938
atman	paired-t	PT2-PT1	101	0.01	0	2938
atman	paired-t	PT2-PT1	101	0.05	0	2938
atman	paired-t	PT2-PT1	101	0.1	0	2938
atman	moderated	PT2-PT1	101	0.01	0	2938
atman	moderated	PT2-PT1	101	0.05	0	2938
atman	moderated	PT2-PT1	101	0.1	0	2938
atman	welch-t	PT2-PT1	101	0.01	0	2938
atman	welch-t	PT2-PT1	101	0.05	0	2938
atman	welch-t	PT2-PT1	101	0.1	0	2938
atman	paired-t	PT2-PT1	102	0.01	0	2938
atman	paired-t	PT2-PT1	102	0.05	0	2938
atman	paired-t	PT2-PT1	102	0.1	0	2938
atman	moderated	PT2-PT1	102	0.01	0	2938
atman	moderated	PT2-PT1	102	0.05	0	2938
atman	moderated	PT2-PT1	102	0.1	0	2938
atman	welch-t	PT2-PT1	102	0.01	0	2938
atman	welch-t	PT2-PT1	102	0.05	0	2938
atman	welch-t	PT2-PT1	102	0.1	0	2938
atman	paired-t	PT2-PT1	103	0.01	0	2938
atman	paired-t	PT2-PT1	103	0.05	0	2938
atman	paired-t	PT2-PT1	103	0.1	0	2938
atman	moderated	PT2-PT1	103	0.01	0	2938
atman	moderated	PT2-PT1	103	0.05	0	2938
atman	moderated	PT2-PT1	103	0.1	0	2938
atman	welch-t	PT2-PT1	103	0.01	0	2938
atman	welch-t	PT2-PT1	103	0.05	0	2938
atman	welch-t	PT2-PT1	103	0.1	0	2938
atman	paired-t	PT2-PT1	104	0.01	0	2938
atman	paired-t	PT2-PT1	104	0.05	0	2938
atman	paired-t	PT2-PT1	104	0.1	0	2938
atman	moderated	PT2-PT1	104	0.01	0	2938
atman	moderated	PT2-PT1	104	0.05	0	2938
atman	moderated	PT2-PT1	104	0.1	0	2938
atman	welch-t	PT2-PT1	104	0.01	0	2938
atman	welch-t	PT2-PT1	104	0.05	0	2938
atman	welch-t	PT2-PT1	104	0.1	0	2938
atman	paired-t	PT2-PT1	105	0.01	0	2938
atman	paired-t	PT2-PT1	105	0.05	0	2938
atman	paired-t	PT2-PT1	105	0.1	0	2938
atman	moderated	PT2-PT1	105	0.01	0	2938
atman	moderated	PT2-PT1	105	0.05	0	2938
atman	moderated	PT2-PT1	105	0.1	0	2938
atman	welch-t	PT2-PT1	105	0.01	0	2938
atman	welch-t	PT2-PT1	105	0.05	0	2938
atman	welch-t	PT2-PT1	105	0.1	0	2938
atman	paired-t	PT2-PT1	106	0.01	0	2938
atman	paired-t	PT2-PT1	106	0.05	0	2938
atman	paired-t	PT2-PT1	106	0.1	0	2938
atman	moderated	PT2-PT1	106	0.01	0	2938
atman	moderated	PT2-PT1	106	0.05	0	2938
atman	moderated	PT2-PT1	106	0.1	0	2938
atman	welch-t	PT2-PT1	106	0.01	0	2938
atman	welch-t	PT2-PT1	106	0.05	0	2938
atman	welch-t	PT2-PT1	106	0.1	0	2938
atman	paired-t	PT2-PT1	107	0.01	0	2938
atman	paired-t	PT2-PT1	107	0.05	0	2938
atman	paired-t	PT2-PT1	107	0.1	0	2938
atman	moderated	PT2-PT1	107	0.01	0	2938
atman	moderated	PT2-PT1	107	0.05	0	2938
atman	moderated	PT2-PT1	107	0.1	0	2938
atman	welch-t	PT2-PT1	107	0.01	0	2938
atman	welch-t	PT2-PT1	107	0.05	0	2938
atman	welch-t	PT2-PT1	107	0.1	0	2938
atman	paired-t	PT2-PT1	108	0.01	0	2938
atman	paired-t	PT2-PT1	108	0.05	0	2938
atman	paired-t	PT2-PT1	108	0.1	0	2938
atman	moderated	PT2-PT1	108	0.01	0	2938
atman	moderated	PT2-PT1	108	0.05	0	2938
atman	moderated	PT2-PT1	108	0.1	0	2938
atman	welch-t	PT2-PT1	108	0.01	0	2938
atman	welch-t	PT2-PT1	108	0.05	0	2938
atman	welch-t	PT2-PT1	108	0.1	0	2938
atman	paired-t	PT2-PT1	109	0.01	0	2938
atman	paired-t	PT2-PT1	109	0.05	0	2938
atman	paired-t	PT2-PT1	109	0.1	0	2938
atman	moderated	PT2-PT1	109	0.01	0	2938
atman	moderated	PT2-PT1	109	0.05	0	2938
atman	moderated	PT2-PT1	109	0.1	0	2938
atman	welch-t	PT2-PT1	109	0.01	0	2938
atman	welch-t	PT2-PT1	109	0.05	0	2938
atman	welch-t	PT2-PT1	109	0.1	0	2938
atman	paired-t	PT2-PT1	110	0.01	0	2938
atman	paired-t	PT2-PT1	110	0.05	0	2938
atman	paired-t	PT2-PT1	110	0.1	0	2938
atman	moderated	PT2-PT1	110	0.01	0	2938
atman	moderated	PT2-PT1	110	0.05	0	2938
atman	moderated	PT2-PT1	110	0.1	0	2938
atman	welch-t	PT2-PT1	110	0.01	0	2938
atman	welch-t	PT2-PT1	110	0.05	0	2938
atman	welch-t	PT2-PT1	110	0.1	0	2938
atman	paired-t	PT2-PT1	111	0.01	0	2938
atman	paired-t	PT2-PT1	111	0.05	0	2938
atman	paired-t	PT2-PT1	111	0.1	0	2938
atman	moderated	PT2-PT1	111	0.01	0	2938
atman	moderated	PT2-PT1	111	0.05	0	2938
atman	moderated	PT2-PT1	111	0.1	0	2938
atman	welch-t	PT2-PT1	111	0.01	0	2938
atman	welch-t	PT2-PT1	111	0.05	0	2938
atman	welch-t	PT2-PT1	111	0.1	0	2938
atman	paired-t	PT2-PT1	112	0.01	0	2938
atman	paired-t	PT2-PT1	112	0.05	0	2938
atman	paired-t	PT2-PT1	112	0.1	0	2938
atman	moderated	PT2-PT1	112	0.01	0	2938
atman	moderated	PT2-PT1	112	0.05	0	2938
atman	moderated	PT2-PT1	112	0.1	0	2938
atman	welch-t	PT2-PT1	112	0.01	0	2938
atman	welch-t	PT2-PT1	112	0.05	0	2938
atman	welch-t	PT2-PT1	112	0.1	0	2938
atman	paired-t	PT2-PT1	113	0.01	0	2938
atman	paired-t	PT2-PT1	113	0.05	0	2938
atman	paired-t	PT2-PT1	113	0.1	0	2938
atman	moderated	PT2-PT1	113	0.01	0	2938
atman	moderated	PT2-PT1	113	0.05	0	2938
atman	moderated	PT2-PT1	113	0.1	0	2938
atman	welch-t	PT2-PT1	113	0.01	0	2938
atman	welch-t	PT2-PT1	113	0.05	0	2938
atman	welch-t	PT2-PT1	113	0.1	0	2938
atman	paired-t	PT2-PT1	114	0.01	0	2938
atman	paired-t	PT2-PT1	114	0.05	0	2938
atman	paired-t	PT2-PT1	114	0.1	0	2938
atman	moderated	PT2-PT1	114	0.01	0	2938
atman	moderated	PT2-PT1	114	0.05	0	2938
atman	moderated	PT2-PT1	114	0.1	0	2938
atman	welch-t	PT2-PT1	114	0.01	0	2938
atman	welch-t	PT2-PT1	114	0.05	0	2938
atman	welch-t	PT2-PT1	114	0.1	0	2938
atman	paired-t	PT2-PT1	115	0.01	0	2938
atman	paired-t	PT2-PT1	115	0.05	0	2938
atman	paired-t	PT2-PT1	115	0.1	0	2938
atman	moderated	PT2-PT1	115	0.01	0	2938
atman	moderated	PT2-PT1	115	0.05	1	2938
atman	moderated	PT2-PT1	115	0.1	2	2938
atman	welch-t	PT2-PT1	115	0.01	0	2938
atman	welch-t	PT2-PT1	115	0.05	0	2938
atman	welch-t	PT2-PT1	115	0.1	0	2938
atman	paired-t	PT2-PT1	116	0.01	0	2938
atman	paired-t	PT2-PT1	116	0.05	0	2938
atman	paired-t	PT2-PT1	116	0.1	0	2938
atman	moderated	PT2-PT1	116	0.01	0	2938
atman	moderated	PT2-PT1	116	0.05	0	2938
atman	moderated	PT2-PT1	116	0.1	0	2938
atman	welch-t	PT2-PT1	116	0.01	0	2938
atman	welch-t	PT2-PT1	116	0.05	0	2938
atman	welch-t	PT2-PT1	116	0.1	0	2938
atman	paired-t	PT2-PT1	117	0.01	0	2938
atman	paired-t	PT2-PT1	117	0.05	0	2938
atman	paired-t	PT2-PT1	117	0.1	0	2938
atman	moderated	PT2-PT1	117	0.01	0	2938
atman	moderated	PT2-PT1	117	0.05	0	2938
atman	moderated	PT2-PT1	117	0.1	0	2938
atman	welch-t	PT2-PT1	117	0.01	0	2938
atman	welch-t	PT2-PT1	117	0.05	0	2938
atman	welch-t	PT2-PT1	117	0.1	0	2938
atman	paired-t	PT2-PT1	118	0.01	0	2938
atman	paired-t	PT2-PT1	118	0.05	0	2938
atman	paired-t	PT2-PT1	118	0.1	0	2938
atman	moderated	PT2-PT1	118	0.01	0	2938
atman	moderated	PT2-PT1	118	0.05	0	2938
atman	moderated	PT2-PT1	118	0.1	0	2938
atman	welch-t	PT2-PT1	118	0.01	0	2938
atman	welch-t	PT2-PT1	118	0.05	0	2938
atman	welch-t	PT2-PT1	118	0.1	0	2938
atman	paired-t	PT2-PT1	119	0.01	0	2938
atman	paired-t	PT2-PT1	119	0.05	0	2938
atman	paired-t	PT2-PT1	119	0.1	0	2938
atman	moderated	PT2-PT1	119	0.01	0	2938
atman	moderated	PT2-PT1	119	0.05	0	2938
atman	moderated	PT2-PT1	119	0.1	0	2938
atman	welch-t	PT2-PT1	119	0.01	0	2938
atman	welch-t	PT2-PT1	119	0.05	0	2938
atman	welch-t	PT2-PT1	119	0.1	0	2938
atman	paired-t	PT2-PT1	120	0.01	0	2938
atman	paired-t	PT2-PT1	120	0.05	0	2938
atman	paired-t	PT2-PT1	120	0.1	0	2938
atman	moderated	PT2-PT1	120	0.01	0	2938
atman	moderated	PT2-PT1	120	0.05	0	2938
atman	moderated	PT2-PT1	120	0.1	0	2938
atman	welch-t	PT2-PT1	120	0.01	0	2938
atman	welch-t	PT2-PT1	120	0.05	0	2938
atman	welch-t	PT2-PT1	120	0.1	0	2938
atman	paired-t	PT2-PT1	121	0.01	0	2938
atman	paired-t	PT2-PT1	121	0.05	0	2938
atman	paired-t	PT2-PT1	121	0.1	0	2938
atman	moderated	PT2-PT1	121	0.01	0	2938
atman	moderated	PT2-PT1	121	0.05	0	2938
atman	moderated	PT2-PT1	121	0.1	0	2938
atman	welch-t	PT2-PT1	121	0.01	0	2938
atman	welch-t	PT2-PT1	121	0.05	0	2938
atman	welch-t	PT2-PT1	121	0.1	0	2938
atman	paired-t	PT2-PT1	122	0.01	0	2938
atman	paired-t	PT2-PT1	122	0.05	0	2938
atman	paired-t	PT2-PT1	122	0.1	0	2938
atman	moderated	PT2-PT1	122	0.01	0	2938
atman	moderated	PT2-PT1	122	0.05	0	2938
atman	moderated	PT2-PT1	122	0.1	0	2938
atman	welch-t	PT2-PT1	122	0.01	0	2938
atman	welch-t	PT2-PT1	122	0.05	0	2938
atman	welch-t	PT2-PT1	122	0.1	0	2938
atman	paired-t	PT2-PT1	123	0.01	0	2938
atman	paired-t	PT2-PT1	123	0.05	0	2938
atman	paired-t	PT2-PT1	123	0.1	0	2938
atman	moderated	PT2-PT1	123	0.01	0	2938
atman	moderated	PT2-PT1	123	0.05	0	2938
atman	moderated	PT2-PT1	123	0.1	0	2938
atman	welch-t	PT2-PT1	123	0.01	0	2938
atman	welch-t	PT2-PT1	123	0.05	0	2938
atman	welch-t	PT2-PT1	123	0.1	0	2938
atman	paired-t	PT2-PT1	124	0.01	0	2938
atman	paired-t	PT2-PT1	124	0.05	0	2938
atman	paired-t	PT2-PT1	124	0.1	0	2938
atman	moderated	PT2-PT1	124	0.01	0	2938
atman	moderated	PT2-PT1	124	0.05	0	2938
atman	moderated	PT2-PT1	124	0.1	0	2938
atman	welch-t	PT2-PT1	124	0.01	0	2938
atman	welch-t	PT2-PT1	124	0.05	0	2938
atman	welch-t	PT2-PT1	124	0.1	0	2938
atman	paired-t	PT2-PT1	125	0.01	0	2938
atman	paired-t	PT2-PT1	125	0.05	0	2938
atman	paired-t	PT2-PT1	125	0.1	0	2938
atman	moderated	PT2-PT1	125	0.01	0	2938
atman	moderated	PT2-PT1	125	0.05	0	2938
atman	moderated	PT2-PT1	125	0.1	0	2938
atman	welch-t	PT2-PT1	125	0.01	0	2938
atman	welch-t	PT2-PT1	125	0.05	0	2938
atman	welch-t	PT2-PT1	125	0.1	0	2938
atman	paired-t	PT2-PT1	126	0.01	0	2938
atman	paired-t	PT2-PT1	126	0.05	0	2938
atman	paired-t	PT2-PT1	126	0.1	0	2938
atman	moderated	PT2-PT1	126	0.01	0	2938
atman	moderated	PT2-PT1	126	0.05	0	2938
atman	moderated	PT2-PT1	126	0.1	0	2938
atman	welch-t	PT2-PT1	126	0.01	0	2938
atman	welch-t	PT2-PT1	126	0.05	0	2938
atman	welch-t	PT2-PT1	126	0.1	0	2938
atman	paired-t	PT2-PT1	127	0.01	0	2938
atman	paired-t	PT2-PT1	127	0.05	0	2938
atman	paired-t	PT2-PT1	127	0.1	0	2938
atman	moderated	PT2-PT1	127	0.01	0	2938
atman	moderated	PT2-PT1	127	0.05	0	2938
atman	moderated	PT2-PT1	127	0.1	0	2938
atman	welch-t	PT2-PT1	127	0.01	0	2938
atman	welch-t	PT2-PT1	127	0.05	0	2938
atman	welch-t	PT2-PT1	127	0.1	0	2938
atman	paired-t	PT2-PT1	128	0.01	0	2938
atman	paired-t	PT2-PT1	128	0.05	0	2938
atman	paired-t	PT2-PT1	128	0.1	0	2938
atman	moderated	PT2-PT1	128	0.01	0	2938
atman	moderated	PT2-PT1	128	0.05	0	2938
atman	moderated	PT2-PT1	128	0.1	0	2938
atman	welch-t	PT2-PT1	128	0.01	0	2938
atman	welch-t	PT2-PT1	128	0.05	0	2938
atman	welch-t	PT2-PT1	128	0.1	0	2938
atman	paired-t	PT2-PT1	129	0.01	0	2938
atman	paired-t	PT2-PT1	129	0.05	0	2938
atman	paired-t	PT2-PT1	129	0.1	0	2938
atman	moderated	PT2-PT1	129	0.01	0	2938
atman	moderated	PT2-PT1	129	0.05	0	2938
atman	moderated	PT2-PT1	129	0.1	0	2938
atman	welch-t	PT2-PT1	129	0.01	0	2938
atman	welch-t	PT2-PT1	129	0.05	0	2938
atman	welch-t	PT2-PT1	129	0.1	0	2938
atman	paired-t	PT2-PT1	130	0.01	0	2938
atman	paired-t	PT2-PT1	130	0.05	0	2938
atman	paired-t	PT2-PT1	130	0.1	0	2938
atman	moderated	PT2-PT1	130	0.01	0	2938
atman	moderated	PT2-PT1	130	0.05	0	2938
atman	moderated	PT2-PT1	130	0.1	0	2938
atman	welch-t	PT2-PT1	130	0.01	0	2938
atman	welch-t	PT2-PT1	130	0.05	0	2938
atman	welch-t	PT2-PT1	130	0.1	0	2938
atman	paired-t	PT2-PT1	131	0.01	0	2938
atman	paired-t	PT2-PT1	131	0.05	0	2938
atman	paired-t	PT2-PT1	131	0.1	0	2938
atman	moderated	PT2-PT1	131	0.01	0	2938
atman	moderated	PT2-PT1	131	0.05	1	2938
atman	moderated	PT2-PT1	131	0.1	1	2938
atman	welch-t	PT2-PT1	131	0.01	0	2938
atman	welch-t	PT2-PT1	131	0.05	0	2938
atman	welch-t	PT2-PT1	131	0.1	0	2938
atman	paired-t	PT2-PT1	132	0.01	0	2938
atman	paired-t	PT2-PT1	132	0.05	0	2938
atman	paired-t	PT2-PT1	132	0.1	0	2938
atman	moderated	PT2-PT1	132	0.01	0	2938
atman	moderated	PT2-PT1	132	0.05	0	2938
atman	moderated	PT2-PT1	132	0.1	0	2938
atman	welch-t	PT2-PT1	132	0.01	0	2938
atman	welch-t	PT2-PT1	132	0.05	0	2938
atman	welch-t	PT2-PT1	132	0.1	0	2938
atman	paired-t	PT2-PT1	133	0.01	0	2938
atman	paired-t	PT2-PT1	133	0.05	0	2938
atman	paired-t	PT2-PT1	133	0.1	0	2938
atman	moderated	PT2-PT1	133	0.01	0	2938
atman	moderated	PT2-PT1	133	0.05	0	2938
atman	moderated	PT2-PT1	133	0.1	0	2938
atman	welch-t	PT2-PT1	133	0.01	0	2938
atman	welch-t	PT2-PT1	133	0.05	0	2938
atman	welch-t	PT2-PT1	133	0.1	0	2938
atman	paired-t	PT2-PT1	134	0.01	0	2938
atman	paired-t	PT2-PT1	134	0.05	0	2938
atman	paired-t	PT2-PT1	134	0.1	0	2938
atman	moderated	PT2-PT1	134	0.01	0	2938
atman	moderated	PT2-PT1	134	0.05	0	2938
atman	moderated	PT2-PT1	134	0.1	0	2938
atman	welch-t	PT2-PT1	134	0.01	0	2938
atman	welch-t	PT2-PT1	134	0.05	0	2938
atman	welch-t	PT2-PT1	134	0.1	0	2938
atman	paired-t	PT2-PT1	135	0.01	0	2938
atman	paired-t	PT2-PT1	135	0.05	0	2938
atman	paired-t	PT2-PT1	135	0.1	0	2938
atman	moderated	PT2-PT1	135	0.01	0	2938
atman	moderated	PT2-PT1	135	0.05	0	2938
atman	moderated	PT2-PT1	135	0.1	0	2938
atman	welch-t	PT2-PT1	135	0.01	0	2938
atman	welch-t	PT2-PT1	135	0.05	0	2938
atman	welch-t	PT2-PT1	135	0.1	0	2938
atman	paired-t	PT2-PT1	136	0.01	0	2938
atman	paired-t	PT2-PT1	136	0.05	0	2938
atman	paired-t	PT2-PT1	136	0.1	0	2938
atman	moderated	PT2-PT1	136	0.01	0	2938
atman	moderated	PT2-PT1	136	0.05	0	2938
atman	moderated	PT2-PT1	136	0.1	0	2938
atman	welch-t	PT2-PT1	136	0.01	0	2938
atman	welch-t	PT2-PT1	136	0.05	0	2938
atman	welch-t	PT2-PT1	136	0.1	0	2938
atman	paired-t	PT2-PT1	137	0.01	0	2938
atman	paired-t	PT2-PT1	137	0.05	0	2938
atman	paired-t	PT2-PT1	137	0.1	0	2938
atman	moderated	PT2-PT1	137	0.01	0	2938
atman	moderated	PT2-PT1	137	0.05	0	2938
atman	moderated	PT2-PT1	137	0.1	0	2938
atman	welch-t	PT2-PT1	137	0.01	0	2938
atman	welch-t	PT2-PT1	137	0.05	0	2938
atman	welch-t	PT2-PT1	137	0.1	0	2938
atman	paired-t	PT2-PT1	138	0.01	0	2938
atman	paired-t	PT2-PT1	138	0.05	0	2938
atman	paired-t	PT2-PT1	138	0.1	0	2938
atman	moderated	PT2-PT1	138	0.01	0	2938
atman	moderated	PT2-PT1	138	0.05	0	2938
atman	moderated	PT2-PT1	138	0.1	0	2938
atman	welch-t	PT2-PT1	138	0.01	0	2938
atman	welch-t	PT2-PT1	138	0.05	0	2938
atman	welch-t	PT2-PT1	138	0.1	0	2938
atman	paired-t	PT2-PT1	139	0.01	0	2938
atman	paired-t	PT2-PT1	139	0.05	0	2938
atman	paired-t	PT2-PT1	139	0.1	0	2938
atman	moderated	PT2-PT1	139	0.01	0	2938
atman	moderated	PT2-PT1	139	0.05	0	2938
atman	moderated	PT2-PT1	139	0.1	0	2938
atman	welch-t	PT2-PT1	139	0.01	0	2938
atman	welch-t	PT2-PT1	139	0.05	0	2938
atman	welch-t	PT2-PT1	139	0.1	0	2938
atman	paired-t	PT2-PT1	140	0.01	0	2938
atman	paired-t	PT2-PT1	140	0.05	0	2938
atman	paired-t	PT2-PT1	140	0.1	0	2938
atman	moderated	PT2-PT1	140	0.01	0	2938
atman	moderated	PT2-PT1	140	0.05	0	2938
atman	moderated	PT2-PT1	140	0.1	0	2938
atman	welch-t	PT2-PT1	140	0.01	0	2938
atman	welch-t	PT2-PT1	140	0.05	0	2938
atman	welch-t	PT2-PT1	140	0.1	0	2938
atman	paired-t	PT2-PT1	141	0.01	0	2938
atman	paired-t	PT2-PT1	141	0.05	0	2938
atman	paired-t	PT2-PT1	141	0.1	0	2938
atman	moderated	PT2-PT1	141	0.01	0	2938
atman	moderated	PT2-PT1	141	0.05	0	2938
atman	moderated	PT2-PT1	141	0.1	0	2938
atman	welch-t	PT2-PT1	141	0.01	0	2938
atman	welch-t	PT2-PT1	141	0.05	0	2938
atman	welch-t	PT2-PT1	141	0.1	0	2938
atman	paired-t	PT2-PT1	142	0.01	0	2938
atman	paired-t	PT2-PT1	142	0.05	0	2938
atman	paired-t	PT2-PT1	142	0.1	0	2938
atman	moderated	PT2-PT1	142	0.01	0	2938
atman	moderated	PT2-PT1	142	0.05	0	2938
atman	moderated	PT2-PT1	142	0.1	1	2938
atman	welch-t	PT2-PT1	142	0.01	0	2938
atman	welch-t	PT2-PT1	142	0.05	0	2938
atman	welch-t	PT2-PT1	142	0.1	0	2938
atman	paired-t	PT2-PT1	143	0.01	0	2938
atman	paired-t	PT2-PT1	143	0.05	0	2938
atman	paired-t	PT2-PT1	143	0.1	0	2938
atman	moderated	PT2-PT1	143	0.01	0	2938
atman	moderated	PT2-PT1	143	0.05	0	2938
atman	moderated	PT2-PT1	143	0.1	0	2938
atman	welch-t	PT2-PT1	143	0.01	0	2938
atman	welch-t	PT2-PT1	143	0.05	0	2938
atman	welch-t	PT2-PT1	143	0.1	0	2938
atman	paired-t	PT2-PT1	144	0.01	0	2938
atman	paired-t	PT2-PT1	144	0.05	0	2938
atman	paired-t	PT2-PT1	144	0.1	1	2938
atman	moderated	PT2-PT1	144	0.01	0	2938
atman	moderated	PT2-PT1	144	0.05	0	2938
atman	moderated	PT2-PT1	144	0.1	1	2938
atman	welch-t	PT2-PT1	144	0.01	0	2938
atman	welch-t	PT2-PT1	144	0.05	0	2938
atman	welch-t	PT2-PT1	144	0.1	0	2938
atman	paired-t	PT2-PT1	145	0.01	0	2938
atman	paired-t	PT2-PT1	145	0.05	0	2938
atman	paired-t	PT2-PT1	145	0.1	0	2938
atman	moderated	PT2-PT1	145	0.01	0	2938
atman	moderated	PT2-PT1	145	0.05	0	2938
atman	moderated	PT2-PT1	145	0.1	0	2938
atman	welch-t	PT2-PT1	145	0.01	0	2938
atman	welch-t	PT2-PT1	145	0.05	0	2938
atman	welch-t	PT2-PT1	145	0.1	0	2938
atman	paired-t	PT2-PT1	146	0.01	0	2938
atman	paired-t	PT2-PT1	146	0.05	0	2938
atman	paired-t	PT2-PT1	146	0.1	0	2938
atman	moderated	PT2-PT1	146	0.01	0	2938
atman	moderated	PT2-PT1	146	0.05	0	2938
atman	moderated	PT2-PT1	146	0.1	0	2938
atman	welch-t	PT2-PT1	146	0.01	0	2938
atman	welch-t	PT2-PT1	146	0.05	0	2938
atman	welch-t	PT2-PT1	146	0.1	0	2938
atman	paired-t	PT2-PT1	147	0.01	0	2938
atman	paired-t	PT2-PT1	147	0.05	0	2938
atman	paired-t	PT2-PT1	147	0.1	0	2938
atman	moderated	PT2-PT1	147	0.01	0	2938
atman	moderated	PT2-PT1	147	0.05	0	2938
atman	moderated	PT2-PT1	147	0.1	0	2938
atman	welch-t	PT2-PT1	147	0.01	0	2938
atman	welch-t	PT2-PT1	147	0.05	0	2938
atman	welch-t	PT2-PT1	147	0.1	0	2938
atman	paired-t	PT2-PT1	148	0.01	0	2938
atman	paired-t	PT2-PT1	148	0.05	0	2938
atman	paired-t	PT2-PT1	148	0.1	0	2938
atman	moderated	PT2-PT1	148	0.01	0	2938
atman	moderated	PT2-PT1	148	0.05	0	2938
atman	moderated	PT2-PT1	148	0.1	0	2938
atman	welch-t	PT2-PT1	148	0.01	0	2938
atman	welch-t	PT2-PT1	148	0.05	0	2938
atman	welch-t	PT2-PT1	148	0.1	0	2938
atman	paired-t	PT2-PT1	149	0.01	0	2938
atman	paired-t	PT2-PT1	149	0.05	0	2938
atman	paired-t	PT2-PT1	149	0.1	0	2938
atman	moderated	PT2-PT1	149	0.01	0	2938
atman	moderated	PT2-PT1	149	0.05	0	2938
atman	moderated	PT2-PT1	149	0.1	0	2938
atman	welch-t	PT2-PT1	149	0.01	0	2938
atman	welch-t	PT2-PT1	149	0.05	0	2938
atman	welch-t	PT2-PT1	149	0.1	0	2938
atman	paired-t	PT2-PT1	150	0.01	0	2938
atman	paired-t	PT2-PT1	150	0.05	0	2938
atman	paired-t	PT2-PT1	150	0.1	0	2938
atman	moderated	PT2-PT1	150	0.01	0	2938
atman	moderated	PT2-PT1	150	0.05	0	2938
atman	moderated	PT2-PT1	150	0.1	0	2938
atman	welch-t	PT2-PT1	150	0.01	0	2938
atman	welch-t	PT2-PT1	150	0.05	0	2938
atman	welch-t	PT2-PT1	150	0.1	0	2938
atman	paired-t	PT2-PT1	151	0.01	0	2938
atman	paired-t	PT2-PT1	151	0.05	0	2938
atman	paired-t	PT2-PT1	151	0.1	0	2938
atman	moderated	PT2-PT1	151	0.01	0	2938
atman	moderated	PT2-PT1	151	0.05	1	2938
atman	moderated	PT2-PT1	151	0.1	1	2938
atman	welch-t	PT2-PT1	151	0.01	0	2938
atman	welch-t	PT2-PT1	151	0.05	0	2938
atman	welch-t	PT2-PT1	151	0.1	0	2938
atman	paired-t	PT2-PT1	152	0.01	0	2938
atman	paired-t	PT2-PT1	152	0.05	0	2938
atman	paired-t	PT2-PT1	152	0.1	0	2938
atman	moderated	PT2-PT1	152	0.01	0	2938
atman	moderated	PT2-PT1	152	0.05	0	2938
atman	moderated	PT2-PT1	152	0.1	0	2938
atman	welch-t	PT2-PT1	152	0.01	0	2938
atman	welch-t	PT2-PT1	152	0.05	0	2938
atman	welch-t	PT2-PT1	152	0.1	0	2938
atman	paired-t	PT2-PT1	153	0.01	0	2938
atman	paired-t	PT2-PT1	153	0.05	0	2938
atman	paired-t	PT2-PT1	153	0.1	0	2938
atman	moderated	PT2-PT1	153	0.01	0	2938
atman	moderated	PT2-PT1	153	0.05	0	2938
atman	moderated	PT2-PT1	153	0.1	0	2938
atman	welch-t	PT2-PT1	153	0.01	0	2938
atman	welch-t	PT2-PT1	153	0.05	0	2938
atman	welch-t	PT2-PT1	153	0.1	0	2938
atman	paired-t	PT2-PT1	154	0.01	0	2938
atman	paired-t	PT2-PT1	154	0.05	0	2938
atman	paired-t	PT2-PT1	154	0.1	0	2938
atman	moderated	PT2-PT1	154	0.01	0	2938
atman	moderated	PT2-PT1	154	0.05	0	2938
atman	moderated	PT2-PT1	154	0.1	0	2938
atman	welch-t	PT2-PT1	154	0.01	0	2938
atman	welch-t	PT2-PT1	154	0.05	0	2938
atman	welch-t	PT2-PT1	154	0.1	0	2938
atman	paired-t	PT2-PT1	155	0.01	0	2938
atman	paired-t	PT2-PT1	155	0.05	0	2938
atman	paired-t	PT2-PT1	155	0.1	0	2938
atman	moderated	PT2-PT1	155	0.01	0	2938
atman	moderated	PT2-PT1	155	0.05	0	2938
atman	moderated	PT2-PT1	155	0.1	0	2938
atman	welch-t	PT2-PT1	155	0.01	0	2938
atman	welch-t	PT2-PT1	155	0.05	0	2938
atman	welch-t	PT2-PT1	155	0.1	0	2938
atman	paired-t	PT2-PT1	156	0.01	0	2938
atman	paired-t	PT2-PT1	156	0.05	0	2938
atman	paired-t	PT2-PT1	156	0.1	1	2938
atman	moderated	PT2-PT1	156	0.01	0	2938
atman	moderated	PT2-PT1	156	0.05	0	2938
atman	moderated	PT2-PT1	156	0.1	0	2938
atman	welch-t	PT2-PT1	156	0.01	0	2938
atman	welch-t	PT2-PT1	156	0.05	0	2938
atman	welch-t	PT2-PT1	156	0.1	0	2938
atman	paired-t	PT2-PT1	157	0.01	0	2938
atman	paired-t	PT2-PT1	157	0.05	0	2938
atman	paired-t	PT2-PT1	157	0.1	0	2938
atman	moderated	PT2-PT1	157	0.01	0	2938
atman	moderated	PT2-PT1	157	0.05	0	2938
atman	moderated	PT2-PT1	157	0.1	0	2938
atman	welch-t	PT2-PT1	157	0.01	0	2938
atman	welch-t	PT2-PT1	157	0.05	0	2938
atman	welch-t	PT2-PT1	157	0.1	0	2938
atman	paired-t	PT2-PT1	158	0.01	0	2938
atman	paired-t	PT2-PT1	158	0.05	0	2938
atman	paired-t	PT2-PT1	158	0.1	0	2938
atman	moderated	PT2-PT1	158	0.01	0	2938
atman	moderated	PT2-PT1	158	0.05	0	2938
atman	moderated	PT2-PT1	158	0.1	0	2938
atman	welch-t	PT2-PT1	158	0.01	0	2938
atman	welch-t	PT2-PT1	158	0.05	0	2938
atman	welch-t	PT2-PT1	158	0.1	0	2938
atman	paired-t	PT2-PT1	159	0.01	0	2938
atman	paired-t	PT2-PT1	159	0.05	0	2938
atman	paired-t	PT2-PT1	159	0.1	0	2938
atman	moderated	PT2-PT1	159	0.01	0	2938
atman	moderated	PT2-PT1	159	0.05	0	2938
atman	moderated	PT2-PT1	159	0.1	0	2938
atman	welch-t	PT2-PT1	159	0.01	0	2938
atman	welch-t	PT2-PT1	159	0.05	0	2938
atman	welch-t	PT2-PT1	159	0.1	0	2938
atman	paired-t	PT2-PT1	160	0.01	0	2938
atman	paired-t	PT2-PT1	160	0.05	0	2938
atman	paired-t	PT2-PT1	160	0.1	0	2938
atman	moderated	PT2-PT1	160	0.01	0	2938
atman	moderated	PT2-PT1	160	0.05	1	2938
atman	moderated	PT2-PT1	160	0.1	1	2938
atman	welch-t	PT2-PT1	160	0.01	0	2938
atman	welch-t	PT2-PT1	160	0.05	0	2938
atman	welch-t	PT2-PT1	160	0.1	0	2938
atman	paired-t	PT2-PT1	161	0.01	0	2938
atman	paired-t	PT2-PT1	161	0.05	0	2938
atman	paired-t	PT2-PT1	161	0.1	0	2938
atman	moderated	PT2-PT1	161	0.01	0	2938
atman	moderated	PT2-PT1	161	0.05	0	2938
atman	moderated	PT2-PT1	161	0.1	0	2938
atman	welch-t	PT2-PT1	161	0.01	0	2938
atman	welch-t	PT2-PT1	161	0.05	0	2938
atman	welch-t	PT2-PT1	161	0.1	0	2938
atman	paired-t	PT2-PT1	162	0.01	0	2938
atman	paired-t	PT2-PT1	162	0.05	0	2938
atman	paired-t	PT2-PT1	162	0.1	0	2938
atman	moderated	PT2-PT1	162	0.01	0	2938
atman	moderated	PT2-PT1	162	0.05	0	2938
atman	moderated	PT2-PT1	162	0.1	0	2938
atman	welch-t	PT2-PT1	162	0.01	0	2938
atman	welch-t	PT2-PT1	162	0.05	0	2938
atman	welch-t	PT2-PT1	162	0.1	0	2938
atman	paired-t	PT2-PT1	163	0.01	0	2938
atman	paired-t	PT2-PT1	163	0.05	0	2938
atman	paired-t	PT2-PT1	163	0.1	0	2938
atman	moderated	PT2-PT1	163	0.01	0	2938
atman	moderated	PT2-PT1	163	0.05	0	2938
atman	moderated	PT2-PT1	163	0.1	0	2938
atman	welch-t	PT2-PT1	163	0.01	0	2938
atman	welch-t	PT2-PT1	163	0.05	0	2938
atman	welch-t	PT2-PT1	163	0.1	0	2938
atman	paired-t	PT2-PT1	164	0.01	0	2938
atman	paired-t	PT2-PT1	164	0.05	0	2938
atman	paired-t	PT2-PT1	164	0.1	0	2938
atman	moderated	PT2-PT1	164	0.01	0	2938
atman	moderated	PT2-PT1	164	0.05	0	2938
atman	moderated	PT2-PT1	164	0.1	0	2938
atman	welch-t	PT2-PT1	164	0.01	0	2938
atman	welch-t	PT2-PT1	164	0.05	0	2938
atman	welch-t	PT2-PT1	164	0.1	0	2938
atman	paired-t	PT2-PT1	165	0.01	0	2938
atman	paired-t	PT2-PT1	165	0.05	0	2938
atman	paired-t	PT2-PT1	165	0.1	0	2938
atman	moderated	PT2-PT1	165	0.01	0	2938
atman	moderated	PT2-PT1	165	0.05	0	2938
atman	moderated	PT2-PT1	165	0.1	0	2938
atman	welch-t	PT2-PT1	165	0.01	0	2938
atman	welch-t	PT2-PT1	165	0.05	0	2938
atman	welch-t	PT2-PT1	165	0.1	0	2938
atman	paired-t	PT2-PT1	166	0.01	0	2938
atman	paired-t	PT2-PT1	166	0.05	0	2938
atman	paired-t	PT2-PT1	166	0.1	0	2938
atman	moderated	PT2-PT1	166	0.01	0	2938
atman	moderated	PT2-PT1	166	0.05	0	2938
atman	moderated	PT2-PT1	166	0.1	0	2938
atman	welch-t	PT2-PT1	166	0.01	0	2938
atman	welch-t	PT2-PT1	166	0.05	0	2938
atman	welch-t	PT2-PT1	166	0.1	0	2938
atman	paired-t	PT2-PT1	167	0.01	0	2938
atman	paired-t	PT2-PT1	167	0.05	0	2938
atman	paired-t	PT2-PT1	167	0.1	0	2938
atman	moderated	PT2-PT1	167	0.01	0	2938
atman	moderated	PT2-PT1	167	0.05	0	2938
atman	moderated	PT2-PT1	167	0.1	0	2938
atman	welch-t	PT2-PT1	167	0.01	0	2938
atman	welch-t	PT2-PT1	167	0.05	0	2938
atman	welch-t	PT2-PT1	167	0.1	0	2938
atman	paired-t	PT2-PT1	168	0.01	0	2938
atman	paired-t	PT2-PT1	168	0.05	0	2938
atman	paired-t	PT2-PT1	168	0.1	0	2938
atman	moderated	PT2-PT1	168	0.01	0	2938
atman	moderated	PT2-PT1	168	0.05	0	2938
atman	moderated	PT2-PT1	168	0.1	0	2938
atman	welch-t	PT2-PT1	168	0.01	0	2938
atman	welch-t	PT2-PT1	168	0.05	0	2938
atman	welch-t	PT2-PT1	168	0.1	0	2938
atman	paired-t	PT2-PT1	169	0.01	0	2938
atman	paired-t	PT2-PT1	169	0.05	0	2938
atman	paired-t	PT2-PT1	169	0.1	0	2938
atman	moderated	PT2-PT1	169	0.01	0	2938
atman	moderated	PT2-PT1	169	0.05	0	2938
atman	moderated	PT2-PT1	169	0.1	0	2938
atman	welch-t	PT2-PT1	169	0.01	0	2938
atman	welch-t	PT2-PT1	169	0.05	0	2938
atman	welch-t	PT2-PT1	169	0.1	0	2938
atman	paired-t	PT2-PT1	170	0.01	0	2938
atman	paired-t	PT2-PT1	170	0.05	0	2938
atman	paired-t	PT2-PT1	170	0.1	0	2938
atman	moderated	PT2-PT1	170	0.01	0	2938
atman	moderated	PT2-PT1	170	0.05	0	2938
atman	moderated	PT2-PT1	170	0.1	0	2938
atman	welch-t	PT2-PT1	170	0.01	0	2938
atman	welch-t	PT2-PT1	170	0.05	0	2938
atman	welch-t	PT2-PT1	170	0.1	0	2938
atman	paired-t	PT2-PT1	171	0.01	0	2938
atman	paired-t	PT2-PT1	171	0.05	0	2938
atman	paired-t	PT2-PT1	171	0.1	0	2938
atman	moderated	PT2-PT1	171	0.01	0	2938
atman	moderated	PT2-PT1	171	0.05	0	2938
atman	moderated	PT2-PT1	171	0.1	0	2938
atman	welch-t	PT2-PT1	171	0.01	0	2938
atman	welch-t	PT2-PT1	171	0.05	0	2938
atman	welch-t	PT2-PT1	171	0.1	0	2938
atman	paired-t	PT2-PT1	172	0.01	0	2938
atman	paired-t	PT2-PT1	172	0.05	0	2938
atman	paired-t	PT2-PT1	172	0.1	0	2938
atman	moderated	PT2-PT1	172	0.01	0	2938
atman	moderated	PT2-PT1	172	0.05	0	2938
atman	moderated	PT2-PT1	172	0.1	0	2938
atman	welch-t	PT2-PT1	172	0.01	0	2938
atman	welch-t	PT2-PT1	172	0.05	0	2938
atman	welch-t	PT2-PT1	172	0.1	0	2938
atman	paired-t	PT2-PT1	173	0.01	0	2938
atman	paired-t	PT2-PT1	173	0.05	0	2938
atman	paired-t	PT2-PT1	173	0.1	0	2938
atman	moderated	PT2-PT1	173	0.01	0	2938
atman	moderated	PT2-PT1	173	0.05	0	2938
atman	moderated	PT2-PT1	173	0.1	0	2938
atman	welch-t	PT2-PT1	173	0.01	0	2938
atman	welch-t	PT2-PT1	173	0.05	0	2938
atman	welch-t	PT2-PT1	173	0.1	0	2938
atman	paired-t	PT2-PT1	174	0.01	0	2938
atman	paired-t	PT2-PT1	174	0.05	0	2938
atman	paired-t	PT2-PT1	174	0.1	0	2938
atman	moderated	PT2-PT1	174	0.01	0	2938
atman	moderated	PT2-PT1	174	0.05	0	2938
atman	moderated	PT2-PT1	174	0.1	0	2938
atman	welch-t	PT2-PT1	174	0.01	0	2938
atman	welch-t	PT2-PT1	174	0.05	0	2938
atman	welch-t	PT2-PT1	174	0.1	0	2938
atman	paired-t	PT2-PT1	175	0.01	0	2938
atman	paired-t	PT2-PT1	175	0.05	0	2938
atman	paired-t	PT2-PT1	175	0.1	0	2938
atman	moderated	PT2-PT1	175	0.01	0	2938
atman	moderated	PT2-PT1	175	0.05	0	2938
atman	moderated	PT2-PT1	175	0.1	0	2938
atman	welch-t	PT2-PT1	175	0.01	0	2938
atman	welch-t	PT2-PT1	175	0.05	0	2938
atman	welch-t	PT2-PT1	175	0.1	0	2938
atman	paired-t	PT2-PT1	176	0.01	0	2938
atman	paired-t	PT2-PT1	176	0.05	0	2938
atman	paired-t	PT2-PT1	176	0.1	0	2938
atman	moderated	PT2-PT1	176	0.01	0	2938
atman	moderated	PT2-PT1	176	0.05	0	2938
atman	moderated	PT2-PT1	176	0.1	0	2938
atman	welch-t	PT2-PT1	176	0.01	0	2938
atman	welch-t	PT2-PT1	176	0.05	0	2938
atman	welch-t	PT2-PT1	176	0.1	0	2938
atman	paired-t	PT2-PT1	177	0.01	0	2938
atman	paired-t	PT2-PT1	177	0.05	0	2938
atman	paired-t	PT2-PT1	177	0.1	0	2938
atman	moderated	PT2-PT1	177	0.01	0	2938
atman	moderated	PT2-PT1	177	0.05	0	2938
atman	moderated	PT2-PT1	177	0.1	0	2938
atman	welch-t	PT2-PT1	177	0.01	0	2938
atman	welch-t	PT2-PT1	177	0.05	0	2938
atman	welch-t	PT2-PT1	177	0.1	0	2938
atman	paired-t	PT2-PT1	178	0.01	0	2938
atman	paired-t	PT2-PT1	178	0.05	0	2938
atman	paired-t	PT2-PT1	178	0.1	0	2938
atman	moderated	PT2-PT1	178	0.01	0	2938
atman	moderated	PT2-PT1	178	0.05	0	2938
atman	moderated	PT2-PT1	178	0.1	1	2938
atman	welch-t	PT2-PT1	178	0.01	0	2938
atman	welch-t	PT2-PT1	178	0.05	0	2938
atman	welch-t	PT2-PT1	178	0.1	0	2938
atman	paired-t	PT2-PT1	179	0.01	0	2938
atman	paired-t	PT2-PT1	179	0.05	0	2938
atman	paired-t	PT2-PT1	179	0.1	0	2938
atman	moderated	PT2-PT1	179	0.01	0	2938
atman	moderated	PT2-PT1	179	0.05	0	2938
atman	moderated	PT2-PT1	179	0.1	0	2938
atman	welch-t	PT2-PT1	179	0.01	0	2938
atman	welch-t	PT2-PT1	179	0.05	0	2938
atman	welch-t	PT2-PT1	179	0.1	0	2938
atman	paired-t	PT2-PT1	180	0.01	0	2938
atman	paired-t	PT2-PT1	180	0.05	0	2938
atman	paired-t	PT2-PT1	180	0.1	0	2938
atman	moderated	PT2-PT1	180	0.01	0	2938
atman	moderated	PT2-PT1	180	0.05	0	2938
atman	moderated	PT2-PT1	180	0.1	0	2938
atman	welch-t	PT2-PT1	180	0.01	0	2938
atman	welch-t	PT2-PT1	180	0.05	0	2938
atman	welch-t	PT2-PT1	180	0.1	0	2938
atman	paired-t	PT2-PT1	181	0.01	0	2938
atman	paired-t	PT2-PT1	181	0.05	0	2938
atman	paired-t	PT2-PT1	181	0.1	0	2938
atman	moderated	PT2-PT1	181	0.01	0	2938
atman	moderated	PT2-PT1	181	0.05	0	2938
atman	moderated	PT2-PT1	181	0.1	0	2938
atman	welch-t	PT2-PT1	181	0.01	0	2938
atman	welch-t	PT2-PT1	181	0.05	0	2938
atman	welch-t	PT2-PT1	181	0.1	0	2938
atman	paired-t	PT2-PT1	182	0.01	0	2938
atman	paired-t	PT2-PT1	182	0.05	0	2938
atman	paired-t	PT2-PT1	182	0.1	0	2938
atman	moderated	PT2-PT1	182	0.01	0	2938
atman	moderated	PT2-PT1	182	0.05	0	2938
atman	moderated	PT2-PT1	182	0.1	0	2938
atman	welch-t	PT2-PT1	182	0.01	0	2938
atman	welch-t	PT2-PT1	182	0.05	0	2938
atman	welch-t	PT2-PT1	182	0.1	0	2938
atman	paired-t	PT2-PT1	183	0.01	0	2938
atman	paired-t	PT2-PT1	183	0.05	0	2938
atman	paired-t	PT2-PT1	183	0.1	0	2938
atman	moderated	PT2-PT1	183	0.01	0	2938
atman	moderated	PT2-PT1	183	0.05	0	2938
atman	moderated	PT2-PT1	183	0.1	0	2938
atman	welch-t	PT2-PT1	183	0.01	0	2938
atman	welch-t	PT2-PT1	183	0.05	0	2938
atman	welch-t	PT2-PT1	183	0.1	0	2938
atman	paired-t	PT2-PT1	184	0.01	0	2938
atman	paired-t	PT2-PT1	184	0.05	0	2938
atman	paired-t	PT2-PT1	184	0.1	0	2938
atman	moderated	PT2-PT1	184	0.01	0	2938
atman	moderated	PT2-PT1	184	0.05	0	2938
atman	moderated	PT2-PT1	184	0.1	0	2938
atman	welch-t	PT2-PT1	184	0.01	0	2938
atman	welch-t	PT2-PT1	184	0.05	0	2938
atman	welch-t	PT2-PT1	184	0.1	0	2938
atman	paired-t	PT2-PT1	185	0.01	0	2938
atman	paired-t	PT2-PT1	185	0.05	0	2938
atman	paired-t	PT2-PT1	185	0.1	0	2938
atman	moderated	PT2-PT1	185	0.01	0	2938
atman	moderated	PT2-PT1	185	0.05	0	2938
atman	moderated	PT2-PT1	185	0.1	0	2938
atman	welch-t	PT2-PT1	185	0.01	0	2938
atman	welch-t	PT2-PT1	185	0.05	0	2938
atman	welch-t	PT2-PT1	185	0.1	0	2938
atman	paired-t	PT2-PT1	186	0.01	0	2938
atman	paired-t	PT2-PT1	186	0.05	0	2938
atman	paired-t	PT2-PT1	186	0.1	0	2938
atman	moderated	PT2-PT1	186	0.01	0	2938
atman	moderated	PT2-PT1	186	0.05	0	2938
atman	moderated	PT2-PT1	186	0.1	0	2938
atman	welch-t	PT2-PT1	186	0.01	0	2938
atman	welch-t	PT2-PT1	186	0.05	0	2938
atman	welch-t	PT2-PT1	186	0.1	0	2938
atman	paired-t	PT2-PT1	187	0.01	0	2938
atman	paired-t	PT2-PT1	187	0.05	0	2938
atman	paired-t	PT2-PT1	187	0.1	0	2938
atman	moderated	PT2-PT1	187	0.01	0	2938
atman	moderated	PT2-PT1	187	0.05	0	2938
atman	moderated	PT2-PT1	187	0.1	0	2938
atman	welch-t	PT2-PT1	187	0.01	0	2938
atman	welch-t	PT2-PT1	187	0.05	0	2938
atman	welch-t	PT2-PT1	187	0.1	0	2938
atman	paired-t	PT2-PT1	188	0.01	0	2938
atman	paired-t	PT2-PT1	188	0.05	0	2938
atman	paired-t	PT2-PT1	188	0.1	0	2938
atman	moderated	PT2-PT1	188	0.01	0	2938
atman	moderated	PT2-PT1	188	0.05	0	2938
atman	moderated	PT2-PT1	188	0.1	0	2938
atman	welch-t	PT2-PT1	188	0.01	0	2938
atman	welch-t	PT2-PT1	188	0.05	0	2938
atman	welch-t	PT2-PT1	188	0.1	0	2938
atman	paired-t	PT2-PT1	189	0.01	0	2938
atman	paired-t	PT2-PT1	189	0.05	0	2938
atman	paired-t	PT2-PT1	189	0.1	0	2938
atman	moderated	PT2-PT1	189	0.01	0	2938
atman	moderated	PT2-PT1	189	0.05	0	2938
atman	moderated	PT2-PT1	189	0.1	0	2938
atman	welch-t	PT2-PT1	189	0.01	0	2938
atman	welch-t	PT2-PT1	189	0.05	0	2938
atman	welch-t	PT2-PT1	189	0.1	0	2938
atman	paired-t	PT2-PT1	190	0.01	0	2938
atman	paired-t	PT2-PT1	190	0.05	0	2938
atman	paired-t	PT2-PT1	190	0.1	0	2938
atman	moderated	PT2-PT1	190	0.01	0	2938
atman	moderated	PT2-PT1	190	0.05	0	2938
atman	moderated	PT2-PT1	190	0.1	0	2938
atman	welch-t	PT2-PT1	190	0.01	0	2938
atman	welch-t	PT2-PT1	190	0.05	0	2938
atman	welch-t	PT2-PT1	190	0.1	0	2938
atman	paired-t	PT2-PT1	191	0.01	0	2938
atman	paired-t	PT2-PT1	191	0.05	0	2938
atman	paired-t	PT2-PT1	191	0.1	0	2938
atman	moderated	PT2-PT1	191	0.01	0	2938
atman	moderated	PT2-PT1	191	0.05	0	2938
atman	moderated	PT2-PT1	191	0.1	0	2938
atman	welch-t	PT2-PT1	191	0.01	0	2938
atman	welch-t	PT2-PT1	191	0.05	0	2938
atman	welch-t	PT2-PT1	191	0.1	0	2938
atman	paired-t	PT2-PT1	192	0.01	0	2938
atman	paired-t	PT2-PT1	192	0.05	0	2938
atman	paired-t	PT2-PT1	192	0.1	0	2938
atman	moderated	PT2-PT1	192	0.01	0	2938
atman	moderated	PT2-PT1	192	0.05	0	2938
atman	moderated	PT2-PT1	192	0.1	0	2938
atman	welch-t	PT2-PT1	192	0.01	0	2938
atman	welch-t	PT2-PT1	192	0.05	0	2938
atman	welch-t	PT2-PT1	192	0.1	0	2938
atman	paired-t	PT2-PT1	193	0.01	0	2938
atman	paired-t	PT2-PT1	193	0.05	0	2938
atman	paired-t	PT2-PT1	193	0.1	0	2938
atman	moderated	PT2-PT1	193	0.01	0	2938
atman	moderated	PT2-PT1	193	0.05	0	2938
atman	moderated	PT2-PT1	193	0.1	0	2938
atman	welch-t	PT2-PT1	193	0.01	0	2938
atman	welch-t	PT2-PT1	193	0.05	0	2938
atman	welch-t	PT2-PT1	193	0.1	0	2938
atman	paired-t	PT2-PT1	194	0.01	0	2938
atman	paired-t	PT2-PT1	194	0.05	0	2938
atman	paired-t	PT2-PT1	194	0.1	0	2938
atman	moderated	PT2-PT1	194	0.01	0	2938
atman	moderated	PT2-PT1	194	0.05	0	2938
atman	moderated	PT2-PT1	194	0.1	0	2938
atman	welch-t	PT2-PT1	194	0.01	0	2938
atman	welch-t	PT2-PT1	194	0.05	0	2938
atman	welch-t	PT2-PT1	194	0.1	0	2938
atman	paired-t	PT2-PT1	195	0.01	0	2938
atman	paired-t	PT2-PT1	195	0.05	0	2938
atman	paired-t	PT2-PT1	195	0.1	0	2938
atman	moderated	PT2-PT1	195	0.01	0	2938
atman	moderated	PT2-PT1	195	0.05	0	2938
atman	moderated	PT2-PT1	195	0.1	0	2938
atman	welch-t	PT2-PT1	195	0.01	0	2938
atman	welch-t	PT2-PT1	195	0.05	0	2938
atman	welch-t	PT2-PT1	195	0.1	0	2938
atman	paired-t	PT2-PT1	196	0.01	0	2938
atman	paired-t	PT2-PT1	196	0.05	0	2938
atman	paired-t	PT2-PT1	196	0.1	0	2938
atman	moderated	PT2-PT1	196	0.01	0	2938
atman	moderated	PT2-PT1	196	0.05	0	2938
atman	moderated	PT2-PT1	196	0.1	0	2938
atman	welch-t	PT2-PT1	196	0.01	0	2938
atman	welch-t	PT2-PT1	196	0.05	0	2938
atman	welch-t	PT2-PT1	196	0.1	0	2938
atman	paired-t	PT2-PT1	197	0.01	0	2938
atman	paired-t	PT2-PT1	197	0.05	0	2938
atman	paired-t	PT2-PT1	197	0.1	0	2938
atman	moderated	PT2-PT1	197	0.01	0	2938
atman	moderated	PT2-PT1	197	0.05	0	2938
atman	moderated	PT2-PT1	197	0.1	0	2938
atman	welch-t	PT2-PT1	197	0.01	0	2938
atman	welch-t	PT2-PT1	197	0.05	0	2938
atman	welch-t	PT2-PT1	197	0.1	0	2938
atman	paired-t	PT2-PT1	198	0.01	0	2938
atman	paired-t	PT2-PT1	198	0.05	0	2938
atman	paired-t	PT2-PT1	198	0.1	0	2938
atman	moderated	PT2-PT1	198	0.01	0	2938
atman	moderated	PT2-PT1	198	0.05	0	2938
atman	moderated	PT2-PT1	198	0.1	0	2938
atman	welch-t	PT2-PT1	198	0.01	0	2938
atman	welch-t	PT2-PT1	198	0.05	0	2938
atman	welch-t	PT2-PT1	198	0.1	0	2938
atman	paired-t	PT2-PT1	199	0.01	0	2938
atman	paired-t	PT2-PT1	199	0.05	0	2938
atman	paired-t	PT2-PT1	199	0.1	1	2938
atman	moderated	PT2-PT1	199	0.01	0	2938
atman	moderated	PT2-PT1	199	0.05	0	2938
atman	moderated	PT2-PT1	199	0.1	0	2938
atman	welch-t	PT2-PT1	199	0.01	0	2938
atman	welch-t	PT2-PT1	199	0.05	0	2938
atman	welch-t	PT2-PT1	199	0.1	0	2938
atman	paired-t	PR2-PR1	0	0.01	0	2938
atman	paired-t	PR2-PR1	0	0.05	0	2938
atman	paired-t	PR2-PR1	0	0.1	0	2938
atman	moderated	PR2-PR1	0	0.01	0	2938
atman	moderated	PR2-PR1	0	0.05	0	2938
atman	moderated	PR2-PR1	0	0.1	0	2938
atman	welch-t	PR2-PR1	0	0.01	0	2938
atman	welch-t	PR2-PR1	0	0.05	0	2938
atman	welch-t	PR2-PR1	0	0.1	0	2938
atman	paired-t	PR2-PR1	1	0.01	0	2938
atman	paired-t	PR2-PR1	1	0.05	0	2938
atman	paired-t	PR2-PR1	1	0.1	0	2938
atman	moderated	PR2-PR1	1	0.01	0	2938
atman	moderated	PR2-PR1	1	0.05	0	2938
atman	moderated	PR2-PR1	1	0.1	0	2938
atman	welch-t	PR2-PR1	1	0.01	0	2938
atman	welch-t	PR2-PR1	1	0.05	0	2938
atman	welch-t	PR2-PR1	1	0.1	0	2938
atman	paired-t	PR2-PR1	2	0.01	0	2938
atman	paired-t	PR2-PR1	2	0.05	0	2938
atman	paired-t	PR2-PR1	2	0.1	0	2938
atman	moderated	PR2-PR1	2	0.01	0	2938
atman	moderated	PR2-PR1	2	0.05	0	2938
atman	moderated	PR2-PR1	2	0.1	0	2938
atman	welch-t	PR2-PR1	2	0.01	0	2938
atman	welch-t	PR2-PR1	2	0.05	0	2938
atman	welch-t	PR2-PR1	2	0.1	0	2938
atman	paired-t	PR2-PR1	3	0.01	0	2938
atman	paired-t	PR2-PR1	3	0.05	0	2938
atman	paired-t	PR2-PR1	3	0.1	0	2938
atman	moderated	PR2-PR1	3	0.01	0	2938
atman	moderated	PR2-PR1	3	0.05	0	2938
atman	moderated	PR2-PR1	3	0.1	0	2938
atman	welch-t	PR2-PR1	3	0.01	0	2938
atman	welch-t	PR2-PR1	3	0.05	0	2938
atman	welch-t	PR2-PR1	3	0.1	0	2938
atman	paired-t	PR2-PR1	4	0.01	0	2938
atman	paired-t	PR2-PR1	4	0.05	0	2938
atman	paired-t	PR2-PR1	4	0.1	0	2938
atman	moderated	PR2-PR1	4	0.01	0	2938
atman	moderated	PR2-PR1	4	0.05	0	2938
atman	moderated	PR2-PR1	4	0.1	0	2938
atman	welch-t	PR2-PR1	4	0.01	0	2938
atman	welch-t	PR2-PR1	4	0.05	0	2938
atman	welch-t	PR2-PR1	4	0.1	0	2938
atman	paired-t	PR2-PR1	5	0.01	0	2938
atman	paired-t	PR2-PR1	5	0.05	0	2938
atman	paired-t	PR2-PR1	5	0.1	0	2938
atman	moderated	PR2-PR1	5	0.01	0	2938
atman	moderated	PR2-PR1	5	0.05	0	2938
atman	moderated	PR2-PR1	5	0.1	0	2938
atman	welch-t	PR2-PR1	5	0.01	0	2938
atman	welch-t	PR2-PR1	5	0.05	0	2938
atman	welch-t	PR2-PR1	5	0.1	0	2938
atman	paired-t	PR2-PR1	6	0.01	0	2938
atman	paired-t	PR2-PR1	6	0.05	0	2938
atman	paired-t	PR2-PR1	6	0.1	0	2938
atman	moderated	PR2-PR1	6	0.01	0	2938
atman	moderated	PR2-PR1	6	0.05	0	2938
atman	moderated	PR2-PR1	6	0.1	0	2938
atman	welch-t	PR2-PR1	6	0.01	0	2938
atman	welch-t	PR2-PR1	6	0.05	0	2938
atman	welch-t	PR2-PR1	6	0.1	0	2938
atman	paired-t	PR2-PR1	7	0.01	0	2938
atman	paired-t	PR2-PR1	7	0.05	0	2938
atman	paired-t	PR2-PR1	7	0.1	0	2938
atman	moderated	PR2-PR1	7	0.01	0	2938
atman	moderated	PR2-PR1	7	0.05	0	2938
atman	moderated	PR2-PR1	7	0.1	0	2938
atman	welch-t	PR2-PR1	7	0.01	0	2938
atman	welch-t	PR2-PR1	7	0.05	0	2938
atman	welch-t	PR2-PR1	7	0.1	0	2938
atman	paired-t	PR2-PR1	8	0.01	0	2938
atman	paired-t	PR2-PR1	8	0.05	0	2938
atman	paired-t	PR2-PR1	8	0.1	0	2938
atman	moderated	PR2-PR1	8	0.01	0	2938
atman	moderated	PR2-PR1	8	0.05	0	2938
atman	moderated	PR2-PR1	8	0.1	0	2938
atman	welch-t	PR2-PR1	8	0.01	0	2938
atman	welch-t	PR2-PR1	8	0.05	0	2938
atman	welch-t	PR2-PR1	8	0.1	0	2938
atman	paired-t	PR2-PR1	9	0.01	0	2938
atman	paired-t	PR2-PR1	9	0.05	0	2938
atman	paired-t	PR2-PR1	9	0.1	0	2938
atman	moderated	PR2-PR1	9	0.01	0	2938
atman	moderated	PR2-PR1	9	0.05	0	2938
atman	moderated	PR2-PR1	9	0.1	0	2938
atman	welch-t	PR2-PR1	9	0.01	0	2938
atman	welch-t	PR2-PR1	9	0.05	0	2938
atman	welch-t	PR2-PR1	9	0.1	0	2938
atman	paired-t	PR2-PR1	10	0.01	0	2938
atman	paired-t	PR2-PR1	10	0.05	0	2938
atman	paired-t	PR2-PR1	10	0.1	0	2938
atman	moderated	PR2-PR1	10	0.01	0	2938
atman	moderated	PR2-PR1	10	0.05	0	2938
atman	moderated	PR2-PR1	10	0.1	0	2938
atman	welch-t	PR2-PR1	10	0.01	0	2938
atman	welch-t	PR2-PR1	10	0.05	0	2938
atman	welch-t	PR2-PR1	10	0.1	0	2938
atman	paired-t	PR2-PR1	11	0.01	0	2938
atman	paired-t	PR2-PR1	11	0.05	0	2938
atman	paired-t	PR2-PR1	11	0.1	0	2938
atman	moderated	PR2-PR1	11	0.01	0	2938
atman	moderated	PR2-PR1	11	0.05	0	2938
atman	moderated	PR2-PR1	11	0.1	0	2938
atman	welch-t	PR2-PR1	11	0.01	0	2938
atman	welch-t	PR2-PR1	11	0.05	0	2938
atman	welch-t	PR2-PR1	11	0.1	0	2938
atman	paired-t	PR2-PR1	12	0.01	0	2938
atman	paired-t	PR2-PR1	12	0.05	0	2938
atman	paired-t	PR2-PR1	12	0.1	0	2938
atman	moderated	PR2-PR1	12	0.01	0	2938
atman	moderated	PR2-PR1	12	0.05	0	2938
atman	moderated	PR2-PR1	12	0.1	0	2938
atman	welch-t	PR2-PR1	12	0.01	0	2938
atman	welch-t	PR2-PR1	12	0.05	0	2938
atman	welch-t	PR2-PR1	12	0.1	0	2938
atman	paired-t	PR2-PR1	13	0.01	0	2938
atman	paired-t	PR2-PR1	13	0.05	0	2938
atman	paired-t	PR2-PR1	13	0.1	0	2938
atman	moderated	PR2-PR1	13	0.01	0	2938
atman	moderated	PR2-PR1	13	0.05	0	2938
atman	moderated	PR2-PR1	13	0.1	0	2938
atman	welch-t	PR2-PR1	13	0.01	0	2938
atman	welch-t	PR2-PR1	13	0.05	0	2938
atman	welch-t	PR2-PR1	13	0.1	1	2938
atman	paired-t	PR2-PR1	14	0.01	0	2938
atman	paired-t	PR2-PR1	14	0.05	1	2938
atman	paired-t	PR2-PR1	14	0.1	4	2938
atman	moderated	PR2-PR1	14	0.01	0	2938
atman	moderated	PR2-PR1	14	0.05	0	2938
atman	moderated	PR2-PR1	14	0.1	0	2938
atman	welch-t	PR2-PR1	14	0.01	0	2938
atman	welch-t	PR2-PR1	14	0.05	0	2938
atman	welch-t	PR2-PR1	14	0.1	0	2938
atman	paired-t	PR2-PR1	15	0.01	0	2938
atman	paired-t	PR2-PR1	15	0.05	0	2938
atman	paired-t	PR2-PR1	15	0.1	0	2938
atman	moderated	PR2-PR1	15	0.01	0	2938
atman	moderated	PR2-PR1	15	0.05	0	2938
atman	moderated	PR2-PR1	15	0.1	0	2938
atman	welch-t	PR2-PR1	15	0.01	0	2938
atman	welch-t	PR2-PR1	15	0.05	0	2938
atman	welch-t	PR2-PR1	15	0.1	0	2938
atman	paired-t	PR2-PR1	16	0.01	0	2938
atman	paired-t	PR2-PR1	16	0.05	0	2938
atman	paired-t	PR2-PR1	16	0.1	0	2938
atman	moderated	PR2-PR1	16	0.01	0	2938
atman	moderated	PR2-PR1	16	0.05	0	2938
atman	moderated	PR2-PR1	16	0.1	0	2938
atman	welch-t	PR2-PR1	16	0.01	0	2938
atman	welch-t	PR2-PR1	16	0.05	0	2938
atman	welch-t	PR2-PR1	16	0.1	0	2938
atman	paired-t	PR2-PR1	17	0.01	0	2938
atman	paired-t	PR2-PR1	17	0.05	0	2938
atman	paired-t	PR2-PR1	17	0.1	0	2938
atman	moderated	PR2-PR1	17	0.01	0	2938
atman	moderated	PR2-PR1	17	0.05	0	2938
atman	moderated	PR2-PR1	17	0.1	0	2938
atman	welch-t	PR2-PR1	17	0.01	0	2938
atman	welch-t	PR2-PR1	17	0.05	0	2938
atman	welch-t	PR2-PR1	17	0.1	0	2938
atman	paired-t	PR2-PR1	18	0.01	0	2938
atman	paired-t	PR2-PR1	18	0.05	0	2938
atman	paired-t	PR2-PR1	18	0.1	0	2938
atman	moderated	PR2-PR1	18	0.01	0	2938
atman	moderated	PR2-PR1	18	0.05	0	2938
atman	moderated	PR2-PR1	18	0.1	0	2938
atman	welch-t	PR2-PR1	18	0.01	0	2938
atman	welch-t	PR2-PR1	18	0.05	0	2938
atman	welch-t	PR2-PR1	18	0.1	0	2938
atman	paired-t	PR2-PR1	19	0.01	0	2938
atman	paired-t	PR2-PR1	19	0.05	0	2938
atman	paired-t	PR2-PR1	19	0.1	0	2938
atman	moderated	PR2-PR1	19	0.01	0	2938
atman	moderated	PR2-PR1	19	0.05	1	2938
atman	moderated	PR2-PR1	19	0.1	1	2938
atman	welch-t	PR2-PR1	19	0.01	0	2938
atman	welch-t	PR2-PR1	19	0.05	0	2938
atman	welch-t	PR2-PR1	19	0.1	0	2938
atman	paired-t	PR2-PR1	20	0.01	0	2938
atman	paired-t	PR2-PR1	20	0.05	0	2938
atman	paired-t	PR2-PR1	20	0.1	0	2938
atman	moderated	PR2-PR1	20	0.01	0	2938
atman	moderated	PR2-PR1	20	0.05	0	2938
atman	moderated	PR2-PR1	20	0.1	0	2938
atman	welch-t	PR2-PR1	20	0.01	0	2938
atman	welch-t	PR2-PR1	20	0.05	0	2938
atman	welch-t	PR2-PR1	20	0.1	0	2938
atman	paired-t	PR2-PR1	21	0.01	0	2938
atman	paired-t	PR2-PR1	21	0.05	0	2938
atman	paired-t	PR2-PR1	21	0.1	0	2938
atman	moderated	PR2-PR1	21	0.01	0	2938
atman	moderated	PR2-PR1	21	0.05	0	2938
atman	moderated	PR2-PR1	21	0.1	0	2938
atman	welch-t	PR2-PR1	21	0.01	0	2938
atman	welch-t	PR2-PR1	21	0.05	0	2938
atman	welch-t	PR2-PR1	21	0.1	0	2938
atman	paired-t	PR2-PR1	22	0.01	0	2938
atman	paired-t	PR2-PR1	22	0.05	0	2938
atman	paired-t	PR2-PR1	22	0.1	0	2938
atman	moderated	PR2-PR1	22	0.01	0	2938
atman	moderated	PR2-PR1	22	0.05	0	2938
atman	moderated	PR2-PR1	22	0.1	0	2938
atman	welch-t	PR2-PR1	22	0.01	0	2938
atman	welch-t	PR2-PR1	22	0.05	0	2938
atman	welch-t	PR2-PR1	22	0.1	0	2938
atman	paired-t	PR2-PR1	23	0.01	0	2938
atman	paired-t	PR2-PR1	23	0.05	0	2938
atman	paired-t	PR2-PR1	23	0.1	0	2938
atman	moderated	PR2-PR1	23	0.01	0	2938
atman	moderated	PR2-PR1	23	0.05	0	2938
atman	moderated	PR2-PR1	23	0.1	0	2938
atman	welch-t	PR2-PR1	23	0.01	0	2938
atman	welch-t	PR2-PR1	23	0.05	0	2938
atman	welch-t	PR2-PR1	23	0.1	0	2938
atman	paired-t	PR2-PR1	24	0.01	0	2938
atman	paired-t	PR2-PR1	24	0.05	0	2938
atman	paired-t	PR2-PR1	24	0.1	0	2938
atman	moderated	PR2-PR1	24	0.01	0	2938
atman	moderated	PR2-PR1	24	0.05	0	2938
atman	moderated	PR2-PR1	24	0.1	0	2938
atman	welch-t	PR2-PR1	24	0.01	0	2938
atman	welch-t	PR2-PR1	24	0.05	0	2938
atman	welch-t	PR2-PR1	24	0.1	0	2938
atman	paired-t	PR2-PR1	25	0.01	0	2938
atman	paired-t	PR2-PR1	25	0.05	0	2938
atman	paired-t	PR2-PR1	25	0.1	0	2938
atman	moderated	PR2-PR1	25	0.01	0	2938
atman	moderated	PR2-PR1	25	0.05	1	2938
atman	moderated	PR2-PR1	25	0.1	1	2938
atman	welch-t	PR2-PR1	25	0.01	0	2938
atman	welch-t	PR2-PR1	25	0.05	0	2938
atman	welch-t	PR2-PR1	25	0.1	0	2938
atman	paired-t	PR2-PR1	26	0.01	0	2938
atman	paired-t	PR2-PR1	26	0.05	0	2938
atman	paired-t	PR2-PR1	26	0.1	0	2938
atman	moderated	PR2-PR1	26	0.01	0	2938
atman	moderated	PR2-PR1	26	0.05	0	2938
atman	moderated	PR2-PR1	26	0.1	0	2938
atman	welch-t	PR2-PR1	26	0.01	0	2938
atman	welch-t	PR2-PR1	26	0.05	0	2938
atman	welch-t	PR2-PR1	26	0.1	0	2938
atman	paired-t	PR2-PR1	27	0.01	0	2938
atman	paired-t	PR2-PR1	27	0.05	0	2938
atman	paired-t	PR2-PR1	27	0.1	0	2938
atman	moderated	PR2-PR1	27	0.01	0	2938
atman	moderated	PR2-PR1	27	0.05	0	2938
atman	moderated	PR2-PR1	27	0.1	0	2938
atman	welch-t	PR2-PR1	27	0.01	0	2938
atman	welch-t	PR2-PR1	27	0.05	0	2938
atman	welch-t	PR2-PR1	27	0.1	0	2938
atman	paired-t	PR2-PR1	28	0.01	0	2938
atman	paired-t	PR2-PR1	28	0.05	0	2938
atman	paired-t	PR2-PR1	28	0.1	0	2938
atman	moderated	PR2-PR1	28	0.01	0	2938
atman	moderated	PR2-PR1	28	0.05	0	2938
atman	moderated	PR2-PR1	28	0.1	0	2938
atman	welch-t	PR2-PR1	28	0.01	0	2938
atman	welch-t	PR2-PR1	28	0.05	0	2938
atman	welch-t	PR2-PR1	28	0.1	0	2938
atman	paired-t	PR2-PR1	29	0.01	0	2938
atman	paired-t	PR2-PR1	29	0.05	0	2938
atman	paired-t	PR2-PR1	29	0.1	0	2938
atman	moderated	PR2-PR1	29	0.01	0	2938
atman	moderated	PR2-PR1	29	0.05	0	2938
atman	moderated	PR2-PR1	29	0.1	0	2938
atman	welch-t	PR2-PR1	29	0.01	0	2938
atman	welch-t	PR2-PR1	29	0.05	0	2938
atman	welch-t	PR2-PR1	29	0.1	0	2938
atman	paired-t	PR2-PR1	30	0.01	0	2938
atman	paired-t	PR2-PR1	30	0.05	0	2938
atman	paired-t	PR2-PR1	30	0.1	0	2938
atman	moderated	PR2-PR1	30	0.01	0	2938
atman	moderated	PR2-PR1	30	0.05	0	2938
atman	moderated	PR2-PR1	30	0.1	0	2938
atman	welch-t	PR2-PR1	30	0.01	0	2938
atman	welch-t	PR2-PR1	30	0.05	0	2938
atman	welch-t	PR2-PR1	30	0.1	0	2938
atman	paired-t	PR2-PR1	31	0.01	0	2938
atman	paired-t	PR2-PR1	31	0.05	0	2938
atman	paired-t	PR2-PR1	31	0.1	0	2938
atman	moderated	PR2-PR1	31	0.01	0	2938
atman	moderated	PR2-PR1	31	0.05	0	2938
atman	moderated	PR2-PR1	31	0.1	0	2938
atman	welch-t	PR2-PR1	31	0.01	0	2938
atman	welch-t	PR2-PR1	31	0.05	0	2938
atman	welch-t	PR2-PR1	31	0.1	0	2938
atman	paired-t	PR2-PR1	32	0.01	0	2938
atman	paired-t	PR2-PR1	32	0.05	0	2938
atman	paired-t	PR2-PR1	32	0.1	0	2938
atman	moderated	PR2-PR1	32	0.01	0	2938
atman	moderated	PR2-PR1	32	0.05	0	2938
atman	moderated	PR2-PR1	32	0.1	0	2938
atman	welch-t	PR2-PR1	32	0.01	0	2938
atman	welch-t	PR2-PR1	32	0.05	0	2938
atman	welch-t	PR2-PR1	32	0.1	0	2938
atman	paired-t	PR2-PR1	33	0.01	0	2938
atman	paired-t	PR2-PR1	33	0.05	0	2938
atman	paired-t	PR2-PR1	33	0.1	0	2938
atman	moderated	PR2-PR1	33	0.01	0	2938
atman	moderated	PR2-PR1	33	0.05	0	2938
atman	moderated	PR2-PR1	33	0.1	0	2938
atman	welch-t	PR2-PR1	33	0.01	0	2938
atman	welch-t	PR2-PR1	33	0.05	0	2938
atman	welch-t	PR2-PR1	33	0.1	0	2938
atman	paired-t	PR2-PR1	34	0.01	0	2938
atman	paired-t	PR2-PR1	34	0.05	0	2938
atman	paired-t	PR2-PR1	34	0.1	0	2938
atman	moderated	PR2-PR1	34	0.01	0	2938
atman	moderated	PR2-PR1	34	0.05	0	2938
atman	moderated	PR2-PR1	34	0.1	0	2938
atman	welch-t	PR2-PR1	34	0.01	0	2938
atman	welch-t	PR2-PR1	34	0.05	0	2938
atman	welch-t	PR2-PR1	34	0.1	0	2938
atman	paired-t	PR2-PR1	35	0.01	0	2938
atman	paired-t	PR2-PR1	35	0.05	0	2938
atman	paired-t	PR2-PR1	35	0.1	0	2938
atman	moderated	PR2-PR1	35	0.01	0	2938
atman	moderated	PR2-PR1	35	0.05	0	2938
atman	moderated	PR2-PR1	35	0.1	0	2938
atman	welch-t	PR2-PR1	35	0.01	0	2938
atman	welch-t	PR2-PR1	35	0.05	0	2938
atman	welch-t	PR2-PR1	35	0.1	0	2938
atman	paired-t	PR2-PR1	36	0.01	0	2938
atman	paired-t	PR2-PR1	36	0.05	0	2938
atman	paired-t	PR2-PR1	36	0.1	0	2938
atman	moderated	PR2-PR1	36	0.01	0	2938
atman	moderated	PR2-PR1	36	0.05	0	2938
atman	moderated	PR2-PR1	36	0.1	0	2938
atman	welch-t	PR2-PR1	36	0.01	0	2938
atman	welch-t	PR2-PR1	36	0.05	0	2938
atman	welch-t	PR2-PR1	36	0.1	0	2938
atman	paired-t	PR2-PR1	37	0.01	0	2938
atman	paired-t	PR2-PR1	37	0.05	0	2938
atman	paired-t	PR2-PR1	37	0.1	0	2938
atman	moderated	PR2-PR1	37	0.01	0	2938
atman	moderated	PR2-PR1	37	0.05	0	2938
atman	moderated	PR2-PR1	37	0.1	0	2938
atman	welch-t	PR2-PR1	37	0.01	0	2938
atman	welch-t	PR2-PR1	37	0.05	0	2938
atman	welch-t	PR2-PR1	37	0.1	0	2938
atman	paired-t	PR2-PR1	38	0.01	0	2938
atman	paired-t	PR2-PR1	38	0.05	0	2938
atman	paired-t	PR2-PR1	38	0.1	0	2938
atman	moderated	PR2-PR1	38	0.01	0	2938
atman	moderated	PR2-PR1	38	0.05	0	2938
atman	moderated	PR2-PR1	38	0.1	0	2938
atman	welch-t	PR2-PR1	38	0.01	0	2938
atman	welch-t	PR2-PR1	38	0.05	0	2938
atman	welch-t	PR2-PR1	38	0.1	0	2938
atman	paired-t	PR2-PR1	39	0.01	0	2938
atman	paired-t	PR2-PR1	39	0.05	0	2938
atman	paired-t	PR2-PR1	39	0.1	0	2938
atman	moderated	PR2-PR1	39	0.01	0	2938
atman	moderated	PR2-PR1	39	0.05	0	2938
atman	moderated	PR2-PR1	39	0.1	0	2938
atman	welch-t	PR2-PR1	39	0.01	0	2938
atman	welch-t	PR2-PR1	39	0.05	0	2938
atman	welch-t	PR2-PR1	39	0.1	0	2938
atman	paired-t	PR2-PR1	40	0.01	0	2938
atman	paired-t	PR2-PR1	40	0.05	0	2938
atman	paired-t	PR2-PR1	40	0.1	0	2938
atman	moderated	PR2-PR1	40	0.01	0	2938
atman	moderated	PR2-PR1	40	0.05	0	2938
atman	moderated	PR2-PR1	40	0.1	0	2938
atman	welch-t	PR2-PR1	40	0.01	0	2938
atman	welch-t	PR2-PR1	40	0.05	0	2938
atman	welch-t	PR2-PR1	40	0.1	0	2938
atman	paired-t	PR2-PR1	41	0.01	0	2938
atman	paired-t	PR2-PR1	41	0.05	0	2938
atman	paired-t	PR2-PR1	41	0.1	0	2938
atman	moderated	PR2-PR1	41	0.01	0	2938
atman	moderated	PR2-PR1	41	0.05	0	2938
atman	moderated	PR2-PR1	41	0.1	0	2938
atman	welch-t	PR2-PR1	41	0.01	0	2938
atman	welch-t	PR2-PR1	41	0.05	0	2938
atman	welch-t	PR2-PR1	41	0.1	0	2938
atman	paired-t	PR2-PR1	42	0.01	0	2938
atman	paired-t	PR2-PR1	42	0.05	0	2938
atman	paired-t	PR2-PR1	42	0.1	0	2938
atman	moderated	PR2-PR1	42	0.01	0	2938
atman	moderated	PR2-PR1	42	0.05	0	2938
atman	moderated	PR2-PR1	42	0.1	0	2938
atman	welch-t	PR2-PR1	42	0.01	0	2938
atman	welch-t	PR2-PR1	42	0.05	0	2938
atman	welch-t	PR2-PR1	42	0.1	0	2938
atman	paired-t	PR2-PR1	43	0.01	0	2938
atman	paired-t	PR2-PR1	43	0.05	0	2938
atman	paired-t	PR2-PR1	43	0.1	0	2938
atman	moderated	PR2-PR1	43	0.01	0	2938
atman	moderated	PR2-PR1	43	0.05	0	2938
atman	moderated	PR2-PR1	43	0.1	0	2938
atman	welch-t	PR2-PR1	43	0.01	0	2938
atman	welch-t	PR2-PR1	43	0.05	0	2938
atman	welch-t	PR2-PR1	43	0.1	0	2938
atman	paired-t	PR2-PR1	44	0.01	0	2938
atman	paired-t	PR2-PR1	44	0.05	0	2938
atman	paired-t	PR2-PR1	44	0.1	0	2938
atman	moderated	PR2-PR1	44	0.01	0	2938
atman	moderated	PR2-PR1	44	0.05	0	2938
atman	moderated	PR2-PR1	44	0.1	0	2938
atman	welch-t	PR2-PR1	44	0.01	0	2938
atman	welch-t	PR2-PR1	44	0.05	0	2938
atman	welch-t	PR2-PR1	44	0.1	0	2938
atman	paired-t	PR2-PR1	45	0.01	0	2938
atman	paired-t	PR2-PR1	45	0.05	0	2938
atman	paired-t	PR2-PR1	45	0.1	0	2938
atman	moderated	PR2-PR1	45	0.01	0	2938
atman	moderated	PR2-PR1	45	0.05	0	2938
atman	moderated	PR2-PR1	45	0.1	0	2938
atman	welch-t	PR2-PR1	45	0.01	0	2938
atman	welch-t	PR2-PR1	45	0.05	0	2938
atman	welch-t	PR2-PR1	45	0.1	0	2938
atman	paired-t	PR2-PR1	46	0.01	0	2938
atman	paired-t	PR2-PR1	46	0.05	0	2938
atman	paired-t	PR2-PR1	46	0.1	0	2938
atman	moderated	PR2-PR1	46	0.01	0	2938
atman	moderated	PR2-PR1	46	0.05	0	2938
atman	moderated	PR2-PR1	46	0.1	0	2938
atman	welch-t	PR2-PR1	46	0.01	0	2938
atman	welch-t	PR2-PR1	46	0.05	0	2938
atman	welch-t	PR2-PR1	46	0.1	0	2938
atman	paired-t	PR2-PR1	47	0.01	0	2938
atman	paired-t	PR2-PR1	47	0.05	0	2938
atman	paired-t	PR2-PR1	47	0.1	0	2938
atman	moderated	PR2-PR1	47	0.01	0	2938
atman	moderated	PR2-PR1	47	0.05	0	2938
atman	moderated	PR2-PR1	47	0.1	0	2938
atman	welch-t	PR2-PR1	47	0.01	0	2938
atman	welch-t	PR2-PR1	47	0.05	0	2938
atman	welch-t	PR2-PR1	47	0.1	0	2938
atman	paired-t	PR2-PR1	48	0.01	0	2938
atman	paired-t	PR2-PR1	48	0.05	0	2938
atman	paired-t	PR2-PR1	48	0.1	0	2938
atman	moderated	PR2-PR1	48	0.01	0	2938
atman	moderated	PR2-PR1	48	0.05	0	2938
atman	moderated	PR2-PR1	48	0.1	0	2938
atman	welch-t	PR2-PR1	48	0.01	0	2938
atman	welch-t	PR2-PR1	48	0.05	0	2938
atman	welch-t	PR2-PR1	48	0.1	0	2938
atman	paired-t	PR2-PR1	49	0.01	0	2938
atman	paired-t	PR2-PR1	49	0.05	0	2938
atman	paired-t	PR2-PR1	49	0.1	0	2938
atman	moderated	PR2-PR1	49	0.01	0	2938
atman	moderated	PR2-PR1	49	0.05	0	2938
atman	moderated	PR2-PR1	49	0.1	0	2938
atman	welch-t	PR2-PR1	49	0.01	0	2938
atman	welch-t	PR2-PR1	49	0.05	0	2938
atman	welch-t	PR2-PR1	49	0.1	0	2938
atman	paired-t	PR2-PR1	50	0.01	0	2938
atman	paired-t	PR2-PR1	50	0.05	0	2938
atman	paired-t	PR2-PR1	50	0.1	0	2938
atman	moderated	PR2-PR1	50	0.01	0	2938
atman	moderated	PR2-PR1	50	0.05	0	2938
atman	moderated	PR2-PR1	50	0.1	0	2938
atman	welch-t	PR2-PR1	50	0.01	0	2938
atman	welch-t	PR2-PR1	50	0.05	0	2938
atman	welch-t	PR2-PR1	50	0.1	0	2938
atman	paired-t	PR2-PR1	51	0.01	0	2938
atman	paired-t	PR2-PR1	51	0.05	0	2938
atman	paired-t	PR2-PR1	51	0.1	0	2938
atman	moderated	PR2-PR1	51	0.01	0	2938
atman	moderated	PR2-PR1	51	0.05	0	2938
atman	moderated	PR2-PR1	51	0.1	0	2938
atman	welch-t	PR2-PR1	51	0.01	0	2938
atman	welch-t	PR2-PR1	51	0.05	0	2938
atman	welch-t	PR2-PR1	51	0.1	0	2938
atman	paired-t	PR2-PR1	52	0.01	0	2938
atman	paired-t	PR2-PR1	52	0.05	0	2938
atman	paired-t	PR2-PR1	52	0.1	0	2938
atman	moderated	PR2-PR1	52	0.01	0	2938
atman	moderated	PR2-PR1	52	0.05	0	2938
atman	moderated	PR2-PR1	52	0.1	0	2938
atman	welch-t	PR2-PR1	52	0.01	0	2938
atman	welch-t	PR2-PR1	52	0.05	0	2938
atman	welch-t	PR2-PR1	52	0.1	0	2938
atman	paired-t	PR2-PR1	53	0.01	0	2938
atman	paired-t	PR2-PR1	53	0.05	0	2938
atman	paired-t	PR2-PR1	53	0.1	0	2938
atman	moderated	PR2-PR1	53	0.01	0	2938
atman	moderated	PR2-PR1	53	0.05	0	2938
atman	moderated	PR2-PR1	53	0.1	0	2938
atman	welch-t	PR2-PR1	53	0.01	0	2938
atman	welch-t	PR2-PR1	53	0.05	0	2938
atman	welch-t	PR2-PR1	53	0.1	0	2938
atman	paired-t	PR2-PR1	54	0.01	0	2938
atman	paired-t	PR2-PR1	54	0.05	0	2938
atman	paired-t	PR2-PR1	54	0.1	0	2938
atman	moderated	PR2-PR1	54	0.01	0	2938
atman	moderated	PR2-PR1	54	0.05	0	2938
atman	moderated	PR2-PR1	54	0.1	0	2938
atman	welch-t	PR2-PR1	54	0.01	0	2938
atman	welch-t	PR2-PR1	54	0.05	0	2938
atman	welch-t	PR2-PR1	54	0.1	0	2938
atman	paired-t	PR2-PR1	55	0.01	0	2938
atman	paired-t	PR2-PR1	55	0.05	0	2938
atman	paired-t	PR2-PR1	55	0.1	0	2938
atman	moderated	PR2-PR1	55	0.01	0	2938
atman	moderated	PR2-PR1	55	0.05	0	2938
atman	moderated	PR2-PR1	55	0.1	0	2938
atman	welch-t	PR2-PR1	55	0.01	0	2938
atman	welch-t	PR2-PR1	55	0.05	0	2938
atman	welch-t	PR2-PR1	55	0.1	0	2938
atman	paired-t	PR2-PR1	56	0.01	0	2938
atman	paired-t	PR2-PR1	56	0.05	0	2938
atman	paired-t	PR2-PR1	56	0.1	0	2938
atman	moderated	PR2-PR1	56	0.01	0	2938
atman	moderated	PR2-PR1	56	0.05	0	2938
atman	moderated	PR2-PR1	56	0.1	0	2938
atman	welch-t	PR2-PR1	56	0.01	0	2938
atman	welch-t	PR2-PR1	56	0.05	0	2938
atman	welch-t	PR2-PR1	56	0.1	0	2938
atman	paired-t	PR2-PR1	57	0.01	0	2938
atman	paired-t	PR2-PR1	57	0.05	0	2938
atman	paired-t	PR2-PR1	57	0.1	0	2938
atman	moderated	PR2-PR1	57	0.01	0	2938
atman	moderated	PR2-PR1	57	0.05	1	2938
atman	moderated	PR2-PR1	57	0.1	1	2938
atman	welch-t	PR2-PR1	57	0.01	0	2938
atman	welch-t	PR2-PR1	57	0.05	1	2938
atman	welch-t	PR2-PR1	57	0.1	1	2938
atman	paired-t	PR2-PR1	58	0.01	0	2938
atman	paired-t	PR2-PR1	58	0.05	0	2938
atman	paired-t	PR2-PR1	58	0.1	0	2938
atman	moderated	PR2-PR1	58	0.01	0	2938
atman	moderated	PR2-PR1	58	0.05	0	2938
atman	moderated	PR2-PR1	58	0.1	0	2938
atman	welch-t	PR2-PR1	58	0.01	0	2938
atman	welch-t	PR2-PR1	58	0.05	0	2938
atman	welch-t	PR2-PR1	58	0.1	0	2938
atman	paired-t	PR2-PR1	59	0.01	0	2938
atman	paired-t	PR2-PR1	59	0.05	0	2938
atman	paired-t	PR2-PR1	59	0.1	0	2938
atman	moderated	PR2-PR1	59	0.01	0	2938
atman	moderated	PR2-PR1	59	0.05	0	2938
atman	moderated	PR2-PR1	59	0.1	0	2938
atman	welch-t	PR2-PR1	59	0.01	0	2938
atman	welch-t	PR2-PR1	59	0.05	0	2938
atman	welch-t	PR2-PR1	59	0.1	0	2938
atman	paired-t	PR2-PR1	60	0.01	0	2938
atman	paired-t	PR2-PR1	60	0.05	0	2938
atman	paired-t	PR2-PR1	60	0.1	0	2938
atman	moderated	PR2-PR1	60	0.01	0	2938
atman	moderated	PR2-PR1	60	0.05	1	2938
atman	moderated	PR2-PR1	60	0.1	1	2938
atman	welch-t	PR2-PR1	60	0.01	0	2938
atman	welch-t	PR2-PR1	60	0.05	1	2938
atman	welch-t	PR2-PR1	60	0.1	1	2938
atman	paired-t	PR2-PR1	61	0.01	0	2938
atman	paired-t	PR2-PR1	61	0.05	0	2938
atman	paired-t	PR2-PR1	61	0.1	0	2938
atman	moderated	PR2-PR1	61	0.01	0	2938
atman	moderated	PR2-PR1	61	0.05	0	2938
atman	moderated	PR2-PR1	61	0.1	0	2938
atman	welch-t	PR2-PR1	61	0.01	0	2938
atman	welch-t	PR2-PR1	61	0.05	0	2938
atman	welch-t	PR2-PR1	61	0.1	0	2938
atman	paired-t	PR2-PR1	62	0.01	0	2938
atman	paired-t	PR2-PR1	62	0.05	0	2938
atman	paired-t	PR2-PR1	62	0.1	0	2938
atman	moderated	PR2-PR1	62	0.01	0	2938
atman	moderated	PR2-PR1	62	0.05	0	2938
atman	moderated	PR2-PR1	62	0.1	0	2938
atman	welch-t	PR2-PR1	62	0.01	0	2938
atman	welch-t	PR2-PR1	62	0.05	0	2938
atman	welch-t	PR2-PR1	62	0.1	0	2938
atman	paired-t	PR2-PR1	63	0.01	0	2938
atman	paired-t	PR2-PR1	63	0.05	0	2938
atman	paired-t	PR2-PR1	63	0.1	0	2938
atman	moderated	PR2-PR1	63	0.01	0	2938
atman	moderated	PR2-PR1	63	0.05	0	2938
atman	moderated	PR2-PR1	63	0.1	0	2938
atman	welch-t	PR2-PR1	63	0.01	0	2938
atman	welch-t	PR2-PR1	63	0.05	0	2938
atman	welch-t	PR2-PR1	63	0.1	0	2938
atman	paired-t	PR2-PR1	64	0.01	0	2938
atman	paired-t	PR2-PR1	64	0.05	1	2938
atman	paired-t	PR2-PR1	64	0.1	1	2938
atman	moderated	PR2-PR1	64	0.01	0	2938
atman	moderated	PR2-PR1	64	0.05	1	2938
atman	moderated	PR2-PR1	64	0.1	1	2938
atman	welch-t	PR2-PR1	64	0.01	0	2938
atman	welch-t	PR2-PR1	64	0.05	0	2938
atman	welch-t	PR2-PR1	64	0.1	0	2938
atman	paired-t	PR2-PR1	65	0.01	0	2938
atman	paired-t	PR2-PR1	65	0.05	0	2938
atman	paired-t	PR2-PR1	65	0.1	0	2938
atman	moderated	PR2-PR1	65	0.01	0	2938
atman	moderated	PR2-PR1	65	0.05	0	2938
atman	moderated	PR2-PR1	65	0.1	0	2938
atman	welch-t	PR2-PR1	65	0.01	0	2938
atman	welch-t	PR2-PR1	65	0.05	0	2938
atman	welch-t	PR2-PR1	65	0.1	0	2938
atman	paired-t	PR2-PR1	66	0.01	0	2938
atman	paired-t	PR2-PR1	66	0.05	0	2938
atman	paired-t	PR2-PR1	66	0.1	0	2938
atman	moderated	PR2-PR1	66	0.01	0	2938
atman	moderated	PR2-PR1	66	0.05	0	2938
atman	moderated	PR2-PR1	66	0.1	0	2938
atman	welch-t	PR2-PR1	66	0.01	0	2938
atman	welch-t	PR2-PR1	66	0.05	0	2938
atman	welch-t	PR2-PR1	66	0.1	0	2938
atman	paired-t	PR2-PR1	67	0.01	0	2938
atman	paired-t	PR2-PR1	67	0.05	0	2938
atman	paired-t	PR2-PR1	67	0.1	0	2938
atman	moderated	PR2-PR1	67	0.01	0	2938
atman	moderated	PR2-PR1	67	0.05	0	2938
atman	moderated	PR2-PR1	67	0.1	0	2938
atman	welch-t	PR2-PR1	67	0.01	0	2938
atman	welch-t	PR2-PR1	67	0.05	0	2938
atman	welch-t	PR2-PR1	67	0.1	0	2938
atman	paired-t	PR2-PR1	68	0.01	0	2938
atman	paired-t	PR2-PR1	68	0.05	0	2938
atman	paired-t	PR2-PR1	68	0.1	0	2938
atman	moderated	PR2-PR1	68	0.01	0	2938
atman	moderated	PR2-PR1	68	0.05	0	2938
atman	moderated	PR2-PR1	68	0.1	0	2938
atman	welch-t	PR2-PR1	68	0.01	0	2938
atman	welch-t	PR2-PR1	68	0.05	0	2938
atman	welch-t	PR2-PR1	68	0.1	0	2938
atman	paired-t	PR2-PR1	69	0.01	0	2938
atman	paired-t	PR2-PR1	69	0.05	0	2938
atman	paired-t	PR2-PR1	69	0.1	0	2938
atman	moderated	PR2-PR1	69	0.01	0	2938
atman	moderated	PR2-PR1	69	0.05	0	2938
atman	moderated	PR2-PR1	69	0.1	253	2938
atman	welch-t	PR2-PR1	69	0.01	0	2938
atman	welch-t	PR2-PR1	69	0.05	0	2938
atman	welch-t	PR2-PR1	69	0.1	0	2938
atman	paired-t	PR2-PR1	70	0.01	0	2938
atman	paired-t	PR2-PR1	70	0.05	0	2938
atman	paired-t	PR2-PR1	70	0.1	0	2938
atman	moderated	PR2-PR1	70	0.01	0	2938
atman	moderated	PR2-PR1	70	0.05	0	2938
atman	moderated	PR2-PR1	70	0.1	0	2938
atman	welch-t	PR2-PR1	70	0.01	0	2938
atman	welch-t	PR2-PR1	70	0.05	0	2938
atman	welch-t	PR2-PR1	70	0.1	0	2938
atman	paired-t	PR2-PR1	71	0.01	0	2938
atman	paired-t	PR2-PR1	71	0.05	0	2938
atman	paired-t	PR2-PR1	71	0.1	0	2938
atman	moderated	PR2-PR1	71	0.01	0	2938
atman	moderated	PR2-PR1	71	0.05	0	2938
atman	moderated	PR2-PR1	71	0.1	0	2938
atman	welch-t	PR2-PR1	71	0.01	0	2938
atman	welch-t	PR2-PR1	71	0.05	0	2938
atman	welch-t	PR2-PR1	71	0.1	0	2938
atman	paired-t	PR2-PR1	72	0.01	0	2938
atman	paired-t	PR2-PR1	72	0.05	0	2938
atman	paired-t	PR2-PR1	72	0.1	0	2938
atman	moderated	PR2-PR1	72	0.01	0	2938
atman	moderated	PR2-PR1	72	0.05	0	2938
atman	moderated	PR2-PR1	72	0.1	18	2938
atman	welch-t	PR2-PR1	72	0.01	0	2938
atman	welch-t	PR2-PR1	72	0.05	0	2938
atman	welch-t	PR2-PR1	72	0.1	0	2938
atman	paired-t	PR2-PR1	73	0.01	0	2938
atman	paired-t	PR2-PR1	73	0.05	0	2938
atman	paired-t	PR2-PR1	73	0.1	0	2938
atman	moderated	PR2-PR1	73	0.01	0	2938
atman	moderated	PR2-PR1	73	0.05	0	2938
atman	moderated	PR2-PR1	73	0.1	0	2938
atman	welch-t	PR2-PR1	73	0.01	0	2938
atman	welch-t	PR2-PR1	73	0.05	0	2938
atman	welch-t	PR2-PR1	73	0.1	0	2938
atman	paired-t	PR2-PR1	74	0.01	0	2938
atman	paired-t	PR2-PR1	74	0.05	0	2938
atman	paired-t	PR2-PR1	74	0.1	0	2938
atman	moderated	PR2-PR1	74	0.01	0	2938
atman	moderated	PR2-PR1	74	0.05	1	2938
atman	moderated	PR2-PR1	74	0.1	1	2938
atman	welch-t	PR2-PR1	74	0.01	0	2938
atman	welch-t	PR2-PR1	74	0.05	0	2938
atman	welch-t	PR2-PR1	74	0.1	0	2938
atman	paired-t	PR2-PR1	75	0.01	0	2938
atman	paired-t	PR2-PR1	75	0.05	0	2938
atman	paired-t	PR2-PR1	75	0.1	0	2938
atman	moderated	PR2-PR1	75	0.01	0	2938
atman	moderated	PR2-PR1	75	0.05	0	2938
atman	moderated	PR2-PR1	75	0.1	0	2938
atman	welch-t	PR2-PR1	75	0.01	0	2938
atman	welch-t	PR2-PR1	75	0.05	0	2938
atman	welch-t	PR2-PR1	75	0.1	0	2938
atman	paired-t	PR2-PR1	76	0.01	0	2938
atman	paired-t	PR2-PR1	76	0.05	0	2938
atman	paired-t	PR2-PR1	76	0.1	0	2938
atman	moderated	PR2-PR1	76	0.01	0	2938
atman	moderated	PR2-PR1	76	0.05	0	2938
atman	moderated	PR2-PR1	76	0.1	0	2938
atman	welch-t	PR2-PR1	76	0.01	0	2938
atman	welch-t	PR2-PR1	76	0.05	0	2938
atman	welch-t	PR2-PR1	76	0.1	0	2938
atman	paired-t	PR2-PR1	77	0.01	0	2938
atman	paired-t	PR2-PR1	77	0.05	0	2938
atman	paired-t	PR2-PR1	77	0.1	0	2938
atman	moderated	PR2-PR1	77	0.01	0	2938
atman	moderated	PR2-PR1	77	0.05	0	2938
atman	moderated	PR2-PR1	77	0.1	0	2938
atman	welch-t	PR2-PR1	77	0.01	0	2938
atman	welch-t	PR2-PR1	77	0.05	0	2938
atman	welch-t	PR2-PR1	77	0.1	0	2938
atman	paired-t	PR2-PR1	78	0.01	0	2938
atman	paired-t	PR2-PR1	78	0.05	0	2938
atman	paired-t	PR2-PR1	78	0.1	1	2938
atman	moderated	PR2-PR1	78	0.01	0	2938
atman	moderated	PR2-PR1	78	0.05	0	2938
atman	moderated	PR2-PR1	78	0.1	0	2938
atman	welch-t	PR2-PR1	78	0.01	0	2938
atman	welch-t	PR2-PR1	78	0.05	0	2938
atman	welch-t	PR2-PR1	78	0.1	0	2938
atman	paired-t	PR2-PR1	79	0.01	0	2938
atman	paired-t	PR2-PR1	79	0.05	0	2938
atman	paired-t	PR2-PR1	79	0.1	0	2938
atman	moderated	PR2-PR1	79	0.01	0	2938
atman	moderated	PR2-PR1	79	0.05	0	2938
atman	moderated	PR2-PR1	79	0.1	0	2938
atman	welch-t	PR2-PR1	79	0.01	0	2938
atman	welch-t	PR2-PR1	79	0.05	0	2938
atman	welch-t	PR2-PR1	79	0.1	0	2938
atman	paired-t	PR2-PR1	80	0.01	0	2938
atman	paired-t	PR2-PR1	80	0.05	0	2938
atman	paired-t	PR2-PR1	80	0.1	0	2938
atman	moderated	PR2-PR1	80	0.01	0	2938
atman	moderated	PR2-PR1	80	0.05	0	2938
atman	moderated	PR2-PR1	80	0.1	0	2938
atman	welch-t	PR2-PR1	80	0.01	0	2938
atman	welch-t	PR2-PR1	80	0.05	0	2938
atman	welch-t	PR2-PR1	80	0.1	0	2938
atman	paired-t	PR2-PR1	81	0.01	0	2938
atman	paired-t	PR2-PR1	81	0.05	0	2938
atman	paired-t	PR2-PR1	81	0.1	0	2938
atman	moderated	PR2-PR1	81	0.01	0	2938
atman	moderated	PR2-PR1	81	0.05	0	2938
atman	moderated	PR2-PR1	81	0.1	0	2938
atman	welch-t	PR2-PR1	81	0.01	0	2938
atman	welch-t	PR2-PR1	81	0.05	0	2938
atman	welch-t	PR2-PR1	81	0.1	0	2938
atman	paired-t	PR2-PR1	82	0.01	0	2938
atman	paired-t	PR2-PR1	82	0.05	0	2938
atman	paired-t	PR2-PR1	82	0.1	0	2938
atman	moderated	PR2-PR1	82	0.01	0	2938
atman	moderated	PR2-PR1	82	0.05	0	2938
atman	moderated	PR2-PR1	82	0.1	0	2938
atman	welch-t	PR2-PR1	82	0.01	0	2938
atman	welch-t	PR2-PR1	82	0.05	0	2938
atman	welch-t	PR2-PR1	82	0.1	0	2938
atman	paired-t	PR2-PR1	83	0.01	0	2938
atman	paired-t	PR2-PR1	83	0.05	0	2938
atman	paired-t	PR2-PR1	83	0.1	0	2938
atman	moderated	PR2-PR1	83	0.01	0	2938
atman	moderated	PR2-PR1	83	0.05	0	2938
atman	moderated	PR2-PR1	83	0.1	0	2938
atman	welch-t	PR2-PR1	83	0.01	0	2938
atman	welch-t	PR2-PR1	83	0.05	0	2938
atman	welch-t	PR2-PR1	83	0.1	0	2938
atman	paired-t	PR2-PR1	84	0.01	0	2938
atman	paired-t	PR2-PR1	84	0.05	0	2938
atman	paired-t	PR2-PR1	84	0.1	0	2938
atman	moderated	PR2-PR1	84	0.01	0	2938
atman	moderated	PR2-PR1	84	0.05	0	2938
atman	moderated	PR2-PR1	84	0.1	0	2938
atman	welch-t	PR2-PR1	84	0.01	0	2938
atman	welch-t	PR2-PR1	84	0.05	0	2938
atman	welch-t	PR2-PR1	84	0.1	0	2938
atman	paired-t	PR2-PR1	85	0.01	0	2938
atman	paired-t	PR2-PR1	85	0.05	0	2938
atman	paired-t	PR2-PR1	85	0.1	0	2938
atman	moderated	PR2-PR1	85	0.01	0	2938
atman	moderated	PR2-PR1	85	0.05	0	2938
atman	moderated	PR2-PR1	85	0.1	0	2938
atman	welch-t	PR2-PR1	85	0.01	0	2938
atman	welch-t	PR2-PR1	85	0.05	0	2938
atman	welch-t	PR2-PR1	85	0.1	0	2938
atman	paired-t	PR2-PR1	86	0.01	0	2938
atman	paired-t	PR2-PR1	86	0.05	0	2938
atman	paired-t	PR2-PR1	86	0.1	0	2938
atman	moderated	PR2-PR1	86	0.01	0	2938
atman	moderated	PR2-PR1	86	0.05	0	2938
atman	moderated	PR2-PR1	86	0.1	0	2938
atman	welch-t	PR2-PR1	86	0.01	0	2938
atman	welch-t	PR2-PR1	86	0.05	0	2938
atman	welch-t	PR2-PR1	86	0.1	0	2938
atman	paired-t	PR2-PR1	87	0.01	0	2938
atman	paired-t	PR2-PR1	87	0.05	0	2938
atman	paired-t	PR2-PR1	87	0.1	0	2938
atman	moderated	PR2-PR1	87	0.01	0	2938
atman	moderated	PR2-PR1	87	0.05	0	2938
atman	moderated	PR2-PR1	87	0.1	0	2938
atman	welch-t	PR2-PR1	87	0.01	0	2938
atman	welch-t	PR2-PR1	87	0.05	0	2938
atman	welch-t	PR2-PR1	87	0.1	0	2938
atman	paired-t	PR2-PR1	88	0.01	0	2938
atman	paired-t	PR2-PR1	88	0.05	0	2938
atman	paired-t	PR2-PR1	88	0.1	0	2938
atman	moderated	PR2-PR1	88	0.01	0	2938
atman	moderated	PR2-PR1	88	0.05	0	2938
atman	moderated	PR2-PR1	88	0.1	0	2938
atman	welch-t	PR2-PR1	88	0.01	0	2938
atman	welch-t	PR2-PR1	88	0.05	0	2938
atman	welch-t	PR2-PR1	88	0.1	0	2938
atman	paired-t	PR2-PR1	89	0.01	0	2938
atman	paired-t	PR2-PR1	89	0.05	0	2938
atman	paired-t	PR2-PR1	89	0.1	0	2938
atman	moderated	PR2-PR1	89	0.01	0	2938
atman	moderated	PR2-PR1	89	0.05	0	2938
atman	moderated	PR2-PR1	89	0.1	0	2938
atman	welch-t	PR2-PR1	89	0.01	0	2938
atman	welch-t	PR2-PR1	89	0.05	0	2938
atman	welch-t	PR2-PR1	89	0.1	0	2938
atman	paired-t	PR2-PR1	90	0.01	0	2938
atman	paired-t	PR2-PR1	90	0.05	0	2938
atman	paired-t	PR2-PR1	90	0.1	0	2938
atman	moderated	PR2-PR1	90	0.01	0	2938
atman	moderated	PR2-PR1	90	0.05	0	2938
atman	moderated	PR2-PR1	90	0.1	0	2938
atman	welch-t	PR2-PR1	90	0.01	0	2938
atman	welch-t	PR2-PR1	90	0.05	0	2938
atman	welch-t	PR2-PR1	90	0.1	0	2938
atman	paired-t	PR2-PR1	91	0.01	0	2938
atman	paired-t	PR2-PR1	91	0.05	0	2938
atman	paired-t	PR2-PR1	91	0.1	0	2938
atman	moderated	PR2-PR1	91	0.01	0	2938
atman	moderated	PR2-PR1	91	0.05	0	2938
atman	moderated	PR2-PR1	91	0.1	0	2938
atman	welch-t	PR2-PR1	91	0.01	0	2938
atman	welch-t	PR2-PR1	91	0.05	0	2938
atman	welch-t	PR2-PR1	91	0.1	0	2938
atman	paired-t	PR2-PR1	92	0.01	0	2938
atman	paired-t	PR2-PR1	92	0.05	0	2938
atman	paired-t	PR2-PR1	92	0.1	0	2938
atman	moderated	PR2-PR1	92	0.01	0	2938
atman	moderated	PR2-PR1	92	0.05	0	2938
atman	moderated	PR2-PR1	92	0.1	0	2938
atman	welch-t	PR2-PR1	92	0.01	0	2938
atman	welch-t	PR2-PR1	92	0.05	0	2938
atman	welch-t	PR2-PR1	92	0.1	0	2938
atman	paired-t	PR2-PR1	93	0.01	0	2938
atman	paired-t	PR2-PR1	93	0.05	0	2938
atman	paired-t	PR2-PR1	93	0.1	0	2938
atman	moderated	PR2-PR1	93	0.01	0	2938
atman	moderated	PR2-PR1	93	0.05	0	2938
atman	moderated	PR2-PR1	93	0.1	0	2938
atman	welch-t	PR2-PR1	93	0.01	0	2938
atman	welch-t	PR2-PR1	93	0.05	0	2938
atman	welch-t	PR2-PR1	93	0.1	0	2938
atman	paired-t	PR2-PR1	94	0.01	0	2938
atman	paired-t	PR2-PR1	94	0.05	0	2938
atman	paired-t	PR2-PR1	94	0.1	0	2938
atman	moderated	PR2-PR1	94	0.01	0	2938
atman	moderated	PR2-PR1	94	0.05	0	2938
atman	moderated	PR2-PR1	94	0.1	0	2938
atman	welch-t	PR2-PR1	94	0.01	0	2938
atman	welch-t	PR2-PR1	94	0.05	0	2938
atman	welch-t	PR2-PR1	94	0.1	0	2938
atman	paired-t	PR2-PR1	95	0.01	0	2938
atman	paired-t	PR2-PR1	95	0.05	0	2938
atman	paired-t	PR2-PR1	95	0.1	0	2938
atman	moderated	PR2-PR1	95	0.01	0	2938
atman	moderated	PR2-PR1	95	0.05	0	2938
atman	moderated	PR2-PR1	95	0.1	0	2938
atman	welch-t	PR2-PR1	95	0.01	0	2938
atman	welch-t	PR2-PR1	95	0.05	0	2938
atman	welch-t	PR2-PR1	95	0.1	0	2938
atman	paired-t	PR2-PR1	96	0.01	0	2938
atman	paired-t	PR2-PR1	96	0.05	0	2938
atman	paired-t	PR2-PR1	96	0.1	0	2938
atman	moderated	PR2-PR1	96	0.01	0	2938
atman	moderated	PR2-PR1	96	0.05	0	2938
atman	moderated	PR2-PR1	96	0.1	0	2938
atman	welch-t	PR2-PR1	96	0.01	0	2938
atman	welch-t	PR2-PR1	96	0.05	0	2938
atman	welch-t	PR2-PR1	96	0.1	0	2938
atman	paired-t	PR2-PR1	97	0.01	0	2938
atman	paired-t	PR2-PR1	97	0.05	0	2938
atman	paired-t	PR2-PR1	97	0.1	0	2938
atman	moderated	PR2-PR1	97	0.01	0	2938
atman	moderated	PR2-PR1	97	0.05	0	2938
atman	moderated	PR2-PR1	97	0.1	0	2938
atman	welch-t	PR2-PR1	97	0.01	0	2938
atman	welch-t	PR2-PR1	97	0.05	0	2938
atman	welch-t	PR2-PR1	97	0.1	0	2938
atman	paired-t	PR2-PR1	98	0.01	0	2938
atman	paired-t	PR2-PR1	98	0.05	0	2938
atman	paired-t	PR2-PR1	98	0.1	0	2938
atman	moderated	PR2-PR1	98	0.01	0	2938
atman	moderated	PR2-PR1	98	0.05	0	2938
atman	moderated	PR2-PR1	98	0.1	0	2938
atman	welch-t	PR2-PR1	98	0.01	0	2938
atman	welch-t	PR2-PR1	98	0.05	0	2938
atman	welch-t	PR2-PR1	98	0.1	0	2938
atman	paired-t	PR2-PR1	99	0.01	0	2938
atman	paired-t	PR2-PR1	99	0.05	1	2938
atman	paired-t	PR2-PR1	99	0.1	2	2938
atman	moderated	PR2-PR1	99	0.01	0	2938
atman	moderated	PR2-PR1	99	0.05	0	2938
atman	moderated	PR2-PR1	99	0.1	0	2938
atman	welch-t	PR2-PR1	99	0.01	0	2938
atman	welch-t	PR2-PR1	99	0.05	0	2938
atman	welch-t	PR2-PR1	99	0.1	0	2938
atman	paired-t	PR2-PR1	100	0.01	0	2938
atman	paired-t	PR2-PR1	100	0.05	0	2938
atman	paired-t	PR2-PR1	100	0.1	0	2938
atman	moderated	PR2-PR1	100	0.01	0	2938
atman	moderated	PR2-PR1	100	0.05	0	2938
atman	moderated	PR2-PR1	100	0.1	0	2938
atman	welch-t	PR2-PR1	100	0.01	0	2938
atman	welch-t	PR2-PR1	100	0.05	0	2938
atman	welch-t	PR2-PR1	100	0.1	0	2938
atman	paired-t	PR2-PR1	101	0.01	0	2938
atman	paired-t	PR2-PR1	101	0.05	0	2938
atman	paired-t	PR2-PR1	101	0.1	0	2938
atman	moderated	PR2-PR1	101	0.01	0	2938
atman	moderated	PR2-PR1	101	0.05	0	2938
atman	moderated	PR2-PR1	101	0.1	0	2938
atman	welch-t	PR2-PR1	101	0.01	0	2938
atman	welch-t	PR2-PR1	101	0.05	0	2938
atman	welch-t	PR2-PR1	101	0.1	0	2938
atman	paired-t	PR2-PR1	102	0.01	0	2938
atman	paired-t	PR2-PR1	102	0.05	0	2938
atman	paired-t	PR2-PR1	102	0.1	0	2938
atman	moderated	PR2-PR1	102	0.01	0	2938
atman	moderated	PR2-PR1	102	0.05	0	2938
atman	moderated	PR2-PR1	102	0.1	0	2938
atman	welch-t	PR2-PR1	102	0.01	0	2938
atman	welch-t	PR2-PR1	102	0.05	0	2938
atman	welch-t	PR2-PR1	102	0.1	0	2938
atman	paired-t	PR2-PR1	103	0.01	0	2938
atman	paired-t	PR2-PR1	103	0.05	0	2938
atman	paired-t	PR2-PR1	103	0.1	0	2938
atman	moderated	PR2-PR1	103	0.01	0	2938
atman	moderated	PR2-PR1	103	0.05	0	2938
atman	moderated	PR2-PR1	103	0.1	0	2938
atman	welch-t	PR2-PR1	103	0.01	0	2938
atman	welch-t	PR2-PR1	103	0.05	0	2938
atman	welch-t	PR2-PR1	103	0.1	0	2938
atman	paired-t	PR2-PR1	104	0.01	0	2938
atman	paired-t	PR2-PR1	104	0.05	0	2938
atman	paired-t	PR2-PR1	104	0.1	0	2938
atman	moderated	PR2-PR1	104	0.01	0	2938
atman	moderated	PR2-PR1	104	0.05	0	2938
atman	moderated	PR2-PR1	104	0.1	0	2938
atman	welch-t	PR2-PR1	104	0.01	0	2938
atman	welch-t	PR2-PR1	104	0.05	0	2938
atman	welch-t	PR2-PR1	104	0.1	0	2938
atman	paired-t	PR2-PR1	105	0.01	0	2938
atman	paired-t	PR2-PR1	105	0.05	0	2938
atman	paired-t	PR2-PR1	105	0.1	0	2938
atman	moderated	PR2-PR1	105	0.01	0	2938
atman	moderated	PR2-PR1	105	0.05	0	2938
atman	moderated	PR2-PR1	105	0.1	0	2938
atman	welch-t	PR2-PR1	105	0.01	0	2938
atman	welch-t	PR2-PR1	105	0.05	0	2938
atman	welch-t	PR2-PR1	105	0.1	0	2938
atman	paired-t	PR2-PR1	106	0.01	0	2938
atman	paired-t	PR2-PR1	106	0.05	0	2938
atman	paired-t	PR2-PR1	106	0.1	0	2938
atman	moderated	PR2-PR1	106	0.01	0	2938
atman	moderated	PR2-PR1	106	0.05	0	2938
atman	moderated	PR2-PR1	106	0.1	0	2938
atman	welch-t	PR2-PR1	106	0.01	0	2938
atman	welch-t	PR2-PR1	106	0.05	0	2938
atman	welch-t	PR2-PR1	106	0.1	0	2938
atman	paired-t	PR2-PR1	107	0.01	0	2938
atman	paired-t	PR2-PR1	107	0.05	0	2938
atman	paired-t	PR2-PR1	107	0.1	0	2938
atman	moderated	PR2-PR1	107	0.01	0	2938
atman	moderated	PR2-PR1	107	0.05	0	2938
atman	moderated	PR2-PR1	107	0.1	0	2938
atman	welch-t	PR2-PR1	107	0.01	0	2938
atman	welch-t	PR2-PR1	107	0.05	0	2938
atman	welch-t	PR2-PR1	107	0.1	0	2938
atman	paired-t	PR2-PR1	108	0.01	0	2938
atman	paired-t	PR2-PR1	108	0.05	1	2938
atman	paired-t	PR2-PR1	108	0.1	1	2938
atman	moderated	PR2-PR1	108	0.01	0	2938
atman	moderated	PR2-PR1	108	0.05	0	2938
atman	moderated	PR2-PR1	108	0.1	116	2938
atman	welch-t	PR2-PR1	108	0.01	0	2938
atman	welch-t	PR2-PR1	108	0.05	0	2938
atman	welch-t	PR2-PR1	108	0.1	0	2938
atman	paired-t	PR2-PR1	109	0.01	0	2938
atman	paired-t	PR2-PR1	109	0.05	0	2938
atman	paired-t	PR2-PR1	109	0.1	0	2938
atman	moderated	PR2-PR1	109	0.01	0	2938
atman	moderated	PR2-PR1	109	0.05	0	2938
atman	moderated	PR2-PR1	109	0.1	0	2938
atman	welch-t	PR2-PR1	109	0.01	0	2938
atman	welch-t	PR2-PR1	109	0.05	0	2938
atman	welch-t	PR2-PR1	109	0.1	0	2938
atman	paired-t	PR2-PR1	110	0.01	0	2938
atman	paired-t	PR2-PR1	110	0.05	0	2938
atman	paired-t	PR2-PR1	110	0.1	0	2938
atman	moderated	PR2-PR1	110	0.01	0	2938
atman	moderated	PR2-PR1	110	0.05	0	2938
atman	moderated	PR2-PR1	110	0.1	0	2938
atman	welch-t	PR2-PR1	110	0.01	0	2938
atman	welch-t	PR2-PR1	110	0.05	0	2938
atman	welch-t	PR2-PR1	110	0.1	0	2938
atman	paired-t	PR2-PR1	111	0.01	0	2938
atman	paired-t	PR2-PR1	111	0.05	0	2938
atman	paired-t	PR2-PR1	111	0.1	0	2938
atman	moderated	PR2-PR1	111	0.01	0	2938
atman	moderated	PR2-PR1	111	0.05	0	2938
atman	moderated	PR2-PR1	111	0.1	0	2938
atman	welch-t	PR2-PR1	111	0.01	0	2938
atman	welch-t	PR2-PR1	111	0.05	0	2938
atman	welch-t	PR2-PR1	111	0.1	0	2938
atman	paired-t	PR2-PR1	112	0.01	0	2938
atman	paired-t	PR2-PR1	112	0.05	0	2938
atman	paired-t	PR2-PR1	112	0.1	0	2938
atman	moderated	PR2-PR1	112	0.01	0	2938
atman	moderated	PR2-PR1	112	0.05	0	2938
atman	moderated	PR2-PR1	112	0.1	0	2938
atman	welch-t	PR2-PR1	112	0.01	0	2938
atman	welch-t	PR2-PR1	112	0.05	0	2938
atman	welch-t	PR2-PR1	112	0.1	0	2938
atman	paired-t	PR2-PR1	113	0.01	0	2938
atman	paired-t	PR2-PR1	113	0.05	0	2938
atman	paired-t	PR2-PR1	113	0.1	0	2938
atman	moderated	PR2-PR1	113	0.01	0	2938
atman	moderated	PR2-PR1	113	0.05	0	2938
atman	moderated	PR2-PR1	113	0.1	0	2938
atman	welch-t	PR2-PR1	113	0.01	0	2938
atman	welch-t	PR2-PR1	113	0.05	0	2938
atman	welch-t	PR2-PR1	113	0.1	0	2938
atman	paired-t	PR2-PR1	114	0.01	0	2938
atman	paired-t	PR2-PR1	114	0.05	0	2938
atman	paired-t	PR2-PR1	114	0.1	0	2938
atman	moderated	PR2-PR1	114	0.01	0	2938
atman	moderated	PR2-PR1	114	0.05	0	2938
atman	moderated	PR2-PR1	114	0.1	0	2938
atman	welch-t	PR2-PR1	114	0.01	0	2938
atman	welch-t	PR2-PR1	114	0.05	0	2938
atman	welch-t	PR2-PR1	114	0.1	0	2938
atman	paired-t	PR2-PR1	115	0.01	0	2938
atman	paired-t	PR2-PR1	115	0.05	0	2938
atman	paired-t	PR2-PR1	115	0.1	0	2938
atman	moderated	PR2-PR1	115	0.01	0	2938
atman	moderated	PR2-PR1	115	0.05	0	2938
atman	moderated	PR2-PR1	115	0.1	18	2938
atman	welch-t	PR2-PR1	115	0.01	0	2938
atman	welch-t	PR2-PR1	115	0.05	0	2938
atman	welch-t	PR2-PR1	115	0.1	0	2938
atman	paired-t	PR2-PR1	116	0.01	0	2938
atman	paired-t	PR2-PR1	116	0.05	0	2938
atman	paired-t	PR2-PR1	116	0.1	0	2938
atman	moderated	PR2-PR1	116	0.01	0	2938
atman	moderated	PR2-PR1	116	0.05	0	2938
atman	moderated	PR2-PR1	116	0.1	0	2938
atman	welch-t	PR2-PR1	116	0.01	0	2938
atman	welch-t	PR2-PR1	116	0.05	0	2938
atman	welch-t	PR2-PR1	116	0.1	0	2938
atman	paired-t	PR2-PR1	117	0.01	0	2938
atman	paired-t	PR2-PR1	117	0.05	0	2938
atman	paired-t	PR2-PR1	117	0.1	0	2938
atman	moderated	PR2-PR1	117	0.01	0	2938
atman	moderated	PR2-PR1	117	0.05	0	2938
atman	moderated	PR2-PR1	117	0.1	0	2938
atman	welch-t	PR2-PR1	117	0.01	0	2938
atman	welch-t	PR2-PR1	117	0.05	0	2938
atman	welch-t	PR2-PR1	117	0.1	0	2938
atman	paired-t	PR2-PR1	118	0.01	0	2938
atman	paired-t	PR2-PR1	118	0.05	0	2938
atman	paired-t	PR2-PR1	118	0.1	0	2938
atman	moderated	PR2-PR1	118	0.01	0	2938
atman	moderated	PR2-PR1	118	0.05	0	2938
atman	moderated	PR2-PR1	118	0.1	0	2938
atman	welch-t	PR2-PR1	118	0.01	0	2938
atman	welch-t	PR2-PR1	118	0.05	0	2938
atman	welch-t	PR2-PR1	118	0.1	0	2938
atman	paired-t	PR2-PR1	119	0.01	0	2938
atman	paired-t	PR2-PR1	119	0.05	0	2938
atman	paired-t	PR2-PR1	119	0.1	0	2938
atman	moderated	PR2-PR1	119	0.01	0	2938
atman	moderated	PR2-PR1	119	0.05	0	2938
atman	moderated	PR2-PR1	119	0.1	0	2938
atman	welch-t	PR2-PR1	119	0.01	0	2938
atman	welch-t	PR2-PR1	119	0.05	0	2938
atman	welch-t	PR2-PR1	119	0.1	0	2938
atman	paired-t	PR2-PR1	120	0.01	0	2938
atman	paired-t	PR2-PR1	120	0.05	0	2938
atman	paired-t	PR2-PR1	120	0.1	0	2938
atman	moderated	PR2-PR1	120	0.01	0	2938
atman	moderated	PR2-PR1	120	0.05	0	2938
atman	moderated	PR2-PR1	120	0.1	0	2938
atman	welch-t	PR2-PR1	120	0.01	0	2938
atman	welch-t	PR2-PR1	120	0.05	0	2938
atman	welch-t	PR2-PR1	120	0.1	0	2938
atman	paired-t	PR2-PR1	121	0.01	0	2938
atman	paired-t	PR2-PR1	121	0.05	0	2938
atman	paired-t	PR2-PR1	121	0.1	0	2938
atman	moderated	PR2-PR1	121	0.01	0	2938
atman	moderated	PR2-PR1	121	0.05	0	2938
atman	moderated	PR2-PR1	121	0.1	0	2938
atman	welch-t	PR2-PR1	121	0.01	0	2938
atman	welch-t	PR2-PR1	121	0.05	0	2938
atman	welch-t	PR2-PR1	121	0.1	0	2938
atman	paired-t	PR2-PR1	122	0.01	0	2938
atman	paired-t	PR2-PR1	122	0.05	0	2938
atman	paired-t	PR2-PR1	122	0.1	0	2938
atman	moderated	PR2-PR1	122	0.01	0	2938
atman	moderated	PR2-PR1	122	0.05	0	2938
atman	moderated	PR2-PR1	122	0.1	0	2938
atman	welch-t	PR2-PR1	122	0.01	0	2938
atman	welch-t	PR2-PR1	122	0.05	0	2938
atman	welch-t	PR2-PR1	122	0.1	0	2938
atman	paired-t	PR2-PR1	123	0.01	0	2938
atman	paired-t	PR2-PR1	123	0.05	0	2938
atman	paired-t	PR2-PR1	123	0.1	0	2938
atman	moderated	PR2-PR1	123	0.01	0	2938
atman	moderated	PR2-PR1	123	0.05	0	2938
atman	moderated	PR2-PR1	123	0.1	0	2938
atman	welch-t	PR2-PR1	123	0.01	0	2938
atman	welch-t	PR2-PR1	123	0.05	0	2938
atman	welch-t	PR2-PR1	123	0.1	0	2938
atman	paired-t	PR2-PR1	124	0.01	0	2938
atman	paired-t	PR2-PR1	124	0.05	0	2938
atman	paired-t	PR2-PR1	124	0.1	0	2938
atman	moderated	PR2-PR1	124	0.01	0	2938
atman	moderated	PR2-PR1	124	0.05	0	2938
atman	moderated	PR2-PR1	124	0.1	0	2938
atman	welch-t	PR2-PR1	124	0.01	0	2938
atman	welch-t	PR2-PR1	124	0.05	0	2938
atman	welch-t	PR2-PR1	124	0.1	0	2938
atman	paired-t	PR2-PR1	125	0.01	0	2938
atman	paired-t	PR2-PR1	125	0.05	0	2938
atman	paired-t	PR2-PR1	125	0.1	0	2938
atman	moderated	PR2-PR1	125	0.01	0	2938
atman	moderated	PR2-PR1	125	0.05	0	2938
atman	moderated	PR2-PR1	125	0.1	0	2938
atman	welch-t	PR2-PR1	125	0.01	0	2938
atman	welch-t	PR2-PR1	125	0.05	0	2938
atman	welch-t	PR2-PR1	125	0.1	0	2938
atman	paired-t	PR2-PR1	126	0.01	0	2938
atman	paired-t	PR2-PR1	126	0.05	0	2938
atman	paired-t	PR2-PR1	126	0.1	0	2938
atman	moderated	PR2-PR1	126	0.01	0	2938
atman	moderated	PR2-PR1	126	0.05	0	2938
atman	moderated	PR2-PR1	126	0.1	0	2938
atman	welch-t	PR2-PR1	126	0.01	0	2938
atman	welch-t	PR2-PR1	126	0.05	0	2938
atman	welch-t	PR2-PR1	126	0.1	0	2938
atman	paired-t	PR2-PR1	127	0.01	0	2938
atman	paired-t	PR2-PR1	127	0.05	0	2938
atman	paired-t	PR2-PR1	127	0.1	0	2938
atman	moderated	PR2-PR1	127	0.01	0	2938
atman	moderated	PR2-PR1	127	0.05	0	2938
atman	moderated	PR2-PR1	127	0.1	0	2938
atman	welch-t	PR2-PR1	127	0.01	0	2938
atman	welch-t	PR2-PR1	127	0.05	0	2938
atman	welch-t	PR2-PR1	127	0.1	0	2938
atman	paired-t	PR2-PR1	128	0.01	0	2938
atman	paired-t	PR2-PR1	128	0.05	0	2938
atman	paired-t	PR2-PR1	128	0.1	0	2938
atman	moderated	PR2-PR1	128	0.01	0	2938
atman	moderated	PR2-PR1	128	0.05	0	2938
atman	moderated	PR2-PR1	128	0.1	0	2938
atman	welch-t	PR2-PR1	128	0.01	0	2938
atman	welch-t	PR2-PR1	128	0.05	0	2938
atman	welch-t	PR2-PR1	128	0.1	0	2938
atman	paired-t	PR2-PR1	129	0.01	0	2938
atman	paired-t	PR2-PR1	129	0.05	0	2938
atman	paired-t	PR2-PR1	129	0.1	0	2938
atman	moderated	PR2-PR1	129	0.01	0	2938
atman	moderated	PR2-PR1	129	0.05	0	2938
atman	moderated	PR2-PR1	129	0.1	0	2938
atman	welch-t	PR2-PR1	129	0.01	0	2938
atman	welch-t	PR2-PR1	129	0.05	0	2938
atman	welch-t	PR2-PR1	129	0.1	0	2938
atman	paired-t	PR2-PR1	130	0.01	0	2938
atman	paired-t	PR2-PR1	130	0.05	0	2938
atman	paired-t	PR2-PR1	130	0.1	0	2938
atman	moderated	PR2-PR1	130	0.01	0	2938
atman	moderated	PR2-PR1	130	0.05	0	2938
atman	moderated	PR2-PR1	130	0.1	0	2938
atman	welch-t	PR2-PR1	130	0.01	0	2938
atman	welch-t	PR2-PR1	130	0.05	0	2938
atman	welch-t	PR2-PR1	130	0.1	0	2938
atman	paired-t	PR2-PR1	131	0.01	0	2938
atman	paired-t	PR2-PR1	131	0.05	0	2938
atman	paired-t	PR2-PR1	131	0.1	0	2938
atman	moderated	PR2-PR1	131	0.01	0	2938
atman	moderated	PR2-PR1	131	0.05	0	2938
atman	moderated	PR2-PR1	131	0.1	0	2938
atman	welch-t	PR2-PR1	131	0.01	0	2938
atman	welch-t	PR2-PR1	131	0.05	0	2938
atman	welch-t	PR2-PR1	131	0.1	0	2938
atman	paired-t	PR2-PR1	132	0.01	0	2938
atman	paired-t	PR2-PR1	132	0.05	0	2938
atman	paired-t	PR2-PR1	132	0.1	0	2938
atman	moderated	PR2-PR1	132	0.01	0	2938
atman	moderated	PR2-PR1	132	0.05	0	2938
atman	moderated	PR2-PR1	132	0.1	0	2938
atman	welch-t	PR2-PR1	132	0.01	0	2938
atman	welch-t	PR2-PR1	132	0.05	0	2938
atman	welch-t	PR2-PR1	132	0.1	0	2938
atman	paired-t	PR2-PR1	133	0.01	0	2938
atman	paired-t	PR2-PR1	133	0.05	0	2938
atman	paired-t	PR2-PR1	133	0.1	0	2938
atman	moderated	PR2-PR1	133	0.01	0	2938
atman	moderated	PR2-PR1	133	0.05	0	2938
atman	moderated	PR2-PR1	133	0.1	0	2938
atman	welch-t	PR2-PR1	133	0.01	0	2938
atman	welch-t	PR2-PR1	133	0.05	0	2938
atman	welch-t	PR2-PR1	133	0.1	0	2938
atman	paired-t	PR2-PR1	134	0.01	0	2938
atman	paired-t	PR2-PR1	134	0.05	0	2938
atman	paired-t	PR2-PR1	134	0.1	0	2938
atman	moderated	PR2-PR1	134	0.01	0	2938
atman	moderated	PR2-PR1	134	0.05	0	2938
atman	moderated	PR2-PR1	134	0.1	0	2938
atman	welch-t	PR2-PR1	134	0.01	0	2938
atman	welch-t	PR2-PR1	134	0.05	0	2938
atman	welch-t	PR2-PR1	134	0.1	0	2938
atman	paired-t	PR2-PR1	135	0.01	0	2938
atman	paired-t	PR2-PR1	135	0.05	0	2938
atman	paired-t	PR2-PR1	135	0.1	0	2938
atman	moderated	PR2-PR1	135	0.01	0	2938
atman	moderated	PR2-PR1	135	0.05	0	2938
atman	moderated	PR2-PR1	135	0.1	0	2938
atman	welch-t	PR2-PR1	135	0.01	0	2938
atman	welch-t	PR2-PR1	135	0.05	0	2938
atman	welch-t	PR2-PR1	135	0.1	0	2938
atman	paired-t	PR2-PR1	136	0.01	0	2938
atman	paired-t	PR2-PR1	136	0.05	0	2938
atman	paired-t	PR2-PR1	136	0.1	0	2938
atman	moderated	PR2-PR1	136	0.01	0	2938
atman	moderated	PR2-PR1	136	0.05	1	2938
atman	moderated	PR2-PR1	136	0.1	1	2938
atman	welch-t	PR2-PR1	136	0.01	0	2938
atman	welch-t	PR2-PR1	136	0.05	0	2938
atman	welch-t	PR2-PR1	136	0.1	0	2938
atman	paired-t	PR2-PR1	137	0.01	0	2938
atman	paired-t	PR2-PR1	137	0.05	0	2938
atman	paired-t	PR2-PR1	137	0.1	0	2938
atman	moderated	PR2-PR1	137	0.01	0	2938
atman	moderated	PR2-PR1	137	0.05	0	2938
atman	moderated	PR2-PR1	137	0.1	0	2938
atman	welch-t	PR2-PR1	137	0.01	0	2938
atman	welch-t	PR2-PR1	137	0.05	0	2938
atman	welch-t	PR2-PR1	137	0.1	0	2938
atman	paired-t	PR2-PR1	138	0.01	0	2938
atman	paired-t	PR2-PR1	138	0.05	0	2938
atman	paired-t	PR2-PR1	138	0.1	0	2938
atman	moderated	PR2-PR1	138	0.01	0	2938
atman	moderated	PR2-PR1	138	0.05	0	2938
atman	moderated	PR2-PR1	138	0.1	0	2938
atman	welch-t	PR2-PR1	138	0.01	0	2938
atman	welch-t	PR2-PR1	138	0.05	0	2938
atman	welch-t	PR2-PR1	138	0.1	0	2938
atman	paired-t	PR2-PR1	139	0.01	0	2938
atman	paired-t	PR2-PR1	139	0.05	0	2938
atman	paired-t	PR2-PR1	139	0.1	0	2938
atman	moderated	PR2-PR1	139	0.01	0	2938
atman	moderated	PR2-PR1	139	0.05	0	2938
atman	moderated	PR2-PR1	139	0.1	0	2938
atman	welch-t	PR2-PR1	139	0.01	0	2938
atman	welch-t	PR2-PR1	139	0.05	0	2938
atman	welch-t	PR2-PR1	139	0.1	0	2938
atman	paired-t	PR2-PR1	140	0.01	0	2938
atman	paired-t	PR2-PR1	140	0.05	0	2938
atman	paired-t	PR2-PR1	140	0.1	0	2938
atman	moderated	PR2-PR1	140	0.01	0	2938
atman	moderated	PR2-PR1	140	0.05	0	2938
atman	moderated	PR2-PR1	140	0.1	0	2938
atman	welch-t	PR2-PR1	140	0.01	0	2938
atman	welch-t	PR2-PR1	140	0.05	0	2938
atman	welch-t	PR2-PR1	140	0.1	0	2938
atman	paired-t	PR2-PR1	141	0.01	0	2938
atman	paired-t	PR2-PR1	141	0.05	0	2938
atman	paired-t	PR2-PR1	141	0.1	0	2938
atman	moderated	PR2-PR1	141	0.01	0	2938
atman	moderated	PR2-PR1	141	0.05	0	2938
atman	moderated	PR2-PR1	141	0.1	0	2938
atman	welch-t	PR2-PR1	141	0.01	0	2938
atman	welch-t	PR2-PR1	141	0.05	0	2938
atman	welch-t	PR2-PR1	141	0.1	0	2938
atman	paired-t	PR2-PR1	142	0.01	0	2938
atman	paired-t	PR2-PR1	142	0.05	0	2938
atman	paired-t	PR2-PR1	142	0.1	0	2938
atman	moderated	PR2-PR1	142	0.01	0	2938
atman	moderated	PR2-PR1	142	0.05	0	2938
atman	moderated	PR2-PR1	142	0.1	0	2938
atman	welch-t	PR2-PR1	142	0.01	0	2938
atman	welch-t	PR2-PR1	142	0.05	0	2938
atman	welch-t	PR2-PR1	142	0.1	0	2938
atman	paired-t	PR2-PR1	143	0.01	0	2938
atman	paired-t	PR2-PR1	143	0.05	0	2938
atman	paired-t	PR2-PR1	143	0.1	0	2938
atman	moderated	PR2-PR1	143	0.01	0	2938
atman	moderated	PR2-PR1	143	0.05	0	2938
atman	moderated	PR2-PR1	143	0.1	0	2938
atman	welch-t	PR2-PR1	143	0.01	0	2938
atman	welch-t	PR2-PR1	143	0.05	0	2938
atman	welch-t	PR2-PR1	143	0.1	0	2938
atman	paired-t	PR2-PR1	144	0.01	0	2938
atman	paired-t	PR2-PR1	144	0.05	0	2938
atman	paired-t	PR2-PR1	144	0.1	0	2938
atman	moderated	PR2-PR1	144	0.01	0	2938
atman	moderated	PR2-PR1	144	0.05	0	2938
atman	moderated	PR2-PR1	144	0.1	0	2938
atman	welch-t	PR2-PR1	144	0.01	0	2938
atman	welch-t	PR2-PR1	144	0.05	0	2938
atman	welch-t	PR2-PR1	144	0.1	0	2938
atman	paired-t	PR2-PR1	145	0.01	0	2938
atman	paired-t	PR2-PR1	145	0.05	0	2938
atman	paired-t	PR2-PR1	145	0.1	0	2938
atman	moderated	PR2-PR1	145	0.01	0	2938
atman	moderated	PR2-PR1	145	0.05	0	2938
atman	moderated	PR2-PR1	145	0.1	0	2938
atman	welch-t	PR2-PR1	145	0.01	0	2938
atman	welch-t	PR2-PR1	145	0.05	0	2938
atman	welch-t	PR2-PR1	145	0.1	0	2938
atman	paired-t	PR2-PR1	146	0.01	0	2938
atman	paired-t	PR2-PR1	146	0.05	0	2938
atman	paired-t	PR2-PR1	146	0.1	0	2938
atman	moderated	PR2-PR1	146	0.01	0	2938
atman	moderated	PR2-PR1	146	0.05	0	2938
atman	moderated	PR2-PR1	146	0.1	0	2938
atman	welch-t	PR2-PR1	146	0.01	0	2938
atman	welch-t	PR2-PR1	146	0.05	0	2938
atman	welch-t	PR2-PR1	146	0.1	0	2938
atman	paired-t	PR2-PR1	147	0.01	0	2938
atman	paired-t	PR2-PR1	147	0.05	0	2938
atman	paired-t	PR2-PR1	147	0.1	0	2938
atman	moderated	PR2-PR1	147	0.01	0	2938
atman	moderated	PR2-PR1	147	0.05	0	2938
atman	moderated	PR2-PR1	147	0.1	0	2938
atman	welch-t	PR2-PR1	147	0.01	0	2938
atman	welch-t	PR2-PR1	147	0.05	0	2938
atman	welch-t	PR2-PR1	147	0.1	0	2938
atman	paired-t	PR2-PR1	148	0.01	0	2938
atman	paired-t	PR2-PR1	148	0.05	0	2938
atman	paired-t	PR2-PR1	148	0.1	0	2938
atman	moderated	PR2-PR1	148	0.01	0	2938
atman	moderated	PR2-PR1	148	0.05	0	2938
atman	moderated	PR2-PR1	148	0.1	0	2938
atman	welch-t	PR2-PR1	148	0.01	0	2938
atman	welch-t	PR2-PR1	148	0.05	0	2938
atman	welch-t	PR2-PR1	148	0.1	0	2938
atman	paired-t	PR2-PR1	149	0.01	0	2938
atman	paired-t	PR2-PR1	149	0.05	0	2938
atman	paired-t	PR2-PR1	149	0.1	0	2938
atman	moderated	PR2-PR1	149	0.01	0	2938
atman	moderated	PR2-PR1	149	0.05	0	2938
atman	moderated	PR2-PR1	149	0.1	0	2938
atman	welch-t	PR2-PR1	149	0.01	0	2938
atman	welch-t	PR2-PR1	149	0.05	0	2938
atman	welch-t	PR2-PR1	149	0.1	0	2938
atman	paired-t	PR2-PR1	150	0.01	0	2938
atman	paired-t	PR2-PR1	150	0.05	0	2938
atman	paired-t	PR2-PR1	150	0.1	0	2938
atman	moderated	PR2-PR1	150	0.01	0	2938
atman	moderated	PR2-PR1	150	0.05	0	2938
atman	moderated	PR2-PR1	150	0.1	0	2938
atman	welch-t	PR2-PR1	150	0.01	0	2938
atman	welch-t	PR2-PR1	150	0.05	0	2938
atman	welch-t	PR2-PR1	150	0.1	0	2938
atman	paired-t	PR2-PR1	151	0.01	0	2938
atman	paired-t	PR2-PR1	151	0.05	0	2938
atman	paired-t	PR2-PR1	151	0.1	0	2938
atman	moderated	PR2-PR1	151	0.01	0	2938
atman	moderated	PR2-PR1	151	0.05	0	2938
atman	moderated	PR2-PR1	151	0.1	0	2938
atman	welch-t	PR2-PR1	151	0.01	0	2938
atman	welch-t	PR2-PR1	151	0.05	0	2938
atman	welch-t	PR2-PR1	151	0.1	0	2938
atman	paired-t	PR2-PR1	152	0.01	0	2938
atman	paired-t	PR2-PR1	152	0.05	0	2938
atman	paired-t	PR2-PR1	152	0.1	0	2938
atman	moderated	PR2-PR1	152	0.01	0	2938
atman	moderated	PR2-PR1	152	0.05	0	2938
atman	moderated	PR2-PR1	152	0.1	0	2938
atman	welch-t	PR2-PR1	152	0.01	0	2938
atman	welch-t	PR2-PR1	152	0.05	0	2938
atman	welch-t	PR2-PR1	152	0.1	0	2938
atman	paired-t	PR2-PR1	153	0.01	0	2938
atman	paired-t	PR2-PR1	153	0.05	0	2938
atman	paired-t	PR2-PR1	153	0.1	0	2938
atman	moderated	PR2-PR1	153	0.01	0	2938
atman	moderated	PR2-PR1	153	0.05	0	2938
atman	moderated	PR2-PR1	153	0.1	0	2938
atman	welch-t	PR2-PR1	153	0.01	0	2938
atman	welch-t	PR2-PR1	153	0.05	0	2938
atman	welch-t	PR2-PR1	153	0.1	1	2938
atman	paired-t	PR2-PR1	154	0.01	0	2938
atman	paired-t	PR2-PR1	154	0.05	0	2938
atman	paired-t	PR2-PR1	154	0.1	0	2938
atman	moderated	PR2-PR1	154	0.01	0	2938
atman	moderated	PR2-PR1	154	0.05	0	2938
atman	moderated	PR2-PR1	154	0.1	0	2938
atman	welch-t	PR2-PR1	154	0.01	0	2938
atman	welch-t	PR2-PR1	154	0.05	0	2938
atman	welch-t	PR2-PR1	154	0.1	0	2938
atman	paired-t	PR2-PR1	155	0.01	0	2938
atman	paired-t	PR2-PR1	155	0.05	0	2938
atman	paired-t	PR2-PR1	155	0.1	0	2938
atman	moderated	PR2-PR1	155	0.01	0	2938
atman	moderated	PR2-PR1	155	0.05	0	2938
atman	moderated	PR2-PR1	155	0.1	0	2938
atman	welch-t	PR2-PR1	155	0.01	0	2938
atman	welch-t	PR2-PR1	155	0.05	0	2938
atman	welch-t	PR2-PR1	155	0.1	0	2938
atman	paired-t	PR2-PR1	156	0.01	0	2938
atman	paired-t	PR2-PR1	156	0.05	0	2938
atman	paired-t	PR2-PR1	156	0.1	0	2938
atman	moderated	PR2-PR1	156	0.01	0	2938
atman	moderated	PR2-PR1	156	0.05	0	2938
atman	moderated	PR2-PR1	156	0.1	0	2938
atman	welch-t	PR2-PR1	156	0.01	0	2938
atman	welch-t	PR2-PR1	156	0.05	0	2938
atman	welch-t	PR2-PR1	156	0.1	0	2938
atman	paired-t	PR2-PR1	157	0.01	0	2938
atman	paired-t	PR2-PR1	157	0.05	0	2938
atman	paired-t	PR2-PR1	157	0.1	0	2938
atman	moderated	PR2-PR1	157	0.01	0	2938
atman	moderated	PR2-PR1	157	0.05	0	2938
atman	moderated	PR2-PR1	157	0.1	0	2938
atman	welch-t	PR2-PR1	157	0.01	0	2938
atman	welch-t	PR2-PR1	157	0.05	0	2938
atman	welch-t	PR2-PR1	157	0.1	0	2938
atman	paired-t	PR2-PR1	158	0.01	0	2938
atman	paired-t	PR2-PR1	158	0.05	0	2938
atman	paired-t	PR2-PR1	158	0.1	0	2938
atman	moderated	PR2-PR1	158	0.01	0	2938
atman	moderated	PR2-PR1	158	0.05	0	2938
atman	moderated	PR2-PR1	158	0.1	0	2938
atman	welch-t	PR2-PR1	158	0.01	0	2938
atman	welch-t	PR2-PR1	158	0.05	0	2938
atman	welch-t	PR2-PR1	158	0.1	0	2938
atman	paired-t	PR2-PR1	159	0.01	0	2938
atman	paired-t	PR2-PR1	159	0.05	0	2938
atman	paired-t	PR2-PR1	159	0.1	0	2938
atman	moderated	PR2-PR1	159	0.01	0	2938
atman	moderated	PR2-PR1	159	0.05	0	2938
atman	moderated	PR2-PR1	159	0.1	0	2938
atman	welch-t	PR2-PR1	159	0.01	0	2938
atman	welch-t	PR2-PR1	159	0.05	0	2938
atman	welch-t	PR2-PR1	159	0.1	0	2938
atman	paired-t	PR2-PR1	160	0.01	0	2938
atman	paired-t	PR2-PR1	160	0.05	0	2938
atman	paired-t	PR2-PR1	160	0.1	0	2938
atman	moderated	PR2-PR1	160	0.01	0	2938
atman	moderated	PR2-PR1	160	0.05	0	2938
atman	moderated	PR2-PR1	160	0.1	0	2938
atman	welch-t	PR2-PR1	160	0.01	0	2938
atman	welch-t	PR2-PR1	160	0.05	0	2938
atman	welch-t	PR2-PR1	160	0.1	0	2938
atman	paired-t	PR2-PR1	161	0.01	0	2938
atman	paired-t	PR2-PR1	161	0.05	0	2938
atman	paired-t	PR2-PR1	161	0.1	0	2938
atman	moderated	PR2-PR1	161	0.01	0	2938
atman	moderated	PR2-PR1	161	0.05	0	2938
atman	moderated	PR2-PR1	161	0.1	0	2938
atman	welch-t	PR2-PR1	161	0.01	0	2938
atman	welch-t	PR2-PR1	161	0.05	0	2938
atman	welch-t	PR2-PR1	161	0.1	0	2938
atman	paired-t	PR2-PR1	162	0.01	0	2938
atman	paired-t	PR2-PR1	162	0.05	0	2938
atman	paired-t	PR2-PR1	162	0.1	0	2938
atman	moderated	PR2-PR1	162	0.01	0	2938
atman	moderated	PR2-PR1	162	0.05	0	2938
atman	moderated	PR2-PR1	162	0.1	0	2938
atman	welch-t	PR2-PR1	162	0.01	0	2938
atman	welch-t	PR2-PR1	162	0.05	0	2938
atman	welch-t	PR2-PR1	162	0.1	0	2938
atman	paired-t	PR2-PR1	163	0.01	0	2938
atman	paired-t	PR2-PR1	163	0.05	0	2938
atman	paired-t	PR2-PR1	163	0.1	0	2938
atman	moderated	PR2-PR1	163	0.01	0	2938
atman	moderated	PR2-PR1	163	0.05	0	2938
atman	moderated	PR2-PR1	163	0.1	0	2938
atman	welch-t	PR2-PR1	163	0.01	0	2938
atman	welch-t	PR2-PR1	163	0.05	0	2938
atman	welch-t	PR2-PR1	163	0.1	0	2938
atman	paired-t	PR2-PR1	164	0.01	0	2938
atman	paired-t	PR2-PR1	164	0.05	0	2938
atman	paired-t	PR2-PR1	164	0.1	0	2938
atman	moderated	PR2-PR1	164	0.01	0	2938
atman	moderated	PR2-PR1	164	0.05	0	2938
atman	moderated	PR2-PR1	164	0.1	0	2938
atman	welch-t	PR2-PR1	164	0.01	0	2938
atman	welch-t	PR2-PR1	164	0.05	0	2938
atman	welch-t	PR2-PR1	164	0.1	0	2938
atman	paired-t	PR2-PR1	165	0.01	0	2938
atman	paired-t	PR2-PR1	165	0.05	0	2938
atman	paired-t	PR2-PR1	165	0.1	0	2938
atman	moderated	PR2-PR1	165	0.01	0	2938
atman	moderated	PR2-PR1	165	0.05	0	2938
atman	moderated	PR2-PR1	165	0.1	0	2938
atman	welch-t	PR2-PR1	165	0.01	0	2938
atman	welch-t	PR2-PR1	165	0.05	0	2938
atman	welch-t	PR2-PR1	165	0.1	0	2938
atman	paired-t	PR2-PR1	166	0.01	0	2938
atman	paired-t	PR2-PR1	166	0.05	0	2938
atman	paired-t	PR2-PR1	166	0.1	0	2938
atman	moderated	PR2-PR1	166	0.01	0	2938
atman	moderated	PR2-PR1	166	0.05	0	2938
atman	moderated	PR2-PR1	166	0.1	0	2938
atman	welch-t	PR2-PR1	166	0.01	0	2938
atman	welch-t	PR2-PR1	166	0.05	0	2938
atman	welch-t	PR2-PR1	166	0.1	0	2938
atman	paired-t	PR2-PR1	167	0.01	0	2938
atman	paired-t	PR2-PR1	167	0.05	0	2938
atman	paired-t	PR2-PR1	167	0.1	0	2938
atman	moderated	PR2-PR1	167	0.01	0	2938
atman	moderated	PR2-PR1	167	0.05	0	2938
atman	moderated	PR2-PR1	167	0.1	0	2938
atman	welch-t	PR2-PR1	167	0.01	0	2938
atman	welch-t	PR2-PR1	167	0.05	0	2938
atman	welch-t	PR2-PR1	167	0.1	0	2938
atman	paired-t	PR2-PR1	168	0.01	0	2938
atman	paired-t	PR2-PR1	168	0.05	0	2938
atman	paired-t	PR2-PR1	168	0.1	0	2938
atman	moderated	PR2-PR1	168	0.01	0	2938
atman	moderated	PR2-PR1	168	0.05	0	2938
atman	moderated	PR2-PR1	168	0.1	0	2938
atman	welch-t	PR2-PR1	168	0.01	0	2938
atman	welch-t	PR2-PR1	168	0.05	0	2938
atman	welch-t	PR2-PR1	168	0.1	0	2938
atman	paired-t	PR2-PR1	169	0.01	0	2938
atman	paired-t	PR2-PR1	169	0.05	0	2938
atman	paired-t	PR2-PR1	169	0.1	0	2938
atman	moderated	PR2-PR1	169	0.01	0	2938
atman	moderated	PR2-PR1	169	0.05	0	2938
atman	moderated	PR2-PR1	169	0.1	0	2938
atman	welch-t	PR2-PR1	169	0.01	0	2938
atman	welch-t	PR2-PR1	169	0.05	0	2938
atman	welch-t	PR2-PR1	169	0.1	0	2938
atman	paired-t	PR2-PR1	170	0.01	0	2938
atman	paired-t	PR2-PR1	170	0.05	0	2938
atman	paired-t	PR2-PR1	170	0.1	0	2938
atman	moderated	PR2-PR1	170	0.01	0	2938
atman	moderated	PR2-PR1	170	0.05	0	2938
atman	moderated	PR2-PR1	170	0.1	0	2938
atman	welch-t	PR2-PR1	170	0.01	0	2938
atman	welch-t	PR2-PR1	170	0.05	0	2938
atman	welch-t	PR2-PR1	170	0.1	0	2938
atman	paired-t	PR2-PR1	171	0.01	0	2938
atman	paired-t	PR2-PR1	171	0.05	0	2938
atman	paired-t	PR2-PR1	171	0.1	0	2938
atman	moderated	PR2-PR1	171	0.01	0	2938
atman	moderated	PR2-PR1	171	0.05	0	2938
atman	moderated	PR2-PR1	171	0.1	0	2938
atman	welch-t	PR2-PR1	171	0.01	0	2938
atman	welch-t	PR2-PR1	171	0.05	0	2938
atman	welch-t	PR2-PR1	171	0.1	0	2938
atman	paired-t	PR2-PR1	172	0.01	0	2938
atman	paired-t	PR2-PR1	172	0.05	1	2938
atman	paired-t	PR2-PR1	172	0.1	1	2938
atman	moderated	PR2-PR1	172	0.01	0	2938
atman	moderated	PR2-PR1	172	0.05	1	2938
atman	moderated	PR2-PR1	172	0.1	1	2938
atman	welch-t	PR2-PR1	172	0.01	0	2938
atman	welch-t	PR2-PR1	172	0.05	0	2938
atman	welch-t	PR2-PR1	172	0.1	0	2938
atman	paired-t	PR2-PR1	173	0.01	0	2938
atman	paired-t	PR2-PR1	173	0.05	0	2938
atman	paired-t	PR2-PR1	173	0.1	0	2938
atman	moderated	PR2-PR1	173	0.01	0	2938
atman	moderated	PR2-PR1	173	0.05	0	2938
atman	moderated	PR2-PR1	173	0.1	0	2938
atman	welch-t	PR2-PR1	173	0.01	0	2938
atman	welch-t	PR2-PR1	173	0.05	0	2938
atman	welch-t	PR2-PR1	173	0.1	0	2938
atman	paired-t	PR2-PR1	174	0.01	0	2938
atman	paired-t	PR2-PR1	174	0.05	0	2938
atman	paired-t	PR2-PR1	174	0.1	0	2938
atman	moderated	PR2-PR1	174	0.01	0	2938
atman	moderated	PR2-PR1	174	0.05	0	2938
atman	moderated	PR2-PR1	174	0.1	0	2938
atman	welch-t	PR2-PR1	174	0.01	0	2938
atman	welch-t	PR2-PR1	174	0.05	0	2938
atman	welch-t	PR2-PR1	174	0.1	0	2938
atman	paired-t	PR2-PR1	175	0.01	0	2938
atman	paired-t	PR2-PR1	175	0.05	0	2938
atman	paired-t	PR2-PR1	175	0.1	0	2938
atman	moderated	PR2-PR1	175	0.01	0	2938
atman	moderated	PR2-PR1	175	0.05	0	2938
atman	moderated	PR2-PR1	175	0.1	0	2938
atman	welch-t	PR2-PR1	175	0.01	0	2938
atman	welch-t	PR2-PR1	175	0.05	0	2938
atman	welch-t	PR2-PR1	175	0.1	0	2938
atman	paired-t	PR2-PR1	176	0.01	0	2938
atman	paired-t	PR2-PR1	176	0.05	0	2938
atman	paired-t	PR2-PR1	176	0.1	0	2938
atman	moderated	PR2-PR1	176	0.01	0	2938
atman	moderated	PR2-PR1	176	0.05	0	2938
atman	moderated	PR2-PR1	176	0.1	0	2938
atman	welch-t	PR2-PR1	176	0.01	0	2938
atman	welch-t	PR2-PR1	176	0.05	0	2938
atman	welch-t	PR2-PR1	176	0.1	0	2938
atman	paired-t	PR2-PR1	177	0.01	0	2938
atman	paired-t	PR2-PR1	177	0.05	0	2938
atman	paired-t	PR2-PR1	177	0.1	0	2938
atman	moderated	PR2-PR1	177	0.01	0	2938
atman	moderated	PR2-PR1	177	0.05	0	2938
atman	moderated	PR2-PR1	177	0.1	0	2938
atman	welch-t	PR2-PR1	177	0.01	0	2938
atman	welch-t	PR2-PR1	177	0.05	0	2938
atman	welch-t	PR2-PR1	177	0.1	0	2938
atman	paired-t	PR2-PR1	178	0.01	0	2938
atman	paired-t	PR2-PR1	178	0.05	0	2938
atman	paired-t	PR2-PR1	178	0.1	0	2938
atman	moderated	PR2-PR1	178	0.01	0	2938
atman	moderated	PR2-PR1	178	0.05	0	2938
atman	moderated	PR2-PR1	178	0.1	0	2938
atman	welch-t	PR2-PR1	178	0.01	0	2938
atman	welch-t	PR2-PR1	178	0.05	0	2938
atman	welch-t	PR2-PR1	178	0.1	0	2938
atman	paired-t	PR2-PR1	179	0.01	0	2938
atman	paired-t	PR2-PR1	179	0.05	0	2938
atman	paired-t	PR2-PR1	179	0.1	0	2938
atman	moderated	PR2-PR1	179	0.01	0	2938
atman	moderated	PR2-PR1	179	0.05	0	2938
atman	moderated	PR2-PR1	179	0.1	0	2938
atman	welch-t	PR2-PR1	179	0.01	0	2938
atman	welch-t	PR2-PR1	179	0.05	0	2938
atman	welch-t	PR2-PR1	179	0.1	0	2938
atman	paired-t	PR2-PR1	180	0.01	0	2938
atman	paired-t	PR2-PR1	180	0.05	1	2938
atman	paired-t	PR2-PR1	180	0.1	1	2938
atman	moderated	PR2-PR1	180	0.01	0	2938
atman	moderated	PR2-PR1	180	0.05	0	2938
atman	moderated	PR2-PR1	180	0.1	0	2938
atman	welch-t	PR2-PR1	180	0.01	0	2938
atman	welch-t	PR2-PR1	180	0.05	0	2938
atman	welch-t	PR2-PR1	180	0.1	0	2938
atman	paired-t	PR2-PR1	181	0.01	0	2938
atman	paired-t	PR2-PR1	181	0.05	0	2938
atman	paired-t	PR2-PR1	181	0.1	0	2938
atman	moderated	PR2-PR1	181	0.01	0	2938
atman	moderated	PR2-PR1	181	0.05	0	2938
atman	moderated	PR2-PR1	181	0.1	0	2938
atman	welch-t	PR2-PR1	181	0.01	0	2938
atman	welch-t	PR2-PR1	181	0.05	0	2938
atman	welch-t	PR2-PR1	181	0.1	0	2938
atman	paired-t	PR2-PR1	182	0.01	0	2938
atman	paired-t	PR2-PR1	182	0.05	0	2938
atman	paired-t	PR2-PR1	182	0.1	0	2938
atman	moderated	PR2-PR1	182	0.01	0	2938
atman	moderated	PR2-PR1	182	0.05	0	2938
atman	moderated	PR2-PR1	182	0.1	0	2938
atman	welch-t	PR2-PR1	182	0.01	0	2938
atman	welch-t	PR2-PR1	182	0.05	0	2938
atman	welch-t	PR2-PR1	182	0.1	0	2938
atman	paired-t	PR2-PR1	183	0.01	0	2938
atman	paired-t	PR2-PR1	183	0.05	0	2938
atman	paired-t	PR2-PR1	183	0.1	0	2938
atman	moderated	PR2-PR1	183	0.01	0	2938
atman	moderated	PR2-PR1	183	0.05	0	2938
atman	moderated	PR2-PR1	183	0.1	0	2938
atman	welch-t	PR2-PR1	183	0.01	0	2938
atman	welch-t	PR2-PR1	183	0.05	0	2938
atman	welch-t	PR2-PR1	183	0.1	0	2938
atman	paired-t	PR2-PR1	184	0.01	0	2938
atman	paired-t	PR2-PR1	184	0.05	0	2938
atman	paired-t	PR2-PR1	184	0.1	0	2938
atman	moderated	PR2-PR1	184	0.01	0	2938
atman	moderated	PR2-PR1	184	0.05	0	2938
atman	moderated	PR2-PR1	184	0.1	0	2938
atman	welch-t	PR2-PR1	184	0.01	0	2938
atman	welch-t	PR2-PR1	184	0.05	0	2938
atman	welch-t	PR2-PR1	184	0.1	0	2938
atman	paired-t	PR2-PR1	185	0.01	0	2938
atman	paired-t	PR2-PR1	185	0.05	0	2938
atman	paired-t	PR2-PR1	185	0.1	0	2938
atman	moderated	PR2-PR1	185	0.01	0	2938
atman	moderated	PR2-PR1	185	0.05	0	2938
atman	moderated	PR2-PR1	185	0.1	0	2938
atman	welch-t	PR2-PR1	185	0.01	0	2938
atman	welch-t	PR2-PR1	185	0.05	0	2938
atman	welch-t	PR2-PR1	185	0.1	0	2938
atman	paired-t	PR2-PR1	186	0.01	0	2938
atman	paired-t	PR2-PR1	186	0.05	0	2938
atman	paired-t	PR2-PR1	186	0.1	0	2938
atman	moderated	PR2-PR1	186	0.01	0	2938
atman	moderated	PR2-PR1	186	0.05	0	2938
atman	moderated	PR2-PR1	186	0.1	0	2938
atman	welch-t	PR2-PR1	186	0.01	0	2938
atman	welch-t	PR2-PR1	186	0.05	0	2938
atman	welch-t	PR2-PR1	186	0.1	0	2938
atman	paired-t	PR2-PR1	187	0.01	0	2938
atman	paired-t	PR2-PR1	187	0.05	0	2938
atman	paired-t	PR2-PR1	187	0.1	0	2938
atman	moderated	PR2-PR1	187	0.01	0	2938
atman	moderated	PR2-PR1	187	0.05	0	2938
atman	moderated	PR2-PR1	187	0.1	0	2938
atman	welch-t	PR2-PR1	187	0.01	0	2938
atman	welch-t	PR2-PR1	187	0.05	0	2938
atman	welch-t	PR2-PR1	187	0.1	0	2938
atman	paired-t	PR2-PR1	188	0.01	0	2938
atman	paired-t	PR2-PR1	188	0.05	122	2938
atman	paired-t	PR2-PR1	188	0.1	274	2938
atman	moderated	PR2-PR1	188	0.01	60	2938
atman	moderated	PR2-PR1	188	0.05	275	2938
atman	moderated	PR2-PR1	188	0.1	353	2938
atman	welch-t	PR2-PR1	188	0.01	0	2938
atman	welch-t	PR2-PR1	188	0.05	0	2938
atman	welch-t	PR2-PR1	188	0.1	0	2938
atman	paired-t	PR2-PR1	189	0.01	0	2938
atman	paired-t	PR2-PR1	189	0.05	0	2938
atman	paired-t	PR2-PR1	189	0.1	0	2938
atman	moderated	PR2-PR1	189	0.01	0	2938
atman	moderated	PR2-PR1	189	0.05	0	2938
atman	moderated	PR2-PR1	189	0.1	0	2938
atman	welch-t	PR2-PR1	189	0.01	0	2938
atman	welch-t	PR2-PR1	189	0.05	0	2938
atman	welch-t	PR2-PR1	189	0.1	0	2938
atman	paired-t	PR2-PR1	190	0.01	0	2938
atman	paired-t	PR2-PR1	190	0.05	0	2938
atman	paired-t	PR2-PR1	190	0.1	0	2938
atman	moderated	PR2-PR1	190	0.01	0	2938
atman	moderated	PR2-PR1	190	0.05	0	2938
atman	moderated	PR2-PR1	190	0.1	0	2938
atman	welch-t	PR2-PR1	190	0.01	0	2938
atman	welch-t	PR2-PR1	190	0.05	0	2938
atman	welch-t	PR2-PR1	190	0.1	0	2938
atman	paired-t	PR2-PR1	191	0.01	0	2938
atman	paired-t	PR2-PR1	191	0.05	0	2938
atman	paired-t	PR2-PR1	191	0.1	0	2938
atman	moderated	PR2-PR1	191	0.01	0	2938
atman	moderated	PR2-PR1	191	0.05	0	2938
atman	moderated	PR2-PR1	191	0.1	0	2938
atman	welch-t	PR2-PR1	191	0.01	0	2938
atman	welch-t	PR2-PR1	191	0.05	0	2938
atman	welch-t	PR2-PR1	191	0.1	0	2938
atman	paired-t	PR2-PR1	192	0.01	0	2938
atman	paired-t	PR2-PR1	192	0.05	0	2938
atman	paired-t	PR2-PR1	192	0.1	0	2938
atman	moderated	PR2-PR1	192	0.01	0	2938
atman	moderated	PR2-PR1	192	0.05	0	2938
atman	moderated	PR2-PR1	192	0.1	0	2938
atman	welch-t	PR2-PR1	192	0.01	0	2938
atman	welch-t	PR2-PR1	192	0.05	0	2938
atman	welch-t	PR2-PR1	192	0.1	0	2938
atman	paired-t	PR2-PR1	193	0.01	0	2938
atman	paired-t	PR2-PR1	193	0.05	0	2938
atman	paired-t	PR2-PR1	193	0.1	0	2938
atman	moderated	PR2-PR1	193	0.01	0	2938
atman	moderated	PR2-PR1	193	0.05	0	2938
atman	moderated	PR2-PR1	193	0.1	0	2938
atman	welch-t	PR2-PR1	193	0.01	0	2938
atman	welch-t	PR2-PR1	193	0.05	0	2938
atman	welch-t	PR2-PR1	193	0.1	0	2938
atman	paired-t	PR2-PR1	194	0.01	0	2938
atman	paired-t	PR2-PR1	194	0.05	0	2938
atman	paired-t	PR2-PR1	194	0.1	0	2938
atman	moderated	PR2-PR1	194	0.01	0	2938
atman	moderated	PR2-PR1	194	0.05	2	2938
atman	moderated	PR2-PR1	194	0.1	2	2938
atman	welch-t	PR2-PR1	194	0.01	0	2938
atman	welch-t	PR2-PR1	194	0.05	0	2938
atman	welch-t	PR2-PR1	194	0.1	0	2938
atman	paired-t	PR2-PR1	195	0.01	0	2938
atman	paired-t	PR2-PR1	195	0.05	0	2938
atman	paired-t	PR2-PR1	195	0.1	0	2938
atman	moderated	PR2-PR1	195	0.01	0	2938
atman	moderated	PR2-PR1	195	0.05	0	2938
atman	moderated	PR2-PR1	195	0.1	0	2938
atman	welch-t	PR2-PR1	195	0.01	0	2938
atman	welch-t	PR2-PR1	195	0.05	0	2938
atman	welch-t	PR2-PR1	195	0.1	0	2938
atman	paired-t	PR2-PR1	196	0.01	0	2938
atman	paired-t	PR2-PR1	196	0.05	0	2938
atman	paired-t	PR2-PR1	196	0.1	0	2938
atman	moderated	PR2-PR1	196	0.01	0	2938
atman	moderated	PR2-PR1	196	0.05	0	2938
atman	moderated	PR2-PR1	196	0.1	0	2938
atman	welch-t	PR2-PR1	196	0.01	0	2938
atman	welch-t	PR2-PR1	196	0.05	0	2938
atman	welch-t	PR2-PR1	196	0.1	0	2938
atman	paired-t	PR2-PR1	197	0.01	0	2938
atman	paired-t	PR2-PR1	197	0.05	0	2938
atman	paired-t	PR2-PR1	197	0.1	0	2938
atman	moderated	PR2-PR1	197	0.01	0	2938
atman	moderated	PR2-PR1	197	0.05	0	2938
atman	moderated	PR2-PR1	197	0.1	0	2938
atman	welch-t	PR2-PR1	197	0.01	0	2938
atman	welch-t	PR2-PR1	197	0.05	0	2938
atman	welch-t	PR2-PR1	197	0.1	0	2938
atman	paired-t	PR2-PR1	198	0.01	0	2938
atman	paired-t	PR2-PR1	198	0.05	0	2938
atman	paired-t	PR2-PR1	198	0.1	0	2938
atman	moderated	PR2-PR1	198	0.01	0	2938
atman	moderated	PR2-PR1	198	0.05	0	2938
atman	moderated	PR2-PR1	198	0.1	0	2938
atman	welch-t	PR2-PR1	198	0.01	0	2938
atman	welch-t	PR2-PR1	198	0.05	0	2938
atman	welch-t	PR2-PR1	198	0.1	0	2938
atman	paired-t	PR2-PR1	199	0.01	0	2938
atman	paired-t	PR2-PR1	199	0.05	0	2938
atman	paired-t	PR2-PR1	199	0.1	0	2938
atman	moderated	PR2-PR1	199	0.01	0	2938
atman	moderated	PR2-PR1	199	0.05	0	2938
atman	moderated	PR2-PR1	199	0.1	0	2938
atman	welch-t	PR2-PR1	199	0.01	0	2938
atman	welch-t	PR2-PR1	199	0.05	0	2938
atman	welch-t	PR2-PR1	199	0.1	0	2938
limma	eBayes	PT1-PR1	0	0.01	0	1996
limma	eBayes	PT1-PR1	0	0.05	0	1996
limma	eBayes	PT1-PR1	0	0.1	0	1996
limma	eBayes	PT1-PR1	1	0.01	0	1996
limma	eBayes	PT1-PR1	1	0.05	0	1996
limma	eBayes	PT1-PR1	1	0.1	0	1996
limma	eBayes	PT1-PR1	2	0.01	0	1996
limma	eBayes	PT1-PR1	2	0.05	0	1996
limma	eBayes	PT1-PR1	2	0.1	0	1996
limma	eBayes	PT1-PR1	3	0.01	0	1996
limma	eBayes	PT1-PR1	3	0.05	0	1996
limma	eBayes	PT1-PR1	3	0.1	0	1996
limma	eBayes	PT1-PR1	4	0.01	0	1996
limma	eBayes	PT1-PR1	4	0.05	0	1996
limma	eBayes	PT1-PR1	4	0.1	0	1996
limma	eBayes	PT1-PR1	5	0.01	0	1996
limma	eBayes	PT1-PR1	5	0.05	0	1996
limma	eBayes	PT1-PR1	5	0.1	1	1996
limma	eBayes	PT1-PR1	6	0.01	0	1996
limma	eBayes	PT1-PR1	6	0.05	0	1996
limma	eBayes	PT1-PR1	6	0.1	0	1996
limma	eBayes	PT1-PR1	7	0.01	0	1996
limma	eBayes	PT1-PR1	7	0.05	1	1996
limma	eBayes	PT1-PR1	7	0.1	1	1996
limma	eBayes	PT1-PR1	8	0.01	0	1996
limma	eBayes	PT1-PR1	8	0.05	0	1996
limma	eBayes	PT1-PR1	8	0.1	0	1996
limma	eBayes	PT1-PR1	9	0.01	0	1996
limma	eBayes	PT1-PR1	9	0.05	0	1996
limma	eBayes	PT1-PR1	9	0.1	0	1996
limma	eBayes	PT1-PR1	10	0.01	0	1996
limma	eBayes	PT1-PR1	10	0.05	0	1996
limma	eBayes	PT1-PR1	10	0.1	0	1996
limma	eBayes	PT1-PR1	11	0.01	0	1996
limma	eBayes	PT1-PR1	11	0.05	0	1996
limma	eBayes	PT1-PR1	11	0.1	0	1996
limma	eBayes	PT1-PR1	12	0.01	0	1996
limma	eBayes	PT1-PR1	12	0.05	0	1996
limma	eBayes	PT1-PR1	12	0.1	0	1996
limma	eBayes	PT1-PR1	13	0.01	0	1996
limma	eBayes	PT1-PR1	13	0.05	0	1996
limma	eBayes	PT1-PR1	13	0.1	26	1996
limma	eBayes	PT1-PR1	14	0.01	0	1996
limma	eBayes	PT1-PR1	14	0.05	0	1996
limma	eBayes	PT1-PR1	14	0.1	0	1996
limma	eBayes	PT1-PR1	15	0.01	0	1996
limma	eBayes	PT1-PR1	15	0.05	0	1996
limma	eBayes	PT1-PR1	15	0.1	0	1996
limma	eBayes	PT1-PR1	16	0.01	0	1996
limma	eBayes	PT1-PR1	16	0.05	0	1996
limma	eBayes	PT1-PR1	16	0.1	0	1996
limma	eBayes	PT1-PR1	17	0.01	0	1996
limma	eBayes	PT1-PR1	17	0.05	0	1996
limma	eBayes	PT1-PR1	17	0.1	0	1996
limma	eBayes	PT1-PR1	18	0.01	0	1996
limma	eBayes	PT1-PR1	18	0.05	0	1996
limma	eBayes	PT1-PR1	18	0.1	0	1996
limma	eBayes	PT1-PR1	19	0.01	0	1996
limma	eBayes	PT1-PR1	19	0.05	0	1996
limma	eBayes	PT1-PR1	19	0.1	0	1996
limma	eBayes	PT1-PR1	20	0.01	0	1996
limma	eBayes	PT1-PR1	20	0.05	0	1996
limma	eBayes	PT1-PR1	20	0.1	0	1996
limma	eBayes	PT1-PR1	21	0.01	0	1996
limma	eBayes	PT1-PR1	21	0.05	0	1996
limma	eBayes	PT1-PR1	21	0.1	0	1996
limma	eBayes	PT1-PR1	22	0.01	0	1996
limma	eBayes	PT1-PR1	22	0.05	0	1996
limma	eBayes	PT1-PR1	22	0.1	0	1996
limma	eBayes	PT1-PR1	23	0.01	0	1996
limma	eBayes	PT1-PR1	23	0.05	0	1996
limma	eBayes	PT1-PR1	23	0.1	0	1996
limma	eBayes	PT1-PR1	24	0.01	0	1996
limma	eBayes	PT1-PR1	24	0.05	0	1996
limma	eBayes	PT1-PR1	24	0.1	0	1996
limma	eBayes	PT1-PR1	25	0.01	0	1996
limma	eBayes	PT1-PR1	25	0.05	0	1996
limma	eBayes	PT1-PR1	25	0.1	0	1996
limma	eBayes	PT1-PR1	26	0.01	0	1996
limma	eBayes	PT1-PR1	26	0.05	0	1996
limma	eBayes	PT1-PR1	26	0.1	0	1996
limma	eBayes	PT1-PR1	27	0.01	0	1996
limma	eBayes	PT1-PR1	27	0.05	0	1996
limma	eBayes	PT1-PR1	27	0.1	0	1996
limma	eBayes	PT1-PR1	28	0.01	0	1996
limma	eBayes	PT1-PR1	28	0.05	0	1996
limma	eBayes	PT1-PR1	28	0.1	0	1996
limma	eBayes	PT1-PR1	29	0.01	0	1996
limma	eBayes	PT1-PR1	29	0.05	0	1996
limma	eBayes	PT1-PR1	29	0.1	0	1996
limma	eBayes	PT1-PR1	30	0.01	0	1996
limma	eBayes	PT1-PR1	30	0.05	0	1996
limma	eBayes	PT1-PR1	30	0.1	0	1996
limma	eBayes	PT1-PR1	31	0.01	0	1996
limma	eBayes	PT1-PR1	31	0.05	0	1996
limma	eBayes	PT1-PR1	31	0.1	2	1996
limma	eBayes	PT1-PR1	32	0.01	0	1996
limma	eBayes	PT1-PR1	32	0.05	1	1996
limma	eBayes	PT1-PR1	32	0.1	1	1996
limma	eBayes	PT1-PR1	33	0.01	0	1996
limma	eBayes	PT1-PR1	33	0.05	0	1996
limma	eBayes	PT1-PR1	33	0.1	0	1996
limma	eBayes	PT1-PR1	34	0.01	0	1996
limma	eBayes	PT1-PR1	34	0.05	0	1996
limma	eBayes	PT1-PR1	34	0.1	0	1996
limma	eBayes	PT1-PR1	35	0.01	0	1996
limma	eBayes	PT1-PR1	35	0.05	0	1996
limma	eBayes	PT1-PR1	35	0.1	0	1996
limma	eBayes	PT1-PR1	36	0.01	0	1996
limma	eBayes	PT1-PR1	36	0.05	0	1996
limma	eBayes	PT1-PR1	36	0.1	0	1996
limma	eBayes	PT1-PR1	37	0.01	0	1996
limma	eBayes	PT1-PR1	37	0.05	0	1996
limma	eBayes	PT1-PR1	37	0.1	0	1996
limma	eBayes	PT1-PR1	38	0.01	0	1996
limma	eBayes	PT1-PR1	38	0.05	0	1996
limma	eBayes	PT1-PR1	38	0.1	0	1996
limma	eBayes	PT1-PR1	39	0.01	0	1996
limma	eBayes	PT1-PR1	39	0.05	0	1996
limma	eBayes	PT1-PR1	39	0.1	0	1996
limma	eBayes	PT1-PR1	40	0.01	0	1996
limma	eBayes	PT1-PR1	40	0.05	0	1996
limma	eBayes	PT1-PR1	40	0.1	0	1996
limma	eBayes	PT1-PR1	41	0.01	0	1996
limma	eBayes	PT1-PR1	41	0.05	0	1996
limma	eBayes	PT1-PR1	41	0.1	0	1996
limma	eBayes	PT1-PR1	42	0.01	0	1996
limma	eBayes	PT1-PR1	42	0.05	0	1996
limma	eBayes	PT1-PR1	42	0.1	0	1996
limma	eBayes	PT1-PR1	43	0.01	0	1996
limma	eBayes	PT1-PR1	43	0.05	0	1996
limma	eBayes	PT1-PR1	43	0.1	0	1996
limma	eBayes	PT1-PR1	44	0.01	0	1996
limma	eBayes	PT1-PR1	44	0.05	0	1996
limma	eBayes	PT1-PR1	44	0.1	0	1996
limma	eBayes	PT1-PR1	45	0.01	0	1996
limma	eBayes	PT1-PR1	45	0.05	0	1996
limma	eBayes	PT1-PR1	45	0.1	0	1996
limma	eBayes	PT1-PR1	46	0.01	0	1996
limma	eBayes	PT1-PR1	46	0.05	0	1996
limma	eBayes	PT1-PR1	46	0.1	0	1996
limma	eBayes	PT1-PR1	47	0.01	0	1996
limma	eBayes	PT1-PR1	47	0.05	0	1996
limma	eBayes	PT1-PR1	47	0.1	0	1996
limma	eBayes	PT1-PR1	48	0.01	0	1996
limma	eBayes	PT1-PR1	48	0.05	0	1996
limma	eBayes	PT1-PR1	48	0.1	0	1996
limma	eBayes	PT1-PR1	49	0.01	0	1996
limma	eBayes	PT1-PR1	49	0.05	0	1996
limma	eBayes	PT1-PR1	49	0.1	0	1996
limma	eBayes	PT1-PR1	50	0.01	0	1996
limma	eBayes	PT1-PR1	50	0.05	0	1996
limma	eBayes	PT1-PR1	50	0.1	0	1996
limma	eBayes	PT1-PR1	51	0.01	0	1996
limma	eBayes	PT1-PR1	51	0.05	0	1996
limma	eBayes	PT1-PR1	51	0.1	0	1996
limma	eBayes	PT1-PR1	52	0.01	0	1996
limma	eBayes	PT1-PR1	52	0.05	0	1996
limma	eBayes	PT1-PR1	52	0.1	0	1996
limma	eBayes	PT1-PR1	53	0.01	0	1996
limma	eBayes	PT1-PR1	53	0.05	0	1996
limma	eBayes	PT1-PR1	53	0.1	0	1996
limma	eBayes	PT1-PR1	54	0.01	0	1996
limma	eBayes	PT1-PR1	54	0.05	0	1996
limma	eBayes	PT1-PR1	54	0.1	0	1996
limma	eBayes	PT1-PR1	55	0.01	0	1996
limma	eBayes	PT1-PR1	55	0.05	0	1996
limma	eBayes	PT1-PR1	55	0.1	0	1996
limma	eBayes	PT1-PR1	56	0.01	0	1996
limma	eBayes	PT1-PR1	56	0.05	0	1996
limma	eBayes	PT1-PR1	56	0.1	0	1996
limma	eBayes	PT1-PR1	57	0.01	0	1996
limma	eBayes	PT1-PR1	57	0.05	0	1996
limma	eBayes	PT1-PR1	57	0.1	0	1996
limma	eBayes	PT1-PR1	58	0.01	0	1996
limma	eBayes	PT1-PR1	58	0.05	0	1996
limma	eBayes	PT1-PR1	58	0.1	0	1996
limma	eBayes	PT1-PR1	59	0.01	0	1996
limma	eBayes	PT1-PR1	59	0.05	0	1996
limma	eBayes	PT1-PR1	59	0.1	0	1996
limma	eBayes	PT1-PR1	60	0.01	0	1996
limma	eBayes	PT1-PR1	60	0.05	0	1996
limma	eBayes	PT1-PR1	60	0.1	0	1996
limma	eBayes	PT1-PR1	61	0.01	0	1996
limma	eBayes	PT1-PR1	61	0.05	0	1996
limma	eBayes	PT1-PR1	61	0.1	0	1996
limma	eBayes	PT1-PR1	62	0.01	0	1996
limma	eBayes	PT1-PR1	62	0.05	0	1996
limma	eBayes	PT1-PR1	62	0.1	0	1996
limma	eBayes	PT1-PR1	63	0.01	0	1996
limma	eBayes	PT1-PR1	63	0.05	1	1996
limma	eBayes	PT1-PR1	63	0.1	1	1996
limma	eBayes	PT1-PR1	64	0.01	0	1996
limma	eBayes	PT1-PR1	64	0.05	0	1996
limma	eBayes	PT1-PR1	64	0.1	0	1996
limma	eBayes	PT1-PR1	65	0.01	0	1996
limma	eBayes	PT1-PR1	65	0.05	0	1996
limma	eBayes	PT1-PR1	65	0.1	0	1996
limma	eBayes	PT1-PR1	66	0.01	0	1996
limma	eBayes	PT1-PR1	66	0.05	0	1996
limma	eBayes	PT1-PR1	66	0.1	0	1996
limma	eBayes	PT1-PR1	67	0.01	0	1996
limma	eBayes	PT1-PR1	67	0.05	0	1996
limma	eBayes	PT1-PR1	67	0.1	0	1996
limma	eBayes	PT1-PR1	68	0.01	0	1996
limma	eBayes	PT1-PR1	68	0.05	0	1996
limma	eBayes	PT1-PR1	68	0.1	0	1996
limma	eBayes	PT1-PR1	69	0.01	0	1996
limma	eBayes	PT1-PR1	69	0.05	0	1996
limma	eBayes	PT1-PR1	69	0.1	0	1996
limma	eBayes	PT1-PR1	70	0.01	0	1996
limma	eBayes	PT1-PR1	70	0.05	0	1996
limma	eBayes	PT1-PR1	70	0.1	0	1996
limma	eBayes	PT1-PR1	71	0.01	0	1996
limma	eBayes	PT1-PR1	71	0.05	0	1996
limma	eBayes	PT1-PR1	71	0.1	0	1996
limma	eBayes	PT1-PR1	72	0.01	0	1996
limma	eBayes	PT1-PR1	72	0.05	0	1996
limma	eBayes	PT1-PR1	72	0.1	0	1996
limma	eBayes	PT1-PR1	73	0.01	0	1996
limma	eBayes	PT1-PR1	73	0.05	0	1996
limma	eBayes	PT1-PR1	73	0.1	0	1996
limma	eBayes	PT1-PR1	74	0.01	0	1996
limma	eBayes	PT1-PR1	74	0.05	0	1996
limma	eBayes	PT1-PR1	74	0.1	0	1996
limma	eBayes	PT1-PR1	75	0.01	0	1996
limma	eBayes	PT1-PR1	75	0.05	0	1996
limma	eBayes	PT1-PR1	75	0.1	0	1996
limma	eBayes	PT1-PR1	76	0.01	0	1996
limma	eBayes	PT1-PR1	76	0.05	0	1996
limma	eBayes	PT1-PR1	76	0.1	0	1996
limma	eBayes	PT1-PR1	77	0.01	0	1996
limma	eBayes	PT1-PR1	77	0.05	0	1996
limma	eBayes	PT1-PR1	77	0.1	0	1996
limma	eBayes	PT1-PR1	78	0.01	0	1996
limma	eBayes	PT1-PR1	78	0.05	0	1996
limma	eBayes	PT1-PR1	78	0.1	0	1996
limma	eBayes	PT1-PR1	79	0.01	0	1996
limma	eBayes	PT1-PR1	79	0.05	0	1996
limma	eBayes	PT1-PR1	79	0.1	0	1996
limma	eBayes	PT1-PR1	80	0.01	0	1996
limma	eBayes	PT1-PR1	80	0.05	0	1996
limma	eBayes	PT1-PR1	80	0.1	0	1996
limma	eBayes	PT1-PR1	81	0.01	0	1996
limma	eBayes	PT1-PR1	81	0.05	0	1996
limma	eBayes	PT1-PR1	81	0.1	0	1996
limma	eBayes	PT1-PR1	82	0.01	0	1996
limma	eBayes	PT1-PR1	82	0.05	0	1996
limma	eBayes	PT1-PR1	82	0.1	0	1996
limma	eBayes	PT1-PR1	83	0.01	0	1996
limma	eBayes	PT1-PR1	83	0.05	0	1996
limma	eBayes	PT1-PR1	83	0.1	0	1996
limma	eBayes	PT1-PR1	84	0.01	0	1996
limma	eBayes	PT1-PR1	84	0.05	0	1996
limma	eBayes	PT1-PR1	84	0.1	0	1996
limma	eBayes	PT1-PR1	85	0.01	0	1996
limma	eBayes	PT1-PR1	85	0.05	0	1996
limma	eBayes	PT1-PR1	85	0.1	0	1996
limma	eBayes	PT1-PR1	86	0.01	0	1996
limma	eBayes	PT1-PR1	86	0.05	0	1996
limma	eBayes	PT1-PR1	86	0.1	0	1996
limma	eBayes	PT1-PR1	87	0.01	0	1996
limma	eBayes	PT1-PR1	87	0.05	0	1996
limma	eBayes	PT1-PR1	87	0.1	0	1996
limma	eBayes	PT1-PR1	88	0.01	0	1996
limma	eBayes	PT1-PR1	88	0.05	0	1996
limma	eBayes	PT1-PR1	88	0.1	0	1996
limma	eBayes	PT1-PR1	89	0.01	0	1996
limma	eBayes	PT1-PR1	89	0.05	0	1996
limma	eBayes	PT1-PR1	89	0.1	0	1996
limma	eBayes	PT1-PR1	90	0.01	0	1996
limma	eBayes	PT1-PR1	90	0.05	0	1996
limma	eBayes	PT1-PR1	90	0.1	0	1996
limma	eBayes	PT1-PR1	91	0.01	0	1996
limma	eBayes	PT1-PR1	91	0.05	0	1996
limma	eBayes	PT1-PR1	91	0.1	0	1996
limma	eBayes	PT1-PR1	92	0.01	0	1996
limma	eBayes	PT1-PR1	92	0.05	0	1996
limma	eBayes	PT1-PR1	92	0.1	0	1996
limma	eBayes	PT1-PR1	93	0.01	0	1996
limma	eBayes	PT1-PR1	93	0.05	0	1996
limma	eBayes	PT1-PR1	93	0.1	0	1996
limma	eBayes	PT1-PR1	94	0.01	0	1996
limma	eBayes	PT1-PR1	94	0.05	0	1996
limma	eBayes	PT1-PR1	94	0.1	0	1996
limma	eBayes	PT1-PR1	95	0.01	0	1996
limma	eBayes	PT1-PR1	95	0.05	0	1996
limma	eBayes	PT1-PR1	95	0.1	0	1996
limma	eBayes	PT1-PR1	96	0.01	0	1996
limma	eBayes	PT1-PR1	96	0.05	0	1996
limma	eBayes	PT1-PR1	96	0.1	0	1996
limma	eBayes	PT1-PR1	97	0.01	0	1996
limma	eBayes	PT1-PR1	97	0.05	0	1996
limma	eBayes	PT1-PR1	97	0.1	0	1996
limma	eBayes	PT1-PR1	98	0.01	0	1996
limma	eBayes	PT1-PR1	98	0.05	0	1996
limma	eBayes	PT1-PR1	98	0.1	0	1996
limma	eBayes	PT1-PR1	99	0.01	0	1996
limma	eBayes	PT1-PR1	99	0.05	0	1996
limma	eBayes	PT1-PR1	99	0.1	0	1996
limma	eBayes	PT1-PR1	100	0.01	0	1996
limma	eBayes	PT1-PR1	100	0.05	0	1996
limma	eBayes	PT1-PR1	100	0.1	0	1996
limma	eBayes	PT1-PR1	101	0.01	0	1996
limma	eBayes	PT1-PR1	101	0.05	0	1996
limma	eBayes	PT1-PR1	101	0.1	0	1996
limma	eBayes	PT1-PR1	102	0.01	0	1996
limma	eBayes	PT1-PR1	102	0.05	0	1996
limma	eBayes	PT1-PR1	102	0.1	0	1996
limma	eBayes	PT1-PR1	103	0.01	0	1996
limma	eBayes	PT1-PR1	103	0.05	0	1996
limma	eBayes	PT1-PR1	103	0.1	0	1996
limma	eBayes	PT1-PR1	104	0.01	0	1996
limma	eBayes	PT1-PR1	104	0.05	0	1996
limma	eBayes	PT1-PR1	104	0.1	0	1996
limma	eBayes	PT1-PR1	105	0.01	0	1996
limma	eBayes	PT1-PR1	105	0.05	1	1996
limma	eBayes	PT1-PR1	105	0.1	1	1996
limma	eBayes	PT1-PR1	106	0.01	0	1996
limma	eBayes	PT1-PR1	106	0.05	0	1996
limma	eBayes	PT1-PR1	106	0.1	0	1996
limma	eBayes	PT1-PR1	107	0.01	0	1996
limma	eBayes	PT1-PR1	107	0.05	0	1996
limma	eBayes	PT1-PR1	107	0.1	0	1996
limma	eBayes	PT1-PR1	108	0.01	0	1996
limma	eBayes	PT1-PR1	108	0.05	0	1996
limma	eBayes	PT1-PR1	108	0.1	0	1996
limma	eBayes	PT1-PR1	109	0.01	0	1996
limma	eBayes	PT1-PR1	109	0.05	0	1996
limma	eBayes	PT1-PR1	109	0.1	0	1996
limma	eBayes	PT1-PR1	110	0.01	0	1996
limma	eBayes	PT1-PR1	110	0.05	0	1996
limma	eBayes	PT1-PR1	110	0.1	0	1996
limma	eBayes	PT1-PR1	111	0.01	0	1996
limma	eBayes	PT1-PR1	111	0.05	0	1996
limma	eBayes	PT1-PR1	111	0.1	0	1996
limma	eBayes	PT1-PR1	112	0.01	0	1996
limma	eBayes	PT1-PR1	112	0.05	0	1996
limma	eBayes	PT1-PR1	112	0.1	0	1996
limma	eBayes	PT1-PR1	113	0.01	0	1996
limma	eBayes	PT1-PR1	113	0.05	0	1996
limma	eBayes	PT1-PR1	113	0.1	0	1996
limma	eBayes	PT1-PR1	114	0.01	0	1996
limma	eBayes	PT1-PR1	114	0.05	0	1996
limma	eBayes	PT1-PR1	114	0.1	0	1996
limma	eBayes	PT1-PR1	115	0.01	0	1996
limma	eBayes	PT1-PR1	115	0.05	0	1996
limma	eBayes	PT1-PR1	115	0.1	0	1996
limma	eBayes	PT1-PR1	116	0.01	0	1996
limma	eBayes	PT1-PR1	116	0.05	0	1996
limma	eBayes	PT1-PR1	116	0.1	0	1996
limma	eBayes	PT1-PR1	117	0.01	0	1996
limma	eBayes	PT1-PR1	117	0.05	0	1996
limma	eBayes	PT1-PR1	117	0.1	0	1996
limma	eBayes	PT1-PR1	118	0.01	0	1996
limma	eBayes	PT1-PR1	118	0.05	0	1996
limma	eBayes	PT1-PR1	118	0.1	0	1996
limma	eBayes	PT1-PR1	119	0.01	0	1996
limma	eBayes	PT1-PR1	119	0.05	0	1996
limma	eBayes	PT1-PR1	119	0.1	0	1996
limma	eBayes	PT1-PR1	120	0.01	0	1996
limma	eBayes	PT1-PR1	120	0.05	0	1996
limma	eBayes	PT1-PR1	120	0.1	0	1996
limma	eBayes	PT1-PR1	121	0.01	0	1996
limma	eBayes	PT1-PR1	121	0.05	0	1996
limma	eBayes	PT1-PR1	121	0.1	0	1996
limma	eBayes	PT1-PR1	122	0.01	0	1996
limma	eBayes	PT1-PR1	122	0.05	0	1996
limma	eBayes	PT1-PR1	122	0.1	0	1996
limma	eBayes	PT1-PR1	123	0.01	0	1996
limma	eBayes	PT1-PR1	123	0.05	0	1996
limma	eBayes	PT1-PR1	123	0.1	0	1996
limma	eBayes	PT1-PR1	124	0.01	0	1996
limma	eBayes	PT1-PR1	124	0.05	0	1996
limma	eBayes	PT1-PR1	124	0.1	0	1996
limma	eBayes	PT1-PR1	125	0.01	0	1996
limma	eBayes	PT1-PR1	125	0.05	0	1996
limma	eBayes	PT1-PR1	125	0.1	0	1996
limma	eBayes	PT1-PR1	126	0.01	0	1996
limma	eBayes	PT1-PR1	126	0.05	0	1996
limma	eBayes	PT1-PR1	126	0.1	0	1996
limma	eBayes	PT1-PR1	127	0.01	0	1996
limma	eBayes	PT1-PR1	127	0.05	0	1996
limma	eBayes	PT1-PR1	127	0.1	0	1996
limma	eBayes	PT1-PR1	128	0.01	0	1996
limma	eBayes	PT1-PR1	128	0.05	0	1996
limma	eBayes	PT1-PR1	128	0.1	0	1996
limma	eBayes	PT1-PR1	129	0.01	0	1996
limma	eBayes	PT1-PR1	129	0.05	0	1996
limma	eBayes	PT1-PR1	129	0.1	0	1996
limma	eBayes	PT1-PR1	130	0.01	0	1996
limma	eBayes	PT1-PR1	130	0.05	0	1996
limma	eBayes	PT1-PR1	130	0.1	0	1996
limma	eBayes	PT1-PR1	131	0.01	0	1996
limma	eBayes	PT1-PR1	131	0.05	0	1996
limma	eBayes	PT1-PR1	131	0.1	0	1996
limma	eBayes	PT1-PR1	132	0.01	0	1996
limma	eBayes	PT1-PR1	132	0.05	0	1996
limma	eBayes	PT1-PR1	132	0.1	0	1996
limma	eBayes	PT1-PR1	133	0.01	0	1996
limma	eBayes	PT1-PR1	133	0.05	0	1996
limma	eBayes	PT1-PR1	133	0.1	0	1996
limma	eBayes	PT1-PR1	134	0.01	0	1996
limma	eBayes	PT1-PR1	134	0.05	0	1996
limma	eBayes	PT1-PR1	134	0.1	0	1996
limma	eBayes	PT1-PR1	135	0.01	0	1996
limma	eBayes	PT1-PR1	135	0.05	0	1996
limma	eBayes	PT1-PR1	135	0.1	0	1996
limma	eBayes	PT1-PR1	136	0.01	0	1996
limma	eBayes	PT1-PR1	136	0.05	0	1996
limma	eBayes	PT1-PR1	136	0.1	0	1996
limma	eBayes	PT1-PR1	137	0.01	0	1996
limma	eBayes	PT1-PR1	137	0.05	0	1996
limma	eBayes	PT1-PR1	137	0.1	0	1996
limma	eBayes	PT1-PR1	138	0.01	0	1996
limma	eBayes	PT1-PR1	138	0.05	0	1996
limma	eBayes	PT1-PR1	138	0.1	0	1996
limma	eBayes	PT1-PR1	139	0.01	0	1996
limma	eBayes	PT1-PR1	139	0.05	0	1996
limma	eBayes	PT1-PR1	139	0.1	0	1996
limma	eBayes	PT1-PR1	140	0.01	0	1996
limma	eBayes	PT1-PR1	140	0.05	0	1996
limma	eBayes	PT1-PR1	140	0.1	0	1996
limma	eBayes	PT1-PR1	141	0.01	0	1996
limma	eBayes	PT1-PR1	141	0.05	0	1996
limma	eBayes	PT1-PR1	141	0.1	0	1996
limma	eBayes	PT1-PR1	142	0.01	0	1996
limma	eBayes	PT1-PR1	142	0.05	0	1996
limma	eBayes	PT1-PR1	142	0.1	0	1996
limma	eBayes	PT1-PR1	143	0.01	0	1996
limma	eBayes	PT1-PR1	143	0.05	0	1996
limma	eBayes	PT1-PR1	143	0.1	0	1996
limma	eBayes	PT1-PR1	144	0.01	0	1996
limma	eBayes	PT1-PR1	144	0.05	0	1996
limma	eBayes	PT1-PR1	144	0.1	0	1996
limma	eBayes	PT1-PR1	145	0.01	0	1996
limma	eBayes	PT1-PR1	145	0.05	0	1996
limma	eBayes	PT1-PR1	145	0.1	0	1996
limma	eBayes	PT1-PR1	146	0.01	0	1996
limma	eBayes	PT1-PR1	146	0.05	0	1996
limma	eBayes	PT1-PR1	146	0.1	0	1996
limma	eBayes	PT1-PR1	147	0.01	0	1996
limma	eBayes	PT1-PR1	147	0.05	0	1996
limma	eBayes	PT1-PR1	147	0.1	0	1996
limma	eBayes	PT1-PR1	148	0.01	0	1996
limma	eBayes	PT1-PR1	148	0.05	0	1996
limma	eBayes	PT1-PR1	148	0.1	0	1996
limma	eBayes	PT1-PR1	149	0.01	0	1996
limma	eBayes	PT1-PR1	149	0.05	0	1996
limma	eBayes	PT1-PR1	149	0.1	0	1996
limma	eBayes	PT1-PR1	150	0.01	0	1996
limma	eBayes	PT1-PR1	150	0.05	0	1996
limma	eBayes	PT1-PR1	150	0.1	0	1996
limma	eBayes	PT1-PR1	151	0.01	0	1996
limma	eBayes	PT1-PR1	151	0.05	0	1996
limma	eBayes	PT1-PR1	151	0.1	0	1996
limma	eBayes	PT1-PR1	152	0.01	0	1996
limma	eBayes	PT1-PR1	152	0.05	0	1996
limma	eBayes	PT1-PR1	152	0.1	0	1996
limma	eBayes	PT1-PR1	153	0.01	0	1996
limma	eBayes	PT1-PR1	153	0.05	0	1996
limma	eBayes	PT1-PR1	153	0.1	0	1996
limma	eBayes	PT1-PR1	154	0.01	0	1996
limma	eBayes	PT1-PR1	154	0.05	0	1996
limma	eBayes	PT1-PR1	154	0.1	0	1996
limma	eBayes	PT1-PR1	155	0.01	0	1996
limma	eBayes	PT1-PR1	155	0.05	1	1996
limma	eBayes	PT1-PR1	155	0.1	1	1996
limma	eBayes	PT1-PR1	156	0.01	0	1996
limma	eBayes	PT1-PR1	156	0.05	0	1996
limma	eBayes	PT1-PR1	156	0.1	0	1996
limma	eBayes	PT1-PR1	157	0.01	0	1996
limma	eBayes	PT1-PR1	157	0.05	0	1996
limma	eBayes	PT1-PR1	157	0.1	0	1996
limma	eBayes	PT1-PR1	158	0.01	0	1996
limma	eBayes	PT1-PR1	158	0.05	0	1996
limma	eBayes	PT1-PR1	158	0.1	0	1996
limma	eBayes	PT1-PR1	159	0.01	0	1996
limma	eBayes	PT1-PR1	159	0.05	0	1996
limma	eBayes	PT1-PR1	159	0.1	0	1996
limma	eBayes	PT1-PR1	160	0.01	0	1996
limma	eBayes	PT1-PR1	160	0.05	0	1996
limma	eBayes	PT1-PR1	160	0.1	0	1996
limma	eBayes	PT1-PR1	161	0.01	0	1996
limma	eBayes	PT1-PR1	161	0.05	0	1996
limma	eBayes	PT1-PR1	161	0.1	0	1996
limma	eBayes	PT1-PR1	162	0.01	0	1996
limma	eBayes	PT1-PR1	162	0.05	0	1996
limma	eBayes	PT1-PR1	162	0.1	0	1996
limma	eBayes	PT1-PR1	163	0.01	0	1996
limma	eBayes	PT1-PR1	163	0.05	0	1996
limma	eBayes	PT1-PR1	163	0.1	0	1996
limma	eBayes	PT1-PR1	164	0.01	0	1996
limma	eBayes	PT1-PR1	164	0.05	0	1996
limma	eBayes	PT1-PR1	164	0.1	0	1996
limma	eBayes	PT1-PR1	165	0.01	0	1996
limma	eBayes	PT1-PR1	165	0.05	0	1996
limma	eBayes	PT1-PR1	165	0.1	0	1996
limma	eBayes	PT1-PR1	166	0.01	0	1996
limma	eBayes	PT1-PR1	166	0.05	0	1996
limma	eBayes	PT1-PR1	166	0.1	0	1996
limma	eBayes	PT1-PR1	167	0.01	0	1996
limma	eBayes	PT1-PR1	167	0.05	0	1996
limma	eBayes	PT1-PR1	167	0.1	0	1996
limma	eBayes	PT1-PR1	168	0.01	0	1996
limma	eBayes	PT1-PR1	168	0.05	0	1996
limma	eBayes	PT1-PR1	168	0.1	0	1996
limma	eBayes	PT1-PR1	169	0.01	0	1996
limma	eBayes	PT1-PR1	169	0.05	0	1996
limma	eBayes	PT1-PR1	169	0.1	0	1996
limma	eBayes	PT1-PR1	170	0.01	0	1996
limma	eBayes	PT1-PR1	170	0.05	0	1996
limma	eBayes	PT1-PR1	170	0.1	0	1996
limma	eBayes	PT1-PR1	171	0.01	0	1996
limma	eBayes	PT1-PR1	171	0.05	0	1996
limma	eBayes	PT1-PR1	171	0.1	0	1996
limma	eBayes	PT1-PR1	172	0.01	0	1996
limma	eBayes	PT1-PR1	172	0.05	0	1996
limma	eBayes	PT1-PR1	172	0.1	0	1996
limma	eBayes	PT1-PR1	173	0.01	0	1996
limma	eBayes	PT1-PR1	173	0.05	0	1996
limma	eBayes	PT1-PR1	173	0.1	0	1996
limma	eBayes	PT1-PR1	174	0.01	0	1996
limma	eBayes	PT1-PR1	174	0.05	0	1996
limma	eBayes	PT1-PR1	174	0.1	0	1996
limma	eBayes	PT1-PR1	175	0.01	0	1996
limma	eBayes	PT1-PR1	175	0.05	0	1996
limma	eBayes	PT1-PR1	175	0.1	0	1996
limma	eBayes	PT1-PR1	176	0.01	0	1996
limma	eBayes	PT1-PR1	176	0.05	0	1996
limma	eBayes	PT1-PR1	176	0.1	0	1996
limma	eBayes	PT1-PR1	177	0.01	0	1996
limma	eBayes	PT1-PR1	177	0.05	0	1996
limma	eBayes	PT1-PR1	177	0.1	0	1996
limma	eBayes	PT1-PR1	178	0.01	0	1996
limma	eBayes	PT1-PR1	178	0.05	0	1996
limma	eBayes	PT1-PR1	178	0.1	0	1996
limma	eBayes	PT1-PR1	179	0.01	0	1996
limma	eBayes	PT1-PR1	179	0.05	0	1996
limma	eBayes	PT1-PR1	179	0.1	0	1996
limma	eBayes	PT1-PR1	180	0.01	0	1996
limma	eBayes	PT1-PR1	180	0.05	0	1996
limma	eBayes	PT1-PR1	180	0.1	0	1996
limma	eBayes	PT1-PR1	181	0.01	0	1996
limma	eBayes	PT1-PR1	181	0.05	0	1996
limma	eBayes	PT1-PR1	181	0.1	0	1996
limma	eBayes	PT1-PR1	182	0.01	0	1996
limma	eBayes	PT1-PR1	182	0.05	0	1996
limma	eBayes	PT1-PR1	182	0.1	0	1996
limma	eBayes	PT1-PR1	183	0.01	0	1996
limma	eBayes	PT1-PR1	183	0.05	0	1996
limma	eBayes	PT1-PR1	183	0.1	0	1996
limma	eBayes	PT1-PR1	184	0.01	0	1996
limma	eBayes	PT1-PR1	184	0.05	1	1996
limma	eBayes	PT1-PR1	184	0.1	1	1996
limma	eBayes	PT1-PR1	185	0.01	0	1996
limma	eBayes	PT1-PR1	185	0.05	0	1996
limma	eBayes	PT1-PR1	185	0.1	0	1996
limma	eBayes	PT1-PR1	186	0.01	0	1996
limma	eBayes	PT1-PR1	186	0.05	0	1996
limma	eBayes	PT1-PR1	186	0.1	0	1996
limma	eBayes	PT1-PR1	187	0.01	0	1996
limma	eBayes	PT1-PR1	187	0.05	0	1996
limma	eBayes	PT1-PR1	187	0.1	0	1996
limma	eBayes	PT1-PR1	188	0.01	0	1996
limma	eBayes	PT1-PR1	188	0.05	0	1996
limma	eBayes	PT1-PR1	188	0.1	0	1996
limma	eBayes	PT1-PR1	189	0.01	0	1996
limma	eBayes	PT1-PR1	189	0.05	0	1996
limma	eBayes	PT1-PR1	189	0.1	0	1996
limma	eBayes	PT1-PR1	190	0.01	0	1996
limma	eBayes	PT1-PR1	190	0.05	0	1996
limma	eBayes	PT1-PR1	190	0.1	0	1996
limma	eBayes	PT1-PR1	191	0.01	0	1996
limma	eBayes	PT1-PR1	191	0.05	0	1996
limma	eBayes	PT1-PR1	191	0.1	0	1996
limma	eBayes	PT1-PR1	192	0.01	0	1996
limma	eBayes	PT1-PR1	192	0.05	0	1996
limma	eBayes	PT1-PR1	192	0.1	0	1996
limma	eBayes	PT1-PR1	193	0.01	0	1996
limma	eBayes	PT1-PR1	193	0.05	0	1996
limma	eBayes	PT1-PR1	193	0.1	0	1996
limma	eBayes	PT1-PR1	194	0.01	0	1996
limma	eBayes	PT1-PR1	194	0.05	0	1996
limma	eBayes	PT1-PR1	194	0.1	0	1996
limma	eBayes	PT1-PR1	195	0.01	0	1996
limma	eBayes	PT1-PR1	195	0.05	0	1996
limma	eBayes	PT1-PR1	195	0.1	0	1996
limma	eBayes	PT1-PR1	196	0.01	0	1996
limma	eBayes	PT1-PR1	196	0.05	0	1996
limma	eBayes	PT1-PR1	196	0.1	0	1996
limma	eBayes	PT1-PR1	197	0.01	0	1996
limma	eBayes	PT1-PR1	197	0.05	0	1996
limma	eBayes	PT1-PR1	197	0.1	0	1996
limma	eBayes	PT1-PR1	198	0.01	0	1996
limma	eBayes	PT1-PR1	198	0.05	0	1996
limma	eBayes	PT1-PR1	198	0.1	0	1996
limma	eBayes	PT1-PR1	199	0.01	0	1996
limma	eBayes	PT1-PR1	199	0.05	0	1996
limma	eBayes	PT1-PR1	199	0.1	0	1996
limma	eBayes	PT2-PR2	0	0.01	0	1411
limma	eBayes	PT2-PR2	0	0.05	0	1411
limma	eBayes	PT2-PR2	0	0.1	0	1411
limma	eBayes	PT2-PR2	1	0.01	0	1411
limma	eBayes	PT2-PR2	1	0.05	0	1411
limma	eBayes	PT2-PR2	1	0.1	0	1411
limma	eBayes	PT2-PR2	2	0.01	0	1411
limma	eBayes	PT2-PR2	2	0.05	0	1411
limma	eBayes	PT2-PR2	2	0.1	0	1411
limma	eBayes	PT2-PR2	3	0.01	0	1411
limma	eBayes	PT2-PR2	3	0.05	287	1411
limma	eBayes	PT2-PR2	3	0.1	373	1411
limma	eBayes	PT2-PR2	4	0.01	0	1411
limma	eBayes	PT2-PR2	4	0.05	0	1411
limma	eBayes	PT2-PR2	4	0.1	0	1411
limma	eBayes	PT2-PR2	5	0.01	0	1411
limma	eBayes	PT2-PR2	5	0.05	12	1411
limma	eBayes	PT2-PR2	5	0.1	29	1411
limma	eBayes	PT2-PR2	6	0.01	0	1411
limma	eBayes	PT2-PR2	6	0.05	0	1411
limma	eBayes	PT2-PR2	6	0.1	0	1411
limma	eBayes	PT2-PR2	7	0.01	0	1411
limma	eBayes	PT2-PR2	7	0.05	0	1411
limma	eBayes	PT2-PR2	7	0.1	0	1411
limma	eBayes	PT2-PR2	8	0.01	0	1411
limma	eBayes	PT2-PR2	8	0.05	0	1411
limma	eBayes	PT2-PR2	8	0.1	0	1411
limma	eBayes	PT2-PR2	9	0.01	0	1411
limma	eBayes	PT2-PR2	9	0.05	0	1411
limma	eBayes	PT2-PR2	9	0.1	0	1411
limma	eBayes	PT2-PR2	10	0.01	0	1411
limma	eBayes	PT2-PR2	10	0.05	0	1411
limma	eBayes	PT2-PR2	10	0.1	0	1411
limma	eBayes	PT2-PR2	11	0.01	0	1411
limma	eBayes	PT2-PR2	11	0.05	0	1411
limma	eBayes	PT2-PR2	11	0.1	0	1411
limma	eBayes	PT2-PR2	12	0.01	0	1411
limma	eBayes	PT2-PR2	12	0.05	0	1411
limma	eBayes	PT2-PR2	12	0.1	0	1411
limma	eBayes	PT2-PR2	13	0.01	1	1411
limma	eBayes	PT2-PR2	13	0.05	1	1411
limma	eBayes	PT2-PR2	13	0.1	1	1411
limma	eBayes	PT2-PR2	14	0.01	0	1411
limma	eBayes	PT2-PR2	14	0.05	0	1411
limma	eBayes	PT2-PR2	14	0.1	0	1411
limma	eBayes	PT2-PR2	15	0.01	0	1411
limma	eBayes	PT2-PR2	15	0.05	0	1411
limma	eBayes	PT2-PR2	15	0.1	0	1411
limma	eBayes	PT2-PR2	16	0.01	0	1411
limma	eBayes	PT2-PR2	16	0.05	0	1411
limma	eBayes	PT2-PR2	16	0.1	0	1411
limma	eBayes	PT2-PR2	17	0.01	0	1411
limma	eBayes	PT2-PR2	17	0.05	0	1411
limma	eBayes	PT2-PR2	17	0.1	0	1411
limma	eBayes	PT2-PR2	18	0.01	0	1411
limma	eBayes	PT2-PR2	18	0.05	0	1411
limma	eBayes	PT2-PR2	18	0.1	0	1411
limma	eBayes	PT2-PR2	19	0.01	0	1411
limma	eBayes	PT2-PR2	19	0.05	0	1411
limma	eBayes	PT2-PR2	19	0.1	0	1411
limma	eBayes	PT2-PR2	20	0.01	0	1411
limma	eBayes	PT2-PR2	20	0.05	0	1411
limma	eBayes	PT2-PR2	20	0.1	0	1411
limma	eBayes	PT2-PR2	21	0.01	0	1411
limma	eBayes	PT2-PR2	21	0.05	0	1411
limma	eBayes	PT2-PR2	21	0.1	0	1411
limma	eBayes	PT2-PR2	22	0.01	0	1411
limma	eBayes	PT2-PR2	22	0.05	0	1411
limma	eBayes	PT2-PR2	22	0.1	0	1411
limma	eBayes	PT2-PR2	23	0.01	0	1411
limma	eBayes	PT2-PR2	23	0.05	0	1411
limma	eBayes	PT2-PR2	23	0.1	0	1411
limma	eBayes	PT2-PR2	24	0.01	0	1411
limma	eBayes	PT2-PR2	24	0.05	0	1411
limma	eBayes	PT2-PR2	24	0.1	0	1411
limma	eBayes	PT2-PR2	25	0.01	0	1411
limma	eBayes	PT2-PR2	25	0.05	0	1411
limma	eBayes	PT2-PR2	25	0.1	0	1411
limma	eBayes	PT2-PR2	26	0.01	0	1411
limma	eBayes	PT2-PR2	26	0.05	0	1411
limma	eBayes	PT2-PR2	26	0.1	0	1411
limma	eBayes	PT2-PR2	27	0.01	0	1411
limma	eBayes	PT2-PR2	27	0.05	0	1411
limma	eBayes	PT2-PR2	27	0.1	1	1411
limma	eBayes	PT2-PR2	28	0.01	0	1411
limma	eBayes	PT2-PR2	28	0.05	0	1411
limma	eBayes	PT2-PR2	28	0.1	0	1411
limma	eBayes	PT2-PR2	29	0.01	0	1411
limma	eBayes	PT2-PR2	29	0.05	0	1411
limma	eBayes	PT2-PR2	29	0.1	0	1411
limma	eBayes	PT2-PR2	30	0.01	0	1411
limma	eBayes	PT2-PR2	30	0.05	0	1411
limma	eBayes	PT2-PR2	30	0.1	0	1411
limma	eBayes	PT2-PR2	31	0.01	0	1411
limma	eBayes	PT2-PR2	31	0.05	0	1411
limma	eBayes	PT2-PR2	31	0.1	0	1411
limma	eBayes	PT2-PR2	32	0.01	1	1411
limma	eBayes	PT2-PR2	32	0.05	252	1411
limma	eBayes	PT2-PR2	32	0.1	318	1411
limma	eBayes	PT2-PR2	33	0.01	6	1411
limma	eBayes	PT2-PR2	33	0.05	43	1411
limma	eBayes	PT2-PR2	33	0.1	109	1411
limma	eBayes	PT2-PR2	34	0.01	0	1411
limma	eBayes	PT2-PR2	34	0.05	0	1411
limma	eBayes	PT2-PR2	34	0.1	0	1411
limma	eBayes	PT2-PR2	35	0.01	0	1411
limma	eBayes	PT2-PR2	35	0.05	0	1411
limma	eBayes	PT2-PR2	35	0.1	0	1411
limma	eBayes	PT2-PR2	36	0.01	0	1411
limma	eBayes	PT2-PR2	36	0.05	0	1411
limma	eBayes	PT2-PR2	36	0.1	0	1411
limma	eBayes	PT2-PR2	37	0.01	10	1411
limma	eBayes	PT2-PR2	37	0.05	165	1411
limma	eBayes	PT2-PR2	37	0.1	350	1411
limma	eBayes	PT2-PR2	38	0.01	0	1411
limma	eBayes	PT2-PR2	38	0.05	0	1411
limma	eBayes	PT2-PR2	38	0.1	0	1411
limma	eBayes	PT2-PR2	39	0.01	0	1411
limma	eBayes	PT2-PR2	39	0.05	0	1411
limma	eBayes	PT2-PR2	39	0.1	0	1411
limma	eBayes	PT2-PR2	40	0.01	0	1411
limma	eBayes	PT2-PR2	40	0.05	0	1411
limma	eBayes	PT2-PR2	40	0.1	0	1411
limma	eBayes	PT2-PR2	41	0.01	0	1411
limma	eBayes	PT2-PR2	41	0.05	0	1411
limma	eBayes	PT2-PR2	41	0.1	0	1411
limma	eBayes	PT2-PR2	42	0.01	0	1411
limma	eBayes	PT2-PR2	42	0.05	0	1411
limma	eBayes	PT2-PR2	42	0.1	0	1411
limma	eBayes	PT2-PR2	43	0.01	0	1411
limma	eBayes	PT2-PR2	43	0.05	0	1411
limma	eBayes	PT2-PR2	43	0.1	0	1411
limma	eBayes	PT2-PR2	44	0.01	0	1411
limma	eBayes	PT2-PR2	44	0.05	0	1411
limma	eBayes	PT2-PR2	44	0.1	0	1411
limma	eBayes	PT2-PR2	45	0.01	0	1411
limma	eBayes	PT2-PR2	45	0.05	0	1411
limma	eBayes	PT2-PR2	45	0.1	0	1411
limma	eBayes	PT2-PR2	46	0.01	0	1411
limma	eBayes	PT2-PR2	46	0.05	0	1411
limma	eBayes	PT2-PR2	46	0.1	0	1411
limma	eBayes	PT2-PR2	47	0.01	0	1411
limma	eBayes	PT2-PR2	47	0.05	0	1411
limma	eBayes	PT2-PR2	47	0.1	0	1411
limma	eBayes	PT2-PR2	48	0.01	0	1411
limma	eBayes	PT2-PR2	48	0.05	0	1411
limma	eBayes	PT2-PR2	48	0.1	0	1411
limma	eBayes	PT2-PR2	49	0.01	0	1411
limma	eBayes	PT2-PR2	49	0.05	0	1411
limma	eBayes	PT2-PR2	49	0.1	0	1411
limma	eBayes	PT2-PR2	50	0.01	0	1411
limma	eBayes	PT2-PR2	50	0.05	0	1411
limma	eBayes	PT2-PR2	50	0.1	0	1411
limma	eBayes	PT2-PR2	51	0.01	0	1411
limma	eBayes	PT2-PR2	51	0.05	0	1411
limma	eBayes	PT2-PR2	51	0.1	0	1411
limma	eBayes	PT2-PR2	52	0.01	0	1411
limma	eBayes	PT2-PR2	52	0.05	0	1411
limma	eBayes	PT2-PR2	52	0.1	0	1411
limma	eBayes	PT2-PR2	53	0.01	0	1411
limma	eBayes	PT2-PR2	53	0.05	0	1411
limma	eBayes	PT2-PR2	53	0.1	0	1411
limma	eBayes	PT2-PR2	54	0.01	0	1411
limma	eBayes	PT2-PR2	54	0.05	0	1411
limma	eBayes	PT2-PR2	54	0.1	0	1411
limma	eBayes	PT2-PR2	55	0.01	0	1411
limma	eBayes	PT2-PR2	55	0.05	0	1411
limma	eBayes	PT2-PR2	55	0.1	0	1411
limma	eBayes	PT2-PR2	56	0.01	0	1411
limma	eBayes	PT2-PR2	56	0.05	0	1411
limma	eBayes	PT2-PR2	56	0.1	0	1411
limma	eBayes	PT2-PR2	57	0.01	0	1411
limma	eBayes	PT2-PR2	57	0.05	0	1411
limma	eBayes	PT2-PR2	57	0.1	214	1411
limma	eBayes	PT2-PR2	58	0.01	0	1411
limma	eBayes	PT2-PR2	58	0.05	0	1411
limma	eBayes	PT2-PR2	58	0.1	0	1411
limma	eBayes	PT2-PR2	59	0.01	0	1411
limma	eBayes	PT2-PR2	59	0.05	0	1411
limma	eBayes	PT2-PR2	59	0.1	0	1411
limma	eBayes	PT2-PR2	60	0.01	0	1411
limma	eBayes	PT2-PR2	60	0.05	0	1411
limma	eBayes	PT2-PR2	60	0.1	0	1411
limma	eBayes	PT2-PR2	61	0.01	0	1411
limma	eBayes	PT2-PR2	61	0.05	0	1411
limma	eBayes	PT2-PR2	61	0.1	0	1411
limma	eBayes	PT2-PR2	62	0.01	0	1411
limma	eBayes	PT2-PR2	62	0.05	0	1411
limma	eBayes	PT2-PR2	62	0.1	0	1411
limma	eBayes	PT2-PR2	63	0.01	0	1411
limma	eBayes	PT2-PR2	63	0.05	0	1411
limma	eBayes	PT2-PR2	63	0.1	0	1411
limma	eBayes	PT2-PR2	64	0.01	0	1411
limma	eBayes	PT2-PR2	64	0.05	0	1411
limma	eBayes	PT2-PR2	64	0.1	0	1411
limma	eBayes	PT2-PR2	65	0.01	0	1411
limma	eBayes	PT2-PR2	65	0.05	0	1411
limma	eBayes	PT2-PR2	65	0.1	0	1411
limma	eBayes	PT2-PR2	66	0.01	0	1411
limma	eBayes	PT2-PR2	66	0.05	0	1411
limma	eBayes	PT2-PR2	66	0.1	0	1411
limma	eBayes	PT2-PR2	67	0.01	0	1411
limma	eBayes	PT2-PR2	67	0.05	0	1411
limma	eBayes	PT2-PR2	67	0.1	0	1411
limma	eBayes	PT2-PR2	68	0.01	0	1411
limma	eBayes	PT2-PR2	68	0.05	0	1411
limma	eBayes	PT2-PR2	68	0.1	0	1411
limma	eBayes	PT2-PR2	69	0.01	0	1411
limma	eBayes	PT2-PR2	69	0.05	0	1411
limma	eBayes	PT2-PR2	69	0.1	0	1411
limma	eBayes	PT2-PR2	70	0.01	0	1411
limma	eBayes	PT2-PR2	70	0.05	0	1411
limma	eBayes	PT2-PR2	70	0.1	0	1411
limma	eBayes	PT2-PR2	71	0.01	0	1411
limma	eBayes	PT2-PR2	71	0.05	0	1411
limma	eBayes	PT2-PR2	71	0.1	0	1411
limma	eBayes	PT2-PR2	72	0.01	0	1411
limma	eBayes	PT2-PR2	72	0.05	0	1411
limma	eBayes	PT2-PR2	72	0.1	0	1411
limma	eBayes	PT2-PR2	73	0.01	0	1411
limma	eBayes	PT2-PR2	73	0.05	0	1411
limma	eBayes	PT2-PR2	73	0.1	0	1411
limma	eBayes	PT2-PR2	74	0.01	0	1411
limma	eBayes	PT2-PR2	74	0.05	0	1411
limma	eBayes	PT2-PR2	74	0.1	0	1411
limma	eBayes	PT2-PR2	75	0.01	0	1411
limma	eBayes	PT2-PR2	75	0.05	0	1411
limma	eBayes	PT2-PR2	75	0.1	0	1411
limma	eBayes	PT2-PR2	76	0.01	0	1411
limma	eBayes	PT2-PR2	76	0.05	0	1411
limma	eBayes	PT2-PR2	76	0.1	0	1411
limma	eBayes	PT2-PR2	77	0.01	0	1411
limma	eBayes	PT2-PR2	77	0.05	0	1411
limma	eBayes	PT2-PR2	77	0.1	0	1411
limma	eBayes	PT2-PR2	78	0.01	0	1411
limma	eBayes	PT2-PR2	78	0.05	0	1411
limma	eBayes	PT2-PR2	78	0.1	0	1411
limma	eBayes	PT2-PR2	79	0.01	0	1411
limma	eBayes	PT2-PR2	79	0.05	0	1411
limma	eBayes	PT2-PR2	79	0.1	0	1411
limma	eBayes	PT2-PR2	80	0.01	0	1411
limma	eBayes	PT2-PR2	80	0.05	0	1411
limma	eBayes	PT2-PR2	80	0.1	1	1411
limma	eBayes	PT2-PR2	81	0.01	0	1411
limma	eBayes	PT2-PR2	81	0.05	0	1411
limma	eBayes	PT2-PR2	81	0.1	0	1411
limma	eBayes	PT2-PR2	82	0.01	0	1411
limma	eBayes	PT2-PR2	82	0.05	0	1411
limma	eBayes	PT2-PR2	82	0.1	0	1411
limma	eBayes	PT2-PR2	83	0.01	0	1411
limma	eBayes	PT2-PR2	83	0.05	0	1411
limma	eBayes	PT2-PR2	83	0.1	0	1411
limma	eBayes	PT2-PR2	84	0.01	0	1411
limma	eBayes	PT2-PR2	84	0.05	0	1411
limma	eBayes	PT2-PR2	84	0.1	0	1411
limma	eBayes	PT2-PR2	85	0.01	0	1411
limma	eBayes	PT2-PR2	85	0.05	0	1411
limma	eBayes	PT2-PR2	85	0.1	0	1411
limma	eBayes	PT2-PR2	86	0.01	0	1411
limma	eBayes	PT2-PR2	86	0.05	0	1411
limma	eBayes	PT2-PR2	86	0.1	0	1411
limma	eBayes	PT2-PR2	87	0.01	0	1411
limma	eBayes	PT2-PR2	87	0.05	0	1411
limma	eBayes	PT2-PR2	87	0.1	0	1411
limma	eBayes	PT2-PR2	88	0.01	0	1411
limma	eBayes	PT2-PR2	88	0.05	0	1411
limma	eBayes	PT2-PR2	88	0.1	0	1411
limma	eBayes	PT2-PR2	89	0.01	0	1411
limma	eBayes	PT2-PR2	89	0.05	0	1411
limma	eBayes	PT2-PR2	89	0.1	0	1411
limma	eBayes	PT2-PR2	90	0.01	0	1411
limma	eBayes	PT2-PR2	90	0.05	0	1411
limma	eBayes	PT2-PR2	90	0.1	0	1411
limma	eBayes	PT2-PR2	91	0.01	0	1411
limma	eBayes	PT2-PR2	91	0.05	0	1411
limma	eBayes	PT2-PR2	91	0.1	1	1411
limma	eBayes	PT2-PR2	92	0.01	0	1411
limma	eBayes	PT2-PR2	92	0.05	0	1411
limma	eBayes	PT2-PR2	92	0.1	0	1411
limma	eBayes	PT2-PR2	93	0.01	0	1411
limma	eBayes	PT2-PR2	93	0.05	0	1411
limma	eBayes	PT2-PR2	93	0.1	0	1411
limma	eBayes	PT2-PR2	94	0.01	0	1411
limma	eBayes	PT2-PR2	94	0.05	0	1411
limma	eBayes	PT2-PR2	94	0.1	0	1411
limma	eBayes	PT2-PR2	95	0.01	0	1411
limma	eBayes	PT2-PR2	95	0.05	0	1411
limma	eBayes	PT2-PR2	95	0.1	0	1411
limma	eBayes	PT2-PR2	96	0.01	0	1411
limma	eBayes	PT2-PR2	96	0.05	0	1411
limma	eBayes	PT2-PR2	96	0.1	0	1411
limma	eBayes	PT2-PR2	97	0.01	0	1411
limma	eBayes	PT2-PR2	97	0.05	0	1411
limma	eBayes	PT2-PR2	97	0.1	0	1411
limma	eBayes	PT2-PR2	98	0.01	0	1411
limma	eBayes	PT2-PR2	98	0.05	0	1411
limma	eBayes	PT2-PR2	98	0.1	0	1411
limma	eBayes	PT2-PR2	99	0.01	0	1411
limma	eBayes	PT2-PR2	99	0.05	0	1411
limma	eBayes	PT2-PR2	99	0.1	0	1411
limma	eBayes	PT2-PR2	100	0.01	0	1411
limma	eBayes	PT2-PR2	100	0.05	0	1411
limma	eBayes	PT2-PR2	100	0.1	0	1411
limma	eBayes	PT2-PR2	101	0.01	0	1411
limma	eBayes	PT2-PR2	101	0.05	0	1411
limma	eBayes	PT2-PR2	101	0.1	0	1411
limma	eBayes	PT2-PR2	102	0.01	0	1411
limma	eBayes	PT2-PR2	102	0.05	0	1411
limma	eBayes	PT2-PR2	102	0.1	0	1411
limma	eBayes	PT2-PR2	103	0.01	0	1411
limma	eBayes	PT2-PR2	103	0.05	0	1411
limma	eBayes	PT2-PR2	103	0.1	0	1411
limma	eBayes	PT2-PR2	104	0.01	0	1411
limma	eBayes	PT2-PR2	104	0.05	0	1411
limma	eBayes	PT2-PR2	104	0.1	0	1411
limma	eBayes	PT2-PR2	105	0.01	0	1411
limma	eBayes	PT2-PR2	105	0.05	0	1411
limma	eBayes	PT2-PR2	105	0.1	0	1411
limma	eBayes	PT2-PR2	106	0.01	0	1411
limma	eBayes	PT2-PR2	106	0.05	0	1411
limma	eBayes	PT2-PR2	106	0.1	0	1411
limma	eBayes	PT2-PR2	107	0.01	0	1411
limma	eBayes	PT2-PR2	107	0.05	0	1411
limma	eBayes	PT2-PR2	107	0.1	0	1411
limma	eBayes	PT2-PR2	108	0.01	0	1411
limma	eBayes	PT2-PR2	108	0.05	0	1411
limma	eBayes	PT2-PR2	108	0.1	0	1411
limma	eBayes	PT2-PR2	109	0.01	0	1411
limma	eBayes	PT2-PR2	109	0.05	0	1411
limma	eBayes	PT2-PR2	109	0.1	0	1411
limma	eBayes	PT2-PR2	110	0.01	0	1411
limma	eBayes	PT2-PR2	110	0.05	0	1411
limma	eBayes	PT2-PR2	110	0.1	0	1411
limma	eBayes	PT2-PR2	111	0.01	0	1411
limma	eBayes	PT2-PR2	111	0.05	0	1411
limma	eBayes	PT2-PR2	111	0.1	0	1411
limma	eBayes	PT2-PR2	112	0.01	0	1411
limma	eBayes	PT2-PR2	112	0.05	0	1411
limma	eBayes	PT2-PR2	112	0.1	0	1411
limma	eBayes	PT2-PR2	113	0.01	0	1411
limma	eBayes	PT2-PR2	113	0.05	0	1411
limma	eBayes	PT2-PR2	113	0.1	0	1411
limma	eBayes	PT2-PR2	114	0.01	0	1411
limma	eBayes	PT2-PR2	114	0.05	0	1411
limma	eBayes	PT2-PR2	114	0.1	0	1411
limma	eBayes	PT2-PR2	115	0.01	0	1411
limma	eBayes	PT2-PR2	115	0.05	0	1411
limma	eBayes	PT2-PR2	115	0.1	0	1411
limma	eBayes	PT2-PR2	116	0.01	0	1411
limma	eBayes	PT2-PR2	116	0.05	0	1411
limma	eBayes	PT2-PR2	116	0.1	0	1411
limma	eBayes	PT2-PR2	117	0.01	0	1411
limma	eBayes	PT2-PR2	117	0.05	0	1411
limma	eBayes	PT2-PR2	117	0.1	0	1411
limma	eBayes	PT2-PR2	118	0.01	0	1411
limma	eBayes	PT2-PR2	118	0.05	0	1411
limma	eBayes	PT2-PR2	118	0.1	0	1411
limma	eBayes	PT2-PR2	119	0.01	0	1411
limma	eBayes	PT2-PR2	119	0.05	0	1411
limma	eBayes	PT2-PR2	119	0.1	0	1411
limma	eBayes	PT2-PR2	120	0.01	0	1411
limma	eBayes	PT2-PR2	120	0.05	0	1411
limma	eBayes	PT2-PR2	120	0.1	0	1411
limma	eBayes	PT2-PR2	121	0.01	0	1411
limma	eBayes	PT2-PR2	121	0.05	0	1411
limma	eBayes	PT2-PR2	121	0.1	0	1411
limma	eBayes	PT2-PR2	122	0.01	0	1411
limma	eBayes	PT2-PR2	122	0.05	0	1411
limma	eBayes	PT2-PR2	122	0.1	0	1411
limma	eBayes	PT2-PR2	123	0.01	0	1411
limma	eBayes	PT2-PR2	123	0.05	0	1411
limma	eBayes	PT2-PR2	123	0.1	0	1411
limma	eBayes	PT2-PR2	124	0.01	0	1411
limma	eBayes	PT2-PR2	124	0.05	0	1411
limma	eBayes	PT2-PR2	124	0.1	0	1411
limma	eBayes	PT2-PR2	125	0.01	0	1411
limma	eBayes	PT2-PR2	125	0.05	0	1411
limma	eBayes	PT2-PR2	125	0.1	0	1411
limma	eBayes	PT2-PR2	126	0.01	0	1411
limma	eBayes	PT2-PR2	126	0.05	0	1411
limma	eBayes	PT2-PR2	126	0.1	0	1411
limma	eBayes	PT2-PR2	127	0.01	0	1411
limma	eBayes	PT2-PR2	127	0.05	0	1411
limma	eBayes	PT2-PR2	127	0.1	0	1411
limma	eBayes	PT2-PR2	128	0.01	0	1411
limma	eBayes	PT2-PR2	128	0.05	0	1411
limma	eBayes	PT2-PR2	128	0.1	0	1411
limma	eBayes	PT2-PR2	129	0.01	0	1411
limma	eBayes	PT2-PR2	129	0.05	0	1411
limma	eBayes	PT2-PR2	129	0.1	0	1411
limma	eBayes	PT2-PR2	130	0.01	0	1411
limma	eBayes	PT2-PR2	130	0.05	0	1411
limma	eBayes	PT2-PR2	130	0.1	0	1411
limma	eBayes	PT2-PR2	131	0.01	0	1411
limma	eBayes	PT2-PR2	131	0.05	0	1411
limma	eBayes	PT2-PR2	131	0.1	0	1411
limma	eBayes	PT2-PR2	132	0.01	0	1411
limma	eBayes	PT2-PR2	132	0.05	0	1411
limma	eBayes	PT2-PR2	132	0.1	0	1411
limma	eBayes	PT2-PR2	133	0.01	0	1411
limma	eBayes	PT2-PR2	133	0.05	0	1411
limma	eBayes	PT2-PR2	133	0.1	0	1411
limma	eBayes	PT2-PR2	134	0.01	0	1411
limma	eBayes	PT2-PR2	134	0.05	0	1411
limma	eBayes	PT2-PR2	134	0.1	0	1411
limma	eBayes	PT2-PR2	135	0.01	0	1411
limma	eBayes	PT2-PR2	135	0.05	0	1411
limma	eBayes	PT2-PR2	135	0.1	0	1411
limma	eBayes	PT2-PR2	136	0.01	0	1411
limma	eBayes	PT2-PR2	136	0.05	0	1411
limma	eBayes	PT2-PR2	136	0.1	0	1411
limma	eBayes	PT2-PR2	137	0.01	0	1411
limma	eBayes	PT2-PR2	137	0.05	0	1411
limma	eBayes	PT2-PR2	137	0.1	0	1411
limma	eBayes	PT2-PR2	138	0.01	0	1411
limma	eBayes	PT2-PR2	138	0.05	0	1411
limma	eBayes	PT2-PR2	138	0.1	0	1411
limma	eBayes	PT2-PR2	139	0.01	0	1411
limma	eBayes	PT2-PR2	139	0.05	0	1411
limma	eBayes	PT2-PR2	139	0.1	0	1411
limma	eBayes	PT2-PR2	140	0.01	0	1411
limma	eBayes	PT2-PR2	140	0.05	0	1411
limma	eBayes	PT2-PR2	140	0.1	0	1411
limma	eBayes	PT2-PR2	141	0.01	0	1411
limma	eBayes	PT2-PR2	141	0.05	0	1411
limma	eBayes	PT2-PR2	141	0.1	0	1411
limma	eBayes	PT2-PR2	142	0.01	0	1411
limma	eBayes	PT2-PR2	142	0.05	0	1411
limma	eBayes	PT2-PR2	142	0.1	0	1411
limma	eBayes	PT2-PR2	143	0.01	0	1411
limma	eBayes	PT2-PR2	143	0.05	0	1411
limma	eBayes	PT2-PR2	143	0.1	0	1411
limma	eBayes	PT2-PR2	144	0.01	0	1411
limma	eBayes	PT2-PR2	144	0.05	0	1411
limma	eBayes	PT2-PR2	144	0.1	0	1411
limma	eBayes	PT2-PR2	145	0.01	0	1411
limma	eBayes	PT2-PR2	145	0.05	0	1411
limma	eBayes	PT2-PR2	145	0.1	0	1411
limma	eBayes	PT2-PR2	146	0.01	0	1411
limma	eBayes	PT2-PR2	146	0.05	0	1411
limma	eBayes	PT2-PR2	146	0.1	0	1411
limma	eBayes	PT2-PR2	147	0.01	0	1411
limma	eBayes	PT2-PR2	147	0.05	0	1411
limma	eBayes	PT2-PR2	147	0.1	0	1411
limma	eBayes	PT2-PR2	148	0.01	0	1411
limma	eBayes	PT2-PR2	148	0.05	0	1411
limma	eBayes	PT2-PR2	148	0.1	0	1411
limma	eBayes	PT2-PR2	149	0.01	0	1411
limma	eBayes	PT2-PR2	149	0.05	0	1411
limma	eBayes	PT2-PR2	149	0.1	0	1411
limma	eBayes	PT2-PR2	150	0.01	0	1411
limma	eBayes	PT2-PR2	150	0.05	0	1411
limma	eBayes	PT2-PR2	150	0.1	0	1411
limma	eBayes	PT2-PR2	151	0.01	0	1411
limma	eBayes	PT2-PR2	151	0.05	0	1411
limma	eBayes	PT2-PR2	151	0.1	0	1411
limma	eBayes	PT2-PR2	152	0.01	0	1411
limma	eBayes	PT2-PR2	152	0.05	0	1411
limma	eBayes	PT2-PR2	152	0.1	0	1411
limma	eBayes	PT2-PR2	153	0.01	0	1411
limma	eBayes	PT2-PR2	153	0.05	0	1411
limma	eBayes	PT2-PR2	153	0.1	0	1411
limma	eBayes	PT2-PR2	154	0.01	0	1411
limma	eBayes	PT2-PR2	154	0.05	0	1411
limma	eBayes	PT2-PR2	154	0.1	0	1411
limma	eBayes	PT2-PR2	155	0.01	0	1411
limma	eBayes	PT2-PR2	155	0.05	0	1411
limma	eBayes	PT2-PR2	155	0.1	0	1411
limma	eBayes	PT2-PR2	156	0.01	0	1411
limma	eBayes	PT2-PR2	156	0.05	0	1411
limma	eBayes	PT2-PR2	156	0.1	0	1411
limma	eBayes	PT2-PR2	157	0.01	0	1411
limma	eBayes	PT2-PR2	157	0.05	0	1411
limma	eBayes	PT2-PR2	157	0.1	0	1411
limma	eBayes	PT2-PR2	158	0.01	0	1411
limma	eBayes	PT2-PR2	158	0.05	0	1411
limma	eBayes	PT2-PR2	158	0.1	0	1411
limma	eBayes	PT2-PR2	159	0.01	0	1411
limma	eBayes	PT2-PR2	159	0.05	0	1411
limma	eBayes	PT2-PR2	159	0.1	0	1411
limma	eBayes	PT2-PR2	160	0.01	0	1411
limma	eBayes	PT2-PR2	160	0.05	0	1411
limma	eBayes	PT2-PR2	160	0.1	0	1411
limma	eBayes	PT2-PR2	161	0.01	0	1411
limma	eBayes	PT2-PR2	161	0.05	0	1411
limma	eBayes	PT2-PR2	161	0.1	0	1411
limma	eBayes	PT2-PR2	162	0.01	0	1411
limma	eBayes	PT2-PR2	162	0.05	0	1411
limma	eBayes	PT2-PR2	162	0.1	0	1411
limma	eBayes	PT2-PR2	163	0.01	0	1411
limma	eBayes	PT2-PR2	163	0.05	0	1411
limma	eBayes	PT2-PR2	163	0.1	0	1411
limma	eBayes	PT2-PR2	164	0.01	0	1411
limma	eBayes	PT2-PR2	164	0.05	0	1411
limma	eBayes	PT2-PR2	164	0.1	0	1411
limma	eBayes	PT2-PR2	165	0.01	0	1411
limma	eBayes	PT2-PR2	165	0.05	0	1411
limma	eBayes	PT2-PR2	165	0.1	0	1411
limma	eBayes	PT2-PR2	166	0.01	0	1411
limma	eBayes	PT2-PR2	166	0.05	0	1411
limma	eBayes	PT2-PR2	166	0.1	0	1411
limma	eBayes	PT2-PR2	167	0.01	0	1411
limma	eBayes	PT2-PR2	167	0.05	0	1411
limma	eBayes	PT2-PR2	167	0.1	0	1411
limma	eBayes	PT2-PR2	168	0.01	0	1411
limma	eBayes	PT2-PR2	168	0.05	0	1411
limma	eBayes	PT2-PR2	168	0.1	0	1411
limma	eBayes	PT2-PR2	169	0.01	0	1411
limma	eBayes	PT2-PR2	169	0.05	0	1411
limma	eBayes	PT2-PR2	169	0.1	0	1411
limma	eBayes	PT2-PR2	170	0.01	0	1411
limma	eBayes	PT2-PR2	170	0.05	0	1411
limma	eBayes	PT2-PR2	170	0.1	0	1411
limma	eBayes	PT2-PR2	171	0.01	0	1411
limma	eBayes	PT2-PR2	171	0.05	0	1411
limma	eBayes	PT2-PR2	171	0.1	0	1411
limma	eBayes	PT2-PR2	172	0.01	0	1411
limma	eBayes	PT2-PR2	172	0.05	0	1411
limma	eBayes	PT2-PR2	172	0.1	0	1411
limma	eBayes	PT2-PR2	173	0.01	0	1411
limma	eBayes	PT2-PR2	173	0.05	0	1411
limma	eBayes	PT2-PR2	173	0.1	0	1411
limma	eBayes	PT2-PR2	174	0.01	0	1411
limma	eBayes	PT2-PR2	174	0.05	0	1411
limma	eBayes	PT2-PR2	174	0.1	0	1411
limma	eBayes	PT2-PR2	175	0.01	0	1411
limma	eBayes	PT2-PR2	175	0.05	0	1411
limma	eBayes	PT2-PR2	175	0.1	0	1411
limma	eBayes	PT2-PR2	176	0.01	0	1411
limma	eBayes	PT2-PR2	176	0.05	0	1411
limma	eBayes	PT2-PR2	176	0.1	0	1411
limma	eBayes	PT2-PR2	177	0.01	0	1411
limma	eBayes	PT2-PR2	177	0.05	0	1411
limma	eBayes	PT2-PR2	177	0.1	0	1411
limma	eBayes	PT2-PR2	178	0.01	0	1411
limma	eBayes	PT2-PR2	178	0.05	0	1411
limma	eBayes	PT2-PR2	178	0.1	0	1411
limma	eBayes	PT2-PR2	179	0.01	0	1411
limma	eBayes	PT2-PR2	179	0.05	0	1411
limma	eBayes	PT2-PR2	179	0.1	0	1411
limma	eBayes	PT2-PR2	180	0.01	0	1411
limma	eBayes	PT2-PR2	180	0.05	1	1411
limma	eBayes	PT2-PR2	180	0.1	1	1411
limma	eBayes	PT2-PR2	181	0.01	0	1411
limma	eBayes	PT2-PR2	181	0.05	0	1411
limma	eBayes	PT2-PR2	181	0.1	0	1411
limma	eBayes	PT2-PR2	182	0.01	0	1411
limma	eBayes	PT2-PR2	182	0.05	0	1411
limma	eBayes	PT2-PR2	182	0.1	0	1411
limma	eBayes	PT2-PR2	183	0.01	0	1411
limma	eBayes	PT2-PR2	183	0.05	0	1411
limma	eBayes	PT2-PR2	183	0.1	0	1411
limma	eBayes	PT2-PR2	184	0.01	0	1411
limma	eBayes	PT2-PR2	184	0.05	0	1411
limma	eBayes	PT2-PR2	184	0.1	0	1411
limma	eBayes	PT2-PR2	185	0.01	0	1411
limma	eBayes	PT2-PR2	185	0.05	0	1411
limma	eBayes	PT2-PR2	185	0.1	0	1411
limma	eBayes	PT2-PR2	186	0.01	0	1411
limma	eBayes	PT2-PR2	186	0.05	0	1411
limma	eBayes	PT2-PR2	186	0.1	0	1411
limma	eBayes	PT2-PR2	187	0.01	0	1411
limma	eBayes	PT2-PR2	187	0.05	0	1411
limma	eBayes	PT2-PR2	187	0.1	0	1411
limma	eBayes	PT2-PR2	188	0.01	0	1411
limma	eBayes	PT2-PR2	188	0.05	0	1411
limma	eBayes	PT2-PR2	188	0.1	0	1411
limma	eBayes	PT2-PR2	189	0.01	0	1411
limma	eBayes	PT2-PR2	189	0.05	0	1411
limma	eBayes	PT2-PR2	189	0.1	0	1411
limma	eBayes	PT2-PR2	190	0.01	0	1411
limma	eBayes	PT2-PR2	190	0.05	0	1411
limma	eBayes	PT2-PR2	190	0.1	0	1411
limma	eBayes	PT2-PR2	191	0.01	0	1411
limma	eBayes	PT2-PR2	191	0.05	0	1411
limma	eBayes	PT2-PR2	191	0.1	0	1411
limma	eBayes	PT2-PR2	192	0.01	0	1411
limma	eBayes	PT2-PR2	192	0.05	0	1411
limma	eBayes	PT2-PR2	192	0.1	0	1411
limma	eBayes	PT2-PR2	193	0.01	0	1411
limma	eBayes	PT2-PR2	193	0.05	0	1411
limma	eBayes	PT2-PR2	193	0.1	0	1411
limma	eBayes	PT2-PR2	194	0.01	0	1411
limma	eBayes	PT2-PR2	194	0.05	0	1411
limma	eBayes	PT2-PR2	194	0.1	0	1411
limma	eBayes	PT2-PR2	195	0.01	0	1411
limma	eBayes	PT2-PR2	195	0.05	0	1411
limma	eBayes	PT2-PR2	195	0.1	0	1411
limma	eBayes	PT2-PR2	196	0.01	0	1411
limma	eBayes	PT2-PR2	196	0.05	0	1411
limma	eBayes	PT2-PR2	196	0.1	0	1411
limma	eBayes	PT2-PR2	197	0.01	0	1411
limma	eBayes	PT2-PR2	197	0.05	4	1411
limma	eBayes	PT2-PR2	197	0.1	9	1411
limma	eBayes	PT2-PR2	198	0.01	0	1411
limma	eBayes	PT2-PR2	198	0.05	0	1411
limma	eBayes	PT2-PR2	198	0.1	0	1411
limma	eBayes	PT2-PR2	199	0.01	0	1411
limma	eBayes	PT2-PR2	199	0.05	0	1411
limma	eBayes	PT2-PR2	199	0.1	0	1411
limma	eBayes	PT2-PT1	0	0.01	0	2072
limma	eBayes	PT2-PT1	0	0.05	0	2072
limma	eBayes	PT2-PT1	0	0.1	0	2072
limma	eBayes	PT2-PT1	1	0.01	0	2072
limma	eBayes	PT2-PT1	1	0.05	0	2072
limma	eBayes	PT2-PT1	1	0.1	0	2072
limma	eBayes	PT2-PT1	2	0.01	0	2072
limma	eBayes	PT2-PT1	2	0.05	0	2072
limma	eBayes	PT2-PT1	2	0.1	0	2072
limma	eBayes	PT2-PT1	3	0.01	0	2072
limma	eBayes	PT2-PT1	3	0.05	0	2072
limma	eBayes	PT2-PT1	3	0.1	0	2072
limma	eBayes	PT2-PT1	4	0.01	0	2072
limma	eBayes	PT2-PT1	4	0.05	0	2072
limma	eBayes	PT2-PT1	4	0.1	0	2072
limma	eBayes	PT2-PT1	5	0.01	0	2072
limma	eBayes	PT2-PT1	5	0.05	0	2072
limma	eBayes	PT2-PT1	5	0.1	0	2072
limma	eBayes	PT2-PT1	6	0.01	0	2072
limma	eBayes	PT2-PT1	6	0.05	0	2072
limma	eBayes	PT2-PT1	6	0.1	0	2072
limma	eBayes	PT2-PT1	7	0.01	0	2072
limma	eBayes	PT2-PT1	7	0.05	0	2072
limma	eBayes	PT2-PT1	7	0.1	0	2072
limma	eBayes	PT2-PT1	8	0.01	0	2072
limma	eBayes	PT2-PT1	8	0.05	0	2072
limma	eBayes	PT2-PT1	8	0.1	0	2072
limma	eBayes	PT2-PT1	9	0.01	0	2072
limma	eBayes	PT2-PT1	9	0.05	1	2072
limma	eBayes	PT2-PT1	9	0.1	1	2072
limma	eBayes	PT2-PT1	10	0.01	0	2072
limma	eBayes	PT2-PT1	10	0.05	0	2072
limma	eBayes	PT2-PT1	10	0.1	0	2072
limma	eBayes	PT2-PT1	11	0.01	0	2072
limma	eBayes	PT2-PT1	11	0.05	0	2072
limma	eBayes	PT2-PT1	11	0.1	0	2072
limma	eBayes	PT2-PT1	12	0.01	0	2072
limma	eBayes	PT2-PT1	12	0.05	0	2072
limma	eBayes	PT2-PT1	12	0.1	0	2072
limma	eBayes	PT2-PT1	13	0.01	0	2072
limma	eBayes	PT2-PT1	13	0.05	0	2072
limma	eBayes	PT2-PT1	13	0.1	0	2072
limma	eBayes	PT2-PT1	14	0.01	0	2072
limma	eBayes	PT2-PT1	14	0.05	0	2072
limma	eBayes	PT2-PT1	14	0.1	0	2072
limma	eBayes	PT2-PT1	15	0.01	0	2072
limma	eBayes	PT2-PT1	15	0.05	0	2072
limma	eBayes	PT2-PT1	15	0.1	0	2072
limma	eBayes	PT2-PT1	16	0.01	0	2072
limma	eBayes	PT2-PT1	16	0.05	0	2072
limma	eBayes	PT2-PT1	16	0.1	0	2072
limma	eBayes	PT2-PT1	17	0.01	0	2072
limma	eBayes	PT2-PT1	17	0.05	0	2072
limma	eBayes	PT2-PT1	17	0.1	0	2072
limma	eBayes	PT2-PT1	18	0.01	0	2072
limma	eBayes	PT2-PT1	18	0.05	0	2072
limma	eBayes	PT2-PT1	18	0.1	0	2072
limma	eBayes	PT2-PT1	19	0.01	0	2072
limma	eBayes	PT2-PT1	19	0.05	0	2072
limma	eBayes	PT2-PT1	19	0.1	0	2072
limma	eBayes	PT2-PT1	20	0.01	0	2072
limma	eBayes	PT2-PT1	20	0.05	0	2072
limma	eBayes	PT2-PT1	20	0.1	0	2072
limma	eBayes	PT2-PT1	21	0.01	0	2072
limma	eBayes	PT2-PT1	21	0.05	0	2072
limma	eBayes	PT2-PT1	21	0.1	0	2072
limma	eBayes	PT2-PT1	22	0.01	0	2072
limma	eBayes	PT2-PT1	22	0.05	0	2072
limma	eBayes	PT2-PT1	22	0.1	0	2072
limma	eBayes	PT2-PT1	23	0.01	0	2072
limma	eBayes	PT2-PT1	23	0.05	0	2072
limma	eBayes	PT2-PT1	23	0.1	0	2072
limma	eBayes	PT2-PT1	24	0.01	0	2072
limma	eBayes	PT2-PT1	24	0.05	0	2072
limma	eBayes	PT2-PT1	24	0.1	0	2072
limma	eBayes	PT2-PT1	25	0.01	0	2072
limma	eBayes	PT2-PT1	25	0.05	0	2072
limma	eBayes	PT2-PT1	25	0.1	0	2072
limma	eBayes	PT2-PT1	26	0.01	0	2072
limma	eBayes	PT2-PT1	26	0.05	0	2072
limma	eBayes	PT2-PT1	26	0.1	0	2072
limma	eBayes	PT2-PT1	27	0.01	0	2072
limma	eBayes	PT2-PT1	27	0.05	0	2072
limma	eBayes	PT2-PT1	27	0.1	0	2072
limma	eBayes	PT2-PT1	28	0.01	0	2072
limma	eBayes	PT2-PT1	28	0.05	0	2072
limma	eBayes	PT2-PT1	28	0.1	0	2072
limma	eBayes	PT2-PT1	29	0.01	0	2072
limma	eBayes	PT2-PT1	29	0.05	0	2072
limma	eBayes	PT2-PT1	29	0.1	0	2072
limma	eBayes	PT2-PT1	30	0.01	0	2072
limma	eBayes	PT2-PT1	30	0.05	0	2072
limma	eBayes	PT2-PT1	30	0.1	0	2072
limma	eBayes	PT2-PT1	31	0.01	0	2072
limma	eBayes	PT2-PT1	31	0.05	0	2072
limma	eBayes	PT2-PT1	31	0.1	0	2072
limma	eBayes	PT2-PT1	32	0.01	0	2072
limma	eBayes	PT2-PT1	32	0.05	0	2072
limma	eBayes	PT2-PT1	32	0.1	0	2072
limma	eBayes	PT2-PT1	33	0.01	0	2072
limma	eBayes	PT2-PT1	33	0.05	0	2072
limma	eBayes	PT2-PT1	33	0.1	0	2072
limma	eBayes	PT2-PT1	34	0.01	0	2072
limma	eBayes	PT2-PT1	34	0.05	0	2072
limma	eBayes	PT2-PT1	34	0.1	0	2072
limma	eBayes	PT2-PT1	35	0.01	0	2072
limma	eBayes	PT2-PT1	35	0.05	0	2072
limma	eBayes	PT2-PT1	35	0.1	0	2072
limma	eBayes	PT2-PT1	36	0.01	0	2072
limma	eBayes	PT2-PT1	36	0.05	1	2072
limma	eBayes	PT2-PT1	36	0.1	1	2072
limma	eBayes	PT2-PT1	37	0.01	0	2072
limma	eBayes	PT2-PT1	37	0.05	0	2072
limma	eBayes	PT2-PT1	37	0.1	0	2072
limma	eBayes	PT2-PT1	38	0.01	0	2072
limma	eBayes	PT2-PT1	38	0.05	0	2072
limma	eBayes	PT2-PT1	38	0.1	0	2072
limma	eBayes	PT2-PT1	39	0.01	0	2072
limma	eBayes	PT2-PT1	39	0.05	0	2072
limma	eBayes	PT2-PT1	39	0.1	0	2072
limma	eBayes	PT2-PT1	40	0.01	0	2072
limma	eBayes	PT2-PT1	40	0.05	0	2072
limma	eBayes	PT2-PT1	40	0.1	0	2072
limma	eBayes	PT2-PT1	41	0.01	0	2072
limma	eBayes	PT2-PT1	41	0.05	0	2072
limma	eBayes	PT2-PT1	41	0.1	0	2072
limma	eBayes	PT2-PT1	42	0.01	0	2072
limma	eBayes	PT2-PT1	42	0.05	0	2072
limma	eBayes	PT2-PT1	42	0.1	0	2072
limma	eBayes	PT2-PT1	43	0.01	0	2072
limma	eBayes	PT2-PT1	43	0.05	0	2072
limma	eBayes	PT2-PT1	43	0.1	0	2072
limma	eBayes	PT2-PT1	44	0.01	0	2072
limma	eBayes	PT2-PT1	44	0.05	0	2072
limma	eBayes	PT2-PT1	44	0.1	0	2072
limma	eBayes	PT2-PT1	45	0.01	0	2072
limma	eBayes	PT2-PT1	45	0.05	0	2072
limma	eBayes	PT2-PT1	45	0.1	0	2072
limma	eBayes	PT2-PT1	46	0.01	0	2072
limma	eBayes	PT2-PT1	46	0.05	155	2072
limma	eBayes	PT2-PT1	46	0.1	230	2072
limma	eBayes	PT2-PT1	47	0.01	0	2072
limma	eBayes	PT2-PT1	47	0.05	0	2072
limma	eBayes	PT2-PT1	47	0.1	0	2072
limma	eBayes	PT2-PT1	48	0.01	0	2072
limma	eBayes	PT2-PT1	48	0.05	0	2072
limma	eBayes	PT2-PT1	48	0.1	0	2072
limma	eBayes	PT2-PT1	49	0.01	0	2072
limma	eBayes	PT2-PT1	49	0.05	0	2072
limma	eBayes	PT2-PT1	49	0.1	0	2072
limma	eBayes	PT2-PT1	50	0.01	0	2072
limma	eBayes	PT2-PT1	50	0.05	0	2072
limma	eBayes	PT2-PT1	50	0.1	0	2072
limma	eBayes	PT2-PT1	51	0.01	0	2072
limma	eBayes	PT2-PT1	51	0.05	0	2072
limma	eBayes	PT2-PT1	51	0.1	0	2072
limma	eBayes	PT2-PT1	52	0.01	0	2072
limma	eBayes	PT2-PT1	52	0.05	0	2072
limma	eBayes	PT2-PT1	52	0.1	0	2072
limma	eBayes	PT2-PT1	53	0.01	0	2072
limma	eBayes	PT2-PT1	53	0.05	0	2072
limma	eBayes	PT2-PT1	53	0.1	0	2072
limma	eBayes	PT2-PT1	54	0.01	0	2072
limma	eBayes	PT2-PT1	54	0.05	0	2072
limma	eBayes	PT2-PT1	54	0.1	0	2072
limma	eBayes	PT2-PT1	55	0.01	0	2072
limma	eBayes	PT2-PT1	55	0.05	0	2072
limma	eBayes	PT2-PT1	55	0.1	0	2072
limma	eBayes	PT2-PT1	56	0.01	0	2072
limma	eBayes	PT2-PT1	56	0.05	0	2072
limma	eBayes	PT2-PT1	56	0.1	0	2072
limma	eBayes	PT2-PT1	57	0.01	0	2072
limma	eBayes	PT2-PT1	57	0.05	0	2072
limma	eBayes	PT2-PT1	57	0.1	0	2072
limma	eBayes	PT2-PT1	58	0.01	0	2072
limma	eBayes	PT2-PT1	58	0.05	0	2072
limma	eBayes	PT2-PT1	58	0.1	0	2072
limma	eBayes	PT2-PT1	59	0.01	0	2072
limma	eBayes	PT2-PT1	59	0.05	0	2072
limma	eBayes	PT2-PT1	59	0.1	0	2072
limma	eBayes	PT2-PT1	60	0.01	0	2072
limma	eBayes	PT2-PT1	60	0.05	0	2072
limma	eBayes	PT2-PT1	60	0.1	0	2072
limma	eBayes	PT2-PT1	61	0.01	0	2072
limma	eBayes	PT2-PT1	61	0.05	0	2072
limma	eBayes	PT2-PT1	61	0.1	0	2072
limma	eBayes	PT2-PT1	62	0.01	0	2072
limma	eBayes	PT2-PT1	62	0.05	0	2072
limma	eBayes	PT2-PT1	62	0.1	0	2072
limma	eBayes	PT2-PT1	63	0.01	0	2072
limma	eBayes	PT2-PT1	63	0.05	0	2072
limma	eBayes	PT2-PT1	63	0.1	0	2072
limma	eBayes	PT2-PT1	64	0.01	0	2072
limma	eBayes	PT2-PT1	64	0.05	0	2072
limma	eBayes	PT2-PT1	64	0.1	0	2072
limma	eBayes	PT2-PT1	65	0.01	0	2072
limma	eBayes	PT2-PT1	65	0.05	0	2072
limma	eBayes	PT2-PT1	65	0.1	0	2072
limma	eBayes	PT2-PT1	66	0.01	0	2072
limma	eBayes	PT2-PT1	66	0.05	0	2072
limma	eBayes	PT2-PT1	66	0.1	0	2072
limma	eBayes	PT2-PT1	67	0.01	0	2072
limma	eBayes	PT2-PT1	67	0.05	0	2072
limma	eBayes	PT2-PT1	67	0.1	0	2072
limma	eBayes	PT2-PT1	68	0.01	0	2072
limma	eBayes	PT2-PT1	68	0.05	0	2072
limma	eBayes	PT2-PT1	68	0.1	0	2072
limma	eBayes	PT2-PT1	69	0.01	0	2072
limma	eBayes	PT2-PT1	69	0.05	0	2072
limma	eBayes	PT2-PT1	69	0.1	0	2072
limma	eBayes	PT2-PT1	70	0.01	0	2072
limma	eBayes	PT2-PT1	70	0.05	0	2072
limma	eBayes	PT2-PT1	70	0.1	0	2072
limma	eBayes	PT2-PT1	71	0.01	0	2072
limma	eBayes	PT2-PT1	71	0.05	0	2072
limma	eBayes	PT2-PT1	71	0.1	0	2072
limma	eBayes	PT2-PT1	72	0.01	0	2072
limma	eBayes	PT2-PT1	72	0.05	0	2072
limma	eBayes	PT2-PT1	72	0.1	0	2072
limma	eBayes	PT2-PT1	73	0.01	0	2072
limma	eBayes	PT2-PT1	73	0.05	0	2072
limma	eBayes	PT2-PT1	73	0.1	0	2072
limma	eBayes	PT2-PT1	74	0.01	0	2072
limma	eBayes	PT2-PT1	74	0.05	0	2072
limma	eBayes	PT2-PT1	74	0.1	0	2072
limma	eBayes	PT2-PT1	75	0.01	0	2072
limma	eBayes	PT2-PT1	75	0.05	0	2072
limma	eBayes	PT2-PT1	75	0.1	0	2072
limma	eBayes	PT2-PT1	76	0.01	0	2072
limma	eBayes	PT2-PT1	76	0.05	0	2072
limma	eBayes	PT2-PT1	76	0.1	0	2072
limma	eBayes	PT2-PT1	77	0.01	0	2072
limma	eBayes	PT2-PT1	77	0.05	0	2072
limma	eBayes	PT2-PT1	77	0.1	0	2072
limma	eBayes	PT2-PT1	78	0.01	0	2072
limma	eBayes	PT2-PT1	78	0.05	0	2072
limma	eBayes	PT2-PT1	78	0.1	0	2072
limma	eBayes	PT2-PT1	79	0.01	0	2072
limma	eBayes	PT2-PT1	79	0.05	0	2072
limma	eBayes	PT2-PT1	79	0.1	0	2072
limma	eBayes	PT2-PT1	80	0.01	0	2072
limma	eBayes	PT2-PT1	80	0.05	0	2072
limma	eBayes	PT2-PT1	80	0.1	0	2072
limma	eBayes	PT2-PT1	81	0.01	0	2072
limma	eBayes	PT2-PT1	81	0.05	0	2072
limma	eBayes	PT2-PT1	81	0.1	0	2072
limma	eBayes	PT2-PT1	82	0.01	0	2072
limma	eBayes	PT2-PT1	82	0.05	0	2072
limma	eBayes	PT2-PT1	82	0.1	0	2072
limma	eBayes	PT2-PT1	83	0.01	0	2072
limma	eBayes	PT2-PT1	83	0.05	0	2072
limma	eBayes	PT2-PT1	83	0.1	0	2072
limma	eBayes	PT2-PT1	84	0.01	0	2072
limma	eBayes	PT2-PT1	84	0.05	0	2072
limma	eBayes	PT2-PT1	84	0.1	1	2072
limma	eBayes	PT2-PT1	85	0.01	0	2072
limma	eBayes	PT2-PT1	85	0.05	0	2072
limma	eBayes	PT2-PT1	85	0.1	0	2072
limma	eBayes	PT2-PT1	86	0.01	0	2072
limma	eBayes	PT2-PT1	86	0.05	0	2072
limma	eBayes	PT2-PT1	86	0.1	0	2072
limma	eBayes	PT2-PT1	87	0.01	0	2072
limma	eBayes	PT2-PT1	87	0.05	0	2072
limma	eBayes	PT2-PT1	87	0.1	0	2072
limma	eBayes	PT2-PT1	88	0.01	0	2072
limma	eBayes	PT2-PT1	88	0.05	0	2072
limma	eBayes	PT2-PT1	88	0.1	0	2072
limma	eBayes	PT2-PT1	89	0.01	0	2072
limma	eBayes	PT2-PT1	89	0.05	0	2072
limma	eBayes	PT2-PT1	89	0.1	0	2072
limma	eBayes	PT2-PT1	90	0.01	0	2072
limma	eBayes	PT2-PT1	90	0.05	0	2072
limma	eBayes	PT2-PT1	90	0.1	0	2072
limma	eBayes	PT2-PT1	91	0.01	0	2072
limma	eBayes	PT2-PT1	91	0.05	0	2072
limma	eBayes	PT2-PT1	91	0.1	0	2072
limma	eBayes	PT2-PT1	92	0.01	0	2072
limma	eBayes	PT2-PT1	92	0.05	0	2072
limma	eBayes	PT2-PT1	92	0.1	0	2072
limma	eBayes	PT2-PT1	93	0.01	0	2072
limma	eBayes	PT2-PT1	93	0.05	0	2072
limma	eBayes	PT2-PT1	93	0.1	0	2072
limma	eBayes	PT2-PT1	94	0.01	0	2072
limma	eBayes	PT2-PT1	94	0.05	0	2072
limma	eBayes	PT2-PT1	94	0.1	0	2072
limma	eBayes	PT2-PT1	95	0.01	0	2072
limma	eBayes	PT2-PT1	95	0.05	0	2072
limma	eBayes	PT2-PT1	95	0.1	0	2072
limma	eBayes	PT2-PT1	96	0.01	0	2072
limma	eBayes	PT2-PT1	96	0.05	0	2072
limma	eBayes	PT2-PT1	96	0.1	0	2072
limma	eBayes	PT2-PT1	97	0.01	0	2072
limma	eBayes	PT2-PT1	97	0.05	0	2072
limma	eBayes	PT2-PT1	97	0.1	0	2072
limma	eBayes	PT2-PT1	98	0.01	0	2072
limma	eBayes	PT2-PT1	98	0.05	0	2072
limma	eBayes	PT2-PT1	98	0.1	0	2072
limma	eBayes	PT2-PT1	99	0.01	0	2072
limma	eBayes	PT2-PT1	99	0.05	0	2072
limma	eBayes	PT2-PT1	99	0.1	0	2072
limma	eBayes	PT2-PT1	100	0.01	0	2072
limma	eBayes	PT2-PT1	100	0.05	0	2072
limma	eBayes	PT2-PT1	100	0.1	0	2072
limma	eBayes	PT2-PT1	101	0.01	0	2072
limma	eBayes	PT2-PT1	101	0.05	0	2072
limma	eBayes	PT2-PT1	101	0.1	0	2072
limma	eBayes	PT2-PT1	102	0.01	0	2072
limma	eBayes	PT2-PT1	102	0.05	0	2072
limma	eBayes	PT2-PT1	102	0.1	0	2072
limma	eBayes	PT2-PT1	103	0.01	0	2072
limma	eBayes	PT2-PT1	103	0.05	0	2072
limma	eBayes	PT2-PT1	103	0.1	0	2072
limma	eBayes	PT2-PT1	104	0.01	0	2072
limma	eBayes	PT2-PT1	104	0.05	0	2072
limma	eBayes	PT2-PT1	104	0.1	0	2072
limma	eBayes	PT2-PT1	105	0.01	0	2072
limma	eBayes	PT2-PT1	105	0.05	0	2072
limma	eBayes	PT2-PT1	105	0.1	0	2072
limma	eBayes	PT2-PT1	106	0.01	0	2072
limma	eBayes	PT2-PT1	106	0.05	0	2072
limma	eBayes	PT2-PT1	106	0.1	0	2072
limma	eBayes	PT2-PT1	107	0.01	0	2072
limma	eBayes	PT2-PT1	107	0.05	0	2072
limma	eBayes	PT2-PT1	107	0.1	0	2072
limma	eBayes	PT2-PT1	108	0.01	0	2072
limma	eBayes	PT2-PT1	108	0.05	0	2072
limma	eBayes	PT2-PT1	108	0.1	0	2072
limma	eBayes	PT2-PT1	109	0.01	0	2072
limma	eBayes	PT2-PT1	109	0.05	0	2072
limma	eBayes	PT2-PT1	109	0.1	0	2072
limma	eBayes	PT2-PT1	110	0.01	0	2072
limma	eBayes	PT2-PT1	110	0.05	0	2072
limma	eBayes	PT2-PT1	110	0.1	0	2072
limma	eBayes	PT2-PT1	111	0.01	0	2072
limma	eBayes	PT2-PT1	111	0.05	0	2072
limma	eBayes	PT2-PT1	111	0.1	0	2072
limma	eBayes	PT2-PT1	112	0.01	0	2072
limma	eBayes	PT2-PT1	112	0.05	0	2072
limma	eBayes	PT2-PT1	112	0.1	0	2072
limma	eBayes	PT2-PT1	113	0.01	0	2072
limma	eBayes	PT2-PT1	113	0.05	0	2072
limma	eBayes	PT2-PT1	113	0.1	0	2072
limma	eBayes	PT2-PT1	114	0.01	0	2072
limma	eBayes	PT2-PT1	114	0.05	0	2072
limma	eBayes	PT2-PT1	114	0.1	0	2072
limma	eBayes	PT2-PT1	115	0.01	0	2072
limma	eBayes	PT2-PT1	115	0.05	0	2072
limma	eBayes	PT2-PT1	115	0.1	0	2072
limma	eBayes	PT2-PT1	116	0.01	0	2072
limma	eBayes	PT2-PT1	116	0.05	0	2072
limma	eBayes	PT2-PT1	116	0.1	0	2072
limma	eBayes	PT2-PT1	117	0.01	0	2072
limma	eBayes	PT2-PT1	117	0.05	0	2072
limma	eBayes	PT2-PT1	117	0.1	0	2072
limma	eBayes	PT2-PT1	118	0.01	0	2072
limma	eBayes	PT2-PT1	118	0.05	0	2072
limma	eBayes	PT2-PT1	118	0.1	0	2072
limma	eBayes	PT2-PT1	119	0.01	0	2072
limma	eBayes	PT2-PT1	119	0.05	0	2072
limma	eBayes	PT2-PT1	119	0.1	0	2072
limma	eBayes	PT2-PT1	120	0.01	0	2072
limma	eBayes	PT2-PT1	120	0.05	0	2072
limma	eBayes	PT2-PT1	120	0.1	0	2072
limma	eBayes	PT2-PT1	121	0.01	0	2072
limma	eBayes	PT2-PT1	121	0.05	0	2072
limma	eBayes	PT2-PT1	121	0.1	0	2072
limma	eBayes	PT2-PT1	122	0.01	0	2072
limma	eBayes	PT2-PT1	122	0.05	0	2072
limma	eBayes	PT2-PT1	122	0.1	0	2072
limma	eBayes	PT2-PT1	123	0.01	0	2072
limma	eBayes	PT2-PT1	123	0.05	0	2072
limma	eBayes	PT2-PT1	123	0.1	1	2072
limma	eBayes	PT2-PT1	124	0.01	0	2072
limma	eBayes	PT2-PT1	124	0.05	0	2072
limma	eBayes	PT2-PT1	124	0.1	0	2072
limma	eBayes	PT2-PT1	125	0.01	0	2072
limma	eBayes	PT2-PT1	125	0.05	0	2072
limma	eBayes	PT2-PT1	125	0.1	0	2072
limma	eBayes	PT2-PT1	126	0.01	0	2072
limma	eBayes	PT2-PT1	126	0.05	0	2072
limma	eBayes	PT2-PT1	126	0.1	0	2072
limma	eBayes	PT2-PT1	127	0.01	0	2072
limma	eBayes	PT2-PT1	127	0.05	0	2072
limma	eBayes	PT2-PT1	127	0.1	0	2072
limma	eBayes	PT2-PT1	128	0.01	0	2072
limma	eBayes	PT2-PT1	128	0.05	0	2072
limma	eBayes	PT2-PT1	128	0.1	0	2072
limma	eBayes	PT2-PT1	129	0.01	0	2072
limma	eBayes	PT2-PT1	129	0.05	0	2072
limma	eBayes	PT2-PT1	129	0.1	0	2072
limma	eBayes	PT2-PT1	130	0.01	0	2072
limma	eBayes	PT2-PT1	130	0.05	0	2072
limma	eBayes	PT2-PT1	130	0.1	0	2072
limma	eBayes	PT2-PT1	131	0.01	0	2072
limma	eBayes	PT2-PT1	131	0.05	0	2072
limma	eBayes	PT2-PT1	131	0.1	0	2072
limma	eBayes	PT2-PT1	132	0.01	0	2072
limma	eBayes	PT2-PT1	132	0.05	0	2072
limma	eBayes	PT2-PT1	132	0.1	0	2072
limma	eBayes	PT2-PT1	133	0.01	0	2072
limma	eBayes	PT2-PT1	133	0.05	0	2072
limma	eBayes	PT2-PT1	133	0.1	0	2072
limma	eBayes	PT2-PT1	134	0.01	0	2072
limma	eBayes	PT2-PT1	134	0.05	0	2072
limma	eBayes	PT2-PT1	134	0.1	0	2072
limma	eBayes	PT2-PT1	135	0.01	0	2072
limma	eBayes	PT2-PT1	135	0.05	0	2072
limma	eBayes	PT2-PT1	135	0.1	0	2072
limma	eBayes	PT2-PT1	136	0.01	0	2072
limma	eBayes	PT2-PT1	136	0.05	0	2072
limma	eBayes	PT2-PT1	136	0.1	0	2072
limma	eBayes	PT2-PT1	137	0.01	0	2072
limma	eBayes	PT2-PT1	137	0.05	0	2072
limma	eBayes	PT2-PT1	137	0.1	0	2072
limma	eBayes	PT2-PT1	138	0.01	0	2072
limma	eBayes	PT2-PT1	138	0.05	0	2072
limma	eBayes	PT2-PT1	138	0.1	0	2072
limma	eBayes	PT2-PT1	139	0.01	0	2072
limma	eBayes	PT2-PT1	139	0.05	0	2072
limma	eBayes	PT2-PT1	139	0.1	0	2072
limma	eBayes	PT2-PT1	140	0.01	0	2072
limma	eBayes	PT2-PT1	140	0.05	0	2072
limma	eBayes	PT2-PT1	140	0.1	0	2072
limma	eBayes	PT2-PT1	141	0.01	0	2072
limma	eBayes	PT2-PT1	141	0.05	0	2072
limma	eBayes	PT2-PT1	141	0.1	0	2072
limma	eBayes	PT2-PT1	142	0.01	0	2072
limma	eBayes	PT2-PT1	142	0.05	0	2072
limma	eBayes	PT2-PT1	142	0.1	0	2072
limma	eBayes	PT2-PT1	143	0.01	0	2072
limma	eBayes	PT2-PT1	143	0.05	0	2072
limma	eBayes	PT2-PT1	143	0.1	1	2072
limma	eBayes	PT2-PT1	144	0.01	0	2072
limma	eBayes	PT2-PT1	144	0.05	0	2072
limma	eBayes	PT2-PT1	144	0.1	0	2072
limma	eBayes	PT2-PT1	145	0.01	0	2072
limma	eBayes	PT2-PT1	145	0.05	0	2072
limma	eBayes	PT2-PT1	145	0.1	0	2072
limma	eBayes	PT2-PT1	146	0.01	0	2072
limma	eBayes	PT2-PT1	146	0.05	0	2072
limma	eBayes	PT2-PT1	146	0.1	0	2072
limma	eBayes	PT2-PT1	147	0.01	0	2072
limma	eBayes	PT2-PT1	147	0.05	0	2072
limma	eBayes	PT2-PT1	147	0.1	0	2072
limma	eBayes	PT2-PT1	148	0.01	0	2072
limma	eBayes	PT2-PT1	148	0.05	0	2072
limma	eBayes	PT2-PT1	148	0.1	0	2072
limma	eBayes	PT2-PT1	149	0.01	0	2072
limma	eBayes	PT2-PT1	149	0.05	0	2072
limma	eBayes	PT2-PT1	149	0.1	0	2072
limma	eBayes	PT2-PT1	150	0.01	0	2072
limma	eBayes	PT2-PT1	150	0.05	0	2072
limma	eBayes	PT2-PT1	150	0.1	0	2072
limma	eBayes	PT2-PT1	151	0.01	0	2072
limma	eBayes	PT2-PT1	151	0.05	0	2072
limma	eBayes	PT2-PT1	151	0.1	0	2072
limma	eBayes	PT2-PT1	152	0.01	0	2072
limma	eBayes	PT2-PT1	152	0.05	0	2072
limma	eBayes	PT2-PT1	152	0.1	0	2072
limma	eBayes	PT2-PT1	153	0.01	0	2072
limma	eBayes	PT2-PT1	153	0.05	0	2072
limma	eBayes	PT2-PT1	153	0.1	0	2072
limma	eBayes	PT2-PT1	154	0.01	0	2072
limma	eBayes	PT2-PT1	154	0.05	0	2072
limma	eBayes	PT2-PT1	154	0.1	0	2072
limma	eBayes	PT2-PT1	155	0.01	0	2072
limma	eBayes	PT2-PT1	155	0.05	0	2072
limma	eBayes	PT2-PT1	155	0.1	0	2072
limma	eBayes	PT2-PT1	156	0.01	0	2072
limma	eBayes	PT2-PT1	156	0.05	0	2072
limma	eBayes	PT2-PT1	156	0.1	0	2072
limma	eBayes	PT2-PT1	157	0.01	0	2072
limma	eBayes	PT2-PT1	157	0.05	0	2072
limma	eBayes	PT2-PT1	157	0.1	0	2072
limma	eBayes	PT2-PT1	158	0.01	0	2072
limma	eBayes	PT2-PT1	158	0.05	0	2072
limma	eBayes	PT2-PT1	158	0.1	0	2072
limma	eBayes	PT2-PT1	159	0.01	0	2072
limma	eBayes	PT2-PT1	159	0.05	0	2072
limma	eBayes	PT2-PT1	159	0.1	0	2072
limma	eBayes	PT2-PT1	160	0.01	0	2072
limma	eBayes	PT2-PT1	160	0.05	0	2072
limma	eBayes	PT2-PT1	160	0.1	0	2072
limma	eBayes	PT2-PT1	161	0.01	0	2072
limma	eBayes	PT2-PT1	161	0.05	0	2072
limma	eBayes	PT2-PT1	161	0.1	0	2072
limma	eBayes	PT2-PT1	162	0.01	0	2072
limma	eBayes	PT2-PT1	162	0.05	0	2072
limma	eBayes	PT2-PT1	162	0.1	0	2072
limma	eBayes	PT2-PT1	163	0.01	0	2072
limma	eBayes	PT2-PT1	163	0.05	0	2072
limma	eBayes	PT2-PT1	163	0.1	0	2072
limma	eBayes	PT2-PT1	164	0.01	0	2072
limma	eBayes	PT2-PT1	164	0.05	0	2072
limma	eBayes	PT2-PT1	164	0.1	0	2072
limma	eBayes	PT2-PT1	165	0.01	0	2072
limma	eBayes	PT2-PT1	165	0.05	0	2072
limma	eBayes	PT2-PT1	165	0.1	0	2072
limma	eBayes	PT2-PT1	166	0.01	0	2072
limma	eBayes	PT2-PT1	166	0.05	0	2072
limma	eBayes	PT2-PT1	166	0.1	0	2072
limma	eBayes	PT2-PT1	167	0.01	0	2072
limma	eBayes	PT2-PT1	167	0.05	0	2072
limma	eBayes	PT2-PT1	167	0.1	1	2072
limma	eBayes	PT2-PT1	168	0.01	0	2072
limma	eBayes	PT2-PT1	168	0.05	0	2072
limma	eBayes	PT2-PT1	168	0.1	0	2072
limma	eBayes	PT2-PT1	169	0.01	0	2072
limma	eBayes	PT2-PT1	169	0.05	0	2072
limma	eBayes	PT2-PT1	169	0.1	0	2072
limma	eBayes	PT2-PT1	170	0.01	0	2072
limma	eBayes	PT2-PT1	170	0.05	0	2072
limma	eBayes	PT2-PT1	170	0.1	1	2072
limma	eBayes	PT2-PT1	171	0.01	0	2072
limma	eBayes	PT2-PT1	171	0.05	0	2072
limma	eBayes	PT2-PT1	171	0.1	0	2072
limma	eBayes	PT2-PT1	172	0.01	0	2072
limma	eBayes	PT2-PT1	172	0.05	0	2072
limma	eBayes	PT2-PT1	172	0.1	0	2072
limma	eBayes	PT2-PT1	173	0.01	0	2072
limma	eBayes	PT2-PT1	173	0.05	0	2072
limma	eBayes	PT2-PT1	173	0.1	0	2072
limma	eBayes	PT2-PT1	174	0.01	0	2072
limma	eBayes	PT2-PT1	174	0.05	0	2072
limma	eBayes	PT2-PT1	174	0.1	0	2072
limma	eBayes	PT2-PT1	175	0.01	0	2072
limma	eBayes	PT2-PT1	175	0.05	0	2072
limma	eBayes	PT2-PT1	175	0.1	0	2072
limma	eBayes	PT2-PT1	176	0.01	0	2072
limma	eBayes	PT2-PT1	176	0.05	0	2072
limma	eBayes	PT2-PT1	176	0.1	0	2072
limma	eBayes	PT2-PT1	177	0.01	0	2072
limma	eBayes	PT2-PT1	177	0.05	0	2072
limma	eBayes	PT2-PT1	177	0.1	0	2072
limma	eBayes	PT2-PT1	178	0.01	0	2072
limma	eBayes	PT2-PT1	178	0.05	0	2072
limma	eBayes	PT2-PT1	178	0.1	0	2072
limma	eBayes	PT2-PT1	179	0.01	0	2072
limma	eBayes	PT2-PT1	179	0.05	0	2072
limma	eBayes	PT2-PT1	179	0.1	0	2072
limma	eBayes	PT2-PT1	180	0.01	0	2072
limma	eBayes	PT2-PT1	180	0.05	0	2072
limma	eBayes	PT2-PT1	180	0.1	0	2072
limma	eBayes	PT2-PT1	181	0.01	0	2072
limma	eBayes	PT2-PT1	181	0.05	0	2072
limma	eBayes	PT2-PT1	181	0.1	0	2072
limma	eBayes	PT2-PT1	182	0.01	0	2072
limma	eBayes	PT2-PT1	182	0.05	0	2072
limma	eBayes	PT2-PT1	182	0.1	0	2072
limma	eBayes	PT2-PT1	183	0.01	0	2072
limma	eBayes	PT2-PT1	183	0.05	1	2072
limma	eBayes	PT2-PT1	183	0.1	1	2072
limma	eBayes	PT2-PT1	184	0.01	0	2072
limma	eBayes	PT2-PT1	184	0.05	0	2072
limma	eBayes	PT2-PT1	184	0.1	0	2072
limma	eBayes	PT2-PT1	185	0.01	0	2072
limma	eBayes	PT2-PT1	185	0.05	0	2072
limma	eBayes	PT2-PT1	185	0.1	0	2072
limma	eBayes	PT2-PT1	186	0.01	0	2072
limma	eBayes	PT2-PT1	186	0.05	0	2072
limma	eBayes	PT2-PT1	186	0.1	0	2072
limma	eBayes	PT2-PT1	187	0.01	0	2072
limma	eBayes	PT2-PT1	187	0.05	0	2072
limma	eBayes	PT2-PT1	187	0.1	0	2072
limma	eBayes	PT2-PT1	188	0.01	0	2072
limma	eBayes	PT2-PT1	188	0.05	0	2072
limma	eBayes	PT2-PT1	188	0.1	0	2072
limma	eBayes	PT2-PT1	189	0.01	0	2072
limma	eBayes	PT2-PT1	189	0.05	0	2072
limma	eBayes	PT2-PT1	189	0.1	0	2072
limma	eBayes	PT2-PT1	190	0.01	0	2072
limma	eBayes	PT2-PT1	190	0.05	0	2072
limma	eBayes	PT2-PT1	190	0.1	0	2072
limma	eBayes	PT2-PT1	191	0.01	0	2072
limma	eBayes	PT2-PT1	191	0.05	0	2072
limma	eBayes	PT2-PT1	191	0.1	0	2072
limma	eBayes	PT2-PT1	192	0.01	0	2072
limma	eBayes	PT2-PT1	192	0.05	0	2072
limma	eBayes	PT2-PT1	192	0.1	0	2072
limma	eBayes	PT2-PT1	193	0.01	0	2072
limma	eBayes	PT2-PT1	193	0.05	0	2072
limma	eBayes	PT2-PT1	193	0.1	0	2072
limma	eBayes	PT2-PT1	194	0.01	0	2072
limma	eBayes	PT2-PT1	194	0.05	0	2072
limma	eBayes	PT2-PT1	194	0.1	0	2072
limma	eBayes	PT2-PT1	195	0.01	0	2072
limma	eBayes	PT2-PT1	195	0.05	0	2072
limma	eBayes	PT2-PT1	195	0.1	0	2072
limma	eBayes	PT2-PT1	196	0.01	0	2072
limma	eBayes	PT2-PT1	196	0.05	0	2072
limma	eBayes	PT2-PT1	196	0.1	0	2072
limma	eBayes	PT2-PT1	197	0.01	0	2072
limma	eBayes	PT2-PT1	197	0.05	0	2072
limma	eBayes	PT2-PT1	197	0.1	0	2072
limma	eBayes	PT2-PT1	198	0.01	0	2072
limma	eBayes	PT2-PT1	198	0.05	0	2072
limma	eBayes	PT2-PT1	198	0.1	0	2072
limma	eBayes	PT2-PT1	199	0.01	0	2072
limma	eBayes	PT2-PT1	199	0.05	0	2072
limma	eBayes	PT2-PT1	199	0.1	0	2072
limma	eBayes	PR2-PR1	0	0.01	0	1184
limma	eBayes	PR2-PR1	0	0.05	0	1184
limma	eBayes	PR2-PR1	0	0.1	0	1184
limma	eBayes	PR2-PR1	1	0.01	0	1184
limma	eBayes	PR2-PR1	1	0.05	0	1184
limma	eBayes	PR2-PR1	1	0.1	0	1184
limma	eBayes	PR2-PR1	2	0.01	0	1184
limma	eBayes	PR2-PR1	2	0.05	0	1184
limma	eBayes	PR2-PR1	2	0.1	0	1184
limma	eBayes	PR2-PR1	3	0.01	0	1184
limma	eBayes	PR2-PR1	3	0.05	0	1184
limma	eBayes	PR2-PR1	3	0.1	0	1184
limma	eBayes	PR2-PR1	4	0.01	0	1184
limma	eBayes	PR2-PR1	4	0.05	0	1184
limma	eBayes	PR2-PR1	4	0.1	0	1184
limma	eBayes	PR2-PR1	5	0.01	0	1184
limma	eBayes	PR2-PR1	5	0.05	0	1184
limma	eBayes	PR2-PR1	5	0.1	0	1184
limma	eBayes	PR2-PR1	6	0.01	0	1184
limma	eBayes	PR2-PR1	6	0.05	0	1184
limma	eBayes	PR2-PR1	6	0.1	0	1184
limma	eBayes	PR2-PR1	7	0.01	0	1184
limma	eBayes	PR2-PR1	7	0.05	0	1184
limma	eBayes	PR2-PR1	7	0.1	0	1184
limma	eBayes	PR2-PR1	8	0.01	0	1184
limma	eBayes	PR2-PR1	8	0.05	0	1184
limma	eBayes	PR2-PR1	8	0.1	0	1184
limma	eBayes	PR2-PR1	9	0.01	0	1184
limma	eBayes	PR2-PR1	9	0.05	0	1184
limma	eBayes	PR2-PR1	9	0.1	0	1184
limma	eBayes	PR2-PR1	10	0.01	0	1184
limma	eBayes	PR2-PR1	10	0.05	0	1184
limma	eBayes	PR2-PR1	10	0.1	0	1184
limma	eBayes	PR2-PR1	11	0.01	0	1184
limma	eBayes	PR2-PR1	11	0.05	0	1184
limma	eBayes	PR2-PR1	11	0.1	0	1184
limma	eBayes	PR2-PR1	12	0.01	0	1184
limma	eBayes	PR2-PR1	12	0.05	0	1184
limma	eBayes	PR2-PR1	12	0.1	0	1184
limma	eBayes	PR2-PR1	13	0.01	0	1184
limma	eBayes	PR2-PR1	13	0.05	0	1184
limma	eBayes	PR2-PR1	13	0.1	0	1184
limma	eBayes	PR2-PR1	14	0.01	0	1184
limma	eBayes	PR2-PR1	14	0.05	0	1184
limma	eBayes	PR2-PR1	14	0.1	0	1184
limma	eBayes	PR2-PR1	15	0.01	0	1184
limma	eBayes	PR2-PR1	15	0.05	77	1184
limma	eBayes	PR2-PR1	15	0.1	144	1184
limma	eBayes	PR2-PR1	16	0.01	0	1184
limma	eBayes	PR2-PR1	16	0.05	0	1184
limma	eBayes	PR2-PR1	16	0.1	0	1184
limma	eBayes	PR2-PR1	17	0.01	0	1184
limma	eBayes	PR2-PR1	17	0.05	0	1184
limma	eBayes	PR2-PR1	17	0.1	0	1184
limma	eBayes	PR2-PR1	18	0.01	0	1184
limma	eBayes	PR2-PR1	18	0.05	0	1184
limma	eBayes	PR2-PR1	18	0.1	0	1184
limma	eBayes	PR2-PR1	19	0.01	0	1184
limma	eBayes	PR2-PR1	19	0.05	0	1184
limma	eBayes	PR2-PR1	19	0.1	0	1184
limma	eBayes	PR2-PR1	20	0.01	0	1184
limma	eBayes	PR2-PR1	20	0.05	0	1184
limma	eBayes	PR2-PR1	20	0.1	0	1184
limma	eBayes	PR2-PR1	21	0.01	0	1184
limma	eBayes	PR2-PR1	21	0.05	0	1184
limma	eBayes	PR2-PR1	21	0.1	0	1184
limma	eBayes	PR2-PR1	22	0.01	0	1184
limma	eBayes	PR2-PR1	22	0.05	0	1184
limma	eBayes	PR2-PR1	22	0.1	0	1184
limma	eBayes	PR2-PR1	23	0.01	0	1184
limma	eBayes	PR2-PR1	23	0.05	0	1184
limma	eBayes	PR2-PR1	23	0.1	0	1184
limma	eBayes	PR2-PR1	24	0.01	0	1184
limma	eBayes	PR2-PR1	24	0.05	0	1184
limma	eBayes	PR2-PR1	24	0.1	0	1184
limma	eBayes	PR2-PR1	25	0.01	0	1184
limma	eBayes	PR2-PR1	25	0.05	0	1184
limma	eBayes	PR2-PR1	25	0.1	0	1184
limma	eBayes	PR2-PR1	26	0.01	0	1184
limma	eBayes	PR2-PR1	26	0.05	0	1184
limma	eBayes	PR2-PR1	26	0.1	0	1184
limma	eBayes	PR2-PR1	27	0.01	0	1184
limma	eBayes	PR2-PR1	27	0.05	0	1184
limma	eBayes	PR2-PR1	27	0.1	0	1184
limma	eBayes	PR2-PR1	28	0.01	0	1184
limma	eBayes	PR2-PR1	28	0.05	0	1184
limma	eBayes	PR2-PR1	28	0.1	0	1184
limma	eBayes	PR2-PR1	29	0.01	0	1184
limma	eBayes	PR2-PR1	29	0.05	0	1184
limma	eBayes	PR2-PR1	29	0.1	0	1184
limma	eBayes	PR2-PR1	30	0.01	0	1184
limma	eBayes	PR2-PR1	30	0.05	0	1184
limma	eBayes	PR2-PR1	30	0.1	0	1184
limma	eBayes	PR2-PR1	31	0.01	0	1184
limma	eBayes	PR2-PR1	31	0.05	0	1184
limma	eBayes	PR2-PR1	31	0.1	0	1184
limma	eBayes	PR2-PR1	32	0.01	0	1184
limma	eBayes	PR2-PR1	32	0.05	0	1184
limma	eBayes	PR2-PR1	32	0.1	0	1184
limma	eBayes	PR2-PR1	33	0.01	0	1184
limma	eBayes	PR2-PR1	33	0.05	0	1184
limma	eBayes	PR2-PR1	33	0.1	1	1184
limma	eBayes	PR2-PR1	34	0.01	0	1184
limma	eBayes	PR2-PR1	34	0.05	0	1184
limma	eBayes	PR2-PR1	34	0.1	0	1184
limma	eBayes	PR2-PR1	35	0.01	0	1184
limma	eBayes	PR2-PR1	35	0.05	0	1184
limma	eBayes	PR2-PR1	35	0.1	0	1184
limma	eBayes	PR2-PR1	36	0.01	0	1184
limma	eBayes	PR2-PR1	36	0.05	0	1184
limma	eBayes	PR2-PR1	36	0.1	0	1184
limma	eBayes	PR2-PR1	37	0.01	0	1184
limma	eBayes	PR2-PR1	37	0.05	0	1184
limma	eBayes	PR2-PR1	37	0.1	0	1184
limma	eBayes	PR2-PR1	38	0.01	0	1184
limma	eBayes	PR2-PR1	38	0.05	0	1184
limma	eBayes	PR2-PR1	38	0.1	0	1184
limma	eBayes	PR2-PR1	39	0.01	0	1184
limma	eBayes	PR2-PR1	39	0.05	0	1184
limma	eBayes	PR2-PR1	39	0.1	0	1184
limma	eBayes	PR2-PR1	40	0.01	0	1184
limma	eBayes	PR2-PR1	40	0.05	0	1184
limma	eBayes	PR2-PR1	40	0.1	0	1184
limma	eBayes	PR2-PR1	41	0.01	0	1184
limma	eBayes	PR2-PR1	41	0.05	0	1184
limma	eBayes	PR2-PR1	41	0.1	0	1184
limma	eBayes	PR2-PR1	42	0.01	0	1184
limma	eBayes	PR2-PR1	42	0.05	0	1184
limma	eBayes	PR2-PR1	42	0.1	0	1184
limma	eBayes	PR2-PR1	43	0.01	0	1184
limma	eBayes	PR2-PR1	43	0.05	0	1184
limma	eBayes	PR2-PR1	43	0.1	0	1184
limma	eBayes	PR2-PR1	44	0.01	0	1184
limma	eBayes	PR2-PR1	44	0.05	0	1184
limma	eBayes	PR2-PR1	44	0.1	0	1184
limma	eBayes	PR2-PR1	45	0.01	0	1184
limma	eBayes	PR2-PR1	45	0.05	0	1184
limma	eBayes	PR2-PR1	45	0.1	0	1184
limma	eBayes	PR2-PR1	46	0.01	0	1184
limma	eBayes	PR2-PR1	46	0.05	0	1184
limma	eBayes	PR2-PR1	46	0.1	0	1184
limma	eBayes	PR2-PR1	47	0.01	0	1184
limma	eBayes	PR2-PR1	47	0.05	0	1184
limma	eBayes	PR2-PR1	47	0.1	0	1184
limma	eBayes	PR2-PR1	48	0.01	0	1184
limma	eBayes	PR2-PR1	48	0.05	0	1184
limma	eBayes	PR2-PR1	48	0.1	0	1184
limma	eBayes	PR2-PR1	49	0.01	0	1184
limma	eBayes	PR2-PR1	49	0.05	0	1184
limma	eBayes	PR2-PR1	49	0.1	0	1184
limma	eBayes	PR2-PR1	50	0.01	0	1184
limma	eBayes	PR2-PR1	50	0.05	0	1184
limma	eBayes	PR2-PR1	50	0.1	0	1184
limma	eBayes	PR2-PR1	51	0.01	0	1184
limma	eBayes	PR2-PR1	51	0.05	0	1184
limma	eBayes	PR2-PR1	51	0.1	0	1184
limma	eBayes	PR2-PR1	52	0.01	0	1184
limma	eBayes	PR2-PR1	52	0.05	0	1184
limma	eBayes	PR2-PR1	52	0.1	0	1184
limma	eBayes	PR2-PR1	53	0.01	0	1184
limma	eBayes	PR2-PR1	53	0.05	1	1184
limma	eBayes	PR2-PR1	53	0.1	1	1184
limma	eBayes	PR2-PR1	54	0.01	0	1184
limma	eBayes	PR2-PR1	54	0.05	0	1184
limma	eBayes	PR2-PR1	54	0.1	0	1184
limma	eBayes	PR2-PR1	55	0.01	0	1184
limma	eBayes	PR2-PR1	55	0.05	0	1184
limma	eBayes	PR2-PR1	55	0.1	0	1184
limma	eBayes	PR2-PR1	56	0.01	0	1184
limma	eBayes	PR2-PR1	56	0.05	0	1184
limma	eBayes	PR2-PR1	56	0.1	0	1184
limma	eBayes	PR2-PR1	57	0.01	0	1184
limma	eBayes	PR2-PR1	57	0.05	0	1184
limma	eBayes	PR2-PR1	57	0.1	1	1184
limma	eBayes	PR2-PR1	58	0.01	0	1184
limma	eBayes	PR2-PR1	58	0.05	0	1184
limma	eBayes	PR2-PR1	58	0.1	0	1184
limma	eBayes	PR2-PR1	59	0.01	0	1184
limma	eBayes	PR2-PR1	59	0.05	0	1184
limma	eBayes	PR2-PR1	59	0.1	0	1184
limma	eBayes	PR2-PR1	60	0.01	0	1184
limma	eBayes	PR2-PR1	60	0.05	0	1184
limma	eBayes	PR2-PR1	60	0.1	0	1184
limma	eBayes	PR2-PR1	61	0.01	0	1184
limma	eBayes	PR2-PR1	61	0.05	0	1184
limma	eBayes	PR2-PR1	61	0.1	0	1184
limma	eBayes	PR2-PR1	62	0.01	0	1184
limma	eBayes	PR2-PR1	62	0.05	0	1184
limma	eBayes	PR2-PR1	62	0.1	0	1184
limma	eBayes	PR2-PR1	63	0.01	0	1184
limma	eBayes	PR2-PR1	63	0.05	0	1184
limma	eBayes	PR2-PR1	63	0.1	0	1184
limma	eBayes	PR2-PR1	64	0.01	0	1184
limma	eBayes	PR2-PR1	64	0.05	0	1184
limma	eBayes	PR2-PR1	64	0.1	0	1184
limma	eBayes	PR2-PR1	65	0.01	0	1184
limma	eBayes	PR2-PR1	65	0.05	0	1184
limma	eBayes	PR2-PR1	65	0.1	0	1184
limma	eBayes	PR2-PR1	66	0.01	0	1184
limma	eBayes	PR2-PR1	66	0.05	0	1184
limma	eBayes	PR2-PR1	66	0.1	0	1184
limma	eBayes	PR2-PR1	67	0.01	0	1184
limma	eBayes	PR2-PR1	67	0.05	0	1184
limma	eBayes	PR2-PR1	67	0.1	0	1184
limma	eBayes	PR2-PR1	68	0.01	0	1184
limma	eBayes	PR2-PR1	68	0.05	0	1184
limma	eBayes	PR2-PR1	68	0.1	0	1184
limma	eBayes	PR2-PR1	69	0.01	0	1184
limma	eBayes	PR2-PR1	69	0.05	0	1184
limma	eBayes	PR2-PR1	69	0.1	0	1184
limma	eBayes	PR2-PR1	70	0.01	0	1184
limma	eBayes	PR2-PR1	70	0.05	0	1184
limma	eBayes	PR2-PR1	70	0.1	0	1184
limma	eBayes	PR2-PR1	71	0.01	0	1184
limma	eBayes	PR2-PR1	71	0.05	0	1184
limma	eBayes	PR2-PR1	71	0.1	0	1184
limma	eBayes	PR2-PR1	72	0.01	0	1184
limma	eBayes	PR2-PR1	72	0.05	0	1184
limma	eBayes	PR2-PR1	72	0.1	0	1184
limma	eBayes	PR2-PR1	73	0.01	0	1184
limma	eBayes	PR2-PR1	73	0.05	0	1184
limma	eBayes	PR2-PR1	73	0.1	0	1184
limma	eBayes	PR2-PR1	74	0.01	0	1184
limma	eBayes	PR2-PR1	74	0.05	0	1184
limma	eBayes	PR2-PR1	74	0.1	0	1184
limma	eBayes	PR2-PR1	75	0.01	0	1184
limma	eBayes	PR2-PR1	75	0.05	0	1184
limma	eBayes	PR2-PR1	75	0.1	1	1184
limma	eBayes	PR2-PR1	76	0.01	0	1184
limma	eBayes	PR2-PR1	76	0.05	0	1184
limma	eBayes	PR2-PR1	76	0.1	0	1184
limma	eBayes	PR2-PR1	77	0.01	0	1184
limma	eBayes	PR2-PR1	77	0.05	0	1184
limma	eBayes	PR2-PR1	77	0.1	0	1184
limma	eBayes	PR2-PR1	78	0.01	0	1184
limma	eBayes	PR2-PR1	78	0.05	0	1184
limma	eBayes	PR2-PR1	78	0.1	0	1184
limma	eBayes	PR2-PR1	79	0.01	0	1184
limma	eBayes	PR2-PR1	79	0.05	0	1184
limma	eBayes	PR2-PR1	79	0.1	0	1184
limma	eBayes	PR2-PR1	80	0.01	0	1184
limma	eBayes	PR2-PR1	80	0.05	0	1184
limma	eBayes	PR2-PR1	80	0.1	0	1184
limma	eBayes	PR2-PR1	81	0.01	0	1184
limma	eBayes	PR2-PR1	81	0.05	0	1184
limma	eBayes	PR2-PR1	81	0.1	0	1184
limma	eBayes	PR2-PR1	82	0.01	0	1184
limma	eBayes	PR2-PR1	82	0.05	0	1184
limma	eBayes	PR2-PR1	82	0.1	0	1184
limma	eBayes	PR2-PR1	83	0.01	0	1184
limma	eBayes	PR2-PR1	83	0.05	0	1184
limma	eBayes	PR2-PR1	83	0.1	0	1184
limma	eBayes	PR2-PR1	84	0.01	0	1184
limma	eBayes	PR2-PR1	84	0.05	0	1184
limma	eBayes	PR2-PR1	84	0.1	0	1184
limma	eBayes	PR2-PR1	85	0.01	0	1184
limma	eBayes	PR2-PR1	85	0.05	0	1184
limma	eBayes	PR2-PR1	85	0.1	0	1184
limma	eBayes	PR2-PR1	86	0.01	0	1184
limma	eBayes	PR2-PR1	86	0.05	0	1184
limma	eBayes	PR2-PR1	86	0.1	0	1184
limma	eBayes	PR2-PR1	87	0.01	0	1184
limma	eBayes	PR2-PR1	87	0.05	0	1184
limma	eBayes	PR2-PR1	87	0.1	0	1184
limma	eBayes	PR2-PR1	88	0.01	0	1184
limma	eBayes	PR2-PR1	88	0.05	0	1184
limma	eBayes	PR2-PR1	88	0.1	0	1184
limma	eBayes	PR2-PR1	89	0.01	0	1184
limma	eBayes	PR2-PR1	89	0.05	0	1184
limma	eBayes	PR2-PR1	89	0.1	0	1184
limma	eBayes	PR2-PR1	90	0.01	0	1184
limma	eBayes	PR2-PR1	90	0.05	0	1184
limma	eBayes	PR2-PR1	90	0.1	0	1184
limma	eBayes	PR2-PR1	91	0.01	0	1184
limma	eBayes	PR2-PR1	91	0.05	0	1184
limma	eBayes	PR2-PR1	91	0.1	0	1184
limma	eBayes	PR2-PR1	92	0.01	0	1184
limma	eBayes	PR2-PR1	92	0.05	0	1184
limma	eBayes	PR2-PR1	92	0.1	0	1184
limma	eBayes	PR2-PR1	93	0.01	0	1184
limma	eBayes	PR2-PR1	93	0.05	0	1184
limma	eBayes	PR2-PR1	93	0.1	0	1184
limma	eBayes	PR2-PR1	94	0.01	0	1184
limma	eBayes	PR2-PR1	94	0.05	0	1184
limma	eBayes	PR2-PR1	94	0.1	0	1184
limma	eBayes	PR2-PR1	95	0.01	0	1184
limma	eBayes	PR2-PR1	95	0.05	0	1184
limma	eBayes	PR2-PR1	95	0.1	0	1184
limma	eBayes	PR2-PR1	96	0.01	0	1184
limma	eBayes	PR2-PR1	96	0.05	0	1184
limma	eBayes	PR2-PR1	96	0.1	0	1184
limma	eBayes	PR2-PR1	97	0.01	0	1184
limma	eBayes	PR2-PR1	97	0.05	0	1184
limma	eBayes	PR2-PR1	97	0.1	0	1184
limma	eBayes	PR2-PR1	98	0.01	0	1184
limma	eBayes	PR2-PR1	98	0.05	0	1184
limma	eBayes	PR2-PR1	98	0.1	0	1184
limma	eBayes	PR2-PR1	99	0.01	0	1184
limma	eBayes	PR2-PR1	99	0.05	0	1184
limma	eBayes	PR2-PR1	99	0.1	0	1184
limma	eBayes	PR2-PR1	100	0.01	0	1184
limma	eBayes	PR2-PR1	100	0.05	0	1184
limma	eBayes	PR2-PR1	100	0.1	0	1184
limma	eBayes	PR2-PR1	101	0.01	0	1184
limma	eBayes	PR2-PR1	101	0.05	0	1184
limma	eBayes	PR2-PR1	101	0.1	0	1184
limma	eBayes	PR2-PR1	102	0.01	0	1184
limma	eBayes	PR2-PR1	102	0.05	0	1184
limma	eBayes	PR2-PR1	102	0.1	0	1184
limma	eBayes	PR2-PR1	103	0.01	0	1184
limma	eBayes	PR2-PR1	103	0.05	0	1184
limma	eBayes	PR2-PR1	103	0.1	0	1184
limma	eBayes	PR2-PR1	104	0.01	0	1184
limma	eBayes	PR2-PR1	104	0.05	0	1184
limma	eBayes	PR2-PR1	104	0.1	0	1184
limma	eBayes	PR2-PR1	105	0.01	0	1184
limma	eBayes	PR2-PR1	105	0.05	0	1184
limma	eBayes	PR2-PR1	105	0.1	0	1184
limma	eBayes	PR2-PR1	106	0.01	0	1184
limma	eBayes	PR2-PR1	106	0.05	0	1184
limma	eBayes	PR2-PR1	106	0.1	0	1184
limma	eBayes	PR2-PR1	107	0.01	0	1184
limma	eBayes	PR2-PR1	107	0.05	0	1184
limma	eBayes	PR2-PR1	107	0.1	0	1184
limma	eBayes	PR2-PR1	108	0.01	0	1184
limma	eBayes	PR2-PR1	108	0.05	0	1184
limma	eBayes	PR2-PR1	108	0.1	0	1184
limma	eBayes	PR2-PR1	109	0.01	0	1184
limma	eBayes	PR2-PR1	109	0.05	0	1184
limma	eBayes	PR2-PR1	109	0.1	0	1184
limma	eBayes	PR2-PR1	110	0.01	0	1184
limma	eBayes	PR2-PR1	110	0.05	0	1184
limma	eBayes	PR2-PR1	110	0.1	0	1184
limma	eBayes	PR2-PR1	111	0.01	0	1184
limma	eBayes	PR2-PR1	111	0.05	0	1184
limma	eBayes	PR2-PR1	111	0.1	0	1184
limma	eBayes	PR2-PR1	112	0.01	0	1184
limma	eBayes	PR2-PR1	112	0.05	0	1184
limma	eBayes	PR2-PR1	112	0.1	0	1184
limma	eBayes	PR2-PR1	113	0.01	0	1184
limma	eBayes	PR2-PR1	113	0.05	0	1184
limma	eBayes	PR2-PR1	113	0.1	0	1184
limma	eBayes	PR2-PR1	114	0.01	0	1184
limma	eBayes	PR2-PR1	114	0.05	0	1184
limma	eBayes	PR2-PR1	114	0.1	0	1184
limma	eBayes	PR2-PR1	115	0.01	0	1184
limma	eBayes	PR2-PR1	115	0.05	0	1184
limma	eBayes	PR2-PR1	115	0.1	0	1184
limma	eBayes	PR2-PR1	116	0.01	0	1184
limma	eBayes	PR2-PR1	116	0.05	0	1184
limma	eBayes	PR2-PR1	116	0.1	0	1184
limma	eBayes	PR2-PR1	117	0.01	0	1184
limma	eBayes	PR2-PR1	117	0.05	0	1184
limma	eBayes	PR2-PR1	117	0.1	0	1184
limma	eBayes	PR2-PR1	118	0.01	0	1184
limma	eBayes	PR2-PR1	118	0.05	0	1184
limma	eBayes	PR2-PR1	118	0.1	0	1184
limma	eBayes	PR2-PR1	119	0.01	0	1184
limma	eBayes	PR2-PR1	119	0.05	0	1184
limma	eBayes	PR2-PR1	119	0.1	0	1184
limma	eBayes	PR2-PR1	120	0.01	0	1184
limma	eBayes	PR2-PR1	120	0.05	0	1184
limma	eBayes	PR2-PR1	120	0.1	0	1184
limma	eBayes	PR2-PR1	121	0.01	0	1184
limma	eBayes	PR2-PR1	121	0.05	0	1184
limma	eBayes	PR2-PR1	121	0.1	0	1184
limma	eBayes	PR2-PR1	122	0.01	0	1184
limma	eBayes	PR2-PR1	122	0.05	0	1184
limma	eBayes	PR2-PR1	122	0.1	0	1184
limma	eBayes	PR2-PR1	123	0.01	0	1184
limma	eBayes	PR2-PR1	123	0.05	0	1184
limma	eBayes	PR2-PR1	123	0.1	0	1184
limma	eBayes	PR2-PR1	124	0.01	0	1184
limma	eBayes	PR2-PR1	124	0.05	0	1184
limma	eBayes	PR2-PR1	124	0.1	0	1184
limma	eBayes	PR2-PR1	125	0.01	0	1184
limma	eBayes	PR2-PR1	125	0.05	0	1184
limma	eBayes	PR2-PR1	125	0.1	0	1184
limma	eBayes	PR2-PR1	126	0.01	0	1184
limma	eBayes	PR2-PR1	126	0.05	0	1184
limma	eBayes	PR2-PR1	126	0.1	0	1184
limma	eBayes	PR2-PR1	127	0.01	0	1184
limma	eBayes	PR2-PR1	127	0.05	0	1184
limma	eBayes	PR2-PR1	127	0.1	0	1184
limma	eBayes	PR2-PR1	128	0.01	0	1184
limma	eBayes	PR2-PR1	128	0.05	0	1184
limma	eBayes	PR2-PR1	128	0.1	0	1184
limma	eBayes	PR2-PR1	129	0.01	0	1184
limma	eBayes	PR2-PR1	129	0.05	0	1184
limma	eBayes	PR2-PR1	129	0.1	0	1184
limma	eBayes	PR2-PR1	130	0.01	0	1184
limma	eBayes	PR2-PR1	130	0.05	0	1184
limma	eBayes	PR2-PR1	130	0.1	0	1184
limma	eBayes	PR2-PR1	131	0.01	0	1184
limma	eBayes	PR2-PR1	131	0.05	0	1184
limma	eBayes	PR2-PR1	131	0.1	0	1184
limma	eBayes	PR2-PR1	132	0.01	0	1184
limma	eBayes	PR2-PR1	132	0.05	0	1184
limma	eBayes	PR2-PR1	132	0.1	0	1184
limma	eBayes	PR2-PR1	133	0.01	0	1184
limma	eBayes	PR2-PR1	133	0.05	0	1184
limma	eBayes	PR2-PR1	133	0.1	0	1184
limma	eBayes	PR2-PR1	134	0.01	0	1184
limma	eBayes	PR2-PR1	134	0.05	0	1184
limma	eBayes	PR2-PR1	134	0.1	0	1184
limma	eBayes	PR2-PR1	135	0.01	0	1184
limma	eBayes	PR2-PR1	135	0.05	0	1184
limma	eBayes	PR2-PR1	135	0.1	0	1184
limma	eBayes	PR2-PR1	136	0.01	0	1184
limma	eBayes	PR2-PR1	136	0.05	0	1184
limma	eBayes	PR2-PR1	136	0.1	0	1184
limma	eBayes	PR2-PR1	137	0.01	0	1184
limma	eBayes	PR2-PR1	137	0.05	0	1184
limma	eBayes	PR2-PR1	137	0.1	0	1184
limma	eBayes	PR2-PR1	138	0.01	0	1184
limma	eBayes	PR2-PR1	138	0.05	0	1184
limma	eBayes	PR2-PR1	138	0.1	0	1184
limma	eBayes	PR2-PR1	139	0.01	0	1184
limma	eBayes	PR2-PR1	139	0.05	1	1184
limma	eBayes	PR2-PR1	139	0.1	1	1184
limma	eBayes	PR2-PR1	140	0.01	0	1184
limma	eBayes	PR2-PR1	140	0.05	0	1184
limma	eBayes	PR2-PR1	140	0.1	0	1184
limma	eBayes	PR2-PR1	141	0.01	0	1184
limma	eBayes	PR2-PR1	141	0.05	0	1184
limma	eBayes	PR2-PR1	141	0.1	0	1184
limma	eBayes	PR2-PR1	142	0.01	0	1184
limma	eBayes	PR2-PR1	142	0.05	0	1184
limma	eBayes	PR2-PR1	142	0.1	0	1184
limma	eBayes	PR2-PR1	143	0.01	0	1184
limma	eBayes	PR2-PR1	143	0.05	0	1184
limma	eBayes	PR2-PR1	143	0.1	0	1184
limma	eBayes	PR2-PR1	144	0.01	0	1184
limma	eBayes	PR2-PR1	144	0.05	0	1184
limma	eBayes	PR2-PR1	144	0.1	0	1184
limma	eBayes	PR2-PR1	145	0.01	0	1184
limma	eBayes	PR2-PR1	145	0.05	0	1184
limma	eBayes	PR2-PR1	145	0.1	0	1184
limma	eBayes	PR2-PR1	146	0.01	0	1184
limma	eBayes	PR2-PR1	146	0.05	0	1184
limma	eBayes	PR2-PR1	146	0.1	0	1184
limma	eBayes	PR2-PR1	147	0.01	0	1184
limma	eBayes	PR2-PR1	147	0.05	0	1184
limma	eBayes	PR2-PR1	147	0.1	1	1184
limma	eBayes	PR2-PR1	148	0.01	0	1184
limma	eBayes	PR2-PR1	148	0.05	0	1184
limma	eBayes	PR2-PR1	148	0.1	0	1184
limma	eBayes	PR2-PR1	149	0.01	0	1184
limma	eBayes	PR2-PR1	149	0.05	0	1184
limma	eBayes	PR2-PR1	149	0.1	0	1184
limma	eBayes	PR2-PR1	150	0.01	0	1184
limma	eBayes	PR2-PR1	150	0.05	0	1184
limma	eBayes	PR2-PR1	150	0.1	0	1184
limma	eBayes	PR2-PR1	151	0.01	0	1184
limma	eBayes	PR2-PR1	151	0.05	0	1184
limma	eBayes	PR2-PR1	151	0.1	0	1184
limma	eBayes	PR2-PR1	152	0.01	0	1184
limma	eBayes	PR2-PR1	152	0.05	0	1184
limma	eBayes	PR2-PR1	152	0.1	0	1184
limma	eBayes	PR2-PR1	153	0.01	0	1184
limma	eBayes	PR2-PR1	153	0.05	0	1184
limma	eBayes	PR2-PR1	153	0.1	0	1184
limma	eBayes	PR2-PR1	154	0.01	0	1184
limma	eBayes	PR2-PR1	154	0.05	0	1184
limma	eBayes	PR2-PR1	154	0.1	0	1184
limma	eBayes	PR2-PR1	155	0.01	0	1184
limma	eBayes	PR2-PR1	155	0.05	0	1184
limma	eBayes	PR2-PR1	155	0.1	0	1184
limma	eBayes	PR2-PR1	156	0.01	0	1184
limma	eBayes	PR2-PR1	156	0.05	0	1184
limma	eBayes	PR2-PR1	156	0.1	0	1184
limma	eBayes	PR2-PR1	157	0.01	0	1184
limma	eBayes	PR2-PR1	157	0.05	0	1184
limma	eBayes	PR2-PR1	157	0.1	0	1184
limma	eBayes	PR2-PR1	158	0.01	0	1184
limma	eBayes	PR2-PR1	158	0.05	0	1184
limma	eBayes	PR2-PR1	158	0.1	0	1184
limma	eBayes	PR2-PR1	159	0.01	0	1184
limma	eBayes	PR2-PR1	159	0.05	0	1184
limma	eBayes	PR2-PR1	159	0.1	0	1184
limma	eBayes	PR2-PR1	160	0.01	0	1184
limma	eBayes	PR2-PR1	160	0.05	0	1184
limma	eBayes	PR2-PR1	160	0.1	0	1184
limma	eBayes	PR2-PR1	161	0.01	0	1184
limma	eBayes	PR2-PR1	161	0.05	0	1184
limma	eBayes	PR2-PR1	161	0.1	0	1184
limma	eBayes	PR2-PR1	162	0.01	0	1184
limma	eBayes	PR2-PR1	162	0.05	0	1184
limma	eBayes	PR2-PR1	162	0.1	0	1184
limma	eBayes	PR2-PR1	163	0.01	0	1184
limma	eBayes	PR2-PR1	163	0.05	0	1184
limma	eBayes	PR2-PR1	163	0.1	0	1184
limma	eBayes	PR2-PR1	164	0.01	0	1184
limma	eBayes	PR2-PR1	164	0.05	0	1184
limma	eBayes	PR2-PR1	164	0.1	0	1184
limma	eBayes	PR2-PR1	165	0.01	0	1184
limma	eBayes	PR2-PR1	165	0.05	0	1184
limma	eBayes	PR2-PR1	165	0.1	0	1184
limma	eBayes	PR2-PR1	166	0.01	0	1184
limma	eBayes	PR2-PR1	166	0.05	0	1184
limma	eBayes	PR2-PR1	166	0.1	0	1184
limma	eBayes	PR2-PR1	167	0.01	0	1184
limma	eBayes	PR2-PR1	167	0.05	0	1184
limma	eBayes	PR2-PR1	167	0.1	0	1184
limma	eBayes	PR2-PR1	168	0.01	0	1184
limma	eBayes	PR2-PR1	168	0.05	0	1184
limma	eBayes	PR2-PR1	168	0.1	0	1184
limma	eBayes	PR2-PR1	169	0.01	0	1184
limma	eBayes	PR2-PR1	169	0.05	0	1184
limma	eBayes	PR2-PR1	169	0.1	0	1184
limma	eBayes	PR2-PR1	170	0.01	0	1184
limma	eBayes	PR2-PR1	170	0.05	0	1184
limma	eBayes	PR2-PR1	170	0.1	0	1184
limma	eBayes	PR2-PR1	171	0.01	0	1184
limma	eBayes	PR2-PR1	171	0.05	0	1184
limma	eBayes	PR2-PR1	171	0.1	0	1184
limma	eBayes	PR2-PR1	172	0.01	0	1184
limma	eBayes	PR2-PR1	172	0.05	0	1184
limma	eBayes	PR2-PR1	172	0.1	0	1184
limma	eBayes	PR2-PR1	173	0.01	0	1184
limma	eBayes	PR2-PR1	173	0.05	0	1184
limma	eBayes	PR2-PR1	173	0.1	0	1184
limma	eBayes	PR2-PR1	174	0.01	0	1184
limma	eBayes	PR2-PR1	174	0.05	0	1184
limma	eBayes	PR2-PR1	174	0.1	0	1184
limma	eBayes	PR2-PR1	175	0.01	0	1184
limma	eBayes	PR2-PR1	175	0.05	0	1184
limma	eBayes	PR2-PR1	175	0.1	0	1184
limma	eBayes	PR2-PR1	176	0.01	0	1184
limma	eBayes	PR2-PR1	176	0.05	0	1184
limma	eBayes	PR2-PR1	176	0.1	0	1184
limma	eBayes	PR2-PR1	177	0.01	0	1184
limma	eBayes	PR2-PR1	177	0.05	0	1184
limma	eBayes	PR2-PR1	177	0.1	0	1184
limma	eBayes	PR2-PR1	178	0.01	0	1184
limma	eBayes	PR2-PR1	178	0.05	0	1184
limma	eBayes	PR2-PR1	178	0.1	0	1184
limma	eBayes	PR2-PR1	179	0.01	0	1184
limma	eBayes	PR2-PR1	179	0.05	0	1184
limma	eBayes	PR2-PR1	179	0.1	0	1184
limma	eBayes	PR2-PR1	180	0.01	0	1184
limma	eBayes	PR2-PR1	180	0.05	0	1184
limma	eBayes	PR2-PR1	180	0.1	0	1184
limma	eBayes	PR2-PR1	181	0.01	0	1184
limma	eBayes	PR2-PR1	181	0.05	0	1184
limma	eBayes	PR2-PR1	181	0.1	0	1184
limma	eBayes	PR2-PR1	182	0.01	0	1184
limma	eBayes	PR2-PR1	182	0.05	0	1184
limma	eBayes	PR2-PR1	182	0.1	0	1184
limma	eBayes	PR2-PR1	183	0.01	0	1184
limma	eBayes	PR2-PR1	183	0.05	0	1184
limma	eBayes	PR2-PR1	183	0.1	0	1184
limma	eBayes	PR2-PR1	184	0.01	0	1184
limma	eBayes	PR2-PR1	184	0.05	0	1184
limma	eBayes	PR2-PR1	184	0.1	0	1184
limma	eBayes	PR2-PR1	185	0.01	0	1184
limma	eBayes	PR2-PR1	185	0.05	0	1184
limma	eBayes	PR2-PR1	185	0.1	0	1184
limma	eBayes	PR2-PR1	186	0.01	0	1184
limma	eBayes	PR2-PR1	186	0.05	0	1184
limma	eBayes	PR2-PR1	186	0.1	0	1184
limma	eBayes	PR2-PR1	187	0.01	0	1184
limma	eBayes	PR2-PR1	187	0.05	0	1184
limma	eBayes	PR2-PR1	187	0.1	0	1184
limma	eBayes	PR2-PR1	188	0.01	0	1184
limma	eBayes	PR2-PR1	188	0.05	0	1184
limma	eBayes	PR2-PR1	188	0.1	0	1184
limma	eBayes	PR2-PR1	189	0.01	0	1184
limma	eBayes	PR2-PR1	189	0.05	0	1184
limma	eBayes	PR2-PR1	189	0.1	0	1184
limma	eBayes	PR2-PR1	190	0.01	0	1184
limma	eBayes	PR2-PR1	190	0.05	0	1184
limma	eBayes	PR2-PR1	190	0.1	0	1184
limma	eBayes	PR2-PR1	191	0.01	0	1184
limma	eBayes	PR2-PR1	191	0.05	0	1184
limma	eBayes	PR2-PR1	191	0.1	0	1184
limma	eBayes	PR2-PR1	192	0.01	0	1184
limma	eBayes	PR2-PR1	192	0.05	0	1184
limma	eBayes	PR2-PR1	192	0.1	0	1184
limma	eBayes	PR2-PR1	193	0.01	0	1184
limma	eBayes	PR2-PR1	193	0.05	0	1184
limma	eBayes	PR2-PR1	193	0.1	0	1184
limma	eBayes	PR2-PR1	194	0.01	0	1184
limma	eBayes	PR2-PR1	194	0.05	0	1184
limma	eBayes	PR2-PR1	194	0.1	0	1184
limma	eBayes	PR2-PR1	195	0.01	0	1184
limma	eBayes	PR2-PR1	195	0.05	0	1184
limma	eBayes	PR2-PR1	195	0.1	0	1184
limma	eBayes	PR2-PR1	196	0.01	0	1184
limma	eBayes	PR2-PR1	196	0.05	0	1184
limma	eBayes	PR2-PR1	196	0.1	0	1184
limma	eBayes	PR2-PR1	197	0.01	0	1184
limma	eBayes	PR2-PR1	197	0.05	0	1184
limma	eBayes	PR2-PR1	197	0.1	0	1184
limma	eBayes	PR2-PR1	198	0.01	0	1184
limma	eBayes	PR2-PR1	198	0.05	0	1184
limma	eBayes	PR2-PR1	198	0.1	0	1184
limma	eBayes	PR2-PR1	199	0.01	0	1184
limma	eBayes	PR2-PR1	199	0.05	0	1184
limma	eBayes	PR2-PR1	199	0.1	0	1184
