pathway	collection	hits	set_size_universe	set_size_raw	foreground_size	universe_size	pvalue	fdr	hit_genes
GOBP_NEURONAL_ION_CHANNEL_CLUSTERING	go_bp	3	5	12	34	2920	1.420662e-05	7.576389e-02	CNTN2,CNTNAP2,MYOC
GOBP_PROTEIN_LOCALIZATION_TO_AXON	go_bp	2	3	9	34	2920	3.920220e-04	1.000000e+00	CNTN2,CNTNAP2
GOBP_NEURON_MATURATION	go_bp	3	15	48	34	2920	5.967720e-04	1.000000e+00	CNTN2,CNTNAP2,MYOC
GOBP_STARTLE_RESPONSE	go_bp	2	5	28	34	2920	1.287722e-03	1.000000e+00	CNTNAP2,PENK
GOBP_REGULATION_OF_VOLTAGE_GATED_CALCIUM_CHANNEL_ACTIVITY	go_bp	2	6	30	34	2920	1.917489e-03	1.000000e+00	AHNAK,CACNB1
GOBP_DEVELOPMENTAL_MATURATION	go_bp	5	85	340	34	2920	2.657134e-03	1.000000e+00	CEND1,CNTN2,CNTNAP2,MYOC,PALM
GOBP_LOCOMOTORY_EXPLORATION_BEHAVIOR	go_bp	2	8	16	34	2920	3.527324e-03	1.000000e+00	GAD1,PENK
GOBP_RESPONSE_TO_DIETARY_EXCESS	go_bp	2	8	36	34	2920	3.527324e-03	1.000000e+00	CNTN2,SCT
GOBP_BIOLOGICAL_PROCESS_INVOLVED_IN_INTRASPECIES_INTERACTION_BETWEEN_ORGANISMS	go_bp	2	9	55	34	2920	4.502108e-03	1.000000e+00	CNTNAP2,GAD1
GOBP_POSITIVE_REGULATION_OF_FILOPODIUM_ASSEMBLY	go_bp	2	9	31	34	2920	4.502108e-03	1.000000e+00	PALM,TGFBR1
GOBP_REGULATION_OF_FILOPODIUM_ASSEMBLY	go_bp	2	10	49	34	2920	5.586685e-03	1.000000e+00	PALM,TGFBR1
GOBP_ANATOMICAL_STRUCTURE_MATURATION	go_bp	4	65	273	34	2920	6.281531e-03	1.000000e+00	CEND1,CNTN2,CNTNAP2,MYOC
GOBP_BEHAVIOR	go_bp	6	155	657	34	2920	7.919267e-03	1.000000e+00	CEND1,CNTN2,CNTNAP2,GAD1,PENK,PPY
GOBP_EXPLORATION_BEHAVIOR	go_bp	2	13	34	34	2920	9.474018e-03	1.000000e+00	GAD1,PENK
GOBP_CELL_JUNCTION_ORGANIZATION	go_bp	7	213	773	34	2920	9.801347e-03	1.000000e+00	CACNB1,CNTN2,CNTNAP2,HMCN2,MYOC,PALM,TGFBR1
GOBP_ERBB_SIGNALING_PATHWAY	go_bp	3	39	133	34	2920	9.904646e-03	1.000000e+00	MYOC,PTPRR,SHC1
GOBP_SYNAPTIC_SIGNALING	go_bp	6	163	794	34	2920	1.006438e-02	1.000000e+00	CACNB1,GAD1,PENK,PTPRN2,SCT,SYT1
GOBP_ERBB2_SIGNALING_PATHWAY	go_bp	2	14	23	34	2920	1.097281e-02	1.000000e+00	MYOC,PTPRR
GOBP_REGULATION_OF_CALCIUM_ION_TRANSMEMBRANE_TRANSPORTER_ACTIVITY	go_bp	2	14	72	34	2920	1.097281e-02	1.000000e+00	AHNAK,CACNB1
GOBP_FILOPODIUM_ASSEMBLY	go_bp	2	15	69	34	2920	1.256913e-02	1.000000e+00	PALM,TGFBR1
GOBP_NEUROGENESIS	go_bp	10	404	1745	34	2920	1.362796e-02	1.000000e+00	CEND1,CNTN2,CNTNAP2,HMCN2,KLK6,MYOC,OMG,PENK,SYT1,TGFBR1
GOBP_GENERATION_OF_NEURONS	go_bp	9	350	1510	34	2920	1.567216e-02	1.000000e+00	CEND1,CNTN2,CNTNAP2,HMCN2,KLK6,MYOC,OMG,SYT1,TGFBR1
GOBP_ENERGY_HOMEOSTASIS	go_bp	2	17	83	34	2920	1.604501e-02	1.000000e+00	CNTN2,SCT
GOBP_CELL_PROJECTION_ORGANIZATION	go_bp	9	354	1644	34	2920	1.681042e-02	1.000000e+00	CNTN2,CNTNAP2,HMCN2,KLK6,MYOC,OMG,PALM,SYT1,TGFBR1
GOBP_CELL_MATURATION	go_bp	3	48	208	34	2920	1.745722e-02	1.000000e+00	CNTN2,CNTNAP2,MYOC
GOBP_LOCOMOTORY_BEHAVIOR	go_bp	3	48	204	34	2920	1.745722e-02	1.000000e+00	CEND1,GAD1,PENK
GOBP_NEUROPEPTIDE_SIGNALING_PATHWAY	go_bp	2	18	111	34	2920	1.792001e-02	1.000000e+00	PENK,PPY
GOBP_TRANSMISSION_OF_NERVE_IMPULSE	go_bp	2	18	74	34	2920	1.792001e-02	1.000000e+00	CNTNAP2,PENK
GOBP_NEGATIVE_REGULATION_OF_ENDOTHELIAL_CELL_PROLIFERATION	go_bp	2	19	78	34	2920	1.988342e-02	1.000000e+00	SCG2,TGFBR1
GOBP_POSITIVE_REGULATION_OF_STRESS_FIBER_ASSEMBLY	go_bp	2	19	51	34	2920	1.988342e-02	1.000000e+00	MYOC,TGFBR1
GOBP_NEURON_RECOGNITION	go_bp	2	21	46	34	2920	2.406674e-02	1.000000e+00	CNTN2,CNTNAP2
GOBP_RESPONSE_TO_AMYLOID_BETA	go_bp	2	21	57	34	2920	2.406674e-02	1.000000e+00	CACNB1,MMP3
GOBP_COLLAGEN_CATABOLIC_PROCESS	go_bp	2	22	45	34	2920	2.628239e-02	1.000000e+00	KLK6,MMP3
GOBP_POSITIVE_REGULATION_OF_ACTIN_FILAMENT_BUNDLE_ASSEMBLY	go_bp	2	22	61	34	2920	2.628239e-02	1.000000e+00	MYOC,TGFBR1
GOBP_LIMBIC_SYSTEM_DEVELOPMENT	go_bp	2	24	126	34	2920	3.095128e-02	1.000000e+00	CNTNAP2,SCT
GOBP_POSITIVE_REGULATION_OF_PLASMA_MEMBRANE_BOUNDED_CELL_PROJECTION_ASSEMBLY	go_bp	2	24	113	34	2920	3.095128e-02	1.000000e+00	PALM,TGFBR1
GOBP_REGULATION_OF_CATION_CHANNEL_ACTIVITY	go_bp	2	24	114	34	2920	3.095128e-02	1.000000e+00	AHNAK,CACNB1
GOBP_POSITIVE_REGULATION_OF_CELLULAR_COMPONENT_BIOGENESIS	go_bp	5	156	515	34	2920	3.233791e-02	1.000000e+00	CNTNAP2,MMP3,MYOC,PALM,TGFBR1
GOBP_HOMOPHILIC_CELL_ADHESION_VIA_PLASMA_MEMBRANE_ADHESION_MOLECULES	go_bp	3	61	170	34	2920	3.278905e-02	1.000000e+00	CNTN2,HMCN2,PTPRR
GOBP_CELLULAR_RESPONSE_TO_NITROGEN_COMPOUND	go_bp	5	158	654	34	2920	3.392349e-02	1.000000e+00	CACNB1,MMP3,PALM,PENK,SHC1
GOBP_CELLULAR_RESPONSE_TO_ELECTRICAL_STIMULUS	go_bp	1	3	12	34	2920	3.453804e-02	1.000000e+00	PALM
GOBP_CELL_VOLUME_HOMEOSTASIS	go_bp	1	3	35	34	2920	3.453804e-02	1.000000e+00	SCT
GOBP_CEREBELLAR_PURKINJE_CELL_LAYER_MORPHOGENESIS	go_bp	1	3	19	34	2920	3.453804e-02	1.000000e+00	CEND1
GOBP_CLUSTERING_OF_VOLTAGE_GATED_SODIUM_CHANNELS	go_bp	1	3	6	34	2920	3.453804e-02	1.000000e+00	MYOC
GOBP_DICARBOXYLIC_ACID_CATABOLIC_PROCESS	go_bp	1	3	18	34	2920	3.453804e-02	1.000000e+00	GAD1
GOBP_ENDOTHELIAL_CELL_ACTIVATION	go_bp	1	3	11	34	2920	3.453804e-02	1.000000e+00	TGFBR1
GOBP_ENUCLEATE_ERYTHROCYTE_DIFFERENTIATION	go_bp	1	3	14	34	2920	3.453804e-02	1.000000e+00	MB
GOBP_GAMMA_AMINOBUTYRIC_ACID_BIOSYNTHETIC_PROCESS	go_bp	1	3	6	34	2920	3.453804e-02	1.000000e+00	GAD1
GOBP_GLUTAMATE_CATABOLIC_PROCESS	go_bp	1	3	8	34	2920	3.453804e-02	1.000000e+00	GAD1
GOBP_NEGATIVE_REGULATION_OF_CYCLASE_ACTIVITY	go_bp	1	3	15	34	2920	3.453804e-02	1.000000e+00	PALM
GOBP_NEGATIVE_REGULATION_OF_LYASE_ACTIVITY	go_bp	1	3	18	34	2920	3.453804e-02	1.000000e+00	PALM
GOBP_PARATHYROID_GLAND_DEVELOPMENT	go_bp	1	3	7	34	2920	3.453804e-02	1.000000e+00	TGFBR1
GOBP_POSITIVE_REGULATION_OF_DOPAMINE_SECRETION	go_bp	1	3	6	34	2920	3.453804e-02	1.000000e+00	SYT1
GOBP_POSITIVE_REGULATION_OF_FEAR_RESPONSE	go_bp	1	3	8	34	2920	3.453804e-02	1.000000e+00	PENK
GOBP_POSITIVE_REGULATION_OF_GAP_JUNCTION_ASSEMBLY	go_bp	1	3	7	34	2920	3.453804e-02	1.000000e+00	CNTNAP2
GOBP_POSITIVE_REGULATION_OF_SYNAPTIC_VESICLE_FUSION_TO_PRESYNAPTIC_ACTIVE_ZONE_MEMBRANE	go_bp	1	3	6	34	2920	3.453804e-02	1.000000e+00	SYT1
GOBP_REDUCTION_OF_FOOD_INTAKE_IN_RESPONSE_TO_DIETARY_EXCESS	go_bp	1	3	6	34	2920	3.453804e-02	1.000000e+00	CNTN2
GOBP_REGULATION_OF_DENDRITE_EXTENSION	go_bp	1	3	27	34	2920	3.453804e-02	1.000000e+00	SYT1
GOBP_REGULATION_OF_GASTRIC_ACID_SECRETION	go_bp	1	3	6	34	2920	3.453804e-02	1.000000e+00	SCT
GOBP_SPONTANEOUS_NEUROTRANSMITTER_SECRETION	go_bp	1	3	8	34	2920	3.453804e-02	1.000000e+00	SYT1
GOBP_SUCCINATE_METABOLIC_PROCESS	go_bp	1	3	7	34	2920	3.453804e-02	1.000000e+00	GAD1
GOBP_VENTRICULAR_COMPACT_MYOCARDIUM_MORPHOGENESIS	go_bp	1	3	8	34	2920	3.453804e-02	1.000000e+00	TGFBR1
GOBP_VOCALIZATION_BEHAVIOR	go_bp	1	3	19	34	2920	3.453804e-02	1.000000e+00	CNTNAP2
GOBP_FEEDING_BEHAVIOR	go_bp	2	26	109	34	2920	3.592349e-02	1.000000e+00	CNTN2,PPY
GOBP_NEURON_DEVELOPMENT	go_bp	7	285	1159	34	2920	4.211160e-02	1.000000e+00	CNTN2,CNTNAP2,HMCN2,KLK6,MYOC,OMG,SYT1
GOBP_NEUROTRANSMITTER_SECRETION	go_bp	2	29	148	34	2920	4.391643e-02	1.000000e+00	PTPRN2,SYT1
GOBP_REGULATION_OF_ACTOMYOSIN_STRUCTURE_ORGANIZATION	go_bp	2	29	105	34	2920	4.391643e-02	1.000000e+00	MYOC,TGFBR1
GOBP_REGULATION_OF_RNA_SPLICING	go_bp	2	29	185	34	2920	4.391643e-02	1.000000e+00	AHNAK,AHNAK2
GOBP_RESPONSE_TO_TOXIC_SUBSTANCE	go_bp	3	69	266	34	2920	4.482887e-02	1.000000e+00	MB,PENK,PXDNL
GOBP_CELL_DIFFERENTIATION_IN_HINDBRAIN	go_bp	1	4	23	34	2920	4.579128e-02	1.000000e+00	CEND1
GOBP_CELL_PROLIFERATION_IN_HINDBRAIN	go_bp	1	4	14	34	2920	4.579128e-02	1.000000e+00	CEND1
GOBP_CEREBELLAR_PURKINJE_CELL_LAYER_DEVELOPMENT	go_bp	1	4	28	34	2920	4.579128e-02	1.000000e+00	CEND1
GOBP_DOPAMINE_RECEPTOR_SIGNALING_PATHWAY	go_bp	1	4	40	34	2920	4.579128e-02	1.000000e+00	PALM
GOBP_ERBB3_SIGNALING_PATHWAY	go_bp	1	4	10	34	2920	4.579128e-02	1.000000e+00	MYOC
GOBP_GAMMA_AMINOBUTYRIC_ACID_METABOLIC_PROCESS	go_bp	1	4	8	34	2920	4.579128e-02	1.000000e+00	GAD1
GOBP_GASTRIC_ACID_SECRETION	go_bp	1	4	13	34	2920	4.579128e-02	1.000000e+00	SCT
GOBP_HINDBRAIN_RADIAL_GLIA_GUIDED_CELL_MIGRATION	go_bp	1	4	9	34	2920	4.579128e-02	1.000000e+00	CEND1
GOBP_MYOFIBROBLAST_DIFFERENTIATION	go_bp	1	4	15	34	2920	4.579128e-02	1.000000e+00	TGFBR1
GOBP_NEGATIVE_REGULATION_OF_RHO_PROTEIN_SIGNAL_TRANSDUCTION	go_bp	1	4	23	34	2920	4.579128e-02	1.000000e+00	MYOC
GOBP_OXYGEN_TRANSPORT	go_bp	1	4	15	34	2920	4.579128e-02	1.000000e+00	MB
GOBP_POSITIVE_REGULATION_OF_CALCIUM_ION_DEPENDENT_EXOCYTOSIS	go_bp	1	4	13	34	2920	4.579128e-02	1.000000e+00	SYT1
GOBP_POSITIVE_REGULATION_OF_CATECHOLAMINE_SECRETION	go_bp	1	4	12	34	2920	4.579128e-02	1.000000e+00	SYT1
GOBP_POSITIVE_REGULATION_OF_MEMBRANE_DEPOLARIZATION	go_bp	1	4	11	34	2920	4.579128e-02	1.000000e+00	MYOC
GOBP_POSITIVE_REGULATION_OF_MITOCHONDRIAL_DEPOLARIZATION	go_bp	1	4	9	34	2920	4.579128e-02	1.000000e+00	MYOC
GOBP_PRESYNAPTIC_MEMBRANE_ORGANIZATION	go_bp	1	4	10	34	2920	4.579128e-02	1.000000e+00	CNTN2
GOBP_REGULATION_OF_CEREBELLAR_GRANULE_CELL_PRECURSOR_PROLIFERATION	go_bp	1	4	9	34	2920	4.579128e-02	1.000000e+00	CEND1
GOBP_REGULATION_OF_FEAR_RESPONSE	go_bp	1	4	11	34	2920	4.579128e-02	1.000000e+00	PENK
GOBP_SKELETAL_MUSCLE_ADAPTATION	go_bp	1	4	25	34	2920	4.579128e-02	1.000000e+00	MYOC
GOBP_SYNAPTIC_SIGNALING_VIA_NEUROPEPTIDE	go_bp	1	4	6	34	2920	4.579128e-02	1.000000e+00	PENK
GOBP_WALKING_BEHAVIOR	go_bp	1	4	35	34	2920	4.579128e-02	1.000000e+00	CEND1
GOBP_REGULATION_OF_ACTIN_FILAMENT_BUNDLE_ASSEMBLY	go_bp	2	30	107	34	2920	4.671577e-02	1.000000e+00	MYOC,TGFBR1
GOBP_MEMBRANE_ORGANIZATION	go_bp	5	175	809	34	2920	4.939494e-02	1.000000e+00	AHNAK,CNTN2,CNTNAP2,MYOC,SYT1
GOBP_CELLULAR_OXIDANT_DETOXIFICATION	go_bp	2	31	98	34	2920	4.957957e-02	1.000000e+00	MB,PXDNL
GOBP_NEUROMUSCULAR_PROCESS	go_bp	2	31	167	34	2920	4.957957e-02	1.000000e+00	CNTNAP2,PENK
GOBP_RESPONSE_TO_CALCIUM_ION	go_bp	2	31	132	34	2920	4.957957e-02	1.000000e+00	PENK,SYT1
GOBP_RESPONSE_TO_OXIDATIVE_STRESS	go_bp	4	123	404	34	2920	5.239905e-02	1.000000e+00	MB,MMP3,PENK,PXDNL
GOBP_STRESS_FIBER_ASSEMBLY	go_bp	2	32	113	34	2920	5.250605e-02	1.000000e+00	MYOC,TGFBR1
GOBP_CELLULAR_RESPONSE_TO_OXYGEN_CONTAINING_COMPOUND	go_bp	7	300	1195	34	2920	5.332814e-02	1.000000e+00	CACNB1,MB,MMP3,PALM,PENK,PTPRN2,SHC1
GOBP_REACTIVE_OXYGEN_SPECIES_METABOLIC_PROCESS	go_bp	3	74	239	34	2920	5.333464e-02	1.000000e+00	MB,MMP3,PXDNL
GOBP_ANGIOGENESIS_INVOLVED_IN_CORONARY_VASCULAR_MORPHOGENESIS	go_bp	1	5	5	34	2920	5.691717e-02	1.000000e+00	TGFBR1
GOBP_CELLULAR_RESPONSE_TO_UV_A	go_bp	1	5	11	34	2920	5.691717e-02	1.000000e+00	MMP3
GOBP_CELL_MIGRATION_IN_HINDBRAIN	go_bp	1	5	17	34	2920	5.691717e-02	1.000000e+00	CEND1
GOBP_CORONARY_ARTERY_MORPHOGENESIS	go_bp	1	5	9	34	2920	5.691717e-02	1.000000e+00	TGFBR1
GOBP_DENDRITE_EXTENSION	go_bp	1	5	37	34	2920	5.691717e-02	1.000000e+00	SYT1
GOBP_GAS_TRANSPORT	go_bp	1	5	22	34	2920	5.691717e-02	1.000000e+00	MB
GOBP_GERM_CELL_MIGRATION	go_bp	1	5	9	34	2920	5.691717e-02	1.000000e+00	TGFBR1
GOBP_MESENCHYMAL_STEM_CELL_PROLIFERATION	go_bp	1	5	11	34	2920	5.691717e-02	1.000000e+00	TGFBR1
GOBP_POSITIVE_REGULATION_OF_CARDIAC_EPITHELIAL_TO_MESENCHYMAL_TRANSITION	go_bp	1	5	9	34	2920	5.691717e-02	1.000000e+00	TGFBR1
GOBP_POSITIVE_REGULATION_OF_MESENCHYMAL_STEM_CELL_PROLIFERATION	go_bp	1	5	7	34	2920	5.691717e-02	1.000000e+00	TGFBR1
GOBP_REGULATION_OF_EPITHELIAL_TO_MESENCHYMAL_TRANSITION_INVOLVED_IN_ENDOCARDIAL_CUSHION_FORMATION	go_bp	1	5	6	34	2920	5.691717e-02	1.000000e+00	TGFBR1
GOBP_REGULATION_OF_GAP_JUNCTION_ASSEMBLY	go_bp	1	5	10	34	2920	5.691717e-02	1.000000e+00	CNTNAP2
GOBP_REGULATION_OF_PLASMA_MEMBRANE_REPAIR	go_bp	1	5	7	34	2920	5.691717e-02	1.000000e+00	AHNAK
GOBP_REGULATION_OF_SYNAPTIC_VESICLE_MEMBRANE_ORGANIZATION	go_bp	1	5	12	34	2920	5.691717e-02	1.000000e+00	SYT1
GOBP_NEGATIVE_REGULATION_OF_EXTRINSIC_APOPTOTIC_SIGNALING_PATHWAY	go_bp	2	35	100	34	2920	6.164423e-02	1.000000e+00	SCG2,TGFBR1
GOBP_PALLIUM_DEVELOPMENT	go_bp	2	35	192	34	2920	6.164423e-02	1.000000e+00	CNTNAP2,SCT
GOBP_REGULATION_OF_MONOATOMIC_ION_TRANSMEMBRANE_TRANSPORT	go_bp	3	79	349	34	2920	6.256981e-02	1.000000e+00	AHNAK,CACNB1,DPP6
GOBP_CELLULAR_RESPONSE_TO_OXIDATIVE_STRESS	go_bp	3	80	254	34	2920	6.450213e-02	1.000000e+00	MB,MMP3,PENK
GOBP_CELLULAR_RESPONSE_TO_TOXIC_SUBSTANCE	go_bp	2	36	134	34	2920	6.480422e-02	1.000000e+00	MB,PXDNL
GOBP_DETOXIFICATION	go_bp	2	36	163	34	2920	6.480422e-02	1.000000e+00	MB,PXDNL
GOBP_NEUROTRANSMITTER_TRANSPORT	go_bp	2	36	210	34	2920	6.480422e-02	1.000000e+00	PTPRN2,SYT1
GOBP_CALCIUM_ION_REGULATED_EXOCYTOSIS_OF_NEUROTRANSMITTER	go_bp	1	6	21	34	2920	6.791711e-02	1.000000e+00	SYT1
GOBP_CALCIUM_ION_TRANSMEMBRANE_TRANSPORT_VIA_HIGH_VOLTAGE_GATED_CALCIUM_CHANNEL	go_bp	1	6	21	34	2920	6.791711e-02	1.000000e+00	CACNB1
GOBP_CEREBELLAR_CORTEX_FORMATION	go_bp	1	6	26	34	2920	6.791711e-02	1.000000e+00	CEND1
GOBP_CEREBELLAR_GRANULAR_LAYER_DEVELOPMENT	go_bp	1	6	13	34	2920	6.791711e-02	1.000000e+00	CEND1
GOBP_GAP_JUNCTION_ASSEMBLY	go_bp	1	6	18	34	2920	6.791711e-02	1.000000e+00	CNTNAP2
GOBP_NON_PROTEINOGENIC_AMINO_ACID_BIOSYNTHETIC_PROCESS	go_bp	1	6	17	34	2920	6.791711e-02	1.000000e+00	GAD1
GOBP_POSITIVE_REGULATION_OF_CAMP_MEDIATED_SIGNALING	go_bp	1	6	9	34	2920	6.791711e-02	1.000000e+00	SCT
GOBP_POSITIVE_REGULATION_OF_VESICLE_FUSION	go_bp	1	6	10	34	2920	6.791711e-02	1.000000e+00	SYT1
GOBP_REGULATION_OF_CARDIAC_EPITHELIAL_TO_MESENCHYMAL_TRANSITION	go_bp	1	6	14	34	2920	6.791711e-02	1.000000e+00	TGFBR1
GOBP_RESPONSE_TO_UV_A	go_bp	1	6	14	34	2920	6.791711e-02	1.000000e+00	MMP3
GOBP_VENTRICULAR_TRABECULA_MYOCARDIUM_MORPHOGENESIS	go_bp	1	6	14	34	2920	6.791711e-02	1.000000e+00	TGFBR1
GOBP_ADULT_BEHAVIOR	go_bp	2	38	147	34	2920	7.128527e-02	1.000000e+00	CEND1,CNTNAP2
GOBP_SYNAPSE_ORGANIZATION	go_bp	4	139	499	34	2920	7.546599e-02	1.000000e+00	CACNB1,CNTN2,HMCN2,PALM
GOBP_REGULATION_OF_CELL_PROJECTION_ASSEMBLY	go_bp	2	40	231	34	2920	7.797050e-02	1.000000e+00	PALM,TGFBR1
GOBP_CELLULAR_RESPONSE_TO_REACTIVE_NITROGEN_SPECIES	go_bp	1	7	17	34	2920	7.879248e-02	1.000000e+00	MMP3
GOBP_EPITHELIAL_TO_MESENCHYMAL_TRANSITION_INVOLVED_IN_ENDOCARDIAL_CUSHION_FORMATION	go_bp	1	7	18	34	2920	7.879248e-02	1.000000e+00	TGFBR1
GOBP_GLUTAMATE_METABOLIC_PROCESS	go_bp	1	7	34	34	2920	7.879248e-02	1.000000e+00	GAD1
GOBP_NEGATIVE_REGULATION_OF_ACTIN_FILAMENT_BUNDLE_ASSEMBLY	go_bp	1	7	36	34	2920	7.879248e-02	1.000000e+00	MYOC
GOBP_POSITIVE_REGULATION_OF_BEHAVIOR	go_bp	1	7	25	34	2920	7.879248e-02	1.000000e+00	PENK
GOBP_POSITIVE_REGULATION_OF_DIGESTIVE_SYSTEM_PROCESS	go_bp	1	7	14	34	2920	7.879248e-02	1.000000e+00	SCT
GOBP_PROTEIN_HETEROOLIGOMERIZATION	go_bp	1	7	30	34	2920	7.879248e-02	1.000000e+00	SYT1
GOBP_REGULATION_OF_ADENYLATE_CYCLASE_ACTIVITY	go_bp	1	7	43	34	2920	7.879248e-02	1.000000e+00	PALM
GOBP_REGULATION_OF_CAMP_MEDIATED_SIGNALING	go_bp	1	7	21	34	2920	7.879248e-02	1.000000e+00	SCT
GOBP_REGULATION_OF_DOPAMINE_SECRETION	go_bp	1	7	25	34	2920	7.879248e-02	1.000000e+00	SYT1
GOBP_REGULATION_OF_MITOCHONDRIAL_DEPOLARIZATION	go_bp	1	7	20	34	2920	7.879248e-02	1.000000e+00	MYOC
GOBP_RESPONSE_TO_AUDITORY_STIMULUS	go_bp	1	7	33	34	2920	7.879248e-02	1.000000e+00	CNTNAP2
GOBP_RESPONSE_TO_EPINEPHRINE	go_bp	1	7	14	34	2920	7.879248e-02	1.000000e+00	PENK
GOBP_SPONTANEOUS_SYNAPTIC_TRANSMISSION	go_bp	1	7	14	34	2920	7.879248e-02	1.000000e+00	SYT1
GOBP_COLLAGEN_METABOLIC_PROCESS	go_bp	2	41	107	34	2920	8.138583e-02	1.000000e+00	KLK6,MMP3
GOBP_REGULATION_OF_CALCIUM_ION_TRANSMEMBRANE_TRANSPORT	go_bp	2	41	175	34	2920	8.138583e-02	1.000000e+00	AHNAK,CACNB1
GOBP_POSITIVE_REGULATION_OF_CELLULAR_COMPONENT_ORGANIZATION	go_bp	7	331	1132	34	2920	8.222050e-02	1.000000e+00	AHNAK,CNTNAP2,MMP3,MYOC,PALM,SYT1,TGFBR1
GOBP_ACTIN_FILAMENT_BUNDLE_ORGANIZATION	go_bp	2	43	170	34	2920	8.835444e-02	1.000000e+00	MYOC,TGFBR1
GOBP_DENDRITE_SELF_AVOIDANCE	go_bp	1	8	14	34	2920	8.954464e-02	1.000000e+00	CNTN2
GOBP_EATING_BEHAVIOR	go_bp	1	8	39	34	2920	8.954464e-02	1.000000e+00	CNTN2
GOBP_NEGATIVE_REGULATION_OF_CHONDROCYTE_DIFFERENTIATION	go_bp	1	8	24	34	2920	8.954464e-02	1.000000e+00	TGFBR1
GOBP_PHARYNGEAL_SYSTEM_DEVELOPMENT	go_bp	1	8	31	34	2920	8.954464e-02	1.000000e+00	TGFBR1
GOBP_POSITIVE_REGULATION_OF_NEUROTRANSMITTER_SECRETION	go_bp	1	8	18	34	2920	8.954464e-02	1.000000e+00	SYT1
GOBP_REGULATION_OF_APPETITE	go_bp	1	8	22	34	2920	8.954464e-02	1.000000e+00	SCT
GOBP_REGULATION_OF_PLASMA_MEMBRANE_ORGANIZATION	go_bp	1	8	17	34	2920	8.954464e-02	1.000000e+00	AHNAK
GOBP_PROTEIN_DEPHOSPHORYLATION	go_bp	2	44	208	34	2920	9.190481e-02	1.000000e+00	PTPRN2,PTPRR
GOBP_FAT_CELL_DIFFERENTIATION	go_bp	2	45	251	34	2920	9.549733e-02	1.000000e+00	CNTN2,MB
GOBP_POSITIVE_REGULATION_OF_CELL_JUNCTION_ASSEMBLY	go_bp	2	45	110	34	2920	9.549733e-02	1.000000e+00	CNTNAP2,MYOC
GOBP_POSITIVE_REGULATION_OF_CELL_GROWTH	go_bp	2	46	162	34	2920	9.913059e-02	1.000000e+00	SYT1,TGFBR1
GOBP_BROWN_FAT_CELL_DIFFERENTIATION	go_bp	1	9	54	34	2920	1.001750e-01	1.000000e+00	MB
GOBP_CELLULAR_RESPONSE_TO_VITAMIN_D	go_bp	1	9	22	34	2920	1.001750e-01	1.000000e+00	PENK
GOBP_CORONARY_VASCULATURE_MORPHOGENESIS	go_bp	1	9	19	34	2920	1.001750e-01	1.000000e+00	TGFBR1
GOBP_DOPAMINE_SECRETION	go_bp	1	9	30	34	2920	1.001750e-01	1.000000e+00	SYT1
GOBP_EMBRYONIC_CRANIAL_SKELETON_MORPHOGENESIS	go_bp	1	9	45	34	2920	1.001750e-01	1.000000e+00	TGFBR1
GOBP_ENDOCARDIAL_CUSHION_FORMATION	go_bp	1	9	31	34	2920	1.001750e-01	1.000000e+00	TGFBR1
GOBP_NEGATIVE_REGULATION_OF_NEURAL_PRECURSOR_CELL_PROLIFERATION	go_bp	1	9	26	34	2920	1.001750e-01	1.000000e+00	CEND1
GOBP_PLASMA_MEMBRANE_REPAIR	go_bp	1	9	29	34	2920	1.001750e-01	1.000000e+00	AHNAK
GOBP_POSITIVE_REGULATION_OF_AMINE_TRANSPORT	go_bp	1	9	41	34	2920	1.001750e-01	1.000000e+00	SYT1
GOBP_POSITIVE_REGULATION_OF_LIPID_CATABOLIC_PROCESS	go_bp	1	9	27	34	2920	1.001750e-01	1.000000e+00	SCT
GOBP_POSITIVE_REGULATION_OF_NEUROTRANSMITTER_TRANSPORT	go_bp	1	9	24	34	2920	1.001750e-01	1.000000e+00	SYT1
GOBP_REGULATION_OF_CALCIUM_ION_DEPENDENT_EXOCYTOSIS	go_bp	1	9	30	34	2920	1.001750e-01	1.000000e+00	SYT1
GOBP_REGULATION_OF_SYNAPTIC_VESICLE_EXOCYTOSIS	go_bp	1	9	44	34	2920	1.001750e-01	1.000000e+00	SYT1
GOBP_RESPONSE_TO_CATECHOLAMINE	go_bp	1	9	63	34	2920	1.001750e-01	1.000000e+00	PALM
GOBP_RESPONSE_TO_NITRIC_OXIDE	go_bp	1	9	20	34	2920	1.001750e-01	1.000000e+00	MMP3
GOBP_STRIATED_MUSCLE_ADAPTATION	go_bp	1	9	56	34	2920	1.001750e-01	1.000000e+00	MYOC
GOBP_CELLULAR_RESPONSE_TO_CHEMICAL_STRESS	go_bp	3	97	320	34	2920	1.014170e-01	1.000000e+00	MB,MMP3,PENK
GOBP_ENSHEATHMENT_OF_NEURONS	go_bp	2	47	158	34	2920	1.028032e-01	1.000000e+00	KLK6,MYOC
GOBP_NEGATIVE_REGULATION_OF_EPITHELIAL_CELL_PROLIFERATION	go_bp	2	47	174	34	2920	1.028032e-01	1.000000e+00	SCG2,TGFBR1
GOBP_POSITIVE_REGULATION_OF_ENDOTHELIAL_CELL_PROLIFERATION	go_bp	2	47	110	34	2920	1.028032e-01	1.000000e+00	SCG2,TGFBR1
GOBP_RESPONSE_TO_INORGANIC_SUBSTANCE	go_bp	4	155	515	34	2920	1.029648e-01	1.000000e+00	MB,MMP3,PENK,SYT1
GOBP_EMBRYONIC_ORGAN_DEVELOPMENT	go_bp	3	98	457	34	2920	1.038122e-01	1.000000e+00	FLT3LG,SCT,TGFBR1
GOBP_CEREBELLAR_CORTEX_MORPHOGENESIS	go_bp	1	10	37	34	2920	1.106848e-01	1.000000e+00	CEND1
GOBP_DOPAMINE_TRANSPORT	go_bp	1	10	44	34	2920	1.106848e-01	1.000000e+00	SYT1
GOBP_MITOCHONDRIAL_DEPOLARIZATION	go_bp	1	10	25	34	2920	1.106848e-01	1.000000e+00	MYOC
GOBP_NEGATIVE_REGULATION_OF_CARTILAGE_DEVELOPMENT	go_bp	1	10	31	34	2920	1.106848e-01	1.000000e+00	TGFBR1
GOBP_NEURON_FATE_COMMITMENT	go_bp	1	10	74	34	2920	1.106848e-01	1.000000e+00	TGFBR1
GOBP_PERIPHERAL_NERVOUS_SYSTEM_AXON_ENSHEATHMENT	go_bp	1	10	29	34	2920	1.106848e-01	1.000000e+00	MYOC
GOBP_POSITIVE_REGULATION_OF_EXTRACELLULAR_MATRIX_ASSEMBLY	go_bp	1	10	15	34	2920	1.106848e-01	1.000000e+00	TGFBR1
GOBP_REGULATION_OF_CYCLASE_ACTIVITY	go_bp	1	10	53	34	2920	1.106848e-01	1.000000e+00	PALM
GOBP_REGULATION_OF_VESICLE_FUSION	go_bp	1	10	23	34	2920	1.106848e-01	1.000000e+00	SYT1
GOBP_REGULATION_OF_CELL_MORPHOGENESIS	go_bp	2	50	246	34	2920	1.140442e-01	1.000000e+00	PALM,SYT1
GOBP_TELENCEPHALON_DEVELOPMENT	go_bp	2	50	278	34	2920	1.140442e-01	1.000000e+00	CNTNAP2,SCT
GOBP_CELL_CELL_ADHESION_VIA_PLASMA_MEMBRANE_ADHESION_MOLECULES	go_bp	3	103	282	34	2920	1.161278e-01	1.000000e+00	CNTN2,HMCN2,PTPRR
GOBP_PROTEIN_LOCALIZATION_TO_EXTRACELLULAR_REGION	go_bp	3	103	385	34	2920	1.161278e-01	1.000000e+00	PPY,PTPRN2,SCG2
GOBP_ACID_SECRETION	go_bp	1	11	45	34	2920	1.210754e-01	1.000000e+00	SCT
GOBP_CARDIAC_EPITHELIAL_TO_MESENCHYMAL_TRANSITION	go_bp	1	11	40	34	2920	1.210754e-01	1.000000e+00	TGFBR1
GOBP_CELLULAR_RESPONSE_TO_OXYGEN_RADICAL	go_bp	1	11	24	34	2920	1.210754e-01	1.000000e+00	MB
GOBP_EMBRYONIC_SKELETAL_SYSTEM_MORPHOGENESIS	go_bp	1	11	94	34	2920	1.210754e-01	1.000000e+00	TGFBR1
GOBP_GLUTAMINE_FAMILY_AMINO_ACID_CATABOLIC_PROCESS	go_bp	1	11	26	34	2920	1.210754e-01	1.000000e+00	GAD1
GOBP_HEART_TRABECULA_MORPHOGENESIS	go_bp	1	11	32	34	2920	1.210754e-01	1.000000e+00	TGFBR1
GOBP_REGULATION_OF_MEMBRANE_DEPOLARIZATION	go_bp	1	11	48	34	2920	1.210754e-01	1.000000e+00	MYOC
GOBP_RESPONSE_TO_OXYGEN_RADICAL	go_bp	1	11	28	34	2920	1.210754e-01	1.000000e+00	MB
GOBP_RESPONSE_TO_STEROL	go_bp	1	11	35	34	2920	1.210754e-01	1.000000e+00	TGFBR1
GOBP_SECRETION_BY_TISSUE	go_bp	1	11	47	34	2920	1.210754e-01	1.000000e+00	SCT
GOBP_SYNAPTIC_VESICLE_MEMBRANE_ORGANIZATION	go_bp	1	11	28	34	2920	1.210754e-01	1.000000e+00	SYT1
GOBP_VESICLE_FUSION_TO_PLASMA_MEMBRANE	go_bp	1	11	24	34	2920	1.210754e-01	1.000000e+00	SYT1
GOBP_CELLULAR_RESPONSE_TO_INORGANIC_SUBSTANCE	go_bp	2	53	216	34	2920	1.255928e-01	1.000000e+00	MMP3,SYT1
GOBP_REGULATION_OF_TRANSPORTER_ACTIVITY	go_bp	2	53	247	34	2920	1.255928e-01	1.000000e+00	AHNAK,CACNB1
GOBP_EXPORT_FROM_CELL	go_bp	5	231	927	34	2920	1.261650e-01	1.000000e+00	PPY,PTPRN2,SCG2,SCT,SYT1
GOBP_CENTRAL_NERVOUS_SYSTEM_DEVELOPMENT	go_bp	5	232	1037	34	2920	1.278825e-01	1.000000e+00	CEND1,CNTNAP2,KLK6,MOG,SCT
GOBP_REGULATION_OF_EXTRINSIC_APOPTOTIC_SIGNALING_PATHWAY	go_bp	2	54	157	34	2920	1.295049e-01	1.000000e+00	SCG2,TGFBR1
GOBP_ADENYLATE_CYCLASE_INHIBITING_G_PROTEIN_COUPLED_RECEPTOR_SIGNALING_PATHWAY	go_bp	1	12	80	34	2920	1.313481e-01	1.000000e+00	PALM
GOBP_CELL_JUNCTION_DISASSEMBLY	go_bp	1	12	27	34	2920	1.313481e-01	1.000000e+00	TGFBR1
GOBP_CEREBELLAR_CORTEX_DEVELOPMENT	go_bp	1	12	52	34	2920	1.313481e-01	1.000000e+00	CEND1
GOBP_CRANIAL_SKELETAL_SYSTEM_DEVELOPMENT	go_bp	1	12	73	34	2920	1.313481e-01	1.000000e+00	TGFBR1
GOBP_EMBRYONIC_DIGESTIVE_TRACT_DEVELOPMENT	go_bp	1	12	33	34	2920	1.313481e-01	1.000000e+00	SCT
GOBP_HINDBRAIN_MORPHOGENESIS	go_bp	1	12	48	34	2920	1.313481e-01	1.000000e+00	CEND1
GOBP_INSULIN_SECRETION_INVOLVED_IN_CELLULAR_RESPONSE_TO_GLUCOSE_STIMULUS	go_bp	1	12	66	34	2920	1.313481e-01	1.000000e+00	PTPRN2
GOBP_NEGATIVE_REGULATION_OF_CELL_MATRIX_ADHESION	go_bp	1	12	40	34	2920	1.313481e-01	1.000000e+00	MYOC
GOBP_POSITIVE_REGULATION_OF_MUSCLE_CONTRACTION	go_bp	1	12	50	34	2920	1.313481e-01	1.000000e+00	CACNB1
GOBP_PROTEIN_AUTOPROCESSING	go_bp	1	12	27	34	2920	1.313481e-01	1.000000e+00	KLK6
GOBP_REGULATION_OF_CARDIAC_MUSCLE_CELL_PROLIFERATION	go_bp	1	12	48	34	2920	1.313481e-01	1.000000e+00	TGFBR1
GOBP_REGULATION_OF_LYASE_ACTIVITY	go_bp	1	12	57	34	2920	1.313481e-01	1.000000e+00	PALM
GOBP_RESPONSE_TO_ELECTRICAL_STIMULUS	go_bp	1	12	45	34	2920	1.313481e-01	1.000000e+00	PALM
GOBP_ROOF_OF_MOUTH_DEVELOPMENT	go_bp	1	12	91	34	2920	1.313481e-01	1.000000e+00	TGFBR1
GOBP_SYNAPSE_MATURATION	go_bp	1	12	34	34	2920	1.313481e-01	1.000000e+00	PALM
GOBP_THYMUS_DEVELOPMENT	go_bp	1	12	49	34	2920	1.313481e-01	1.000000e+00	TGFBR1
GOBP_VENTRICULAR_SEPTUM_MORPHOGENESIS	go_bp	1	12	44	34	2920	1.313481e-01	1.000000e+00	TGFBR1
GOBP_CELLULAR_RESPONSE_TO_REACTIVE_OXYGEN_SPECIES	go_bp	2	55	154	34	2920	1.334463e-01	1.000000e+00	MB,MMP3
GOBP_CELL_CELL_JUNCTION_ORGANIZATION	go_bp	2	55	217	34	2920	1.334463e-01	1.000000e+00	CNTNAP2,TGFBR1
GOBP_REGULATION_OF_TRANSMEMBRANE_TRANSPORT	go_bp	3	110	488	34	2920	1.342643e-01	1.000000e+00	AHNAK,CACNB1,DPP6
GOBP_CELL_PROJECTION_MORPHOGENESIS	go_bp	4	172	670	34	2920	1.366421e-01	1.000000e+00	CNTN2,CNTNAP2,HMCN2,SYT1
GOBP_RNA_SPLICING	go_bp	2	56	478	34	2920	1.374159e-01	1.000000e+00	AHNAK,AHNAK2
GOBP_RESPONSE_TO_OXYGEN_CONTAINING_COMPOUND	go_bp	8	448	1678	34	2920	1.381659e-01	1.000000e+00	CACNB1,MB,MMP3,PALM,PENK,PTPRN2,SHC1,TGFBR1
GOBP_ACTOMYOSIN_STRUCTURE_ORGANIZATION	go_bp	2	57	216	34	2920	1.414125e-01	1.000000e+00	MYOC,TGFBR1
GOBP_BLASTOCYST_DEVELOPMENT	go_bp	1	13	117	34	2920	1.415043e-01	1.000000e+00	TGFBR1
GOBP_CATECHOLAMINE_SECRETION	go_bp	1	13	49	34	2920	1.415043e-01	1.000000e+00	SYT1
GOBP_CELLULAR_RESPONSE_TO_CAMP	go_bp	1	13	51	34	2920	1.415043e-01	1.000000e+00	PENK
GOBP_EMBRYONIC_HEMOPOIESIS	go_bp	1	13	24	34	2920	1.415043e-01	1.000000e+00	FLT3LG
GOBP_ENDOCARDIAL_CUSHION_MORPHOGENESIS	go_bp	1	13	44	34	2920	1.415043e-01	1.000000e+00	TGFBR1
GOBP_HYDROGEN_PEROXIDE_CATABOLIC_PROCESS	go_bp	1	13	31	34	2920	1.415043e-01	1.000000e+00	PXDNL
GOBP_INDUCTION_OF_POSITIVE_CHEMOTAXIS	go_bp	1	13	14	34	2920	1.415043e-01	1.000000e+00	SCG2
GOBP_NEGATIVE_REGULATION_OF_PHOSPHATIDYLINOSITOL_3_KINASE_PROTEIN_KINASE_B_SIGNAL_TRANSDUCTION	go_bp	1	13	72	34	2920	1.415043e-01	1.000000e+00	MMP3
GOBP_NEGATIVE_REGULATION_OF_SMALL_GTPASE_MEDIATED_SIGNAL_TRANSDUCTION	go_bp	1	13	58	34	2920	1.415043e-01	1.000000e+00	MYOC
GOBP_NEUROMUSCULAR_JUNCTION_DEVELOPMENT	go_bp	1	13	53	34	2920	1.415043e-01	1.000000e+00	CACNB1
GOBP_POSITIVE_REGULATION_OF_G_PROTEIN_COUPLED_RECEPTOR_SIGNALING_PATHWAY	go_bp	1	13	33	34	2920	1.415043e-01	1.000000e+00	KLK6
GOBP_POSITIVE_REGULATION_OF_STEM_CELL_PROLIFERATION	go_bp	1	13	56	34	2920	1.415043e-01	1.000000e+00	TGFBR1
GOBP_REGULATION_OF_EXTRACELLULAR_MATRIX_ASSEMBLY	go_bp	1	13	29	34	2920	1.415043e-01	1.000000e+00	TGFBR1
GOBP_RESPONSE_TO_NICOTINE	go_bp	1	13	53	34	2920	1.415043e-01	1.000000e+00	PENK
GOBP_VENTRICULAR_CARDIAC_MUSCLE_TISSUE_MORPHOGENESIS	go_bp	1	13	47	34	2920	1.415043e-01	1.000000e+00	TGFBR1
GOBP_PHOSPHATIDYLINOSITOL_3_KINASE_PROTEIN_KINASE_B_SIGNAL_TRANSDUCTION	go_bp	3	113	309	34	2920	1.423330e-01	1.000000e+00	MMP3,MYOC,TGFBR1
GOBP_G_PROTEIN_COUPLED_RECEPTOR_SIGNALING_PATHWAY	go_bp	4	175	1321	34	2920	1.430211e-01	1.000000e+00	KLK6,PALM,PENK,PPY
GOBP_POSITIVE_REGULATION_OF_CYTOSKELETON_ORGANIZATION	go_bp	2	58	184	34	2920	1.454350e-01	1.000000e+00	MYOC,TGFBR1
GOBP_REGULATION_OF_MONOATOMIC_ION_TRANSPORT	go_bp	3	115	467	34	2920	1.478044e-01	1.000000e+00	AHNAK,CACNB1,DPP6
GOBP_CATECHOLAMINE_TRANSPORT	go_bp	1	14	64	34	2920	1.515452e-01	1.000000e+00	SYT1
GOBP_CORONARY_VASCULATURE_DEVELOPMENT	go_bp	1	14	50	34	2920	1.515452e-01	1.000000e+00	TGFBR1
GOBP_DIENCEPHALON_DEVELOPMENT	go_bp	1	14	81	34	2920	1.515452e-01	1.000000e+00	CNTNAP2
GOBP_NEGATIVE_REGULATION_OF_REACTIVE_OXYGEN_SPECIES_METABOLIC_PROCESS	go_bp	1	14	47	34	2920	1.515452e-01	1.000000e+00	MMP3
GOBP_POSITIVE_REGULATION_OF_REGULATED_SECRETORY_PATHWAY	go_bp	1	14	43	34	2920	1.515452e-01	1.000000e+00	SYT1
GOBP_POSITIVE_REGULATION_OF_SUBSTRATE_ADHESION_DEPENDENT_CELL_SPREADING	go_bp	1	14	43	34	2920	1.515452e-01	1.000000e+00	MYOC
GOBP_REGULATION_OF_DIGESTIVE_SYSTEM_PROCESS	go_bp	1	14	40	34	2920	1.515452e-01	1.000000e+00	SCT
GOBP_RESPONSE_TO_IMMOBILIZATION_STRESS	go_bp	1	14	28	34	2920	1.515452e-01	1.000000e+00	PENK
GOBP_TIGHT_JUNCTION_ORGANIZATION	go_bp	1	14	84	34	2920	1.515452e-01	1.000000e+00	TGFBR1
GOBP_VENTRICULAR_CARDIAC_MUSCLE_TISSUE_DEVELOPMENT	go_bp	1	14	63	34	2920	1.515452e-01	1.000000e+00	TGFBR1
GOBP_VITAMIN_TRANSPORT	go_bp	1	14	52	34	2920	1.515452e-01	1.000000e+00	RTBDN
GOBP_CELL_MORPHOGENESIS	go_bp	5	247	981	34	2920	1.549598e-01	1.000000e+00	CNTN2,CNTNAP2,HMCN2,PALM,SYT1
GOBP_DEPHOSPHORYLATION	go_bp	2	61	287	34	2920	1.576470e-01	1.000000e+00	PTPRN2,PTPRR
GOBP_CALCIUM_ION_REGULATED_EXOCYTOSIS	go_bp	1	15	66	34	2920	1.614721e-01	1.000000e+00	SYT1
GOBP_CAMP_MEDIATED_SIGNALING	go_bp	1	15	57	34	2920	1.614721e-01	1.000000e+00	SCT
GOBP_CARDIAC_MUSCLE_TISSUE_MORPHOGENESIS	go_bp	1	15	61	34	2920	1.614721e-01	1.000000e+00	TGFBR1
GOBP_CELLULAR_RESPONSE_TO_VITAMIN	go_bp	1	15	30	34	2920	1.614721e-01	1.000000e+00	PENK
GOBP_EMBRYONIC_SKELETAL_SYSTEM_DEVELOPMENT	go_bp	1	15	128	34	2920	1.614721e-01	1.000000e+00	TGFBR1
GOBP_MESENCHYME_MORPHOGENESIS	go_bp	1	15	61	34	2920	1.614721e-01	1.000000e+00	TGFBR1
GOBP_NON_CANONICAL_WNT_SIGNALING_PATHWAY	go_bp	1	15	71	34	2920	1.614721e-01	1.000000e+00	MYOC
GOBP_POSITIVE_REGULATION_OF_EXTRACELLULAR_MATRIX_ORGANIZATION	go_bp	1	15	31	34	2920	1.614721e-01	1.000000e+00	TGFBR1
GOBP_POSITIVE_REGULATION_OF_FOCAL_ADHESION_ASSEMBLY	go_bp	1	15	26	34	2920	1.614721e-01	1.000000e+00	MYOC
GOBP_POSITIVE_REGULATION_OF_SMAD_PROTEIN_SIGNAL_TRANSDUCTION	go_bp	1	15	39	34	2920	1.614721e-01	1.000000e+00	TGFBR1
GOBP_REGULATION_OF_CHONDROCYTE_DIFFERENTIATION	go_bp	1	15	52	34	2920	1.614721e-01	1.000000e+00	TGFBR1
GOBP_REGULATION_OF_HEART_GROWTH	go_bp	1	15	73	34	2920	1.614721e-01	1.000000e+00	TGFBR1
GOBP_REGULATION_OF_SYNAPTIC_TRANSMISSION_GLUTAMATERGIC	go_bp	1	15	77	34	2920	1.614721e-01	1.000000e+00	SYT1
GOBP_OSTEOBLAST_DIFFERENTIATION	go_bp	2	62	261	34	2920	1.617623e-01	1.000000e+00	MYOC,PENK
GOBP_TISSUE_MIGRATION	go_bp	3	121	386	34	2920	1.646334e-01	1.000000e+00	PTPRR,SCG2,TGFBR1
GOBP_MONOATOMIC_CATION_TRANSMEMBRANE_TRANSPORT	go_bp	3	122	861	34	2920	1.674954e-01	1.000000e+00	AHNAK,CACNB1,DPP6
GOBP_REGULATION_OF_CELLULAR_COMPONENT_BIOGENESIS	go_bp	5	254	1026	34	2920	1.683972e-01	1.000000e+00	CNTNAP2,MMP3,MYOC,PALM,TGFBR1
GOBP_CELLULAR_RESPONSE_TO_CALCIUM_ION	go_bp	1	16	73	34	2920	1.712862e-01	1.000000e+00	SYT1
GOBP_COLLAGEN_FIBRIL_ORGANIZATION	go_bp	1	16	67	34	2920	1.712862e-01	1.000000e+00	TGFBR1
GOBP_ENDOCARDIAL_CUSHION_DEVELOPMENT	go_bp	1	16	54	34	2920	1.712862e-01	1.000000e+00	TGFBR1
GOBP_FEAR_RESPONSE	go_bp	1	16	50	34	2920	1.712862e-01	1.000000e+00	PENK
GOBP_HIPPOCAMPUS_DEVELOPMENT	go_bp	1	16	95	34	2920	1.712862e-01	1.000000e+00	SCT
GOBP_ONE_CARBON_METABOLIC_PROCESS	go_bp	1	16	40	34	2920	1.712862e-01	1.000000e+00	CA3
GOBP_REGULATION_OF_NEUROTRANSMITTER_SECRETION	go_bp	1	16	84	34	2920	1.712862e-01	1.000000e+00	SYT1
GOBP_SCHWANN_CELL_DIFFERENTIATION	go_bp	1	16	49	34	2920	1.712862e-01	1.000000e+00	MYOC
GOBP_SENSORY_PERCEPTION_OF_PAIN	go_bp	1	16	81	34	2920	1.712862e-01	1.000000e+00	PENK
GOBP_VESICLE_DOCKING	go_bp	1	16	57	34	2920	1.712862e-01	1.000000e+00	SYT1
GOBP_CALCIUM_ION_TRANSMEMBRANE_TRANSPORT	go_bp	2	65	344	34	2920	1.742282e-01	1.000000e+00	AHNAK,CACNB1
GOBP_SECRETION	go_bp	5	259	984	34	2920	1.782863e-01	1.000000e+00	PPY,PTPRN2,SCG2,SCT,SYT1
GOBP_CELL_RECOGNITION	go_bp	2	66	157	34	2920	1.784202e-01	1.000000e+00	CNTN2,CNTNAP2
GOBP_REGULATION_OF_CALCIUM_ION_TRANSPORT	go_bp	2	66	253	34	2920	1.784202e-01	1.000000e+00	AHNAK,CACNB1
GOBP_ACTIVIN_RECEPTOR_SIGNALING_PATHWAY	go_bp	1	17	52	34	2920	1.809887e-01	1.000000e+00	TGFBR1
GOBP_CARDIAC_MUSCLE_CELL_PROLIFERATION	go_bp	1	17	60	34	2920	1.809887e-01	1.000000e+00	TGFBR1
GOBP_CELLULAR_RESPONSE_TO_AMYLOID_BETA	go_bp	1	17	46	34	2920	1.809887e-01	1.000000e+00	CACNB1
GOBP_CELLULAR_RESPONSE_TO_NUTRIENT	go_bp	1	17	50	34	2920	1.809887e-01	1.000000e+00	PENK
GOBP_DICARBOXYLIC_ACID_METABOLIC_PROCESS	go_bp	1	17	96	34	2920	1.809887e-01	1.000000e+00	GAD1
GOBP_GLUTAMINE_FAMILY_AMINO_ACID_METABOLIC_PROCESS	go_bp	1	17	76	34	2920	1.809887e-01	1.000000e+00	GAD1
GOBP_MONOAMINE_TRANSPORT	go_bp	1	17	77	34	2920	1.809887e-01	1.000000e+00	SYT1
GOBP_POSITIVE_REGULATION_OF_CELL_SUBSTRATE_JUNCTION_ORGANIZATION	go_bp	1	17	31	34	2920	1.809887e-01	1.000000e+00	MYOC
GOBP_REGULATION_OF_LIPID_CATABOLIC_PROCESS	go_bp	1	17	66	34	2920	1.809887e-01	1.000000e+00	SCT
GOBP_RESPONSE_TO_VITAMIN_D	go_bp	1	17	38	34	2920	1.809887e-01	1.000000e+00	PENK
GOBP_SYNAPTIC_TRANSMISSION_GLUTAMATERGIC	go_bp	1	17	109	34	2920	1.809887e-01	1.000000e+00	SYT1
GOBP_TRABECULA_MORPHOGENESIS	go_bp	1	17	47	34	2920	1.809887e-01	1.000000e+00	TGFBR1
GOBP_SIGNAL_RELEASE	go_bp	3	128	491	34	2920	1.849806e-01	1.000000e+00	PTPRN2,SCT,SYT1
GOBP_PEPTIDE_TRANSPORT	go_bp	2	68	261	34	2920	1.868536e-01	1.000000e+00	PTPRN2,SCT
GOBP_CARDIAC_VENTRICLE_MORPHOGENESIS	go_bp	1	18	72	34	2920	1.905810e-01	1.000000e+00	TGFBR1
GOBP_NEGATIVE_REGULATION_OF_ENDOTHELIAL_CELL_APOPTOTIC_PROCESS	go_bp	1	18	38	34	2920	1.905810e-01	1.000000e+00	SCG2
GOBP_SYNAPTIC_VESICLE_RECYCLING	go_bp	1	18	83	34	2920	1.905810e-01	1.000000e+00	SYT1
GOBP_NEGATIVE_REGULATION_OF_APOPTOTIC_SIGNALING_PATHWAY	go_bp	2	69	244	34	2920	1.910931e-01	1.000000e+00	SCG2,TGFBR1
GOBP_NEGATIVE_REGULATION_OF_INTRACELLULAR_SIGNAL_TRANSDUCTION	go_bp	3	131	617	34	2920	1.939104e-01	1.000000e+00	MMP3,MYOC,PTPRR
GOBP_CELL_CELL_SIGNALING	go_bp	6	339	1319	34	2920	1.950814e-01	1.000000e+00	CACNB1,GAD1,PENK,PTPRN2,SCT,SYT1
GOBP_MONOATOMIC_ION_TRANSMEMBRANE_TRANSPORT	go_bp	3	132	1031	34	2920	1.969126e-01	1.000000e+00	AHNAK,CACNB1,DPP6
GOBP_POSITIVE_REGULATION_OF_ORGANELLE_ORGANIZATION	go_bp	3	132	514	34	2920	1.969126e-01	1.000000e+00	MYOC,SYT1,TGFBR1
GOBP_AMYLOID_PRECURSOR_PROTEIN_METABOLIC_PROCESS	go_bp	1	19	96	34	2920	2.000642e-01	1.000000e+00	KLK6
GOBP_CARDIAC_SEPTUM_MORPHOGENESIS	go_bp	1	19	73	34	2920	2.000642e-01	1.000000e+00	TGFBR1
GOBP_CELLULAR_RESPONSE_TO_ACID_CHEMICAL	go_bp	1	19	99	34	2920	2.000642e-01	1.000000e+00	MMP3
GOBP_HYDROGEN_PEROXIDE_METABOLIC_PROCESS	go_bp	1	19	55	34	2920	2.000642e-01	1.000000e+00	PXDNL
GOBP_INSULIN_LIKE_GROWTH_FACTOR_RECEPTOR_SIGNALING_PATHWAY	go_bp	1	19	53	34	2920	2.000642e-01	1.000000e+00	SHC1
GOBP_LENS_DEVELOPMENT_IN_CAMERA_TYPE_EYE	go_bp	1	19	90	34	2920	2.000642e-01	1.000000e+00	TGFBR1
GOBP_MUSCLE_ORGAN_MORPHOGENESIS	go_bp	1	19	82	34	2920	2.000642e-01	1.000000e+00	TGFBR1
GOBP_REGULATION_OF_NEUROINFLAMMATORY_RESPONSE	go_bp	1	19	41	34	2920	2.000642e-01	1.000000e+00	MMP3
GOBP_VENTRICULAR_SEPTUM_DEVELOPMENT	go_bp	1	19	75	34	2920	2.000642e-01	1.000000e+00	TGFBR1
GOBP_RESPONSE_TO_REACTIVE_OXYGEN_SPECIES	go_bp	2	72	205	34	2920	2.038926e-01	1.000000e+00	MB,MMP3
GOBP_REGULATION_OF_CELL_JUNCTION_ASSEMBLY	go_bp	2	73	223	34	2920	2.081833e-01	1.000000e+00	CNTNAP2,MYOC
GOBP_RESPONSE_TO_NUTRIENT_LEVELS	go_bp	3	136	500	34	2920	2.090414e-01	1.000000e+00	CNTN2,PENK,SCT
GOBP_AMINE_TRANSPORT	go_bp	1	20	94	34	2920	2.094395e-01	1.000000e+00	SYT1
GOBP_AMINO_ACID_BIOSYNTHETIC_PROCESS	go_bp	1	20	76	34	2920	2.094395e-01	1.000000e+00	GAD1
GOBP_EXTRACELLULAR_MATRIX_ASSEMBLY	go_bp	1	20	55	34	2920	2.094395e-01	1.000000e+00	TGFBR1
GOBP_MEMBRANE_DEPOLARIZATION	go_bp	1	20	93	34	2920	2.094395e-01	1.000000e+00	MYOC
GOBP_POSITIVE_REGULATION_OF_EPITHELIAL_TO_MESENCHYMAL_TRANSITION	go_bp	1	20	60	34	2920	2.094395e-01	1.000000e+00	TGFBR1
GOBP_REGULATION_OF_BEHAVIOR	go_bp	1	20	75	34	2920	2.094395e-01	1.000000e+00	PENK
GOBP_REGULATION_OF_MITOCHONDRIAL_MEMBRANE_POTENTIAL	go_bp	1	20	73	34	2920	2.094395e-01	1.000000e+00	MYOC
GOBP_REGULATION_OF_NEUROTRANSMITTER_TRANSPORT	go_bp	1	20	101	34	2920	2.094395e-01	1.000000e+00	SYT1
GOBP_REGULATION_OF_POSITIVE_CHEMOTAXIS	go_bp	1	20	26	34	2920	2.094395e-01	1.000000e+00	SCG2
GOBP_REGULATION_OF_SMAD_PROTEIN_SIGNAL_TRANSDUCTION	go_bp	1	20	78	34	2920	2.094395e-01	1.000000e+00	TGFBR1
GOBP_REGULATION_OF_SUBSTRATE_ADHESION_DEPENDENT_CELL_SPREADING	go_bp	1	20	62	34	2920	2.094395e-01	1.000000e+00	MYOC
GOBP_NITROGEN_COMPOUND_TRANSPORT	go_bp	6	347	1903	34	2920	2.100819e-01	1.000000e+00	PPY,PTPRN2,RTBDN,SCG2,SCT,SYT1
GOBP_ENDOTHELIAL_CELL_PROLIFERATION	go_bp	2	74	208	34	2920	2.124846e-01	1.000000e+00	SCG2,TGFBR1
GOBP_PROTEIN_LOCALIZATION_TO_PLASMA_MEMBRANE	go_bp	2	74	286	34	2920	2.124846e-01	1.000000e+00	DPP6,PALM
GOBP_REGULATION_OF_ACTIN_FILAMENT_ORGANIZATION	go_bp	2	74	273	34	2920	2.124846e-01	1.000000e+00	MYOC,TGFBR1
GOBP_RESPONSE_TO_NITROGEN_COMPOUND	go_bp	5	277	1106	34	2920	2.157145e-01	1.000000e+00	CACNB1,MMP3,PALM,PENK,SHC1
GOBP_POSITIVE_REGULATION_OF_GROWTH	go_bp	2	75	257	34	2920	2.167959e-01	1.000000e+00	SYT1,TGFBR1
GOBP_L_AMINO_ACID_CATABOLIC_PROCESS	go_bp	1	21	67	34	2920	2.187082e-01	1.000000e+00	GAD1
GOBP_NEGATIVE_REGULATION_OF_CELL_SUBSTRATE_ADHESION	go_bp	1	21	65	34	2920	2.187082e-01	1.000000e+00	MYOC
GOBP_REGULATION_OF_RHO_PROTEIN_SIGNAL_TRANSDUCTION	go_bp	1	21	90	34	2920	2.187082e-01	1.000000e+00	MYOC
GOBP_RESPONSE_TO_ALCOHOL	go_bp	2	76	264	34	2920	2.211163e-01	1.000000e+00	PENK,TGFBR1
GOBP_HEART_DEVELOPMENT	go_bp	3	140	622	34	2920	2.213470e-01	1.000000e+00	MB,SHC1,TGFBR1
GOBP_NEGATIVE_REGULATION_OF_SIGNALING	go_bp	6	353	1520	34	2920	2.216194e-01	1.000000e+00	MMP3,MYOC,PALM,PTPRR,SCG2,TGFBR1
GOBP_REGULATION_OF_HORMONE_LEVELS	go_bp	3	141	544	34	2920	2.244488e-01	1.000000e+00	KLK6,PTPRN2,SCT
GOBP_EXOCYTIC_PROCESS	go_bp	1	22	79	34	2920	2.278713e-01	1.000000e+00	SYT1
GOBP_NEGATIVE_REGULATION_OF_ERK1_AND_ERK2_CASCADE	go_bp	1	22	75	34	2920	2.278713e-01	1.000000e+00	PTPRR
GOBP_AMIDE_TRANSPORT	go_bp	2	79	320	34	2920	2.341244e-01	1.000000e+00	PTPRN2,SCT
GOBP_POSITIVE_REGULATION_OF_EPITHELIAL_CELL_PROLIFERATION	go_bp	2	79	220	34	2920	2.341244e-01	1.000000e+00	SCG2,TGFBR1
GOBP_REGENERATION	go_bp	2	79	203	34	2920	2.341244e-01	1.000000e+00	KLK6,OMG
GOBP_ADULT_LOCOMOTORY_BEHAVIOR	go_bp	1	23	81	34	2920	2.369301e-01	1.000000e+00	CEND1
GOBP_BODY_FLUID_SECRETION	go_bp	1	23	95	34	2920	2.369301e-01	1.000000e+00	SCT
GOBP_GLIAL_CELL_PROLIFERATION	go_bp	1	23	60	34	2920	2.369301e-01	1.000000e+00	PENK
GOBP_HEART_GROWTH	go_bp	1	23	99	34	2920	2.369301e-01	1.000000e+00	TGFBR1
GOBP_NEGATIVE_REGULATION_OF_EPITHELIAL_CELL_APOPTOTIC_PROCESS	go_bp	1	23	67	34	2920	2.369301e-01	1.000000e+00	SCG2
GOBP_NON_PROTEINOGENIC_AMINO_ACID_METABOLIC_PROCESS	go_bp	1	23	74	34	2920	2.369301e-01	1.000000e+00	GAD1
GOBP_PERIPHERAL_NERVOUS_SYSTEM_DEVELOPMENT	go_bp	1	23	86	34	2920	2.369301e-01	1.000000e+00	MYOC
GOBP_REGULATION_OF_CARTILAGE_DEVELOPMENT	go_bp	1	23	72	34	2920	2.369301e-01	1.000000e+00	TGFBR1
GOBP_REGULATION_OF_ORGAN_GROWTH	go_bp	1	23	102	34	2920	2.369301e-01	1.000000e+00	TGFBR1
GOBP_REGULATION_OF_STEM_CELL_PROLIFERATION	go_bp	1	23	96	34	2920	2.369301e-01	1.000000e+00	TGFBR1
GOBP_SYNAPTIC_VESICLE_EXOCYTOSIS	go_bp	1	23	97	34	2920	2.369301e-01	1.000000e+00	SYT1
GOBP_TISSUE_REGENERATION	go_bp	1	23	81	34	2920	2.369301e-01	1.000000e+00	KLK6
GOBP_IN_UTERO_EMBRYONIC_DEVELOPMENT	go_bp	2	81	402	34	2920	2.428284e-01	1.000000e+00	PTPRR,TGFBR1
GOBP_NEURON_PROJECTION_GUIDANCE	go_bp	2	81	234	34	2920	2.428284e-01	1.000000e+00	CNTN2,HMCN2
GOBP_EOSINOPHIL_MIGRATION	go_bp	1	24	30	34	2920	2.458857e-01	1.000000e+00	SCG2
GOBP_MUSCLE_HYPERTROPHY	go_bp	1	24	107	34	2920	2.458857e-01	1.000000e+00	MYOC
GOBP_REGULATION_OF_CELL_SUBSTRATE_JUNCTION_ORGANIZATION	go_bp	1	24	68	34	2920	2.458857e-01	1.000000e+00	MYOC
GOBP_REGULATION_OF_POTASSIUM_ION_TRANSPORT	go_bp	1	24	100	34	2920	2.458857e-01	1.000000e+00	DPP6
GOBP_RNA_PROCESSING	go_bp	2	82	1423	34	2920	2.471879e-01	1.000000e+00	AHNAK,AHNAK2
GOBP_AMEBOIDAL_TYPE_CELL_MIGRATION	go_bp	3	149	502	34	2920	2.495809e-01	1.000000e+00	PTPRR,SCG2,TGFBR1
GOBP_FOREBRAIN_DEVELOPMENT	go_bp	2	83	411	34	2920	2.515514e-01	1.000000e+00	CNTNAP2,SCT
GOBP_RESPONSE_TO_TRANSFORMING_GROWTH_FACTOR_BETA	go_bp	2	83	314	34	2920	2.515514e-01	1.000000e+00	PENK,TGFBR1
GOBP_EMBRYO_DEVELOPMENT	go_bp	4	221	1133	34	2920	2.536979e-01	1.000000e+00	FLT3LG,PTPRR,SCT,TGFBR1
GOBP_CEREBRAL_CORTEX_DEVELOPMENT	go_bp	1	25	127	34	2920	2.547393e-01	1.000000e+00	CNTNAP2
GOBP_MEMBRANE_DOCKING	go_bp	1	25	85	34	2920	2.547393e-01	1.000000e+00	SYT1
GOBP_STRIATED_MUSCLE_CELL_PROLIFERATION	go_bp	1	25	84	34	2920	2.547393e-01	1.000000e+00	TGFBR1
GOBP_HEAD_DEVELOPMENT	go_bp	3	153	785	34	2920	2.623287e-01	1.000000e+00	CEND1,CNTNAP2,SCT
GOBP_ANTERIOR_POSTERIOR_PATTERN_SPECIFICATION	go_bp	1	26	219	34	2920	2.634919e-01	1.000000e+00	TGFBR1
GOBP_CELLULAR_RESPONSE_TO_VIRUS	go_bp	1	26	88	34	2920	2.634919e-01	1.000000e+00	PENK
GOBP_STEM_CELL_PROLIFERATION	go_bp	1	26	126	34	2920	2.634919e-01	1.000000e+00	TGFBR1
GOBP_RESPONSE_TO_ABIOTIC_STIMULUS	go_bp	5	300	1149	34	2920	2.670227e-01	1.000000e+00	CNTNAP2,MB,MMP3,PALM,PENK
GOBP_CARDIAC_SEPTUM_DEVELOPMENT	go_bp	1	27	109	34	2920	2.721447e-01	1.000000e+00	TGFBR1
GOBP_CARDIAC_VENTRICLE_DEVELOPMENT	go_bp	1	27	128	34	2920	2.721447e-01	1.000000e+00	TGFBR1
GOBP_POSITIVE_REGULATION_OF_PEPTIDE_SECRETION	go_bp	1	27	113	34	2920	2.721447e-01	1.000000e+00	SCT
GOBP_POST_EMBRYONIC_DEVELOPMENT	go_bp	1	27	89	34	2920	2.721447e-01	1.000000e+00	TGFBR1
GOBP_REGULATION_OF_PROTEIN_UBIQUITINATION	go_bp	1	27	196	34	2920	2.721447e-01	1.000000e+00	TGFBR1
GOBP_HORMONE_TRANSPORT	go_bp	2	88	326	34	2920	2.734071e-01	1.000000e+00	PTPRN2,SCT
GOBP_POSITIVE_REGULATION_OF_PHOSPHATIDYLINOSITOL_3_KINASE_PROTEIN_KINASE_B_SIGNAL_TRANSDUCTION	go_bp	2	88	186	34	2920	2.734071e-01	1.000000e+00	MYOC,TGFBR1
GOBP_REGULATION_OF_DEVELOPMENTAL_GROWTH	go_bp	2	88	316	34	2920	2.734071e-01	1.000000e+00	SYT1,TGFBR1
GOBP_NEGATIVE_REGULATION_OF_RESPONSE_TO_STIMULUS	go_bp	7	456	1789	34	2920	2.737115e-01	1.000000e+00	CNTNAP2,MMP3,MYOC,PALM,PTPRR,SCG2,TGFBR1
GOBP_ARTERY_MORPHOGENESIS	go_bp	1	28	82	34	2920	2.806988e-01	1.000000e+00	TGFBR1
GOBP_METENCEPHALON_DEVELOPMENT	go_bp	1	28	116	34	2920	2.806988e-01	1.000000e+00	CEND1
GOBP_MUSCLE_ADAPTATION	go_bp	1	28	121	34	2920	2.806988e-01	1.000000e+00	MYOC
GOBP_NEGATIVE_REGULATION_OF_EPITHELIAL_CELL_MIGRATION	go_bp	1	28	118	34	2920	2.806988e-01	1.000000e+00	PTPRR
GOBP_POSITIVE_REGULATION_OF_CELL_MATRIX_ADHESION	go_bp	1	28	56	34	2920	2.806988e-01	1.000000e+00	MYOC
GOBP_POSITIVE_REGULATION_OF_TRANSMEMBRANE_RECEPTOR_PROTEIN_SERINE_THREONINE_KINASE_SIGNALING_PATHWAY	go_bp	1	28	107	34	2920	2.806988e-01	1.000000e+00	TGFBR1
GOBP_RESPONSE_TO_CAMP	go_bp	1	28	87	34	2920	2.806988e-01	1.000000e+00	PENK
GOBP_SUPEROXIDE_METABOLIC_PROCESS	go_bp	1	28	73	34	2920	2.806988e-01	1.000000e+00	MB
GOBP_EXTRINSIC_APOPTOTIC_SIGNALING_PATHWAY	go_bp	2	90	230	34	2920	2.821556e-01	1.000000e+00	SCG2,TGFBR1
GOBP_CALCIUM_ION_TRANSPORT	go_bp	2	91	439	34	2920	2.865289e-01	1.000000e+00	AHNAK,CACNB1
GOBP_ENDOTHELIAL_CELL_MIGRATION	go_bp	2	91	289	34	2920	2.865289e-01	1.000000e+00	SCG2,TGFBR1
GOBP_REGULATION_OF_CELL_PROJECTION_ORGANIZATION	go_bp	3	161	685	34	2920	2.880974e-01	1.000000e+00	KLK6,PALM,TGFBR1
GOBP_AMINO_ACID_CATABOLIC_PROCESS	go_bp	1	29	103	34	2920	2.891553e-01	1.000000e+00	GAD1
GOBP_CELLULAR_RESPONSE_TO_UV	go_bp	1	29	91	34	2920	2.891553e-01	1.000000e+00	MMP3
GOBP_INSULIN_RECEPTOR_SIGNALING_PATHWAY	go_bp	1	29	131	34	2920	2.891553e-01	1.000000e+00	SHC1
GOBP_MULTICELLULAR_ORGANISMAL_RESPONSE_TO_STRESS	go_bp	1	29	97	34	2920	2.891553e-01	1.000000e+00	PENK
GOBP_RHO_PROTEIN_SIGNAL_TRANSDUCTION	go_bp	1	29	147	34	2920	2.891553e-01	1.000000e+00	MYOC
GOBP_SMAD_PROTEIN_SIGNAL_TRANSDUCTION	go_bp	1	29	96	34	2920	2.891553e-01	1.000000e+00	TGFBR1
GOBP_POSITIVE_REGULATION_OF_CELL_PROJECTION_ORGANIZATION	go_bp	2	92	361	34	2920	2.909007e-01	1.000000e+00	PALM,TGFBR1
GOBP_RESPONSE_TO_BACTERIUM	go_bp	4	236	745	34	2920	2.935057e-01	1.000000e+00	CA3,MMP3,PENK,SHC1
GOBP_PROTEIN_LOCALIZATION_TO_CELL_PERIPHERY	go_bp	2	93	349	34	2920	2.952705e-01	1.000000e+00	DPP6,PALM
GOBP_CARDIAC_CHAMBER_MORPHOGENESIS	go_bp	1	30	128	34	2920	2.975153e-01	1.000000e+00	TGFBR1
GOBP_ENDOTHELIAL_CELL_APOPTOTIC_PROCESS	go_bp	1	30	70	34	2920	2.975153e-01	1.000000e+00	SCG2
GOBP_FOCAL_ADHESION_ASSEMBLY	go_bp	1	30	85	34	2920	2.975153e-01	1.000000e+00	MYOC
GOBP_HEMATOPOIETIC_OR_LYMPHOID_ORGAN_DEVELOPMENT	go_bp	1	30	99	34	2920	2.975153e-01	1.000000e+00	TGFBR1
GOBP_POSITIVE_REGULATION_OF_EXOCYTOSIS	go_bp	1	30	77	34	2920	2.975153e-01	1.000000e+00	SYT1
GOBP_CELL_PROJECTION_ASSEMBLY	go_bp	2	94	634	34	2920	2.996379e-01	1.000000e+00	PALM,TGFBR1
GOBP_CELLULAR_RESPONSE_TO_ABIOTIC_STIMULUS	go_bp	2	95	337	34	2920	3.040022e-01	1.000000e+00	MMP3,PALM
GOBP_MUSCLE_SYSTEM_PROCESS	go_bp	2	95	463	34	2920	3.040022e-01	1.000000e+00	CACNB1,MYOC
GOBP_CELL_CELL_JUNCTION_ASSEMBLY	go_bp	1	31	157	34	2920	3.057799e-01	1.000000e+00	CNTNAP2
GOBP_NEGATIVE_REGULATION_OF_CYTOSKELETON_ORGANIZATION	go_bp	1	31	164	34	2920	3.057799e-01	1.000000e+00	MYOC
GOBP_ORGANELLE_MEMBRANE_FUSION	go_bp	1	31	123	34	2920	3.057799e-01	1.000000e+00	SYT1
GOBP_REGULATION_OF_EXTRACELLULAR_MATRIX_ORGANIZATION	go_bp	1	31	74	34	2920	3.057799e-01	1.000000e+00	TGFBR1
GOBP_RESPONSE_TO_ESTRADIOL	go_bp	1	31	118	34	2920	3.057799e-01	1.000000e+00	PENK
GOBP_CELLULAR_RESPONSE_TO_LIGHT_STIMULUS	go_bp	1	32	122	34	2920	3.139500e-01	1.000000e+00	MMP3
GOBP_POSITIVE_REGULATION_OF_JNK_CASCADE	go_bp	1	32	97	34	2920	3.139500e-01	1.000000e+00	MYOC
GOBP_RESPONSE_TO_ORGANOPHOSPHORUS	go_bp	1	32	130	34	2920	3.139500e-01	1.000000e+00	PENK
GOBP_RESPONSE_TO_METAL_ION	go_bp	2	98	346	34	2920	3.170720e-01	1.000000e+00	PENK,SYT1
GOBP_DEVELOPMENTAL_GROWTH	go_bp	3	170	659	34	2920	3.173789e-01	1.000000e+00	KLK6,SYT1,TGFBR1
GOBP_MONOATOMIC_CATION_TRANSPORT	go_bp	3	171	1049	34	2920	3.206439e-01	1.000000e+00	AHNAK,CACNB1,DPP6
GOBP_CENTRAL_NERVOUS_SYSTEM_NEURON_DIFFERENTIATION	go_bp	1	33	178	34	2920	3.220267e-01	1.000000e+00	CEND1
GOBP_CHONDROCYTE_DIFFERENTIATION	go_bp	1	33	116	34	2920	3.220267e-01	1.000000e+00	TGFBR1
GOBP_ENDOCRINE_SYSTEM_DEVELOPMENT	go_bp	1	33	136	34	2920	3.220267e-01	1.000000e+00	TGFBR1
GOBP_REGULATION_OF_EPITHELIAL_TO_MESENCHYMAL_TRANSITION	go_bp	1	33	123	34	2920	3.220267e-01	1.000000e+00	TGFBR1
GOBP_REGULATION_OF_MUSCLE_CONTRACTION	go_bp	1	33	172	34	2920	3.220267e-01	1.000000e+00	CACNB1
GOBP_REGULATION_OF_NEURAL_PRECURSOR_CELL_PROLIFERATION	go_bp	1	33	103	34	2920	3.220267e-01	1.000000e+00	CEND1
GOBP_SUBSTRATE_ADHESION_DEPENDENT_CELL_SPREADING	go_bp	1	33	101	34	2920	3.220267e-01	1.000000e+00	MYOC
GOBP_REGULATION_OF_SUPRAMOLECULAR_FIBER_ORGANIZATION	go_bp	2	100	392	34	2920	3.257610e-01	1.000000e+00	MYOC,TGFBR1
GOBP_MAPK_CASCADE	go_bp	4	248	773	34	2920	3.260548e-01	1.000000e+00	MYOC,PTPRR,SCG2,SHC1
GOBP_CELL_SUBSTRATE_JUNCTION_ORGANIZATION	go_bp	1	34	103	34	2920	3.300112e-01	1.000000e+00	MYOC
GOBP_EPIDERMAL_GROWTH_FACTOR_RECEPTOR_SIGNALING_PATHWAY	go_bp	1	34	112	34	2920	3.300112e-01	1.000000e+00	SHC1
GOBP_LEARNING	go_bp	1	34	154	34	2920	3.300112e-01	1.000000e+00	CNTNAP2
GOBP_NEURON_PROJECTION_REGENERATION	go_bp	1	34	61	34	2920	3.300112e-01	1.000000e+00	OMG
GOBP_POTASSIUM_ION_TRANSPORT	go_bp	1	34	247	34	2920	3.300112e-01	1.000000e+00	DPP6
GOBP_RESPONSE_TO_ACID_CHEMICAL	go_bp	1	34	143	34	2920	3.300112e-01	1.000000e+00	MMP3
GOBP_GLIOGENESIS	go_bp	2	102	348	34	2920	3.344264e-01	1.000000e+00	MYOC,PENK
GOBP_POSITIVE_REGULATION_OF_SECRETION	go_bp	2	102	313	34	2920	3.344264e-01	1.000000e+00	SCT,SYT1
GOBP_REGULATION_OF_SECRETION	go_bp	3	176	611	34	2920	3.369845e-01	1.000000e+00	PTPRN2,SCT,SYT1
GOBP_EXTRACELLULAR_MATRIX_DISASSEMBLY	go_bp	1	35	66	34	2920	3.379043e-01	1.000000e+00	MMP3
GOBP_NEGATIVE_REGULATION_OF_SUPRAMOLECULAR_FIBER_ORGANIZATION	go_bp	1	35	168	34	2920	3.379043e-01	1.000000e+00	MYOC
GOBP_REGULATION_OF_REGULATED_SECRETORY_PATHWAY	go_bp	1	35	116	34	2920	3.379043e-01	1.000000e+00	SYT1
GOBP_RESPONSE_TO_PURINE_CONTAINING_COMPOUND	go_bp	1	35	145	34	2920	3.379043e-01	1.000000e+00	PENK
GOBP_ARTERY_DEVELOPMENT	go_bp	1	36	113	34	2920	3.457072e-01	1.000000e+00	TGFBR1
GOBP_ERYTHROCYTE_HOMEOSTASIS	go_bp	1	36	147	34	2920	3.457072e-01	1.000000e+00	MB
GOBP_INTRACELLULAR_GLUCOSE_HOMEOSTASIS	go_bp	1	36	167	34	2920	3.457072e-01	1.000000e+00	PTPRN2
GOBP_REGULATION_OF_ACTIN_FILAMENT_BASED_PROCESS	go_bp	2	105	388	34	2920	3.473727e-01	1.000000e+00	MYOC,TGFBR1
GOBP_CARDIAC_CHAMBER_DEVELOPMENT	go_bp	1	37	169	34	2920	3.534208e-01	1.000000e+00	TGFBR1
GOBP_HINDBRAIN_DEVELOPMENT	go_bp	1	37	159	34	2920	3.534208e-01	1.000000e+00	CEND1
GOBP_POSITIVE_REGULATION_OF_HORMONE_SECRETION	go_bp	1	37	144	34	2920	3.534208e-01	1.000000e+00	SCT
GOBP_POSITIVE_REGULATION_OF_LIPID_METABOLIC_PROCESS	go_bp	1	37	124	34	2920	3.534208e-01	1.000000e+00	SCT
GOBP_REGULATION_OF_G_PROTEIN_COUPLED_RECEPTOR_SIGNALING_PATHWAY	go_bp	1	37	155	34	2920	3.534208e-01	1.000000e+00	KLK6
GOBP_REGULATION_OF_TRANSPORT	go_bp	6	417	1633	34	2920	3.559941e-01	1.000000e+00	AHNAK,CACNB1,DPP6,PTPRN2,SCT,SYT1
GOBP_RESPONSE_TO_OXYGEN_LEVELS	go_bp	2	108	352	34	2920	3.602467e-01	1.000000e+00	MB,PENK
GOBP_CELLULAR_RESPONSE_TO_CARBOHYDRATE_STIMULUS	go_bp	1	38	161	34	2920	3.610461e-01	1.000000e+00	PTPRN2
GOBP_DIGESTIVE_SYSTEM_PROCESS	go_bp	1	38	107	34	2920	3.610461e-01	1.000000e+00	SCT
GOBP_ORGANELLE_FUSION	go_bp	1	38	166	34	2920	3.610461e-01	1.000000e+00	SYT1
GOBP_REGULATION_OF_POST_TRANSLATIONAL_PROTEIN_MODIFICATION	go_bp	1	38	245	34	2920	3.610461e-01	1.000000e+00	TGFBR1
GOBP_RESPONSE_TO_ETHANOL	go_bp	1	38	127	34	2920	3.610461e-01	1.000000e+00	PENK
GOBP_CELL_ADHESION	go_bp	8	584	1542	34	2920	3.669797e-01	1.000000e+00	CNTN2,CNTNAP2,HMCN2,MOG,MYOC,OMG,PTPRR,SHC1
GOBP_INTRACELLULAR_SIGNALING_CASSETTE	go_bp	7	503	1952	34	2920	3.676236e-01	1.000000e+00	MMP3,MYOC,PTPRR,SCG2,SCT,SHC1,TGFBR1
GOBP_REGULATION_OF_CELL_SHAPE	go_bp	1	39	139	34	2920	3.685840e-01	1.000000e+00	PALM
GOBP_RESPONSE_TO_VITAMIN	go_bp	1	39	92	34	2920	3.685840e-01	1.000000e+00	PENK
GOBP_ACTIN_FILAMENT_ORGANIZATION	go_bp	2	110	466	34	2920	3.687843e-01	1.000000e+00	MYOC,TGFBR1
GOBP_CELLULAR_RESPONSE_TO_ORGANIC_CYCLIC_COMPOUND	go_bp	2	111	535	34	2920	3.730384e-01	1.000000e+00	PALM,PENK
GOBP_ENDOMEMBRANE_SYSTEM_ORGANIZATION	go_bp	2	111	611	34	2920	3.730384e-01	1.000000e+00	AHNAK,SYT1
GOBP_NEGATIVE_REGULATION_OF_LOCOMOTION	go_bp	2	111	415	34	2920	3.730384e-01	1.000000e+00	PTPRR,TGFBR1
GOBP_OSSIFICATION	go_bp	2	111	452	34	2920	3.730384e-01	1.000000e+00	MYOC,PENK
GOBP_NEUROINFLAMMATORY_RESPONSE	go_bp	1	40	84	34	2920	3.760357e-01	1.000000e+00	MMP3
GOBP_PLASMA_MEMBRANE_ORGANIZATION	go_bp	1	40	170	34	2920	3.760357e-01	1.000000e+00	AHNAK
GOBP_SKELETAL_SYSTEM_MORPHOGENESIS	go_bp	1	40	230	34	2920	3.760357e-01	1.000000e+00	TGFBR1
GOBP_MONOATOMIC_ION_TRANSPORT	go_bp	3	188	1256	34	2920	3.761725e-01	1.000000e+00	AHNAK,CACNB1,DPP6
GOBP_CELLULAR_COMPONENT_DISASSEMBLY	go_bp	2	113	546	34	2920	3.815156e-01	1.000000e+00	MMP3,TGFBR1
GOBP_RESPONSE_TO_UV	go_bp	1	41	156	34	2920	3.834019e-01	1.000000e+00	MMP3
GOBP_REGULATION_OF_TRANS_SYNAPTIC_SIGNALING	go_bp	2	115	498	34	2920	3.899492e-01	1.000000e+00	SCT,SYT1
GOBP_DIGESTIVE_SYSTEM_DEVELOPMENT	go_bp	1	42	145	34	2920	3.906837e-01	1.000000e+00	SCT
GOBP_NEURAL_PRECURSOR_CELL_PROLIFERATION	go_bp	1	42	169	34	2920	3.906837e-01	1.000000e+00	CEND1
GOBP_NEURON_PROJECTION_EXTENSION	go_bp	1	42	164	34	2920	3.906837e-01	1.000000e+00	SYT1
GOBP_POSITIVE_CHEMOTAXIS	go_bp	1	42	70	34	2920	3.906837e-01	1.000000e+00	SCG2
GOBP_ACTIN_FILAMENT_BASED_PROCESS	go_bp	3	193	834	34	2920	3.924223e-01	1.000000e+00	MYOC,SHC1,TGFBR1
GOBP_REGULATION_OF_APOPTOTIC_SIGNALING_PATHWAY	go_bp	2	116	396	34	2920	3.941489e-01	1.000000e+00	SCG2,TGFBR1
GOBP_L_AMINO_ACID_METABOLIC_PROCESS	go_bp	1	43	180	34	2920	3.978820e-01	1.000000e+00	GAD1
GOBP_MALE_SEX_DIFFERENTIATION	go_bp	1	43	175	34	2920	3.978820e-01	1.000000e+00	TGFBR1
GOBP_NEGATIVE_REGULATION_OF_MAPK_CASCADE	go_bp	1	43	170	34	2920	3.978820e-01	1.000000e+00	PTPRR
GOBP_PROTEIN_COMPLEX_OLIGOMERIZATION	go_bp	1	43	263	34	2920	3.978820e-01	1.000000e+00	SYT1
GOBP_REGULATION_OF_EPITHELIAL_CELL_APOPTOTIC_PROCESS	go_bp	1	43	119	34	2920	3.978820e-01	1.000000e+00	SCG2
GOBP_REGULATION_OF_JNK_CASCADE	go_bp	1	43	140	34	2920	3.978820e-01	1.000000e+00	MYOC
GOBP_ADAPTIVE_THERMOGENESIS	go_bp	1	44	169	34	2920	4.049978e-01	1.000000e+00	SCT
GOBP_ERK1_AND_ERK2_CASCADE	go_bp	2	119	323	34	2920	4.066759e-01	1.000000e+00	PTPRR,SHC1
GOBP_POSITIVE_REGULATION_OF_DEVELOPMENTAL_GROWTH	go_bp	1	45	168	34	2920	4.120319e-01	1.000000e+00	SYT1
GOBP_TRANSMEMBRANE_TRANSPORT	go_bp	3	201	1606	34	2920	4.182413e-01	1.000000e+00	AHNAK,CACNB1,DPP6
GOBP_EMBRYONIC_ORGAN_MORPHOGENESIS	go_bp	1	46	297	34	2920	4.189852e-01	1.000000e+00	TGFBR1
GOBP_MEMBRANE_FUSION	go_bp	1	46	186	34	2920	4.189852e-01	1.000000e+00	SYT1
GOBP_MYELOID_CELL_HOMEOSTASIS	go_bp	1	46	179	34	2920	4.189852e-01	1.000000e+00	MB
GOBP_POSITIVE_REGULATION_OF_APOPTOTIC_SIGNALING_PATHWAY	go_bp	1	46	143	34	2920	4.189852e-01	1.000000e+00	TGFBR1
GOBP_POSITIVE_REGULATION_OF_SYNAPTIC_TRANSMISSION	go_bp	1	46	180	34	2920	4.189852e-01	1.000000e+00	SYT1
GOBP_REGULATION_OF_CELL_MATRIX_ADHESION	go_bp	1	46	125	34	2920	4.189852e-01	1.000000e+00	MYOC
GOBP_CELL_JUNCTION_ASSEMBLY	go_bp	2	123	462	34	2920	4.231997e-01	1.000000e+00	CNTNAP2,MYOC
GOBP_REGULATION_OF_CELL_GROWTH	go_bp	2	123	404	34	2920	4.231997e-01	1.000000e+00	SYT1,TGFBR1
GOBP_CELLULAR_RESPONSE_TO_INSULIN_STIMULUS	go_bp	1	47	214	34	2920	4.258588e-01	1.000000e+00	SHC1
GOBP_CELLULAR_RESPONSE_TO_RADIATION	go_bp	1	47	182	34	2920	4.258588e-01	1.000000e+00	MMP3
GOBP_DETECTION_OF_STIMULUS	go_bp	1	47	676	34	2920	4.258588e-01	1.000000e+00	SYT1
GOBP_DIGESTION	go_bp	1	47	139	34	2920	4.258588e-01	1.000000e+00	SCT
GOBP_EPITHELIAL_TO_MESENCHYMAL_TRANSITION	go_bp	1	47	192	34	2920	4.258588e-01	1.000000e+00	TGFBR1
GOBP_REGULATION_OF_REACTIVE_OXYGEN_SPECIES_METABOLIC_PROCESS	go_bp	1	47	148	34	2920	4.258588e-01	1.000000e+00	MMP3
GOBP_EMBRYO_DEVELOPMENT_ENDING_IN_BIRTH_OR_EGG_HATCHING	go_bp	2	124	682	34	2920	4.272970e-01	1.000000e+00	PTPRR,TGFBR1
GOBP_REGULATION_OF_EPITHELIAL_CELL_PROLIFERATION	go_bp	2	125	417	34	2920	4.313803e-01	1.000000e+00	SCG2,TGFBR1
GOBP_CELL_FATE_COMMITMENT	go_bp	1	48	291	34	2920	4.326533e-01	1.000000e+00	TGFBR1
GOBP_GLIAL_CELL_DEVELOPMENT	go_bp	1	48	135	34	2920	4.326533e-01	1.000000e+00	MYOC
GOBP_REGULATION_OF_LOCOMOTION	go_bp	5	370	1170	34	2920	4.352631e-01	1.000000e+00	MMP3,MYOC,PTPRR,SCG2,TGFBR1
GOBP_REGULATION_OF_CYTOSKELETON_ORGANIZATION	go_bp	2	126	526	34	2920	4.354494e-01	1.000000e+00	MYOC,TGFBR1
GOBP_SKELETAL_SYSTEM_DEVELOPMENT	go_bp	2	126	531	34	2920	4.354494e-01	1.000000e+00	MYOC,TGFBR1
GOBP_REGULATION_OF_CELL_SIZE	go_bp	1	49	175	34	2920	4.393698e-01	1.000000e+00	SCT
GOBP_EXTERNAL_ENCAPSULATING_STRUCTURE_ORGANIZATION	go_bp	2	127	338	34	2920	4.395041e-01	1.000000e+00	MMP3,TGFBR1
GOBP_ADENYLATE_CYCLASE_MODULATING_G_PROTEIN_COUPLED_RECEPTOR_SIGNALING_PATHWAY	go_bp	1	50	262	34	2920	4.460091e-01	1.000000e+00	PALM
GOBP_ALPHA_AMINO_ACID_METABOLIC_PROCESS	go_bp	1	50	216	34	2920	4.460091e-01	1.000000e+00	GAD1
GOBP_T_CELL_RECEPTOR_SIGNALING_PATHWAY	go_bp	1	50	148	34	2920	4.460091e-01	1.000000e+00	MOG
GOBP_CYTOSKELETON_ORGANIZATION	go_bp	4	293	1525	34	2920	4.492969e-01	1.000000e+00	MYOC,PALM,SHC1,TGFBR1
GOBP_INSULIN_SECRETION	go_bp	1	51	201	34	2920	4.525721e-01	1.000000e+00	PTPRN2
GOBP_REGULATION_OF_PEPTIDE_TRANSPORT	go_bp	1	51	201	34	2920	4.525721e-01	1.000000e+00	SCT
GOBP_VESICLE_MEDIATED_TRANSPORT_IN_SYNAPSE	go_bp	1	51	226	34	2920	4.525721e-01	1.000000e+00	SYT1
GOBP_MULTICELLULAR_ORGANISMAL_LEVEL_HOMEOSTASIS	go_bp	3	213	814	34	2920	4.563808e-01	1.000000e+00	CNTN2,MB,SCT
GOBP_ORGAN_GROWTH	go_bp	1	52	180	34	2920	4.590596e-01	1.000000e+00	TGFBR1
GOBP_RESPONSE_TO_MOLECULE_OF_BACTERIAL_ORIGIN	go_bp	2	133	369	34	2920	4.635176e-01	1.000000e+00	MMP3,PENK
GOBP_JNK_CASCADE	go_bp	1	53	173	34	2920	4.654724e-01	1.000000e+00	MYOC
GOBP_REGULATION_OF_MUSCLE_SYSTEM_PROCESS	go_bp	1	53	252	34	2920	4.654724e-01	1.000000e+00	CACNB1
GOBP_RESPONSE_TO_ORGANIC_CYCLIC_COMPOUND	go_bp	3	216	907	34	2920	4.657782e-01	1.000000e+00	PALM,PENK,TGFBR1
GOBP_EPITHELIAL_CELL_APOPTOTIC_PROCESS	go_bp	1	54	150	34	2920	4.718114e-01	1.000000e+00	SCG2
GOBP_POSITIVE_REGULATION_OF_CELL_SUBSTRATE_ADHESION	go_bp	1	54	124	34	2920	4.718114e-01	1.000000e+00	MYOC
GOBP_REGULATION_OF_EXOCYTOSIS	go_bp	1	54	175	34	2920	4.718114e-01	1.000000e+00	SYT1
GOBP_REGULATION_OF_SYNAPTIC_PLASTICITY	go_bp	1	54	221	34	2920	4.718114e-01	1.000000e+00	SCT
GOBP_REGULATION_OF_SYSTEM_PROCESS	go_bp	2	136	576	34	2920	4.753132e-01	1.000000e+00	CACNB1,SCT
GOBP_CELLULAR_RESPONSE_TO_NUTRIENT_LEVELS	go_bp	1	55	242	34	2920	4.780774e-01	1.000000e+00	PENK
GOBP_ENDOSOMAL_TRANSPORT	go_bp	1	55	295	34	2920	4.780774e-01	1.000000e+00	REPS1
GOBP_REGULATION_OF_INTRACELLULAR_SIGNAL_TRANSDUCTION	go_bp	6	474	1853	34	2920	4.825516e-01	1.000000e+00	MMP3,MYOC,PTPRR,SCT,SHC1,TGFBR1
GOBP_HEART_MORPHOGENESIS	go_bp	1	56	271	34	2920	4.842713e-01	1.000000e+00	TGFBR1
GOBP_CELL_GROWTH	go_bp	2	139	484	34	2920	4.869619e-01	1.000000e+00	SYT1,TGFBR1
GOBP_DEVELOPMENTAL_CELL_GROWTH	go_bp	1	57	226	34	2920	4.903937e-01	1.000000e+00	SYT1
GOBP_STRIATED_MUSCLE_TISSUE_DEVELOPMENT	go_bp	1	57	270	34	2920	4.903937e-01	1.000000e+00	TGFBR1
GOBP_CELL_SURFACE_RECEPTOR_PROTEIN_TYROSINE_KINASE_SIGNALING_PATHWAY	go_bp	3	224	652	34	2920	4.905226e-01	1.000000e+00	MYOC,PTPRR,SHC1
GOBP_NEGATIVE_REGULATION_OF_SECRETION	go_bp	1	58	173	34	2920	4.964456e-01	1.000000e+00	SCT
GOBP_RESPONSE_TO_NUTRIENT	go_bp	1	58	168	34	2920	4.964456e-01	1.000000e+00	PENK
GOBP_RESPONSE_TO_CARBOHYDRATE	go_bp	1	59	240	34	2920	5.024278e-01	1.000000e+00	PTPRN2
GOBP_RESPONSE_TO_LIGHT_STIMULUS	go_bp	1	59	321	34	2920	5.024278e-01	1.000000e+00	MMP3
GOBP_BONE_DEVELOPMENT	go_bp	1	61	216	34	2920	5.141858e-01	1.000000e+00	MYOC
GOBP_CARTILAGE_DEVELOPMENT	go_bp	1	61	208	34	2920	5.141858e-01	1.000000e+00	TGFBR1
GOBP_NEGATIVE_REGULATION_OF_CELL_POPULATION_PROLIFERATION	go_bp	3	233	791	34	2920	5.177497e-01	1.000000e+00	CEND1,SCG2,TGFBR1
GOBP_CARBOHYDRATE_HOMEOSTASIS	go_bp	1	62	262	34	2920	5.199632e-01	1.000000e+00	PTPRN2
GOBP_IMMUNE_SYSTEM_DEVELOPMENT	go_bp	1	62	200	34	2920	5.199632e-01	1.000000e+00	TGFBR1
GOBP_NEGATIVE_REGULATION_OF_ORGANELLE_ORGANIZATION	go_bp	1	63	363	34	2920	5.256740e-01	1.000000e+00	MYOC
GOBP_ORGANIC_ACID_CATABOLIC_PROCESS	go_bp	1	63	251	34	2920	5.256740e-01	1.000000e+00	GAD1
GOBP_POSITIVE_REGULATION_OF_LOCOMOTION	go_bp	3	237	637	34	2920	5.296234e-01	1.000000e+00	MYOC,SCG2,TGFBR1
GOBP_ANTIGEN_RECEPTOR_MEDIATED_SIGNALING_PATHWAY	go_bp	1	64	210	34	2920	5.313187e-01	1.000000e+00	MOG
GOBP_HORMONE_METABOLIC_PROCESS	go_bp	1	64	241	34	2920	5.313187e-01	1.000000e+00	KLK6
GOBP_TRANSFORMING_GROWTH_FACTOR_BETA_RECEPTOR_SIGNALING_PATHWAY	go_bp	1	64	250	34	2920	5.313187e-01	1.000000e+00	TGFBR1
GOBP_CELL_MORPHOGENESIS_INVOLVED_IN_NEURON_DIFFERENTIATION	go_bp	2	152	586	34	2920	5.356490e-01	1.000000e+00	CNTN2,HMCN2
GOBP_MUSCLE_ORGAN_DEVELOPMENT	go_bp	1	65	361	34	2920	5.368983e-01	1.000000e+00	TGFBR1
GOBP_ORGANIC_HYDROXY_COMPOUND_TRANSPORT	go_bp	1	65	286	34	2920	5.368983e-01	1.000000e+00	SYT1
GOBP_PATTERN_SPECIFICATION_PROCESS	go_bp	1	65	473	34	2920	5.368983e-01	1.000000e+00	TGFBR1
GOBP_POSITIVE_REGULATION_OF_PROTEIN_CONTAINING_COMPLEX_ASSEMBLY	go_bp	1	65	199	34	2920	5.368983e-01	1.000000e+00	MMP3
GOBP_REGULATION_OF_SMALL_GTPASE_MEDIATED_SIGNAL_TRANSDUCTION	go_bp	1	65	305	34	2920	5.368983e-01	1.000000e+00	MYOC
GOBP_EPITHELIAL_CELL_PROLIFERATION	go_bp	2	153	494	34	2920	5.392691e-01	1.000000e+00	SCG2,TGFBR1
GOBP_LOCALIZATION_WITHIN_MEMBRANE	go_bp	2	153	698	34	2920	5.392691e-01	1.000000e+00	DPP6,PALM
GOBP_ESTABLISHMENT_OF_PROTEIN_LOCALIZATION	go_bp	4	328	1711	34	2920	5.413106e-01	1.000000e+00	CNTN2,PPY,PTPRN2,SCG2
GOBP_GROWTH	go_bp	3	241	922	34	2920	5.413487e-01	1.000000e+00	KLK6,SYT1,TGFBR1
GOBP_ORGANIC_ACID_BIOSYNTHETIC_PROCESS	go_bp	1	66	335	34	2920	5.424133e-01	1.000000e+00	GAD1
GOBP_PEPTIDYL_SERINE_MODIFICATION	go_bp	1	66	283	34	2920	5.424133e-01	1.000000e+00	TGFBR1
GOBP_REGULATED_EXOCYTOSIS	go_bp	1	66	226	34	2920	5.424133e-01	1.000000e+00	SYT1
GOBP_AXON_DEVELOPMENT	go_bp	2	154	520	34	2920	5.428709e-01	1.000000e+00	CNTN2,HMCN2
GOBP_ENZYME_LINKED_RECEPTOR_PROTEIN_SIGNALING_PATHWAY	go_bp	4	329	1043	34	2920	5.438432e-01	1.000000e+00	MYOC,PTPRR,SHC1,TGFBR1
GOBP_POSITIVE_REGULATION_OF_INTRACELLULAR_SIGNAL_TRANSDUCTION	go_bp	4	329	1056	34	2920	5.438432e-01	1.000000e+00	MYOC,SCT,SHC1,TGFBR1
GOBP_RESPONSE_TO_WOUNDING	go_bp	3	242	574	34	2920	5.442561e-01	1.000000e+00	AHNAK,KLK6,TGFBR1
GOBP_AMINO_ACID_METABOLIC_PROCESS	go_bp	1	67	299	34	2920	5.478646e-01	1.000000e+00	GAD1
GOBP_MESENCHYMAL_CELL_DIFFERENTIATION	go_bp	1	67	274	34	2920	5.478646e-01	1.000000e+00	TGFBR1
GOBP_DEVELOPMENT_OF_PRIMARY_SEXUAL_CHARACTERISTICS	go_bp	1	68	240	34	2920	5.532528e-01	1.000000e+00	TGFBR1
GOBP_GRANULOCYTE_CHEMOTAXIS	go_bp	1	68	127	34	2920	5.532528e-01	1.000000e+00	SCG2
GOBP_ORGANIC_ANION_TRANSPORT	go_bp	1	68	455	34	2920	5.532528e-01	1.000000e+00	RTBDN
GOBP_BLOOD_VESSEL_MORPHOGENESIS	go_bp	3	246	723	34	2920	5.557881e-01	1.000000e+00	SCG2,SHC1,TGFBR1
GOBP_DEVELOPMENTAL_GROWTH_INVOLVED_IN_MORPHOGENESIS	go_bp	1	69	232	34	2920	5.585787e-01	1.000000e+00	SYT1
GOBP_RESPONSE_TO_INSULIN	go_bp	1	69	277	34	2920	5.585787e-01	1.000000e+00	SHC1
GOBP_CELLULAR_RESPONSE_TO_LIPID	go_bp	2	159	616	34	2920	5.606026e-01	1.000000e+00	MMP3,PENK
GOBP_LOCOMOTION	go_bp	5	424	1355	34	2920	5.624325e-01	1.000000e+00	MMP3,MYOC,PTPRR,SCG2,TGFBR1
GOBP_MUSCLE_CONTRACTION	go_bp	1	70	357	34	2920	5.638429e-01	1.000000e+00	CACNB1
GOBP_REGULATION_OF_HORMONE_SECRETION	go_bp	1	70	258	34	2920	5.638429e-01	1.000000e+00	SCT
GOBP_RESPONSE_TO_MECHANICAL_STIMULUS	go_bp	1	70	220	34	2920	5.638429e-01	1.000000e+00	CNTNAP2
GOBP_RESPONSE_TO_GROWTH_FACTOR	go_bp	3	250	785	34	2920	5.671599e-01	1.000000e+00	PENK,SHC1,TGFBR1
GOBP_REGULATION_OF_ORGANELLE_ORGANIZATION	go_bp	3	251	1216	34	2920	5.699773e-01	1.000000e+00	MYOC,SYT1,TGFBR1
GOBP_CIRCULATORY_SYSTEM_DEVELOPMENT	go_bp	4	340	1240	34	2920	5.712727e-01	1.000000e+00	MB,SCG2,SHC1,TGFBR1
GOBP_POSITIVE_REGULATION_OF_SIGNALING	go_bp	6	516	1828	34	2920	5.724116e-01	1.000000e+00	KLK6,MYOC,SCT,SHC1,SYT1,TGFBR1
GOBP_CELL_MOTILITY	go_bp	6	519	1863	34	2920	5.785941e-01	1.000000e+00	CEND1,MMP3,MYOC,PTPRR,SCG2,TGFBR1
GOBP_CELLULAR_RESPONSE_TO_PEPTIDE_HORMONE_STIMULUS	go_bp	1	73	319	34	2920	5.792726e-01	1.000000e+00	SHC1
GOBP_POSITIVE_REGULATION_OF_CELL_POPULATION_PROLIFERATION	go_bp	4	344	1000	34	2920	5.810424e-01	1.000000e+00	FLT3LG,SCG2,SHC1,TGFBR1
GOBP_POSITIVE_REGULATION_OF_CHEMOTAXIS	go_bp	1	74	142	34	2920	5.842971e-01	1.000000e+00	SCG2
GOBP_REGULATION_OF_MEMBRANE_POTENTIAL	go_bp	1	74	464	34	2920	5.842971e-01	1.000000e+00	MYOC
GOBP_TUBE_DEVELOPMENT	go_bp	4	346	1182	34	2920	5.858844e-01	1.000000e+00	SCG2,SCT,SHC1,TGFBR1
GOBP_COGNITION	go_bp	1	75	319	34	2920	5.892633e-01	1.000000e+00	CNTNAP2
GOBP_VESICLE_ORGANIZATION	go_bp	1	75	373	34	2920	5.892633e-01	1.000000e+00	SYT1
GOBP_GLIAL_CELL_DIFFERENTIATION	go_bp	1	76	262	34	2920	5.941720e-01	1.000000e+00	MYOC
GOBP_POSITIVE_REGULATION_OF_VASCULATURE_DEVELOPMENT	go_bp	1	76	191	34	2920	5.941720e-01	1.000000e+00	TGFBR1
GOBP_SENSORY_PERCEPTION	go_bp	1	77	989	34	2920	5.990236e-01	1.000000e+00	PENK
GOBP_SEX_DIFFERENTIATION	go_bp	1	77	290	34	2920	5.990236e-01	1.000000e+00	TGFBR1
GOBP_CONNECTIVE_TISSUE_DEVELOPMENT	go_bp	1	78	290	34	2920	6.038190e-01	1.000000e+00	TGFBR1
GOBP_REGULATION_OF_TRANSMEMBRANE_RECEPTOR_PROTEIN_SERINE_THREONINE_KINASE_SIGNALING_PATHWAY	go_bp	1	79	323	34	2920	6.085587e-01	1.000000e+00	TGFBR1
GOBP_SYMBIONT_ENTRY_INTO_HOST	go_bp	1	79	164	34	2920	6.085587e-01	1.000000e+00	MOG
GOBP_RESPONSE_TO_LIPID	go_bp	3	266	932	34	2920	6.109628e-01	1.000000e+00	MMP3,PENK,TGFBR1
GOBP_POSITIVE_REGULATION_OF_MAPK_CASCADE	go_bp	2	174	473	34	2920	6.109703e-01	1.000000e+00	MYOC,SHC1
GOBP_REGULATION_OF_GROWTH	go_bp	2	174	606	34	2920	6.109703e-01	1.000000e+00	SYT1,TGFBR1
GOBP_POSITIVE_REGULATION_OF_ERK1_AND_ERK2_CASCADE	go_bp	1	80	200	34	2920	6.132433e-01	1.000000e+00	SHC1
GOBP_PROTEIN_MODIFICATION_BY_SMALL_PROTEIN_CONJUGATION	go_bp	1	80	847	34	2920	6.132433e-01	1.000000e+00	TGFBR1
GOBP_REGULATION_OF_LIPID_METABOLIC_PROCESS	go_bp	1	80	327	34	2920	6.132433e-01	1.000000e+00	SCT
GOBP_ANATOMICAL_STRUCTURE_FORMATION_INVOLVED_IN_MORPHOGENESIS	go_bp	4	359	1281	34	2920	6.166310e-01	1.000000e+00	CEND1,SCG2,SHC1,TGFBR1
GOBP_MESENCHYME_DEVELOPMENT	go_bp	1	81	340	34	2920	6.178735e-01	1.000000e+00	TGFBR1
GOBP_CELLULAR_RESPONSE_TO_ORGANIC_SUBSTANCE	go_bp	6	539	1992	34	2920	6.187933e-01	1.000000e+00	CACNB1,MMP3,PALM,PENK,PTPRN2,SHC1
GOBP_MUSCLE_CELL_PROLIFERATION	go_bp	1	82	250	34	2920	6.224498e-01	1.000000e+00	TGFBR1
GOBP_MUSCLE_TISSUE_DEVELOPMENT	go_bp	1	82	444	34	2920	6.224498e-01	1.000000e+00	TGFBR1
GOBP_REGULATION_OF_CELL_SUBSTRATE_ADHESION	go_bp	1	82	221	34	2920	6.224498e-01	1.000000e+00	MYOC
GOBP_SENSORY_SYSTEM_DEVELOPMENT	go_bp	1	82	404	34	2920	6.224498e-01	1.000000e+00	TGFBR1
GOBP_CELLULAR_RESPONSE_TO_STRESS	go_bp	4	362	1867	34	2920	6.235413e-01	1.000000e+00	MB,MMP3,OMG,PENK
GOBP_VASCULATURE_DEVELOPMENT	go_bp	3	273	848	34	2920	6.292416e-01	1.000000e+00	SCG2,SHC1,TGFBR1
GOBP_WOUND_HEALING	go_bp	2	180	434	34	2920	6.299145e-01	1.000000e+00	AHNAK,TGFBR1
GOBP_GRANULOCYTE_MIGRATION	go_bp	1	84	153	34	2920	6.314435e-01	1.000000e+00	SCG2
GOBP_PROTEIN_PROCESSING	go_bp	1	84	245	34	2920	6.314435e-01	1.000000e+00	KLK6
GOBP_CELLULAR_RESPONSE_TO_MOLECULE_OF_BACTERIAL_ORIGIN	go_bp	1	85	238	34	2920	6.358621e-01	1.000000e+00	MMP3
GOBP_LIPID_CATABOLIC_PROCESS	go_bp	1	85	350	34	2920	6.358621e-01	1.000000e+00	SCT
GOBP_NEGATIVE_REGULATION_OF_PROGRAMMED_CELL_DEATH	go_bp	3	277	940	34	2920	6.394370e-01	1.000000e+00	SCG2,SHC1,TGFBR1
GOBP_REPRODUCTIVE_SYSTEM_DEVELOPMENT	go_bp	1	86	311	34	2920	6.402291e-01	1.000000e+00	TGFBR1
GOBP_CELL_CELL_ADHESION	go_bp	4	373	980	34	2920	6.482587e-01	1.000000e+00	CNTN2,HMCN2,PTPRR,SHC1
GOBP_BIOLOGICAL_PROCESS_INVOLVED_IN_INTERACTION_WITH_HOST	go_bp	1	88	204	34	2920	6.488113e-01	1.000000e+00	MOG
GOBP_RESPONSE_TO_ENDOGENOUS_STIMULUS	go_bp	5	468	1735	34	2920	6.559757e-01	1.000000e+00	CACNB1,PALM,PENK,SHC1,TGFBR1
GOBP_PROTEIN_TRANSPORT	go_bp	3	284	1424	34	2920	6.568354e-01	1.000000e+00	PPY,PTPRN2,SCG2
GOBP_RESPONSE_TO_RADIATION	go_bp	1	90	433	34	2920	6.571947e-01	1.000000e+00	MMP3
GOBP_EXOCYTOSIS	go_bp	1	91	356	34	2920	6.613132e-01	1.000000e+00	SYT1
GOBP_HOMEOSTASIS_OF_NUMBER_OF_CELLS	go_bp	1	91	326	34	2920	6.613132e-01	1.000000e+00	MB
GOBP_APOPTOTIC_SIGNALING_PATHWAY	go_bp	2	191	620	34	2920	6.628583e-01	1.000000e+00	SCG2,TGFBR1
GOBP_CELLULAR_HOMEOSTASIS	go_bp	2	193	836	34	2920	6.686011e-01	1.000000e+00	PTPRN2,SCT
GOBP_CELLULAR_RESPONSE_TO_BIOTIC_STIMULUS	go_bp	1	93	265	34	2920	6.694066e-01	1.000000e+00	MMP3
GOBP_SMALL_MOLECULE_CATABOLIC_PROCESS	go_bp	1	93	380	34	2920	6.694066e-01	1.000000e+00	GAD1
GOBP_NERVOUS_SYSTEM_PROCESS	go_bp	2	194	1522	34	2920	6.714442e-01	1.000000e+00	CNTNAP2,PENK
GOBP_REGULATION_OF_EPITHELIAL_CELL_MIGRATION	go_bp	1	94	300	34	2920	6.733826e-01	1.000000e+00	PTPRR
GOBP_SUPRAMOLECULAR_FIBER_ORGANIZATION	go_bp	2	195	859	34	2920	6.742685e-01	1.000000e+00	MYOC,TGFBR1
GOBP_CELL_MATRIX_ADHESION	go_bp	1	95	241	34	2920	6.773122e-01	1.000000e+00	MYOC
GOBP_REGULATION_OF_CELLULAR_COMPONENT_SIZE	go_bp	1	96	355	34	2920	6.811959e-01	1.000000e+00	SCT
GOBP_TUBE_MORPHOGENESIS	go_bp	3	295	966	34	2920	6.830215e-01	1.000000e+00	SCG2,SHC1,TGFBR1
GOBP_SMALL_GTPASE_MEDIATED_SIGNAL_TRANSDUCTION	go_bp	1	98	502	34	2920	6.888276e-01	1.000000e+00	MYOC
GOBP_WNT_SIGNALING_PATHWAY	go_bp	1	99	469	34	2920	6.925767e-01	1.000000e+00	MYOC
GOBP_REGULATION_OF_CHEMOTAXIS	go_bp	1	100	211	34	2920	6.962819e-01	1.000000e+00	SCG2
GOBP_POSITIVE_REGULATION_OF_CATABOLIC_PROCESS	go_bp	1	102	635	34	2920	7.035627e-01	1.000000e+00	SCT
GOBP_POST_TRANSLATIONAL_PROTEIN_MODIFICATION	go_bp	1	103	1010	34	2920	7.071393e-01	1.000000e+00	TGFBR1
GOBP_RENAL_SYSTEM_DEVELOPMENT	go_bp	1	104	331	34	2920	7.106740e-01	1.000000e+00	TGFBR1
GOBP_RESPONSE_TO_VIRUS	go_bp	1	107	416	34	2920	7.210315e-01	1.000000e+00	PENK
GOBP_SENSORY_ORGAN_DEVELOPMENT	go_bp	1	109	593	34	2920	7.277356e-01	1.000000e+00	TGFBR1
GOBP_HOMEOSTATIC_PROCESS	go_bp	4	413	1744	34	2920	7.294826e-01	1.000000e+00	CNTN2,MB,PTPRN2,SCT
GOBP_DEFENSE_RESPONSE_TO_BACTERIUM	go_bp	1	110	338	34	2920	7.310287e-01	1.000000e+00	SHC1
GOBP_VIRAL_LIFE_CYCLE	go_bp	1	110	321	34	2920	7.310287e-01	1.000000e+00	MOG
GOBP_CELL_SURFACE_RECEPTOR_PROTEIN_SERINE_THREONINE_KINASE_SIGNALING_PATHWAY	go_bp	1	112	423	34	2920	7.374994e-01	1.000000e+00	TGFBR1
GOBP_GAMETE_GENERATION	go_bp	1	112	822	34	2920	7.374994e-01	1.000000e+00	TGFBR1
GOBP_BIOLOGICAL_PROCESS_INVOLVED_IN_SYMBIOTIC_INTERACTION	go_bp	1	115	314	34	2920	7.469230e-01	1.000000e+00	MOG
GOBP_REGULATION_OF_PROTEIN_CONTAINING_COMPLEX_ASSEMBLY	go_bp	1	115	423	34	2920	7.469230e-01	1.000000e+00	MMP3
GOBP_GLAND_DEVELOPMENT	go_bp	1	116	449	34	2920	7.499906e-01	1.000000e+00	TGFBR1
GOBP_IMMUNE_RESPONSE_REGULATING_CELL_SURFACE_RECEPTOR_SIGNALING_PATHWAY	go_bp	1	116	368	34	2920	7.499906e-01	1.000000e+00	MOG
GOBP_LEUKOCYTE_CHEMOTAXIS	go_bp	1	117	237	34	2920	7.530221e-01	1.000000e+00	SCG2
GOBP_REGULATION_OF_NEURON_PROJECTION_DEVELOPMENT	go_bp	1	119	445	34	2920	7.589784e-01	1.000000e+00	KLK6
GOBP_ENDOCYTOSIS	go_bp	2	231	703	34	2920	7.638329e-01	1.000000e+00	REPS1,SYT1
GOBP_ORGANELLE_LOCALIZATION	go_bp	1	122	605	34	2920	7.676523e-01	1.000000e+00	SYT1
GOBP_RESPONSE_TO_PEPTIDE_HORMONE	go_bp	1	122	444	34	2920	7.676523e-01	1.000000e+00	SHC1
GOBP_EMBRYONIC_MORPHOGENESIS	go_bp	1	123	619	34	2920	7.704757e-01	1.000000e+00	TGFBR1
GOBP_MONOCARBOXYLIC_ACID_METABOLIC_PROCESS	go_bp	1	124	639	34	2920	7.732657e-01	1.000000e+00	GAD1
GOBP_ESTABLISHMENT_OF_LOCALIZATION_IN_CELL	go_bp	3	340	1966	34	2920	7.754256e-01	1.000000e+00	PTPRN2,REPS1,SYT1
GOBP_NEGATIVE_REGULATION_OF_CELL_ADHESION	go_bp	1	125	312	34	2920	7.760229e-01	1.000000e+00	MYOC
GOBP_NEGATIVE_REGULATION_OF_TRANSPORT	go_bp	1	125	460	34	2920	7.760229e-01	1.000000e+00	SCT
GOBP_MYELOID_LEUKOCYTE_MIGRATION	go_bp	1	127	239	34	2920	7.814399e-01	1.000000e+00	SCG2
GOBP_REGULATION_OF_CELL_POPULATION_PROLIFERATION	go_bp	5	542	1799	34	2920	7.841910e-01	1.000000e+00	CEND1,FLT3LG,SCG2,SHC1,TGFBR1
GOBP_MYELOID_CELL_DIFFERENTIATION	go_bp	1	130	444	34	2920	7.893277e-01	1.000000e+00	MB
GOBP_CHEMICAL_HOMEOSTASIS	go_bp	2	244	1057	34	2920	7.907228e-01	1.000000e+00	PTPRN2,SCT
GOBP_REGULATION_OF_VASCULATURE_DEVELOPMENT	go_bp	1	131	368	34	2920	7.918950e-01	1.000000e+00	TGFBR1
GOBP_REGULATION_OF_ANATOMICAL_STRUCTURE_SIZE	go_bp	1	132	502	34	2920	7.944320e-01	1.000000e+00	SCT
GOBP_VIRAL_PROCESS	go_bp	1	132	427	34	2920	7.944320e-01	1.000000e+00	MOG
GOBP_CELLULAR_RESPONSE_TO_HORMONE_STIMULUS	go_bp	1	133	621	34	2920	7.969389e-01	1.000000e+00	SHC1
GOBP_BIOLOGICAL_PROCESS_INVOLVED_IN_INTERSPECIES_INTERACTION_BETWEEN_ORGANISMS	go_bp	5	553	1780	34	2920	7.999102e-01	1.000000e+00	CA3,MMP3,MOG,PENK,SHC1
GOBP_REGULATION_OF_BODY_FLUID_LEVELS	go_bp	1	135	375	34	2920	8.018640e-01	1.000000e+00	SCT
GOBP_IMPORT_INTO_CELL	go_bp	2	253	926	34	2920	8.077872e-01	1.000000e+00	REPS1,SYT1
GOBP_CELL_SUBSTRATE_ADHESION	go_bp	1	138	359	34	2920	8.090350e-01	1.000000e+00	MYOC
GOBP_REGULATION_OF_ANATOMICAL_STRUCTURE_MORPHOGENESIS	go_bp	2	254	902	34	2920	8.096080e-01	1.000000e+00	PALM,SYT1
GOBP_NEGATIVE_REGULATION_OF_CATALYTIC_ACTIVITY	go_bp	1	140	439	34	2920	8.136751e-01	1.000000e+00	PALM
GOBP_REGULATION_OF_DEFENSE_RESPONSE	go_bp	2	260	855	34	2920	8.202260e-01	1.000000e+00	MMP3,PENK
GOBP_CELL_CHEMOTAXIS	go_bp	1	143	324	34	2920	8.204306e-01	1.000000e+00	SCG2
GOBP_SMALL_MOLECULE_BIOSYNTHETIC_PROCESS	go_bp	1	144	605	34	2920	8.226291e-01	1.000000e+00	GAD1
GOBP_NEGATIVE_REGULATION_OF_MULTICELLULAR_ORGANISMAL_PROCESS	go_bp	3	374	1248	34	2920	8.302729e-01	1.000000e+00	PTPRR,SCT,TGFBR1
GOBP_MUSCLE_STRUCTURE_DEVELOPMENT	go_bp	1	149	715	34	2920	8.332358e-01	1.000000e+00	TGFBR1
GOBP_LIPID_METABOLIC_PROCESS	go_bp	2	269	1408	34	2920	8.351974e-01	1.000000e+00	PTPRN2,SCT
GOBP_REGULATION_OF_INFLAMMATORY_RESPONSE	go_bp	1	150	431	34	2920	8.352820e-01	1.000000e+00	MMP3
GOBP_POSITIVE_REGULATION_OF_TRANSPORT	go_bp	2	270	844	34	2920	8.367924e-01	1.000000e+00	SCT,SYT1
GOBP_NEGATIVE_REGULATION_OF_CELL_DIFFERENTIATION	go_bp	1	156	721	34	2920	8.470569e-01	1.000000e+00	TGFBR1
GOBP_POSITIVE_REGULATION_OF_DEFENSE_RESPONSE	go_bp	1	156	520	34	2920	8.470569e-01	1.000000e+00	PENK
GOBP_HEMOPOIESIS	go_bp	2	277	966	34	2920	8.475864e-01	1.000000e+00	FLT3LG,MB
GOBP_NEGATIVE_REGULATION_OF_RNA_BIOSYNTHETIC_PROCESS	go_bp	1	157	1282	34	2920	8.489383e-01	1.000000e+00	SHC1
GOBP_TISSUE_MORPHOGENESIS	go_bp	1	157	620	34	2920	8.489383e-01	1.000000e+00	TGFBR1
GOBP_REGULATION_OF_RESPONSE_TO_EXTERNAL_STIMULUS	go_bp	3	389	1130	34	2920	8.507435e-01	1.000000e+00	CNTNAP2,MMP3,SCG2
GOBP_PROTEIN_CONTAINING_COMPLEX_ASSEMBLY	go_bp	2	280	1669	34	2920	8.520185e-01	1.000000e+00	MMP3,SYT1
GOBP_POSITIVE_REGULATION_OF_RNA_METABOLIC_PROCESS	go_bp	2	282	1925	34	2920	8.549102e-01	1.000000e+00	SHC1,TGFBR1
GOBP_REGULATION_OF_VESICLE_MEDIATED_TRANSPORT	go_bp	1	161	521	34	2920	8.562416e-01	1.000000e+00	SYT1
GOBP_CELLULAR_CATABOLIC_PROCESS	go_bp	2	283	1142	34	2920	8.563375e-01	1.000000e+00	GAD1,PXDNL
GOBP_MULTICELLULAR_ORGANISMAL_REPRODUCTIVE_PROCESS	go_bp	1	163	980	34	2920	8.597636e-01	1.000000e+00	TGFBR1
GOBP_SEXUAL_REPRODUCTION	go_bp	1	163	1099	34	2920	8.597636e-01	1.000000e+00	TGFBR1
GOBP_NEGATIVE_REGULATION_OF_RESPONSE_TO_EXTERNAL_STIMULUS	go_bp	1	167	433	34	2920	8.665580e-01	1.000000e+00	CNTNAP2
GOBP_NEGATIVE_REGULATION_OF_CELLULAR_COMPONENT_ORGANIZATION	go_bp	1	171	732	34	2920	8.730325e-01	1.000000e+00	MYOC
GOBP_PROTEOLYSIS	go_bp	3	408	1631	34	2920	8.736968e-01	1.000000e+00	DPP6,KLK6,MMP3
GOBP_PROTEIN_LOCALIZATION_TO_ORGANELLE	go_bp	1	173	971	34	2920	8.761543e-01	1.000000e+00	SCG3
GOBP_PROTEIN_MATURATION	go_bp	1	174	555	34	2920	8.776872e-01	1.000000e+00	KLK6
GOBP_ACTIVATION_OF_IMMUNE_RESPONSE	go_bp	1	175	583	34	2920	8.792016e-01	1.000000e+00	MOG
GOBP_DEVELOPMENTAL_PROCESS_INVOLVED_IN_REPRODUCTION	go_bp	1	175	1018	34	2920	8.792016e-01	1.000000e+00	TGFBR1
GOBP_IMMUNE_RESPONSE_REGULATING_SIGNALING_PATHWAY	go_bp	1	176	577	34	2920	8.806978e-01	1.000000e+00	MOG
GOBP_POSITIVE_REGULATION_OF_PROGRAMMED_CELL_DEATH	go_bp	1	177	575	34	2920	8.821761e-01	1.000000e+00	TGFBR1
GOBP_REGULATION_OF_CELL_ADHESION	go_bp	2	303	812	34	2920	8.824031e-01	1.000000e+00	MYOC,PTPRR
GOBP_LEUKOCYTE_MIGRATION	go_bp	1	188	399	34	2920	8.973074e-01	1.000000e+00	SCG2
GOBP_POSITIVE_REGULATION_OF_MULTICELLULAR_ORGANISMAL_PROCESS	go_bp	4	540	1701	34	2920	8.985615e-01	1.000000e+00	CACNB1,PENK,SCT,TGFBR1
GOBP_REGULATION_OF_PROGRAMMED_CELL_DEATH	go_bp	3	436	1566	34	2920	9.020546e-01	1.000000e+00	SCG2,SHC1,TGFBR1
GOBP_NEGATIVE_REGULATION_OF_NUCLEOBASE_CONTAINING_COMPOUND_METABOLIC_PROCESS	go_bp	1	193	1527	34	2920	9.035449e-01	1.000000e+00	SHC1
GOBP_NEGATIVE_REGULATION_OF_MOLECULAR_FUNCTION	go_bp	1	195	735	34	2920	9.059355e-01	1.000000e+00	PALM
GOBP_REGULATION_OF_CELL_CELL_ADHESION	go_bp	1	195	504	34	2920	9.059355e-01	1.000000e+00	PTPRR
GOBP_ORGANIC_ACID_METABOLIC_PROCESS	go_bp	1	196	945	34	2920	9.071091e-01	1.000000e+00	GAD1
GOBP_REGULATION_OF_CELL_CYCLE	go_bp	1	196	1126	34	2920	9.071091e-01	1.000000e+00	TGFBR1
GOBP_POSITIVE_REGULATION_OF_CELL_ADHESION	go_bp	1	198	489	34	2920	9.094140e-01	1.000000e+00	MYOC
GOBP_INFLAMMATORY_RESPONSE	go_bp	2	330	903	34	2920	9.108994e-01	1.000000e+00	MMP3,SCG2
GOBP_ORGANONITROGEN_COMPOUND_CATABOLIC_PROCESS	go_bp	2	330	1448	34	2920	9.108994e-01	1.000000e+00	GAD1,MMP3
GOBP_TAXIS	go_bp	1	200	469	34	2920	9.116632e-01	1.000000e+00	SCG2
GOBP_PROTEIN_CATABOLIC_PROCESS	go_bp	1	201	1004	34	2920	9.127674e-01	1.000000e+00	MMP3
GOBP_REGULATION_OF_CATABOLIC_PROCESS	go_bp	1	210	1127	34	2920	9.221208e-01	1.000000e+00	SCT
GOBP_PEPTIDYL_AMINO_ACID_MODIFICATION	go_bp	1	219	847	34	2920	9.304977e-01	1.000000e+00	TGFBR1
GOBP_ANIMAL_ORGAN_MORPHOGENESIS	go_bp	1	222	1029	34	2920	9.330904e-01	1.000000e+00	TGFBR1
GOBP_INTRACELLULAR_TRANSPORT	go_bp	1	222	1368	34	2920	9.330904e-01	1.000000e+00	REPS1
GOBP_DEFENSE_RESPONSE	go_bp	4	593	1902	34	2920	9.365502e-01	1.000000e+00	MMP3,PENK,SCG2,SHC1
GOBP_POSITIVE_REGULATION_OF_RESPONSE_TO_EXTERNAL_STIMULUS	go_bp	1	230	654	34	2920	9.395538e-01	1.000000e+00	SCG2
GOBP_RESPONSE_TO_HORMONE	go_bp	1	235	890	34	2920	9.432812e-01	1.000000e+00	SHC1
GOBP_VESICLE_MEDIATED_TRANSPORT	go_bp	2	379	1561	34	2920	9.472020e-01	1.000000e+00	REPS1,SYT1
GOBP_NEGATIVE_REGULATION_OF_DEVELOPMENTAL_PROCESS	go_bp	1	243	1007	34	2920	9.487855e-01	1.000000e+00	TGFBR1
GOBP_POSITIVE_REGULATION_OF_IMMUNE_RESPONSE	go_bp	1	245	783	34	2920	9.500784e-01	1.000000e+00	MOG
GOBP_APOPTOTIC_PROCESS	go_bp	3	515	1972	34	2920	9.544996e-01	1.000000e+00	SCG2,SHC1,TGFBR1
GOBP_POSITIVE_REGULATION_OF_DEVELOPMENTAL_PROCESS	go_bp	2	393	1392	34	2920	9.547338e-01	1.000000e+00	SYT1,TGFBR1
GOBP_DEFENSE_RESPONSE_TO_OTHER_ORGANISM	go_bp	2	396	1268	34	2920	9.562131e-01	1.000000e+00	MMP3,SHC1
GOBP_SMALL_MOLECULE_METABOLIC_PROCESS	go_bp	2	396	1836	34	2920	9.562131e-01	1.000000e+00	CA3,GAD1
GOBP_POSITIVE_REGULATION_OF_CELL_DIFFERENTIATION	go_bp	1	260	910	34	2920	9.588152e-01	1.000000e+00	TGFBR1
GOBP_REGULATION_OF_CELL_DIFFERENTIATION	go_bp	2	403	1631	34	2920	9.594930e-01	1.000000e+00	KLK6,TGFBR1
GOBP_CELL_CYCLE	go_bp	1	262	1684	34	2920	9.598615e-01	1.000000e+00	TGFBR1
GOBP_MACROMOLECULE_CATABOLIC_PROCESS	go_bp	1	264	1486	34	2920	9.608820e-01	1.000000e+00	MMP3
GOBP_REGULATION_OF_RESPONSE_TO_STRESS	go_bp	2	411	1448	34	2920	9.629628e-01	1.000000e+00	MMP3,PENK
GOBP_REGULATION_OF_MOLECULAR_FUNCTION	go_bp	3	537	1984	34	2920	9.636942e-01	1.000000e+00	AHNAK,CACNB1,PALM
GOBP_REPRODUCTIVE_PROCESS	go_bp	1	283	1549	34	2920	9.694015e-01	1.000000e+00	TGFBR1
GOBP_ORGANONITROGEN_COMPOUND_BIOSYNTHETIC_PROCESS	go_bp	1	286	1806	34	2920	9.705703e-01	1.000000e+00	GAD1
GOBP_CYTOKINE_PRODUCTION	go_bp	1	294	888	34	2920	9.734792e-01	1.000000e+00	MOG
GOBP_INNATE_IMMUNE_RESPONSE	go_bp	1	294	987	34	2920	9.734792e-01	1.000000e+00	MMP3
GOBP_REGULATION_OF_IMMUNE_RESPONSE	go_bp	1	320	981	34	2920	9.811321e-01	1.000000e+00	MOG
GOBP_REGULATION_OF_PROTEIN_MODIFICATION_PROCESS	go_bp	1	347	1231	34	2920	9.867995e-01	1.000000e+00	TGFBR1
GOBP_POSITIVE_REGULATION_OF_GENE_EXPRESSION	go_bp	1	361	1218	34	2920	9.890477e-01	1.000000e+00	TGFBR1
GOBP_PHOSPHORYLATION	go_bp	1	376	1394	34	2920	9.910437e-01	1.000000e+00	TGFBR1
GOBP_POSITIVE_REGULATION_OF_IMMUNE_SYSTEM_PROCESS	go_bp	1	376	1120	34	2920	9.910437e-01	1.000000e+00	MOG
GOBP_CELL_ACTIVATION	go_bp	1	407	1126	34	2920	9.941129e-01	1.000000e+00	TGFBR1
GOBP_REGULATION_OF_CATALYTIC_ACTIVITY	go_bp	1	410	1373	34	2920	9.943487e-01	1.000000e+00	PALM
GOBP_REGULATION_OF_MULTICELLULAR_ORGANISMAL_DEVELOPMENT	go_bp	1	429	1492	34	2920	9.956429e-01	1.000000e+00	TGFBR1
GOBP_REGULATION_OF_IMMUNE_SYSTEM_PROCESS	go_bp	1	533	1626	34	2920	9.989880e-01	1.000000e+00	MOG
GOBP_PROTEOLYSIS_INVOLVED_IN_PROTEIN_CATABOLIC_PROCESS	go_bp	0	119	765	34	2920	1.000000e+00	1.000000e+00	
GOBP_POSITIVE_REGULATION_OF_KINASE_ACTIVITY	go_bp	0	122	294	34	2920	1.000000e+00	1.000000e+00	
GOBP_POSITIVE_REGULATION_OF_PROTEIN_LOCALIZATION	go_bp	0	122	482	34	2920	1.000000e+00	1.000000e+00	
GOBP_POSITIVE_REGULATION_OF_LEUKOCYTE_CELL_CELL_ADHESION	go_bp	0	115	281	34	2920	1.000000e+00	1.000000e+00	
GOBP_PROCESS_UTILIZING_AUTOPHAGIC_MECHANISM	go_bp	0	115	604	34	2920	1.000000e+00	1.000000e+00	
GOBP_CELL_DIVISION	go_bp	0	123	644	34	2920	1.000000e+00	1.000000e+00	
GOBP_LIPID_BIOSYNTHETIC_PROCESS	go_bp	0	114	747	34	2920	1.000000e+00	1.000000e+00	
GOBP_REGULATION_OF_CELLULAR_RESPONSE_TO_STRESS	go_bp	0	114	526	34	2920	1.000000e+00	1.000000e+00	
GOBP_PEPTIDYL_TYROSINE_MODIFICATION	go_bp	0	120	266	34	2920	1.000000e+00	1.000000e+00	
GOBP_REGULATION_OF_PEPTIDASE_ACTIVITY	go_bp	0	120	300	34	2920	1.000000e+00	1.000000e+00	
GOBP_REGULATION_OF_LEUKOCYTE_MIGRATION	go_bp	0	109	232	34	2920	1.000000e+00	1.000000e+00	
GOBP_CARBOHYDRATE_METABOLIC_PROCESS	go_bp	0	124	571	34	2920	1.000000e+00	1.000000e+00	
GOBP_MYELOID_LEUKOCYTE_ACTIVATION	go_bp	0	113	246	34	2920	1.000000e+00	1.000000e+00	
GOBP_NEGATIVE_REGULATION_OF_TRANSCRIPTION_BY_RNA_POLYMERASE_II	go_bp	0	113	923	34	2920	1.000000e+00	1.000000e+00	
GOBP_REGULATION_OF_PROTEIN_TRANSPORT	go_bp	0	113	436	34	2920	1.000000e+00	1.000000e+00	
GOBP_LIPID_LOCALIZATION	go_bp	0	112	504	34	2920	1.000000e+00	1.000000e+00	
GOBP_REGULATION_OF_LEUKOCYTE_DIFFERENTIATION	go_bp	0	112	331	34	2920	1.000000e+00	1.000000e+00	
GOBP_CELL_ACTIVATION_INVOLVED_IN_IMMUNE_RESPONSE	go_bp	0	111	312	34	2920	1.000000e+00	1.000000e+00	
GOBP_NEGATIVE_REGULATION_OF_CYTOKINE_PRODUCTION	go_bp	0	111	385	34	2920	1.000000e+00	1.000000e+00	
GOBP_REGULATION_OF_NEUROGENESIS	go_bp	0	111	380	34	2920	1.000000e+00	1.000000e+00	
GOBP_RESPONSE_TO_XENOBIOTIC_STIMULUS	go_bp	0	110	449	34	2920	1.000000e+00	1.000000e+00	
GOBP_DNA_DAMAGE_RESPONSE	go_bp	0	125	906	34	2920	1.000000e+00	1.000000e+00	
GOBP_INTRACELLULAR_PROTEIN_TRANSPORT	go_bp	0	125	674	34	2920	1.000000e+00	1.000000e+00	
GOBP_ORGANIC_CYCLIC_COMPOUND_CATABOLIC_PROCESS	go_bp	0	126	730	34	2920	1.000000e+00	1.000000e+00	
GOBP_REGULATION_OF_INNATE_IMMUNE_RESPONSE	go_bp	0	126	458	34	2920	1.000000e+00	1.000000e+00	
GOBP_AMIDE_METABOLIC_PROCESS	go_bp	0	104	461	34	2920	1.000000e+00	1.000000e+00	
GOBP_POSITIVE_REGULATION_OF_IMMUNE_EFFECTOR_PROCESS	go_bp	0	104	265	34	2920	1.000000e+00	1.000000e+00	
GOBP_POSITIVE_REGULATION_OF_PROTEOLYSIS	go_bp	0	104	337	34	2920	1.000000e+00	1.000000e+00	
GOBP_REGULATION_OF_LEUKOCYTE_MEDIATED_IMMUNITY	go_bp	0	104	252	34	2920	1.000000e+00	1.000000e+00	
GOBP_REGULATION_OF_PEPTIDYL_TYROSINE_PHOSPHORYLATION	go_bp	0	104	217	34	2920	1.000000e+00	1.000000e+00	
GOBP_REGULATION_OF_ENDOCYTOSIS	go_bp	0	105	298	34	2920	1.000000e+00	1.000000e+00	
GOBP_CARBOHYDRATE_DERIVATIVE_BIOSYNTHETIC_PROCESS	go_bp	0	106	672	34	2920	1.000000e+00	1.000000e+00	
GOBP_HEMOSTASIS	go_bp	0	106	235	34	2920	1.000000e+00	1.000000e+00	
GOBP_POSITIVE_REGULATION_OF_RESPONSE_TO_BIOTIC_STIMULUS	go_bp	0	106	407	34	2920	1.000000e+00	1.000000e+00	
GOBP_PURINE_CONTAINING_COMPOUND_METABOLIC_PROCESS	go_bp	0	106	570	34	2920	1.000000e+00	1.000000e+00	
GOBP_POSITIVE_REGULATION_OF_CELL_CELL_ADHESION	go_bp	0	129	330	34	2920	1.000000e+00	1.000000e+00	
GOBP_MITOTIC_CELL_CYCLE_PROCESS	go_bp	0	131	774	34	2920	1.000000e+00	1.000000e+00	
GOBP_REGULATION_OF_HEMOPOIESIS	go_bp	0	131	428	34	2920	1.000000e+00	1.000000e+00	
GOBP_LYMPHOCYTE_MEDIATED_IMMUNITY	go_bp	0	128	370	34	2920	1.000000e+00	1.000000e+00	
GOBP_ORGANIC_HYDROXY_COMPOUND_METABOLIC_PROCESS	go_bp	0	128	566	34	2920	1.000000e+00	1.000000e+00	
GOBP_REGULATION_OF_CELL_CYCLE_PROCESS	go_bp	0	128	752	34	2920	1.000000e+00	1.000000e+00	
GOBP_MICROTUBULE_BASED_PROCESS	go_bp	0	130	948	34	2920	1.000000e+00	1.000000e+00	
GOBP_ACUTE_INFLAMMATORY_RESPONSE	go_bp	0	50	108	34	2920	1.000000e+00	1.000000e+00	
GOBP_BLOOD_VESSEL_ENDOTHELIAL_CELL_MIGRATION	go_bp	0	50	185	34	2920	1.000000e+00	1.000000e+00	
GOBP_BRANCHING_MORPHOGENESIS_OF_AN_EPITHELIAL_TUBE	go_bp	0	50	158	34	2920	1.000000e+00	1.000000e+00	
GOBP_KIDNEY_EPITHELIUM_DEVELOPMENT	go_bp	0	50	153	34	2920	1.000000e+00	1.000000e+00	
GOBP_MYELOID_LEUKOCYTE_MEDIATED_IMMUNITY	go_bp	0	50	115	34	2920	1.000000e+00	1.000000e+00	
GOBP_NUCLEOSIDE_PHOSPHATE_BIOSYNTHETIC_PROCESS	go_bp	0	50	292	34	2920	1.000000e+00	1.000000e+00	
GOBP_POSITIVE_REGULATION_OF_ADAPTIVE_IMMUNE_RESPONSE	go_bp	0	50	134	34	2920	1.000000e+00	1.000000e+00	
GOBP_POSITIVE_REGULATION_OF_PROTEIN_SERINE_THREONINE_KINASE_ACTIVITY	go_bp	0	50	125	34	2920	1.000000e+00	1.000000e+00	
GOBP_REGULATION_OF_CELL_DIVISION	go_bp	0	50	189	34	2920	1.000000e+00	1.000000e+00	
GOBP_REGULATION_OF_MAP_KINASE_ACTIVITY	go_bp	0	50	133	34	2920	1.000000e+00	1.000000e+00	
GOBP_REGULATION_OF_PROTEOLYSIS_INVOLVED_IN_PROTEIN_CATABOLIC_PROCESS	go_bp	0	50	229	34	2920	1.000000e+00	1.000000e+00	
GOBP_RECEPTOR_MEDIATED_ENDOCYTOSIS	go_bp	0	103	265	34	2920	1.000000e+00	1.000000e+00	
GOBP_REGULATION_OF_CELLULAR_CATABOLIC_PROCESS	go_bp	0	103	462	34	2920	1.000000e+00	1.000000e+00	
GOBP_REGULATION_OF_CELLULAR_RESPONSE_TO_GROWTH_FACTOR_STIMULUS	go_bp	0	103	374	34	2920	1.000000e+00	1.000000e+00	
GOBP_ADAPTIVE_IMMUNE_RESPONSE_BASED_ON_SOMATIC_RECOMBINATION_OF_IMMUNE_RECEPTORS_BUILT_FROM_IMMUNOGLOBULIN_SUPERFAMILY_DOMAINS	go_bp	0	132	381	34	2920	1.000000e+00	1.000000e+00	
GOBP_LYMPHOCYTE_DIFFERENTIATION	go_bp	0	132	434	34	2920	1.000000e+00	1.000000e+00	
GOBP_MORPHOGENESIS_OF_AN_EPITHELIUM	go_bp	0	132	504	34	2920	1.000000e+00	1.000000e+00	
GOBP_CELL_CYCLE_G1_S_PHASE_TRANSITION	go_bp	0	53	266	34	2920	1.000000e+00	1.000000e+00	
GOBP_HEART_PROCESS	go_bp	0	53	263	34	2920	1.000000e+00	1.000000e+00	
GOBP_MITOTIC_NUCLEAR_DIVISION	go_bp	0	53	283	34	2920	1.000000e+00	1.000000e+00	
GOBP_NEGATIVE_REGULATION_OF_LEUKOCYTE_PROLIFERATION	go_bp	0	53	99	34	2920	1.000000e+00	1.000000e+00	
GOBP_POSITIVE_REGULATION_OF_CELLULAR_CATABOLIC_PROCESS	go_bp	0	53	224	34	2920	1.000000e+00	1.000000e+00	
GOBP_REGULATION_OF_BINDING	go_bp	0	53	229	34	2920	1.000000e+00	1.000000e+00	
GOBP_REGULATION_OF_PROTEIN_POLYMERIZATION	go_bp	0	53	203	34	2920	1.000000e+00	1.000000e+00	
GOBP_SENSORY_ORGAN_MORPHOGENESIS	go_bp	0	53	279	34	2920	1.000000e+00	1.000000e+00	
GOBP_T_CELL_MEDIATED_IMMUNITY	go_bp	0	53	133	34	2920	1.000000e+00	1.000000e+00	
GOBP_ENERGY_DERIVATION_BY_OXIDATION_OF_ORGANIC_COMPOUNDS	go_bp	0	52	344	34	2920	1.000000e+00	1.000000e+00	
GOBP_MACROPHAGE_ACTIVATION	go_bp	0	52	112	34	2920	1.000000e+00	1.000000e+00	
GOBP_PROTEIN_AUTOPHOSPHORYLATION	go_bp	0	52	190	34	2920	1.000000e+00	1.000000e+00	
GOBP_REGULATION_OF_LIPID_TRANSPORT	go_bp	0	52	153	34	2920	1.000000e+00	1.000000e+00	
GOBP_RESPONSE_TO_TEMPERATURE_STIMULUS	go_bp	0	52	175	34	2920	1.000000e+00	1.000000e+00	
GOBP_MUSCLE_CELL_DIFFERENTIATION	go_bp	0	101	431	34	2920	1.000000e+00	1.000000e+00	
GOBP_NEURON_APOPTOTIC_PROCESS	go_bp	0	101	293	34	2920	1.000000e+00	1.000000e+00	
GOBP_CHEMOKINE_PRODUCTION	go_bp	0	49	105	34	2920	1.000000e+00	1.000000e+00	
GOBP_ESTABLISHMENT_OR_MAINTENANCE_OF_CELL_POLARITY	go_bp	0	49	228	34	2920	1.000000e+00	1.000000e+00	
GOBP_FERTILIZATION	go_bp	0	49	211	34	2920	1.000000e+00	1.000000e+00	
GOBP_MICROTUBULE_BASED_MOVEMENT	go_bp	0	49	435	34	2920	1.000000e+00	1.000000e+00	
GOBP_REGULATION_OF_AXONOGENESIS	go_bp	0	49	141	34	2920	1.000000e+00	1.000000e+00	
GOBP_REGULATION_OF_REPRODUCTIVE_PROCESS	go_bp	0	49	208	34	2920	1.000000e+00	1.000000e+00	
GOBP_CALCIUM_ION_TRANSMEMBRANE_IMPORT_INTO_CYTOSOL	go_bp	0	51	189	34	2920	1.000000e+00	1.000000e+00	
GOBP_CALCIUM_MEDIATED_SIGNALING	go_bp	0	51	228	34	2920	1.000000e+00	1.000000e+00	
GOBP_CHROMOSOME_SEGREGATION	go_bp	0	51	429	34	2920	1.000000e+00	1.000000e+00	
GOBP_DENDRITE_DEVELOPMENT	go_bp	0	51	238	34	2920	1.000000e+00	1.000000e+00	
GOBP_INTEGRIN_MEDIATED_SIGNALING_PATHWAY	go_bp	0	51	113	34	2920	1.000000e+00	1.000000e+00	
GOBP_MRNA_PROCESSING	go_bp	0	51	520	34	2920	1.000000e+00	1.000000e+00	
GOBP_POSITIVE_REGULATION_OF_LYMPHOCYTE_DIFFERENTIATION	go_bp	0	51	137	34	2920	1.000000e+00	1.000000e+00	
GOBP_POSITIVE_REGULATION_OF_TUMOR_NECROSIS_FACTOR_SUPERFAMILY_CYTOKINE_PRODUCTION	go_bp	0	51	114	34	2920	1.000000e+00	1.000000e+00	
GOBP_PROTEASOME_MEDIATED_UBIQUITIN_DEPENDENT_PROTEIN_CATABOLIC_PROCESS	go_bp	0	51	401	34	2920	1.000000e+00	1.000000e+00	
GOBP_RESPONSE_TO_BMP	go_bp	0	51	181	34	2920	1.000000e+00	1.000000e+00	
GOBP_SPROUTING_ANGIOGENESIS	go_bp	0	51	199	34	2920	1.000000e+00	1.000000e+00	
GOBP_POSITIVE_REGULATION_OF_CATALYTIC_ACTIVITY	go_bp	0	272	846	34	2920	1.000000e+00	1.000000e+00	
GOBP_REGULATION_OF_LEUKOCYTE_PROLIFERATION	go_bp	0	133	269	34	2920	1.000000e+00	1.000000e+00	
GOBP_PLATELET_ACTIVATION	go_bp	0	58	138	34	2920	1.000000e+00	1.000000e+00	
GOBP_REGULATION_OF_INTRACELLULAR_TRANSPORT	go_bp	0	58	267	34	2920	1.000000e+00	1.000000e+00	
GOBP_ACTIN_POLYMERIZATION_OR_DEPOLYMERIZATION	go_bp	0	55	196	34	2920	1.000000e+00	1.000000e+00	
GOBP_CELLULAR_KETONE_METABOLIC_PROCESS	go_bp	0	55	225	34	2920	1.000000e+00	1.000000e+00	
GOBP_CELLULAR_PROCESS_INVOLVED_IN_REPRODUCTION_IN_MULTICELLULAR_ORGANISM	go_bp	0	55	414	34	2920	1.000000e+00	1.000000e+00	
GOBP_POSITIVE_REGULATION_OF_PEPTIDASE_ACTIVITY	go_bp	0	55	165	34	2920	1.000000e+00	1.000000e+00	
GOBP_REGULATION_OF_BLOOD_CIRCULATION	go_bp	0	55	265	34	2920	1.000000e+00	1.000000e+00	
GOBP_REGULATION_OF_PROTEIN_LOCALIZATION_TO_MEMBRANE	go_bp	0	55	183	34	2920	1.000000e+00	1.000000e+00	
GOBP_REGULATION_OF_RESPONSE_TO_CYTOKINE_STIMULUS	go_bp	0	55	195	34	2920	1.000000e+00	1.000000e+00	
GOBP_TYPE_II_INTERFERON_PRODUCTION	go_bp	0	55	120	34	2920	1.000000e+00	1.000000e+00	
GOBP_NEUTROPHIL_MIGRATION	go_bp	0	54	107	34	2920	1.000000e+00	1.000000e+00	
GOBP_POSITIVE_REGULATION_OF_CELL_CYCLE_PROCESS	go_bp	0	54	269	34	2920	1.000000e+00	1.000000e+00	
GOBP_POSITIVE_REGULATION_OF_PRODUCTION_OF_MOLECULAR_MEDIATOR_OF_IMMUNE_RESPONSE	go_bp	0	54	137	34	2920	1.000000e+00	1.000000e+00	
GOBP_POSITIVE_REGULATION_OF_TRANSMEMBRANE_TRANSPORT	go_bp	0	54	209	34	2920	1.000000e+00	1.000000e+00	
GOBP_PROTEIN_STABILIZATION	go_bp	0	54	220	34	2920	1.000000e+00	1.000000e+00	
GOBP_REGULATION_OF_INTRINSIC_APOPTOTIC_SIGNALING_PATHWAY	go_bp	0	54	189	34	2920	1.000000e+00	1.000000e+00	
GOBP_STEM_CELL_DIFFERENTIATION	go_bp	0	54	249	34	2920	1.000000e+00	1.000000e+00	
GOBP_CARBOHYDRATE_BIOSYNTHETIC_PROCESS	go_bp	0	48	208	34	2920	1.000000e+00	1.000000e+00	
GOBP_ESTABLISHMENT_OF_PROTEIN_LOCALIZATION_TO_MEMBRANE	go_bp	0	48	279	34	2920	1.000000e+00	1.000000e+00	
GOBP_NEGATIVE_REGULATION_OF_TRANSFERASE_ACTIVITY	go_bp	0	48	210	34	2920	1.000000e+00	1.000000e+00	
GOBP_NEGATIVE_REGULATION_OF_VASCULATURE_DEVELOPMENT	go_bp	0	48	160	34	2920	1.000000e+00	1.000000e+00	
GOBP_NEPHRON_DEVELOPMENT	go_bp	0	48	161	34	2920	1.000000e+00	1.000000e+00	
GOBP_POSITIVE_REGULATION_OF_PROTEIN_CATABOLIC_PROCESS	go_bp	0	48	204	34	2920	1.000000e+00	1.000000e+00	
GOBP_PROTEIN_TARGETING	go_bp	0	48	329	34	2920	1.000000e+00	1.000000e+00	
GOBP_REGULATION_OF_BLOOD_PRESSURE	go_bp	0	48	187	34	2920	1.000000e+00	1.000000e+00	
GOBP_REGULATION_OF_LIPID_BIOSYNTHETIC_PROCESS	go_bp	0	48	189	34	2920	1.000000e+00	1.000000e+00	
GOBP_RESPONSE_TO_TYPE_II_INTERFERON	go_bp	0	48	119	34	2920	1.000000e+00	1.000000e+00	
GOBP_TEMPERATURE_HOMEOSTASIS	go_bp	0	48	184	34	2920	1.000000e+00	1.000000e+00	
GOBP_INORGANIC_ION_HOMEOSTASIS	go_bp	0	135	537	34	2920	1.000000e+00	1.000000e+00	
GOBP_AMINOGLYCAN_METABOLIC_PROCESS	go_bp	0	39	122	34	2920	1.000000e+00	1.000000e+00	
GOBP_CARBOHYDRATE_CATABOLIC_PROCESS	go_bp	0	39	172	34	2920	1.000000e+00	1.000000e+00	
GOBP_CD4_POSITIVE_ALPHA_BETA_T_CELL_ACTIVATION	go_bp	0	39	122	34	2920	1.000000e+00	1.000000e+00	
GOBP_CELLULAR_RESPONSE_TO_TYPE_II_INTERFERON	go_bp	0	39	96	34	2920	1.000000e+00	1.000000e+00	
GOBP_CIRCADIAN_RHYTHM	go_bp	0	39	207	34	2920	1.000000e+00	1.000000e+00	
GOBP_HEPATICOBILIARY_SYSTEM_DEVELOPMENT	go_bp	0	39	147	34	2920	1.000000e+00	1.000000e+00	
GOBP_IMMUNOGLOBULIN_PRODUCTION	go_bp	0	39	195	34	2920	1.000000e+00	1.000000e+00	
GOBP_LYMPHOCYTE_APOPTOTIC_PROCESS	go_bp	0	39	81	34	2920	1.000000e+00	1.000000e+00	
GOBP_MAMMARY_GLAND_DEVELOPMENT	go_bp	0	39	137	34	2920	1.000000e+00	1.000000e+00	
GOBP_POSITIVE_REGULATION_OF_MONOATOMIC_ION_TRANSMEMBRANE_TRANSPORT	go_bp	0	39	150	34	2920	1.000000e+00	1.000000e+00	
GOBP_POSITIVE_REGULATION_OF_MYELOID_CELL_DIFFERENTIATION	go_bp	0	39	106	34	2920	1.000000e+00	1.000000e+00	
GOBP_POSITIVE_REGULATION_OF_SMALL_MOLECULE_METABOLIC_PROCESS	go_bp	0	39	144	34	2920	1.000000e+00	1.000000e+00	
GOBP_PROTEIN_CONTAINING_COMPLEX_DISASSEMBLY	go_bp	0	39	258	34	2920	1.000000e+00	1.000000e+00	
GOBP_TUMOR_NECROSIS_FACTOR_MEDIATED_SIGNALING_PATHWAY	go_bp	0	39	119	34	2920	1.000000e+00	1.000000e+00	
GOBP_POSITIVE_REGULATION_OF_TRANSFERASE_ACTIVITY	go_bp	0	134	366	34	2920	1.000000e+00	1.000000e+00	
GOBP_REGULATION_OF_ESTABLISHMENT_OF_PROTEIN_LOCALIZATION	go_bp	0	134	533	34	2920	1.000000e+00	1.000000e+00	
GOBP_B_CELL_PROLIFERATION	go_bp	0	41	104	34	2920	1.000000e+00	1.000000e+00	
GOBP_CELL_ADHESION_MEDIATED_BY_INTEGRIN	go_bp	0	41	89	34	2920	1.000000e+00	1.000000e+00	
GOBP_NUCLEAR_CHROMOSOME_SEGREGATION	go_bp	0	41	323	34	2920	1.000000e+00	1.000000e+00	
GOBP_POSITIVE_REGULATION_OF_INTERLEUKIN_6_PRODUCTION	go_bp	0	41	101	34	2920	1.000000e+00	1.000000e+00	
GOBP_REGULATION_OF_MICROTUBULE_BASED_PROCESS	go_bp	0	41	259	34	2920	1.000000e+00	1.000000e+00	
GOBP_REGULATION_OF_PATTERN_RECOGNITION_RECEPTOR_SIGNALING_PATHWAY	go_bp	0	41	177	34	2920	1.000000e+00	1.000000e+00	
GOBP_REGULATION_OF_PROTEASOMAL_PROTEIN_CATABOLIC_PROCESS	go_bp	0	41	191	34	2920	1.000000e+00	1.000000e+00	
GOBP_SINGLE_FERTILIZATION	go_bp	0	41	170	34	2920	1.000000e+00	1.000000e+00	
GOBP_TUBE_FORMATION	go_bp	0	41	150	34	2920	1.000000e+00	1.000000e+00	
GOBP_VACUOLE_ORGANIZATION	go_bp	0	41	239	34	2920	1.000000e+00	1.000000e+00	
GOBP_CANONICAL_NF_KAPPAB_SIGNAL_TRANSDUCTION	go_bp	0	99	314	34	2920	1.000000e+00	1.000000e+00	
GOBP_NEGATIVE_REGULATION_OF_CELL_ACTIVATION	go_bp	0	99	217	34	2920	1.000000e+00	1.000000e+00	
GOBP_NUCLEAR_TRANSPORT	go_bp	0	56	333	34	2920	1.000000e+00	1.000000e+00	
GOBP_NUCLEOSIDE_TRIPHOSPHATE_METABOLIC_PROCESS	go_bp	0	56	269	34	2920	1.000000e+00	1.000000e+00	
GOBP_ORGANIC_HYDROXY_COMPOUND_BIOSYNTHETIC_PROCESS	go_bp	0	56	249	34	2920	1.000000e+00	1.000000e+00	
GOBP_MONONUCLEAR_CELL_MIGRATION	go_bp	0	100	226	34	2920	1.000000e+00	1.000000e+00	
GOBP_T_CELL_PROLIFERATION	go_bp	0	100	216	34	2920	1.000000e+00	1.000000e+00	
GOBP_ATP_METABOLIC_PROCESS	go_bp	0	43	222	34	2920	1.000000e+00	1.000000e+00	
GOBP_CELLULAR_RESPONSE_TO_XENOBIOTIC_STIMULUS	go_bp	0	43	195	34	2920	1.000000e+00	1.000000e+00	
GOBP_CILIUM_ORGANIZATION	go_bp	0	43	443	34	2920	1.000000e+00	1.000000e+00	
GOBP_MYELOID_CELL_ACTIVATION_INVOLVED_IN_IMMUNE_RESPONSE	go_bp	0	43	99	34	2920	1.000000e+00	1.000000e+00	
GOBP_NON_CANONICAL_NF_KAPPAB_SIGNAL_TRANSDUCTION	go_bp	0	43	137	34	2920	1.000000e+00	1.000000e+00	
GOBP_POSITIVE_REGULATION_OF_NEURON_PROJECTION_DEVELOPMENT	go_bp	0	43	162	34	2920	1.000000e+00	1.000000e+00	
GOBP_POSITIVE_REGULATION_OF_NF_KAPPAB_TRANSCRIPTION_FACTOR_ACTIVITY	go_bp	0	43	136	34	2920	1.000000e+00	1.000000e+00	
GOBP_REGULATION_OF_ACTIN_FILAMENT_LENGTH	go_bp	0	43	156	34	2920	1.000000e+00	1.000000e+00	
GOBP_REGULATION_OF_COAGULATION	go_bp	0	43	74	34	2920	1.000000e+00	1.000000e+00	
GOBP_REGULATION_OF_LEUKOCYTE_APOPTOTIC_PROCESS	go_bp	0	43	90	34	2920	1.000000e+00	1.000000e+00	
GOBP_REGULATION_OF_PEPTIDYL_SERINE_PHOSPHORYLATION	go_bp	0	43	121	34	2920	1.000000e+00	1.000000e+00	
GOBP_REGULATION_OF_PHAGOCYTOSIS	go_bp	0	43	102	34	2920	1.000000e+00	1.000000e+00	
GOBP_DNA_RECOMBINATION	go_bp	0	40	345	34	2920	1.000000e+00	1.000000e+00	
GOBP_ESTABLISHMENT_OF_CELL_POLARITY	go_bp	0	40	156	34	2920	1.000000e+00	1.000000e+00	
GOBP_HOMOTYPIC_CELL_CELL_ADHESION	go_bp	0	40	100	34	2920	1.000000e+00	1.000000e+00	
GOBP_LEUKOCYTE_HOMEOSTASIS	go_bp	0	40	109	34	2920	1.000000e+00	1.000000e+00	
GOBP_MONOCARBOXYLIC_ACID_TRANSPORT	go_bp	0	40	184	34	2920	1.000000e+00	1.000000e+00	
GOBP_NEGATIVE_REGULATION_OF_NEURON_PROJECTION_DEVELOPMENT	go_bp	0	40	129	34	2920	1.000000e+00	1.000000e+00	
GOBP_NEGATIVE_REGULATION_OF_RESPONSE_TO_BIOTIC_STIMULUS	go_bp	0	40	124	34	2920	1.000000e+00	1.000000e+00	
GOBP_NEUTROPHIL_CHEMOTAXIS	go_bp	0	40	85	34	2920	1.000000e+00	1.000000e+00	
GOBP_POSITIVE_REGULATION_OF_CYSTEINE_TYPE_ENDOPEPTIDASE_ACTIVITY	go_bp	0	40	128	34	2920	1.000000e+00	1.000000e+00	
GOBP_POSITIVE_REGULATION_OF_SMOOTH_MUSCLE_CELL_PROLIFERATION	go_bp	0	40	100	34	2920	1.000000e+00	1.000000e+00	
GOBP_POSITIVE_REGULATION_OF_TYROSINE_PHOSPHORYLATION_OF_STAT_PROTEIN	go_bp	0	40	66	34	2920	1.000000e+00	1.000000e+00	
GOBP_REGULATION_OF_EPITHELIAL_CELL_DIFFERENTIATION	go_bp	0	40	171	34	2920	1.000000e+00	1.000000e+00	
GOBP_REGULATION_OF_MRNA_METABOLIC_PROCESS	go_bp	0	40	403	34	2920	1.000000e+00	1.000000e+00	
GOBP_REGULATION_OF_PROTEIN_LOCALIZATION_TO_CELL_PERIPHERY	go_bp	0	40	138	34	2920	1.000000e+00	1.000000e+00	
GOBP_REGULATION_OF_TUBE_SIZE	go_bp	0	40	154	34	2920	1.000000e+00	1.000000e+00	
GOBP_TYROSINE_PHOSPHORYLATION_OF_STAT_PROTEIN	go_bp	0	40	80	34	2920	1.000000e+00	1.000000e+00	
GOBP_T_CELL_ACTIVATION_INVOLVED_IN_IMMUNE_RESPONSE	go_bp	0	40	127	34	2920	1.000000e+00	1.000000e+00	
GOBP_CELLULAR_LIPID_CATABOLIC_PROCESS	go_bp	0	57	239	34	2920	1.000000e+00	1.000000e+00	
GOBP_LEUKOCYTE_APOPTOTIC_PROCESS	go_bp	0	57	118	34	2920	1.000000e+00	1.000000e+00	
GOBP_NEGATIVE_REGULATION_OF_CELL_GROWTH	go_bp	0	57	173	34	2920	1.000000e+00	1.000000e+00	
GOBP_POSITIVE_REGULATION_OF_T_CELL_PROLIFERATION	go_bp	0	57	104	34	2920	1.000000e+00	1.000000e+00	
GOBP_REGULATION_OF_CELL_KILLING	go_bp	0	57	114	34	2920	1.000000e+00	1.000000e+00	
GOBP_REGULATION_OF_CYSTEINE_TYPE_ENDOPEPTIDASE_ACTIVITY_INVOLVED_IN_APOPTOTIC_PROCESS	go_bp	0	57	160	34	2920	1.000000e+00	1.000000e+00	
GOBP_RESPONSE_TO_CORTICOSTEROID	go_bp	0	57	158	34	2920	1.000000e+00	1.000000e+00	
GOBP_ANTIMICROBIAL_HUMORAL_IMMUNE_RESPONSE_MEDIATED_BY_ANTIMICROBIAL_PEPTIDE	go_bp	0	60	110	34	2920	1.000000e+00	1.000000e+00	
GOBP_CHROMATIN_REMODELING	go_bp	0	60	688	34	2920	1.000000e+00	1.000000e+00	
GOBP_INTERLEUKIN_6_PRODUCTION	go_bp	0	60	176	34	2920	1.000000e+00	1.000000e+00	
GOBP_MAINTENANCE_OF_LOCATION_IN_CELL	go_bp	0	60	232	34	2920	1.000000e+00	1.000000e+00	
GOBP_MONOSACCHARIDE_METABOLIC_PROCESS	go_bp	0	60	254	34	2920	1.000000e+00	1.000000e+00	
GOBP_MORPHOGENESIS_OF_A_BRANCHING_STRUCTURE	go_bp	0	60	207	34	2920	1.000000e+00	1.000000e+00	
GOBP_NEGATIVE_REGULATION_OF_IMMUNE_EFFECTOR_PROCESS	go_bp	0	60	124	34	2920	1.000000e+00	1.000000e+00	
GOBP_POSITIVE_REGULATION_OF_MONOATOMIC_ION_TRANSPORT	go_bp	0	60	207	34	2920	1.000000e+00	1.000000e+00	
GOBP_REGULATION_OF_LEUKOCYTE_CHEMOTAXIS	go_bp	0	60	123	34	2920	1.000000e+00	1.000000e+00	
GOBP_REGULATION_OF_TRANSLATION	go_bp	0	60	453	34	2920	1.000000e+00	1.000000e+00	
GOBP_ANTIGEN_PROCESSING_AND_PRESENTATION	go_bp	0	38	118	34	2920	1.000000e+00	1.000000e+00	
GOBP_COMPLEMENT_ACTIVATION	go_bp	0	38	68	34	2920	1.000000e+00	1.000000e+00	
GOBP_DNA_REPLICATION	go_bp	0	38	280	34	2920	1.000000e+00	1.000000e+00	
GOBP_GOLGI_VESICLE_TRANSPORT	go_bp	0	38	307	34	2920	1.000000e+00	1.000000e+00	
GOBP_LIPID_HOMEOSTASIS	go_bp	0	38	180	34	2920	1.000000e+00	1.000000e+00	
GOBP_MONOCARBOXYLIC_ACID_BIOSYNTHETIC_PROCESS	go_bp	0	38	225	34	2920	1.000000e+00	1.000000e+00	
GOBP_NEGATIVE_REGULATION_OF_CELLULAR_RESPONSE_TO_GROWTH_FACTOR_STIMULUS	go_bp	0	38	139	34	2920	1.000000e+00	1.000000e+00	
GOBP_NEGATIVE_REGULATION_OF_ESTABLISHMENT_OF_PROTEIN_LOCALIZATION	go_bp	0	38	134	34	2920	1.000000e+00	1.000000e+00	
GOBP_OSTEOCLAST_DIFFERENTIATION	go_bp	0	38	109	34	2920	1.000000e+00	1.000000e+00	
GOBP_POSITIVE_REGULATION_OF_CELL_DIVISION	go_bp	0	38	98	34	2920	1.000000e+00	1.000000e+00	
GOBP_POSITIVE_REGULATION_OF_CHEMOKINE_PRODUCTION	go_bp	0	38	72	34	2920	1.000000e+00	1.000000e+00	
GOBP_POSITIVE_REGULATION_OF_RESPONSE_TO_WOUNDING	go_bp	0	38	80	34	2920	1.000000e+00	1.000000e+00	
GOBP_REGULATION_OF_OSTEOBLAST_DIFFERENTIATION	go_bp	0	38	156	34	2920	1.000000e+00	1.000000e+00	
GOBP_REGULATION_OF_PROTEIN_LOCALIZATION_TO_NUCLEUS	go_bp	0	38	142	34	2920	1.000000e+00	1.000000e+00	
GOBP_REGULATION_OF_SYNAPSE_ASSEMBLY	go_bp	0	38	123	34	2920	1.000000e+00	1.000000e+00	
GOBP_RESPONSE_TO_IONIZING_RADIATION	go_bp	0	38	141	34	2920	1.000000e+00	1.000000e+00	
GOBP_RNA_SPLICING_VIA_TRANSESTERIFICATION_REACTIONS	go_bp	0	38	337	34	2920	1.000000e+00	1.000000e+00	
GOBP_STEROL_METABOLIC_PROCESS	go_bp	0	38	157	34	2920	1.000000e+00	1.000000e+00	
GOBP_STRIATED_MUSCLE_CONTRACTION	go_bp	0	38	193	34	2920	1.000000e+00	1.000000e+00	
GOBP_LEUKOCYTE_MEDIATED_CYTOTOXICITY	go_bp	0	59	148	34	2920	1.000000e+00	1.000000e+00	
GOBP_NEGATIVE_REGULATION_OF_NEURON_APOPTOTIC_PROCESS	go_bp	0	59	164	34	2920	1.000000e+00	1.000000e+00	
GOBP_NEGATIVE_REGULATION_OF_PROTEIN_LOCALIZATION	go_bp	0	59	218	34	2920	1.000000e+00	1.000000e+00	
GOBP_ORGANIC_ACID_TRANSPORT	go_bp	0	59	353	34	2920	1.000000e+00	1.000000e+00	
GOBP_POSITIVE_REGULATION_OF_DNA_BINDING_TRANSCRIPTION_FACTOR_ACTIVITY	go_bp	0	59	217	34	2920	1.000000e+00	1.000000e+00	
GOBP_POSITIVE_REGULATION_OF_LEUKOCYTE_MEDIATED_IMMUNITY	go_bp	0	59	153	34	2920	1.000000e+00	1.000000e+00	
GOBP_REGULATION_OF_MITOTIC_CELL_CYCLE_PHASE_TRANSITION	go_bp	0	59	361	34	2920	1.000000e+00	1.000000e+00	
GOBP_RESPONSE_TO_KETONE	go_bp	0	59	220	34	2920	1.000000e+00	1.000000e+00	
GOBP_SYNAPSE_ASSEMBLY	go_bp	0	59	216	34	2920	1.000000e+00	1.000000e+00	
GOBP_ALCOHOL_BIOSYNTHETIC_PROCESS	go_bp	0	34	142	34	2920	1.000000e+00	1.000000e+00	
GOBP_BONE_REMODELING	go_bp	0	34	90	34	2920	1.000000e+00	1.000000e+00	
GOBP_CARDIAC_MUSCLE_CONTRACTION	go_bp	0	34	146	34	2920	1.000000e+00	1.000000e+00	
GOBP_CELLULAR_RESPONSE_TO_EXTERNAL_STIMULUS	go_bp	0	34	75	34	2920	1.000000e+00	1.000000e+00	
GOBP_CELLULAR_RESPONSE_TO_VASCULAR_ENDOTHELIAL_GROWTH_FACTOR_STIMULUS	go_bp	0	34	76	34	2920	1.000000e+00	1.000000e+00	
GOBP_DISRUPTION_OF_ANATOMICAL_STRUCTURE_IN_ANOTHER_ORGANISM	go_bp	0	34	94	34	2920	1.000000e+00	1.000000e+00	
GOBP_EYE_MORPHOGENESIS	go_bp	0	34	163	34	2920	1.000000e+00	1.000000e+00	
GOBP_FATTY_ACID_TRANSPORT	go_bp	0	34	120	34	2920	1.000000e+00	1.000000e+00	
GOBP_MEMBRANE_LIPID_METABOLIC_PROCESS	go_bp	0	34	219	34	2920	1.000000e+00	1.000000e+00	
GOBP_MESONEPHROS_DEVELOPMENT	go_bp	0	34	105	34	2920	1.000000e+00	1.000000e+00	
GOBP_MORPHOGENESIS_OF_EMBRYONIC_EPITHELIUM	go_bp	0	34	150	34	2920	1.000000e+00	1.000000e+00	
GOBP_NEGATIVE_REGULATION_OF_HEMOPOIESIS	go_bp	0	34	117	34	2920	1.000000e+00	1.000000e+00	
GOBP_NEGATIVE_REGULATION_OF_INTRINSIC_APOPTOTIC_SIGNALING_PATHWAY	go_bp	0	34	113	34	2920	1.000000e+00	1.000000e+00	
GOBP_NEGATIVE_REGULATION_OF_LEUKOCYTE_MEDIATED_IMMUNITY	go_bp	0	34	71	34	2920	1.000000e+00	1.000000e+00	
GOBP_NEGATIVE_REGULATION_OF_WNT_SIGNALING_PATHWAY	go_bp	0	34	178	34	2920	1.000000e+00	1.000000e+00	
GOBP_OLEFINIC_COMPOUND_METABOLIC_PROCESS	go_bp	0	34	162	34	2920	1.000000e+00	1.000000e+00	
GOBP_POSITIVE_REGULATION_OF_INTRACELLULAR_TRANSPORT	go_bp	0	34	140	34	2920	1.000000e+00	1.000000e+00	
GOBP_POSITIVE_REGULATION_OF_PHAGOCYTOSIS	go_bp	0	34	73	34	2920	1.000000e+00	1.000000e+00	
GOBP_PRODUCTION_OF_MOLECULAR_MEDIATOR_INVOLVED_IN_INFLAMMATORY_RESPONSE	go_bp	0	34	110	34	2920	1.000000e+00	1.000000e+00	
GOBP_REGULATION_OF_NON_CANONICAL_NF_KAPPAB_SIGNAL_TRANSDUCTION	go_bp	0	34	109	34	2920	1.000000e+00	1.000000e+00	
GOBP_REGULATION_OF_PLASMA_LIPOPROTEIN_PARTICLE_LEVELS	go_bp	0	34	92	34	2920	1.000000e+00	1.000000e+00	
GOBP_REGULATION_OF_STEROID_METABOLIC_PROCESS	go_bp	0	34	104	34	2920	1.000000e+00	1.000000e+00	
GOBP_SIGNAL_TRANSDUCTION_BY_P53_CLASS_MEDIATOR	go_bp	0	34	178	34	2920	1.000000e+00	1.000000e+00	
GOBP_SIGNAL_TRANSDUCTION_IN_RESPONSE_TO_DNA_DAMAGE	go_bp	0	34	189	34	2920	1.000000e+00	1.000000e+00	
GOBP_SPINDLE_ORGANIZATION	go_bp	0	34	200	34	2920	1.000000e+00	1.000000e+00	
GOBP_ZYMOGEN_ACTIVATION	go_bp	0	34	59	34	2920	1.000000e+00	1.000000e+00	
GOBP_NUCLEOBASE_CONTAINING_SMALL_MOLECULE_METABOLIC_PROCESS	go_bp	0	136	681	34	2920	1.000000e+00	1.000000e+00	
GOBP_EPITHELIAL_TUBE_FORMATION	go_bp	0	33	135	34	2920	1.000000e+00	1.000000e+00	
GOBP_EXTRINSIC_APOPTOTIC_SIGNALING_PATHWAY_VIA_DEATH_DOMAIN_RECEPTORS	go_bp	0	33	84	34	2920	1.000000e+00	1.000000e+00	
GOBP_HEMATOPOIETIC_PROGENITOR_CELL_DIFFERENTIATION	go_bp	0	33	134	34	2920	1.000000e+00	1.000000e+00	
GOBP_ICOSANOID_METABOLIC_PROCESS	go_bp	0	33	125	34	2920	1.000000e+00	1.000000e+00	
GOBP_INFLAMMATORY_RESPONSE_TO_ANTIGENIC_STIMULUS	go_bp	0	33	83	34	2920	1.000000e+00	1.000000e+00	
GOBP_INTRINSIC_APOPTOTIC_SIGNALING_PATHWAY_IN_RESPONSE_TO_DNA_DAMAGE	go_bp	0	33	102	34	2920	1.000000e+00	1.000000e+00	
GOBP_MAST_CELL_ACTIVATION	go_bp	0	33	72	34	2920	1.000000e+00	1.000000e+00	
GOBP_MIRNA_METABOLIC_PROCESS	go_bp	0	33	107	34	2920	1.000000e+00	1.000000e+00	
GOBP_MONOCYTE_CHEMOTAXIS	go_bp	0	33	52	34	2920	1.000000e+00	1.000000e+00	
GOBP_NEGATIVE_REGULATION_OF_CELLULAR_CATABOLIC_PROCESS	go_bp	0	33	119	34	2920	1.000000e+00	1.000000e+00	
GOBP_NEGATIVE_REGULATION_OF_PROTEIN_CONTAINING_COMPLEX_ASSEMBLY	go_bp	0	33	149	34	2920	1.000000e+00	1.000000e+00	
GOBP_POSITIVE_REGULATION_OF_CANONICAL_WNT_SIGNALING_PATHWAY	go_bp	0	33	113	34	2920	1.000000e+00	1.000000e+00	
GOBP_POSITIVE_REGULATION_OF_CELL_KILLING	go_bp	0	33	77	34	2920	1.000000e+00	1.000000e+00	
GOBP_PROTEIN_POLYUBIQUITINATION	go_bp	0	33	274	34	2920	1.000000e+00	1.000000e+00	
GOBP_REGULATION_OF_B_CELL_PROLIFERATION	go_bp	0	33	65	34	2920	1.000000e+00	1.000000e+00	
GOBP_REGULATION_OF_EXTENT_OF_CELL_GROWTH	go_bp	0	33	95	34	2920	1.000000e+00	1.000000e+00	
GOBP_REGULATION_OF_FIBROBLAST_PROLIFERATION	go_bp	0	33	91	34	2920	1.000000e+00	1.000000e+00	
GOBP_REGULATION_OF_GLIOGENESIS	go_bp	0	33	112	34	2920	1.000000e+00	1.000000e+00	
GOBP_REGULATION_OF_MUSCLE_CELL_DIFFERENTIATION	go_bp	0	33	166	34	2920	1.000000e+00	1.000000e+00	
GOBP_REGULATION_OF_OSSIFICATION	go_bp	0	33	123	34	2920	1.000000e+00	1.000000e+00	
GOBP_REGULATION_OF_UBIQUITIN_DEPENDENT_PROTEIN_CATABOLIC_PROCESS	go_bp	0	33	168	34	2920	1.000000e+00	1.000000e+00	
GOBP_RETINA_DEVELOPMENT_IN_CAMERA_TYPE_EYE	go_bp	0	33	161	34	2920	1.000000e+00	1.000000e+00	
GOBP_RIBOSE_PHOSPHATE_BIOSYNTHETIC_PROCESS	go_bp	0	33	232	34	2920	1.000000e+00	1.000000e+00	
GOBP_SENSORY_PERCEPTION_OF_MECHANICAL_STIMULUS	go_bp	0	33	186	34	2920	1.000000e+00	1.000000e+00	
GOBP_SISTER_CHROMATID_SEGREGATION	go_bp	0	33	235	34	2920	1.000000e+00	1.000000e+00	
GOBP_T_CELL_MIGRATION	go_bp	0	33	73	34	2920	1.000000e+00	1.000000e+00	
GOBP_BIOMINERAL_TISSUE_DEVELOPMENT	go_bp	0	47	179	34	2920	1.000000e+00	1.000000e+00	
GOBP_CELLULAR_MODIFIED_AMINO_ACID_METABOLIC_PROCESS	go_bp	0	47	192	34	2920	1.000000e+00	1.000000e+00	
GOBP_NEGATIVE_REGULATION_OF_CELL_PROJECTION_ORGANIZATION	go_bp	0	47	183	34	2920	1.000000e+00	1.000000e+00	
GOBP_POSTSYNAPSE_ORGANIZATION	go_bp	0	47	201	34	2920	1.000000e+00	1.000000e+00	
GOBP_RECEPTOR_INTERNALIZATION	go_bp	0	47	131	34	2920	1.000000e+00	1.000000e+00	
GOBP_REGULATION_OF_ORGANELLE_ASSEMBLY	go_bp	0	47	251	34	2920	1.000000e+00	1.000000e+00	
GOBP_POSITIVE_REGULATION_OF_PROTEIN_METABOLIC_PROCESS	go_bp	0	371	1237	34	2920	1.000000e+00	1.000000e+00	
GOBP_CELLULAR_EXTRAVASATION	go_bp	0	42	75	34	2920	1.000000e+00	1.000000e+00	
GOBP_CELLULAR_RESPONSE_TO_STEROID_HORMONE_STIMULUS	go_bp	0	42	213	34	2920	1.000000e+00	1.000000e+00	
GOBP_DEVELOPMENT_OF_PRIMARY_FEMALE_SEXUAL_CHARACTERISTICS	go_bp	0	42	106	34	2920	1.000000e+00	1.000000e+00	
GOBP_NEGATIVE_REGULATION_OF_NERVOUS_SYSTEM_DEVELOPMENT	go_bp	0	42	141	34	2920	1.000000e+00	1.000000e+00	
GOBP_NEGATIVE_REGULATION_OF_T_CELL_PROLIFERATION	go_bp	0	42	74	34	2920	1.000000e+00	1.000000e+00	
GOBP_POSITIVE_REGULATION_OF_ENDOTHELIAL_CELL_MIGRATION	go_bp	0	42	133	34	2920	1.000000e+00	1.000000e+00	
GOBP_POSITIVE_REGULATION_OF_WNT_SIGNALING_PATHWAY	go_bp	0	42	149	34	2920	1.000000e+00	1.000000e+00	
GOBP_REGULATION_OF_HEART_CONTRACTION	go_bp	0	42	212	34	2920	1.000000e+00	1.000000e+00	
GOBP_REGULATION_OF_INSULIN_SECRETION	go_bp	0	42	168	34	2920	1.000000e+00	1.000000e+00	
GOBP_REGULATION_OF_NEURON_DIFFERENTIATION	go_bp	0	42	192	34	2920	1.000000e+00	1.000000e+00	
GOBP_REGULATION_OF_RECEPTOR_SIGNALING_PATHWAY_VIA_STAT	go_bp	0	42	121	34	2920	1.000000e+00	1.000000e+00	
GOBP_REGULATION_OF_T_CELL_MEDIATED_IMMUNITY	go_bp	0	42	103	34	2920	1.000000e+00	1.000000e+00	
GOBP_RESPONSE_TO_STARVATION	go_bp	0	42	214	34	2920	1.000000e+00	1.000000e+00	
GOBP_SEQUESTERING_OF_CALCIUM_ION	go_bp	0	42	138	34	2920	1.000000e+00	1.000000e+00	
GOBP_STEROID_BIOSYNTHETIC_PROCESS	go_bp	0	42	186	34	2920	1.000000e+00	1.000000e+00	
GOBP_ALPHA_BETA_T_CELL_ACTIVATION	go_bp	0	61	185	34	2920	1.000000e+00	1.000000e+00	
GOBP_NEGATIVE_REGULATION_OF_RESPONSE_TO_WOUNDING	go_bp	0	61	100	34	2920	1.000000e+00	1.000000e+00	
GOBP_PHOSPHOLIPID_METABOLIC_PROCESS	go_bp	0	61	387	34	2920	1.000000e+00	1.000000e+00	
GOBP_POSITIVE_REGULATION_OF_DNA_METABOLIC_PROCESS	go_bp	0	61	299	34	2920	1.000000e+00	1.000000e+00	
GOBP_POSITIVE_REGULATION_OF_EPITHELIAL_CELL_MIGRATION	go_bp	0	61	179	34	2920	1.000000e+00	1.000000e+00	
GOBP_RESPIRATORY_SYSTEM_DEVELOPMENT	go_bp	0	61	224	34	2920	1.000000e+00	1.000000e+00	
GOBP_SMOOTH_MUSCLE_CELL_PROLIFERATION	go_bp	0	61	177	34	2920	1.000000e+00	1.000000e+00	
GOBP_REGULATION_OF_PHOSPHORYLATION	go_bp	0	322	987	34	2920	1.000000e+00	1.000000e+00	
GOBP_ESTABLISHMENT_OF_ORGANELLE_LOCALIZATION	go_bp	0	98	479	34	2920	1.000000e+00	1.000000e+00	
GOBP_POSITIVE_REGULATION_OF_PROTEIN_MODIFICATION_PROCESS	go_bp	0	252	753	34	2920	1.000000e+00	1.000000e+00	
GOBP_CELLULAR_RESPONSE_TO_OXYGEN_LEVELS	go_bp	0	45	175	34	2920	1.000000e+00	1.000000e+00	
GOBP_EPIDERMAL_CELL_DIFFERENTIATION	go_bp	0	45	246	34	2920	1.000000e+00	1.000000e+00	
GOBP_GLAND_MORPHOGENESIS	go_bp	0	45	127	34	2920	1.000000e+00	1.000000e+00	
GOBP_GLUCOSE_METABOLIC_PROCESS	go_bp	0	45	193	34	2920	1.000000e+00	1.000000e+00	
GOBP_NOTCH_SIGNALING_PATHWAY	go_bp	0	45	184	34	2920	1.000000e+00	1.000000e+00	
GOBP_POSITIVE_REGULATION_OF_LEUKOCYTE_CHEMOTAXIS	go_bp	0	45	93	34	2920	1.000000e+00	1.000000e+00	
GOBP_REGULATION_OF_RECEPTOR_MEDIATED_ENDOCYTOSIS	go_bp	0	45	121	34	2920	1.000000e+00	1.000000e+00	
GOBP_VESICLE_LOCALIZATION	go_bp	0	45	219	34	2920	1.000000e+00	1.000000e+00	
GOBP_DEFENSE_RESPONSE_TO_GRAM_POSITIVE_BACTERIUM	go_bp	0	44	122	34	2920	1.000000e+00	1.000000e+00	
GOBP_ENDOTHELIUM_DEVELOPMENT	go_bp	0	44	150	34	2920	1.000000e+00	1.000000e+00	
GOBP_GLYCEROPHOSPHOLIPID_METABOLIC_PROCESS	go_bp	0	44	309	34	2920	1.000000e+00	1.000000e+00	
GOBP_INTERLEUKIN_8_PRODUCTION	go_bp	0	44	103	34	2920	1.000000e+00	1.000000e+00	
GOBP_POSITIVE_REGULATION_OF_LIPID_LOCALIZATION	go_bp	0	44	111	34	2920	1.000000e+00	1.000000e+00	
GOBP_POSITIVE_REGULATION_OF_MONONUCLEAR_CELL_MIGRATION	go_bp	0	44	92	34	2920	1.000000e+00	1.000000e+00	
GOBP_POSITIVE_REGULATION_OF_PROTEIN_SECRETION	go_bp	0	44	147	34	2920	1.000000e+00	1.000000e+00	
GOBP_PROTEIN_CONTAINING_COMPLEX_LOCALIZATION	go_bp	0	44	194	34	2920	1.000000e+00	1.000000e+00	
GOBP_REGULATION_OF_ALPHA_BETA_T_CELL_ACTIVATION	go_bp	0	44	117	34	2920	1.000000e+00	1.000000e+00	
GOBP_REGULATION_OF_CARBOHYDRATE_METABOLIC_PROCESS	go_bp	0	44	184	34	2920	1.000000e+00	1.000000e+00	
GOBP_REGULATION_OF_CELL_CYCLE_G1_S_PHASE_TRANSITION	go_bp	0	44	213	34	2920	1.000000e+00	1.000000e+00	
GOBP_REGULATION_OF_MYELOID_LEUKOCYTE_DIFFERENTIATION	go_bp	0	44	127	34	2920	1.000000e+00	1.000000e+00	
GOBP_REGULATION_OF_VIRAL_PROCESS	go_bp	0	44	168	34	2920	1.000000e+00	1.000000e+00	
GOBP_RESPONSE_TO_AXON_INJURY	go_bp	0	44	86	34	2920	1.000000e+00	1.000000e+00	
GOBP_RESPONSE_TO_FIBROBLAST_GROWTH_FACTOR	go_bp	0	44	124	34	2920	1.000000e+00	1.000000e+00	
GOBP_RESPONSE_TO_INTERLEUKIN_1	go_bp	0	44	115	34	2920	1.000000e+00	1.000000e+00	
GOBP_RNA_CATABOLIC_PROCESS	go_bp	0	44	405	34	2920	1.000000e+00	1.000000e+00	
GOBP_NEGATIVE_REGULATION_OF_IMMUNE_RESPONSE	go_bp	0	73	199	34	2920	1.000000e+00	1.000000e+00	
GOBP_REGULATION_OF_CELL_CYCLE_PHASE_TRANSITION	go_bp	0	73	460	34	2920	1.000000e+00	1.000000e+00	
GOBP_REGULATION_OF_WNT_SIGNALING_PATHWAY	go_bp	0	73	344	34	2920	1.000000e+00	1.000000e+00	
GOBP_CELLULAR_COMPONENT_ASSEMBLY_INVOLVED_IN_MORPHOGENESIS	go_bp	0	37	137	34	2920	1.000000e+00	1.000000e+00	
GOBP_CYTOPLASMIC_PATTERN_RECOGNITION_RECEPTOR_SIGNALING_PATHWAY	go_bp	0	37	174	34	2920	1.000000e+00	1.000000e+00	
GOBP_FIBROBLAST_PROLIFERATION	go_bp	0	37	110	34	2920	1.000000e+00	1.000000e+00	
GOBP_ODONTOGENESIS	go_bp	0	37	134	34	2920	1.000000e+00	1.000000e+00	
GOBP_OVULATION_CYCLE	go_bp	0	37	73	34	2920	1.000000e+00	1.000000e+00	
GOBP_POSITIVE_REGULATION_OF_MAP_KINASE_ACTIVITY	go_bp	0	37	81	34	2920	1.000000e+00	1.000000e+00	
GOBP_POSITIVE_REGULATION_OF_TYPE_II_INTERFERON_PRODUCTION	go_bp	0	37	77	34	2920	1.000000e+00	1.000000e+00	
GOBP_PYRIDINE_CONTAINING_COMPOUND_METABOLIC_PROCESS	go_bp	0	37	174	34	2920	1.000000e+00	1.000000e+00	
GOBP_RESPONSE_TO_HYDROGEN_PEROXIDE	go_bp	0	37	98	34	2920	1.000000e+00	1.000000e+00	
GOBP_B_CELL_DIFFERENTIATION	go_bp	0	46	155	34	2920	1.000000e+00	1.000000e+00	
GOBP_CYTOKINE_PRODUCTION_INVOLVED_IN_IMMUNE_RESPONSE	go_bp	0	46	124	34	2920	1.000000e+00	1.000000e+00	
GOBP_EAR_DEVELOPMENT	go_bp	0	46	224	34	2920	1.000000e+00	1.000000e+00	
GOBP_FEMALE_SEX_DIFFERENTIATION	go_bp	0	46	121	34	2920	1.000000e+00	1.000000e+00	
GOBP_GASTRULATION	go_bp	0	46	201	34	2920	1.000000e+00	1.000000e+00	
GOBP_GLYCOPROTEIN_BIOSYNTHETIC_PROCESS	go_bp	0	46	327	34	2920	1.000000e+00	1.000000e+00	
GOBP_INTERLEUKIN_1_PRODUCTION	go_bp	0	46	130	34	2920	1.000000e+00	1.000000e+00	
GOBP_LYMPHOCYTE_MIGRATION	go_bp	0	46	107	34	2920	1.000000e+00	1.000000e+00	
GOBP_MUSCLE_CELL_DEVELOPMENT	go_bp	0	46	204	34	2920	1.000000e+00	1.000000e+00	
GOBP_NEGATIVE_REGULATION_OF_CELL_CYCLE_PROCESS	go_bp	0	46	318	34	2920	1.000000e+00	1.000000e+00	
GOBP_NEGATIVE_REGULATION_OF_KINASE_ACTIVITY	go_bp	0	46	178	34	2920	1.000000e+00	1.000000e+00	
GOBP_NEGATIVE_REGULATION_OF_TRANSMEMBRANE_RECEPTOR_PROTEIN_SERINE_THREONINE_KINASE_SIGNALING_PATHWAY	go_bp	0	46	201	34	2920	1.000000e+00	1.000000e+00	
GOBP_NEGATIVE_REGULATION_OF_WOUND_HEALING	go_bp	0	46	77	34	2920	1.000000e+00	1.000000e+00	
GOBP_NUCLEOSIDE_PHOSPHATE_CATABOLIC_PROCESS	go_bp	0	46	179	34	2920	1.000000e+00	1.000000e+00	
GOBP_PLACENTA_DEVELOPMENT	go_bp	0	46	151	34	2920	1.000000e+00	1.000000e+00	
GOBP_REGULATION_OF_B_CELL_ACTIVATION	go_bp	0	46	131	34	2920	1.000000e+00	1.000000e+00	
GOBP_RESPONSE_TO_CHEMOKINE	go_bp	0	46	100	34	2920	1.000000e+00	1.000000e+00	
GOBP_DNA_REPAIR	go_bp	0	71	615	34	2920	1.000000e+00	1.000000e+00	
GOBP_MULTI_MULTICELLULAR_ORGANISM_PROCESS	go_bp	0	71	216	34	2920	1.000000e+00	1.000000e+00	
GOBP_POSITIVE_REGULATION_OF_CELL_CYCLE	go_bp	0	71	338	34	2920	1.000000e+00	1.000000e+00	
GOBP_POSITIVE_REGULATION_OF_ENDOCYTOSIS	go_bp	0	71	157	34	2920	1.000000e+00	1.000000e+00	
GOBP_PROTEIN_LOCALIZATION_TO_NUCLEUS	go_bp	0	71	312	34	2920	1.000000e+00	1.000000e+00	
GOBP_PROTEIN_POLYMERIZATION	go_bp	0	71	288	34	2920	1.000000e+00	1.000000e+00	
GOBP_REGULATION_OF_AUTOPHAGY	go_bp	0	71	368	34	2920	1.000000e+00	1.000000e+00	
GOBP_REGULATION_OF_SYNAPSE_STRUCTURE_OR_ACTIVITY	go_bp	0	71	258	34	2920	1.000000e+00	1.000000e+00	
GOBP_STRIATED_MUSCLE_CELL_DIFFERENTIATION	go_bp	0	71	314	34	2920	1.000000e+00	1.000000e+00	
GOBP_ALPHA_BETA_T_CELL_DIFFERENTIATION	go_bp	0	35	127	34	2920	1.000000e+00	1.000000e+00	
GOBP_CELLULAR_RESPONSE_TO_STARVATION	go_bp	0	35	173	34	2920	1.000000e+00	1.000000e+00	
GOBP_DOUBLE_STRAND_BREAK_REPAIR	go_bp	0	35	318	34	2920	1.000000e+00	1.000000e+00	
GOBP_HETEROTYPIC_CELL_CELL_ADHESION	go_bp	0	35	63	34	2920	1.000000e+00	1.000000e+00	
GOBP_HORMONE_MEDIATED_SIGNALING_PATHWAY	go_bp	0	35	196	34	2920	1.000000e+00	1.000000e+00	
GOBP_IMPORT_INTO_NUCLEUS	go_bp	0	35	168	34	2920	1.000000e+00	1.000000e+00	
GOBP_MUSCLE_CELL_MIGRATION	go_bp	0	35	112	34	2920	1.000000e+00	1.000000e+00	
GOBP_NEGATIVE_REGULATION_OF_PROTEIN_CATABOLIC_PROCESS	go_bp	0	35	117	34	2920	1.000000e+00	1.000000e+00	
GOBP_POSITIVE_REGULATION_OF_CYTOSOLIC_CALCIUM_ION_CONCENTRATION	go_bp	0	35	168	34	2920	1.000000e+00	1.000000e+00	
GOBP_POSITIVE_REGULATION_OF_INTERLEUKIN_8_PRODUCTION	go_bp	0	35	63	34	2920	1.000000e+00	1.000000e+00	
GOBP_POSITIVE_REGULATION_OF_PROTEIN_LOCALIZATION_TO_MEMBRANE	go_bp	0	35	105	34	2920	1.000000e+00	1.000000e+00	
GOBP_PURINE_CONTAINING_COMPOUND_CATABOLIC_PROCESS	go_bp	0	35	153	34	2920	1.000000e+00	1.000000e+00	
GOBP_REGULATION_OF_BMP_SIGNALING_PATHWAY	go_bp	0	35	122	34	2920	1.000000e+00	1.000000e+00	
GOBP_REGULATION_OF_MITOCHONDRION_ORGANIZATION	go_bp	0	35	149	34	2920	1.000000e+00	1.000000e+00	
GOBP_REGULATION_OF_NERVOUS_SYSTEM_PROCESS	go_bp	0	35	120	34	2920	1.000000e+00	1.000000e+00	
GOBP_RENAL_SYSTEM_PROCESS	go_bp	0	35	129	34	2920	1.000000e+00	1.000000e+00	
GOBP_RESPONSE_TO_TOPOLOGICALLY_INCORRECT_PROTEIN	go_bp	0	35	154	34	2920	1.000000e+00	1.000000e+00	
GOBP_SODIUM_ION_TRANSPORT	go_bp	0	35	252	34	2920	1.000000e+00	1.000000e+00	
GOBP_STEROL_TRANSPORT	go_bp	0	35	128	34	2920	1.000000e+00	1.000000e+00	
GOBP_DEFENSE_RESPONSE_TO_VIRUS	go_bp	0	65	312	34	2920	1.000000e+00	1.000000e+00	
GOBP_EPITHELIAL_CELL_DEVELOPMENT	go_bp	0	65	222	34	2920	1.000000e+00	1.000000e+00	
GOBP_GLYCEROLIPID_METABOLIC_PROCESS	go_bp	0	65	401	34	2920	1.000000e+00	1.000000e+00	
GOBP_NEGATIVE_REGULATION_OF_CELL_CYCLE	go_bp	0	65	408	34	2920	1.000000e+00	1.000000e+00	
GOBP_NEGATIVE_REGULATION_OF_INFLAMMATORY_RESPONSE	go_bp	0	65	202	34	2920	1.000000e+00	1.000000e+00	
GOBP_NEGATIVE_REGULATION_OF_LEUKOCYTE_CELL_CELL_ADHESION	go_bp	0	65	151	34	2920	1.000000e+00	1.000000e+00	
GOBP_NEGATIVE_REGULATION_OF_PEPTIDASE_ACTIVITY	go_bp	0	65	130	34	2920	1.000000e+00	1.000000e+00	
GOBP_POSITIVE_REGULATION_OF_INFLAMMATORY_RESPONSE	go_bp	0	65	154	34	2920	1.000000e+00	1.000000e+00	
GOBP_REGULATION_OF_CYSTEINE_TYPE_ENDOPEPTIDASE_ACTIVITY	go_bp	0	65	190	34	2920	1.000000e+00	1.000000e+00	
GOBP_REGULATION_OF_MONONUCLEAR_CELL_MIGRATION	go_bp	0	64	143	34	2920	1.000000e+00	1.000000e+00	
GOBP_RESPONSE_TO_ENDOPLASMIC_RETICULUM_STRESS	go_bp	0	64	267	34	2920	1.000000e+00	1.000000e+00	
GOBP_ADENYLATE_CYCLASE_ACTIVATING_G_PROTEIN_COUPLED_RECEPTOR_SIGNALING_PATHWAY	go_bp	0	36	171	34	2920	1.000000e+00	1.000000e+00	
GOBP_LEUKOCYTE_DEGRANULATION	go_bp	0	36	81	34	2920	1.000000e+00	1.000000e+00	
GOBP_NATURAL_KILLER_CELL_ACTIVATION	go_bp	0	36	98	34	2920	1.000000e+00	1.000000e+00	
GOBP_NATURAL_KILLER_CELL_MEDIATED_IMMUNITY	go_bp	0	36	84	34	2920	1.000000e+00	1.000000e+00	
GOBP_NEGATIVE_REGULATION_OF_COAGULATION	go_bp	0	36	53	34	2920	1.000000e+00	1.000000e+00	
GOBP_NEGATIVE_REGULATION_OF_MITOTIC_CELL_CYCLE	go_bp	0	36	251	34	2920	1.000000e+00	1.000000e+00	
GOBP_NEURON_MIGRATION	go_bp	0	36	184	34	2920	1.000000e+00	1.000000e+00	
GOBP_POSITIVE_REGULATION_OF_CALCIUM_ION_TRANSPORT	go_bp	0	36	117	34	2920	1.000000e+00	1.000000e+00	
GOBP_POSITIVE_REGULATION_OF_LIPID_TRANSPORT	go_bp	0	36	86	34	2920	1.000000e+00	1.000000e+00	
GOBP_REGULATION_OF_CELLULAR_RESPONSE_TO_TRANSFORMING_GROWTH_FACTOR_BETA_STIMULUS	go_bp	0	36	182	34	2920	1.000000e+00	1.000000e+00	
GOBP_REGULATION_OF_INTRACELLULAR_PROTEIN_TRANSPORT	go_bp	0	36	148	34	2920	1.000000e+00	1.000000e+00	
GOBP_REGULATION_OF_PROTEIN_BINDING	go_bp	0	36	124	34	2920	1.000000e+00	1.000000e+00	
GOBP_REGULATION_OF_TISSUE_REMODELING	go_bp	0	36	88	34	2920	1.000000e+00	1.000000e+00	
GOBP_RESPONSE_TO_HEAT	go_bp	0	36	106	34	2920	1.000000e+00	1.000000e+00	
GOBP_REGULATION_OF_HYDROLASE_ACTIVITY	go_bp	0	250	716	34	2920	1.000000e+00	1.000000e+00	
GOBP_CELL_KILLING	go_bp	0	97	233	34	2920	1.000000e+00	1.000000e+00	
GOBP_NEGATIVE_REGULATION_OF_PHOSPHORUS_METABOLIC_PROCESS	go_bp	0	97	374	34	2920	1.000000e+00	1.000000e+00	
GOBP_REGULATION_OF_MITOTIC_CELL_CYCLE	go_bp	0	97	531	34	2920	1.000000e+00	1.000000e+00	
GOBP_MITOTIC_CELL_CYCLE_PHASE_TRANSITION	go_bp	0	72	459	34	2920	1.000000e+00	1.000000e+00	
GOBP_POSITIVE_REGULATION_OF_PROTEIN_TRANSPORT	go_bp	0	72	251	34	2920	1.000000e+00	1.000000e+00	
GOBP_REGULATION_OF_LYMPHOCYTE_DIFFERENTIATION	go_bp	0	72	218	34	2920	1.000000e+00	1.000000e+00	
GOBP_VASCULAR_PROCESS_IN_CIRCULATORY_SYSTEM	go_bp	0	72	274	34	2920	1.000000e+00	1.000000e+00	
GOBP_ACTIVATION_OF_PROTEIN_KINASE_ACTIVITY	go_bp	0	32	77	34	2920	1.000000e+00	1.000000e+00	
GOBP_ASTROCYTE_DIFFERENTIATION	go_bp	0	32	88	34	2920	1.000000e+00	1.000000e+00	
GOBP_AXON_EXTENSION	go_bp	0	32	106	34	2920	1.000000e+00	1.000000e+00	
GOBP_CARDIOCYTE_DIFFERENTIATION	go_bp	0	32	166	34	2920	1.000000e+00	1.000000e+00	
GOBP_CELLULAR_RESPONSE_TO_INTERLEUKIN_1	go_bp	0	32	87	34	2920	1.000000e+00	1.000000e+00	
GOBP_CYTOKINESIS	go_bp	0	32	189	34	2920	1.000000e+00	1.000000e+00	
GOBP_DNA_BIOSYNTHETIC_PROCESS	go_bp	0	32	192	34	2920	1.000000e+00	1.000000e+00	
GOBP_GLIAL_CELL_ACTIVATION	go_bp	0	32	58	34	2920	1.000000e+00	1.000000e+00	
GOBP_INTERLEUKIN_2_PRODUCTION	go_bp	0	32	65	34	2920	1.000000e+00	1.000000e+00	
GOBP_KERATINOCYTE_DIFFERENTIATION	go_bp	0	32	177	34	2920	1.000000e+00	1.000000e+00	
GOBP_MULTICELLULAR_ORGANISM_GROWTH	go_bp	0	32	149	34	2920	1.000000e+00	1.000000e+00	
GOBP_NEGATIVE_REGULATION_OF_MONOATOMIC_ION_TRANSPORT	go_bp	0	32	132	34	2920	1.000000e+00	1.000000e+00	
GOBP_NEGATIVE_REGULATION_OF_TRANSMEMBRANE_TRANSPORT	go_bp	0	32	146	34	2920	1.000000e+00	1.000000e+00	
GOBP_NEPHRON_EPITHELIUM_DEVELOPMENT	go_bp	0	32	123	34	2920	1.000000e+00	1.000000e+00	
GOBP_NEURAL_TUBE_DEVELOPMENT	go_bp	0	32	158	34	2920	1.000000e+00	1.000000e+00	
GOBP_NEUTRAL_LIPID_METABOLIC_PROCESS	go_bp	0	32	138	34	2920	1.000000e+00	1.000000e+00	
GOBP_NUCLEOSIDE_DIPHOSPHATE_METABOLIC_PROCESS	go_bp	0	32	129	34	2920	1.000000e+00	1.000000e+00	
GOBP_POSITIVE_REGULATION_OF_PEPTIDYL_SERINE_PHOSPHORYLATION	go_bp	0	32	88	34	2920	1.000000e+00	1.000000e+00	
GOBP_REGULATION_OF_CELLULAR_KETONE_METABOLIC_PROCESS	go_bp	0	32	143	34	2920	1.000000e+00	1.000000e+00	
GOBP_REGULATION_OF_CHROMOSOME_ORGANIZATION	go_bp	0	32	248	34	2920	1.000000e+00	1.000000e+00	
GOBP_REGULATION_OF_MACROAUTOPHAGY	go_bp	0	32	184	34	2920	1.000000e+00	1.000000e+00	
GOBP_REGULATION_OF_MIRNA_METABOLIC_PROCESS	go_bp	0	32	90	34	2920	1.000000e+00	1.000000e+00	
GOBP_REGULATION_OF_PROTEIN_LOCALIZATION_TO_PLASMA_MEMBRANE	go_bp	0	32	109	34	2920	1.000000e+00	1.000000e+00	
GOBP_HUMORAL_IMMUNE_RESPONSE	go_bp	0	138	287	34	2920	1.000000e+00	1.000000e+00	
GOBP_AMINE_METABOLIC_PROCESS	go_bp	0	29	119	34	2920	1.000000e+00	1.000000e+00	
GOBP_BIOLOGICAL_PROCESS_INVOLVED_IN_INTERACTION_WITH_SYMBIONT	go_bp	0	29	121	34	2920	1.000000e+00	1.000000e+00	
GOBP_B_CELL_ACTIVATION_INVOLVED_IN_IMMUNE_RESPONSE	go_bp	0	29	89	34	2920	1.000000e+00	1.000000e+00	
GOBP_GLOMERULUS_DEVELOPMENT	go_bp	0	29	73	34	2920	1.000000e+00	1.000000e+00	
GOBP_LEUKOCYTE_ACTIVATION_INVOLVED_IN_INFLAMMATORY_RESPONSE	go_bp	0	29	52	34	2920	1.000000e+00	1.000000e+00	
GOBP_LIPID_MODIFICATION	go_bp	0	29	195	34	2920	1.000000e+00	1.000000e+00	
GOBP_LYMPHOCYTE_HOMEOSTASIS	go_bp	0	29	78	34	2920	1.000000e+00	1.000000e+00	
GOBP_MEIOTIC_CELL_CYCLE	go_bp	0	29	290	34	2920	1.000000e+00	1.000000e+00	
GOBP_MICROTUBULE_BASED_TRANSPORT	go_bp	0	29	217	34	2920	1.000000e+00	1.000000e+00	
GOBP_NEGATIVE_REGULATION_OF_ADAPTIVE_IMMUNE_RESPONSE	go_bp	0	29	64	34	2920	1.000000e+00	1.000000e+00	
GOBP_NEGATIVE_REGULATION_OF_LYMPHOCYTE_MEDIATED_IMMUNITY	go_bp	0	29	60	34	2920	1.000000e+00	1.000000e+00	
GOBP_POSITIVE_REGULATION_OF_BINDING	go_bp	0	29	108	34	2920	1.000000e+00	1.000000e+00	
GOBP_REGULATION_OF_BIOMINERAL_TISSUE_DEVELOPMENT	go_bp	0	29	102	34	2920	1.000000e+00	1.000000e+00	
GOBP_REGULATION_OF_DNA_REPAIR	go_bp	0	29	225	34	2920	1.000000e+00	1.000000e+00	
GOBP_REGULATION_OF_LIPASE_ACTIVITY	go_bp	0	29	68	34	2920	1.000000e+00	1.000000e+00	
GOBP_REGULATION_OF_LYMPHOCYTE_APOPTOTIC_PROCESS	go_bp	0	29	59	34	2920	1.000000e+00	1.000000e+00	
GOBP_REGULATION_OF_MIRNA_TRANSCRIPTION	go_bp	0	29	76	34	2920	1.000000e+00	1.000000e+00	
GOBP_REGULATION_OF_SYSTEMIC_ARTERIAL_BLOOD_PRESSURE	go_bp	0	29	94	34	2920	1.000000e+00	1.000000e+00	
GOBP_RESPONSE_TO_ACTIVITY	go_bp	0	29	77	34	2920	1.000000e+00	1.000000e+00	
GOBP_SIGNAL_TRANSDUCTION_IN_ABSENCE_OF_LIGAND	go_bp	0	29	69	34	2920	1.000000e+00	1.000000e+00	
GOBP_SKELETAL_MUSCLE_ORGAN_DEVELOPMENT	go_bp	0	29	186	34	2920	1.000000e+00	1.000000e+00	
GOBP_SMOOTH_MUSCLE_CELL_MIGRATION	go_bp	0	29	98	34	2920	1.000000e+00	1.000000e+00	
GOBP_SPHINGOLIPID_METABOLIC_PROCESS	go_bp	0	29	171	34	2920	1.000000e+00	1.000000e+00	
GOBP_SULFUR_COMPOUND_BIOSYNTHETIC_PROCESS	go_bp	0	29	172	34	2920	1.000000e+00	1.000000e+00	
GOBP_T_CELL_APOPTOTIC_PROCESS	go_bp	0	29	58	34	2920	1.000000e+00	1.000000e+00	
GOBP_PROTEIN_FOLDING	go_bp	0	69	227	34	2920	1.000000e+00	1.000000e+00	
GOBP_SULFUR_COMPOUND_METABOLIC_PROCESS	go_bp	0	69	327	34	2920	1.000000e+00	1.000000e+00	
GOBP_REGULATION_OF_CANONICAL_WNT_SIGNALING_PATHWAY	go_bp	0	63	270	34	2920	1.000000e+00	1.000000e+00	
GOBP_MACROAUTOPHAGY	go_bp	0	68	367	34	2920	1.000000e+00	1.000000e+00	
GOBP_NEGATIVE_REGULATION_OF_GROWTH	go_bp	0	68	230	34	2920	1.000000e+00	1.000000e+00	
GOBP_TISSUE_REMODELING	go_bp	0	68	190	34	2920	1.000000e+00	1.000000e+00	
GOBP_POSITIVE_REGULATION_OF_PHOSPHORUS_METABOLIC_PROCESS	go_bp	0	263	693	34	2920	1.000000e+00	1.000000e+00	
GOBP_NEGATIVE_REGULATION_OF_DEFENSE_RESPONSE	go_bp	0	96	294	34	2920	1.000000e+00	1.000000e+00	
GOBP_ACTIVATION_OF_INNATE_IMMUNE_RESPONSE	go_bp	0	78	312	34	2920	1.000000e+00	1.000000e+00	
GOBP_CHROMOSOME_ORGANIZATION	go_bp	0	78	640	34	2920	1.000000e+00	1.000000e+00	
GOBP_MODIFICATION_DEPENDENT_MACROMOLECULE_CATABOLIC_PROCESS	go_bp	0	78	624	34	2920	1.000000e+00	1.000000e+00	
GOBP_NEGATIVE_REGULATION_OF_CELL_DEVELOPMENT	go_bp	0	78	271	34	2920	1.000000e+00	1.000000e+00	
GOBP_NON_MEMBRANE_BOUNDED_ORGANELLE_ASSEMBLY	go_bp	0	78	424	34	2920	1.000000e+00	1.000000e+00	
GOBP_REGULATION_OF_LYMPHOCYTE_MEDIATED_IMMUNITY	go_bp	0	78	192	34	2920	1.000000e+00	1.000000e+00	
GOBP_RHYTHMIC_PROCESS	go_bp	0	78	300	34	2920	1.000000e+00	1.000000e+00	
GOBP_LYMPHOCYTE_ACTIVATION	go_bp	0	274	807	34	2920	1.000000e+00	1.000000e+00	
GOBP_NUCLEIC_ACID_CATABOLIC_PROCESS	go_bp	0	62	802	34	2920	1.000000e+00	1.000000e+00	
GOBP_REGULATION_OF_LIPID_LOCALIZATION	go_bp	0	62	184	34	2920	1.000000e+00	1.000000e+00	
GOBP_REGULATION_OF_MYELOID_CELL_DIFFERENTIATION	go_bp	0	62	217	34	2920	1.000000e+00	1.000000e+00	
GOBP_ACTIN_FILAMENT_BASED_MOVEMENT	go_bp	0	27	140	34	2920	1.000000e+00	1.000000e+00	
GOBP_ACTION_POTENTIAL	go_bp	0	27	171	34	2920	1.000000e+00	1.000000e+00	
GOBP_ANIMAL_ORGAN_REGENERATION	go_bp	0	27	67	34	2920	1.000000e+00	1.000000e+00	
GOBP_COLUMNAR_CUBOIDAL_EPITHELIAL_CELL_DIFFERENTIATION	go_bp	0	27	125	34	2920	1.000000e+00	1.000000e+00	
GOBP_FATTY_ACID_BIOSYNTHETIC_PROCESS	go_bp	0	27	166	34	2920	1.000000e+00	1.000000e+00	
GOBP_INTRINSIC_APOPTOTIC_SIGNALING_PATHWAY_IN_RESPONSE_TO_ENDOPLASMIC_RETICULUM_STRESS	go_bp	0	27	65	34	2920	1.000000e+00	1.000000e+00	
GOBP_NEGATIVE_REGULATION_OF_MITOTIC_CELL_CYCLE_PHASE_TRANSITION	go_bp	0	27	198	34	2920	1.000000e+00	1.000000e+00	
GOBP_NEURAL_CREST_CELL_DIFFERENTIATION	go_bp	0	27	94	34	2920	1.000000e+00	1.000000e+00	
GOBP_ODONTOGENESIS_OF_DENTIN_CONTAINING_TOOTH	go_bp	0	27	94	34	2920	1.000000e+00	1.000000e+00	
GOBP_PLATELET_AGGREGATION	go_bp	0	27	76	34	2920	1.000000e+00	1.000000e+00	
GOBP_POSITIVE_REGULATION_OF_AXONOGENESIS	go_bp	0	27	77	34	2920	1.000000e+00	1.000000e+00	
GOBP_POSITIVE_REGULATION_OF_GLIOGENESIS	go_bp	0	27	74	34	2920	1.000000e+00	1.000000e+00	
GOBP_POSITIVE_REGULATION_OF_INTERLEUKIN_1_PRODUCTION	go_bp	0	27	73	34	2920	1.000000e+00	1.000000e+00	
GOBP_POSITIVE_REGULATION_OF_PROTEIN_POLYMERIZATION	go_bp	0	27	91	34	2920	1.000000e+00	1.000000e+00	
GOBP_POSITIVE_REGULATION_OF_RECEPTOR_MEDIATED_ENDOCYTOSIS	go_bp	0	27	54	34	2920	1.000000e+00	1.000000e+00	
GOBP_REGULATION_OF_CYTOPLASMIC_PATTERN_RECOGNITION_RECEPTOR_SIGNALING_PATHWAY	go_bp	0	27	118	34	2920	1.000000e+00	1.000000e+00	
GOBP_REGULATION_OF_MICROTUBULE_CYTOSKELETON_ORGANIZATION	go_bp	0	27	161	34	2920	1.000000e+00	1.000000e+00	
GOBP_REGULATION_OF_NATURAL_KILLER_CELL_MEDIATED_IMMUNITY	go_bp	0	27	54	34	2920	1.000000e+00	1.000000e+00	
GOBP_REGULATION_OF_PLATELET_ACTIVATION	go_bp	0	27	53	34	2920	1.000000e+00	1.000000e+00	
GOBP_REGULATION_OF_PROTEASOMAL_UBIQUITIN_DEPENDENT_PROTEIN_CATABOLIC_PROCESS	go_bp	0	27	128	34	2920	1.000000e+00	1.000000e+00	
GOBP_REGULATION_OF_RELEASE_OF_SEQUESTERED_CALCIUM_ION_INTO_CYTOSOL	go_bp	0	27	85	34	2920	1.000000e+00	1.000000e+00	
GOBP_RESPONSE_TO_RETINOIC_ACID	go_bp	0	27	106	34	2920	1.000000e+00	1.000000e+00	
GOBP_TYPE_I_INTERFERON_PRODUCTION	go_bp	0	27	127	34	2920	1.000000e+00	1.000000e+00	
GOBP_VASCULOGENESIS	go_bp	0	27	84	34	2920	1.000000e+00	1.000000e+00	
GOBP_VESICLE_MEDIATED_TRANSPORT_TO_THE_PLASMA_MEMBRANE	go_bp	0	27	157	34	2920	1.000000e+00	1.000000e+00	
GOBP_BONE_MORPHOGENESIS	go_bp	0	25	100	34	2920	1.000000e+00	1.000000e+00	
GOBP_CAMERA_TYPE_EYE_MORPHOGENESIS	go_bp	0	25	134	34	2920	1.000000e+00	1.000000e+00	
GOBP_CD4_POSITIVE_ALPHA_BETA_T_CELL_DIFFERENTIATION	go_bp	0	25	96	34	2920	1.000000e+00	1.000000e+00	
GOBP_CHAPERONE_MEDIATED_PROTEIN_FOLDING	go_bp	0	25	76	34	2920	1.000000e+00	1.000000e+00	
GOBP_DENDRITIC_CELL_DIFFERENTIATION	go_bp	0	25	48	34	2920	1.000000e+00	1.000000e+00	
GOBP_ENDOTHELIAL_CELL_DEVELOPMENT	go_bp	0	25	69	34	2920	1.000000e+00	1.000000e+00	
GOBP_GRANULOCYTE_ACTIVATION	go_bp	0	25	50	34	2920	1.000000e+00	1.000000e+00	
GOBP_LIPOPROTEIN_METABOLIC_PROCESS	go_bp	0	25	140	34	2920	1.000000e+00	1.000000e+00	
GOBP_LONG_TERM_SYNAPTIC_POTENTIATION	go_bp	0	25	110	34	2920	1.000000e+00	1.000000e+00	
GOBP_LYMPHOCYTE_COSTIMULATION	go_bp	0	25	49	34	2920	1.000000e+00	1.000000e+00	
GOBP_MAST_CELL_ACTIVATION_INVOLVED_IN_IMMUNE_RESPONSE	go_bp	0	25	58	34	2920	1.000000e+00	1.000000e+00	
GOBP_MEMBRANE_INVAGINATION	go_bp	0	25	66	34	2920	1.000000e+00	1.000000e+00	
GOBP_MICROTUBULE_ORGANIZING_CENTER_ORGANIZATION	go_bp	0	25	154	34	2920	1.000000e+00	1.000000e+00	
GOBP_MITOCHONDRIAL_MEMBRANE_ORGANIZATION	go_bp	0	25	119	34	2920	1.000000e+00	1.000000e+00	
GOBP_MITOTIC_SPINDLE_ORGANIZATION	go_bp	0	25	134	34	2920	1.000000e+00	1.000000e+00	
GOBP_MONOCARBOXYLIC_ACID_CATABOLIC_PROCESS	go_bp	0	25	132	34	2920	1.000000e+00	1.000000e+00	
GOBP_NEGATIVE_REGULATION_OF_AUTOPHAGY	go_bp	0	25	94	34	2920	1.000000e+00	1.000000e+00	
GOBP_NEGATIVE_REGULATION_OF_CYSTEINE_TYPE_ENDOPEPTIDASE_ACTIVITY	go_bp	0	25	62	34	2920	1.000000e+00	1.000000e+00	
GOBP_NEGATIVE_REGULATION_OF_DNA_BINDING_TRANSCRIPTION_FACTOR_ACTIVITY	go_bp	0	25	153	34	2920	1.000000e+00	1.000000e+00	
GOBP_NEGATIVE_REGULATION_OF_HORMONE_SECRETION	go_bp	0	25	68	34	2920	1.000000e+00	1.000000e+00	
GOBP_NEGATIVE_REGULATION_OF_TRANSLATION	go_bp	0	25	209	34	2920	1.000000e+00	1.000000e+00	
GOBP_NUCLEOSIDE_DIPHOSPHATE_CATABOLIC_PROCESS	go_bp	0	25	104	34	2920	1.000000e+00	1.000000e+00	
GOBP_OLIGODENDROCYTE_DIFFERENTIATION	go_bp	0	25	109	34	2920	1.000000e+00	1.000000e+00	
GOBP_POLYOL_METABOLIC_PROCESS	go_bp	0	25	107	34	2920	1.000000e+00	1.000000e+00	
GOBP_POSITIVE_REGULATION_OF_CELL_CYCLE_PHASE_TRANSITION	go_bp	0	25	120	34	2920	1.000000e+00	1.000000e+00	
GOBP_POSITIVE_REGULATION_OF_SMALL_GTPASE_MEDIATED_SIGNAL_TRANSDUCTION	go_bp	0	25	75	34	2920	1.000000e+00	1.000000e+00	
GOBP_POSITIVE_REGULATION_OF_T_CELL_MEDIATED_IMMUNITY	go_bp	0	25	70	34	2920	1.000000e+00	1.000000e+00	
GOBP_REGULATION_OF_DNA_BIOSYNTHETIC_PROCESS	go_bp	0	25	118	34	2920	1.000000e+00	1.000000e+00	
GOBP_REGULATION_OF_GLIAL_CELL_DIFFERENTIATION	go_bp	0	25	79	34	2920	1.000000e+00	1.000000e+00	
GOBP_REGULATION_OF_GLUCOSE_METABOLIC_PROCESS	go_bp	0	25	102	34	2920	1.000000e+00	1.000000e+00	
GOBP_REGULATION_OF_SIGNALING_RECEPTOR_ACTIVITY	go_bp	0	25	97	34	2920	1.000000e+00	1.000000e+00	
GOBP_RESPONSE_TO_ESTROGEN	go_bp	0	25	71	34	2920	1.000000e+00	1.000000e+00	
GOBP_SENSORY_PERCEPTION_OF_LIGHT_STIMULUS	go_bp	0	25	223	34	2920	1.000000e+00	1.000000e+00	
GOBP_TOR_SIGNALING	go_bp	0	25	169	34	2920	1.000000e+00	1.000000e+00	
GOBP_TRIGLYCERIDE_METABOLIC_PROCESS	go_bp	0	25	109	34	2920	1.000000e+00	1.000000e+00	
GOBP_T_CELL_MEDIATED_CYTOTOXICITY	go_bp	0	25	61	34	2920	1.000000e+00	1.000000e+00	
GOBP_ACUTE_PHASE_RESPONSE	go_bp	0	28	47	34	2920	1.000000e+00	1.000000e+00	
GOBP_CELLULAR_RESPONSE_TO_KETONE	go_bp	0	28	108	34	2920	1.000000e+00	1.000000e+00	
GOBP_DEFENSE_RESPONSE_TO_GRAM_NEGATIVE_BACTERIUM	go_bp	0	28	99	34	2920	1.000000e+00	1.000000e+00	
GOBP_EMBRYONIC_PLACENTA_DEVELOPMENT	go_bp	0	28	88	34	2920	1.000000e+00	1.000000e+00	
GOBP_FEMALE_GAMETE_GENERATION	go_bp	0	28	167	34	2920	1.000000e+00	1.000000e+00	
GOBP_INTERLEUKIN_12_PRODUCTION	go_bp	0	28	64	34	2920	1.000000e+00	1.000000e+00	
GOBP_MACROPHAGE_DIFFERENTIATION	go_bp	0	28	65	34	2920	1.000000e+00	1.000000e+00	
GOBP_MAINTENANCE_OF_CELL_NUMBER	go_bp	0	28	187	34	2920	1.000000e+00	1.000000e+00	
GOBP_MITOCHONDRIAL_TRANSPORT	go_bp	0	28	183	34	2920	1.000000e+00	1.000000e+00	
GOBP_MOLTING_CYCLE	go_bp	0	28	119	34	2920	1.000000e+00	1.000000e+00	
GOBP_MUCOPOLYSACCHARIDE_METABOLIC_PROCESS	go_bp	0	28	91	34	2920	1.000000e+00	1.000000e+00	
GOBP_MYELOID_CELL_DEVELOPMENT	go_bp	0	28	90	34	2920	1.000000e+00	1.000000e+00	
GOBP_MYOBLAST_DIFFERENTIATION	go_bp	0	28	113	34	2920	1.000000e+00	1.000000e+00	
GOBP_NEGATIVE_REGULATION_OF_DEVELOPMENTAL_GROWTH	go_bp	0	28	99	34	2920	1.000000e+00	1.000000e+00	
GOBP_NEGATIVE_REGULATION_OF_INNATE_IMMUNE_RESPONSE	go_bp	0	28	90	34	2920	1.000000e+00	1.000000e+00	
GOBP_NEGATIVE_REGULATION_OF_LEUKOCYTE_APOPTOTIC_PROCESS	go_bp	0	28	56	34	2920	1.000000e+00	1.000000e+00	
GOBP_NEGATIVE_REGULATION_OF_RESPONSE_TO_CYTOKINE_STIMULUS	go_bp	0	28	105	34	2920	1.000000e+00	1.000000e+00	
GOBP_NEGATIVE_REGULATION_OF_SMALL_MOLECULE_METABOLIC_PROCESS	go_bp	0	28	114	34	2920	1.000000e+00	1.000000e+00	
GOBP_NEGATIVE_REGULATION_OF_TUMOR_NECROSIS_FACTOR_SUPERFAMILY_CYTOKINE_PRODUCTION	go_bp	0	28	80	34	2920	1.000000e+00	1.000000e+00	
GOBP_OVULATION_CYCLE_PROCESS	go_bp	0	28	50	34	2920	1.000000e+00	1.000000e+00	
GOBP_PHENOL_CONTAINING_COMPOUND_METABOLIC_PROCESS	go_bp	0	28	115	34	2920	1.000000e+00	1.000000e+00	
GOBP_POSITIVE_REGULATION_OF_PROTEIN_LOCALIZATION_TO_NUCLEUS	go_bp	0	28	93	34	2920	1.000000e+00	1.000000e+00	
GOBP_REGULATION_OF_CALCIUM_MEDIATED_SIGNALING	go_bp	0	28	98	34	2920	1.000000e+00	1.000000e+00	
GOBP_REGULATION_OF_CARBOHYDRATE_BIOSYNTHETIC_PROCESS	go_bp	0	28	101	34	2920	1.000000e+00	1.000000e+00	
GOBP_REGULATION_OF_FAT_CELL_DIFFERENTIATION	go_bp	0	28	147	34	2920	1.000000e+00	1.000000e+00	
GOBP_REGULATION_OF_GENERATION_OF_PRECURSOR_METABOLITES_AND_ENERGY	go_bp	0	28	140	34	2920	1.000000e+00	1.000000e+00	
GOBP_STEM_CELL_DEVELOPMENT	go_bp	0	28	87	34	2920	1.000000e+00	1.000000e+00	
GOBP_STEROL_HOMEOSTASIS	go_bp	0	28	103	34	2920	1.000000e+00	1.000000e+00	
GOBP_VACUOLAR_LOCALIZATION	go_bp	0	28	87	34	2920	1.000000e+00	1.000000e+00	
GOBP_VIRAL_GENOME_REPLICATION	go_bp	0	28	130	34	2920	1.000000e+00	1.000000e+00	
GOBP_ESTABLISHMENT_OF_PROTEIN_LOCALIZATION_TO_ORGANELLE	go_bp	0	77	456	34	2920	1.000000e+00	1.000000e+00	
GOBP_ORGANELLE_FISSION	go_bp	0	77	498	34	2920	1.000000e+00	1.000000e+00	
GOBP_POSITIVE_REGULATION_OF_NEUROGENESIS	go_bp	0	77	246	34	2920	1.000000e+00	1.000000e+00	
GOBP_REGULATION_OF_PROTEIN_SERINE_THREONINE_KINASE_ACTIVITY	go_bp	0	77	264	34	2920	1.000000e+00	1.000000e+00	
GOBP_CANONICAL_WNT_SIGNALING_PATHWAY	go_bp	0	74	326	34	2920	1.000000e+00	1.000000e+00	
GOBP_NEGATIVE_REGULATION_OF_LYMPHOCYTE_ACTIVATION	go_bp	0	74	167	34	2920	1.000000e+00	1.000000e+00	
GOBP_POSITIVE_REGULATION_OF_CANONICAL_NF_KAPPAB_SIGNAL_TRANSDUCTION	go_bp	0	74	213	34	2920	1.000000e+00	1.000000e+00	
GOBP_REGULATION_OF_PROTEIN_SECRETION	go_bp	0	74	266	34	2920	1.000000e+00	1.000000e+00	
GOBP_REGULATION_OF_CELL_ACTIVATION	go_bp	0	245	638	34	2920	1.000000e+00	1.000000e+00	
GOBP_CELL_SURFACE_RECEPTOR_SIGNALING_PATHWAY_VIA_STAT	go_bp	0	76	190	34	2920	1.000000e+00	1.000000e+00	
GOBP_POSITIVE_REGULATION_OF_HEMOPOIESIS	go_bp	0	76	195	34	2920	1.000000e+00	1.000000e+00	
GOBP_PROTEASOMAL_PROTEIN_CATABOLIC_PROCESS	go_bp	0	76	529	34	2920	1.000000e+00	1.000000e+00	
GOBP_TUMOR_NECROSIS_FACTOR_SUPERFAMILY_CYTOKINE_PRODUCTION	go_bp	0	76	196	34	2920	1.000000e+00	1.000000e+00	
GOBP_REGULATION_OF_CELL_DEVELOPMENT	go_bp	0	251	845	34	2920	1.000000e+00	1.000000e+00	
GOBP_INTRACELLULAR_RECEPTOR_SIGNALING_PATHWAY	go_bp	0	67	379	34	2920	1.000000e+00	1.000000e+00	
GOBP_REGULATION_OF_WOUND_HEALING	go_bp	0	67	138	34	2920	1.000000e+00	1.000000e+00	
GOBP_B_CELL_MEDIATED_IMMUNITY	go_bp	0	66	203	34	2920	1.000000e+00	1.000000e+00	
GOBP_GLYCOPROTEIN_METABOLIC_PROCESS	go_bp	0	66	388	34	2920	1.000000e+00	1.000000e+00	
GOBP_ORGANOPHOSPHATE_CATABOLIC_PROCESS	go_bp	0	66	237	34	2920	1.000000e+00	1.000000e+00	
GOBP_POSITIVE_REGULATION_OF_GTPASE_ACTIVITY	go_bp	0	66	209	34	2920	1.000000e+00	1.000000e+00	
GOBP_LYMPHOCYTE_ACTIVATION_INVOLVED_IN_IMMUNE_RESPONSE	go_bp	0	70	218	34	2920	1.000000e+00	1.000000e+00	
GOBP_REGULATION_OF_ENDOTHELIAL_CELL_MIGRATION	go_bp	0	70	236	34	2920	1.000000e+00	1.000000e+00	
GOBP_SKIN_DEVELOPMENT	go_bp	0	70	321	34	2920	1.000000e+00	1.000000e+00	
GOBP_NEGATIVE_REGULATION_OF_PROTEIN_METABOLIC_PROCESS	go_bp	0	226	894	34	2920	1.000000e+00	1.000000e+00	
GOBP_EPIDERMIS_DEVELOPMENT	go_bp	0	79	388	34	2920	1.000000e+00	1.000000e+00	
GOBP_MALE_GAMETE_GENERATION	go_bp	0	79	658	34	2920	1.000000e+00	1.000000e+00	
GOBP_ACTIVATION_OF_CYSTEINE_TYPE_ENDOPEPTIDASE_ACTIVITY_INVOLVED_IN_APOPTOTIC_PROCESS	go_bp	0	23	72	34	2920	1.000000e+00	1.000000e+00	
GOBP_AMIDE_BIOSYNTHETIC_PROCESS	go_bp	0	23	160	34	2920	1.000000e+00	1.000000e+00	
GOBP_ANTIGEN_PROCESSING_AND_PRESENTATION_OF_PEPTIDE_ANTIGEN	go_bp	0	23	73	34	2920	1.000000e+00	1.000000e+00	
GOBP_APPENDAGE_DEVELOPMENT	go_bp	0	23	186	34	2920	1.000000e+00	1.000000e+00	
GOBP_CELL_CYCLE_G2_M_PHASE_TRANSITION	go_bp	0	23	155	34	2920	1.000000e+00	1.000000e+00	
GOBP_CELL_SURFACE_PATTERN_RECOGNITION_RECEPTOR_SIGNALING_PATHWAY	go_bp	0	23	81	34	2920	1.000000e+00	1.000000e+00	
GOBP_COMPLEMENT_ACTIVATION_CLASSICAL_PATHWAY	go_bp	0	23	42	34	2920	1.000000e+00	1.000000e+00	
GOBP_CYTOSOLIC_TRANSPORT	go_bp	0	23	144	34	2920	1.000000e+00	1.000000e+00	
GOBP_ENDODERM_DEVELOPMENT	go_bp	0	23	86	34	2920	1.000000e+00	1.000000e+00	
GOBP_IMPORT_ACROSS_PLASMA_MEMBRANE	go_bp	0	23	205	34	2920	1.000000e+00	1.000000e+00	
GOBP_LIPID_STORAGE	go_bp	0	23	94	34	2920	1.000000e+00	1.000000e+00	
GOBP_MEMORY	go_bp	0	23	125	34	2920	1.000000e+00	1.000000e+00	
GOBP_MESODERM_DEVELOPMENT	go_bp	0	23	140	34	2920	1.000000e+00	1.000000e+00	
GOBP_NEGATIVE_REGULATION_OF_BINDING	go_bp	0	23	109	34	2920	1.000000e+00	1.000000e+00	
GOBP_NEGATIVE_REGULATION_OF_MONOATOMIC_ION_TRANSMEMBRANE_TRANSPORT	go_bp	0	23	102	34	2920	1.000000e+00	1.000000e+00	
GOBP_NEGATIVE_REGULATION_OF_PRODUCTION_OF_MOLECULAR_MEDIATOR_OF_IMMUNE_RESPONSE	go_bp	0	23	46	34	2920	1.000000e+00	1.000000e+00	
GOBP_NEGATIVE_REGULATION_OF_PROTEIN_SERINE_THREONINE_KINASE_ACTIVITY	go_bp	0	23	93	34	2920	1.000000e+00	1.000000e+00	
GOBP_NEGATIVE_REGULATION_OF_TRANSFORMING_GROWTH_FACTOR_BETA_RECEPTOR_SIGNALING_PATHWAY	go_bp	0	23	129	34	2920	1.000000e+00	1.000000e+00	
GOBP_ORGANOPHOSPHATE_ESTER_TRANSPORT	go_bp	0	23	158	34	2920	1.000000e+00	1.000000e+00	
GOBP_PLASMA_LIPOPROTEIN_PARTICLE_CLEARANCE	go_bp	0	23	55	34	2920	1.000000e+00	1.000000e+00	
GOBP_PLATELET_DERIVED_GROWTH_FACTOR_RECEPTOR_SIGNALING_PATHWAY	go_bp	0	23	58	34	2920	1.000000e+00	1.000000e+00	
GOBP_POSITIVE_REGULATION_OF_FIBROBLAST_PROLIFERATION	go_bp	0	23	55	34	2920	1.000000e+00	1.000000e+00	
GOBP_POSITIVE_REGULATION_OF_INTERLEUKIN_1_BETA_PRODUCTION	go_bp	0	23	62	34	2920	1.000000e+00	1.000000e+00	
GOBP_POSITIVE_REGULATION_OF_INTRACELLULAR_PROTEIN_TRANSPORT	go_bp	0	23	95	34	2920	1.000000e+00	1.000000e+00	
GOBP_POSITIVE_REGULATION_OF_LIPID_BIOSYNTHETIC_PROCESS	go_bp	0	23	89	34	2920	1.000000e+00	1.000000e+00	
GOBP_POSITIVE_REGULATION_OF_NEURON_APOPTOTIC_PROCESS	go_bp	0	23	67	34	2920	1.000000e+00	1.000000e+00	
GOBP_POSITIVE_REGULATION_OF_REPRODUCTIVE_PROCESS	go_bp	0	23	91	34	2920	1.000000e+00	1.000000e+00	
GOBP_POSITIVE_REGULATION_OF_RESPONSE_TO_CYTOKINE_STIMULUS	go_bp	0	23	67	34	2920	1.000000e+00	1.000000e+00	
GOBP_POSITIVE_REGULATION_OF_SYNAPSE_ASSEMBLY	go_bp	0	23	65	34	2920	1.000000e+00	1.000000e+00	
GOBP_POSITIVE_REGULATION_OF_VIRAL_PROCESS	go_bp	0	23	64	34	2920	1.000000e+00	1.000000e+00	
GOBP_PRIMARY_ALCOHOL_METABOLIC_PROCESS	go_bp	0	23	101	34	2920	1.000000e+00	1.000000e+00	
GOBP_PROTEIN_LOCALIZATION_TO_SYNAPSE	go_bp	0	23	78	34	2920	1.000000e+00	1.000000e+00	
GOBP_PROTEIN_TETRAMERIZATION	go_bp	0	23	95	34	2920	1.000000e+00	1.000000e+00	
GOBP_REGULATION_OF_ANTIGEN_RECEPTOR_MEDIATED_SIGNALING_PATHWAY	go_bp	0	23	70	34	2920	1.000000e+00	1.000000e+00	
GOBP_REGULATION_OF_BONE_REMODELING	go_bp	0	23	51	34	2920	1.000000e+00	1.000000e+00	
GOBP_REGULATION_OF_CELLULAR_EXTRAVASATION	go_bp	0	23	42	34	2920	1.000000e+00	1.000000e+00	
GOBP_REGULATION_OF_DEPHOSPHORYLATION	go_bp	0	23	102	34	2920	1.000000e+00	1.000000e+00	
GOBP_REGULATION_OF_MORPHOGENESIS_OF_AN_EPITHELIUM	go_bp	0	23	66	34	2920	1.000000e+00	1.000000e+00	
GOBP_REGULATION_OF_MRNA_CATABOLIC_PROCESS	go_bp	0	23	289	34	2920	1.000000e+00	1.000000e+00	
GOBP_REGULATION_OF_NEUTROPHIL_MIGRATION	go_bp	0	23	46	34	2920	1.000000e+00	1.000000e+00	
GOBP_REGULATION_OF_NUCLEOTIDE_METABOLIC_PROCESS	go_bp	0	23	92	34	2920	1.000000e+00	1.000000e+00	
GOBP_REGULATION_OF_POSTSYNAPSE_ORGANIZATION	go_bp	0	23	107	34	2920	1.000000e+00	1.000000e+00	
GOBP_REGULATION_OF_POSTSYNAPTIC_MEMBRANE_NEUROTRANSMITTER_RECEPTOR_LEVELS	go_bp	0	23	92	34	2920	1.000000e+00	1.000000e+00	
GOBP_REGULATION_OF_PROTEIN_MATURATION	go_bp	0	23	69	34	2920	1.000000e+00	1.000000e+00	
GOBP_REGULATION_OF_SODIUM_ION_TRANSPORT	go_bp	0	23	85	34	2920	1.000000e+00	1.000000e+00	
GOBP_REGULATION_OF_TRANSLATIONAL_INITIATION	go_bp	0	23	84	34	2920	1.000000e+00	1.000000e+00	
GOBP_STRIATED_MUSCLE_CELL_DEVELOPMENT	go_bp	0	23	79	34	2920	1.000000e+00	1.000000e+00	
GOBP_T_CELL_SELECTION	go_bp	0	23	58	34	2920	1.000000e+00	1.000000e+00	
GOBP_VASCULAR_ASSOCIATED_SMOOTH_MUSCLE_CELL_PROLIFERATION	go_bp	0	23	95	34	2920	1.000000e+00	1.000000e+00	
GOBP_BIOGENIC_AMINE_METABOLIC_PROCESS	go_bp	0	26	99	34	2920	1.000000e+00	1.000000e+00	
GOBP_CELLULAR_RESPONSE_TO_HYDROGEN_PEROXIDE	go_bp	0	26	67	34	2920	1.000000e+00	1.000000e+00	
GOBP_CELL_CYCLE_CHECKPOINT_SIGNALING	go_bp	0	26	194	34	2920	1.000000e+00	1.000000e+00	
GOBP_DENDRITE_MORPHOGENESIS	go_bp	0	26	143	34	2920	1.000000e+00	1.000000e+00	
GOBP_INTERFERON_MEDIATED_SIGNALING_PATHWAY	go_bp	0	26	108	34	2920	1.000000e+00	1.000000e+00	
GOBP_MACROPHAGE_MIGRATION	go_bp	0	26	61	34	2920	1.000000e+00	1.000000e+00	
GOBP_MEMBRANE_PROTEIN_PROTEOLYSIS	go_bp	0	26	62	34	2920	1.000000e+00	1.000000e+00	
GOBP_MITOTIC_SISTER_CHROMATID_SEGREGATION	go_bp	0	26	194	34	2920	1.000000e+00	1.000000e+00	
GOBP_MOLTING_CYCLE_PROCESS	go_bp	0	26	98	34	2920	1.000000e+00	1.000000e+00	
GOBP_MONOSACCHARIDE_BIOSYNTHETIC_PROCESS	go_bp	0	26	96	34	2920	1.000000e+00	1.000000e+00	
GOBP_NEGATIVE_REGULATION_OF_LEUKOCYTE_MIGRATION	go_bp	0	26	56	34	2920	1.000000e+00	1.000000e+00	
GOBP_PEPTIDE_METABOLIC_PROCESS	go_bp	0	26	78	34	2920	1.000000e+00	1.000000e+00	
GOBP_POSITIVE_REGULATION_OF_MYELOID_LEUKOCYTE_DIFFERENTIATION	go_bp	0	26	62	34	2920	1.000000e+00	1.000000e+00	
GOBP_POSITIVE_REGULATION_OF_NON_CANONICAL_NF_KAPPAB_SIGNAL_TRANSDUCTION	go_bp	0	26	66	34	2920	1.000000e+00	1.000000e+00	
GOBP_POSITIVE_REGULATION_OF_PROTEOLYSIS_INVOLVED_IN_PROTEIN_CATABOLIC_PROCESS	go_bp	0	26	132	34	2920	1.000000e+00	1.000000e+00	
GOBP_POSITIVE_REGULATION_OF_REACTIVE_OXYGEN_SPECIES_METABOLIC_PROCESS	go_bp	0	26	70	34	2920	1.000000e+00	1.000000e+00	
GOBP_REGULATION_OF_AXON_EXTENSION	go_bp	0	26	78	34	2920	1.000000e+00	1.000000e+00	
GOBP_REGULATION_OF_B_CELL_MEDIATED_IMMUNITY	go_bp	0	26	63	34	2920	1.000000e+00	1.000000e+00	
GOBP_REGULATION_OF_DNA_RECOMBINATION	go_bp	0	26	143	34	2920	1.000000e+00	1.000000e+00	
GOBP_REGULATION_OF_MITOTIC_NUCLEAR_DIVISION	go_bp	0	26	119	34	2920	1.000000e+00	1.000000e+00	
GOBP_REGULATION_OF_NITRIC_OXIDE_METABOLIC_PROCESS	go_bp	0	26	65	34	2920	1.000000e+00	1.000000e+00	
GOBP_REGULATION_OF_NUCLEOCYTOPLASMIC_TRANSPORT	go_bp	0	26	113	34	2920	1.000000e+00	1.000000e+00	
GOBP_REGULATION_OF_ORGANIC_ACID_TRANSPORT	go_bp	0	26	78	34	2920	1.000000e+00	1.000000e+00	
GOBP_REGULATION_OF_OSTEOCLAST_DIFFERENTIATION	go_bp	0	26	71	34	2920	1.000000e+00	1.000000e+00	
GOBP_REGULATION_OF_STEROID_BIOSYNTHETIC_PROCESS	go_bp	0	26	82	34	2920	1.000000e+00	1.000000e+00	
GOBP_T_CELL_DIFFERENTIATION_INVOLVED_IN_IMMUNE_RESPONSE	go_bp	0	26	87	34	2920	1.000000e+00	1.000000e+00	
GOBP_VASCULAR_ENDOTHELIAL_GROWTH_FACTOR_RECEPTOR_SIGNALING_PATHWAY	go_bp	0	26	61	34	2920	1.000000e+00	1.000000e+00	
GOBP_ANTIMICROBIAL_HUMORAL_RESPONSE	go_bp	0	75	161	34	2920	1.000000e+00	1.000000e+00	
GOBP_FATTY_ACID_METABOLIC_PROCESS	go_bp	0	75	401	34	2920	1.000000e+00	1.000000e+00	
GOBP_POSITIVE_REGULATION_OF_LEUKOCYTE_MIGRATION	go_bp	0	75	150	34	2920	1.000000e+00	1.000000e+00	
GOBP_REGULATION_OF_PRODUCTION_OF_MOLECULAR_MEDIATOR_OF_IMMUNE_RESPONSE	go_bp	0	75	192	34	2920	1.000000e+00	1.000000e+00	
GOBP_CARBOHYDRATE_DERIVATIVE_METABOLIC_PROCESS	go_bp	0	217	1109	34	2920	1.000000e+00	1.000000e+00	
GOBP_APOPTOTIC_MITOCHONDRIAL_CHANGES	go_bp	0	31	107	34	2920	1.000000e+00	1.000000e+00	
GOBP_BONE_MINERALIZATION	go_bp	0	31	126	34	2920	1.000000e+00	1.000000e+00	
GOBP_CARBOHYDRATE_TRANSPORT	go_bp	0	31	141	34	2920	1.000000e+00	1.000000e+00	
GOBP_CELLULAR_RESPIRATION	go_bp	0	31	241	34	2920	1.000000e+00	1.000000e+00	
GOBP_ENDOCRINE_PROCESS	go_bp	0	31	92	34	2920	1.000000e+00	1.000000e+00	
GOBP_FORMATION_OF_PRIMARY_GERM_LAYER	go_bp	0	31	131	34	2920	1.000000e+00	1.000000e+00	
GOBP_GLYCEROLIPID_BIOSYNTHETIC_PROCESS	go_bp	0	31	256	34	2920	1.000000e+00	1.000000e+00	
GOBP_GLYCOSYLATION	go_bp	0	31	244	34	2920	1.000000e+00	1.000000e+00	
GOBP_HETEROPHILIC_CELL_CELL_ADHESION_VIA_PLASMA_MEMBRANE_CELL_ADHESION_MOLECULES	go_bp	0	31	52	34	2920	1.000000e+00	1.000000e+00	
GOBP_INTERLEUKIN_10_PRODUCTION	go_bp	0	31	65	34	2920	1.000000e+00	1.000000e+00	
GOBP_MICROTUBULE_CYTOSKELETON_ORGANIZATION_INVOLVED_IN_MITOSIS	go_bp	0	31	167	34	2920	1.000000e+00	1.000000e+00	
GOBP_PHOSPHOLIPID_BIOSYNTHETIC_PROCESS	go_bp	0	31	255	34	2920	1.000000e+00	1.000000e+00	
GOBP_POSITIVE_REGULATION_OF_AUTOPHAGY	go_bp	0	31	159	34	2920	1.000000e+00	1.000000e+00	
GOBP_POSITIVE_REGULATION_OF_B_CELL_ACTIVATION	go_bp	0	31	85	34	2920	1.000000e+00	1.000000e+00	
GOBP_POSITIVE_REGULATION_OF_COLD_INDUCED_THERMOGENESIS	go_bp	0	31	101	34	2920	1.000000e+00	1.000000e+00	
GOBP_POSITIVE_REGULATION_OF_CYTOKINE_PRODUCTION_INVOLVED_IN_IMMUNE_RESPONSE	go_bp	0	31	82	34	2920	1.000000e+00	1.000000e+00	
GOBP_POSITIVE_REGULATION_OF_RECEPTOR_SIGNALING_PATHWAY_VIA_STAT	go_bp	0	31	55	34	2920	1.000000e+00	1.000000e+00	
GOBP_PROTEIN_LOCALIZATION_TO_CELL_JUNCTION	go_bp	0	31	108	34	2920	1.000000e+00	1.000000e+00	
GOBP_REACTIVE_NITROGEN_SPECIES_METABOLIC_PROCESS	go_bp	0	31	86	34	2920	1.000000e+00	1.000000e+00	
GOBP_REGULATION_OF_CD4_POSITIVE_ALPHA_BETA_T_CELL_ACTIVATION	go_bp	0	31	80	34	2920	1.000000e+00	1.000000e+00	
GOBP_RIBONUCLEOPROTEIN_COMPLEX_BIOGENESIS	go_bp	0	31	491	34	2920	1.000000e+00	1.000000e+00	
GOBP_VACUOLAR_TRANSPORT	go_bp	0	31	173	34	2920	1.000000e+00	1.000000e+00	
GOBP_REGULATION_OF_NERVOUS_SYSTEM_DEVELOPMENT	go_bp	0	141	459	34	2920	1.000000e+00	1.000000e+00	
GOBP_PHAGOCYTOSIS	go_bp	0	95	241	34	2920	1.000000e+00	1.000000e+00	
GOBP_POSITIVE_REGULATION_OF_NERVOUS_SYSTEM_DEVELOPMENT	go_bp	0	95	296	34	2920	1.000000e+00	1.000000e+00	
GOBP_POSITIVE_REGULATION_OF_PROTEIN_KINASE_ACTIVITY	go_bp	0	95	248	34	2920	1.000000e+00	1.000000e+00	
GOBP_CYTOSKELETON_DEPENDENT_INTRACELLULAR_TRANSPORT	go_bp	0	30	205	34	2920	1.000000e+00	1.000000e+00	
GOBP_FIBROBLAST_GROWTH_FACTOR_RECEPTOR_SIGNALING_PATHWAY	go_bp	0	30	87	34	2920	1.000000e+00	1.000000e+00	
GOBP_HUMORAL_IMMUNE_RESPONSE_MEDIATED_BY_CIRCULATING_IMMUNOGLOBULIN	go_bp	0	30	56	34	2920	1.000000e+00	1.000000e+00	
GOBP_INNATE_IMMUNE_RESPONSE_ACTIVATING_CELL_SURFACE_RECEPTOR_SIGNALING_PATHWAY	go_bp	0	30	102	34	2920	1.000000e+00	1.000000e+00	
GOBP_MONOSACCHARIDE_TRANSMEMBRANE_TRANSPORT	go_bp	0	30	123	34	2920	1.000000e+00	1.000000e+00	
GOBP_MYOTUBE_DIFFERENTIATION	go_bp	0	30	135	34	2920	1.000000e+00	1.000000e+00	
GOBP_NEGATIVE_REGULATION_OF_CANONICAL_WNT_SIGNALING_PATHWAY	go_bp	0	30	145	34	2920	1.000000e+00	1.000000e+00	
GOBP_ORGANELLE_DISASSEMBLY	go_bp	0	30	186	34	2920	1.000000e+00	1.000000e+00	
GOBP_POSITIVE_REGULATION_OF_ALPHA_BETA_T_CELL_ACTIVATION	go_bp	0	30	75	34	2920	1.000000e+00	1.000000e+00	
GOBP_POSITIVE_REGULATION_OF_MITOTIC_CELL_CYCLE	go_bp	0	30	133	34	2920	1.000000e+00	1.000000e+00	
GOBP_POSITIVE_REGULATION_OF_WOUND_HEALING	go_bp	0	30	65	34	2920	1.000000e+00	1.000000e+00	
GOBP_PROTEIN_HOMOOLIGOMERIZATION	go_bp	0	30	199	34	2920	1.000000e+00	1.000000e+00	
GOBP_RAS_PROTEIN_SIGNAL_TRANSDUCTION	go_bp	0	30	121	34	2920	1.000000e+00	1.000000e+00	
GOBP_REGULATION_OF_HUMORAL_IMMUNE_RESPONSE	go_bp	0	30	48	34	2920	1.000000e+00	1.000000e+00	
GOBP_REGULATION_OF_IMMUNOGLOBULIN_PRODUCTION	go_bp	0	30	77	34	2920	1.000000e+00	1.000000e+00	
GOBP_REGULATION_OF_LYMPHOCYTE_MIGRATION	go_bp	0	30	69	34	2920	1.000000e+00	1.000000e+00	
GOBP_REGULATION_OF_MACROPHAGE_ACTIVATION	go_bp	0	30	62	34	2920	1.000000e+00	1.000000e+00	
GOBP_REGULATION_OF_NUCLEAR_DIVISION	go_bp	0	30	147	34	2920	1.000000e+00	1.000000e+00	
GOBP_SKIN_EPIDERMIS_DEVELOPMENT	go_bp	0	30	131	34	2920	1.000000e+00	1.000000e+00	
GOBP_TRANSLATIONAL_INITIATION	go_bp	0	30	124	34	2920	1.000000e+00	1.000000e+00	
GOBP_T_CELL_DIFFERENTIATION_IN_THYMUS	go_bp	0	30	88	34	2920	1.000000e+00	1.000000e+00	
GOBP_CALCIUM_ION_HOMEOSTASIS	go_bp	0	94	329	34	2920	1.000000e+00	1.000000e+00	
GOBP_NEGATIVE_REGULATION_OF_PROTEIN_MODIFICATION_PROCESS	go_bp	0	94	418	34	2920	1.000000e+00	1.000000e+00	
GOBP_REGULATION_OF_PHOSPHORUS_METABOLIC_PROCESS	go_bp	0	357	1149	34	2920	1.000000e+00	1.000000e+00	
GOBP_CIRCULATORY_SYSTEM_PROCESS	go_bp	0	144	615	34	2920	1.000000e+00	1.000000e+00	
GOBP_MONOATOMIC_ION_HOMEOSTASIS	go_bp	0	148	618	34	2920	1.000000e+00	1.000000e+00	
GOBP_DNA_METABOLIC_PROCESS	go_bp	0	145	1009	34	2920	1.000000e+00	1.000000e+00	
GOBP_ACTIVATED_T_CELL_PROLIFERATION	go_bp	0	24	49	34	2920	1.000000e+00	1.000000e+00	
GOBP_APOPTOTIC_CELL_CLEARANCE	go_bp	0	24	48	34	2920	1.000000e+00	1.000000e+00	
GOBP_BONE_RESORPTION	go_bp	0	24	66	34	2920	1.000000e+00	1.000000e+00	
GOBP_CARDIAC_MUSCLE_CELL_DIFFERENTIATION	go_bp	0	24	130	34	2920	1.000000e+00	1.000000e+00	
GOBP_CELLULAR_COMPONENT_MAINTENANCE	go_bp	0	24	72	34	2920	1.000000e+00	1.000000e+00	
GOBP_CELL_CELL_RECOGNITION	go_bp	0	24	74	34	2920	1.000000e+00	1.000000e+00	
GOBP_EPIGENETIC_REGULATION_OF_GENE_EXPRESSION	go_bp	0	24	284	34	2920	1.000000e+00	1.000000e+00	
GOBP_GLYCEROPHOSPHOLIPID_BIOSYNTHETIC_PROCESS	go_bp	0	24	212	34	2920	1.000000e+00	1.000000e+00	
GOBP_ISOPRENOID_METABOLIC_PROCESS	go_bp	0	24	137	34	2920	1.000000e+00	1.000000e+00	
GOBP_LEUKOCYTE_ADHESION_TO_VASCULAR_ENDOTHELIAL_CELL	go_bp	0	24	58	34	2920	1.000000e+00	1.000000e+00	
GOBP_LIPID_EXPORT_FROM_CELL	go_bp	0	24	50	34	2920	1.000000e+00	1.000000e+00	
GOBP_LYSOSOMAL_TRANSPORT	go_bp	0	24	138	34	2920	1.000000e+00	1.000000e+00	
GOBP_MEIOTIC_CELL_CYCLE_PROCESS	go_bp	0	24	217	34	2920	1.000000e+00	1.000000e+00	
GOBP_NEGATIVE_REGULATION_OF_LIPID_METABOLIC_PROCESS	go_bp	0	24	112	34	2920	1.000000e+00	1.000000e+00	
GOBP_NEURAL_TUBE_FORMATION	go_bp	0	24	102	34	2920	1.000000e+00	1.000000e+00	
GOBP_NEUROBLAST_PROLIFERATION	go_bp	0	24	83	34	2920	1.000000e+00	1.000000e+00	
GOBP_OVARIAN_FOLLICLE_DEVELOPMENT	go_bp	0	24	57	34	2920	1.000000e+00	1.000000e+00	
GOBP_PIGMENTATION	go_bp	0	24	114	34	2920	1.000000e+00	1.000000e+00	
GOBP_POLYSACCHARIDE_METABOLIC_PROCESS	go_bp	0	24	111	34	2920	1.000000e+00	1.000000e+00	
GOBP_POSITIVE_REGULATION_OF_MIRNA_METABOLIC_PROCESS	go_bp	0	24	66	34	2920	1.000000e+00	1.000000e+00	
GOBP_PROTEIN_LOCALIZATION_TO_CELL_SURFACE	go_bp	0	24	68	34	2920	1.000000e+00	1.000000e+00	
GOBP_REGULATION_OF_ALPHA_BETA_T_CELL_DIFFERENTIATION	go_bp	0	24	76	34	2920	1.000000e+00	1.000000e+00	
GOBP_REGULATION_OF_ANIMAL_ORGAN_MORPHOGENESIS	go_bp	0	24	89	34	2920	1.000000e+00	1.000000e+00	
GOBP_REGULATION_OF_CELL_ADHESION_MEDIATED_BY_INTEGRIN	go_bp	0	24	49	34	2920	1.000000e+00	1.000000e+00	
GOBP_REGULATION_OF_GLUCOSE_TRANSMEMBRANE_TRANSPORT	go_bp	0	24	78	34	2920	1.000000e+00	1.000000e+00	
GOBP_REGULATION_OF_GRANULOCYTE_CHEMOTAXIS	go_bp	0	24	52	34	2920	1.000000e+00	1.000000e+00	
GOBP_REGULATION_OF_MYELOID_LEUKOCYTE_MEDIATED_IMMUNITY	go_bp	0	24	57	34	2920	1.000000e+00	1.000000e+00	
GOBP_REGULATION_OF_RECEPTOR_INTERNALIZATION	go_bp	0	24	66	34	2920	1.000000e+00	1.000000e+00	
GOBP_RENAL_TUBULE_DEVELOPMENT	go_bp	0	24	105	34	2920	1.000000e+00	1.000000e+00	
GOBP_RNA_LOCALIZATION	go_bp	0	24	201	34	2920	1.000000e+00	1.000000e+00	
GOBP_SODIUM_ION_TRANSMEMBRANE_TRANSPORT	go_bp	0	24	190	34	2920	1.000000e+00	1.000000e+00	
GOBP_UNSATURATED_FATTY_ACID_METABOLIC_PROCESS	go_bp	0	24	115	34	2920	1.000000e+00	1.000000e+00	
GOBP_VASCULAR_ENDOTHELIAL_GROWTH_FACTOR_SIGNALING_PATHWAY	go_bp	0	24	50	34	2920	1.000000e+00	1.000000e+00	
GOBP_AMYLOID_BETA_METABOLIC_PROCESS	go_bp	0	17	65	34	2920	1.000000e+00	1.000000e+00	
GOBP_AMYLOID_FIBRIL_FORMATION	go_bp	0	17	42	34	2920	1.000000e+00	1.000000e+00	
GOBP_AXONAL_TRANSPORT	go_bp	0	17	67	34	2920	1.000000e+00	1.000000e+00	
GOBP_CARDIAC_MUSCLE_CELL_ACTION_POTENTIAL	go_bp	0	17	85	34	2920	1.000000e+00	1.000000e+00	
GOBP_CELLULAR_RESPONSE_TO_GLUCOCORTICOID_STIMULUS	go_bp	0	17	55	34	2920	1.000000e+00	1.000000e+00	
GOBP_CELLULAR_RESPONSE_TO_RETINOIC_ACID	go_bp	0	17	67	34	2920	1.000000e+00	1.000000e+00	
GOBP_CELL_JUNCTION_MAINTENANCE	go_bp	0	17	45	34	2920	1.000000e+00	1.000000e+00	
GOBP_DNA_DAMAGE_RESPONSE_SIGNAL_TRANSDUCTION_BY_P53_CLASS_MEDIATOR	go_bp	0	17	73	34	2920	1.000000e+00	1.000000e+00	
GOBP_EPIBOLY	go_bp	0	17	44	34	2920	1.000000e+00	1.000000e+00	
GOBP_ERAD_PATHWAY	go_bp	0	17	111	34	2920	1.000000e+00	1.000000e+00	
GOBP_EXOCRINE_SYSTEM_DEVELOPMENT	go_bp	0	17	49	34	2920	1.000000e+00	1.000000e+00	
GOBP_FATTY_ACID_CATABOLIC_PROCESS	go_bp	0	17	107	34	2920	1.000000e+00	1.000000e+00	
GOBP_FOAM_CELL_DIFFERENTIATION	go_bp	0	17	41	34	2920	1.000000e+00	1.000000e+00	
GOBP_GLUCAN_METABOLIC_PROCESS	go_bp	0	17	87	34	2920	1.000000e+00	1.000000e+00	
GOBP_GOLGI_ORGANIZATION	go_bp	0	17	157	34	2920	1.000000e+00	1.000000e+00	
GOBP_HOMEOSTASIS_OF_NUMBER_OF_CELLS_WITHIN_A_TISSUE	go_bp	0	17	36	34	2920	1.000000e+00	1.000000e+00	
GOBP_HYALURONAN_METABOLIC_PROCESS	go_bp	0	17	34	34	2920	1.000000e+00	1.000000e+00	
GOBP_INTERLEUKIN_4_PRODUCTION	go_bp	0	17	35	34	2920	1.000000e+00	1.000000e+00	
GOBP_INTRINSIC_APOPTOTIC_SIGNALING_PATHWAY_IN_RESPONSE_TO_OXIDATIVE_STRESS	go_bp	0	17	64	34	2920	1.000000e+00	1.000000e+00	
GOBP_LEUKOCYTE_TETHERING_OR_ROLLING	go_bp	0	17	34	34	2920	1.000000e+00	1.000000e+00	
GOBP_LIPOSACCHARIDE_METABOLIC_PROCESS	go_bp	0	17	113	34	2920	1.000000e+00	1.000000e+00	
GOBP_LUNG_ALVEOLUS_DEVELOPMENT	go_bp	0	17	54	34	2920	1.000000e+00	1.000000e+00	
GOBP_LUNG_MORPHOGENESIS	go_bp	0	17	55	34	2920	1.000000e+00	1.000000e+00	
GOBP_MECHANORECEPTOR_DIFFERENTIATION	go_bp	0	17	70	34	2920	1.000000e+00	1.000000e+00	
GOBP_MITOTIC_DNA_INTEGRITY_CHECKPOINT_SIGNALING	go_bp	0	17	88	34	2920	1.000000e+00	1.000000e+00	
GOBP_MYELOID_CELL_APOPTOTIC_PROCESS	go_bp	0	17	39	34	2920	1.000000e+00	1.000000e+00	
GOBP_NEGATIVE_REGULATION_OF_CELL_KILLING	go_bp	0	17	29	34	2920	1.000000e+00	1.000000e+00	
GOBP_NEGATIVE_REGULATION_OF_G_PROTEIN_COUPLED_RECEPTOR_SIGNALING_PATHWAY	go_bp	0	17	66	34	2920	1.000000e+00	1.000000e+00	
GOBP_NEGATIVE_REGULATION_OF_LYMPHOCYTE_APOPTOTIC_PROCESS	go_bp	0	17	37	34	2920	1.000000e+00	1.000000e+00	
GOBP_NEPHRON_MORPHOGENESIS	go_bp	0	17	82	34	2920	1.000000e+00	1.000000e+00	
GOBP_NUCLEOSIDE_TRIPHOSPHATE_BIOSYNTHETIC_PROCESS	go_bp	0	17	124	34	2920	1.000000e+00	1.000000e+00	
GOBP_P38MAPK_CASCADE	go_bp	0	17	60	34	2920	1.000000e+00	1.000000e+00	
GOBP_PHOSPHOLIPASE_C_ACTIVATING_G_PROTEIN_COUPLED_RECEPTOR_SIGNALING_PATHWAY	go_bp	0	17	120	34	2920	1.000000e+00	1.000000e+00	
GOBP_PLASMINOGEN_ACTIVATION	go_bp	0	17	27	34	2920	1.000000e+00	1.000000e+00	
GOBP_POSITIVE_REGULATION_OF_CALCIUM_MEDIATED_SIGNALING	go_bp	0	17	57	34	2920	1.000000e+00	1.000000e+00	
GOBP_POSITIVE_REGULATION_OF_COAGULATION	go_bp	0	17	30	34	2920	1.000000e+00	1.000000e+00	
GOBP_POSITIVE_REGULATION_OF_DNA_BIOSYNTHETIC_PROCESS	go_bp	0	17	69	34	2920	1.000000e+00	1.000000e+00	
GOBP_POSITIVE_REGULATION_OF_GLIAL_CELL_DIFFERENTIATION	go_bp	0	17	46	34	2920	1.000000e+00	1.000000e+00	
GOBP_POSITIVE_REGULATION_OF_NEURON_DIFFERENTIATION	go_bp	0	17	94	34	2920	1.000000e+00	1.000000e+00	
GOBP_POSITIVE_REGULATION_OF_NEUTROPHIL_MIGRATION	go_bp	0	17	34	34	2920	1.000000e+00	1.000000e+00	
GOBP_POSITIVE_REGULATION_OF_ORGANIC_ACID_TRANSPORT	go_bp	0	17	47	34	2920	1.000000e+00	1.000000e+00	
GOBP_POSITIVE_REGULATION_OF_POST_TRANSLATIONAL_PROTEIN_MODIFICATION	go_bp	0	17	129	34	2920	1.000000e+00	1.000000e+00	
GOBP_PROTEIN_DNA_COMPLEX_ASSEMBLY	go_bp	0	17	241	34	2920	1.000000e+00	1.000000e+00	
GOBP_PROTEIN_RNA_COMPLEX_ORGANIZATION	go_bp	0	17	237	34	2920	1.000000e+00	1.000000e+00	
GOBP_PROTON_TRANSMEMBRANE_TRANSPORT	go_bp	0	17	162	34	2920	1.000000e+00	1.000000e+00	
GOBP_RECOMBINATIONAL_REPAIR	go_bp	0	17	192	34	2920	1.000000e+00	1.000000e+00	
GOBP_REGULATION_OF_ATP_METABOLIC_PROCESS	go_bp	0	17	72	34	2920	1.000000e+00	1.000000e+00	
GOBP_REGULATION_OF_CELL_CYCLE_G2_M_PHASE_TRANSITION	go_bp	0	17	118	34	2920	1.000000e+00	1.000000e+00	
GOBP_REGULATION_OF_CIRCADIAN_RHYTHM	go_bp	0	17	114	34	2920	1.000000e+00	1.000000e+00	
GOBP_REGULATION_OF_COLLAGEN_METABOLIC_PROCESS	go_bp	0	17	43	34	2920	1.000000e+00	1.000000e+00	
GOBP_REGULATION_OF_ERBB_SIGNALING_PATHWAY	go_bp	0	17	73	34	2920	1.000000e+00	1.000000e+00	
GOBP_REGULATION_OF_GLUCOSE_IMPORT	go_bp	0	17	60	34	2920	1.000000e+00	1.000000e+00	
GOBP_REGULATION_OF_INSULIN_RECEPTOR_SIGNALING_PATHWAY	go_bp	0	17	73	34	2920	1.000000e+00	1.000000e+00	
GOBP_REGULATION_OF_MEMBRANE_PROTEIN_ECTODOMAIN_PROTEOLYSIS	go_bp	0	17	27	34	2920	1.000000e+00	1.000000e+00	
GOBP_REGULATION_OF_NATURAL_KILLER_CELL_ACTIVATION	go_bp	0	17	40	34	2920	1.000000e+00	1.000000e+00	
GOBP_REGULATION_OF_PROTEIN_TARGETING	go_bp	0	17	79	34	2920	1.000000e+00	1.000000e+00	
GOBP_REGULATORY_NCRNA_MEDIATED_GENE_SILENCING	go_bp	0	17	700	34	2920	1.000000e+00	1.000000e+00	
GOBP_RESPIRATORY_GASEOUS_EXCHANGE_BY_RESPIRATORY_SYSTEM	go_bp	0	17	79	34	2920	1.000000e+00	1.000000e+00	
GOBP_RESPONSE_TO_EPIDERMAL_GROWTH_FACTOR	go_bp	0	17	47	34	2920	1.000000e+00	1.000000e+00	
GOBP_SMOOTHENED_SIGNALING_PATHWAY	go_bp	0	17	148	34	2920	1.000000e+00	1.000000e+00	
GOBP_SULFUR_COMPOUND_CATABOLIC_PROCESS	go_bp	0	17	48	34	2920	1.000000e+00	1.000000e+00	
GOBP_T_CELL_CYTOKINE_PRODUCTION	go_bp	0	17	38	34	2920	1.000000e+00	1.000000e+00	
GOBP_T_CELL_HOMEOSTASIS	go_bp	0	17	48	34	2920	1.000000e+00	1.000000e+00	
GOBP_VASCULAR_ENDOTHELIAL_GROWTH_FACTOR_PRODUCTION	go_bp	0	17	65	34	2920	1.000000e+00	1.000000e+00	
GOBP_NEGATIVE_REGULATION_OF_GENE_EXPRESSION	go_bp	0	255	1671	34	2920	1.000000e+00	1.000000e+00	
GOBP_NEGATIVE_REGULATION_OF_PHOSPHORYLATION	go_bp	0	80	311	34	2920	1.000000e+00	1.000000e+00	
GOBP_REGULATION_OF_DNA_BINDING_TRANSCRIPTION_FACTOR_ACTIVITY	go_bp	0	80	366	34	2920	1.000000e+00	1.000000e+00	
GOBP_REGULATION_OF_GTPASE_ACTIVITY	go_bp	0	80	276	34	2920	1.000000e+00	1.000000e+00	
GOBP_REGULATION_OF_PROTEIN_STABILITY	go_bp	0	80	332	34	2920	1.000000e+00	1.000000e+00	
GOBP_IMMUNE_EFFECTOR_PROCESS	go_bp	0	256	718	34	2920	1.000000e+00	1.000000e+00	
GOBP_ACTIN_FILAMENT_SEVERING	go_bp	0	6	16	34	2920	1.000000e+00	1.000000e+00	
GOBP_ADRENERGIC_RECEPTOR_SIGNALING_PATHWAY	go_bp	0	6	34	34	2920	1.000000e+00	1.000000e+00	
GOBP_ALDEHYDE_BIOSYNTHETIC_PROCESS	go_bp	0	6	18	34	2920	1.000000e+00	1.000000e+00	
GOBP_ALDITOL_METABOLIC_PROCESS	go_bp	0	6	23	34	2920	1.000000e+00	1.000000e+00	
GOBP_AMIDE_CATABOLIC_PROCESS	go_bp	0	6	16	34	2920	1.000000e+00	1.000000e+00	
GOBP_AMINE_CATABOLIC_PROCESS	go_bp	0	6	21	34	2920	1.000000e+00	1.000000e+00	
GOBP_ANATOMICAL_STRUCTURE_ARRANGEMENT	go_bp	0	6	17	34	2920	1.000000e+00	1.000000e+00	
GOBP_ANDROGEN_METABOLIC_PROCESS	go_bp	0	6	30	34	2920	1.000000e+00	1.000000e+00	
GOBP_ANTIBACTERIAL_PEPTIDE_PRODUCTION	go_bp	0	6	10	34	2920	1.000000e+00	1.000000e+00	
GOBP_ANTIFUNGAL_INNATE_IMMUNE_RESPONSE	go_bp	0	6	23	34	2920	1.000000e+00	1.000000e+00	
GOBP_ANTIGEN_PROCESSING_AND_PRESENTATION_OF_ENDOGENOUS_PEPTIDE_ANTIGEN	go_bp	0	6	25	34	2920	1.000000e+00	1.000000e+00	
GOBP_ANTIGEN_PROCESSING_AND_PRESENTATION_VIA_MHC_CLASS_IB	go_bp	0	6	25	34	2920	1.000000e+00	1.000000e+00	
GOBP_AROMATIC_AMINO_ACID_METABOLIC_PROCESS	go_bp	0	6	32	34	2920	1.000000e+00	1.000000e+00	
GOBP_BARBED_END_ACTIN_FILAMENT_CAPPING	go_bp	0	6	25	34	2920	1.000000e+00	1.000000e+00	
GOBP_BONE_CELL_DEVELOPMENT	go_bp	0	6	19	34	2920	1.000000e+00	1.000000e+00	
GOBP_BONE_TRABECULA_MORPHOGENESIS	go_bp	0	6	14	34	2920	1.000000e+00	1.000000e+00	
GOBP_BRANCHED_CHAIN_AMINO_ACID_METABOLIC_PROCESS	go_bp	0	6	28	34	2920	1.000000e+00	1.000000e+00	
GOBP_BRANCHING_INVOLVED_IN_LABYRINTHINE_LAYER_MORPHOGENESIS	go_bp	0	6	13	34	2920	1.000000e+00	1.000000e+00	
GOBP_BRONCHUS_DEVELOPMENT	go_bp	0	6	11	34	2920	1.000000e+00	1.000000e+00	
GOBP_CARBOHYDRATE_PHOSPHORYLATION	go_bp	0	6	23	34	2920	1.000000e+00	1.000000e+00	
GOBP_CARDIAC_MUSCLE_CELL_MEMBRANE_REPOLARIZATION	go_bp	0	6	41	34	2920	1.000000e+00	1.000000e+00	
GOBP_CELLULAR_COMPONENT_DISASSEMBLY_INVOLVED_IN_EXECUTION_PHASE_OF_APOPTOSIS	go_bp	0	6	33	34	2920	1.000000e+00	1.000000e+00	
GOBP_CELLULAR_HYPEROSMOTIC_RESPONSE	go_bp	0	6	20	34	2920	1.000000e+00	1.000000e+00	
GOBP_CELLULAR_RESPONSE_TO_CADMIUM_ION	go_bp	0	6	38	34	2920	1.000000e+00	1.000000e+00	
GOBP_CELLULAR_RESPONSE_TO_EXOGENOUS_DSRNA	go_bp	0	6	17	34	2920	1.000000e+00	1.000000e+00	
GOBP_CELLULAR_RESPONSE_TO_FLUID_SHEAR_STRESS	go_bp	0	6	21	34	2920	1.000000e+00	1.000000e+00	
GOBP_CELLULAR_RESPONSE_TO_GAMMA_RADIATION	go_bp	0	6	27	34	2920	1.000000e+00	1.000000e+00	
GOBP_CELLULAR_RESPONSE_TO_MACROPHAGE_COLONY_STIMULATING_FACTOR_STIMULUS	go_bp	0	6	13	34	2920	1.000000e+00	1.000000e+00	
GOBP_CELLULAR_RESPONSE_TO_POTASSIUM_ION	go_bp	0	6	13	34	2920	1.000000e+00	1.000000e+00	
GOBP_CELLULAR_RESPONSE_TO_THYROID_HORMONE_STIMULUS	go_bp	0	6	12	34	2920	1.000000e+00	1.000000e+00	
GOBP_CELL_CELL_SIGNALING_INVOLVED_IN_CARDIAC_CONDUCTION	go_bp	0	6	34	34	2920	1.000000e+00	1.000000e+00	
GOBP_CELL_FATE_COMMITMENT_INVOLVED_IN_FORMATION_OF_PRIMARY_GERM_LAYER	go_bp	0	6	33	34	2920	1.000000e+00	1.000000e+00	
GOBP_CELL_FATE_DETERMINATION	go_bp	0	6	42	34	2920	1.000000e+00	1.000000e+00	
GOBP_CELL_MIGRATION_INVOLVED_IN_HEART_DEVELOPMENT	go_bp	0	6	21	34	2920	1.000000e+00	1.000000e+00	
GOBP_CHAPERONE_COFACTOR_DEPENDENT_PROTEIN_REFOLDING	go_bp	0	6	32	34	2920	1.000000e+00	1.000000e+00	
GOBP_CHONDROCYTE_DIFFERENTIATION_INVOLVED_IN_ENDOCHONDRAL_BONE_MORPHOGENESIS	go_bp	0	6	14	34	2920	1.000000e+00	1.000000e+00	
GOBP_CHONDROCYTE_PROLIFERATION	go_bp	0	6	26	34	2920	1.000000e+00	1.000000e+00	
GOBP_CIRCADIAN_SLEEP_WAKE_CYCLE_SLEEP	go_bp	0	6	16	34	2920	1.000000e+00	1.000000e+00	
GOBP_COLLECTING_DUCT_DEVELOPMENT	go_bp	0	6	15	34	2920	1.000000e+00	1.000000e+00	
GOBP_COMMISSURAL_NEURON_AXON_GUIDANCE	go_bp	0	6	13	34	2920	1.000000e+00	1.000000e+00	
GOBP_CONNECTIVE_TISSUE_REPLACEMENT	go_bp	0	6	22	34	2920	1.000000e+00	1.000000e+00	
GOBP_COPULATION	go_bp	0	6	19	34	2920	1.000000e+00	1.000000e+00	
GOBP_CORTICAL_ACTIN_CYTOSKELETON_ORGANIZATION	go_bp	0	6	43	34	2920	1.000000e+00	1.000000e+00	
GOBP_CYTOPLASMIC_TRANSLATIONAL_INITIATION	go_bp	0	6	44	34	2920	1.000000e+00	1.000000e+00	
GOBP_DENDRITIC_CELL_ANTIGEN_PROCESSING_AND_PRESENTATION	go_bp	0	6	16	34	2920	1.000000e+00	1.000000e+00	
GOBP_DEOXYRIBONUCLEOSIDE_MONOPHOSPHATE_CATABOLIC_PROCESS	go_bp	0	6	14	34	2920	1.000000e+00	1.000000e+00	
GOBP_DEOXYRIBONUCLEOSIDE_TRIPHOSPHATE_METABOLIC_PROCESS	go_bp	0	6	9	34	2920	1.000000e+00	1.000000e+00	
GOBP_DEOXYRIBONUCLEOTIDE_BIOSYNTHETIC_PROCESS	go_bp	0	6	14	34	2920	1.000000e+00	1.000000e+00	
GOBP_DETECTION_OF_MECHANICAL_STIMULUS_INVOLVED_IN_SENSORY_PERCEPTION	go_bp	0	6	36	34	2920	1.000000e+00	1.000000e+00	
GOBP_DETECTION_OF_STIMULUS_INVOLVED_IN_SENSORY_PERCEPTION_OF_PAIN	go_bp	0	6	28	34	2920	1.000000e+00	1.000000e+00	
GOBP_DETECTION_OF_TEMPERATURE_STIMULUS	go_bp	0	6	26	34	2920	1.000000e+00	1.000000e+00	
GOBP_DIACYLGLYCEROL_METABOLIC_PROCESS	go_bp	0	6	27	34	2920	1.000000e+00	1.000000e+00	
GOBP_DNA_TEMPLATED_DNA_REPLICATION_MAINTENANCE_OF_FIDELITY	go_bp	0	6	59	34	2920	1.000000e+00	1.000000e+00	
GOBP_DOPAMINE_BIOSYNTHETIC_PROCESS	go_bp	0	6	12	34	2920	1.000000e+00	1.000000e+00	
GOBP_ECTODERM_DEVELOPMENT	go_bp	0	6	21	34	2920	1.000000e+00	1.000000e+00	
GOBP_ELASTIN_METABOLIC_PROCESS	go_bp	0	6	9	34	2920	1.000000e+00	1.000000e+00	
GOBP_EMBRYONIC_BODY_MORPHOGENESIS	go_bp	0	6	12	34	2920	1.000000e+00	1.000000e+00	
GOBP_ENDOPLASMIC_RETICULUM_CALCIUM_ION_HOMEOSTASIS	go_bp	0	6	25	34	2920	1.000000e+00	1.000000e+00	
GOBP_ENDOPLASMIC_RETICULUM_TO_CYTOSOL_TRANSPORT	go_bp	0	6	28	34	2920	1.000000e+00	1.000000e+00	
GOBP_EPITHELIAL_CELL_CELL_ADHESION	go_bp	0	6	17	34	2920	1.000000e+00	1.000000e+00	
GOBP_ESTABLISHMENT_OF_EPITHELIAL_CELL_APICAL_BASAL_POLARITY	go_bp	0	6	19	34	2920	1.000000e+00	1.000000e+00	
GOBP_ESTABLISHMENT_OF_PROTEIN_LOCALIZATION_TO_MITOCHONDRIAL_MEMBRANE	go_bp	0	6	35	34	2920	1.000000e+00	1.000000e+00	
GOBP_ESTABLISHMENT_OF_SPINDLE_ORIENTATION	go_bp	0	6	42	34	2920	1.000000e+00	1.000000e+00	
GOBP_ESTABLISHMENT_OF_TISSUE_POLARITY	go_bp	0	6	37	34	2920	1.000000e+00	1.000000e+00	
GOBP_EXTRACELLULAR_MATRIX_CONSTITUENT_SECRETION	go_bp	0	6	13	34	2920	1.000000e+00	1.000000e+00	
GOBP_FATTY_ACID_DERIVATIVE_BIOSYNTHETIC_PROCESS	go_bp	0	6	52	34	2920	1.000000e+00	1.000000e+00	
GOBP_FEMALE_GENITALIA_DEVELOPMENT	go_bp	0	6	19	34	2920	1.000000e+00	1.000000e+00	
GOBP_FEVER_GENERATION	go_bp	0	6	11	34	2920	1.000000e+00	1.000000e+00	
GOBP_G1_TO_G0_TRANSITION	go_bp	0	6	19	34	2920	1.000000e+00	1.000000e+00	
GOBP_GLANDULAR_EPITHELIAL_CELL_DEVELOPMENT	go_bp	0	6	36	34	2920	1.000000e+00	1.000000e+00	
GOBP_GLOMERULUS_MORPHOGENESIS	go_bp	0	6	9	34	2920	1.000000e+00	1.000000e+00	
GOBP_GLUCOSAMINE_CONTAINING_COMPOUND_CATABOLIC_PROCESS	go_bp	0	6	9	34	2920	1.000000e+00	1.000000e+00	
GOBP_GLUTAMATE_RECEPTOR_SIGNALING_PATHWAY	go_bp	0	6	52	34	2920	1.000000e+00	1.000000e+00	
GOBP_GMP_METABOLIC_PROCESS	go_bp	0	6	28	34	2920	1.000000e+00	1.000000e+00	
GOBP_GOLGI_TO_VACUOLE_TRANSPORT	go_bp	0	6	20	34	2920	1.000000e+00	1.000000e+00	
GOBP_G_PROTEIN_COUPLED_ACETYLCHOLINE_RECEPTOR_SIGNALING_PATHWAY	go_bp	0	6	21	34	2920	1.000000e+00	1.000000e+00	
GOBP_HEAT_GENERATION	go_bp	0	6	18	34	2920	1.000000e+00	1.000000e+00	
GOBP_HISTAMINE_SECRETION	go_bp	0	6	14	34	2920	1.000000e+00	1.000000e+00	
GOBP_HISTAMINE_TRANSPORT	go_bp	0	6	17	34	2920	1.000000e+00	1.000000e+00	
GOBP_HOMOLOGOUS_CHROMOSOME_SEGREGATION	go_bp	0	6	67	34	2920	1.000000e+00	1.000000e+00	
GOBP_IMPORT_INTO_THE_MITOCHONDRION	go_bp	0	6	50	34	2920	1.000000e+00	1.000000e+00	
GOBP_INDOLE_CONTAINING_COMPOUND_METABOLIC_PROCESS	go_bp	0	6	24	34	2920	1.000000e+00	1.000000e+00	
GOBP_INHIBITORY_SYNAPSE_ASSEMBLY	go_bp	0	6	27	34	2920	1.000000e+00	1.000000e+00	
GOBP_INNER_MITOCHONDRIAL_MEMBRANE_ORGANIZATION	go_bp	0	6	45	34	2920	1.000000e+00	1.000000e+00	
GOBP_INOSITOL_PHOSPHATE_BIOSYNTHETIC_PROCESS	go_bp	0	6	26	34	2920	1.000000e+00	1.000000e+00	
GOBP_INTERLEUKIN_6_MEDIATED_SIGNALING_PATHWAY	go_bp	0	6	26	34	2920	1.000000e+00	1.000000e+00	
GOBP_INTESTINAL_EPITHELIAL_CELL_DEVELOPMENT	go_bp	0	6	18	34	2920	1.000000e+00	1.000000e+00	
GOBP_INTRACELLULAR_SODIUM_ION_HOMEOSTASIS	go_bp	0	6	22	34	2920	1.000000e+00	1.000000e+00	
GOBP_I_KAPPAB_PHOSPHORYLATION	go_bp	0	6	16	34	2920	1.000000e+00	1.000000e+00	
GOBP_LACTATE_METABOLIC_PROCESS	go_bp	0	6	18	34	2920	1.000000e+00	1.000000e+00	
GOBP_LAMELLIPODIUM_MORPHOGENESIS	go_bp	0	6	18	34	2920	1.000000e+00	1.000000e+00	
GOBP_LATERAL_MESODERM_DEVELOPMENT	go_bp	0	6	18	34	2920	1.000000e+00	1.000000e+00	
GOBP_LATE_ENDOSOME_TO_VACUOLE_TRANSPORT_VIA_MULTIVESICULAR_BODY_SORTING_PATHWAY	go_bp	0	6	27	34	2920	1.000000e+00	1.000000e+00	
GOBP_LEUKOCYTE_CHEMOTAXIS_INVOLVED_IN_INFLAMMATORY_RESPONSE	go_bp	0	6	8	34	2920	1.000000e+00	1.000000e+00	
GOBP_LEUKOTRIENE_BIOSYNTHETIC_PROCESS	go_bp	0	6	21	34	2920	1.000000e+00	1.000000e+00	
GOBP_LIGAND_GATED_ION_CHANNEL_SIGNALING_PATHWAY	go_bp	0	6	32	34	2920	1.000000e+00	1.000000e+00	
GOBP_LIPOPROTEIN_CATABOLIC_PROCESS	go_bp	0	6	15	34	2920	1.000000e+00	1.000000e+00	
GOBP_L_AMINO_ACID_TRANSPORT	go_bp	0	6	97	34	2920	1.000000e+00	1.000000e+00	
GOBP_MAMMARY_GLAND_EPITHELIAL_CELL_DIFFERENTIATION	go_bp	0	6	17	34	2920	1.000000e+00	1.000000e+00	
GOBP_MEMBRANE_DEPOLARIZATION_DURING_CARDIAC_MUSCLE_CELL_ACTION_POTENTIAL	go_bp	0	6	22	34	2920	1.000000e+00	1.000000e+00	
GOBP_MEMBRANE_RAFT_ORGANIZATION	go_bp	0	6	26	34	2920	1.000000e+00	1.000000e+00	
GOBP_METANEPHRIC_NEPHRON_MORPHOGENESIS	go_bp	0	6	24	34	2920	1.000000e+00	1.000000e+00	
GOBP_METHIONINE_METABOLIC_PROCESS	go_bp	0	6	16	34	2920	1.000000e+00	1.000000e+00	
GOBP_MICROTUBULE_ANCHORING	go_bp	0	6	25	34	2920	1.000000e+00	1.000000e+00	
GOBP_MICROTUBULE_ORGANIZING_CENTER_LOCALIZATION	go_bp	0	6	32	34	2920	1.000000e+00	1.000000e+00	
GOBP_MICROVILLUS_ASSEMBLY	go_bp	0	6	22	34	2920	1.000000e+00	1.000000e+00	
GOBP_MINERALOCORTICOID_METABOLIC_PROCESS	go_bp	0	6	14	34	2920	1.000000e+00	1.000000e+00	
GOBP_MISMATCH_REPAIR	go_bp	0	6	35	34	2920	1.000000e+00	1.000000e+00	
GOBP_MITOCHONDRIAL_FUSION	go_bp	0	6	35	34	2920	1.000000e+00	1.000000e+00	
GOBP_MITOTIC_G2_DNA_DAMAGE_CHECKPOINT_SIGNALING	go_bp	0	6	37	34	2920	1.000000e+00	1.000000e+00	
GOBP_MITOTIC_SISTER_CHROMATID_SEPARATION	go_bp	0	6	63	34	2920	1.000000e+00	1.000000e+00	
GOBP_MODIFIED_AMINO_ACID_TRANSPORT	go_bp	0	6	42	34	2920	1.000000e+00	1.000000e+00	
GOBP_MONOCYTE_ACTIVATION	go_bp	0	6	12	34	2920	1.000000e+00	1.000000e+00	
GOBP_MONOCYTE_EXTRAVASATION	go_bp	0	6	11	34	2920	1.000000e+00	1.000000e+00	
GOBP_MRNA_CIS_SPLICING_VIA_SPLICEOSOME	go_bp	0	6	46	34	2920	1.000000e+00	1.000000e+00	
GOBP_MRNA_TRANSCRIPTION	go_bp	0	6	50	34	2920	1.000000e+00	1.000000e+00	
GOBP_MUCUS_SECRETION	go_bp	0	6	19	34	2920	1.000000e+00	1.000000e+00	
GOBP_MULTICELLULAR_ORGANISMAL_LEVEL_IRON_ION_HOMEOSTASIS	go_bp	0	6	25	34	2920	1.000000e+00	1.000000e+00	
GOBP_MYOBLAST_MIGRATION	go_bp	0	6	13	34	2920	1.000000e+00	1.000000e+00	
GOBP_NADH_METABOLIC_PROCESS	go_bp	0	6	33	34	2920	1.000000e+00	1.000000e+00	
GOBP_NEGATIVE_REGULATION_BY_HOST_OF_VIRAL_TRANSCRIPTION	go_bp	0	6	14	34	2920	1.000000e+00	1.000000e+00	
GOBP_NEGATIVE_REGULATION_OF_ALCOHOL_BIOSYNTHETIC_PROCESS	go_bp	0	6	19	34	2920	1.000000e+00	1.000000e+00	
GOBP_NEGATIVE_REGULATION_OF_BONE_REMODELING	go_bp	0	6	18	34	2920	1.000000e+00	1.000000e+00	
GOBP_NEGATIVE_REGULATION_OF_B_CELL_APOPTOTIC_PROCESS	go_bp	0	6	15	34	2920	1.000000e+00	1.000000e+00	
GOBP_NEGATIVE_REGULATION_OF_CALCIUM_MEDIATED_SIGNALING	go_bp	0	6	22	34	2920	1.000000e+00	1.000000e+00	
GOBP_NEGATIVE_REGULATION_OF_CELLULAR_EXTRAVASATION	go_bp	0	6	9	34	2920	1.000000e+00	1.000000e+00	
GOBP_NEGATIVE_REGULATION_OF_CELL_SUBSTRATE_JUNCTION_ORGANIZATION	go_bp	0	6	16	34	2920	1.000000e+00	1.000000e+00	
GOBP_NEGATIVE_REGULATION_OF_DEPHOSPHORYLATION	go_bp	0	6	31	34	2920	1.000000e+00	1.000000e+00	
GOBP_NEGATIVE_REGULATION_OF_FATTY_ACID_METABOLIC_PROCESS	go_bp	0	6	42	34	2920	1.000000e+00	1.000000e+00	
GOBP_NEGATIVE_REGULATION_OF_FIBROBLAST_GROWTH_FACTOR_RECEPTOR_SIGNALING_PATHWAY	go_bp	0	6	25	34	2920	1.000000e+00	1.000000e+00	
GOBP_NEGATIVE_REGULATION_OF_GLUCOSE_IMPORT	go_bp	0	6	16	34	2920	1.000000e+00	1.000000e+00	
GOBP_NEGATIVE_REGULATION_OF_IMMUNOGLOBULIN_PRODUCTION	go_bp	0	6	12	34	2920	1.000000e+00	1.000000e+00	
GOBP_NEGATIVE_REGULATION_OF_INTERLEUKIN_17_PRODUCTION	go_bp	0	6	23	34	2920	1.000000e+00	1.000000e+00	
GOBP_NEGATIVE_REGULATION_OF_INTRINSIC_APOPTOTIC_SIGNALING_PATHWAY_BY_P53_CLASS_MEDIATOR	go_bp	0	6	23	34	2920	1.000000e+00	1.000000e+00	
GOBP_NEGATIVE_REGULATION_OF_JNK_CASCADE	go_bp	0	6	35	34	2920	1.000000e+00	1.000000e+00	
GOBP_NEGATIVE_REGULATION_OF_KERATINOCYTE_PROLIFERATION	go_bp	0	6	24	34	2920	1.000000e+00	1.000000e+00	
GOBP_NEGATIVE_REGULATION_OF_LIPASE_ACTIVITY	go_bp	0	6	15	34	2920	1.000000e+00	1.000000e+00	
GOBP_NEGATIVE_REGULATION_OF_LIPID_CATABOLIC_PROCESS	go_bp	0	6	28	34	2920	1.000000e+00	1.000000e+00	
GOBP_NEGATIVE_REGULATION_OF_LIPID_STORAGE	go_bp	0	6	22	34	2920	1.000000e+00	1.000000e+00	
GOBP_NEGATIVE_REGULATION_OF_LONG_TERM_SYNAPTIC_POTENTIATION	go_bp	0	6	14	34	2920	1.000000e+00	1.000000e+00	
GOBP_NEGATIVE_REGULATION_OF_MYELOID_LEUKOCYTE_MEDIATED_IMMUNITY	go_bp	0	6	11	34	2920	1.000000e+00	1.000000e+00	
GOBP_NEGATIVE_REGULATION_OF_NATURAL_KILLER_CELL_ACTIVATION	go_bp	0	6	10	34	2920	1.000000e+00	1.000000e+00	
GOBP_NEGATIVE_REGULATION_OF_NERVOUS_SYSTEM_PROCESS	go_bp	0	6	16	34	2920	1.000000e+00	1.000000e+00	
GOBP_NEGATIVE_REGULATION_OF_NON_CANONICAL_NF_KAPPAB_SIGNAL_TRANSDUCTION	go_bp	0	6	39	34	2920	1.000000e+00	1.000000e+00	
GOBP_NEGATIVE_REGULATION_OF_NOTCH_SIGNALING_PATHWAY	go_bp	0	6	39	34	2920	1.000000e+00	1.000000e+00	
GOBP_NEGATIVE_REGULATION_OF_ORGANIC_ACID_TRANSPORT	go_bp	0	6	23	34	2920	1.000000e+00	1.000000e+00	
GOBP_NEGATIVE_REGULATION_OF_OXIDOREDUCTASE_ACTIVITY	go_bp	0	6	22	34	2920	1.000000e+00	1.000000e+00	
GOBP_NEGATIVE_REGULATION_OF_POTASSIUM_ION_TRANSMEMBRANE_TRANSPORT	go_bp	0	6	30	34	2920	1.000000e+00	1.000000e+00	
GOBP_NEGATIVE_REGULATION_OF_RECEPTOR_BINDING	go_bp	0	6	12	34	2920	1.000000e+00	1.000000e+00	
GOBP_NEGATIVE_REGULATION_OF_RELEASE_OF_CYTOCHROME_C_FROM_MITOCHONDRIA	go_bp	0	6	20	34	2920	1.000000e+00	1.000000e+00	
GOBP_NEGATIVE_REGULATION_OF_SMAD_PROTEIN_SIGNAL_TRANSDUCTION	go_bp	0	6	38	34	2920	1.000000e+00	1.000000e+00	
GOBP_NEGATIVE_REGULATION_OF_SYSTEMIC_ARTERIAL_BLOOD_PRESSURE	go_bp	0	6	23	34	2920	1.000000e+00	1.000000e+00	
GOBP_NEPHRIC_DUCT_DEVELOPMENT	go_bp	0	6	15	34	2920	1.000000e+00	1.000000e+00	
GOBP_NEURONAL_ACTION_POTENTIAL	go_bp	0	6	35	34	2920	1.000000e+00	1.000000e+00	
GOBP_NEURON_REMODELING	go_bp	0	6	15	34	2920	1.000000e+00	1.000000e+00	
GOBP_NEUROTRANSMITTER_RECEPTOR_TRANSPORT	go_bp	0	6	26	34	2920	1.000000e+00	1.000000e+00	
GOBP_NOTOCHORD_DEVELOPMENT	go_bp	0	6	19	34	2920	1.000000e+00	1.000000e+00	
GOBP_NUCLEAR_MIGRATION	go_bp	0	6	25	34	2920	1.000000e+00	1.000000e+00	
GOBP_NUCLEOBASE_BIOSYNTHETIC_PROCESS	go_bp	0	6	18	34	2920	1.000000e+00	1.000000e+00	
GOBP_NUCLEOTIDE_BINDING_OLIGOMERIZATION_DOMAIN_CONTAINING_2_SIGNALING_PATHWAY	go_bp	0	6	19	34	2920	1.000000e+00	1.000000e+00	
GOBP_N_ACETYLGLUCOSAMINE_METABOLIC_PROCESS	go_bp	0	6	18	34	2920	1.000000e+00	1.000000e+00	
GOBP_ORGAN_INDUCTION	go_bp	0	6	22	34	2920	1.000000e+00	1.000000e+00	
GOBP_PARASYMPATHETIC_NERVOUS_SYSTEM_DEVELOPMENT	go_bp	0	6	19	34	2920	1.000000e+00	1.000000e+00	
GOBP_PERICYTE_CELL_DIFFERENTIATION	go_bp	0	6	11	34	2920	1.000000e+00	1.000000e+00	
GOBP_PHOSPHATE_ION_HOMEOSTASIS	go_bp	0	6	20	34	2920	1.000000e+00	1.000000e+00	
GOBP_PHOSPHATIDYLCHOLINE_BIOSYNTHETIC_PROCESS	go_bp	0	6	29	34	2920	1.000000e+00	1.000000e+00	
GOBP_PHOSPHATIDYLETHANOLAMINE_METABOLIC_PROCESS	go_bp	0	6	29	34	2920	1.000000e+00	1.000000e+00	
GOBP_PHOSPHATIDYLGLYCEROL_METABOLIC_PROCESS	go_bp	0	6	35	34	2920	1.000000e+00	1.000000e+00	
GOBP_POSITIVE_REGULATION_OF_ACROSOME_REACTION	go_bp	0	6	11	34	2920	1.000000e+00	1.000000e+00	
GOBP_POSITIVE_REGULATION_OF_ANTIGEN_RECEPTOR_MEDIATED_SIGNALING_PATHWAY	go_bp	0	6	29	34	2920	1.000000e+00	1.000000e+00	
GOBP_POSITIVE_REGULATION_OF_ARTERY_MORPHOGENESIS	go_bp	0	6	6	34	2920	1.000000e+00	1.000000e+00	
GOBP_POSITIVE_REGULATION_OF_ASTROCYTE_DIFFERENTIATION	go_bp	0	6	13	34	2920	1.000000e+00	1.000000e+00	
GOBP_POSITIVE_REGULATION_OF_CELLULAR_RESPIRATION	go_bp	0	6	13	34	2920	1.000000e+00	1.000000e+00	
GOBP_POSITIVE_REGULATION_OF_CELLULAR_RESPONSE_TO_TRANSFORMING_GROWTH_FACTOR_BETA_STIMULUS	go_bp	0	6	33	34	2920	1.000000e+00	1.000000e+00	
GOBP_POSITIVE_REGULATION_OF_CILIUM_ASSEMBLY	go_bp	0	6	31	34	2920	1.000000e+00	1.000000e+00	
GOBP_POSITIVE_REGULATION_OF_COA_TRANSFERASE_ACTIVITY	go_bp	0	6	8	34	2920	1.000000e+00	1.000000e+00	
GOBP_POSITIVE_REGULATION_OF_CORTICOSTEROID_HORMONE_SECRETION	go_bp	0	6	7	34	2920	1.000000e+00	1.000000e+00	
GOBP_POSITIVE_REGULATION_OF_DEFENSE_RESPONSE_TO_VIRUS_BY_HOST	go_bp	0	6	30	34	2920	1.000000e+00	1.000000e+00	
GOBP_POSITIVE_REGULATION_OF_EXECUTION_PHASE_OF_APOPTOSIS	go_bp	0	6	14	34	2920	1.000000e+00	1.000000e+00	
GOBP_POSITIVE_REGULATION_OF_FIBROBLAST_GROWTH_FACTOR_RECEPTOR_SIGNALING_PATHWAY	go_bp	0	6	9	34	2920	1.000000e+00	1.000000e+00	
GOBP_POSITIVE_REGULATION_OF_HAIR_FOLLICLE_DEVELOPMENT	go_bp	0	6	12	34	2920	1.000000e+00	1.000000e+00	
GOBP_POSITIVE_REGULATION_OF_HEART_RATE	go_bp	0	6	25	34	2920	1.000000e+00	1.000000e+00	
GOBP_POSITIVE_REGULATION_OF_HORMONE_BIOSYNTHETIC_PROCESS	go_bp	0	6	9	34	2920	1.000000e+00	1.000000e+00	
GOBP_POSITIVE_REGULATION_OF_MAST_CELL_CHEMOTAXIS	go_bp	0	6	6	34	2920	1.000000e+00	1.000000e+00	
GOBP_POSITIVE_REGULATION_OF_MONOCYTE_CHEMOTACTIC_PROTEIN_1_PRODUCTION	go_bp	0	6	15	34	2920	1.000000e+00	1.000000e+00	
GOBP_POSITIVE_REGULATION_OF_MRNA_CATABOLIC_PROCESS	go_bp	0	6	203	34	2920	1.000000e+00	1.000000e+00	
GOBP_POSITIVE_REGULATION_OF_NATURAL_KILLER_CELL_MEDIATED_IMMUNE_RESPONSE_TO_TUMOR_CELL	go_bp	0	6	7	34	2920	1.000000e+00	1.000000e+00	
GOBP_POSITIVE_REGULATION_OF_NON_CANONICAL_WNT_SIGNALING_PATHWAY	go_bp	0	6	15	34	2920	1.000000e+00	1.000000e+00	
GOBP_POSITIVE_REGULATION_OF_NUCLEOTIDE_BIOSYNTHETIC_PROCESS	go_bp	0	6	15	34	2920	1.000000e+00	1.000000e+00	
GOBP_POSITIVE_REGULATION_OF_OSTEOBLAST_PROLIFERATION	go_bp	0	6	13	34	2920	1.000000e+00	1.000000e+00	
GOBP_POSITIVE_REGULATION_OF_PEPTIDYL_THREONINE_PHOSPHORYLATION	go_bp	0	6	28	34	2920	1.000000e+00	1.000000e+00	
GOBP_POSITIVE_REGULATION_OF_PHOSPHATASE_ACTIVITY	go_bp	0	6	26	34	2920	1.000000e+00	1.000000e+00	
GOBP_POSITIVE_REGULATION_OF_PROTEIN_CONTAINING_COMPLEX_DISASSEMBLY	go_bp	0	6	37	34	2920	1.000000e+00	1.000000e+00	
GOBP_POSITIVE_REGULATION_OF_SMOOTHENED_SIGNALING_PATHWAY	go_bp	0	6	37	34	2920	1.000000e+00	1.000000e+00	
GOBP_POSITIVE_REGULATION_OF_SMOOTH_MUSCLE_CELL_APOPTOTIC_PROCESS	go_bp	0	6	20	34	2920	1.000000e+00	1.000000e+00	
GOBP_POSITIVE_REGULATION_OF_STRESS_ACTIVATED_PROTEIN_KINASE_SIGNALING_CASCADE	go_bp	0	6	22	34	2920	1.000000e+00	1.000000e+00	
GOBP_POSITIVE_REGULATION_OF_VACUOLE_ORGANIZATION	go_bp	0	6	25	34	2920	1.000000e+00	1.000000e+00	
GOBP_PRIMARY_ALCOHOL_BIOSYNTHETIC_PROCESS	go_bp	0	6	14	34	2920	1.000000e+00	1.000000e+00	
GOBP_PRIMARY_MIRNA_PROCESSING	go_bp	0	6	19	34	2920	1.000000e+00	1.000000e+00	
GOBP_PROGESTERONE_METABOLIC_PROCESS	go_bp	0	6	16	34	2920	1.000000e+00	1.000000e+00	
GOBP_PROSTATE_GLAND_GROWTH	go_bp	0	6	11	34	2920	1.000000e+00	1.000000e+00	
GOBP_PROTEIN_LOCALIZATION_TO_CELL_CELL_JUNCTION	go_bp	0	6	22	34	2920	1.000000e+00	1.000000e+00	
GOBP_PROTEIN_LOCALIZATION_TO_GOLGI_APPARATUS	go_bp	0	6	31	34	2920	1.000000e+00	1.000000e+00	
GOBP_PROTEIN_LOCALIZATION_TO_MICROTUBULE_ORGANIZING_CENTER	go_bp	0	6	37	34	2920	1.000000e+00	1.000000e+00	
GOBP_PROTEIN_N_LINKED_GLYCOSYLATION	go_bp	0	6	72	34	2920	1.000000e+00	1.000000e+00	
GOBP_PROTEIN_PEPTIDYL_PROLYL_ISOMERIZATION	go_bp	0	6	25	34	2920	1.000000e+00	1.000000e+00	
GOBP_PROTEIN_SUMOYLATION	go_bp	0	6	68	34	2920	1.000000e+00	1.000000e+00	
GOBP_PURINE_CONTAINING_COMPOUND_SALVAGE	go_bp	0	6	15	34	2920	1.000000e+00	1.000000e+00	
GOBP_PURINE_DEOXYRIBONUCLEOTIDE_METABOLIC_PROCESS	go_bp	0	6	16	34	2920	1.000000e+00	1.000000e+00	
GOBP_PURINE_NUCLEOSIDE_BIOSYNTHETIC_PROCESS	go_bp	0	6	11	34	2920	1.000000e+00	1.000000e+00	
GOBP_PURINE_NUCLEOSIDE_MONOPHOSPHATE_CATABOLIC_PROCESS	go_bp	0	6	11	34	2920	1.000000e+00	1.000000e+00	
GOBP_RECEPTOR_MEDIATED_ENDOCYTOSIS_OF_VIRUS_BY_HOST_CELL	go_bp	0	6	11	34	2920	1.000000e+00	1.000000e+00	
GOBP_REGULATION_OF_ACTIVATION_OF_JANUS_KINASE_ACTIVITY	go_bp	0	6	8	34	2920	1.000000e+00	1.000000e+00	
GOBP_REGULATION_OF_ACTIVIN_RECEPTOR_SIGNALING_PATHWAY	go_bp	0	6	27	34	2920	1.000000e+00	1.000000e+00	
GOBP_REGULATION_OF_ACUTE_INFLAMMATORY_RESPONSE_TO_ANTIGENIC_STIMULUS	go_bp	0	6	16	34	2920	1.000000e+00	1.000000e+00	
GOBP_REGULATION_OF_ANDROGEN_RECEPTOR_SIGNALING_PATHWAY	go_bp	0	6	29	34	2920	1.000000e+00	1.000000e+00	
GOBP_REGULATION_OF_ANGIOTENSIN_LEVELS_IN_BLOOD	go_bp	0	6	10	34	2920	1.000000e+00	1.000000e+00	
GOBP_REGULATION_OF_ANTIMICROBIAL_HUMORAL_RESPONSE	go_bp	0	6	12	34	2920	1.000000e+00	1.000000e+00	
GOBP_REGULATION_OF_ANTIMICROBIAL_PEPTIDE_PRODUCTION	go_bp	0	6	9	34	2920	1.000000e+00	1.000000e+00	
GOBP_REGULATION_OF_APOPTOTIC_CELL_CLEARANCE	go_bp	0	6	10	34	2920	1.000000e+00	1.000000e+00	
GOBP_REGULATION_OF_ARTERY_MORPHOGENESIS	go_bp	0	6	13	34	2920	1.000000e+00	1.000000e+00	
GOBP_REGULATION_OF_AXON_EXTENSION_INVOLVED_IN_AXON_GUIDANCE	go_bp	0	6	17	34	2920	1.000000e+00	1.000000e+00	
GOBP_REGULATION_OF_BICELLULAR_TIGHT_JUNCTION_ASSEMBLY	go_bp	0	6	24	34	2920	1.000000e+00	1.000000e+00	
GOBP_REGULATION_OF_BLOOD_VESSEL_REMODELING	go_bp	0	6	12	34	2920	1.000000e+00	1.000000e+00	
GOBP_REGULATION_OF_CALCIUM_ION_TRANSPORT_INTO_CYTOSOL	go_bp	0	6	18	34	2920	1.000000e+00	1.000000e+00	
GOBP_REGULATION_OF_CAMP_DEPENDENT_PROTEIN_KINASE_ACTIVITY	go_bp	0	6	13	34	2920	1.000000e+00	1.000000e+00	
GOBP_REGULATION_OF_CARDIAC_MUSCLE_CONTRACTION_BY_REGULATION_OF_THE_RELEASE_OF_SEQUESTERED_CALCIUM_ION	go_bp	0	6	22	34	2920	1.000000e+00	1.000000e+00	
GOBP_REGULATION_OF_CATECHOLAMINE_METABOLIC_PROCESS	go_bp	0	6	18	34	2920	1.000000e+00	1.000000e+00	
GOBP_REGULATION_OF_CELLULAR_RESPONSE_TO_HEAT	go_bp	0	6	16	34	2920	1.000000e+00	1.000000e+00	
GOBP_REGULATION_OF_CELL_CYCLE_CHECKPOINT	go_bp	0	6	45	34	2920	1.000000e+00	1.000000e+00	
GOBP_REGULATION_OF_CELL_PROJECTION_SIZE	go_bp	0	6	12	34	2920	1.000000e+00	1.000000e+00	
GOBP_REGULATION_OF_COA_TRANSFERASE_ACTIVITY	go_bp	0	6	10	34	2920	1.000000e+00	1.000000e+00	
GOBP_REGULATION_OF_COMPLEMENT_ACTIVATION_CLASSICAL_PATHWAY	go_bp	0	6	9	34	2920	1.000000e+00	1.000000e+00	
GOBP_REGULATION_OF_CYSTEINE_TYPE_ENDOPEPTIDASE_ACTIVITY_INVOLVED_IN_APOPTOTIC_SIGNALING_PATHWAY	go_bp	0	6	11	34	2920	1.000000e+00	1.000000e+00	
GOBP_REGULATION_OF_DEFENSE_RESPONSE_TO_BACTERIUM	go_bp	0	6	20	34	2920	1.000000e+00	1.000000e+00	
GOBP_REGULATION_OF_DENDRITIC_CELL_CHEMOTAXIS	go_bp	0	6	10	34	2920	1.000000e+00	1.000000e+00	
GOBP_REGULATION_OF_DNA_DAMAGE_RESPONSE_SIGNAL_TRANSDUCTION_BY_P53_CLASS_MEDIATOR	go_bp	0	6	37	34	2920	1.000000e+00	1.000000e+00	
GOBP_REGULATION_OF_ENDOPLASMIC_RETICULUM_UNFOLDED_PROTEIN_RESPONSE	go_bp	0	6	30	34	2920	1.000000e+00	1.000000e+00	
GOBP_REGULATION_OF_FATTY_ACID_OXIDATION	go_bp	0	6	34	34	2920	1.000000e+00	1.000000e+00	
GOBP_REGULATION_OF_GLIAL_CELL_APOPTOTIC_PROCESS	go_bp	0	6	12	34	2920	1.000000e+00	1.000000e+00	
GOBP_REGULATION_OF_GLYCOGEN_METABOLIC_PROCESS	go_bp	0	6	38	34	2920	1.000000e+00	1.000000e+00	
GOBP_REGULATION_OF_GRANULOCYTE_DIFFERENTIATION	go_bp	0	6	16	34	2920	1.000000e+00	1.000000e+00	
GOBP_REGULATION_OF_HEMATOPOIETIC_STEM_CELL_PROLIFERATION	go_bp	0	6	17	34	2920	1.000000e+00	1.000000e+00	
GOBP_REGULATION_OF_INOSITOL_PHOSPHATE_BIOSYNTHETIC_PROCESS	go_bp	0	6	15	34	2920	1.000000e+00	1.000000e+00	
GOBP_REGULATION_OF_INTEGRIN_ACTIVATION	go_bp	0	6	17	34	2920	1.000000e+00	1.000000e+00	
GOBP_REGULATION_OF_INTERLEUKIN_1_MEDIATED_SIGNALING_PATHWAY	go_bp	0	6	11	34	2920	1.000000e+00	1.000000e+00	
GOBP_REGULATION_OF_INTESTINAL_ABSORPTION	go_bp	0	6	12	34	2920	1.000000e+00	1.000000e+00	
GOBP_REGULATION_OF_INTESTINAL_LIPID_ABSORPTION	go_bp	0	6	10	34	2920	1.000000e+00	1.000000e+00	
GOBP_REGULATION_OF_INTRINSIC_APOPTOTIC_SIGNALING_PATHWAY_IN_RESPONSE_TO_DNA_DAMAGE_BY_P53_CLASS_MEDIATOR	go_bp	0	6	17	34	2920	1.000000e+00	1.000000e+00	
GOBP_REGULATION_OF_KILLING_OF_CELLS_OF_ANOTHER_ORGANISM	go_bp	0	6	9	34	2920	1.000000e+00	1.000000e+00	
GOBP_REGULATION_OF_MAST_CELL_CHEMOTAXIS	go_bp	0	6	8	34	2920	1.000000e+00	1.000000e+00	
GOBP_REGULATION_OF_MEMBRANE_INVAGINATION	go_bp	0	6	15	34	2920	1.000000e+00	1.000000e+00	
GOBP_REGULATION_OF_MITOCHONDRIAL_FISSION	go_bp	0	6	30	34	2920	1.000000e+00	1.000000e+00	
GOBP_REGULATION_OF_MITOTIC_SISTER_CHROMATID_SEGREGATION	go_bp	0	6	55	34	2920	1.000000e+00	1.000000e+00	
GOBP_REGULATION_OF_MOTOR_NEURON_APOPTOTIC_PROCESS	go_bp	0	6	15	34	2920	1.000000e+00	1.000000e+00	
GOBP_REGULATION_OF_MYOBLAST_PROLIFERATION	go_bp	0	6	25	34	2920	1.000000e+00	1.000000e+00	
GOBP_REGULATION_OF_MYOTUBE_DIFFERENTIATION	go_bp	0	6	49	34	2920	1.000000e+00	1.000000e+00	
GOBP_REGULATION_OF_NATURAL_KILLER_CELL_PROLIFERATION	go_bp	0	6	12	34	2920	1.000000e+00	1.000000e+00	
GOBP_REGULATION_OF_NEUTROPHIL_EXTRAVASATION	go_bp	0	6	8	34	2920	1.000000e+00	1.000000e+00	
GOBP_REGULATION_OF_NMDA_RECEPTOR_ACTIVITY	go_bp	0	6	14	34	2920	1.000000e+00	1.000000e+00	
GOBP_REGULATION_OF_PHOSPHOLIPID_TRANSPORT	go_bp	0	6	15	34	2920	1.000000e+00	1.000000e+00	
GOBP_REGULATION_OF_POSTSYNAPTIC_NEUROTRANSMITTER_RECEPTOR_INTERNALIZATION	go_bp	0	6	19	34	2920	1.000000e+00	1.000000e+00	
GOBP_REGULATION_OF_RECEPTOR_CATABOLIC_PROCESS	go_bp	0	6	11	34	2920	1.000000e+00	1.000000e+00	
GOBP_REGULATION_OF_REGULATORY_NCRNA_PROCESSING	go_bp	0	6	17	34	2920	1.000000e+00	1.000000e+00	
GOBP_REGULATION_OF_RESPONSE_TO_FOOD	go_bp	0	6	16	34	2920	1.000000e+00	1.000000e+00	
GOBP_REGULATION_OF_SKELETAL_MUSCLE_TISSUE_DEVELOPMENT	go_bp	0	6	26	34	2920	1.000000e+00	1.000000e+00	
GOBP_REGULATION_OF_SYNAPTIC_VESICLE_RECYCLING	go_bp	0	6	26	34	2920	1.000000e+00	1.000000e+00	
GOBP_REGULATION_OF_THYMOCYTE_APOPTOTIC_PROCESS	go_bp	0	6	13	34	2920	1.000000e+00	1.000000e+00	
GOBP_REGULATION_OF_TRANSLATION_IN_RESPONSE_TO_STRESS	go_bp	0	6	22	34	2920	1.000000e+00	1.000000e+00	
GOBP_REGULATION_OF_TRANSMISSION_OF_NERVE_IMPULSE	go_bp	0	6	16	34	2920	1.000000e+00	1.000000e+00	
GOBP_REGULATION_OF_T_CELL_CHEMOTAXIS	go_bp	0	6	15	34	2920	1.000000e+00	1.000000e+00	
GOBP_REGULATION_OF_T_HELPER_17_CELL_DIFFERENTIATION	go_bp	0	6	24	34	2920	1.000000e+00	1.000000e+00	
GOBP_RELAXATION_OF_CARDIAC_MUSCLE	go_bp	0	6	17	34	2920	1.000000e+00	1.000000e+00	
GOBP_RENAL_SODIUM_EXCRETION	go_bp	0	6	12	34	2920	1.000000e+00	1.000000e+00	
GOBP_REPLICATIVE_SENESCENCE	go_bp	0	6	17	34	2920	1.000000e+00	1.000000e+00	
GOBP_RESPIRATORY_BURST_INVOLVED_IN_DEFENSE_RESPONSE	go_bp	0	6	17	34	2920	1.000000e+00	1.000000e+00	
GOBP_RESPONSE_TO_ACIDIC_PH	go_bp	0	6	26	34	2920	1.000000e+00	1.000000e+00	
GOBP_RESPONSE_TO_ANTIBIOTIC	go_bp	0	6	37	34	2920	1.000000e+00	1.000000e+00	
GOBP_RESPONSE_TO_GLUCAGON	go_bp	0	6	23	34	2920	1.000000e+00	1.000000e+00	
GOBP_RESPONSE_TO_GONADOTROPIN	go_bp	0	6	28	34	2920	1.000000e+00	1.000000e+00	
GOBP_RESPONSE_TO_HEPATOCYTE_GROWTH_FACTOR	go_bp	0	6	18	34	2920	1.000000e+00	1.000000e+00	
GOBP_RESPONSE_TO_INTERFERON_BETA	go_bp	0	6	34	34	2920	1.000000e+00	1.000000e+00	
GOBP_RESPONSE_TO_INTERLEUKIN_12	go_bp	0	6	12	34	2920	1.000000e+00	1.000000e+00	
GOBP_RESPONSE_TO_LIPOTEICHOIC_ACID	go_bp	0	6	10	34	2920	1.000000e+00	1.000000e+00	
GOBP_RESPONSE_TO_L_GLUTAMATE	go_bp	0	6	16	34	2920	1.000000e+00	1.000000e+00	
GOBP_RESPONSE_TO_MANGANESE_ION	go_bp	0	6	18	34	2920	1.000000e+00	1.000000e+00	
GOBP_RESPONSE_TO_PROSTAGLANDIN_E	go_bp	0	6	25	34	2920	1.000000e+00	1.000000e+00	
GOBP_RESPONSE_TO_VITAMIN_E	go_bp	0	6	9	34	2920	1.000000e+00	1.000000e+00	
GOBP_RESPONSE_TO_WATER	go_bp	0	6	13	34	2920	1.000000e+00	1.000000e+00	
GOBP_RETINA_HOMEOSTASIS	go_bp	0	6	55	34	2920	1.000000e+00	1.000000e+00	
GOBP_RETINA_LAYER_FORMATION	go_bp	0	6	25	34	2920	1.000000e+00	1.000000e+00	
GOBP_RETROGRADE_AXONAL_TRANSPORT	go_bp	0	6	22	34	2920	1.000000e+00	1.000000e+00	
GOBP_RETROGRADE_VESICLE_MEDIATED_TRANSPORT_GOLGI_TO_ENDOPLASMIC_RETICULUM	go_bp	0	6	52	34	2920	1.000000e+00	1.000000e+00	
GOBP_SECRETORY_GRANULE_LOCALIZATION	go_bp	0	6	23	34	2920	1.000000e+00	1.000000e+00	
GOBP_SENSORY_PERCEPTION_OF_TASTE	go_bp	0	6	68	34	2920	1.000000e+00	1.000000e+00	
GOBP_SENSORY_PERCEPTION_OF_TEMPERATURE_STIMULUS	go_bp	0	6	29	34	2920	1.000000e+00	1.000000e+00	
GOBP_SEROTONIN_TRANSPORT	go_bp	0	6	22	34	2920	1.000000e+00	1.000000e+00	
GOBP_SISTER_CHROMATID_COHESION	go_bp	0	6	59	34	2920	1.000000e+00	1.000000e+00	
GOBP_SKELETAL_MUSCLE_TISSUE_REGENERATION	go_bp	0	6	43	34	2920	1.000000e+00	1.000000e+00	
GOBP_SNARE_COMPLEX_ASSEMBLY	go_bp	0	6	23	34	2920	1.000000e+00	1.000000e+00	
GOBP_SULFUR_AMINO_ACID_BIOSYNTHETIC_PROCESS	go_bp	0	6	17	34	2920	1.000000e+00	1.000000e+00	
GOBP_SYNAPTIC_VESICLE_CLUSTERING	go_bp	0	6	16	34	2920	1.000000e+00	1.000000e+00	
GOBP_SYNAPTIC_VESICLE_CYTOSKELETAL_TRANSPORT	go_bp	0	6	19	34	2920	1.000000e+00	1.000000e+00	
GOBP_TERTIARY_ALCOHOL_METABOLIC_PROCESS	go_bp	0	6	22	34	2920	1.000000e+00	1.000000e+00	
GOBP_TETRAPYRROLE_BIOSYNTHETIC_PROCESS	go_bp	0	6	35	34	2920	1.000000e+00	1.000000e+00	
GOBP_THYROID_GLAND_DEVELOPMENT	go_bp	0	6	31	34	2920	1.000000e+00	1.000000e+00	
GOBP_THYROID_HORMONE_GENERATION	go_bp	0	6	23	34	2920	1.000000e+00	1.000000e+00	
GOBP_TRAIL_ACTIVATED_APOPTOTIC_SIGNALING_PATHWAY	go_bp	0	6	11	34	2920	1.000000e+00	1.000000e+00	
GOBP_TRANSEPITHELIAL_TRANSPORT	go_bp	0	6	36	34	2920	1.000000e+00	1.000000e+00	
GOBP_TRIGLYCERIDE_RICH_LIPOPROTEIN_PARTICLE_REMODELING	go_bp	0	6	12	34	2920	1.000000e+00	1.000000e+00	
GOBP_T_HELPER_1_CELL_CYTOKINE_PRODUCTION	go_bp	0	6	8	34	2920	1.000000e+00	1.000000e+00	
GOBP_T_HELPER_1_CELL_DIFFERENTIATION	go_bp	0	6	23	34	2920	1.000000e+00	1.000000e+00	
GOBP_T_HELPER_2_CELL_DIFFERENTIATION	go_bp	0	6	18	34	2920	1.000000e+00	1.000000e+00	
GOBP_VAGINA_DEVELOPMENT	go_bp	0	6	10	34	2920	1.000000e+00	1.000000e+00	
GOBP_VENOUS_BLOOD_VESSEL_DEVELOPMENT	go_bp	0	6	16	34	2920	1.000000e+00	1.000000e+00	
GOBP_VIRAL_BUDDING	go_bp	0	6	26	34	2920	1.000000e+00	1.000000e+00	
GOBP_VIRAL_RNA_GENOME_REPLICATION	go_bp	0	6	30	34	2920	1.000000e+00	1.000000e+00	
GOBP_VIRAL_TRANSLATION	go_bp	0	6	20	34	2920	1.000000e+00	1.000000e+00	
GOBP_XENOBIOTIC_CATABOLIC_PROCESS	go_bp	0	6	25	34	2920	1.000000e+00	1.000000e+00	
GOBP_ALTERNATIVE_MRNA_SPLICING_VIA_SPLICEOSOME	go_bp	0	12	73	34	2920	1.000000e+00	1.000000e+00	
GOBP_AMINE_BIOSYNTHETIC_PROCESS	go_bp	0	12	40	34	2920	1.000000e+00	1.000000e+00	
GOBP_ANTEROGRADE_AXONAL_TRANSPORT	go_bp	0	12	51	34	2920	1.000000e+00	1.000000e+00	
GOBP_ASPARTATE_FAMILY_AMINO_ACID_METABOLIC_PROCESS	go_bp	0	12	45	34	2920	1.000000e+00	1.000000e+00	
GOBP_AUTONOMIC_NERVOUS_SYSTEM_DEVELOPMENT	go_bp	0	12	46	34	2920	1.000000e+00	1.000000e+00	
GOBP_AXIS_ELONGATION	go_bp	0	12	30	34	2920	1.000000e+00	1.000000e+00	
GOBP_BLOOD_VESSEL_ENDOTHELIAL_CELL_PROLIFERATION_INVOLVED_IN_SPROUTING_ANGIOGENESIS	go_bp	0	12	55	34	2920	1.000000e+00	1.000000e+00	
GOBP_B_CELL_APOPTOTIC_PROCESS	go_bp	0	12	26	34	2920	1.000000e+00	1.000000e+00	
GOBP_CD4_POSITIVE_ALPHA_BETA_T_CELL_PROLIFERATION	go_bp	0	12	22	34	2920	1.000000e+00	1.000000e+00	
GOBP_CD4_POSITIVE_OR_CD8_POSITIVE_ALPHA_BETA_T_CELL_LINEAGE_COMMITMENT	go_bp	0	12	30	34	2920	1.000000e+00	1.000000e+00	
GOBP_CELLULAR_METABOLIC_COMPOUND_SALVAGE	go_bp	0	12	33	34	2920	1.000000e+00	1.000000e+00	
GOBP_CELLULAR_RESPONSE_TO_ALKALOID	go_bp	0	12	38	34	2920	1.000000e+00	1.000000e+00	
GOBP_CELLULAR_RESPONSE_TO_LIPOPROTEIN_PARTICLE_STIMULUS	go_bp	0	12	41	34	2920	1.000000e+00	1.000000e+00	
GOBP_CELL_CELL_ADHESION_MEDIATED_BY_INTEGRIN	go_bp	0	12	18	34	2920	1.000000e+00	1.000000e+00	
GOBP_CELL_COMMUNICATION_INVOLVED_IN_CARDIAC_CONDUCTION	go_bp	0	12	59	34	2920	1.000000e+00	1.000000e+00	
GOBP_CELL_FATE_SPECIFICATION	go_bp	0	12	110	34	2920	1.000000e+00	1.000000e+00	
GOBP_COLUMNAR_CUBOIDAL_EPITHELIAL_CELL_DEVELOPMENT	go_bp	0	12	54	34	2920	1.000000e+00	1.000000e+00	
GOBP_CYTOKINETIC_PROCESS	go_bp	0	12	47	34	2920	1.000000e+00	1.000000e+00	
GOBP_CYTOPLASMIC_TRANSLATION	go_bp	0	12	163	34	2920	1.000000e+00	1.000000e+00	
GOBP_DEVELOPMENTAL_PIGMENTATION	go_bp	0	12	49	34	2920	1.000000e+00	1.000000e+00	
GOBP_DNA_TEMPLATED_TRANSCRIPTION_ELONGATION	go_bp	0	12	134	34	2920	1.000000e+00	1.000000e+00	
GOBP_DOPAMINE_METABOLIC_PROCESS	go_bp	0	12	41	34	2920	1.000000e+00	1.000000e+00	
GOBP_DORSAL_VENTRAL_PATTERN_FORMATION	go_bp	0	12	90	34	2920	1.000000e+00	1.000000e+00	
GOBP_EMBRYONIC_HEART_TUBE_MORPHOGENESIS	go_bp	0	12	72	34	2920	1.000000e+00	1.000000e+00	
GOBP_ENDOLYSOSOMAL_TOLL_LIKE_RECEPTOR_SIGNALING_PATHWAY	go_bp	0	12	51	34	2920	1.000000e+00	1.000000e+00	
GOBP_ENDOPLASMIC_RETICULUM_ORGANIZATION	go_bp	0	12	102	34	2920	1.000000e+00	1.000000e+00	
GOBP_EPITHELIAL_TUBE_BRANCHING_INVOLVED_IN_LUNG_MORPHOGENESIS	go_bp	0	12	30	34	2920	1.000000e+00	1.000000e+00	
GOBP_FC_GAMMA_RECEPTOR_SIGNALING_PATHWAY	go_bp	0	12	35	34	2920	1.000000e+00	1.000000e+00	
GOBP_FIBROBLAST_MIGRATION	go_bp	0	12	56	34	2920	1.000000e+00	1.000000e+00	
GOBP_FOREBRAIN_CELL_MIGRATION	go_bp	0	12	65	34	2920	1.000000e+00	1.000000e+00	
GOBP_HAIR_CELL_DIFFERENTIATION	go_bp	0	12	54	34	2920	1.000000e+00	1.000000e+00	
GOBP_IMMUNOLOGICAL_MEMORY_PROCESS	go_bp	0	12	20	34	2920	1.000000e+00	1.000000e+00	
GOBP_INTERLEUKIN_1_MEDIATED_SIGNALING_PATHWAY	go_bp	0	12	33	34	2920	1.000000e+00	1.000000e+00	
GOBP_LEUKOTRIENE_METABOLIC_PROCESS	go_bp	0	12	34	34	2920	1.000000e+00	1.000000e+00	
GOBP_MAINTENANCE_OF_GASTROINTESTINAL_EPITHELIUM	go_bp	0	12	24	34	2920	1.000000e+00	1.000000e+00	
GOBP_MAMMARY_GLAND_DUCT_MORPHOGENESIS	go_bp	0	12	32	34	2920	1.000000e+00	1.000000e+00	
GOBP_MATURE_B_CELL_DIFFERENTIATION_INVOLVED_IN_IMMUNE_RESPONSE	go_bp	0	12	32	34	2920	1.000000e+00	1.000000e+00	
GOBP_MRNA_TRANSPORT	go_bp	0	12	131	34	2920	1.000000e+00	1.000000e+00	
GOBP_MYOBLAST_PROLIFERATION	go_bp	0	12	34	34	2920	1.000000e+00	1.000000e+00	
GOBP_NEGATIVE_REGULATION_OF_CALCIUM_ION_TRANSMEMBRANE_TRANSPORT	go_bp	0	12	52	34	2920	1.000000e+00	1.000000e+00	
GOBP_NEGATIVE_REGULATION_OF_HUMORAL_IMMUNE_RESPONSE	go_bp	0	12	17	34	2920	1.000000e+00	1.000000e+00	
GOBP_NEGATIVE_REGULATION_OF_INTERLEUKIN_10_PRODUCTION	go_bp	0	12	24	34	2920	1.000000e+00	1.000000e+00	
GOBP_NEGATIVE_REGULATION_OF_INTERLEUKIN_1_BETA_PRODUCTION	go_bp	0	12	45	34	2920	1.000000e+00	1.000000e+00	
GOBP_NEGATIVE_REGULATION_OF_ION_TRANSMEMBRANE_TRANSPORTER_ACTIVITY	go_bp	0	12	69	34	2920	1.000000e+00	1.000000e+00	
GOBP_NEGATIVE_REGULATION_OF_PLATELET_ACTIVATION	go_bp	0	12	18	34	2920	1.000000e+00	1.000000e+00	
GOBP_NEGATIVE_REGULATION_OF_PROTEIN_UBIQUITINATION	go_bp	0	12	78	34	2920	1.000000e+00	1.000000e+00	
GOBP_NEGATIVE_REGULATION_OF_T_CELL_RECEPTOR_SIGNALING_PATHWAY	go_bp	0	12	26	34	2920	1.000000e+00	1.000000e+00	
GOBP_NITRIC_OXIDE_MEDIATED_SIGNAL_TRANSDUCTION	go_bp	0	12	24	34	2920	1.000000e+00	1.000000e+00	
GOBP_NITRIC_OXIDE_SYNTHASE_BIOSYNTHETIC_PROCESS	go_bp	0	12	20	34	2920	1.000000e+00	1.000000e+00	
GOBP_NUCLEAR_ENVELOPE_ORGANIZATION	go_bp	0	12	57	34	2920	1.000000e+00	1.000000e+00	
GOBP_NUCLEOTIDE_EXCISION_REPAIR	go_bp	0	12	85	34	2920	1.000000e+00	1.000000e+00	
GOBP_OLEFINIC_COMPOUND_BIOSYNTHETIC_PROCESS	go_bp	0	12	28	34	2920	1.000000e+00	1.000000e+00	
GOBP_OLIGOSACCHARIDE_METABOLIC_PROCESS	go_bp	0	12	67	34	2920	1.000000e+00	1.000000e+00	
GOBP_OOCYTE_DIFFERENTIATION	go_bp	0	12	67	34	2920	1.000000e+00	1.000000e+00	
GOBP_PHENOL_CONTAINING_COMPOUND_BIOSYNTHETIC_PROCESS	go_bp	0	12	48	34	2920	1.000000e+00	1.000000e+00	
GOBP_POSITIVE_REGULATION_OF_ACTIVATED_T_CELL_PROLIFERATION	go_bp	0	12	27	34	2920	1.000000e+00	1.000000e+00	
GOBP_POSITIVE_REGULATION_OF_ALPHA_BETA_T_CELL_PROLIFERATION	go_bp	0	12	24	34	2920	1.000000e+00	1.000000e+00	
GOBP_POSITIVE_REGULATION_OF_AMIDE_METABOLIC_PROCESS	go_bp	0	12	30	34	2920	1.000000e+00	1.000000e+00	
GOBP_POSITIVE_REGULATION_OF_AMYLOID_PRECURSOR_PROTEIN_CATABOLIC_PROCESS	go_bp	0	12	25	34	2920	1.000000e+00	1.000000e+00	
GOBP_POSITIVE_REGULATION_OF_ATP_DEPENDENT_ACTIVITY	go_bp	0	12	39	34	2920	1.000000e+00	1.000000e+00	
GOBP_POSITIVE_REGULATION_OF_AXON_EXTENSION	go_bp	0	12	37	34	2920	1.000000e+00	1.000000e+00	
GOBP_POSITIVE_REGULATION_OF_CELLULAR_EXTRAVASATION	go_bp	0	12	19	34	2920	1.000000e+00	1.000000e+00	
GOBP_POSITIVE_REGULATION_OF_CELL_ADHESION_MEDIATED_BY_INTEGRIN	go_bp	0	12	22	34	2920	1.000000e+00	1.000000e+00	
GOBP_POSITIVE_REGULATION_OF_CYTOKINE_PRODUCTION_INVOLVED_IN_INFLAMMATORY_RESPONSE	go_bp	0	12	30	34	2920	1.000000e+00	1.000000e+00	
GOBP_POSITIVE_REGULATION_OF_DNA_BINDING	go_bp	0	12	37	34	2920	1.000000e+00	1.000000e+00	
GOBP_POSITIVE_REGULATION_OF_FATTY_ACID_TRANSPORT	go_bp	0	12	24	34	2920	1.000000e+00	1.000000e+00	
GOBP_POSITIVE_REGULATION_OF_FAT_CELL_DIFFERENTIATION	go_bp	0	12	71	34	2920	1.000000e+00	1.000000e+00	
GOBP_POSITIVE_REGULATION_OF_G1_S_TRANSITION_OF_MITOTIC_CELL_CYCLE	go_bp	0	12	57	34	2920	1.000000e+00	1.000000e+00	
GOBP_POSITIVE_REGULATION_OF_GRANULOCYTE_CHEMOTAXIS	go_bp	0	12	27	34	2920	1.000000e+00	1.000000e+00	
GOBP_POSITIVE_REGULATION_OF_MACROPHAGE_MIGRATION	go_bp	0	12	26	34	2920	1.000000e+00	1.000000e+00	
GOBP_POSITIVE_REGULATION_OF_MITOCHONDRIAL_MEMBRANE_PERMEABILITY	go_bp	0	12	42	34	2920	1.000000e+00	1.000000e+00	
GOBP_POSITIVE_REGULATION_OF_OSTEOCLAST_DIFFERENTIATION	go_bp	0	12	29	34	2920	1.000000e+00	1.000000e+00	
GOBP_POSITIVE_REGULATION_OF_PATTERN_RECOGNITION_RECEPTOR_SIGNALING_PATHWAY	go_bp	0	12	69	34	2920	1.000000e+00	1.000000e+00	
GOBP_POSITIVE_REGULATION_OF_PROTEIN_UBIQUITINATION	go_bp	0	12	106	34	2920	1.000000e+00	1.000000e+00	
GOBP_POSITIVE_REGULATION_OF_RECEPTOR_INTERNALIZATION	go_bp	0	12	27	34	2920	1.000000e+00	1.000000e+00	
GOBP_POSITIVE_REGULATION_OF_REGULATORY_T_CELL_DIFFERENTIATION	go_bp	0	12	24	34	2920	1.000000e+00	1.000000e+00	
GOBP_POSITIVE_REGULATION_OF_SODIUM_ION_TRANSPORT	go_bp	0	12	31	34	2920	1.000000e+00	1.000000e+00	
GOBP_POSITIVE_REGULATION_OF_SPROUTING_ANGIOGENESIS	go_bp	0	12	30	34	2920	1.000000e+00	1.000000e+00	
GOBP_POSITIVE_REGULATION_OF_STEROL_TRANSPORT	go_bp	0	12	36	34	2920	1.000000e+00	1.000000e+00	
GOBP_POSITIVE_REGULATION_OF_TOR_SIGNALING	go_bp	0	12	74	34	2920	1.000000e+00	1.000000e+00	
GOBP_PROSTAGLANDIN_SECRETION	go_bp	0	12	18	34	2920	1.000000e+00	1.000000e+00	
GOBP_PROSTAGLANDIN_TRANSPORT	go_bp	0	12	29	34	2920	1.000000e+00	1.000000e+00	
GOBP_PROSTANOID_BIOSYNTHETIC_PROCESS	go_bp	0	12	31	34	2920	1.000000e+00	1.000000e+00	
GOBP_PROTEIN_KINASE_C_SIGNALING	go_bp	0	12	35	34	2920	1.000000e+00	1.000000e+00	
GOBP_PULMONARY_VALVE_DEVELOPMENT	go_bp	0	12	24	34	2920	1.000000e+00	1.000000e+00	
GOBP_PYROPTOSIS	go_bp	0	12	37	34	2920	1.000000e+00	1.000000e+00	
GOBP_REACTIVE_OXYGEN_SPECIES_BIOSYNTHETIC_PROCESS	go_bp	0	12	59	34	2920	1.000000e+00	1.000000e+00	
GOBP_REGULATION_OF_ASTROCYTE_DIFFERENTIATION	go_bp	0	12	32	34	2920	1.000000e+00	1.000000e+00	
GOBP_REGULATION_OF_B_CELL_DIFFERENTIATION	go_bp	0	12	35	34	2920	1.000000e+00	1.000000e+00	
GOBP_REGULATION_OF_CELLULAR_RESPIRATION	go_bp	0	12	48	34	2920	1.000000e+00	1.000000e+00	
GOBP_REGULATION_OF_DENDRITIC_SPINE_DEVELOPMENT	go_bp	0	12	60	34	2920	1.000000e+00	1.000000e+00	
GOBP_REGULATION_OF_ENDOTHELIAL_CELL_CHEMOTAXIS	go_bp	0	12	24	34	2920	1.000000e+00	1.000000e+00	
GOBP_REGULATION_OF_FIBROBLAST_GROWTH_FACTOR_RECEPTOR_SIGNALING_PATHWAY	go_bp	0	12	40	34	2920	1.000000e+00	1.000000e+00	
GOBP_REGULATION_OF_HORMONE_METABOLIC_PROCESS	go_bp	0	12	39	34	2920	1.000000e+00	1.000000e+00	
GOBP_REGULATION_OF_HUMORAL_IMMUNE_RESPONSE_MEDIATED_BY_CIRCULATING_IMMUNOGLOBULIN	go_bp	0	12	18	34	2920	1.000000e+00	1.000000e+00	
GOBP_REGULATION_OF_JUN_KINASE_ACTIVITY	go_bp	0	12	40	34	2920	1.000000e+00	1.000000e+00	
GOBP_REGULATION_OF_LAMELLIPODIUM_ORGANIZATION	go_bp	0	12	53	34	2920	1.000000e+00	1.000000e+00	
GOBP_REGULATION_OF_LIPOPOLYSACCHARIDE_MEDIATED_SIGNALING_PATHWAY	go_bp	0	12	28	34	2920	1.000000e+00	1.000000e+00	
GOBP_REGULATION_OF_LIPOPROTEIN_PARTICLE_CLEARANCE	go_bp	0	12	36	34	2920	1.000000e+00	1.000000e+00	
GOBP_REGULATION_OF_MAST_CELL_DEGRANULATION	go_bp	0	12	28	34	2920	1.000000e+00	1.000000e+00	
GOBP_REGULATION_OF_P38MAPK_CASCADE	go_bp	0	12	47	34	2920	1.000000e+00	1.000000e+00	
GOBP_REGULATION_OF_PLATELET_AGGREGATION	go_bp	0	12	29	34	2920	1.000000e+00	1.000000e+00	
GOBP_REGULATION_OF_PROTEIN_LOCALIZATION_TO_CELL_SURFACE	go_bp	0	12	42	34	2920	1.000000e+00	1.000000e+00	
GOBP_REGULATION_OF_RESPONSE_TO_TUMOR_CELL	go_bp	0	12	25	34	2920	1.000000e+00	1.000000e+00	
GOBP_REGULATION_OF_SMOOTH_MUSCLE_CONTRACTION	go_bp	0	12	61	34	2920	1.000000e+00	1.000000e+00	
GOBP_REGULATION_OF_SPINDLE_ORGANIZATION	go_bp	0	12	47	34	2920	1.000000e+00	1.000000e+00	
GOBP_REGULATION_OF_STEROID_HORMONE_SECRETION	go_bp	0	12	22	34	2920	1.000000e+00	1.000000e+00	
GOBP_REGULATORY_NCRNA_PROCESSING	go_bp	0	12	70	34	2920	1.000000e+00	1.000000e+00	
GOBP_RENAL_FILTRATION	go_bp	0	12	32	34	2920	1.000000e+00	1.000000e+00	
GOBP_RESPONSE_TO_AMINO_ACID_STARVATION	go_bp	0	12	56	34	2920	1.000000e+00	1.000000e+00	
GOBP_RESPONSE_TO_FLUID_SHEAR_STRESS	go_bp	0	12	35	34	2920	1.000000e+00	1.000000e+00	
GOBP_RESPONSE_TO_IRON_ION	go_bp	0	12	29	34	2920	1.000000e+00	1.000000e+00	
GOBP_RNA_STABILIZATION	go_bp	0	12	75	34	2920	1.000000e+00	1.000000e+00	
GOBP_STEROID_HORMONE_SECRETION	go_bp	0	12	27	34	2920	1.000000e+00	1.000000e+00	
GOBP_STEROL_BIOSYNTHETIC_PROCESS	go_bp	0	12	68	34	2920	1.000000e+00	1.000000e+00	
GOBP_TETRAPYRROLE_METABOLIC_PROCESS	go_bp	0	12	63	34	2920	1.000000e+00	1.000000e+00	
GOBP_UNSATURATED_FATTY_ACID_BIOSYNTHETIC_PROCESS	go_bp	0	12	51	34	2920	1.000000e+00	1.000000e+00	
GOBP_VESICLE_BUDDING_FROM_MEMBRANE	go_bp	0	12	87	34	2920	1.000000e+00	1.000000e+00	
GOBP_WOUND_HEALING_SPREADING_OF_EPIDERMAL_CELLS	go_bp	0	12	27	34	2920	1.000000e+00	1.000000e+00	
GOBP_2FE_2S_CLUSTER_ASSEMBLY	go_bp	0	3	11	34	2920	1.000000e+00	1.000000e+00	
GOBP_3_PHOSPHOADENOSINE_5_PHOSPHOSULFATE_METABOLIC_PROCESS	go_bp	0	3	17	34	2920	1.000000e+00	1.000000e+00	
GOBP_ABSCISSION	go_bp	0	3	6	34	2920	1.000000e+00	1.000000e+00	
GOBP_ACETATE_ESTER_METABOLIC_PROCESS	go_bp	0	3	6	34	2920	1.000000e+00	1.000000e+00	
GOBP_ACETYL_COA_METABOLIC_PROCESS	go_bp	0	4	33	34	2920	1.000000e+00	1.000000e+00	
GOBP_ACIDIC_AMINO_ACID_TRANSPORT	go_bp	0	9	67	34	2920	1.000000e+00	1.000000e+00	
GOBP_ACROSOMAL_VESICLE_EXOCYTOSIS	go_bp	0	3	9	34	2920	1.000000e+00	1.000000e+00	
GOBP_ACROSOME_ASSEMBLY	go_bp	0	4	30	34	2920	1.000000e+00	1.000000e+00	
GOBP_ACROSOME_REACTION	go_bp	0	11	41	34	2920	1.000000e+00	1.000000e+00	
GOBP_ACTIN_CROSSLINK_FORMATION	go_bp	0	4	14	34	2920	1.000000e+00	1.000000e+00	
GOBP_ACTIN_FILAMENT_DEPOLYMERIZATION	go_bp	0	14	58	34	2920	1.000000e+00	1.000000e+00	
GOBP_ACTIN_MEDIATED_CELL_CONTRACTION	go_bp	0	21	115	34	2920	1.000000e+00	1.000000e+00	
GOBP_ACTIN_MYOSIN_FILAMENT_SLIDING	go_bp	0	3	16	34	2920	1.000000e+00	1.000000e+00	
GOBP_ACTIN_NUCLEATION	go_bp	0	13	58	34	2920	1.000000e+00	1.000000e+00	
GOBP_ACTIVATION_INDUCED_CELL_DEATH_OF_T_CELLS	go_bp	0	3	9	34	2920	1.000000e+00	1.000000e+00	
GOBP_ACTIVATION_OF_ADENYLATE_CYCLASE_ACTIVITY	go_bp	0	3	24	34	2920	1.000000e+00	1.000000e+00	
GOBP_ACTIVATION_OF_CYSTEINE_TYPE_ENDOPEPTIDASE_ACTIVITY	go_bp	0	3	13	34	2920	1.000000e+00	1.000000e+00	
GOBP_ACTIVATION_OF_CYSTEINE_TYPE_ENDOPEPTIDASE_ACTIVITY_INVOLVED_IN_APOPTOTIC_PROCESS_BY_CYTOCHROME_C	go_bp	0	3	5	34	2920	1.000000e+00	1.000000e+00	
GOBP_ACTIVATION_OF_GTPASE_ACTIVITY	go_bp	0	19	99	34	2920	1.000000e+00	1.000000e+00	
GOBP_ACTIVATION_OF_JANUS_KINASE_ACTIVITY	go_bp	0	8	13	34	2920	1.000000e+00	1.000000e+00	
GOBP_ACTIVATION_OF_NF_KAPPAB_INDUCING_KINASE_ACTIVITY	go_bp	0	4	10	34	2920	1.000000e+00	1.000000e+00	
GOBP_ACTIVATION_OF_PHOSPHOLIPASE_C_ACTIVITY	go_bp	0	7	24	34	2920	1.000000e+00	1.000000e+00	
GOBP_ACTIVATION_OF_PROTEIN_KINASE_B_ACTIVITY	go_bp	0	9	21	34	2920	1.000000e+00	1.000000e+00	
GOBP_ACTIVATION_OF_PROTEIN_KINASE_C_ACTIVITY	go_bp	0	3	5	34	2920	1.000000e+00	1.000000e+00	
GOBP_ACUTE_INFLAMMATORY_RESPONSE_TO_ANTIGENIC_STIMULUS	go_bp	0	11	29	34	2920	1.000000e+00	1.000000e+00	
GOBP_ACYLGLYCEROL_HOMEOSTASIS	go_bp	0	11	45	34	2920	1.000000e+00	1.000000e+00	
GOBP_ACYLGLYCEROL_TRANSPORT	go_bp	0	3	8	34	2920	1.000000e+00	1.000000e+00	
GOBP_ACYL_COA_METABOLIC_PROCESS	go_bp	0	9	96	34	2920	1.000000e+00	1.000000e+00	
GOBP_ADAPTIVE_IMMUNE_MEMORY_RESPONSE	go_bp	0	5	6	34	2920	1.000000e+00	1.000000e+00	
GOBP_ADAPTIVE_IMMUNE_RESPONSE	go_bp	0	202	756	34	2920	1.000000e+00	1.000000e+00	
GOBP_ADENOHYPOPHYSIS_DEVELOPMENT	go_bp	0	3	16	34	2920	1.000000e+00	1.000000e+00	
GOBP_ADENOSINE_METABOLIC_PROCESS	go_bp	0	4	11	34	2920	1.000000e+00	1.000000e+00	
GOBP_ADENYLATE_CYCLASE_ACTIVATING_ADRENERGIC_RECEPTOR_SIGNALING_PATHWAY	go_bp	0	5	24	34	2920	1.000000e+00	1.000000e+00	
GOBP_ADHERENS_JUNCTION_ORGANIZATION	go_bp	0	18	57	34	2920	1.000000e+00	1.000000e+00	
GOBP_ADHESION_OF_SYMBIONT_TO_HOST	go_bp	0	9	14	34	2920	1.000000e+00	1.000000e+00	
GOBP_ADHESION_OF_SYMBIONT_TO_HOST_CELL	go_bp	0	8	10	34	2920	1.000000e+00	1.000000e+00	
GOBP_ADIPOSE_TISSUE_DEVELOPMENT	go_bp	0	11	61	34	2920	1.000000e+00	1.000000e+00	
GOBP_ADRENAL_GLAND_DEVELOPMENT	go_bp	0	9	27	34	2920	1.000000e+00	1.000000e+00	
GOBP_ADULT_FEEDING_BEHAVIOR	go_bp	0	4	10	34	2920	1.000000e+00	1.000000e+00	
GOBP_AEROBIC_RESPIRATION	go_bp	0	22	196	34	2920	1.000000e+00	1.000000e+00	
GOBP_AGGREPHAGY	go_bp	0	3	18	34	2920	1.000000e+00	1.000000e+00	
GOBP_ALCOHOL_CATABOLIC_PROCESS	go_bp	0	10	36	34	2920	1.000000e+00	1.000000e+00	
GOBP_ALCOHOL_METABOLIC_PROCESS	go_bp	0	82	372	34	2920	1.000000e+00	1.000000e+00	
GOBP_ALDEHYDE_CATABOLIC_PROCESS	go_bp	0	5	14	34	2920	1.000000e+00	1.000000e+00	
GOBP_ALLANTOIN_METABOLIC_PROCESS	go_bp	0	3	9	34	2920	1.000000e+00	1.000000e+00	
GOBP_ALPHA_BETA_T_CELL_PROLIFERATION	go_bp	0	20	46	34	2920	1.000000e+00	1.000000e+00	
GOBP_AMELOGENESIS	go_bp	0	8	27	34	2920	1.000000e+00	1.000000e+00	
GOBP_AMINOGLYCAN_BIOSYNTHETIC_PROCESS	go_bp	0	16	76	34	2920	1.000000e+00	1.000000e+00	
GOBP_AMINOGLYCAN_CATABOLIC_PROCESS	go_bp	0	19	34	34	2920	1.000000e+00	1.000000e+00	
GOBP_AMINOGLYCOSIDE_ANTIBIOTIC_METABOLIC_PROCESS	go_bp	0	3	10	34	2920	1.000000e+00	1.000000e+00	
GOBP_AMINO_ACID_ACTIVATION	go_bp	0	8	45	34	2920	1.000000e+00	1.000000e+00	
GOBP_AMINO_ACID_IMPORT_ACROSS_PLASMA_MEMBRANE	go_bp	0	5	51	34	2920	1.000000e+00	1.000000e+00	
GOBP_AMINO_ACID_SALVAGE	go_bp	0	3	7	34	2920	1.000000e+00	1.000000e+00	
GOBP_AMINO_ACID_TRANSMEMBRANE_TRANSPORT	go_bp	0	5	105	34	2920	1.000000e+00	1.000000e+00	
GOBP_AMINO_ACID_TRANSPORT	go_bp	0	14	161	34	2920	1.000000e+00	1.000000e+00	
GOBP_AMINO_SUGAR_BIOSYNTHETIC_PROCESS	go_bp	0	4	11	34	2920	1.000000e+00	1.000000e+00	
GOBP_AMINO_SUGAR_CATABOLIC_PROCESS	go_bp	0	9	15	34	2920	1.000000e+00	1.000000e+00	
GOBP_AMINO_SUGAR_METABOLIC_PROCESS	go_bp	0	13	42	34	2920	1.000000e+00	1.000000e+00	
GOBP_AMMONIUM_ION_METABOLIC_PROCESS	go_bp	0	7	23	34	2920	1.000000e+00	1.000000e+00	
GOBP_AMPA_GLUTAMATE_RECEPTOR_CLUSTERING	go_bp	0	4	11	34	2920	1.000000e+00	1.000000e+00	
GOBP_AMP_BIOSYNTHETIC_PROCESS	go_bp	0	4	13	34	2920	1.000000e+00	1.000000e+00	
GOBP_AMP_CATABOLIC_PROCESS	go_bp	0	4	5	34	2920	1.000000e+00	1.000000e+00	
GOBP_AMP_METABOLIC_PROCESS	go_bp	0	9	23	34	2920	1.000000e+00	1.000000e+00	
GOBP_AMYLOID_BETA_CLEARANCE	go_bp	0	20	38	34	2920	1.000000e+00	1.000000e+00	
GOBP_AMYLOID_BETA_CLEARANCE_BY_CELLULAR_CATABOLIC_PROCESS	go_bp	0	5	8	34	2920	1.000000e+00	1.000000e+00	
GOBP_AMYLOID_PRECURSOR_PROTEIN_CATABOLIC_PROCESS	go_bp	0	15	68	34	2920	1.000000e+00	1.000000e+00	
GOBP_ANATOMICAL_STRUCTURE_REGRESSION	go_bp	0	3	15	34	2920	1.000000e+00	1.000000e+00	
GOBP_ANDROGEN_RECEPTOR_SIGNALING_PATHWAY	go_bp	0	11	50	34	2920	1.000000e+00	1.000000e+00	
GOBP_ANGIOGENESIS_INVOLVED_IN_WOUND_HEALING	go_bp	0	14	33	34	2920	1.000000e+00	1.000000e+00	
GOBP_ANGIOTENSIN_ACTIVATED_SIGNALING_PATHWAY	go_bp	0	5	20	34	2920	1.000000e+00	1.000000e+00	
GOBP_ANIMAL_ORGAN_FORMATION	go_bp	0	15	69	34	2920	1.000000e+00	1.000000e+00	
GOBP_ANIMAL_ORGAN_MATURATION	go_bp	0	9	32	34	2920	1.000000e+00	1.000000e+00	
GOBP_ANOIKIS	go_bp	0	11	34	34	2920	1.000000e+00	1.000000e+00	
GOBP_ANTERIOR_POSTERIOR_AXIS_SPECIFICATION	go_bp	0	5	59	34	2920	1.000000e+00	1.000000e+00	
GOBP_ANTIBACTERIAL_HUMORAL_RESPONSE	go_bp	0	21	72	34	2920	1.000000e+00	1.000000e+00	
GOBP_ANTIGEN_PROCESSING_AND_PRESENTATION_OF_ENDOGENOUS_ANTIGEN	go_bp	0	8	32	34	2920	1.000000e+00	1.000000e+00	
GOBP_ANTIGEN_PROCESSING_AND_PRESENTATION_OF_EXOGENOUS_ANTIGEN	go_bp	0	19	50	34	2920	1.000000e+00	1.000000e+00	
GOBP_ANTIGEN_PROCESSING_AND_PRESENTATION_OF_EXOGENOUS_PEPTIDE_ANTIGEN	go_bp	0	16	41	34	2920	1.000000e+00	1.000000e+00	
GOBP_ANTIGEN_PROCESSING_AND_PRESENTATION_OF_EXOGENOUS_PEPTIDE_ANTIGEN_VIA_MHC_CLASS_I	go_bp	0	3	9	34	2920	1.000000e+00	1.000000e+00	
GOBP_ANTIGEN_PROCESSING_AND_PRESENTATION_OF_EXOGENOUS_PEPTIDE_ANTIGEN_VIA_MHC_CLASS_II	go_bp	0	13	31	34	2920	1.000000e+00	1.000000e+00	
GOBP_ANTIGEN_PROCESSING_AND_PRESENTATION_OF_PEPTIDE_ANTIGEN_VIA_MHC_CLASS_I	go_bp	0	9	38	34	2920	1.000000e+00	1.000000e+00	
GOBP_ANTIGEN_PROCESSING_AND_PRESENTATION_OF_PEPTIDE_ANTIGEN_VIA_MHC_CLASS_IB	go_bp	0	4	18	34	2920	1.000000e+00	1.000000e+00	
GOBP_ANTIGEN_PROCESSING_AND_PRESENTATION_OF_PEPTIDE_OR_POLYSACCHARIDE_ANTIGEN_VIA_MHC_CLASS_II	go_bp	0	14	37	34	2920	1.000000e+00	1.000000e+00	
GOBP_ANTIMICROBIAL_PEPTIDE_PRODUCTION	go_bp	0	8	12	34	2920	1.000000e+00	1.000000e+00	
GOBP_ANTIVIRAL_INNATE_IMMUNE_RESPONSE	go_bp	0	11	54	34	2920	1.000000e+00	1.000000e+00	
GOBP_ANTRAL_OVARIAN_FOLLICLE_GROWTH	go_bp	0	7	12	34	2920	1.000000e+00	1.000000e+00	
GOBP_AORTA_DEVELOPMENT	go_bp	0	18	65	34	2920	1.000000e+00	1.000000e+00	
GOBP_AORTA_MORPHOGENESIS	go_bp	0	10	38	34	2920	1.000000e+00	1.000000e+00	
GOBP_AORTIC_VALVE_MORPHOGENESIS	go_bp	0	16	39	34	2920	1.000000e+00	1.000000e+00	
GOBP_APICAL_JUNCTION_ASSEMBLY	go_bp	0	15	79	34	2920	1.000000e+00	1.000000e+00	
GOBP_APOPTOTIC_DNA_FRAGMENTATION	go_bp	0	5	20	34	2920	1.000000e+00	1.000000e+00	
GOBP_APOPTOTIC_PROCESS_INVOLVED_IN_DEVELOPMENT	go_bp	0	14	41	34	2920	1.000000e+00	1.000000e+00	
GOBP_APOPTOTIC_PROCESS_INVOLVED_IN_HEART_MORPHOGENESIS	go_bp	0	3	7	34	2920	1.000000e+00	1.000000e+00	
GOBP_APOPTOTIC_PROCESS_INVOLVED_IN_MORPHOGENESIS	go_bp	0	9	26	34	2920	1.000000e+00	1.000000e+00	
GOBP_APOPTOTIC_PROCESS_IN_BONE_MARROW_CELL	go_bp	0	3	6	34	2920	1.000000e+00	1.000000e+00	
GOBP_APPENDAGE_MORPHOGENESIS	go_bp	0	19	150	34	2920	1.000000e+00	1.000000e+00	
GOBP_ARACHIDONIC_ACID_METABOLIC_PROCESS	go_bp	0	5	58	34	2920	1.000000e+00	1.000000e+00	
GOBP_ARACHIDONIC_ACID_SECRETION	go_bp	0	7	31	34	2920	1.000000e+00	1.000000e+00	
GOBP_ARF_PROTEIN_SIGNAL_TRANSDUCTION	go_bp	0	3	22	34	2920	1.000000e+00	1.000000e+00	
GOBP_ARGININE_CATABOLIC_PROCESS	go_bp	0	7	10	34	2920	1.000000e+00	1.000000e+00	
GOBP_ARGININE_METABOLIC_PROCESS	go_bp	0	8	19	34	2920	1.000000e+00	1.000000e+00	
GOBP_AROMATIC_AMINO_ACID_FAMILY_CATABOLIC_PROCESS	go_bp	0	4	16	34	2920	1.000000e+00	1.000000e+00	
GOBP_ARP2_3_COMPLEX_MEDIATED_ACTIN_NUCLEATION	go_bp	0	8	46	34	2920	1.000000e+00	1.000000e+00	
GOBP_ARTICULAR_CARTILAGE_DEVELOPMENT	go_bp	0	4	6	34	2920	1.000000e+00	1.000000e+00	
GOBP_ASPARAGINE_METABOLIC_PROCESS	go_bp	0	3	5	34	2920	1.000000e+00	1.000000e+00	
GOBP_ASPARTATE_FAMILY_AMINO_ACID_BIOSYNTHETIC_PROCESS	go_bp	0	5	21	34	2920	1.000000e+00	1.000000e+00	
GOBP_ASPARTATE_FAMILY_AMINO_ACID_CATABOLIC_PROCESS	go_bp	0	3	13	34	2920	1.000000e+00	1.000000e+00	
GOBP_ASSOCIATIVE_LEARNING	go_bp	0	21	87	34	2920	1.000000e+00	1.000000e+00	
GOBP_ASTRAL_MICROTUBULE_ORGANIZATION	go_bp	0	3	10	34	2920	1.000000e+00	1.000000e+00	
GOBP_ASTROCYTE_ACTIVATION	go_bp	0	15	26	34	2920	1.000000e+00	1.000000e+00	
GOBP_ASTROCYTE_CELL_MIGRATION	go_bp	0	3	9	34	2920	1.000000e+00	1.000000e+00	
GOBP_ASTROCYTE_DEVELOPMENT	go_bp	0	20	44	34	2920	1.000000e+00	1.000000e+00	
GOBP_ASYMMETRIC_CELL_DIVISION	go_bp	0	3	19	34	2920	1.000000e+00	1.000000e+00	
GOBP_ATP_BIOSYNTHETIC_PROCESS	go_bp	0	13	99	34	2920	1.000000e+00	1.000000e+00	
GOBP_ATP_SYNTHESIS_COUPLED_ELECTRON_TRANSPORT	go_bp	0	10	101	34	2920	1.000000e+00	1.000000e+00	
GOBP_ATRIAL_CARDIAC_MUSCLE_CELL_TO_AV_NODE_CELL_COMMUNICATION	go_bp	0	3	19	34	2920	1.000000e+00	1.000000e+00	
GOBP_ATRIAL_CARDIAC_MUSCLE_TISSUE_DEVELOPMENT	go_bp	0	3	22	34	2920	1.000000e+00	1.000000e+00	
GOBP_ATRIAL_SEPTUM_DEVELOPMENT	go_bp	0	5	23	34	2920	1.000000e+00	1.000000e+00	
GOBP_ATRIAL_SEPTUM_MORPHOGENESIS	go_bp	0	3	15	34	2920	1.000000e+00	1.000000e+00	
GOBP_ATRIOVENTRICULAR_VALVE_DEVELOPMENT	go_bp	0	5	30	34	2920	1.000000e+00	1.000000e+00	
GOBP_ATTACHMENT_OF_MITOTIC_SPINDLE_MICROTUBULES_TO_KINETOCHORE	go_bp	0	3	25	34	2920	1.000000e+00	1.000000e+00	
GOBP_ATTACHMENT_OF_SPINDLE_MICROTUBULES_TO_KINETOCHORE	go_bp	0	5	53	34	2920	1.000000e+00	1.000000e+00	
GOBP_AUDITORY_RECEPTOR_CELL_DEVELOPMENT	go_bp	0	4	26	34	2920	1.000000e+00	1.000000e+00	
GOBP_AUDITORY_RECEPTOR_CELL_MORPHOGENESIS	go_bp	0	4	21	34	2920	1.000000e+00	1.000000e+00	
GOBP_AUTOPHAGIC_CELL_DEATH	go_bp	0	3	9	34	2920	1.000000e+00	1.000000e+00	
GOBP_AUTOPHAGOSOME_MATURATION	go_bp	0	13	68	34	2920	1.000000e+00	1.000000e+00	
GOBP_AUTOPHAGOSOME_ORGANIZATION	go_bp	0	20	125	34	2920	1.000000e+00	1.000000e+00	
GOBP_AUTOPHAGY_OF_MITOCHONDRION	go_bp	0	18	110	34	2920	1.000000e+00	1.000000e+00	
GOBP_AV_NODE_CELL_TO_BUNDLE_OF_HIS_CELL_COMMUNICATION	go_bp	0	3	14	34	2920	1.000000e+00	1.000000e+00	
GOBP_AV_NODE_CELL_TO_BUNDLE_OF_HIS_CELL_SIGNALING	go_bp	0	3	11	34	2920	1.000000e+00	1.000000e+00	
GOBP_AXIAL_MESODERM_DEVELOPMENT	go_bp	0	3	9	34	2920	1.000000e+00	1.000000e+00	
GOBP_AXIS_SPECIFICATION	go_bp	0	14	99	34	2920	1.000000e+00	1.000000e+00	
GOBP_AXONAL_FASCICULATION	go_bp	0	9	20	34	2920	1.000000e+00	1.000000e+00	
GOBP_AXONAL_TRANSPORT_OF_MITOCHONDRION	go_bp	0	4	18	34	2920	1.000000e+00	1.000000e+00	
GOBP_AXONEME_ASSEMBLY	go_bp	0	4	101	34	2920	1.000000e+00	1.000000e+00	
GOBP_AXONOGENESIS_INVOLVED_IN_INNERVATION	go_bp	0	4	9	34	2920	1.000000e+00	1.000000e+00	
GOBP_AXON_CHOICE_POINT_RECOGNITION	go_bp	0	3	7	34	2920	1.000000e+00	1.000000e+00	
GOBP_AXON_ENSHEATHMENT_IN_CENTRAL_NERVOUS_SYSTEM	go_bp	0	7	26	34	2920	1.000000e+00	1.000000e+00	
GOBP_AXON_MIDLINE_CHOICE_POINT_RECOGNITION	go_bp	0	3	5	34	2920	1.000000e+00	1.000000e+00	
GOBP_AXO_DENDRITIC_TRANSPORT	go_bp	0	19	79	34	2920	1.000000e+00	1.000000e+00	
GOBP_BASEMENT_MEMBRANE_ASSEMBLY	go_bp	0	4	9	34	2920	1.000000e+00	1.000000e+00	
GOBP_BASEMENT_MEMBRANE_ORGANIZATION	go_bp	0	15	38	34	2920	1.000000e+00	1.000000e+00	
GOBP_BASE_EXCISION_REPAIR	go_bp	0	7	44	34	2920	1.000000e+00	1.000000e+00	
GOBP_BASE_EXCISION_REPAIR_GAP_FILLING	go_bp	0	3	14	34	2920	1.000000e+00	1.000000e+00	
GOBP_BEHAVIORAL_RESPONSE_TO_ETHANOL	go_bp	0	3	9	34	2920	1.000000e+00	1.000000e+00	
GOBP_BEHAVIORAL_RESPONSE_TO_PAIN	go_bp	0	3	19	34	2920	1.000000e+00	1.000000e+00	
GOBP_BENZENE_CONTAINING_COMPOUND_METABOLIC_PROCESS	go_bp	0	7	26	34	2920	1.000000e+00	1.000000e+00	
GOBP_BERGMANN_GLIAL_CELL_DIFFERENTIATION	go_bp	0	5	11	34	2920	1.000000e+00	1.000000e+00	
GOBP_BICARBONATE_TRANSPORT	go_bp	0	5	37	34	2920	1.000000e+00	1.000000e+00	
GOBP_BILE_ACID_AND_BILE_SALT_TRANSPORT	go_bp	0	3	30	34	2920	1.000000e+00	1.000000e+00	
GOBP_BILE_ACID_BIOSYNTHETIC_PROCESS	go_bp	0	7	38	34	2920	1.000000e+00	1.000000e+00	
GOBP_BILE_ACID_METABOLIC_PROCESS	go_bp	0	11	51	34	2920	1.000000e+00	1.000000e+00	
GOBP_BILE_ACID_SECRETION	go_bp	0	3	12	34	2920	1.000000e+00	1.000000e+00	
GOBP_BINDING_OF_SPERM_TO_ZONA_PELLUCIDA	go_bp	0	8	38	34	2920	1.000000e+00	1.000000e+00	
GOBP_BIOLOGICAL_PHASE	go_bp	0	4	11	34	2920	1.000000e+00	1.000000e+00	
GOBP_BLASTOCYST_FORMATION	go_bp	0	5	45	34	2920	1.000000e+00	1.000000e+00	
GOBP_BLASTOCYST_GROWTH	go_bp	0	3	22	34	2920	1.000000e+00	1.000000e+00	
GOBP_BLASTODERM_SEGMENTATION	go_bp	0	5	25	34	2920	1.000000e+00	1.000000e+00	
GOBP_BLOOD_COAGULATION_FIBRIN_CLOT_FORMATION	go_bp	0	8	16	34	2920	1.000000e+00	1.000000e+00	
GOBP_BLOOD_COAGULATION_INTRINSIC_PATHWAY	go_bp	0	5	8	34	2920	1.000000e+00	1.000000e+00	
GOBP_BLOOD_VESSEL_ENDOTHELIAL_CELL_DIFFERENTIATION	go_bp	0	4	14	34	2920	1.000000e+00	1.000000e+00	
GOBP_BLOOD_VESSEL_MATURATION	go_bp	0	3	8	34	2920	1.000000e+00	1.000000e+00	
GOBP_BLOOD_VESSEL_REMODELING	go_bp	0	18	52	34	2920	1.000000e+00	1.000000e+00	
GOBP_BODY_MORPHOGENESIS	go_bp	0	14	51	34	2920	1.000000e+00	1.000000e+00	
GOBP_BONE_GROWTH	go_bp	0	13	31	34	2920	1.000000e+00	1.000000e+00	
GOBP_BONE_MATURATION	go_bp	0	7	28	34	2920	1.000000e+00	1.000000e+00	
GOBP_BONE_MINERALIZATION_INVOLVED_IN_BONE_MATURATION	go_bp	0	3	13	34	2920	1.000000e+00	1.000000e+00	
GOBP_BONE_TRABECULA_FORMATION	go_bp	0	5	11	34	2920	1.000000e+00	1.000000e+00	
GOBP_BRADYKININ_CATABOLIC_PROCESS	go_bp	0	4	7	34	2920	1.000000e+00	1.000000e+00	
GOBP_BRAIN_DERIVED_NEUROTROPHIC_FACTOR_RECEPTOR_SIGNALING_PATHWAY	go_bp	0	3	6	34	2920	1.000000e+00	1.000000e+00	
GOBP_BRAIN_MORPHOGENESIS	go_bp	0	4	38	34	2920	1.000000e+00	1.000000e+00	
GOBP_BRANCHED_CHAIN_AMINO_ACID_CATABOLIC_PROCESS	go_bp	0	5	22	34	2920	1.000000e+00	1.000000e+00	
GOBP_BRANCHING_INVOLVED_IN_BLOOD_VESSEL_MORPHOGENESIS	go_bp	0	15	36	34	2920	1.000000e+00	1.000000e+00	
GOBP_BRANCHING_INVOLVED_IN_MAMMARY_GLAND_DUCT_MORPHOGENESIS	go_bp	0	9	23	34	2920	1.000000e+00	1.000000e+00	
GOBP_BRANCHING_INVOLVED_IN_PROSTATE_GLAND_MORPHOGENESIS	go_bp	0	5	12	34	2920	1.000000e+00	1.000000e+00	
GOBP_BRANCHING_INVOLVED_IN_SALIVARY_GLAND_MORPHOGENESIS	go_bp	0	10	22	34	2920	1.000000e+00	1.000000e+00	
GOBP_BRANCHIOMOTOR_NEURON_AXON_GUIDANCE	go_bp	0	5	7	34	2920	1.000000e+00	1.000000e+00	
GOBP_BRANCH_ELONGATION_INVOLVED_IN_MAMMARY_GLAND_DUCT_BRANCHING	go_bp	0	3	5	34	2920	1.000000e+00	1.000000e+00	
GOBP_BRANCH_ELONGATION_OF_AN_EPITHELIUM	go_bp	0	10	20	34	2920	1.000000e+00	1.000000e+00	
GOBP_BRONCHIOLE_DEVELOPMENT	go_bp	0	3	6	34	2920	1.000000e+00	1.000000e+00	
GOBP_BUD_ELONGATION_INVOLVED_IN_LUNG_BRANCHING	go_bp	0	4	7	34	2920	1.000000e+00	1.000000e+00	
GOBP_B_CELL_ACTIVATION	go_bp	0	90	278	34	2920	1.000000e+00	1.000000e+00	
GOBP_B_CELL_CHEMOTAXIS	go_bp	0	3	8	34	2920	1.000000e+00	1.000000e+00	
GOBP_B_CELL_HOMEOSTASIS	go_bp	0	15	34	34	2920	1.000000e+00	1.000000e+00	
GOBP_B_CELL_LINEAGE_COMMITMENT	go_bp	0	3	6	34	2920	1.000000e+00	1.000000e+00	
GOBP_B_CELL_RECEPTOR_SIGNALING_PATHWAY	go_bp	0	19	78	34	2920	1.000000e+00	1.000000e+00	
GOBP_C21_STEROID_HORMONE_BIOSYNTHETIC_PROCESS	go_bp	0	9	20	34	2920	1.000000e+00	1.000000e+00	
GOBP_C21_STEROID_HORMONE_METABOLIC_PROCESS	go_bp	0	13	37	34	2920	1.000000e+00	1.000000e+00	
GOBP_C4_DICARBOXYLATE_TRANSPORT	go_bp	0	4	28	34	2920	1.000000e+00	1.000000e+00	
GOBP_CALCINEURIN_MEDIATED_SIGNALING	go_bp	0	10	47	34	2920	1.000000e+00	1.000000e+00	
GOBP_CALCIUM_DEPENDENT_CELL_CELL_ADHESION_VIA_PLASMA_MEMBRANE_CELL_ADHESION_MOLECULES	go_bp	0	15	47	34	2920	1.000000e+00	1.000000e+00	
GOBP_CALCIUM_ION_IMPORT	go_bp	0	19	84	34	2920	1.000000e+00	1.000000e+00	
GOBP_CALCIUM_ION_IMPORT_ACROSS_PLASMA_MEMBRANE	go_bp	0	5	42	34	2920	1.000000e+00	1.000000e+00	
GOBP_CALCIUM_ION_TRANSPORT_INTO_CYTOSOL	go_bp	0	8	28	34	2920	1.000000e+00	1.000000e+00	
GOBP_CAMERA_TYPE_EYE_PHOTORECEPTOR_CELL_DIFFERENTIATION	go_bp	0	7	32	34	2920	1.000000e+00	1.000000e+00	
GOBP_CAMP_METABOLIC_PROCESS	go_bp	0	3	23	34	2920	1.000000e+00	1.000000e+00	
GOBP_CARBOHYDRATE_DERIVATIVE_CATABOLIC_PROCESS	go_bp	0	84	277	34	2920	1.000000e+00	1.000000e+00	
GOBP_CARBOHYDRATE_DERIVATIVE_TRANSPORT	go_bp	0	10	94	34	2920	1.000000e+00	1.000000e+00	
GOBP_CARBOHYDRATE_MEDIATED_SIGNALING	go_bp	0	3	11	34	2920	1.000000e+00	1.000000e+00	
GOBP_CARDIAC_ATRIUM_DEVELOPMENT	go_bp	0	11	37	34	2920	1.000000e+00	1.000000e+00	
GOBP_CARDIAC_ATRIUM_MORPHOGENESIS	go_bp	0	8	29	34	2920	1.000000e+00	1.000000e+00	
GOBP_CARDIAC_CELL_DEVELOPMENT	go_bp	0	18	94	34	2920	1.000000e+00	1.000000e+00	
GOBP_CARDIAC_CONDUCTION	go_bp	0	20	99	34	2920	1.000000e+00	1.000000e+00	
GOBP_CARDIAC_CONDUCTION_SYSTEM_DEVELOPMENT	go_bp	0	7	37	34	2920	1.000000e+00	1.000000e+00	
GOBP_CARDIAC_LEFT_VENTRICLE_MORPHOGENESIS	go_bp	0	3	16	34	2920	1.000000e+00	1.000000e+00	
GOBP_CARDIAC_MUSCLE_CELL_ACTION_POTENTIAL_INVOLVED_IN_CONTRACTION	go_bp	0	13	62	34	2920	1.000000e+00	1.000000e+00	
GOBP_CARDIAC_MUSCLE_CELL_CARDIAC_MUSCLE_CELL_ADHESION	go_bp	0	3	7	34	2920	1.000000e+00	1.000000e+00	
GOBP_CARDIAC_MUSCLE_CELL_CONTRACTION	go_bp	0	16	85	34	2920	1.000000e+00	1.000000e+00	
GOBP_CARDIAC_MUSCLE_CELL_MYOBLAST_DIFFERENTIATION	go_bp	0	3	12	34	2920	1.000000e+00	1.000000e+00	
GOBP_CARDIAC_MUSCLE_TISSUE_REGENERATION	go_bp	0	3	8	34	2920	1.000000e+00	1.000000e+00	
GOBP_CARDIAC_MYOFIBRIL_ASSEMBLY	go_bp	0	5	19	34	2920	1.000000e+00	1.000000e+00	
GOBP_CARDIAC_NEURAL_CREST_CELL_DEVELOPMENT_INVOLVED_IN_OUTFLOW_TRACT_MORPHOGENESIS	go_bp	0	4	13	34	2920	1.000000e+00	1.000000e+00	
GOBP_CARDIAC_NEURAL_CREST_CELL_DIFFERENTIATION_INVOLVED_IN_HEART_DEVELOPMENT	go_bp	0	4	16	34	2920	1.000000e+00	1.000000e+00	
GOBP_CARDIAC_NEURAL_CREST_CELL_MIGRATION_INVOLVED_IN_OUTFLOW_TRACT_MORPHOGENESIS	go_bp	0	4	11	34	2920	1.000000e+00	1.000000e+00	
GOBP_CARDIAC_RIGHT_VENTRICLE_MORPHOGENESIS	go_bp	0	4	21	34	2920	1.000000e+00	1.000000e+00	
GOBP_CARDIOBLAST_DIFFERENTIATION	go_bp	0	4	18	34	2920	1.000000e+00	1.000000e+00	
GOBP_CARTILAGE_CONDENSATION	go_bp	0	5	19	34	2920	1.000000e+00	1.000000e+00	
GOBP_CARTILAGE_DEVELOPMENT_INVOLVED_IN_ENDOCHONDRAL_BONE_MORPHOGENESIS	go_bp	0	13	33	34	2920	1.000000e+00	1.000000e+00	
GOBP_CATECHOLAMINE_UPTAKE	go_bp	0	3	18	34	2920	1.000000e+00	1.000000e+00	
GOBP_CATECHOLAMINE_UPTAKE_INVOLVED_IN_SYNAPTIC_TRANSMISSION	go_bp	0	3	12	34	2920	1.000000e+00	1.000000e+00	
GOBP_CATECHOL_CONTAINING_COMPOUND_BIOSYNTHETIC_PROCESS	go_bp	0	8	22	34	2920	1.000000e+00	1.000000e+00	
GOBP_CATECHOL_CONTAINING_COMPOUND_METABOLIC_PROCESS	go_bp	0	15	56	34	2920	1.000000e+00	1.000000e+00	
GOBP_CD40_SIGNALING_PATHWAY	go_bp	0	9	16	34	2920	1.000000e+00	1.000000e+00	
GOBP_CD4_POSITIVE_ALPHA_BETA_T_CELL_CYTOKINE_PRODUCTION	go_bp	0	10	19	34	2920	1.000000e+00	1.000000e+00	
GOBP_CD4_POSITIVE_CD25_POSITIVE_ALPHA_BETA_REGULATORY_T_CELL_DIFFERENTIATION	go_bp	0	4	10	34	2920	1.000000e+00	1.000000e+00	
GOBP_CD8_POSITIVE_ALPHA_BETA_T_CELL_ACTIVATION	go_bp	0	11	28	34	2920	1.000000e+00	1.000000e+00	
GOBP_CD8_POSITIVE_ALPHA_BETA_T_CELL_DIFFERENTIATION	go_bp	0	3	15	34	2920	1.000000e+00	1.000000e+00	
GOBP_CD8_POSITIVE_ALPHA_BETA_T_CELL_PROLIFERATION	go_bp	0	4	8	34	2920	1.000000e+00	1.000000e+00	
GOBP_CDC42_PROTEIN_SIGNAL_TRANSDUCTION	go_bp	0	5	17	34	2920	1.000000e+00	1.000000e+00	
GOBP_CELLULAR_ALDEHYDE_METABOLIC_PROCESS	go_bp	0	19	76	34	2920	1.000000e+00	1.000000e+00	
GOBP_CELLULAR_DEFENSE_RESPONSE	go_bp	0	20	52	34	2920	1.000000e+00	1.000000e+00	
GOBP_CELLULAR_DETOXIFICATION_OF_ALDEHYDE	go_bp	0	4	9	34	2920	1.000000e+00	1.000000e+00	
GOBP_CELLULAR_LIPID_METABOLIC_PROCESS	go_bp	0	174	1026	34	2920	1.000000e+00	1.000000e+00	
GOBP_CELLULAR_MODIFIED_AMINO_ACID_BIOSYNTHETIC_PROCESS	go_bp	0	10	46	34	2920	1.000000e+00	1.000000e+00	
GOBP_CELLULAR_MODIFIED_AMINO_ACID_CATABOLIC_PROCESS	go_bp	0	5	33	34	2920	1.000000e+00	1.000000e+00	
GOBP_CELLULAR_PIGMENTATION	go_bp	0	14	63	34	2920	1.000000e+00	1.000000e+00	
GOBP_CELLULAR_RESPONSE_TO_ALCOHOL	go_bp	0	21	106	34	2920	1.000000e+00	1.000000e+00	
GOBP_CELLULAR_RESPONSE_TO_ALDEHYDE	go_bp	0	7	17	34	2920	1.000000e+00	1.000000e+00	
GOBP_CELLULAR_RESPONSE_TO_ALDOSTERONE	go_bp	0	3	8	34	2920	1.000000e+00	1.000000e+00	
GOBP_CELLULAR_RESPONSE_TO_ANGIOTENSIN	go_bp	0	7	35	34	2920	1.000000e+00	1.000000e+00	
GOBP_CELLULAR_RESPONSE_TO_ANTIBIOTIC	go_bp	0	3	12	34	2920	1.000000e+00	1.000000e+00	
GOBP_CELLULAR_RESPONSE_TO_ARSENIC_CONTAINING_SUBSTANCE	go_bp	0	4	17	34	2920	1.000000e+00	1.000000e+00	
GOBP_CELLULAR_RESPONSE_TO_BRAIN_DERIVED_NEUROTROPHIC_FACTOR_STIMULUS	go_bp	0	4	10	34	2920	1.000000e+00	1.000000e+00	
GOBP_CELLULAR_RESPONSE_TO_CHOLESTEROL	go_bp	0	3	20	34	2920	1.000000e+00	1.000000e+00	
GOBP_CELLULAR_RESPONSE_TO_COCAINE	go_bp	0	4	10	34	2920	1.000000e+00	1.000000e+00	
GOBP_CELLULAR_RESPONSE_TO_COLD	go_bp	0	3	13	34	2920	1.000000e+00	1.000000e+00	
GOBP_CELLULAR_RESPONSE_TO_COPPER_ION	go_bp	0	3	25	34	2920	1.000000e+00	1.000000e+00	
GOBP_CELLULAR_RESPONSE_TO_CORTICOSTEROID_STIMULUS	go_bp	0	19	65	34	2920	1.000000e+00	1.000000e+00	
GOBP_CELLULAR_RESPONSE_TO_DEXAMETHASONE_STIMULUS	go_bp	0	10	28	34	2920	1.000000e+00	1.000000e+00	
GOBP_CELLULAR_RESPONSE_TO_DSRNA	go_bp	0	8	23	34	2920	1.000000e+00	1.000000e+00	
GOBP_CELLULAR_RESPONSE_TO_EPINEPHRINE_STIMULUS	go_bp	0	5	11	34	2920	1.000000e+00	1.000000e+00	
GOBP_CELLULAR_RESPONSE_TO_ESTRADIOL_STIMULUS	go_bp	0	9	38	34	2920	1.000000e+00	1.000000e+00	
GOBP_CELLULAR_RESPONSE_TO_ESTROGEN_STIMULUS	go_bp	0	5	20	34	2920	1.000000e+00	1.000000e+00	
GOBP_CELLULAR_RESPONSE_TO_ETHANOL	go_bp	0	3	14	34	2920	1.000000e+00	1.000000e+00	
GOBP_CELLULAR_RESPONSE_TO_FATTY_ACID	go_bp	0	7	34	34	2920	1.000000e+00	1.000000e+00	
GOBP_CELLULAR_RESPONSE_TO_FOLLICLE_STIMULATING_HORMONE_STIMULUS	go_bp	0	3	10	34	2920	1.000000e+00	1.000000e+00	
GOBP_CELLULAR_RESPONSE_TO_GLUCAGON_STIMULUS	go_bp	0	5	12	34	2920	1.000000e+00	1.000000e+00	
GOBP_CELLULAR_RESPONSE_TO_GLUCOSE_STARVATION	go_bp	0	8	45	34	2920	1.000000e+00	1.000000e+00	
GOBP_CELLULAR_RESPONSE_TO_GONADOTROPIN_STIMULUS	go_bp	0	3	18	34	2920	1.000000e+00	1.000000e+00	
GOBP_CELLULAR_RESPONSE_TO_GROWTH_HORMONE_STIMULUS	go_bp	0	10	26	34	2920	1.000000e+00	1.000000e+00	
GOBP_CELLULAR_RESPONSE_TO_HEAT	go_bp	0	21	69	34	2920	1.000000e+00	1.000000e+00	
GOBP_CELLULAR_RESPONSE_TO_INCREASED_OXYGEN_LEVELS	go_bp	0	3	12	34	2920	1.000000e+00	1.000000e+00	
GOBP_CELLULAR_RESPONSE_TO_INSULIN_LIKE_GROWTH_FACTOR_STIMULUS	go_bp	0	3	9	34	2920	1.000000e+00	1.000000e+00	
GOBP_CELLULAR_RESPONSE_TO_INTERFERON_ALPHA	go_bp	0	5	8	34	2920	1.000000e+00	1.000000e+00	
GOBP_CELLULAR_RESPONSE_TO_INTERFERON_BETA	go_bp	0	5	27	34	2920	1.000000e+00	1.000000e+00	
GOBP_CELLULAR_RESPONSE_TO_IONIZING_RADIATION	go_bp	0	18	72	34	2920	1.000000e+00	1.000000e+00	
GOBP_CELLULAR_RESPONSE_TO_IRON_ION	go_bp	0	4	8	34	2920	1.000000e+00	1.000000e+00	
GOBP_CELLULAR_RESPONSE_TO_LEPTIN_STIMULUS	go_bp	0	5	17	34	2920	1.000000e+00	1.000000e+00	
GOBP_CELLULAR_RESPONSE_TO_MANGANESE_ION	go_bp	0	3	10	34	2920	1.000000e+00	1.000000e+00	
GOBP_CELLULAR_RESPONSE_TO_MINERALOCORTICOID_STIMULUS	go_bp	0	5	13	34	2920	1.000000e+00	1.000000e+00	
GOBP_CELLULAR_RESPONSE_TO_NICOTINE	go_bp	0	3	9	34	2920	1.000000e+00	1.000000e+00	
GOBP_CELLULAR_RESPONSE_TO_NITROGEN_LEVELS	go_bp	0	5	12	34	2920	1.000000e+00	1.000000e+00	
GOBP_CELLULAR_RESPONSE_TO_OSMOTIC_STRESS	go_bp	0	13	55	34	2920	1.000000e+00	1.000000e+00	
GOBP_CELLULAR_RESPONSE_TO_OXIDISED_LOW_DENSITY_LIPOPROTEIN_PARTICLE_STIMULUS	go_bp	0	4	14	34	2920	1.000000e+00	1.000000e+00	
GOBP_CELLULAR_RESPONSE_TO_PARATHYROID_HORMONE_STIMULUS	go_bp	0	3	10	34	2920	1.000000e+00	1.000000e+00	
GOBP_CELLULAR_RESPONSE_TO_PEPTIDE	go_bp	0	3	13	34	2920	1.000000e+00	1.000000e+00	
GOBP_CELLULAR_RESPONSE_TO_SALT_STRESS	go_bp	0	5	14	34	2920	1.000000e+00	1.000000e+00	
GOBP_CELLULAR_RESPONSE_TO_STEROL	go_bp	0	3	25	34	2920	1.000000e+00	1.000000e+00	
GOBP_CELLULAR_RESPONSE_TO_TESTOSTERONE_STIMULUS	go_bp	0	4	12	34	2920	1.000000e+00	1.000000e+00	
GOBP_CELLULAR_RESPONSE_TO_TOPOLOGICALLY_INCORRECT_PROTEIN	go_bp	0	22	105	34	2920	1.000000e+00	1.000000e+00	
GOBP_CELLULAR_RESPONSE_TO_UV_B	go_bp	0	5	12	34	2920	1.000000e+00	1.000000e+00	
GOBP_CELLULAR_RESPONSE_TO_X_RAY	go_bp	0	5	11	34	2920	1.000000e+00	1.000000e+00	
GOBP_CELLULAR_SENESCENCE	go_bp	0	22	111	34	2920	1.000000e+00	1.000000e+00	
GOBP_CELL_ADHESION_INVOLVED_IN_HEART_MORPHOGENESIS	go_bp	0	4	8	34	2920	1.000000e+00	1.000000e+00	
GOBP_CELL_ADHESION_MOLECULE_PRODUCTION	go_bp	0	5	23	34	2920	1.000000e+00	1.000000e+00	
GOBP_CELL_AGGREGATION	go_bp	0	5	23	34	2920	1.000000e+00	1.000000e+00	
GOBP_CELL_CELL_ADHESION_INVOLVED_IN_GASTRULATION	go_bp	0	5	12	34	2920	1.000000e+00	1.000000e+00	
GOBP_CELL_CELL_ADHESION_MEDIATED_BY_CADHERIN	go_bp	0	19	50	34	2920	1.000000e+00	1.000000e+00	
GOBP_CELL_CELL_JUNCTION_MAINTENANCE	go_bp	0	7	18	34	2920	1.000000e+00	1.000000e+00	
GOBP_CELL_COMMUNICATION_BY_ELECTRICAL_COUPLING	go_bp	0	7	33	34	2920	1.000000e+00	1.000000e+00	
GOBP_CELL_COMMUNICATION_BY_ELECTRICAL_COUPLING_INVOLVED_IN_CARDIAC_CONDUCTION	go_bp	0	5	26	34	2920	1.000000e+00	1.000000e+00	
GOBP_CELL_CYCLE_DNA_REPLICATION	go_bp	0	7	46	34	2920	1.000000e+00	1.000000e+00	
GOBP_CELL_CYCLE_PHASE_TRANSITION	go_bp	0	87	563	34	2920	1.000000e+00	1.000000e+00	
GOBP_CELL_CYCLE_PROCESS	go_bp	0	200	1305	34	2920	1.000000e+00	1.000000e+00	
GOBP_CELL_DIFFERENTIATION_INVOLVED_IN_EMBRYONIC_PLACENTA_DEVELOPMENT	go_bp	0	8	24	34	2920	1.000000e+00	1.000000e+00	
GOBP_CELL_DIFFERENTIATION_INVOLVED_IN_KIDNEY_DEVELOPMENT	go_bp	0	19	58	34	2920	1.000000e+00	1.000000e+00	
GOBP_CELL_DIFFERENTIATION_INVOLVED_IN_METANEPHROS_DEVELOPMENT	go_bp	0	7	22	34	2920	1.000000e+00	1.000000e+00	
GOBP_CELL_DIFFERENTIATION_IN_SPINAL_CORD	go_bp	0	7	50	34	2920	1.000000e+00	1.000000e+00	
GOBP_CELL_MIGRATION_INVOLVED_IN_KIDNEY_DEVELOPMENT	go_bp	0	4	6	34	2920	1.000000e+00	1.000000e+00	
GOBP_CELL_MIGRATION_INVOLVED_IN_METANEPHROS_DEVELOPMENT	go_bp	0	4	5	34	2920	1.000000e+00	1.000000e+00	
GOBP_CELL_MIGRATION_INVOLVED_IN_SPROUTING_ANGIOGENESIS	go_bp	0	21	98	34	2920	1.000000e+00	1.000000e+00	
GOBP_CELL_PROLIFERATION_INVOLVED_IN_HEART_MORPHOGENESIS	go_bp	0	5	20	34	2920	1.000000e+00	1.000000e+00	
GOBP_CELL_PROLIFERATION_INVOLVED_IN_KIDNEY_DEVELOPMENT	go_bp	0	7	23	34	2920	1.000000e+00	1.000000e+00	
GOBP_CELL_PROLIFERATION_IN_BONE_MARROW	go_bp	0	3	11	34	2920	1.000000e+00	1.000000e+00	
GOBP_CELL_REDOX_HOMEOSTASIS	go_bp	0	16	41	34	2920	1.000000e+00	1.000000e+00	
GOBP_CENTRAL_NERVOUS_SYSTEM_MYELIN_FORMATION	go_bp	0	4	8	34	2920	1.000000e+00	1.000000e+00	
GOBP_CENTRAL_NERVOUS_SYSTEM_NEURON_AXONOGENESIS	go_bp	0	9	37	34	2920	1.000000e+00	1.000000e+00	
GOBP_CENTRAL_NERVOUS_SYSTEM_NEURON_DEVELOPMENT	go_bp	0	19	86	34	2920	1.000000e+00	1.000000e+00	
GOBP_CENTRAL_NERVOUS_SYSTEM_PROJECTION_NEURON_AXONOGENESIS	go_bp	0	8	29	34	2920	1.000000e+00	1.000000e+00	
GOBP_CENTRIOLE_ASSEMBLY	go_bp	0	9	49	34	2920	1.000000e+00	1.000000e+00	
GOBP_CENTROMERE_COMPLEX_ASSEMBLY	go_bp	0	4	30	34	2920	1.000000e+00	1.000000e+00	
GOBP_CENTROSOME_DUPLICATION	go_bp	0	14	76	34	2920	1.000000e+00	1.000000e+00	
GOBP_CENTROSOME_SEPARATION	go_bp	0	3	16	34	2920	1.000000e+00	1.000000e+00	
GOBP_CERAMIDE_BIOSYNTHETIC_PROCESS	go_bp	0	7	69	34	2920	1.000000e+00	1.000000e+00	
GOBP_CERAMIDE_CATABOLIC_PROCESS	go_bp	0	5	25	34	2920	1.000000e+00	1.000000e+00	
GOBP_CERAMIDE_METABOLIC_PROCESS	go_bp	0	14	110	34	2920	1.000000e+00	1.000000e+00	
GOBP_CERAMIDE_TRANSPORT	go_bp	0	3	17	34	2920	1.000000e+00	1.000000e+00	
GOBP_CEREBELLAR_GRANULAR_LAYER_FORMATION	go_bp	0	3	7	34	2920	1.000000e+00	1.000000e+00	
GOBP_CEREBELLAR_GRANULAR_LAYER_MORPHOGENESIS	go_bp	0	4	9	34	2920	1.000000e+00	1.000000e+00	
GOBP_CEREBRAL_CORTEX_CELL_MIGRATION	go_bp	0	7	48	34	2920	1.000000e+00	1.000000e+00	
GOBP_CEREBRAL_CORTEX_NEURON_DIFFERENTIATION	go_bp	0	4	26	34	2920	1.000000e+00	1.000000e+00	
GOBP_CEREBRAL_CORTEX_RADIALLY_ORIENTED_CELL_MIGRATION	go_bp	0	4	36	34	2920	1.000000e+00	1.000000e+00	
GOBP_CGMP_BIOSYNTHETIC_PROCESS	go_bp	0	4	11	34	2920	1.000000e+00	1.000000e+00	
GOBP_CGMP_MEDIATED_SIGNALING	go_bp	0	9	36	34	2920	1.000000e+00	1.000000e+00	
GOBP_CGMP_METABOLIC_PROCESS	go_bp	0	5	17	34	2920	1.000000e+00	1.000000e+00	
GOBP_CHAPERONE_MEDIATED_AUTOPHAGY	go_bp	0	5	15	34	2920	1.000000e+00	1.000000e+00	
GOBP_CHAPERONE_MEDIATED_PROTEIN_COMPLEX_ASSEMBLY	go_bp	0	7	24	34	2920	1.000000e+00	1.000000e+00	
GOBP_CHEMICAL_SYNAPTIC_TRANSMISSION_POSTSYNAPTIC	go_bp	0	16	115	34	2920	1.000000e+00	1.000000e+00	
GOBP_CHEMOKINE_C_C_MOTIF_LIGAND_5_PRODUCTION	go_bp	0	4	11	34	2920	1.000000e+00	1.000000e+00	
GOBP_CHEMOKINE_C_X_C_MOTIF_LIGAND_1_PRODUCTION	go_bp	0	3	6	34	2920	1.000000e+00	1.000000e+00	
GOBP_CHEMOKINE_C_X_C_MOTIF_LIGAND_2_PRODUCTION	go_bp	0	8	20	34	2920	1.000000e+00	1.000000e+00	
GOBP_CHITIN_METABOLIC_PROCESS	go_bp	0	3	6	34	2920	1.000000e+00	1.000000e+00	
GOBP_CHLORIDE_TRANSPORT	go_bp	0	10	126	34	2920	1.000000e+00	1.000000e+00	
GOBP_CHOLESTEROL_CATABOLIC_PROCESS	go_bp	0	3	9	34	2920	1.000000e+00	1.000000e+00	
GOBP_CHOLESTEROL_EFFLUX	go_bp	0	21	74	34	2920	1.000000e+00	1.000000e+00	
GOBP_CHOLESTEROL_IMPORT	go_bp	0	5	9	34	2920	1.000000e+00	1.000000e+00	
GOBP_CHOLESTEROL_STORAGE	go_bp	0	8	25	34	2920	1.000000e+00	1.000000e+00	
GOBP_CHONDROCYTE_DEVELOPMENT	go_bp	0	7	32	34	2920	1.000000e+00	1.000000e+00	
GOBP_CHONDROCYTE_DEVELOPMENT_INVOLVED_IN_ENDOCHONDRAL_BONE_MORPHOGENESIS	go_bp	0	4	8	34	2920	1.000000e+00	1.000000e+00	
GOBP_CHONDROITIN_SULFATE_METABOLIC_PROCESS	go_bp	0	3	26	34	2920	1.000000e+00	1.000000e+00	
GOBP_CHONDROITIN_SULFATE_PROTEOGLYCAN_BIOSYNTHETIC_PROCESS	go_bp	0	3	24	34	2920	1.000000e+00	1.000000e+00	
GOBP_CHONDROITIN_SULFATE_PROTEOGLYCAN_METABOLIC_PROCESS	go_bp	0	5	31	34	2920	1.000000e+00	1.000000e+00	
GOBP_CHROMOSOME_CONDENSATION	go_bp	0	4	48	34	2920	1.000000e+00	1.000000e+00	
GOBP_CHROMOSOME_LOCALIZATION	go_bp	0	18	123	34	2920	1.000000e+00	1.000000e+00	
GOBP_CHROMOSOME_ORGANIZATION_INVOLVED_IN_MEIOTIC_CELL_CYCLE	go_bp	0	5	65	34	2920	1.000000e+00	1.000000e+00	
GOBP_CHROMOSOME_SEPARATION	go_bp	0	7	82	34	2920	1.000000e+00	1.000000e+00	
GOBP_CHRONIC_INFLAMMATORY_RESPONSE	go_bp	0	9	19	34	2920	1.000000e+00	1.000000e+00	
GOBP_CILIARY_NEUROTROPHIC_FACTOR_MEDIATED_SIGNALING_PATHWAY	go_bp	0	4	5	34	2920	1.000000e+00	1.000000e+00	
GOBP_CILIUM_MOVEMENT	go_bp	0	15	213	34	2920	1.000000e+00	1.000000e+00	
GOBP_CILIUM_OR_FLAGELLUM_DEPENDENT_CELL_MOTILITY	go_bp	0	13	175	34	2920	1.000000e+00	1.000000e+00	
GOBP_CIRCADIAN_REGULATION_OF_GENE_EXPRESSION	go_bp	0	14	70	34	2920	1.000000e+00	1.000000e+00	
GOBP_CIRCADIAN_SLEEP_WAKE_CYCLE	go_bp	0	7	22	34	2920	1.000000e+00	1.000000e+00	
GOBP_CITRULLINE_METABOLIC_PROCESS	go_bp	0	3	8	34	2920	1.000000e+00	1.000000e+00	
GOBP_CLATHRIN_COAT_ASSEMBLY	go_bp	0	8	19	34	2920	1.000000e+00	1.000000e+00	
GOBP_CLATHRIN_DEPENDENT_ENDOCYTOSIS	go_bp	0	10	49	34	2920	1.000000e+00	1.000000e+00	
GOBP_COBALAMIN_TRANSPORT	go_bp	0	5	9	34	2920	1.000000e+00	1.000000e+00	
GOBP_COBALT_ION_TRANSPORT	go_bp	0	3	8	34	2920	1.000000e+00	1.000000e+00	
GOBP_COCHLEA_DEVELOPMENT	go_bp	0	9	50	34	2920	1.000000e+00	1.000000e+00	
GOBP_COCHLEA_MORPHOGENESIS	go_bp	0	4	24	34	2920	1.000000e+00	1.000000e+00	
GOBP_COLLAGEN_ACTIVATED_SIGNALING_PATHWAY	go_bp	0	7	15	34	2920	1.000000e+00	1.000000e+00	
GOBP_COLLAGEN_ACTIVATED_TYROSINE_KINASE_RECEPTOR_SIGNALING_PATHWAY	go_bp	0	4	11	34	2920	1.000000e+00	1.000000e+00	
GOBP_COLLAGEN_BIOSYNTHETIC_PROCESS	go_bp	0	15	48	34	2920	1.000000e+00	1.000000e+00	
GOBP_COLLATERAL_SPROUTING	go_bp	0	11	28	34	2920	1.000000e+00	1.000000e+00	
GOBP_COLUMNAR_CUBOIDAL_EPITHELIAL_CELL_MATURATION	go_bp	0	4	15	34	2920	1.000000e+00	1.000000e+00	
GOBP_COMMON_MYELOID_PROGENITOR_CELL_PROLIFERATION	go_bp	0	3	9	34	2920	1.000000e+00	1.000000e+00	
GOBP_COMPLEMENT_ACTIVATION_ALTERNATIVE_PATHWAY	go_bp	0	14	18	34	2920	1.000000e+00	1.000000e+00	
GOBP_COMPLEMENT_ACTIVATION_LECTIN_PATHWAY	go_bp	0	5	11	34	2920	1.000000e+00	1.000000e+00	
GOBP_COMPLEMENT_DEPENDENT_CYTOTOXICITY	go_bp	0	11	14	34	2920	1.000000e+00	1.000000e+00	
GOBP_COMPLEMENT_RECEPTOR_MEDIATED_SIGNALING_PATHWAY	go_bp	0	4	15	34	2920	1.000000e+00	1.000000e+00	
GOBP_CONNECTIVE_TISSUE_REPLACEMENT_INVOLVED_IN_INFLAMMATORY_RESPONSE_WOUND_HEALING	go_bp	0	5	7	34	2920	1.000000e+00	1.000000e+00	
GOBP_CONVERGENT_EXTENSION	go_bp	0	3	15	34	2920	1.000000e+00	1.000000e+00	
GOBP_COPII_COATED_VESICLE_BUDDING	go_bp	0	5	45	34	2920	1.000000e+00	1.000000e+00	
GOBP_COPPER_ION_HOMEOSTASIS	go_bp	0	5	21	34	2920	1.000000e+00	1.000000e+00	
GOBP_COPPER_ION_TRANSPORT	go_bp	0	4	18	34	2920	1.000000e+00	1.000000e+00	
GOBP_CORPUS_CALLOSUM_DEVELOPMENT	go_bp	0	3	26	34	2920	1.000000e+00	1.000000e+00	
GOBP_CORTICAL_CYTOSKELETON_ORGANIZATION	go_bp	0	8	52	34	2920	1.000000e+00	1.000000e+00	
GOBP_CORTICOSTEROID_HORMONE_SECRETION	go_bp	0	10	19	34	2920	1.000000e+00	1.000000e+00	
GOBP_CORTICOSTERONE_SECRETION	go_bp	0	3	6	34	2920	1.000000e+00	1.000000e+00	
GOBP_CORTICOTROPIN_SECRETION	go_bp	0	4	7	34	2920	1.000000e+00	1.000000e+00	
GOBP_CORTISOL_BIOSYNTHETIC_PROCESS	go_bp	0	3	10	34	2920	1.000000e+00	1.000000e+00	
GOBP_CORTISOL_METABOLIC_PROCESS	go_bp	0	3	12	34	2920	1.000000e+00	1.000000e+00	
GOBP_CORTISOL_SECRETION	go_bp	0	3	5	34	2920	1.000000e+00	1.000000e+00	
GOBP_CRANIAL_NERVE_DEVELOPMENT	go_bp	0	7	64	34	2920	1.000000e+00	1.000000e+00	
GOBP_CRANIAL_NERVE_MORPHOGENESIS	go_bp	0	5	31	34	2920	1.000000e+00	1.000000e+00	
GOBP_CRANIAL_NERVE_STRUCTURAL_ORGANIZATION	go_bp	0	4	11	34	2920	1.000000e+00	1.000000e+00	
GOBP_CRISTAE_FORMATION	go_bp	0	4	20	34	2920	1.000000e+00	1.000000e+00	
GOBP_CYCLIC_NUCLEOTIDE_BIOSYNTHETIC_PROCESS	go_bp	0	4	21	34	2920	1.000000e+00	1.000000e+00	
GOBP_CYCLIC_NUCLEOTIDE_CATABOLIC_PROCESS	go_bp	0	3	14	34	2920	1.000000e+00	1.000000e+00	
GOBP_CYCLIC_NUCLEOTIDE_METABOLIC_PROCESS	go_bp	0	9	41	34	2920	1.000000e+00	1.000000e+00	
GOBP_CYSTEINE_METABOLIC_PROCESS	go_bp	0	4	12	34	2920	1.000000e+00	1.000000e+00	
GOBP_CYTOKINE_MEDIATED_SIGNALING_PATHWAY	go_bp	0	213	531	34	2920	1.000000e+00	1.000000e+00	
GOBP_CYTOKINE_PRODUCTION_INVOLVED_IN_INFLAMMATORY_RESPONSE	go_bp	0	22	80	34	2920	1.000000e+00	1.000000e+00	
GOBP_CYTOLYSIS_BY_HOST_OF_SYMBIONT_CELLS	go_bp	0	5	7	34	2920	1.000000e+00	1.000000e+00	
GOBP_CYTOPLASMIC_MICROTUBULE_ORGANIZATION	go_bp	0	10	59	34	2920	1.000000e+00	1.000000e+00	
GOBP_CYTOPLASMIC_SEQUESTERING_OF_PROTEIN	go_bp	0	4	16	34	2920	1.000000e+00	1.000000e+00	
GOBP_CYTOSKELETON_DEPENDENT_CYTOKINESIS	go_bp	0	21	120	34	2920	1.000000e+00	1.000000e+00	
GOBP_C_TERMINAL_PROTEIN_AMINO_ACID_MODIFICATION	go_bp	0	3	17	34	2920	1.000000e+00	1.000000e+00	
GOBP_C_X_C_CHEMOKINE_RECEPTOR_CXCR4_SIGNALING_PATHWAY	go_bp	0	3	6	34	2920	1.000000e+00	1.000000e+00	
GOBP_DECIDUALIZATION	go_bp	0	10	25	34	2920	1.000000e+00	1.000000e+00	
GOBP_DEFENSE_RESPONSE_TO_FUNGUS	go_bp	0	18	57	34	2920	1.000000e+00	1.000000e+00	
GOBP_DEFENSE_RESPONSE_TO_TUMOR_CELL	go_bp	0	3	13	34	2920	1.000000e+00	1.000000e+00	
GOBP_DEFINITIVE_HEMOPOIESIS	go_bp	0	5	20	34	2920	1.000000e+00	1.000000e+00	
GOBP_DEMETHYLATION	go_bp	0	3	42	34	2920	1.000000e+00	1.000000e+00	
GOBP_DENDRITE_ARBORIZATION	go_bp	0	3	11	34	2920	1.000000e+00	1.000000e+00	
GOBP_DENDRITIC_CELL_APOPTOTIC_PROCESS	go_bp	0	11	12	34	2920	1.000000e+00	1.000000e+00	
GOBP_DENDRITIC_CELL_CHEMOTAXIS	go_bp	0	9	24	34	2920	1.000000e+00	1.000000e+00	
GOBP_DENDRITIC_CELL_CYTOKINE_PRODUCTION	go_bp	0	7	18	34	2920	1.000000e+00	1.000000e+00	
GOBP_DENDRITIC_CELL_MIGRATION	go_bp	0	9	31	34	2920	1.000000e+00	1.000000e+00	
GOBP_DENDRITIC_SPINE_DEVELOPMENT	go_bp	0	19	99	34	2920	1.000000e+00	1.000000e+00	
GOBP_DENDRITIC_SPINE_MAINTENANCE	go_bp	0	7	22	34	2920	1.000000e+00	1.000000e+00	
GOBP_DENDRITIC_SPINE_MORPHOGENESIS	go_bp	0	10	60	34	2920	1.000000e+00	1.000000e+00	
GOBP_DENSE_CORE_GRANULE_EXOCYTOSIS	go_bp	0	3	10	34	2920	1.000000e+00	1.000000e+00	
GOBP_DENTATE_GYRUS_DEVELOPMENT	go_bp	0	3	24	34	2920	1.000000e+00	1.000000e+00	
GOBP_DEOXYRIBONUCLEOSIDE_METABOLIC_PROCESS	go_bp	0	3	11	34	2920	1.000000e+00	1.000000e+00	
GOBP_DEOXYRIBONUCLEOSIDE_MONOPHOSPHATE_BIOSYNTHETIC_PROCESS	go_bp	0	3	8	34	2920	1.000000e+00	1.000000e+00	
GOBP_DEOXYRIBONUCLEOSIDE_MONOPHOSPHATE_METABOLIC_PROCESS	go_bp	0	10	24	34	2920	1.000000e+00	1.000000e+00	
GOBP_DEOXYRIBONUCLEOTIDE_CATABOLIC_PROCESS	go_bp	0	10	28	34	2920	1.000000e+00	1.000000e+00	
GOBP_DEOXYRIBONUCLEOTIDE_METABOLIC_PROCESS	go_bp	0	15	42	34	2920	1.000000e+00	1.000000e+00	
GOBP_DERMATAN_SULFATE_PROTEOGLYCAN_METABOLIC_PROCESS	go_bp	0	3	12	34	2920	1.000000e+00	1.000000e+00	
GOBP_DETECTION_OF_ABIOTIC_STIMULUS	go_bp	0	19	142	34	2920	1.000000e+00	1.000000e+00	
GOBP_DETECTION_OF_BACTERIUM	go_bp	0	7	16	34	2920	1.000000e+00	1.000000e+00	
GOBP_DETECTION_OF_BIOTIC_STIMULUS	go_bp	0	19	37	34	2920	1.000000e+00	1.000000e+00	
GOBP_DETECTION_OF_CELL_DENSITY	go_bp	0	4	9	34	2920	1.000000e+00	1.000000e+00	
GOBP_DETECTION_OF_CHEMICAL_STIMULUS_INVOLVED_IN_SENSORY_PERCEPTION_OF_TASTE	go_bp	0	5	48	34	2920	1.000000e+00	1.000000e+00	
GOBP_DETECTION_OF_EXTERNAL_BIOTIC_STIMULUS	go_bp	0	14	26	34	2920	1.000000e+00	1.000000e+00	
GOBP_DETECTION_OF_LIGHT_STIMULUS	go_bp	0	3	67	34	2920	1.000000e+00	1.000000e+00	
GOBP_DETECTION_OF_LIPOPOLYSACCHARIDE	go_bp	0	4	5	34	2920	1.000000e+00	1.000000e+00	
GOBP_DETECTION_OF_MECHANICAL_STIMULUS	go_bp	0	11	54	34	2920	1.000000e+00	1.000000e+00	
GOBP_DETECTION_OF_MECHANICAL_STIMULUS_INVOLVED_IN_SENSORY_PERCEPTION_OF_PAIN	go_bp	0	3	15	34	2920	1.000000e+00	1.000000e+00	
GOBP_DETECTION_OF_MOLECULE_OF_BACTERIAL_ORIGIN	go_bp	0	8	13	34	2920	1.000000e+00	1.000000e+00	
GOBP_DETECTION_OF_MUSCLE_STRETCH	go_bp	0	3	7	34	2920	1.000000e+00	1.000000e+00	
GOBP_DETECTION_OF_OTHER_ORGANISM	go_bp	0	10	19	34	2920	1.000000e+00	1.000000e+00	
GOBP_DETECTION_OF_STIMULUS_INVOLVED_IN_SENSORY_PERCEPTION	go_bp	0	15	552	34	2920	1.000000e+00	1.000000e+00	
GOBP_DETECTION_OF_TEMPERATURE_STIMULUS_INVOLVED_IN_SENSORY_PERCEPTION_OF_PAIN	go_bp	0	4	19	34	2920	1.000000e+00	1.000000e+00	
GOBP_DETERMINATION_OF_ADULT_LIFESPAN	go_bp	0	9	35	34	2920	1.000000e+00	1.000000e+00	
GOBP_DETERMINATION_OF_LEFT_RIGHT_ASYMMETRY_IN_LATERAL_MESODERM	go_bp	0	5	10	34	2920	1.000000e+00	1.000000e+00	
GOBP_DETOXIFICATION_OF_INORGANIC_COMPOUND	go_bp	0	4	23	34	2920	1.000000e+00	1.000000e+00	
GOBP_DEVELOPMENTAL_INDUCTION	go_bp	0	7	33	34	2920	1.000000e+00	1.000000e+00	
GOBP_DEVELOPMENT_OF_SECONDARY_FEMALE_SEXUAL_CHARACTERISTICS	go_bp	0	3	7	34	2920	1.000000e+00	1.000000e+00	
GOBP_DEVELOPMENT_OF_SECONDARY_SEXUAL_CHARACTERISTICS	go_bp	0	5	10	34	2920	1.000000e+00	1.000000e+00	
GOBP_DE_NOVO_PROTEIN_FOLDING	go_bp	0	8	42	34	2920	1.000000e+00	1.000000e+00	
GOBP_DGMP_METABOLIC_PROCESS	go_bp	0	3	6	34	2920	1.000000e+00	1.000000e+00	
GOBP_DIAPEDESIS	go_bp	0	3	7	34	2920	1.000000e+00	1.000000e+00	
GOBP_DICARBOXYLIC_ACID_TRANSPORT	go_bp	0	16	101	34	2920	1.000000e+00	1.000000e+00	
GOBP_DICHOTOMOUS_SUBDIVISION_OF_AN_EPITHELIAL_TERMINAL_UNIT	go_bp	0	3	8	34	2920	1.000000e+00	1.000000e+00	
GOBP_DIGESTIVE_TRACT_MORPHOGENESIS	go_bp	0	14	49	34	2920	1.000000e+00	1.000000e+00	
GOBP_DIOL_BIOSYNTHETIC_PROCESS	go_bp	0	7	22	34	2920	1.000000e+00	1.000000e+00	
GOBP_DIOL_METABOLIC_PROCESS	go_bp	0	9	31	34	2920	1.000000e+00	1.000000e+00	
GOBP_DIRECT_OSSIFICATION	go_bp	0	3	7	34	2920	1.000000e+00	1.000000e+00	
GOBP_DISACCHARIDE_METABOLIC_PROCESS	go_bp	0	4	11	34	2920	1.000000e+00	1.000000e+00	
GOBP_DISTAL_TUBULE_DEVELOPMENT	go_bp	0	5	12	34	2920	1.000000e+00	1.000000e+00	
GOBP_DITERPENOID_METABOLIC_PROCESS	go_bp	0	18	89	34	2920	1.000000e+00	1.000000e+00	
GOBP_DNA_CATABOLIC_PROCESS	go_bp	0	7	33	34	2920	1.000000e+00	1.000000e+00	
GOBP_DNA_CONFORMATION_CHANGE	go_bp	0	13	90	34	2920	1.000000e+00	1.000000e+00	
GOBP_DNA_DAMAGE_RESPONSE_SIGNAL_TRANSDUCTION_BY_P53_CLASS_MEDIATOR_RESULTING_IN_CELL_CYCLE_ARREST	go_bp	0	7	19	34	2920	1.000000e+00	1.000000e+00	
GOBP_DNA_DAMAGE_RESPONSE_SIGNAL_TRANSDUCTION_RESULTING_IN_TRANSCRIPTION	go_bp	0	3	16	34	2920	1.000000e+00	1.000000e+00	
GOBP_DNA_INTEGRITY_CHECKPOINT_SIGNALING	go_bp	0	22	136	34	2920	1.000000e+00	1.000000e+00	
GOBP_DNA_LIGATION	go_bp	0	3	16	34	2920	1.000000e+00	1.000000e+00	
GOBP_DNA_MODIFICATION	go_bp	0	4	43	34	2920	1.000000e+00	1.000000e+00	
GOBP_DNA_PROTECTION	go_bp	0	3	7	34	2920	1.000000e+00	1.000000e+00	
GOBP_DNA_REPAIR_DEPENDENT_CHROMATIN_REMODELING	go_bp	0	4	22	34	2920	1.000000e+00	1.000000e+00	
GOBP_DNA_STRAND_ELONGATION	go_bp	0	5	37	34	2920	1.000000e+00	1.000000e+00	
GOBP_DNA_SYNTHESIS_INVOLVED_IN_DNA_REPAIR	go_bp	0	4	42	34	2920	1.000000e+00	1.000000e+00	
GOBP_DNA_TEMPLATED_DNA_REPLICATION	go_bp	0	15	164	34	2920	1.000000e+00	1.000000e+00	
GOBP_DNA_TEMPLATED_TRANSCRIPTION_INITIATION	go_bp	0	19	208	34	2920	1.000000e+00	1.000000e+00	
GOBP_DNA_TEMPLATED_TRANSCRIPTION_TERMINATION	go_bp	0	3	30	34	2920	1.000000e+00	1.000000e+00	
GOBP_DNA_TOPOLOGICAL_CHANGE	go_bp	0	3	9	34	2920	1.000000e+00	1.000000e+00	
GOBP_DOPAMINERGIC_NEURON_DIFFERENTIATION	go_bp	0	10	41	34	2920	1.000000e+00	1.000000e+00	
GOBP_DORSAL_AORTA_DEVELOPMENT	go_bp	0	4	10	34	2920	1.000000e+00	1.000000e+00	
GOBP_DORSAL_AORTA_MORPHOGENESIS	go_bp	0	3	8	34	2920	1.000000e+00	1.000000e+00	
GOBP_DORSAL_ROOT_GANGLION_DEVELOPMENT	go_bp	0	3	7	34	2920	1.000000e+00	1.000000e+00	
GOBP_DORSAL_SPINAL_CORD_DEVELOPMENT	go_bp	0	3	20	34	2920	1.000000e+00	1.000000e+00	
GOBP_DORSAL_VENTRAL_AXIS_SPECIFICATION	go_bp	0	3	14	34	2920	1.000000e+00	1.000000e+00	
GOBP_DOUBLE_STRAND_BREAK_REPAIR_VIA_NONHOMOLOGOUS_END_JOINING	go_bp	0	10	73	34	2920	1.000000e+00	1.000000e+00	
GOBP_DRINKING_BEHAVIOR	go_bp	0	4	11	34	2920	1.000000e+00	1.000000e+00	
GOBP_DTMP_METABOLIC_PROCESS	go_bp	0	4	6	34	2920	1.000000e+00	1.000000e+00	
GOBP_DUMP_METABOLIC_PROCESS	go_bp	0	3	7	34	2920	1.000000e+00	1.000000e+00	
GOBP_EARLY_ENDOSOME_TO_GOLGI_TRANSPORT	go_bp	0	4	17	34	2920	1.000000e+00	1.000000e+00	
GOBP_EAR_MORPHOGENESIS	go_bp	0	22	127	34	2920	1.000000e+00	1.000000e+00	
GOBP_ECTODERMAL_CELL_DIFFERENTIATION	go_bp	0	3	7	34	2920	1.000000e+00	1.000000e+00	
GOBP_ECTOPIC_GERM_CELL_PROGRAMMED_CELL_DEATH	go_bp	0	9	18	34	2920	1.000000e+00	1.000000e+00	
GOBP_EGG_ACTIVATION	go_bp	0	4	11	34	2920	1.000000e+00	1.000000e+00	
GOBP_ELASTIC_FIBER_ASSEMBLY	go_bp	0	3	10	34	2920	1.000000e+00	1.000000e+00	
GOBP_ELASTIN_CATABOLIC_PROCESS	go_bp	0	3	5	34	2920	1.000000e+00	1.000000e+00	
GOBP_ELECTRON_TRANSPORT_CHAIN	go_bp	0	16	132	34	2920	1.000000e+00	1.000000e+00	
GOBP_EMBRYONIC_APPENDAGE_MORPHOGENESIS	go_bp	0	15	122	34	2920	1.000000e+00	1.000000e+00	
GOBP_EMBRYONIC_AXIS_SPECIFICATION	go_bp	0	4	42	34	2920	1.000000e+00	1.000000e+00	
GOBP_EMBRYONIC_DIGESTIVE_TRACT_MORPHOGENESIS	go_bp	0	4	17	34	2920	1.000000e+00	1.000000e+00	
GOBP_EMBRYONIC_DIGIT_MORPHOGENESIS	go_bp	0	7	58	34	2920	1.000000e+00	1.000000e+00	
GOBP_EMBRYONIC_EYE_MORPHOGENESIS	go_bp	0	4	35	34	2920	1.000000e+00	1.000000e+00	
GOBP_EMBRYONIC_FORELIMB_MORPHOGENESIS	go_bp	0	4	33	34	2920	1.000000e+00	1.000000e+00	
GOBP_EMBRYONIC_HEART_TUBE_DEVELOPMENT	go_bp	0	15	86	34	2920	1.000000e+00	1.000000e+00	
GOBP_EMBRYONIC_HINDLIMB_MORPHOGENESIS	go_bp	0	4	28	34	2920	1.000000e+00	1.000000e+00	
GOBP_EMBRYONIC_PATTERN_SPECIFICATION	go_bp	0	15	74	34	2920	1.000000e+00	1.000000e+00	
GOBP_EMBRYONIC_PLACENTA_MORPHOGENESIS	go_bp	0	8	26	34	2920	1.000000e+00	1.000000e+00	
GOBP_EMBRYONIC_SKELETAL_JOINT_DEVELOPMENT	go_bp	0	4	15	34	2920	1.000000e+00	1.000000e+00	
GOBP_EMBRYONIC_SKELETAL_JOINT_MORPHOGENESIS	go_bp	0	3	11	34	2920	1.000000e+00	1.000000e+00	
GOBP_EMBRYO_IMPLANTATION	go_bp	0	21	61	34	2920	1.000000e+00	1.000000e+00	
GOBP_ENAMEL_MINERALIZATION	go_bp	0	5	22	34	2920	1.000000e+00	1.000000e+00	
GOBP_ENDOCARDIAL_CUSHION_TO_MESENCHYMAL_TRANSITION	go_bp	0	3	6	34	2920	1.000000e+00	1.000000e+00	
GOBP_ENDOCARDIUM_DEVELOPMENT	go_bp	0	3	12	34	2920	1.000000e+00	1.000000e+00	
GOBP_ENDOCHONDRAL_BONE_MORPHOGENESIS	go_bp	0	19	60	34	2920	1.000000e+00	1.000000e+00	
GOBP_ENDOCRINE_HORMONE_SECRETION	go_bp	0	19	57	34	2920	1.000000e+00	1.000000e+00	
GOBP_ENDOCRINE_PANCREAS_DEVELOPMENT	go_bp	0	10	44	34	2920	1.000000e+00	1.000000e+00	
GOBP_ENDOCYTIC_RECYCLING	go_bp	0	14	90	34	2920	1.000000e+00	1.000000e+00	
GOBP_ENDOCYTOSIS_INVOLVED_IN_VIRAL_ENTRY_INTO_HOST_CELL	go_bp	0	7	13	34	2920	1.000000e+00	1.000000e+00	
GOBP_ENDODERMAL_CELL_FATE_COMMITMENT	go_bp	0	3	15	34	2920	1.000000e+00	1.000000e+00	
GOBP_ENDODERM_FORMATION	go_bp	0	18	60	34	2920	1.000000e+00	1.000000e+00	
GOBP_ENDOPLASMIC_RETICULUM_TO_GOLGI_VESICLE_MEDIATED_TRANSPORT	go_bp	0	15	139	34	2920	1.000000e+00	1.000000e+00	
GOBP_ENDOPLASMIC_RETICULUM_TUBULAR_NETWORK_ORGANIZATION	go_bp	0	3	21	34	2920	1.000000e+00	1.000000e+00	
GOBP_ENDOPLASMIC_RETICULUM_UNFOLDED_PROTEIN_RESPONSE	go_bp	0	16	76	34	2920	1.000000e+00	1.000000e+00	
GOBP_ENDOSOMAL_LUMEN_ACIDIFICATION	go_bp	0	4	14	34	2920	1.000000e+00	1.000000e+00	
GOBP_ENDOSOME_ORGANIZATION	go_bp	0	20	98	34	2920	1.000000e+00	1.000000e+00	
GOBP_ENDOSOME_TO_LYSOSOME_TRANSPORT	go_bp	0	7	74	34	2920	1.000000e+00	1.000000e+00	
GOBP_ENDOSOME_TO_LYSOSOME_TRANSPORT_VIA_MULTIVESICULAR_BODY_SORTING_PATHWAY	go_bp	0	3	17	34	2920	1.000000e+00	1.000000e+00	
GOBP_ENDOSOME_TRANSPORT_VIA_MULTIVESICULAR_BODY_SORTING_PATHWAY	go_bp	0	10	41	34	2920	1.000000e+00	1.000000e+00	
GOBP_ENDOTHELIAL_CELL_CHEMOTAXIS	go_bp	0	14	32	34	2920	1.000000e+00	1.000000e+00	
GOBP_ENDOTHELIAL_CELL_MATRIX_ADHESION	go_bp	0	4	8	34	2920	1.000000e+00	1.000000e+00	
GOBP_ENDOTHELIAL_CELL_MORPHOGENESIS	go_bp	0	4	10	34	2920	1.000000e+00	1.000000e+00	
GOBP_ENDOTHELIN_RECEPTOR_SIGNALING_PATHWAY	go_bp	0	3	12	34	2920	1.000000e+00	1.000000e+00	
GOBP_ENERGY_RESERVE_METABOLIC_PROCESS	go_bp	0	19	99	34	2920	1.000000e+00	1.000000e+00	
GOBP_ENGULFMENT_OF_APOPTOTIC_CELL	go_bp	0	4	15	34	2920	1.000000e+00	1.000000e+00	
GOBP_ENTERIC_NERVOUS_SYSTEM_DEVELOPMENT	go_bp	0	3	12	34	2920	1.000000e+00	1.000000e+00	
GOBP_ENTEROENDOCRINE_CELL_DIFFERENTIATION	go_bp	0	4	36	34	2920	1.000000e+00	1.000000e+00	
GOBP_ENTRAINMENT_OF_CIRCADIAN_CLOCK	go_bp	0	4	30	34	2920	1.000000e+00	1.000000e+00	
GOBP_ENTRY_OF_BACTERIUM_INTO_HOST_CELL	go_bp	0	3	9	34	2920	1.000000e+00	1.000000e+00	
GOBP_EOSINOPHIL_ACTIVATION	go_bp	0	5	9	34	2920	1.000000e+00	1.000000e+00	
GOBP_EOSINOPHIL_DIFFERENTIATION	go_bp	0	3	7	34	2920	1.000000e+00	1.000000e+00	
GOBP_EOSINOPHIL_MEDIATED_IMMUNITY	go_bp	0	5	9	34	2920	1.000000e+00	1.000000e+00	
GOBP_EPHRIN_RECEPTOR_SIGNALING_PATHWAY	go_bp	0	16	51	34	2920	1.000000e+00	1.000000e+00	
GOBP_EPIDERMIS_MORPHOGENESIS	go_bp	0	13	37	34	2920	1.000000e+00	1.000000e+00	
GOBP_EPITHELIAL_CELL_DIFFERENTIATION	go_bp	0	166	753	34	2920	1.000000e+00	1.000000e+00	
GOBP_EPITHELIAL_CELL_DIFFERENTIATION_INVOLVED_IN_KIDNEY_DEVELOPMENT	go_bp	0	18	49	34	2920	1.000000e+00	1.000000e+00	
GOBP_EPITHELIAL_CELL_DIFFERENTIATION_INVOLVED_IN_PROSTATE_GLAND_DEVELOPMENT	go_bp	0	4	11	34	2920	1.000000e+00	1.000000e+00	
GOBP_EPITHELIAL_CELL_FATE_COMMITMENT	go_bp	0	3	15	34	2920	1.000000e+00	1.000000e+00	
GOBP_EPITHELIAL_CELL_MATURATION	go_bp	0	8	27	34	2920	1.000000e+00	1.000000e+00	
GOBP_EPITHELIAL_CELL_MORPHOGENESIS	go_bp	0	9	34	34	2920	1.000000e+00	1.000000e+00	
GOBP_EPITHELIAL_CELL_PROLIFERATION_INVOLVED_IN_LUNG_MORPHOGENESIS	go_bp	0	5	10	34	2920	1.000000e+00	1.000000e+00	
GOBP_EPITHELIAL_CELL_PROLIFERATION_INVOLVED_IN_PROSTATE_GLAND_DEVELOPMENT	go_bp	0	5	11	34	2920	1.000000e+00	1.000000e+00	
GOBP_EPITHELIAL_CELL_PROLIFERATION_INVOLVED_IN_SALIVARY_GLAND_MORPHOGENESIS	go_bp	0	3	5	34	2920	1.000000e+00	1.000000e+00	
GOBP_EPITHELIAL_FLUID_TRANSPORT	go_bp	0	4	12	34	2920	1.000000e+00	1.000000e+00	
GOBP_EPITHELIAL_MESENCHYMAL_CELL_SIGNALING	go_bp	0	3	5	34	2920	1.000000e+00	1.000000e+00	
GOBP_EPITHELIAL_STRUCTURE_MAINTENANCE	go_bp	0	14	36	34	2920	1.000000e+00	1.000000e+00	
GOBP_EPITHELIAL_TUBE_MORPHOGENESIS	go_bp	0	86	335	34	2920	1.000000e+00	1.000000e+00	
GOBP_EPITHELIUM_DEVELOPMENT	go_bp	0	277	1236	34	2920	1.000000e+00	1.000000e+00	
GOBP_ERBB2_EGFR_SIGNALING_PATHWAY	go_bp	0	8	8	34	2920	1.000000e+00	1.000000e+00	
GOBP_ERBB2_ERBB4_SIGNALING_PATHWAY	go_bp	0	4	5	34	2920	1.000000e+00	1.000000e+00	
GOBP_ERBB4_ERBB4_SIGNALING_PATHWAY	go_bp	0	3	6	34	2920	1.000000e+00	1.000000e+00	
GOBP_ERBB4_SIGNALING_PATHWAY	go_bp	0	5	10	34	2920	1.000000e+00	1.000000e+00	
GOBP_ERYTHROCYTE_DEVELOPMENT	go_bp	0	9	44	34	2920	1.000000e+00	1.000000e+00	
GOBP_ERYTHROCYTE_MATURATION	go_bp	0	5	22	34	2920	1.000000e+00	1.000000e+00	
GOBP_ER_NUCLEUS_SIGNALING_PATHWAY	go_bp	0	9	48	34	2920	1.000000e+00	1.000000e+00	
GOBP_ESCRT_COMPLEX_DISASSEMBLY	go_bp	0	4	10	34	2920	1.000000e+00	1.000000e+00	
GOBP_ESTABLISHMENT_OF_BLOOD_BRAIN_BARRIER	go_bp	0	3	16	34	2920	1.000000e+00	1.000000e+00	
GOBP_ESTABLISHMENT_OF_ENDOTHELIAL_BARRIER	go_bp	0	21	54	34	2920	1.000000e+00	1.000000e+00	
GOBP_ESTABLISHMENT_OF_ENDOTHELIAL_INTESTINAL_BARRIER	go_bp	0	4	15	34	2920	1.000000e+00	1.000000e+00	
GOBP_ESTABLISHMENT_OF_EPITHELIAL_CELL_POLARITY	go_bp	0	13	36	34	2920	1.000000e+00	1.000000e+00	
GOBP_ESTABLISHMENT_OF_LYMPHOCYTE_POLARITY	go_bp	0	8	16	34	2920	1.000000e+00	1.000000e+00	
GOBP_ESTABLISHMENT_OF_MITOCHONDRION_LOCALIZATION	go_bp	0	7	33	34	2920	1.000000e+00	1.000000e+00	
GOBP_ESTABLISHMENT_OF_MITOCHONDRION_LOCALIZATION_MICROTUBULE_MEDIATED	go_bp	0	5	27	34	2920	1.000000e+00	1.000000e+00	
GOBP_ESTABLISHMENT_OF_MITOTIC_SPINDLE_LOCALIZATION	go_bp	0	7	40	34	2920	1.000000e+00	1.000000e+00	
GOBP_ESTABLISHMENT_OF_PIGMENT_GRANULE_LOCALIZATION	go_bp	0	4	23	34	2920	1.000000e+00	1.000000e+00	
GOBP_ESTABLISHMENT_OF_PLANAR_POLARITY_INVOLVED_IN_NEURAL_TUBE_CLOSURE	go_bp	0	3	12	34	2920	1.000000e+00	1.000000e+00	
GOBP_ESTABLISHMENT_OF_PLANAR_POLARITY_OF_EMBRYONIC_EPITHELIUM	go_bp	0	3	15	34	2920	1.000000e+00	1.000000e+00	
GOBP_ESTABLISHMENT_OF_PROTEIN_LOCALIZATION_TO_ENDOPLASMIC_RETICULUM	go_bp	0	5	48	34	2920	1.000000e+00	1.000000e+00	
GOBP_ESTABLISHMENT_OF_PROTEIN_LOCALIZATION_TO_PLASMA_MEMBRANE	go_bp	0	11	66	34	2920	1.000000e+00	1.000000e+00	
GOBP_ESTABLISHMENT_OF_PROTEIN_LOCALIZATION_TO_VACUOLE	go_bp	0	13	65	34	2920	1.000000e+00	1.000000e+00	
GOBP_ESTABLISHMENT_OF_RNA_LOCALIZATION	go_bp	0	19	163	34	2920	1.000000e+00	1.000000e+00	
GOBP_ESTABLISHMENT_OF_SKIN_BARRIER	go_bp	0	3	34	34	2920	1.000000e+00	1.000000e+00	
GOBP_ESTABLISHMENT_OR_MAINTENANCE_OF_BIPOLAR_CELL_POLARITY	go_bp	0	10	59	34	2920	1.000000e+00	1.000000e+00	
GOBP_ESTABLISHMENT_OR_MAINTENANCE_OF_MONOPOLAR_CELL_POLARITY	go_bp	0	7	27	34	2920	1.000000e+00	1.000000e+00	
GOBP_ESTROUS_CYCLE	go_bp	0	5	16	34	2920	1.000000e+00	1.000000e+00	
GOBP_ETHANOL_METABOLIC_PROCESS	go_bp	0	4	13	34	2920	1.000000e+00	1.000000e+00	
GOBP_ETHER_METABOLIC_PROCESS	go_bp	0	5	26	34	2920	1.000000e+00	1.000000e+00	
GOBP_EXCITATORY_SYNAPSE_ASSEMBLY	go_bp	0	10	35	34	2920	1.000000e+00	1.000000e+00	
GOBP_EXCRETION	go_bp	0	9	30	34	2920	1.000000e+00	1.000000e+00	
GOBP_EXECUTION_PHASE_OF_APOPTOSIS	go_bp	0	20	81	34	2920	1.000000e+00	1.000000e+00	
GOBP_EXIT_FROM_MITOSIS	go_bp	0	5	31	34	2920	1.000000e+00	1.000000e+00	
GOBP_EXPORT_ACROSS_PLASMA_MEMBRANE	go_bp	0	5	83	34	2920	1.000000e+00	1.000000e+00	
GOBP_EXTRACELLULAR_EXOSOME_ASSEMBLY	go_bp	0	4	7	34	2920	1.000000e+00	1.000000e+00	
GOBP_EXTRACELLULAR_REGULATION_OF_SIGNAL_TRANSDUCTION	go_bp	0	5	13	34	2920	1.000000e+00	1.000000e+00	
GOBP_EXTRACELLULAR_VESICLE_BIOGENESIS	go_bp	0	9	25	34	2920	1.000000e+00	1.000000e+00	
GOBP_EYE_PHOTORECEPTOR_CELL_DEVELOPMENT	go_bp	0	5	36	34	2920	1.000000e+00	1.000000e+00	
GOBP_EYE_PHOTORECEPTOR_CELL_DIFFERENTIATION	go_bp	0	10	50	34	2920	1.000000e+00	1.000000e+00	
GOBP_FACE_DEVELOPMENT	go_bp	0	8	53	34	2920	1.000000e+00	1.000000e+00	
GOBP_FACE_MORPHOGENESIS	go_bp	0	7	32	34	2920	1.000000e+00	1.000000e+00	
GOBP_FACIAL_NERVE_MORPHOGENESIS	go_bp	0	4	11	34	2920	1.000000e+00	1.000000e+00	
GOBP_FACIAL_NERVE_STRUCTURAL_ORGANIZATION	go_bp	0	4	9	34	2920	1.000000e+00	1.000000e+00	
GOBP_FACULTATIVE_HETEROCHROMATIN_FORMATION	go_bp	0	3	47	34	2920	1.000000e+00	1.000000e+00	
GOBP_FATTY_ACID_BETA_OXIDATION	go_bp	0	13	75	34	2920	1.000000e+00	1.000000e+00	
GOBP_FATTY_ACID_BETA_OXIDATION_USING_ACYL_COA_OXIDASE	go_bp	0	3	12	34	2920	1.000000e+00	1.000000e+00	
GOBP_FATTY_ACID_DERIVATIVE_CATABOLIC_PROCESS	go_bp	0	4	18	34	2920	1.000000e+00	1.000000e+00	
GOBP_FATTY_ACID_DERIVATIVE_METABOLIC_PROCESS	go_bp	0	13	78	34	2920	1.000000e+00	1.000000e+00	
GOBP_FATTY_ACID_HOMEOSTASIS	go_bp	0	4	17	34	2920	1.000000e+00	1.000000e+00	
GOBP_FATTY_ACID_TRANSMEMBRANE_TRANSPORT	go_bp	0	3	20	34	2920	1.000000e+00	1.000000e+00	
GOBP_FAT_SOLUBLE_VITAMIN_BIOSYNTHETIC_PROCESS	go_bp	0	4	13	34	2920	1.000000e+00	1.000000e+00	
GOBP_FAT_SOLUBLE_VITAMIN_METABOLIC_PROCESS	go_bp	0	11	47	34	2920	1.000000e+00	1.000000e+00	
GOBP_FC_EPSILON_RECEPTOR_SIGNALING_PATHWAY	go_bp	0	7	25	34	2920	1.000000e+00	1.000000e+00	
GOBP_FC_RECEPTOR_MEDIATED_INHIBITORY_SIGNALING_PATHWAY	go_bp	0	4	5	34	2920	1.000000e+00	1.000000e+00	
GOBP_FC_RECEPTOR_MEDIATED_STIMULATORY_SIGNALING_PATHWAY	go_bp	0	9	31	34	2920	1.000000e+00	1.000000e+00	
GOBP_FC_RECEPTOR_SIGNALING_PATHWAY	go_bp	0	20	58	34	2920	1.000000e+00	1.000000e+00	
GOBP_FEMALE_MEIOTIC_NUCLEAR_DIVISION	go_bp	0	3	39	34	2920	1.000000e+00	1.000000e+00	
GOBP_FIBRINOLYSIS	go_bp	0	20	27	34	2920	1.000000e+00	1.000000e+00	
GOBP_FIBROBLAST_ACTIVATION	go_bp	0	7	15	34	2920	1.000000e+00	1.000000e+00	
GOBP_FIBROBLAST_APOPTOTIC_PROCESS	go_bp	0	8	26	34	2920	1.000000e+00	1.000000e+00	
GOBP_FIBROBLAST_GROWTH_FACTOR_PRODUCTION	go_bp	0	3	10	34	2920	1.000000e+00	1.000000e+00	
GOBP_FLUID_TRANSPORT	go_bp	0	5	40	34	2920	1.000000e+00	1.000000e+00	
GOBP_FOLIC_ACID_CONTAINING_COMPOUND_METABOLIC_PROCESS	go_bp	0	8	29	34	2920	1.000000e+00	1.000000e+00	
GOBP_FOLIC_ACID_METABOLIC_PROCESS	go_bp	0	3	15	34	2920	1.000000e+00	1.000000e+00	
GOBP_FOLIC_ACID_TRANSPORT	go_bp	0	4	10	34	2920	1.000000e+00	1.000000e+00	
GOBP_FOLLICLE_STIMULATING_HORMONE_SECRETION	go_bp	0	3	8	34	2920	1.000000e+00	1.000000e+00	
GOBP_FOREBRAIN_GENERATION_OF_NEURONS	go_bp	0	7	54	34	2920	1.000000e+00	1.000000e+00	
GOBP_FOREBRAIN_NEURON_DEVELOPMENT	go_bp	0	4	25	34	2920	1.000000e+00	1.000000e+00	
GOBP_FOREBRAIN_NEURON_DIFFERENTIATION	go_bp	0	7	44	34	2920	1.000000e+00	1.000000e+00	
GOBP_FOREBRAIN_REGIONALIZATION	go_bp	0	3	24	34	2920	1.000000e+00	1.000000e+00	
GOBP_FOREGUT_MORPHOGENESIS	go_bp	0	5	10	34	2920	1.000000e+00	1.000000e+00	
GOBP_FORELIMB_MORPHOGENESIS	go_bp	0	5	41	34	2920	1.000000e+00	1.000000e+00	
GOBP_FORMATION_OF_EXTRACHROMOSOMAL_CIRCULAR_DNA	go_bp	0	3	15	34	2920	1.000000e+00	1.000000e+00	
GOBP_FORMATION_OF_TRANSLATION_PREINITIATION_COMPLEX	go_bp	0	3	9	34	2920	1.000000e+00	1.000000e+00	
GOBP_FRUCTOSE_6_PHOSPHATE_METABOLIC_PROCESS	go_bp	0	4	12	34	2920	1.000000e+00	1.000000e+00	
GOBP_FRUCTOSE_METABOLIC_PROCESS	go_bp	0	5	14	34	2920	1.000000e+00	1.000000e+00	
GOBP_FUCOSE_METABOLIC_PROCESS	go_bp	0	4	16	34	2920	1.000000e+00	1.000000e+00	
GOBP_FUCOSYLATION	go_bp	0	3	17	34	2920	1.000000e+00	1.000000e+00	
GOBP_FUSED_ANTRUM_STAGE	go_bp	0	3	6	34	2920	1.000000e+00	1.000000e+00	
GOBP_G0_TO_G1_TRANSITION	go_bp	0	4	40	34	2920	1.000000e+00	1.000000e+00	
GOBP_GAMMA_AMINOBUTYRIC_ACID_SIGNALING_PATHWAY	go_bp	0	4	29	34	2920	1.000000e+00	1.000000e+00	
GOBP_GAMMA_DELTA_T_CELL_ACTIVATION	go_bp	0	7	26	34	2920	1.000000e+00	1.000000e+00	
GOBP_GAMMA_DELTA_T_CELL_DIFFERENTIATION	go_bp	0	3	13	34	2920	1.000000e+00	1.000000e+00	
GOBP_GANGLION_DEVELOPMENT	go_bp	0	4	17	34	2920	1.000000e+00	1.000000e+00	
GOBP_GANGLIOSIDE_METABOLIC_PROCESS	go_bp	0	3	28	34	2920	1.000000e+00	1.000000e+00	
GOBP_GASTRIC_MOTILITY	go_bp	0	3	5	34	2920	1.000000e+00	1.000000e+00	
GOBP_GASTRULATION_WITH_MOUTH_FORMING_SECOND	go_bp	0	3	28	34	2920	1.000000e+00	1.000000e+00	
GOBP_GDP_MANNOSE_METABOLIC_PROCESS	go_bp	0	3	8	34	2920	1.000000e+00	1.000000e+00	
GOBP_GENERATION_OF_PRECURSOR_METABOLITES_AND_ENERGY	go_bp	0	86	476	34	2920	1.000000e+00	1.000000e+00	
GOBP_GENITALIA_DEVELOPMENT	go_bp	0	11	47	34	2920	1.000000e+00	1.000000e+00	
GOBP_GERMINAL_CENTER_B_CELL_DIFFERENTIATION	go_bp	0	3	8	34	2920	1.000000e+00	1.000000e+00	
GOBP_GERMINAL_CENTER_FORMATION	go_bp	0	4	14	34	2920	1.000000e+00	1.000000e+00	
GOBP_GERM_CELL_PROLIFERATION	go_bp	0	4	11	34	2920	1.000000e+00	1.000000e+00	
GOBP_GLANDULAR_EPITHELIAL_CELL_DIFFERENTIATION	go_bp	0	15	72	34	2920	1.000000e+00	1.000000e+00	
GOBP_GLIAL_CELL_APOPTOTIC_PROCESS	go_bp	0	10	17	34	2920	1.000000e+00	1.000000e+00	
GOBP_GLIAL_CELL_DERIVED_NEUROTROPHIC_FACTOR_RECEPTOR_SIGNALING_PATHWAY	go_bp	0	11	15	34	2920	1.000000e+00	1.000000e+00	
GOBP_GLIAL_CELL_MIGRATION	go_bp	0	18	61	34	2920	1.000000e+00	1.000000e+00	
GOBP_GLOMERULAR_BASEMENT_MEMBRANE_DEVELOPMENT	go_bp	0	3	11	34	2920	1.000000e+00	1.000000e+00	
GOBP_GLOMERULAR_ENDOTHELIUM_DEVELOPMENT	go_bp	0	3	5	34	2920	1.000000e+00	1.000000e+00	
GOBP_GLOMERULAR_EPITHELIAL_CELL_DEVELOPMENT	go_bp	0	5	12	34	2920	1.000000e+00	1.000000e+00	
GOBP_GLOMERULAR_EPITHELIUM_DEVELOPMENT	go_bp	0	10	27	34	2920	1.000000e+00	1.000000e+00	
GOBP_GLOMERULAR_MESANGIAL_CELL_DEVELOPMENT	go_bp	0	3	5	34	2920	1.000000e+00	1.000000e+00	
GOBP_GLOMERULAR_MESANGIAL_CELL_PROLIFERATION	go_bp	0	5	13	34	2920	1.000000e+00	1.000000e+00	
GOBP_GLOMERULAR_MESANGIUM_DEVELOPMENT	go_bp	0	8	18	34	2920	1.000000e+00	1.000000e+00	
GOBP_GLOMERULUS_VASCULATURE_MORPHOGENESIS	go_bp	0	5	6	34	2920	1.000000e+00	1.000000e+00	
GOBP_GLUCAN_BIOSYNTHETIC_PROCESS	go_bp	0	8	46	34	2920	1.000000e+00	1.000000e+00	
GOBP_GLUCOCORTICOID_BIOSYNTHETIC_PROCESS	go_bp	0	4	16	34	2920	1.000000e+00	1.000000e+00	
GOBP_GLUCOCORTICOID_METABOLIC_PROCESS	go_bp	0	7	25	34	2920	1.000000e+00	1.000000e+00	
GOBP_GLUCOCORTICOID_SECRETION	go_bp	0	5	12	34	2920	1.000000e+00	1.000000e+00	
GOBP_GLUCOSAMINE_CONTAINING_COMPOUND_METABOLIC_PROCESS	go_bp	0	9	25	34	2920	1.000000e+00	1.000000e+00	
GOBP_GLUCOSE_6_PHOSPHATE_METABOLIC_PROCESS	go_bp	0	9	29	34	2920	1.000000e+00	1.000000e+00	
GOBP_GLUCOSE_CATABOLIC_PROCESS	go_bp	0	7	27	34	2920	1.000000e+00	1.000000e+00	
GOBP_GLUCOSE_IMPORT	go_bp	0	22	79	34	2920	1.000000e+00	1.000000e+00	
GOBP_GLUTAMATERGIC_NEURON_DIFFERENTIATION	go_bp	0	4	17	34	2920	1.000000e+00	1.000000e+00	
GOBP_GLUTAMATE_SECRETION	go_bp	0	5	28	34	2920	1.000000e+00	1.000000e+00	
GOBP_GLUTATHIONE_CATABOLIC_PROCESS	go_bp	0	4	11	34	2920	1.000000e+00	1.000000e+00	
GOBP_GLUTATHIONE_METABOLIC_PROCESS	go_bp	0	18	57	34	2920	1.000000e+00	1.000000e+00	
GOBP_GLYCERALDEHYDE_3_PHOSPHATE_METABOLIC_PROCESS	go_bp	0	3	12	34	2920	1.000000e+00	1.000000e+00	
GOBP_GLYCEROLIPID_CATABOLIC_PROCESS	go_bp	0	22	65	34	2920	1.000000e+00	1.000000e+00	
GOBP_GLYCEROL_ETHER_METABOLIC_PROCESS	go_bp	0	4	21	34	2920	1.000000e+00	1.000000e+00	
GOBP_GLYCEROPHOSPHOLIPID_CATABOLIC_PROCESS	go_bp	0	13	34	34	2920	1.000000e+00	1.000000e+00	
GOBP_GLYCINE_BIOSYNTHETIC_PROCESS	go_bp	0	3	5	34	2920	1.000000e+00	1.000000e+00	
GOBP_GLYCINE_METABOLIC_PROCESS	go_bp	0	5	14	34	2920	1.000000e+00	1.000000e+00	
GOBP_GLYCOLIPID_BIOSYNTHETIC_PROCESS	go_bp	0	3	78	34	2920	1.000000e+00	1.000000e+00	
GOBP_GLYCOLIPID_CATABOLIC_PROCESS	go_bp	0	11	26	34	2920	1.000000e+00	1.000000e+00	
GOBP_GLYCOLIPID_TRANSPORT	go_bp	0	4	8	34	2920	1.000000e+00	1.000000e+00	
GOBP_GLYCOLYTIC_PROCESS_THROUGH_FRUCTOSE_6_PHOSPHATE	go_bp	0	5	24	34	2920	1.000000e+00	1.000000e+00	
GOBP_GLYCOLYTIC_PROCESS_THROUGH_GLUCOSE_6_PHOSPHATE	go_bp	0	4	20	34	2920	1.000000e+00	1.000000e+00	
GOBP_GLYCOPROTEIN_CATABOLIC_PROCESS	go_bp	0	13	35	34	2920	1.000000e+00	1.000000e+00	
GOBP_GLYCOSAMINOGLYCAN_CATABOLIC_PROCESS	go_bp	0	16	28	34	2920	1.000000e+00	1.000000e+00	
GOBP_GLYCOSIDE_CATABOLIC_PROCESS	go_bp	0	4	9	34	2920	1.000000e+00	1.000000e+00	
GOBP_GLYCOSIDE_METABOLIC_PROCESS	go_bp	0	7	21	34	2920	1.000000e+00	1.000000e+00	
GOBP_GLYCOSPHINGOLIPID_BIOSYNTHETIC_PROCESS	go_bp	0	3	39	34	2920	1.000000e+00	1.000000e+00	
GOBP_GLYCOSPHINGOLIPID_METABOLIC_PROCESS	go_bp	0	14	69	34	2920	1.000000e+00	1.000000e+00	
GOBP_GLYCOSYL_COMPOUND_BIOSYNTHETIC_PROCESS	go_bp	0	10	25	34	2920	1.000000e+00	1.000000e+00	
GOBP_GLYCOSYL_COMPOUND_CATABOLIC_PROCESS	go_bp	0	9	36	34	2920	1.000000e+00	1.000000e+00	
GOBP_GLYCOSYL_COMPOUND_METABOLIC_PROCESS	go_bp	0	22	84	34	2920	1.000000e+00	1.000000e+00	
GOBP_GMP_BIOSYNTHETIC_PROCESS	go_bp	0	3	14	34	2920	1.000000e+00	1.000000e+00	
GOBP_GOLGI_LUMEN_ACIDIFICATION	go_bp	0	3	13	34	2920	1.000000e+00	1.000000e+00	
GOBP_GOLGI_TO_LYSOSOME_TRANSPORT	go_bp	0	3	12	34	2920	1.000000e+00	1.000000e+00	
GOBP_GOLGI_TO_PLASMA_MEMBRANE_PROTEIN_TRANSPORT	go_bp	0	7	42	34	2920	1.000000e+00	1.000000e+00	
GOBP_GOLGI_TO_PLASMA_MEMBRANE_TRANSPORT	go_bp	0	10	65	34	2920	1.000000e+00	1.000000e+00	
GOBP_GONADOTROPIN_SECRETION	go_bp	0	4	18	34	2920	1.000000e+00	1.000000e+00	
GOBP_GRANULOCYTE_COLONY_STIMULATING_FACTOR_PRODUCTION	go_bp	0	4	5	34	2920	1.000000e+00	1.000000e+00	
GOBP_GRANULOCYTE_COLONY_STIMULATING_FACTOR_SIGNALING_PATHWAY	go_bp	0	3	5	34	2920	1.000000e+00	1.000000e+00	
GOBP_GRANULOCYTE_DIFFERENTIATION	go_bp	0	13	41	34	2920	1.000000e+00	1.000000e+00	
GOBP_GRANULOCYTE_MACROPHAGE_COLONY_STIMULATING_FACTOR_PRODUCTION	go_bp	0	10	18	34	2920	1.000000e+00	1.000000e+00	
GOBP_GRANZYME_MEDIATED_PROGRAMMED_CELL_DEATH_SIGNALING_PATHWAY	go_bp	0	3	8	34	2920	1.000000e+00	1.000000e+00	
GOBP_GROOMING_BEHAVIOR	go_bp	0	5	19	34	2920	1.000000e+00	1.000000e+00	
GOBP_GROWTH_HORMONE_RECEPTOR_SIGNALING_PATHWAY_VIA_JAK_STAT	go_bp	0	3	10	34	2920	1.000000e+00	1.000000e+00	
GOBP_GROWTH_PLATE_CARTILAGE_CHONDROCYTE_DIFFERENTIATION	go_bp	0	4	9	34	2920	1.000000e+00	1.000000e+00	
GOBP_GROWTH_PLATE_CARTILAGE_DEVELOPMENT	go_bp	0	7	19	34	2920	1.000000e+00	1.000000e+00	
GOBP_GTP_METABOLIC_PROCESS	go_bp	0	3	24	34	2920	1.000000e+00	1.000000e+00	
GOBP_G_PROTEIN_COUPLED_RECEPTOR_INTERNALIZATION	go_bp	0	3	14	34	2920	1.000000e+00	1.000000e+00	
GOBP_G_PROTEIN_COUPLED_RECEPTOR_SIGNALING_PATHWAY_COUPLED_TO_CYCLIC_NUCLEOTIDE_SECOND_MESSENGER	go_bp	0	9	56	34	2920	1.000000e+00	1.000000e+00	
GOBP_G_PROTEIN_COUPLED_SEROTONIN_RECEPTOR_SIGNALING_PATHWAY	go_bp	0	3	23	34	2920	1.000000e+00	1.000000e+00	
GOBP_HAIR_CYCLE_PHASE	go_bp	0	4	9	34	2920	1.000000e+00	1.000000e+00	
GOBP_HAIR_FOLLICLE_MATURATION	go_bp	0	4	15	34	2920	1.000000e+00	1.000000e+00	
GOBP_HEAD_MORPHOGENESIS	go_bp	0	8	38	34	2920	1.000000e+00	1.000000e+00	
GOBP_HEART_FIELD_SPECIFICATION	go_bp	0	5	17	34	2920	1.000000e+00	1.000000e+00	
GOBP_HEART_FORMATION	go_bp	0	7	34	34	2920	1.000000e+00	1.000000e+00	
GOBP_HEART_TRABECULA_FORMATION	go_bp	0	5	15	34	2920	1.000000e+00	1.000000e+00	
GOBP_HEART_VALVE_DEVELOPMENT	go_bp	0	22	74	34	2920	1.000000e+00	1.000000e+00	
GOBP_HEART_VALVE_FORMATION	go_bp	0	3	16	34	2920	1.000000e+00	1.000000e+00	
GOBP_HEART_VALVE_MORPHOGENESIS	go_bp	0	19	62	34	2920	1.000000e+00	1.000000e+00	
GOBP_HEMATOPOIETIC_STEM_CELL_DIFFERENTIATION	go_bp	0	9	36	34	2920	1.000000e+00	1.000000e+00	
GOBP_HEMATOPOIETIC_STEM_CELL_HOMEOSTASIS	go_bp	0	4	24	34	2920	1.000000e+00	1.000000e+00	
GOBP_HEMATOPOIETIC_STEM_CELL_MIGRATION	go_bp	0	5	9	34	2920	1.000000e+00	1.000000e+00	
GOBP_HEMATOPOIETIC_STEM_CELL_MIGRATION_TO_BONE_MARROW	go_bp	0	3	5	34	2920	1.000000e+00	1.000000e+00	
GOBP_HEMATOPOIETIC_STEM_CELL_PROLIFERATION	go_bp	0	8	36	34	2920	1.000000e+00	1.000000e+00	
GOBP_HEME_A_METABOLIC_PROCESS	go_bp	0	4	10	34	2920	1.000000e+00	1.000000e+00	
GOBP_HEME_B_METABOLIC_PROCESS	go_bp	0	4	9	34	2920	1.000000e+00	1.000000e+00	
GOBP_HEMOGLOBIN_BIOSYNTHETIC_PROCESS	go_bp	0	3	14	34	2920	1.000000e+00	1.000000e+00	
GOBP_HEMOGLOBIN_METABOLIC_PROCESS	go_bp	0	5	18	34	2920	1.000000e+00	1.000000e+00	
GOBP_HEPARAN_SULFATE_PROTEOGLYCAN_BIOSYNTHETIC_PROCESS	go_bp	0	7	33	34	2920	1.000000e+00	1.000000e+00	
GOBP_HEPARAN_SULFATE_PROTEOGLYCAN_BIOSYNTHETIC_PROCESS_ENZYMATIC_MODIFICATION	go_bp	0	4	12	34	2920	1.000000e+00	1.000000e+00	
GOBP_HEPARAN_SULFATE_PROTEOGLYCAN_CATABOLIC_PROCESS	go_bp	0	7	9	34	2920	1.000000e+00	1.000000e+00	
GOBP_HEPARAN_SULFATE_PROTEOGLYCAN_METABOLIC_PROCESS	go_bp	0	4	16	34	2920	1.000000e+00	1.000000e+00	
GOBP_HEPARIN_METABOLIC_PROCESS	go_bp	0	5	17	34	2920	1.000000e+00	1.000000e+00	
GOBP_HEPATIC_STELLATE_CELL_ACTIVATION	go_bp	0	4	9	34	2920	1.000000e+00	1.000000e+00	
GOBP_HEPATOCYTE_APOPTOTIC_PROCESS	go_bp	0	9	20	34	2920	1.000000e+00	1.000000e+00	
GOBP_HEPATOCYTE_GROWTH_FACTOR_RECEPTOR_SIGNALING_PATHWAY	go_bp	0	5	12	34	2920	1.000000e+00	1.000000e+00	
GOBP_HETEROCHROMATIN_FORMATION	go_bp	0	8	143	34	2920	1.000000e+00	1.000000e+00	
GOBP_HIGH_DENSITY_LIPOPROTEIN_PARTICLE_ASSEMBLY	go_bp	0	5	13	34	2920	1.000000e+00	1.000000e+00	
GOBP_HIGH_DENSITY_LIPOPROTEIN_PARTICLE_CLEARANCE	go_bp	0	7	18	34	2920	1.000000e+00	1.000000e+00	
GOBP_HIGH_DENSITY_LIPOPROTEIN_PARTICLE_REMODELING	go_bp	0	10	17	34	2920	1.000000e+00	1.000000e+00	
GOBP_HINDLIMB_MORPHOGENESIS	go_bp	0	4	36	34	2920	1.000000e+00	1.000000e+00	
GOBP_HIPPOCAMPAL_NEURON_APOPTOTIC_PROCESS	go_bp	0	4	7	34	2920	1.000000e+00	1.000000e+00	
GOBP_HIPPO_SIGNALING	go_bp	0	8	55	34	2920	1.000000e+00	1.000000e+00	
GOBP_HISTONE_MRNA_CATABOLIC_PROCESS	go_bp	0	4	15	34	2920	1.000000e+00	1.000000e+00	
GOBP_HISTONE_MRNA_METABOLIC_PROCESS	go_bp	0	4	24	34	2920	1.000000e+00	1.000000e+00	
GOBP_HOMOCYSTEINE_METABOLIC_PROCESS	go_bp	0	5	14	34	2920	1.000000e+00	1.000000e+00	
GOBP_HOMOLOGOUS_CHROMOSOME_PAIRING_AT_MEIOSIS	go_bp	0	3	53	34	2920	1.000000e+00	1.000000e+00	
GOBP_HOMOLOGOUS_RECOMBINATION	go_bp	0	5	68	34	2920	1.000000e+00	1.000000e+00	
GOBP_HORMONE_BIOSYNTHETIC_PROCESS	go_bp	0	18	66	34	2920	1.000000e+00	1.000000e+00	
GOBP_HORMONE_CATABOLIC_PROCESS	go_bp	0	5	12	34	2920	1.000000e+00	1.000000e+00	
GOBP_HYALURONAN_BIOSYNTHETIC_PROCESS	go_bp	0	7	14	34	2920	1.000000e+00	1.000000e+00	
GOBP_HYALURONAN_CATABOLIC_PROCESS	go_bp	0	8	16	34	2920	1.000000e+00	1.000000e+00	
GOBP_HYDROGEN_PEROXIDE_BIOSYNTHETIC_PROCESS	go_bp	0	4	16	34	2920	1.000000e+00	1.000000e+00	
GOBP_HYPEROSMOTIC_RESPONSE	go_bp	0	9	27	34	2920	1.000000e+00	1.000000e+00	
GOBP_HYPEROSMOTIC_SALINITY_RESPONSE	go_bp	0	4	10	34	2920	1.000000e+00	1.000000e+00	
GOBP_HYPERSENSITIVITY	go_bp	0	8	18	34	2920	1.000000e+00	1.000000e+00	
GOBP_HYPOTHALAMUS_DEVELOPMENT	go_bp	0	5	29	34	2920	1.000000e+00	1.000000e+00	
GOBP_ICOSANOID_BIOSYNTHETIC_PROCESS	go_bp	0	18	60	34	2920	1.000000e+00	1.000000e+00	
GOBP_ICOSANOID_CATABOLIC_PROCESS	go_bp	0	3	9	34	2920	1.000000e+00	1.000000e+00	
GOBP_ICOSANOID_SECRETION	go_bp	0	16	47	34	2920	1.000000e+00	1.000000e+00	
GOBP_ICOSANOID_TRANSPORT	go_bp	0	16	64	34	2920	1.000000e+00	1.000000e+00	
GOBP_IMMATURE_B_CELL_DIFFERENTIATION	go_bp	0	4	12	34	2920	1.000000e+00	1.000000e+00	
GOBP_IMMATURE_T_CELL_PROLIFERATION	go_bp	0	7	13	34	2920	1.000000e+00	1.000000e+00	
GOBP_IMMUNE_COMPLEX_CLEARANCE	go_bp	0	3	5	34	2920	1.000000e+00	1.000000e+00	
GOBP_IMMUNE_RESPONSE_INHIBITING_CELL_SURFACE_RECEPTOR_SIGNALING_PATHWAY	go_bp	0	5	9	34	2920	1.000000e+00	1.000000e+00	
GOBP_IMMUNE_RESPONSE_INHIBITING_SIGNAL_TRANSDUCTION	go_bp	0	7	11	34	2920	1.000000e+00	1.000000e+00	
GOBP_IMMUNE_RESPONSE_REGULATING_CELL_SURFACE_RECEPTOR_SIGNALING_PATHWAY_INVOLVED_IN_PHAGOCYTOSIS	go_bp	0	7	22	34	2920	1.000000e+00	1.000000e+00	
GOBP_IMMUNE_RESPONSE_TO_TUMOR_CELL	go_bp	0	14	29	34	2920	1.000000e+00	1.000000e+00	
GOBP_IMMUNOGLOBULIN_PRODUCTION_INVOLVED_IN_IMMUNOGLOBULIN_MEDIATED_IMMUNE_RESPONSE	go_bp	0	19	59	34	2920	1.000000e+00	1.000000e+00	
GOBP_IMMUNOLOGICAL_MEMORY_FORMATION_PROCESS	go_bp	0	7	14	34	2920	1.000000e+00	1.000000e+00	
GOBP_IMMUNOLOGICAL_SYNAPSE_FORMATION	go_bp	0	9	17	34	2920	1.000000e+00	1.000000e+00	
GOBP_IMP_BIOSYNTHETIC_PROCESS	go_bp	0	3	11	34	2920	1.000000e+00	1.000000e+00	
GOBP_IMP_METABOLIC_PROCESS	go_bp	0	5	18	34	2920	1.000000e+00	1.000000e+00	
GOBP_INCLUSION_BODY_ASSEMBLY	go_bp	0	10	24	34	2920	1.000000e+00	1.000000e+00	
GOBP_INDOLALKYLAMINE_METABOLIC_PROCESS	go_bp	0	3	13	34	2920	1.000000e+00	1.000000e+00	
GOBP_INDOLE_CONTAINING_COMPOUND_CATABOLIC_PROCESS	go_bp	0	3	9	34	2920	1.000000e+00	1.000000e+00	
GOBP_INDUCTION_OF_BACTERIAL_AGGLUTINATION	go_bp	0	3	6	34	2920	1.000000e+00	1.000000e+00	
GOBP_INFLAMMASOME_MEDIATED_SIGNALING_PATHWAY	go_bp	0	10	46	34	2920	1.000000e+00	1.000000e+00	
GOBP_INFLAMMATORY_CELL_APOPTOTIC_PROCESS	go_bp	0	7	23	34	2920	1.000000e+00	1.000000e+00	
GOBP_INFLAMMATORY_RESPONSE_TO_WOUNDING	go_bp	0	19	28	34	2920	1.000000e+00	1.000000e+00	
GOBP_INNATE_IMMUNE_RESPONSE_IN_MUCOSA	go_bp	0	5	27	34	2920	1.000000e+00	1.000000e+00	
GOBP_INNERVATION	go_bp	0	10	27	34	2920	1.000000e+00	1.000000e+00	
GOBP_INNER_EAR_MORPHOGENESIS	go_bp	0	20	106	34	2920	1.000000e+00	1.000000e+00	
GOBP_INNER_EAR_RECEPTOR_CELL_DEVELOPMENT	go_bp	0	8	47	34	2920	1.000000e+00	1.000000e+00	
GOBP_INNER_EAR_RECEPTOR_CELL_STEREOCILIUM_ORGANIZATION	go_bp	0	7	35	34	2920	1.000000e+00	1.000000e+00	
GOBP_INORGANIC_ANION_TRANSMEMBRANE_TRANSPORT	go_bp	0	8	131	34	2920	1.000000e+00	1.000000e+00	
GOBP_INORGANIC_ANION_TRANSPORT	go_bp	0	18	172	34	2920	1.000000e+00	1.000000e+00	
GOBP_INORGANIC_ION_IMPORT_ACROSS_PLASMA_MEMBRANE	go_bp	0	13	126	34	2920	1.000000e+00	1.000000e+00	
GOBP_INOSITOL_PHOSPHATE_METABOLIC_PROCESS	go_bp	0	9	42	34	2920	1.000000e+00	1.000000e+00	
GOBP_INSEMINATION	go_bp	0	3	13	34	2920	1.000000e+00	1.000000e+00	
GOBP_INSULIN_METABOLIC_PROCESS	go_bp	0	7	16	34	2920	1.000000e+00	1.000000e+00	
GOBP_INTEGRATED_STRESS_RESPONSE_SIGNALING	go_bp	0	14	48	34	2920	1.000000e+00	1.000000e+00	
GOBP_INTEGRIN_ACTIVATION	go_bp	0	11	26	34	2920	1.000000e+00	1.000000e+00	
GOBP_INTERFERON_ALPHA_PRODUCTION	go_bp	0	9	30	34	2920	1.000000e+00	1.000000e+00	
GOBP_INTERFERON_BETA_PRODUCTION	go_bp	0	13	59	34	2920	1.000000e+00	1.000000e+00	
GOBP_INTERLEUKIN_10_MEDIATED_SIGNALING_PATHWAY	go_bp	0	8	12	34	2920	1.000000e+00	1.000000e+00	
GOBP_INTERLEUKIN_11_MEDIATED_SIGNALING_PATHWAY	go_bp	0	3	6	34	2920	1.000000e+00	1.000000e+00	
GOBP_INTERLEUKIN_12_MEDIATED_SIGNALING_PATHWAY	go_bp	0	5	9	34	2920	1.000000e+00	1.000000e+00	
GOBP_INTERLEUKIN_13_PRODUCTION	go_bp	0	14	21	34	2920	1.000000e+00	1.000000e+00	
GOBP_INTERLEUKIN_17A_MEDIATED_SIGNALING_PATHWAY	go_bp	0	3	6	34	2920	1.000000e+00	1.000000e+00	
GOBP_INTERLEUKIN_17_MEDIATED_SIGNALING_PATHWAY	go_bp	0	7	12	34	2920	1.000000e+00	1.000000e+00	
GOBP_INTERLEUKIN_17_PRODUCTION	go_bp	0	14	49	34	2920	1.000000e+00	1.000000e+00	
GOBP_INTERLEUKIN_18_MEDIATED_SIGNALING_PATHWAY	go_bp	0	5	10	34	2920	1.000000e+00	1.000000e+00	
GOBP_INTERLEUKIN_18_PRODUCTION	go_bp	0	5	14	34	2920	1.000000e+00	1.000000e+00	
GOBP_INTERLEUKIN_1_ALPHA_PRODUCTION	go_bp	0	4	11	34	2920	1.000000e+00	1.000000e+00	
GOBP_INTERLEUKIN_23_PRODUCTION	go_bp	0	7	10	34	2920	1.000000e+00	1.000000e+00	
GOBP_INTERLEUKIN_2_MEDIATED_SIGNALING_PATHWAY	go_bp	0	4	9	34	2920	1.000000e+00	1.000000e+00	
GOBP_INTERLEUKIN_33_MEDIATED_SIGNALING_PATHWAY	go_bp	0	5	8	34	2920	1.000000e+00	1.000000e+00	
GOBP_INTERLEUKIN_3_MEDIATED_SIGNALING_PATHWAY	go_bp	0	3	7	34	2920	1.000000e+00	1.000000e+00	
GOBP_INTERLEUKIN_4_MEDIATED_SIGNALING_PATHWAY	go_bp	0	4	10	34	2920	1.000000e+00	1.000000e+00	
GOBP_INTERLEUKIN_5_MEDIATED_SIGNALING_PATHWAY	go_bp	0	4	6	34	2920	1.000000e+00	1.000000e+00	
GOBP_INTERLEUKIN_5_PRODUCTION	go_bp	0	14	21	34	2920	1.000000e+00	1.000000e+00	
GOBP_INTERMEDIATE_FILAMENT_BASED_PROCESS	go_bp	0	18	95	34	2920	1.000000e+00	1.000000e+00	
GOBP_INTERMEDIATE_FILAMENT_BUNDLE_ASSEMBLY	go_bp	0	3	8	34	2920	1.000000e+00	1.000000e+00	
GOBP_INTERMEDIATE_FILAMENT_ORGANIZATION	go_bp	0	11	73	34	2920	1.000000e+00	1.000000e+00	
GOBP_INTERMEMBRANE_LIPID_TRANSFER	go_bp	0	5	34	34	2920	1.000000e+00	1.000000e+00	
GOBP_INTERNAL_PROTEIN_AMINO_ACID_ACETYLATION	go_bp	0	4	11	34	2920	1.000000e+00	1.000000e+00	
GOBP_INTERSTRAND_CROSS_LINK_REPAIR	go_bp	0	4	42	34	2920	1.000000e+00	1.000000e+00	
GOBP_INTESTINAL_ABSORPTION	go_bp	0	15	41	34	2920	1.000000e+00	1.000000e+00	
GOBP_INTESTINAL_CHOLESTEROL_ABSORPTION	go_bp	0	8	18	34	2920	1.000000e+00	1.000000e+00	
GOBP_INTESTINAL_EPITHELIAL_CELL_DIFFERENTIATION	go_bp	0	9	28	34	2920	1.000000e+00	1.000000e+00	
GOBP_INTESTINAL_EPITHELIAL_STRUCTURE_MAINTENANCE	go_bp	0	5	8	34	2920	1.000000e+00	1.000000e+00	
GOBP_INTESTINAL_LIPID_ABSORPTION	go_bp	0	11	22	34	2920	1.000000e+00	1.000000e+00	
GOBP_INTRACELLULAR_ESTROGEN_RECEPTOR_SIGNALING_PATHWAY	go_bp	0	7	53	34	2920	1.000000e+00	1.000000e+00	
GOBP_INTRACELLULAR_IRON_ION_HOMEOSTASIS	go_bp	0	20	73	34	2920	1.000000e+00	1.000000e+00	
GOBP_INTRACELLULAR_LIPID_TRANSPORT	go_bp	0	11	51	34	2920	1.000000e+00	1.000000e+00	
GOBP_INTRACELLULAR_MONOATOMIC_ANION_HOMEOSTASIS	go_bp	0	3	10	34	2920	1.000000e+00	1.000000e+00	
GOBP_INTRACELLULAR_OXYGEN_HOMEOSTASIS	go_bp	0	3	8	34	2920	1.000000e+00	1.000000e+00	
GOBP_INTRACELLULAR_PHOSPHATE_ION_HOMEOSTASIS	go_bp	0	3	10	34	2920	1.000000e+00	1.000000e+00	
GOBP_INTRACELLULAR_PH_REDUCTION	go_bp	0	14	57	34	2920	1.000000e+00	1.000000e+00	
GOBP_INTRACELLULAR_POTASSIUM_ION_HOMEOSTASIS	go_bp	0	4	15	34	2920	1.000000e+00	1.000000e+00	
GOBP_INTRACELLULAR_STEROL_TRANSPORT	go_bp	0	10	37	34	2920	1.000000e+00	1.000000e+00	
GOBP_INTRACELLULAR_TRANSPORT_OF_VIRUS	go_bp	0	5	11	34	2920	1.000000e+00	1.000000e+00	
GOBP_INTRACILIARY_TRANSPORT	go_bp	0	3	49	34	2920	1.000000e+00	1.000000e+00	
GOBP_INTRA_GOLGI_VESICLE_MEDIATED_TRANSPORT	go_bp	0	5	34	34	2920	1.000000e+00	1.000000e+00	
GOBP_INTRINSIC_APOPTOTIC_SIGNALING_PATHWAY	go_bp	0	88	319	34	2920	1.000000e+00	1.000000e+00	
GOBP_INTRINSIC_APOPTOTIC_SIGNALING_PATHWAY_BY_P53_CLASS_MEDIATOR	go_bp	0	20	83	34	2920	1.000000e+00	1.000000e+00	
GOBP_INTRINSIC_APOPTOTIC_SIGNALING_PATHWAY_IN_RESPONSE_TO_DNA_DAMAGE_BY_P53_CLASS_MEDIATOR	go_bp	0	14	44	34	2920	1.000000e+00	1.000000e+00	
GOBP_INTRINSIC_APOPTOTIC_SIGNALING_PATHWAY_IN_RESPONSE_TO_HYPOXIA	go_bp	0	4	9	34	2920	1.000000e+00	1.000000e+00	
GOBP_INTRINSIC_APOPTOTIC_SIGNALING_PATHWAY_IN_RESPONSE_TO_OSMOTIC_STRESS	go_bp	0	3	10	34	2920	1.000000e+00	1.000000e+00	
GOBP_IONOTROPIC_GLUTAMATE_RECEPTOR_SIGNALING_PATHWAY	go_bp	0	3	23	34	2920	1.000000e+00	1.000000e+00	
GOBP_IRE1_MEDIATED_UNFOLDED_PROTEIN_RESPONSE	go_bp	0	5	20	34	2920	1.000000e+00	1.000000e+00	
GOBP_IRES_DEPENDENT_VIRAL_TRANSLATIONAL_INITIATION	go_bp	0	5	11	34	2920	1.000000e+00	1.000000e+00	
GOBP_IRON_IMPORT_INTO_CELL	go_bp	0	3	10	34	2920	1.000000e+00	1.000000e+00	
GOBP_IRON_ION_TRANSMEMBRANE_TRANSPORT	go_bp	0	3	22	34	2920	1.000000e+00	1.000000e+00	
GOBP_IRON_ION_TRANSPORT	go_bp	0	13	58	34	2920	1.000000e+00	1.000000e+00	
GOBP_ISOPENTENYL_DIPHOSPHATE_BIOSYNTHETIC_PROCESS	go_bp	0	3	5	34	2920	1.000000e+00	1.000000e+00	
GOBP_ISOPRENOID_BIOSYNTHETIC_PROCESS	go_bp	0	5	29	34	2920	1.000000e+00	1.000000e+00	
GOBP_ISOTYPE_SWITCHING_TO_IGG_ISOTYPES	go_bp	0	5	16	34	2920	1.000000e+00	1.000000e+00	
GOBP_KERATAN_SULFATE_METABOLIC_PROCESS	go_bp	0	4	18	34	2920	1.000000e+00	1.000000e+00	
GOBP_KERATINIZATION	go_bp	0	11	83	34	2920	1.000000e+00	1.000000e+00	
GOBP_KERATINOCYTE_MIGRATION	go_bp	0	8	20	34	2920	1.000000e+00	1.000000e+00	
GOBP_KERATINOCYTE_PROLIFERATION	go_bp	0	21	61	34	2920	1.000000e+00	1.000000e+00	
GOBP_KETONE_BIOSYNTHETIC_PROCESS	go_bp	0	15	47	34	2920	1.000000e+00	1.000000e+00	
GOBP_KETONE_BODY_METABOLIC_PROCESS	go_bp	0	3	10	34	2920	1.000000e+00	1.000000e+00	
GOBP_KETONE_CATABOLIC_PROCESS	go_bp	0	5	15	34	2920	1.000000e+00	1.000000e+00	
GOBP_KIDNEY_MORPHOGENESIS	go_bp	0	20	100	34	2920	1.000000e+00	1.000000e+00	
GOBP_KILLING_BY_HOST_OF_SYMBIONT_CELLS	go_bp	0	11	29	34	2920	1.000000e+00	1.000000e+00	
GOBP_KINETOCHORE_ASSEMBLY	go_bp	0	4	17	34	2920	1.000000e+00	1.000000e+00	
GOBP_KINETOCHORE_ORGANIZATION	go_bp	0	4	21	34	2920	1.000000e+00	1.000000e+00	
GOBP_KYNURENINE_METABOLIC_PROCESS	go_bp	0	4	11	34	2920	1.000000e+00	1.000000e+00	
GOBP_LABYRINTHINE_LAYER_BLOOD_VESSEL_DEVELOPMENT	go_bp	0	4	20	34	2920	1.000000e+00	1.000000e+00	
GOBP_LABYRINTHINE_LAYER_DEVELOPMENT	go_bp	0	15	47	34	2920	1.000000e+00	1.000000e+00	
GOBP_LABYRINTHINE_LAYER_MORPHOGENESIS	go_bp	0	8	22	34	2920	1.000000e+00	1.000000e+00	
GOBP_LACRIMAL_GLAND_DEVELOPMENT	go_bp	0	3	7	34	2920	1.000000e+00	1.000000e+00	
GOBP_LACTATION	go_bp	0	9	43	34	2920	1.000000e+00	1.000000e+00	
GOBP_LACTONE_METABOLIC_PROCESS	go_bp	0	4	14	34	2920	1.000000e+00	1.000000e+00	
GOBP_LAMELLIPODIUM_ASSEMBLY	go_bp	0	15	72	34	2920	1.000000e+00	1.000000e+00	
GOBP_LAMELLIPODIUM_ORGANIZATION	go_bp	0	22	91	34	2920	1.000000e+00	1.000000e+00	
GOBP_LATERAL_SPROUTING_FROM_AN_EPITHELIUM	go_bp	0	3	11	34	2920	1.000000e+00	1.000000e+00	
GOBP_LATE_ENDOSOME_TO_LYSOSOME_TRANSPORT	go_bp	0	4	22	34	2920	1.000000e+00	1.000000e+00	
GOBP_LATE_ENDOSOME_TO_VACUOLE_TRANSPORT	go_bp	0	9	37	34	2920	1.000000e+00	1.000000e+00	
GOBP_LEFT_RIGHT_AXIS_SPECIFICATION	go_bp	0	5	14	34	2920	1.000000e+00	1.000000e+00	
GOBP_LENS_FIBER_CELL_DEVELOPMENT	go_bp	0	3	14	34	2920	1.000000e+00	1.000000e+00	
GOBP_LENS_FIBER_CELL_DIFFERENTIATION	go_bp	0	9	36	34	2920	1.000000e+00	1.000000e+00	
GOBP_LENS_MORPHOGENESIS_IN_CAMERA_TYPE_EYE	go_bp	0	4	22	34	2920	1.000000e+00	1.000000e+00	
GOBP_LEPTIN_MEDIATED_SIGNALING_PATHWAY	go_bp	0	3	10	34	2920	1.000000e+00	1.000000e+00	
GOBP_LEUKOCYTE_AGGREGATION	go_bp	0	3	13	34	2920	1.000000e+00	1.000000e+00	
GOBP_LEUKOCYTE_CELL_CELL_ADHESION	go_bp	0	176	425	34	2920	1.000000e+00	1.000000e+00	
GOBP_LEUKOCYTE_DIFFERENTIATION	go_bp	0	201	629	34	2920	1.000000e+00	1.000000e+00	
GOBP_LEUKOCYTE_MEDIATED_IMMUNITY	go_bp	0	171	469	34	2920	1.000000e+00	1.000000e+00	
GOBP_LEUKOCYTE_MIGRATION_INVOLVED_IN_INFLAMMATORY_RESPONSE	go_bp	0	11	19	34	2920	1.000000e+00	1.000000e+00	
GOBP_LEUKOCYTE_PROLIFERATION	go_bp	0	150	355	34	2920	1.000000e+00	1.000000e+00	
GOBP_LEUKOTRIENE_D4_METABOLIC_PROCESS	go_bp	0	4	12	34	2920	1.000000e+00	1.000000e+00	
GOBP_LIMB_BUD_FORMATION	go_bp	0	4	9	34	2920	1.000000e+00	1.000000e+00	
GOBP_LIPID_DIGESTION	go_bp	0	10	22	34	2920	1.000000e+00	1.000000e+00	
GOBP_LIPID_DROPLET_ORGANIZATION	go_bp	0	4	36	34	2920	1.000000e+00	1.000000e+00	
GOBP_LIPID_IMPORT_INTO_CELL	go_bp	0	5	21	34	2920	1.000000e+00	1.000000e+00	
GOBP_LIPID_OXIDATION	go_bp	0	21	113	34	2920	1.000000e+00	1.000000e+00	
GOBP_LIPID_TRANSPORT_ACROSS_BLOOD_BRAIN_BARRIER	go_bp	0	4	6	34	2920	1.000000e+00	1.000000e+00	
GOBP_LIPOPOLYSACCHARIDE_MEDIATED_SIGNALING_PATHWAY	go_bp	0	21	56	34	2920	1.000000e+00	1.000000e+00	
GOBP_LIPOPROTEIN_BIOSYNTHETIC_PROCESS	go_bp	0	11	102	34	2920	1.000000e+00	1.000000e+00	
GOBP_LIPOPROTEIN_LOCALIZATION	go_bp	0	5	25	34	2920	1.000000e+00	1.000000e+00	
GOBP_LIVER_MORPHOGENESIS	go_bp	0	10	25	34	2920	1.000000e+00	1.000000e+00	
GOBP_LIVER_REGENERATION	go_bp	0	10	31	34	2920	1.000000e+00	1.000000e+00	
GOBP_LOBAR_BRONCHUS_DEVELOPMENT	go_bp	0	3	6	34	2920	1.000000e+00	1.000000e+00	
GOBP_LOBAR_BRONCHUS_EPITHELIUM_DEVELOPMENT	go_bp	0	3	5	34	2920	1.000000e+00	1.000000e+00	
GOBP_LONG_CHAIN_FATTY_ACID_BIOSYNTHETIC_PROCESS	go_bp	0	3	27	34	2920	1.000000e+00	1.000000e+00	
GOBP_LONG_CHAIN_FATTY_ACID_IMPORT_ACROSS_PLASMA_MEMBRANE	go_bp	0	3	10	34	2920	1.000000e+00	1.000000e+00	
GOBP_LONG_CHAIN_FATTY_ACID_METABOLIC_PROCESS	go_bp	0	14	109	34	2920	1.000000e+00	1.000000e+00	
GOBP_LONG_CHAIN_FATTY_ACID_TRANSPORT	go_bp	0	18	67	34	2920	1.000000e+00	1.000000e+00	
GOBP_LONG_TERM_MEMORY	go_bp	0	7	39	34	2920	1.000000e+00	1.000000e+00	
GOBP_LONG_TERM_SYNAPTIC_DEPRESSION	go_bp	0	8	32	34	2920	1.000000e+00	1.000000e+00	
GOBP_LOOP_OF_HENLE_DEVELOPMENT	go_bp	0	4	12	34	2920	1.000000e+00	1.000000e+00	
GOBP_LOW_DENSITY_LIPOPROTEIN_PARTICLE_CLEARANCE	go_bp	0	15	34	34	2920	1.000000e+00	1.000000e+00	
GOBP_LOW_DENSITY_LIPOPROTEIN_PARTICLE_REMODELING	go_bp	0	8	16	34	2920	1.000000e+00	1.000000e+00	
GOBP_LOW_DENSITY_LIPOPROTEIN_RECEPTOR_PARTICLE_METABOLIC_PROCESS	go_bp	0	5	6	34	2920	1.000000e+00	1.000000e+00	
GOBP_LUNG_ASSOCIATED_MESENCHYME_DEVELOPMENT	go_bp	0	4	9	34	2920	1.000000e+00	1.000000e+00	
GOBP_LUNG_CELL_DIFFERENTIATION	go_bp	0	7	29	34	2920	1.000000e+00	1.000000e+00	
GOBP_LUNG_EPITHELIUM_DEVELOPMENT	go_bp	0	14	45	34	2920	1.000000e+00	1.000000e+00	
GOBP_LUNG_LOBE_DEVELOPMENT	go_bp	0	4	7	34	2920	1.000000e+00	1.000000e+00	
GOBP_LUNG_VASCULATURE_DEVELOPMENT	go_bp	0	3	9	34	2920	1.000000e+00	1.000000e+00	
GOBP_LUTEINIZATION	go_bp	0	3	12	34	2920	1.000000e+00	1.000000e+00	
GOBP_LUTEINIZING_HORMONE_SECRETION	go_bp	0	3	11	34	2920	1.000000e+00	1.000000e+00	
GOBP_LUTEOLYSIS	go_bp	0	5	6	34	2920	1.000000e+00	1.000000e+00	
GOBP_LYMPHANGIOGENESIS	go_bp	0	8	19	34	2920	1.000000e+00	1.000000e+00	
GOBP_LYMPHOCYTE_ANERGY	go_bp	0	3	8	34	2920	1.000000e+00	1.000000e+00	
GOBP_LYMPHOCYTE_CHEMOTAXIS	go_bp	0	20	45	34	2920	1.000000e+00	1.000000e+00	
GOBP_LYMPHOCYTE_MIGRATION_INTO_LYMPHOID_ORGANS	go_bp	0	4	9	34	2920	1.000000e+00	1.000000e+00	
GOBP_LYMPHOID_PROGENITOR_CELL_DIFFERENTIATION	go_bp	0	8	24	34	2920	1.000000e+00	1.000000e+00	
GOBP_LYMPH_NODE_DEVELOPMENT	go_bp	0	10	19	34	2920	1.000000e+00	1.000000e+00	
GOBP_LYMPH_VESSEL_DEVELOPMENT	go_bp	0	14	31	34	2920	1.000000e+00	1.000000e+00	
GOBP_LYMPH_VESSEL_MORPHOGENESIS	go_bp	0	11	23	34	2920	1.000000e+00	1.000000e+00	
GOBP_LYSOSOMAL_LUMEN_ACIDIFICATION	go_bp	0	9	24	34	2920	1.000000e+00	1.000000e+00	
GOBP_LYSOSOMAL_PROTEIN_CATABOLIC_PROCESS	go_bp	0	7	21	34	2920	1.000000e+00	1.000000e+00	
GOBP_LYTIC_VACUOLE_ORGANIZATION	go_bp	0	20	112	34	2920	1.000000e+00	1.000000e+00	
GOBP_L_ALPHA_AMINO_ACID_TRANSMEMBRANE_TRANSPORT	go_bp	0	4	75	34	2920	1.000000e+00	1.000000e+00	
GOBP_L_AMINO_ACID_BIOSYNTHETIC_PROCESS	go_bp	0	15	60	34	2920	1.000000e+00	1.000000e+00	
GOBP_L_GLUTAMATE_IMPORT	go_bp	0	5	40	34	2920	1.000000e+00	1.000000e+00	
GOBP_L_GLUTAMATE_TRANSMEMBRANE_TRANSPORT	go_bp	0	3	30	34	2920	1.000000e+00	1.000000e+00	
GOBP_L_LEUCINE_METABOLIC_PROCESS	go_bp	0	4	8	34	2920	1.000000e+00	1.000000e+00	
GOBP_L_SERINE_METABOLIC_PROCESS	go_bp	0	3	13	34	2920	1.000000e+00	1.000000e+00	
GOBP_MACROMOLECULE_DEACYLATION	go_bp	0	13	58	34	2920	1.000000e+00	1.000000e+00	
GOBP_MACROMOLECULE_METHYLATION	go_bp	0	3	132	34	2920	1.000000e+00	1.000000e+00	
GOBP_MACROPHAGE_ACTIVATION_INVOLVED_IN_IMMUNE_RESPONSE	go_bp	0	8	19	34	2920	1.000000e+00	1.000000e+00	
GOBP_MACROPHAGE_APOPTOTIC_PROCESS	go_bp	0	4	14	34	2920	1.000000e+00	1.000000e+00	
GOBP_MACROPHAGE_CHEMOTAXIS	go_bp	0	20	41	34	2920	1.000000e+00	1.000000e+00	
GOBP_MACROPHAGE_COLONY_STIMULATING_FACTOR_PRODUCTION	go_bp	0	4	7	34	2920	1.000000e+00	1.000000e+00	
GOBP_MACROPHAGE_COLONY_STIMULATING_FACTOR_SIGNALING_PATHWAY	go_bp	0	4	7	34	2920	1.000000e+00	1.000000e+00	
GOBP_MACROPHAGE_CYTOKINE_PRODUCTION	go_bp	0	14	37	34	2920	1.000000e+00	1.000000e+00	
GOBP_MACROPHAGE_INFLAMMATORY_PROTEIN_1_ALPHA_PRODUCTION	go_bp	0	3	6	34	2920	1.000000e+00	1.000000e+00	
GOBP_MACROPHAGE_PROLIFERATION	go_bp	0	7	13	34	2920	1.000000e+00	1.000000e+00	
GOBP_MACROPINOCYTOSIS	go_bp	0	3	10	34	2920	1.000000e+00	1.000000e+00	
GOBP_MAINTENANCE_OF_BLOOD_BRAIN_BARRIER	go_bp	0	15	39	34	2920	1.000000e+00	1.000000e+00	
GOBP_MAINTENANCE_OF_LOCATION	go_bp	0	87	344	34	2920	1.000000e+00	1.000000e+00	
GOBP_MAINTENANCE_OF_POSTSYNAPTIC_SPECIALIZATION_STRUCTURE	go_bp	0	3	9	34	2920	1.000000e+00	1.000000e+00	
GOBP_MAINTENANCE_OF_PROTEIN_LOCALIZATION_IN_ORGANELLE	go_bp	0	9	43	34	2920	1.000000e+00	1.000000e+00	
GOBP_MAINTENANCE_OF_PROTEIN_LOCATION	go_bp	0	21	91	34	2920	1.000000e+00	1.000000e+00	
GOBP_MAINTENANCE_OF_PROTEIN_LOCATION_IN_CELL	go_bp	0	15	68	34	2920	1.000000e+00	1.000000e+00	
GOBP_MAINTENANCE_OF_PROTEIN_LOCATION_IN_EXTRACELLULAR_REGION	go_bp	0	3	8	34	2920	1.000000e+00	1.000000e+00	
GOBP_MAINTENANCE_OF_PROTEIN_LOCATION_IN_NUCLEUS	go_bp	0	7	24	34	2920	1.000000e+00	1.000000e+00	
GOBP_MAINTENANCE_OF_SYNAPSE_STRUCTURE	go_bp	0	10	25	34	2920	1.000000e+00	1.000000e+00	
GOBP_MALATE_METABOLIC_PROCESS	go_bp	0	3	9	34	2920	1.000000e+00	1.000000e+00	
GOBP_MALE_GENITALIA_DEVELOPMENT	go_bp	0	4	24	34	2920	1.000000e+00	1.000000e+00	
GOBP_MALE_MEIOSIS_I	go_bp	0	4	28	34	2920	1.000000e+00	1.000000e+00	
GOBP_MALE_MEIOTIC_NUCLEAR_DIVISION	go_bp	0	5	55	34	2920	1.000000e+00	1.000000e+00	
GOBP_MALE_SEX_DETERMINATION	go_bp	0	3	14	34	2920	1.000000e+00	1.000000e+00	
GOBP_MAMMALIAN_OOGENESIS_STAGE	go_bp	0	4	12	34	2920	1.000000e+00	1.000000e+00	
GOBP_MAMMARY_GLAND_ALVEOLUS_DEVELOPMENT	go_bp	0	10	20	34	2920	1.000000e+00	1.000000e+00	
GOBP_MAMMARY_GLAND_EPITHELIAL_CELL_PROLIFERATION	go_bp	0	8	26	34	2920	1.000000e+00	1.000000e+00	
GOBP_MAMMARY_GLAND_EPITHELIUM_DEVELOPMENT	go_bp	0	22	69	34	2920	1.000000e+00	1.000000e+00	
GOBP_MAMMARY_GLAND_MORPHOGENESIS	go_bp	0	16	46	34	2920	1.000000e+00	1.000000e+00	
GOBP_MANNOSE_METABOLIC_PROCESS	go_bp	0	3	9	34	2920	1.000000e+00	1.000000e+00	
GOBP_MARGINAL_ZONE_B_CELL_DIFFERENTIATION	go_bp	0	3	9	34	2920	1.000000e+00	1.000000e+00	
GOBP_MAST_CELL_CHEMOTAXIS	go_bp	0	9	12	34	2920	1.000000e+00	1.000000e+00	
GOBP_MAST_CELL_MIGRATION	go_bp	0	11	15	34	2920	1.000000e+00	1.000000e+00	
GOBP_MAST_CELL_PROLIFERATION	go_bp	0	3	7	34	2920	1.000000e+00	1.000000e+00	
GOBP_MATERNAL_PLACENTA_DEVELOPMENT	go_bp	0	11	35	34	2920	1.000000e+00	1.000000e+00	
GOBP_MATERNAL_PROCESS_INVOLVED_IN_FEMALE_PREGNANCY	go_bp	0	20	59	34	2920	1.000000e+00	1.000000e+00	
GOBP_MATING_BEHAVIOR	go_bp	0	8	36	34	2920	1.000000e+00	1.000000e+00	
GOBP_MATURATION_OF_5_8S_RRNA	go_bp	0	3	35	34	2920	1.000000e+00	1.000000e+00	
GOBP_MATURE_B_CELL_DIFFERENTIATION	go_bp	0	14	38	34	2920	1.000000e+00	1.000000e+00	
GOBP_MATURE_CONVENTIONAL_DENDRITIC_CELL_DIFFERENTIATION	go_bp	0	3	5	34	2920	1.000000e+00	1.000000e+00	
GOBP_MEGAKARYOCYTE_DEVELOPMENT	go_bp	0	10	23	34	2920	1.000000e+00	1.000000e+00	
GOBP_MEGAKARYOCYTE_DIFFERENTIATION	go_bp	0	16	67	34	2920	1.000000e+00	1.000000e+00	
GOBP_MEIOSIS_I_CELL_CYCLE_PROCESS	go_bp	0	15	139	34	2920	1.000000e+00	1.000000e+00	
GOBP_MEIOTIC_CHROMOSOME_SEGREGATION	go_bp	0	7	93	34	2920	1.000000e+00	1.000000e+00	
GOBP_MEIOTIC_SPINDLE_ORGANIZATION	go_bp	0	3	19	34	2920	1.000000e+00	1.000000e+00	
GOBP_MELANOCYTE_DIFFERENTIATION	go_bp	0	5	25	34	2920	1.000000e+00	1.000000e+00	
GOBP_MEMBRANE_BIOGENESIS	go_bp	0	14	66	34	2920	1.000000e+00	1.000000e+00	
GOBP_MEMBRANE_DEPOLARIZATION_DURING_ACTION_POTENTIAL	go_bp	0	7	28	34	2920	1.000000e+00	1.000000e+00	
GOBP_MEMBRANE_FISSION	go_bp	0	8	44	34	2920	1.000000e+00	1.000000e+00	
GOBP_MEMBRANE_FUSION_INVOLVED_IN_VIRAL_ENTRY_INTO_HOST_CELL	go_bp	0	3	5	34	2920	1.000000e+00	1.000000e+00	
GOBP_MEMBRANE_LIPID_BIOSYNTHETIC_PROCESS	go_bp	0	11	150	34	2920	1.000000e+00	1.000000e+00	
GOBP_MEMBRANE_LIPID_CATABOLIC_PROCESS	go_bp	0	18	53	34	2920	1.000000e+00	1.000000e+00	
GOBP_MEMBRANE_PROTEIN_ECTODOMAIN_PROTEOLYSIS	go_bp	0	22	50	34	2920	1.000000e+00	1.000000e+00	
GOBP_MEMBRANE_PROTEIN_INTRACELLULAR_DOMAIN_PROTEOLYSIS	go_bp	0	3	14	34	2920	1.000000e+00	1.000000e+00	
GOBP_MEMBRANE_REPOLARIZATION	go_bp	0	11	55	34	2920	1.000000e+00	1.000000e+00	
GOBP_MEMBRANE_REPOLARIZATION_DURING_ACTION_POTENTIAL	go_bp	0	5	31	34	2920	1.000000e+00	1.000000e+00	
GOBP_MEMBRANE_REPOLARIZATION_DURING_VENTRICULAR_CARDIAC_MUSCLE_CELL_ACTION_POTENTIAL	go_bp	0	3	17	34	2920	1.000000e+00	1.000000e+00	
GOBP_MEMBRANE_TO_MEMBRANE_DOCKING	go_bp	0	3	5	34	2920	1.000000e+00	1.000000e+00	
GOBP_MEMBRANOUS_SEPTUM_MORPHOGENESIS	go_bp	0	4	8	34	2920	1.000000e+00	1.000000e+00	
GOBP_MESANGIAL_CELL_DEVELOPMENT	go_bp	0	3	6	34	2920	1.000000e+00	1.000000e+00	
GOBP_MESANGIAL_CELL_DIFFERENTIATION	go_bp	0	4	7	34	2920	1.000000e+00	1.000000e+00	
GOBP_MESENCHYMAL_CELL_APOPTOTIC_PROCESS	go_bp	0	3	16	34	2920	1.000000e+00	1.000000e+00	
GOBP_MESENCHYMAL_CELL_MIGRATION	go_bp	0	22	60	34	2920	1.000000e+00	1.000000e+00	
GOBP_MESENCHYMAL_CELL_PROLIFERATION	go_bp	0	10	45	34	2920	1.000000e+00	1.000000e+00	
GOBP_MESENCHYMAL_EPITHELIAL_CELL_SIGNALING	go_bp	0	3	9	34	2920	1.000000e+00	1.000000e+00	
GOBP_MESENCHYMAL_STEM_CELL_DIFFERENTIATION	go_bp	0	4	12	34	2920	1.000000e+00	1.000000e+00	
GOBP_MESENCHYMAL_TO_EPITHELIAL_TRANSITION	go_bp	0	3	19	34	2920	1.000000e+00	1.000000e+00	
GOBP_MESODERMAL_CELL_DIFFERENTIATION	go_bp	0	7	35	34	2920	1.000000e+00	1.000000e+00	
GOBP_MESODERMAL_CELL_FATE_COMMITMENT	go_bp	0	4	18	34	2920	1.000000e+00	1.000000e+00	
GOBP_MESODERM_MORPHOGENESIS	go_bp	0	15	78	34	2920	1.000000e+00	1.000000e+00	
GOBP_MESONEPHRIC_TUBULE_MORPHOGENESIS	go_bp	0	14	69	34	2920	1.000000e+00	1.000000e+00	
GOBP_METALLO_SULFUR_CLUSTER_ASSEMBLY	go_bp	0	7	29	34	2920	1.000000e+00	1.000000e+00	
GOBP_METANEPHRIC_COLLECTING_DUCT_DEVELOPMENT	go_bp	0	4	10	34	2920	1.000000e+00	1.000000e+00	
GOBP_METANEPHRIC_DISTAL_TUBULE_DEVELOPMENT	go_bp	0	4	7	34	2920	1.000000e+00	1.000000e+00	
GOBP_METANEPHRIC_EPITHELIUM_DEVELOPMENT	go_bp	0	9	28	34	2920	1.000000e+00	1.000000e+00	
GOBP_METANEPHRIC_GLOMERULAR_MESANGIUM_DEVELOPMENT	go_bp	0	3	5	34	2920	1.000000e+00	1.000000e+00	
GOBP_METANEPHRIC_GLOMERULUS_DEVELOPMENT	go_bp	0	7	17	34	2920	1.000000e+00	1.000000e+00	
GOBP_METANEPHRIC_GLOMERULUS_VASCULATURE_DEVELOPMENT	go_bp	0	4	9	34	2920	1.000000e+00	1.000000e+00	
GOBP_METANEPHRIC_LOOP_OF_HENLE_DEVELOPMENT	go_bp	0	3	6	34	2920	1.000000e+00	1.000000e+00	
GOBP_METANEPHRIC_NEPHRON_DEVELOPMENT	go_bp	0	13	41	34	2920	1.000000e+00	1.000000e+00	
GOBP_METANEPHRIC_TUBULE_DEVELOPMENT	go_bp	0	7	24	34	2920	1.000000e+00	1.000000e+00	
GOBP_METANEPHROS_DEVELOPMENT	go_bp	0	22	92	34	2920	1.000000e+00	1.000000e+00	
GOBP_METANEPHROS_MORPHOGENESIS	go_bp	0	7	31	34	2920	1.000000e+00	1.000000e+00	
GOBP_METAPHASE_CHROMOSOME_ALIGNMENT	go_bp	0	15	103	34	2920	1.000000e+00	1.000000e+00	
GOBP_METHIONINE_BIOSYNTHETIC_PROCESS	go_bp	0	4	12	34	2920	1.000000e+00	1.000000e+00	
GOBP_METHYLATION	go_bp	0	11	225	34	2920	1.000000e+00	1.000000e+00	
GOBP_METHYLGLYOXAL_METABOLIC_PROCESS	go_bp	0	3	6	34	2920	1.000000e+00	1.000000e+00	
GOBP_MHC_CLASS_II_BIOSYNTHETIC_PROCESS	go_bp	0	10	19	34	2920	1.000000e+00	1.000000e+00	
GOBP_MICROAUTOPHAGY	go_bp	0	3	23	34	2920	1.000000e+00	1.000000e+00	
GOBP_MICROGLIAL_CELL_ACTIVATION_INVOLVED_IN_IMMUNE_RESPONSE	go_bp	0	3	5	34	2920	1.000000e+00	1.000000e+00	
GOBP_MICROGLIAL_CELL_MIGRATION	go_bp	0	4	8	34	2920	1.000000e+00	1.000000e+00	
GOBP_MICROGLIAL_CELL_PROLIFERATION	go_bp	0	7	9	34	2920	1.000000e+00	1.000000e+00	
GOBP_MICROGLIA_DIFFERENTIATION	go_bp	0	4	13	34	2920	1.000000e+00	1.000000e+00	
GOBP_MICROTUBULE_BASED_PROTEIN_TRANSPORT	go_bp	0	3	14	34	2920	1.000000e+00	1.000000e+00	
GOBP_MICROTUBULE_BUNDLE_FORMATION	go_bp	0	10	131	34	2920	1.000000e+00	1.000000e+00	
GOBP_MICROTUBULE_CYTOSKELETON_ORGANIZATION	go_bp	0	93	656	34	2920	1.000000e+00	1.000000e+00	
GOBP_MICROTUBULE_NUCLEATION	go_bp	0	8	45	34	2920	1.000000e+00	1.000000e+00	
GOBP_MICROTUBULE_POLYMERIZATION	go_bp	0	22	96	34	2920	1.000000e+00	1.000000e+00	
GOBP_MICROTUBULE_POLYMERIZATION_OR_DEPOLYMERIZATION	go_bp	0	22	137	34	2920	1.000000e+00	1.000000e+00	
GOBP_MICROVILLUS_ORGANIZATION	go_bp	0	9	30	34	2920	1.000000e+00	1.000000e+00	
GOBP_MIDBODY_ABSCISSION	go_bp	0	4	18	34	2920	1.000000e+00	1.000000e+00	
GOBP_MIDBRAIN_DEVELOPMENT	go_bp	0	15	90	34	2920	1.000000e+00	1.000000e+00	
GOBP_MIDBRAIN_DOPAMINERGIC_NEURON_DIFFERENTIATION	go_bp	0	3	16	34	2920	1.000000e+00	1.000000e+00	
GOBP_MIDGUT_DEVELOPMENT	go_bp	0	4	12	34	2920	1.000000e+00	1.000000e+00	
GOBP_MINERALOCORTICOID_BIOSYNTHETIC_PROCESS	go_bp	0	5	12	34	2920	1.000000e+00	1.000000e+00	
GOBP_MINERALOCORTICOID_SECRETION	go_bp	0	5	7	34	2920	1.000000e+00	1.000000e+00	
GOBP_MIRNA_PROCESSING	go_bp	0	9	45	34	2920	1.000000e+00	1.000000e+00	
GOBP_MITOCHONDRIAL_CALCIUM_ION_HOMEOSTASIS	go_bp	0	4	24	34	2920	1.000000e+00	1.000000e+00	
GOBP_MITOCHONDRIAL_DNA_METABOLIC_PROCESS	go_bp	0	5	22	34	2920	1.000000e+00	1.000000e+00	
GOBP_MITOCHONDRIAL_ELECTRON_TRANSPORT_NADH_TO_UBIQUINONE	go_bp	0	5	51	34	2920	1.000000e+00	1.000000e+00	
GOBP_MITOCHONDRIAL_FISSION	go_bp	0	7	40	34	2920	1.000000e+00	1.000000e+00	
GOBP_MITOCHONDRIAL_FRAGMENTATION_INVOLVED_IN_APOPTOTIC_PROCESS	go_bp	0	5	10	34	2920	1.000000e+00	1.000000e+00	
GOBP_MITOCHONDRIAL_GENE_EXPRESSION	go_bp	0	14	167	34	2920	1.000000e+00	1.000000e+00	
GOBP_MITOCHONDRIAL_GENOME_MAINTENANCE	go_bp	0	7	30	34	2920	1.000000e+00	1.000000e+00	
GOBP_MITOCHONDRIAL_OUTER_MEMBRANE_PERMEABILIZATION	go_bp	0	7	31	34	2920	1.000000e+00	1.000000e+00	
GOBP_MITOCHONDRIAL_PROTEIN_CATABOLIC_PROCESS	go_bp	0	4	10	34	2920	1.000000e+00	1.000000e+00	
GOBP_MITOCHONDRIAL_RESPIRATORY_CHAIN_COMPLEX_ASSEMBLY	go_bp	0	3	101	34	2920	1.000000e+00	1.000000e+00	
GOBP_MITOCHONDRIAL_RNA_CATABOLIC_PROCESS	go_bp	0	3	6	34	2920	1.000000e+00	1.000000e+00	
GOBP_MITOCHONDRIAL_RNA_METABOLIC_PROCESS	go_bp	0	5	56	34	2920	1.000000e+00	1.000000e+00	
GOBP_MITOCHONDRIAL_TRANSLATION	go_bp	0	11	130	34	2920	1.000000e+00	1.000000e+00	
GOBP_MITOCHONDRIAL_TRANSMEMBRANE_TRANSPORT	go_bp	0	8	99	34	2920	1.000000e+00	1.000000e+00	
GOBP_MITOCHONDRION_LOCALIZATION	go_bp	0	7	52	34	2920	1.000000e+00	1.000000e+00	
GOBP_MITOCHONDRION_ORGANIZATION	go_bp	0	86	521	34	2920	1.000000e+00	1.000000e+00	
GOBP_MITOPHAGY	go_bp	0	10	71	34	2920	1.000000e+00	1.000000e+00	
GOBP_MITOTIC_CELL_CYCLE	go_bp	0	154	926	34	2920	1.000000e+00	1.000000e+00	
GOBP_MITOTIC_CELL_CYCLE_CHECKPOINT_SIGNALING	go_bp	0	21	146	34	2920	1.000000e+00	1.000000e+00	
GOBP_MITOTIC_CYTOKINESIS	go_bp	0	16	91	34	2920	1.000000e+00	1.000000e+00	
GOBP_MITOTIC_CYTOKINETIC_PROCESS	go_bp	0	8	32	34	2920	1.000000e+00	1.000000e+00	
GOBP_MITOTIC_G1_S_TRANSITION_CHECKPOINT_SIGNALING	go_bp	0	9	30	34	2920	1.000000e+00	1.000000e+00	
GOBP_MITOTIC_G2_M_TRANSITION_CHECKPOINT	go_bp	0	7	55	34	2920	1.000000e+00	1.000000e+00	
GOBP_MITOTIC_METAPHASE_CHROMOSOME_ALIGNMENT	go_bp	0	11	63	34	2920	1.000000e+00	1.000000e+00	
GOBP_MITOTIC_NUCLEAR_MEMBRANE_ORGANIZATION	go_bp	0	3	10	34	2920	1.000000e+00	1.000000e+00	
GOBP_MITOTIC_SISTER_CHROMATID_COHESION	go_bp	0	3	31	34	2920	1.000000e+00	1.000000e+00	
GOBP_MITOTIC_SPINDLE_ASSEMBLY	go_bp	0	14	76	34	2920	1.000000e+00	1.000000e+00	
GOBP_MODIFICATION_OF_POSTSYNAPTIC_ACTIN_CYTOSKELETON	go_bp	0	3	11	34	2920	1.000000e+00	1.000000e+00	
GOBP_MODIFICATION_OF_POSTSYNAPTIC_STRUCTURE	go_bp	0	5	22	34	2920	1.000000e+00	1.000000e+00	
GOBP_MODIFICATION_OF_SYNAPTIC_STRUCTURE	go_bp	0	8	28	34	2920	1.000000e+00	1.000000e+00	
GOBP_MODULATION_BY_HOST_OF_SYMBIONT_PROCESS	go_bp	0	16	87	34	2920	1.000000e+00	1.000000e+00	
GOBP_MODULATION_BY_HOST_OF_VIRAL_GENOME_REPLICATION	go_bp	0	3	27	34	2920	1.000000e+00	1.000000e+00	
GOBP_MODULATION_BY_HOST_OF_VIRAL_PROCESS	go_bp	0	9	50	34	2920	1.000000e+00	1.000000e+00	
GOBP_MODULATION_BY_SYMBIONT_OF_ENTRY_INTO_HOST	go_bp	0	19	56	34	2920	1.000000e+00	1.000000e+00	
GOBP_MODULATION_OF_EXCITATORY_POSTSYNAPTIC_POTENTIAL	go_bp	0	11	49	34	2920	1.000000e+00	1.000000e+00	
GOBP_MODULATION_OF_PROCESS_OF_ANOTHER_ORGANISM	go_bp	0	7	17	34	2920	1.000000e+00	1.000000e+00	
GOBP_MONOATOMIC_ANION_HOMEOSTASIS	go_bp	0	4	21	34	2920	1.000000e+00	1.000000e+00	
GOBP_MONOATOMIC_ANION_TRANSPORT	go_bp	0	16	174	34	2920	1.000000e+00	1.000000e+00	
GOBP_MONOCYTE_CHEMOTACTIC_PROTEIN_1_PRODUCTION	go_bp	0	9	21	34	2920	1.000000e+00	1.000000e+00	
GOBP_MONOCYTE_DIFFERENTIATION	go_bp	0	13	35	34	2920	1.000000e+00	1.000000e+00	
GOBP_MONONUCLEAR_CELL_DIFFERENTIATION	go_bp	0	168	528	34	2920	1.000000e+00	1.000000e+00	
GOBP_MONOSACCHARIDE_CATABOLIC_PROCESS	go_bp	0	13	50	34	2920	1.000000e+00	1.000000e+00	
GOBP_MORPHOGENESIS_OF_AN_ENDOTHELIUM	go_bp	0	5	17	34	2920	1.000000e+00	1.000000e+00	
GOBP_MORPHOGENESIS_OF_AN_EPITHELIAL_BUD	go_bp	0	3	15	34	2920	1.000000e+00	1.000000e+00	
GOBP_MORPHOGENESIS_OF_AN_EPITHELIAL_FOLD	go_bp	0	5	24	34	2920	1.000000e+00	1.000000e+00	
GOBP_MORPHOGENESIS_OF_AN_EPITHELIAL_SHEET	go_bp	0	22	66	34	2920	1.000000e+00	1.000000e+00	
GOBP_MORPHOGENESIS_OF_A_POLARIZED_EPITHELIUM	go_bp	0	13	63	34	2920	1.000000e+00	1.000000e+00	
GOBP_MOTILE_CILIUM_ASSEMBLY	go_bp	0	3	73	34	2920	1.000000e+00	1.000000e+00	
GOBP_MOTOR_BEHAVIOR	go_bp	0	5	23	34	2920	1.000000e+00	1.000000e+00	
GOBP_MOTOR_LEARNING	go_bp	0	3	8	34	2920	1.000000e+00	1.000000e+00	
GOBP_MOTOR_NEURON_APOPTOTIC_PROCESS	go_bp	0	9	21	34	2920	1.000000e+00	1.000000e+00	
GOBP_MOTOR_NEURON_AXON_GUIDANCE	go_bp	0	10	26	34	2920	1.000000e+00	1.000000e+00	
GOBP_MOTOR_NEURON_MIGRATION	go_bp	0	3	13	34	2920	1.000000e+00	1.000000e+00	
GOBP_MRNA_EXPORT_FROM_NUCLEUS	go_bp	0	7	72	34	2920	1.000000e+00	1.000000e+00	
GOBP_MRNA_METABOLIC_PROCESS	go_bp	0	84	864	34	2920	1.000000e+00	1.000000e+00	
GOBP_MUCOSA_ASSOCIATED_LYMPHOID_TISSUE_DEVELOPMENT	go_bp	0	4	8	34	2920	1.000000e+00	1.000000e+00	
GOBP_MULTICELLULAR_ORGANISMAL_LEVEL_CHEMICAL_HOMEOSTASIS	go_bp	0	16	76	34	2920	1.000000e+00	1.000000e+00	
GOBP_MULTICELLULAR_ORGANISMAL_MOVEMENT	go_bp	0	8	62	34	2920	1.000000e+00	1.000000e+00	
GOBP_MULTIVESICULAR_BODY_ORGANIZATION	go_bp	0	9	32	34	2920	1.000000e+00	1.000000e+00	
GOBP_MULTIVESICULAR_BODY_SORTING_PATHWAY	go_bp	0	13	49	34	2920	1.000000e+00	1.000000e+00	
GOBP_MUSCLE_ATROPHY	go_bp	0	3	11	34	2920	1.000000e+00	1.000000e+00	
GOBP_MUSCLE_CELL_APOPTOTIC_PROCESS	go_bp	0	21	99	34	2920	1.000000e+00	1.000000e+00	
GOBP_MUSCLE_CELL_CELLULAR_HOMEOSTASIS	go_bp	0	11	26	34	2920	1.000000e+00	1.000000e+00	
GOBP_MUSCLE_HYPERTROPHY_IN_RESPONSE_TO_STRESS	go_bp	0	4	32	34	2920	1.000000e+00	1.000000e+00	
GOBP_MYD88_DEPENDENT_TOLL_LIKE_RECEPTOR_SIGNALING_PATHWAY	go_bp	0	7	20	34	2920	1.000000e+00	1.000000e+00	
GOBP_MYD88_INDEPENDENT_TOLL_LIKE_RECEPTOR_SIGNALING_PATHWAY	go_bp	0	4	16	34	2920	1.000000e+00	1.000000e+00	
GOBP_MYELIN_ASSEMBLY	go_bp	0	7	24	34	2920	1.000000e+00	1.000000e+00	
GOBP_MYELIN_MAINTENANCE	go_bp	0	5	18	34	2920	1.000000e+00	1.000000e+00	
GOBP_MYELOID_DENDRITIC_CELL_ACTIVATION	go_bp	0	14	29	34	2920	1.000000e+00	1.000000e+00	
GOBP_MYELOID_DENDRITIC_CELL_DIFFERENTIATION	go_bp	0	9	20	34	2920	1.000000e+00	1.000000e+00	
GOBP_MYELOID_LEUKOCYTE_CYTOKINE_PRODUCTION	go_bp	0	18	50	34	2920	1.000000e+00	1.000000e+00	
GOBP_MYELOID_LEUKOCYTE_DIFFERENTIATION	go_bp	0	84	240	34	2920	1.000000e+00	1.000000e+00	
GOBP_MYELOID_PROGENITOR_CELL_DIFFERENTIATION	go_bp	0	3	9	34	2920	1.000000e+00	1.000000e+00	
GOBP_MYOBLAST_FUSION	go_bp	0	18	48	34	2920	1.000000e+00	1.000000e+00	
GOBP_MYOTUBE_CELL_DEVELOPMENT	go_bp	0	5	43	34	2920	1.000000e+00	1.000000e+00	
GOBP_NADPH_REGENERATION	go_bp	0	7	23	34	2920	1.000000e+00	1.000000e+00	
GOBP_NADP_METABOLIC_PROCESS	go_bp	0	11	45	34	2920	1.000000e+00	1.000000e+00	
GOBP_NAD_CATABOLIC_PROCESS	go_bp	0	4	21	34	2920	1.000000e+00	1.000000e+00	
GOBP_NAD_METABOLIC_PROCESS	go_bp	0	14	64	34	2920	1.000000e+00	1.000000e+00	
GOBP_NATURAL_KILLER_CELL_ACTIVATION_INVOLVED_IN_IMMUNE_RESPONSE	go_bp	0	7	35	34	2920	1.000000e+00	1.000000e+00	
GOBP_NATURAL_KILLER_CELL_CHEMOTAXIS	go_bp	0	7	10	34	2920	1.000000e+00	1.000000e+00	
GOBP_NATURAL_KILLER_CELL_CYTOKINE_PRODUCTION	go_bp	0	3	9	34	2920	1.000000e+00	1.000000e+00	
GOBP_NATURAL_KILLER_CELL_DIFFERENTIATION	go_bp	0	11	24	34	2920	1.000000e+00	1.000000e+00	
GOBP_NATURAL_KILLER_CELL_MEDIATED_IMMUNE_RESPONSE_TO_TUMOR_CELL	go_bp	0	9	11	34	2920	1.000000e+00	1.000000e+00	
GOBP_NATURAL_KILLER_CELL_PROLIFERATION	go_bp	0	7	15	34	2920	1.000000e+00	1.000000e+00	
GOBP_NECROPTOTIC_PROCESS	go_bp	0	14	49	34	2920	1.000000e+00	1.000000e+00	
GOBP_NECROPTOTIC_SIGNALING_PATHWAY	go_bp	0	5	8	34	2920	1.000000e+00	1.000000e+00	
GOBP_NEGATIVE_ADAPTATION_OF_SIGNALING_PATHWAY	go_bp	0	4	20	34	2920	1.000000e+00	1.000000e+00	
GOBP_NEGATIVE_CHEMOTAXIS	go_bp	0	18	47	34	2920	1.000000e+00	1.000000e+00	
GOBP_NEGATIVE_REGULATION_BY_HOST_OF_VIRAL_PROCESS	go_bp	0	4	17	34	2920	1.000000e+00	1.000000e+00	
GOBP_NEGATIVE_REGULATION_OF_ACTIN_FILAMENT_DEPOLYMERIZATION	go_bp	0	11	44	34	2920	1.000000e+00	1.000000e+00	
GOBP_NEGATIVE_REGULATION_OF_ACTIN_FILAMENT_POLYMERIZATION	go_bp	0	14	65	34	2920	1.000000e+00	1.000000e+00	
GOBP_NEGATIVE_REGULATION_OF_ACTIN_NUCLEATION	go_bp	0	3	9	34	2920	1.000000e+00	1.000000e+00	
GOBP_NEGATIVE_REGULATION_OF_ACTIVATED_T_CELL_PROLIFERATION	go_bp	0	9	15	34	2920	1.000000e+00	1.000000e+00	
GOBP_NEGATIVE_REGULATION_OF_ACTIVIN_RECEPTOR_SIGNALING_PATHWAY	go_bp	0	5	17	34	2920	1.000000e+00	1.000000e+00	
GOBP_NEGATIVE_REGULATION_OF_ACUTE_INFLAMMATORY_RESPONSE	go_bp	0	4	12	34	2920	1.000000e+00	1.000000e+00	
GOBP_NEGATIVE_REGULATION_OF_ADENYLATE_CYCLASE_ACTIVATING_G_PROTEIN_COUPLED_RECEPTOR_SIGNALING_PATHWAY	go_bp	0	3	14	34	2920	1.000000e+00	1.000000e+00	
GOBP_NEGATIVE_REGULATION_OF_ALPHA_BETA_T_CELL_ACTIVATION	go_bp	0	14	45	34	2920	1.000000e+00	1.000000e+00	
GOBP_NEGATIVE_REGULATION_OF_ALPHA_BETA_T_CELL_DIFFERENTIATION	go_bp	0	4	26	34	2920	1.000000e+00	1.000000e+00	
GOBP_NEGATIVE_REGULATION_OF_ALPHA_BETA_T_CELL_PROLIFERATION	go_bp	0	7	16	34	2920	1.000000e+00	1.000000e+00	
GOBP_NEGATIVE_REGULATION_OF_AMIDE_METABOLIC_PROCESS	go_bp	0	4	34	34	2920	1.000000e+00	1.000000e+00	
GOBP_NEGATIVE_REGULATION_OF_AMINE_METABOLIC_PROCESS	go_bp	0	3	6	34	2920	1.000000e+00	1.000000e+00	
GOBP_NEGATIVE_REGULATION_OF_AMINE_TRANSPORT	go_bp	0	8	27	34	2920	1.000000e+00	1.000000e+00	
GOBP_NEGATIVE_REGULATION_OF_AMINO_ACID_TRANSPORT	go_bp	0	4	15	34	2920	1.000000e+00	1.000000e+00	
GOBP_NEGATIVE_REGULATION_OF_AMYLOID_BETA_CLEARANCE	go_bp	0	4	11	34	2920	1.000000e+00	1.000000e+00	
GOBP_NEGATIVE_REGULATION_OF_AMYLOID_FIBRIL_FORMATION	go_bp	0	7	13	34	2920	1.000000e+00	1.000000e+00	
GOBP_NEGATIVE_REGULATION_OF_AMYLOID_PRECURSOR_PROTEIN_CATABOLIC_PROCESS	go_bp	0	4	31	34	2920	1.000000e+00	1.000000e+00	
GOBP_NEGATIVE_REGULATION_OF_ANDROGEN_RECEPTOR_SIGNALING_PATHWAY	go_bp	0	3	15	34	2920	1.000000e+00	1.000000e+00	
GOBP_NEGATIVE_REGULATION_OF_ANOIKIS	go_bp	0	8	18	34	2920	1.000000e+00	1.000000e+00	
GOBP_NEGATIVE_REGULATION_OF_ANTIGEN_RECEPTOR_MEDIATED_SIGNALING_PATHWAY	go_bp	0	16	34	34	2920	1.000000e+00	1.000000e+00	
GOBP_NEGATIVE_REGULATION_OF_ASTROCYTE_DIFFERENTIATION	go_bp	0	4	16	34	2920	1.000000e+00	1.000000e+00	
GOBP_NEGATIVE_REGULATION_OF_ATP_DEPENDENT_ACTIVITY	go_bp	0	8	17	34	2920	1.000000e+00	1.000000e+00	
GOBP_NEGATIVE_REGULATION_OF_AUTOPHAGY_OF_MITOCHONDRION	go_bp	0	3	7	34	2920	1.000000e+00	1.000000e+00	
GOBP_NEGATIVE_REGULATION_OF_AXONOGENESIS	go_bp	0	18	51	34	2920	1.000000e+00	1.000000e+00	
GOBP_NEGATIVE_REGULATION_OF_AXON_EXTENSION	go_bp	0	11	31	34	2920	1.000000e+00	1.000000e+00	
GOBP_NEGATIVE_REGULATION_OF_BEHAVIOR	go_bp	0	3	13	34	2920	1.000000e+00	1.000000e+00	
GOBP_NEGATIVE_REGULATION_OF_BIOMINERAL_TISSUE_DEVELOPMENT	go_bp	0	13	29	34	2920	1.000000e+00	1.000000e+00	
GOBP_NEGATIVE_REGULATION_OF_BLOOD_CIRCULATION	go_bp	0	5	25	34	2920	1.000000e+00	1.000000e+00	
GOBP_NEGATIVE_REGULATION_OF_BLOOD_PRESSURE	go_bp	0	15	50	34	2920	1.000000e+00	1.000000e+00	
GOBP_NEGATIVE_REGULATION_OF_BLOOD_VESSEL_ENDOTHELIAL_CELL_MIGRATION	go_bp	0	15	82	34	2920	1.000000e+00	1.000000e+00	
GOBP_NEGATIVE_REGULATION_OF_BLOOD_VESSEL_ENDOTHELIAL_CELL_PROLIFERATION_INVOLVED_IN_SPROUTING_ANGIOGENESIS	go_bp	0	3	26	34	2920	1.000000e+00	1.000000e+00	
GOBP_NEGATIVE_REGULATION_OF_BMP_SIGNALING_PATHWAY	go_bp	0	20	73	34	2920	1.000000e+00	1.000000e+00	
GOBP_NEGATIVE_REGULATION_OF_BONE_MINERALIZATION	go_bp	0	8	20	34	2920	1.000000e+00	1.000000e+00	
GOBP_NEGATIVE_REGULATION_OF_B_CELL_ACTIVATION	go_bp	0	13	32	34	2920	1.000000e+00	1.000000e+00	
GOBP_NEGATIVE_REGULATION_OF_B_CELL_MEDIATED_IMMUNITY	go_bp	0	7	15	34	2920	1.000000e+00	1.000000e+00	
GOBP_NEGATIVE_REGULATION_OF_B_CELL_PROLIFERATION	go_bp	0	10	17	34	2920	1.000000e+00	1.000000e+00	
GOBP_NEGATIVE_REGULATION_OF_B_CELL_RECEPTOR_SIGNALING_PATHWAY	go_bp	0	4	8	34	2920	1.000000e+00	1.000000e+00	
GOBP_NEGATIVE_REGULATION_OF_CALCIUM_ION_DEPENDENT_EXOCYTOSIS	go_bp	0	4	8	34	2920	1.000000e+00	1.000000e+00	
GOBP_NEGATIVE_REGULATION_OF_CALCIUM_ION_IMPORT	go_bp	0	3	18	34	2920	1.000000e+00	1.000000e+00	
GOBP_NEGATIVE_REGULATION_OF_CALCIUM_ION_TRANSMEMBRANE_TRANSPORTER_ACTIVITY	go_bp	0	5	30	34	2920	1.000000e+00	1.000000e+00	
GOBP_NEGATIVE_REGULATION_OF_CALCIUM_ION_TRANSPORT	go_bp	0	18	70	34	2920	1.000000e+00	1.000000e+00	
GOBP_NEGATIVE_REGULATION_OF_CAMP_DEPENDENT_PROTEIN_KINASE_ACTIVITY	go_bp	0	3	8	34	2920	1.000000e+00	1.000000e+00	
GOBP_NEGATIVE_REGULATION_OF_CANONICAL_NF_KAPPAB_SIGNAL_TRANSDUCTION	go_bp	0	15	66	34	2920	1.000000e+00	1.000000e+00	
GOBP_NEGATIVE_REGULATION_OF_CARBOHYDRATE_METABOLIC_PROCESS	go_bp	0	13	57	34	2920	1.000000e+00	1.000000e+00	
GOBP_NEGATIVE_REGULATION_OF_CARDIAC_MUSCLE_ADAPTATION	go_bp	0	3	8	34	2920	1.000000e+00	1.000000e+00	
GOBP_NEGATIVE_REGULATION_OF_CARDIAC_MUSCLE_TISSUE_GROWTH	go_bp	0	3	28	34	2920	1.000000e+00	1.000000e+00	
GOBP_NEGATIVE_REGULATION_OF_CARDIOCYTE_DIFFERENTIATION	go_bp	0	3	14	34	2920	1.000000e+00	1.000000e+00	
GOBP_NEGATIVE_REGULATION_OF_CATABOLIC_PROCESS	go_bp	0	82	359	34	2920	1.000000e+00	1.000000e+00	
GOBP_NEGATIVE_REGULATION_OF_CATECHOLAMINE_SECRETION	go_bp	0	3	13	34	2920	1.000000e+00	1.000000e+00	
GOBP_NEGATIVE_REGULATION_OF_CATION_CHANNEL_ACTIVITY	go_bp	0	7	47	34	2920	1.000000e+00	1.000000e+00	
GOBP_NEGATIVE_REGULATION_OF_CD4_POSITIVE_ALPHA_BETA_T_CELL_ACTIVATION	go_bp	0	9	33	34	2920	1.000000e+00	1.000000e+00	
GOBP_NEGATIVE_REGULATION_OF_CD4_POSITIVE_ALPHA_BETA_T_CELL_DIFFERENTIATION	go_bp	0	3	21	34	2920	1.000000e+00	1.000000e+00	
GOBP_NEGATIVE_REGULATION_OF_CD4_POSITIVE_ALPHA_BETA_T_CELL_PROLIFERATION	go_bp	0	5	12	34	2920	1.000000e+00	1.000000e+00	
GOBP_NEGATIVE_REGULATION_OF_CD8_POSITIVE_ALPHA_BETA_T_CELL_ACTIVATION	go_bp	0	3	8	34	2920	1.000000e+00	1.000000e+00	
GOBP_NEGATIVE_REGULATION_OF_CELLULAR_RESPIRATION	go_bp	0	3	9	34	2920	1.000000e+00	1.000000e+00	
GOBP_NEGATIVE_REGULATION_OF_CELLULAR_RESPONSE_TO_HYPOXIA	go_bp	0	4	10	34	2920	1.000000e+00	1.000000e+00	
GOBP_NEGATIVE_REGULATION_OF_CELLULAR_RESPONSE_TO_INSULIN_STIMULUS	go_bp	0	9	46	34	2920	1.000000e+00	1.000000e+00	
GOBP_NEGATIVE_REGULATION_OF_CELLULAR_RESPONSE_TO_VASCULAR_ENDOTHELIAL_GROWTH_FACTOR_STIMULUS	go_bp	0	5	19	34	2920	1.000000e+00	1.000000e+00	
GOBP_NEGATIVE_REGULATION_OF_CELLULAR_SENESCENCE	go_bp	0	5	26	34	2920	1.000000e+00	1.000000e+00	
GOBP_NEGATIVE_REGULATION_OF_CELL_ADHESION_MEDIATED_BY_INTEGRIN	go_bp	0	4	12	34	2920	1.000000e+00	1.000000e+00	
GOBP_NEGATIVE_REGULATION_OF_CELL_ADHESION_MOLECULE_PRODUCTION	go_bp	0	3	14	34	2920	1.000000e+00	1.000000e+00	
GOBP_NEGATIVE_REGULATION_OF_CELL_CELL_ADHESION	go_bp	0	89	205	34	2920	1.000000e+00	1.000000e+00	
GOBP_NEGATIVE_REGULATION_OF_CELL_CELL_ADHESION_MEDIATED_BY_CADHERIN	go_bp	0	7	10	34	2920	1.000000e+00	1.000000e+00	
GOBP_NEGATIVE_REGULATION_OF_CELL_CYCLE_G1_S_PHASE_TRANSITION	go_bp	0	18	94	34	2920	1.000000e+00	1.000000e+00	
GOBP_NEGATIVE_REGULATION_OF_CELL_CYCLE_G2_M_PHASE_TRANSITION	go_bp	0	9	72	34	2920	1.000000e+00	1.000000e+00	
GOBP_NEGATIVE_REGULATION_OF_CELL_JUNCTION_ASSEMBLY	go_bp	0	13	32	34	2920	1.000000e+00	1.000000e+00	
GOBP_NEGATIVE_REGULATION_OF_CELL_MATURATION	go_bp	0	3	8	34	2920	1.000000e+00	1.000000e+00	
GOBP_NEGATIVE_REGULATION_OF_CELL_MIGRATION_INVOLVED_IN_SPROUTING_ANGIOGENESIS	go_bp	0	4	45	34	2920	1.000000e+00	1.000000e+00	
GOBP_NEGATIVE_REGULATION_OF_CELL_SIZE	go_bp	0	3	9	34	2920	1.000000e+00	1.000000e+00	
GOBP_NEGATIVE_REGULATION_OF_CENTROSOME_DUPLICATION	go_bp	0	3	12	34	2920	1.000000e+00	1.000000e+00	
GOBP_NEGATIVE_REGULATION_OF_CHEMOKINE_C_C_MOTIF_LIGAND_5_PRODUCTION	go_bp	0	3	5	34	2920	1.000000e+00	1.000000e+00	
GOBP_NEGATIVE_REGULATION_OF_CHEMOKINE_MEDIATED_SIGNALING_PATHWAY	go_bp	0	5	9	34	2920	1.000000e+00	1.000000e+00	
GOBP_NEGATIVE_REGULATION_OF_CHEMOKINE_PRODUCTION	go_bp	0	11	31	34	2920	1.000000e+00	1.000000e+00	
GOBP_NEGATIVE_REGULATION_OF_CHEMOTAXIS	go_bp	0	22	52	34	2920	1.000000e+00	1.000000e+00	
GOBP_NEGATIVE_REGULATION_OF_CHOLESTEROL_EFFLUX	go_bp	0	4	22	34	2920	1.000000e+00	1.000000e+00	
GOBP_NEGATIVE_REGULATION_OF_CHROMOSOME_ORGANIZATION	go_bp	0	14	95	34	2920	1.000000e+00	1.000000e+00	
GOBP_NEGATIVE_REGULATION_OF_CHROMOSOME_SEGREGATION	go_bp	0	4	51	34	2920	1.000000e+00	1.000000e+00	
GOBP_NEGATIVE_REGULATION_OF_COLD_INDUCED_THERMOGENESIS	go_bp	0	11	48	34	2920	1.000000e+00	1.000000e+00	
GOBP_NEGATIVE_REGULATION_OF_COLLAGEN_METABOLIC_PROCESS	go_bp	0	4	12	34	2920	1.000000e+00	1.000000e+00	
GOBP_NEGATIVE_REGULATION_OF_COLLATERAL_SPROUTING	go_bp	0	5	11	34	2920	1.000000e+00	1.000000e+00	
GOBP_NEGATIVE_REGULATION_OF_COMPLEMENT_ACTIVATION	go_bp	0	9	13	34	2920	1.000000e+00	1.000000e+00	
GOBP_NEGATIVE_REGULATION_OF_CYCLIN_DEPENDENT_PROTEIN_SERINE_THREONINE_KINASE_ACTIVITY	go_bp	0	5	23	34	2920	1.000000e+00	1.000000e+00	
GOBP_NEGATIVE_REGULATION_OF_CYSTEINE_TYPE_ENDOPEPTIDASE_ACTIVITY_INVOLVED_IN_APOPTOTIC_PROCESS	go_bp	0	21	49	34	2920	1.000000e+00	1.000000e+00	
GOBP_NEGATIVE_REGULATION_OF_CYSTEINE_TYPE_ENDOPEPTIDASE_ACTIVITY_INVOLVED_IN_APOPTOTIC_SIGNALING_PATHWAY	go_bp	0	3	5	34	2920	1.000000e+00	1.000000e+00	
GOBP_NEGATIVE_REGULATION_OF_CYTOKINE_PRODUCTION_INVOLVED_IN_IMMUNE_RESPONSE	go_bp	0	16	35	34	2920	1.000000e+00	1.000000e+00	
GOBP_NEGATIVE_REGULATION_OF_CYTOKINE_PRODUCTION_INVOLVED_IN_INFLAMMATORY_RESPONSE	go_bp	0	8	41	34	2920	1.000000e+00	1.000000e+00	
GOBP_NEGATIVE_REGULATION_OF_CYTOPLASMIC_PATTERN_RECOGNITION_RECEPTOR_SIGNALING_PATHWAY	go_bp	0	15	55	34	2920	1.000000e+00	1.000000e+00	
GOBP_NEGATIVE_REGULATION_OF_CYTOSOLIC_CALCIUM_ION_CONCENTRATION	go_bp	0	4	13	34	2920	1.000000e+00	1.000000e+00	
GOBP_NEGATIVE_REGULATION_OF_DEFENSE_RESPONSE_TO_BACTERIUM	go_bp	0	3	5	34	2920	1.000000e+00	1.000000e+00	
GOBP_NEGATIVE_REGULATION_OF_DEFENSE_RESPONSE_TO_VIRUS	go_bp	0	4	18	34	2920	1.000000e+00	1.000000e+00	
GOBP_NEGATIVE_REGULATION_OF_DENDRITE_DEVELOPMENT	go_bp	0	3	8	34	2920	1.000000e+00	1.000000e+00	
GOBP_NEGATIVE_REGULATION_OF_DENDRITIC_CELL_APOPTOTIC_PROCESS	go_bp	0	8	9	34	2920	1.000000e+00	1.000000e+00	
GOBP_NEGATIVE_REGULATION_OF_DENDRITIC_SPINE_DEVELOPMENT	go_bp	0	4	13	34	2920	1.000000e+00	1.000000e+00	
GOBP_NEGATIVE_REGULATION_OF_DENDRITIC_SPINE_MORPHOGENESIS	go_bp	0	3	6	34	2920	1.000000e+00	1.000000e+00	
GOBP_NEGATIVE_REGULATION_OF_DNA_BIOSYNTHETIC_PROCESS	go_bp	0	7	35	34	2920	1.000000e+00	1.000000e+00	
GOBP_NEGATIVE_REGULATION_OF_DNA_DAMAGE_RESPONSE_SIGNAL_TRANSDUCTION_BY_P53_CLASS_MEDIATOR	go_bp	0	4	15	34	2920	1.000000e+00	1.000000e+00	
GOBP_NEGATIVE_REGULATION_OF_DNA_METABOLIC_PROCESS	go_bp	0	21	145	34	2920	1.000000e+00	1.000000e+00	
GOBP_NEGATIVE_REGULATION_OF_DNA_RECOMBINATION	go_bp	0	4	52	34	2920	1.000000e+00	1.000000e+00	
GOBP_NEGATIVE_REGULATION_OF_DNA_REPAIR	go_bp	0	4	42	34	2920	1.000000e+00	1.000000e+00	
GOBP_NEGATIVE_REGULATION_OF_DNA_REPLICATION	go_bp	0	5	26	34	2920	1.000000e+00	1.000000e+00	
GOBP_NEGATIVE_REGULATION_OF_DNA_TEMPLATED_TRANSCRIPTION_ELONGATION	go_bp	0	5	23	34	2920	1.000000e+00	1.000000e+00	
GOBP_NEGATIVE_REGULATION_OF_DOUBLE_STRAND_BREAK_REPAIR_VIA_HOMOLOGOUS_RECOMBINATION	go_bp	0	4	26	34	2920	1.000000e+00	1.000000e+00	
GOBP_NEGATIVE_REGULATION_OF_ENDOCYTOSIS	go_bp	0	21	77	34	2920	1.000000e+00	1.000000e+00	
GOBP_NEGATIVE_REGULATION_OF_ENDOPLASMIC_RETICULUM_STRESS_INDUCED_INTRINSIC_APOPTOTIC_SIGNALING_PATHWAY	go_bp	0	7	20	34	2920	1.000000e+00	1.000000e+00	
GOBP_NEGATIVE_REGULATION_OF_ENDOTHELIAL_CELL_CHEMOTAXIS	go_bp	0	3	7	34	2920	1.000000e+00	1.000000e+00	
GOBP_NEGATIVE_REGULATION_OF_EPIDERMAL_GROWTH_FACTOR_RECEPTOR_SIGNALING_PATHWAY	go_bp	0	4	27	34	2920	1.000000e+00	1.000000e+00	
GOBP_NEGATIVE_REGULATION_OF_EPIDERMIS_DEVELOPMENT	go_bp	0	4	13	34	2920	1.000000e+00	1.000000e+00	
GOBP_NEGATIVE_REGULATION_OF_EPITHELIAL_CELL_DIFFERENTIATION	go_bp	0	16	55	34	2920	1.000000e+00	1.000000e+00	
GOBP_NEGATIVE_REGULATION_OF_EPITHELIAL_TO_MESENCHYMAL_TRANSITION	go_bp	0	10	53	34	2920	1.000000e+00	1.000000e+00	
GOBP_NEGATIVE_REGULATION_OF_ERBB_SIGNALING_PATHWAY	go_bp	0	5	32	34	2920	1.000000e+00	1.000000e+00	
GOBP_NEGATIVE_REGULATION_OF_ESTABLISHMENT_OF_PROTEIN_LOCALIZATION_TO_MITOCHONDRION	go_bp	0	3	7	34	2920	1.000000e+00	1.000000e+00	
GOBP_NEGATIVE_REGULATION_OF_EXCITATORY_POSTSYNAPTIC_POTENTIAL	go_bp	0	3	11	34	2920	1.000000e+00	1.000000e+00	
GOBP_NEGATIVE_REGULATION_OF_EXECUTION_PHASE_OF_APOPTOSIS	go_bp	0	3	9	34	2920	1.000000e+00	1.000000e+00	
GOBP_NEGATIVE_REGULATION_OF_EXOCYTOSIS	go_bp	0	16	36	34	2920	1.000000e+00	1.000000e+00	
GOBP_NEGATIVE_REGULATION_OF_EXTRACELLULAR_MATRIX_DISASSEMBLY	go_bp	0	4	6	34	2920	1.000000e+00	1.000000e+00	
GOBP_NEGATIVE_REGULATION_OF_EXTRACELLULAR_MATRIX_ORGANIZATION	go_bp	0	8	22	34	2920	1.000000e+00	1.000000e+00	
GOBP_NEGATIVE_REGULATION_OF_EXTRINSIC_APOPTOTIC_SIGNALING_PATHWAY_VIA_DEATH_DOMAIN_RECEPTORS	go_bp	0	9	31	34	2920	1.000000e+00	1.000000e+00	
GOBP_NEGATIVE_REGULATION_OF_FATTY_ACID_BIOSYNTHETIC_PROCESS	go_bp	0	4	26	34	2920	1.000000e+00	1.000000e+00	
GOBP_NEGATIVE_REGULATION_OF_FAT_CELL_DIFFERENTIATION	go_bp	0	15	62	34	2920	1.000000e+00	1.000000e+00	
GOBP_NEGATIVE_REGULATION_OF_FERTILIZATION	go_bp	0	3	7	34	2920	1.000000e+00	1.000000e+00	
GOBP_NEGATIVE_REGULATION_OF_FIBRINOLYSIS	go_bp	0	10	13	34	2920	1.000000e+00	1.000000e+00	
GOBP_NEGATIVE_REGULATION_OF_FIBROBLAST_PROLIFERATION	go_bp	0	10	35	34	2920	1.000000e+00	1.000000e+00	
GOBP_NEGATIVE_REGULATION_OF_GENE_EXPRESSION_EPIGENETIC	go_bp	0	11	178	34	2920	1.000000e+00	1.000000e+00	
GOBP_NEGATIVE_REGULATION_OF_GLIAL_CELL_APOPTOTIC_PROCESS	go_bp	0	5	10	34	2920	1.000000e+00	1.000000e+00	
GOBP_NEGATIVE_REGULATION_OF_GLIAL_CELL_DIFFERENTIATION	go_bp	0	5	28	34	2920	1.000000e+00	1.000000e+00	
GOBP_NEGATIVE_REGULATION_OF_GLIOGENESIS	go_bp	0	7	45	34	2920	1.000000e+00	1.000000e+00	
GOBP_NEGATIVE_REGULATION_OF_GLUCONEOGENESIS	go_bp	0	5	19	34	2920	1.000000e+00	1.000000e+00	
GOBP_NEGATIVE_REGULATION_OF_GLUCOSE_TRANSMEMBRANE_TRANSPORT	go_bp	0	8	21	34	2920	1.000000e+00	1.000000e+00	
GOBP_NEGATIVE_REGULATION_OF_GLYCOPROTEIN_METABOLIC_PROCESS	go_bp	0	5	28	34	2920	1.000000e+00	1.000000e+00	
GOBP_NEGATIVE_REGULATION_OF_GRANULOCYTE_DIFFERENTIATION	go_bp	0	3	8	34	2920	1.000000e+00	1.000000e+00	
GOBP_NEGATIVE_REGULATION_OF_GTPASE_ACTIVITY	go_bp	0	3	20	34	2920	1.000000e+00	1.000000e+00	
GOBP_NEGATIVE_REGULATION_OF_HAIR_FOLLICLE_DEVELOPMENT	go_bp	0	3	5	34	2920	1.000000e+00	1.000000e+00	
GOBP_NEGATIVE_REGULATION_OF_HIPPO_SIGNALING	go_bp	0	3	22	34	2920	1.000000e+00	1.000000e+00	
GOBP_NEGATIVE_REGULATION_OF_HOMOTYPIC_CELL_CELL_ADHESION	go_bp	0	5	13	34	2920	1.000000e+00	1.000000e+00	
GOBP_NEGATIVE_REGULATION_OF_HORMONE_BIOSYNTHETIC_PROCESS	go_bp	0	3	10	34	2920	1.000000e+00	1.000000e+00	
GOBP_NEGATIVE_REGULATION_OF_HORMONE_METABOLIC_PROCESS	go_bp	0	3	12	34	2920	1.000000e+00	1.000000e+00	
GOBP_NEGATIVE_REGULATION_OF_HUMORAL_IMMUNE_RESPONSE_MEDIATED_BY_CIRCULATING_IMMUNOGLOBULIN	go_bp	0	7	11	34	2920	1.000000e+00	1.000000e+00	
GOBP_NEGATIVE_REGULATION_OF_HYDROGEN_PEROXIDE_MEDIATED_PROGRAMMED_CELL_DEATH	go_bp	0	3	12	34	2920	1.000000e+00	1.000000e+00	
GOBP_NEGATIVE_REGULATION_OF_HYDROLASE_ACTIVITY	go_bp	0	86	197	34	2920	1.000000e+00	1.000000e+00	
GOBP_NEGATIVE_REGULATION_OF_IMMATURE_T_CELL_PROLIFERATION	go_bp	0	3	5	34	2920	1.000000e+00	1.000000e+00	
GOBP_NEGATIVE_REGULATION_OF_IMMUNE_SYSTEM_PROCESS	go_bp	0	194	535	34	2920	1.000000e+00	1.000000e+00	
GOBP_NEGATIVE_REGULATION_OF_INCLUSION_BODY_ASSEMBLY	go_bp	0	7	12	34	2920	1.000000e+00	1.000000e+00	
GOBP_NEGATIVE_REGULATION_OF_INFLAMMASOME_MEDIATED_SIGNALING_PATHWAY	go_bp	0	4	18	34	2920	1.000000e+00	1.000000e+00	
GOBP_NEGATIVE_REGULATION_OF_INFLAMMATORY_RESPONSE_TO_ANTIGENIC_STIMULUS	go_bp	0	11	33	34	2920	1.000000e+00	1.000000e+00	
GOBP_NEGATIVE_REGULATION_OF_INFLAMMATORY_RESPONSE_TO_WOUNDING	go_bp	0	7	9	34	2920	1.000000e+00	1.000000e+00	
GOBP_NEGATIVE_REGULATION_OF_INTERFERON_ALPHA_PRODUCTION	go_bp	0	5	6	34	2920	1.000000e+00	1.000000e+00	
GOBP_NEGATIVE_REGULATION_OF_INTERFERON_BETA_PRODUCTION	go_bp	0	8	15	34	2920	1.000000e+00	1.000000e+00	
GOBP_NEGATIVE_REGULATION_OF_INTERLEUKIN_12_PRODUCTION	go_bp	0	9	19	34	2920	1.000000e+00	1.000000e+00	
GOBP_NEGATIVE_REGULATION_OF_INTERLEUKIN_13_PRODUCTION	go_bp	0	5	7	34	2920	1.000000e+00	1.000000e+00	
GOBP_NEGATIVE_REGULATION_OF_INTERLEUKIN_1_MEDIATED_SIGNALING_PATHWAY	go_bp	0	4	8	34	2920	1.000000e+00	1.000000e+00	
GOBP_NEGATIVE_REGULATION_OF_INTERLEUKIN_1_PRODUCTION	go_bp	0	16	53	34	2920	1.000000e+00	1.000000e+00	
GOBP_NEGATIVE_REGULATION_OF_INTERLEUKIN_2_PRODUCTION	go_bp	0	13	30	34	2920	1.000000e+00	1.000000e+00	
GOBP_NEGATIVE_REGULATION_OF_INTERLEUKIN_5_PRODUCTION	go_bp	0	4	8	34	2920	1.000000e+00	1.000000e+00	
GOBP_NEGATIVE_REGULATION_OF_INTERLEUKIN_6_PRODUCTION	go_bp	0	18	68	34	2920	1.000000e+00	1.000000e+00	
GOBP_NEGATIVE_REGULATION_OF_INTERLEUKIN_8_PRODUCTION	go_bp	0	7	36	34	2920	1.000000e+00	1.000000e+00	
GOBP_NEGATIVE_REGULATION_OF_INTRACELLULAR_PROTEIN_TRANSPORT	go_bp	0	9	32	34	2920	1.000000e+00	1.000000e+00	
GOBP_NEGATIVE_REGULATION_OF_INTRACELLULAR_STEROID_HORMONE_RECEPTOR_SIGNALING_PATHWAY	go_bp	0	3	37	34	2920	1.000000e+00	1.000000e+00	
GOBP_NEGATIVE_REGULATION_OF_INTRACELLULAR_TRANSPORT	go_bp	0	14	51	34	2920	1.000000e+00	1.000000e+00	
GOBP_NEGATIVE_REGULATION_OF_INTRINSIC_APOPTOTIC_SIGNALING_PATHWAY_IN_RESPONSE_TO_DNA_DAMAGE	go_bp	0	13	30	34	2920	1.000000e+00	1.000000e+00	
GOBP_NEGATIVE_REGULATION_OF_JUN_KINASE_ACTIVITY	go_bp	0	3	12	34	2920	1.000000e+00	1.000000e+00	
GOBP_NEGATIVE_REGULATION_OF_LAMELLIPODIUM_ASSEMBLY	go_bp	0	3	6	34	2920	1.000000e+00	1.000000e+00	
GOBP_NEGATIVE_REGULATION_OF_LAMELLIPODIUM_ORGANIZATION	go_bp	0	3	8	34	2920	1.000000e+00	1.000000e+00	
GOBP_NEGATIVE_REGULATION_OF_LEUKOCYTE_ADHESION_TO_VASCULAR_ENDOTHELIAL_CELL	go_bp	0	5	13	34	2920	1.000000e+00	1.000000e+00	
GOBP_NEGATIVE_REGULATION_OF_LEUKOCYTE_CHEMOTAXIS	go_bp	0	11	23	34	2920	1.000000e+00	1.000000e+00	
GOBP_NEGATIVE_REGULATION_OF_LEUKOCYTE_DEGRANULATION	go_bp	0	7	13	34	2920	1.000000e+00	1.000000e+00	
GOBP_NEGATIVE_REGULATION_OF_LIPID_BIOSYNTHETIC_PROCESS	go_bp	0	14	68	34	2920	1.000000e+00	1.000000e+00	
GOBP_NEGATIVE_REGULATION_OF_LIPID_LOCALIZATION	go_bp	0	16	65	34	2920	1.000000e+00	1.000000e+00	
GOBP_NEGATIVE_REGULATION_OF_LIPID_TRANSPORT	go_bp	0	11	47	34	2920	1.000000e+00	1.000000e+00	
GOBP_NEGATIVE_REGULATION_OF_LIPOPOLYSACCHARIDE_MEDIATED_SIGNALING_PATHWAY	go_bp	0	4	14	34	2920	1.000000e+00	1.000000e+00	
GOBP_NEGATIVE_REGULATION_OF_LIPOPROTEIN_LIPASE_ACTIVITY	go_bp	0	4	7	34	2920	1.000000e+00	1.000000e+00	
GOBP_NEGATIVE_REGULATION_OF_LIPOPROTEIN_METABOLIC_PROCESS	go_bp	0	3	5	34	2920	1.000000e+00	1.000000e+00	
GOBP_NEGATIVE_REGULATION_OF_LIPOPROTEIN_PARTICLE_CLEARANCE	go_bp	0	5	21	34	2920	1.000000e+00	1.000000e+00	
GOBP_NEGATIVE_REGULATION_OF_LOW_DENSITY_LIPOPROTEIN_PARTICLE_CLEARANCE	go_bp	0	3	15	34	2920	1.000000e+00	1.000000e+00	
GOBP_NEGATIVE_REGULATION_OF_LOW_DENSITY_LIPOPROTEIN_RECEPTOR_ACTIVITY	go_bp	0	4	8	34	2920	1.000000e+00	1.000000e+00	
GOBP_NEGATIVE_REGULATION_OF_LYMPHOCYTE_DIFFERENTIATION	go_bp	0	18	58	34	2920	1.000000e+00	1.000000e+00	
GOBP_NEGATIVE_REGULATION_OF_LYMPHOCYTE_MIGRATION	go_bp	0	7	15	34	2920	1.000000e+00	1.000000e+00	
GOBP_NEGATIVE_REGULATION_OF_MACROAUTOPHAGY	go_bp	0	7	35	34	2920	1.000000e+00	1.000000e+00	
GOBP_NEGATIVE_REGULATION_OF_MACROPHAGE_ACTIVATION	go_bp	0	9	17	34	2920	1.000000e+00	1.000000e+00	
GOBP_NEGATIVE_REGULATION_OF_MACROPHAGE_CHEMOTAXIS	go_bp	0	4	7	34	2920	1.000000e+00	1.000000e+00	
GOBP_NEGATIVE_REGULATION_OF_MACROPHAGE_CYTOKINE_PRODUCTION	go_bp	0	5	12	34	2920	1.000000e+00	1.000000e+00	
GOBP_NEGATIVE_REGULATION_OF_MACROPHAGE_MIGRATION	go_bp	0	7	14	34	2920	1.000000e+00	1.000000e+00	
GOBP_NEGATIVE_REGULATION_OF_MAP_KINASE_ACTIVITY	go_bp	0	13	46	34	2920	1.000000e+00	1.000000e+00	
GOBP_NEGATIVE_REGULATION_OF_MAST_CELL_ACTIVATION	go_bp	0	5	10	34	2920	1.000000e+00	1.000000e+00	
GOBP_NEGATIVE_REGULATION_OF_MAST_CELL_DEGRANULATION	go_bp	0	4	6	34	2920	1.000000e+00	1.000000e+00	
GOBP_NEGATIVE_REGULATION_OF_MEMBRANE_PERMEABILITY	go_bp	0	3	23	34	2920	1.000000e+00	1.000000e+00	
GOBP_NEGATIVE_REGULATION_OF_MEMBRANE_POTENTIAL	go_bp	0	3	13	34	2920	1.000000e+00	1.000000e+00	
GOBP_NEGATIVE_REGULATION_OF_MEMBRANE_PROTEIN_ECTODOMAIN_PROTEOLYSIS	go_bp	0	5	8	34	2920	1.000000e+00	1.000000e+00	
GOBP_NEGATIVE_REGULATION_OF_MESENCHYMAL_CELL_APOPTOTIC_PROCESS	go_bp	0	3	11	34	2920	1.000000e+00	1.000000e+00	
GOBP_NEGATIVE_REGULATION_OF_METALLOPEPTIDASE_ACTIVITY	go_bp	0	5	10	34	2920	1.000000e+00	1.000000e+00	
GOBP_NEGATIVE_REGULATION_OF_MHC_CLASS_II_BIOSYNTHETIC_PROCESS	go_bp	0	3	5	34	2920	1.000000e+00	1.000000e+00	
GOBP_NEGATIVE_REGULATION_OF_MICROGLIAL_CELL_ACTIVATION	go_bp	0	4	7	34	2920	1.000000e+00	1.000000e+00	
GOBP_NEGATIVE_REGULATION_OF_MICROTUBULE_POLYMERIZATION	go_bp	0	4	13	34	2920	1.000000e+00	1.000000e+00	
GOBP_NEGATIVE_REGULATION_OF_MICROTUBULE_POLYMERIZATION_OR_DEPOLYMERIZATION	go_bp	0	5	39	34	2920	1.000000e+00	1.000000e+00	
GOBP_NEGATIVE_REGULATION_OF_MIRNA_METABOLIC_PROCESS	go_bp	0	13	28	34	2920	1.000000e+00	1.000000e+00	
GOBP_NEGATIVE_REGULATION_OF_MONOCYTE_CHEMOTACTIC_PROTEIN_1_PRODUCTION	go_bp	0	3	6	34	2920	1.000000e+00	1.000000e+00	
GOBP_NEGATIVE_REGULATION_OF_MONOCYTE_CHEMOTAXIS	go_bp	0	4	7	34	2920	1.000000e+00	1.000000e+00	
GOBP_NEGATIVE_REGULATION_OF_MONONUCLEAR_CELL_MIGRATION	go_bp	0	16	36	34	2920	1.000000e+00	1.000000e+00	
GOBP_NEGATIVE_REGULATION_OF_MONOOXYGENASE_ACTIVITY	go_bp	0	4	13	34	2920	1.000000e+00	1.000000e+00	
GOBP_NEGATIVE_REGULATION_OF_MOTOR_NEURON_APOPTOTIC_PROCESS	go_bp	0	5	11	34	2920	1.000000e+00	1.000000e+00	
GOBP_NEGATIVE_REGULATION_OF_MRNA_METABOLIC_PROCESS	go_bp	0	15	98	34	2920	1.000000e+00	1.000000e+00	
GOBP_NEGATIVE_REGULATION_OF_MRNA_PROCESSING	go_bp	0	3	22	34	2920	1.000000e+00	1.000000e+00	
GOBP_NEGATIVE_REGULATION_OF_MULTICELLULAR_ORGANISM_GROWTH	go_bp	0	4	12	34	2920	1.000000e+00	1.000000e+00	
GOBP_NEGATIVE_REGULATION_OF_MUSCLE_ADAPTATION	go_bp	0	4	11	34	2920	1.000000e+00	1.000000e+00	
GOBP_NEGATIVE_REGULATION_OF_MUSCLE_CELL_APOPTOTIC_PROCESS	go_bp	0	9	56	34	2920	1.000000e+00	1.000000e+00	
GOBP_NEGATIVE_REGULATION_OF_MUSCLE_CELL_DIFFERENTIATION	go_bp	0	16	73	34	2920	1.000000e+00	1.000000e+00	
GOBP_NEGATIVE_REGULATION_OF_MUSCLE_CONTRACTION	go_bp	0	5	23	34	2920	1.000000e+00	1.000000e+00	
GOBP_NEGATIVE_REGULATION_OF_MUSCLE_HYPERTROPHY	go_bp	0	10	37	34	2920	1.000000e+00	1.000000e+00	
GOBP_NEGATIVE_REGULATION_OF_MUSCLE_ORGAN_DEVELOPMENT	go_bp	0	3	9	34	2920	1.000000e+00	1.000000e+00	
GOBP_NEGATIVE_REGULATION_OF_MUSCLE_TISSUE_DEVELOPMENT	go_bp	0	4	12	34	2920	1.000000e+00	1.000000e+00	
GOBP_NEGATIVE_REGULATION_OF_MYELINATION	go_bp	0	5	9	34	2920	1.000000e+00	1.000000e+00	
GOBP_NEGATIVE_REGULATION_OF_MYELOID_CELL_APOPTOTIC_PROCESS	go_bp	0	11	20	34	2920	1.000000e+00	1.000000e+00	
GOBP_NEGATIVE_REGULATION_OF_MYELOID_CELL_DIFFERENTIATION	go_bp	0	19	95	34	2920	1.000000e+00	1.000000e+00	
GOBP_NEGATIVE_REGULATION_OF_MYELOID_LEUKOCYTE_DIFFERENTIATION	go_bp	0	14	53	34	2920	1.000000e+00	1.000000e+00	
GOBP_NEGATIVE_REGULATION_OF_MYOBLAST_DIFFERENTIATION	go_bp	0	10	25	34	2920	1.000000e+00	1.000000e+00	
GOBP_NEGATIVE_REGULATION_OF_MYOTUBE_DIFFERENTIATION	go_bp	0	4	18	34	2920	1.000000e+00	1.000000e+00	
GOBP_NEGATIVE_REGULATION_OF_NATURAL_KILLER_CELL_MEDIATED_IMMUNITY	go_bp	0	11	21	34	2920	1.000000e+00	1.000000e+00	
GOBP_NEGATIVE_REGULATION_OF_NEUROBLAST_PROLIFERATION	go_bp	0	4	12	34	2920	1.000000e+00	1.000000e+00	
GOBP_NEGATIVE_REGULATION_OF_NEUROINFLAMMATORY_RESPONSE	go_bp	0	9	17	34	2920	1.000000e+00	1.000000e+00	
GOBP_NEGATIVE_REGULATION_OF_NEURON_DIFFERENTIATION	go_bp	0	19	72	34	2920	1.000000e+00	1.000000e+00	
GOBP_NEGATIVE_REGULATION_OF_NEURON_MIGRATION	go_bp	0	4	11	34	2920	1.000000e+00	1.000000e+00	
GOBP_NEGATIVE_REGULATION_OF_NEURON_PROJECTION_REGENERATION	go_bp	0	9	16	34	2920	1.000000e+00	1.000000e+00	
GOBP_NEGATIVE_REGULATION_OF_NEUTROPHIL_MIGRATION	go_bp	0	3	6	34	2920	1.000000e+00	1.000000e+00	
GOBP_NEGATIVE_REGULATION_OF_NF_KAPPAB_TRANSCRIPTION_FACTOR_ACTIVITY	go_bp	0	16	80	34	2920	1.000000e+00	1.000000e+00	
GOBP_NEGATIVE_REGULATION_OF_NITRIC_OXIDE_METABOLIC_PROCESS	go_bp	0	5	17	34	2920	1.000000e+00	1.000000e+00	
GOBP_NEGATIVE_REGULATION_OF_NODAL_SIGNALING_PATHWAY	go_bp	0	3	5	34	2920	1.000000e+00	1.000000e+00	
GOBP_NEGATIVE_REGULATION_OF_NUCLEAR_DIVISION	go_bp	0	7	63	34	2920	1.000000e+00	1.000000e+00	
GOBP_NEGATIVE_REGULATION_OF_NUCLEASE_ACTIVITY	go_bp	0	3	7	34	2920	1.000000e+00	1.000000e+00	
GOBP_NEGATIVE_REGULATION_OF_NUCLEOCYTOPLASMIC_TRANSPORT	go_bp	0	8	23	34	2920	1.000000e+00	1.000000e+00	
GOBP_NEGATIVE_REGULATION_OF_NUCLEOTIDE_CATABOLIC_PROCESS	go_bp	0	4	19	34	2920	1.000000e+00	1.000000e+00	
GOBP_NEGATIVE_REGULATION_OF_NUCLEOTIDE_METABOLIC_PROCESS	go_bp	0	8	28	34	2920	1.000000e+00	1.000000e+00	
GOBP_NEGATIVE_REGULATION_OF_ORGANELLE_ASSEMBLY	go_bp	0	3	47	34	2920	1.000000e+00	1.000000e+00	
GOBP_NEGATIVE_REGULATION_OF_ORGAN_GROWTH	go_bp	0	7	37	34	2920	1.000000e+00	1.000000e+00	
GOBP_NEGATIVE_REGULATION_OF_OSSIFICATION	go_bp	0	16	40	34	2920	1.000000e+00	1.000000e+00	
GOBP_NEGATIVE_REGULATION_OF_OSTEOBLAST_DIFFERENTIATION	go_bp	0	13	68	34	2920	1.000000e+00	1.000000e+00	
GOBP_NEGATIVE_REGULATION_OF_OSTEOBLAST_PROLIFERATION	go_bp	0	8	15	34	2920	1.000000e+00	1.000000e+00	
GOBP_NEGATIVE_REGULATION_OF_OSTEOCLAST_DIFFERENTIATION	go_bp	0	10	33	34	2920	1.000000e+00	1.000000e+00	
GOBP_NEGATIVE_REGULATION_OF_OXIDATIVE_STRESS_INDUCED_INTRINSIC_APOPTOTIC_SIGNALING_PATHWAY	go_bp	0	8	34	34	2920	1.000000e+00	1.000000e+00	
GOBP_NEGATIVE_REGULATION_OF_OXIDATIVE_STRESS_INDUCED_NEURON_INTRINSIC_APOPTOTIC_SIGNALING_PATHWAY	go_bp	0	4	13	34	2920	1.000000e+00	1.000000e+00	
GOBP_NEGATIVE_REGULATION_OF_PEPTIDE_SECRETION	go_bp	0	18	47	34	2920	1.000000e+00	1.000000e+00	
GOBP_NEGATIVE_REGULATION_OF_PEPTIDYL_SERINE_PHOSPHORYLATION	go_bp	0	9	29	34	2920	1.000000e+00	1.000000e+00	
GOBP_NEGATIVE_REGULATION_OF_PEPTIDYL_THREONINE_PHOSPHORYLATION	go_bp	0	5	19	34	2920	1.000000e+00	1.000000e+00	
GOBP_NEGATIVE_REGULATION_OF_PEPTIDYL_TYROSINE_PHOSPHORYLATION	go_bp	0	10	45	34	2920	1.000000e+00	1.000000e+00	
GOBP_NEGATIVE_REGULATION_OF_PHAGOCYTOSIS	go_bp	0	8	22	34	2920	1.000000e+00	1.000000e+00	
GOBP_NEGATIVE_REGULATION_OF_PHOSPHATASE_ACTIVITY	go_bp	0	4	20	34	2920	1.000000e+00	1.000000e+00	
GOBP_NEGATIVE_REGULATION_OF_PHOSPHOLIPID_METABOLIC_PROCESS	go_bp	0	3	6	34	2920	1.000000e+00	1.000000e+00	
GOBP_NEGATIVE_REGULATION_OF_PHOTORECEPTOR_CELL_DIFFERENTIATION	go_bp	0	3	6	34	2920	1.000000e+00	1.000000e+00	
GOBP_NEGATIVE_REGULATION_OF_PLASMA_MEMBRANE_BOUNDED_CELL_PROJECTION_ASSEMBLY	go_bp	0	5	40	34	2920	1.000000e+00	1.000000e+00	
GOBP_NEGATIVE_REGULATION_OF_PLASMINOGEN_ACTIVATION	go_bp	0	7	8	34	2920	1.000000e+00	1.000000e+00	
GOBP_NEGATIVE_REGULATION_OF_PLATELET_AGGREGATION	go_bp	0	5	11	34	2920	1.000000e+00	1.000000e+00	
GOBP_NEGATIVE_REGULATION_OF_PLATELET_DERIVED_GROWTH_FACTOR_RECEPTOR_SIGNALING_PATHWAY	go_bp	0	5	13	34	2920	1.000000e+00	1.000000e+00	
GOBP_NEGATIVE_REGULATION_OF_POST_TRANSCRIPTIONAL_GENE_SILENCING	go_bp	0	3	15	34	2920	1.000000e+00	1.000000e+00	
GOBP_NEGATIVE_REGULATION_OF_POST_TRANSLATIONAL_PROTEIN_MODIFICATION	go_bp	0	16	94	34	2920	1.000000e+00	1.000000e+00	
GOBP_NEGATIVE_REGULATION_OF_POTASSIUM_ION_TRANSMEMBRANE_TRANSPORTER_ACTIVITY	go_bp	0	4	25	34	2920	1.000000e+00	1.000000e+00	
GOBP_NEGATIVE_REGULATION_OF_POTASSIUM_ION_TRANSPORT	go_bp	0	9	36	34	2920	1.000000e+00	1.000000e+00	
GOBP_NEGATIVE_REGULATION_OF_PROGRAMMED_NECROTIC_CELL_DEATH	go_bp	0	4	24	34	2920	1.000000e+00	1.000000e+00	
GOBP_NEGATIVE_REGULATION_OF_PROTEASOMAL_PROTEIN_CATABOLIC_PROCESS	go_bp	0	13	56	34	2920	1.000000e+00	1.000000e+00	
GOBP_NEGATIVE_REGULATION_OF_PROTEASOMAL_UBIQUITIN_DEPENDENT_PROTEIN_CATABOLIC_PROCESS	go_bp	0	10	39	34	2920	1.000000e+00	1.000000e+00	
GOBP_NEGATIVE_REGULATION_OF_PROTEIN_AUTOPHOSPHORYLATION	go_bp	0	3	9	34	2920	1.000000e+00	1.000000e+00	
GOBP_NEGATIVE_REGULATION_OF_PROTEIN_BINDING	go_bp	0	21	70	34	2920	1.000000e+00	1.000000e+00	
GOBP_NEGATIVE_REGULATION_OF_PROTEIN_CONTAINING_COMPLEX_DISASSEMBLY	go_bp	0	13	81	34	2920	1.000000e+00	1.000000e+00	
GOBP_NEGATIVE_REGULATION_OF_PROTEIN_DEPHOSPHORYLATION	go_bp	0	5	26	34	2920	1.000000e+00	1.000000e+00	
GOBP_NEGATIVE_REGULATION_OF_PROTEIN_EXPORT_FROM_NUCLEUS	go_bp	0	3	6	34	2920	1.000000e+00	1.000000e+00	
GOBP_NEGATIVE_REGULATION_OF_PROTEIN_IMPORT_INTO_NUCLEUS	go_bp	0	4	15	34	2920	1.000000e+00	1.000000e+00	
GOBP_NEGATIVE_REGULATION_OF_PROTEIN_KINASE_ACTIVITY_BY_REGULATION_OF_PROTEIN_PHOSPHORYLATION	go_bp	0	3	6	34	2920	1.000000e+00	1.000000e+00	
GOBP_NEGATIVE_REGULATION_OF_PROTEIN_LOCALIZATION_TO_CELL_PERIPHERY	go_bp	0	8	30	34	2920	1.000000e+00	1.000000e+00	
GOBP_NEGATIVE_REGULATION_OF_PROTEIN_LOCALIZATION_TO_CELL_SURFACE	go_bp	0	5	12	34	2920	1.000000e+00	1.000000e+00	
GOBP_NEGATIVE_REGULATION_OF_PROTEIN_LOCALIZATION_TO_MEMBRANE	go_bp	0	9	37	34	2920	1.000000e+00	1.000000e+00	
GOBP_NEGATIVE_REGULATION_OF_PROTEIN_LOCALIZATION_TO_NUCLEUS	go_bp	0	10	37	34	2920	1.000000e+00	1.000000e+00	
GOBP_NEGATIVE_REGULATION_OF_PROTEIN_MATURATION	go_bp	0	11	30	34	2920	1.000000e+00	1.000000e+00	
GOBP_NEGATIVE_REGULATION_OF_PROTEIN_POLYMERIZATION	go_bp	0	18	79	34	2920	1.000000e+00	1.000000e+00	
GOBP_NEGATIVE_REGULATION_OF_PROTEIN_SECRETION	go_bp	0	22	75	34	2920	1.000000e+00	1.000000e+00	
GOBP_NEGATIVE_REGULATION_OF_PROTEOLYSIS	go_bp	0	84	230	34	2920	1.000000e+00	1.000000e+00	
GOBP_NEGATIVE_REGULATION_OF_PROTEOLYSIS_INVOLVED_IN_PROTEIN_CATABOLIC_PROCESS	go_bp	0	15	71	34	2920	1.000000e+00	1.000000e+00	
GOBP_NEGATIVE_REGULATION_OF_RAS_PROTEIN_SIGNAL_TRANSDUCTION	go_bp	0	5	24	34	2920	1.000000e+00	1.000000e+00	
GOBP_NEGATIVE_REGULATION_OF_RECEPTOR_INTERNALIZATION	go_bp	0	5	17	34	2920	1.000000e+00	1.000000e+00	
GOBP_NEGATIVE_REGULATION_OF_RECEPTOR_MEDIATED_ENDOCYTOSIS	go_bp	0	11	38	34	2920	1.000000e+00	1.000000e+00	
GOBP_NEGATIVE_REGULATION_OF_RECEPTOR_SIGNALING_PATHWAY_VIA_JAK_STAT	go_bp	0	3	22	34	2920	1.000000e+00	1.000000e+00	
GOBP_NEGATIVE_REGULATION_OF_RECEPTOR_SIGNALING_PATHWAY_VIA_STAT	go_bp	0	3	34	34	2920	1.000000e+00	1.000000e+00	
GOBP_NEGATIVE_REGULATION_OF_REGULATED_SECRETORY_PATHWAY	go_bp	0	13	25	34	2920	1.000000e+00	1.000000e+00	
GOBP_NEGATIVE_REGULATION_OF_REGULATORY_T_CELL_DIFFERENTIATION	go_bp	0	3	7	34	2920	1.000000e+00	1.000000e+00	
GOBP_NEGATIVE_REGULATION_OF_REPRODUCTIVE_PROCESS	go_bp	0	19	75	34	2920	1.000000e+00	1.000000e+00	
GOBP_NEGATIVE_REGULATION_OF_RESPIRATORY_BURST	go_bp	0	3	6	34	2920	1.000000e+00	1.000000e+00	
GOBP_NEGATIVE_REGULATION_OF_RESPONSE_TO_ENDOPLASMIC_RETICULUM_STRESS	go_bp	0	11	45	34	2920	1.000000e+00	1.000000e+00	
GOBP_NEGATIVE_REGULATION_OF_RESPONSE_TO_NUTRIENT_LEVELS	go_bp	0	4	12	34	2920	1.000000e+00	1.000000e+00	
GOBP_NEGATIVE_REGULATION_OF_RESPONSE_TO_TUMOR_CELL	go_bp	0	5	8	34	2920	1.000000e+00	1.000000e+00	
GOBP_NEGATIVE_REGULATION_OF_RNA_CATABOLIC_PROCESS	go_bp	0	13	88	34	2920	1.000000e+00	1.000000e+00	
GOBP_NEGATIVE_REGULATION_OF_RNA_SPLICING	go_bp	0	3	26	34	2920	1.000000e+00	1.000000e+00	
GOBP_NEGATIVE_REGULATION_OF_SERINE_TYPE_PEPTIDASE_ACTIVITY	go_bp	0	3	6	34	2920	1.000000e+00	1.000000e+00	
GOBP_NEGATIVE_REGULATION_OF_SIGNALING_RECEPTOR_ACTIVITY	go_bp	0	5	26	34	2920	1.000000e+00	1.000000e+00	
GOBP_NEGATIVE_REGULATION_OF_SIGNAL_TRANSDUCTION_BY_P53_CLASS_MEDIATOR	go_bp	0	7	35	34	2920	1.000000e+00	1.000000e+00	
GOBP_NEGATIVE_REGULATION_OF_SIGNAL_TRANSDUCTION_IN_ABSENCE_OF_LIGAND	go_bp	0	15	35	34	2920	1.000000e+00	1.000000e+00	
GOBP_NEGATIVE_REGULATION_OF_SMOOTH_MUSCLE_CELL_APOPTOTIC_PROCESS	go_bp	0	4	17	34	2920	1.000000e+00	1.000000e+00	
GOBP_NEGATIVE_REGULATION_OF_SMOOTH_MUSCLE_CELL_DIFFERENTIATION	go_bp	0	7	23	34	2920	1.000000e+00	1.000000e+00	
GOBP_NEGATIVE_REGULATION_OF_SMOOTH_MUSCLE_CELL_MIGRATION	go_bp	0	9	39	34	2920	1.000000e+00	1.000000e+00	
GOBP_NEGATIVE_REGULATION_OF_SMOOTH_MUSCLE_CELL_PROLIFERATION	go_bp	0	21	70	34	2920	1.000000e+00	1.000000e+00	
GOBP_NEGATIVE_REGULATION_OF_SMOOTH_MUSCLE_CONTRACTION	go_bp	0	4	13	34	2920	1.000000e+00	1.000000e+00	
GOBP_NEGATIVE_REGULATION_OF_SODIUM_ION_TRANSMEMBRANE_TRANSPORT	go_bp	0	4	15	34	2920	1.000000e+00	1.000000e+00	
GOBP_NEGATIVE_REGULATION_OF_SODIUM_ION_TRANSPORT	go_bp	0	5	18	34	2920	1.000000e+00	1.000000e+00	
GOBP_NEGATIVE_REGULATION_OF_STEM_CELL_DIFFERENTIATION	go_bp	0	3	26	34	2920	1.000000e+00	1.000000e+00	
GOBP_NEGATIVE_REGULATION_OF_STEM_CELL_POPULATION_MAINTENANCE	go_bp	0	3	26	34	2920	1.000000e+00	1.000000e+00	
GOBP_NEGATIVE_REGULATION_OF_STEM_CELL_PROLIFERATION	go_bp	0	5	28	34	2920	1.000000e+00	1.000000e+00	
GOBP_NEGATIVE_REGULATION_OF_STEROID_METABOLIC_PROCESS	go_bp	0	8	34	34	2920	1.000000e+00	1.000000e+00	
GOBP_NEGATIVE_REGULATION_OF_STEROL_TRANSPORT	go_bp	0	8	30	34	2920	1.000000e+00	1.000000e+00	
GOBP_NEGATIVE_REGULATION_OF_STRESS_ACTIVATED_PROTEIN_KINASE_SIGNALING_CASCADE	go_bp	0	4	9	34	2920	1.000000e+00	1.000000e+00	
GOBP_NEGATIVE_REGULATION_OF_STRIATED_MUSCLE_CELL_APOPTOTIC_PROCESS	go_bp	0	4	36	34	2920	1.000000e+00	1.000000e+00	
GOBP_NEGATIVE_REGULATION_OF_STRIATED_MUSCLE_CELL_DIFFERENTIATION	go_bp	0	8	43	34	2920	1.000000e+00	1.000000e+00	
GOBP_NEGATIVE_REGULATION_OF_SUBSTRATE_ADHESION_DEPENDENT_CELL_SPREADING	go_bp	0	5	14	34	2920	1.000000e+00	1.000000e+00	
GOBP_NEGATIVE_REGULATION_OF_SYNAPSE_ASSEMBLY	go_bp	0	4	8	34	2920	1.000000e+00	1.000000e+00	
GOBP_NEGATIVE_REGULATION_OF_SYNAPSE_ORGANIZATION	go_bp	0	4	11	34	2920	1.000000e+00	1.000000e+00	
GOBP_NEGATIVE_REGULATION_OF_SYNAPTIC_TRANSMISSION	go_bp	0	16	54	34	2920	1.000000e+00	1.000000e+00	
GOBP_NEGATIVE_REGULATION_OF_TELOMERE_MAINTENANCE	go_bp	0	7	36	34	2920	1.000000e+00	1.000000e+00	
GOBP_NEGATIVE_REGULATION_OF_TELOMERE_MAINTENANCE_VIA_TELOMERASE	go_bp	0	4	21	34	2920	1.000000e+00	1.000000e+00	
GOBP_NEGATIVE_REGULATION_OF_TELOMERE_MAINTENANCE_VIA_TELOMERE_LENGTHENING	go_bp	0	5	28	34	2920	1.000000e+00	1.000000e+00	
GOBP_NEGATIVE_REGULATION_OF_THYMOCYTE_APOPTOTIC_PROCESS	go_bp	0	4	9	34	2920	1.000000e+00	1.000000e+00	
GOBP_NEGATIVE_REGULATION_OF_TISSUE_REMODELING	go_bp	0	8	21	34	2920	1.000000e+00	1.000000e+00	
GOBP_NEGATIVE_REGULATION_OF_TOLL_LIKE_RECEPTOR_4_SIGNALING_PATHWAY	go_bp	0	5	20	34	2920	1.000000e+00	1.000000e+00	
GOBP_NEGATIVE_REGULATION_OF_TOLL_LIKE_RECEPTOR_9_SIGNALING_PATHWAY	go_bp	0	3	5	34	2920	1.000000e+00	1.000000e+00	
GOBP_NEGATIVE_REGULATION_OF_TOLL_LIKE_RECEPTOR_SIGNALING_PATHWAY	go_bp	0	4	22	34	2920	1.000000e+00	1.000000e+00	
GOBP_NEGATIVE_REGULATION_OF_TORC1_SIGNALING	go_bp	0	4	49	34	2920	1.000000e+00	1.000000e+00	
GOBP_NEGATIVE_REGULATION_OF_TOR_SIGNALING	go_bp	0	7	71	34	2920	1.000000e+00	1.000000e+00	
GOBP_NEGATIVE_REGULATION_OF_TRANSFORMING_GROWTH_FACTOR_BETA_PRODUCTION	go_bp	0	5	10	34	2920	1.000000e+00	1.000000e+00	
GOBP_NEGATIVE_REGULATION_OF_TRANSLATIONAL_INITIATION	go_bp	0	9	22	34	2920	1.000000e+00	1.000000e+00	
GOBP_NEGATIVE_REGULATION_OF_TRANSPORTER_ACTIVITY	go_bp	0	16	92	34	2920	1.000000e+00	1.000000e+00	
GOBP_NEGATIVE_REGULATION_OF_TUMOR_NECROSIS_FACTOR_MEDIATED_SIGNALING_PATHWAY	go_bp	0	8	34	34	2920	1.000000e+00	1.000000e+00	
GOBP_NEGATIVE_REGULATION_OF_TYPE_2_IMMUNE_RESPONSE	go_bp	0	4	15	34	2920	1.000000e+00	1.000000e+00	
GOBP_NEGATIVE_REGULATION_OF_TYPE_II_INTERFERON_PRODUCTION	go_bp	0	22	44	34	2920	1.000000e+00	1.000000e+00	
GOBP_NEGATIVE_REGULATION_OF_TYPE_I_INTERFERON_MEDIATED_SIGNALING_PATHWAY	go_bp	0	5	24	34	2920	1.000000e+00	1.000000e+00	
GOBP_NEGATIVE_REGULATION_OF_TYPE_I_INTERFERON_PRODUCTION	go_bp	0	13	46	34	2920	1.000000e+00	1.000000e+00	
GOBP_NEGATIVE_REGULATION_OF_T_CELL_APOPTOTIC_PROCESS	go_bp	0	13	24	34	2920	1.000000e+00	1.000000e+00	
GOBP_NEGATIVE_REGULATION_OF_T_CELL_CYTOKINE_PRODUCTION	go_bp	0	4	11	34	2920	1.000000e+00	1.000000e+00	
GOBP_NEGATIVE_REGULATION_OF_T_CELL_DIFFERENTIATION	go_bp	0	14	49	34	2920	1.000000e+00	1.000000e+00	
GOBP_NEGATIVE_REGULATION_OF_T_CELL_DIFFERENTIATION_IN_THYMUS	go_bp	0	4	10	34	2920	1.000000e+00	1.000000e+00	
GOBP_NEGATIVE_REGULATION_OF_T_CELL_MEDIATED_CYTOTOXICITY	go_bp	0	7	10	34	2920	1.000000e+00	1.000000e+00	
GOBP_NEGATIVE_REGULATION_OF_T_CELL_MEDIATED_IMMUNITY	go_bp	0	16	32	34	2920	1.000000e+00	1.000000e+00	
GOBP_NEGATIVE_REGULATION_OF_T_CELL_MIGRATION	go_bp	0	3	6	34	2920	1.000000e+00	1.000000e+00	
GOBP_NEGATIVE_REGULATION_OF_T_HELPER_1_TYPE_IMMUNE_RESPONSE	go_bp	0	5	8	34	2920	1.000000e+00	1.000000e+00	
GOBP_NEGATIVE_REGULATION_OF_T_HELPER_CELL_DIFFERENTIATION	go_bp	0	3	17	34	2920	1.000000e+00	1.000000e+00	
GOBP_NEGATIVE_REGULATION_OF_UBIQUITIN_DEPENDENT_PROTEIN_CATABOLIC_PROCESS	go_bp	0	10	54	34	2920	1.000000e+00	1.000000e+00	
GOBP_NEGATIVE_REGULATION_OF_VASCULAR_ASSOCIATED_SMOOTH_MUSCLE_CELL_DIFFERENTIATION	go_bp	0	4	13	34	2920	1.000000e+00	1.000000e+00	
GOBP_NEGATIVE_REGULATION_OF_VASCULAR_ASSOCIATED_SMOOTH_MUSCLE_CELL_MIGRATION	go_bp	0	4	27	34	2920	1.000000e+00	1.000000e+00	
GOBP_NEGATIVE_REGULATION_OF_VASCULAR_ASSOCIATED_SMOOTH_MUSCLE_CELL_PROLIFERATION	go_bp	0	8	42	34	2920	1.000000e+00	1.000000e+00	
GOBP_NEGATIVE_REGULATION_OF_VASCULAR_ENDOTHELIAL_GROWTH_FACTOR_RECEPTOR_SIGNALING_PATHWAY	go_bp	0	4	12	34	2920	1.000000e+00	1.000000e+00	
GOBP_NEGATIVE_REGULATION_OF_VASCULAR_PERMEABILITY	go_bp	0	7	18	34	2920	1.000000e+00	1.000000e+00	
GOBP_NEGATIVE_REGULATION_OF_VASCULAR_WOUND_HEALING	go_bp	0	4	8	34	2920	1.000000e+00	1.000000e+00	
GOBP_NEGATIVE_REGULATION_OF_VASOCONSTRICTION	go_bp	0	3	12	34	2920	1.000000e+00	1.000000e+00	
GOBP_NEGATIVE_REGULATION_OF_VIRAL_ENTRY_INTO_HOST_CELL	go_bp	0	7	23	34	2920	1.000000e+00	1.000000e+00	
GOBP_NEGATIVE_REGULATION_OF_VIRAL_GENOME_REPLICATION	go_bp	0	9	55	34	2920	1.000000e+00	1.000000e+00	
GOBP_NEGATIVE_REGULATION_OF_VIRAL_LIFE_CYCLE	go_bp	0	8	28	34	2920	1.000000e+00	1.000000e+00	
GOBP_NEGATIVE_REGULATION_OF_VIRAL_PROCESS	go_bp	0	19	93	34	2920	1.000000e+00	1.000000e+00	
GOBP_NEGATIVE_REGULATION_OF_WOUND_HEALING_SPREADING_OF_EPIDERMAL_CELLS	go_bp	0	3	5	34	2920	1.000000e+00	1.000000e+00	
GOBP_NEGATIVE_T_CELL_SELECTION	go_bp	0	5	13	34	2920	1.000000e+00	1.000000e+00	
GOBP_NEPHRIC_DUCT_MORPHOGENESIS	go_bp	0	4	11	34	2920	1.000000e+00	1.000000e+00	
GOBP_NEPHRON_TUBULE_EPITHELIAL_CELL_DIFFERENTIATION	go_bp	0	4	14	34	2920	1.000000e+00	1.000000e+00	
GOBP_NEPHRON_TUBULE_FORMATION	go_bp	0	3	20	34	2920	1.000000e+00	1.000000e+00	
GOBP_NERVE_DEVELOPMENT	go_bp	0	22	97	34	2920	1.000000e+00	1.000000e+00	
GOBP_NERVE_GROWTH_FACTOR_SIGNALING_PATHWAY	go_bp	0	9	14	34	2920	1.000000e+00	1.000000e+00	
GOBP_NERVOUS_SYSTEM_PROCESS_INVOLVED_IN_REGULATION_OF_SYSTEMIC_ARTERIAL_BLOOD_PRESSURE	go_bp	0	5	13	34	2920	1.000000e+00	1.000000e+00	
GOBP_NETRIN_ACTIVATED_SIGNALING_PATHWAY	go_bp	0	3	9	34	2920	1.000000e+00	1.000000e+00	
GOBP_NEURAL_CREST_CELL_FATE_COMMITMENT	go_bp	0	3	6	34	2920	1.000000e+00	1.000000e+00	
GOBP_NEURAL_CREST_CELL_MIGRATION_INVOLVED_IN_AUTONOMIC_NERVOUS_SYSTEM_DEVELOPMENT	go_bp	0	4	6	34	2920	1.000000e+00	1.000000e+00	
GOBP_NEURAL_CREST_FORMATION	go_bp	0	5	15	34	2920	1.000000e+00	1.000000e+00	
GOBP_NEURAL_NUCLEUS_DEVELOPMENT	go_bp	0	11	67	34	2920	1.000000e+00	1.000000e+00	
GOBP_NEURAL_RETINA_DEVELOPMENT	go_bp	0	16	82	34	2920	1.000000e+00	1.000000e+00	
GOBP_NEURAL_TUBE_PATTERNING	go_bp	0	4	32	34	2920	1.000000e+00	1.000000e+00	
GOBP_NEUROBLAST_DIVISION	go_bp	0	3	15	34	2920	1.000000e+00	1.000000e+00	
GOBP_NEUROEPITHELIAL_CELL_DIFFERENTIATION	go_bp	0	10	42	34	2920	1.000000e+00	1.000000e+00	
GOBP_NEUROFILAMENT_CYTOSKELETON_ORGANIZATION	go_bp	0	3	10	34	2920	1.000000e+00	1.000000e+00	
GOBP_NEUROMUSCULAR_PROCESS_CONTROLLING_BALANCE	go_bp	0	14	52	34	2920	1.000000e+00	1.000000e+00	
GOBP_NEUROMUSCULAR_SYNAPTIC_TRANSMISSION	go_bp	0	4	31	34	2920	1.000000e+00	1.000000e+00	
GOBP_NEURONAL_ACTION_POTENTIAL_PROPAGATION	go_bp	0	3	10	34	2920	1.000000e+00	1.000000e+00	
GOBP_NEURONAL_SIGNAL_TRANSDUCTION	go_bp	0	3	7	34	2920	1.000000e+00	1.000000e+00	
GOBP_NEURONAL_STEM_CELL_POPULATION_MAINTENANCE	go_bp	0	7	25	34	2920	1.000000e+00	1.000000e+00	
GOBP_NEURON_CELLULAR_HOMEOSTASIS	go_bp	0	21	64	34	2920	1.000000e+00	1.000000e+00	
GOBP_NEURON_CELL_CELL_ADHESION	go_bp	0	7	16	34	2920	1.000000e+00	1.000000e+00	
GOBP_NEURON_FATE_SPECIFICATION	go_bp	0	3	36	34	2920	1.000000e+00	1.000000e+00	
GOBP_NEURON_INTRINSIC_APOPTOTIC_SIGNALING_PATHWAY_IN_RESPONSE_TO_OXIDATIVE_STRESS	go_bp	0	7	22	34	2920	1.000000e+00	1.000000e+00	
GOBP_NEURON_PROJECTION_ARBORIZATION	go_bp	0	7	33	34	2920	1.000000e+00	1.000000e+00	
GOBP_NEURON_PROJECTION_EXTENSION_INVOLVED_IN_NEURON_PROJECTION_GUIDANCE	go_bp	0	9	21	34	2920	1.000000e+00	1.000000e+00	
GOBP_NEURON_PROJECTION_MAINTENANCE	go_bp	0	4	12	34	2920	1.000000e+00	1.000000e+00	
GOBP_NEURON_PROJECTION_ORGANIZATION	go_bp	0	21	95	34	2920	1.000000e+00	1.000000e+00	
GOBP_NEUROTRANSMITTER_GATED_ION_CHANNEL_CLUSTERING	go_bp	0	5	17	34	2920	1.000000e+00	1.000000e+00	
GOBP_NEUROTRANSMITTER_RECEPTOR_INTERNALIZATION	go_bp	0	10	34	34	2920	1.000000e+00	1.000000e+00	
GOBP_NEUROTRANSMITTER_RECEPTOR_LOCALIZATION_TO_POSTSYNAPTIC_SPECIALIZATION_MEMBRANE	go_bp	0	9	25	34	2920	1.000000e+00	1.000000e+00	
GOBP_NEUROTRANSMITTER_RECEPTOR_TRANSPORT_TO_PLASMA_MEMBRANE	go_bp	0	5	17	34	2920	1.000000e+00	1.000000e+00	
GOBP_NEUROTRANSMITTER_REUPTAKE	go_bp	0	5	35	34	2920	1.000000e+00	1.000000e+00	
GOBP_NEUROTRANSMITTER_UPTAKE	go_bp	0	7	45	34	2920	1.000000e+00	1.000000e+00	
GOBP_NEUROTROPHIN_SIGNALING_PATHWAY	go_bp	0	18	40	34	2920	1.000000e+00	1.000000e+00	
GOBP_NEUROTROPHIN_TRK_RECEPTOR_SIGNALING_PATHWAY	go_bp	0	8	26	34	2920	1.000000e+00	1.000000e+00	
GOBP_NEUTRAL_AMINO_ACID_TRANSPORT	go_bp	0	3	58	34	2920	1.000000e+00	1.000000e+00	
GOBP_NEUTRAL_LIPID_BIOSYNTHETIC_PROCESS	go_bp	0	8	55	34	2920	1.000000e+00	1.000000e+00	
GOBP_NEUTRAL_LIPID_CATABOLIC_PROCESS	go_bp	0	11	38	34	2920	1.000000e+00	1.000000e+00	
GOBP_NEUTROPHIL_ACTIVATION_INVOLVED_IN_IMMUNE_RESPONSE	go_bp	0	8	21	34	2920	1.000000e+00	1.000000e+00	
GOBP_NEUTROPHIL_CLEARANCE	go_bp	0	3	6	34	2920	1.000000e+00	1.000000e+00	
GOBP_NEUTROPHIL_DEGRANULATION	go_bp	0	7	14	34	2920	1.000000e+00	1.000000e+00	
GOBP_NEUTROPHIL_DIFFERENTIATION	go_bp	0	4	11	34	2920	1.000000e+00	1.000000e+00	
GOBP_NEUTROPHIL_EXTRAVASATION	go_bp	0	9	14	34	2920	1.000000e+00	1.000000e+00	
GOBP_NEUTROPHIL_HOMEOSTASIS	go_bp	0	7	20	34	2920	1.000000e+00	1.000000e+00	
GOBP_NEUTROPHIL_MEDIATED_CYTOTOXICITY	go_bp	0	4	15	34	2920	1.000000e+00	1.000000e+00	
GOBP_NEUTROPHIL_MEDIATED_IMMUNITY	go_bp	0	15	38	34	2920	1.000000e+00	1.000000e+00	
GOBP_NEUTROPHIL_MEDIATED_KILLING_OF_SYMBIONT_CELL	go_bp	0	4	13	34	2920	1.000000e+00	1.000000e+00	
GOBP_NITRIC_OXIDE_CGMP_MEDIATED_SIGNALING	go_bp	0	4	10	34	2920	1.000000e+00	1.000000e+00	
GOBP_NITROGEN_CYCLE_METABOLIC_PROCESS	go_bp	0	4	13	34	2920	1.000000e+00	1.000000e+00	
GOBP_NK_T_CELL_ACTIVATION	go_bp	0	5	15	34	2920	1.000000e+00	1.000000e+00	
GOBP_NK_T_CELL_DIFFERENTIATION	go_bp	0	4	11	34	2920	1.000000e+00	1.000000e+00	
GOBP_NK_T_CELL_PROLIFERATION	go_bp	0	3	9	34	2920	1.000000e+00	1.000000e+00	
GOBP_NODAL_SIGNALING_PATHWAY	go_bp	0	7	21	34	2920	1.000000e+00	1.000000e+00	
GOBP_NONRIBOSOMAL_PEPTIDE_BIOSYNTHETIC_PROCESS	go_bp	0	5	18	34	2920	1.000000e+00	1.000000e+00	
GOBP_NON_LYTIC_VIRAL_RELEASE	go_bp	0	3	15	34	2920	1.000000e+00	1.000000e+00	
GOBP_NON_MOTILE_CILIUM_ASSEMBLY	go_bp	0	9	65	34	2920	1.000000e+00	1.000000e+00	
GOBP_NON_PROTEINOGENIC_AMINO_ACID_CATABOLIC_PROCESS	go_bp	0	5	19	34	2920	1.000000e+00	1.000000e+00	
GOBP_NOREPINEPHRINE_METABOLIC_PROCESS	go_bp	0	3	15	34	2920	1.000000e+00	1.000000e+00	
GOBP_NOREPINEPHRINE_SECRETION	go_bp	0	4	14	34	2920	1.000000e+00	1.000000e+00	
GOBP_NOREPINEPHRINE_TRANSPORT	go_bp	0	5	23	34	2920	1.000000e+00	1.000000e+00	
GOBP_NUCLEAR_EXPORT	go_bp	0	21	169	34	2920	1.000000e+00	1.000000e+00	
GOBP_NUCLEAR_MEMBRANE_ORGANIZATION	go_bp	0	10	47	34	2920	1.000000e+00	1.000000e+00	
GOBP_NUCLEAR_MEMBRANE_REASSEMBLY	go_bp	0	7	26	34	2920	1.000000e+00	1.000000e+00	
GOBP_NUCLEAR_TRANSCRIBED_MRNA_CATABOLIC_PROCESS	go_bp	0	8	126	34	2920	1.000000e+00	1.000000e+00	
GOBP_NUCLEOBASE_CONTAINING_COMPOUND_TRANSPORT	go_bp	0	20	233	34	2920	1.000000e+00	1.000000e+00	
GOBP_NUCLEOBASE_CONTAINING_SMALL_MOLECULE_BIOSYNTHETIC_PROCESS	go_bp	0	10	19	34	2920	1.000000e+00	1.000000e+00	
GOBP_NUCLEOBASE_CONTAINING_SMALL_MOLECULE_CATABOLIC_PROCESS	go_bp	0	5	31	34	2920	1.000000e+00	1.000000e+00	
GOBP_NUCLEOBASE_CONTAINING_SMALL_MOLECULE_INTERCONVERSION	go_bp	0	4	8	34	2920	1.000000e+00	1.000000e+00	
GOBP_NUCLEOBASE_METABOLIC_PROCESS	go_bp	0	11	40	34	2920	1.000000e+00	1.000000e+00	
GOBP_NUCLEOSIDE_BISPHOSPHATE_BIOSYNTHETIC_PROCESS	go_bp	0	5	57	34	2920	1.000000e+00	1.000000e+00	
GOBP_NUCLEOSIDE_BISPHOSPHATE_METABOLIC_PROCESS	go_bp	0	14	124	34	2920	1.000000e+00	1.000000e+00	
GOBP_NUCLEOSIDE_DIPHOSPHATE_BIOSYNTHETIC_PROCESS	go_bp	0	5	13	34	2920	1.000000e+00	1.000000e+00	
GOBP_NUCLEOSIDE_METABOLIC_PROCESS	go_bp	0	15	57	34	2920	1.000000e+00	1.000000e+00	
GOBP_NUCLEOSIDE_MONOPHOSPHATE_BIOSYNTHETIC_PROCESS	go_bp	0	10	42	34	2920	1.000000e+00	1.000000e+00	
GOBP_NUCLEOSIDE_MONOPHOSPHATE_CATABOLIC_PROCESS	go_bp	0	9	19	34	2920	1.000000e+00	1.000000e+00	
GOBP_NUCLEOSIDE_MONOPHOSPHATE_METABOLIC_PROCESS	go_bp	0	22	77	34	2920	1.000000e+00	1.000000e+00	
GOBP_NUCLEOSIDE_MONOPHOSPHATE_PHOSPHORYLATION	go_bp	0	3	11	34	2920	1.000000e+00	1.000000e+00	
GOBP_NUCLEOSIDE_SALVAGE	go_bp	0	5	12	34	2920	1.000000e+00	1.000000e+00	
GOBP_NUCLEOSIDE_TRIPHOSPHATE_CATABOLIC_PROCESS	go_bp	0	7	12	34	2920	1.000000e+00	1.000000e+00	
GOBP_NUCLEOSOME_ORGANIZATION	go_bp	0	8	140	34	2920	1.000000e+00	1.000000e+00	
GOBP_NUCLEOTIDE_BINDING_DOMAIN_LEUCINE_RICH_REPEAT_CONTAINING_RECEPTOR_SIGNALING_PATHWAY	go_bp	0	8	29	34	2920	1.000000e+00	1.000000e+00	
GOBP_NUCLEOTIDE_SALVAGE	go_bp	0	5	18	34	2920	1.000000e+00	1.000000e+00	
GOBP_NUCLEOTIDE_SUGAR_BIOSYNTHETIC_PROCESS	go_bp	0	7	19	34	2920	1.000000e+00	1.000000e+00	
GOBP_NUCLEOTIDE_SUGAR_METABOLIC_PROCESS	go_bp	0	11	38	34	2920	1.000000e+00	1.000000e+00	
GOBP_NUCLEUS_LOCALIZATION	go_bp	0	7	32	34	2920	1.000000e+00	1.000000e+00	
GOBP_NUCLEUS_ORGANIZATION	go_bp	0	20	150	34	2920	1.000000e+00	1.000000e+00	
GOBP_N_ACETYLNEURAMINATE_CATABOLIC_PROCESS	go_bp	0	5	7	34	2920	1.000000e+00	1.000000e+00	
GOBP_N_ACETYLNEURAMINATE_METABOLIC_PROCESS	go_bp	0	8	12	34	2920	1.000000e+00	1.000000e+00	
GOBP_N_GLYCAN_PROCESSING	go_bp	0	3	17	34	2920	1.000000e+00	1.000000e+00	
GOBP_N_TERMINAL_PROTEIN_AMINO_ACID_ACETYLATION	go_bp	0	3	15	34	2920	1.000000e+00	1.000000e+00	
GOBP_N_TERMINAL_PROTEIN_AMINO_ACID_MODIFICATION	go_bp	0	9	27	34	2920	1.000000e+00	1.000000e+00	
GOBP_N_TERMINAL_PROTEIN_LIPIDATION	go_bp	0	3	6	34	2920	1.000000e+00	1.000000e+00	
GOBP_ODONTOBLAST_DIFFERENTIATION	go_bp	0	5	16	34	2920	1.000000e+00	1.000000e+00	
GOBP_OLFACTORY_BULB_INTERNEURON_DEVELOPMENT	go_bp	0	3	8	34	2920	1.000000e+00	1.000000e+00	
GOBP_OLFACTORY_BULB_INTERNEURON_DIFFERENTIATION	go_bp	0	4	13	34	2920	1.000000e+00	1.000000e+00	
GOBP_OLFACTORY_LOBE_DEVELOPMENT	go_bp	0	7	39	34	2920	1.000000e+00	1.000000e+00	
GOBP_OLIGODENDROCYTE_APOPTOTIC_PROCESS	go_bp	0	4	5	34	2920	1.000000e+00	1.000000e+00	
GOBP_OLIGODENDROCYTE_DEVELOPMENT	go_bp	0	11	49	34	2920	1.000000e+00	1.000000e+00	
GOBP_OLIGODENDROCYTE_PROGENITOR_PROLIFERATION	go_bp	0	5	8	34	2920	1.000000e+00	1.000000e+00	
GOBP_OLIGOSACCHARIDE_BIOSYNTHETIC_PROCESS	go_bp	0	4	29	34	2920	1.000000e+00	1.000000e+00	
GOBP_OLIGOSACCHARIDE_CATABOLIC_PROCESS	go_bp	0	4	16	34	2920	1.000000e+00	1.000000e+00	
GOBP_ONE_CARBON_COMPOUND_TRANSPORT	go_bp	0	4	28	34	2920	1.000000e+00	1.000000e+00	
GOBP_OOCYTE_MATURATION	go_bp	0	7	35	34	2920	1.000000e+00	1.000000e+00	
GOBP_OOGENESIS	go_bp	0	18	114	34	2920	1.000000e+00	1.000000e+00	
GOBP_OPSONIZATION	go_bp	0	9	17	34	2920	1.000000e+00	1.000000e+00	
GOBP_ORGANELLE_ASSEMBLY	go_bp	0	155	1040	34	2920	1.000000e+00	1.000000e+00	
GOBP_ORGANELLE_INHERITANCE	go_bp	0	3	15	34	2920	1.000000e+00	1.000000e+00	
GOBP_ORGANELLE_TRANSPORT_ALONG_MICROTUBULE	go_bp	0	16	91	34	2920	1.000000e+00	1.000000e+00	
GOBP_ORGANIC_ACID_TRANSMEMBRANE_TRANSPORT	go_bp	0	10	151	34	2920	1.000000e+00	1.000000e+00	
GOBP_ORGANIC_CATION_TRANSPORT	go_bp	0	9	116	34	2920	1.000000e+00	1.000000e+00	
GOBP_ORGANIC_HYDROXY_COMPOUND_CATABOLIC_PROCESS	go_bp	0	14	58	34	2920	1.000000e+00	1.000000e+00	
GOBP_ORGANOPHOSPHATE_BIOSYNTHETIC_PROCESS	go_bp	0	92	595	34	2920	1.000000e+00	1.000000e+00	
GOBP_ORGANOPHOSPHATE_METABOLIC_PROCESS	go_bp	0	189	1039	34	2920	1.000000e+00	1.000000e+00	
GOBP_ORGAN_OR_TISSUE_SPECIFIC_IMMUNE_RESPONSE	go_bp	0	15	42	34	2920	1.000000e+00	1.000000e+00	
GOBP_OSTEOBLAST_DEVELOPMENT	go_bp	0	8	17	34	2920	1.000000e+00	1.000000e+00	
GOBP_OSTEOBLAST_PROLIFERATION	go_bp	0	15	37	34	2920	1.000000e+00	1.000000e+00	
GOBP_OSTEOCLAST_PROLIFERATION	go_bp	0	3	11	34	2920	1.000000e+00	1.000000e+00	
GOBP_OTIC_VESICLE_DEVELOPMENT	go_bp	0	5	15	34	2920	1.000000e+00	1.000000e+00	
GOBP_OTIC_VESICLE_FORMATION	go_bp	0	3	8	34	2920	1.000000e+00	1.000000e+00	
GOBP_OTIC_VESICLE_MORPHOGENESIS	go_bp	0	3	10	34	2920	1.000000e+00	1.000000e+00	
GOBP_OTOLITH_DEVELOPMENT	go_bp	0	3	10	34	2920	1.000000e+00	1.000000e+00	
GOBP_OTOLITH_MORPHOGENESIS	go_bp	0	3	5	34	2920	1.000000e+00	1.000000e+00	
GOBP_OUTFLOW_TRACT_MORPHOGENESIS	go_bp	0	20	82	34	2920	1.000000e+00	1.000000e+00	
GOBP_OUTFLOW_TRACT_SEPTUM_MORPHOGENESIS	go_bp	0	10	26	34	2920	1.000000e+00	1.000000e+00	
GOBP_OVULATION	go_bp	0	10	16	34	2920	1.000000e+00	1.000000e+00	
GOBP_OVULATION_FROM_OVARIAN_FOLLICLE	go_bp	0	7	9	34	2920	1.000000e+00	1.000000e+00	
GOBP_OXALOACETATE_METABOLIC_PROCESS	go_bp	0	3	9	34	2920	1.000000e+00	1.000000e+00	
GOBP_OXIDATIVE_PHOSPHORYLATION	go_bp	0	18	147	34	2920	1.000000e+00	1.000000e+00	
GOBP_O_GLYCAN_PROCESSING	go_bp	0	10	43	34	2920	1.000000e+00	1.000000e+00	
GOBP_PANCREAS_DEVELOPMENT	go_bp	0	15	78	34	2920	1.000000e+00	1.000000e+00	
GOBP_PARACRINE_SIGNALING	go_bp	0	5	7	34	2920	1.000000e+00	1.000000e+00	
GOBP_PARAXIAL_MESODERM_DEVELOPMENT	go_bp	0	4	19	34	2920	1.000000e+00	1.000000e+00	
GOBP_PARENTAL_BEHAVIOR	go_bp	0	3	14	34	2920	1.000000e+00	1.000000e+00	
GOBP_PARTURITION	go_bp	0	3	15	34	2920	1.000000e+00	1.000000e+00	
GOBP_PENETRATION_OF_ZONA_PELLUCIDA	go_bp	0	3	9	34	2920	1.000000e+00	1.000000e+00	
GOBP_PENILE_ERECTION	go_bp	0	3	7	34	2920	1.000000e+00	1.000000e+00	
GOBP_PENTOSE_METABOLIC_PROCESS	go_bp	0	5	13	34	2920	1.000000e+00	1.000000e+00	
GOBP_PENTOSE_PHOSPHATE_SHUNT_NON_OXIDATIVE_BRANCH	go_bp	0	3	6	34	2920	1.000000e+00	1.000000e+00	
GOBP_PEPTIDE_ANTIGEN_ASSEMBLY_WITH_MHC_CLASS_I_PROTEIN_COMPLEX	go_bp	0	3	6	34	2920	1.000000e+00	1.000000e+00	
GOBP_PEPTIDE_ANTIGEN_ASSEMBLY_WITH_MHC_PROTEIN_COMPLEX	go_bp	0	4	21	34	2920	1.000000e+00	1.000000e+00	
GOBP_PEPTIDE_BIOSYNTHETIC_PROCESS	go_bp	0	9	27	34	2920	1.000000e+00	1.000000e+00	
GOBP_PEPTIDE_CATABOLIC_PROCESS	go_bp	0	11	20	34	2920	1.000000e+00	1.000000e+00	
GOBP_PEPTIDE_CROSS_LINKING	go_bp	0	7	27	34	2920	1.000000e+00	1.000000e+00	
GOBP_PEPTIDE_MODIFICATION	go_bp	0	3	8	34	2920	1.000000e+00	1.000000e+00	
GOBP_PEPTIDOGLYCAN_METABOLIC_PROCESS	go_bp	0	3	6	34	2920	1.000000e+00	1.000000e+00	
GOBP_PEPTIDYL_CYSTEINE_MODIFICATION	go_bp	0	10	44	34	2920	1.000000e+00	1.000000e+00	
GOBP_PEPTIDYL_GLUTAMIC_ACID_MODIFICATION	go_bp	0	3	27	34	2920	1.000000e+00	1.000000e+00	
GOBP_PEPTIDYL_LYSINE_ACETYLATION	go_bp	0	3	22	34	2920	1.000000e+00	1.000000e+00	
GOBP_PEPTIDYL_LYSINE_MODIFICATION	go_bp	0	14	149	34	2920	1.000000e+00	1.000000e+00	
GOBP_PEPTIDYL_METHIONINE_MODIFICATION	go_bp	0	5	11	34	2920	1.000000e+00	1.000000e+00	
GOBP_PEPTIDYL_PROLINE_HYDROXYLATION	go_bp	0	3	11	34	2920	1.000000e+00	1.000000e+00	
GOBP_PEPTIDYL_PROLINE_MODIFICATION	go_bp	0	9	37	34	2920	1.000000e+00	1.000000e+00	
GOBP_PEPTIDYL_SERINE_DEPHOSPHORYLATION	go_bp	0	3	14	34	2920	1.000000e+00	1.000000e+00	
GOBP_PEPTIDYL_THREONINE_DEPHOSPHORYLATION	go_bp	0	4	17	34	2920	1.000000e+00	1.000000e+00	
GOBP_PEPTIDYL_THREONINE_MODIFICATION	go_bp	0	19	106	34	2920	1.000000e+00	1.000000e+00	
GOBP_PEPTIDYL_TYROSINE_AUTOPHOSPHORYLATION	go_bp	0	5	16	34	2920	1.000000e+00	1.000000e+00	
GOBP_PEPTIDYL_TYROSINE_DEPHOSPHORYLATION	go_bp	0	8	32	34	2920	1.000000e+00	1.000000e+00	
GOBP_PEPTIDYL_TYROSINE_DEPHOSPHORYLATION_INVOLVED_IN_INACTIVATION_OF_PROTEIN_KINASE_ACTIVITY	go_bp	0	3	8	34	2920	1.000000e+00	1.000000e+00	
GOBP_PERICARDIUM_DEVELOPMENT	go_bp	0	5	19	34	2920	1.000000e+00	1.000000e+00	
GOBP_PERIPHERAL_NERVOUS_SYSTEM_AXON_REGENERATION	go_bp	0	4	10	34	2920	1.000000e+00	1.000000e+00	
GOBP_PERIPHERAL_NERVOUS_SYSTEM_MYELIN_MAINTENANCE	go_bp	0	3	9	34	2920	1.000000e+00	1.000000e+00	
GOBP_PERK_MEDIATED_UNFOLDED_PROTEIN_RESPONSE	go_bp	0	5	20	34	2920	1.000000e+00	1.000000e+00	
GOBP_PEROXISOME_PROLIFERATOR_ACTIVATED_RECEPTOR_SIGNALING_PATHWAY	go_bp	0	4	24	34	2920	1.000000e+00	1.000000e+00	
GOBP_PHAGOCYTOSIS_ENGULFMENT	go_bp	0	22	50	34	2920	1.000000e+00	1.000000e+00	
GOBP_PHAGOCYTOSIS_RECOGNITION	go_bp	0	16	29	34	2920	1.000000e+00	1.000000e+00	
GOBP_PHAGOLYSOSOME_ASSEMBLY	go_bp	0	3	19	34	2920	1.000000e+00	1.000000e+00	
GOBP_PHAGOSOME_MATURATION	go_bp	0	4	30	34	2920	1.000000e+00	1.000000e+00	
GOBP_PHARYNGEAL_ARCH_ARTERY_MORPHOGENESIS	go_bp	0	5	10	34	2920	1.000000e+00	1.000000e+00	
GOBP_PHASIC_SMOOTH_MUSCLE_CONTRACTION	go_bp	0	5	24	34	2920	1.000000e+00	1.000000e+00	
GOBP_PHENOTYPIC_SWITCHING	go_bp	0	3	17	34	2920	1.000000e+00	1.000000e+00	
GOBP_PHOSPHATE_ION_TRANSPORT	go_bp	0	5	27	34	2920	1.000000e+00	1.000000e+00	
GOBP_PHOSPHATIDIC_ACID_METABOLIC_PROCESS	go_bp	0	5	38	34	2920	1.000000e+00	1.000000e+00	
GOBP_PHOSPHATIDYLCHOLINE_ACYL_CHAIN_REMODELING	go_bp	0	4	14	34	2920	1.000000e+00	1.000000e+00	
GOBP_PHOSPHATIDYLCHOLINE_CATABOLIC_PROCESS	go_bp	0	10	16	34	2920	1.000000e+00	1.000000e+00	
GOBP_PHOSPHATIDYLCHOLINE_METABOLIC_PROCESS	go_bp	0	22	76	34	2920	1.000000e+00	1.000000e+00	
GOBP_PHOSPHATIDYLINOSITOL_BIOSYNTHETIC_PROCESS	go_bp	0	11	131	34	2920	1.000000e+00	1.000000e+00	
GOBP_PHOSPHATIDYLINOSITOL_DEPHOSPHORYLATION	go_bp	0	4	30	34	2920	1.000000e+00	1.000000e+00	
GOBP_PHOSPHATIDYLINOSITOL_METABOLIC_PROCESS	go_bp	0	14	164	34	2920	1.000000e+00	1.000000e+00	
GOBP_PHOSPHATIDYLINOSITOL_PHOSPHATE_BIOSYNTHETIC_PROCESS	go_bp	0	5	66	34	2920	1.000000e+00	1.000000e+00	
GOBP_PHOSPHOLIPASE_C_ACTIVATING_G_PROTEIN_COUPLED_ACETYLCHOLINE_RECEPTOR_SIGNALING_PATHWAY	go_bp	0	3	8	34	2920	1.000000e+00	1.000000e+00	
GOBP_PHOSPHOLIPID_CATABOLIC_PROCESS	go_bp	0	20	55	34	2920	1.000000e+00	1.000000e+00	
GOBP_PHOSPHOLIPID_DEPHOSPHORYLATION	go_bp	0	5	44	34	2920	1.000000e+00	1.000000e+00	
GOBP_PHOSPHOLIPID_EFFLUX	go_bp	0	5	14	34	2920	1.000000e+00	1.000000e+00	
GOBP_PHOSPHOLIPID_HOMEOSTASIS	go_bp	0	5	17	34	2920	1.000000e+00	1.000000e+00	
GOBP_PHOSPHOLIPID_TRANSPORT	go_bp	0	21	103	34	2920	1.000000e+00	1.000000e+00	
GOBP_PHOTOPERIODISM	go_bp	0	5	28	34	2920	1.000000e+00	1.000000e+00	
GOBP_PHOTORECEPTOR_CELL_DEVELOPMENT	go_bp	0	8	51	34	2920	1.000000e+00	1.000000e+00	
GOBP_PHOTORECEPTOR_CELL_DIFFERENTIATION	go_bp	0	13	66	34	2920	1.000000e+00	1.000000e+00	
GOBP_PHOTORECEPTOR_CELL_MAINTENANCE	go_bp	0	4	43	34	2920	1.000000e+00	1.000000e+00	
GOBP_PHOTORECEPTOR_CELL_OUTER_SEGMENT_ORGANIZATION	go_bp	0	3	13	34	2920	1.000000e+00	1.000000e+00	
GOBP_PHOTOTRANSDUCTION	go_bp	0	3	47	34	2920	1.000000e+00	1.000000e+00	
GOBP_PHYSIOLOGICAL_CARDIAC_MUSCLE_HYPERTROPHY	go_bp	0	5	31	34	2920	1.000000e+00	1.000000e+00	
GOBP_PIGMENT_BIOSYNTHETIC_PROCESS	go_bp	0	10	58	34	2920	1.000000e+00	1.000000e+00	
GOBP_PIGMENT_CATABOLIC_PROCESS	go_bp	0	4	11	34	2920	1.000000e+00	1.000000e+00	
GOBP_PIGMENT_CELL_DIFFERENTIATION	go_bp	0	9	36	34	2920	1.000000e+00	1.000000e+00	
GOBP_PIGMENT_GRANULE_LOCALIZATION	go_bp	0	4	25	34	2920	1.000000e+00	1.000000e+00	
GOBP_PIGMENT_GRANULE_ORGANIZATION	go_bp	0	9	40	34	2920	1.000000e+00	1.000000e+00	
GOBP_PIGMENT_METABOLIC_PROCESS	go_bp	0	15	81	34	2920	1.000000e+00	1.000000e+00	
GOBP_PINOCYTOSIS	go_bp	0	7	22	34	2920	1.000000e+00	1.000000e+00	
GOBP_PITUITARY_GLAND_DEVELOPMENT	go_bp	0	7	42	34	2920	1.000000e+00	1.000000e+00	
GOBP_PLACENTA_BLOOD_VESSEL_DEVELOPMENT	go_bp	0	9	32	34	2920	1.000000e+00	1.000000e+00	
GOBP_PLASMA_CELL_DIFFERENTIATION	go_bp	0	5	10	34	2920	1.000000e+00	1.000000e+00	
GOBP_PLASMA_MEMBRANE_FUSION	go_bp	0	7	33	34	2920	1.000000e+00	1.000000e+00	
GOBP_PLASMA_MEMBRANE_PHOSPHOLIPID_SCRAMBLING	go_bp	0	3	25	34	2920	1.000000e+00	1.000000e+00	
GOBP_PLASMA_MEMBRANE_TUBULATION	go_bp	0	4	19	34	2920	1.000000e+00	1.000000e+00	
GOBP_PLATELET_ACTIVATING_FACTOR_METABOLIC_PROCESS	go_bp	0	4	8	34	2920	1.000000e+00	1.000000e+00	
GOBP_PLATELET_DENSE_GRANULE_ORGANIZATION	go_bp	0	5	25	34	2920	1.000000e+00	1.000000e+00	
GOBP_PLATELET_DERIVED_GROWTH_FACTOR_RECEPTOR_ALPHA_SIGNALING_PATHWAY	go_bp	0	4	7	34	2920	1.000000e+00	1.000000e+00	
GOBP_PLATELET_DERIVED_GROWTH_FACTOR_RECEPTOR_BETA_SIGNALING_PATHWAY	go_bp	0	9	14	34	2920	1.000000e+00	1.000000e+00	
GOBP_PLATELET_MORPHOGENESIS	go_bp	0	8	27	34	2920	1.000000e+00	1.000000e+00	
GOBP_PODOSOME_ASSEMBLY	go_bp	0	11	22	34	2920	1.000000e+00	1.000000e+00	
GOBP_POINTED_END_ACTIN_FILAMENT_CAPPING	go_bp	0	3	7	34	2920	1.000000e+00	1.000000e+00	
GOBP_POLARIZED_EPITHELIAL_CELL_DIFFERENTIATION	go_bp	0	9	27	34	2920	1.000000e+00	1.000000e+00	
GOBP_POLYAMINE_BIOSYNTHETIC_PROCESS	go_bp	0	3	14	34	2920	1.000000e+00	1.000000e+00	
GOBP_POLYAMINE_METABOLIC_PROCESS	go_bp	0	5	19	34	2920	1.000000e+00	1.000000e+00	
GOBP_POLYKETIDE_METABOLIC_PROCESS	go_bp	0	3	10	34	2920	1.000000e+00	1.000000e+00	
GOBP_POLYOL_BIOSYNTHETIC_PROCESS	go_bp	0	16	60	34	2920	1.000000e+00	1.000000e+00	
GOBP_POLYSACCHARIDE_BIOSYNTHETIC_PROCESS	go_bp	0	14	66	34	2920	1.000000e+00	1.000000e+00	
GOBP_POLYSACCHARIDE_CATABOLIC_PROCESS	go_bp	0	3	29	34	2920	1.000000e+00	1.000000e+00	
GOBP_PONS_DEVELOPMENT	go_bp	0	3	11	34	2920	1.000000e+00	1.000000e+00	
GOBP_PORPHYRIN_CONTAINING_COMPOUND_METABOLIC_PROCESS	go_bp	0	10	54	34	2920	1.000000e+00	1.000000e+00	
GOBP_POSITIVE_REGULATION_BY_HOST_OF_VIRAL_PROCESS	go_bp	0	4	21	34	2920	1.000000e+00	1.000000e+00	
GOBP_POSITIVE_REGULATION_BY_SYMBIONT_OF_ENTRY_INTO_HOST	go_bp	0	8	14	34	2920	1.000000e+00	1.000000e+00	
GOBP_POSITIVE_REGULATION_OF_ACTIN_FILAMENT_POLYMERIZATION	go_bp	0	16	52	34	2920	1.000000e+00	1.000000e+00	
GOBP_POSITIVE_REGULATION_OF_ACTIN_NUCLEATION	go_bp	0	5	14	34	2920	1.000000e+00	1.000000e+00	
GOBP_POSITIVE_REGULATION_OF_ACUTE_INFLAMMATORY_RESPONSE	go_bp	0	13	28	34	2920	1.000000e+00	1.000000e+00	
GOBP_POSITIVE_REGULATION_OF_ACUTE_INFLAMMATORY_RESPONSE_TO_ANTIGENIC_STIMULUS	go_bp	0	4	8	34	2920	1.000000e+00	1.000000e+00	
GOBP_POSITIVE_REGULATION_OF_ADENYLATE_CYCLASE_ACTIVITY	go_bp	0	4	29	34	2920	1.000000e+00	1.000000e+00	
GOBP_POSITIVE_REGULATION_OF_ADIPOSE_TISSUE_DEVELOPMENT	go_bp	0	3	10	34	2920	1.000000e+00	1.000000e+00	
GOBP_POSITIVE_REGULATION_OF_ALCOHOL_BIOSYNTHETIC_PROCESS	go_bp	0	7	26	34	2920	1.000000e+00	1.000000e+00	
GOBP_POSITIVE_REGULATION_OF_ALPHA_BETA_T_CELL_DIFFERENTIATION	go_bp	0	21	56	34	2920	1.000000e+00	1.000000e+00	
GOBP_POSITIVE_REGULATION_OF_AMINO_ACID_TRANSPORT	go_bp	0	5	24	34	2920	1.000000e+00	1.000000e+00	
GOBP_POSITIVE_REGULATION_OF_AMYLOID_BETA_CLEARANCE	go_bp	0	5	8	34	2920	1.000000e+00	1.000000e+00	
GOBP_POSITIVE_REGULATION_OF_AMYLOID_BETA_FORMATION	go_bp	0	9	20	34	2920	1.000000e+00	1.000000e+00	
GOBP_POSITIVE_REGULATION_OF_AMYLOID_FIBRIL_FORMATION	go_bp	0	4	5	34	2920	1.000000e+00	1.000000e+00	
GOBP_POSITIVE_REGULATION_OF_ANIMAL_ORGAN_MORPHOGENESIS	go_bp	0	13	35	34	2920	1.000000e+00	1.000000e+00	
GOBP_POSITIVE_REGULATION_OF_ANTIGEN_PROCESSING_AND_PRESENTATION	go_bp	0	4	9	34	2920	1.000000e+00	1.000000e+00	
GOBP_POSITIVE_REGULATION_OF_ANTIMICROBIAL_HUMORAL_RESPONSE	go_bp	0	4	8	34	2920	1.000000e+00	1.000000e+00	
GOBP_POSITIVE_REGULATION_OF_APOPTOTIC_CELL_CLEARANCE	go_bp	0	5	8	34	2920	1.000000e+00	1.000000e+00	
GOBP_POSITIVE_REGULATION_OF_APOPTOTIC_PROCESS_INVOLVED_IN_DEVELOPMENT	go_bp	0	4	6	34	2920	1.000000e+00	1.000000e+00	
GOBP_POSITIVE_REGULATION_OF_APOPTOTIC_PROCESS_INVOLVED_IN_MORPHOGENESIS	go_bp	0	4	5	34	2920	1.000000e+00	1.000000e+00	
GOBP_POSITIVE_REGULATION_OF_ARP2_3_COMPLEX_MEDIATED_ACTIN_NUCLEATION	go_bp	0	3	8	34	2920	1.000000e+00	1.000000e+00	
GOBP_POSITIVE_REGULATION_OF_ASPARTIC_TYPE_ENDOPEPTIDASE_ACTIVITY_INVOLVED_IN_AMYLOID_PRECURSOR_PROTEIN_CATABOLIC_PROCESS	go_bp	0	4	5	34	2920	1.000000e+00	1.000000e+00	
GOBP_POSITIVE_REGULATION_OF_ATP_BIOSYNTHETIC_PROCESS	go_bp	0	3	10	34	2920	1.000000e+00	1.000000e+00	
GOBP_POSITIVE_REGULATION_OF_ATP_METABOLIC_PROCESS	go_bp	0	7	32	34	2920	1.000000e+00	1.000000e+00	
GOBP_POSITIVE_REGULATION_OF_AUTOPHAGOSOME_ASSEMBLY	go_bp	0	4	20	34	2920	1.000000e+00	1.000000e+00	
GOBP_POSITIVE_REGULATION_OF_AXON_EXTENSION_INVOLVED_IN_AXON_GUIDANCE	go_bp	0	4	7	34	2920	1.000000e+00	1.000000e+00	
GOBP_POSITIVE_REGULATION_OF_BASEMENT_MEMBRANE_ASSEMBLY_INVOLVED_IN_EMBRYONIC_BODY_MORPHOGENESIS	go_bp	0	4	5	34	2920	1.000000e+00	1.000000e+00	
GOBP_POSITIVE_REGULATION_OF_BICELLULAR_TIGHT_JUNCTION_ASSEMBLY	go_bp	0	4	9	34	2920	1.000000e+00	1.000000e+00	
GOBP_POSITIVE_REGULATION_OF_BIOMINERAL_TISSUE_DEVELOPMENT	go_bp	0	13	54	34	2920	1.000000e+00	1.000000e+00	
GOBP_POSITIVE_REGULATION_OF_BLOOD_BRAIN_BARRIER_PERMEABILITY	go_bp	0	3	5	34	2920	1.000000e+00	1.000000e+00	
GOBP_POSITIVE_REGULATION_OF_BLOOD_CIRCULATION	go_bp	0	10	38	34	2920	1.000000e+00	1.000000e+00	
GOBP_POSITIVE_REGULATION_OF_BLOOD_PRESSURE	go_bp	0	4	32	34	2920	1.000000e+00	1.000000e+00	
GOBP_POSITIVE_REGULATION_OF_BLOOD_VESSEL_ENDOTHELIAL_CELL_MIGRATION	go_bp	0	22	79	34	2920	1.000000e+00	1.000000e+00	
GOBP_POSITIVE_REGULATION_OF_BLOOD_VESSEL_ENDOTHELIAL_CELL_PROLIFERATION_INVOLVED_IN_SPROUTING_ANGIOGENESIS	go_bp	0	3	22	34	2920	1.000000e+00	1.000000e+00	
GOBP_POSITIVE_REGULATION_OF_BMP_SIGNALING_PATHWAY	go_bp	0	11	40	34	2920	1.000000e+00	1.000000e+00	
GOBP_POSITIVE_REGULATION_OF_BONE_MINERALIZATION	go_bp	0	11	44	34	2920	1.000000e+00	1.000000e+00	
GOBP_POSITIVE_REGULATION_OF_BONE_RESORPTION	go_bp	0	10	19	34	2920	1.000000e+00	1.000000e+00	
GOBP_POSITIVE_REGULATION_OF_B_CELL_DIFFERENTIATION	go_bp	0	7	17	34	2920	1.000000e+00	1.000000e+00	
GOBP_POSITIVE_REGULATION_OF_B_CELL_MEDIATED_IMMUNITY	go_bp	0	18	43	34	2920	1.000000e+00	1.000000e+00	
GOBP_POSITIVE_REGULATION_OF_B_CELL_PROLIFERATION	go_bp	0	21	45	34	2920	1.000000e+00	1.000000e+00	
GOBP_POSITIVE_REGULATION_OF_CALCINEURIN_MEDIATED_SIGNALING	go_bp	0	4	20	34	2920	1.000000e+00	1.000000e+00	
GOBP_POSITIVE_REGULATION_OF_CALCIUM_ION_IMPORT	go_bp	0	11	25	34	2920	1.000000e+00	1.000000e+00	
GOBP_POSITIVE_REGULATION_OF_CALCIUM_ION_TRANSMEMBRANE_TRANSPORT	go_bp	0	22	82	34	2920	1.000000e+00	1.000000e+00	
GOBP_POSITIVE_REGULATION_OF_CALCIUM_ION_TRANSMEMBRANE_TRANSPORTER_ACTIVITY	go_bp	0	5	30	34	2920	1.000000e+00	1.000000e+00	
GOBP_POSITIVE_REGULATION_OF_CALCIUM_ION_TRANSPORT_INTO_CYTOSOL	go_bp	0	3	13	34	2920	1.000000e+00	1.000000e+00	
GOBP_POSITIVE_REGULATION_OF_CARBOHYDRATE_METABOLIC_PROCESS	go_bp	0	19	79	34	2920	1.000000e+00	1.000000e+00	
GOBP_POSITIVE_REGULATION_OF_CARDIAC_MUSCLE_CELL_DIFFERENTIATION	go_bp	0	3	11	34	2920	1.000000e+00	1.000000e+00	
GOBP_POSITIVE_REGULATION_OF_CARDIAC_MUSCLE_CELL_PROLIFERATION	go_bp	0	9	31	34	2920	1.000000e+00	1.000000e+00	
GOBP_POSITIVE_REGULATION_OF_CARDIOCYTE_DIFFERENTIATION	go_bp	0	4	18	34	2920	1.000000e+00	1.000000e+00	
GOBP_POSITIVE_REGULATION_OF_CARTILAGE_DEVELOPMENT	go_bp	0	11	32	34	2920	1.000000e+00	1.000000e+00	
GOBP_POSITIVE_REGULATION_OF_CATION_CHANNEL_ACTIVITY	go_bp	0	10	48	34	2920	1.000000e+00	1.000000e+00	
GOBP_POSITIVE_REGULATION_OF_CD4_POSITIVE_ALPHA_BETA_T_CELL_ACTIVATION	go_bp	0	22	48	34	2920	1.000000e+00	1.000000e+00	
GOBP_POSITIVE_REGULATION_OF_CD4_POSITIVE_ALPHA_BETA_T_CELL_DIFFERENTIATION	go_bp	0	15	38	34	2920	1.000000e+00	1.000000e+00	
GOBP_POSITIVE_REGULATION_OF_CD4_POSITIVE_ALPHA_BETA_T_CELL_PROLIFERATION	go_bp	0	7	10	34	2920	1.000000e+00	1.000000e+00	
GOBP_POSITIVE_REGULATION_OF_CD8_POSITIVE_ALPHA_BETA_T_CELL_ACTIVATION	go_bp	0	4	8	34	2920	1.000000e+00	1.000000e+00	
GOBP_POSITIVE_REGULATION_OF_CELLULAR_RESPONSE_TO_INSULIN_STIMULUS	go_bp	0	9	26	34	2920	1.000000e+00	1.000000e+00	
GOBP_POSITIVE_REGULATION_OF_CELLULAR_SENESCENCE	go_bp	0	5	19	34	2920	1.000000e+00	1.000000e+00	
GOBP_POSITIVE_REGULATION_OF_CELL_ACTIVATION	go_bp	0	152	385	34	2920	1.000000e+00	1.000000e+00	
GOBP_POSITIVE_REGULATION_OF_CELL_CELL_ADHESION_MEDIATED_BY_INTEGRIN	go_bp	0	5	6	34	2920	1.000000e+00	1.000000e+00	
GOBP_POSITIVE_REGULATION_OF_CELL_CYCLE_CHECKPOINT	go_bp	0	3	19	34	2920	1.000000e+00	1.000000e+00	
GOBP_POSITIVE_REGULATION_OF_CELL_CYCLE_G1_S_PHASE_TRANSITION	go_bp	0	14	70	34	2920	1.000000e+00	1.000000e+00	
GOBP_POSITIVE_REGULATION_OF_CELL_CYCLE_G2_M_PHASE_TRANSITION	go_bp	0	7	31	34	2920	1.000000e+00	1.000000e+00	
GOBP_POSITIVE_REGULATION_OF_CELL_DEVELOPMENT	go_bp	0	157	460	34	2920	1.000000e+00	1.000000e+00	
GOBP_POSITIVE_REGULATION_OF_CELL_FATE_COMMITMENT	go_bp	0	5	17	34	2920	1.000000e+00	1.000000e+00	
GOBP_POSITIVE_REGULATION_OF_CELL_MATURATION	go_bp	0	4	9	34	2920	1.000000e+00	1.000000e+00	
GOBP_POSITIVE_REGULATION_OF_CELL_MIGRATION_INVOLVED_IN_SPROUTING_ANGIOGENESIS	go_bp	0	11	36	34	2920	1.000000e+00	1.000000e+00	
GOBP_POSITIVE_REGULATION_OF_CELL_MORPHOGENESIS	go_bp	0	4	37	34	2920	1.000000e+00	1.000000e+00	
GOBP_POSITIVE_REGULATION_OF_CELL_SIZE	go_bp	0	3	11	34	2920	1.000000e+00	1.000000e+00	
GOBP_POSITIVE_REGULATION_OF_CEREBELLAR_GRANULE_CELL_PRECURSOR_PROLIFERATION	go_bp	0	3	6	34	2920	1.000000e+00	1.000000e+00	
GOBP_POSITIVE_REGULATION_OF_CHEMOKINE_C_X_C_MOTIF_LIGAND_1_PRODUCTION	go_bp	0	3	5	34	2920	1.000000e+00	1.000000e+00	
GOBP_POSITIVE_REGULATION_OF_CHEMOKINE_C_X_C_MOTIF_LIGAND_2_PRODUCTION	go_bp	0	7	11	34	2920	1.000000e+00	1.000000e+00	
GOBP_POSITIVE_REGULATION_OF_CHOLESTEROL_EFFLUX	go_bp	0	9	27	34	2920	1.000000e+00	1.000000e+00	
GOBP_POSITIVE_REGULATION_OF_CHOLESTEROL_METABOLIC_PROCESS	go_bp	0	4	15	34	2920	1.000000e+00	1.000000e+00	
GOBP_POSITIVE_REGULATION_OF_CHOLESTEROL_STORAGE	go_bp	0	5	8	34	2920	1.000000e+00	1.000000e+00	
GOBP_POSITIVE_REGULATION_OF_CHONDROCYTE_DIFFERENTIATION	go_bp	0	5	20	34	2920	1.000000e+00	1.000000e+00	
GOBP_POSITIVE_REGULATION_OF_CHONDROCYTE_PROLIFERATION	go_bp	0	3	8	34	2920	1.000000e+00	1.000000e+00	
GOBP_POSITIVE_REGULATION_OF_CHROMOSOME_ORGANIZATION	go_bp	0	13	109	34	2920	1.000000e+00	1.000000e+00	
GOBP_POSITIVE_REGULATION_OF_CHROMOSOME_SEGREGATION	go_bp	0	4	27	34	2920	1.000000e+00	1.000000e+00	
GOBP_POSITIVE_REGULATION_OF_CHROMOSOME_SEPARATION	go_bp	0	3	29	34	2920	1.000000e+00	1.000000e+00	
GOBP_POSITIVE_REGULATION_OF_CIRCADIAN_RHYTHM	go_bp	0	5	18	34	2920	1.000000e+00	1.000000e+00	
GOBP_POSITIVE_REGULATION_OF_COLLAGEN_METABOLIC_PROCESS	go_bp	0	10	27	34	2920	1.000000e+00	1.000000e+00	
GOBP_POSITIVE_REGULATION_OF_COLLATERAL_SPROUTING	go_bp	0	3	9	34	2920	1.000000e+00	1.000000e+00	
GOBP_POSITIVE_REGULATION_OF_COMPLEMENT_ACTIVATION	go_bp	0	4	7	34	2920	1.000000e+00	1.000000e+00	
GOBP_POSITIVE_REGULATION_OF_CYCLASE_ACTIVITY	go_bp	0	7	37	34	2920	1.000000e+00	1.000000e+00	
GOBP_POSITIVE_REGULATION_OF_CYCLIN_DEPENDENT_PROTEIN_KINASE_ACTIVITY	go_bp	0	5	15	34	2920	1.000000e+00	1.000000e+00	
GOBP_POSITIVE_REGULATION_OF_CYSTEINE_TYPE_ENDOPEPTIDASE_ACTIVITY_INVOLVED_IN_APOPTOTIC_SIGNALING_PATHWAY	go_bp	0	3	6	34	2920	1.000000e+00	1.000000e+00	
GOBP_POSITIVE_REGULATION_OF_CYTOKINESIS	go_bp	0	5	51	34	2920	1.000000e+00	1.000000e+00	
GOBP_POSITIVE_REGULATION_OF_CYTOKINE_PRODUCTION	go_bp	0	201	504	34	2920	1.000000e+00	1.000000e+00	
GOBP_POSITIVE_REGULATION_OF_DEFENSE_RESPONSE_TO_BACTERIUM	go_bp	0	4	14	34	2920	1.000000e+00	1.000000e+00	
GOBP_POSITIVE_REGULATION_OF_DENDRITE_DEVELOPMENT	go_bp	0	4	16	34	2920	1.000000e+00	1.000000e+00	
GOBP_POSITIVE_REGULATION_OF_DENDRITIC_CELL_ANTIGEN_PROCESSING_AND_PRESENTATION	go_bp	0	3	7	34	2920	1.000000e+00	1.000000e+00	
GOBP_POSITIVE_REGULATION_OF_DENDRITIC_CELL_CYTOKINE_PRODUCTION	go_bp	0	4	12	34	2920	1.000000e+00	1.000000e+00	
GOBP_POSITIVE_REGULATION_OF_DENDRITIC_CELL_DIFFERENTIATION	go_bp	0	4	6	34	2920	1.000000e+00	1.000000e+00	
GOBP_POSITIVE_REGULATION_OF_DENDRITIC_SPINE_DEVELOPMENT	go_bp	0	8	42	34	2920	1.000000e+00	1.000000e+00	
GOBP_POSITIVE_REGULATION_OF_DEPHOSPHORYLATION	go_bp	0	13	52	34	2920	1.000000e+00	1.000000e+00	
GOBP_POSITIVE_REGULATION_OF_DEVELOPMENTAL_PIGMENTATION	go_bp	0	3	9	34	2920	1.000000e+00	1.000000e+00	
GOBP_POSITIVE_REGULATION_OF_DNA_RECOMBINATION	go_bp	0	19	77	34	2920	1.000000e+00	1.000000e+00	
GOBP_POSITIVE_REGULATION_OF_DNA_REPAIR	go_bp	0	22	135	34	2920	1.000000e+00	1.000000e+00	
GOBP_POSITIVE_REGULATION_OF_DNA_REPLICATION	go_bp	0	8	43	34	2920	1.000000e+00	1.000000e+00	
GOBP_POSITIVE_REGULATION_OF_DNA_TEMPLATED_TRANSCRIPTION_ELONGATION	go_bp	0	4	58	34	2920	1.000000e+00	1.000000e+00	
GOBP_POSITIVE_REGULATION_OF_DNA_TEMPLATED_TRANSCRIPTION_INITIATION	go_bp	0	7	69	34	2920	1.000000e+00	1.000000e+00	
GOBP_POSITIVE_REGULATION_OF_DOUBLE_STRAND_BREAK_REPAIR	go_bp	0	16	92	34	2920	1.000000e+00	1.000000e+00	
GOBP_POSITIVE_REGULATION_OF_DOUBLE_STRAND_BREAK_REPAIR_VIA_HOMOLOGOUS_RECOMBINATION	go_bp	0	9	43	34	2920	1.000000e+00	1.000000e+00	
GOBP_POSITIVE_REGULATION_OF_EMBRYONIC_DEVELOPMENT	go_bp	0	4	23	34	2920	1.000000e+00	1.000000e+00	
GOBP_POSITIVE_REGULATION_OF_ENDOPLASMIC_RETICULUM_STRESS_INDUCED_INTRINSIC_APOPTOTIC_SIGNALING_PATHWAY	go_bp	0	3	9	34	2920	1.000000e+00	1.000000e+00	
GOBP_POSITIVE_REGULATION_OF_ENDOPLASMIC_RETICULUM_UNFOLDED_PROTEIN_RESPONSE	go_bp	0	5	13	34	2920	1.000000e+00	1.000000e+00	
GOBP_POSITIVE_REGULATION_OF_ENDOTHELIAL_CELL_APOPTOTIC_PROCESS	go_bp	0	10	25	34	2920	1.000000e+00	1.000000e+00	
GOBP_POSITIVE_REGULATION_OF_ENDOTHELIAL_CELL_CHEMOTAXIS	go_bp	0	9	15	34	2920	1.000000e+00	1.000000e+00	
GOBP_POSITIVE_REGULATION_OF_ENDOTHELIAL_CELL_DEVELOPMENT	go_bp	0	4	6	34	2920	1.000000e+00	1.000000e+00	
GOBP_POSITIVE_REGULATION_OF_ENDOTHELIAL_CELL_DIFFERENTIATION	go_bp	0	5	19	34	2920	1.000000e+00	1.000000e+00	
GOBP_POSITIVE_REGULATION_OF_ENDOTHELIAL_CELL_MATRIX_ADHESION_VIA_FIBRONECTIN	go_bp	0	3	5	34	2920	1.000000e+00	1.000000e+00	
GOBP_POSITIVE_REGULATION_OF_EPIDERMIS_DEVELOPMENT	go_bp	0	5	32	34	2920	1.000000e+00	1.000000e+00	
GOBP_POSITIVE_REGULATION_OF_EPITHELIAL_CELL_APOPTOTIC_PROCESS	go_bp	0	18	44	34	2920	1.000000e+00	1.000000e+00	
GOBP_POSITIVE_REGULATION_OF_EPITHELIAL_CELL_DIFFERENTIATION	go_bp	0	14	73	34	2920	1.000000e+00	1.000000e+00	
GOBP_POSITIVE_REGULATION_OF_EPITHELIAL_CELL_PROLIFERATION_INVOLVED_IN_WOUND_HEALING	go_bp	0	5	10	34	2920	1.000000e+00	1.000000e+00	
GOBP_POSITIVE_REGULATION_OF_EPITHELIAL_TUBE_FORMATION	go_bp	0	4	8	34	2920	1.000000e+00	1.000000e+00	
GOBP_POSITIVE_REGULATION_OF_ERBB_SIGNALING_PATHWAY	go_bp	0	11	31	34	2920	1.000000e+00	1.000000e+00	
GOBP_POSITIVE_REGULATION_OF_ERYTHROCYTE_DIFFERENTIATION	go_bp	0	8	34	34	2920	1.000000e+00	1.000000e+00	
GOBP_POSITIVE_REGULATION_OF_ESTABLISHMENT_OF_PROTEIN_LOCALIZATION	go_bp	0	86	326	34	2920	1.000000e+00	1.000000e+00	
GOBP_POSITIVE_REGULATION_OF_ESTABLISHMENT_OF_PROTEIN_LOCALIZATION_TO_MITOCHONDRION	go_bp	0	4	34	34	2920	1.000000e+00	1.000000e+00	
GOBP_POSITIVE_REGULATION_OF_EXCITATORY_POSTSYNAPTIC_POTENTIAL	go_bp	0	7	32	34	2920	1.000000e+00	1.000000e+00	
GOBP_POSITIVE_REGULATION_OF_EXOSOMAL_SECRETION	go_bp	0	7	15	34	2920	1.000000e+00	1.000000e+00	
GOBP_POSITIVE_REGULATION_OF_EXTRACELLULAR_MATRIX_DISASSEMBLY	go_bp	0	3	8	34	2920	1.000000e+00	1.000000e+00	
GOBP_POSITIVE_REGULATION_OF_EXTRINSIC_APOPTOTIC_SIGNALING_PATHWAY	go_bp	0	19	51	34	2920	1.000000e+00	1.000000e+00	
GOBP_POSITIVE_REGULATION_OF_EXTRINSIC_APOPTOTIC_SIGNALING_PATHWAY_IN_ABSENCE_OF_LIGAND	go_bp	0	4	11	34	2920	1.000000e+00	1.000000e+00	
GOBP_POSITIVE_REGULATION_OF_FATTY_ACID_BIOSYNTHETIC_PROCESS	go_bp	0	4	23	34	2920	1.000000e+00	1.000000e+00	
GOBP_POSITIVE_REGULATION_OF_FATTY_ACID_METABOLIC_PROCESS	go_bp	0	8	40	34	2920	1.000000e+00	1.000000e+00	
GOBP_POSITIVE_REGULATION_OF_FATTY_ACID_OXIDATION	go_bp	0	3	15	34	2920	1.000000e+00	1.000000e+00	
GOBP_POSITIVE_REGULATION_OF_FC_RECEPTOR_MEDIATED_STIMULATORY_SIGNALING_PATHWAY	go_bp	0	4	5	34	2920	1.000000e+00	1.000000e+00	
GOBP_POSITIVE_REGULATION_OF_FEEDING_BEHAVIOR	go_bp	0	3	10	34	2920	1.000000e+00	1.000000e+00	
GOBP_POSITIVE_REGULATION_OF_FEVER_GENERATION	go_bp	0	4	7	34	2920	1.000000e+00	1.000000e+00	
GOBP_POSITIVE_REGULATION_OF_FIBROBLAST_APOPTOTIC_PROCESS	go_bp	0	3	10	34	2920	1.000000e+00	1.000000e+00	
GOBP_POSITIVE_REGULATION_OF_FIBROBLAST_MIGRATION	go_bp	0	5	15	34	2920	1.000000e+00	1.000000e+00	
GOBP_POSITIVE_REGULATION_OF_GAMMA_DELTA_T_CELL_ACTIVATION	go_bp	0	3	9	34	2920	1.000000e+00	1.000000e+00	
GOBP_POSITIVE_REGULATION_OF_GENE_EXPRESSION_EPIGENETIC	go_bp	0	8	54	34	2920	1.000000e+00	1.000000e+00	
GOBP_POSITIVE_REGULATION_OF_GLIAL_CELL_MIGRATION	go_bp	0	5	13	34	2920	1.000000e+00	1.000000e+00	
GOBP_POSITIVE_REGULATION_OF_GLIAL_CELL_PROLIFERATION	go_bp	0	9	24	34	2920	1.000000e+00	1.000000e+00	
GOBP_POSITIVE_REGULATION_OF_GLUCONEOGENESIS	go_bp	0	4	20	34	2920	1.000000e+00	1.000000e+00	
GOBP_POSITIVE_REGULATION_OF_GLUCOSE_IMPORT	go_bp	0	8	37	34	2920	1.000000e+00	1.000000e+00	
GOBP_POSITIVE_REGULATION_OF_GLUCOSE_METABOLIC_PROCESS	go_bp	0	9	45	34	2920	1.000000e+00	1.000000e+00	
GOBP_POSITIVE_REGULATION_OF_GLUCOSE_TRANSMEMBRANE_TRANSPORT	go_bp	0	11	44	34	2920	1.000000e+00	1.000000e+00	
GOBP_POSITIVE_REGULATION_OF_GLYCOGEN_BIOSYNTHETIC_PROCESS	go_bp	0	4	15	34	2920	1.000000e+00	1.000000e+00	
GOBP_POSITIVE_REGULATION_OF_GLYCOGEN_METABOLIC_PROCESS	go_bp	0	4	18	34	2920	1.000000e+00	1.000000e+00	
GOBP_POSITIVE_REGULATION_OF_GLYCOPROTEIN_METABOLIC_PROCESS	go_bp	0	8	25	34	2920	1.000000e+00	1.000000e+00	
GOBP_POSITIVE_REGULATION_OF_GRANULOCYTE_DIFFERENTIATION	go_bp	0	3	9	34	2920	1.000000e+00	1.000000e+00	
GOBP_POSITIVE_REGULATION_OF_GRANULOCYTE_MACROPHAGE_COLONY_STIMULATING_FACTOR_PRODUCTION	go_bp	0	7	15	34	2920	1.000000e+00	1.000000e+00	
GOBP_POSITIVE_REGULATION_OF_GUANYLATE_CYCLASE_ACTIVITY	go_bp	0	3	5	34	2920	1.000000e+00	1.000000e+00	
GOBP_POSITIVE_REGULATION_OF_HEART_GROWTH	go_bp	0	10	41	34	2920	1.000000e+00	1.000000e+00	
GOBP_POSITIVE_REGULATION_OF_HEAT_GENERATION	go_bp	0	4	10	34	2920	1.000000e+00	1.000000e+00	
GOBP_POSITIVE_REGULATION_OF_HEPATOCYTE_PROLIFERATION	go_bp	0	3	10	34	2920	1.000000e+00	1.000000e+00	
GOBP_POSITIVE_REGULATION_OF_HETEROTYPIC_CELL_CELL_ADHESION	go_bp	0	7	14	34	2920	1.000000e+00	1.000000e+00	
GOBP_POSITIVE_REGULATION_OF_HOMOTYPIC_CELL_CELL_ADHESION	go_bp	0	7	17	34	2920	1.000000e+00	1.000000e+00	
GOBP_POSITIVE_REGULATION_OF_HORMONE_METABOLIC_PROCESS	go_bp	0	7	15	34	2920	1.000000e+00	1.000000e+00	
GOBP_POSITIVE_REGULATION_OF_HUMORAL_IMMUNE_RESPONSE	go_bp	0	15	24	34	2920	1.000000e+00	1.000000e+00	
GOBP_POSITIVE_REGULATION_OF_HUMORAL_IMMUNE_RESPONSE_MEDIATED_BY_CIRCULATING_IMMUNOGLOBULIN	go_bp	0	5	7	34	2920	1.000000e+00	1.000000e+00	
GOBP_POSITIVE_REGULATION_OF_HYDROLASE_ACTIVITY	go_bp	0	150	456	34	2920	1.000000e+00	1.000000e+00	
GOBP_POSITIVE_REGULATION_OF_HYPERSENSITIVITY	go_bp	0	3	6	34	2920	1.000000e+00	1.000000e+00	
GOBP_POSITIVE_REGULATION_OF_IMMATURE_T_CELL_PROLIFERATION	go_bp	0	3	6	34	2920	1.000000e+00	1.000000e+00	
GOBP_POSITIVE_REGULATION_OF_IMMUNOGLOBULIN_PRODUCTION	go_bp	0	22	55	34	2920	1.000000e+00	1.000000e+00	
GOBP_POSITIVE_REGULATION_OF_INFLAMMASOME_MEDIATED_SIGNALING_PATHWAY	go_bp	0	5	22	34	2920	1.000000e+00	1.000000e+00	
GOBP_POSITIVE_REGULATION_OF_INFLAMMATORY_RESPONSE_TO_ANTIGENIC_STIMULUS	go_bp	0	7	13	34	2920	1.000000e+00	1.000000e+00	
GOBP_POSITIVE_REGULATION_OF_INSULIN_LIKE_GROWTH_FACTOR_RECEPTOR_SIGNALING_PATHWAY	go_bp	0	5	13	34	2920	1.000000e+00	1.000000e+00	
GOBP_POSITIVE_REGULATION_OF_INSULIN_SECRETION	go_bp	0	20	86	34	2920	1.000000e+00	1.000000e+00	
GOBP_POSITIVE_REGULATION_OF_INSULIN_SECRETION_INVOLVED_IN_CELLULAR_RESPONSE_TO_GLUCOSE_STIMULUS	go_bp	0	8	32	34	2920	1.000000e+00	1.000000e+00	
GOBP_POSITIVE_REGULATION_OF_INTEGRIN_ACTIVATION	go_bp	0	4	11	34	2920	1.000000e+00	1.000000e+00	
GOBP_POSITIVE_REGULATION_OF_INTEGRIN_MEDIATED_SIGNALING_PATHWAY	go_bp	0	4	12	34	2920	1.000000e+00	1.000000e+00	
GOBP_POSITIVE_REGULATION_OF_INTERFERON_ALPHA_PRODUCTION	go_bp	0	4	24	34	2920	1.000000e+00	1.000000e+00	
GOBP_POSITIVE_REGULATION_OF_INTERFERON_BETA_PRODUCTION	go_bp	0	4	40	34	2920	1.000000e+00	1.000000e+00	
GOBP_POSITIVE_REGULATION_OF_INTERLEUKIN_10_PRODUCTION	go_bp	0	21	42	34	2920	1.000000e+00	1.000000e+00	
GOBP_POSITIVE_REGULATION_OF_INTERLEUKIN_12_PRODUCTION	go_bp	0	19	43	34	2920	1.000000e+00	1.000000e+00	
GOBP_POSITIVE_REGULATION_OF_INTERLEUKIN_13_PRODUCTION	go_bp	0	9	14	34	2920	1.000000e+00	1.000000e+00	
GOBP_POSITIVE_REGULATION_OF_INTERLEUKIN_17_PRODUCTION	go_bp	0	10	28	34	2920	1.000000e+00	1.000000e+00	
GOBP_POSITIVE_REGULATION_OF_INTERLEUKIN_18_PRODUCTION	go_bp	0	3	8	34	2920	1.000000e+00	1.000000e+00	
GOBP_POSITIVE_REGULATION_OF_INTERLEUKIN_23_PRODUCTION	go_bp	0	5	7	34	2920	1.000000e+00	1.000000e+00	
GOBP_POSITIVE_REGULATION_OF_INTERLEUKIN_2_PRODUCTION	go_bp	0	19	34	34	2920	1.000000e+00	1.000000e+00	
GOBP_POSITIVE_REGULATION_OF_INTERLEUKIN_4_PRODUCTION	go_bp	0	15	27	34	2920	1.000000e+00	1.000000e+00	
GOBP_POSITIVE_REGULATION_OF_INTERLEUKIN_5_PRODUCTION	go_bp	0	8	11	34	2920	1.000000e+00	1.000000e+00	
GOBP_POSITIVE_REGULATION_OF_INTRACELLULAR_LIPID_TRANSPORT	go_bp	0	3	5	34	2920	1.000000e+00	1.000000e+00	
GOBP_POSITIVE_REGULATION_OF_INTRINSIC_APOPTOTIC_SIGNALING_PATHWAY	go_bp	0	15	64	34	2920	1.000000e+00	1.000000e+00	
GOBP_POSITIVE_REGULATION_OF_IRE1_MEDIATED_UNFOLDED_PROTEIN_RESPONSE	go_bp	0	4	7	34	2920	1.000000e+00	1.000000e+00	
GOBP_POSITIVE_REGULATION_OF_ISOTYPE_SWITCHING	go_bp	0	9	29	34	2920	1.000000e+00	1.000000e+00	
GOBP_POSITIVE_REGULATION_OF_ISOTYPE_SWITCHING_TO_IGG_ISOTYPES	go_bp	0	5	11	34	2920	1.000000e+00	1.000000e+00	
GOBP_POSITIVE_REGULATION_OF_JUN_KINASE_ACTIVITY	go_bp	0	9	28	34	2920	1.000000e+00	1.000000e+00	
GOBP_POSITIVE_REGULATION_OF_KERATINOCYTE_PROLIFERATION	go_bp	0	9	16	34	2920	1.000000e+00	1.000000e+00	
GOBP_POSITIVE_REGULATION_OF_LAMELLIPODIUM_ASSEMBLY	go_bp	0	5	28	34	2920	1.000000e+00	1.000000e+00	
GOBP_POSITIVE_REGULATION_OF_LAMELLIPODIUM_ORGANIZATION	go_bp	0	7	36	34	2920	1.000000e+00	1.000000e+00	
GOBP_POSITIVE_REGULATION_OF_LEUKOCYTE_ADHESION_TO_VASCULAR_ENDOTHELIAL_CELL	go_bp	0	10	26	34	2920	1.000000e+00	1.000000e+00	
GOBP_POSITIVE_REGULATION_OF_LEUKOCYTE_APOPTOTIC_PROCESS	go_bp	0	14	28	34	2920	1.000000e+00	1.000000e+00	
GOBP_POSITIVE_REGULATION_OF_LEUKOCYTE_DEGRANULATION	go_bp	0	10	24	34	2920	1.000000e+00	1.000000e+00	
GOBP_POSITIVE_REGULATION_OF_LEUKOCYTE_PROLIFERATION	go_bp	0	85	165	34	2920	1.000000e+00	1.000000e+00	
GOBP_POSITIVE_REGULATION_OF_LEUKOCYTE_TETHERING_OR_ROLLING	go_bp	0	4	13	34	2920	1.000000e+00	1.000000e+00	
GOBP_POSITIVE_REGULATION_OF_LIPASE_ACTIVITY	go_bp	0	21	51	34	2920	1.000000e+00	1.000000e+00	
GOBP_POSITIVE_REGULATION_OF_LIPID_STORAGE	go_bp	0	9	27	34	2920	1.000000e+00	1.000000e+00	
GOBP_POSITIVE_REGULATION_OF_LIPOPOLYSACCHARIDE_MEDIATED_SIGNALING_PATHWAY	go_bp	0	4	10	34	2920	1.000000e+00	1.000000e+00	
GOBP_POSITIVE_REGULATION_OF_LIPOPROTEIN_PARTICLE_CLEARANCE	go_bp	0	4	11	34	2920	1.000000e+00	1.000000e+00	
GOBP_POSITIVE_REGULATION_OF_LONG_TERM_NEURONAL_SYNAPTIC_PLASTICITY	go_bp	0	3	9	34	2920	1.000000e+00	1.000000e+00	
GOBP_POSITIVE_REGULATION_OF_LONG_TERM_SYNAPTIC_POTENTIATION	go_bp	0	4	22	34	2920	1.000000e+00	1.000000e+00	
GOBP_POSITIVE_REGULATION_OF_LOW_DENSITY_LIPOPROTEIN_RECEPTOR_ACTIVITY	go_bp	0	4	5	34	2920	1.000000e+00	1.000000e+00	
GOBP_POSITIVE_REGULATION_OF_LYASE_ACTIVITY	go_bp	0	9	38	34	2920	1.000000e+00	1.000000e+00	
GOBP_POSITIVE_REGULATION_OF_LYMPHOCYTE_APOPTOTIC_PROCESS	go_bp	0	10	17	34	2920	1.000000e+00	1.000000e+00	
GOBP_POSITIVE_REGULATION_OF_LYMPHOCYTE_CHEMOTAXIS	go_bp	0	9	19	34	2920	1.000000e+00	1.000000e+00	
GOBP_POSITIVE_REGULATION_OF_LYMPHOCYTE_MIGRATION	go_bp	0	21	42	34	2920	1.000000e+00	1.000000e+00	
GOBP_POSITIVE_REGULATION_OF_LYSOSOMAL_PROTEIN_CATABOLIC_PROCESS	go_bp	0	3	5	34	2920	1.000000e+00	1.000000e+00	
GOBP_POSITIVE_REGULATION_OF_MACROAUTOPHAGY	go_bp	0	20	88	34	2920	1.000000e+00	1.000000e+00	
GOBP_POSITIVE_REGULATION_OF_MACROPHAGE_ACTIVATION	go_bp	0	14	30	34	2920	1.000000e+00	1.000000e+00	
GOBP_POSITIVE_REGULATION_OF_MACROPHAGE_CHEMOTAXIS	go_bp	0	9	19	34	2920	1.000000e+00	1.000000e+00	
GOBP_POSITIVE_REGULATION_OF_MACROPHAGE_CYTOKINE_PRODUCTION	go_bp	0	9	24	34	2920	1.000000e+00	1.000000e+00	
GOBP_POSITIVE_REGULATION_OF_MACROPHAGE_DERIVED_FOAM_CELL_DIFFERENTIATION	go_bp	0	13	19	34	2920	1.000000e+00	1.000000e+00	
GOBP_POSITIVE_REGULATION_OF_MACROPHAGE_DIFFERENTIATION	go_bp	0	8	16	34	2920	1.000000e+00	1.000000e+00	
GOBP_POSITIVE_REGULATION_OF_MAPKKK_CASCADE_BY_FIBROBLAST_GROWTH_FACTOR_RECEPTOR_SIGNALING_PATHWAY	go_bp	0	3	5	34	2920	1.000000e+00	1.000000e+00	
GOBP_POSITIVE_REGULATION_OF_MAST_CELL_ACTIVATION	go_bp	0	4	7	34	2920	1.000000e+00	1.000000e+00	
GOBP_POSITIVE_REGULATION_OF_MAST_CELL_DEGRANULATION	go_bp	0	5	14	34	2920	1.000000e+00	1.000000e+00	
GOBP_POSITIVE_REGULATION_OF_MEGAKARYOCYTE_DIFFERENTIATION	go_bp	0	4	11	34	2920	1.000000e+00	1.000000e+00	
GOBP_POSITIVE_REGULATION_OF_MEIOTIC_CELL_CYCLE	go_bp	0	5	28	34	2920	1.000000e+00	1.000000e+00	
GOBP_POSITIVE_REGULATION_OF_MEIOTIC_NUCLEAR_DIVISION	go_bp	0	3	18	34	2920	1.000000e+00	1.000000e+00	
GOBP_POSITIVE_REGULATION_OF_MEMBRANE_PERMEABILITY	go_bp	0	13	47	34	2920	1.000000e+00	1.000000e+00	
GOBP_POSITIVE_REGULATION_OF_MEMBRANE_PROTEIN_ECTODOMAIN_PROTEOLYSIS	go_bp	0	11	16	34	2920	1.000000e+00	1.000000e+00	
GOBP_POSITIVE_REGULATION_OF_MEMORY_T_CELL_DIFFERENTIATION	go_bp	0	4	9	34	2920	1.000000e+00	1.000000e+00	
GOBP_POSITIVE_REGULATION_OF_MESENCHYMAL_CELL_PROLIFERATION	go_bp	0	8	26	34	2920	1.000000e+00	1.000000e+00	
GOBP_POSITIVE_REGULATION_OF_METAPHASE_ANAPHASE_TRANSITION_OF_CELL_CYCLE	go_bp	0	3	15	34	2920	1.000000e+00	1.000000e+00	
GOBP_POSITIVE_REGULATION_OF_MHC_CLASS_II_BIOSYNTHETIC_PROCESS	go_bp	0	8	14	34	2920	1.000000e+00	1.000000e+00	
GOBP_POSITIVE_REGULATION_OF_MICROGLIAL_CELL_ACTIVATION	go_bp	0	4	10	34	2920	1.000000e+00	1.000000e+00	
GOBP_POSITIVE_REGULATION_OF_MICROTUBULE_NUCLEATION	go_bp	0	3	8	34	2920	1.000000e+00	1.000000e+00	
GOBP_POSITIVE_REGULATION_OF_MICROTUBULE_POLYMERIZATION_OR_DEPOLYMERIZATION	go_bp	0	9	36	34	2920	1.000000e+00	1.000000e+00	
GOBP_POSITIVE_REGULATION_OF_MIRNA_TRANSCRIPTION	go_bp	0	21	56	34	2920	1.000000e+00	1.000000e+00	
GOBP_POSITIVE_REGULATION_OF_MITOCHONDRIAL_FISSION	go_bp	0	4	21	34	2920	1.000000e+00	1.000000e+00	
GOBP_POSITIVE_REGULATION_OF_MITOCHONDRIAL_OUTER_MEMBRANE_PERMEABILIZATION_INVOLVED_IN_APOPTOTIC_SIGNALING_PATHWAY	go_bp	0	3	8	34	2920	1.000000e+00	1.000000e+00	
GOBP_POSITIVE_REGULATION_OF_MITOTIC_CYTOKINESIS	go_bp	0	3	13	34	2920	1.000000e+00	1.000000e+00	
GOBP_POSITIVE_REGULATION_OF_MITOTIC_NUCLEAR_DIVISION	go_bp	0	18	44	34	2920	1.000000e+00	1.000000e+00	
GOBP_POSITIVE_REGULATION_OF_MITOTIC_SISTER_CHROMATID_SEPARATION	go_bp	0	3	18	34	2920	1.000000e+00	1.000000e+00	
GOBP_POSITIVE_REGULATION_OF_MOLECULAR_FUNCTION	go_bp	0	346	1165	34	2920	1.000000e+00	1.000000e+00	
GOBP_POSITIVE_REGULATION_OF_MONOCYTE_CHEMOTAXIS	go_bp	0	10	20	34	2920	1.000000e+00	1.000000e+00	
GOBP_POSITIVE_REGULATION_OF_MONOCYTE_DIFFERENTIATION	go_bp	0	5	10	34	2920	1.000000e+00	1.000000e+00	
GOBP_POSITIVE_REGULATION_OF_MONOOXYGENASE_ACTIVITY	go_bp	0	10	25	34	2920	1.000000e+00	1.000000e+00	
GOBP_POSITIVE_REGULATION_OF_MORPHOGENESIS_OF_AN_EPITHELIUM	go_bp	0	14	37	34	2920	1.000000e+00	1.000000e+00	
GOBP_POSITIVE_REGULATION_OF_MRNA_METABOLIC_PROCESS	go_bp	0	13	240	34	2920	1.000000e+00	1.000000e+00	
GOBP_POSITIVE_REGULATION_OF_MRNA_PROCESSING	go_bp	0	7	39	34	2920	1.000000e+00	1.000000e+00	
GOBP_POSITIVE_REGULATION_OF_MULTICELLULAR_ORGANISM_GROWTH	go_bp	0	9	31	34	2920	1.000000e+00	1.000000e+00	
GOBP_POSITIVE_REGULATION_OF_MUSCLE_CELL_APOPTOTIC_PROCESS	go_bp	0	9	36	34	2920	1.000000e+00	1.000000e+00	
GOBP_POSITIVE_REGULATION_OF_MUSCLE_CELL_DIFFERENTIATION	go_bp	0	16	85	34	2920	1.000000e+00	1.000000e+00	
GOBP_POSITIVE_REGULATION_OF_MUSCLE_HYPERTROPHY	go_bp	0	9	37	34	2920	1.000000e+00	1.000000e+00	
GOBP_POSITIVE_REGULATION_OF_MUSCLE_TISSUE_DEVELOPMENT	go_bp	0	5	24	34	2920	1.000000e+00	1.000000e+00	
GOBP_POSITIVE_REGULATION_OF_MYELINATION	go_bp	0	7	18	34	2920	1.000000e+00	1.000000e+00	
GOBP_POSITIVE_REGULATION_OF_MYELOID_CELL_APOPTOTIC_PROCESS	go_bp	0	3	9	34	2920	1.000000e+00	1.000000e+00	
GOBP_POSITIVE_REGULATION_OF_MYELOID_LEUKOCYTE_CYTOKINE_PRODUCTION_INVOLVED_IN_IMMUNE_RESPONSE	go_bp	0	13	35	34	2920	1.000000e+00	1.000000e+00	
GOBP_POSITIVE_REGULATION_OF_MYELOID_LEUKOCYTE_MEDIATED_IMMUNITY	go_bp	0	9	21	34	2920	1.000000e+00	1.000000e+00	
GOBP_POSITIVE_REGULATION_OF_MYOBLAST_DIFFERENTIATION	go_bp	0	7	44	34	2920	1.000000e+00	1.000000e+00	
GOBP_POSITIVE_REGULATION_OF_MYOBLAST_FUSION	go_bp	0	5	15	34	2920	1.000000e+00	1.000000e+00	
GOBP_POSITIVE_REGULATION_OF_MYOBLAST_PROLIFERATION	go_bp	0	4	14	34	2920	1.000000e+00	1.000000e+00	
GOBP_POSITIVE_REGULATION_OF_NATURAL_KILLER_CELL_ACTIVATION	go_bp	0	9	22	34	2920	1.000000e+00	1.000000e+00	
GOBP_POSITIVE_REGULATION_OF_NATURAL_KILLER_CELL_CHEMOTAXIS	go_bp	0	5	5	34	2920	1.000000e+00	1.000000e+00	
GOBP_POSITIVE_REGULATION_OF_NATURAL_KILLER_CELL_DIFFERENTIATION	go_bp	0	5	8	34	2920	1.000000e+00	1.000000e+00	
GOBP_POSITIVE_REGULATION_OF_NATURAL_KILLER_CELL_MEDIATED_CYTOTOXICITY	go_bp	0	16	29	34	2920	1.000000e+00	1.000000e+00	
GOBP_POSITIVE_REGULATION_OF_NATURAL_KILLER_CELL_MEDIATED_IMMUNITY	go_bp	0	16	35	34	2920	1.000000e+00	1.000000e+00	
GOBP_POSITIVE_REGULATION_OF_NATURAL_KILLER_CELL_PROLIFERATION	go_bp	0	5	10	34	2920	1.000000e+00	1.000000e+00	
GOBP_POSITIVE_REGULATION_OF_NECROPTOTIC_PROCESS	go_bp	0	3	8	34	2920	1.000000e+00	1.000000e+00	
GOBP_POSITIVE_REGULATION_OF_NERVOUS_SYSTEM_PROCESS	go_bp	0	10	32	34	2920	1.000000e+00	1.000000e+00	
GOBP_POSITIVE_REGULATION_OF_NEURAL_PRECURSOR_CELL_PROLIFERATION	go_bp	0	20	64	34	2920	1.000000e+00	1.000000e+00	
GOBP_POSITIVE_REGULATION_OF_NEUROBLAST_PROLIFERATION	go_bp	0	14	37	34	2920	1.000000e+00	1.000000e+00	
GOBP_POSITIVE_REGULATION_OF_NEUROEPITHELIAL_CELL_DIFFERENTIATION	go_bp	0	3	8	34	2920	1.000000e+00	1.000000e+00	
GOBP_POSITIVE_REGULATION_OF_NEUROINFLAMMATORY_RESPONSE	go_bp	0	9	18	34	2920	1.000000e+00	1.000000e+00	
GOBP_POSITIVE_REGULATION_OF_NEURON_MIGRATION	go_bp	0	3	18	34	2920	1.000000e+00	1.000000e+00	
GOBP_POSITIVE_REGULATION_OF_NEURON_PROJECTION_REGENERATION	go_bp	0	7	13	34	2920	1.000000e+00	1.000000e+00	
GOBP_POSITIVE_REGULATION_OF_NITRIC_OXIDE_METABOLIC_PROCESS	go_bp	0	20	40	34	2920	1.000000e+00	1.000000e+00	
GOBP_POSITIVE_REGULATION_OF_NITRIC_OXIDE_SYNTHASE_ACTIVITY	go_bp	0	3	14	34	2920	1.000000e+00	1.000000e+00	
GOBP_POSITIVE_REGULATION_OF_NITRIC_OXIDE_SYNTHASE_BIOSYNTHETIC_PROCESS	go_bp	0	10	16	34	2920	1.000000e+00	1.000000e+00	
GOBP_POSITIVE_REGULATION_OF_NON_MOTILE_CILIUM_ASSEMBLY	go_bp	0	3	8	34	2920	1.000000e+00	1.000000e+00	
GOBP_POSITIVE_REGULATION_OF_NOTCH_SIGNALING_PATHWAY	go_bp	0	15	50	34	2920	1.000000e+00	1.000000e+00	
GOBP_POSITIVE_REGULATION_OF_NUCLEAR_DIVISION	go_bp	0	21	61	34	2920	1.000000e+00	1.000000e+00	
GOBP_POSITIVE_REGULATION_OF_NUCLEOCYTOPLASMIC_TRANSPORT	go_bp	0	16	63	34	2920	1.000000e+00	1.000000e+00	
GOBP_POSITIVE_REGULATION_OF_NUCLEOTIDE_BINDING_DOMAIN_LEUCINE_RICH_REPEAT_CONTAINING_RECEPTOR_SIGNALING_PATHWAY	go_bp	0	3	7	34	2920	1.000000e+00	1.000000e+00	
GOBP_POSITIVE_REGULATION_OF_NUCLEOTIDE_CATABOLIC_PROCESS	go_bp	0	4	21	34	2920	1.000000e+00	1.000000e+00	
GOBP_POSITIVE_REGULATION_OF_NUCLEOTIDE_METABOLIC_PROCESS	go_bp	0	11	38	34	2920	1.000000e+00	1.000000e+00	
GOBP_POSITIVE_REGULATION_OF_ODONTOGENESIS	go_bp	0	5	8	34	2920	1.000000e+00	1.000000e+00	
GOBP_POSITIVE_REGULATION_OF_OLIGODENDROCYTE_DIFFERENTIATION	go_bp	0	10	28	34	2920	1.000000e+00	1.000000e+00	
GOBP_POSITIVE_REGULATION_OF_OPSONIZATION	go_bp	0	4	9	34	2920	1.000000e+00	1.000000e+00	
GOBP_POSITIVE_REGULATION_OF_ORGANELLE_ASSEMBLY	go_bp	0	22	90	34	2920	1.000000e+00	1.000000e+00	
GOBP_POSITIVE_REGULATION_OF_ORGAN_GROWTH	go_bp	0	11	53	34	2920	1.000000e+00	1.000000e+00	
GOBP_POSITIVE_REGULATION_OF_OSSIFICATION	go_bp	0	13	54	34	2920	1.000000e+00	1.000000e+00	
GOBP_POSITIVE_REGULATION_OF_OSTEOBLAST_DIFFERENTIATION	go_bp	0	20	77	34	2920	1.000000e+00	1.000000e+00	
GOBP_POSITIVE_REGULATION_OF_OXIDATIVE_STRESS_INDUCED_INTRINSIC_APOPTOTIC_SIGNALING_PATHWAY	go_bp	0	3	9	34	2920	1.000000e+00	1.000000e+00	
GOBP_POSITIVE_REGULATION_OF_OXIDOREDUCTASE_ACTIVITY	go_bp	0	14	38	34	2920	1.000000e+00	1.000000e+00	
GOBP_POSITIVE_REGULATION_OF_P38MAPK_CASCADE	go_bp	0	8	31	34	2920	1.000000e+00	1.000000e+00	
GOBP_POSITIVE_REGULATION_OF_PEPTIDYL_TYROSINE_PHOSPHORYLATION	go_bp	0	88	158	34	2920	1.000000e+00	1.000000e+00	
GOBP_POSITIVE_REGULATION_OF_PHOSPHOLIPASE_ACTIVITY	go_bp	0	16	41	34	2920	1.000000e+00	1.000000e+00	
GOBP_POSITIVE_REGULATION_OF_PHOSPHOLIPID_BIOSYNTHETIC_PROCESS	go_bp	0	3	10	34	2920	1.000000e+00	1.000000e+00	
GOBP_POSITIVE_REGULATION_OF_PHOSPHOLIPID_METABOLIC_PROCESS	go_bp	0	4	14	34	2920	1.000000e+00	1.000000e+00	
GOBP_POSITIVE_REGULATION_OF_PHOSPHOPROTEIN_PHOSPHATASE_ACTIVITY	go_bp	0	5	17	34	2920	1.000000e+00	1.000000e+00	
GOBP_POSITIVE_REGULATION_OF_PHOSPHORYLATION	go_bp	0	243	615	34	2920	1.000000e+00	1.000000e+00	
GOBP_POSITIVE_REGULATION_OF_PINOCYTOSIS	go_bp	0	3	7	34	2920	1.000000e+00	1.000000e+00	
GOBP_POSITIVE_REGULATION_OF_PLASMINOGEN_ACTIVATION	go_bp	0	5	8	34	2920	1.000000e+00	1.000000e+00	
GOBP_POSITIVE_REGULATION_OF_PLATELET_ACTIVATION	go_bp	0	7	13	34	2920	1.000000e+00	1.000000e+00	
GOBP_POSITIVE_REGULATION_OF_PLATELET_AGGREGATION	go_bp	0	4	12	34	2920	1.000000e+00	1.000000e+00	
GOBP_POSITIVE_REGULATION_OF_PLATELET_DERIVED_GROWTH_FACTOR_RECEPTOR_SIGNALING_PATHWAY	go_bp	0	5	6	34	2920	1.000000e+00	1.000000e+00	
GOBP_POSITIVE_REGULATION_OF_PODOSOME_ASSEMBLY	go_bp	0	8	11	34	2920	1.000000e+00	1.000000e+00	
GOBP_POSITIVE_REGULATION_OF_POST_TRANSCRIPTIONAL_GENE_SILENCING	go_bp	0	3	12	34	2920	1.000000e+00	1.000000e+00	
GOBP_POSITIVE_REGULATION_OF_POTASSIUM_ION_TRANSMEMBRANE_TRANSPORT	go_bp	0	10	36	34	2920	1.000000e+00	1.000000e+00	
GOBP_POSITIVE_REGULATION_OF_POTASSIUM_ION_TRANSMEMBRANE_TRANSPORTER_ACTIVITY	go_bp	0	8	19	34	2920	1.000000e+00	1.000000e+00	
GOBP_POSITIVE_REGULATION_OF_POTASSIUM_ION_TRANSPORT	go_bp	0	11	44	34	2920	1.000000e+00	1.000000e+00	
GOBP_POSITIVE_REGULATION_OF_PROGRAMMED_NECROTIC_CELL_DEATH	go_bp	0	4	11	34	2920	1.000000e+00	1.000000e+00	
GOBP_POSITIVE_REGULATION_OF_PROTEASOMAL_PROTEIN_CATABOLIC_PROCESS	go_bp	0	20	109	34	2920	1.000000e+00	1.000000e+00	
GOBP_POSITIVE_REGULATION_OF_PROTEASOMAL_UBIQUITIN_DEPENDENT_PROTEIN_CATABOLIC_PROCESS	go_bp	0	14	78	34	2920	1.000000e+00	1.000000e+00	
GOBP_POSITIVE_REGULATION_OF_PROTEIN_AUTOPHOSPHORYLATION	go_bp	0	7	24	34	2920	1.000000e+00	1.000000e+00	
GOBP_POSITIVE_REGULATION_OF_PROTEIN_BINDING	go_bp	0	15	51	34	2920	1.000000e+00	1.000000e+00	
GOBP_POSITIVE_REGULATION_OF_PROTEIN_CATABOLIC_PROCESS_IN_THE_VACUOLE	go_bp	0	3	7	34	2920	1.000000e+00	1.000000e+00	
GOBP_POSITIVE_REGULATION_OF_PROTEIN_DEPHOSPHORYLATION	go_bp	0	11	42	34	2920	1.000000e+00	1.000000e+00	
GOBP_POSITIVE_REGULATION_OF_PROTEIN_EXPORT_FROM_NUCLEUS	go_bp	0	5	20	34	2920	1.000000e+00	1.000000e+00	
GOBP_POSITIVE_REGULATION_OF_PROTEIN_GLYCOSYLATION	go_bp	0	3	7	34	2920	1.000000e+00	1.000000e+00	
GOBP_POSITIVE_REGULATION_OF_PROTEIN_IMPORT_INTO_NUCLEUS	go_bp	0	13	40	34	2920	1.000000e+00	1.000000e+00	
GOBP_POSITIVE_REGULATION_OF_PROTEIN_KINASE_A_SIGNALING	go_bp	0	4	12	34	2920	1.000000e+00	1.000000e+00	
GOBP_POSITIVE_REGULATION_OF_PROTEIN_KINASE_C_SIGNALING	go_bp	0	4	9	34	2920	1.000000e+00	1.000000e+00	
GOBP_POSITIVE_REGULATION_OF_PROTEIN_LOCALIZATION_TO_CELL_PERIPHERY	go_bp	0	22	74	34	2920	1.000000e+00	1.000000e+00	
GOBP_POSITIVE_REGULATION_OF_PROTEIN_LOCALIZATION_TO_CELL_SURFACE	go_bp	0	4	21	34	2920	1.000000e+00	1.000000e+00	
GOBP_POSITIVE_REGULATION_OF_PROTEIN_LOCALIZATION_TO_PLASMA_MEMBRANE	go_bp	0	20	62	34	2920	1.000000e+00	1.000000e+00	
GOBP_POSITIVE_REGULATION_OF_PROTEIN_LOCALIZATION_TO_SYNAPSE	go_bp	0	3	6	34	2920	1.000000e+00	1.000000e+00	
GOBP_POSITIVE_REGULATION_OF_PROTEIN_MATURATION	go_bp	0	11	26	34	2920	1.000000e+00	1.000000e+00	
GOBP_POSITIVE_REGULATION_OF_PROTEIN_POLYUBIQUITINATION	go_bp	0	4	17	34	2920	1.000000e+00	1.000000e+00	
GOBP_POSITIVE_REGULATION_OF_PROTEIN_TARGETING_TO_MEMBRANE	go_bp	0	10	28	34	2920	1.000000e+00	1.000000e+00	
GOBP_POSITIVE_REGULATION_OF_PROTEIN_TYROSINE_KINASE_ACTIVITY	go_bp	0	10	21	34	2920	1.000000e+00	1.000000e+00	
GOBP_POSITIVE_REGULATION_OF_PYROPTOSIS	go_bp	0	3	5	34	2920	1.000000e+00	1.000000e+00	
GOBP_POSITIVE_REGULATION_OF_RAC_PROTEIN_SIGNAL_TRANSDUCTION	go_bp	0	3	10	34	2920	1.000000e+00	1.000000e+00	
GOBP_POSITIVE_REGULATION_OF_RAS_PROTEIN_SIGNAL_TRANSDUCTION	go_bp	0	8	18	34	2920	1.000000e+00	1.000000e+00	
GOBP_POSITIVE_REGULATION_OF_REACTIVE_OXYGEN_SPECIES_BIOSYNTHETIC_PROCESS	go_bp	0	5	19	34	2920	1.000000e+00	1.000000e+00	
GOBP_POSITIVE_REGULATION_OF_RECEPTOR_BINDING	go_bp	0	4	5	34	2920	1.000000e+00	1.000000e+00	
GOBP_POSITIVE_REGULATION_OF_RECEPTOR_CATABOLIC_PROCESS	go_bp	0	4	7	34	2920	1.000000e+00	1.000000e+00	
GOBP_POSITIVE_REGULATION_OF_RECEPTOR_CLUSTERING	go_bp	0	3	10	34	2920	1.000000e+00	1.000000e+00	
GOBP_POSITIVE_REGULATION_OF_RECEPTOR_RECYCLING	go_bp	0	4	14	34	2920	1.000000e+00	1.000000e+00	
GOBP_POSITIVE_REGULATION_OF_RELEASE_OF_CYTOCHROME_C_FROM_MITOCHONDRIA	go_bp	0	8	24	34	2920	1.000000e+00	1.000000e+00	
GOBP_POSITIVE_REGULATION_OF_RELEASE_OF_SEQUESTERED_CALCIUM_ION_INTO_CYTOSOL	go_bp	0	15	42	34	2920	1.000000e+00	1.000000e+00	
GOBP_POSITIVE_REGULATION_OF_RESPIRATORY_BURST	go_bp	0	4	9	34	2920	1.000000e+00	1.000000e+00	
GOBP_POSITIVE_REGULATION_OF_RESPONSE_TO_ENDOPLASMIC_RETICULUM_STRESS	go_bp	0	10	37	34	2920	1.000000e+00	1.000000e+00	
GOBP_POSITIVE_REGULATION_OF_RESPONSE_TO_TUMOR_CELL	go_bp	0	7	15	34	2920	1.000000e+00	1.000000e+00	
GOBP_POSITIVE_REGULATION_OF_RHO_PROTEIN_SIGNAL_TRANSDUCTION	go_bp	0	10	38	34	2920	1.000000e+00	1.000000e+00	
GOBP_POSITIVE_REGULATION_OF_RNA_SPLICING	go_bp	0	11	50	34	2920	1.000000e+00	1.000000e+00	
GOBP_POSITIVE_REGULATION_OF_RUFFLE_ASSEMBLY	go_bp	0	3	15	34	2920	1.000000e+00	1.000000e+00	
GOBP_POSITIVE_REGULATION_OF_SEQUESTERING_OF_CALCIUM_ION	go_bp	0	4	16	34	2920	1.000000e+00	1.000000e+00	
GOBP_POSITIVE_REGULATION_OF_SIGNALING_RECEPTOR_ACTIVITY	go_bp	0	7	24	34	2920	1.000000e+00	1.000000e+00	
GOBP_POSITIVE_REGULATION_OF_SIGNAL_TRANSDUCTION_BY_P53_CLASS_MEDIATOR	go_bp	0	4	30	34	2920	1.000000e+00	1.000000e+00	
GOBP_POSITIVE_REGULATION_OF_SKELETAL_MUSCLE_TISSUE_DEVELOPMENT	go_bp	0	4	20	34	2920	1.000000e+00	1.000000e+00	
GOBP_POSITIVE_REGULATION_OF_SMOOTH_MUSCLE_CELL_DIFFERENTIATION	go_bp	0	8	25	34	2920	1.000000e+00	1.000000e+00	
GOBP_POSITIVE_REGULATION_OF_SMOOTH_MUSCLE_CELL_MIGRATION	go_bp	0	15	50	34	2920	1.000000e+00	1.000000e+00	
GOBP_POSITIVE_REGULATION_OF_SMOOTH_MUSCLE_CONTRACTION	go_bp	0	7	31	34	2920	1.000000e+00	1.000000e+00	
GOBP_POSITIVE_REGULATION_OF_SODIUM_ION_TRANSMEMBRANE_TRANSPORT	go_bp	0	7	18	34	2920	1.000000e+00	1.000000e+00	
GOBP_POSITIVE_REGULATION_OF_SODIUM_ION_TRANSMEMBRANE_TRANSPORTER_ACTIVITY	go_bp	0	4	14	34	2920	1.000000e+00	1.000000e+00	
GOBP_POSITIVE_REGULATION_OF_STEM_CELL_DIFFERENTIATION	go_bp	0	5	21	34	2920	1.000000e+00	1.000000e+00	
GOBP_POSITIVE_REGULATION_OF_STEM_CELL_POPULATION_MAINTENANCE	go_bp	0	8	49	34	2920	1.000000e+00	1.000000e+00	
GOBP_POSITIVE_REGULATION_OF_STEROID_HORMONE_SECRETION	go_bp	0	8	11	34	2920	1.000000e+00	1.000000e+00	
GOBP_POSITIVE_REGULATION_OF_STEROID_METABOLIC_PROCESS	go_bp	0	13	27	34	2920	1.000000e+00	1.000000e+00	
GOBP_POSITIVE_REGULATION_OF_STRIATED_MUSCLE_CELL_APOPTOTIC_PROCESS	go_bp	0	3	17	34	2920	1.000000e+00	1.000000e+00	
GOBP_POSITIVE_REGULATION_OF_STRIATED_MUSCLE_CELL_DIFFERENTIATION	go_bp	0	7	52	34	2920	1.000000e+00	1.000000e+00	
GOBP_POSITIVE_REGULATION_OF_SYNAPTIC_TRANSMISSION_GABAERGIC	go_bp	0	4	15	34	2920	1.000000e+00	1.000000e+00	
GOBP_POSITIVE_REGULATION_OF_SYNAPTIC_TRANSMISSION_GLUTAMATERGIC	go_bp	0	8	36	34	2920	1.000000e+00	1.000000e+00	
GOBP_POSITIVE_REGULATION_OF_SYNCYTIUM_FORMATION_BY_PLASMA_MEMBRANE_FUSION	go_bp	0	7	23	34	2920	1.000000e+00	1.000000e+00	
GOBP_POSITIVE_REGULATION_OF_TELOMERASE_ACTIVITY	go_bp	0	3	30	34	2920	1.000000e+00	1.000000e+00	
GOBP_POSITIVE_REGULATION_OF_TELOMERE_MAINTENANCE	go_bp	0	8	71	34	2920	1.000000e+00	1.000000e+00	
GOBP_POSITIVE_REGULATION_OF_TELOMERE_MAINTENANCE_VIA_TELOMERE_LENGTHENING	go_bp	0	3	38	34	2920	1.000000e+00	1.000000e+00	
GOBP_POSITIVE_REGULATION_OF_TISSUE_REMODELING	go_bp	0	5	23	34	2920	1.000000e+00	1.000000e+00	
GOBP_POSITIVE_REGULATION_OF_TOLERANCE_INDUCTION	go_bp	0	5	11	34	2920	1.000000e+00	1.000000e+00	
GOBP_POSITIVE_REGULATION_OF_TOLL_LIKE_RECEPTOR_4_SIGNALING_PATHWAY	go_bp	0	3	13	34	2920	1.000000e+00	1.000000e+00	
GOBP_POSITIVE_REGULATION_OF_TORC1_SIGNALING	go_bp	0	4	54	34	2920	1.000000e+00	1.000000e+00	
GOBP_POSITIVE_REGULATION_OF_TRANSCRIPTION_BY_RNA_POLYMERASE_I	go_bp	0	5	35	34	2920	1.000000e+00	1.000000e+00	
GOBP_POSITIVE_REGULATION_OF_TRANSCRIPTION_BY_RNA_POLYMERASE_II	go_bp	0	180	1242	34	2920	1.000000e+00	1.000000e+00	
GOBP_POSITIVE_REGULATION_OF_TRANSCRIPTION_ELONGATION_BY_RNA_POLYMERASE_II	go_bp	0	3	49	34	2920	1.000000e+00	1.000000e+00	
GOBP_POSITIVE_REGULATION_OF_TRANSCRIPTION_REGULATORY_REGION_DNA_BINDING	go_bp	0	4	20	34	2920	1.000000e+00	1.000000e+00	
GOBP_POSITIVE_REGULATION_OF_TRANSFORMING_GROWTH_FACTOR_BETA_PRODUCTION	go_bp	0	9	19	34	2920	1.000000e+00	1.000000e+00	
GOBP_POSITIVE_REGULATION_OF_TRANSLATION	go_bp	0	22	133	34	2920	1.000000e+00	1.000000e+00	
GOBP_POSITIVE_REGULATION_OF_TRANSLATIONAL_INITIATION	go_bp	0	4	28	34	2920	1.000000e+00	1.000000e+00	
GOBP_POSITIVE_REGULATION_OF_TRANSPORTER_ACTIVITY	go_bp	0	20	86	34	2920	1.000000e+00	1.000000e+00	
GOBP_POSITIVE_REGULATION_OF_TRIGLYCERIDE_LIPASE_ACTIVITY	go_bp	0	4	8	34	2920	1.000000e+00	1.000000e+00	
GOBP_POSITIVE_REGULATION_OF_TRIGLYCERIDE_METABOLIC_PROCESS	go_bp	0	4	22	34	2920	1.000000e+00	1.000000e+00	
GOBP_POSITIVE_REGULATION_OF_TUMOR_NECROSIS_FACTOR_MEDIATED_SIGNALING_PATHWAY	go_bp	0	5	14	34	2920	1.000000e+00	1.000000e+00	
GOBP_POSITIVE_REGULATION_OF_TYPE_2_IMMUNE_RESPONSE	go_bp	0	10	18	34	2920	1.000000e+00	1.000000e+00	
GOBP_POSITIVE_REGULATION_OF_TYPE_I_INTERFERON_MEDIATED_SIGNALING_PATHWAY	go_bp	0	4	20	34	2920	1.000000e+00	1.000000e+00	
GOBP_POSITIVE_REGULATION_OF_TYPE_I_INTERFERON_PRODUCTION	go_bp	0	13	75	34	2920	1.000000e+00	1.000000e+00	
GOBP_POSITIVE_REGULATION_OF_T_CELL_APOPTOTIC_PROCESS	go_bp	0	8	14	34	2920	1.000000e+00	1.000000e+00	
GOBP_POSITIVE_REGULATION_OF_T_CELL_CYTOKINE_PRODUCTION	go_bp	0	13	26	34	2920	1.000000e+00	1.000000e+00	
GOBP_POSITIVE_REGULATION_OF_T_CELL_DIFFERENTIATION_IN_THYMUS	go_bp	0	7	11	34	2920	1.000000e+00	1.000000e+00	
GOBP_POSITIVE_REGULATION_OF_T_CELL_MEDIATED_CYTOTOXICITY	go_bp	0	14	41	34	2920	1.000000e+00	1.000000e+00	
GOBP_POSITIVE_REGULATION_OF_T_CELL_MIGRATION	go_bp	0	16	35	34	2920	1.000000e+00	1.000000e+00	
GOBP_POSITIVE_REGULATION_OF_T_CELL_RECEPTOR_SIGNALING_PATHWAY	go_bp	0	5	19	34	2920	1.000000e+00	1.000000e+00	
GOBP_POSITIVE_REGULATION_OF_T_CELL_TOLERANCE_INDUCTION	go_bp	0	5	9	34	2920	1.000000e+00	1.000000e+00	
GOBP_POSITIVE_REGULATION_OF_T_HELPER_17_CELL_DIFFERENTIATION	go_bp	0	4	12	34	2920	1.000000e+00	1.000000e+00	
GOBP_POSITIVE_REGULATION_OF_T_HELPER_17_CELL_LINEAGE_COMMITMENT	go_bp	0	4	8	34	2920	1.000000e+00	1.000000e+00	
GOBP_POSITIVE_REGULATION_OF_T_HELPER_17_TYPE_IMMUNE_RESPONSE	go_bp	0	7	20	34	2920	1.000000e+00	1.000000e+00	
GOBP_POSITIVE_REGULATION_OF_T_HELPER_1_CELL_DIFFERENTIATION	go_bp	0	3	6	34	2920	1.000000e+00	1.000000e+00	
GOBP_POSITIVE_REGULATION_OF_T_HELPER_1_TYPE_IMMUNE_RESPONSE	go_bp	0	9	18	34	2920	1.000000e+00	1.000000e+00	
GOBP_POSITIVE_REGULATION_OF_T_HELPER_2_CELL_CYTOKINE_PRODUCTION	go_bp	0	4	9	34	2920	1.000000e+00	1.000000e+00	
GOBP_POSITIVE_REGULATION_OF_T_HELPER_2_CELL_DIFFERENTIATION	go_bp	0	3	7	34	2920	1.000000e+00	1.000000e+00	
GOBP_POSITIVE_REGULATION_OF_T_HELPER_CELL_DIFFERENTIATION	go_bp	0	10	26	34	2920	1.000000e+00	1.000000e+00	
GOBP_POSITIVE_REGULATION_OF_UBIQUITIN_DEPENDENT_PROTEIN_CATABOLIC_PROCESS	go_bp	0	19	104	34	2920	1.000000e+00	1.000000e+00	
GOBP_POSITIVE_REGULATION_OF_URINE_VOLUME	go_bp	0	5	13	34	2920	1.000000e+00	1.000000e+00	
GOBP_POSITIVE_REGULATION_OF_VASCULAR_ASSOCIATED_SMOOTH_MUSCLE_CELL_APOPTOTIC_PROCESS	go_bp	0	3	12	34	2920	1.000000e+00	1.000000e+00	
GOBP_POSITIVE_REGULATION_OF_VASCULAR_ASSOCIATED_SMOOTH_MUSCLE_CELL_DIFFERENTIATION	go_bp	0	3	13	34	2920	1.000000e+00	1.000000e+00	
GOBP_POSITIVE_REGULATION_OF_VASCULAR_ASSOCIATED_SMOOTH_MUSCLE_CELL_MIGRATION	go_bp	0	3	26	34	2920	1.000000e+00	1.000000e+00	
GOBP_POSITIVE_REGULATION_OF_VASCULAR_ASSOCIATED_SMOOTH_MUSCLE_CELL_PROLIFERATION	go_bp	0	15	52	34	2920	1.000000e+00	1.000000e+00	
GOBP_POSITIVE_REGULATION_OF_VASCULAR_ENDOTHELIAL_CELL_PROLIFERATION	go_bp	0	5	27	34	2920	1.000000e+00	1.000000e+00	
GOBP_POSITIVE_REGULATION_OF_VASCULAR_ENDOTHELIAL_GROWTH_FACTOR_PRODUCTION	go_bp	0	14	31	34	2920	1.000000e+00	1.000000e+00	
GOBP_POSITIVE_REGULATION_OF_VASCULAR_ENDOTHELIAL_GROWTH_FACTOR_RECEPTOR_SIGNALING_PATHWAY	go_bp	0	7	18	34	2920	1.000000e+00	1.000000e+00	
GOBP_POSITIVE_REGULATION_OF_VASCULAR_ENDOTHELIAL_GROWTH_FACTOR_SIGNALING_PATHWAY	go_bp	0	5	9	34	2920	1.000000e+00	1.000000e+00	
GOBP_POSITIVE_REGULATION_OF_VASCULAR_PERMEABILITY	go_bp	0	9	17	34	2920	1.000000e+00	1.000000e+00	
GOBP_POSITIVE_REGULATION_OF_VASCULOGENESIS	go_bp	0	7	12	34	2920	1.000000e+00	1.000000e+00	
GOBP_POSITIVE_REGULATION_OF_VASOCONSTRICTION	go_bp	0	7	33	34	2920	1.000000e+00	1.000000e+00	
GOBP_POSITIVE_REGULATION_OF_VIRAL_GENOME_REPLICATION	go_bp	0	10	31	34	2920	1.000000e+00	1.000000e+00	
GOBP_POSITIVE_REGULATION_OF_VIRAL_LIFE_CYCLE	go_bp	0	13	24	34	2920	1.000000e+00	1.000000e+00	
GOBP_POSITIVE_REGULATION_OF_WNT_SIGNALING_PATHWAY_PLANAR_CELL_POLARITY_PATHWAY	go_bp	0	4	9	34	2920	1.000000e+00	1.000000e+00	
GOBP_POSITIVE_THYMIC_T_CELL_SELECTION	go_bp	0	8	15	34	2920	1.000000e+00	1.000000e+00	
GOBP_POSITIVE_T_CELL_SELECTION	go_bp	0	19	45	34	2920	1.000000e+00	1.000000e+00	
GOBP_POSTSYNAPSE_ASSEMBLY	go_bp	0	11	45	34	2920	1.000000e+00	1.000000e+00	
GOBP_POSTSYNAPTIC_CYTOSKELETON_ORGANIZATION	go_bp	0	4	20	34	2920	1.000000e+00	1.000000e+00	
GOBP_POSTSYNAPTIC_DENSITY_ASSEMBLY	go_bp	0	7	24	34	2920	1.000000e+00	1.000000e+00	
GOBP_POSTSYNAPTIC_DENSITY_PROTEIN_95_CLUSTERING	go_bp	0	3	10	34	2920	1.000000e+00	1.000000e+00	
GOBP_POSTSYNAPTIC_MEMBRANE_ASSEMBLY	go_bp	0	3	10	34	2920	1.000000e+00	1.000000e+00	
GOBP_POSTSYNAPTIC_MEMBRANE_ORGANIZATION	go_bp	0	10	42	34	2920	1.000000e+00	1.000000e+00	
GOBP_POSTSYNAPTIC_MODULATION_OF_CHEMICAL_SYNAPTIC_TRANSMISSION	go_bp	0	9	27	34	2920	1.000000e+00	1.000000e+00	
GOBP_POSTSYNAPTIC_NEUROTRANSMITTER_RECEPTOR_INTERNALIZATION	go_bp	0	9	27	34	2920	1.000000e+00	1.000000e+00	
GOBP_POSTSYNAPTIC_SIGNAL_TRANSDUCTION	go_bp	0	9	49	34	2920	1.000000e+00	1.000000e+00	
GOBP_POSTSYNAPTIC_SPECIALIZATION_ASSEMBLY	go_bp	0	9	30	34	2920	1.000000e+00	1.000000e+00	
GOBP_POSTSYNAPTIC_SPECIALIZATION_ORGANIZATION	go_bp	0	15	47	34	2920	1.000000e+00	1.000000e+00	
GOBP_POST_ANAL_TAIL_MORPHOGENESIS	go_bp	0	3	19	34	2920	1.000000e+00	1.000000e+00	
GOBP_POST_CHAPERONIN_TUBULIN_FOLDING_PATHWAY	go_bp	0	4	7	34	2920	1.000000e+00	1.000000e+00	
GOBP_POST_EMBRYONIC_CAMERA_TYPE_EYE_DEVELOPMENT	go_bp	0	4	8	34	2920	1.000000e+00	1.000000e+00	
GOBP_POST_EMBRYONIC_EYE_MORPHOGENESIS	go_bp	0	3	7	34	2920	1.000000e+00	1.000000e+00	
GOBP_POST_GOLGI_VESICLE_MEDIATED_TRANSPORT	go_bp	0	19	110	34	2920	1.000000e+00	1.000000e+00	
GOBP_POST_TRANSCRIPTIONAL_REGULATION_OF_GENE_EXPRESSION	go_bp	0	85	1097	34	2920	1.000000e+00	1.000000e+00	
GOBP_POTASSIUM_ION_HOMEOSTASIS	go_bp	0	7	34	34	2920	1.000000e+00	1.000000e+00	
GOBP_POTASSIUM_ION_IMPORT_ACROSS_PLASMA_MEMBRANE	go_bp	0	5	46	34	2920	1.000000e+00	1.000000e+00	
GOBP_PRESYNAPSE_ORGANIZATION	go_bp	0	18	56	34	2920	1.000000e+00	1.000000e+00	
GOBP_PRESYNAPTIC_MODULATION_OF_CHEMICAL_SYNAPTIC_TRANSMISSION	go_bp	0	7	35	34	2920	1.000000e+00	1.000000e+00	
GOBP_PRIMARY_ALCOHOL_CATABOLIC_PROCESS	go_bp	0	5	15	34	2920	1.000000e+00	1.000000e+00	
GOBP_PRIMARY_AMINO_COMPOUND_METABOLIC_PROCESS	go_bp	0	3	15	34	2920	1.000000e+00	1.000000e+00	
GOBP_PRODUCTION_OF_MOLECULAR_MEDIATOR_OF_IMMUNE_RESPONSE	go_bp	0	86	315	34	2920	1.000000e+00	1.000000e+00	
GOBP_PROGESTERONE_BIOSYNTHETIC_PROCESS	go_bp	0	3	6	34	2920	1.000000e+00	1.000000e+00	
GOBP_PROGRAMMED_CELL_DEATH_INVOLVED_IN_CELL_DEVELOPMENT	go_bp	0	13	25	34	2920	1.000000e+00	1.000000e+00	
GOBP_PROGRAMMED_CELL_DEATH_IN_RESPONSE_TO_REACTIVE_OXYGEN_SPECIES	go_bp	0	4	20	34	2920	1.000000e+00	1.000000e+00	
GOBP_PROGRAMMED_NECROTIC_CELL_DEATH	go_bp	0	18	61	34	2920	1.000000e+00	1.000000e+00	
GOBP_PROSTANOID_METABOLIC_PROCESS	go_bp	0	21	51	34	2920	1.000000e+00	1.000000e+00	
GOBP_PROSTATE_GLANDULAR_ACINUS_DEVELOPMENT	go_bp	0	4	10	34	2920	1.000000e+00	1.000000e+00	
GOBP_PROSTATE_GLANDULAR_ACINUS_MORPHOGENESIS	go_bp	0	3	6	34	2920	1.000000e+00	1.000000e+00	
GOBP_PROSTATE_GLAND_DEVELOPMENT	go_bp	0	15	49	34	2920	1.000000e+00	1.000000e+00	
GOBP_PROSTATE_GLAND_MORPHOGENESIS	go_bp	0	10	28	34	2920	1.000000e+00	1.000000e+00	
GOBP_PROTEASOME_ASSEMBLY	go_bp	0	5	13	34	2920	1.000000e+00	1.000000e+00	
GOBP_PROTECTION_FROM_NATURAL_KILLER_CELL_MEDIATED_CYTOTOXICITY	go_bp	0	3	6	34	2920	1.000000e+00	1.000000e+00	
GOBP_PROTEIN_ACETYLATION	go_bp	0	8	58	34	2920	1.000000e+00	1.000000e+00	
GOBP_PROTEIN_ACTIVATION_CASCADE	go_bp	0	10	20	34	2920	1.000000e+00	1.000000e+00	
GOBP_PROTEIN_ACYLATION	go_bp	0	11	96	34	2920	1.000000e+00	1.000000e+00	
GOBP_PROTEIN_AUTOUBIQUITINATION	go_bp	0	10	73	34	2920	1.000000e+00	1.000000e+00	
GOBP_PROTEIN_CATABOLIC_PROCESS_IN_THE_VACUOLE	go_bp	0	8	25	34	2920	1.000000e+00	1.000000e+00	
GOBP_PROTEIN_CONTAINING_COMPLEX_REMODELING	go_bp	0	18	37	34	2920	1.000000e+00	1.000000e+00	
GOBP_PROTEIN_DEACETYLATION	go_bp	0	11	42	34	2920	1.000000e+00	1.000000e+00	
GOBP_PROTEIN_DEGLYCOSYLATION	go_bp	0	4	15	34	2920	1.000000e+00	1.000000e+00	
GOBP_PROTEIN_DEPOLYMERIZATION	go_bp	0	18	118	34	2920	1.000000e+00	1.000000e+00	
GOBP_PROTEIN_DESTABILIZATION	go_bp	0	9	50	34	2920	1.000000e+00	1.000000e+00	
GOBP_PROTEIN_DEUBIQUITINATION	go_bp	0	16	108	34	2920	1.000000e+00	1.000000e+00	
GOBP_PROTEIN_DNA_COMPLEX_ORGANIZATION	go_bp	0	82	939	34	2920	1.000000e+00	1.000000e+00	
GOBP_PROTEIN_EXIT_FROM_ENDOPLASMIC_RETICULUM	go_bp	0	7	50	34	2920	1.000000e+00	1.000000e+00	
GOBP_PROTEIN_EXPORT_FROM_NUCLEUS	go_bp	0	11	60	34	2920	1.000000e+00	1.000000e+00	
GOBP_PROTEIN_FOLDING_IN_ENDOPLASMIC_RETICULUM	go_bp	0	4	12	34	2920	1.000000e+00	1.000000e+00	
GOBP_PROTEIN_HETEROTETRAMERIZATION	go_bp	0	5	16	34	2920	1.000000e+00	1.000000e+00	
GOBP_PROTEIN_HOMOTETRAMERIZATION	go_bp	0	15	63	34	2920	1.000000e+00	1.000000e+00	
GOBP_PROTEIN_HYDROXYLATION	go_bp	0	3	23	34	2920	1.000000e+00	1.000000e+00	
GOBP_PROTEIN_IMPORT	go_bp	0	5	10	34	2920	1.000000e+00	1.000000e+00	
GOBP_PROTEIN_IMPORT_INTO_MITOCHONDRIAL_MATRIX	go_bp	0	3	20	34	2920	1.000000e+00	1.000000e+00	
GOBP_PROTEIN_INSERTION_INTO_ER_MEMBRANE	go_bp	0	5	31	34	2920	1.000000e+00	1.000000e+00	
GOBP_PROTEIN_INSERTION_INTO_MEMBRANE	go_bp	0	7	47	34	2920	1.000000e+00	1.000000e+00	
GOBP_PROTEIN_K11_LINKED_UBIQUITINATION	go_bp	0	5	36	34	2920	1.000000e+00	1.000000e+00	
GOBP_PROTEIN_K48_LINKED_DEUBIQUITINATION	go_bp	0	8	27	34	2920	1.000000e+00	1.000000e+00	
GOBP_PROTEIN_K48_LINKED_UBIQUITINATION	go_bp	0	13	99	34	2920	1.000000e+00	1.000000e+00	
GOBP_PROTEIN_K63_LINKED_DEUBIQUITINATION	go_bp	0	7	31	34	2920	1.000000e+00	1.000000e+00	
GOBP_PROTEIN_K63_LINKED_UBIQUITINATION	go_bp	0	13	70	34	2920	1.000000e+00	1.000000e+00	
GOBP_PROTEIN_KINASE_A_SIGNALING	go_bp	0	13	43	34	2920	1.000000e+00	1.000000e+00	
GOBP_PROTEIN_KINASE_C_ACTIVATING_G_PROTEIN_COUPLED_RECEPTOR_SIGNALING_PATHWAY	go_bp	0	9	27	34	2920	1.000000e+00	1.000000e+00	
GOBP_PROTEIN_LIPID_COMPLEX_ASSEMBLY	go_bp	0	9	30	34	2920	1.000000e+00	1.000000e+00	
GOBP_PROTEIN_LIPID_COMPLEX_ORGANIZATION	go_bp	0	19	54	34	2920	1.000000e+00	1.000000e+00	
GOBP_PROTEIN_LOCALIZATION_TO_CELL_CORTEX	go_bp	0	3	11	34	2920	1.000000e+00	1.000000e+00	
GOBP_PROTEIN_LOCALIZATION_TO_CHROMATIN	go_bp	0	5	61	34	2920	1.000000e+00	1.000000e+00	
GOBP_PROTEIN_LOCALIZATION_TO_CHROMOSOME	go_bp	0	13	129	34	2920	1.000000e+00	1.000000e+00	
GOBP_PROTEIN_LOCALIZATION_TO_CHROMOSOME_TELOMERIC_REGION	go_bp	0	3	31	34	2920	1.000000e+00	1.000000e+00	
GOBP_PROTEIN_LOCALIZATION_TO_CILIARY_MEMBRANE	go_bp	0	4	12	34	2920	1.000000e+00	1.000000e+00	
GOBP_PROTEIN_LOCALIZATION_TO_CILIUM	go_bp	0	10	73	34	2920	1.000000e+00	1.000000e+00	
GOBP_PROTEIN_LOCALIZATION_TO_CYTOPLASMIC_STRESS_GRANULE	go_bp	0	3	8	34	2920	1.000000e+00	1.000000e+00	
GOBP_PROTEIN_LOCALIZATION_TO_CYTOSKELETON	go_bp	0	10	61	34	2920	1.000000e+00	1.000000e+00	
GOBP_PROTEIN_LOCALIZATION_TO_EARLY_ENDOSOME	go_bp	0	4	13	34	2920	1.000000e+00	1.000000e+00	
GOBP_PROTEIN_LOCALIZATION_TO_ENDOPLASMIC_RETICULUM	go_bp	0	7	79	34	2920	1.000000e+00	1.000000e+00	
GOBP_PROTEIN_LOCALIZATION_TO_ENDOSOME	go_bp	0	5	28	34	2920	1.000000e+00	1.000000e+00	
GOBP_PROTEIN_LOCALIZATION_TO_LYSOSOME	go_bp	0	11	60	34	2920	1.000000e+00	1.000000e+00	
GOBP_PROTEIN_LOCALIZATION_TO_MICROTUBULE	go_bp	0	3	19	34	2920	1.000000e+00	1.000000e+00	
GOBP_PROTEIN_LOCALIZATION_TO_MITOCHONDRION	go_bp	0	21	128	34	2920	1.000000e+00	1.000000e+00	
GOBP_PROTEIN_LOCALIZATION_TO_NUCLEAR_ENVELOPE	go_bp	0	3	13	34	2920	1.000000e+00	1.000000e+00	
GOBP_PROTEIN_LOCALIZATION_TO_POSTSYNAPSE	go_bp	0	14	45	34	2920	1.000000e+00	1.000000e+00	
GOBP_PROTEIN_LOCALIZATION_TO_SITE_OF_DOUBLE_STRAND_BREAK	go_bp	0	3	15	34	2920	1.000000e+00	1.000000e+00	
GOBP_PROTEIN_LOCALIZATION_TO_VACUOLE	go_bp	0	16	88	34	2920	1.000000e+00	1.000000e+00	
GOBP_PROTEIN_MATURATION_BY_4FE_4S_CLUSTER_TRANSFER	go_bp	0	3	8	34	2920	1.000000e+00	1.000000e+00	
GOBP_PROTEIN_MATURATION_BY_IRON_SULFUR_CLUSTER_TRANSFER	go_bp	0	3	17	34	2920	1.000000e+00	1.000000e+00	
GOBP_PROTEIN_MODIFICATION_BY_SMALL_PROTEIN_REMOVAL	go_bp	0	16	128	34	2920	1.000000e+00	1.000000e+00	
GOBP_PROTEIN_MONOUBIQUITINATION	go_bp	0	5	48	34	2920	1.000000e+00	1.000000e+00	
GOBP_PROTEIN_NEDDYLATION	go_bp	0	4	28	34	2920	1.000000e+00	1.000000e+00	
GOBP_PROTEIN_NITROSYLATION	go_bp	0	7	16	34	2920	1.000000e+00	1.000000e+00	
GOBP_PROTEIN_OXIDATION	go_bp	0	4	12	34	2920	1.000000e+00	1.000000e+00	
GOBP_PROTEIN_O_LINKED_GLYCOSYLATION	go_bp	0	16	102	34	2920	1.000000e+00	1.000000e+00	
GOBP_PROTEIN_QUALITY_CONTROL_FOR_MISFOLDED_OR_INCOMPLETELY_SYNTHESIZED_PROTEINS	go_bp	0	3	25	34	2920	1.000000e+00	1.000000e+00	
GOBP_PROTEIN_REFOLDING	go_bp	0	10	27	34	2920	1.000000e+00	1.000000e+00	
GOBP_PROTEIN_TARGETING_TO_LYSOSOME	go_bp	0	10	33	34	2920	1.000000e+00	1.000000e+00	
GOBP_PROTEIN_TARGETING_TO_MEMBRANE	go_bp	0	18	126	34	2920	1.000000e+00	1.000000e+00	
GOBP_PROTEIN_TARGETING_TO_MITOCHONDRION	go_bp	0	15	106	34	2920	1.000000e+00	1.000000e+00	
GOBP_PROTEIN_TARGETING_TO_VACUOLE	go_bp	0	11	48	34	2920	1.000000e+00	1.000000e+00	
GOBP_PROTEIN_TRANSMEMBRANE_IMPORT_INTO_INTRACELLULAR_ORGANELLE	go_bp	0	4	39	34	2920	1.000000e+00	1.000000e+00	
GOBP_PROTEIN_TRANSMEMBRANE_TRANSPORT	go_bp	0	11	74	34	2920	1.000000e+00	1.000000e+00	
GOBP_PROTEIN_TRANSPORT_TO_VACUOLE_INVOLVED_IN_UBIQUITIN_DEPENDENT_PROTEIN_CATABOLIC_PROCESS_VIA_THE_MULTIVESICULAR_BODY_SORTING_PATHWAY	go_bp	0	4	15	34	2920	1.000000e+00	1.000000e+00	
GOBP_PROTEIN_TRANSPORT_WITHIN_LIPID_BILAYER	go_bp	0	3	7	34	2920	1.000000e+00	1.000000e+00	
GOBP_PROTEIN_TRIMERIZATION	go_bp	0	5	17	34	2920	1.000000e+00	1.000000e+00	
GOBP_PROTEOGLYCAN_BIOSYNTHETIC_PROCESS	go_bp	0	9	65	34	2920	1.000000e+00	1.000000e+00	
GOBP_PROTEOGLYCAN_CATABOLIC_PROCESS	go_bp	0	7	11	34	2920	1.000000e+00	1.000000e+00	
GOBP_PROTEOGLYCAN_METABOLIC_PROCESS	go_bp	0	18	89	34	2920	1.000000e+00	1.000000e+00	
GOBP_PROTON_MOTIVE_FORCE_DRIVEN_ATP_SYNTHESIS	go_bp	0	7	76	34	2920	1.000000e+00	1.000000e+00	
GOBP_PROTOPORPHYRINOGEN_IX_BIOSYNTHETIC_PROCESS	go_bp	0	4	9	34	2920	1.000000e+00	1.000000e+00	
GOBP_PROTOPORPHYRINOGEN_IX_METABOLIC_PROCESS	go_bp	0	4	11	34	2920	1.000000e+00	1.000000e+00	
GOBP_PROXIMAL_TUBULE_DEVELOPMENT	go_bp	0	3	10	34	2920	1.000000e+00	1.000000e+00	
GOBP_PSEUDOPODIUM_ORGANIZATION	go_bp	0	3	17	34	2920	1.000000e+00	1.000000e+00	
GOBP_PTERIDINE_CONTAINING_COMPOUND_BIOSYNTHETIC_PROCESS	go_bp	0	4	15	34	2920	1.000000e+00	1.000000e+00	
GOBP_PTERIDINE_CONTAINING_COMPOUND_METABOLIC_PROCESS	go_bp	0	11	35	34	2920	1.000000e+00	1.000000e+00	
GOBP_PULMONARY_VALVE_MORPHOGENESIS	go_bp	0	10	20	34	2920	1.000000e+00	1.000000e+00	
GOBP_PURINE_DEOXYRIBONUCLEOSIDE_MONOPHOSPHATE_CATABOLIC_PROCESS	go_bp	0	3	6	34	2920	1.000000e+00	1.000000e+00	
GOBP_PURINE_DEOXYRIBONUCLEOSIDE_MONOPHOSPHATE_METABOLIC_PROCESS	go_bp	0	4	11	34	2920	1.000000e+00	1.000000e+00	
GOBP_PURINE_DEOXYRIBONUCLEOSIDE_TRIPHOSPHATE_METABOLIC_PROCESS	go_bp	0	4	7	34	2920	1.000000e+00	1.000000e+00	
GOBP_PURINE_DEOXYRIBONUCLEOTIDE_CATABOLIC_PROCESS	go_bp	0	5	10	34	2920	1.000000e+00	1.000000e+00	
GOBP_PURINE_NUCLEOBASE_BIOSYNTHETIC_PROCESS	go_bp	0	5	10	34	2920	1.000000e+00	1.000000e+00	
GOBP_PURINE_NUCLEOBASE_METABOLIC_PROCESS	go_bp	0	8	20	34	2920	1.000000e+00	1.000000e+00	
GOBP_PURINE_NUCLEOSIDE_DIPHOSPHATE_BIOSYNTHETIC_PROCESS	go_bp	0	3	6	34	2920	1.000000e+00	1.000000e+00	
GOBP_PURINE_NUCLEOSIDE_METABOLIC_PROCESS	go_bp	0	7	27	34	2920	1.000000e+00	1.000000e+00	
GOBP_PURINE_NUCLEOSIDE_MONOPHOSPHATE_BIOSYNTHETIC_PROCESS	go_bp	0	5	21	34	2920	1.000000e+00	1.000000e+00	
GOBP_PURINE_NUCLEOSIDE_MONOPHOSPHATE_METABOLIC_PROCESS	go_bp	0	13	43	34	2920	1.000000e+00	1.000000e+00	
GOBP_PURINE_NUCLEOSIDE_TRIPHOSPHATE_CATABOLIC_PROCESS	go_bp	0	4	5	34	2920	1.000000e+00	1.000000e+00	
GOBP_PURINE_NUCLEOTIDE_SALVAGE	go_bp	0	4	11	34	2920	1.000000e+00	1.000000e+00	
GOBP_PURINE_RIBONUCLEOSIDE_METABOLIC_PROCESS	go_bp	0	7	22	34	2920	1.000000e+00	1.000000e+00	
GOBP_PURINE_RIBONUCLEOSIDE_SALVAGE	go_bp	0	3	7	34	2920	1.000000e+00	1.000000e+00	
GOBP_PURINE_RIBONUCLEOTIDE_SALVAGE	go_bp	0	3	8	34	2920	1.000000e+00	1.000000e+00	
GOBP_PUTRESCINE_METABOLIC_PROCESS	go_bp	0	3	8	34	2920	1.000000e+00	1.000000e+00	
GOBP_PYRIDINE_CONTAINING_COMPOUND_BIOSYNTHETIC_PROCESS	go_bp	0	7	31	34	2920	1.000000e+00	1.000000e+00	
GOBP_PYRIDINE_CONTAINING_COMPOUND_CATABOLIC_PROCESS	go_bp	0	20	100	34	2920	1.000000e+00	1.000000e+00	
GOBP_PYRIDINE_NUCLEOTIDE_BIOSYNTHETIC_PROCESS	go_bp	0	7	28	34	2920	1.000000e+00	1.000000e+00	
GOBP_PYRIMIDINE_CONTAINING_COMPOUND_BIOSYNTHETIC_PROCESS	go_bp	0	10	42	34	2920	1.000000e+00	1.000000e+00	
GOBP_PYRIMIDINE_CONTAINING_COMPOUND_CATABOLIC_PROCESS	go_bp	0	10	44	34	2920	1.000000e+00	1.000000e+00	
GOBP_PYRIMIDINE_CONTAINING_COMPOUND_METABOLIC_PROCESS	go_bp	0	19	90	34	2920	1.000000e+00	1.000000e+00	
GOBP_PYRIMIDINE_DEOXYRIBONUCLEOSIDE_MONOPHOSPHATE_METABOLIC_PROCESS	go_bp	0	5	11	34	2920	1.000000e+00	1.000000e+00	
GOBP_PYRIMIDINE_DEOXYRIBONUCLEOSIDE_TRIPHOSPHATE_METABOLIC_PROCESS	go_bp	0	3	6	34	2920	1.000000e+00	1.000000e+00	
GOBP_PYRIMIDINE_DEOXYRIBONUCLEOTIDE_BIOSYNTHETIC_PROCESS	go_bp	0	3	6	34	2920	1.000000e+00	1.000000e+00	
GOBP_PYRIMIDINE_DEOXYRIBONUCLEOTIDE_METABOLIC_PROCESS	go_bp	0	8	23	34	2920	1.000000e+00	1.000000e+00	
GOBP_PYRIMIDINE_NUCLEOBASE_METABOLIC_PROCESS	go_bp	0	3	21	34	2920	1.000000e+00	1.000000e+00	
GOBP_PYRIMIDINE_NUCLEOSIDE_CATABOLIC_PROCESS	go_bp	0	3	17	34	2920	1.000000e+00	1.000000e+00	
GOBP_PYRIMIDINE_NUCLEOSIDE_DIPHOSPHATE_METABOLIC_PROCESS	go_bp	0	3	9	34	2920	1.000000e+00	1.000000e+00	
GOBP_PYRIMIDINE_NUCLEOSIDE_METABOLIC_PROCESS	go_bp	0	7	25	34	2920	1.000000e+00	1.000000e+00	
GOBP_PYRIMIDINE_NUCLEOSIDE_MONOPHOSPHATE_BIOSYNTHETIC_PROCESS	go_bp	0	4	15	34	2920	1.000000e+00	1.000000e+00	
GOBP_PYRIMIDINE_NUCLEOSIDE_MONOPHOSPHATE_CATABOLIC_PROCESS	go_bp	0	3	8	34	2920	1.000000e+00	1.000000e+00	
GOBP_PYRIMIDINE_NUCLEOSIDE_MONOPHOSPHATE_METABOLIC_PROCESS	go_bp	0	7	21	34	2920	1.000000e+00	1.000000e+00	
GOBP_PYRIMIDINE_NUCLEOSIDE_TRIPHOSPHATE_BIOSYNTHETIC_PROCESS	go_bp	0	3	19	34	2920	1.000000e+00	1.000000e+00	
GOBP_PYRIMIDINE_NUCLEOSIDE_TRIPHOSPHATE_METABOLIC_PROCESS	go_bp	0	5	24	34	2920	1.000000e+00	1.000000e+00	
GOBP_PYRIMIDINE_NUCLEOTIDE_BIOSYNTHETIC_PROCESS	go_bp	0	7	32	34	2920	1.000000e+00	1.000000e+00	
GOBP_PYRIMIDINE_NUCLEOTIDE_CATABOLIC_PROCESS	go_bp	0	7	21	34	2920	1.000000e+00	1.000000e+00	
GOBP_PYRIMIDINE_NUCLEOTIDE_METABOLIC_PROCESS	go_bp	0	14	53	34	2920	1.000000e+00	1.000000e+00	
GOBP_PYRIMIDINE_RIBONUCLEOSIDE_MONOPHOSPHATE_METABOLIC_PROCESS	go_bp	0	4	16	34	2920	1.000000e+00	1.000000e+00	
GOBP_PYRIMIDINE_RIBONUCLEOTIDE_BIOSYNTHETIC_PROCESS	go_bp	0	4	24	34	2920	1.000000e+00	1.000000e+00	
GOBP_PYRIMIDINE_RIBONUCLEOTIDE_CATABOLIC_PROCESS	go_bp	0	3	8	34	2920	1.000000e+00	1.000000e+00	
GOBP_PYRIMIDINE_RIBONUCLEOTIDE_METABOLIC_PROCESS	go_bp	0	7	32	34	2920	1.000000e+00	1.000000e+00	
GOBP_PYRUVATE_FAMILY_AMINO_ACID_CATABOLIC_PROCESS	go_bp	0	3	10	34	2920	1.000000e+00	1.000000e+00	
GOBP_PYRUVATE_FAMILY_AMINO_ACID_METABOLIC_PROCESS	go_bp	0	5	12	34	2920	1.000000e+00	1.000000e+00	
GOBP_PYRUVATE_METABOLIC_PROCESS	go_bp	0	21	120	34	2920	1.000000e+00	1.000000e+00	
GOBP_QUINONE_METABOLIC_PROCESS	go_bp	0	5	23	34	2920	1.000000e+00	1.000000e+00	
GOBP_RAB_PROTEIN_SIGNAL_TRANSDUCTION	go_bp	0	3	22	34	2920	1.000000e+00	1.000000e+00	
GOBP_RAC_PROTEIN_SIGNAL_TRANSDUCTION	go_bp	0	13	49	34	2920	1.000000e+00	1.000000e+00	
GOBP_RECEPTOR_CATABOLIC_PROCESS	go_bp	0	10	28	34	2920	1.000000e+00	1.000000e+00	
GOBP_RECEPTOR_CLUSTERING	go_bp	0	22	61	34	2920	1.000000e+00	1.000000e+00	
GOBP_RECEPTOR_GUANYLYL_CYCLASE_SIGNALING_PATHWAY	go_bp	0	4	11	34	2920	1.000000e+00	1.000000e+00	
GOBP_RECEPTOR_LOCALIZATION_TO_SYNAPSE	go_bp	0	19	62	34	2920	1.000000e+00	1.000000e+00	
GOBP_RECEPTOR_MEDIATED_ENDOCYTOSIS_INVOLVED_IN_CHOLESTEROL_TRANSPORT	go_bp	0	5	9	34	2920	1.000000e+00	1.000000e+00	
GOBP_RECEPTOR_MEDIATED_VIRION_ATTACHMENT_TO_HOST_CELL	go_bp	0	5	6	34	2920	1.000000e+00	1.000000e+00	
GOBP_RECEPTOR_METABOLIC_PROCESS	go_bp	0	19	72	34	2920	1.000000e+00	1.000000e+00	
GOBP_RECEPTOR_RECYCLING	go_bp	0	11	47	34	2920	1.000000e+00	1.000000e+00	
GOBP_RECOGNITION_OF_APOPTOTIC_CELL	go_bp	0	5	7	34	2920	1.000000e+00	1.000000e+00	
GOBP_REGULATION_BY_VIRUS_OF_VIRAL_PROTEIN_LEVELS_IN_HOST_CELL	go_bp	0	3	7	34	2920	1.000000e+00	1.000000e+00	
GOBP_REGULATION_OF_ACROSOME_REACTION	go_bp	0	8	18	34	2920	1.000000e+00	1.000000e+00	
GOBP_REGULATION_OF_ACTIN_FILAMENT_BASED_MOVEMENT	go_bp	0	7	41	34	2920	1.000000e+00	1.000000e+00	
GOBP_REGULATION_OF_ACTIN_NUCLEATION	go_bp	0	10	40	34	2920	1.000000e+00	1.000000e+00	
GOBP_REGULATION_OF_ACTION_POTENTIAL	go_bp	0	11	61	34	2920	1.000000e+00	1.000000e+00	
GOBP_REGULATION_OF_ACUTE_INFLAMMATORY_RESPONSE	go_bp	0	20	48	34	2920	1.000000e+00	1.000000e+00	
GOBP_REGULATION_OF_ADAPTIVE_IMMUNE_RESPONSE	go_bp	0	83	213	34	2920	1.000000e+00	1.000000e+00	
GOBP_REGULATION_OF_ADENYLATE_CYCLASE_ACTIVATING_G_PROTEIN_COUPLED_RECEPTOR_SIGNALING_PATHWAY	go_bp	0	5	20	34	2920	1.000000e+00	1.000000e+00	
GOBP_REGULATION_OF_ADHERENS_JUNCTION_ORGANIZATION	go_bp	0	3	5	34	2920	1.000000e+00	1.000000e+00	
GOBP_REGULATION_OF_ADIPOSE_TISSUE_DEVELOPMENT	go_bp	0	4	16	34	2920	1.000000e+00	1.000000e+00	
GOBP_REGULATION_OF_AEROBIC_RESPIRATION	go_bp	0	5	33	34	2920	1.000000e+00	1.000000e+00	
GOBP_REGULATION_OF_ALCOHOL_BIOSYNTHETIC_PROCESS	go_bp	0	15	54	34	2920	1.000000e+00	1.000000e+00	
GOBP_REGULATION_OF_ALDOSTERONE_METABOLIC_PROCESS	go_bp	0	4	8	34	2920	1.000000e+00	1.000000e+00	
GOBP_REGULATION_OF_ALTERNATIVE_MRNA_SPLICING_VIA_SPLICEOSOME	go_bp	0	9	55	34	2920	1.000000e+00	1.000000e+00	
GOBP_REGULATION_OF_AMIDE_METABOLIC_PROCESS	go_bp	0	20	81	34	2920	1.000000e+00	1.000000e+00	
GOBP_REGULATION_OF_AMINE_METABOLIC_PROCESS	go_bp	0	7	31	34	2920	1.000000e+00	1.000000e+00	
GOBP_REGULATION_OF_AMINO_ACID_TRANSMEMBRANE_TRANSPORT	go_bp	0	3	16	34	2920	1.000000e+00	1.000000e+00	
GOBP_REGULATION_OF_AMINO_ACID_TRANSPORT	go_bp	0	11	42	34	2920	1.000000e+00	1.000000e+00	
GOBP_REGULATION_OF_AMPA_RECEPTOR_ACTIVITY	go_bp	0	3	19	34	2920	1.000000e+00	1.000000e+00	
GOBP_REGULATION_OF_AMYLOID_BETA_CLEARANCE	go_bp	0	9	19	34	2920	1.000000e+00	1.000000e+00	
GOBP_REGULATION_OF_AMYLOID_FIBRIL_FORMATION	go_bp	0	9	17	34	2920	1.000000e+00	1.000000e+00	
GOBP_REGULATION_OF_AMYLOID_PRECURSOR_PROTEIN_CATABOLIC_PROCESS	go_bp	0	15	55	34	2920	1.000000e+00	1.000000e+00	
GOBP_REGULATION_OF_ANIMAL_ORGAN_FORMATION	go_bp	0	7	28	34	2920	1.000000e+00	1.000000e+00	
GOBP_REGULATION_OF_ANOIKIS	go_bp	0	8	24	34	2920	1.000000e+00	1.000000e+00	
GOBP_REGULATION_OF_ANTIBACTERIAL_PEPTIDE_PRODUCTION	go_bp	0	4	7	34	2920	1.000000e+00	1.000000e+00	
GOBP_REGULATION_OF_ANTIGEN_PROCESSING_AND_PRESENTATION	go_bp	0	7	20	34	2920	1.000000e+00	1.000000e+00	
GOBP_REGULATION_OF_APOPTOTIC_DNA_FRAGMENTATION	go_bp	0	5	11	34	2920	1.000000e+00	1.000000e+00	
GOBP_REGULATION_OF_APOPTOTIC_PROCESS_INVOLVED_IN_DEVELOPMENT	go_bp	0	5	13	34	2920	1.000000e+00	1.000000e+00	
GOBP_REGULATION_OF_ARP2_3_COMPLEX_MEDIATED_ACTIN_NUCLEATION	go_bp	0	7	31	34	2920	1.000000e+00	1.000000e+00	
GOBP_REGULATION_OF_ASPARTIC_TYPE_ENDOPEPTIDASE_ACTIVITY_INVOLVED_IN_AMYLOID_PRECURSOR_PROTEIN_CATABOLIC_PROCESS	go_bp	0	4	6	34	2920	1.000000e+00	1.000000e+00	
GOBP_REGULATION_OF_ASPARTIC_TYPE_PEPTIDASE_ACTIVITY	go_bp	0	5	7	34	2920	1.000000e+00	1.000000e+00	
GOBP_REGULATION_OF_ASTROCYTE_ACTIVATION	go_bp	0	3	8	34	2920	1.000000e+00	1.000000e+00	
GOBP_REGULATION_OF_ATP_BIOSYNTHETIC_PROCESS	go_bp	0	4	16	34	2920	1.000000e+00	1.000000e+00	
GOBP_REGULATION_OF_ATP_DEPENDENT_ACTIVITY	go_bp	0	21	63	34	2920	1.000000e+00	1.000000e+00	
GOBP_REGULATION_OF_ATTACHMENT_OF_SPINDLE_MICROTUBULES_TO_KINETOCHORE	go_bp	0	3	22	34	2920	1.000000e+00	1.000000e+00	
GOBP_REGULATION_OF_AUTOPHAGOSOME_ASSEMBLY	go_bp	0	8	49	34	2920	1.000000e+00	1.000000e+00	
GOBP_REGULATION_OF_AUTOPHAGY_OF_MITOCHONDRION	go_bp	0	7	44	34	2920	1.000000e+00	1.000000e+00	
GOBP_REGULATION_OF_AUTOPHAGY_OF_MITOCHONDRION_IN_RESPONSE_TO_MITOCHONDRIAL_DEPOLARIZATION	go_bp	0	4	15	34	2920	1.000000e+00	1.000000e+00	
GOBP_REGULATION_OF_AXON_GUIDANCE	go_bp	0	3	11	34	2920	1.000000e+00	1.000000e+00	
GOBP_REGULATION_OF_BASEMENT_MEMBRANE_ORGANIZATION	go_bp	0	7	11	34	2920	1.000000e+00	1.000000e+00	
GOBP_REGULATION_OF_BILE_ACID_BIOSYNTHETIC_PROCESS	go_bp	0	4	12	34	2920	1.000000e+00	1.000000e+00	
GOBP_REGULATION_OF_BILE_ACID_METABOLIC_PROCESS	go_bp	0	5	15	34	2920	1.000000e+00	1.000000e+00	
GOBP_REGULATION_OF_BINDING_OF_SPERM_TO_ZONA_PELLUCIDA	go_bp	0	3	5	34	2920	1.000000e+00	1.000000e+00	
GOBP_REGULATION_OF_BIOLOGICAL_PROCESS_INVOLVED_IN_SYMBIOTIC_INTERACTION	go_bp	0	21	65	34	2920	1.000000e+00	1.000000e+00	
GOBP_REGULATION_OF_BLOOD_BRAIN_BARRIER_PERMEABILITY	go_bp	0	4	9	34	2920	1.000000e+00	1.000000e+00	
GOBP_REGULATION_OF_BLOOD_VOLUME_BY_RENIN_ANGIOTENSIN	go_bp	0	4	7	34	2920	1.000000e+00	1.000000e+00	
GOBP_REGULATION_OF_BONE_DEVELOPMENT	go_bp	0	4	10	34	2920	1.000000e+00	1.000000e+00	
GOBP_REGULATION_OF_BONE_MINERALIZATION	go_bp	0	21	81	34	2920	1.000000e+00	1.000000e+00	
GOBP_REGULATION_OF_BONE_RESORPTION	go_bp	0	19	43	34	2920	1.000000e+00	1.000000e+00	
GOBP_REGULATION_OF_BRANCHING_INVOLVED_IN_LUNG_MORPHOGENESIS	go_bp	0	3	6	34	2920	1.000000e+00	1.000000e+00	
GOBP_REGULATION_OF_BRANCHING_INVOLVED_IN_PROSTATE_GLAND_MORPHOGENESIS	go_bp	0	3	5	34	2920	1.000000e+00	1.000000e+00	
GOBP_REGULATION_OF_BRANCHING_INVOLVED_IN_SALIVARY_GLAND_MORPHOGENESIS	go_bp	0	4	9	34	2920	1.000000e+00	1.000000e+00	
GOBP_REGULATION_OF_BRANCHING_INVOLVED_IN_URETERIC_BUD_MORPHOGENESIS	go_bp	0	7	21	34	2920	1.000000e+00	1.000000e+00	
GOBP_REGULATION_OF_B_CELL_APOPTOTIC_PROCESS	go_bp	0	9	20	34	2920	1.000000e+00	1.000000e+00	
GOBP_REGULATION_OF_B_CELL_RECEPTOR_SIGNALING_PATHWAY	go_bp	0	5	24	34	2920	1.000000e+00	1.000000e+00	
GOBP_REGULATION_OF_CALCIDIOL_1_MONOOXYGENASE_ACTIVITY	go_bp	0	4	7	34	2920	1.000000e+00	1.000000e+00	
GOBP_REGULATION_OF_CALCINEURIN_MEDIATED_SIGNALING	go_bp	0	8	40	34	2920	1.000000e+00	1.000000e+00	
GOBP_REGULATION_OF_CALCIUM_ION_IMPORT	go_bp	0	16	48	34	2920	1.000000e+00	1.000000e+00	
GOBP_REGULATION_OF_CARBOHYDRATE_CATABOLIC_PROCESS	go_bp	0	13	63	34	2920	1.000000e+00	1.000000e+00	
GOBP_REGULATION_OF_CARDIAC_CONDUCTION	go_bp	0	5	28	34	2920	1.000000e+00	1.000000e+00	
GOBP_REGULATION_OF_CARDIAC_MUSCLE_ADAPTATION	go_bp	0	4	18	34	2920	1.000000e+00	1.000000e+00	
GOBP_REGULATION_OF_CARDIAC_MUSCLE_CELL_ACTION_POTENTIAL	go_bp	0	5	29	34	2920	1.000000e+00	1.000000e+00	
GOBP_REGULATION_OF_CARDIAC_MUSCLE_CELL_DIFFERENTIATION	go_bp	0	5	22	34	2920	1.000000e+00	1.000000e+00	
GOBP_REGULATION_OF_CARDIAC_MUSCLE_CELL_MEMBRANE_REPOLARIZATION	go_bp	0	4	30	34	2920	1.000000e+00	1.000000e+00	
GOBP_REGULATION_OF_CARDIAC_MUSCLE_CONTRACTION	go_bp	0	18	78	34	2920	1.000000e+00	1.000000e+00	
GOBP_REGULATION_OF_CARDIAC_MUSCLE_CONTRACTION_BY_CALCIUM_ION_SIGNALING	go_bp	0	9	27	34	2920	1.000000e+00	1.000000e+00	
GOBP_REGULATION_OF_CARDIOCYTE_DIFFERENTIATION	go_bp	0	7	33	34	2920	1.000000e+00	1.000000e+00	
GOBP_REGULATION_OF_CD4_POSITIVE_ALPHA_BETA_T_CELL_DIFFERENTIATION	go_bp	0	18	58	34	2920	1.000000e+00	1.000000e+00	
GOBP_REGULATION_OF_CD4_POSITIVE_CD25_POSITIVE_ALPHA_BETA_REGULATORY_T_CELL_DIFFERENTIATION	go_bp	0	4	7	34	2920	1.000000e+00	1.000000e+00	
GOBP_REGULATION_OF_CD8_POSITIVE_ALPHA_BETA_T_CELL_ACTIVATION	go_bp	0	8	20	34	2920	1.000000e+00	1.000000e+00	
GOBP_REGULATION_OF_CDC42_PROTEIN_SIGNAL_TRANSDUCTION	go_bp	0	4	8	34	2920	1.000000e+00	1.000000e+00	
GOBP_REGULATION_OF_CELLULAR_LOCALIZATION	go_bp	0	233	988	34	2920	1.000000e+00	1.000000e+00	
GOBP_REGULATION_OF_CELLULAR_PH_REDUCTION	go_bp	0	3	8	34	2920	1.000000e+00	1.000000e+00	
GOBP_REGULATION_OF_CELLULAR_RESPONSE_TO_HYPOXIA	go_bp	0	4	20	34	2920	1.000000e+00	1.000000e+00	
GOBP_REGULATION_OF_CELLULAR_RESPONSE_TO_INSULIN_STIMULUS	go_bp	0	19	78	34	2920	1.000000e+00	1.000000e+00	
GOBP_REGULATION_OF_CELLULAR_RESPONSE_TO_MACROPHAGE_COLONY_STIMULATING_FACTOR_STIMULUS	go_bp	0	4	6	34	2920	1.000000e+00	1.000000e+00	
GOBP_REGULATION_OF_CELLULAR_RESPONSE_TO_OSMOTIC_STRESS	go_bp	0	3	13	34	2920	1.000000e+00	1.000000e+00	
GOBP_REGULATION_OF_CELLULAR_RESPONSE_TO_VASCULAR_ENDOTHELIAL_GROWTH_FACTOR_STIMULUS	go_bp	0	13	31	34	2920	1.000000e+00	1.000000e+00	
GOBP_REGULATION_OF_CELLULAR_SENESCENCE	go_bp	0	11	55	34	2920	1.000000e+00	1.000000e+00	
GOBP_REGULATION_OF_CELL_CELL_ADHESION_MEDIATED_BY_CADHERIN	go_bp	0	8	21	34	2920	1.000000e+00	1.000000e+00	
GOBP_REGULATION_OF_CELL_CELL_ADHESION_MEDIATED_BY_INTEGRIN	go_bp	0	8	11	34	2920	1.000000e+00	1.000000e+00	
GOBP_REGULATION_OF_CELL_CHEMOTAXIS_TO_FIBROBLAST_GROWTH_FACTOR	go_bp	0	3	10	34	2920	1.000000e+00	1.000000e+00	
GOBP_REGULATION_OF_CELL_COMMUNICATION_BY_ELECTRICAL_COUPLING	go_bp	0	3	16	34	2920	1.000000e+00	1.000000e+00	
GOBP_REGULATION_OF_CELL_FATE_COMMITMENT	go_bp	0	7	45	34	2920	1.000000e+00	1.000000e+00	
GOBP_REGULATION_OF_CELL_GROWTH_INVOLVED_IN_CARDIAC_MUSCLE_CELL_DEVELOPMENT	go_bp	0	3	21	34	2920	1.000000e+00	1.000000e+00	
GOBP_REGULATION_OF_CELL_MATURATION	go_bp	0	10	24	34	2920	1.000000e+00	1.000000e+00	
GOBP_REGULATION_OF_CELL_MIGRATION_INVOLVED_IN_SPROUTING_ANGIOGENESIS	go_bp	0	15	82	34	2920	1.000000e+00	1.000000e+00	
GOBP_REGULATION_OF_CELL_PROLIFERATION_INVOLVED_IN_KIDNEY_DEVELOPMENT	go_bp	0	5	16	34	2920	1.000000e+00	1.000000e+00	
GOBP_REGULATION_OF_CENTRIOLE_REPLICATION	go_bp	0	5	23	34	2920	1.000000e+00	1.000000e+00	
GOBP_REGULATION_OF_CENTROSOME_CYCLE	go_bp	0	8	54	34	2920	1.000000e+00	1.000000e+00	
GOBP_REGULATION_OF_CHEMOKINE_MEDIATED_SIGNALING_PATHWAY	go_bp	0	8	12	34	2920	1.000000e+00	1.000000e+00	
GOBP_REGULATION_OF_CHOLESTEROL_BIOSYNTHETIC_PROCESS	go_bp	0	4	26	34	2920	1.000000e+00	1.000000e+00	
GOBP_REGULATION_OF_CHOLESTEROL_EFFLUX	go_bp	0	13	54	34	2920	1.000000e+00	1.000000e+00	
GOBP_REGULATION_OF_CHOLESTEROL_METABOLIC_PROCESS	go_bp	0	10	42	34	2920	1.000000e+00	1.000000e+00	
GOBP_REGULATION_OF_CHOLESTEROL_STORAGE	go_bp	0	7	19	34	2920	1.000000e+00	1.000000e+00	
GOBP_REGULATION_OF_CHROMATIN_ORGANIZATION	go_bp	0	3	35	34	2920	1.000000e+00	1.000000e+00	
GOBP_REGULATION_OF_CHROMOSOME_SEGREGATION	go_bp	0	16	132	34	2920	1.000000e+00	1.000000e+00	
GOBP_REGULATION_OF_CHRONIC_INFLAMMATORY_RESPONSE	go_bp	0	5	9	34	2920	1.000000e+00	1.000000e+00	
GOBP_REGULATION_OF_CILIUM_ASSEMBLY	go_bp	0	13	99	34	2920	1.000000e+00	1.000000e+00	
GOBP_REGULATION_OF_CILIUM_DEPENDENT_CELL_MOTILITY	go_bp	0	3	31	34	2920	1.000000e+00	1.000000e+00	
GOBP_REGULATION_OF_CILIUM_MOVEMENT	go_bp	0	3	42	34	2920	1.000000e+00	1.000000e+00	
GOBP_REGULATION_OF_CLATHRIN_DEPENDENT_ENDOCYTOSIS	go_bp	0	5	18	34	2920	1.000000e+00	1.000000e+00	
GOBP_REGULATION_OF_COLLATERAL_SPROUTING	go_bp	0	8	20	34	2920	1.000000e+00	1.000000e+00	
GOBP_REGULATION_OF_COMPLEMENT_ACTIVATION	go_bp	0	15	23	34	2920	1.000000e+00	1.000000e+00	
GOBP_REGULATION_OF_COMPLEMENT_ACTIVATION_ALTERNATIVE_PATHWAY	go_bp	0	4	6	34	2920	1.000000e+00	1.000000e+00	
GOBP_REGULATION_OF_COMPLEMENT_DEPENDENT_CYTOTOXICITY	go_bp	0	10	11	34	2920	1.000000e+00	1.000000e+00	
GOBP_REGULATION_OF_CORTICOSTEROID_HORMONE_SECRETION	go_bp	0	10	16	34	2920	1.000000e+00	1.000000e+00	
GOBP_REGULATION_OF_CORTICOTROPIN_SECRETION	go_bp	0	3	5	34	2920	1.000000e+00	1.000000e+00	
GOBP_REGULATION_OF_CYCLIN_DEPENDENT_PROTEIN_KINASE_ACTIVITY	go_bp	0	15	79	34	2920	1.000000e+00	1.000000e+00	
GOBP_REGULATION_OF_CYTOKINESIS	go_bp	0	13	95	34	2920	1.000000e+00	1.000000e+00	
GOBP_REGULATION_OF_CYTOKINETIC_PROCESS	go_bp	0	3	7	34	2920	1.000000e+00	1.000000e+00	
GOBP_REGULATION_OF_CYTOPLASMIC_TRANSLATION	go_bp	0	3	35	34	2920	1.000000e+00	1.000000e+00	
GOBP_REGULATION_OF_CYTOSOLIC_CALCIUM_ION_CONCENTRATION	go_bp	0	14	59	34	2920	1.000000e+00	1.000000e+00	
GOBP_REGULATION_OF_DEFENSE_RESPONSE_TO_VIRUS	go_bp	0	15	63	34	2920	1.000000e+00	1.000000e+00	
GOBP_REGULATION_OF_DEFENSE_RESPONSE_TO_VIRUS_BY_HOST	go_bp	0	11	42	34	2920	1.000000e+00	1.000000e+00	
GOBP_REGULATION_OF_DENDRITE_DEVELOPMENT	go_bp	0	20	100	34	2920	1.000000e+00	1.000000e+00	
GOBP_REGULATION_OF_DENDRITE_MORPHOGENESIS	go_bp	0	10	65	34	2920	1.000000e+00	1.000000e+00	
GOBP_REGULATION_OF_DENDRITIC_CELL_ANTIGEN_PROCESSING_AND_PRESENTATION	go_bp	0	4	11	34	2920	1.000000e+00	1.000000e+00	
GOBP_REGULATION_OF_DENDRITIC_CELL_DIFFERENTIATION	go_bp	0	8	15	34	2920	1.000000e+00	1.000000e+00	
GOBP_REGULATION_OF_DENDRITIC_SPINE_MAINTENANCE	go_bp	0	4	13	34	2920	1.000000e+00	1.000000e+00	
GOBP_REGULATION_OF_DENDRITIC_SPINE_MORPHOGENESIS	go_bp	0	7	45	34	2920	1.000000e+00	1.000000e+00	
GOBP_REGULATION_OF_DEOXYRIBONUCLEASE_ACTIVITY	go_bp	0	5	10	34	2920	1.000000e+00	1.000000e+00	
GOBP_REGULATION_OF_DEVELOPMENT_HETEROCHRONIC	go_bp	0	4	13	34	2920	1.000000e+00	1.000000e+00	
GOBP_REGULATION_OF_DNA_BINDING	go_bp	0	14	74	34	2920	1.000000e+00	1.000000e+00	
GOBP_REGULATION_OF_DNA_CATABOLIC_PROCESS	go_bp	0	5	13	34	2920	1.000000e+00	1.000000e+00	
GOBP_REGULATION_OF_DNA_DAMAGE_CHECKPOINT	go_bp	0	3	21	34	2920	1.000000e+00	1.000000e+00	
GOBP_REGULATION_OF_DNA_METABOLIC_PROCESS	go_bp	0	86	515	34	2920	1.000000e+00	1.000000e+00	
GOBP_REGULATION_OF_DNA_REPLICATION	go_bp	0	19	127	34	2920	1.000000e+00	1.000000e+00	
GOBP_REGULATION_OF_DNA_TEMPLATED_DNA_REPLICATION	go_bp	0	4	49	34	2920	1.000000e+00	1.000000e+00	
GOBP_REGULATION_OF_DNA_TEMPLATED_TRANSCRIPTION_ELONGATION	go_bp	0	9	100	34	2920	1.000000e+00	1.000000e+00	
GOBP_REGULATION_OF_DNA_TEMPLATED_TRANSCRIPTION_INITIATION	go_bp	0	8	82	34	2920	1.000000e+00	1.000000e+00	
GOBP_REGULATION_OF_DOPAMINERGIC_NEURON_DIFFERENTIATION	go_bp	0	4	10	34	2920	1.000000e+00	1.000000e+00	
GOBP_REGULATION_OF_DOUBLE_STRAND_BREAK_REPAIR	go_bp	0	22	143	34	2920	1.000000e+00	1.000000e+00	
GOBP_REGULATION_OF_DOUBLE_STRAND_BREAK_REPAIR_VIA_HOMOLOGOUS_RECOMBINATION	go_bp	0	15	82	34	2920	1.000000e+00	1.000000e+00	
GOBP_REGULATION_OF_DOUBLE_STRAND_BREAK_REPAIR_VIA_NONHOMOLOGOUS_END_JOINING	go_bp	0	3	30	34	2920	1.000000e+00	1.000000e+00	
GOBP_REGULATION_OF_EARLY_ENDOSOME_TO_LATE_ENDOSOME_TRANSPORT	go_bp	0	4	19	34	2920	1.000000e+00	1.000000e+00	
GOBP_REGULATION_OF_EMBRYONIC_DEVELOPMENT	go_bp	0	19	92	34	2920	1.000000e+00	1.000000e+00	
GOBP_REGULATION_OF_ENDOCRINE_PROCESS	go_bp	0	16	40	34	2920	1.000000e+00	1.000000e+00	
GOBP_REGULATION_OF_ENDOCYTIC_RECYCLING	go_bp	0	3	21	34	2920	1.000000e+00	1.000000e+00	
GOBP_REGULATION_OF_ENDODEOXYRIBONUCLEASE_ACTIVITY	go_bp	0	3	8	34	2920	1.000000e+00	1.000000e+00	
GOBP_REGULATION_OF_ENDODERMAL_CELL_DIFFERENTIATION	go_bp	0	3	7	34	2920	1.000000e+00	1.000000e+00	
GOBP_REGULATION_OF_ENDOPLASMIC_RETICULUM_STRESS_INDUCED_INTRINSIC_APOPTOTIC_SIGNALING_PATHWAY	go_bp	0	13	32	34	2920	1.000000e+00	1.000000e+00	
GOBP_REGULATION_OF_ENDOSOME_SIZE	go_bp	0	3	13	34	2920	1.000000e+00	1.000000e+00	
GOBP_REGULATION_OF_ENDOTHELIAL_CELL_DEVELOPMENT	go_bp	0	10	18	34	2920	1.000000e+00	1.000000e+00	
GOBP_REGULATION_OF_ENDOTHELIAL_CELL_DIFFERENTIATION	go_bp	0	16	47	34	2920	1.000000e+00	1.000000e+00	
GOBP_REGULATION_OF_EOSINOPHIL_MIGRATION	go_bp	0	4	5	34	2920	1.000000e+00	1.000000e+00	
GOBP_REGULATION_OF_EPIDERMIS_DEVELOPMENT	go_bp	0	9	65	34	2920	1.000000e+00	1.000000e+00	
GOBP_REGULATION_OF_EPITHELIAL_CELL_DIFFERENTIATION_INVOLVED_IN_KIDNEY_DEVELOPMENT	go_bp	0	5	16	34	2920	1.000000e+00	1.000000e+00	
GOBP_REGULATION_OF_EPITHELIAL_CELL_PROLIFERATION_INVOLVED_IN_LUNG_MORPHOGENESIS	go_bp	0	3	7	34	2920	1.000000e+00	1.000000e+00	
GOBP_REGULATION_OF_ERAD_PATHWAY	go_bp	0	4	24	34	2920	1.000000e+00	1.000000e+00	
GOBP_REGULATION_OF_ERYTHROCYTE_DIFFERENTIATION	go_bp	0	10	47	34	2920	1.000000e+00	1.000000e+00	
GOBP_REGULATION_OF_ESTABLISHMENT_OF_PROTEIN_LOCALIZATION_TO_MITOCHONDRION	go_bp	0	9	47	34	2920	1.000000e+00	1.000000e+00	
GOBP_REGULATION_OF_ESTABLISHMENT_OR_MAINTENANCE_OF_CELL_POLARITY	go_bp	0	7	26	34	2920	1.000000e+00	1.000000e+00	
GOBP_REGULATION_OF_EXCITATORY_SYNAPSE_ASSEMBLY	go_bp	0	3	17	34	2920	1.000000e+00	1.000000e+00	
GOBP_REGULATION_OF_EXCRETION	go_bp	0	5	11	34	2920	1.000000e+00	1.000000e+00	
GOBP_REGULATION_OF_EXECUTION_PHASE_OF_APOPTOSIS	go_bp	0	9	23	34	2920	1.000000e+00	1.000000e+00	
GOBP_REGULATION_OF_EXIT_FROM_MITOSIS	go_bp	0	4	18	34	2920	1.000000e+00	1.000000e+00	
GOBP_REGULATION_OF_EXOSOMAL_SECRETION	go_bp	0	8	19	34	2920	1.000000e+00	1.000000e+00	
GOBP_REGULATION_OF_EXTRACELLULAR_MATRIX_CONSTITUENT_SECRETION	go_bp	0	5	9	34	2920	1.000000e+00	1.000000e+00	
GOBP_REGULATION_OF_EXTRACELLULAR_MATRIX_DISASSEMBLY	go_bp	0	10	18	34	2920	1.000000e+00	1.000000e+00	
GOBP_REGULATION_OF_EXTRINSIC_APOPTOTIC_SIGNALING_PATHWAY_IN_ABSENCE_OF_LIGAND	go_bp	0	18	46	34	2920	1.000000e+00	1.000000e+00	
GOBP_REGULATION_OF_EXTRINSIC_APOPTOTIC_SIGNALING_PATHWAY_VIA_DEATH_DOMAIN_RECEPTORS	go_bp	0	13	48	34	2920	1.000000e+00	1.000000e+00	
GOBP_REGULATION_OF_FATTY_ACID_BIOSYNTHETIC_PROCESS	go_bp	0	10	54	34	2920	1.000000e+00	1.000000e+00	
GOBP_REGULATION_OF_FATTY_ACID_METABOLIC_PROCESS	go_bp	0	18	99	34	2920	1.000000e+00	1.000000e+00	
GOBP_REGULATION_OF_FATTY_ACID_TRANSPORT	go_bp	0	14	33	34	2920	1.000000e+00	1.000000e+00	
GOBP_REGULATION_OF_FC_RECEPTOR_MEDIATED_STIMULATORY_SIGNALING_PATHWAY	go_bp	0	4	10	34	2920	1.000000e+00	1.000000e+00	
GOBP_REGULATION_OF_FEEDING_BEHAVIOR	go_bp	0	5	27	34	2920	1.000000e+00	1.000000e+00	
GOBP_REGULATION_OF_FERTILIZATION	go_bp	0	5	17	34	2920	1.000000e+00	1.000000e+00	
GOBP_REGULATION_OF_FEVER_GENERATION	go_bp	0	5	9	34	2920	1.000000e+00	1.000000e+00	
GOBP_REGULATION_OF_FIBRINOLYSIS	go_bp	0	15	18	34	2920	1.000000e+00	1.000000e+00	
GOBP_REGULATION_OF_FIBROBLAST_APOPTOTIC_PROCESS	go_bp	0	5	20	34	2920	1.000000e+00	1.000000e+00	
GOBP_REGULATION_OF_FIBROBLAST_MIGRATION	go_bp	0	9	41	34	2920	1.000000e+00	1.000000e+00	
GOBP_REGULATION_OF_FLAGELLATED_SPERM_MOTILITY	go_bp	0	3	22	34	2920	1.000000e+00	1.000000e+00	
GOBP_REGULATION_OF_GAMMA_DELTA_T_CELL_ACTIVATION	go_bp	0	3	11	34	2920	1.000000e+00	1.000000e+00	
GOBP_REGULATION_OF_GASTRULATION	go_bp	0	4	17	34	2920	1.000000e+00	1.000000e+00	
GOBP_REGULATION_OF_GENE_SILENCING_BY_REGULATORY_NCRNA	go_bp	0	7	29	34	2920	1.000000e+00	1.000000e+00	
GOBP_REGULATION_OF_GERM_CELL_PROLIFERATION	go_bp	0	3	8	34	2920	1.000000e+00	1.000000e+00	
GOBP_REGULATION_OF_GLIAL_CELL_MIGRATION	go_bp	0	7	21	34	2920	1.000000e+00	1.000000e+00	
GOBP_REGULATION_OF_GLIAL_CELL_PROLIFERATION	go_bp	0	13	42	34	2920	1.000000e+00	1.000000e+00	
GOBP_REGULATION_OF_GLOMERULAR_FILTRATION	go_bp	0	3	9	34	2920	1.000000e+00	1.000000e+00	
GOBP_REGULATION_OF_GLUCAGON_SECRETION	go_bp	0	3	8	34	2920	1.000000e+00	1.000000e+00	
GOBP_REGULATION_OF_GLUCOCORTICOID_METABOLIC_PROCESS	go_bp	0	3	11	34	2920	1.000000e+00	1.000000e+00	
GOBP_REGULATION_OF_GLUCOCORTICOID_SECRETION	go_bp	0	5	10	34	2920	1.000000e+00	1.000000e+00	
GOBP_REGULATION_OF_GLUCONEOGENESIS	go_bp	0	14	52	34	2920	1.000000e+00	1.000000e+00	
GOBP_REGULATION_OF_GLUTAMATE_SECRETION	go_bp	0	4	19	34	2920	1.000000e+00	1.000000e+00	
GOBP_REGULATION_OF_GLYCOGEN_BIOSYNTHETIC_PROCESS	go_bp	0	4	30	34	2920	1.000000e+00	1.000000e+00	
GOBP_REGULATION_OF_GLYCOPROTEIN_METABOLIC_PROCESS	go_bp	0	14	60	34	2920	1.000000e+00	1.000000e+00	
GOBP_REGULATION_OF_GOLGI_ORGANIZATION	go_bp	0	3	17	34	2920	1.000000e+00	1.000000e+00	
GOBP_REGULATION_OF_GONADOTROPIN_SECRETION	go_bp	0	3	12	34	2920	1.000000e+00	1.000000e+00	
GOBP_REGULATION_OF_GONAD_DEVELOPMENT	go_bp	0	3	13	34	2920	1.000000e+00	1.000000e+00	
GOBP_REGULATION_OF_GTP_BINDING	go_bp	0	3	9	34	2920	1.000000e+00	1.000000e+00	
GOBP_REGULATION_OF_GUANYLATE_CYCLASE_ACTIVITY	go_bp	0	3	7	34	2920	1.000000e+00	1.000000e+00	
GOBP_REGULATION_OF_GUANYL_NUCLEOTIDE_EXCHANGE_FACTOR_ACTIVITY	go_bp	0	3	7	34	2920	1.000000e+00	1.000000e+00	
GOBP_REGULATION_OF_HAIR_CYCLE	go_bp	0	10	29	34	2920	1.000000e+00	1.000000e+00	
GOBP_REGULATION_OF_HAIR_FOLLICLE_DEVELOPMENT	go_bp	0	9	20	34	2920	1.000000e+00	1.000000e+00	
GOBP_REGULATION_OF_HEART_MORPHOGENESIS	go_bp	0	4	8	34	2920	1.000000e+00	1.000000e+00	
GOBP_REGULATION_OF_HEART_RATE	go_bp	0	21	104	34	2920	1.000000e+00	1.000000e+00	
GOBP_REGULATION_OF_HEART_RATE_BY_CARDIAC_CONDUCTION	go_bp	0	10	40	34	2920	1.000000e+00	1.000000e+00	
GOBP_REGULATION_OF_HEAT_GENERATION	go_bp	0	5	13	34	2920	1.000000e+00	1.000000e+00	
GOBP_REGULATION_OF_HELICASE_ACTIVITY	go_bp	0	4	9	34	2920	1.000000e+00	1.000000e+00	
GOBP_REGULATION_OF_HEMATOPOIETIC_PROGENITOR_CELL_DIFFERENTIATION	go_bp	0	7	41	34	2920	1.000000e+00	1.000000e+00	
GOBP_REGULATION_OF_HEMATOPOIETIC_STEM_CELL_DIFFERENTIATION	go_bp	0	3	17	34	2920	1.000000e+00	1.000000e+00	
GOBP_REGULATION_OF_HEPATOCYTE_PROLIFERATION	go_bp	0	5	16	34	2920	1.000000e+00	1.000000e+00	
GOBP_REGULATION_OF_HETEROTYPIC_CELL_CELL_ADHESION	go_bp	0	11	25	34	2920	1.000000e+00	1.000000e+00	
GOBP_REGULATION_OF_HIPPOCAMPAL_NEURON_APOPTOTIC_PROCESS	go_bp	0	4	5	34	2920	1.000000e+00	1.000000e+00	
GOBP_REGULATION_OF_HIPPO_SIGNALING	go_bp	0	3	37	34	2920	1.000000e+00	1.000000e+00	
GOBP_REGULATION_OF_HOMOTYPIC_CELL_CELL_ADHESION	go_bp	0	15	36	34	2920	1.000000e+00	1.000000e+00	
GOBP_REGULATION_OF_HORMONE_BIOSYNTHETIC_PROCESS	go_bp	0	10	24	34	2920	1.000000e+00	1.000000e+00	
GOBP_REGULATION_OF_HYALURONAN_BIOSYNTHETIC_PROCESS	go_bp	0	5	8	34	2920	1.000000e+00	1.000000e+00	
GOBP_REGULATION_OF_HYDROGEN_PEROXIDE_MEDIATED_PROGRAMMED_CELL_DEATH	go_bp	0	4	15	34	2920	1.000000e+00	1.000000e+00	
GOBP_REGULATION_OF_HYDROGEN_PEROXIDE_METABOLIC_PROCESS	go_bp	0	3	18	34	2920	1.000000e+00	1.000000e+00	
GOBP_REGULATION_OF_HYPERSENSITIVITY	go_bp	0	5	10	34	2920	1.000000e+00	1.000000e+00	
GOBP_REGULATION_OF_ICOSANOID_SECRETION	go_bp	0	10	21	34	2920	1.000000e+00	1.000000e+00	
GOBP_REGULATION_OF_IMMUNE_EFFECTOR_PROCESS	go_bp	0	159	398	34	2920	1.000000e+00	1.000000e+00	
GOBP_REGULATION_OF_INCLUSION_BODY_ASSEMBLY	go_bp	0	8	17	34	2920	1.000000e+00	1.000000e+00	
GOBP_REGULATION_OF_INFLAMMASOME_MEDIATED_SIGNALING_PATHWAY	go_bp	0	10	41	34	2920	1.000000e+00	1.000000e+00	
GOBP_REGULATION_OF_INFLAMMATORY_RESPONSE_TO_ANTIGENIC_STIMULUS	go_bp	0	18	48	34	2920	1.000000e+00	1.000000e+00	
GOBP_REGULATION_OF_INFLAMMATORY_RESPONSE_TO_WOUNDING	go_bp	0	8	12	34	2920	1.000000e+00	1.000000e+00	
GOBP_REGULATION_OF_INNER_EAR_AUDITORY_RECEPTOR_CELL_DIFFERENTIATION	go_bp	0	3	9	34	2920	1.000000e+00	1.000000e+00	
GOBP_REGULATION_OF_INSULIN_LIKE_GROWTH_FACTOR_RECEPTOR_SIGNALING_PATHWAY	go_bp	0	9	25	34	2920	1.000000e+00	1.000000e+00	
GOBP_REGULATION_OF_INSULIN_SECRETION_INVOLVED_IN_CELLULAR_RESPONSE_TO_GLUCOSE_STIMULUS	go_bp	0	11	56	34	2920	1.000000e+00	1.000000e+00	
GOBP_REGULATION_OF_INTEGRIN_MEDIATED_SIGNALING_PATHWAY	go_bp	0	9	21	34	2920	1.000000e+00	1.000000e+00	
GOBP_REGULATION_OF_INTRACELLULAR_ESTROGEN_RECEPTOR_SIGNALING_PATHWAY	go_bp	0	4	34	34	2920	1.000000e+00	1.000000e+00	
GOBP_REGULATION_OF_INTRACELLULAR_LIPID_TRANSPORT	go_bp	0	5	13	34	2920	1.000000e+00	1.000000e+00	
GOBP_REGULATION_OF_INTRACELLULAR_STEROID_HORMONE_RECEPTOR_SIGNALING_PATHWAY	go_bp	0	11	72	34	2920	1.000000e+00	1.000000e+00	
GOBP_REGULATION_OF_INTRINSIC_APOPTOTIC_SIGNALING_PATHWAY_BY_P53_CLASS_MEDIATOR	go_bp	0	9	34	34	2920	1.000000e+00	1.000000e+00	
GOBP_REGULATION_OF_INTRINSIC_APOPTOTIC_SIGNALING_PATHWAY_IN_RESPONSE_TO_DNA_DAMAGE	go_bp	0	14	38	34	2920	1.000000e+00	1.000000e+00	
GOBP_REGULATION_OF_IRE1_MEDIATED_UNFOLDED_PROTEIN_RESPONSE	go_bp	0	4	14	34	2920	1.000000e+00	1.000000e+00	
GOBP_REGULATION_OF_IRON_ION_TRANSPORT	go_bp	0	3	8	34	2920	1.000000e+00	1.000000e+00	
GOBP_REGULATION_OF_ISOMERASE_ACTIVITY	go_bp	0	3	7	34	2920	1.000000e+00	1.000000e+00	
GOBP_REGULATION_OF_ISOTYPE_SWITCHING	go_bp	0	10	38	34	2920	1.000000e+00	1.000000e+00	
GOBP_REGULATION_OF_I_KAPPAB_PHOSPHORYLATION	go_bp	0	3	8	34	2920	1.000000e+00	1.000000e+00	
GOBP_REGULATION_OF_KERATINOCYTE_DIFFERENTIATION	go_bp	0	5	39	34	2920	1.000000e+00	1.000000e+00	
GOBP_REGULATION_OF_KERATINOCYTE_MIGRATION	go_bp	0	7	14	34	2920	1.000000e+00	1.000000e+00	
GOBP_REGULATION_OF_KERATINOCYTE_PROLIFERATION	go_bp	0	16	49	34	2920	1.000000e+00	1.000000e+00	
GOBP_REGULATION_OF_KETONE_BIOSYNTHETIC_PROCESS	go_bp	0	9	21	34	2920	1.000000e+00	1.000000e+00	
GOBP_REGULATION_OF_KIDNEY_DEVELOPMENT	go_bp	0	10	35	34	2920	1.000000e+00	1.000000e+00	
GOBP_REGULATION_OF_KINASE_ACTIVITY	go_bp	0	165	519	34	2920	1.000000e+00	1.000000e+00	
GOBP_REGULATION_OF_LAMELLIPODIUM_ASSEMBLY	go_bp	0	10	41	34	2920	1.000000e+00	1.000000e+00	
GOBP_REGULATION_OF_LENS_FIBER_CELL_DIFFERENTIATION	go_bp	0	3	8	34	2920	1.000000e+00	1.000000e+00	
GOBP_REGULATION_OF_LEUKOCYTE_ADHESION_TO_VASCULAR_ENDOTHELIAL_CELL	go_bp	0	15	41	34	2920	1.000000e+00	1.000000e+00	
GOBP_REGULATION_OF_LEUKOCYTE_DEGRANULATION	go_bp	0	20	45	34	2920	1.000000e+00	1.000000e+00	
GOBP_REGULATION_OF_LEUKOCYTE_TETHERING_OR_ROLLING	go_bp	0	8	18	34	2920	1.000000e+00	1.000000e+00	
GOBP_REGULATION_OF_LIPID_KINASE_ACTIVITY	go_bp	0	3	8	34	2920	1.000000e+00	1.000000e+00	
GOBP_REGULATION_OF_LIPID_STORAGE	go_bp	0	16	54	34	2920	1.000000e+00	1.000000e+00	
GOBP_REGULATION_OF_LIPOPROTEIN_LIPASE_ACTIVITY	go_bp	0	7	14	34	2920	1.000000e+00	1.000000e+00	
GOBP_REGULATION_OF_LIPOPROTEIN_METABOLIC_PROCESS	go_bp	0	5	17	34	2920	1.000000e+00	1.000000e+00	
GOBP_REGULATION_OF_LONG_CHAIN_FATTY_ACID_IMPORT_INTO_CELL	go_bp	0	3	8	34	2920	1.000000e+00	1.000000e+00	
GOBP_REGULATION_OF_LONG_TERM_NEURONAL_SYNAPTIC_PLASTICITY	go_bp	0	9	25	34	2920	1.000000e+00	1.000000e+00	
GOBP_REGULATION_OF_LONG_TERM_SYNAPTIC_DEPRESSION	go_bp	0	5	14	34	2920	1.000000e+00	1.000000e+00	
GOBP_REGULATION_OF_LONG_TERM_SYNAPTIC_POTENTIATION	go_bp	0	13	47	34	2920	1.000000e+00	1.000000e+00	
GOBP_REGULATION_OF_LOW_DENSITY_LIPOPROTEIN_PARTICLE_CLEARANCE	go_bp	0	9	22	34	2920	1.000000e+00	1.000000e+00	
GOBP_REGULATION_OF_LYMPHANGIOGENESIS	go_bp	0	4	7	34	2920	1.000000e+00	1.000000e+00	
GOBP_REGULATION_OF_LYMPHOCYTE_ACTIVATION	go_bp	0	191	511	34	2920	1.000000e+00	1.000000e+00	
GOBP_REGULATION_OF_LYMPHOCYTE_CHEMOTAXIS	go_bp	0	13	25	34	2920	1.000000e+00	1.000000e+00	
GOBP_REGULATION_OF_LYSOSOMAL_LUMEN_PH	go_bp	0	9	32	34	2920	1.000000e+00	1.000000e+00	
GOBP_REGULATION_OF_LYSOSOME_ORGANIZATION	go_bp	0	3	12	34	2920	1.000000e+00	1.000000e+00	
GOBP_REGULATION_OF_MACROPHAGE_APOPTOTIC_PROCESS	go_bp	0	3	11	34	2920	1.000000e+00	1.000000e+00	
GOBP_REGULATION_OF_MACROPHAGE_CHEMOTAXIS	go_bp	0	14	28	34	2920	1.000000e+00	1.000000e+00	
GOBP_REGULATION_OF_MACROPHAGE_DERIVED_FOAM_CELL_DIFFERENTIATION	go_bp	0	15	33	34	2920	1.000000e+00	1.000000e+00	
GOBP_REGULATION_OF_MACROPHAGE_DIFFERENTIATION	go_bp	0	9	26	34	2920	1.000000e+00	1.000000e+00	
GOBP_REGULATION_OF_MACROPHAGE_MIGRATION	go_bp	0	20	45	34	2920	1.000000e+00	1.000000e+00	
GOBP_REGULATION_OF_MACROPHAGE_PROLIFERATION	go_bp	0	3	7	34	2920	1.000000e+00	1.000000e+00	
GOBP_REGULATION_OF_MAMMARY_GLAND_EPITHELIAL_CELL_PROLIFERATION	go_bp	0	3	15	34	2920	1.000000e+00	1.000000e+00	
GOBP_REGULATION_OF_MAST_CELL_ACTIVATION	go_bp	0	10	19	34	2920	1.000000e+00	1.000000e+00	
GOBP_REGULATION_OF_MATRIX_METALLOPEPTIDASE_SECRETION	go_bp	0	4	11	34	2920	1.000000e+00	1.000000e+00	
GOBP_REGULATION_OF_MEGAKARYOCYTE_DIFFERENTIATION	go_bp	0	5	38	34	2920	1.000000e+00	1.000000e+00	
GOBP_REGULATION_OF_MEIOTIC_CELL_CYCLE	go_bp	0	9	68	34	2920	1.000000e+00	1.000000e+00	
GOBP_REGULATION_OF_MEIOTIC_NUCLEAR_DIVISION	go_bp	0	4	35	34	2920	1.000000e+00	1.000000e+00	
GOBP_REGULATION_OF_MEMBRANE_LIPID_DISTRIBUTION	go_bp	0	4	61	34	2920	1.000000e+00	1.000000e+00	
GOBP_REGULATION_OF_MEMBRANE_LIPID_METABOLIC_PROCESS	go_bp	0	5	20	34	2920	1.000000e+00	1.000000e+00	
GOBP_REGULATION_OF_MEMBRANE_PERMEABILITY	go_bp	0	19	72	34	2920	1.000000e+00	1.000000e+00	
GOBP_REGULATION_OF_MEMBRANE_REPOLARIZATION	go_bp	0	7	40	34	2920	1.000000e+00	1.000000e+00	
GOBP_REGULATION_OF_MESENCHYMAL_CELL_PROLIFERATION	go_bp	0	9	33	34	2920	1.000000e+00	1.000000e+00	
GOBP_REGULATION_OF_MESENCHYMAL_STEM_CELL_DIFFERENTIATION	go_bp	0	4	10	34	2920	1.000000e+00	1.000000e+00	
GOBP_REGULATION_OF_METALLOPEPTIDASE_ACTIVITY	go_bp	0	5	19	34	2920	1.000000e+00	1.000000e+00	
GOBP_REGULATION_OF_METAPHASE_PLATE_CONGRESSION	go_bp	0	4	14	34	2920	1.000000e+00	1.000000e+00	
GOBP_REGULATION_OF_MICROGLIAL_CELL_ACTIVATION	go_bp	0	9	20	34	2920	1.000000e+00	1.000000e+00	
GOBP_REGULATION_OF_MICROTUBULE_BASED_MOVEMENT	go_bp	0	9	58	34	2920	1.000000e+00	1.000000e+00	
GOBP_REGULATION_OF_MICROTUBULE_NUCLEATION	go_bp	0	3	19	34	2920	1.000000e+00	1.000000e+00	
GOBP_REGULATION_OF_MICROTUBULE_POLYMERIZATION	go_bp	0	16	61	34	2920	1.000000e+00	1.000000e+00	
GOBP_REGULATION_OF_MICROTUBULE_POLYMERIZATION_OR_DEPOLYMERIZATION	go_bp	0	16	96	34	2920	1.000000e+00	1.000000e+00	
GOBP_REGULATION_OF_MICROVILLUS_LENGTH	go_bp	0	4	7	34	2920	1.000000e+00	1.000000e+00	
GOBP_REGULATION_OF_MICROVILLUS_ORGANIZATION	go_bp	0	5	13	34	2920	1.000000e+00	1.000000e+00	
GOBP_REGULATION_OF_MITOCHONDRIAL_GENE_EXPRESSION	go_bp	0	3	33	34	2920	1.000000e+00	1.000000e+00	
GOBP_REGULATION_OF_MITOCHONDRIAL_MEMBRANE_PERMEABILITY	go_bp	0	16	57	34	2920	1.000000e+00	1.000000e+00	
GOBP_REGULATION_OF_MITOCHONDRIAL_MEMBRANE_PERMEABILITY_INVOLVED_IN_APOPTOTIC_PROCESS	go_bp	0	11	45	34	2920	1.000000e+00	1.000000e+00	
GOBP_REGULATION_OF_MITOCHONDRIAL_OUTER_MEMBRANE_PERMEABILIZATION_INVOLVED_IN_APOPTOTIC_SIGNALING_PATHWAY	go_bp	0	4	22	34	2920	1.000000e+00	1.000000e+00	
GOBP_REGULATION_OF_MITOCHONDRIAL_RNA_CATABOLIC_PROCESS	go_bp	0	3	5	34	2920	1.000000e+00	1.000000e+00	
GOBP_REGULATION_OF_MITOPHAGY	go_bp	0	5	37	34	2920	1.000000e+00	1.000000e+00	
GOBP_REGULATION_OF_MITOTIC_CENTROSOME_SEPARATION	go_bp	0	3	9	34	2920	1.000000e+00	1.000000e+00	
GOBP_REGULATION_OF_MITOTIC_CYTOKINESIS	go_bp	0	3	16	34	2920	1.000000e+00	1.000000e+00	
GOBP_REGULATION_OF_MITOTIC_SPINDLE_ASSEMBLY	go_bp	0	5	23	34	2920	1.000000e+00	1.000000e+00	
GOBP_REGULATION_OF_MODIFICATION_OF_SYNAPTIC_STRUCTURE	go_bp	0	4	14	34	2920	1.000000e+00	1.000000e+00	
GOBP_REGULATION_OF_MONOATOMIC_ANION_TRANSPORT	go_bp	0	5	15	34	2920	1.000000e+00	1.000000e+00	
GOBP_REGULATION_OF_MONOCYTE_CHEMOTAXIS	go_bp	0	15	28	34	2920	1.000000e+00	1.000000e+00	
GOBP_REGULATION_OF_MONOCYTE_DIFFERENTIATION	go_bp	0	7	20	34	2920	1.000000e+00	1.000000e+00	
GOBP_REGULATION_OF_MONOCYTE_EXTRAVASATION	go_bp	0	3	7	34	2920	1.000000e+00	1.000000e+00	
GOBP_REGULATION_OF_MONOOXYGENASE_ACTIVITY	go_bp	0	16	40	34	2920	1.000000e+00	1.000000e+00	
GOBP_REGULATION_OF_MORPHOGENESIS_OF_A_BRANCHING_STRUCTURE	go_bp	0	18	53	34	2920	1.000000e+00	1.000000e+00	
GOBP_REGULATION_OF_MRNA_PROCESSING	go_bp	0	19	133	34	2920	1.000000e+00	1.000000e+00	
GOBP_REGULATION_OF_MRNA_SPLICING_VIA_SPLICEOSOME	go_bp	0	18	111	34	2920	1.000000e+00	1.000000e+00	
GOBP_REGULATION_OF_MULTICELLULAR_ORGANISM_GROWTH	go_bp	0	19	64	34	2920	1.000000e+00	1.000000e+00	
GOBP_REGULATION_OF_MUSCLE_ADAPTATION	go_bp	0	22	96	34	2920	1.000000e+00	1.000000e+00	
GOBP_REGULATION_OF_MUSCLE_HYPERTROPHY	go_bp	0	18	72	34	2920	1.000000e+00	1.000000e+00	
GOBP_REGULATION_OF_MUSCLE_ORGAN_DEVELOPMENT	go_bp	0	9	24	34	2920	1.000000e+00	1.000000e+00	
GOBP_REGULATION_OF_MUSCLE_TISSUE_DEVELOPMENT	go_bp	0	14	45	34	2920	1.000000e+00	1.000000e+00	
GOBP_REGULATION_OF_MYELINATION	go_bp	0	18	46	34	2920	1.000000e+00	1.000000e+00	
GOBP_REGULATION_OF_MYELOID_CELL_APOPTOTIC_PROCESS	go_bp	0	14	32	34	2920	1.000000e+00	1.000000e+00	
GOBP_REGULATION_OF_MYELOID_DENDRITIC_CELL_ACTIVATION	go_bp	0	4	5	34	2920	1.000000e+00	1.000000e+00	
GOBP_REGULATION_OF_MYOBLAST_DIFFERENTIATION	go_bp	0	19	74	34	2920	1.000000e+00	1.000000e+00	
GOBP_REGULATION_OF_MYOBLAST_FUSION	go_bp	0	7	20	34	2920	1.000000e+00	1.000000e+00	
GOBP_REGULATION_OF_NATURAL_KILLER_CELL_CHEMOTAXIS	go_bp	0	7	8	34	2920	1.000000e+00	1.000000e+00	
GOBP_REGULATION_OF_NATURAL_KILLER_CELL_DIFFERENTIATION	go_bp	0	7	13	34	2920	1.000000e+00	1.000000e+00	
GOBP_REGULATION_OF_NATURAL_KILLER_CELL_MEDIATED_IMMUNE_RESPONSE_TO_TUMOR_CELL	go_bp	0	9	10	34	2920	1.000000e+00	1.000000e+00	
GOBP_REGULATION_OF_NEUROBLAST_PROLIFERATION	go_bp	0	18	54	34	2920	1.000000e+00	1.000000e+00	
GOBP_REGULATION_OF_NEUROMUSCULAR_JUNCTION_DEVELOPMENT	go_bp	0	3	8	34	2920	1.000000e+00	1.000000e+00	
GOBP_REGULATION_OF_NEURONAL_SYNAPTIC_PLASTICITY	go_bp	0	16	58	34	2920	1.000000e+00	1.000000e+00	
GOBP_REGULATION_OF_NEURON_APOPTOTIC_PROCESS	go_bp	0	84	244	34	2920	1.000000e+00	1.000000e+00	
GOBP_REGULATION_OF_NEURON_MATURATION	go_bp	0	4	8	34	2920	1.000000e+00	1.000000e+00	
GOBP_REGULATION_OF_NEURON_MIGRATION	go_bp	0	10	48	34	2920	1.000000e+00	1.000000e+00	
GOBP_REGULATION_OF_NEURON_PROJECTION_REGENERATION	go_bp	0	19	34	34	2920	1.000000e+00	1.000000e+00	
GOBP_REGULATION_OF_NEUROTRANSMITTER_RECEPTOR_ACTIVITY	go_bp	0	9	41	34	2920	1.000000e+00	1.000000e+00	
GOBP_REGULATION_OF_NEUROTRANSMITTER_RECEPTOR_LOCALIZATION_TO_POSTSYNAPTIC_SPECIALIZATION_MEMBRANE	go_bp	0	4	11	34	2920	1.000000e+00	1.000000e+00	
GOBP_REGULATION_OF_NEUROTRANSMITTER_UPTAKE	go_bp	0	5	19	34	2920	1.000000e+00	1.000000e+00	
GOBP_REGULATION_OF_NEUROTROPHIN_TRK_RECEPTOR_SIGNALING_PATHWAY	go_bp	0	3	11	34	2920	1.000000e+00	1.000000e+00	
GOBP_REGULATION_OF_NEUTROPHIL_ACTIVATION	go_bp	0	5	7	34	2920	1.000000e+00	1.000000e+00	
GOBP_REGULATION_OF_NEUTROPHIL_CHEMOTAXIS	go_bp	0	15	34	34	2920	1.000000e+00	1.000000e+00	
GOBP_REGULATION_OF_NEUTROPHIL_DEGRANULATION	go_bp	0	4	8	34	2920	1.000000e+00	1.000000e+00	
GOBP_REGULATION_OF_NITRIC_OXIDE_MEDIATED_SIGNAL_TRANSDUCTION	go_bp	0	4	9	34	2920	1.000000e+00	1.000000e+00	
GOBP_REGULATION_OF_NITRIC_OXIDE_SYNTHASE_ACTIVITY	go_bp	0	8	25	34	2920	1.000000e+00	1.000000e+00	
GOBP_REGULATION_OF_NK_T_CELL_ACTIVATION	go_bp	0	3	11	34	2920	1.000000e+00	1.000000e+00	
GOBP_REGULATION_OF_NK_T_CELL_DIFFERENTIATION	go_bp	0	3	6	34	2920	1.000000e+00	1.000000e+00	
GOBP_REGULATION_OF_NODAL_SIGNALING_PATHWAY	go_bp	0	3	7	34	2920	1.000000e+00	1.000000e+00	
GOBP_REGULATION_OF_NON_CANONICAL_WNT_SIGNALING_PATHWAY	go_bp	0	7	27	34	2920	1.000000e+00	1.000000e+00	
GOBP_REGULATION_OF_NON_MOTILE_CILIUM_ASSEMBLY	go_bp	0	3	11	34	2920	1.000000e+00	1.000000e+00	
GOBP_REGULATION_OF_NOTCH_SIGNALING_PATHWAY	go_bp	0	22	100	34	2920	1.000000e+00	1.000000e+00	
GOBP_REGULATION_OF_NUCLEASE_ACTIVITY	go_bp	0	7	21	34	2920	1.000000e+00	1.000000e+00	
GOBP_REGULATION_OF_NUCLEOTIDE_BINDING_DOMAIN_LEUCINE_RICH_REPEAT_CONTAINING_RECEPTOR_SIGNALING_PATHWAY	go_bp	0	7	15	34	2920	1.000000e+00	1.000000e+00	
GOBP_REGULATION_OF_NUCLEOTIDE_BINDING_OLIGOMERIZATION_DOMAIN_CONTAINING_2_SIGNALING_PATHWAY	go_bp	0	5	10	34	2920	1.000000e+00	1.000000e+00	
GOBP_REGULATION_OF_NUCLEOTIDE_BIOSYNTHETIC_PROCESS	go_bp	0	8	29	34	2920	1.000000e+00	1.000000e+00	
GOBP_REGULATION_OF_NUCLEOTIDE_CATABOLIC_PROCESS	go_bp	0	11	52	34	2920	1.000000e+00	1.000000e+00	
GOBP_REGULATION_OF_NUCLEOTIDE_EXCISION_REPAIR	go_bp	0	3	28	34	2920	1.000000e+00	1.000000e+00	
GOBP_REGULATION_OF_ODONTOBLAST_DIFFERENTIATION	go_bp	0	3	10	34	2920	1.000000e+00	1.000000e+00	
GOBP_REGULATION_OF_ODONTOGENESIS	go_bp	0	8	19	34	2920	1.000000e+00	1.000000e+00	
GOBP_REGULATION_OF_ODONTOGENESIS_OF_DENTIN_CONTAINING_TOOTH	go_bp	0	4	12	34	2920	1.000000e+00	1.000000e+00	
GOBP_REGULATION_OF_OLIGODENDROCYTE_DIFFERENTIATION	go_bp	0	13	46	34	2920	1.000000e+00	1.000000e+00	
GOBP_REGULATION_OF_OPSONIZATION	go_bp	0	5	11	34	2920	1.000000e+00	1.000000e+00	
GOBP_REGULATION_OF_ORGANELLE_TRANSPORT_ALONG_MICROTUBULE	go_bp	0	4	10	34	2920	1.000000e+00	1.000000e+00	
GOBP_REGULATION_OF_OSTEOBLAST_PROLIFERATION	go_bp	0	15	31	34	2920	1.000000e+00	1.000000e+00	
GOBP_REGULATION_OF_OSTEOCLAST_DEVELOPMENT	go_bp	0	4	11	34	2920	1.000000e+00	1.000000e+00	
GOBP_REGULATION_OF_OXIDATIVE_PHOSPHORYLATION	go_bp	0	3	24	34	2920	1.000000e+00	1.000000e+00	
GOBP_REGULATION_OF_OXIDATIVE_STRESS_INDUCED_INTRINSIC_APOPTOTIC_SIGNALING_PATHWAY	go_bp	0	13	47	34	2920	1.000000e+00	1.000000e+00	
GOBP_REGULATION_OF_OXIDOREDUCTASE_ACTIVITY	go_bp	0	22	66	34	2920	1.000000e+00	1.000000e+00	
GOBP_REGULATION_OF_PEPTIDYL_CYSTEINE_S_NITROSYLATION	go_bp	0	4	11	34	2920	1.000000e+00	1.000000e+00	
GOBP_REGULATION_OF_PEPTIDYL_THREONINE_PHOSPHORYLATION	go_bp	0	11	44	34	2920	1.000000e+00	1.000000e+00	
GOBP_REGULATION_OF_PERK_MEDIATED_UNFOLDED_PROTEIN_RESPONSE	go_bp	0	3	12	34	2920	1.000000e+00	1.000000e+00	
GOBP_REGULATION_OF_PEROXISOME_PROLIFERATOR_ACTIVATED_RECEPTOR_SIGNALING_PATHWAY	go_bp	0	3	15	34	2920	1.000000e+00	1.000000e+00	
GOBP_REGULATION_OF_PH	go_bp	0	18	104	34	2920	1.000000e+00	1.000000e+00	
GOBP_REGULATION_OF_PHOSPHATASE_ACTIVITY	go_bp	0	13	55	34	2920	1.000000e+00	1.000000e+00	
GOBP_REGULATION_OF_PHOSPHATE_TRANSPORT	go_bp	0	4	7	34	2920	1.000000e+00	1.000000e+00	
GOBP_REGULATION_OF_PHOSPHATIDYLCHOLINE_METABOLIC_PROCESS	go_bp	0	4	10	34	2920	1.000000e+00	1.000000e+00	
GOBP_REGULATION_OF_PHOSPHOLIPASE_A2_ACTIVITY	go_bp	0	3	9	34	2920	1.000000e+00	1.000000e+00	
GOBP_REGULATION_OF_PHOSPHOLIPASE_ACTIVITY	go_bp	0	20	51	34	2920	1.000000e+00	1.000000e+00	
GOBP_REGULATION_OF_PHOSPHOLIPASE_C_ACTIVATING_G_PROTEIN_COUPLED_RECEPTOR_SIGNALING_PATHWAY	go_bp	0	3	6	34	2920	1.000000e+00	1.000000e+00	
GOBP_REGULATION_OF_PHOSPHOLIPASE_C_ACTIVITY	go_bp	0	14	35	34	2920	1.000000e+00	1.000000e+00	
GOBP_REGULATION_OF_PHOSPHOLIPID_BIOSYNTHETIC_PROCESS	go_bp	0	5	16	34	2920	1.000000e+00	1.000000e+00	
GOBP_REGULATION_OF_PHOSPHOLIPID_CATABOLIC_PROCESS	go_bp	0	4	7	34	2920	1.000000e+00	1.000000e+00	
GOBP_REGULATION_OF_PHOSPHOLIPID_METABOLIC_PROCESS	go_bp	0	9	34	34	2920	1.000000e+00	1.000000e+00	
GOBP_REGULATION_OF_PHOSPHOPROTEIN_PHOSPHATASE_ACTIVITY	go_bp	0	10	43	34	2920	1.000000e+00	1.000000e+00	
GOBP_REGULATION_OF_PIGMENTATION	go_bp	0	4	17	34	2920	1.000000e+00	1.000000e+00	
GOBP_REGULATION_OF_PINOCYTOSIS	go_bp	0	4	12	34	2920	1.000000e+00	1.000000e+00	
GOBP_REGULATION_OF_PLASMA_CELL_DIFFERENTIATION	go_bp	0	3	6	34	2920	1.000000e+00	1.000000e+00	
GOBP_REGULATION_OF_PLASMINOGEN_ACTIVATION	go_bp	0	13	18	34	2920	1.000000e+00	1.000000e+00	
GOBP_REGULATION_OF_PLATELET_DERIVED_GROWTH_FACTOR_RECEPTOR_BETA_SIGNALING_PATHWAY	go_bp	0	4	8	34	2920	1.000000e+00	1.000000e+00	
GOBP_REGULATION_OF_PLATELET_DERIVED_GROWTH_FACTOR_RECEPTOR_SIGNALING_PATHWAY	go_bp	0	11	24	34	2920	1.000000e+00	1.000000e+00	
GOBP_REGULATION_OF_PODOSOME_ASSEMBLY	go_bp	0	9	14	34	2920	1.000000e+00	1.000000e+00	
GOBP_REGULATION_OF_POLYSACCHARIDE_BIOSYNTHETIC_PROCESS	go_bp	0	9	38	34	2920	1.000000e+00	1.000000e+00	
GOBP_REGULATION_OF_POLYSACCHARIDE_METABOLIC_PROCESS	go_bp	0	11	46	34	2920	1.000000e+00	1.000000e+00	
GOBP_REGULATION_OF_POSTSYNAPTIC_DENSITY_ASSEMBLY	go_bp	0	3	13	34	2920	1.000000e+00	1.000000e+00	
GOBP_REGULATION_OF_POSTSYNAPTIC_DENSITY_ORGANIZATION	go_bp	0	5	17	34	2920	1.000000e+00	1.000000e+00	
GOBP_REGULATION_OF_POSTSYNAPTIC_MEMBRANE_POTENTIAL	go_bp	0	18	148	34	2920	1.000000e+00	1.000000e+00	
GOBP_REGULATION_OF_POSTSYNAPTIC_SPECIALIZATION_ASSEMBLY	go_bp	0	4	16	34	2920	1.000000e+00	1.000000e+00	
GOBP_REGULATION_OF_POTASSIUM_ION_IMPORT	go_bp	0	3	5	34	2920	1.000000e+00	1.000000e+00	
GOBP_REGULATION_OF_POTASSIUM_ION_TRANSMEMBRANE_TRANSPORTER_ACTIVITY	go_bp	0	13	54	34	2920	1.000000e+00	1.000000e+00	
GOBP_REGULATION_OF_PRESYNAPSE_ORGANIZATION	go_bp	0	13	35	34	2920	1.000000e+00	1.000000e+00	
GOBP_REGULATION_OF_PRESYNAPTIC_CYTOSOLIC_CALCIUM_ION_CONCENTRATION	go_bp	0	5	15	34	2920	1.000000e+00	1.000000e+00	
GOBP_REGULATION_OF_PRIMARY_MIRNA_PROCESSING	go_bp	0	3	6	34	2920	1.000000e+00	1.000000e+00	
GOBP_REGULATION_OF_PROGRAMMED_NECROTIC_CELL_DEATH	go_bp	0	10	41	34	2920	1.000000e+00	1.000000e+00	
GOBP_REGULATION_OF_PROSTAGLANDIN_SECRETION	go_bp	0	10	14	34	2920	1.000000e+00	1.000000e+00	
GOBP_REGULATION_OF_PROTEIN_AUTOPHOSPHORYLATION	go_bp	0	10	37	34	2920	1.000000e+00	1.000000e+00	
GOBP_REGULATION_OF_PROTEIN_CATABOLIC_PROCESS	go_bp	0	93	362	34	2920	1.000000e+00	1.000000e+00	
GOBP_REGULATION_OF_PROTEIN_CATABOLIC_PROCESS_IN_THE_VACUOLE	go_bp	0	4	14	34	2920	1.000000e+00	1.000000e+00	
GOBP_REGULATION_OF_PROTEIN_CONTAINING_COMPLEX_DISASSEMBLY	go_bp	0	19	124	34	2920	1.000000e+00	1.000000e+00	
GOBP_REGULATION_OF_PROTEIN_DEACETYLATION	go_bp	0	7	29	34	2920	1.000000e+00	1.000000e+00	
GOBP_REGULATION_OF_PROTEIN_DEPHOSPHORYLATION	go_bp	0	18	75	34	2920	1.000000e+00	1.000000e+00	
GOBP_REGULATION_OF_PROTEIN_DEPOLYMERIZATION	go_bp	0	14	87	34	2920	1.000000e+00	1.000000e+00	
GOBP_REGULATION_OF_PROTEIN_DEUBIQUITINATION	go_bp	0	5	10	34	2920	1.000000e+00	1.000000e+00	
GOBP_REGULATION_OF_PROTEIN_EXIT_FROM_ENDOPLASMIC_RETICULUM	go_bp	0	4	26	34	2920	1.000000e+00	1.000000e+00	
GOBP_REGULATION_OF_PROTEIN_EXPORT_FROM_NUCLEUS	go_bp	0	8	35	34	2920	1.000000e+00	1.000000e+00	
GOBP_REGULATION_OF_PROTEIN_FOLDING	go_bp	0	3	9	34	2920	1.000000e+00	1.000000e+00	
GOBP_REGULATION_OF_PROTEIN_GLYCOSYLATION	go_bp	0	4	11	34	2920	1.000000e+00	1.000000e+00	
GOBP_REGULATION_OF_PROTEIN_IMPORT_INTO_NUCLEUS	go_bp	0	18	58	34	2920	1.000000e+00	1.000000e+00	
GOBP_REGULATION_OF_PROTEIN_K48_LINKED_UBIQUITINATION	go_bp	0	3	6	34	2920	1.000000e+00	1.000000e+00	
GOBP_REGULATION_OF_PROTEIN_KINASE_A_SIGNALING	go_bp	0	4	20	34	2920	1.000000e+00	1.000000e+00	
GOBP_REGULATION_OF_PROTEIN_KINASE_C_SIGNALING	go_bp	0	8	18	34	2920	1.000000e+00	1.000000e+00	
GOBP_REGULATION_OF_PROTEIN_LOCALIZATION_TO_SYNAPSE	go_bp	0	7	22	34	2920	1.000000e+00	1.000000e+00	
GOBP_REGULATION_OF_PROTEIN_NEDDYLATION	go_bp	0	3	19	34	2920	1.000000e+00	1.000000e+00	
GOBP_REGULATION_OF_PROTEIN_POLYUBIQUITINATION	go_bp	0	4	28	34	2920	1.000000e+00	1.000000e+00	
GOBP_REGULATION_OF_PROTEIN_SUMOYLATION	go_bp	0	3	24	34	2920	1.000000e+00	1.000000e+00	
GOBP_REGULATION_OF_PROTEIN_TARGETING_TO_MEMBRANE	go_bp	0	10	34	34	2920	1.000000e+00	1.000000e+00	
GOBP_REGULATION_OF_PROTEIN_TYROSINE_KINASE_ACTIVITY	go_bp	0	14	45	34	2920	1.000000e+00	1.000000e+00	
GOBP_REGULATION_OF_PROTEOLYSIS	go_bp	0	192	598	34	2920	1.000000e+00	1.000000e+00	
GOBP_REGULATION_OF_PROTON_TRANSPORT	go_bp	0	4	17	34	2920	1.000000e+00	1.000000e+00	
GOBP_REGULATION_OF_RAC_PROTEIN_SIGNAL_TRANSDUCTION	go_bp	0	8	26	34	2920	1.000000e+00	1.000000e+00	
GOBP_REGULATION_OF_RAS_PROTEIN_SIGNAL_TRANSDUCTION	go_bp	0	13	49	34	2920	1.000000e+00	1.000000e+00	
GOBP_REGULATION_OF_REACTIVE_OXYGEN_SPECIES_BIOSYNTHETIC_PROCESS	go_bp	0	8	45	34	2920	1.000000e+00	1.000000e+00	
GOBP_REGULATION_OF_RECEPTOR_BINDING	go_bp	0	9	16	34	2920	1.000000e+00	1.000000e+00	
GOBP_REGULATION_OF_RECEPTOR_CLUSTERING	go_bp	0	4	17	34	2920	1.000000e+00	1.000000e+00	
GOBP_REGULATION_OF_RECEPTOR_LOCALIZATION_TO_SYNAPSE	go_bp	0	7	21	34	2920	1.000000e+00	1.000000e+00	
GOBP_REGULATION_OF_RECEPTOR_RECYCLING	go_bp	0	7	25	34	2920	1.000000e+00	1.000000e+00	
GOBP_REGULATION_OF_RELAXATION_OF_CARDIAC_MUSCLE	go_bp	0	3	6	34	2920	1.000000e+00	1.000000e+00	
GOBP_REGULATION_OF_RELAXATION_OF_MUSCLE	go_bp	0	3	14	34	2920	1.000000e+00	1.000000e+00	
GOBP_REGULATION_OF_RELEASE_OF_CYTOCHROME_C_FROM_MITOCHONDRIA	go_bp	0	15	44	34	2920	1.000000e+00	1.000000e+00	
GOBP_REGULATION_OF_RELEASE_OF_SEQUESTERED_CALCIUM_ION_INTO_CYTOSOL_BY_SARCOPLASMIC_RETICULUM	go_bp	0	7	32	34	2920	1.000000e+00	1.000000e+00	
GOBP_REGULATION_OF_RENAL_SODIUM_EXCRETION	go_bp	0	4	8	34	2920	1.000000e+00	1.000000e+00	
GOBP_REGULATION_OF_RENAL_SYSTEM_PROCESS	go_bp	0	9	22	34	2920	1.000000e+00	1.000000e+00	
GOBP_REGULATION_OF_RESPIRATORY_BURST	go_bp	0	7	19	34	2920	1.000000e+00	1.000000e+00	
GOBP_REGULATION_OF_RESPIRATORY_BURST_INVOLVED_IN_INFLAMMATORY_RESPONSE	go_bp	0	3	8	34	2920	1.000000e+00	1.000000e+00	
GOBP_REGULATION_OF_RESPIRATORY_GASEOUS_EXCHANGE	go_bp	0	3	25	34	2920	1.000000e+00	1.000000e+00	
GOBP_REGULATION_OF_RESPONSE_TO_BIOTIC_STIMULUS	go_bp	0	151	545	34	2920	1.000000e+00	1.000000e+00	
GOBP_REGULATION_OF_RESPONSE_TO_ENDOPLASMIC_RETICULUM_STRESS	go_bp	0	22	84	34	2920	1.000000e+00	1.000000e+00	
GOBP_REGULATION_OF_RESPONSE_TO_NUTRIENT_LEVELS	go_bp	0	11	30	34	2920	1.000000e+00	1.000000e+00	
GOBP_REGULATION_OF_RESPONSE_TO_OSMOTIC_STRESS	go_bp	0	3	16	34	2920	1.000000e+00	1.000000e+00	
GOBP_REGULATION_OF_RESPONSE_TO_OXIDATIVE_STRESS	go_bp	0	4	36	34	2920	1.000000e+00	1.000000e+00	
GOBP_REGULATION_OF_RESPONSE_TO_TYPE_II_INTERFERON	go_bp	0	3	14	34	2920	1.000000e+00	1.000000e+00	
GOBP_REGULATION_OF_RESPONSE_TO_WOUNDING	go_bp	0	92	179	34	2920	1.000000e+00	1.000000e+00	
GOBP_REGULATION_OF_RETROGRADE_PROTEIN_TRANSPORT_ER_TO_CYTOSOL	go_bp	0	3	13	34	2920	1.000000e+00	1.000000e+00	
GOBP_REGULATION_OF_RIG_I_SIGNALING_PATHWAY	go_bp	0	3	20	34	2920	1.000000e+00	1.000000e+00	
GOBP_REGULATION_OF_RUFFLE_ASSEMBLY	go_bp	0	4	32	34	2920	1.000000e+00	1.000000e+00	
GOBP_REGULATION_OF_RYANODINE_SENSITIVE_CALCIUM_RELEASE_CHANNEL_ACTIVITY	go_bp	0	5	24	34	2920	1.000000e+00	1.000000e+00	
GOBP_REGULATION_OF_SECONDARY_METABOLIC_PROCESS	go_bp	0	3	16	34	2920	1.000000e+00	1.000000e+00	
GOBP_REGULATION_OF_SENSORY_PERCEPTION	go_bp	0	5	18	34	2920	1.000000e+00	1.000000e+00	
GOBP_REGULATION_OF_SEQUESTERING_OF_TRIGLYCERIDE	go_bp	0	3	15	34	2920	1.000000e+00	1.000000e+00	
GOBP_REGULATION_OF_SERINE_TYPE_PEPTIDASE_ACTIVITY	go_bp	0	3	8	34	2920	1.000000e+00	1.000000e+00	
GOBP_REGULATION_OF_SEROTONIN_SECRETION	go_bp	0	4	7	34	2920	1.000000e+00	1.000000e+00	
GOBP_REGULATION_OF_SHORT_TERM_NEURONAL_SYNAPTIC_PLASTICITY	go_bp	0	3	16	34	2920	1.000000e+00	1.000000e+00	
GOBP_REGULATION_OF_SIGNAL_TRANSDUCTION_BY_P53_CLASS_MEDIATOR	go_bp	0	18	108	34	2920	1.000000e+00	1.000000e+00	
GOBP_REGULATION_OF_SISTER_CHROMATID_COHESION	go_bp	0	3	17	34	2920	1.000000e+00	1.000000e+00	
GOBP_REGULATION_OF_SISTER_CHROMATID_SEGREGATION	go_bp	0	13	105	34	2920	1.000000e+00	1.000000e+00	
GOBP_REGULATION_OF_SKELETAL_MUSCLE_ACETYLCHOLINE_GATED_CHANNEL_CLUSTERING	go_bp	0	3	7	34	2920	1.000000e+00	1.000000e+00	
GOBP_REGULATION_OF_SKELETAL_MUSCLE_CELL_DIFFERENTIATION	go_bp	0	4	22	34	2920	1.000000e+00	1.000000e+00	
GOBP_REGULATION_OF_SKELETAL_MUSCLE_CELL_PROLIFERATION	go_bp	0	4	16	34	2920	1.000000e+00	1.000000e+00	
GOBP_REGULATION_OF_SKELETAL_MUSCLE_SATELLITE_CELL_PROLIFERATION	go_bp	0	3	12	34	2920	1.000000e+00	1.000000e+00	
GOBP_REGULATION_OF_SMALL_MOLECULE_METABOLIC_PROCESS	go_bp	0	84	333	34	2920	1.000000e+00	1.000000e+00	
GOBP_REGULATION_OF_SMOOTHENED_SIGNALING_PATHWAY	go_bp	0	9	87	34	2920	1.000000e+00	1.000000e+00	
GOBP_REGULATION_OF_SMOOTH_MUSCLE_CELL_CHEMOTAXIS	go_bp	0	3	7	34	2920	1.000000e+00	1.000000e+00	
GOBP_REGULATION_OF_SMOOTH_MUSCLE_CELL_DIFFERENTIATION	go_bp	0	16	50	34	2920	1.000000e+00	1.000000e+00	
GOBP_REGULATION_OF_SNARE_COMPLEX_ASSEMBLY	go_bp	0	3	14	34	2920	1.000000e+00	1.000000e+00	
GOBP_REGULATION_OF_SODIUM_DEPENDENT_PHOSPHATE_TRANSPORT	go_bp	0	3	5	34	2920	1.000000e+00	1.000000e+00	
GOBP_REGULATION_OF_SODIUM_ION_TRANSMEMBRANE_TRANSPORT	go_bp	0	18	59	34	2920	1.000000e+00	1.000000e+00	
GOBP_REGULATION_OF_SODIUM_ION_TRANSMEMBRANE_TRANSPORTER_ACTIVITY	go_bp	0	13	49	34	2920	1.000000e+00	1.000000e+00	
GOBP_REGULATION_OF_SPINDLE_ASSEMBLY	go_bp	0	8	33	34	2920	1.000000e+00	1.000000e+00	
GOBP_REGULATION_OF_SPINDLE_CHECKPOINT	go_bp	0	3	23	34	2920	1.000000e+00	1.000000e+00	
GOBP_REGULATION_OF_SPONTANEOUS_SYNAPTIC_TRANSMISSION	go_bp	0	5	6	34	2920	1.000000e+00	1.000000e+00	
GOBP_REGULATION_OF_SPROUTING_ANGIOGENESIS	go_bp	0	16	67	34	2920	1.000000e+00	1.000000e+00	
GOBP_REGULATION_OF_STEM_CELL_DIFFERENTIATION	go_bp	0	15	84	34	2920	1.000000e+00	1.000000e+00	
GOBP_REGULATION_OF_STEM_CELL_POPULATION_MAINTENANCE	go_bp	0	10	74	34	2920	1.000000e+00	1.000000e+00	
GOBP_REGULATION_OF_STEROID_HORMONE_BIOSYNTHETIC_PROCESS	go_bp	0	5	15	34	2920	1.000000e+00	1.000000e+00	
GOBP_REGULATION_OF_STEROL_TRANSPORT	go_bp	0	22	77	34	2920	1.000000e+00	1.000000e+00	
GOBP_REGULATION_OF_STORE_OPERATED_CALCIUM_ENTRY	go_bp	0	3	16	34	2920	1.000000e+00	1.000000e+00	
GOBP_REGULATION_OF_STRESS_ACTIVATED_PROTEIN_KINASE_SIGNALING_CASCADE	go_bp	0	13	41	34	2920	1.000000e+00	1.000000e+00	
GOBP_REGULATION_OF_STRIATED_MUSCLE_CELL_DIFFERENTIATION	go_bp	0	16	98	34	2920	1.000000e+00	1.000000e+00	
GOBP_REGULATION_OF_STRIATED_MUSCLE_CONTRACTION	go_bp	0	19	100	34	2920	1.000000e+00	1.000000e+00	
GOBP_REGULATION_OF_STRIATED_MUSCLE_TISSUE_DEVELOPMENT	go_bp	0	8	19	34	2920	1.000000e+00	1.000000e+00	
GOBP_REGULATION_OF_SUPEROXIDE_ANION_GENERATION	go_bp	0	11	20	34	2920	1.000000e+00	1.000000e+00	
GOBP_REGULATION_OF_SUPEROXIDE_METABOLIC_PROCESS	go_bp	0	13	29	34	2920	1.000000e+00	1.000000e+00	
GOBP_REGULATION_OF_SYNAPSE_MATURATION	go_bp	0	4	21	34	2920	1.000000e+00	1.000000e+00	
GOBP_REGULATION_OF_SYNAPSE_PRUNING	go_bp	0	4	6	34	2920	1.000000e+00	1.000000e+00	
GOBP_REGULATION_OF_SYNAPTIC_TRANSMISSION_GABAERGIC	go_bp	0	7	35	34	2920	1.000000e+00	1.000000e+00	
GOBP_REGULATION_OF_SYNAPTIC_VESICLE_CLUSTERING	go_bp	0	5	6	34	2920	1.000000e+00	1.000000e+00	
GOBP_REGULATION_OF_SYNAPTIC_VESICLE_ENDOCYTOSIS	go_bp	0	3	19	34	2920	1.000000e+00	1.000000e+00	
GOBP_REGULATION_OF_SYNAPTIC_VESICLE_PRIMING	go_bp	0	3	8	34	2920	1.000000e+00	1.000000e+00	
GOBP_REGULATION_OF_SYNCYTIUM_FORMATION_BY_PLASMA_MEMBRANE_FUSION	go_bp	0	9	29	34	2920	1.000000e+00	1.000000e+00	
GOBP_REGULATION_OF_SYSTEMIC_ARTERIAL_BLOOD_PRESSURE_BY_CIRCULATORY_RENIN_ANGIOTENSIN	go_bp	0	9	18	34	2920	1.000000e+00	1.000000e+00	
GOBP_REGULATION_OF_SYSTEMIC_ARTERIAL_BLOOD_PRESSURE_BY_ENDOTHELIN	go_bp	0	3	6	34	2920	1.000000e+00	1.000000e+00	
GOBP_REGULATION_OF_SYSTEMIC_ARTERIAL_BLOOD_PRESSURE_BY_HORMONE	go_bp	0	14	38	34	2920	1.000000e+00	1.000000e+00	
GOBP_REGULATION_OF_SYSTEMIC_ARTERIAL_BLOOD_PRESSURE_BY_RENIN_ANGIOTENSIN	go_bp	0	11	24	34	2920	1.000000e+00	1.000000e+00	
GOBP_REGULATION_OF_SYSTEMIC_ARTERIAL_BLOOD_PRESSURE_MEDIATED_BY_A_CHEMICAL_SIGNAL	go_bp	0	15	45	34	2920	1.000000e+00	1.000000e+00	
GOBP_REGULATION_OF_TELOMERASE_ACTIVITY	go_bp	0	5	44	34	2920	1.000000e+00	1.000000e+00	
GOBP_REGULATION_OF_TELOMERE_CAPPING	go_bp	0	4	26	34	2920	1.000000e+00	1.000000e+00	
GOBP_REGULATION_OF_TELOMERE_MAINTENANCE	go_bp	0	13	106	34	2920	1.000000e+00	1.000000e+00	
GOBP_REGULATION_OF_TELOMERE_MAINTENANCE_IN_RESPONSE_TO_DNA_DAMAGE	go_bp	0	3	19	34	2920	1.000000e+00	1.000000e+00	
GOBP_REGULATION_OF_TELOMERE_MAINTENANCE_VIA_TELOMERE_LENGTHENING	go_bp	0	8	63	34	2920	1.000000e+00	1.000000e+00	
GOBP_REGULATION_OF_TESTOSTERONE_BIOSYNTHETIC_PROCESS	go_bp	0	3	7	34	2920	1.000000e+00	1.000000e+00	
GOBP_REGULATION_OF_THE_FORCE_OF_HEART_CONTRACTION	go_bp	0	8	26	34	2920	1.000000e+00	1.000000e+00	
GOBP_REGULATION_OF_TOLERANCE_INDUCTION	go_bp	0	9	19	34	2920	1.000000e+00	1.000000e+00	
GOBP_REGULATION_OF_TOLL_LIKE_RECEPTOR_2_SIGNALING_PATHWAY	go_bp	0	3	12	34	2920	1.000000e+00	1.000000e+00	
GOBP_REGULATION_OF_TOLL_LIKE_RECEPTOR_4_SIGNALING_PATHWAY	go_bp	0	9	37	34	2920	1.000000e+00	1.000000e+00	
GOBP_REGULATION_OF_TOLL_LIKE_RECEPTOR_9_SIGNALING_PATHWAY	go_bp	0	4	12	34	2920	1.000000e+00	1.000000e+00	
GOBP_REGULATION_OF_TOLL_LIKE_RECEPTOR_SIGNALING_PATHWAY	go_bp	0	8	36	34	2920	1.000000e+00	1.000000e+00	
GOBP_REGULATION_OF_TOOTH_MINERALIZATION	go_bp	0	4	13	34	2920	1.000000e+00	1.000000e+00	
GOBP_REGULATION_OF_TRANSCRIPTION_BY_RNA_POLYMERASE_I	go_bp	0	5	47	34	2920	1.000000e+00	1.000000e+00	
GOBP_REGULATION_OF_TRANSCRIPTION_REGULATORY_REGION_DNA_BINDING	go_bp	0	4	34	34	2920	1.000000e+00	1.000000e+00	
GOBP_REGULATION_OF_TRANSFERASE_ACTIVITY	go_bp	0	176	628	34	2920	1.000000e+00	1.000000e+00	
GOBP_REGULATION_OF_TRANSLATIONAL_INITIATION_BY_EIF2_ALPHA_PHOSPHORYLATION	go_bp	0	4	12	34	2920	1.000000e+00	1.000000e+00	
GOBP_REGULATION_OF_TRANSLATIONAL_INITIATION_IN_RESPONSE_TO_STRESS	go_bp	0	5	15	34	2920	1.000000e+00	1.000000e+00	
GOBP_REGULATION_OF_TRANSLATION_AT_SYNAPSE	go_bp	0	3	9	34	2920	1.000000e+00	1.000000e+00	
GOBP_REGULATION_OF_TRANSLATION_INITIATION_IN_RESPONSE_TO_ENDOPLASMIC_RETICULUM_STRESS	go_bp	0	3	8	34	2920	1.000000e+00	1.000000e+00	
GOBP_REGULATION_OF_TRANSLATION_IN_RESPONSE_TO_ENDOPLASMIC_RETICULUM_STRESS	go_bp	0	4	12	34	2920	1.000000e+00	1.000000e+00	
GOBP_REGULATION_OF_TRIGLYCERIDE_BIOSYNTHETIC_PROCESS	go_bp	0	4	23	34	2920	1.000000e+00	1.000000e+00	
GOBP_REGULATION_OF_TRIGLYCERIDE_METABOLIC_PROCESS	go_bp	0	8	46	34	2920	1.000000e+00	1.000000e+00	
GOBP_REGULATION_OF_TUMOR_NECROSIS_FACTOR_MEDIATED_SIGNALING_PATHWAY	go_bp	0	16	69	34	2920	1.000000e+00	1.000000e+00	
GOBP_REGULATION_OF_TYPE_2_IMMUNE_RESPONSE	go_bp	0	15	34	34	2920	1.000000e+00	1.000000e+00	
GOBP_REGULATION_OF_TYPE_I_INTERFERON_MEDIATED_SIGNALING_PATHWAY	go_bp	0	10	45	34	2920	1.000000e+00	1.000000e+00	
GOBP_REGULATION_OF_T_CELL_ACTIVATION	go_bp	0	152	388	34	2920	1.000000e+00	1.000000e+00	
GOBP_REGULATION_OF_T_CELL_ACTIVATION_VIA_T_CELL_RECEPTOR_CONTACT_WITH_ANTIGEN_BOUND_TO_MHC_MOLECULE_ON_ANTIGEN_PRESENTING_CELL	go_bp	0	4	6	34	2920	1.000000e+00	1.000000e+00	
GOBP_REGULATION_OF_T_CELL_APOPTOTIC_PROCESS	go_bp	0	22	40	34	2920	1.000000e+00	1.000000e+00	
GOBP_REGULATION_OF_T_CELL_COSTIMULATION	go_bp	0	3	5	34	2920	1.000000e+00	1.000000e+00	
GOBP_REGULATION_OF_T_CELL_DIFFERENTIATION_IN_THYMUS	go_bp	0	11	27	34	2920	1.000000e+00	1.000000e+00	
GOBP_REGULATION_OF_T_CELL_MEDIATED_CYTOTOXICITY	go_bp	0	21	51	34	2920	1.000000e+00	1.000000e+00	
GOBP_REGULATION_OF_T_CELL_MIGRATION	go_bp	0	21	49	34	2920	1.000000e+00	1.000000e+00	
GOBP_REGULATION_OF_T_CELL_PROLIFERATION	go_bp	0	93	182	34	2920	1.000000e+00	1.000000e+00	
GOBP_REGULATION_OF_T_CELL_RECEPTOR_SIGNALING_PATHWAY	go_bp	0	19	49	34	2920	1.000000e+00	1.000000e+00	
GOBP_REGULATION_OF_T_HELPER_17_CELL_LINEAGE_COMMITMENT	go_bp	0	4	10	34	2920	1.000000e+00	1.000000e+00	
GOBP_REGULATION_OF_T_HELPER_17_TYPE_IMMUNE_RESPONSE	go_bp	0	9	34	34	2920	1.000000e+00	1.000000e+00	
GOBP_REGULATION_OF_T_HELPER_1_CELL_DIFFERENTIATION	go_bp	0	4	11	34	2920	1.000000e+00	1.000000e+00	
GOBP_REGULATION_OF_T_HELPER_1_TYPE_IMMUNE_RESPONSE	go_bp	0	16	31	34	2920	1.000000e+00	1.000000e+00	
GOBP_REGULATION_OF_T_HELPER_2_CELL_DIFFERENTIATION	go_bp	0	4	12	34	2920	1.000000e+00	1.000000e+00	
GOBP_REGULATION_OF_T_HELPER_CELL_DIFFERENTIATION	go_bp	0	14	45	34	2920	1.000000e+00	1.000000e+00	
GOBP_REGULATION_OF_UBIQUITIN_PROTEIN_TRANSFERASE_ACTIVITY	go_bp	0	3	38	34	2920	1.000000e+00	1.000000e+00	
GOBP_REGULATION_OF_UNSATURATED_FATTY_ACID_BIOSYNTHETIC_PROCESS	go_bp	0	5	14	34	2920	1.000000e+00	1.000000e+00	
GOBP_REGULATION_OF_URINE_VOLUME	go_bp	0	10	22	34	2920	1.000000e+00	1.000000e+00	
GOBP_REGULATION_OF_VACUOLE_ORGANIZATION	go_bp	0	11	60	34	2920	1.000000e+00	1.000000e+00	
GOBP_REGULATION_OF_VASCULAR_ASSOCIATED_SMOOTH_MUSCLE_CELL_DIFFERENTIATION	go_bp	0	7	25	34	2920	1.000000e+00	1.000000e+00	
GOBP_REGULATION_OF_VASCULAR_ENDOTHELIAL_GROWTH_FACTOR_RECEPTOR_SIGNALING_PATHWAY	go_bp	0	14	35	34	2920	1.000000e+00	1.000000e+00	
GOBP_REGULATION_OF_VASCULAR_PERMEABILITY	go_bp	0	22	49	34	2920	1.000000e+00	1.000000e+00	
GOBP_REGULATION_OF_VASCULAR_WOUND_HEALING	go_bp	0	5	15	34	2920	1.000000e+00	1.000000e+00	
GOBP_REGULATION_OF_VASCULOGENESIS	go_bp	0	7	16	34	2920	1.000000e+00	1.000000e+00	
GOBP_REGULATION_OF_VASOCONSTRICTION	go_bp	0	16	68	34	2920	1.000000e+00	1.000000e+00	
GOBP_REGULATION_OF_VENTRICULAR_CARDIAC_MUSCLE_CELL_ACTION_POTENTIAL	go_bp	0	3	12	34	2920	1.000000e+00	1.000000e+00	
GOBP_REGULATION_OF_VENTRICULAR_CARDIAC_MUSCLE_CELL_MEMBRANE_REPOLARIZATION	go_bp	0	4	25	34	2920	1.000000e+00	1.000000e+00	
GOBP_REGULATION_OF_VESICLE_SIZE	go_bp	0	4	20	34	2920	1.000000e+00	1.000000e+00	
GOBP_REGULATION_OF_VIRAL_GENOME_REPLICATION	go_bp	0	18	85	34	2920	1.000000e+00	1.000000e+00	
GOBP_REGULATION_OF_VIRAL_TRANSCRIPTION	go_bp	0	3	19	34	2920	1.000000e+00	1.000000e+00	
GOBP_REGULATION_OF_VITAMIN_D_BIOSYNTHETIC_PROCESS	go_bp	0	3	7	34	2920	1.000000e+00	1.000000e+00	
GOBP_REGULATION_OF_VITAMIN_METABOLIC_PROCESS	go_bp	0	3	12	34	2920	1.000000e+00	1.000000e+00	
GOBP_REGULATION_OF_VOLTAGE_GATED_SODIUM_CHANNEL_ACTIVITY	go_bp	0	3	10	34	2920	1.000000e+00	1.000000e+00	
GOBP_REGULATION_OF_WNT_SIGNALING_PATHWAY_PLANAR_CELL_POLARITY_PATHWAY	go_bp	0	5	16	34	2920	1.000000e+00	1.000000e+00	
GOBP_REGULATION_OF_WOUND_HEALING_SPREADING_OF_EPIDERMAL_CELLS	go_bp	0	3	11	34	2920	1.000000e+00	1.000000e+00	
GOBP_REGULATORY_T_CELL_DIFFERENTIATION	go_bp	0	16	41	34	2920	1.000000e+00	1.000000e+00	
GOBP_RELAXATION_OF_MUSCLE	go_bp	0	8	34	34	2920	1.000000e+00	1.000000e+00	
GOBP_RELEASE_OF_CYTOCHROME_C_FROM_MITOCHONDRIA	go_bp	0	19	56	34	2920	1.000000e+00	1.000000e+00	
GOBP_RELEASE_OF_SEQUESTERED_CALCIUM_ION_INTO_CYTOSOL_BY_ENDOPLASMIC_RETICULUM	go_bp	0	11	39	34	2920	1.000000e+00	1.000000e+00	
GOBP_RENAL_ABSORPTION	go_bp	0	11	36	34	2920	1.000000e+00	1.000000e+00	
GOBP_RENAL_ALBUMIN_ABSORPTION	go_bp	0	5	7	34	2920	1.000000e+00	1.000000e+00	
GOBP_RENAL_PROTEIN_ABSORPTION	go_bp	0	8	10	34	2920	1.000000e+00	1.000000e+00	
GOBP_RENAL_RESPONSE_TO_BLOOD_FLOW_INVOLVED_IN_CIRCULATORY_RENIN_ANGIOTENSIN_REGULATION_OF_SYSTEMIC_ARTERIAL_BLOOD_PRESSURE	go_bp	0	3	7	34	2920	1.000000e+00	1.000000e+00	
GOBP_RENAL_SODIUM_ION_ABSORPTION	go_bp	0	3	13	34	2920	1.000000e+00	1.000000e+00	
GOBP_RENAL_SODIUM_ION_TRANSPORT	go_bp	0	4	16	34	2920	1.000000e+00	1.000000e+00	
GOBP_RENAL_SYSTEM_PROCESS_INVOLVED_IN_REGULATION_OF_BLOOD_VOLUME	go_bp	0	3	14	34	2920	1.000000e+00	1.000000e+00	
GOBP_RENAL_SYSTEM_PROCESS_INVOLVED_IN_REGULATION_OF_SYSTEMIC_ARTERIAL_BLOOD_PRESSURE	go_bp	0	8	25	34	2920	1.000000e+00	1.000000e+00	
GOBP_RENAL_SYSTEM_VASCULATURE_DEVELOPMENT	go_bp	0	18	33	34	2920	1.000000e+00	1.000000e+00	
GOBP_RENAL_SYSTEM_VASCULATURE_MORPHOGENESIS	go_bp	0	7	8	34	2920	1.000000e+00	1.000000e+00	
GOBP_RENAL_TUBULAR_SECRETION	go_bp	0	8	20	34	2920	1.000000e+00	1.000000e+00	
GOBP_RENAL_VESICLE_DEVELOPMENT	go_bp	0	3	18	34	2920	1.000000e+00	1.000000e+00	
GOBP_REPLACEMENT_OSSIFICATION	go_bp	0	10	32	34	2920	1.000000e+00	1.000000e+00	
GOBP_REPRODUCTIVE_BEHAVIOR	go_bp	0	10	45	34	2920	1.000000e+00	1.000000e+00	
GOBP_RESCUE_OF_STALLED_RIBOSOME	go_bp	0	4	33	34	2920	1.000000e+00	1.000000e+00	
GOBP_RESPIRATORY_BURST	go_bp	0	13	40	34	2920	1.000000e+00	1.000000e+00	
GOBP_RESPIRATORY_BURST_INVOLVED_IN_INFLAMMATORY_RESPONSE	go_bp	0	4	10	34	2920	1.000000e+00	1.000000e+00	
GOBP_RESPIRATORY_SYSTEM_PROCESS	go_bp	0	4	44	34	2920	1.000000e+00	1.000000e+00	
GOBP_RESPONSE_TO_ACETYLCHOLINE	go_bp	0	10	47	34	2920	1.000000e+00	1.000000e+00	
GOBP_RESPONSE_TO_ALDOSTERONE	go_bp	0	7	19	34	2920	1.000000e+00	1.000000e+00	
GOBP_RESPONSE_TO_ALKALOID	go_bp	0	20	100	34	2920	1.000000e+00	1.000000e+00	
GOBP_RESPONSE_TO_AMINE	go_bp	0	15	52	34	2920	1.000000e+00	1.000000e+00	
GOBP_RESPONSE_TO_AMPHETAMINE	go_bp	0	9	36	34	2920	1.000000e+00	1.000000e+00	
GOBP_RESPONSE_TO_ANGIOTENSIN	go_bp	0	10	43	34	2920	1.000000e+00	1.000000e+00	
GOBP_RESPONSE_TO_ARSENIC_CONTAINING_SUBSTANCE	go_bp	0	9	31	34	2920	1.000000e+00	1.000000e+00	
GOBP_RESPONSE_TO_ATP	go_bp	0	5	33	34	2920	1.000000e+00	1.000000e+00	
GOBP_RESPONSE_TO_BACTERIAL_LIPOPROTEIN	go_bp	0	5	11	34	2920	1.000000e+00	1.000000e+00	
GOBP_RESPONSE_TO_CADMIUM_ION	go_bp	0	16	61	34	2920	1.000000e+00	1.000000e+00	
GOBP_RESPONSE_TO_COBALT_ION	go_bp	0	5	10	34	2920	1.000000e+00	1.000000e+00	
GOBP_RESPONSE_TO_COCAINE	go_bp	0	11	56	34	2920	1.000000e+00	1.000000e+00	
GOBP_RESPONSE_TO_COLD	go_bp	0	10	43	34	2920	1.000000e+00	1.000000e+00	
GOBP_RESPONSE_TO_COPPER_ION	go_bp	0	10	37	34	2920	1.000000e+00	1.000000e+00	
GOBP_RESPONSE_TO_CORTICOSTERONE	go_bp	0	7	17	34	2920	1.000000e+00	1.000000e+00	
GOBP_RESPONSE_TO_CYCLOHEXIMIDE	go_bp	0	3	5	34	2920	1.000000e+00	1.000000e+00	
GOBP_RESPONSE_TO_CYTOKINE	go_bp	0	338	965	34	2920	1.000000e+00	1.000000e+00	
GOBP_RESPONSE_TO_DEXAMETHASONE	go_bp	0	16	45	34	2920	1.000000e+00	1.000000e+00	
GOBP_RESPONSE_TO_DIACYL_BACTERIAL_LIPOPEPTIDE	go_bp	0	3	5	34	2920	1.000000e+00	1.000000e+00	
GOBP_RESPONSE_TO_DISACCHARIDE	go_bp	0	4	8	34	2920	1.000000e+00	1.000000e+00	
GOBP_RESPONSE_TO_DSRNA	go_bp	0	10	57	34	2920	1.000000e+00	1.000000e+00	
GOBP_RESPONSE_TO_ERYTHROPOIETIN	go_bp	0	3	7	34	2920	1.000000e+00	1.000000e+00	
GOBP_RESPONSE_TO_ETHER	go_bp	0	5	16	34	2920	1.000000e+00	1.000000e+00	
GOBP_RESPONSE_TO_FATTY_ACID	go_bp	0	16	56	34	2920	1.000000e+00	1.000000e+00	
GOBP_RESPONSE_TO_FOLIC_ACID	go_bp	0	4	11	34	2920	1.000000e+00	1.000000e+00	
GOBP_RESPONSE_TO_FOLLICLE_STIMULATING_HORMONE	go_bp	0	5	16	34	2920	1.000000e+00	1.000000e+00	
GOBP_RESPONSE_TO_FOOD	go_bp	0	13	39	34	2920	1.000000e+00	1.000000e+00	
GOBP_RESPONSE_TO_FUNGUS	go_bp	0	21	68	34	2920	1.000000e+00	1.000000e+00	
GOBP_RESPONSE_TO_GAMMA_RADIATION	go_bp	0	15	52	34	2920	1.000000e+00	1.000000e+00	
GOBP_RESPONSE_TO_GLYCOPROTEIN	go_bp	0	4	11	34	2920	1.000000e+00	1.000000e+00	
GOBP_RESPONSE_TO_GRAVITY	go_bp	0	4	9	34	2920	1.000000e+00	1.000000e+00	
GOBP_RESPONSE_TO_GROWTH_HORMONE	go_bp	0	13	38	34	2920	1.000000e+00	1.000000e+00	
GOBP_RESPONSE_TO_HEPARIN	go_bp	0	4	6	34	2920	1.000000e+00	1.000000e+00	
GOBP_RESPONSE_TO_HYDROPEROXIDE	go_bp	0	4	20	34	2920	1.000000e+00	1.000000e+00	
GOBP_RESPONSE_TO_HYDROSTATIC_PRESSURE	go_bp	0	4	7	34	2920	1.000000e+00	1.000000e+00	
GOBP_RESPONSE_TO_HYPEROXIA	go_bp	0	7	20	34	2920	1.000000e+00	1.000000e+00	
GOBP_RESPONSE_TO_INACTIVITY	go_bp	0	3	12	34	2920	1.000000e+00	1.000000e+00	
GOBP_RESPONSE_TO_INCREASED_OXYGEN_LEVELS	go_bp	0	8	27	34	2920	1.000000e+00	1.000000e+00	
GOBP_RESPONSE_TO_INTERFERON_ALPHA	go_bp	0	8	18	34	2920	1.000000e+00	1.000000e+00	
GOBP_RESPONSE_TO_INTERLEUKIN_13	go_bp	0	3	5	34	2920	1.000000e+00	1.000000e+00	
GOBP_RESPONSE_TO_INTERLEUKIN_15	go_bp	0	8	12	34	2920	1.000000e+00	1.000000e+00	
GOBP_RESPONSE_TO_INTERLEUKIN_17	go_bp	0	10	18	34	2920	1.000000e+00	1.000000e+00	
GOBP_RESPONSE_TO_INTERLEUKIN_18	go_bp	0	5	12	34	2920	1.000000e+00	1.000000e+00	
GOBP_RESPONSE_TO_INTERLEUKIN_2	go_bp	0	5	11	34	2920	1.000000e+00	1.000000e+00	
GOBP_RESPONSE_TO_INTERLEUKIN_3	go_bp	0	3	7	34	2920	1.000000e+00	1.000000e+00	
GOBP_RESPONSE_TO_INTERLEUKIN_4	go_bp	0	13	37	34	2920	1.000000e+00	1.000000e+00	
GOBP_RESPONSE_TO_INTERLEUKIN_6	go_bp	0	10	45	34	2920	1.000000e+00	1.000000e+00	
GOBP_RESPONSE_TO_INTERLEUKIN_7	go_bp	0	10	17	34	2920	1.000000e+00	1.000000e+00	
GOBP_RESPONSE_TO_IRON_II_ION	go_bp	0	3	6	34	2920	1.000000e+00	1.000000e+00	
GOBP_RESPONSE_TO_ISCHEMIA	go_bp	0	18	66	34	2920	1.000000e+00	1.000000e+00	
GOBP_RESPONSE_TO_LAMINAR_FLUID_SHEAR_STRESS	go_bp	0	5	15	34	2920	1.000000e+00	1.000000e+00	
GOBP_RESPONSE_TO_LEAD_ION	go_bp	0	5	21	34	2920	1.000000e+00	1.000000e+00	
GOBP_RESPONSE_TO_LECTIN	go_bp	0	8	23	34	2920	1.000000e+00	1.000000e+00	
GOBP_RESPONSE_TO_LEPTIN	go_bp	0	7	21	34	2920	1.000000e+00	1.000000e+00	
GOBP_RESPONSE_TO_LEUKEMIA_INHIBITORY_FACTOR	go_bp	0	19	105	34	2920	1.000000e+00	1.000000e+00	
GOBP_RESPONSE_TO_LITHIUM_ION	go_bp	0	5	16	34	2920	1.000000e+00	1.000000e+00	
GOBP_RESPONSE_TO_L_ASCORBIC_ACID	go_bp	0	5	5	34	2920	1.000000e+00	1.000000e+00	
GOBP_RESPONSE_TO_L_PHENYLALANINE_DERIVATIVE	go_bp	0	3	6	34	2920	1.000000e+00	1.000000e+00	
GOBP_RESPONSE_TO_MACROPHAGE_COLONY_STIMULATING_FACTOR	go_bp	0	9	17	34	2920	1.000000e+00	1.000000e+00	
GOBP_RESPONSE_TO_MAGNESIUM_ION	go_bp	0	8	20	34	2920	1.000000e+00	1.000000e+00	
GOBP_RESPONSE_TO_MINERALOCORTICOID	go_bp	0	15	40	34	2920	1.000000e+00	1.000000e+00	
GOBP_RESPONSE_TO_MISFOLDED_PROTEIN	go_bp	0	5	20	34	2920	1.000000e+00	1.000000e+00	
GOBP_RESPONSE_TO_MITOCHONDRIAL_DEPOLARISATION	go_bp	0	5	21	34	2920	1.000000e+00	1.000000e+00	
GOBP_RESPONSE_TO_MURAMYL_DIPEPTIDE	go_bp	0	4	21	34	2920	1.000000e+00	1.000000e+00	
GOBP_RESPONSE_TO_MUSCLE_ACTIVITY	go_bp	0	9	28	34	2920	1.000000e+00	1.000000e+00	
GOBP_RESPONSE_TO_MUSCLE_STRETCH	go_bp	0	9	25	34	2920	1.000000e+00	1.000000e+00	
GOBP_RESPONSE_TO_NERVE_GROWTH_FACTOR	go_bp	0	21	52	34	2920	1.000000e+00	1.000000e+00	
GOBP_RESPONSE_TO_NITROSATIVE_STRESS	go_bp	0	3	10	34	2920	1.000000e+00	1.000000e+00	
GOBP_RESPONSE_TO_OSMOTIC_STRESS	go_bp	0	22	84	34	2920	1.000000e+00	1.000000e+00	
GOBP_RESPONSE_TO_OXYGEN_GLUCOSE_DEPRIVATION	go_bp	0	5	9	34	2920	1.000000e+00	1.000000e+00	
GOBP_RESPONSE_TO_OZONE	go_bp	0	4	5	34	2920	1.000000e+00	1.000000e+00	
GOBP_RESPONSE_TO_PAIN	go_bp	0	8	36	34	2920	1.000000e+00	1.000000e+00	
GOBP_RESPONSE_TO_PARATHYROID_HORMONE	go_bp	0	5	13	34	2920	1.000000e+00	1.000000e+00	
GOBP_RESPONSE_TO_PEPTIDE	go_bp	0	5	20	34	2920	1.000000e+00	1.000000e+00	
GOBP_RESPONSE_TO_PH	go_bp	0	8	40	34	2920	1.000000e+00	1.000000e+00	
GOBP_RESPONSE_TO_PHENYLPROPANOID	go_bp	0	4	5	34	2920	1.000000e+00	1.000000e+00	
GOBP_RESPONSE_TO_PHORBOL_13_ACETATE_12_MYRISTATE	go_bp	0	3	10	34	2920	1.000000e+00	1.000000e+00	
GOBP_RESPONSE_TO_PLATELET_DERIVED_GROWTH_FACTOR	go_bp	0	9	25	34	2920	1.000000e+00	1.000000e+00	
GOBP_RESPONSE_TO_POTASSIUM_ION	go_bp	0	7	19	34	2920	1.000000e+00	1.000000e+00	
GOBP_RESPONSE_TO_PROGESTERONE	go_bp	0	13	44	34	2920	1.000000e+00	1.000000e+00	
GOBP_RESPONSE_TO_PROSTAGLANDIN	go_bp	0	9	33	34	2920	1.000000e+00	1.000000e+00	
GOBP_RESPONSE_TO_PROTOZOAN	go_bp	0	14	31	34	2920	1.000000e+00	1.000000e+00	
GOBP_RESPONSE_TO_REDOX_STATE	go_bp	0	4	14	34	2920	1.000000e+00	1.000000e+00	
GOBP_RESPONSE_TO_SALT	go_bp	0	9	23	34	2920	1.000000e+00	1.000000e+00	
GOBP_RESPONSE_TO_SALT_STRESS	go_bp	0	9	24	34	2920	1.000000e+00	1.000000e+00	
GOBP_RESPONSE_TO_SELENIUM_ION	go_bp	0	3	10	34	2920	1.000000e+00	1.000000e+00	
GOBP_RESPONSE_TO_SODIUM_PHOSPHATE	go_bp	0	3	10	34	2920	1.000000e+00	1.000000e+00	
GOBP_RESPONSE_TO_STEROID_HORMONE	go_bp	0	88	341	34	2920	1.000000e+00	1.000000e+00	
GOBP_RESPONSE_TO_STEROL_DEPLETION	go_bp	0	3	18	34	2920	1.000000e+00	1.000000e+00	
GOBP_RESPONSE_TO_STILBENOID	go_bp	0	3	8	34	2920	1.000000e+00	1.000000e+00	
GOBP_RESPONSE_TO_STIMULUS_INVOLVED_IN_REGULATION_OF_MUSCLE_ADAPTATION	go_bp	0	3	14	34	2920	1.000000e+00	1.000000e+00	
GOBP_RESPONSE_TO_TESTOSTERONE	go_bp	0	10	45	34	2920	1.000000e+00	1.000000e+00	
GOBP_RESPONSE_TO_THYROID_HORMONE	go_bp	0	10	24	34	2920	1.000000e+00	1.000000e+00	
GOBP_RESPONSE_TO_TUMOR_CELL	go_bp	0	20	45	34	2920	1.000000e+00	1.000000e+00	
GOBP_RESPONSE_TO_TUMOR_NECROSIS_FACTOR	go_bp	0	83	241	34	2920	1.000000e+00	1.000000e+00	
GOBP_RESPONSE_TO_TYPE_III_INTERFERON	go_bp	0	7	12	34	2920	1.000000e+00	1.000000e+00	
GOBP_RESPONSE_TO_TYPE_I_INTERFERON	go_bp	0	18	90	34	2920	1.000000e+00	1.000000e+00	
GOBP_RESPONSE_TO_UV_B	go_bp	0	7	21	34	2920	1.000000e+00	1.000000e+00	
GOBP_RESPONSE_TO_VITAMIN_A	go_bp	0	3	15	34	2920	1.000000e+00	1.000000e+00	
GOBP_RESPONSE_TO_VITAMIN_K	go_bp	0	4	5	34	2920	1.000000e+00	1.000000e+00	
GOBP_RESPONSE_TO_X_RAY	go_bp	0	11	28	34	2920	1.000000e+00	1.000000e+00	
GOBP_RESPONSE_TO_YEAST	go_bp	0	4	7	34	2920	1.000000e+00	1.000000e+00	
GOBP_RESPONSE_TO_ZINC_ION	go_bp	0	8	51	34	2920	1.000000e+00	1.000000e+00	
GOBP_RESPONSE_TO_ZINC_ION_STARVATION	go_bp	0	5	9	34	2920	1.000000e+00	1.000000e+00	
GOBP_RETINAL_CELL_PROGRAMMED_CELL_DEATH	go_bp	0	5	6	34	2920	1.000000e+00	1.000000e+00	
GOBP_RETINAL_GANGLION_CELL_AXON_GUIDANCE	go_bp	0	7	23	34	2920	1.000000e+00	1.000000e+00	
GOBP_RETINAL_ROD_CELL_DIFFERENTIATION	go_bp	0	3	17	34	2920	1.000000e+00	1.000000e+00	
GOBP_RETINA_MORPHOGENESIS_IN_CAMERA_TYPE_EYE	go_bp	0	14	66	34	2920	1.000000e+00	1.000000e+00	
GOBP_RETINA_VASCULATURE_DEVELOPMENT_IN_CAMERA_TYPE_EYE	go_bp	0	8	20	34	2920	1.000000e+00	1.000000e+00	
GOBP_RETINA_VASCULATURE_MORPHOGENESIS_IN_CAMERA_TYPE_EYE	go_bp	0	3	10	34	2920	1.000000e+00	1.000000e+00	
GOBP_RETINOIC_ACID_METABOLIC_PROCESS	go_bp	0	3	33	34	2920	1.000000e+00	1.000000e+00	
GOBP_RETINOIC_ACID_RECEPTOR_SIGNALING_PATHWAY	go_bp	0	3	32	34	2920	1.000000e+00	1.000000e+00	
GOBP_RETINOL_METABOLIC_PROCESS	go_bp	0	7	52	34	2920	1.000000e+00	1.000000e+00	
GOBP_RETROGRADE_TRANSPORT_ENDOSOME_TO_GOLGI	go_bp	0	18	106	34	2920	1.000000e+00	1.000000e+00	
GOBP_RETROGRADE_TRANS_SYNAPTIC_SIGNALING	go_bp	0	3	10	34	2920	1.000000e+00	1.000000e+00	
GOBP_REVERSE_CHOLESTEROL_TRANSPORT	go_bp	0	9	20	34	2920	1.000000e+00	1.000000e+00	
GOBP_REVERSIBLE_DIFFERENTIATION	go_bp	0	3	12	34	2920	1.000000e+00	1.000000e+00	
GOBP_RHYTHMIC_BEHAVIOR	go_bp	0	9	46	34	2920	1.000000e+00	1.000000e+00	
GOBP_RIBONUCLEOSIDE_CATABOLIC_PROCESS	go_bp	0	4	21	34	2920	1.000000e+00	1.000000e+00	
GOBP_RIBONUCLEOSIDE_DIPHOSPHATE_BIOSYNTHETIC_PROCESS	go_bp	0	4	10	34	2920	1.000000e+00	1.000000e+00	
GOBP_RIBONUCLEOSIDE_METABOLIC_PROCESS	go_bp	0	9	37	34	2920	1.000000e+00	1.000000e+00	
GOBP_RIBONUCLEOSIDE_MONOPHOSPHATE_BIOSYNTHETIC_PROCESS	go_bp	0	7	35	34	2920	1.000000e+00	1.000000e+00	
GOBP_RIBONUCLEOSIDE_MONOPHOSPHATE_CATABOLIC_PROCESS	go_bp	0	7	15	34	2920	1.000000e+00	1.000000e+00	
GOBP_RIBONUCLEOSIDE_MONOPHOSPHATE_METABOLIC_PROCESS	go_bp	0	16	60	34	2920	1.000000e+00	1.000000e+00	
GOBP_RIBOSE_PHOSPHATE_METABOLIC_PROCESS	go_bp	0	86	483	34	2920	1.000000e+00	1.000000e+00	
GOBP_RIBOSOMAL_LARGE_SUBUNIT_BIOGENESIS	go_bp	0	5	69	34	2920	1.000000e+00	1.000000e+00	
GOBP_RIBOSOMAL_SMALL_SUBUNIT_BIOGENESIS	go_bp	0	5	106	34	2920	1.000000e+00	1.000000e+00	
GOBP_RIBOSOME_ASSEMBLY	go_bp	0	5	63	34	2920	1.000000e+00	1.000000e+00	
GOBP_RIBOSOME_BIOGENESIS	go_bp	0	18	319	34	2920	1.000000e+00	1.000000e+00	
GOBP_RIBOSOME_DISASSEMBLY	go_bp	0	7	41	34	2920	1.000000e+00	1.000000e+00	
GOBP_RIG_I_SIGNALING_PATHWAY	go_bp	0	4	28	34	2920	1.000000e+00	1.000000e+00	
GOBP_RNA_3_END_PROCESSING	go_bp	0	7	90	34	2920	1.000000e+00	1.000000e+00	
GOBP_RNA_DECAPPING	go_bp	0	3	19	34	2920	1.000000e+00	1.000000e+00	
GOBP_RNA_EXPORT_FROM_NUCLEUS	go_bp	0	8	93	34	2920	1.000000e+00	1.000000e+00	
GOBP_RNA_IMPORT_INTO_MITOCHONDRION	go_bp	0	3	5	34	2920	1.000000e+00	1.000000e+00	
GOBP_RNA_MODIFICATION	go_bp	0	4	171	34	2920	1.000000e+00	1.000000e+00	
GOBP_RNA_POLYMERASE_II_PREINITIATION_COMPLEX_ASSEMBLY	go_bp	0	4	67	34	2920	1.000000e+00	1.000000e+00	
GOBP_RNA_TEMPLATED_DNA_BIOSYNTHETIC_PROCESS	go_bp	0	7	72	34	2920	1.000000e+00	1.000000e+00	
GOBP_ROUNDABOUT_SIGNALING_PATHWAY	go_bp	0	3	5	34	2920	1.000000e+00	1.000000e+00	
GOBP_RRNA_METABOLIC_PROCESS	go_bp	0	15	265	34	2920	1.000000e+00	1.000000e+00	
GOBP_RRNA_PROCESSING	go_bp	0	10	224	34	2920	1.000000e+00	1.000000e+00	
GOBP_RRNA_TRANSCRIPTION	go_bp	0	4	40	34	2920	1.000000e+00	1.000000e+00	
GOBP_RUFFLE_ASSEMBLY	go_bp	0	11	45	34	2920	1.000000e+00	1.000000e+00	
GOBP_RUFFLE_ORGANIZATION	go_bp	0	13	57	34	2920	1.000000e+00	1.000000e+00	
GOBP_R_LOOP_PROCESSING	go_bp	0	3	9	34	2920	1.000000e+00	1.000000e+00	
GOBP_SALIVARY_GLAND_DEVELOPMENT	go_bp	0	14	37	34	2920	1.000000e+00	1.000000e+00	
GOBP_SARCOMERE_ORGANIZATION	go_bp	0	16	51	34	2920	1.000000e+00	1.000000e+00	
GOBP_SARCOPLASMIC_RETICULUM_CALCIUM_ION_TRANSPORT	go_bp	0	9	44	34	2920	1.000000e+00	1.000000e+00	
GOBP_SECONDARY_METABOLIC_PROCESS	go_bp	0	8	57	34	2920	1.000000e+00	1.000000e+00	
GOBP_SECONDARY_METABOLITE_BIOSYNTHETIC_PROCESS	go_bp	0	4	26	34	2920	1.000000e+00	1.000000e+00	
GOBP_SECONDARY_PALATE_DEVELOPMENT	go_bp	0	5	26	34	2920	1.000000e+00	1.000000e+00	
GOBP_SECRETION_OF_LYSOSOMAL_ENZYMES	go_bp	0	3	7	34	2920	1.000000e+00	1.000000e+00	
GOBP_SECRETORY_GRANULE_ORGANIZATION	go_bp	0	10	67	34	2920	1.000000e+00	1.000000e+00	
GOBP_SEGMENTATION	go_bp	0	13	102	34	2920	1.000000e+00	1.000000e+00	
GOBP_SELF_PROTEOLYSIS	go_bp	0	5	12	34	2920	1.000000e+00	1.000000e+00	
GOBP_SEMAPHORIN_PLEXIN_SIGNALING_PATHWAY	go_bp	0	19	46	34	2920	1.000000e+00	1.000000e+00	
GOBP_SEMI_LUNAR_VALVE_DEVELOPMENT	go_bp	0	20	48	34	2920	1.000000e+00	1.000000e+00	
GOBP_SENSORY_PERCEPTION_OF_BITTER_TASTE	go_bp	0	5	46	34	2920	1.000000e+00	1.000000e+00	
GOBP_SENSORY_PERCEPTION_OF_CHEMICAL_STIMULUS	go_bp	0	10	535	34	2920	1.000000e+00	1.000000e+00	
GOBP_SENSORY_PERCEPTION_OF_SMELL	go_bp	0	3	456	34	2920	1.000000e+00	1.000000e+00	
GOBP_SEQUESTERING_OF_ACTIN_MONOMERS	go_bp	0	4	11	34	2920	1.000000e+00	1.000000e+00	
GOBP_SEQUESTERING_OF_EXTRACELLULAR_LIGAND_FROM_RECEPTOR	go_bp	0	4	11	34	2920	1.000000e+00	1.000000e+00	
GOBP_SEQUESTERING_OF_TRIGLYCERIDE	go_bp	0	5	18	34	2920	1.000000e+00	1.000000e+00	
GOBP_SERINE_FAMILY_AMINO_ACID_BIOSYNTHETIC_PROCESS	go_bp	0	5	17	34	2920	1.000000e+00	1.000000e+00	
GOBP_SERINE_FAMILY_AMINO_ACID_CATABOLIC_PROCESS	go_bp	0	4	13	34	2920	1.000000e+00	1.000000e+00	
GOBP_SERINE_FAMILY_AMINO_ACID_METABOLIC_PROCESS	go_bp	0	8	33	34	2920	1.000000e+00	1.000000e+00	
GOBP_SERINE_PHOSPHORYLATION_OF_STAT_PROTEIN	go_bp	0	4	23	34	2920	1.000000e+00	1.000000e+00	
GOBP_SEROTONIN_METABOLIC_PROCESS	go_bp	0	3	11	34	2920	1.000000e+00	1.000000e+00	
GOBP_SEROTONIN_SECRETION	go_bp	0	4	10	34	2920	1.000000e+00	1.000000e+00	
GOBP_SERTOLI_CELL_DEVELOPMENT	go_bp	0	4	15	34	2920	1.000000e+00	1.000000e+00	
GOBP_SERTOLI_CELL_DIFFERENTIATION	go_bp	0	5	22	34	2920	1.000000e+00	1.000000e+00	
GOBP_SERTOLI_CELL_PROLIFERATION	go_bp	0	3	5	34	2920	1.000000e+00	1.000000e+00	
GOBP_SEX_DETERMINATION	go_bp	0	3	22	34	2920	1.000000e+00	1.000000e+00	
GOBP_SHORT_CHAIN_FATTY_ACID_METABOLIC_PROCESS	go_bp	0	3	16	34	2920	1.000000e+00	1.000000e+00	
GOBP_SHORT_TERM_MEMORY	go_bp	0	3	11	34	2920	1.000000e+00	1.000000e+00	
GOBP_SIGNALING_RECEPTOR_LIGAND_PRECURSOR_PROCESSING	go_bp	0	18	40	34	2920	1.000000e+00	1.000000e+00	
GOBP_SIGNAL_COMPLEX_ASSEMBLY	go_bp	0	4	8	34	2920	1.000000e+00	1.000000e+00	
GOBP_SIGNAL_TRANSDUCTION_INVOLVED_IN_REGULATION_OF_GENE_EXPRESSION	go_bp	0	9	23	34	2920	1.000000e+00	1.000000e+00	
GOBP_SINGLE_STRANDED_VIRAL_RNA_REPLICATION_VIA_DOUBLE_STRANDED_DNA_INTERMEDIATE	go_bp	0	3	20	34	2920	1.000000e+00	1.000000e+00	
GOBP_SINGLE_STRAND_BREAK_REPAIR	go_bp	0	3	12	34	2920	1.000000e+00	1.000000e+00	
GOBP_SIRNA_PROCESSING	go_bp	0	3	8	34	2920	1.000000e+00	1.000000e+00	
GOBP_SKELETAL_MUSCLE_ACETYLCHOLINE_GATED_CHANNEL_CLUSTERING	go_bp	0	3	13	34	2920	1.000000e+00	1.000000e+00	
GOBP_SKELETAL_MUSCLE_CELL_DIFFERENTIATION	go_bp	0	10	80	34	2920	1.000000e+00	1.000000e+00	
GOBP_SKELETAL_MUSCLE_CELL_PROLIFERATION	go_bp	0	9	25	34	2920	1.000000e+00	1.000000e+00	
GOBP_SKELETAL_MUSCLE_CONTRACTION	go_bp	0	3	47	34	2920	1.000000e+00	1.000000e+00	
GOBP_SKELETAL_MUSCLE_SATELLITE_CELL_DIFFERENTIATION	go_bp	0	4	13	34	2920	1.000000e+00	1.000000e+00	
GOBP_SKELETAL_MUSCLE_SATELLITE_CELL_PROLIFERATION	go_bp	0	5	17	34	2920	1.000000e+00	1.000000e+00	
GOBP_SKIN_MORPHOGENESIS	go_bp	0	4	13	34	2920	1.000000e+00	1.000000e+00	
GOBP_SLEEP	go_bp	0	7	22	34	2920	1.000000e+00	1.000000e+00	
GOBP_SMOOTH_MUSCLE_ADAPTATION	go_bp	0	3	5	34	2920	1.000000e+00	1.000000e+00	
GOBP_SMOOTH_MUSCLE_CELL_APOPTOTIC_PROCESS	go_bp	0	11	39	34	2920	1.000000e+00	1.000000e+00	
GOBP_SMOOTH_MUSCLE_CELL_CHEMOTAXIS	go_bp	0	4	9	34	2920	1.000000e+00	1.000000e+00	
GOBP_SMOOTH_MUSCLE_CELL_DIFFERENTIATION	go_bp	0	21	79	34	2920	1.000000e+00	1.000000e+00	
GOBP_SMOOTH_MUSCLE_CELL_MATRIX_ADHESION	go_bp	0	4	6	34	2920	1.000000e+00	1.000000e+00	
GOBP_SMOOTH_MUSCLE_CONTRACTION	go_bp	0	20	109	34	2920	1.000000e+00	1.000000e+00	
GOBP_SMOOTH_MUSCLE_TISSUE_DEVELOPMENT	go_bp	0	7	27	34	2920	1.000000e+00	1.000000e+00	
GOBP_SNRNA_METABOLIC_PROCESS	go_bp	0	3	59	34	2920	1.000000e+00	1.000000e+00	
GOBP_SODIUM_DEPENDENT_PHOSPHATE_TRANSPORT	go_bp	0	4	12	34	2920	1.000000e+00	1.000000e+00	
GOBP_SODIUM_ION_EXPORT_ACROSS_PLASMA_MEMBRANE	go_bp	0	3	15	34	2920	1.000000e+00	1.000000e+00	
GOBP_SODIUM_ION_HOMEOSTASIS	go_bp	0	13	47	34	2920	1.000000e+00	1.000000e+00	
GOBP_SOMATIC_DIVERSIFICATION_OF_IMMUNE_RECEPTORS	go_bp	0	20	79	34	2920	1.000000e+00	1.000000e+00	
GOBP_SOMATIC_DIVERSIFICATION_OF_IMMUNOGLOBULINS	go_bp	0	19	67	34	2920	1.000000e+00	1.000000e+00	
GOBP_SOMATIC_STEM_CELL_POPULATION_MAINTENANCE	go_bp	0	10	68	34	2920	1.000000e+00	1.000000e+00	
GOBP_SOMITE_DEVELOPMENT	go_bp	0	10	84	34	2920	1.000000e+00	1.000000e+00	
GOBP_SOMITOGENESIS	go_bp	0	8	65	34	2920	1.000000e+00	1.000000e+00	
GOBP_SPECIFICATION_OF_ANIMAL_ORGAN_IDENTITY	go_bp	0	9	37	34	2920	1.000000e+00	1.000000e+00	
GOBP_SPECIFICATION_OF_SYMMETRY	go_bp	0	20	147	34	2920	1.000000e+00	1.000000e+00	
GOBP_SPERMATID_DIFFERENTIATION	go_bp	0	21	228	34	2920	1.000000e+00	1.000000e+00	
GOBP_SPERMATID_NUCLEUS_DIFFERENTIATION	go_bp	0	3	27	34	2920	1.000000e+00	1.000000e+00	
GOBP_SPERMIDINE_METABOLIC_PROCESS	go_bp	0	3	9	34	2920	1.000000e+00	1.000000e+00	
GOBP_SPERM_CAPACITATION	go_bp	0	3	34	34	2920	1.000000e+00	1.000000e+00	
GOBP_SPERM_EGG_RECOGNITION	go_bp	0	13	51	34	2920	1.000000e+00	1.000000e+00	
GOBP_SPERM_MOTILITY	go_bp	0	13	146	34	2920	1.000000e+00	1.000000e+00	
GOBP_SPHINGOID_BIOSYNTHETIC_PROCESS	go_bp	0	4	14	34	2920	1.000000e+00	1.000000e+00	
GOBP_SPHINGOID_METABOLIC_PROCESS	go_bp	0	5	22	34	2920	1.000000e+00	1.000000e+00	
GOBP_SPHINGOLIPID_BIOSYNTHETIC_PROCESS	go_bp	0	11	111	34	2920	1.000000e+00	1.000000e+00	
GOBP_SPHINGOMYELIN_CATABOLIC_PROCESS	go_bp	0	5	8	34	2920	1.000000e+00	1.000000e+00	
GOBP_SPHINGOMYELIN_METABOLIC_PROCESS	go_bp	0	7	20	34	2920	1.000000e+00	1.000000e+00	
GOBP_SPINAL_CORD_DEVELOPMENT	go_bp	0	18	99	34	2920	1.000000e+00	1.000000e+00	
GOBP_SPINAL_CORD_PATTERNING	go_bp	0	3	18	34	2920	1.000000e+00	1.000000e+00	
GOBP_SPINDLE_ASSEMBLY	go_bp	0	22	132	34	2920	1.000000e+00	1.000000e+00	
GOBP_SPINDLE_LOCALIZATION	go_bp	0	10	62	34	2920	1.000000e+00	1.000000e+00	
GOBP_SPLEEN_DEVELOPMENT	go_bp	0	7	38	34	2920	1.000000e+00	1.000000e+00	
GOBP_SPLICEOSOMAL_COMPLEX_ASSEMBLY	go_bp	0	5	94	34	2920	1.000000e+00	1.000000e+00	
GOBP_STEM_CELL_DIVISION	go_bp	0	4	34	34	2920	1.000000e+00	1.000000e+00	
GOBP_STEM_CELL_FATE_COMMITMENT	go_bp	0	3	10	34	2920	1.000000e+00	1.000000e+00	
GOBP_STEROID_CATABOLIC_PROCESS	go_bp	0	8	25	34	2920	1.000000e+00	1.000000e+00	
GOBP_STEROID_HORMONE_BIOSYNTHETIC_PROCESS	go_bp	0	11	44	34	2920	1.000000e+00	1.000000e+00	
GOBP_STEROID_HORMONE_MEDIATED_SIGNALING_PATHWAY	go_bp	0	21	138	34	2920	1.000000e+00	1.000000e+00	
GOBP_STEROID_METABOLIC_PROCESS	go_bp	0	85	330	34	2920	1.000000e+00	1.000000e+00	
GOBP_STORE_OPERATED_CALCIUM_ENTRY	go_bp	0	4	23	34	2920	1.000000e+00	1.000000e+00	
GOBP_STRESS_ACTIVATED_PROTEIN_KINASE_SIGNALING_CASCADE	go_bp	0	18	58	34	2920	1.000000e+00	1.000000e+00	
GOBP_STRESS_GRANULE_ASSEMBLY	go_bp	0	10	34	34	2920	1.000000e+00	1.000000e+00	
GOBP_STRESS_INDUCED_PREMATURE_SENESCENCE	go_bp	0	3	8	34	2920	1.000000e+00	1.000000e+00	
GOBP_STRIATED_MUSCLE_CELL_APOPTOTIC_PROCESS	go_bp	0	9	58	34	2920	1.000000e+00	1.000000e+00	
GOBP_SUBSTANTIA_NIGRA_DEVELOPMENT	go_bp	0	8	44	34	2920	1.000000e+00	1.000000e+00	
GOBP_SUBSTRATE_DEPENDENT_CELL_MIGRATION	go_bp	0	15	26	34	2920	1.000000e+00	1.000000e+00	
GOBP_SUBSTRATE_DEPENDENT_CELL_MIGRATION_CELL_EXTENSION	go_bp	0	3	9	34	2920	1.000000e+00	1.000000e+00	
GOBP_SULFUR_AMINO_ACID_CATABOLIC_PROCESS	go_bp	0	4	11	34	2920	1.000000e+00	1.000000e+00	
GOBP_SULFUR_AMINO_ACID_METABOLIC_PROCESS	go_bp	0	14	34	34	2920	1.000000e+00	1.000000e+00	
GOBP_SULFUR_COMPOUND_TRANSPORT	go_bp	0	3	63	34	2920	1.000000e+00	1.000000e+00	
GOBP_SUPEROXIDE_ANION_GENERATION	go_bp	0	16	42	34	2920	1.000000e+00	1.000000e+00	
GOBP_SUPPRESSION_OF_VIRAL_RELEASE_BY_HOST	go_bp	0	4	16	34	2920	1.000000e+00	1.000000e+00	
GOBP_SURFACTANT_HOMEOSTASIS	go_bp	0	8	20	34	2920	1.000000e+00	1.000000e+00	
GOBP_SYMPATHETIC_GANGLION_DEVELOPMENT	go_bp	0	3	9	34	2920	1.000000e+00	1.000000e+00	
GOBP_SYMPATHETIC_NERVOUS_SYSTEM_DEVELOPMENT	go_bp	0	7	22	34	2920	1.000000e+00	1.000000e+00	
GOBP_SYMPATHETIC_NEURON_PROJECTION_EXTENSION	go_bp	0	3	5	34	2920	1.000000e+00	1.000000e+00	
GOBP_SYNAPSE_PRUNING	go_bp	0	9	14	34	2920	1.000000e+00	1.000000e+00	
GOBP_SYNAPTIC_ASSEMBLY_AT_NEUROMUSCULAR_JUNCTION	go_bp	0	3	10	34	2920	1.000000e+00	1.000000e+00	
GOBP_SYNAPTIC_MEMBRANE_ADHESION	go_bp	0	9	29	34	2920	1.000000e+00	1.000000e+00	
GOBP_SYNAPTIC_TRANSMISSION_CHOLINERGIC	go_bp	0	3	32	34	2920	1.000000e+00	1.000000e+00	
GOBP_SYNAPTIC_TRANSMISSION_DOPAMINERGIC	go_bp	0	7	28	34	2920	1.000000e+00	1.000000e+00	
GOBP_SYNAPTIC_TRANSMISSION_GABAERGIC	go_bp	0	11	60	34	2920	1.000000e+00	1.000000e+00	
GOBP_SYNAPTIC_VESICLE_BUDDING	go_bp	0	3	12	34	2920	1.000000e+00	1.000000e+00	
GOBP_SYNAPTIC_VESICLE_LOCALIZATION	go_bp	0	15	56	34	2920	1.000000e+00	1.000000e+00	
GOBP_SYNAPTIC_VESICLE_LUMEN_ACIDIFICATION	go_bp	0	5	17	34	2920	1.000000e+00	1.000000e+00	
GOBP_SYNAPTIC_VESICLE_MATURATION	go_bp	0	8	25	34	2920	1.000000e+00	1.000000e+00	
GOBP_SYNAPTIC_VESICLE_PRIMING	go_bp	0	9	19	34	2920	1.000000e+00	1.000000e+00	
GOBP_SYNAPTIC_VESICLE_TRANSPORT	go_bp	0	9	42	34	2920	1.000000e+00	1.000000e+00	
GOBP_SYNAPTONEMAL_COMPLEX_ORGANIZATION	go_bp	0	3	27	34	2920	1.000000e+00	1.000000e+00	
GOBP_SYNCYTIUM_FORMATION	go_bp	0	22	67	34	2920	1.000000e+00	1.000000e+00	
GOBP_S_ADENOSYLMETHIONINE_CYCLE	go_bp	0	3	7	34	2920	1.000000e+00	1.000000e+00	
GOBP_S_ADENOSYLMETHIONINE_METABOLIC_PROCESS	go_bp	0	4	16	34	2920	1.000000e+00	1.000000e+00	
GOBP_TAIL_ANCHORED_MEMBRANE_PROTEIN_INSERTION_INTO_ER_MEMBRANE	go_bp	0	3	17	34	2920	1.000000e+00	1.000000e+00	
GOBP_TELENCEPHALON_GLIAL_CELL_MIGRATION	go_bp	0	3	27	34	2920	1.000000e+00	1.000000e+00	
GOBP_TELENCEPHALON_REGIONALIZATION	go_bp	0	3	13	34	2920	1.000000e+00	1.000000e+00	
GOBP_TELOMERASE_RNA_LOCALIZATION	go_bp	0	3	19	34	2920	1.000000e+00	1.000000e+00	
GOBP_TELOMERE_CAPPING	go_bp	0	5	39	34	2920	1.000000e+00	1.000000e+00	
GOBP_TELOMERE_MAINTENANCE	go_bp	0	21	159	34	2920	1.000000e+00	1.000000e+00	
GOBP_TELOMERE_MAINTENANCE_IN_RESPONSE_TO_DNA_DAMAGE	go_bp	0	5	33	34	2920	1.000000e+00	1.000000e+00	
GOBP_TELOMERE_MAINTENANCE_VIA_SEMI_CONSERVATIVE_REPLICATION	go_bp	0	3	9	34	2920	1.000000e+00	1.000000e+00	
GOBP_TELOMERE_MAINTENANCE_VIA_TELOMERE_LENGTHENING	go_bp	0	9	82	34	2920	1.000000e+00	1.000000e+00	
GOBP_TELOMERE_ORGANIZATION	go_bp	0	22	190	34	2920	1.000000e+00	1.000000e+00	
GOBP_TENDON_DEVELOPMENT	go_bp	0	3	6	34	2920	1.000000e+00	1.000000e+00	
GOBP_TERMINAL_BUTTON_ORGANIZATION	go_bp	0	3	6	34	2920	1.000000e+00	1.000000e+00	
GOBP_TERPENOID_METABOLIC_PROCESS	go_bp	0	20	100	34	2920	1.000000e+00	1.000000e+00	
GOBP_TESTOSTERONE_BIOSYNTHETIC_PROCESS	go_bp	0	4	11	34	2920	1.000000e+00	1.000000e+00	
GOBP_TETRAHYDROBIOPTERIN_METABOLIC_PROCESS	go_bp	0	3	9	34	2920	1.000000e+00	1.000000e+00	
GOBP_TETRAHYDROFOLATE_METABOLIC_PROCESS	go_bp	0	4	19	34	2920	1.000000e+00	1.000000e+00	
GOBP_TETRAPYRROLE_CATABOLIC_PROCESS	go_bp	0	5	13	34	2920	1.000000e+00	1.000000e+00	
GOBP_THIOESTER_BIOSYNTHETIC_PROCESS	go_bp	0	4	47	34	2920	1.000000e+00	1.000000e+00	
GOBP_THROMBIN_ACTIVATED_RECEPTOR_SIGNALING_PATHWAY	go_bp	0	5	13	34	2920	1.000000e+00	1.000000e+00	
GOBP_THYMIC_T_CELL_SELECTION	go_bp	0	10	24	34	2920	1.000000e+00	1.000000e+00	
GOBP_THYMOCYTE_APOPTOTIC_PROCESS	go_bp	0	10	19	34	2920	1.000000e+00	1.000000e+00	
GOBP_THYMOCYTE_MIGRATION	go_bp	0	4	7	34	2920	1.000000e+00	1.000000e+00	
GOBP_THYROID_HORMONE_METABOLIC_PROCESS	go_bp	0	8	29	34	2920	1.000000e+00	1.000000e+00	
GOBP_TISSUE_HOMEOSTASIS	go_bp	0	81	262	34	2920	1.000000e+00	1.000000e+00	
GOBP_TOLERANCE_INDUCTION	go_bp	0	13	30	34	2920	1.000000e+00	1.000000e+00	
GOBP_TOLERANCE_INDUCTION_TO_SELF_ANTIGEN	go_bp	0	3	6	34	2920	1.000000e+00	1.000000e+00	
GOBP_TOLL_LIKE_RECEPTOR_2_SIGNALING_PATHWAY	go_bp	0	7	18	34	2920	1.000000e+00	1.000000e+00	
GOBP_TOLL_LIKE_RECEPTOR_3_SIGNALING_PATHWAY	go_bp	0	5	28	34	2920	1.000000e+00	1.000000e+00	
GOBP_TOLL_LIKE_RECEPTOR_4_SIGNALING_PATHWAY	go_bp	0	18	66	34	2920	1.000000e+00	1.000000e+00	
GOBP_TOLL_LIKE_RECEPTOR_7_SIGNALING_PATHWAY	go_bp	0	3	11	34	2920	1.000000e+00	1.000000e+00	
GOBP_TOLL_LIKE_RECEPTOR_9_SIGNALING_PATHWAY	go_bp	0	8	20	34	2920	1.000000e+00	1.000000e+00	
GOBP_TOLL_LIKE_RECEPTOR_SIGNALING_PATHWAY	go_bp	0	22	80	34	2920	1.000000e+00	1.000000e+00	
GOBP_TOLL_SIGNALING_PATHWAY	go_bp	0	4	12	34	2920	1.000000e+00	1.000000e+00	
GOBP_TONGUE_DEVELOPMENT	go_bp	0	3	21	34	2920	1.000000e+00	1.000000e+00	
GOBP_TOOTH_MINERALIZATION	go_bp	0	8	33	34	2920	1.000000e+00	1.000000e+00	
GOBP_TORC1_SIGNALING	go_bp	0	9	103	34	2920	1.000000e+00	1.000000e+00	
GOBP_TORC2_SIGNALING	go_bp	0	3	14	34	2920	1.000000e+00	1.000000e+00	
GOBP_TRABECULA_FORMATION	go_bp	0	10	27	34	2920	1.000000e+00	1.000000e+00	
GOBP_TRACHEA_DEVELOPMENT	go_bp	0	5	19	34	2920	1.000000e+00	1.000000e+00	
GOBP_TRACHEA_FORMATION	go_bp	0	3	7	34	2920	1.000000e+00	1.000000e+00	
GOBP_TRACHEA_MORPHOGENESIS	go_bp	0	4	11	34	2920	1.000000e+00	1.000000e+00	
GOBP_TRANSCRIPTION_BY_RNA_POLYMERASE_I	go_bp	0	7	73	34	2920	1.000000e+00	1.000000e+00	
GOBP_TRANSCRIPTION_INITIATION_AT_RNA_POLYMERASE_II_PROMOTER	go_bp	0	18	167	34	2920	1.000000e+00	1.000000e+00	
GOBP_TRANSCRIPTION_PREINITIATION_COMPLEX_ASSEMBLY	go_bp	0	4	81	34	2920	1.000000e+00	1.000000e+00	
GOBP_TRANSCYTOSIS	go_bp	0	10	21	34	2920	1.000000e+00	1.000000e+00	
GOBP_TRANSFORMING_GROWTH_FACTOR_BETA1_PRODUCTION	go_bp	0	5	13	34	2920	1.000000e+00	1.000000e+00	
GOBP_TRANSFORMING_GROWTH_FACTOR_BETA2_PRODUCTION	go_bp	0	4	8	34	2920	1.000000e+00	1.000000e+00	
GOBP_TRANSFORMING_GROWTH_FACTOR_BETA_PRODUCTION	go_bp	0	19	35	34	2920	1.000000e+00	1.000000e+00	
GOBP_TRANSITION_METAL_ION_TRANSPORT	go_bp	0	19	100	34	2920	1.000000e+00	1.000000e+00	
GOBP_TRANSLATION	go_bp	0	92	754	34	2920	1.000000e+00	1.000000e+00	
GOBP_TRANSLATIONAL_ELONGATION	go_bp	0	7	73	34	2920	1.000000e+00	1.000000e+00	
GOBP_TRANSPORT_OF_VIRUS	go_bp	0	11	23	34	2920	1.000000e+00	1.000000e+00	
GOBP_TRANS_SYNAPTIC_SIGNALING_BY_BDNF	go_bp	0	3	5	34	2920	1.000000e+00	1.000000e+00	
GOBP_TRANS_SYNAPTIC_SIGNALING_BY_LIPID	go_bp	0	3	7	34	2920	1.000000e+00	1.000000e+00	
GOBP_TRANS_SYNAPTIC_SIGNALING_MODULATING_SYNAPTIC_TRANSMISSION	go_bp	0	4	11	34	2920	1.000000e+00	1.000000e+00	
GOBP_TRICARBOXYLIC_ACID_CYCLE	go_bp	0	3	32	34	2920	1.000000e+00	1.000000e+00	
GOBP_TRIF_DEPENDENT_TOLL_LIKE_RECEPTOR_SIGNALING_PATHWAY	go_bp	0	4	11	34	2920	1.000000e+00	1.000000e+00	
GOBP_TRIGEMINAL_NERVE_DEVELOPMENT	go_bp	0	5	13	34	2920	1.000000e+00	1.000000e+00	
GOBP_TRIGLYCERIDE_BIOSYNTHETIC_PROCESS	go_bp	0	5	45	34	2920	1.000000e+00	1.000000e+00	
GOBP_TRIGLYCERIDE_CATABOLIC_PROCESS	go_bp	0	9	28	34	2920	1.000000e+00	1.000000e+00	
GOBP_TRIGLYCERIDE_RICH_LIPOPROTEIN_PARTICLE_CLEARANCE	go_bp	0	3	7	34	2920	1.000000e+00	1.000000e+00	
GOBP_TRNA_DECAY	go_bp	0	3	16	34	2920	1.000000e+00	1.000000e+00	
GOBP_TRNA_METABOLIC_PROCESS	go_bp	0	19	204	34	2920	1.000000e+00	1.000000e+00	
GOBP_TRNA_MODIFICATION	go_bp	0	3	93	34	2920	1.000000e+00	1.000000e+00	
GOBP_TRNA_PROCESSING	go_bp	0	7	136	34	2920	1.000000e+00	1.000000e+00	
GOBP_TROPHOBLAST_CELL_MIGRATION	go_bp	0	4	18	34	2920	1.000000e+00	1.000000e+00	
GOBP_TRUNK_SEGMENTATION	go_bp	0	4	5	34	2920	1.000000e+00	1.000000e+00	
GOBP_TRYPTOPHAN_CATABOLIC_PROCESS_TO_KYNURENINE	go_bp	0	3	5	34	2920	1.000000e+00	1.000000e+00	
GOBP_TRYPTOPHAN_METABOLIC_PROCESS	go_bp	0	3	11	34	2920	1.000000e+00	1.000000e+00	
GOBP_TUBE_LUMEN_CAVITATION	go_bp	0	3	5	34	2920	1.000000e+00	1.000000e+00	
GOBP_TUBULIN_COMPLEX_ASSEMBLY	go_bp	0	3	9	34	2920	1.000000e+00	1.000000e+00	
GOBP_TUBULIN_DEACETYLATION	go_bp	0	5	23	34	2920	1.000000e+00	1.000000e+00	
GOBP_TYPE_2_IMMUNE_RESPONSE	go_bp	0	19	42	34	2920	1.000000e+00	1.000000e+00	
GOBP_TYPE_B_PANCREATIC_CELL_DEVELOPMENT	go_bp	0	4	24	34	2920	1.000000e+00	1.000000e+00	
GOBP_TYPE_B_PANCREATIC_CELL_DIFFERENTIATION	go_bp	0	4	29	34	2920	1.000000e+00	1.000000e+00	
GOBP_TYPE_B_PANCREATIC_CELL_PROLIFERATION	go_bp	0	8	28	34	2920	1.000000e+00	1.000000e+00	
GOBP_TYPE_II_HYPERSENSITIVITY	go_bp	0	5	10	34	2920	1.000000e+00	1.000000e+00	
GOBP_TYPE_II_INTERFERON_MEDIATED_SIGNALING_PATHWAY	go_bp	0	7	26	34	2920	1.000000e+00	1.000000e+00	
GOBP_T_CELL_ACTIVATION	go_bp	0	203	579	34	2920	1.000000e+00	1.000000e+00	
GOBP_T_CELL_ACTIVATION_VIA_T_CELL_RECEPTOR_CONTACT_WITH_ANTIGEN_BOUND_TO_MHC_MOLECULE_ON_ANTIGEN_PRESENTING_CELL	go_bp	0	7	10	34	2920	1.000000e+00	1.000000e+00	
GOBP_T_CELL_CHEMOTAXIS	go_bp	0	11	26	34	2920	1.000000e+00	1.000000e+00	
GOBP_T_CELL_DIFFERENTIATION	go_bp	0	92	313	34	2920	1.000000e+00	1.000000e+00	
GOBP_T_CELL_EXTRAVASATION	go_bp	0	9	14	34	2920	1.000000e+00	1.000000e+00	
GOBP_T_CELL_LINEAGE_COMMITMENT	go_bp	0	14	36	34	2920	1.000000e+00	1.000000e+00	
GOBP_T_CELL_MEDIATED_IMMUNE_RESPONSE_TO_TUMOR_CELL	go_bp	0	3	13	34	2920	1.000000e+00	1.000000e+00	
GOBP_T_CELL_TOLERANCE_INDUCTION	go_bp	0	7	15	34	2920	1.000000e+00	1.000000e+00	
GOBP_T_HELPER_17_CELL_DIFFERENTIATION	go_bp	0	10	35	34	2920	1.000000e+00	1.000000e+00	
GOBP_T_HELPER_17_CELL_LINEAGE_COMMITMENT	go_bp	0	9	19	34	2920	1.000000e+00	1.000000e+00	
GOBP_T_HELPER_17_TYPE_IMMUNE_RESPONSE	go_bp	0	16	49	34	2920	1.000000e+00	1.000000e+00	
GOBP_T_HELPER_1_TYPE_IMMUNE_RESPONSE	go_bp	0	20	48	34	2920	1.000000e+00	1.000000e+00	
GOBP_T_HELPER_2_CELL_CYTOKINE_PRODUCTION	go_bp	0	5	13	34	2920	1.000000e+00	1.000000e+00	
GOBP_T_HELPER_CELL_LINEAGE_COMMITMENT	go_bp	0	9	23	34	2920	1.000000e+00	1.000000e+00	
GOBP_UBIQUITIN_DEPENDENT_PROTEIN_CATABOLIC_PROCESS_VIA_THE_MULTIVESICULAR_BODY_SORTING_PATHWAY	go_bp	0	7	37	34	2920	1.000000e+00	1.000000e+00	
GOBP_UDP_N_ACETYLGLUCOSAMINE_BIOSYNTHETIC_PROCESS	go_bp	0	3	9	34	2920	1.000000e+00	1.000000e+00	
GOBP_UDP_N_ACETYLGLUCOSAMINE_METABOLIC_PROCESS	go_bp	0	4	14	34	2920	1.000000e+00	1.000000e+00	
GOBP_UREA_CYCLE	go_bp	0	4	11	34	2920	1.000000e+00	1.000000e+00	
GOBP_URETER_DEVELOPMENT	go_bp	0	5	18	34	2920	1.000000e+00	1.000000e+00	
GOBP_URETER_MORPHOGENESIS	go_bp	0	3	7	34	2920	1.000000e+00	1.000000e+00	
GOBP_UROGENITAL_SYSTEM_DEVELOPMENT	go_bp	0	16	66	34	2920	1.000000e+00	1.000000e+00	
GOBP_UTERUS_DEVELOPMENT	go_bp	0	4	25	34	2920	1.000000e+00	1.000000e+00	
GOBP_UV_PROTECTION	go_bp	0	4	12	34	2920	1.000000e+00	1.000000e+00	
GOBP_VACUOLAR_ACIDIFICATION	go_bp	0	9	36	34	2920	1.000000e+00	1.000000e+00	
GOBP_VASCULAR_ASSOCIATED_SMOOTH_MUSCLE_CELL_APOPTOTIC_PROCESS	go_bp	0	3	19	34	2920	1.000000e+00	1.000000e+00	
GOBP_VASCULAR_ASSOCIATED_SMOOTH_MUSCLE_CELL_DEVELOPMENT	go_bp	0	5	12	34	2920	1.000000e+00	1.000000e+00	
GOBP_VASCULAR_ASSOCIATED_SMOOTH_MUSCLE_CELL_DIFFERENTIATION	go_bp	0	11	40	34	2920	1.000000e+00	1.000000e+00	
GOBP_VASCULAR_ASSOCIATED_SMOOTH_MUSCLE_CELL_MIGRATION	go_bp	0	7	54	34	2920	1.000000e+00	1.000000e+00	
GOBP_VASCULAR_ASSOCIATED_SMOOTH_MUSCLE_CONTRACTION	go_bp	0	5	25	34	2920	1.000000e+00	1.000000e+00	
GOBP_VASCULAR_ENDOTHELIAL_CELL_PROLIFERATION	go_bp	0	8	54	34	2920	1.000000e+00	1.000000e+00	
GOBP_VASCULAR_ENDOTHELIAL_GROWTH_FACTOR_RECEPTOR_2_SIGNALING_PATHWAY	go_bp	0	4	6	34	2920	1.000000e+00	1.000000e+00	
GOBP_VASCULAR_TRANSPORT	go_bp	0	16	87	34	2920	1.000000e+00	1.000000e+00	
GOBP_VASCULAR_WOUND_HEALING	go_bp	0	10	24	34	2920	1.000000e+00	1.000000e+00	
GOBP_VASOCONSTRICTION	go_bp	0	22	88	34	2920	1.000000e+00	1.000000e+00	
GOBP_VASODILATION	go_bp	0	13	50	34	2920	1.000000e+00	1.000000e+00	
GOBP_VENOUS_BLOOD_VESSEL_MORPHOGENESIS	go_bp	0	5	9	34	2920	1.000000e+00	1.000000e+00	
GOBP_VENTRAL_SPINAL_CORD_DEVELOPMENT	go_bp	0	5	46	34	2920	1.000000e+00	1.000000e+00	
GOBP_VENTRICULAR_CARDIAC_MUSCLE_CELL_ACTION_POTENTIAL	go_bp	0	9	36	34	2920	1.000000e+00	1.000000e+00	
GOBP_VENTRICULAR_CARDIAC_MUSCLE_CELL_MEMBRANE_REPOLARIZATION	go_bp	0	5	30	34	2920	1.000000e+00	1.000000e+00	
GOBP_VENTRICULAR_SYSTEM_DEVELOPMENT	go_bp	0	7	33	34	2920	1.000000e+00	1.000000e+00	
GOBP_VERY_LONG_CHAIN_FATTY_ACID_METABOLIC_PROCESS	go_bp	0	4	35	34	2920	1.000000e+00	1.000000e+00	
GOBP_VERY_LOW_DENSITY_LIPOPROTEIN_PARTICLE_CLEARANCE	go_bp	0	3	7	34	2920	1.000000e+00	1.000000e+00	
GOBP_VESICLE_CARGO_LOADING	go_bp	0	4	36	34	2920	1.000000e+00	1.000000e+00	
GOBP_VESICLE_COATING	go_bp	0	5	40	34	2920	1.000000e+00	1.000000e+00	
GOBP_VESICLE_CYTOSKELETAL_TRAFFICKING	go_bp	0	10	62	34	2920	1.000000e+00	1.000000e+00	
GOBP_VESICLE_DOCKING_INVOLVED_IN_EXOCYTOSIS	go_bp	0	7	35	34	2920	1.000000e+00	1.000000e+00	
GOBP_VESICLE_FUSION_WITH_GOLGI_APPARATUS	go_bp	0	3	9	34	2920	1.000000e+00	1.000000e+00	
GOBP_VESICLE_MEDIATED_TRANSPORT_BETWEEN_ENDOSOMAL_COMPARTMENTS	go_bp	0	9	50	34	2920	1.000000e+00	1.000000e+00	
GOBP_VESICLE_TARGETING	go_bp	0	11	67	34	2920	1.000000e+00	1.000000e+00	
GOBP_VESICLE_TARGETING_ROUGH_ER_TO_CIS_GOLGI	go_bp	0	4	27	34	2920	1.000000e+00	1.000000e+00	
GOBP_VESICLE_TARGETING_TO_FROM_OR_WITHIN_GOLGI	go_bp	0	4	34	34	2920	1.000000e+00	1.000000e+00	
GOBP_VESICLE_TRANSPORT_ALONG_MICROTUBULE	go_bp	0	8	47	34	2920	1.000000e+00	1.000000e+00	
GOBP_VESTIBULOCOCHLEAR_NERVE_DEVELOPMENT	go_bp	0	3	11	34	2920	1.000000e+00	1.000000e+00	
GOBP_VIRAL_GENE_EXPRESSION	go_bp	0	20	101	34	2920	1.000000e+00	1.000000e+00	
GOBP_VIRAL_PROTEIN_PROCESSING	go_bp	0	5	31	34	2920	1.000000e+00	1.000000e+00	
GOBP_VIRAL_RELEASE_FROM_HOST_CELL	go_bp	0	5	29	34	2920	1.000000e+00	1.000000e+00	
GOBP_VIRAL_TRANSCRIPTION	go_bp	0	10	51	34	2920	1.000000e+00	1.000000e+00	
GOBP_VIRION_ASSEMBLY	go_bp	0	7	35	34	2920	1.000000e+00	1.000000e+00	
GOBP_VISUAL_BEHAVIOR	go_bp	0	9	57	34	2920	1.000000e+00	1.000000e+00	
GOBP_VITAMIN_BIOSYNTHETIC_PROCESS	go_bp	0	7	25	34	2920	1.000000e+00	1.000000e+00	
GOBP_VITAMIN_D_BIOSYNTHETIC_PROCESS	go_bp	0	3	10	34	2920	1.000000e+00	1.000000e+00	
GOBP_VITAMIN_D_METABOLIC_PROCESS	go_bp	0	8	21	34	2920	1.000000e+00	1.000000e+00	
GOBP_VITAMIN_D_RECEPTOR_SIGNALING_PATHWAY	go_bp	0	3	12	34	2920	1.000000e+00	1.000000e+00	
GOBP_VITAMIN_METABOLIC_PROCESS	go_bp	0	22	115	34	2920	1.000000e+00	1.000000e+00	
GOBP_VITAMIN_TRANSMEMBRANE_TRANSPORT	go_bp	0	4	20	34	2920	1.000000e+00	1.000000e+00	
GOBP_V_D_J_RECOMBINATION	go_bp	0	3	19	34	2920	1.000000e+00	1.000000e+00	
GOBP_WATER_SOLUBLE_VITAMIN_BIOSYNTHETIC_PROCESS	go_bp	0	3	12	34	2920	1.000000e+00	1.000000e+00	
GOBP_WATER_SOLUBLE_VITAMIN_METABOLIC_PROCESS	go_bp	0	11	64	34	2920	1.000000e+00	1.000000e+00	
GOBP_WHITE_FAT_CELL_DIFFERENTIATION	go_bp	0	5	17	34	2920	1.000000e+00	1.000000e+00	
GOBP_WNT_SIGNALING_PATHWAY_PLANAR_CELL_POLARITY_PATHWAY	go_bp	0	9	50	34	2920	1.000000e+00	1.000000e+00	
GOBP_WOUND_HEALING_INVOLVED_IN_INFLAMMATORY_RESPONSE	go_bp	0	7	9	34	2920	1.000000e+00	1.000000e+00	
GOBP_XENOBIOTIC_METABOLIC_PROCESS	go_bp	0	18	126	34	2920	1.000000e+00	1.000000e+00	
GOBP_XENOPHAGY	go_bp	0	4	14	34	2920	1.000000e+00	1.000000e+00	
